task,mode,amplitude,source,branch,attempts,accepted_scale,actual_pulse_rms,windows
button-press-v3,calibrated,0.1,10000,0,1,1.0,0.0130037739872932,4
button-press-v3,calibrated,0.1,10000,1,1,1.0,0.1000000163912773,4
button-press-v3,calibrated,0.1,10000,2,1,1.0,0.0999999940395355,4
button-press-v3,calibrated,0.1,10000,3,1,1.0,0.096187025308609,4
button-press-v3,calibrated,0.1,10000,4,1,1.0,0.1000000089406967,4
button-press-v3,calibrated,0.1,10000,5,1,1.0,0.0965408161282539,4
button-press-v3,calibrated,0.1,10001,0,1,1.0,0.0789586082100868,4
button-press-v3,calibrated,0.1,10001,1,1,1.0,0.0927891507744789,4
button-press-v3,calibrated,0.1,10001,2,1,1.0,0.0916131511330604,4
button-press-v3,calibrated,0.1,10001,3,1,1.0,0.0911788567900657,4
button-press-v3,calibrated,0.1,10001,4,1,1.0,0.1000000014901161,4
button-press-v3,calibrated,0.1,10001,5,1,1.0,0.1000000014901161,3
button-press-v3,calibrated,0.1,10002,0,1,1.0,0.092922493815422,4
button-press-v3,calibrated,0.1,10002,1,1,1.0,0.0934394747018814,4
button-press-v3,calibrated,0.1,10002,2,1,1.0,0.0999999940395355,4
button-press-v3,calibrated,0.1,10002,3,1,1.0,0.1000000163912773,4
button-press-v3,calibrated,0.1,10002,4,1,1.0,0.09816375374794,4
button-press-v3,calibrated,0.1,10002,5,1,1.0,0.094878152012825,4
button-press-v3,calibrated,0.1,10003,0,1,1.0,0.0809491276741027,4
button-press-v3,calibrated,0.1,10003,1,1,1.0,0.0268887467682361,4
button-press-v3,calibrated,0.1,10003,2,1,1.0,0.1000000014901161,4
button-press-v3,calibrated,0.1,10003,3,1,1.0,0.0961427092552185,4
button-press-v3,calibrated,0.1,10003,4,1,1.0,0.1000000089406967,4
button-press-v3,calibrated,0.1,10003,5,1,1.0,0.0938710942864418,4
button-press-v3,calibrated,0.1,10004,0,1,1.0,0.0847293809056282,4
button-press-v3,calibrated,0.1,10004,1,1,1.0,0.1000000014901161,4
button-press-v3,calibrated,0.1,10004,2,1,1.0,0.1000000014901161,4
button-press-v3,calibrated,0.1,10004,3,1,1.0,0.0977816134691238,4
button-press-v3,calibrated,0.1,10004,4,1,1.0,0.1000000014901161,4
button-press-v3,calibrated,0.1,10004,5,1,1.0,0.1000000089406967,3
button-press-v3,calibrated,0.1,10005,0,1,1.0,0.0613367706537246,4
button-press-v3,calibrated,0.1,10005,1,1,1.0,0.0605463869869709,4
button-press-v3,calibrated,0.1,10005,2,1,1.0,0.0995730981230735,4
button-press-v3,calibrated,0.1,10005,3,1,1.0,0.0968375951051712,4
button-press-v3,calibrated,0.1,10005,4,1,1.0,0.1000000089406967,4
button-press-v3,calibrated,0.1,10005,5,1,1.0,0.1000000014901161,4
button-press-v3,calibrated,0.1,10006,0,1,1.0,0.0539905130863189,4
button-press-v3,calibrated,0.1,10006,1,1,1.0,0.0562101267278194,4
button-press-v3,calibrated,0.1,10006,2,1,1.0,0.1000000014901161,4
button-press-v3,calibrated,0.1,10006,3,1,1.0,0.098682090640068,4
button-press-v3,calibrated,0.1,10006,4,1,1.0,0.1000000089406967,4
button-press-v3,calibrated,0.1,10006,5,1,1.0,0.1000000014901161,4
button-press-v3,calibrated,0.1,10007,0,1,1.0,0.0958799421787262,4
button-press-v3,calibrated,0.1,10007,1,1,1.0,0.1000000014901161,4
button-press-v3,calibrated,0.1,10007,2,1,1.0,0.1000000014901161,4
button-press-v3,calibrated,0.1,10007,3,1,1.0,0.0988636761903762,4
button-press-v3,calibrated,0.1,10007,4,1,1.0,0.1000000014901161,4
button-press-v3,calibrated,0.1,10007,5,1,1.0,0.0965408161282539,4
button-press-v3,calibrated,0.1,10008,0,1,1.0,0.0520609207451343,4
button-press-v3,calibrated,0.1,10008,1,1,1.0,0.0995667874813079,4
button-press-v3,calibrated,0.1,10008,2,1,1.0,0.0999999865889549,4
button-press-v3,calibrated,0.1,10008,3,1,1.0,0.0915407538414001,4
button-press-v3,calibrated,0.1,10008,4,1,1.0,0.1000000014901161,4
button-press-v3,calibrated,0.1,10008,5,1,1.0,0.0999999940395355,4
button-press-v3,calibrated,0.1,10009,0,1,1.0,0.0658387020230293,4
button-press-v3,calibrated,0.1,10009,1,1,1.0,0.0742572471499443,4
button-press-v3,calibrated,0.1,10009,2,1,1.0,0.1000000014901161,4
button-press-v3,calibrated,0.1,10009,3,1,1.0,0.1000000014901161,4
button-press-v3,calibrated,0.1,10009,4,1,1.0,0.0988636761903762,4
button-press-v3,calibrated,0.1,10009,5,1,1.0,0.0998530387878418,4
button-press-v3,calibrated,0.1,10010,0,1,1.0,0.0651713460683822,4
button-press-v3,calibrated,0.1,10010,1,1,1.0,0.08474151045084,4
button-press-v3,calibrated,0.1,10010,2,1,1.0,0.1000000014901161,4
button-press-v3,calibrated,0.1,10010,3,1,1.0,0.0948890149593353,4
button-press-v3,calibrated,0.1,10010,4,1,1.0,0.0978474020957946,4
button-press-v3,calibrated,0.1,10010,5,1,1.0,0.0967233628034591,4
button-press-v3,calibrated,0.1,10011,0,1,1.0,0.0395194590091705,4
button-press-v3,calibrated,0.1,10011,1,1,1.0,0.0645582303404808,4
button-press-v3,calibrated,0.1,10011,2,1,1.0,0.1000000014901161,4
button-press-v3,calibrated,0.1,10011,3,1,1.0,0.1000000014901161,4
button-press-v3,calibrated,0.1,10011,4,1,1.0,0.1000000163912773,4
button-press-v3,calibrated,0.1,10011,5,1,1.0,0.1000000014901161,4
button-press-v3,calibrated,0.1,10012,0,1,1.0,0.083658643066883,4
button-press-v3,calibrated,0.1,10012,1,1,1.0,0.0979532301425933,4
button-press-v3,calibrated,0.1,10012,2,1,1.0,0.0955380722880363,4
button-press-v3,calibrated,0.1,10012,3,1,1.0,0.0992102921009063,4
button-press-v3,calibrated,0.1,10012,4,1,1.0,0.0955644771456718,4
button-press-v3,calibrated,0.1,10012,5,1,1.0,0.1000000089406967,3
button-press-v3,calibrated,0.1,10013,0,1,1.0,0.0756985694169998,4
button-press-v3,calibrated,0.1,10013,1,1,1.0,0.0970416441559791,4
button-press-v3,calibrated,0.1,10013,2,1,1.0,0.0888959020376205,4
button-press-v3,calibrated,0.1,10013,3,1,1.0,0.0992831215262413,4
button-press-v3,calibrated,0.1,10013,4,1,1.0,0.1000000089406967,4
button-press-v3,calibrated,0.1,10013,5,1,1.0,0.1000000014901161,4
button-press-v3,calibrated,0.1,10014,0,1,1.0,0.097770944237709,4
button-press-v3,calibrated,0.1,10014,1,1,1.0,0.0999999940395355,4
button-press-v3,calibrated,0.1,10014,2,1,1.0,0.0861175805330276,4
button-press-v3,calibrated,0.1,10014,3,1,1.0,0.0999999940395355,4
button-press-v3,calibrated,0.1,10014,4,1,1.0,0.1000000014901161,4
button-press-v3,calibrated,0.1,10014,5,1,1.0,0.1000000014901161,4
button-press-v3,calibrated,0.1,10015,0,1,1.0,0.0854689925909042,4
button-press-v3,calibrated,0.1,10015,1,1,1.0,0.0178177915513515,4
button-press-v3,calibrated,0.1,10015,2,1,1.0,0.0899238213896751,4
button-press-v3,calibrated,0.1,10015,3,1,1.0,0.1000000014901161,4
button-press-v3,calibrated,0.1,10015,4,1,1.0,0.1000000014901161,4
button-press-v3,calibrated,0.1,10015,5,1,1.0,0.0955414697527885,3
button-press-v3,calibrated,0.1,10016,0,1,1.0,0.0615469925105571,4
button-press-v3,calibrated,0.1,10016,1,1,1.0,0.0796147063374519,4
button-press-v3,calibrated,0.1,10016,2,1,1.0,0.0936445966362953,4
button-press-v3,calibrated,0.1,10016,3,1,1.0,0.0994755402207374,4
button-press-v3,calibrated,0.1,10016,4,1,1.0,0.0994755402207374,4
button-press-v3,calibrated,0.1,10016,5,1,1.0,0.1000000014901161,4
button-press-v3,calibrated,0.1,10017,0,1,1.0,0.0844574719667434,4
button-press-v3,calibrated,0.1,10017,1,1,1.0,0.09184031188488,4
button-press-v3,calibrated,0.1,10017,2,1,1.0,0.0920394510030746,4
button-press-v3,calibrated,0.1,10017,3,1,1.0,0.0999999940395355,4
button-press-v3,calibrated,0.1,10017,4,1,1.0,0.1000000089406967,4
button-press-v3,calibrated,0.1,10017,5,1,1.0,0.1000000014901161,4
button-press-v3,calibrated,0.1,10018,0,1,1.0,0.0792642757296562,4
button-press-v3,calibrated,0.1,10018,1,1,1.0,0.0928374379873275,4
button-press-v3,calibrated,0.1,10018,2,1,1.0,0.0833573937416076,4
button-press-v3,calibrated,0.1,10018,3,1,1.0,0.1000000014901161,4
button-press-v3,calibrated,0.1,10018,4,1,1.0,0.0971770510077476,4
button-press-v3,calibrated,0.1,10018,5,1,1.0,0.1000000014901161,4
button-press-v3,calibrated,0.1,10019,0,1,1.0,0.0896293893456459,4
button-press-v3,calibrated,0.1,10019,1,1,1.0,0.1000000014901161,4
button-press-v3,calibrated,0.1,10019,2,1,1.0,0.1000000014901161,4
button-press-v3,calibrated,0.1,10019,3,1,1.0,0.1000000089406967,4
button-press-v3,calibrated,0.1,10019,4,1,1.0,0.1000000089406967,4
button-press-v3,calibrated,0.1,10019,5,1,1.0,0.098012663424015,3
button-press-v3,calibrated,0.1,10020,0,1,1.0,0.0241154376417398,4
button-press-v3,calibrated,0.1,10020,1,1,1.0,0.0521622374653816,4
button-press-v3,calibrated,0.1,10020,2,1,1.0,0.0999999940395355,4
button-press-v3,calibrated,0.1,10020,3,1,1.0,0.1000000014901161,4
button-press-v3,calibrated,0.1,10020,4,1,1.0,0.0988638624548912,4
button-press-v3,calibrated,0.1,10020,5,1,1.0,0.0930310040712356,4
button-press-v3,calibrated,0.1,10021,0,1,1.0,0.0928725078701973,4
button-press-v3,calibrated,0.1,10021,1,1,1.0,0.1000000014901161,4
button-press-v3,calibrated,0.1,10021,2,1,1.0,0.1000000014901161,4
button-press-v3,calibrated,0.1,10021,3,1,1.0,0.0941045954823494,4
button-press-v3,calibrated,0.1,10021,4,1,1.0,0.0937973260879516,4
button-press-v3,calibrated,0.1,10021,5,1,1.0,0.0918556600809097,4
button-press-v3,calibrated,0.1,10022,0,1,1.0,0.0955824926495552,4
button-press-v3,calibrated,0.1,10022,1,1,1.0,0.1000000014901161,4
button-press-v3,calibrated,0.1,10022,2,1,1.0,0.1000000014901161,4
button-press-v3,calibrated,0.1,10022,3,1,1.0,0.0999999940395355,4
button-press-v3,calibrated,0.1,10022,4,1,1.0,0.0994755402207374,4
button-press-v3,calibrated,0.1,10022,5,1,1.0,0.1000000163912773,4
button-press-v3,calibrated,0.1,10023,0,1,1.0,0.0471743009984493,4
button-press-v3,calibrated,0.1,10023,1,1,1.0,0.0649678260087966,4
button-press-v3,calibrated,0.1,10023,2,1,1.0,0.0899238213896751,4
button-press-v3,calibrated,0.1,10023,3,1,1.0,0.1000000089406967,4
button-press-v3,calibrated,0.1,10023,4,1,1.0,0.1000000014901161,4
button-press-v3,calibrated,0.1,10023,5,1,1.0,0.1000000014901161,4
button-press-v3,calibrated,0.1,10024,0,1,1.0,0.0266241356730461,4
button-press-v3,calibrated,0.1,10024,1,1,1.0,0.1000000014901161,4
button-press-v3,calibrated,0.1,10024,2,1,1.0,0.0999999940395355,4
button-press-v3,calibrated,0.1,10024,3,1,1.0,0.1000000014901161,4
button-press-v3,calibrated,0.1,10024,4,1,1.0,0.1000000089406967,4
button-press-v3,calibrated,0.1,10024,5,1,1.0,0.1000000163912773,4
button-press-v3,calibrated,0.1,10025,0,1,1.0,0.0700854882597923,4
button-press-v3,calibrated,0.1,10025,1,1,1.0,0.0848048031330108,4
button-press-v3,calibrated,0.1,10025,2,1,1.0,0.0874434188008308,4
button-press-v3,calibrated,0.1,10025,3,1,1.0,0.0993693694472312,4
button-press-v3,calibrated,0.1,10025,4,1,1.0,0.0962830483913421,4
button-press-v3,calibrated,0.1,10025,5,1,1.0,0.0908447727560997,4
button-press-v3,calibrated,0.1,10026,0,1,1.0,0.0555689670145511,4
button-press-v3,calibrated,0.1,10026,1,1,1.0,0.0733440518379211,4
button-press-v3,calibrated,0.1,10026,2,1,1.0,0.0897841826081276,4
button-press-v3,calibrated,0.1,10026,3,1,1.0,0.1000000014901161,4
button-press-v3,calibrated,0.1,10026,4,1,1.0,0.0999999940395355,4
button-press-v3,calibrated,0.1,10026,5,1,1.0,0.0951848849654197,4
button-press-v3,calibrated,0.1,10027,0,1,1.0,0.0645637661218643,4
button-press-v3,calibrated,0.1,10027,1,1,1.0,0.090913712978363,4
button-press-v3,calibrated,0.1,10027,2,1,1.0,0.0897841826081276,4
button-press-v3,calibrated,0.1,10027,3,1,1.0,0.0931209698319435,4
button-press-v3,calibrated,0.1,10027,4,1,1.0,0.0977101922035217,4
button-press-v3,calibrated,0.1,10027,5,1,1.0,0.1000000014901161,4
button-press-v3,calibrated,0.1,10028,0,1,1.0,0.0925560221076011,4
button-press-v3,calibrated,0.1,10028,1,1,1.0,0.0909667760133743,4
button-press-v3,calibrated,0.1,10028,2,1,1.0,0.1000000014901161,4
button-press-v3,calibrated,0.1,10028,3,1,1.0,0.0999999940395355,4
button-press-v3,calibrated,0.1,10028,4,1,1.0,0.1000000014901161,4
button-press-v3,calibrated,0.1,10028,5,1,1.0,0.0992678552865982,4
button-press-v3,calibrated,0.1,10029,0,1,1.0,0.0886356458067894,4
button-press-v3,calibrated,0.1,10029,1,1,1.0,0.1000000014901161,4
button-press-v3,calibrated,0.1,10029,2,1,1.0,0.1000000014901161,4
button-press-v3,calibrated,0.1,10029,3,1,1.0,0.1000000014901161,4
button-press-v3,calibrated,0.1,10029,4,1,1.0,0.0915407538414001,4
button-press-v3,calibrated,0.1,10029,5,1,1.0,0.0943937003612518,3
button-press-v3,calibrated,0.1,10030,0,1,1.0,0.0979928970336914,4
button-press-v3,calibrated,0.1,10030,1,1,1.0,0.1000000014901161,4
button-press-v3,calibrated,0.1,10030,2,1,1.0,0.0954999849200248,4
button-press-v3,calibrated,0.1,10030,3,1,1.0,0.1000000089406967,4
button-press-v3,calibrated,0.1,10030,4,1,1.0,0.1000000014901161,4
button-press-v3,calibrated,0.1,10030,5,1,1.0,0.0934133306145668,3
button-press-v3,calibrated,0.1,10031,0,1,1.0,0.0798096135258674,4
button-press-v3,calibrated,0.1,10031,1,1,1.0,0.0884437933564186,4
button-press-v3,calibrated,0.1,10031,2,1,1.0,0.0959272533655166,4
button-press-v3,calibrated,0.1,10031,3,1,1.0,0.1000000014901161,4
button-press-v3,calibrated,0.1,10031,4,1,1.0,0.0967819914221763,4
button-press-v3,calibrated,0.1,10031,5,1,1.0,0.0963014662265777,4
button-press-v3,calibrated,0.1,10032,0,1,1.0,0.0375027395784854,4
button-press-v3,calibrated,0.1,10032,1,1,1.0,0.0835040733218193,4
button-press-v3,calibrated,0.1,10032,2,1,1.0,0.0989317819476127,4
button-press-v3,calibrated,0.1,10032,3,1,1.0,0.1000000014901161,4
button-press-v3,calibrated,0.1,10032,4,1,1.0,0.1000000014901161,4
button-press-v3,calibrated,0.1,10032,5,1,1.0,0.0999999940395355,4
button-press-v3,calibrated,0.1,10033,0,1,1.0,0.0264645293354988,4
button-press-v3,calibrated,0.1,10033,1,1,1.0,0.0836846455931663,4
button-press-v3,calibrated,0.1,10033,2,1,1.0,0.0999999940395355,4
button-press-v3,calibrated,0.1,10033,3,1,1.0,0.1000000089406967,4
button-press-v3,calibrated,0.1,10033,4,1,1.0,0.0923651009798049,4
button-press-v3,calibrated,0.1,10033,5,1,1.0,0.0953741818666458,4
button-press-v3,calibrated,0.1,10034,0,1,1.0,0.0819192975759506,4
button-press-v3,calibrated,0.1,10034,1,1,1.0,0.080376923084259,4
button-press-v3,calibrated,0.1,10034,2,1,1.0,0.0953621715307235,4
button-press-v3,calibrated,0.1,10034,3,1,1.0,0.0973217040300369,4
button-press-v3,calibrated,0.1,10034,4,1,1.0,0.1000000014901161,4
button-press-v3,calibrated,0.1,10034,5,1,1.0,0.0966451987624168,3
button-press-v3,calibrated,0.1,10035,0,1,1.0,0.0831489339470863,4
button-press-v3,calibrated,0.1,10035,1,1,1.0,0.0756621807813644,4
button-press-v3,calibrated,0.1,10035,2,1,1.0,0.0880058407783508,4
button-press-v3,calibrated,0.1,10035,3,1,1.0,0.1000000014901161,4
button-press-v3,calibrated,0.1,10035,4,1,1.0,0.0999999940395355,4
button-press-v3,calibrated,0.1,10035,5,1,1.0,0.0997032821178436,4
button-press-v3,calibrated,0.1,10036,0,1,1.0,0.0878523215651512,4
button-press-v3,calibrated,0.1,10036,1,1,1.0,0.0955414846539497,4
button-press-v3,calibrated,0.1,10036,2,1,1.0,0.0877542570233345,4
button-press-v3,calibrated,0.1,10036,3,1,1.0,0.1000000014901161,4
button-press-v3,calibrated,0.1,10036,4,1,1.0,0.1000000014901161,4
button-press-v3,calibrated,0.1,10036,5,1,1.0,0.1000000089406967,4
button-press-v3,calibrated,0.1,10037,0,1,1.0,0.0196243450045585,4
button-press-v3,calibrated,0.1,10037,1,1,1.0,0.0836477354168891,4
button-press-v3,calibrated,0.1,10037,2,1,1.0,0.0995912700891494,4
button-press-v3,calibrated,0.1,10037,3,1,1.0,0.0986997857689857,4
button-press-v3,calibrated,0.1,10037,4,1,1.0,0.1000000014901161,4
button-press-v3,calibrated,0.1,10037,5,1,1.0,0.0999014228582382,3
button-press-v3,calibrated,0.1,10038,0,1,1.0,0.0858944803476333,4
button-press-v3,calibrated,0.1,10038,1,1,1.0,0.1000000014901161,4
button-press-v3,calibrated,0.1,10038,2,1,1.0,0.1000000014901161,4
button-press-v3,calibrated,0.1,10038,3,1,1.0,0.0966110303997993,4
button-press-v3,calibrated,0.1,10038,4,1,1.0,0.0974119156599044,4
button-press-v3,calibrated,0.1,10038,5,1,1.0,0.1000000089406967,4
button-press-v3,calibrated,0.1,10039,0,1,1.0,0.0676934644579887,4
button-press-v3,calibrated,0.1,10039,1,1,1.0,0.1000000014901161,4
button-press-v3,calibrated,0.1,10039,2,1,1.0,0.0943268090486526,4
button-press-v3,calibrated,0.1,10039,3,1,1.0,0.0981182157993316,4
button-press-v3,calibrated,0.1,10039,4,1,1.0,0.1000000014901161,4
button-press-v3,calibrated,0.1,10039,5,1,1.0,0.091222271323204,4
button-press-v3,calibrated,0.25,10000,0,1,1.0,0.0325094275176525,4
button-press-v3,calibrated,0.25,10000,1,1,1.0,0.25,4
button-press-v3,calibrated,0.25,10000,2,1,1.0,0.2499999850988388,4
button-press-v3,calibrated,0.25,10000,3,1,1.0,0.2404675483703613,4
button-press-v3,calibrated,0.25,10000,4,1,1.0,0.25,4
button-press-v3,calibrated,0.25,10000,5,1,1.0,0.2413520514965057,4
button-press-v3,calibrated,0.25,10001,0,1,1.0,0.1973965018987655,4
button-press-v3,calibrated,0.25,10001,1,1,1.0,0.2319728732109069,4
button-press-v3,calibrated,0.25,10001,2,1,1.0,0.229032889008522,4
button-press-v3,calibrated,0.25,10001,3,1,1.0,0.2279471457004547,4
button-press-v3,calibrated,0.25,10001,4,1,1.0,0.25,4
button-press-v3,calibrated,0.25,10001,5,1,1.0,0.2499999850988388,3
button-press-v3,calibrated,0.25,10002,0,1,1.0,0.2323062568902969,4
button-press-v3,calibrated,0.25,10002,1,1,1.0,0.2335986644029617,4
button-press-v3,calibrated,0.25,10002,2,1,1.0,0.2499999701976776,4
button-press-v3,calibrated,0.25,10002,3,1,1.0,0.25,4
button-press-v3,calibrated,0.25,10002,4,1,1.0,0.2454093843698501,4
button-press-v3,calibrated,0.25,10002,5,1,1.0,0.2371953725814819,4
button-press-v3,calibrated,0.25,10003,0,1,1.0,0.2023728042840957,4
button-press-v3,calibrated,0.25,10003,1,1,1.0,0.0672218650579452,4
button-press-v3,calibrated,0.25,10003,2,1,1.0,0.2499999850988388,4
button-press-v3,calibrated,0.25,10003,3,1,1.0,0.240356758236885,4
button-press-v3,calibrated,0.25,10003,4,1,1.0,0.25,4
button-press-v3,calibrated,0.25,10003,5,1,1.0,0.2346777319908142,4
button-press-v3,calibrated,0.25,10004,0,1,1.0,0.2118234634399414,4
button-press-v3,calibrated,0.25,10004,1,1,1.0,0.25,4
button-press-v3,calibrated,0.25,10004,2,1,1.0,0.25,4
button-press-v3,calibrated,0.25,10004,3,1,1.0,0.244454026222229,4
button-press-v3,calibrated,0.25,10004,4,1,1.0,0.25,4
button-press-v3,calibrated,0.25,10004,5,1,1.0,0.25,3
button-press-v3,calibrated,0.25,10005,0,1,1.0,0.153341919183731,4
button-press-v3,calibrated,0.25,10005,1,1,1.0,0.1513659656047821,4
button-press-v3,calibrated,0.25,10005,2,1,1.0,0.2489327490329742,4
button-press-v3,calibrated,0.25,10005,3,1,1.0,0.2420939654111862,4
button-press-v3,calibrated,0.25,10005,4,1,1.0,0.25,4
button-press-v3,calibrated,0.25,10005,5,1,1.0,0.2499999850988388,4
button-press-v3,calibrated,0.25,10006,0,1,1.0,0.1349762827157974,4
button-press-v3,calibrated,0.25,10006,1,1,1.0,0.1405253261327743,4
button-press-v3,calibrated,0.25,10006,2,1,1.0,0.25,4
button-press-v3,calibrated,0.25,10006,3,1,1.0,0.2467052489519119,4
button-press-v3,calibrated,0.25,10006,4,1,1.0,0.25,4
button-press-v3,calibrated,0.25,10006,5,1,1.0,0.25,4
button-press-v3,calibrated,0.25,10007,0,1,1.0,0.2396998405456543,4
button-press-v3,calibrated,0.25,10007,1,1,1.0,0.25,4
button-press-v3,calibrated,0.25,10007,2,1,1.0,0.25,4
button-press-v3,calibrated,0.25,10007,3,1,1.0,0.2471591830253601,4
button-press-v3,calibrated,0.25,10007,4,1,1.0,0.25,4
button-press-v3,calibrated,0.25,10007,5,1,1.0,0.2413520514965057,4
button-press-v3,calibrated,0.25,10008,0,1,1.0,0.1301522850990295,4
button-press-v3,calibrated,0.25,10008,1,1,1.0,0.2489169687032699,4
button-press-v3,calibrated,0.25,10008,2,1,1.0,0.2499999701976776,4
button-press-v3,calibrated,0.25,10008,3,1,1.0,0.2288518846035003,4
button-press-v3,calibrated,0.25,10008,4,1,1.0,0.25,4
button-press-v3,calibrated,0.25,10008,5,1,1.0,0.25,4
button-press-v3,calibrated,0.25,10009,0,1,1.0,0.1645967364311218,4
button-press-v3,calibrated,0.25,10009,1,1,1.0,0.1856431066989898,4
button-press-v3,calibrated,0.25,10009,2,1,1.0,0.25,4
button-press-v3,calibrated,0.25,10009,3,1,1.0,0.25,4
button-press-v3,calibrated,0.25,10009,4,1,1.0,0.2471591830253601,4
button-press-v3,calibrated,0.25,10009,5,1,1.0,0.2496325820684433,4
button-press-v3,calibrated,0.25,10010,0,1,1.0,0.1629283726215362,4
button-press-v3,calibrated,0.25,10010,1,1,1.0,0.2118537724018097,4
button-press-v3,calibrated,0.25,10010,2,1,1.0,0.2499999701976776,4
button-press-v3,calibrated,0.25,10010,3,1,1.0,0.2372225373983383,4
button-press-v3,calibrated,0.25,10010,4,1,1.0,0.2446184903383255,4
button-press-v3,calibrated,0.25,10010,5,1,1.0,0.2418083995580673,4
button-press-v3,calibrated,0.25,10011,0,1,1.0,0.0987986475229263,4
button-press-v3,calibrated,0.25,10011,1,1,1.0,0.1613955646753311,4
button-press-v3,calibrated,0.25,10011,2,1,1.0,0.25,4
button-press-v3,calibrated,0.25,10011,3,1,1.0,0.25,4
button-press-v3,calibrated,0.25,10011,4,1,1.0,0.25,4
button-press-v3,calibrated,0.25,10011,5,1,1.0,0.25,4
button-press-v3,calibrated,0.25,10012,0,1,1.0,0.2082997858524322,4
button-press-v3,calibrated,0.25,10012,1,1,1.0,0.2448830604553222,4
button-press-v3,calibrated,0.25,10012,2,1,1.0,0.2388451844453811,4
button-press-v3,calibrated,0.25,10012,3,1,1.0,0.2480257451534271,4
button-press-v3,calibrated,0.25,10012,4,1,1.0,0.2389111816883087,4
button-press-v3,calibrated,0.25,10012,5,1,1.0,0.25,3
button-press-v3,calibrated,0.25,10013,0,1,1.0,0.1892464309930801,4
button-press-v3,calibrated,0.25,10013,1,1,1.0,0.2426041066646576,4
button-press-v3,calibrated,0.25,10013,2,1,1.0,0.2222397476434707,4
button-press-v3,calibrated,0.25,10013,3,1,1.0,0.2482077926397323,4
button-press-v3,calibrated,0.25,10013,4,1,1.0,0.25,4
button-press-v3,calibrated,0.25,10013,5,1,1.0,0.25,4
button-press-v3,calibrated,0.25,10014,0,1,1.0,0.244427353143692,4
button-press-v3,calibrated,0.25,10014,1,1,1.0,0.2499999850988388,4
button-press-v3,calibrated,0.25,10014,2,1,1.0,0.2152939587831497,4
button-press-v3,calibrated,0.25,10014,3,1,1.0,0.2499999850988388,4
button-press-v3,calibrated,0.25,10014,4,1,1.0,0.25,4
button-press-v3,calibrated,0.25,10014,5,1,1.0,0.25,4
button-press-v3,calibrated,0.25,10015,0,1,1.0,0.2136725038290023,4
button-press-v3,calibrated,0.25,10015,1,1,1.0,0.0445444770157337,4
button-press-v3,calibrated,0.25,10015,2,1,1.0,0.2248095422983169,4
button-press-v3,calibrated,0.25,10015,3,1,1.0,0.25,4
button-press-v3,calibrated,0.25,10015,4,1,1.0,0.25,4
button-press-v3,calibrated,0.25,10015,5,1,1.0,0.2388536781072616,3
button-press-v3,calibrated,0.25,10016,0,1,1.0,0.1538674682378769,4
button-press-v3,calibrated,0.25,10016,1,1,1.0,0.1990367621183395,4
button-press-v3,calibrated,0.25,10016,2,1,1.0,0.2341115027666092,4
button-press-v3,calibrated,0.25,10016,3,1,1.0,0.2486888319253921,4
button-press-v3,calibrated,0.25,10016,4,1,1.0,0.2486888319253921,4
button-press-v3,calibrated,0.25,10016,5,1,1.0,0.25,4
button-press-v3,calibrated,0.25,10017,0,1,1.0,0.211143672466278,4
button-press-v3,calibrated,0.25,10017,1,1,1.0,0.2296007871627807,4
button-press-v3,calibrated,0.25,10017,2,1,1.0,0.230098620057106,4
button-press-v3,calibrated,0.25,10017,3,1,1.0,0.2499999850988388,4
button-press-v3,calibrated,0.25,10017,4,1,1.0,0.25,4
button-press-v3,calibrated,0.25,10017,5,1,1.0,0.25,4
button-press-v3,calibrated,0.25,10018,0,1,1.0,0.1981606930494308,4
button-press-v3,calibrated,0.25,10018,1,1,1.0,0.2320935726165771,4
button-press-v3,calibrated,0.25,10018,2,1,1.0,0.2083934843540191,4
button-press-v3,calibrated,0.25,10018,3,1,1.0,0.2499999701976776,4
button-press-v3,calibrated,0.25,10018,4,1,1.0,0.2429426461458206,4
button-press-v3,calibrated,0.25,10018,5,1,1.0,0.2499999850988388,4
button-press-v3,calibrated,0.25,10019,0,1,1.0,0.2240734696388244,4
button-press-v3,calibrated,0.25,10019,1,1,1.0,0.25,4
button-press-v3,calibrated,0.25,10019,2,1,1.0,0.25,4
button-press-v3,calibrated,0.25,10019,3,1,1.0,0.25,4
button-press-v3,calibrated,0.25,10019,4,1,1.0,0.25,4
button-press-v3,calibrated,0.25,10019,5,1,1.0,0.2450316399335861,3
button-press-v3,calibrated,0.25,10020,0,1,1.0,0.0602885968983173,4
button-press-v3,calibrated,0.25,10020,1,1,1.0,0.1304056048393249,4
button-press-v3,calibrated,0.25,10020,2,1,1.0,0.25,4
button-press-v3,calibrated,0.25,10020,3,1,1.0,0.25,4
button-press-v3,calibrated,0.25,10020,4,1,1.0,0.2471596598625183,4
button-press-v3,calibrated,0.25,10020,5,1,1.0,0.2325775027275085,4
button-press-v3,calibrated,0.25,10021,0,1,1.0,0.2286399155855178,4
button-press-v3,calibrated,0.25,10021,1,1,1.0,0.25,4
button-press-v3,calibrated,0.25,10021,2,1,1.0,0.25,4
button-press-v3,calibrated,0.25,10021,3,1,1.0,0.235261470079422,4
button-press-v3,calibrated,0.25,10021,4,1,1.0,0.2344933301210403,4
button-press-v3,calibrated,0.25,10021,5,1,1.0,0.2296391427516937,4
button-press-v3,calibrated,0.25,10022,0,1,1.0,0.2389562278985977,4
button-press-v3,calibrated,0.25,10022,1,1,1.0,0.2499999850988388,4
button-press-v3,calibrated,0.25,10022,2,1,1.0,0.25,4
button-press-v3,calibrated,0.25,10022,3,1,1.0,0.2499999850988388,4
button-press-v3,calibrated,0.25,10022,4,1,1.0,0.2486888319253921,4
button-press-v3,calibrated,0.25,10022,5,1,1.0,0.25,4
button-press-v3,calibrated,0.25,10023,0,1,1.0,0.1179357469081878,4
button-press-v3,calibrated,0.25,10023,1,1,1.0,0.1624195575714111,4
button-press-v3,calibrated,0.25,10023,2,1,1.0,0.2248095422983169,4
button-press-v3,calibrated,0.25,10023,3,1,1.0,0.25,4
button-press-v3,calibrated,0.25,10023,4,1,1.0,0.25,4
button-press-v3,calibrated,0.25,10023,5,1,1.0,0.25,4
button-press-v3,calibrated,0.25,10024,0,1,1.0,0.0665603429079055,4
button-press-v3,calibrated,0.25,10024,1,1,1.0,0.25,4
button-press-v3,calibrated,0.25,10024,2,1,1.0,0.25,4
button-press-v3,calibrated,0.25,10024,3,1,1.0,0.2499999850988388,4
button-press-v3,calibrated,0.25,10024,4,1,1.0,0.25,4
button-press-v3,calibrated,0.25,10024,5,1,1.0,0.25,4
button-press-v3,calibrated,0.25,10025,0,1,1.0,0.1752137094736099,4
button-press-v3,calibrated,0.25,10025,1,1,1.0,0.2120119929313659,4
button-press-v3,calibrated,0.25,10025,2,1,1.0,0.2186085432767868,4
button-press-v3,calibrated,0.25,10025,3,1,1.0,0.2484234273433685,4
button-press-v3,calibrated,0.25,10025,4,1,1.0,0.2407076209783554,4
button-press-v3,calibrated,0.25,10025,5,1,1.0,0.2271119207143783,4
button-press-v3,calibrated,0.25,10026,0,1,1.0,0.1389224082231521,4
button-press-v3,calibrated,0.25,10026,1,1,1.0,0.1833601295948028,4
button-press-v3,calibrated,0.25,10026,2,1,1.0,0.2244604527950287,4
button-press-v3,calibrated,0.25,10026,3,1,1.0,0.2499999850988388,4
button-press-v3,calibrated,0.25,10026,4,1,1.0,0.2499999701976776,4
button-press-v3,calibrated,0.25,10026,5,1,1.0,0.2379621863365173,4
button-press-v3,calibrated,0.25,10027,0,1,1.0,0.1610043346881866,4
button-press-v3,calibrated,0.25,10027,1,1,1.0,0.2272842824459076,4
button-press-v3,calibrated,0.25,10027,2,1,1.0,0.2244604527950287,4
button-press-v3,calibrated,0.25,10027,3,1,1.0,0.2328024208545684,4
button-press-v3,calibrated,0.25,10027,4,1,1.0,0.2442754805088043,4
button-press-v3,calibrated,0.25,10027,5,1,1.0,0.25,4
button-press-v3,calibrated,0.25,10028,0,1,1.0,0.231390044093132,4
button-press-v3,calibrated,0.25,10028,1,1,1.0,0.2274169325828552,4
button-press-v3,calibrated,0.25,10028,2,1,1.0,0.25,4
button-press-v3,calibrated,0.25,10028,3,1,1.0,0.2499999701976776,4
button-press-v3,calibrated,0.25,10028,4,1,1.0,0.2499999850988388,4
button-press-v3,calibrated,0.25,10028,5,1,1.0,0.2481696307659149,4
button-press-v3,calibrated,0.25,10029,0,1,1.0,0.2215891182422638,4
button-press-v3,calibrated,0.25,10029,1,1,1.0,0.25,4
button-press-v3,calibrated,0.25,10029,2,1,1.0,0.25,4
button-press-v3,calibrated,0.25,10029,3,1,1.0,0.25,4
button-press-v3,calibrated,0.25,10029,4,1,1.0,0.2288518846035003,4
button-press-v3,calibrated,0.25,10029,5,1,1.0,0.2359842360019683,3
button-press-v3,calibrated,0.25,10030,0,1,1.0,0.2449822276830673,4
button-press-v3,calibrated,0.25,10030,1,1,1.0,0.25,4
button-press-v3,calibrated,0.25,10030,2,1,1.0,0.2387499660253524,4
button-press-v3,calibrated,0.25,10030,3,1,1.0,0.25,4
button-press-v3,calibrated,0.25,10030,4,1,1.0,0.25,4
button-press-v3,calibrated,0.25,10030,5,1,1.0,0.2335333228111267,3
button-press-v3,calibrated,0.25,10031,0,1,1.0,0.1995240449905395,4
button-press-v3,calibrated,0.25,10031,1,1,1.0,0.221109464764595,4
button-press-v3,calibrated,0.25,10031,2,1,1.0,0.239818125963211,4
button-press-v3,calibrated,0.25,10031,3,1,1.0,0.2499999850988388,4
button-press-v3,calibrated,0.25,10031,4,1,1.0,0.24195496737957,4
button-press-v3,calibrated,0.25,10031,5,1,1.0,0.2407536655664444,4
button-press-v3,calibrated,0.25,10032,0,1,1.0,0.0932056829333305,4
button-press-v3,calibrated,0.25,10032,1,1,1.0,0.2087601870298385,4
button-press-v3,calibrated,0.25,10032,2,1,1.0,0.2473294287919998,4
button-press-v3,calibrated,0.25,10032,3,1,1.0,0.25,4
button-press-v3,calibrated,0.25,10032,4,1,1.0,0.25,4
button-press-v3,calibrated,0.25,10032,5,1,1.0,0.2499999701976776,4
button-press-v3,calibrated,0.25,10033,0,1,1.0,0.0661613345146179,4
button-press-v3,calibrated,0.25,10033,1,1,1.0,0.2092116326093673,4
button-press-v3,calibrated,0.25,10033,2,1,1.0,0.2499999850988388,4
button-press-v3,calibrated,0.25,10033,3,1,1.0,0.25,4
button-press-v3,calibrated,0.25,10033,4,1,1.0,0.2309127449989318,4
button-press-v3,calibrated,0.25,10033,5,1,1.0,0.2384354472160339,4
button-press-v3,calibrated,0.25,10034,0,1,1.0,0.2047982513904571,4
button-press-v3,calibrated,0.25,10034,1,1,1.0,0.2009423077106475,4
button-press-v3,calibrated,0.25,10034,2,1,1.0,0.2384054213762283,4
button-press-v3,calibrated,0.25,10034,3,1,1.0,0.2433042675256729,4
button-press-v3,calibrated,0.25,10034,4,1,1.0,0.25,4
button-press-v3,calibrated,0.25,10034,5,1,1.0,0.2416129857301712,3
button-press-v3,calibrated,0.25,10035,0,1,1.0,0.2078723162412643,4
button-press-v3,calibrated,0.25,10035,1,1,1.0,0.1891554594039917,4
button-press-v3,calibrated,0.25,10035,2,1,1.0,0.220014601945877,4
button-press-v3,calibrated,0.25,10035,3,1,1.0,0.25,4
button-press-v3,calibrated,0.25,10035,4,1,1.0,0.2499999850988388,4
button-press-v3,calibrated,0.25,10035,5,1,1.0,0.249258205294609,4
button-press-v3,calibrated,0.25,10036,0,1,1.0,0.2196308076381683,4
button-press-v3,calibrated,0.25,10036,1,1,1.0,0.238853707909584,4
button-press-v3,calibrated,0.25,10036,2,1,1.0,0.2193856239318847,4
button-press-v3,calibrated,0.25,10036,3,1,1.0,0.25,4
button-press-v3,calibrated,0.25,10036,4,1,1.0,0.25,4
button-press-v3,calibrated,0.25,10036,5,1,1.0,0.25,4
button-press-v3,calibrated,0.25,10037,0,1,1.0,0.0481109917163848,4
button-press-v3,calibrated,0.25,10037,1,1,1.0,0.2091193348169326,4
button-press-v3,calibrated,0.25,10037,2,1,1.0,0.2489781677722931,4
button-press-v3,calibrated,0.25,10037,3,1,1.0,0.246749460697174,4
button-press-v3,calibrated,0.25,10037,4,1,1.0,0.25,4
button-press-v3,calibrated,0.25,10037,5,1,1.0,0.2497535347938537,3
button-press-v3,calibrated,0.25,10038,0,1,1.0,0.2147361934185028,4
button-press-v3,calibrated,0.25,10038,1,1,1.0,0.2499999850988388,4
button-press-v3,calibrated,0.25,10038,2,1,1.0,0.2499999850988388,4
button-press-v3,calibrated,0.25,10038,3,1,1.0,0.241527572274208,4
button-press-v3,calibrated,0.25,10038,4,1,1.0,0.2435297966003418,4
button-press-v3,calibrated,0.25,10038,5,1,1.0,0.25,4
button-press-v3,calibrated,0.25,10039,0,1,1.0,0.1692336648702621,4
button-press-v3,calibrated,0.25,10039,1,1,1.0,0.25,4
button-press-v3,calibrated,0.25,10039,2,1,1.0,0.2358170002698898,4
button-press-v3,calibrated,0.25,10039,3,1,1.0,0.2452955543994903,4
button-press-v3,calibrated,0.25,10039,4,1,1.0,0.25,4
button-press-v3,calibrated,0.25,10039,5,1,1.0,0.2280556857585907,4
button-press-v3,gaussian,0.1,10000,0,1,1.0,0.0900676250457763,4
button-press-v3,gaussian,0.1,10000,1,1,1.0,0.1000000014901161,4
button-press-v3,gaussian,0.1,10000,2,1,1.0,0.1000000014901161,4
button-press-v3,gaussian,0.1,10000,3,1,1.0,0.1000000014901161,4
button-press-v3,gaussian,0.1,10000,4,1,1.0,0.1000000014901161,4
button-press-v3,gaussian,0.1,10000,5,1,1.0,0.0999999940395355,4
button-press-v3,gaussian,0.1,10001,0,1,1.0,0.0828620493412017,4
button-press-v3,gaussian,0.1,10001,1,1,1.0,0.0999999940395355,4
button-press-v3,gaussian,0.1,10001,2,1,1.0,0.1000000014901161,4
button-press-v3,gaussian,0.1,10001,3,1,1.0,0.1000000014901161,4
button-press-v3,gaussian,0.1,10001,4,1,1.0,0.0999999940395355,4
button-press-v3,gaussian,0.1,10001,5,1,1.0,0.1000000014901161,3
button-press-v3,gaussian,0.1,10002,0,1,1.0,0.0978036150336265,4
button-press-v3,gaussian,0.1,10002,1,1,1.0,0.1000000014901161,4
button-press-v3,gaussian,0.1,10002,2,1,1.0,0.1000000014901161,4
button-press-v3,gaussian,0.1,10002,3,1,1.0,0.0999999940395355,4
button-press-v3,gaussian,0.1,10002,4,1,1.0,0.1000000014901161,4
button-press-v3,gaussian,0.1,10002,5,1,1.0,0.1000000014901161,4
button-press-v3,gaussian,0.1,10003,0,1,1.0,0.0994103401899337,4
button-press-v3,gaussian,0.1,10003,1,1,1.0,0.0758213922381401,4
button-press-v3,gaussian,0.1,10003,2,1,1.0,0.1000000014901161,4
button-press-v3,gaussian,0.1,10003,3,1,1.0,0.1000000014901161,4
button-press-v3,gaussian,0.1,10003,4,1,1.0,0.1000000014901161,4
button-press-v3,gaussian,0.1,10003,5,1,1.0,0.1000000014901161,4
button-press-v3,gaussian,0.1,10004,0,1,1.0,0.0904696509242057,4
button-press-v3,gaussian,0.1,10004,1,1,1.0,0.1000000014901161,4
button-press-v3,gaussian,0.1,10004,2,1,1.0,0.1000000014901161,4
button-press-v3,gaussian,0.1,10004,3,1,1.0,0.1000000014901161,4
button-press-v3,gaussian,0.1,10004,4,1,1.0,0.1000000014901161,4
button-press-v3,gaussian,0.1,10004,5,1,1.0,0.1000000014901161,3
button-press-v3,gaussian,0.1,10005,0,1,1.0,0.0985352545976638,4
button-press-v3,gaussian,0.1,10005,1,1,1.0,0.1000000014901161,4
button-press-v3,gaussian,0.1,10005,2,1,1.0,0.1000000014901161,4
button-press-v3,gaussian,0.1,10005,3,1,1.0,0.1000000014901161,4
button-press-v3,gaussian,0.1,10005,4,1,1.0,0.1000000014901161,4
button-press-v3,gaussian,0.1,10005,5,1,1.0,0.1000000014901161,4
button-press-v3,gaussian,0.1,10006,0,1,1.0,0.0677196606993675,4
button-press-v3,gaussian,0.1,10006,1,1,1.0,0.0993108376860618,4
button-press-v3,gaussian,0.1,10006,2,1,1.0,0.1000000014901161,4
button-press-v3,gaussian,0.1,10006,3,1,1.0,0.1000000014901161,4
button-press-v3,gaussian,0.1,10006,4,1,1.0,0.0999999940395355,4
button-press-v3,gaussian,0.1,10006,5,1,1.0,0.0999999940395355,4
button-press-v3,gaussian,0.1,10007,0,1,1.0,0.0817364230751991,4
button-press-v3,gaussian,0.1,10007,1,1,1.0,0.1000000014901161,4
button-press-v3,gaussian,0.1,10007,2,1,1.0,0.1000000014901161,4
button-press-v3,gaussian,0.1,10007,3,1,1.0,0.1000000014901161,4
button-press-v3,gaussian,0.1,10007,4,1,1.0,0.1000000014901161,4
button-press-v3,gaussian,0.1,10007,5,1,1.0,0.1000000014901161,4
button-press-v3,gaussian,0.1,10008,0,1,1.0,0.0989353582262992,4
button-press-v3,gaussian,0.1,10008,1,1,1.0,0.0999999940395355,4
button-press-v3,gaussian,0.1,10008,2,1,1.0,0.1000000014901161,4
button-press-v3,gaussian,0.1,10008,3,1,1.0,0.1000000014901161,4
button-press-v3,gaussian,0.1,10008,4,1,1.0,0.1000000014901161,4
button-press-v3,gaussian,0.1,10008,5,1,1.0,0.1000000014901161,4
button-press-v3,gaussian,0.1,10009,0,1,1.0,0.0985537692904472,4
button-press-v3,gaussian,0.1,10009,1,1,1.0,0.0994674935936927,4
button-press-v3,gaussian,0.1,10009,2,1,1.0,0.1000000014901161,4
button-press-v3,gaussian,0.1,10009,3,1,1.0,0.1000000014901161,4
button-press-v3,gaussian,0.1,10009,4,1,1.0,0.1000000014901161,4
button-press-v3,gaussian,0.1,10009,5,1,1.0,0.0999999940395355,4
button-press-v3,gaussian,0.1,10010,0,1,1.0,0.0999999940395355,4
button-press-v3,gaussian,0.1,10010,1,1,1.0,0.0968820005655288,4
button-press-v3,gaussian,0.1,10010,2,1,1.0,0.0999999940395355,4
button-press-v3,gaussian,0.1,10010,3,1,1.0,0.1000000014901161,4
button-press-v3,gaussian,0.1,10010,4,1,1.0,0.1000000014901161,4
button-press-v3,gaussian,0.1,10010,5,1,1.0,0.0999999940395355,4
button-press-v3,gaussian,0.1,10011,0,1,1.0,0.0364089049398899,4
button-press-v3,gaussian,0.1,10011,1,1,1.0,0.0983332693576812,4
button-press-v3,gaussian,0.1,10011,2,1,1.0,0.1000000014901161,4
button-press-v3,gaussian,0.1,10011,3,1,1.0,0.1000000014901161,4
button-press-v3,gaussian,0.1,10011,4,1,1.0,0.0999999940395355,4
button-press-v3,gaussian,0.1,10011,5,1,1.0,0.1000000014901161,4
button-press-v3,gaussian,0.1,10012,0,1,1.0,0.099935695528984,4
button-press-v3,gaussian,0.1,10012,1,1,1.0,0.0980410352349281,4
button-press-v3,gaussian,0.1,10012,2,1,1.0,0.1000000014901161,4
button-press-v3,gaussian,0.1,10012,3,1,1.0,0.1000000014901161,4
button-press-v3,gaussian,0.1,10012,4,1,1.0,0.1000000014901161,4
button-press-v3,gaussian,0.1,10012,5,1,1.0,0.1000000014901161,3
button-press-v3,gaussian,0.1,10013,0,1,1.0,0.0889811739325523,4
button-press-v3,gaussian,0.1,10013,1,1,1.0,0.1000000014901161,4
button-press-v3,gaussian,0.1,10013,2,1,1.0,0.1000000014901161,4
button-press-v3,gaussian,0.1,10013,3,1,1.0,0.1000000014901161,4
button-press-v3,gaussian,0.1,10013,4,1,1.0,0.1000000014901161,4
button-press-v3,gaussian,0.1,10013,5,1,1.0,0.1000000014901161,4
button-press-v3,gaussian,0.1,10014,0,1,1.0,0.1000000014901161,4
button-press-v3,gaussian,0.1,10014,1,1,1.0,0.1000000014901161,4
button-press-v3,gaussian,0.1,10014,2,1,1.0,0.1000000014901161,4
button-press-v3,gaussian,0.1,10014,3,1,1.0,0.1000000014901161,4
button-press-v3,gaussian,0.1,10014,4,1,1.0,0.1000000014901161,4
button-press-v3,gaussian,0.1,10014,5,1,1.0,0.1000000014901161,4
button-press-v3,gaussian,0.1,10015,0,1,1.0,0.1000000014901161,4
button-press-v3,gaussian,0.1,10015,1,1,1.0,0.1000000014901161,4
button-press-v3,gaussian,0.1,10015,2,1,1.0,0.1000000014901161,4
button-press-v3,gaussian,0.1,10015,3,1,1.0,0.1000000014901161,4
button-press-v3,gaussian,0.1,10015,4,1,1.0,0.1000000014901161,4
button-press-v3,gaussian,0.1,10015,5,1,1.0,0.1000000014901161,3
button-press-v3,gaussian,0.1,10016,0,1,1.0,0.0975748673081398,4
button-press-v3,gaussian,0.1,10016,1,1,1.0,0.0991211161017417,4
button-press-v3,gaussian,0.1,10016,2,1,1.0,0.1000000014901161,4
button-press-v3,gaussian,0.1,10016,3,1,1.0,0.0999999940395355,4
button-press-v3,gaussian,0.1,10016,4,1,1.0,0.1000000014901161,4
button-press-v3,gaussian,0.1,10016,5,1,1.0,0.1000000014901161,4
button-press-v3,gaussian,0.1,10017,0,1,1.0,0.0938720479607582,4
button-press-v3,gaussian,0.1,10017,1,1,1.0,0.1000000014901161,4
button-press-v3,gaussian,0.1,10017,2,1,1.0,0.1000000014901161,4
button-press-v3,gaussian,0.1,10017,3,1,1.0,0.1000000014901161,4
button-press-v3,gaussian,0.1,10017,4,1,1.0,0.0999999940395355,4
button-press-v3,gaussian,0.1,10017,5,1,1.0,0.1000000014901161,4
button-press-v3,gaussian,0.1,10018,0,1,1.0,0.0755428448319435,4
button-press-v3,gaussian,0.1,10018,1,1,1.0,0.1000000014901161,4
button-press-v3,gaussian,0.1,10018,2,1,1.0,0.1000000014901161,4
button-press-v3,gaussian,0.1,10018,3,1,1.0,0.1000000014901161,4
button-press-v3,gaussian,0.1,10018,4,1,1.0,0.1000000014901161,4
button-press-v3,gaussian,0.1,10018,5,1,1.0,0.1000000014901161,4
button-press-v3,gaussian,0.1,10019,0,1,1.0,0.0812093764543533,4
button-press-v3,gaussian,0.1,10019,1,1,1.0,0.091563656926155,4
button-press-v3,gaussian,0.1,10019,2,1,1.0,0.1000000014901161,4
button-press-v3,gaussian,0.1,10019,3,1,1.0,0.1000000014901161,4
button-press-v3,gaussian,0.1,10019,4,1,1.0,0.1000000014901161,4
button-press-v3,gaussian,0.1,10019,5,1,1.0,0.1000000014901161,3
button-press-v3,gaussian,0.1,10020,0,1,1.0,0.0565287470817565,4
button-press-v3,gaussian,0.1,10020,1,1,1.0,0.0986936911940574,4
button-press-v3,gaussian,0.1,10020,2,1,1.0,0.1000000014901161,4
button-press-v3,gaussian,0.1,10020,3,1,1.0,0.1000000014901161,4
button-press-v3,gaussian,0.1,10020,4,1,1.0,0.1000000014901161,4
button-press-v3,gaussian,0.1,10020,5,1,1.0,0.1000000014901161,4
button-press-v3,gaussian,0.1,10021,0,1,1.0,0.0913653224706649,4
button-press-v3,gaussian,0.1,10021,1,1,1.0,0.1000000014901161,4
button-press-v3,gaussian,0.1,10021,2,1,1.0,0.1000000014901161,4
button-press-v3,gaussian,0.1,10021,3,1,1.0,0.0999999940395355,4
button-press-v3,gaussian,0.1,10021,4,1,1.0,0.1000000014901161,4
button-press-v3,gaussian,0.1,10021,5,1,1.0,0.1000000014901161,4
button-press-v3,gaussian,0.1,10022,0,1,1.0,0.0993473380804061,4
button-press-v3,gaussian,0.1,10022,1,1,1.0,0.1000000014901161,4
button-press-v3,gaussian,0.1,10022,2,1,1.0,0.1000000014901161,4
button-press-v3,gaussian,0.1,10022,3,1,1.0,0.1000000014901161,4
button-press-v3,gaussian,0.1,10022,4,1,1.0,0.1000000014901161,4
button-press-v3,gaussian,0.1,10022,5,1,1.0,0.1000000014901161,4
button-press-v3,gaussian,0.1,10023,0,1,1.0,0.1000000014901161,4
button-press-v3,gaussian,0.1,10023,1,1,1.0,0.0958721190690994,4
button-press-v3,gaussian,0.1,10023,2,1,1.0,0.1000000014901161,4
button-press-v3,gaussian,0.1,10023,3,1,1.0,0.1000000014901161,4
button-press-v3,gaussian,0.1,10023,4,1,1.0,0.1000000014901161,4
button-press-v3,gaussian,0.1,10023,5,1,1.0,0.1000000014901161,4
button-press-v3,gaussian,0.1,10024,0,1,1.0,0.0852881595492363,4
button-press-v3,gaussian,0.1,10024,1,1,1.0,0.1000000014901161,4
button-press-v3,gaussian,0.1,10024,2,1,1.0,0.1000000014901161,4
button-press-v3,gaussian,0.1,10024,3,1,1.0,0.0999999940395355,4
button-press-v3,gaussian,0.1,10024,4,1,1.0,0.1000000014901161,4
button-press-v3,gaussian,0.1,10024,5,1,1.0,0.1000000014901161,4
button-press-v3,gaussian,0.1,10025,0,1,1.0,0.0761330425739288,4
button-press-v3,gaussian,0.1,10025,1,1,1.0,0.1000000014901161,4
button-press-v3,gaussian,0.1,10025,2,1,1.0,0.1000000014901161,4
button-press-v3,gaussian,0.1,10025,3,1,1.0,0.1000000014901161,4
button-press-v3,gaussian,0.1,10025,4,1,1.0,0.1000000014901161,4
button-press-v3,gaussian,0.1,10025,5,1,1.0,0.1000000014901161,4
button-press-v3,gaussian,0.1,10026,0,1,1.0,0.0707002133131027,4
button-press-v3,gaussian,0.1,10026,1,1,1.0,0.095846451818943,4
button-press-v3,gaussian,0.1,10026,2,1,1.0,0.1000000014901161,4
button-press-v3,gaussian,0.1,10026,3,1,1.0,0.1000000014901161,4
button-press-v3,gaussian,0.1,10026,4,1,1.0,0.1000000014901161,4
button-press-v3,gaussian,0.1,10026,5,1,1.0,0.1000000014901161,4
button-press-v3,gaussian,0.1,10027,0,1,1.0,0.0967257767915725,4
button-press-v3,gaussian,0.1,10027,1,1,1.0,0.0996904447674751,4
button-press-v3,gaussian,0.1,10027,2,1,1.0,0.1000000014901161,4
button-press-v3,gaussian,0.1,10027,3,1,1.0,0.1000000014901161,4
button-press-v3,gaussian,0.1,10027,4,1,1.0,0.1000000014901161,4
button-press-v3,gaussian,0.1,10027,5,1,1.0,0.1000000014901161,4
button-press-v3,gaussian,0.1,10028,0,1,1.0,0.0643440559506416,4
button-press-v3,gaussian,0.1,10028,1,1,1.0,0.1000000014901161,4
button-press-v3,gaussian,0.1,10028,2,1,1.0,0.1000000014901161,4
button-press-v3,gaussian,0.1,10028,3,1,1.0,0.1000000014901161,4
button-press-v3,gaussian,0.1,10028,4,1,1.0,0.0999999940395355,4
button-press-v3,gaussian,0.1,10028,5,1,1.0,0.1000000014901161,4
button-press-v3,gaussian,0.1,10029,0,1,1.0,0.0994714573025703,4
button-press-v3,gaussian,0.1,10029,1,1,1.0,0.1000000014901161,4
button-press-v3,gaussian,0.1,10029,2,1,1.0,0.1000000014901161,4
button-press-v3,gaussian,0.1,10029,3,1,1.0,0.1000000014901161,4
button-press-v3,gaussian,0.1,10029,4,1,1.0,0.1000000014901161,4
button-press-v3,gaussian,0.1,10029,5,1,1.0,0.1000000014901161,3
button-press-v3,gaussian,0.1,10030,0,1,1.0,0.0928438082337379,4
button-press-v3,gaussian,0.1,10030,1,1,1.0,0.1000000014901161,4
button-press-v3,gaussian,0.1,10030,2,1,1.0,0.1000000014901161,4
button-press-v3,gaussian,0.1,10030,3,1,1.0,0.1000000014901161,4
button-press-v3,gaussian,0.1,10030,4,1,1.0,0.1000000014901161,4
button-press-v3,gaussian,0.1,10030,5,1,1.0,0.1000000014901161,3
button-press-v3,gaussian,0.1,10031,0,1,1.0,0.0979770421981811,4
button-press-v3,gaussian,0.1,10031,1,1,1.0,0.1000000014901161,4
button-press-v3,gaussian,0.1,10031,2,1,1.0,0.1000000014901161,4
button-press-v3,gaussian,0.1,10031,3,1,1.0,0.1000000014901161,4
button-press-v3,gaussian,0.1,10031,4,1,1.0,0.1000000014901161,4
button-press-v3,gaussian,0.1,10031,5,1,1.0,0.1000000014901161,4
button-press-v3,gaussian,0.1,10032,0,1,1.0,0.0720989778637886,4
button-press-v3,gaussian,0.1,10032,1,1,1.0,0.0825890079140663,4
button-press-v3,gaussian,0.1,10032,2,1,1.0,0.1000000014901161,4
button-press-v3,gaussian,0.1,10032,3,1,1.0,0.1000000014901161,4
button-press-v3,gaussian,0.1,10032,4,1,1.0,0.1000000014901161,4
button-press-v3,gaussian,0.1,10032,5,1,1.0,0.1000000014901161,4
button-press-v3,gaussian,0.1,10033,0,1,1.0,0.0824103727936744,4
button-press-v3,gaussian,0.1,10033,1,1,1.0,0.0953906700015068,4
button-press-v3,gaussian,0.1,10033,2,1,1.0,0.1000000014901161,4
button-press-v3,gaussian,0.1,10033,3,1,1.0,0.1000000014901161,4
button-press-v3,gaussian,0.1,10033,4,1,1.0,0.1000000014901161,4
button-press-v3,gaussian,0.1,10033,5,1,1.0,0.1000000014901161,4
button-press-v3,gaussian,0.1,10034,0,1,1.0,0.0963898971676826,4
button-press-v3,gaussian,0.1,10034,1,1,1.0,0.1000000014901161,4
button-press-v3,gaussian,0.1,10034,2,1,1.0,0.1000000014901161,4
button-press-v3,gaussian,0.1,10034,3,1,1.0,0.1000000014901161,4
button-press-v3,gaussian,0.1,10034,4,1,1.0,0.1000000014901161,4
button-press-v3,gaussian,0.1,10034,5,1,1.0,0.1000000014901161,3
button-press-v3,gaussian,0.1,10035,0,1,1.0,0.0969754010438919,4
button-press-v3,gaussian,0.1,10035,1,1,1.0,0.0855667963624,4
button-press-v3,gaussian,0.1,10035,2,1,1.0,0.1000000014901161,4
button-press-v3,gaussian,0.1,10035,3,1,1.0,0.1000000014901161,4
button-press-v3,gaussian,0.1,10035,4,1,1.0,0.0999999940395355,4
button-press-v3,gaussian,0.1,10035,5,1,1.0,0.1000000014901161,4
button-press-v3,gaussian,0.1,10036,0,1,1.0,0.0999724417924881,4
button-press-v3,gaussian,0.1,10036,1,1,1.0,0.1000000014901161,4
button-press-v3,gaussian,0.1,10036,2,1,1.0,0.1000000014901161,4
button-press-v3,gaussian,0.1,10036,3,1,1.0,0.1000000014901161,4
button-press-v3,gaussian,0.1,10036,4,1,1.0,0.1000000014901161,4
button-press-v3,gaussian,0.1,10036,5,1,1.0,0.0999999940395355,4
button-press-v3,gaussian,0.1,10037,0,1,1.0,0.0940065681934356,4
button-press-v3,gaussian,0.1,10037,1,1,1.0,0.0998307690024375,4
button-press-v3,gaussian,0.1,10037,2,1,1.0,0.0999999940395355,4
button-press-v3,gaussian,0.1,10037,3,1,1.0,0.1000000014901161,4
button-press-v3,gaussian,0.1,10037,4,1,1.0,0.1000000014901161,4
button-press-v3,gaussian,0.1,10037,5,1,1.0,0.0999999940395355,3
button-press-v3,gaussian,0.1,10038,0,1,1.0,0.0742776319384574,4
button-press-v3,gaussian,0.1,10038,1,1,1.0,0.1000000014901161,4
button-press-v3,gaussian,0.1,10038,2,1,1.0,0.1000000014901161,4
button-press-v3,gaussian,0.1,10038,3,1,1.0,0.1000000014901161,4
button-press-v3,gaussian,0.1,10038,4,1,1.0,0.1000000014901161,4
button-press-v3,gaussian,0.1,10038,5,1,1.0,0.1000000014901161,4
button-press-v3,gaussian,0.1,10039,0,1,1.0,0.0884905979037284,4
button-press-v3,gaussian,0.1,10039,1,1,1.0,0.1000000014901161,4
button-press-v3,gaussian,0.1,10039,2,1,1.0,0.1000000014901161,4
button-press-v3,gaussian,0.1,10039,3,1,1.0,0.1000000014901161,4
button-press-v3,gaussian,0.1,10039,4,1,1.0,0.1000000014901161,4
button-press-v3,gaussian,0.1,10039,5,1,1.0,0.1000000014901161,4
button-press-v3,gaussian,0.25,10000,0,1,1.0,0.2247755825519561,4
button-press-v3,gaussian,0.25,10000,1,1,1.0,0.25,4
button-press-v3,gaussian,0.25,10000,2,1,1.0,0.25,4
button-press-v3,gaussian,0.25,10000,3,1,1.0,0.25,4
button-press-v3,gaussian,0.25,10000,4,1,1.0,0.25,4
button-press-v3,gaussian,0.25,10000,5,1,1.0,0.25,4
button-press-v3,gaussian,0.25,10001,0,1,1.0,0.2071551233530044,4
button-press-v3,gaussian,0.25,10001,1,1,1.0,0.25,4
button-press-v3,gaussian,0.25,10001,2,1,1.0,0.25,4
button-press-v3,gaussian,0.25,10001,3,1,1.0,0.25,4
button-press-v3,gaussian,0.25,10001,4,1,1.0,0.25,4
button-press-v3,gaussian,0.25,10001,5,1,1.0,0.25,3
button-press-v3,gaussian,0.25,10002,0,1,1.0,0.2445090264081955,4
button-press-v3,gaussian,0.25,10002,1,1,1.0,0.25,4
button-press-v3,gaussian,0.25,10002,2,1,1.0,0.25,4
button-press-v3,gaussian,0.25,10002,3,1,1.0,0.25,4
button-press-v3,gaussian,0.25,10002,4,1,1.0,0.25,4
button-press-v3,gaussian,0.25,10002,5,1,1.0,0.25,4
button-press-v3,gaussian,0.25,10003,0,1,1.0,0.2485258430242538,4
button-press-v3,gaussian,0.25,10003,1,1,1.0,0.1895534694194793,4
button-press-v3,gaussian,0.25,10003,2,1,1.0,0.25,4
button-press-v3,gaussian,0.25,10003,3,1,1.0,0.25,4
button-press-v3,gaussian,0.25,10003,4,1,1.0,0.25,4
button-press-v3,gaussian,0.25,10003,5,1,1.0,0.25,4
button-press-v3,gaussian,0.25,10004,0,1,1.0,0.2261741459369659,4
button-press-v3,gaussian,0.25,10004,1,1,1.0,0.25,4
button-press-v3,gaussian,0.25,10004,2,1,1.0,0.25,4
button-press-v3,gaussian,0.25,10004,3,1,1.0,0.25,4
button-press-v3,gaussian,0.25,10004,4,1,1.0,0.25,4
button-press-v3,gaussian,0.25,10004,5,1,1.0,0.25,3
button-press-v3,gaussian,0.25,10005,0,1,1.0,0.2463381588459015,4
button-press-v3,gaussian,0.25,10005,1,1,1.0,0.25,4
button-press-v3,gaussian,0.25,10005,2,1,1.0,0.25,4
button-press-v3,gaussian,0.25,10005,3,1,1.0,0.25,4
button-press-v3,gaussian,0.25,10005,4,1,1.0,0.25,4
button-press-v3,gaussian,0.25,10005,5,1,1.0,0.25,4
button-press-v3,gaussian,0.25,10006,0,1,1.0,0.1692991405725479,4
button-press-v3,gaussian,0.25,10006,1,1,1.0,0.2482770830392837,4
button-press-v3,gaussian,0.25,10006,2,1,1.0,0.25,4
button-press-v3,gaussian,0.25,10006,3,1,1.0,0.25,4
button-press-v3,gaussian,0.25,10006,4,1,1.0,0.25,4
button-press-v3,gaussian,0.25,10006,5,1,1.0,0.25,4
button-press-v3,gaussian,0.25,10007,0,1,1.0,0.2043410390615463,4
button-press-v3,gaussian,0.25,10007,1,1,1.0,0.25,4
button-press-v3,gaussian,0.25,10007,2,1,1.0,0.25,4
button-press-v3,gaussian,0.25,10007,3,1,1.0,0.25,4
button-press-v3,gaussian,0.25,10007,4,1,1.0,0.25,4
button-press-v3,gaussian,0.25,10007,5,1,1.0,0.25,4
button-press-v3,gaussian,0.25,10008,0,1,1.0,0.2473383992910385,4
button-press-v3,gaussian,0.25,10008,1,1,1.0,0.25,4
button-press-v3,gaussian,0.25,10008,2,1,1.0,0.25,4
button-press-v3,gaussian,0.25,10008,3,1,1.0,0.25,4
button-press-v3,gaussian,0.25,10008,4,1,1.0,0.25,4
button-press-v3,gaussian,0.25,10008,5,1,1.0,0.25,4
button-press-v3,gaussian,0.25,10009,0,1,1.0,0.2463844269514084,4
button-press-v3,gaussian,0.25,10009,1,1,1.0,0.2486687302589416,4
button-press-v3,gaussian,0.25,10009,2,1,1.0,0.25,4
button-press-v3,gaussian,0.25,10009,3,1,1.0,0.25,4
button-press-v3,gaussian,0.25,10009,4,1,1.0,0.25,4
button-press-v3,gaussian,0.25,10009,5,1,1.0,0.25,4
button-press-v3,gaussian,0.25,10010,0,1,1.0,0.2499999850988388,4
button-press-v3,gaussian,0.25,10010,1,1,1.0,0.2422050088644027,4
button-press-v3,gaussian,0.25,10010,2,1,1.0,0.25,4
button-press-v3,gaussian,0.25,10010,3,1,1.0,0.25,4
button-press-v3,gaussian,0.25,10010,4,1,1.0,0.25,4
button-press-v3,gaussian,0.25,10010,5,1,1.0,0.25,4
button-press-v3,gaussian,0.25,10011,0,1,1.0,0.0910222753882408,4
button-press-v3,gaussian,0.25,10011,1,1,1.0,0.2458332031965255,4
button-press-v3,gaussian,0.25,10011,2,1,1.0,0.25,4
button-press-v3,gaussian,0.25,10011,3,1,1.0,0.25,4
button-press-v3,gaussian,0.25,10011,4,1,1.0,0.25,4
button-press-v3,gaussian,0.25,10011,5,1,1.0,0.25,4
button-press-v3,gaussian,0.25,10012,0,1,1.0,0.2498392313718795,4
button-press-v3,gaussian,0.25,10012,1,1,1.0,0.2451025694608688,4
button-press-v3,gaussian,0.25,10012,2,1,1.0,0.25,4
button-press-v3,gaussian,0.25,10012,3,1,1.0,0.25,4
button-press-v3,gaussian,0.25,10012,4,1,1.0,0.25,4
button-press-v3,gaussian,0.25,10012,5,1,1.0,0.25,3
button-press-v3,gaussian,0.25,10013,0,1,1.0,0.2224529385566711,4
button-press-v3,gaussian,0.25,10013,1,1,1.0,0.25,4
button-press-v3,gaussian,0.25,10013,2,1,1.0,0.25,4
button-press-v3,gaussian,0.25,10013,3,1,1.0,0.25,4
button-press-v3,gaussian,0.25,10013,4,1,1.0,0.25,4
button-press-v3,gaussian,0.25,10013,5,1,1.0,0.25,4
button-press-v3,gaussian,0.25,10014,0,1,1.0,0.25,4
button-press-v3,gaussian,0.25,10014,1,1,1.0,0.25,4
button-press-v3,gaussian,0.25,10014,2,1,1.0,0.25,4
button-press-v3,gaussian,0.25,10014,3,1,1.0,0.25,4
button-press-v3,gaussian,0.25,10014,4,1,1.0,0.25,4
button-press-v3,gaussian,0.25,10014,5,1,1.0,0.25,4
button-press-v3,gaussian,0.25,10015,0,1,1.0,0.25,4
button-press-v3,gaussian,0.25,10015,1,1,1.0,0.25,4
button-press-v3,gaussian,0.25,10015,2,1,1.0,0.25,4
button-press-v3,gaussian,0.25,10015,3,1,1.0,0.25,4
button-press-v3,gaussian,0.25,10015,4,1,1.0,0.25,4
button-press-v3,gaussian,0.25,10015,5,1,1.0,0.25,3
button-press-v3,gaussian,0.25,10016,0,1,1.0,0.2439371645450592,4
button-press-v3,gaussian,0.25,10016,1,1,1.0,0.2478027790784835,4
button-press-v3,gaussian,0.25,10016,2,1,1.0,0.25,4
button-press-v3,gaussian,0.25,10016,3,1,1.0,0.25,4
button-press-v3,gaussian,0.25,10016,4,1,1.0,0.25,4
button-press-v3,gaussian,0.25,10016,5,1,1.0,0.2499999850988388,4
button-press-v3,gaussian,0.25,10017,0,1,1.0,0.2242665886878967,4
button-press-v3,gaussian,0.25,10017,1,1,1.0,0.25,4
button-press-v3,gaussian,0.25,10017,2,1,1.0,0.25,4
button-press-v3,gaussian,0.25,10017,3,1,1.0,0.25,4
button-press-v3,gaussian,0.25,10017,4,1,1.0,0.25,4
button-press-v3,gaussian,0.25,10017,5,1,1.0,0.25,4
button-press-v3,gaussian,0.25,10018,0,1,1.0,0.1888571232557296,4
button-press-v3,gaussian,0.25,10018,1,1,1.0,0.25,4
button-press-v3,gaussian,0.25,10018,2,1,1.0,0.25,4
button-press-v3,gaussian,0.25,10018,3,1,1.0,0.25,4
button-press-v3,gaussian,0.25,10018,4,1,1.0,0.25,4
button-press-v3,gaussian,0.25,10018,5,1,1.0,0.25,4
button-press-v3,gaussian,0.25,10019,0,1,1.0,0.2030234485864639,4
button-press-v3,gaussian,0.25,10019,1,1,1.0,0.2289091348648071,4
button-press-v3,gaussian,0.25,10019,2,1,1.0,0.25,4
button-press-v3,gaussian,0.25,10019,3,1,1.0,0.25,4
button-press-v3,gaussian,0.25,10019,4,1,1.0,0.25,4
button-press-v3,gaussian,0.25,10019,5,1,1.0,0.25,3
button-press-v3,gaussian,0.25,10020,0,1,1.0,0.1413218528032302,4
button-press-v3,gaussian,0.25,10020,1,1,1.0,0.2467342168092727,4
button-press-v3,gaussian,0.25,10020,2,1,1.0,0.25,4
button-press-v3,gaussian,0.25,10020,3,1,1.0,0.25,4
button-press-v3,gaussian,0.25,10020,4,1,1.0,0.25,4
button-press-v3,gaussian,0.25,10020,5,1,1.0,0.25,4
button-press-v3,gaussian,0.25,10021,0,1,1.0,0.2248125970363617,4
button-press-v3,gaussian,0.25,10021,1,1,1.0,0.25,4
button-press-v3,gaussian,0.25,10021,2,1,1.0,0.25,4
button-press-v3,gaussian,0.25,10021,3,1,1.0,0.25,4
button-press-v3,gaussian,0.25,10021,4,1,1.0,0.25,4
button-press-v3,gaussian,0.25,10021,5,1,1.0,0.25,4
button-press-v3,gaussian,0.25,10022,0,1,1.0,0.2483683377504348,4
button-press-v3,gaussian,0.25,10022,1,1,1.0,0.25,4
button-press-v3,gaussian,0.25,10022,2,1,1.0,0.25,4
button-press-v3,gaussian,0.25,10022,3,1,1.0,0.25,4
button-press-v3,gaussian,0.25,10022,4,1,1.0,0.25,4
button-press-v3,gaussian,0.25,10022,5,1,1.0,0.25,4
button-press-v3,gaussian,0.25,10023,0,1,1.0,0.2499999850988388,4
button-press-v3,gaussian,0.25,10023,1,1,1.0,0.2396803051233291,4
button-press-v3,gaussian,0.25,10023,2,1,1.0,0.25,4
button-press-v3,gaussian,0.25,10023,3,1,1.0,0.25,4
button-press-v3,gaussian,0.25,10023,4,1,1.0,0.25,4
button-press-v3,gaussian,0.25,10023,5,1,1.0,0.25,4
button-press-v3,gaussian,0.25,10024,0,1,1.0,0.2132203876972198,4
button-press-v3,gaussian,0.25,10024,1,1,1.0,0.25,4
button-press-v3,gaussian,0.25,10024,2,1,1.0,0.25,4
button-press-v3,gaussian,0.25,10024,3,1,1.0,0.25,4
button-press-v3,gaussian,0.25,10024,4,1,1.0,0.25,4
button-press-v3,gaussian,0.25,10024,5,1,1.0,0.25,4
button-press-v3,gaussian,0.25,10025,0,1,1.0,0.1903326213359832,4
button-press-v3,gaussian,0.25,10025,1,1,1.0,0.25,4
button-press-v3,gaussian,0.25,10025,2,1,1.0,0.25,4
button-press-v3,gaussian,0.25,10025,3,1,1.0,0.25,4
button-press-v3,gaussian,0.25,10025,4,1,1.0,0.25,4
button-press-v3,gaussian,0.25,10025,5,1,1.0,0.25,4
button-press-v3,gaussian,0.25,10026,0,1,1.0,0.1767505407333374,4
button-press-v3,gaussian,0.25,10026,1,1,1.0,0.2396161258220672,4
button-press-v3,gaussian,0.25,10026,2,1,1.0,0.25,4
button-press-v3,gaussian,0.25,10026,3,1,1.0,0.25,4
button-press-v3,gaussian,0.25,10026,4,1,1.0,0.25,4
button-press-v3,gaussian,0.25,10026,5,1,1.0,0.25,4
button-press-v3,gaussian,0.25,10027,0,1,1.0,0.241814449429512,4
button-press-v3,gaussian,0.25,10027,1,1,1.0,0.2492260932922363,4
button-press-v3,gaussian,0.25,10027,2,1,1.0,0.25,4
button-press-v3,gaussian,0.25,10027,3,1,1.0,0.25,4
button-press-v3,gaussian,0.25,10027,4,1,1.0,0.25,4
button-press-v3,gaussian,0.25,10027,5,1,1.0,0.25,4
button-press-v3,gaussian,0.25,10028,0,1,1.0,0.1608601361513137,4
button-press-v3,gaussian,0.25,10028,1,1,1.0,0.25,4
button-press-v3,gaussian,0.25,10028,2,1,1.0,0.25,4
button-press-v3,gaussian,0.25,10028,3,1,1.0,0.25,4
button-press-v3,gaussian,0.25,10028,4,1,1.0,0.25,4
button-press-v3,gaussian,0.25,10028,5,1,1.0,0.25,4
button-press-v3,gaussian,0.25,10029,0,1,1.0,0.2486786544322967,4
button-press-v3,gaussian,0.25,10029,1,1,1.0,0.25,4
button-press-v3,gaussian,0.25,10029,2,1,1.0,0.25,4
button-press-v3,gaussian,0.25,10029,3,1,1.0,0.25,4
button-press-v3,gaussian,0.25,10029,4,1,1.0,0.25,4
button-press-v3,gaussian,0.25,10029,5,1,1.0,0.25,3
button-press-v3,gaussian,0.25,10030,0,1,1.0,0.2321095317602157,4
button-press-v3,gaussian,0.25,10030,1,1,1.0,0.25,4
button-press-v3,gaussian,0.25,10030,2,1,1.0,0.25,4
button-press-v3,gaussian,0.25,10030,3,1,1.0,0.25,4
button-press-v3,gaussian,0.25,10030,4,1,1.0,0.25,4
button-press-v3,gaussian,0.25,10030,5,1,1.0,0.25,3
button-press-v3,gaussian,0.25,10031,0,1,1.0,0.244942620396614,4
button-press-v3,gaussian,0.25,10031,1,1,1.0,0.25,4
button-press-v3,gaussian,0.25,10031,2,1,1.0,0.25,4
button-press-v3,gaussian,0.25,10031,3,1,1.0,0.25,4
button-press-v3,gaussian,0.25,10031,4,1,1.0,0.25,4
button-press-v3,gaussian,0.25,10031,5,1,1.0,0.25,4
button-press-v3,gaussian,0.25,10032,0,1,1.0,0.18024742603302,4
button-press-v3,gaussian,0.25,10032,1,1,1.0,0.2064725160598755,4
button-press-v3,gaussian,0.25,10032,2,1,1.0,0.25,4
button-press-v3,gaussian,0.25,10032,3,1,1.0,0.25,4
button-press-v3,gaussian,0.25,10032,4,1,1.0,0.25,4
button-press-v3,gaussian,0.25,10032,5,1,1.0,0.25,4
button-press-v3,gaussian,0.25,10033,0,1,1.0,0.2058956325054168,4
button-press-v3,gaussian,0.25,10033,1,1,1.0,0.2384766787290573,4
button-press-v3,gaussian,0.25,10033,2,1,1.0,0.25,4
button-press-v3,gaussian,0.25,10033,3,1,1.0,0.25,4
button-press-v3,gaussian,0.25,10033,4,1,1.0,0.25,4
button-press-v3,gaussian,0.25,10033,5,1,1.0,0.25,4
button-press-v3,gaussian,0.25,10034,0,1,1.0,0.2409747242927551,4
button-press-v3,gaussian,0.25,10034,1,1,1.0,0.25,4
button-press-v3,gaussian,0.25,10034,2,1,1.0,0.25,4
button-press-v3,gaussian,0.25,10034,3,1,1.0,0.25,4
button-press-v3,gaussian,0.25,10034,4,1,1.0,0.25,4
button-press-v3,gaussian,0.25,10034,5,1,1.0,0.2499999850988388,3
button-press-v3,gaussian,0.25,10035,0,1,1.0,0.2424384653568267,4
button-press-v3,gaussian,0.25,10035,1,1,1.0,0.2139169871807098,4
button-press-v3,gaussian,0.25,10035,2,1,1.0,0.25,4
button-press-v3,gaussian,0.25,10035,3,1,1.0,0.25,4
button-press-v3,gaussian,0.25,10035,4,1,1.0,0.25,4
button-press-v3,gaussian,0.25,10035,5,1,1.0,0.25,4
button-press-v3,gaussian,0.25,10036,0,1,1.0,0.2499311119318008,4
button-press-v3,gaussian,0.25,10036,1,1,1.0,0.25,4
button-press-v3,gaussian,0.25,10036,2,1,1.0,0.25,4
button-press-v3,gaussian,0.25,10036,3,1,1.0,0.25,4
button-press-v3,gaussian,0.25,10036,4,1,1.0,0.25,4
button-press-v3,gaussian,0.25,10036,5,1,1.0,0.25,4
button-press-v3,gaussian,0.25,10037,0,1,1.0,0.2348199784755706,4
button-press-v3,gaussian,0.25,10037,1,1,1.0,0.2495769262313842,4
button-press-v3,gaussian,0.25,10037,2,1,1.0,0.25,4
button-press-v3,gaussian,0.25,10037,3,1,1.0,0.25,4
button-press-v3,gaussian,0.25,10037,4,1,1.0,0.25,4
button-press-v3,gaussian,0.25,10037,5,1,1.0,0.25,3
button-press-v3,gaussian,0.25,10038,0,1,1.0,0.1856940686702728,4
button-press-v3,gaussian,0.25,10038,1,1,1.0,0.25,4
button-press-v3,gaussian,0.25,10038,2,1,1.0,0.25,4
button-press-v3,gaussian,0.25,10038,3,1,1.0,0.25,4
button-press-v3,gaussian,0.25,10038,4,1,1.0,0.25,4
button-press-v3,gaussian,0.25,10038,5,1,1.0,0.25,4
button-press-v3,gaussian,0.25,10039,0,1,1.0,0.2212264686822891,4
button-press-v3,gaussian,0.25,10039,1,1,1.0,0.25,4
button-press-v3,gaussian,0.25,10039,2,1,1.0,0.25,4
button-press-v3,gaussian,0.25,10039,3,1,1.0,0.25,4
button-press-v3,gaussian,0.25,10039,4,1,1.0,0.25,4
button-press-v3,gaussian,0.25,10039,5,1,1.0,0.25,4
door-open-v3,calibrated,0.1,10000,0,1,1.0,0.0298827216029167,4
door-open-v3,calibrated,0.1,10000,1,1,1.0,0.0940369814634323,4
door-open-v3,calibrated,0.1,10000,2,1,1.0,0.1000000014901161,4
door-open-v3,calibrated,0.1,10000,3,1,1.0,0.0999999940395355,4
door-open-v3,calibrated,0.1,10000,4,1,1.0,0.0999999940395355,4
door-open-v3,calibrated,0.1,10000,5,1,1.0,0.1000000014901161,4
door-open-v3,calibrated,0.1,10001,0,1,1.0,0.080417975783348,4
door-open-v3,calibrated,0.1,10001,1,1,1.0,0.0715402960777282,4
door-open-v3,calibrated,0.1,10001,2,1,1.0,0.0999999940395355,4
door-open-v3,calibrated,0.1,10001,3,1,1.0,0.0999999940395355,4
door-open-v3,calibrated,0.1,10001,4,1,1.0,0.1000000014901161,4
door-open-v3,calibrated,0.1,10001,5,1,1.0,0.1000000014901161,3
door-open-v3,calibrated,0.1,10002,0,1,1.0,0.0881094709038734,4
door-open-v3,calibrated,0.1,10002,1,1,1.0,0.0901585295796394,4
door-open-v3,calibrated,0.1,10002,2,1,1.0,0.1000000014901161,4
door-open-v3,calibrated,0.1,10002,3,1,1.0,0.1000000014901161,4
door-open-v3,calibrated,0.1,10002,4,1,1.0,0.1000000014901161,4
door-open-v3,calibrated,0.1,10002,5,1,1.0,0.1000000014901161,4
door-open-v3,calibrated,0.1,10003,0,1,1.0,0.0965072140097618,4
door-open-v3,calibrated,0.1,10003,1,1,1.0,0.0999965891242027,4
door-open-v3,calibrated,0.1,10003,2,1,1.0,0.1000000014901161,4
door-open-v3,calibrated,0.1,10003,3,1,1.0,0.1000000014901161,4
door-open-v3,calibrated,0.1,10003,4,1,1.0,0.1000000089406967,4
door-open-v3,calibrated,0.1,10003,5,1,1.0,0.0999999940395355,4
door-open-v3,calibrated,0.1,10004,0,1,1.0,0.0965061336755752,4
door-open-v3,calibrated,0.1,10004,1,1,1.0,0.0802453011274337,4
door-open-v3,calibrated,0.1,10004,2,1,1.0,0.1000000089406967,4
door-open-v3,calibrated,0.1,10004,3,1,1.0,0.1000000014901161,4
door-open-v3,calibrated,0.1,10004,4,1,1.0,0.1000000014901161,4
door-open-v3,calibrated,0.1,10004,5,1,1.0,0.1000000014901161,3
door-open-v3,calibrated,0.1,10005,0,1,1.0,0.0999999940395355,4
door-open-v3,calibrated,0.1,10005,1,1,1.0,0.0869728848338127,4
door-open-v3,calibrated,0.1,10005,2,1,1.0,0.1000000014901161,4
door-open-v3,calibrated,0.1,10005,3,1,1.0,0.1000000014901161,4
door-open-v3,calibrated,0.1,10005,4,1,1.0,0.1000000014901161,4
door-open-v3,calibrated,0.1,10005,5,1,1.0,0.1000000014901161,4
door-open-v3,calibrated,0.1,10006,0,1,1.0,0.0744328200817108,4
door-open-v3,calibrated,0.1,10006,1,1,1.0,0.098738856613636,4
door-open-v3,calibrated,0.1,10006,2,1,1.0,0.0999999940395355,4
door-open-v3,calibrated,0.1,10006,3,1,1.0,0.0999999940395355,4
door-open-v3,calibrated,0.1,10006,4,1,1.0,0.1000000014901161,4
door-open-v3,calibrated,0.1,10006,5,1,1.0,0.1000000014901161,4
door-open-v3,calibrated,0.1,10007,0,1,1.0,0.0966891050338745,4
door-open-v3,calibrated,0.1,10007,1,1,1.0,0.0326346084475517,4
door-open-v3,calibrated,0.1,10007,2,1,1.0,0.1000000014901161,4
door-open-v3,calibrated,0.1,10007,3,1,1.0,0.1000000089406967,4
door-open-v3,calibrated,0.1,10007,4,1,1.0,0.1000000014901161,4
door-open-v3,calibrated,0.1,10007,5,1,1.0,0.1000000014901161,4
door-open-v3,calibrated,0.1,10009,0,1,1.0,0.0711612924933433,4
door-open-v3,calibrated,0.1,10009,1,1,1.0,0.0281620863825082,4
door-open-v3,calibrated,0.1,10009,2,1,1.0,0.1000000163912773,4
door-open-v3,calibrated,0.1,10009,3,1,1.0,0.1000000163912773,4
door-open-v3,calibrated,0.1,10009,4,1,1.0,0.1000000014901161,4
door-open-v3,calibrated,0.1,10009,5,1,1.0,0.1000000089406967,4
door-open-v3,calibrated,0.1,10010,0,1,1.0,0.0359674170613288,4
door-open-v3,calibrated,0.1,10010,1,1,1.0,0.0969209149479866,4
door-open-v3,calibrated,0.1,10010,2,1,1.0,0.0602497681975364,4
door-open-v3,calibrated,0.1,10010,3,1,1.0,0.1000000014901161,4
door-open-v3,calibrated,0.1,10010,4,1,1.0,0.1000000089406967,4
door-open-v3,calibrated,0.1,10010,5,1,1.0,0.1000000014901161,4
door-open-v3,calibrated,0.1,10011,0,1,1.0,0.1000000014901161,4
door-open-v3,calibrated,0.1,10011,1,1,1.0,0.0999967083334922,4
door-open-v3,calibrated,0.1,10011,2,1,1.0,0.1000000014901161,4
door-open-v3,calibrated,0.1,10011,3,1,1.0,0.1000000014901161,4
door-open-v3,calibrated,0.1,10011,4,1,1.0,0.0999999940395355,4
door-open-v3,calibrated,0.1,10011,5,1,1.0,0.1000000014901161,4
door-open-v3,calibrated,0.1,10012,0,1,1.0,0.0753391236066818,4
door-open-v3,calibrated,0.1,10012,1,1,1.0,0.0999999940395355,4
door-open-v3,calibrated,0.1,10012,2,1,1.0,0.0999999940395355,4
door-open-v3,calibrated,0.1,10012,3,1,1.0,0.1000000014901161,4
door-open-v3,calibrated,0.1,10012,4,1,1.0,0.0999999940395355,4
door-open-v3,calibrated,0.1,10012,5,1,1.0,0.1000000014901161,4
door-open-v3,calibrated,0.1,10013,0,1,1.0,0.0720177218317985,4
door-open-v3,calibrated,0.1,10013,1,1,1.0,0.0999989435076713,4
door-open-v3,calibrated,0.1,10013,2,1,1.0,0.1000000014901161,4
door-open-v3,calibrated,0.1,10013,3,1,1.0,0.1000000014901161,4
door-open-v3,calibrated,0.1,10013,4,1,1.0,0.1000000014901161,4
door-open-v3,calibrated,0.1,10013,5,1,1.0,0.1000000089406967,3
door-open-v3,calibrated,0.1,10014,0,1,1.0,0.0618269741535186,4
door-open-v3,calibrated,0.1,10014,1,1,1.0,0.0781256482005119,4
door-open-v3,calibrated,0.1,10014,2,1,1.0,0.1000000089406967,4
door-open-v3,calibrated,0.1,10014,3,1,1.0,0.1000000089406967,4
door-open-v3,calibrated,0.1,10014,4,1,1.0,0.1000000014901161,4
door-open-v3,calibrated,0.1,10014,5,1,1.0,0.1000000014901161,4
door-open-v3,calibrated,0.1,10017,0,1,1.0,0.0999767854809761,4
door-open-v3,calibrated,0.1,10017,1,1,1.0,0.1000000014901161,4
door-open-v3,calibrated,0.1,10017,2,1,1.0,0.1000000014901161,4
door-open-v3,calibrated,0.1,10017,3,1,1.0,0.1000000014901161,4
door-open-v3,calibrated,0.1,10017,4,1,1.0,0.1000000014901161,4
door-open-v3,calibrated,0.1,10017,5,1,1.0,0.1000000014901161,4
door-open-v3,calibrated,0.1,10018,0,1,1.0,0.0896605178713798,4
door-open-v3,calibrated,0.1,10018,1,1,1.0,0.0987075418233871,4
door-open-v3,calibrated,0.1,10018,2,1,1.0,0.0999999940395355,4
door-open-v3,calibrated,0.1,10018,3,1,1.0,0.1000000089406967,4
door-open-v3,calibrated,0.1,10018,4,1,1.0,0.1000000014901161,4
door-open-v3,calibrated,0.1,10018,5,1,1.0,0.1000000014901161,3
door-open-v3,calibrated,0.1,10019,0,1,1.0,0.0981745272874832,4
door-open-v3,calibrated,0.1,10019,1,1,1.0,0.0831698253750801,4
door-open-v3,calibrated,0.1,10019,2,1,1.0,0.1000000014901161,4
door-open-v3,calibrated,0.1,10019,3,1,1.0,0.1000000014901161,4
door-open-v3,calibrated,0.1,10019,4,1,1.0,0.1000000014901161,4
door-open-v3,calibrated,0.1,10019,5,1,1.0,0.1000000014901161,4
door-open-v3,calibrated,0.1,10020,0,1,1.0,0.0716392770409584,4
door-open-v3,calibrated,0.1,10020,1,1,1.0,0.09192755818367,4
door-open-v3,calibrated,0.1,10020,2,1,1.0,0.1000000014901161,4
door-open-v3,calibrated,0.1,10020,3,1,1.0,0.0999999940395355,4
door-open-v3,calibrated,0.1,10020,4,1,1.0,0.1000000089406967,4
door-open-v3,calibrated,0.1,10020,5,1,1.0,0.1000000014901161,4
door-open-v3,calibrated,0.1,10022,0,1,1.0,0.0445201508700847,4
door-open-v3,calibrated,0.1,10022,1,1,1.0,0.0999994352459907,4
door-open-v3,calibrated,0.1,10022,2,1,1.0,0.0999999940395355,4
door-open-v3,calibrated,0.1,10022,3,1,1.0,0.1000000014901161,4
door-open-v3,calibrated,0.1,10022,4,1,1.0,0.1000000014901161,4
door-open-v3,calibrated,0.1,10022,5,1,1.0,0.1000000014901161,4
door-open-v3,calibrated,0.1,10023,0,1,1.0,0.0968810841441154,4
door-open-v3,calibrated,0.1,10023,1,1,1.0,0.075046069920063,4
door-open-v3,calibrated,0.1,10023,2,1,1.0,0.0999999940395355,4
door-open-v3,calibrated,0.1,10023,3,1,1.0,0.1000000089406967,4
door-open-v3,calibrated,0.1,10023,4,1,1.0,0.0999999940395355,4
door-open-v3,calibrated,0.1,10023,5,1,1.0,0.1000000014901161,3
door-open-v3,calibrated,0.1,10024,0,1,1.0,0.0910423845052719,4
door-open-v3,calibrated,0.1,10024,1,1,1.0,0.0999486073851585,4
door-open-v3,calibrated,0.1,10024,2,1,1.0,0.0999999940395355,4
door-open-v3,calibrated,0.1,10024,3,1,1.0,0.0999999940395355,4
door-open-v3,calibrated,0.1,10024,4,1,1.0,0.1000000014901161,4
door-open-v3,calibrated,0.1,10024,5,1,1.0,0.1000000014901161,4
door-open-v3,calibrated,0.1,10025,0,1,1.0,0.0749416723847389,4
door-open-v3,calibrated,0.1,10025,1,1,1.0,0.091251328587532,4
door-open-v3,calibrated,0.1,10025,2,1,1.0,0.0999999940395355,4
door-open-v3,calibrated,0.1,10025,3,1,1.0,0.1000000014901161,4
door-open-v3,calibrated,0.1,10025,4,1,1.0,0.1000000014901161,4
door-open-v3,calibrated,0.1,10025,5,1,1.0,0.1000000014901161,4
door-open-v3,calibrated,0.1,10027,0,1,1.0,0.0991409793496131,4
door-open-v3,calibrated,0.1,10027,1,1,1.0,0.0941806063055992,4
door-open-v3,calibrated,0.1,10027,2,1,1.0,0.0725745856761932,4
door-open-v3,calibrated,0.1,10027,3,1,1.0,0.1000000014901161,4
door-open-v3,calibrated,0.1,10027,4,1,1.0,0.1000000014901161,4
door-open-v3,calibrated,0.1,10027,5,1,1.0,0.0999999940395355,4
door-open-v3,calibrated,0.1,10028,0,1,1.0,0.0966500863432884,4
door-open-v3,calibrated,0.1,10028,1,1,1.0,0.0462726093828678,4
door-open-v3,calibrated,0.1,10028,2,1,1.0,0.083197958767414,4
door-open-v3,calibrated,0.1,10028,3,1,1.0,0.1000000014901161,4
door-open-v3,calibrated,0.1,10028,4,1,1.0,0.1000000014901161,4
door-open-v3,calibrated,0.1,10028,5,1,1.0,0.1000000014901161,4
door-open-v3,calibrated,0.1,10029,0,1,1.0,0.0419064573943614,4
door-open-v3,calibrated,0.1,10029,1,1,1.0,0.1000000014901161,4
door-open-v3,calibrated,0.1,10029,2,1,1.0,0.0999999940395355,4
door-open-v3,calibrated,0.1,10029,3,1,1.0,0.1000000089406967,4
door-open-v3,calibrated,0.1,10029,4,1,1.0,0.1000000089406967,4
door-open-v3,calibrated,0.1,10029,5,1,1.0,0.0999999940395355,4
door-open-v3,calibrated,0.1,10030,0,1,1.0,0.0999350622296333,4
door-open-v3,calibrated,0.1,10030,1,1,1.0,0.0443539358675479,4
door-open-v3,calibrated,0.1,10030,2,1,1.0,0.0851724371314048,4
door-open-v3,calibrated,0.1,10030,3,1,1.0,0.0999999940395355,4
door-open-v3,calibrated,0.1,10030,4,1,1.0,0.1000000014901161,4
door-open-v3,calibrated,0.1,10030,5,1,1.0,0.1000000014901161,4
door-open-v3,calibrated,0.1,10031,0,1,1.0,0.0698823928833007,4
door-open-v3,calibrated,0.1,10031,1,1,1.0,0.0831218957901001,4
door-open-v3,calibrated,0.1,10031,2,1,1.0,0.1000000014901161,4
door-open-v3,calibrated,0.1,10031,3,1,1.0,0.1000000014901161,4
door-open-v3,calibrated,0.1,10031,4,1,1.0,0.1000000089406967,4
door-open-v3,calibrated,0.1,10031,5,1,1.0,0.1000000014901161,4
door-open-v3,calibrated,0.1,10032,0,1,1.0,0.0999999791383743,4
door-open-v3,calibrated,0.1,10032,1,1,1.0,0.0980764105916023,4
door-open-v3,calibrated,0.1,10032,2,1,1.0,0.1000000014901161,4
door-open-v3,calibrated,0.1,10032,3,1,1.0,0.1000000014901161,4
door-open-v3,calibrated,0.1,10032,4,1,1.0,0.1000000014901161,4
door-open-v3,calibrated,0.1,10032,5,1,1.0,0.1000000014901161,4
door-open-v3,calibrated,0.1,10033,0,1,1.0,0.0735421329736709,4
door-open-v3,calibrated,0.1,10033,1,1,1.0,0.0696166977286338,4
door-open-v3,calibrated,0.1,10033,2,1,1.0,0.1000000014901161,4
door-open-v3,calibrated,0.1,10033,3,1,1.0,0.1000000014901161,4
door-open-v3,calibrated,0.1,10033,4,1,1.0,0.1000000014901161,4
door-open-v3,calibrated,0.1,10033,5,1,1.0,0.1000000014901161,4
door-open-v3,calibrated,0.1,10034,0,1,1.0,0.090052954852581,4
door-open-v3,calibrated,0.1,10034,1,1,1.0,0.0953405201435089,4
door-open-v3,calibrated,0.1,10034,2,1,1.0,0.0999999940395355,4
door-open-v3,calibrated,0.1,10034,3,1,1.0,0.0999999940395355,4
door-open-v3,calibrated,0.1,10034,4,1,1.0,0.1000000163912773,4
door-open-v3,calibrated,0.1,10034,5,1,1.0,0.1000000014901161,3
door-open-v3,calibrated,0.1,10035,0,1,1.0,0.0843960344791412,4
door-open-v3,calibrated,0.1,10035,1,1,1.0,0.0999999940395355,4
door-open-v3,calibrated,0.1,10035,2,1,1.0,0.1000000014901161,4
door-open-v3,calibrated,0.1,10035,3,1,1.0,0.1000000014901161,4
door-open-v3,calibrated,0.1,10035,4,1,1.0,0.1000000014901161,4
door-open-v3,calibrated,0.1,10035,5,1,1.0,0.1000000014901161,3
door-open-v3,calibrated,0.1,10036,0,1,1.0,0.097865454852581,4
door-open-v3,calibrated,0.1,10036,1,1,1.0,0.07612294703722,4
door-open-v3,calibrated,0.1,10036,2,1,1.0,0.0996773466467857,4
door-open-v3,calibrated,0.1,10036,3,1,1.0,0.1000000163912773,4
door-open-v3,calibrated,0.1,10036,4,1,1.0,0.0999999865889549,4
door-open-v3,calibrated,0.1,10036,5,1,1.0,0.1000000014901161,4
door-open-v3,calibrated,0.1,10037,0,1,1.0,0.0341237559914588,4
door-open-v3,calibrated,0.1,10037,1,1,1.0,0.0791233479976654,4
door-open-v3,calibrated,0.1,10037,2,1,1.0,0.1000000014901161,4
door-open-v3,calibrated,0.1,10037,3,1,1.0,0.1000000014901161,4
door-open-v3,calibrated,0.1,10037,4,1,1.0,0.1000000014901161,4
door-open-v3,calibrated,0.1,10037,5,1,1.0,0.1000000014901161,4
door-open-v3,calibrated,0.1,10038,0,1,1.0,0.0824697017669677,4
door-open-v3,calibrated,0.1,10038,1,1,1.0,0.0999915450811386,4
door-open-v3,calibrated,0.1,10038,2,1,1.0,0.1000000014901161,4
door-open-v3,calibrated,0.1,10038,3,1,1.0,0.1000000014901161,4
door-open-v3,calibrated,0.1,10038,4,1,1.0,0.0999999865889549,4
door-open-v3,calibrated,0.1,10038,5,1,1.0,0.1000000163912773,4
door-open-v3,calibrated,0.1,10039,0,1,1.0,0.0945431739091873,4
door-open-v3,calibrated,0.1,10039,1,1,1.0,0.0990318953990936,4
door-open-v3,calibrated,0.1,10039,2,1,1.0,0.1000000014901161,4
door-open-v3,calibrated,0.1,10039,3,1,1.0,0.1000000014901161,4
door-open-v3,calibrated,0.1,10039,4,1,1.0,0.1000000014901161,4
door-open-v3,calibrated,0.1,10039,5,1,1.0,0.1000000014901161,3
door-open-v3,calibrated,0.1,10041,0,1,1.0,0.085889384150505,4
door-open-v3,calibrated,0.1,10041,1,1,1.0,0.0499942600727081,4
door-open-v3,calibrated,0.1,10041,2,1,1.0,0.1000000014901161,4
door-open-v3,calibrated,0.1,10041,3,1,1.0,0.1000000014901161,4
door-open-v3,calibrated,0.1,10041,4,1,1.0,0.1000000089406967,4
door-open-v3,calibrated,0.1,10041,5,1,1.0,0.0999999940395355,4
door-open-v3,calibrated,0.1,10042,0,1,1.0,0.0716162249445915,4
door-open-v3,calibrated,0.1,10042,1,1,1.0,0.0933796241879463,4
door-open-v3,calibrated,0.1,10042,2,1,1.0,0.0977418571710586,4
door-open-v3,calibrated,0.1,10042,3,1,1.0,0.1000000089406967,4
door-open-v3,calibrated,0.1,10042,4,1,1.0,0.1000000014901161,4
door-open-v3,calibrated,0.1,10042,5,1,1.0,0.1000000089406967,4
door-open-v3,calibrated,0.1,10043,0,1,1.0,0.0726862847805023,4
door-open-v3,calibrated,0.1,10043,1,1,1.0,0.0921885892748832,4
door-open-v3,calibrated,0.1,10043,2,1,1.0,0.1000000014901161,4
door-open-v3,calibrated,0.1,10043,3,1,1.0,0.1000000014901161,4
door-open-v3,calibrated,0.1,10043,4,1,1.0,0.1000000014901161,4
door-open-v3,calibrated,0.1,10043,5,1,1.0,0.0999999940395355,3
door-open-v3,calibrated,0.1,10044,0,1,1.0,0.0667013749480247,4
door-open-v3,calibrated,0.1,10044,1,1,1.0,0.0954153463244438,4
door-open-v3,calibrated,0.1,10044,2,1,1.0,0.1000000014901161,4
door-open-v3,calibrated,0.1,10044,3,1,1.0,0.1000000014901161,4
door-open-v3,calibrated,0.1,10044,4,1,1.0,0.1000000089406967,4
door-open-v3,calibrated,0.1,10044,5,1,1.0,0.0999999940395355,4
door-open-v3,calibrated,0.1,10045,0,1,1.0,0.0404566600918769,4
door-open-v3,calibrated,0.1,10045,1,1,1.0,0.0999999940395355,4
door-open-v3,calibrated,0.1,10045,2,1,1.0,0.1000000014901161,4
door-open-v3,calibrated,0.1,10045,3,1,1.0,0.098939225077629,4
door-open-v3,calibrated,0.1,10045,4,1,1.0,0.1000000014901161,4
door-open-v3,calibrated,0.1,10045,5,1,1.0,0.1000000014901161,4
door-open-v3,calibrated,0.25,10000,0,1,1.0,0.074706807732582,4
door-open-v3,calibrated,0.25,10000,1,1,1.0,0.2350924611091613,4
door-open-v3,calibrated,0.25,10000,2,1,1.0,0.25,4
door-open-v3,calibrated,0.25,10000,3,1,1.0,0.2499999701976776,4
door-open-v3,calibrated,0.25,10000,4,1,1.0,0.2499999850988388,4
door-open-v3,calibrated,0.25,10000,5,1,1.0,0.25,4
door-open-v3,calibrated,0.25,10001,0,1,1.0,0.2005029767751693,4
door-open-v3,calibrated,0.25,10001,1,1,1.0,0.1616880297660827,4
door-open-v3,calibrated,0.25,10001,2,1,1.0,0.2499999850988388,4
door-open-v3,calibrated,0.25,10001,3,1,1.0,0.25,4
door-open-v3,calibrated,0.25,10001,4,1,1.0,0.25,4
door-open-v3,calibrated,0.25,10001,5,1,1.0,0.2499999850988388,3
door-open-v3,calibrated,0.25,10002,0,1,1.0,0.2202736735343933,4
door-open-v3,calibrated,0.25,10002,1,1,1.0,0.2253963053226471,4
door-open-v3,calibrated,0.25,10002,2,1,1.0,0.25,4
door-open-v3,calibrated,0.25,10002,3,1,1.0,0.25,4
door-open-v3,calibrated,0.25,10002,4,1,1.0,0.2499999850988388,4
door-open-v3,calibrated,0.25,10002,5,1,1.0,0.25,4
door-open-v3,calibrated,0.25,10003,0,1,1.0,0.2412680387496948,4
door-open-v3,calibrated,0.25,10003,1,1,1.0,0.2499914765357971,4
door-open-v3,calibrated,0.25,10003,2,1,1.0,0.2499999850988388,4
door-open-v3,calibrated,0.25,10003,3,1,1.0,0.25,4
door-open-v3,calibrated,0.25,10003,4,1,1.0,0.25,4
door-open-v3,calibrated,0.25,10003,5,1,1.0,0.25,4
door-open-v3,calibrated,0.25,10004,0,1,1.0,0.2412653267383575,4
door-open-v3,calibrated,0.25,10004,1,1,1.0,0.2006132304668426,4
door-open-v3,calibrated,0.25,10004,2,1,1.0,0.25,4
door-open-v3,calibrated,0.25,10004,3,1,1.0,0.25,4
door-open-v3,calibrated,0.25,10004,4,1,1.0,0.25,4
door-open-v3,calibrated,0.25,10004,5,1,1.0,0.25,3
door-open-v3,calibrated,0.25,10005,0,1,1.0,0.2470571398735046,4
door-open-v3,calibrated,0.25,10005,1,1,1.0,0.2165732085704803,4
door-open-v3,calibrated,0.25,10005,2,1,1.0,0.25,4
door-open-v3,calibrated,0.25,10005,3,1,1.0,0.25,4
door-open-v3,calibrated,0.25,10005,4,1,1.0,0.25,4
door-open-v3,calibrated,0.25,10005,5,1,1.0,0.25,4
door-open-v3,calibrated,0.25,10006,0,1,1.0,0.186082050204277,4
door-open-v3,calibrated,0.25,10006,1,1,1.0,0.2390861809253692,4
door-open-v3,calibrated,0.25,10006,2,1,1.0,0.25,4
door-open-v3,calibrated,0.25,10006,3,1,1.0,0.2499999850988388,4
door-open-v3,calibrated,0.25,10006,4,1,1.0,0.25,4
door-open-v3,calibrated,0.25,10006,5,1,1.0,0.25,4
door-open-v3,calibrated,0.25,10007,0,1,1.0,0.2417220324277877,4
door-open-v3,calibrated,0.25,10007,1,1,1.0,0.0815865248441696,4
door-open-v3,calibrated,0.25,10007,2,1,1.0,0.25,4
door-open-v3,calibrated,0.25,10007,3,1,1.0,0.25,4
door-open-v3,calibrated,0.25,10007,4,1,1.0,0.25,4
door-open-v3,calibrated,0.25,10007,5,1,1.0,0.25,4
door-open-v3,calibrated,0.25,10009,0,1,1.0,0.1779032349586486,4
door-open-v3,calibrated,0.25,10009,1,1,1.0,0.0704052224755287,4
door-open-v3,calibrated,0.25,10009,2,1,1.0,0.25,4
door-open-v3,calibrated,0.25,10009,3,1,1.0,0.25,4
door-open-v3,calibrated,0.25,10009,4,1,1.0,0.25,4
door-open-v3,calibrated,0.25,10009,5,1,1.0,0.25,4
door-open-v3,calibrated,0.25,10010,0,1,1.0,0.0899185538291931,4
door-open-v3,calibrated,0.25,10010,1,1,1.0,0.2423022836446762,4
door-open-v3,calibrated,0.25,10010,2,1,1.0,0.1418816149234771,4
door-open-v3,calibrated,0.25,10010,3,1,1.0,0.25,4
door-open-v3,calibrated,0.25,10010,4,1,1.0,0.25,4
door-open-v3,calibrated,0.25,10010,5,1,1.0,0.25,4
door-open-v3,calibrated,0.25,10011,0,1,1.0,0.2499999850988388,4
door-open-v3,calibrated,0.25,10011,1,1,1.0,0.2499917596578598,4
door-open-v3,calibrated,0.25,10011,2,1,1.0,0.25,4
door-open-v3,calibrated,0.25,10011,3,1,1.0,0.2499999701976776,4
door-open-v3,calibrated,0.25,10011,4,1,1.0,0.25,4
door-open-v3,calibrated,0.25,10011,5,1,1.0,0.25,4
door-open-v3,calibrated,0.25,10012,0,1,1.0,0.1883478015661239,4
door-open-v3,calibrated,0.25,10012,1,1,1.0,0.25,4
door-open-v3,calibrated,0.25,10012,2,1,1.0,0.2499999701976776,4
door-open-v3,calibrated,0.25,10012,3,1,1.0,0.25,4
door-open-v3,calibrated,0.25,10012,4,1,1.0,0.25,4
door-open-v3,calibrated,0.25,10012,5,1,1.0,0.25,4
door-open-v3,calibrated,0.25,10013,0,1,1.0,0.1800443083047866,4
door-open-v3,calibrated,0.25,10013,1,1,1.0,0.2499973475933075,4
door-open-v3,calibrated,0.25,10013,2,1,1.0,0.25,4
door-open-v3,calibrated,0.25,10013,3,1,1.0,0.25,4
door-open-v3,calibrated,0.25,10013,4,1,1.0,0.25,4
door-open-v3,calibrated,0.25,10013,5,1,1.0,0.25,3
door-open-v3,calibrated,0.25,10014,0,1,1.0,0.1545674204826355,4
door-open-v3,calibrated,0.25,10014,1,1,1.0,0.1953141242265701,4
door-open-v3,calibrated,0.25,10014,2,1,1.0,0.25,4
door-open-v3,calibrated,0.25,10014,3,1,1.0,0.25,4
door-open-v3,calibrated,0.25,10014,4,1,1.0,0.25,4
door-open-v3,calibrated,0.25,10014,5,1,1.0,0.25,4
door-open-v3,calibrated,0.25,10017,0,1,1.0,0.2499419599771499,4
door-open-v3,calibrated,0.25,10017,1,1,1.0,0.2499999850988388,4
door-open-v3,calibrated,0.25,10017,2,1,1.0,0.25,4
door-open-v3,calibrated,0.25,10017,3,1,1.0,0.25,4
door-open-v3,calibrated,0.25,10017,4,1,1.0,0.2499999850988388,4
door-open-v3,calibrated,0.25,10017,5,1,1.0,0.25,4
door-open-v3,calibrated,0.25,10018,0,1,1.0,0.2241512835025787,4
door-open-v3,calibrated,0.25,10018,1,1,1.0,0.2460390925407409,4
door-open-v3,calibrated,0.25,10018,2,1,1.0,0.2499999850988388,4
door-open-v3,calibrated,0.25,10018,3,1,1.0,0.25,4
door-open-v3,calibrated,0.25,10018,4,1,1.0,0.2499999850988388,4
door-open-v3,calibrated,0.25,10018,5,1,1.0,0.25,3
door-open-v3,calibrated,0.25,10019,0,1,1.0,0.2453978210687637,4
door-open-v3,calibrated,0.25,10019,1,1,1.0,0.1939422488212585,4
door-open-v3,calibrated,0.25,10019,2,1,1.0,0.25,4
door-open-v3,calibrated,0.25,10019,3,1,1.0,0.25,4
door-open-v3,calibrated,0.25,10019,4,1,1.0,0.25,4
door-open-v3,calibrated,0.25,10019,5,1,1.0,0.25,4
door-open-v3,calibrated,0.25,10020,0,1,1.0,0.1790981888771057,4
door-open-v3,calibrated,0.25,10020,1,1,1.0,0.2233678102493286,4
door-open-v3,calibrated,0.25,10020,2,1,1.0,0.2499999850988388,4
door-open-v3,calibrated,0.25,10020,3,1,1.0,0.2499999850988388,4
door-open-v3,calibrated,0.25,10020,4,1,1.0,0.25,4
door-open-v3,calibrated,0.25,10020,5,1,1.0,0.25,4
door-open-v3,calibrated,0.25,10022,0,1,1.0,0.1113003715872764,4
door-open-v3,calibrated,0.25,10022,1,1,1.0,0.2499985992908477,4
door-open-v3,calibrated,0.25,10022,2,1,1.0,0.2499999701976776,4
door-open-v3,calibrated,0.25,10022,3,1,1.0,0.25,4
door-open-v3,calibrated,0.25,10022,4,1,1.0,0.25,4
door-open-v3,calibrated,0.25,10022,5,1,1.0,0.25,4
door-open-v3,calibrated,0.25,10023,0,2,0.5,0.1211013495922088,4
door-open-v3,calibrated,0.25,10023,1,1,1.0,0.1829890608787536,4
door-open-v3,calibrated,0.25,10023,2,1,1.0,0.2499999850988388,4
door-open-v3,calibrated,0.25,10023,3,1,1.0,0.25,4
door-open-v3,calibrated,0.25,10023,4,1,1.0,0.2499999850988388,4
door-open-v3,calibrated,0.25,10023,5,1,1.0,0.25,3
door-open-v3,calibrated,0.25,10024,0,1,1.0,0.227605938911438,4
door-open-v3,calibrated,0.25,10024,1,1,1.0,0.2498715072870254,4
door-open-v3,calibrated,0.25,10024,2,1,1.0,0.2499999701976776,4
door-open-v3,calibrated,0.25,10024,3,1,1.0,0.2499999701976776,4
door-open-v3,calibrated,0.25,10024,4,1,1.0,0.25,4
door-open-v3,calibrated,0.25,10024,5,1,1.0,0.25,4
door-open-v3,calibrated,0.25,10025,0,1,1.0,0.1873541623353958,4
door-open-v3,calibrated,0.25,10025,1,1,1.0,0.2281283289194107,4
door-open-v3,calibrated,0.25,10025,2,1,1.0,0.2499999850988388,4
door-open-v3,calibrated,0.25,10025,3,1,1.0,0.25,4
door-open-v3,calibrated,0.25,10025,4,1,1.0,0.25,4
door-open-v3,calibrated,0.25,10025,5,1,1.0,0.25,4
door-open-v3,calibrated,0.25,10027,0,1,1.0,0.2317754328250885,4
door-open-v3,calibrated,0.25,10027,1,1,1.0,0.2121913284063339,4
door-open-v3,calibrated,0.25,10027,2,1,1.0,0.1814364790916443,4
door-open-v3,calibrated,0.25,10027,3,1,1.0,0.25,4
door-open-v3,calibrated,0.25,10027,4,1,1.0,0.25,4
door-open-v3,calibrated,0.25,10027,5,1,1.0,0.2499999850988388,4
door-open-v3,calibrated,0.25,10028,0,1,1.0,0.2416251897811889,4
door-open-v3,calibrated,0.25,10028,1,1,1.0,0.1156815215945243,4
door-open-v3,calibrated,0.25,10028,2,1,1.0,0.2079948931932449,4
door-open-v3,calibrated,0.25,10028,3,1,1.0,0.25,4
door-open-v3,calibrated,0.25,10028,4,1,1.0,0.25,4
door-open-v3,calibrated,0.25,10028,5,1,1.0,0.25,4
door-open-v3,calibrated,0.25,10029,0,1,1.0,0.1047661453485488,4
door-open-v3,calibrated,0.25,10029,1,1,1.0,0.25,4
door-open-v3,calibrated,0.25,10029,2,1,1.0,0.25,4
door-open-v3,calibrated,0.25,10029,3,1,1.0,0.25,4
door-open-v3,calibrated,0.25,10029,4,1,1.0,0.25,4
door-open-v3,calibrated,0.25,10029,5,1,1.0,0.2499999850988388,4
door-open-v3,calibrated,0.25,10030,0,1,1.0,0.2498376369476318,4
door-open-v3,calibrated,0.25,10030,1,1,1.0,0.1108848378062248,4
door-open-v3,calibrated,0.25,10030,2,1,1.0,0.2129310816526413,4
door-open-v3,calibrated,0.25,10030,3,1,1.0,0.2499999701976776,4
door-open-v3,calibrated,0.25,10030,4,1,1.0,0.25,4
door-open-v3,calibrated,0.25,10030,5,1,1.0,0.25,4
door-open-v3,calibrated,0.25,10031,0,1,1.0,0.1741400212049484,4
door-open-v3,calibrated,0.25,10031,1,1,1.0,0.2078047394752502,4
door-open-v3,calibrated,0.25,10031,2,1,1.0,0.25,4
door-open-v3,calibrated,0.25,10031,3,1,1.0,0.25,4
door-open-v3,calibrated,0.25,10031,4,1,1.0,0.25,4
door-open-v3,calibrated,0.25,10031,5,1,1.0,0.25,4
door-open-v3,calibrated,0.25,10032,0,1,1.0,0.2499999403953552,4
door-open-v3,calibrated,0.25,10032,1,1,1.0,0.2345899641513824,4
door-open-v3,calibrated,0.25,10032,2,1,1.0,0.25,4
door-open-v3,calibrated,0.25,10032,3,1,1.0,0.25,4
door-open-v3,calibrated,0.25,10032,4,1,1.0,0.2499999701976776,4
door-open-v3,calibrated,0.25,10032,5,1,1.0,0.25,4
door-open-v3,calibrated,0.25,10033,0,1,1.0,0.183855339884758,4
door-open-v3,calibrated,0.25,10033,1,1,1.0,0.1483865827322006,4
door-open-v3,calibrated,0.25,10033,2,1,1.0,0.2499999850988388,4
door-open-v3,calibrated,0.25,10033,3,1,1.0,0.25,4
door-open-v3,calibrated,0.25,10033,4,1,1.0,0.25,4
door-open-v3,calibrated,0.25,10033,5,1,1.0,0.25,4
door-open-v3,calibrated,0.25,10034,0,1,1.0,0.2205173075199127,4
door-open-v3,calibrated,0.25,10034,1,1,1.0,0.2383513152599334,4
door-open-v3,calibrated,0.25,10034,2,1,1.0,0.25,4
door-open-v3,calibrated,0.25,10034,3,1,1.0,0.2499999701976776,4
door-open-v3,calibrated,0.25,10034,4,1,1.0,0.25,4
door-open-v3,calibrated,0.25,10034,5,1,1.0,0.25,3
door-open-v3,calibrated,0.25,10035,0,1,1.0,0.1856106966733932,4
door-open-v3,calibrated,0.25,10035,1,1,1.0,0.2499999701976776,4
door-open-v3,calibrated,0.25,10035,2,1,1.0,0.2499999701976776,4
door-open-v3,calibrated,0.25,10035,3,1,1.0,0.2499999850988388,4
door-open-v3,calibrated,0.25,10035,4,1,1.0,0.25,4
door-open-v3,calibrated,0.25,10035,5,1,1.0,0.25,3
door-open-v3,calibrated,0.25,10036,0,1,1.0,0.2446636259555816,4
door-open-v3,calibrated,0.25,10036,1,1,1.0,0.1622852832078933,4
door-open-v3,calibrated,0.25,10036,2,1,1.0,0.2491933554410934,4
door-open-v3,calibrated,0.25,10036,3,1,1.0,0.25,4
door-open-v3,calibrated,0.25,10036,4,1,1.0,0.2499999701976776,4
door-open-v3,calibrated,0.25,10036,5,1,1.0,0.2499999850988388,4
door-open-v3,calibrated,0.25,10037,0,1,1.0,0.0853093862533569,4
door-open-v3,calibrated,0.25,10037,1,1,1.0,0.1760681867599487,4
door-open-v3,calibrated,0.25,10037,2,1,1.0,0.25,4
door-open-v3,calibrated,0.25,10037,3,1,1.0,0.25,4
door-open-v3,calibrated,0.25,10037,4,1,1.0,0.25,4
door-open-v3,calibrated,0.25,10037,5,1,1.0,0.25,4
door-open-v3,calibrated,0.25,10038,0,1,1.0,0.2061742693185806,4
door-open-v3,calibrated,0.25,10038,1,1,1.0,0.2499788552522659,4
door-open-v3,calibrated,0.25,10038,2,1,1.0,0.25,4
door-open-v3,calibrated,0.25,10038,3,1,1.0,0.25,4
door-open-v3,calibrated,0.25,10038,4,1,1.0,0.2499999701976776,4
door-open-v3,calibrated,0.25,10038,5,1,1.0,0.25,4
door-open-v3,calibrated,0.25,10039,0,1,1.0,0.2353536486625671,4
door-open-v3,calibrated,0.25,10039,1,1,1.0,0.2475797235965728,4
door-open-v3,calibrated,0.25,10039,2,1,1.0,0.25,4
door-open-v3,calibrated,0.25,10039,3,1,1.0,0.25,4
door-open-v3,calibrated,0.25,10039,4,1,1.0,0.25,4
door-open-v3,calibrated,0.25,10039,5,1,1.0,0.25,3
door-open-v3,calibrated,0.25,10041,0,1,1.0,0.214723452925682,4
door-open-v3,calibrated,0.25,10041,1,1,1.0,0.1017074063420295,4
door-open-v3,calibrated,0.25,10041,2,1,1.0,0.25,4
door-open-v3,calibrated,0.25,10041,3,1,1.0,0.25,4
door-open-v3,calibrated,0.25,10041,4,1,1.0,0.25,4
door-open-v3,calibrated,0.25,10041,5,1,1.0,0.2499999701976776,4
door-open-v3,calibrated,0.25,10042,0,1,1.0,0.1790405660867691,4
door-open-v3,calibrated,0.25,10042,1,1,1.0,0.1623571664094925,4
door-open-v3,calibrated,0.25,10042,2,1,1.0,0.244354635477066,4
door-open-v3,calibrated,0.25,10042,3,1,1.0,0.25,4
door-open-v3,calibrated,0.25,10042,4,1,1.0,0.2499999701976776,4
door-open-v3,calibrated,0.25,10042,5,1,1.0,0.25,4
door-open-v3,calibrated,0.25,10043,0,1,1.0,0.1817156970500946,4
door-open-v3,calibrated,0.25,10043,1,1,1.0,0.227807730436325,4
door-open-v3,calibrated,0.25,10043,2,1,1.0,0.25,4
door-open-v3,calibrated,0.25,10043,3,1,1.0,0.2499999850988388,4
door-open-v3,calibrated,0.25,10043,4,1,1.0,0.25,4
door-open-v3,calibrated,0.25,10043,5,1,1.0,0.2499999701976776,3
door-open-v3,calibrated,0.25,10044,0,1,1.0,0.165800854563713,4
door-open-v3,calibrated,0.25,10044,1,1,1.0,0.2385383397340774,4
door-open-v3,calibrated,0.25,10044,2,1,1.0,0.25,4
door-open-v3,calibrated,0.25,10044,3,1,1.0,0.25,4
door-open-v3,calibrated,0.25,10044,4,1,1.0,0.25,4
door-open-v3,calibrated,0.25,10044,5,1,1.0,0.2499999701976776,4
door-open-v3,calibrated,0.25,10045,0,1,1.0,0.1011416316032409,4
door-open-v3,calibrated,0.25,10045,1,1,1.0,0.25,4
door-open-v3,calibrated,0.25,10045,2,1,1.0,0.25,4
door-open-v3,calibrated,0.25,10045,3,1,1.0,0.2473480701446533,4
door-open-v3,calibrated,0.25,10045,4,1,1.0,0.25,4
door-open-v3,calibrated,0.25,10045,5,1,1.0,0.2499999850988388,4
door-open-v3,gaussian,0.1,10000,0,1,1.0,0.0893935486674308,4
door-open-v3,gaussian,0.1,10000,1,1,1.0,0.0998313501477241,4
door-open-v3,gaussian,0.1,10000,2,1,1.0,0.1000000014901161,4
door-open-v3,gaussian,0.1,10000,3,1,1.0,0.1000000014901161,4
door-open-v3,gaussian,0.1,10000,4,1,1.0,0.1000000014901161,4
door-open-v3,gaussian,0.1,10000,5,1,1.0,0.0999999940395355,4
door-open-v3,gaussian,0.1,10001,0,1,1.0,0.0991227328777313,4
door-open-v3,gaussian,0.1,10001,1,1,1.0,0.0836635828018188,4
door-open-v3,gaussian,0.1,10001,2,1,1.0,0.1000000014901161,4
door-open-v3,gaussian,0.1,10001,3,1,1.0,0.1000000014901161,4
door-open-v3,gaussian,0.1,10001,4,1,1.0,0.0999999940395355,4
door-open-v3,gaussian,0.1,10001,5,1,1.0,0.1000000014901161,3
door-open-v3,gaussian,0.1,10002,0,1,1.0,0.0891465544700622,4
door-open-v3,gaussian,0.1,10002,1,1,1.0,0.1000000014901161,4
door-open-v3,gaussian,0.1,10002,2,1,1.0,0.1000000014901161,4
door-open-v3,gaussian,0.1,10002,3,1,1.0,0.0999999940395355,4
door-open-v3,gaussian,0.1,10002,4,1,1.0,0.1000000014901161,4
door-open-v3,gaussian,0.1,10002,5,1,1.0,0.1000000014901161,4
door-open-v3,gaussian,0.1,10003,0,1,1.0,0.0905017778277397,4
door-open-v3,gaussian,0.1,10003,1,1,1.0,0.0774465054273605,4
door-open-v3,gaussian,0.1,10003,2,1,1.0,0.1000000014901161,4
door-open-v3,gaussian,0.1,10003,3,1,1.0,0.1000000014901161,4
door-open-v3,gaussian,0.1,10003,4,1,1.0,0.1000000014901161,4
door-open-v3,gaussian,0.1,10003,5,1,1.0,0.1000000014901161,4
door-open-v3,gaussian,0.1,10004,0,1,1.0,0.0999644845724105,4
door-open-v3,gaussian,0.1,10004,1,1,1.0,0.0999999940395355,4
door-open-v3,gaussian,0.1,10004,2,1,1.0,0.1000000014901161,4
door-open-v3,gaussian,0.1,10004,3,1,1.0,0.1000000014901161,4
door-open-v3,gaussian,0.1,10004,4,1,1.0,0.1000000014901161,4
door-open-v3,gaussian,0.1,10004,5,1,1.0,0.1000000014901161,3
door-open-v3,gaussian,0.1,10005,0,1,1.0,0.0999999940395355,4
door-open-v3,gaussian,0.1,10005,1,1,1.0,0.0913494005799293,4
door-open-v3,gaussian,0.1,10005,2,1,1.0,0.1000000014901161,4
door-open-v3,gaussian,0.1,10005,3,1,1.0,0.1000000014901161,4
door-open-v3,gaussian,0.1,10005,4,1,1.0,0.1000000014901161,4
door-open-v3,gaussian,0.1,10005,5,1,1.0,0.1000000014901161,4
door-open-v3,gaussian,0.1,10006,0,1,1.0,0.0770314335823059,4
door-open-v3,gaussian,0.1,10006,1,1,1.0,0.0992908030748367,4
door-open-v3,gaussian,0.1,10006,2,1,1.0,0.1000000014901161,4
door-open-v3,gaussian,0.1,10006,3,1,1.0,0.1000000014901161,4
door-open-v3,gaussian,0.1,10006,4,1,1.0,0.0999999940395355,4
door-open-v3,gaussian,0.1,10006,5,1,1.0,0.0999999940395355,4
door-open-v3,gaussian,0.1,10007,0,1,1.0,0.0729959607124328,4
door-open-v3,gaussian,0.1,10007,1,1,1.0,0.0981692746281623,4
door-open-v3,gaussian,0.1,10007,2,1,1.0,0.1000000014901161,4
door-open-v3,gaussian,0.1,10007,3,1,1.0,0.1000000014901161,4
door-open-v3,gaussian,0.1,10007,4,1,1.0,0.1000000014901161,4
door-open-v3,gaussian,0.1,10007,5,1,1.0,0.1000000014901161,4
door-open-v3,gaussian,0.1,10009,0,1,1.0,0.0487382858991622,4
door-open-v3,gaussian,0.1,10009,1,1,1.0,0.0870207622647285,4
door-open-v3,gaussian,0.1,10009,2,1,1.0,0.1000000014901161,4
door-open-v3,gaussian,0.1,10009,3,1,1.0,0.1000000014901161,4
door-open-v3,gaussian,0.1,10009,4,1,1.0,0.1000000014901161,4
door-open-v3,gaussian,0.1,10009,5,1,1.0,0.1000000014901161,4
door-open-v3,gaussian,0.1,10010,0,1,1.0,0.0979901999235153,4
door-open-v3,gaussian,0.1,10010,1,1,1.0,0.0789989605545997,4
door-open-v3,gaussian,0.1,10010,2,1,1.0,0.0431534573435783,4
door-open-v3,gaussian,0.1,10010,3,1,1.0,0.1000000014901161,4
door-open-v3,gaussian,0.1,10010,4,1,1.0,0.1000000014901161,4
door-open-v3,gaussian,0.1,10010,5,1,1.0,0.0999999940395355,4
door-open-v3,gaussian,0.1,10011,0,1,1.0,0.0999892055988311,4
door-open-v3,gaussian,0.1,10011,1,1,1.0,0.0992385372519493,4
door-open-v3,gaussian,0.1,10011,2,1,1.0,0.0999999940395355,4
door-open-v3,gaussian,0.1,10011,3,1,1.0,0.1000000014901161,4
door-open-v3,gaussian,0.1,10011,4,1,1.0,0.1000000014901161,4
door-open-v3,gaussian,0.1,10011,5,1,1.0,0.0999999940395355,4
door-open-v3,gaussian,0.1,10012,0,1,1.0,0.0957958623766899,4
door-open-v3,gaussian,0.1,10012,1,1,1.0,0.0998167544603347,4
door-open-v3,gaussian,0.1,10012,2,1,1.0,0.1000000014901161,4
door-open-v3,gaussian,0.1,10012,3,1,1.0,0.1000000014901161,4
door-open-v3,gaussian,0.1,10012,4,1,1.0,0.0999999940395355,4
door-open-v3,gaussian,0.1,10012,5,1,1.0,0.1000000014901161,4
door-open-v3,gaussian,0.1,10013,0,1,1.0,0.0797755792737007,4
door-open-v3,gaussian,0.1,10013,1,1,1.0,0.0891027972102165,4
door-open-v3,gaussian,0.1,10013,2,1,1.0,0.1000000014901161,4
door-open-v3,gaussian,0.1,10013,3,1,1.0,0.1000000014901161,4
door-open-v3,gaussian,0.1,10013,4,1,1.0,0.1000000014901161,4
door-open-v3,gaussian,0.1,10013,5,1,1.0,0.1000000014901161,3
door-open-v3,gaussian,0.1,10014,0,1,1.0,0.0999999940395355,4
door-open-v3,gaussian,0.1,10014,1,1,1.0,0.1000000014901161,4
door-open-v3,gaussian,0.1,10014,2,1,1.0,0.1000000014901161,4
door-open-v3,gaussian,0.1,10014,3,1,1.0,0.1000000014901161,4
door-open-v3,gaussian,0.1,10014,4,1,1.0,0.1000000014901161,4
door-open-v3,gaussian,0.1,10014,5,1,1.0,0.1000000014901161,4
door-open-v3,gaussian,0.1,10017,0,1,1.0,0.0999999865889549,4
door-open-v3,gaussian,0.1,10017,1,1,1.0,0.1000000014901161,4
door-open-v3,gaussian,0.1,10017,2,1,1.0,0.1000000014901161,4
door-open-v3,gaussian,0.1,10017,3,1,1.0,0.1000000014901161,4
door-open-v3,gaussian,0.1,10017,4,1,1.0,0.1000000014901161,4
door-open-v3,gaussian,0.1,10017,5,1,1.0,0.1000000014901161,4
door-open-v3,gaussian,0.1,10018,0,1,1.0,0.1000000014901161,4
door-open-v3,gaussian,0.1,10018,1,1,1.0,0.0980396792292594,4
door-open-v3,gaussian,0.1,10018,2,1,1.0,0.1000000014901161,4
door-open-v3,gaussian,0.1,10018,3,1,1.0,0.1000000014901161,4
door-open-v3,gaussian,0.1,10018,4,1,1.0,0.1000000014901161,4
door-open-v3,gaussian,0.1,10018,5,1,1.0,0.1000000014901161,3
door-open-v3,gaussian,0.1,10019,0,1,1.0,0.0287171490490436,4
door-open-v3,gaussian,0.1,10019,1,1,1.0,0.0996967777609825,4
door-open-v3,gaussian,0.1,10019,2,1,1.0,0.1000000014901161,4
door-open-v3,gaussian,0.1,10019,3,1,1.0,0.0999999940395355,4
door-open-v3,gaussian,0.1,10019,4,1,1.0,0.1000000014901161,4
door-open-v3,gaussian,0.1,10019,5,1,1.0,0.1000000014901161,4
door-open-v3,gaussian,0.1,10020,0,1,1.0,0.035707764327526,4
door-open-v3,gaussian,0.1,10020,1,1,1.0,0.03932586312294,4
door-open-v3,gaussian,0.1,10020,2,1,1.0,0.1000000014901161,4
door-open-v3,gaussian,0.1,10020,3,1,1.0,0.1000000014901161,4
door-open-v3,gaussian,0.1,10020,4,1,1.0,0.0999999940395355,4
door-open-v3,gaussian,0.1,10020,5,1,1.0,0.1000000014901161,4
door-open-v3,gaussian,0.1,10022,0,1,1.0,0.0963569730520248,4
door-open-v3,gaussian,0.1,10022,1,1,1.0,0.0967151224613189,4
door-open-v3,gaussian,0.1,10022,2,1,1.0,0.1000000014901161,4
door-open-v3,gaussian,0.1,10022,3,1,1.0,0.1000000014901161,4
door-open-v3,gaussian,0.1,10022,4,1,1.0,0.1000000014901161,4
door-open-v3,gaussian,0.1,10022,5,1,1.0,0.1000000014901161,4
door-open-v3,gaussian,0.1,10023,0,1,1.0,0.0710615366697311,4
door-open-v3,gaussian,0.1,10023,1,1,1.0,0.0512373857200145,4
door-open-v3,gaussian,0.1,10023,2,1,1.0,0.1000000014901161,4
door-open-v3,gaussian,0.1,10023,3,1,1.0,0.1000000014901161,4
door-open-v3,gaussian,0.1,10023,4,1,1.0,0.1000000014901161,4
door-open-v3,gaussian,0.1,10023,5,1,1.0,0.1000000014901161,3
door-open-v3,gaussian,0.1,10024,0,1,1.0,0.0864118337631225,4
door-open-v3,gaussian,0.1,10024,1,1,1.0,0.0940134599804878,4
door-open-v3,gaussian,0.1,10024,2,1,1.0,0.1000000014901161,4
door-open-v3,gaussian,0.1,10024,3,1,1.0,0.1000000014901161,4
door-open-v3,gaussian,0.1,10024,4,1,1.0,0.1000000014901161,4
door-open-v3,gaussian,0.1,10024,5,1,1.0,0.1000000014901161,4
door-open-v3,gaussian,0.1,10025,0,1,1.0,0.0576728247106075,4
door-open-v3,gaussian,0.1,10025,1,1,1.0,0.0776923522353172,4
door-open-v3,gaussian,0.1,10025,2,1,1.0,0.1000000014901161,4
door-open-v3,gaussian,0.1,10025,3,1,1.0,0.0999999940395355,4
door-open-v3,gaussian,0.1,10025,4,1,1.0,0.1000000014901161,4
door-open-v3,gaussian,0.1,10025,5,1,1.0,0.1000000014901161,4
door-open-v3,gaussian,0.1,10027,0,1,1.0,0.0670943930745124,4
door-open-v3,gaussian,0.1,10027,1,1,1.0,0.0969567596912384,4
door-open-v3,gaussian,0.1,10027,2,1,1.0,0.0954159051179885,4
door-open-v3,gaussian,0.1,10027,3,1,1.0,0.1000000014901161,4
door-open-v3,gaussian,0.1,10027,4,1,1.0,0.1000000014901161,4
door-open-v3,gaussian,0.1,10027,5,1,1.0,0.1000000014901161,4
door-open-v3,gaussian,0.1,10028,0,1,1.0,0.0475230291485786,4
door-open-v3,gaussian,0.1,10028,1,1,1.0,0.0653474703431129,4
door-open-v3,gaussian,0.1,10028,2,1,1.0,0.0972156301140785,4
door-open-v3,gaussian,0.1,10028,3,1,1.0,0.1000000014901161,4
door-open-v3,gaussian,0.1,10028,4,1,1.0,0.1000000014901161,4
door-open-v3,gaussian,0.1,10028,5,1,1.0,0.1000000014901161,4
door-open-v3,gaussian,0.1,10029,0,1,1.0,0.083713486790657,4
door-open-v3,gaussian,0.1,10029,1,1,1.0,0.1000000014901161,4
door-open-v3,gaussian,0.1,10029,2,1,1.0,0.1000000014901161,4
door-open-v3,gaussian,0.1,10029,3,1,1.0,0.0999999940395355,4
door-open-v3,gaussian,0.1,10029,4,1,1.0,0.1000000014901161,4
door-open-v3,gaussian,0.1,10029,5,1,1.0,0.1000000014901161,4
door-open-v3,gaussian,0.1,10030,0,1,1.0,0.0657956227660179,4
door-open-v3,gaussian,0.1,10030,1,1,1.0,0.0443829223513603,4
door-open-v3,gaussian,0.1,10030,2,1,1.0,0.0997373014688491,4
door-open-v3,gaussian,0.1,10030,3,1,1.0,0.1000000014901161,4
door-open-v3,gaussian,0.1,10030,4,1,1.0,0.1000000014901161,4
door-open-v3,gaussian,0.1,10030,5,1,1.0,0.1000000014901161,4
door-open-v3,gaussian,0.1,10031,0,1,1.0,0.0768010169267654,4
door-open-v3,gaussian,0.1,10031,1,1,1.0,0.084005169570446,4
door-open-v3,gaussian,0.1,10031,2,1,1.0,0.1000000014901161,4
door-open-v3,gaussian,0.1,10031,3,1,1.0,0.1000000014901161,4
door-open-v3,gaussian,0.1,10031,4,1,1.0,0.1000000014901161,4
door-open-v3,gaussian,0.1,10031,5,1,1.0,0.1000000014901161,4
door-open-v3,gaussian,0.1,10032,0,1,1.0,0.0416528657078743,4
door-open-v3,gaussian,0.1,10032,1,1,1.0,0.0541503280401229,4
door-open-v3,gaussian,0.1,10032,2,1,1.0,0.1000000014901161,4
door-open-v3,gaussian,0.1,10032,3,1,1.0,0.1000000014901161,4
door-open-v3,gaussian,0.1,10032,4,1,1.0,0.1000000014901161,4
door-open-v3,gaussian,0.1,10032,5,1,1.0,0.1000000014901161,4
door-open-v3,gaussian,0.1,10033,0,1,1.0,0.0956354364752769,4
door-open-v3,gaussian,0.1,10033,1,1,1.0,0.0898619890213012,4
door-open-v3,gaussian,0.1,10033,2,1,1.0,0.1000000014901161,4
door-open-v3,gaussian,0.1,10033,3,1,1.0,0.1000000014901161,4
door-open-v3,gaussian,0.1,10033,4,1,1.0,0.0999999940395355,4
door-open-v3,gaussian,0.1,10033,5,1,1.0,0.1000000014901161,4
door-open-v3,gaussian,0.1,10034,0,1,1.0,0.0995781496167182,4
door-open-v3,gaussian,0.1,10034,1,1,1.0,0.1000000014901161,4
door-open-v3,gaussian,0.1,10034,2,1,1.0,0.1000000014901161,4
door-open-v3,gaussian,0.1,10034,3,1,1.0,0.1000000014901161,4
door-open-v3,gaussian,0.1,10034,4,1,1.0,0.1000000014901161,4
door-open-v3,gaussian,0.1,10034,5,1,1.0,0.1000000014901161,3
door-open-v3,gaussian,0.1,10035,0,1,1.0,0.0966607928276062,4
door-open-v3,gaussian,0.1,10035,1,1,1.0,0.1000000014901161,4
door-open-v3,gaussian,0.1,10035,2,1,1.0,0.1000000014901161,4
door-open-v3,gaussian,0.1,10035,3,1,1.0,0.1000000014901161,4
door-open-v3,gaussian,0.1,10035,4,1,1.0,0.1000000014901161,4
door-open-v3,gaussian,0.1,10035,5,1,1.0,0.1000000014901161,3
door-open-v3,gaussian,0.1,10036,0,1,1.0,0.0403409712016582,4
door-open-v3,gaussian,0.1,10036,1,1,1.0,0.0888247713446617,4
door-open-v3,gaussian,0.1,10036,2,1,1.0,0.1000000014901161,4
door-open-v3,gaussian,0.1,10036,3,1,1.0,0.1000000014901161,4
door-open-v3,gaussian,0.1,10036,4,1,1.0,0.1000000014901161,4
door-open-v3,gaussian,0.1,10036,5,1,1.0,0.1000000014901161,4
door-open-v3,gaussian,0.1,10037,0,1,1.0,0.0922174677252769,4
door-open-v3,gaussian,0.1,10037,1,1,1.0,0.0996111556887626,4
door-open-v3,gaussian,0.1,10037,2,1,1.0,0.1000000014901161,4
door-open-v3,gaussian,0.1,10037,3,1,1.0,0.1000000014901161,4
door-open-v3,gaussian,0.1,10037,4,1,1.0,0.1000000014901161,4
door-open-v3,gaussian,0.1,10037,5,1,1.0,0.1000000014901161,4
door-open-v3,gaussian,0.1,10038,0,1,1.0,0.0893049016594886,4
door-open-v3,gaussian,0.1,10038,1,1,1.0,0.0983478799462318,4
door-open-v3,gaussian,0.1,10038,2,1,1.0,0.1000000014901161,4
door-open-v3,gaussian,0.1,10038,3,1,1.0,0.1000000014901161,4
door-open-v3,gaussian,0.1,10038,4,1,1.0,0.1000000014901161,4
door-open-v3,gaussian,0.1,10038,5,1,1.0,0.1000000014901161,4
door-open-v3,gaussian,0.1,10039,0,1,1.0,0.0999999940395355,4
door-open-v3,gaussian,0.1,10039,1,1,1.0,0.0713695362210273,4
door-open-v3,gaussian,0.1,10039,2,1,1.0,0.1000000014901161,4
door-open-v3,gaussian,0.1,10039,3,1,1.0,0.1000000014901161,4
door-open-v3,gaussian,0.1,10039,4,1,1.0,0.1000000014901161,4
door-open-v3,gaussian,0.1,10039,5,1,1.0,0.1000000014901161,3
door-open-v3,gaussian,0.1,10041,0,1,1.0,0.0703233331441879,4
door-open-v3,gaussian,0.1,10041,1,1,1.0,0.096277579665184,4
door-open-v3,gaussian,0.1,10041,2,1,1.0,0.1000000014901161,4
door-open-v3,gaussian,0.1,10041,3,1,1.0,0.1000000014901161,4
door-open-v3,gaussian,0.1,10041,4,1,1.0,0.0999999940395355,4
door-open-v3,gaussian,0.1,10041,5,1,1.0,0.1000000014901161,4
door-open-v3,gaussian,0.1,10042,0,1,1.0,0.0999521687626838,4
door-open-v3,gaussian,0.1,10042,1,1,1.0,0.0738845989108085,4
door-open-v3,gaussian,0.1,10042,2,1,1.0,0.1000000014901161,4
door-open-v3,gaussian,0.1,10042,3,1,1.0,0.1000000014901161,4
door-open-v3,gaussian,0.1,10042,4,1,1.0,0.1000000014901161,4
door-open-v3,gaussian,0.1,10042,5,1,1.0,0.0999999940395355,4
door-open-v3,gaussian,0.1,10043,0,1,1.0,0.0867679715156555,4
door-open-v3,gaussian,0.1,10043,1,1,1.0,0.1000000014901161,4
door-open-v3,gaussian,0.1,10043,2,1,1.0,0.0878197029232978,4
door-open-v3,gaussian,0.1,10043,3,1,1.0,0.1000000014901161,4
door-open-v3,gaussian,0.1,10043,4,1,1.0,0.1000000014901161,4
door-open-v3,gaussian,0.1,10043,5,1,1.0,0.0999999940395355,3
door-open-v3,gaussian,0.1,10044,0,1,1.0,0.0728997066617012,4
door-open-v3,gaussian,0.1,10044,1,1,1.0,0.0829120501875877,4
door-open-v3,gaussian,0.1,10044,2,1,1.0,0.1000000014901161,4
door-open-v3,gaussian,0.1,10044,3,1,1.0,0.1000000014901161,4
door-open-v3,gaussian,0.1,10044,4,1,1.0,0.1000000014901161,4
door-open-v3,gaussian,0.1,10044,5,1,1.0,0.1000000014901161,4
door-open-v3,gaussian,0.1,10045,0,1,1.0,0.1000000014901161,4
door-open-v3,gaussian,0.1,10045,1,1,1.0,0.1000000014901161,4
door-open-v3,gaussian,0.1,10045,2,1,1.0,0.1000000014901161,4
door-open-v3,gaussian,0.1,10045,3,1,1.0,0.1000000014901161,4
door-open-v3,gaussian,0.1,10045,4,1,1.0,0.1000000014901161,4
door-open-v3,gaussian,0.1,10045,5,1,1.0,0.1000000014901161,4
door-open-v3,gaussian,0.25,10000,0,1,1.0,0.2234838753938675,4
door-open-v3,gaussian,0.25,10000,1,1,1.0,0.2495783567428589,4
door-open-v3,gaussian,0.25,10000,2,1,1.0,0.25,4
door-open-v3,gaussian,0.25,10000,3,1,1.0,0.25,4
door-open-v3,gaussian,0.25,10000,4,1,1.0,0.25,4
door-open-v3,gaussian,0.25,10000,5,1,1.0,0.25,4
door-open-v3,gaussian,0.25,10001,0,1,1.0,0.2478068470954895,4
door-open-v3,gaussian,0.25,10001,1,1,1.0,0.2044834345579147,4
door-open-v3,gaussian,0.25,10001,2,1,1.0,0.25,4
door-open-v3,gaussian,0.25,10001,3,1,1.0,0.25,4
door-open-v3,gaussian,0.25,10001,4,1,1.0,0.25,4
door-open-v3,gaussian,0.25,10001,5,1,1.0,0.25,3
door-open-v3,gaussian,0.25,10002,0,1,1.0,0.2091598957777023,4
door-open-v3,gaussian,0.25,10002,1,1,1.0,0.25,4
door-open-v3,gaussian,0.25,10002,2,1,1.0,0.25,4
door-open-v3,gaussian,0.25,10002,3,1,1.0,0.25,4
door-open-v3,gaussian,0.25,10002,4,1,1.0,0.25,4
door-open-v3,gaussian,0.25,10002,5,1,1.0,0.25,4
door-open-v3,gaussian,0.25,10003,0,1,1.0,0.2262544482946396,4
door-open-v3,gaussian,0.25,10003,1,1,1.0,0.1934893429279327,4
door-open-v3,gaussian,0.25,10003,2,1,1.0,0.25,4
door-open-v3,gaussian,0.25,10003,3,1,1.0,0.25,4
door-open-v3,gaussian,0.25,10003,4,1,1.0,0.25,4
door-open-v3,gaussian,0.25,10003,5,1,1.0,0.25,4
door-open-v3,gaussian,0.25,10004,0,1,1.0,0.2499112039804458,4
door-open-v3,gaussian,0.25,10004,1,1,1.0,0.25,4
door-open-v3,gaussian,0.25,10004,2,1,1.0,0.25,4
door-open-v3,gaussian,0.25,10004,3,1,1.0,0.25,4
door-open-v3,gaussian,0.25,10004,4,1,1.0,0.25,4
door-open-v3,gaussian,0.25,10004,5,1,1.0,0.25,3
door-open-v3,gaussian,0.25,10005,0,1,1.0,0.25,4
door-open-v3,gaussian,0.25,10005,1,1,1.0,0.2275498658418655,4
door-open-v3,gaussian,0.25,10005,2,1,1.0,0.25,4
door-open-v3,gaussian,0.25,10005,3,1,1.0,0.25,4
door-open-v3,gaussian,0.25,10005,4,1,1.0,0.25,4
door-open-v3,gaussian,0.25,10005,5,1,1.0,0.25,4
door-open-v3,gaussian,0.25,10006,0,1,1.0,0.1925785690546035,4
door-open-v3,gaussian,0.25,10006,1,1,1.0,0.2482270300388336,4
door-open-v3,gaussian,0.25,10006,2,1,1.0,0.25,4
door-open-v3,gaussian,0.25,10006,3,1,1.0,0.25,4
door-open-v3,gaussian,0.25,10006,4,1,1.0,0.25,4
door-open-v3,gaussian,0.25,10006,5,1,1.0,0.25,4
door-open-v3,gaussian,0.25,10007,0,1,1.0,0.1824889183044433,4
door-open-v3,gaussian,0.25,10007,1,1,1.0,0.2454231828451156,4
door-open-v3,gaussian,0.25,10007,2,1,1.0,0.25,4
door-open-v3,gaussian,0.25,10007,3,1,1.0,0.25,4
door-open-v3,gaussian,0.25,10007,4,1,1.0,0.25,4
door-open-v3,gaussian,0.25,10007,5,1,1.0,0.25,4
door-open-v3,gaussian,0.25,10009,0,1,1.0,0.1213137432932853,4
door-open-v3,gaussian,0.25,10009,1,1,1.0,0.2175519317388534,4
door-open-v3,gaussian,0.25,10009,2,1,1.0,0.25,4
door-open-v3,gaussian,0.25,10009,3,1,1.0,0.25,4
door-open-v3,gaussian,0.25,10009,4,1,1.0,0.25,4
door-open-v3,gaussian,0.25,10009,5,1,1.0,0.25,4
door-open-v3,gaussian,0.25,10010,0,1,1.0,0.2449755072593689,4
door-open-v3,gaussian,0.25,10010,1,1,1.0,0.1974973827600479,4
door-open-v3,gaussian,0.25,10010,2,1,1.0,0.0493718795478343,4
door-open-v3,gaussian,0.25,10010,3,1,1.0,0.25,4
door-open-v3,gaussian,0.25,10010,4,1,1.0,0.25,4
door-open-v3,gaussian,0.25,10010,5,1,1.0,0.25,4
door-open-v3,gaussian,0.25,10011,0,1,1.0,0.1866659373044967,4
door-open-v3,gaussian,0.25,10011,1,1,1.0,0.2480963468551635,4
door-open-v3,gaussian,0.25,10011,2,1,1.0,0.25,4
door-open-v3,gaussian,0.25,10011,3,1,1.0,0.25,4
door-open-v3,gaussian,0.25,10011,4,1,1.0,0.25,4
door-open-v3,gaussian,0.25,10011,5,1,1.0,0.25,4
door-open-v3,gaussian,0.25,10012,0,1,1.0,0.239489659667015,4
door-open-v3,gaussian,0.25,10012,1,1,1.0,0.2394253462553024,4
door-open-v3,gaussian,0.25,10012,2,1,1.0,0.25,4
door-open-v3,gaussian,0.25,10012,3,1,1.0,0.25,4
door-open-v3,gaussian,0.25,10012,4,1,1.0,0.25,4
door-open-v3,gaussian,0.25,10012,5,1,1.0,0.25,4
door-open-v3,gaussian,0.25,10013,0,1,1.0,0.1994389295578003,4
door-open-v3,gaussian,0.25,10013,1,1,1.0,0.2207267582416534,4
door-open-v3,gaussian,0.25,10013,2,1,1.0,0.25,4
door-open-v3,gaussian,0.25,10013,3,1,1.0,0.25,4
door-open-v3,gaussian,0.25,10013,4,1,1.0,0.25,4
door-open-v3,gaussian,0.25,10013,5,1,1.0,0.25,3
door-open-v3,gaussian,0.25,10014,0,1,1.0,0.25,4
door-open-v3,gaussian,0.25,10014,1,1,1.0,0.2384480684995651,4
door-open-v3,gaussian,0.25,10014,2,1,1.0,0.25,4
door-open-v3,gaussian,0.25,10014,3,1,1.0,0.25,4
door-open-v3,gaussian,0.25,10014,4,1,1.0,0.25,4
door-open-v3,gaussian,0.25,10014,5,1,1.0,0.25,4
door-open-v3,gaussian,0.25,10017,0,1,1.0,0.2107644975185394,4
door-open-v3,gaussian,0.25,10017,1,1,1.0,0.25,4
door-open-v3,gaussian,0.25,10017,2,1,1.0,0.25,4
door-open-v3,gaussian,0.25,10017,3,1,1.0,0.25,4
door-open-v3,gaussian,0.25,10017,4,1,1.0,0.25,4
door-open-v3,gaussian,0.25,10017,5,1,1.0,0.25,4
door-open-v3,gaussian,0.25,10018,0,1,1.0,0.2245324999094009,4
door-open-v3,gaussian,0.25,10018,1,1,1.0,0.2276696115732193,4
door-open-v3,gaussian,0.25,10018,2,1,1.0,0.25,4
door-open-v3,gaussian,0.25,10018,3,1,1.0,0.25,4
door-open-v3,gaussian,0.25,10018,4,1,1.0,0.25,4
door-open-v3,gaussian,0.25,10018,5,1,1.0,0.25,3
door-open-v3,gaussian,0.25,10019,0,1,1.0,0.0717928707599639,4
door-open-v3,gaussian,0.25,10019,1,1,1.0,0.2492419481277465,4
door-open-v3,gaussian,0.25,10019,2,1,1.0,0.25,4
door-open-v3,gaussian,0.25,10019,3,1,1.0,0.25,4
door-open-v3,gaussian,0.25,10019,4,1,1.0,0.25,4
door-open-v3,gaussian,0.25,10019,5,1,1.0,0.2499999850988388,4
door-open-v3,gaussian,0.25,10020,0,1,1.0,0.0892694070935249,4
door-open-v3,gaussian,0.25,10020,1,1,1.0,0.0751325786113739,4
door-open-v3,gaussian,0.25,10020,2,1,1.0,0.25,4
door-open-v3,gaussian,0.25,10020,3,1,1.0,0.25,4
door-open-v3,gaussian,0.25,10020,4,1,1.0,0.25,4
door-open-v3,gaussian,0.25,10020,5,1,1.0,0.25,4
door-open-v3,gaussian,0.25,10022,0,1,1.0,0.2345287799835205,4
door-open-v3,gaussian,0.25,10022,1,1,1.0,0.2417878210544586,4
door-open-v3,gaussian,0.25,10022,2,1,1.0,0.25,4
door-open-v3,gaussian,0.25,10022,3,1,1.0,0.25,4
door-open-v3,gaussian,0.25,10022,4,1,1.0,0.25,4
door-open-v3,gaussian,0.25,10022,5,1,1.0,0.25,4
door-open-v3,gaussian,0.25,10023,0,1,1.0,0.1776538342237472,4
door-open-v3,gaussian,0.25,10023,1,1,1.0,0.1280934661626815,4
door-open-v3,gaussian,0.25,10023,2,1,1.0,0.25,4
door-open-v3,gaussian,0.25,10023,3,1,1.0,0.25,4
door-open-v3,gaussian,0.25,10023,4,1,1.0,0.25,4
door-open-v3,gaussian,0.25,10023,5,1,1.0,0.25,3
door-open-v3,gaussian,0.25,10024,0,1,1.0,0.2160295844078064,4
door-open-v3,gaussian,0.25,10024,1,1,1.0,0.2318430095911026,4
door-open-v3,gaussian,0.25,10024,2,1,1.0,0.25,4
door-open-v3,gaussian,0.25,10024,3,1,1.0,0.25,4
door-open-v3,gaussian,0.25,10024,4,1,1.0,0.25,4
door-open-v3,gaussian,0.25,10024,5,1,1.0,0.25,4
door-open-v3,gaussian,0.25,10025,0,1,1.0,0.1441820561885833,4
door-open-v3,gaussian,0.25,10025,1,1,1.0,0.1942308843135833,4
door-open-v3,gaussian,0.25,10025,2,1,1.0,0.25,4
door-open-v3,gaussian,0.25,10025,3,1,1.0,0.25,4
door-open-v3,gaussian,0.25,10025,4,1,1.0,0.25,4
door-open-v3,gaussian,0.25,10025,5,1,1.0,0.25,4
door-open-v3,gaussian,0.25,10027,0,1,1.0,0.1541799753904342,4
door-open-v3,gaussian,0.25,10027,1,1,1.0,0.2372887730598449,4
door-open-v3,gaussian,0.25,10027,2,1,1.0,0.238539770245552,4
door-open-v3,gaussian,0.25,10027,3,1,1.0,0.25,4
door-open-v3,gaussian,0.25,10027,4,1,1.0,0.25,4
door-open-v3,gaussian,0.25,10027,5,1,1.0,0.25,4
door-open-v3,gaussian,0.25,10028,0,1,1.0,0.1077659428119659,4
door-open-v3,gaussian,0.25,10028,1,1,1.0,0.1633686870336532,4
door-open-v3,gaussian,0.25,10028,2,1,1.0,0.2341805398464203,4
door-open-v3,gaussian,0.25,10028,3,1,1.0,0.25,4
door-open-v3,gaussian,0.25,10028,4,1,1.0,0.25,4
door-open-v3,gaussian,0.25,10028,5,1,1.0,0.25,4
door-open-v3,gaussian,0.25,10029,0,1,1.0,0.209283709526062,4
door-open-v3,gaussian,0.25,10029,1,1,1.0,0.25,4
door-open-v3,gaussian,0.25,10029,2,1,1.0,0.25,4
door-open-v3,gaussian,0.25,10029,3,1,1.0,0.25,4
door-open-v3,gaussian,0.25,10029,4,1,1.0,0.25,4
door-open-v3,gaussian,0.25,10029,5,1,1.0,0.25,4
door-open-v3,gaussian,0.25,10030,0,1,1.0,0.164489060640335,4
door-open-v3,gaussian,0.25,10030,1,1,1.0,0.1088952049612999,4
door-open-v3,gaussian,0.25,10030,2,1,1.0,0.2493432760238647,4
door-open-v3,gaussian,0.25,10030,3,1,1.0,0.25,4
door-open-v3,gaussian,0.25,10030,4,1,1.0,0.25,4
door-open-v3,gaussian,0.25,10030,5,1,1.0,0.25,4
door-open-v3,gaussian,0.25,10031,0,1,1.0,0.1850587427616119,4
door-open-v3,gaussian,0.25,10031,1,1,1.0,0.2100129127502441,4
door-open-v3,gaussian,0.25,10031,2,1,1.0,0.25,4
door-open-v3,gaussian,0.25,10031,3,1,1.0,0.25,4
door-open-v3,gaussian,0.25,10031,4,1,1.0,0.25,4
door-open-v3,gaussian,0.25,10031,5,1,1.0,0.25,4
door-open-v3,gaussian,0.25,10032,0,1,1.0,0.104132167994976,4
door-open-v3,gaussian,0.25,10032,1,1,1.0,0.0961428880691528,4
door-open-v3,gaussian,0.25,10032,2,1,1.0,0.25,4
door-open-v3,gaussian,0.25,10032,3,1,1.0,0.25,4
door-open-v3,gaussian,0.25,10032,4,1,1.0,0.25,4
door-open-v3,gaussian,0.25,10032,5,1,1.0,0.25,4
door-open-v3,gaussian,0.25,10033,0,1,1.0,0.2390885800123214,4
door-open-v3,gaussian,0.25,10033,1,1,1.0,0.2246549874544143,4
door-open-v3,gaussian,0.25,10033,2,1,1.0,0.25,4
door-open-v3,gaussian,0.25,10033,3,1,1.0,0.25,4
door-open-v3,gaussian,0.25,10033,4,1,1.0,0.25,4
door-open-v3,gaussian,0.25,10033,5,1,1.0,0.25,4
door-open-v3,gaussian,0.25,10034,0,1,1.0,0.2403711080551147,4
door-open-v3,gaussian,0.25,10034,1,1,1.0,0.25,4
door-open-v3,gaussian,0.25,10034,2,1,1.0,0.25,4
door-open-v3,gaussian,0.25,10034,3,1,1.0,0.25,4
door-open-v3,gaussian,0.25,10034,4,1,1.0,0.25,4
door-open-v3,gaussian,0.25,10034,5,1,1.0,0.25,3
door-open-v3,gaussian,0.25,10035,0,1,1.0,0.2242807000875473,4
door-open-v3,gaussian,0.25,10035,1,1,1.0,0.25,4
door-open-v3,gaussian,0.25,10035,2,1,1.0,0.25,4
door-open-v3,gaussian,0.25,10035,3,1,1.0,0.25,4
door-open-v3,gaussian,0.25,10035,4,1,1.0,0.25,4
door-open-v3,gaussian,0.25,10035,5,1,1.0,0.25,3
door-open-v3,gaussian,0.25,10036,0,1,1.0,0.1008524224162101,4
door-open-v3,gaussian,0.25,10036,1,1,1.0,0.2205559462308883,4
door-open-v3,gaussian,0.25,10036,2,1,1.0,0.25,4
door-open-v3,gaussian,0.25,10036,3,1,1.0,0.25,4
door-open-v3,gaussian,0.25,10036,4,1,1.0,0.25,4
door-open-v3,gaussian,0.25,10036,5,1,1.0,0.25,4
door-open-v3,gaussian,0.25,10037,0,1,1.0,0.2305436730384826,4
door-open-v3,gaussian,0.25,10037,1,1,1.0,0.2490279078483581,4
door-open-v3,gaussian,0.25,10037,2,1,1.0,0.25,4
door-open-v3,gaussian,0.25,10037,3,1,1.0,0.25,4
door-open-v3,gaussian,0.25,10037,4,1,1.0,0.25,4
door-open-v3,gaussian,0.25,10037,5,1,1.0,0.25,4
door-open-v3,gaussian,0.25,10038,0,1,1.0,0.2232622653245926,4
door-open-v3,gaussian,0.25,10038,1,1,1.0,0.2453562468290329,4
door-open-v3,gaussian,0.25,10038,2,1,1.0,0.25,4
door-open-v3,gaussian,0.25,10038,3,1,1.0,0.25,4
door-open-v3,gaussian,0.25,10038,4,1,1.0,0.25,4
door-open-v3,gaussian,0.25,10038,5,1,1.0,0.25,4
door-open-v3,gaussian,0.25,10039,0,1,1.0,0.25,4
door-open-v3,gaussian,0.25,10039,1,1,1.0,0.1509198099374771,4
door-open-v3,gaussian,0.25,10039,2,1,1.0,0.25,4
door-open-v3,gaussian,0.25,10039,3,1,1.0,0.25,4
door-open-v3,gaussian,0.25,10039,4,1,1.0,0.25,4
door-open-v3,gaussian,0.25,10039,5,1,1.0,0.2499999850988388,3
door-open-v3,gaussian,0.25,10041,0,1,1.0,0.1758083254098892,4
door-open-v3,gaussian,0.25,10041,1,1,1.0,0.2401791960000991,4
door-open-v3,gaussian,0.25,10041,2,1,1.0,0.25,4
door-open-v3,gaussian,0.25,10041,3,1,1.0,0.25,4
door-open-v3,gaussian,0.25,10041,4,1,1.0,0.25,4
door-open-v3,gaussian,0.25,10041,5,1,1.0,0.25,4
door-open-v3,gaussian,0.25,10042,0,1,1.0,0.2498804330825805,4
door-open-v3,gaussian,0.25,10042,1,1,1.0,0.1495096534490585,4
door-open-v3,gaussian,0.25,10042,2,1,1.0,0.25,4
door-open-v3,gaussian,0.25,10042,3,1,1.0,0.25,4
door-open-v3,gaussian,0.25,10042,4,1,1.0,0.25,4
door-open-v3,gaussian,0.25,10042,5,1,1.0,0.25,4
door-open-v3,gaussian,0.25,10043,0,1,1.0,0.2169199138879776,4
door-open-v3,gaussian,0.25,10043,1,1,1.0,0.25,4
door-open-v3,gaussian,0.25,10043,2,1,1.0,0.2195492535829544,4
door-open-v3,gaussian,0.25,10043,3,1,1.0,0.25,4
door-open-v3,gaussian,0.25,10043,4,1,1.0,0.25,4
door-open-v3,gaussian,0.25,10043,5,1,1.0,0.25,3
door-open-v3,gaussian,0.25,10044,0,1,1.0,0.1822492629289627,4
door-open-v3,gaussian,0.25,10044,1,1,1.0,0.207280158996582,4
door-open-v3,gaussian,0.25,10044,2,1,1.0,0.25,4
door-open-v3,gaussian,0.25,10044,3,1,1.0,0.25,4
door-open-v3,gaussian,0.25,10044,4,1,1.0,0.25,4
door-open-v3,gaussian,0.25,10044,5,1,1.0,0.25,4
door-open-v3,gaussian,0.25,10045,0,1,1.0,0.2499999850988388,4
door-open-v3,gaussian,0.25,10045,1,1,1.0,0.25,4
door-open-v3,gaussian,0.25,10045,2,1,1.0,0.25,4
door-open-v3,gaussian,0.25,10045,3,1,1.0,0.25,4
door-open-v3,gaussian,0.25,10045,4,1,1.0,0.25,4
door-open-v3,gaussian,0.25,10045,5,1,1.0,0.25,4
drawer-open-v3,calibrated,0.1,10000,0,1,1.0,0.0807472839951515,4
drawer-open-v3,calibrated,0.1,10000,1,1,1.0,0.0641864165663719,4
drawer-open-v3,calibrated,0.1,10000,2,1,1.0,0.08656957000494,4
drawer-open-v3,calibrated,0.1,10000,3,1,1.0,0.0989531949162483,4
drawer-open-v3,calibrated,0.1,10000,4,1,1.0,0.1000000014901161,4
drawer-open-v3,calibrated,0.1,10000,5,1,1.0,0.1000000014901161,4
drawer-open-v3,calibrated,0.1,10001,0,1,1.0,0.090345449745655,4
drawer-open-v3,calibrated,0.1,10001,1,1,1.0,0.1000000014901161,4
drawer-open-v3,calibrated,0.1,10001,2,1,1.0,0.1000000014901161,4
drawer-open-v3,calibrated,0.1,10001,3,1,1.0,0.0999999940395355,4
drawer-open-v3,calibrated,0.1,10001,4,1,1.0,0.1000000014901161,4
drawer-open-v3,calibrated,0.1,10001,5,1,1.0,0.1000000014901161,3
drawer-open-v3,calibrated,0.1,10002,0,1,1.0,0.1000000089406967,4
drawer-open-v3,calibrated,0.1,10002,1,1,1.0,0.0652164444327354,4
drawer-open-v3,calibrated,0.1,10002,2,1,1.0,0.1000000014901161,4
drawer-open-v3,calibrated,0.1,10002,3,1,1.0,0.1000000014901161,4
drawer-open-v3,calibrated,0.1,10002,4,1,1.0,0.0889589414000511,4
drawer-open-v3,calibrated,0.1,10002,5,1,1.0,0.0993290767073631,4
drawer-open-v3,calibrated,0.1,10003,0,1,1.0,0.067666009068489,4
drawer-open-v3,calibrated,0.1,10003,1,1,1.0,0.1000000014901161,4
drawer-open-v3,calibrated,0.1,10003,2,1,1.0,0.1000000014901161,4
drawer-open-v3,calibrated,0.1,10003,3,1,1.0,0.1000000014901161,4
drawer-open-v3,calibrated,0.1,10003,4,1,1.0,0.1000000163912773,4
drawer-open-v3,calibrated,0.1,10003,5,1,1.0,0.1000000014901161,4
drawer-open-v3,calibrated,0.1,10004,0,1,1.0,0.067666009068489,4
drawer-open-v3,calibrated,0.1,10004,1,1,1.0,0.0909363329410553,4
drawer-open-v3,calibrated,0.1,10004,2,1,1.0,0.0969469770789146,4
drawer-open-v3,calibrated,0.1,10004,3,1,1.0,0.0999999940395355,4
drawer-open-v3,calibrated,0.1,10004,4,1,1.0,0.1000000014901161,4
drawer-open-v3,calibrated,0.1,10004,5,1,1.0,0.0831522494554519,3
drawer-open-v3,calibrated,0.1,10005,0,1,1.0,0.1000000014901161,4
drawer-open-v3,calibrated,0.1,10005,1,1,1.0,0.1000000014901161,4
drawer-open-v3,calibrated,0.1,10005,2,1,1.0,0.1000000014901161,4
drawer-open-v3,calibrated,0.1,10005,3,1,1.0,0.1000000014901161,4
drawer-open-v3,calibrated,0.1,10005,4,1,1.0,0.1000000014901161,4
drawer-open-v3,calibrated,0.1,10005,5,1,1.0,0.1000000089406967,4
drawer-open-v3,calibrated,0.1,10006,0,1,1.0,0.1000000014901161,4
drawer-open-v3,calibrated,0.1,10006,1,1,1.0,0.1000000014901161,4
drawer-open-v3,calibrated,0.1,10006,2,1,1.0,0.1000000089406967,4
drawer-open-v3,calibrated,0.1,10006,3,1,1.0,0.1000000014901161,4
drawer-open-v3,calibrated,0.1,10006,4,1,1.0,0.0999999940395355,4
drawer-open-v3,calibrated,0.1,10006,5,1,1.0,0.1000000089406967,4
drawer-open-v3,calibrated,0.1,10007,0,1,1.0,0.0486332811415195,4
drawer-open-v3,calibrated,0.1,10007,1,1,1.0,0.0671231374144554,4
drawer-open-v3,calibrated,0.1,10007,2,1,1.0,0.0905739590525627,4
drawer-open-v3,calibrated,0.1,10007,3,1,1.0,0.0999999940395355,4
drawer-open-v3,calibrated,0.1,10007,4,1,1.0,0.1000000089406967,4
drawer-open-v3,calibrated,0.1,10007,5,1,1.0,0.1000000014901161,4
drawer-open-v3,calibrated,0.1,10008,0,1,1.0,0.1000000014901161,4
drawer-open-v3,calibrated,0.1,10008,1,1,1.0,0.0655632764101028,4
drawer-open-v3,calibrated,0.1,10008,2,1,1.0,0.0948470756411552,4
drawer-open-v3,calibrated,0.1,10008,3,1,1.0,0.1000000014901161,4
drawer-open-v3,calibrated,0.1,10008,4,1,1.0,0.1000000014901161,4
drawer-open-v3,calibrated,0.1,10008,5,1,1.0,0.0875282660126686,4
drawer-open-v3,calibrated,0.1,10009,0,1,1.0,0.0865182280540466,4
drawer-open-v3,calibrated,0.1,10009,1,1,1.0,0.1000000163912773,4
drawer-open-v3,calibrated,0.1,10009,2,1,1.0,0.1000000014901161,4
drawer-open-v3,calibrated,0.1,10009,3,1,1.0,0.0999999940395355,4
drawer-open-v3,calibrated,0.1,10009,4,1,1.0,0.0999999940395355,4
drawer-open-v3,calibrated,0.1,10009,5,1,1.0,0.1000000014901161,4
drawer-open-v3,calibrated,0.1,10010,0,1,1.0,0.1000000014901161,4
drawer-open-v3,calibrated,0.1,10010,1,1,1.0,0.0999999865889549,4
drawer-open-v3,calibrated,0.1,10010,2,1,1.0,0.0790026113390922,4
drawer-open-v3,calibrated,0.1,10010,3,1,1.0,0.1000000089406967,4
drawer-open-v3,calibrated,0.1,10010,4,1,1.0,0.1000000014901161,4
drawer-open-v3,calibrated,0.1,10010,5,1,1.0,0.1000000014901161,4
drawer-open-v3,calibrated,0.1,10011,0,1,1.0,0.0878227576613426,4
drawer-open-v3,calibrated,0.1,10011,1,1,1.0,0.0999999940395355,4
drawer-open-v3,calibrated,0.1,10011,2,1,1.0,0.099999114871025,4
drawer-open-v3,calibrated,0.1,10011,3,1,1.0,0.1000000089406967,4
drawer-open-v3,calibrated,0.1,10011,4,1,1.0,0.1000000014901161,4
drawer-open-v3,calibrated,0.1,10011,5,1,1.0,0.1000000089406967,4
drawer-open-v3,calibrated,0.1,10012,0,1,1.0,0.095163844525814,4
drawer-open-v3,calibrated,0.1,10012,1,1,1.0,0.0859210416674614,4
drawer-open-v3,calibrated,0.1,10012,2,1,1.0,0.0999999940395355,4
drawer-open-v3,calibrated,0.1,10012,3,1,1.0,0.1000000014901161,4
drawer-open-v3,calibrated,0.1,10012,4,1,1.0,0.1000000014901161,4
drawer-open-v3,calibrated,0.1,10012,5,1,1.0,0.0999999940395355,3
drawer-open-v3,calibrated,0.1,10013,0,1,1.0,0.1000000014901161,4
drawer-open-v3,calibrated,0.1,10013,1,1,1.0,0.091866098344326,4
drawer-open-v3,calibrated,0.1,10013,2,1,1.0,0.0600946471095085,4
drawer-open-v3,calibrated,0.1,10013,3,1,1.0,0.1000000014901161,4
drawer-open-v3,calibrated,0.1,10013,4,1,1.0,0.1000000089406967,4
drawer-open-v3,calibrated,0.1,10013,5,1,1.0,0.1000000014901161,4
drawer-open-v3,calibrated,0.1,10014,0,1,1.0,0.0650609210133552,4
drawer-open-v3,calibrated,0.1,10014,1,1,1.0,0.0996047481894493,4
drawer-open-v3,calibrated,0.1,10014,2,1,1.0,0.0857958197593689,4
drawer-open-v3,calibrated,0.1,10014,3,1,1.0,0.1000000014901161,4
drawer-open-v3,calibrated,0.1,10014,4,1,1.0,0.1000000014901161,4
drawer-open-v3,calibrated,0.1,10014,5,1,1.0,0.0936919152736663,4
drawer-open-v3,calibrated,0.1,10015,0,1,1.0,0.0686010047793388,4
drawer-open-v3,calibrated,0.1,10015,1,1,1.0,0.1000000014901161,4
drawer-open-v3,calibrated,0.1,10015,2,1,1.0,0.1000000014901161,4
drawer-open-v3,calibrated,0.1,10015,3,1,1.0,0.0975144356489181,4
drawer-open-v3,calibrated,0.1,10015,4,1,1.0,0.1000000014901161,4
drawer-open-v3,calibrated,0.1,10015,5,1,1.0,0.0813786312937736,3
drawer-open-v3,calibrated,0.1,10016,0,1,1.0,0.0881298631429672,4
drawer-open-v3,calibrated,0.1,10016,1,1,1.0,0.0999999940395355,4
drawer-open-v3,calibrated,0.1,10016,2,1,1.0,0.0988043695688247,4
drawer-open-v3,calibrated,0.1,10016,3,1,1.0,0.1000000089406967,4
drawer-open-v3,calibrated,0.1,10016,4,1,1.0,0.1000000089406967,4
drawer-open-v3,calibrated,0.1,10016,5,1,1.0,0.0999999940395355,4
drawer-open-v3,calibrated,0.1,10017,0,1,1.0,0.0987959578633308,4
drawer-open-v3,calibrated,0.1,10017,1,1,1.0,0.0962889865040779,4
drawer-open-v3,calibrated,0.1,10017,2,1,1.0,0.0858391225337982,4
drawer-open-v3,calibrated,0.1,10017,3,1,1.0,0.0969806537032127,4
drawer-open-v3,calibrated,0.1,10017,4,1,1.0,0.1000000014901161,4
drawer-open-v3,calibrated,0.1,10017,5,1,1.0,0.1000000014901161,4
drawer-open-v3,calibrated,0.1,10018,0,1,1.0,0.1000000014901161,4
drawer-open-v3,calibrated,0.1,10018,1,1,1.0,0.0907046347856521,4
drawer-open-v3,calibrated,0.1,10018,2,1,1.0,0.0999999940395355,4
drawer-open-v3,calibrated,0.1,10018,3,1,1.0,0.1000000014901161,4
drawer-open-v3,calibrated,0.1,10018,4,1,1.0,0.0999999940395355,4
drawer-open-v3,calibrated,0.1,10018,5,1,1.0,0.1000000014901161,4
drawer-open-v3,calibrated,0.1,10019,0,1,1.0,0.1000000014901161,4
drawer-open-v3,calibrated,0.1,10019,1,1,1.0,0.1000000014901161,4
drawer-open-v3,calibrated,0.1,10019,2,1,1.0,0.1000000014901161,4
drawer-open-v3,calibrated,0.1,10019,3,1,1.0,0.1000000014901161,4
drawer-open-v3,calibrated,0.1,10019,4,1,1.0,0.1000000014901161,4
drawer-open-v3,calibrated,0.1,10019,5,1,1.0,0.1000000014901161,3
drawer-open-v3,calibrated,0.1,10020,0,1,1.0,0.0675819888710975,4
drawer-open-v3,calibrated,0.1,10020,1,1,1.0,0.1000000014901161,4
drawer-open-v3,calibrated,0.1,10020,2,1,1.0,0.0910710170865058,4
drawer-open-v3,calibrated,0.1,10020,3,1,1.0,0.1000000014901161,4
drawer-open-v3,calibrated,0.1,10020,4,1,1.0,0.1000000014901161,4
drawer-open-v3,calibrated,0.1,10020,5,1,1.0,0.1000000014901161,4
drawer-open-v3,calibrated,0.1,10021,0,1,1.0,0.0999999940395355,4
drawer-open-v3,calibrated,0.1,10021,1,1,1.0,0.0861086845397949,4
drawer-open-v3,calibrated,0.1,10021,2,1,1.0,0.1000000014901161,4
drawer-open-v3,calibrated,0.1,10021,3,1,1.0,0.1000000014901161,4
drawer-open-v3,calibrated,0.1,10021,4,1,1.0,0.1000000014901161,4
drawer-open-v3,calibrated,0.1,10021,5,1,1.0,0.1000000089406967,4
drawer-open-v3,calibrated,0.1,10022,0,1,1.0,0.0652017667889595,4
drawer-open-v3,calibrated,0.1,10022,1,1,1.0,0.0945315137505531,4
drawer-open-v3,calibrated,0.1,10022,2,1,1.0,0.0975750237703323,4
drawer-open-v3,calibrated,0.1,10022,3,1,1.0,0.0999999940395355,4
drawer-open-v3,calibrated,0.1,10022,4,1,1.0,0.1000000089406967,4
drawer-open-v3,calibrated,0.1,10022,5,1,1.0,0.1000000014901161,4
drawer-open-v3,calibrated,0.1,10023,0,1,1.0,0.0999999940395355,4
drawer-open-v3,calibrated,0.1,10023,1,1,1.0,0.0986310243606567,4
drawer-open-v3,calibrated,0.1,10023,2,1,1.0,0.1000000014901161,4
drawer-open-v3,calibrated,0.1,10023,3,1,1.0,0.1000000014901161,4
drawer-open-v3,calibrated,0.1,10023,4,1,1.0,0.1000000014901161,4
drawer-open-v3,calibrated,0.1,10023,5,1,1.0,0.0999999940395355,4
drawer-open-v3,calibrated,0.1,10024,0,1,1.0,0.0893745273351669,4
drawer-open-v3,calibrated,0.1,10024,1,1,1.0,0.0753533169627189,4
drawer-open-v3,calibrated,0.1,10024,2,1,1.0,0.1000000014901161,4
drawer-open-v3,calibrated,0.1,10024,3,1,1.0,0.1000000014901161,4
drawer-open-v3,calibrated,0.1,10024,4,1,1.0,0.1000000163912773,4
drawer-open-v3,calibrated,0.1,10024,5,1,1.0,0.1000000014901161,4
drawer-open-v3,calibrated,0.1,10025,0,1,1.0,0.0703719481825828,4
drawer-open-v3,calibrated,0.1,10025,1,1,1.0,0.0529066920280456,4
drawer-open-v3,calibrated,0.1,10025,2,1,1.0,0.1000000089406967,4
drawer-open-v3,calibrated,0.1,10025,3,1,1.0,0.0999999940395355,4
drawer-open-v3,calibrated,0.1,10025,4,1,1.0,0.1000000089406967,4
drawer-open-v3,calibrated,0.1,10025,5,1,1.0,0.1000000089406967,4
drawer-open-v3,calibrated,0.1,10026,0,1,1.0,0.0889588817954063,4
drawer-open-v3,calibrated,0.1,10026,1,1,1.0,0.1000000014901161,4
drawer-open-v3,calibrated,0.1,10026,2,1,1.0,0.0999999940395355,4
drawer-open-v3,calibrated,0.1,10026,3,1,1.0,0.1000000014901161,4
drawer-open-v3,calibrated,0.1,10026,4,1,1.0,0.1000000089406967,4
drawer-open-v3,calibrated,0.1,10026,5,1,1.0,0.0962557047605514,4
drawer-open-v3,calibrated,0.1,10027,0,1,1.0,0.0692747831344604,4
drawer-open-v3,calibrated,0.1,10027,1,1,1.0,0.1000000014901161,4
drawer-open-v3,calibrated,0.1,10027,2,1,1.0,0.0999999940395355,4
drawer-open-v3,calibrated,0.1,10027,3,1,1.0,0.1000000014901161,4
drawer-open-v3,calibrated,0.1,10027,4,1,1.0,0.1000000014901161,4
drawer-open-v3,calibrated,0.1,10027,5,1,1.0,0.1000000089406967,4
drawer-open-v3,calibrated,0.1,10028,0,1,1.0,0.1000000014901161,4
drawer-open-v3,calibrated,0.1,10028,1,1,1.0,0.0997543483972549,4
drawer-open-v3,calibrated,0.1,10028,2,1,1.0,0.1000000014901161,4
drawer-open-v3,calibrated,0.1,10028,3,1,1.0,0.1000000014901161,4
drawer-open-v3,calibrated,0.1,10028,4,1,1.0,0.1000000014901161,4
drawer-open-v3,calibrated,0.1,10028,5,1,1.0,0.1000000014901161,4
drawer-open-v3,calibrated,0.1,10029,0,1,1.0,0.1000000014901161,4
drawer-open-v3,calibrated,0.1,10029,1,1,1.0,0.067408874630928,4
drawer-open-v3,calibrated,0.1,10029,2,1,1.0,0.0935005247592926,4
drawer-open-v3,calibrated,0.1,10029,3,1,1.0,0.1000000089406967,4
drawer-open-v3,calibrated,0.1,10029,4,1,1.0,0.1000000014901161,4
drawer-open-v3,calibrated,0.1,10029,5,1,1.0,0.0976971983909607,3
drawer-open-v3,calibrated,0.1,10030,0,1,1.0,0.0751564875245094,4
drawer-open-v3,calibrated,0.1,10030,1,1,1.0,0.0404140055179595,4
drawer-open-v3,calibrated,0.1,10030,2,1,1.0,0.1000000014901161,4
drawer-open-v3,calibrated,0.1,10030,3,1,1.0,0.1000000014901161,4
drawer-open-v3,calibrated,0.1,10030,4,1,1.0,0.0930283442139625,4
drawer-open-v3,calibrated,0.1,10030,5,1,1.0,0.0951015353202819,3
drawer-open-v3,calibrated,0.1,10031,0,1,1.0,0.0464018434286117,4
drawer-open-v3,calibrated,0.1,10031,1,1,1.0,0.0659043416380882,4
drawer-open-v3,calibrated,0.1,10031,2,1,1.0,0.0792363956570625,4
drawer-open-v3,calibrated,0.1,10031,3,1,1.0,0.0989455953240394,4
drawer-open-v3,calibrated,0.1,10031,4,1,1.0,0.1000000014901161,4
drawer-open-v3,calibrated,0.1,10031,5,1,1.0,0.1000000014901161,4
drawer-open-v3,calibrated,0.1,10032,0,1,1.0,0.0573518723249435,4
drawer-open-v3,calibrated,0.1,10032,1,1,1.0,0.1000000089406967,4
drawer-open-v3,calibrated,0.1,10032,2,1,1.0,0.1000000014901161,4
drawer-open-v3,calibrated,0.1,10032,3,1,1.0,0.0999999940395355,4
drawer-open-v3,calibrated,0.1,10032,4,1,1.0,0.0999999940395355,4
drawer-open-v3,calibrated,0.1,10032,5,1,1.0,0.0999999940395355,4
drawer-open-v3,calibrated,0.1,10033,0,1,1.0,0.0888474136590957,4
drawer-open-v3,calibrated,0.1,10033,1,1,1.0,0.1000000089406967,4
drawer-open-v3,calibrated,0.1,10033,2,1,1.0,0.0951638668775558,4
drawer-open-v3,calibrated,0.1,10033,3,1,1.0,0.1000000014901161,4
drawer-open-v3,calibrated,0.1,10033,4,1,1.0,0.1000000089406967,4
drawer-open-v3,calibrated,0.1,10033,5,1,1.0,0.0999999940395355,4
drawer-open-v3,calibrated,0.1,10034,0,1,1.0,0.1000000163912773,4
drawer-open-v3,calibrated,0.1,10034,1,1,1.0,0.0994078516960144,4
drawer-open-v3,calibrated,0.1,10034,2,1,1.0,0.0945247933268547,4
drawer-open-v3,calibrated,0.1,10034,3,1,1.0,0.1000000014901161,4
drawer-open-v3,calibrated,0.1,10034,4,1,1.0,0.0912336409091949,4
drawer-open-v3,calibrated,0.1,10034,5,1,1.0,0.1000000014901161,3
drawer-open-v3,calibrated,0.1,10035,0,1,1.0,0.0702042579650878,4
drawer-open-v3,calibrated,0.1,10035,1,1,1.0,0.0991864576935768,4
drawer-open-v3,calibrated,0.1,10035,2,1,1.0,0.0953084602952003,4
drawer-open-v3,calibrated,0.1,10035,3,1,1.0,0.1000000014901161,4
drawer-open-v3,calibrated,0.1,10035,4,1,1.0,0.1000000014901161,4
drawer-open-v3,calibrated,0.1,10035,5,1,1.0,0.0999999940395355,4
drawer-open-v3,calibrated,0.1,10036,0,1,1.0,0.0913534760475158,4
drawer-open-v3,calibrated,0.1,10036,1,1,1.0,0.1000000014901161,4
drawer-open-v3,calibrated,0.1,10036,2,1,1.0,0.0835894867777824,4
drawer-open-v3,calibrated,0.1,10036,3,1,1.0,0.1000000014901161,4
drawer-open-v3,calibrated,0.1,10036,4,1,1.0,0.1000000089406967,4
drawer-open-v3,calibrated,0.1,10036,5,1,1.0,0.1000000163912773,4
drawer-open-v3,calibrated,0.1,10037,0,1,1.0,0.0829433128237724,4
drawer-open-v3,calibrated,0.1,10037,1,1,1.0,0.1000000014901161,4
drawer-open-v3,calibrated,0.1,10037,2,1,1.0,0.0999999940395355,4
drawer-open-v3,calibrated,0.1,10037,3,1,1.0,0.1000000014901161,4
drawer-open-v3,calibrated,0.1,10037,4,1,1.0,0.1000000014901161,4
drawer-open-v3,calibrated,0.1,10037,5,1,1.0,0.1000000014901161,3
drawer-open-v3,calibrated,0.1,10038,0,1,1.0,0.0641220659017562,4
drawer-open-v3,calibrated,0.1,10038,1,1,1.0,0.0715261250734329,4
drawer-open-v3,calibrated,0.1,10038,2,1,1.0,0.1000000014901161,4
drawer-open-v3,calibrated,0.1,10038,3,1,1.0,0.1000000014901161,4
drawer-open-v3,calibrated,0.1,10038,4,1,1.0,0.1000000014901161,4
drawer-open-v3,calibrated,0.1,10038,5,1,1.0,0.1000000014901161,4
drawer-open-v3,calibrated,0.1,10039,0,1,1.0,0.0886896178126335,4
drawer-open-v3,calibrated,0.1,10039,1,1,1.0,0.0947122201323509,4
drawer-open-v3,calibrated,0.1,10039,2,1,1.0,0.1000000014901161,4
drawer-open-v3,calibrated,0.1,10039,3,1,1.0,0.1000000014901161,4
drawer-open-v3,calibrated,0.1,10039,4,1,1.0,0.1000000014901161,4
drawer-open-v3,calibrated,0.1,10039,5,1,1.0,0.1000000014901161,4
drawer-open-v3,calibrated,0.25,10000,0,1,1.0,0.1971627026796341,4
drawer-open-v3,calibrated,0.25,10000,1,1,1.0,0.1475067734718322,4
drawer-open-v3,calibrated,0.25,10000,2,1,1.0,0.2164239287376403,4
drawer-open-v3,calibrated,0.25,10000,3,1,1.0,0.2473829686641693,4
drawer-open-v3,calibrated,0.25,10000,4,1,1.0,0.25,4
drawer-open-v3,calibrated,0.25,10000,5,1,1.0,0.25,4
drawer-open-v3,calibrated,0.25,10001,0,1,1.0,0.1873169094324112,4
drawer-open-v3,calibrated,0.25,10001,1,1,1.0,0.25,4
drawer-open-v3,calibrated,0.25,10001,2,1,1.0,0.25,4
drawer-open-v3,calibrated,0.25,10001,3,1,1.0,0.2499999701976776,4
drawer-open-v3,calibrated,0.25,10001,4,1,1.0,0.25,4
drawer-open-v3,calibrated,0.25,10001,5,1,1.0,0.25,3
drawer-open-v3,calibrated,0.25,10002,0,1,1.0,0.2310341149568557,4
drawer-open-v3,calibrated,0.25,10002,1,1,1.0,0.1630411148071289,4
drawer-open-v3,calibrated,0.25,10002,2,1,1.0,0.2499999850988388,4
drawer-open-v3,calibrated,0.25,10002,3,1,1.0,0.25,4
drawer-open-v3,calibrated,0.25,10002,4,1,1.0,0.2223973423242569,4
drawer-open-v3,calibrated,0.25,10002,5,1,1.0,0.2483226805925369,4
drawer-open-v3,calibrated,0.25,10003,0,1,1.0,0.1660594940185547,4
drawer-open-v3,calibrated,0.25,10003,1,1,1.0,0.2499999850988388,4
drawer-open-v3,calibrated,0.25,10003,2,1,1.0,0.2499999850988388,4
drawer-open-v3,calibrated,0.25,10003,3,1,1.0,0.25,4
drawer-open-v3,calibrated,0.25,10003,4,1,1.0,0.25,4
drawer-open-v3,calibrated,0.25,10003,5,1,1.0,0.25,4
drawer-open-v3,calibrated,0.25,10004,0,1,1.0,0.1607884168624878,4
drawer-open-v3,calibrated,0.25,10004,1,1,1.0,0.2154223620891571,4
drawer-open-v3,calibrated,0.25,10004,2,1,1.0,0.2423674464225769,4
drawer-open-v3,calibrated,0.25,10004,3,1,1.0,0.2499999850988388,4
drawer-open-v3,calibrated,0.25,10004,4,1,1.0,0.2499999701976776,4
drawer-open-v3,calibrated,0.25,10004,5,1,1.0,0.2078806459903717,3
drawer-open-v3,calibrated,0.25,10005,0,1,1.0,0.2371081560850143,4
drawer-open-v3,calibrated,0.25,10005,1,1,1.0,0.2499999850988388,4
drawer-open-v3,calibrated,0.25,10005,2,1,1.0,0.25,4
drawer-open-v3,calibrated,0.25,10005,3,1,1.0,0.25,4
drawer-open-v3,calibrated,0.25,10005,4,1,1.0,0.25,4
drawer-open-v3,calibrated,0.25,10005,5,1,1.0,0.25,4
drawer-open-v3,calibrated,0.25,10006,0,1,1.0,0.25,4
drawer-open-v3,calibrated,0.25,10006,1,1,1.0,0.25,4
drawer-open-v3,calibrated,0.25,10006,2,1,1.0,0.25,4
drawer-open-v3,calibrated,0.25,10006,3,1,1.0,0.25,4
drawer-open-v3,calibrated,0.25,10006,4,1,1.0,0.2499999850988388,4
drawer-open-v3,calibrated,0.25,10006,5,1,1.0,0.25,4
drawer-open-v3,calibrated,0.25,10007,0,1,1.0,0.0894960686564445,4
drawer-open-v3,calibrated,0.25,10007,1,1,1.0,0.1678078323602676,4
drawer-open-v3,calibrated,0.25,10007,2,1,1.0,0.226434901356697,4
drawer-open-v3,calibrated,0.25,10007,3,1,1.0,0.2499999850988388,4
drawer-open-v3,calibrated,0.25,10007,4,1,1.0,0.25,4
drawer-open-v3,calibrated,0.25,10007,5,1,1.0,0.25,4
drawer-open-v3,calibrated,0.25,10008,0,1,1.0,0.2499999850988388,4
drawer-open-v3,calibrated,0.25,10008,1,1,1.0,0.1639081835746765,4
drawer-open-v3,calibrated,0.25,10008,2,1,1.0,0.2371177077293396,4
drawer-open-v3,calibrated,0.25,10008,3,1,1.0,0.25,4
drawer-open-v3,calibrated,0.25,10008,4,1,1.0,0.2499999701976776,4
drawer-open-v3,calibrated,0.25,10008,5,1,1.0,0.2188206613063812,4
drawer-open-v3,calibrated,0.25,10009,0,1,1.0,0.2158875167369842,4
drawer-open-v3,calibrated,0.25,10009,1,1,1.0,0.25,4
drawer-open-v3,calibrated,0.25,10009,2,1,1.0,0.25,4
drawer-open-v3,calibrated,0.25,10009,3,1,1.0,0.25,4
drawer-open-v3,calibrated,0.25,10009,4,1,1.0,0.2499999850988388,4
drawer-open-v3,calibrated,0.25,10009,5,1,1.0,0.25,4
drawer-open-v3,calibrated,0.25,10010,0,1,1.0,0.25,4
drawer-open-v3,calibrated,0.25,10010,1,1,1.0,0.2499999701976776,4
drawer-open-v3,calibrated,0.25,10010,2,1,1.0,0.1975065171718597,4
drawer-open-v3,calibrated,0.25,10010,3,1,1.0,0.25,4
drawer-open-v3,calibrated,0.25,10010,4,1,1.0,0.2499999701976776,4
drawer-open-v3,calibrated,0.25,10010,5,1,1.0,0.25,4
drawer-open-v3,calibrated,0.25,10011,0,1,1.0,0.1969122737646103,4
drawer-open-v3,calibrated,0.25,10011,1,1,1.0,0.2499999701976776,4
drawer-open-v3,calibrated,0.25,10011,2,1,1.0,0.2499977648258209,4
drawer-open-v3,calibrated,0.25,10011,3,1,1.0,0.25,4
drawer-open-v3,calibrated,0.25,10011,4,1,1.0,0.25,4
drawer-open-v3,calibrated,0.25,10011,5,1,1.0,0.25,4
drawer-open-v3,calibrated,0.25,10012,0,1,1.0,0.2338023483753204,4
drawer-open-v3,calibrated,0.25,10012,1,1,1.0,0.1899442374706268,4
drawer-open-v3,calibrated,0.25,10012,2,1,1.0,0.25,4
drawer-open-v3,calibrated,0.25,10012,3,1,1.0,0.25,4
drawer-open-v3,calibrated,0.25,10012,4,1,1.0,0.25,4
drawer-open-v3,calibrated,0.25,10012,5,1,1.0,0.2499999850988388,3
drawer-open-v3,calibrated,0.25,10013,0,1,1.0,0.2358794212341308,4
drawer-open-v3,calibrated,0.25,10013,1,1,1.0,0.1878625750541687,4
drawer-open-v3,calibrated,0.25,10013,2,1,1.0,0.1502366214990615,4
drawer-open-v3,calibrated,0.25,10013,3,1,1.0,0.25,4
drawer-open-v3,calibrated,0.25,10013,4,1,1.0,0.25,4
drawer-open-v3,calibrated,0.25,10013,5,1,1.0,0.25,4
drawer-open-v3,calibrated,0.25,10014,0,1,1.0,0.1184293180704116,4
drawer-open-v3,calibrated,0.25,10014,1,1,1.0,0.2490118592977523,4
drawer-open-v3,calibrated,0.25,10014,2,1,1.0,0.214489534497261,4
drawer-open-v3,calibrated,0.25,10014,3,1,1.0,0.25,4
drawer-open-v3,calibrated,0.25,10014,4,1,1.0,0.25,4
drawer-open-v3,calibrated,0.25,10014,5,1,1.0,0.2342297732830047,4
drawer-open-v3,calibrated,0.25,10015,0,1,1.0,0.1487436890602111,4
drawer-open-v3,calibrated,0.25,10015,1,1,1.0,0.25,4
drawer-open-v3,calibrated,0.25,10015,2,1,1.0,0.2499999850988388,4
drawer-open-v3,calibrated,0.25,10015,3,1,1.0,0.2437860965728759,4
drawer-open-v3,calibrated,0.25,10015,4,1,1.0,0.25,4
drawer-open-v3,calibrated,0.25,10015,5,1,1.0,0.2034465670585632,3
drawer-open-v3,calibrated,0.25,10016,0,1,1.0,0.2203246355056762,4
drawer-open-v3,calibrated,0.25,10016,1,1,1.0,0.25,4
drawer-open-v3,calibrated,0.25,10016,2,1,1.0,0.2470109015703201,4
drawer-open-v3,calibrated,0.25,10016,3,1,1.0,0.25,4
drawer-open-v3,calibrated,0.25,10016,4,1,1.0,0.25,4
drawer-open-v3,calibrated,0.25,10016,5,1,1.0,0.2499999850988388,4
drawer-open-v3,calibrated,0.25,10017,0,1,1.0,0.2436886429786682,4
drawer-open-v3,calibrated,0.25,10017,1,1,1.0,0.2407224625349044,4
drawer-open-v3,calibrated,0.25,10017,2,1,1.0,0.2145977914333343,4
drawer-open-v3,calibrated,0.25,10017,3,1,1.0,0.2424516230821609,4
drawer-open-v3,calibrated,0.25,10017,4,1,1.0,0.25,4
drawer-open-v3,calibrated,0.25,10017,5,1,1.0,0.25,4
drawer-open-v3,calibrated,0.25,10018,0,1,1.0,0.25,4
drawer-open-v3,calibrated,0.25,10018,1,1,1.0,0.2053764462471008,4
drawer-open-v3,calibrated,0.25,10018,2,1,1.0,0.2499999701976776,4
drawer-open-v3,calibrated,0.25,10018,3,1,1.0,0.2499999850988388,4
drawer-open-v3,calibrated,0.25,10018,4,1,1.0,0.2499999701976776,4
drawer-open-v3,calibrated,0.25,10018,5,1,1.0,0.25,4
drawer-open-v3,calibrated,0.25,10019,0,1,1.0,0.25,4
drawer-open-v3,calibrated,0.25,10019,1,1,1.0,0.25,4
drawer-open-v3,calibrated,0.25,10019,2,1,1.0,0.25,4
drawer-open-v3,calibrated,0.25,10019,3,1,1.0,0.2499999850988388,4
drawer-open-v3,calibrated,0.25,10019,4,1,1.0,0.25,4
drawer-open-v3,calibrated,0.25,10019,5,1,1.0,0.2499999850988388,3
drawer-open-v3,calibrated,0.25,10020,0,1,1.0,0.1689549684524536,4
drawer-open-v3,calibrated,0.25,10020,1,1,1.0,0.25,4
drawer-open-v3,calibrated,0.25,10020,2,1,1.0,0.2276775389909744,4
drawer-open-v3,calibrated,0.25,10020,3,1,1.0,0.2499999850988388,4
drawer-open-v3,calibrated,0.25,10020,4,1,1.0,0.25,4
drawer-open-v3,calibrated,0.25,10020,5,1,1.0,0.25,4
drawer-open-v3,calibrated,0.25,10021,0,1,1.0,0.25,4
drawer-open-v3,calibrated,0.25,10021,1,1,1.0,0.2152717262506485,4
drawer-open-v3,calibrated,0.25,10021,2,1,1.0,0.25,4
drawer-open-v3,calibrated,0.25,10021,3,1,1.0,0.25,4
drawer-open-v3,calibrated,0.25,10021,4,1,1.0,0.25,4
drawer-open-v3,calibrated,0.25,10021,5,1,1.0,0.25,4
drawer-open-v3,calibrated,0.25,10022,0,1,1.0,0.1189134120941162,4
drawer-open-v3,calibrated,0.25,10022,1,1,1.0,0.2363287657499313,4
drawer-open-v3,calibrated,0.25,10022,2,1,1.0,0.2439375519752502,4
drawer-open-v3,calibrated,0.25,10022,3,1,1.0,0.2499999701976776,4
drawer-open-v3,calibrated,0.25,10022,4,1,1.0,0.25,4
drawer-open-v3,calibrated,0.25,10022,5,1,1.0,0.25,4
drawer-open-v3,calibrated,0.25,10023,0,1,1.0,0.2499999701976776,4
drawer-open-v3,calibrated,0.25,10023,1,1,1.0,0.2465775609016418,4
drawer-open-v3,calibrated,0.25,10023,2,1,1.0,0.2499999850988388,4
drawer-open-v3,calibrated,0.25,10023,3,1,1.0,0.25,4
drawer-open-v3,calibrated,0.25,10023,4,1,1.0,0.2499999850988388,4
drawer-open-v3,calibrated,0.25,10023,5,1,1.0,0.2499999850988388,4
drawer-open-v3,calibrated,0.25,10024,0,1,1.0,0.2192184627056121,4
drawer-open-v3,calibrated,0.25,10024,1,1,1.0,0.1883832812309265,4
drawer-open-v3,calibrated,0.25,10024,2,1,1.0,0.25,4
drawer-open-v3,calibrated,0.25,10024,3,1,1.0,0.25,4
drawer-open-v3,calibrated,0.25,10024,4,1,1.0,0.25,4
drawer-open-v3,calibrated,0.25,10024,5,1,1.0,0.25,4
drawer-open-v3,calibrated,0.25,10025,0,1,1.0,0.1736878156661987,4
drawer-open-v3,calibrated,0.25,10025,1,1,1.0,0.1322667449712753,4
drawer-open-v3,calibrated,0.25,10025,2,1,1.0,0.25,4
drawer-open-v3,calibrated,0.25,10025,3,1,1.0,0.2499999701976776,4
drawer-open-v3,calibrated,0.25,10025,4,1,1.0,0.25,4
drawer-open-v3,calibrated,0.25,10025,5,1,1.0,0.25,4
drawer-open-v3,calibrated,0.25,10026,0,1,1.0,0.2159927189350128,4
drawer-open-v3,calibrated,0.25,10026,1,1,1.0,0.25,4
drawer-open-v3,calibrated,0.25,10026,2,1,1.0,0.2499999701976776,4
drawer-open-v3,calibrated,0.25,10026,3,1,1.0,0.25,4
drawer-open-v3,calibrated,0.25,10026,4,1,1.0,0.25,4
drawer-open-v3,calibrated,0.25,10026,5,1,1.0,0.2406392395496368,4
drawer-open-v3,calibrated,0.25,10027,0,1,1.0,0.1626349240541458,4
drawer-open-v3,calibrated,0.25,10027,1,1,1.0,0.2491018325090408,4
drawer-open-v3,calibrated,0.25,10027,2,1,1.0,0.2499999701976776,4
drawer-open-v3,calibrated,0.25,10027,3,1,1.0,0.2499999850988388,4
drawer-open-v3,calibrated,0.25,10027,4,1,1.0,0.25,4
drawer-open-v3,calibrated,0.25,10027,5,1,1.0,0.25,4
drawer-open-v3,calibrated,0.25,10028,0,1,1.0,0.2232909202575683,4
drawer-open-v3,calibrated,0.25,10028,1,1,1.0,0.2493858486413955,4
drawer-open-v3,calibrated,0.25,10028,2,1,1.0,0.25,4
drawer-open-v3,calibrated,0.25,10028,3,1,1.0,0.25,4
drawer-open-v3,calibrated,0.25,10028,4,1,1.0,0.25,4
drawer-open-v3,calibrated,0.25,10028,5,1,1.0,0.25,4
drawer-open-v3,calibrated,0.25,10029,0,1,1.0,0.2499999701976776,4
drawer-open-v3,calibrated,0.25,10029,1,1,1.0,0.1685221791267395,4
drawer-open-v3,calibrated,0.25,10029,2,1,1.0,0.2337512969970703,4
drawer-open-v3,calibrated,0.25,10029,3,1,1.0,0.25,4
drawer-open-v3,calibrated,0.25,10029,4,1,1.0,0.25,4
drawer-open-v3,calibrated,0.25,10029,5,1,1.0,0.2442429810762405,3
drawer-open-v3,calibrated,0.25,10030,0,1,1.0,0.1862788051366806,4
drawer-open-v3,calibrated,0.25,10030,1,1,1.0,0.1010350063443183,4
drawer-open-v3,calibrated,0.25,10030,2,1,1.0,0.25,4
drawer-open-v3,calibrated,0.25,10030,3,1,1.0,0.25,4
drawer-open-v3,calibrated,0.25,10030,4,1,1.0,0.2325708419084549,4
drawer-open-v3,calibrated,0.25,10030,5,1,1.0,0.2377538233995437,3
drawer-open-v3,calibrated,0.25,10031,0,1,1.0,0.1096786260604858,4
drawer-open-v3,calibrated,0.25,10031,1,1,1.0,0.1619618088006973,4
drawer-open-v3,calibrated,0.25,10031,2,1,1.0,0.198090985417366,4
drawer-open-v3,calibrated,0.25,10031,3,1,1.0,0.2473639994859695,4
drawer-open-v3,calibrated,0.25,10031,4,1,1.0,0.25,4
drawer-open-v3,calibrated,0.25,10031,5,1,1.0,0.2499999850988388,4
drawer-open-v3,calibrated,0.25,10032,0,1,1.0,0.1300331950187683,4
drawer-open-v3,calibrated,0.25,10032,1,1,1.0,0.25,4
drawer-open-v3,calibrated,0.25,10032,2,1,1.0,0.25,4
drawer-open-v3,calibrated,0.25,10032,3,1,1.0,0.2499999701976776,4
drawer-open-v3,calibrated,0.25,10032,4,1,1.0,0.2499999701976776,4
drawer-open-v3,calibrated,0.25,10032,5,1,1.0,0.25,4
drawer-open-v3,calibrated,0.25,10033,0,1,1.0,0.2221185266971588,4
drawer-open-v3,calibrated,0.25,10033,1,1,1.0,0.25,4
drawer-open-v3,calibrated,0.25,10033,2,1,1.0,0.237909659743309,4
drawer-open-v3,calibrated,0.25,10033,3,1,1.0,0.25,4
drawer-open-v3,calibrated,0.25,10033,4,1,1.0,0.25,4
drawer-open-v3,calibrated,0.25,10033,5,1,1.0,0.2499999850988388,4
drawer-open-v3,calibrated,0.25,10034,0,1,1.0,0.2144465893507003,4
drawer-open-v3,calibrated,0.25,10034,1,1,1.0,0.2485196441411972,4
drawer-open-v3,calibrated,0.25,10034,2,1,1.0,0.2363119721412658,4
drawer-open-v3,calibrated,0.25,10034,3,1,1.0,0.2499999850988388,4
drawer-open-v3,calibrated,0.25,10034,4,1,1.0,0.2280841171741485,4
drawer-open-v3,calibrated,0.25,10034,5,1,1.0,0.25,3
drawer-open-v3,calibrated,0.25,10035,0,1,1.0,0.1755106449127197,4
drawer-open-v3,calibrated,0.25,10035,1,1,1.0,0.2479661256074905,4
drawer-open-v3,calibrated,0.25,10035,2,1,1.0,0.2382711321115493,4
drawer-open-v3,calibrated,0.25,10035,3,1,1.0,0.25,4
drawer-open-v3,calibrated,0.25,10035,4,1,1.0,0.25,4
drawer-open-v3,calibrated,0.25,10035,5,1,1.0,0.25,4
drawer-open-v3,calibrated,0.25,10036,0,1,1.0,0.2269948869943618,4
drawer-open-v3,calibrated,0.25,10036,1,1,1.0,0.2499999701976776,4
drawer-open-v3,calibrated,0.25,10036,2,1,1.0,0.2089737057685852,4
drawer-open-v3,calibrated,0.25,10036,3,1,1.0,0.25,4
drawer-open-v3,calibrated,0.25,10036,4,1,1.0,0.25,4
drawer-open-v3,calibrated,0.25,10036,5,1,1.0,0.25,4
drawer-open-v3,calibrated,0.25,10037,0,1,1.0,0.1983760446310043,4
drawer-open-v3,calibrated,0.25,10037,1,1,1.0,0.25,4
drawer-open-v3,calibrated,0.25,10037,2,1,1.0,0.2499999850988388,4
drawer-open-v3,calibrated,0.25,10037,3,1,1.0,0.25,4
drawer-open-v3,calibrated,0.25,10037,4,1,1.0,0.25,4
drawer-open-v3,calibrated,0.25,10037,5,1,1.0,0.25,3
drawer-open-v3,calibrated,0.25,10038,0,1,1.0,0.0952465832233429,4
drawer-open-v3,calibrated,0.25,10038,1,1,1.0,0.1788153052330017,4
drawer-open-v3,calibrated,0.25,10038,2,1,1.0,0.25,4
drawer-open-v3,calibrated,0.25,10038,3,1,1.0,0.25,4
drawer-open-v3,calibrated,0.25,10038,4,1,1.0,0.25,4
drawer-open-v3,calibrated,0.25,10038,5,1,1.0,0.25,4
drawer-open-v3,calibrated,0.25,10039,0,1,1.0,0.2217240184545517,4
drawer-open-v3,calibrated,0.25,10039,1,1,1.0,0.2367805391550064,4
drawer-open-v3,calibrated,0.25,10039,2,1,1.0,0.25,4
drawer-open-v3,calibrated,0.25,10039,3,1,1.0,0.2499999850988388,4
drawer-open-v3,calibrated,0.25,10039,4,1,1.0,0.25,4
drawer-open-v3,calibrated,0.25,10039,5,1,1.0,0.25,4
drawer-open-v3,gaussian,0.1,10000,0,1,1.0,0.1000000014901161,4
drawer-open-v3,gaussian,0.1,10000,1,1,1.0,0.077131263911724,4
drawer-open-v3,gaussian,0.1,10000,2,1,1.0,0.1000000014901161,4
drawer-open-v3,gaussian,0.1,10000,3,1,1.0,0.1000000014901161,4
drawer-open-v3,gaussian,0.1,10000,4,1,1.0,0.1000000014901161,4
drawer-open-v3,gaussian,0.1,10000,5,1,1.0,0.0999999940395355,4
drawer-open-v3,gaussian,0.1,10001,0,1,1.0,0.1000000014901161,4
drawer-open-v3,gaussian,0.1,10001,1,1,1.0,0.1000000014901161,4
drawer-open-v3,gaussian,0.1,10001,2,1,1.0,0.1000000014901161,4
drawer-open-v3,gaussian,0.1,10001,3,1,1.0,0.1000000014901161,4
drawer-open-v3,gaussian,0.1,10001,4,1,1.0,0.0999999940395355,4
drawer-open-v3,gaussian,0.1,10001,5,1,1.0,0.1000000014901161,3
drawer-open-v3,gaussian,0.1,10002,0,1,1.0,0.1000000014901161,4
drawer-open-v3,gaussian,0.1,10002,1,1,1.0,0.095300368964672,4
drawer-open-v3,gaussian,0.1,10002,2,1,1.0,0.1000000014901161,4
drawer-open-v3,gaussian,0.1,10002,3,1,1.0,0.0999999940395355,4
drawer-open-v3,gaussian,0.1,10002,4,1,1.0,0.1000000014901161,4
drawer-open-v3,gaussian,0.1,10002,5,1,1.0,0.1000000014901161,4
drawer-open-v3,gaussian,0.1,10003,0,1,1.0,0.0933381393551826,4
drawer-open-v3,gaussian,0.1,10003,1,1,1.0,0.1000000014901161,4
drawer-open-v3,gaussian,0.1,10003,2,1,1.0,0.1000000014901161,4
drawer-open-v3,gaussian,0.1,10003,3,1,1.0,0.1000000014901161,4
drawer-open-v3,gaussian,0.1,10003,4,1,1.0,0.1000000014901161,4
drawer-open-v3,gaussian,0.1,10003,5,1,1.0,0.1000000014901161,4
drawer-open-v3,gaussian,0.1,10004,0,1,1.0,0.1000000014901161,4
drawer-open-v3,gaussian,0.1,10004,1,1,1.0,0.1000000014901161,4
drawer-open-v3,gaussian,0.1,10004,2,1,1.0,0.1000000014901161,4
drawer-open-v3,gaussian,0.1,10004,3,1,1.0,0.1000000014901161,4
drawer-open-v3,gaussian,0.1,10004,4,1,1.0,0.1000000014901161,4
drawer-open-v3,gaussian,0.1,10004,5,1,1.0,0.1000000014901161,3
drawer-open-v3,gaussian,0.1,10005,0,1,1.0,0.1000000014901161,4
drawer-open-v3,gaussian,0.1,10005,1,1,1.0,0.1000000014901161,4
drawer-open-v3,gaussian,0.1,10005,2,1,1.0,0.1000000014901161,4
drawer-open-v3,gaussian,0.1,10005,3,1,1.0,0.1000000014901161,4
drawer-open-v3,gaussian,0.1,10005,4,1,1.0,0.1000000014901161,4
drawer-open-v3,gaussian,0.1,10005,5,1,1.0,0.1000000014901161,4
drawer-open-v3,gaussian,0.1,10006,0,1,1.0,0.1000000014901161,4
drawer-open-v3,gaussian,0.1,10006,1,1,1.0,0.0999999940395355,4
drawer-open-v3,gaussian,0.1,10006,2,1,1.0,0.1000000014901161,4
drawer-open-v3,gaussian,0.1,10006,3,1,1.0,0.1000000014901161,4
drawer-open-v3,gaussian,0.1,10006,4,1,1.0,0.0999999940395355,4
drawer-open-v3,gaussian,0.1,10006,5,1,1.0,0.0999999940395355,4
drawer-open-v3,gaussian,0.1,10007,0,1,1.0,0.091072604060173,4
drawer-open-v3,gaussian,0.1,10007,1,1,1.0,0.0946041196584701,4
drawer-open-v3,gaussian,0.1,10007,2,1,1.0,0.1000000014901161,4
drawer-open-v3,gaussian,0.1,10007,3,1,1.0,0.1000000014901161,4
drawer-open-v3,gaussian,0.1,10007,4,1,1.0,0.1000000014901161,4
drawer-open-v3,gaussian,0.1,10007,5,1,1.0,0.1000000014901161,4
drawer-open-v3,gaussian,0.1,10008,0,1,1.0,0.1000000014901161,4
drawer-open-v3,gaussian,0.1,10008,1,1,1.0,0.0997064709663391,4
drawer-open-v3,gaussian,0.1,10008,2,1,1.0,0.1000000014901161,4
drawer-open-v3,gaussian,0.1,10008,3,1,1.0,0.1000000014901161,4
drawer-open-v3,gaussian,0.1,10008,4,1,1.0,0.1000000014901161,4
drawer-open-v3,gaussian,0.1,10008,5,1,1.0,0.1000000014901161,4
drawer-open-v3,gaussian,0.1,10009,0,1,1.0,0.1000000014901161,4
drawer-open-v3,gaussian,0.1,10009,1,1,1.0,0.1000000014901161,4
drawer-open-v3,gaussian,0.1,10009,2,1,1.0,0.1000000014901161,4
drawer-open-v3,gaussian,0.1,10009,3,1,1.0,0.1000000014901161,4
drawer-open-v3,gaussian,0.1,10009,4,1,1.0,0.1000000014901161,4
drawer-open-v3,gaussian,0.1,10009,5,1,1.0,0.0999999940395355,4
drawer-open-v3,gaussian,0.1,10010,0,1,1.0,0.1000000014901161,4
drawer-open-v3,gaussian,0.1,10010,1,1,1.0,0.0999999940395355,4
drawer-open-v3,gaussian,0.1,10010,2,1,1.0,0.0996016412973404,4
drawer-open-v3,gaussian,0.1,10010,3,1,1.0,0.1000000014901161,4
drawer-open-v3,gaussian,0.1,10010,4,1,1.0,0.1000000014901161,4
drawer-open-v3,gaussian,0.1,10010,5,1,1.0,0.0999999940395355,4
drawer-open-v3,gaussian,0.1,10011,0,1,1.0,0.0999999940395355,4
drawer-open-v3,gaussian,0.1,10011,1,1,1.0,0.1000000014901161,4
drawer-open-v3,gaussian,0.1,10011,2,1,1.0,0.1000000014901161,4
drawer-open-v3,gaussian,0.1,10011,3,1,1.0,0.1000000014901161,4
drawer-open-v3,gaussian,0.1,10011,4,1,1.0,0.0999999940395355,4
drawer-open-v3,gaussian,0.1,10011,5,1,1.0,0.1000000014901161,4
drawer-open-v3,gaussian,0.1,10012,0,1,1.0,0.0999999940395355,4
drawer-open-v3,gaussian,0.1,10012,1,1,1.0,0.1000000014901161,4
drawer-open-v3,gaussian,0.1,10012,2,1,1.0,0.1000000014901161,4
drawer-open-v3,gaussian,0.1,10012,3,1,1.0,0.1000000014901161,4
drawer-open-v3,gaussian,0.1,10012,4,1,1.0,0.1000000014901161,4
drawer-open-v3,gaussian,0.1,10012,5,1,1.0,0.1000000014901161,3
drawer-open-v3,gaussian,0.1,10013,0,1,1.0,0.1000000014901161,4
drawer-open-v3,gaussian,0.1,10013,1,1,1.0,0.0885111764073371,4
drawer-open-v3,gaussian,0.1,10013,2,1,1.0,0.0962813794612884,4
drawer-open-v3,gaussian,0.1,10013,3,1,1.0,0.1000000014901161,4
drawer-open-v3,gaussian,0.1,10013,4,1,1.0,0.1000000014901161,4
drawer-open-v3,gaussian,0.1,10013,5,1,1.0,0.1000000014901161,4
drawer-open-v3,gaussian,0.1,10014,0,1,1.0,0.1000000014901161,4
drawer-open-v3,gaussian,0.1,10014,1,1,1.0,0.1000000014901161,4
drawer-open-v3,gaussian,0.1,10014,2,1,1.0,0.1000000014901161,4
drawer-open-v3,gaussian,0.1,10014,3,1,1.0,0.1000000014901161,4
drawer-open-v3,gaussian,0.1,10014,4,1,1.0,0.1000000014901161,4
drawer-open-v3,gaussian,0.1,10014,5,1,1.0,0.1000000014901161,4
drawer-open-v3,gaussian,0.1,10015,0,1,1.0,0.1000000014901161,4
drawer-open-v3,gaussian,0.1,10015,1,1,1.0,0.1000000014901161,4
drawer-open-v3,gaussian,0.1,10015,2,1,1.0,0.1000000014901161,4
drawer-open-v3,gaussian,0.1,10015,3,1,1.0,0.1000000014901161,4
drawer-open-v3,gaussian,0.1,10015,4,1,1.0,0.1000000014901161,4
drawer-open-v3,gaussian,0.1,10015,5,1,1.0,0.1000000014901161,3
drawer-open-v3,gaussian,0.1,10016,0,1,1.0,0.1000000014901161,4
drawer-open-v3,gaussian,0.1,10016,1,1,1.0,0.1000000014901161,4
drawer-open-v3,gaussian,0.1,10016,2,1,1.0,0.1000000014901161,4
drawer-open-v3,gaussian,0.1,10016,3,1,1.0,0.0999999940395355,4
drawer-open-v3,gaussian,0.1,10016,4,1,1.0,0.1000000014901161,4
drawer-open-v3,gaussian,0.1,10016,5,1,1.0,0.1000000014901161,4
drawer-open-v3,gaussian,0.1,10017,0,1,1.0,0.1000000014901161,4
drawer-open-v3,gaussian,0.1,10017,1,1,1.0,0.0887067839503288,4
drawer-open-v3,gaussian,0.1,10017,2,1,1.0,0.1000000014901161,4
drawer-open-v3,gaussian,0.1,10017,3,1,1.0,0.1000000014901161,4
drawer-open-v3,gaussian,0.1,10017,4,1,1.0,0.0999999940395355,4
drawer-open-v3,gaussian,0.1,10017,5,1,1.0,0.1000000014901161,4
drawer-open-v3,gaussian,0.1,10018,0,1,1.0,0.1000000014901161,4
drawer-open-v3,gaussian,0.1,10018,1,1,1.0,0.0920550152659416,4
drawer-open-v3,gaussian,0.1,10018,2,1,1.0,0.1000000014901161,4
drawer-open-v3,gaussian,0.1,10018,3,1,1.0,0.1000000014901161,4
drawer-open-v3,gaussian,0.1,10018,4,1,1.0,0.1000000014901161,4
drawer-open-v3,gaussian,0.1,10018,5,1,1.0,0.1000000014901161,4
drawer-open-v3,gaussian,0.1,10019,0,1,1.0,0.1000000014901161,4
drawer-open-v3,gaussian,0.1,10019,1,1,1.0,0.1000000014901161,4
drawer-open-v3,gaussian,0.1,10019,2,1,1.0,0.1000000014901161,4
drawer-open-v3,gaussian,0.1,10019,3,1,1.0,0.1000000014901161,4
drawer-open-v3,gaussian,0.1,10019,4,1,1.0,0.1000000014901161,4
drawer-open-v3,gaussian,0.1,10019,5,1,1.0,0.1000000014901161,3
drawer-open-v3,gaussian,0.1,10020,0,1,1.0,0.1000000014901161,4
drawer-open-v3,gaussian,0.1,10020,1,1,1.0,0.0999999940395355,4
drawer-open-v3,gaussian,0.1,10020,2,1,1.0,0.1000000014901161,4
drawer-open-v3,gaussian,0.1,10020,3,1,1.0,0.1000000014901161,4
drawer-open-v3,gaussian,0.1,10020,4,1,1.0,0.1000000014901161,4
drawer-open-v3,gaussian,0.1,10020,5,1,1.0,0.1000000014901161,4
drawer-open-v3,gaussian,0.1,10021,0,1,1.0,0.0999999940395355,4
drawer-open-v3,gaussian,0.1,10021,1,1,1.0,0.0987828895449638,4
drawer-open-v3,gaussian,0.1,10021,2,1,1.0,0.0999746993184089,4
drawer-open-v3,gaussian,0.1,10021,3,1,1.0,0.0999999940395355,4
drawer-open-v3,gaussian,0.1,10021,4,1,1.0,0.1000000014901161,4
drawer-open-v3,gaussian,0.1,10021,5,1,1.0,0.1000000014901161,4
drawer-open-v3,gaussian,0.1,10022,0,1,1.0,0.0995216369628906,4
drawer-open-v3,gaussian,0.1,10022,1,1,1.0,0.0732883810997009,4
drawer-open-v3,gaussian,0.1,10022,2,1,1.0,0.097833827137947,4
drawer-open-v3,gaussian,0.1,10022,3,1,1.0,0.1000000014901161,4
drawer-open-v3,gaussian,0.1,10022,4,1,1.0,0.1000000014901161,4
drawer-open-v3,gaussian,0.1,10022,5,1,1.0,0.1000000014901161,4
drawer-open-v3,gaussian,0.1,10023,0,1,1.0,0.1000000014901161,4
drawer-open-v3,gaussian,0.1,10023,1,1,1.0,0.1000000014901161,4
drawer-open-v3,gaussian,0.1,10023,2,1,1.0,0.1000000014901161,4
drawer-open-v3,gaussian,0.1,10023,3,1,1.0,0.1000000014901161,4
drawer-open-v3,gaussian,0.1,10023,4,1,1.0,0.1000000014901161,4
drawer-open-v3,gaussian,0.1,10023,5,1,1.0,0.1000000014901161,4
drawer-open-v3,gaussian,0.1,10024,0,1,1.0,0.1000000014901161,4
drawer-open-v3,gaussian,0.1,10024,1,1,1.0,0.097475565969944,4
drawer-open-v3,gaussian,0.1,10024,2,1,1.0,0.1000000014901161,4
drawer-open-v3,gaussian,0.1,10024,3,1,1.0,0.0999999940395355,4
drawer-open-v3,gaussian,0.1,10024,4,1,1.0,0.1000000014901161,4
drawer-open-v3,gaussian,0.1,10024,5,1,1.0,0.1000000014901161,4
drawer-open-v3,gaussian,0.1,10025,0,1,1.0,0.0798752829432487,4
drawer-open-v3,gaussian,0.1,10025,1,1,1.0,0.087723396718502,4
drawer-open-v3,gaussian,0.1,10025,2,1,1.0,0.1000000014901161,4
drawer-open-v3,gaussian,0.1,10025,3,1,1.0,0.1000000014901161,4
drawer-open-v3,gaussian,0.1,10025,4,1,1.0,0.1000000014901161,4
drawer-open-v3,gaussian,0.1,10025,5,1,1.0,0.1000000014901161,4
drawer-open-v3,gaussian,0.1,10026,0,1,1.0,0.0956011116504669,4
drawer-open-v3,gaussian,0.1,10026,1,1,1.0,0.1000000014901161,4
drawer-open-v3,gaussian,0.1,10026,2,1,1.0,0.1000000014901161,4
drawer-open-v3,gaussian,0.1,10026,3,1,1.0,0.1000000014901161,4
drawer-open-v3,gaussian,0.1,10026,4,1,1.0,0.1000000014901161,4
drawer-open-v3,gaussian,0.1,10026,5,1,1.0,0.1000000014901161,4
drawer-open-v3,gaussian,0.1,10027,0,1,1.0,0.0999999940395355,4
drawer-open-v3,gaussian,0.1,10027,1,1,1.0,0.0999999940395355,4
drawer-open-v3,gaussian,0.1,10027,2,1,1.0,0.1000000014901161,4
drawer-open-v3,gaussian,0.1,10027,3,1,1.0,0.1000000014901161,4
drawer-open-v3,gaussian,0.1,10027,4,1,1.0,0.1000000014901161,4
drawer-open-v3,gaussian,0.1,10027,5,1,1.0,0.1000000014901161,4
drawer-open-v3,gaussian,0.1,10028,0,1,1.0,0.1000000014901161,4
drawer-open-v3,gaussian,0.1,10028,1,1,1.0,0.0853809416294097,4
drawer-open-v3,gaussian,0.1,10028,2,1,1.0,0.1000000014901161,4
drawer-open-v3,gaussian,0.1,10028,3,1,1.0,0.1000000014901161,4
drawer-open-v3,gaussian,0.1,10028,4,1,1.0,0.0999999940395355,4
drawer-open-v3,gaussian,0.1,10028,5,1,1.0,0.1000000014901161,4
drawer-open-v3,gaussian,0.1,10029,0,1,1.0,0.1000000014901161,4
drawer-open-v3,gaussian,0.1,10029,1,1,1.0,0.0998668000102043,4
drawer-open-v3,gaussian,0.1,10029,2,1,1.0,0.1000000014901161,4
drawer-open-v3,gaussian,0.1,10029,3,1,1.0,0.1000000014901161,4
drawer-open-v3,gaussian,0.1,10029,4,1,1.0,0.1000000014901161,4
drawer-open-v3,gaussian,0.1,10029,5,1,1.0,0.1000000014901161,3
drawer-open-v3,gaussian,0.1,10030,0,1,1.0,0.0796395242214202,4
drawer-open-v3,gaussian,0.1,10030,1,1,1.0,0.0997161418199539,4
drawer-open-v3,gaussian,0.1,10030,2,1,1.0,0.1000000014901161,4
drawer-open-v3,gaussian,0.1,10030,3,1,1.0,0.1000000014901161,4
drawer-open-v3,gaussian,0.1,10030,4,1,1.0,0.1000000014901161,4
drawer-open-v3,gaussian,0.1,10030,5,1,1.0,0.1000000014901161,3
drawer-open-v3,gaussian,0.1,10031,0,1,1.0,0.1000000014901161,4
drawer-open-v3,gaussian,0.1,10031,1,1,1.0,0.079338751733303,4
drawer-open-v3,gaussian,0.1,10031,2,1,1.0,0.1000000014901161,4
drawer-open-v3,gaussian,0.1,10031,3,1,1.0,0.1000000014901161,4
drawer-open-v3,gaussian,0.1,10031,4,1,1.0,0.1000000014901161,4
drawer-open-v3,gaussian,0.1,10031,5,1,1.0,0.1000000014901161,4
drawer-open-v3,gaussian,0.1,10032,0,1,1.0,0.0993199273943901,4
drawer-open-v3,gaussian,0.1,10032,1,1,1.0,0.1000000014901161,4
drawer-open-v3,gaussian,0.1,10032,2,1,1.0,0.1000000014901161,4
drawer-open-v3,gaussian,0.1,10032,3,1,1.0,0.1000000014901161,4
drawer-open-v3,gaussian,0.1,10032,4,1,1.0,0.1000000014901161,4
drawer-open-v3,gaussian,0.1,10032,5,1,1.0,0.1000000014901161,4
drawer-open-v3,gaussian,0.1,10033,0,1,1.0,0.0999999940395355,4
drawer-open-v3,gaussian,0.1,10033,1,1,1.0,0.1000000014901161,4
drawer-open-v3,gaussian,0.1,10033,2,1,1.0,0.1000000014901161,4
drawer-open-v3,gaussian,0.1,10033,3,1,1.0,0.1000000014901161,4
drawer-open-v3,gaussian,0.1,10033,4,1,1.0,0.1000000014901161,4
drawer-open-v3,gaussian,0.1,10033,5,1,1.0,0.1000000014901161,4
drawer-open-v3,gaussian,0.1,10034,0,1,1.0,0.1000000014901161,4
drawer-open-v3,gaussian,0.1,10034,1,1,1.0,0.0578208565711975,4
drawer-open-v3,gaussian,0.1,10034,2,1,1.0,0.1000000014901161,4
drawer-open-v3,gaussian,0.1,10034,3,1,1.0,0.1000000014901161,4
drawer-open-v3,gaussian,0.1,10034,4,1,1.0,0.1000000014901161,4
drawer-open-v3,gaussian,0.1,10034,5,1,1.0,0.1000000014901161,3
drawer-open-v3,gaussian,0.1,10035,0,1,1.0,0.1000000014901161,4
drawer-open-v3,gaussian,0.1,10035,1,1,1.0,0.1000000014901161,4
drawer-open-v3,gaussian,0.1,10035,2,1,1.0,0.1000000014901161,4
drawer-open-v3,gaussian,0.1,10035,3,1,1.0,0.1000000014901161,4
drawer-open-v3,gaussian,0.1,10035,4,1,1.0,0.0999999940395355,4
drawer-open-v3,gaussian,0.1,10035,5,1,1.0,0.1000000014901161,4
drawer-open-v3,gaussian,0.1,10036,0,1,1.0,0.1000000014901161,4
drawer-open-v3,gaussian,0.1,10036,1,1,1.0,0.1000000014901161,4
drawer-open-v3,gaussian,0.1,10036,2,1,1.0,0.0997982770204544,4
drawer-open-v3,gaussian,0.1,10036,3,1,1.0,0.1000000014901161,4
drawer-open-v3,gaussian,0.1,10036,4,1,1.0,0.1000000014901161,4
drawer-open-v3,gaussian,0.1,10036,5,1,1.0,0.0999999940395355,4
drawer-open-v3,gaussian,0.1,10037,0,1,1.0,0.1000000014901161,4
drawer-open-v3,gaussian,0.1,10037,1,1,1.0,0.1000000014901161,4
drawer-open-v3,gaussian,0.1,10037,2,1,1.0,0.0999999940395355,4
drawer-open-v3,gaussian,0.1,10037,3,1,1.0,0.1000000014901161,4
drawer-open-v3,gaussian,0.1,10037,4,1,1.0,0.1000000014901161,4
drawer-open-v3,gaussian,0.1,10037,5,1,1.0,0.0999999940395355,3
drawer-open-v3,gaussian,0.1,10038,0,1,1.0,0.0973327383399009,4
drawer-open-v3,gaussian,0.1,10038,1,1,1.0,0.0913898050785064,4
drawer-open-v3,gaussian,0.1,10038,2,1,1.0,0.1000000014901161,4
drawer-open-v3,gaussian,0.1,10038,3,1,1.0,0.1000000014901161,4
drawer-open-v3,gaussian,0.1,10038,4,1,1.0,0.1000000014901161,4
drawer-open-v3,gaussian,0.1,10038,5,1,1.0,0.1000000014901161,4
drawer-open-v3,gaussian,0.1,10039,0,1,1.0,0.1000000014901161,4
drawer-open-v3,gaussian,0.1,10039,1,1,1.0,0.0999999940395355,4
drawer-open-v3,gaussian,0.1,10039,2,1,1.0,0.1000000014901161,4
drawer-open-v3,gaussian,0.1,10039,3,1,1.0,0.1000000014901161,4
drawer-open-v3,gaussian,0.1,10039,4,1,1.0,0.1000000014901161,4
drawer-open-v3,gaussian,0.1,10039,5,1,1.0,0.1000000014901161,4
drawer-open-v3,gaussian,0.25,10000,0,1,1.0,0.25,4
drawer-open-v3,gaussian,0.25,10000,1,1,1.0,0.1915543377399444,4
drawer-open-v3,gaussian,0.25,10000,2,1,1.0,0.25,4
drawer-open-v3,gaussian,0.25,10000,3,1,1.0,0.25,4
drawer-open-v3,gaussian,0.25,10000,4,1,1.0,0.25,4
drawer-open-v3,gaussian,0.25,10000,5,1,1.0,0.25,4
drawer-open-v3,gaussian,0.25,10001,0,1,1.0,0.25,4
drawer-open-v3,gaussian,0.25,10001,1,1,1.0,0.25,4
drawer-open-v3,gaussian,0.25,10001,2,1,1.0,0.25,4
drawer-open-v3,gaussian,0.25,10001,3,1,1.0,0.25,4
drawer-open-v3,gaussian,0.25,10001,4,1,1.0,0.25,4
drawer-open-v3,gaussian,0.25,10001,5,1,1.0,0.25,3
drawer-open-v3,gaussian,0.25,10002,0,1,1.0,0.25,4
drawer-open-v3,gaussian,0.25,10002,1,1,1.0,0.2354594618082046,4
drawer-open-v3,gaussian,0.25,10002,2,1,1.0,0.25,4
drawer-open-v3,gaussian,0.25,10002,3,1,1.0,0.25,4
drawer-open-v3,gaussian,0.25,10002,4,1,1.0,0.25,4
drawer-open-v3,gaussian,0.25,10002,5,1,1.0,0.25,4
drawer-open-v3,gaussian,0.25,10003,0,1,1.0,0.2307882905006408,4
drawer-open-v3,gaussian,0.25,10003,1,1,1.0,0.25,4
drawer-open-v3,gaussian,0.25,10003,2,1,1.0,0.25,4
drawer-open-v3,gaussian,0.25,10003,3,1,1.0,0.25,4
drawer-open-v3,gaussian,0.25,10003,4,1,1.0,0.25,4
drawer-open-v3,gaussian,0.25,10003,5,1,1.0,0.25,4
drawer-open-v3,gaussian,0.25,10004,0,1,1.0,0.25,4
drawer-open-v3,gaussian,0.25,10004,1,1,1.0,0.25,4
drawer-open-v3,gaussian,0.25,10004,2,1,1.0,0.25,4
drawer-open-v3,gaussian,0.25,10004,3,1,1.0,0.25,4
drawer-open-v3,gaussian,0.25,10004,4,1,1.0,0.25,4
drawer-open-v3,gaussian,0.25,10004,5,1,1.0,0.25,3
drawer-open-v3,gaussian,0.25,10005,0,2,0.5,0.125,4
drawer-open-v3,gaussian,0.25,10005,1,1,1.0,0.25,4
drawer-open-v3,gaussian,0.25,10005,2,1,1.0,0.25,4
drawer-open-v3,gaussian,0.25,10005,3,1,1.0,0.25,4
drawer-open-v3,gaussian,0.25,10005,4,1,1.0,0.25,4
drawer-open-v3,gaussian,0.25,10005,5,1,1.0,0.25,4
drawer-open-v3,gaussian,0.25,10006,0,1,1.0,0.2499999850988388,4
drawer-open-v3,gaussian,0.25,10006,1,1,1.0,0.25,4
drawer-open-v3,gaussian,0.25,10006,2,1,1.0,0.25,4
drawer-open-v3,gaussian,0.25,10006,3,1,1.0,0.25,4
drawer-open-v3,gaussian,0.25,10006,4,1,1.0,0.25,4
drawer-open-v3,gaussian,0.25,10006,5,1,1.0,0.25,4
drawer-open-v3,gaussian,0.25,10007,0,1,1.0,0.2003968805074691,4
drawer-open-v3,gaussian,0.25,10007,1,1,1.0,0.2365103214979171,4
drawer-open-v3,gaussian,0.25,10007,2,1,1.0,0.25,4
drawer-open-v3,gaussian,0.25,10007,3,1,1.0,0.25,4
drawer-open-v3,gaussian,0.25,10007,4,1,1.0,0.25,4
drawer-open-v3,gaussian,0.25,10007,5,1,1.0,0.25,4
drawer-open-v3,gaussian,0.25,10008,0,1,1.0,0.25,4
drawer-open-v3,gaussian,0.25,10008,1,1,1.0,0.2492661774158477,4
drawer-open-v3,gaussian,0.25,10008,2,1,1.0,0.25,4
drawer-open-v3,gaussian,0.25,10008,3,1,1.0,0.25,4
drawer-open-v3,gaussian,0.25,10008,4,1,1.0,0.25,4
drawer-open-v3,gaussian,0.25,10008,5,1,1.0,0.25,4
drawer-open-v3,gaussian,0.25,10009,0,1,1.0,0.2359974384307861,4
drawer-open-v3,gaussian,0.25,10009,1,1,1.0,0.25,4
drawer-open-v3,gaussian,0.25,10009,2,1,1.0,0.25,4
drawer-open-v3,gaussian,0.25,10009,3,1,1.0,0.25,4
drawer-open-v3,gaussian,0.25,10009,4,1,1.0,0.25,4
drawer-open-v3,gaussian,0.25,10009,5,1,1.0,0.25,4
drawer-open-v3,gaussian,0.25,10010,0,2,0.5,0.1249999925494194,4
drawer-open-v3,gaussian,0.25,10010,1,1,1.0,0.25,4
drawer-open-v3,gaussian,0.25,10010,2,1,1.0,0.2490040957927703,4
drawer-open-v3,gaussian,0.25,10010,3,1,1.0,0.25,4
drawer-open-v3,gaussian,0.25,10010,4,1,1.0,0.25,4
drawer-open-v3,gaussian,0.25,10010,5,1,1.0,0.25,4
drawer-open-v3,gaussian,0.25,10011,0,1,1.0,0.25,4
drawer-open-v3,gaussian,0.25,10011,1,1,1.0,0.25,4
drawer-open-v3,gaussian,0.25,10011,2,1,1.0,0.25,4
drawer-open-v3,gaussian,0.25,10011,3,1,1.0,0.25,4
drawer-open-v3,gaussian,0.25,10011,4,1,1.0,0.25,4
drawer-open-v3,gaussian,0.25,10011,5,1,1.0,0.25,4
drawer-open-v3,gaussian,0.25,10012,0,1,1.0,0.25,4
drawer-open-v3,gaussian,0.25,10012,1,1,1.0,0.25,4
drawer-open-v3,gaussian,0.25,10012,2,1,1.0,0.25,4
drawer-open-v3,gaussian,0.25,10012,3,1,1.0,0.25,4
drawer-open-v3,gaussian,0.25,10012,4,1,1.0,0.25,4
drawer-open-v3,gaussian,0.25,10012,5,1,1.0,0.25,3
drawer-open-v3,gaussian,0.25,10013,0,1,1.0,0.25,4
drawer-open-v3,gaussian,0.25,10013,1,1,1.0,0.2212779521942138,4
drawer-open-v3,gaussian,0.25,10013,2,1,1.0,0.2407034486532211,4
drawer-open-v3,gaussian,0.25,10013,3,1,1.0,0.25,4
drawer-open-v3,gaussian,0.25,10013,4,1,1.0,0.25,4
drawer-open-v3,gaussian,0.25,10013,5,1,1.0,0.25,4
drawer-open-v3,gaussian,0.25,10014,0,2,0.5,0.125,4
drawer-open-v3,gaussian,0.25,10014,1,1,1.0,0.25,4
drawer-open-v3,gaussian,0.25,10014,2,1,1.0,0.25,4
drawer-open-v3,gaussian,0.25,10014,3,1,1.0,0.25,4
drawer-open-v3,gaussian,0.25,10014,4,1,1.0,0.25,4
drawer-open-v3,gaussian,0.25,10014,5,1,1.0,0.25,4
drawer-open-v3,gaussian,0.25,10015,0,2,0.5,0.125,4
drawer-open-v3,gaussian,0.25,10015,1,1,1.0,0.25,4
drawer-open-v3,gaussian,0.25,10015,2,1,1.0,0.25,4
drawer-open-v3,gaussian,0.25,10015,3,1,1.0,0.25,4
drawer-open-v3,gaussian,0.25,10015,4,1,1.0,0.25,4
drawer-open-v3,gaussian,0.25,10015,5,1,1.0,0.25,3
drawer-open-v3,gaussian,0.25,10016,0,2,0.5,0.125,4
drawer-open-v3,gaussian,0.25,10016,1,1,1.0,0.25,4
drawer-open-v3,gaussian,0.25,10016,2,1,1.0,0.25,4
drawer-open-v3,gaussian,0.25,10016,3,1,1.0,0.25,4
drawer-open-v3,gaussian,0.25,10016,4,1,1.0,0.25,4
drawer-open-v3,gaussian,0.25,10016,5,1,1.0,0.2499999850988388,4
drawer-open-v3,gaussian,0.25,10017,0,1,1.0,0.25,4
drawer-open-v3,gaussian,0.25,10017,1,1,1.0,0.2217669486999511,4
drawer-open-v3,gaussian,0.25,10017,2,1,1.0,0.25,4
drawer-open-v3,gaussian,0.25,10017,3,1,1.0,0.25,4
drawer-open-v3,gaussian,0.25,10017,4,1,1.0,0.25,4
drawer-open-v3,gaussian,0.25,10017,5,1,1.0,0.25,4
drawer-open-v3,gaussian,0.25,10018,0,1,1.0,0.25,4
drawer-open-v3,gaussian,0.25,10018,1,1,1.0,0.2301375120878219,4
drawer-open-v3,gaussian,0.25,10018,2,1,1.0,0.25,4
drawer-open-v3,gaussian,0.25,10018,3,1,1.0,0.25,4
drawer-open-v3,gaussian,0.25,10018,4,1,1.0,0.25,4
drawer-open-v3,gaussian,0.25,10018,5,1,1.0,0.25,4
drawer-open-v3,gaussian,0.25,10019,0,1,1.0,0.25,4
drawer-open-v3,gaussian,0.25,10019,1,1,1.0,0.25,4
drawer-open-v3,gaussian,0.25,10019,2,1,1.0,0.25,4
drawer-open-v3,gaussian,0.25,10019,3,1,1.0,0.25,4
drawer-open-v3,gaussian,0.25,10019,4,1,1.0,0.25,4
drawer-open-v3,gaussian,0.25,10019,5,1,1.0,0.25,3
drawer-open-v3,gaussian,0.25,10020,0,1,1.0,0.25,4
drawer-open-v3,gaussian,0.25,10020,1,1,1.0,0.2499999850988388,4
drawer-open-v3,gaussian,0.25,10020,2,1,1.0,0.25,4
drawer-open-v3,gaussian,0.25,10020,3,1,1.0,0.25,4
drawer-open-v3,gaussian,0.25,10020,4,1,1.0,0.25,4
drawer-open-v3,gaussian,0.25,10020,5,1,1.0,0.25,4
drawer-open-v3,gaussian,0.25,10021,0,1,1.0,0.25,4
drawer-open-v3,gaussian,0.25,10021,1,1,1.0,0.2429309338331222,4
drawer-open-v3,gaussian,0.25,10021,2,1,1.0,0.2499367445707321,4
drawer-open-v3,gaussian,0.25,10021,3,1,1.0,0.25,4
drawer-open-v3,gaussian,0.25,10021,4,1,1.0,0.25,4
drawer-open-v3,gaussian,0.25,10021,5,1,1.0,0.25,4
drawer-open-v3,gaussian,0.25,10022,0,1,1.0,0.184820294380188,4
drawer-open-v3,gaussian,0.25,10022,1,1,1.0,0.1832209676504135,4
drawer-open-v3,gaussian,0.25,10022,2,1,1.0,0.2445845752954483,4
drawer-open-v3,gaussian,0.25,10022,3,1,1.0,0.25,4
drawer-open-v3,gaussian,0.25,10022,4,1,1.0,0.25,4
drawer-open-v3,gaussian,0.25,10022,5,1,1.0,0.25,4
drawer-open-v3,gaussian,0.25,10023,0,1,1.0,0.2499999850988388,4
drawer-open-v3,gaussian,0.25,10023,1,1,1.0,0.25,4
drawer-open-v3,gaussian,0.25,10023,2,1,1.0,0.25,4
drawer-open-v3,gaussian,0.25,10023,3,1,1.0,0.25,4
drawer-open-v3,gaussian,0.25,10023,4,1,1.0,0.25,4
drawer-open-v3,gaussian,0.25,10023,5,1,1.0,0.25,4
drawer-open-v3,gaussian,0.25,10024,0,1,1.0,0.25,4
drawer-open-v3,gaussian,0.25,10024,1,1,1.0,0.2436889261007309,4
drawer-open-v3,gaussian,0.25,10024,2,1,1.0,0.25,4
drawer-open-v3,gaussian,0.25,10024,3,1,1.0,0.25,4
drawer-open-v3,gaussian,0.25,10024,4,1,1.0,0.25,4
drawer-open-v3,gaussian,0.25,10024,5,1,1.0,0.25,4
drawer-open-v3,gaussian,0.25,10025,0,1,1.0,0.1798291206359863,4
drawer-open-v3,gaussian,0.25,10025,1,1,1.0,0.2193084806203842,4
drawer-open-v3,gaussian,0.25,10025,2,1,1.0,0.25,4
drawer-open-v3,gaussian,0.25,10025,3,1,1.0,0.25,4
drawer-open-v3,gaussian,0.25,10025,4,1,1.0,0.25,4
drawer-open-v3,gaussian,0.25,10025,5,1,1.0,0.25,4
drawer-open-v3,gaussian,0.25,10026,0,1,1.0,0.2243878543376922,4
drawer-open-v3,gaussian,0.25,10026,1,1,1.0,0.25,4
drawer-open-v3,gaussian,0.25,10026,2,1,1.0,0.25,4
drawer-open-v3,gaussian,0.25,10026,3,1,1.0,0.25,4
drawer-open-v3,gaussian,0.25,10026,4,1,1.0,0.25,4
drawer-open-v3,gaussian,0.25,10026,5,1,1.0,0.25,4
drawer-open-v3,gaussian,0.25,10027,0,1,1.0,0.25,4
drawer-open-v3,gaussian,0.25,10027,1,1,1.0,0.25,4
drawer-open-v3,gaussian,0.25,10027,2,1,1.0,0.25,4
drawer-open-v3,gaussian,0.25,10027,3,1,1.0,0.25,4
drawer-open-v3,gaussian,0.25,10027,4,1,1.0,0.25,4
drawer-open-v3,gaussian,0.25,10027,5,1,1.0,0.25,4
drawer-open-v3,gaussian,0.25,10028,0,1,1.0,0.25,4
drawer-open-v3,gaussian,0.25,10028,1,1,1.0,0.2113291323184967,4
drawer-open-v3,gaussian,0.25,10028,2,1,1.0,0.25,4
drawer-open-v3,gaussian,0.25,10028,3,1,1.0,0.25,4
drawer-open-v3,gaussian,0.25,10028,4,1,1.0,0.25,4
drawer-open-v3,gaussian,0.25,10028,5,1,1.0,0.25,4
drawer-open-v3,gaussian,0.25,10029,0,1,1.0,0.25,4
drawer-open-v3,gaussian,0.25,10029,1,1,1.0,0.2496670037508011,4
drawer-open-v3,gaussian,0.25,10029,2,1,1.0,0.25,4
drawer-open-v3,gaussian,0.25,10029,3,1,1.0,0.25,4
drawer-open-v3,gaussian,0.25,10029,4,1,1.0,0.25,4
drawer-open-v3,gaussian,0.25,10029,5,1,1.0,0.25,3
drawer-open-v3,gaussian,0.25,10030,0,1,1.0,0.1790807098150253,4
drawer-open-v3,gaussian,0.25,10030,1,1,1.0,0.2492903470993042,4
drawer-open-v3,gaussian,0.25,10030,2,1,1.0,0.25,4
drawer-open-v3,gaussian,0.25,10030,3,1,1.0,0.25,4
drawer-open-v3,gaussian,0.25,10030,4,1,1.0,0.25,4
drawer-open-v3,gaussian,0.25,10030,5,1,1.0,0.25,3
drawer-open-v3,gaussian,0.25,10031,0,2,0.5,0.125,4
drawer-open-v3,gaussian,0.25,10031,1,1,1.0,0.1960279941558838,4
drawer-open-v3,gaussian,0.25,10031,2,1,1.0,0.25,4
drawer-open-v3,gaussian,0.25,10031,3,1,1.0,0.25,4
drawer-open-v3,gaussian,0.25,10031,4,1,1.0,0.25,4
drawer-open-v3,gaussian,0.25,10031,5,1,1.0,0.25,4
drawer-open-v3,gaussian,0.25,10032,0,2,0.5,0.1231359615921974,4
drawer-open-v3,gaussian,0.25,10032,1,1,1.0,0.25,4
drawer-open-v3,gaussian,0.25,10032,2,1,1.0,0.25,4
drawer-open-v3,gaussian,0.25,10032,3,1,1.0,0.25,4
drawer-open-v3,gaussian,0.25,10032,4,1,1.0,0.25,4
drawer-open-v3,gaussian,0.25,10032,5,1,1.0,0.25,4
drawer-open-v3,gaussian,0.25,10033,0,1,1.0,0.2489089220762252,4
drawer-open-v3,gaussian,0.25,10033,1,1,1.0,0.25,4
drawer-open-v3,gaussian,0.25,10033,2,1,1.0,0.25,4
drawer-open-v3,gaussian,0.25,10033,3,1,1.0,0.25,4
drawer-open-v3,gaussian,0.25,10033,4,1,1.0,0.25,4
drawer-open-v3,gaussian,0.25,10033,5,1,1.0,0.25,4
drawer-open-v3,gaussian,0.25,10034,0,1,1.0,0.25,4
drawer-open-v3,gaussian,0.25,10034,1,1,1.0,0.1445521265268325,4
drawer-open-v3,gaussian,0.25,10034,2,1,1.0,0.25,4
drawer-open-v3,gaussian,0.25,10034,3,1,1.0,0.25,4
drawer-open-v3,gaussian,0.25,10034,4,1,1.0,0.25,4
drawer-open-v3,gaussian,0.25,10034,5,1,1.0,0.2499999850988388,3
drawer-open-v3,gaussian,0.25,10035,0,1,1.0,0.201411947607994,4
drawer-open-v3,gaussian,0.25,10035,1,1,1.0,0.25,4
drawer-open-v3,gaussian,0.25,10035,2,1,1.0,0.25,4
drawer-open-v3,gaussian,0.25,10035,3,1,1.0,0.25,4
drawer-open-v3,gaussian,0.25,10035,4,1,1.0,0.25,4
drawer-open-v3,gaussian,0.25,10035,5,1,1.0,0.25,4
drawer-open-v3,gaussian,0.25,10036,0,1,1.0,0.25,4
drawer-open-v3,gaussian,0.25,10036,1,1,1.0,0.25,4
drawer-open-v3,gaussian,0.25,10036,2,1,1.0,0.2494957000017166,4
drawer-open-v3,gaussian,0.25,10036,3,1,1.0,0.25,4
drawer-open-v3,gaussian,0.25,10036,4,1,1.0,0.25,4
drawer-open-v3,gaussian,0.25,10036,5,1,1.0,0.25,4
drawer-open-v3,gaussian,0.25,10037,0,1,1.0,0.25,4
drawer-open-v3,gaussian,0.25,10037,1,1,1.0,0.25,4
drawer-open-v3,gaussian,0.25,10037,2,1,1.0,0.25,4
drawer-open-v3,gaussian,0.25,10037,3,1,1.0,0.25,4
drawer-open-v3,gaussian,0.25,10037,4,1,1.0,0.25,4
drawer-open-v3,gaussian,0.25,10037,5,1,1.0,0.25,3
drawer-open-v3,gaussian,0.25,10038,0,1,1.0,0.2158545851707458,4
drawer-open-v3,gaussian,0.25,10038,1,1,1.0,0.2284745126962661,4
drawer-open-v3,gaussian,0.25,10038,2,1,1.0,0.25,4
drawer-open-v3,gaussian,0.25,10038,3,1,1.0,0.25,4
drawer-open-v3,gaussian,0.25,10038,4,1,1.0,0.25,4
drawer-open-v3,gaussian,0.25,10038,5,1,1.0,0.25,4
drawer-open-v3,gaussian,0.25,10039,0,1,1.0,0.25,4
drawer-open-v3,gaussian,0.25,10039,1,1,1.0,0.25,4
drawer-open-v3,gaussian,0.25,10039,2,1,1.0,0.25,4
drawer-open-v3,gaussian,0.25,10039,3,1,1.0,0.25,4
drawer-open-v3,gaussian,0.25,10039,4,1,1.0,0.25,4
drawer-open-v3,gaussian,0.25,10039,5,1,1.0,0.25,4
pick-place-v3,calibrated,0.1,10000,0,1,1.0,0.0774300023913383,4
pick-place-v3,calibrated,0.1,10000,1,1,1.0,0.1000000014901161,4
pick-place-v3,calibrated,0.1,10000,2,1,1.0,0.1000000014901161,4
pick-place-v3,calibrated,0.1,10000,3,1,1.0,0.1000000014901161,4
pick-place-v3,calibrated,0.1,10000,4,1,1.0,0.1000000014901161,4
pick-place-v3,calibrated,0.1,10000,5,1,1.0,0.1000000014901161,4
pick-place-v3,calibrated,0.1,10001,0,1,1.0,0.1000000014901161,4
pick-place-v3,calibrated,0.1,10001,1,1,1.0,0.1000000014901161,4
pick-place-v3,calibrated,0.1,10001,2,1,1.0,0.0999999940395355,4
pick-place-v3,calibrated,0.1,10001,3,1,1.0,0.1000000014901161,4
pick-place-v3,calibrated,0.1,10001,4,1,1.0,0.1000000089406967,4
pick-place-v3,calibrated,0.1,10001,5,1,1.0,0.1000000014901161,3
pick-place-v3,calibrated,0.1,10002,0,1,1.0,0.1000000089406967,4
pick-place-v3,calibrated,0.1,10002,1,1,1.0,0.1000000089406967,4
pick-place-v3,calibrated,0.1,10002,2,1,1.0,0.1000000014901161,4
pick-place-v3,calibrated,0.1,10002,3,1,1.0,0.1000000014901161,4
pick-place-v3,calibrated,0.1,10002,4,1,1.0,0.1000000014901161,4
pick-place-v3,calibrated,0.1,10002,5,1,1.0,0.0999999940395355,4
pick-place-v3,calibrated,0.1,10003,0,1,1.0,0.0999999940395355,4
pick-place-v3,calibrated,0.1,10003,1,1,1.0,0.1000000014901161,4
pick-place-v3,calibrated,0.1,10003,2,1,1.0,0.1000000089406967,4
pick-place-v3,calibrated,0.1,10003,3,1,1.0,0.1000000014901161,4
pick-place-v3,calibrated,0.1,10003,4,1,1.0,0.1000000089406967,4
pick-place-v3,calibrated,0.1,10003,5,1,1.0,0.1000000014901161,4
pick-place-v3,calibrated,0.1,10004,0,1,1.0,0.1000000014901161,4
pick-place-v3,calibrated,0.1,10004,1,1,1.0,0.1000000014901161,4
pick-place-v3,calibrated,0.1,10004,2,1,1.0,0.1000000014901161,4
pick-place-v3,calibrated,0.1,10004,3,1,1.0,0.1000000014901161,4
pick-place-v3,calibrated,0.1,10004,4,1,1.0,0.1000000089406967,4
pick-place-v3,calibrated,0.1,10004,5,1,1.0,0.1000000089406967,3
pick-place-v3,calibrated,0.1,10005,0,1,1.0,0.0985926389694213,4
pick-place-v3,calibrated,0.1,10005,1,1,1.0,0.0778215900063514,4
pick-place-v3,calibrated,0.1,10005,2,1,1.0,0.0971677228808403,4
pick-place-v3,calibrated,0.1,10005,3,1,1.0,0.1000000014901161,4
pick-place-v3,calibrated,0.1,10005,4,1,1.0,0.1000000014901161,4
pick-place-v3,calibrated,0.1,10005,5,1,1.0,0.1000000089406967,4
pick-place-v3,calibrated,0.1,10006,0,1,1.0,0.0935282260179519,4
pick-place-v3,calibrated,0.1,10006,1,1,1.0,0.0999918431043624,4
pick-place-v3,calibrated,0.1,10006,2,1,1.0,0.0999999865889549,4
pick-place-v3,calibrated,0.1,10006,3,1,1.0,0.1000000014901161,4
pick-place-v3,calibrated,0.1,10006,4,1,1.0,0.1000000014901161,4
pick-place-v3,calibrated,0.1,10006,5,1,1.0,0.1000000014901161,4
pick-place-v3,calibrated,0.1,10007,0,1,1.0,0.0908550545573234,4
pick-place-v3,calibrated,0.1,10007,1,1,1.0,0.0999999940395355,4
pick-place-v3,calibrated,0.1,10007,2,1,1.0,0.1000000089406967,4
pick-place-v3,calibrated,0.1,10007,3,1,1.0,0.1000000014901161,4
pick-place-v3,calibrated,0.1,10007,4,1,1.0,0.1000000014901161,4
pick-place-v3,calibrated,0.1,10007,5,1,1.0,0.1000000014901161,4
pick-place-v3,calibrated,0.1,10008,0,1,1.0,0.1000000014901161,4
pick-place-v3,calibrated,0.1,10008,1,1,1.0,0.0999999940395355,4
pick-place-v3,calibrated,0.1,10008,2,1,1.0,0.1000000014901161,4
pick-place-v3,calibrated,0.1,10008,3,1,1.0,0.1000000014901161,4
pick-place-v3,calibrated,0.1,10008,4,1,1.0,0.1000000089406967,4
pick-place-v3,calibrated,0.1,10008,5,1,1.0,0.0999999940395355,4
pick-place-v3,calibrated,0.1,10009,0,1,1.0,0.0863121449947357,4
pick-place-v3,calibrated,0.1,10009,1,1,1.0,0.0990804731845855,4
pick-place-v3,calibrated,0.1,10009,2,1,1.0,0.1000000014901161,4
pick-place-v3,calibrated,0.1,10009,3,1,1.0,0.1000000014901161,4
pick-place-v3,calibrated,0.1,10009,4,1,1.0,0.1000000014901161,4
pick-place-v3,calibrated,0.1,10009,5,1,1.0,0.1000000014901161,4
pick-place-v3,calibrated,0.1,10010,0,1,1.0,0.0342200882732868,4
pick-place-v3,calibrated,0.1,10010,1,1,1.0,0.1000000089406967,4
pick-place-v3,calibrated,0.1,10010,2,1,1.0,0.1000000014901161,4
pick-place-v3,calibrated,0.1,10010,3,1,1.0,0.1000000014901161,4
pick-place-v3,calibrated,0.1,10010,4,1,1.0,0.1000000014901161,4
pick-place-v3,calibrated,0.1,10010,5,1,1.0,0.0999999940395355,4
pick-place-v3,calibrated,0.1,10011,0,1,1.0,0.0966383442282676,4
pick-place-v3,calibrated,0.1,10011,1,1,1.0,0.1000000163912773,4
pick-place-v3,calibrated,0.1,10011,2,1,1.0,0.1000000014901161,4
pick-place-v3,calibrated,0.1,10011,3,1,1.0,0.0999999940395355,4
pick-place-v3,calibrated,0.1,10011,4,1,1.0,0.1000000014901161,4
pick-place-v3,calibrated,0.1,10011,5,1,1.0,0.1000000014901161,4
pick-place-v3,calibrated,0.1,10012,0,1,1.0,0.0918038859963417,4
pick-place-v3,calibrated,0.1,10012,1,1,1.0,0.098690778017044,4
pick-place-v3,calibrated,0.1,10012,2,1,1.0,0.1000000014901161,4
pick-place-v3,calibrated,0.1,10012,3,1,1.0,0.1000000014901161,4
pick-place-v3,calibrated,0.1,10012,4,2,0.5,0.050000000745058,4
pick-place-v3,calibrated,0.1,10012,5,1,1.0,0.0999999940395355,3
pick-place-v3,calibrated,0.1,10013,0,1,1.0,0.1000000014901161,4
pick-place-v3,calibrated,0.1,10013,1,1,1.0,0.1000000014901161,4
pick-place-v3,calibrated,0.1,10013,2,1,1.0,0.1000000014901161,4
pick-place-v3,calibrated,0.1,10013,3,1,1.0,0.1000000014901161,4
pick-place-v3,calibrated,0.1,10013,4,1,1.0,0.1000000089406967,4
pick-place-v3,calibrated,0.1,10013,5,1,1.0,0.1000000014901161,4
pick-place-v3,calibrated,0.1,10014,0,1,1.0,0.0890668705105781,4
pick-place-v3,calibrated,0.1,10014,1,1,1.0,0.1000000014901161,4
pick-place-v3,calibrated,0.1,10014,2,1,1.0,0.1000000014901161,4
pick-place-v3,calibrated,0.1,10014,3,1,1.0,0.1000000014901161,4
pick-place-v3,calibrated,0.1,10014,4,1,1.0,0.1000000014901161,4
pick-place-v3,calibrated,0.1,10014,5,1,1.0,0.1000000014901161,4
pick-place-v3,calibrated,0.1,10015,0,1,1.0,0.0985903739929199,4
pick-place-v3,calibrated,0.1,10015,1,1,1.0,0.0544383935630321,4
pick-place-v3,calibrated,0.1,10015,2,1,1.0,0.1000000014901161,4
pick-place-v3,calibrated,0.1,10015,3,1,1.0,0.0999999865889549,4
pick-place-v3,calibrated,0.1,10015,4,1,1.0,0.1000000014901161,4
pick-place-v3,calibrated,0.1,10015,5,1,1.0,0.1000000089406967,3
pick-place-v3,calibrated,0.1,10016,0,1,1.0,0.1000000014901161,4
pick-place-v3,calibrated,0.1,10016,1,1,1.0,0.0999999940395355,4
pick-place-v3,calibrated,0.1,10016,2,1,1.0,0.0999999940395355,4
pick-place-v3,calibrated,0.1,10016,3,1,1.0,0.0999999940395355,4
pick-place-v3,calibrated,0.1,10016,4,1,1.0,0.0999999940395355,4
pick-place-v3,calibrated,0.1,10016,5,1,1.0,0.1000000014901161,4
pick-place-v3,calibrated,0.1,10017,0,1,1.0,0.1000000014901161,4
pick-place-v3,calibrated,0.1,10017,1,1,1.0,0.1000000014901161,4
pick-place-v3,calibrated,0.1,10017,2,1,1.0,0.0999999940395355,4
pick-place-v3,calibrated,0.1,10017,3,1,1.0,0.1000000014901161,4
pick-place-v3,calibrated,0.1,10017,4,1,1.0,0.1000000014901161,4
pick-place-v3,calibrated,0.1,10017,5,1,1.0,0.1000000014901161,4
pick-place-v3,calibrated,0.1,10018,0,1,1.0,0.0991946756839752,4
pick-place-v3,calibrated,0.1,10018,1,1,1.0,0.1000000014901161,4
pick-place-v3,calibrated,0.1,10018,2,1,1.0,0.1000000014901161,4
pick-place-v3,calibrated,0.1,10018,3,1,1.0,0.1000000089406967,4
pick-place-v3,calibrated,0.1,10018,4,1,1.0,0.1000000089406967,4
pick-place-v3,calibrated,0.1,10018,5,1,1.0,0.1000000014901161,4
pick-place-v3,calibrated,0.1,10019,0,1,1.0,0.0905686020851135,4
pick-place-v3,calibrated,0.1,10019,1,1,1.0,0.0968474447727203,4
pick-place-v3,calibrated,0.1,10019,2,1,1.0,0.1000000014901161,4
pick-place-v3,calibrated,0.1,10019,3,1,1.0,0.1000000014901161,4
pick-place-v3,calibrated,0.1,10019,4,1,1.0,0.1000000014901161,4
pick-place-v3,calibrated,0.1,10019,5,1,1.0,0.1000000089406967,3
pick-place-v3,calibrated,0.1,10020,0,1,1.0,0.0999228060245513,4
pick-place-v3,calibrated,0.1,10020,1,1,1.0,0.0865143686532974,4
pick-place-v3,calibrated,0.1,10020,2,1,1.0,0.1000000014901161,4
pick-place-v3,calibrated,0.1,10020,3,1,1.0,0.0999999940395355,4
pick-place-v3,calibrated,0.1,10020,4,1,1.0,0.1000000089406967,4
pick-place-v3,calibrated,0.1,10020,5,1,1.0,0.1000000014901161,4
pick-place-v3,calibrated,0.1,10021,0,1,1.0,0.0999999940395355,4
pick-place-v3,calibrated,0.1,10021,1,1,1.0,0.0999999940395355,4
pick-place-v3,calibrated,0.1,10021,2,1,1.0,0.1000000014901161,4
pick-place-v3,calibrated,0.1,10021,3,1,1.0,0.0999999940395355,4
pick-place-v3,calibrated,0.1,10021,4,1,1.0,0.1000000014901161,4
pick-place-v3,calibrated,0.1,10021,5,1,1.0,0.0999999940395355,4
pick-place-v3,calibrated,0.1,10022,0,1,1.0,0.0913914740085601,4
pick-place-v3,calibrated,0.1,10022,1,1,1.0,0.0999999940395355,4
pick-place-v3,calibrated,0.1,10022,2,1,1.0,0.1000000014901161,4
pick-place-v3,calibrated,0.1,10022,3,1,1.0,0.1000000014901161,4
pick-place-v3,calibrated,0.1,10022,4,1,1.0,0.0999999940395355,4
pick-place-v3,calibrated,0.1,10022,5,1,1.0,0.1000000089406967,4
pick-place-v3,calibrated,0.1,10023,0,1,1.0,0.091795802116394,4
pick-place-v3,calibrated,0.1,10023,1,1,1.0,0.1000000014901161,4
pick-place-v3,calibrated,0.1,10023,2,1,1.0,0.1000000014901161,4
pick-place-v3,calibrated,0.1,10023,3,1,1.0,0.1000000014901161,4
pick-place-v3,calibrated,0.1,10023,4,1,1.0,0.1000000014901161,4
pick-place-v3,calibrated,0.1,10023,5,1,1.0,0.1000000014901161,4
pick-place-v3,calibrated,0.1,10024,0,1,1.0,0.1000000089406967,4
pick-place-v3,calibrated,0.1,10024,1,1,1.0,0.1000000014901161,4
pick-place-v3,calibrated,0.1,10024,2,1,1.0,0.1000000014901161,4
pick-place-v3,calibrated,0.1,10024,3,1,1.0,0.1000000014901161,4
pick-place-v3,calibrated,0.1,10024,4,1,1.0,0.1000000089406967,4
pick-place-v3,calibrated,0.1,10024,5,1,1.0,0.1000000089406967,4
pick-place-v3,calibrated,0.1,10025,0,1,1.0,0.0671618357300758,4
pick-place-v3,calibrated,0.1,10025,1,1,1.0,0.1000000014901161,4
pick-place-v3,calibrated,0.1,10025,2,1,1.0,0.1000000014901161,4
pick-place-v3,calibrated,0.1,10025,3,1,1.0,0.1000000014901161,4
pick-place-v3,calibrated,0.1,10025,4,1,1.0,0.0999999940395355,4
pick-place-v3,calibrated,0.1,10025,5,1,1.0,0.1000000014901161,4
pick-place-v3,calibrated,0.1,10026,0,1,1.0,0.0859185233712196,4
pick-place-v3,calibrated,0.1,10026,1,1,1.0,0.1000000163912773,4
pick-place-v3,calibrated,0.1,10026,2,1,1.0,0.1000000014901161,4
pick-place-v3,calibrated,0.1,10026,3,1,1.0,0.1000000014901161,4
pick-place-v3,calibrated,0.1,10026,4,1,1.0,0.1000000014901161,4
pick-place-v3,calibrated,0.1,10026,5,1,1.0,0.1000000014901161,4
pick-place-v3,calibrated,0.1,10027,0,1,1.0,0.0997265577316284,4
pick-place-v3,calibrated,0.1,10027,1,1,1.0,0.1000000014901161,4
pick-place-v3,calibrated,0.1,10027,2,1,1.0,0.1000000014901161,4
pick-place-v3,calibrated,0.1,10027,3,1,1.0,0.0999999940395355,4
pick-place-v3,calibrated,0.1,10027,4,1,1.0,0.0999999940395355,4
pick-place-v3,calibrated,0.1,10027,5,1,1.0,0.1000000014901161,4
pick-place-v3,calibrated,0.1,10028,0,1,1.0,0.0651202499866485,4
pick-place-v3,calibrated,0.1,10028,1,1,1.0,0.1000000014901161,4
pick-place-v3,calibrated,0.1,10028,2,1,1.0,0.0999999940395355,4
pick-place-v3,calibrated,0.1,10028,3,1,1.0,0.1000000014901161,4
pick-place-v3,calibrated,0.1,10028,4,1,1.0,0.1000000014901161,4
pick-place-v3,calibrated,0.1,10028,5,1,1.0,0.0999999940395355,4
pick-place-v3,calibrated,0.1,10029,0,1,1.0,0.0740521103143692,4
pick-place-v3,calibrated,0.1,10029,1,1,1.0,0.0999999940395355,4
pick-place-v3,calibrated,0.1,10029,2,1,1.0,0.1000000014901161,4
pick-place-v3,calibrated,0.1,10029,3,1,1.0,0.1000000014901161,4
pick-place-v3,calibrated,0.1,10029,4,1,1.0,0.1000000014901161,4
pick-place-v3,calibrated,0.1,10029,5,1,1.0,0.1000000014901161,3
pick-place-v3,calibrated,0.1,10030,0,1,1.0,0.0745157897472381,4
pick-place-v3,calibrated,0.1,10030,1,1,1.0,0.1000000014901161,4
pick-place-v3,calibrated,0.1,10030,2,1,1.0,0.1000000014901161,4
pick-place-v3,calibrated,0.1,10030,3,1,1.0,0.1000000014901161,4
pick-place-v3,calibrated,0.1,10030,4,1,1.0,0.1000000014901161,4
pick-place-v3,calibrated,0.1,10030,5,1,1.0,0.1000000014901161,3
pick-place-v3,calibrated,0.1,10031,0,1,1.0,0.0999999940395355,4
pick-place-v3,calibrated,0.1,10031,1,1,1.0,0.0999999940395355,4
pick-place-v3,calibrated,0.1,10031,2,1,1.0,0.1000000014901161,4
pick-place-v3,calibrated,0.1,10031,3,1,1.0,0.1000000163912773,4
pick-place-v3,calibrated,0.1,10031,4,1,1.0,0.1000000014901161,4
pick-place-v3,calibrated,0.1,10031,5,1,1.0,0.1000000089406967,4
pick-place-v3,calibrated,0.1,10032,0,1,1.0,0.1000000014901161,4
pick-place-v3,calibrated,0.1,10032,1,1,1.0,0.0999999940395355,4
pick-place-v3,calibrated,0.1,10032,2,1,1.0,0.1000000014901161,4
pick-place-v3,calibrated,0.1,10032,3,1,1.0,0.0955514311790466,4
pick-place-v3,calibrated,0.1,10032,4,1,1.0,0.1000000014901161,4
pick-place-v3,calibrated,0.1,10032,5,1,1.0,0.1000000014901161,4
pick-place-v3,calibrated,0.1,10033,0,1,1.0,0.1000000089406967,4
pick-place-v3,calibrated,0.1,10033,1,1,1.0,0.1000000089406967,4
pick-place-v3,calibrated,0.1,10033,2,1,1.0,0.1000000089406967,4
pick-place-v3,calibrated,0.1,10033,3,1,1.0,0.1000000014901161,4
pick-place-v3,calibrated,0.1,10033,4,1,1.0,0.1000000014901161,4
pick-place-v3,calibrated,0.1,10033,5,1,1.0,0.1000000014901161,4
pick-place-v3,calibrated,0.1,10034,0,1,1.0,0.096173845231533,4
pick-place-v3,calibrated,0.1,10034,1,1,1.0,0.1000000014901161,4
pick-place-v3,calibrated,0.1,10034,2,1,1.0,0.1000000014901161,4
pick-place-v3,calibrated,0.1,10034,3,1,1.0,0.1000000089406967,4
pick-place-v3,calibrated,0.1,10034,4,1,1.0,0.1000000014901161,4
pick-place-v3,calibrated,0.1,10034,5,1,1.0,0.1000000089406967,3
pick-place-v3,calibrated,0.1,10035,0,1,1.0,0.1000000089406967,4
pick-place-v3,calibrated,0.1,10035,1,1,1.0,0.1000000014901161,4
pick-place-v3,calibrated,0.1,10035,2,1,1.0,0.0982210412621498,4
pick-place-v3,calibrated,0.1,10035,3,1,1.0,0.1000000014901161,4
pick-place-v3,calibrated,0.1,10035,4,1,1.0,0.0999999940395355,4
pick-place-v3,calibrated,0.1,10035,5,1,1.0,0.1000000014901161,4
pick-place-v3,calibrated,0.1,10036,0,1,1.0,0.0998256430029869,4
pick-place-v3,calibrated,0.1,10036,1,1,1.0,0.1000000014901161,4
pick-place-v3,calibrated,0.1,10036,2,1,1.0,0.1000000014901161,4
pick-place-v3,calibrated,0.1,10036,3,1,1.0,0.1000000014901161,4
pick-place-v3,calibrated,0.1,10036,4,1,1.0,0.1000000014901161,4
pick-place-v3,calibrated,0.1,10036,5,1,1.0,0.1000000089406967,4
pick-place-v3,calibrated,0.1,10037,0,1,1.0,0.1000000089406967,4
pick-place-v3,calibrated,0.1,10037,1,1,1.0,0.095353290438652,4
pick-place-v3,calibrated,0.1,10037,2,1,1.0,0.1000000014901161,4
pick-place-v3,calibrated,0.1,10037,3,1,1.0,0.1000000014901161,4
pick-place-v3,calibrated,0.1,10037,4,1,1.0,0.1000000014901161,4
pick-place-v3,calibrated,0.1,10037,5,1,1.0,0.1000000014901161,3
pick-place-v3,calibrated,0.1,10038,0,1,1.0,0.0936088562011718,4
pick-place-v3,calibrated,0.1,10038,1,1,1.0,0.0999999940395355,4
pick-place-v3,calibrated,0.1,10038,2,1,1.0,0.1000000014901161,4
pick-place-v3,calibrated,0.1,10038,3,1,1.0,0.1000000014901161,4
pick-place-v3,calibrated,0.1,10038,4,1,1.0,0.1000000014901161,4
pick-place-v3,calibrated,0.1,10038,5,1,1.0,0.0999999940395355,4
pick-place-v3,calibrated,0.1,10039,0,1,1.0,0.1000000014901161,4
pick-place-v3,calibrated,0.1,10039,1,1,1.0,0.0999999940395355,4
pick-place-v3,calibrated,0.1,10039,2,1,1.0,0.0999999940395355,4
pick-place-v3,calibrated,0.1,10039,3,1,1.0,0.0999999940395355,4
pick-place-v3,calibrated,0.1,10039,4,1,1.0,0.1000000014901161,4
pick-place-v3,calibrated,0.1,10039,5,1,1.0,0.1000000014901161,4
pick-place-v3,calibrated,0.25,10000,0,1,1.0,0.1764127761125564,4
pick-place-v3,calibrated,0.25,10000,1,1,1.0,0.25,4
pick-place-v3,calibrated,0.25,10000,2,1,1.0,0.2499999850988388,4
pick-place-v3,calibrated,0.25,10000,3,1,1.0,0.2499999850988388,4
pick-place-v3,calibrated,0.25,10000,4,1,1.0,0.25,4
pick-place-v3,calibrated,0.25,10000,5,1,1.0,0.25,4
pick-place-v3,calibrated,0.25,10001,0,1,1.0,0.25,4
pick-place-v3,calibrated,0.25,10001,1,1,1.0,0.25,4
pick-place-v3,calibrated,0.25,10001,2,1,1.0,0.2499999850988388,4
pick-place-v3,calibrated,0.25,10001,3,1,1.0,0.25,4
pick-place-v3,calibrated,0.25,10001,4,2,0.5,0.125,4
pick-place-v3,calibrated,0.25,10001,5,1,1.0,0.25,3
pick-place-v3,calibrated,0.25,10002,0,1,1.0,0.25,4
pick-place-v3,calibrated,0.25,10002,1,1,1.0,0.25,4
pick-place-v3,calibrated,0.25,10002,2,1,1.0,0.2499999850988388,4
pick-place-v3,calibrated,0.25,10002,3,1,1.0,0.25,4
pick-place-v3,calibrated,0.25,10002,4,1,1.0,0.25,4
pick-place-v3,calibrated,0.25,10002,5,1,1.0,0.2499999850988388,4
pick-place-v3,calibrated,0.25,10003,0,1,1.0,0.25,4
pick-place-v3,calibrated,0.25,10003,1,1,1.0,0.25,4
pick-place-v3,calibrated,0.25,10003,2,1,1.0,0.25,4
pick-place-v3,calibrated,0.25,10003,3,1,1.0,0.25,4
pick-place-v3,calibrated,0.25,10003,4,1,1.0,0.25,4
pick-place-v3,calibrated,0.25,10003,5,1,1.0,0.25,4
pick-place-v3,calibrated,0.25,10004,0,2,0.5,0.1249999925494194,4
pick-place-v3,calibrated,0.25,10004,1,2,0.5,0.125,4
pick-place-v3,calibrated,0.25,10004,2,1,1.0,0.25,4
pick-place-v3,calibrated,0.25,10004,3,2,0.5,0.125,4
pick-place-v3,calibrated,0.25,10004,4,1,1.0,0.25,4
pick-place-v3,calibrated,0.25,10004,5,1,1.0,0.25,3
pick-place-v3,calibrated,0.25,10005,0,1,1.0,0.2464815974235534,4
pick-place-v3,calibrated,0.25,10005,1,1,1.0,0.1896127760410308,4
pick-place-v3,calibrated,0.25,10005,2,1,1.0,0.242919310927391,4
pick-place-v3,calibrated,0.25,10005,3,1,1.0,0.2499999850988388,4
pick-place-v3,calibrated,0.25,10005,4,1,1.0,0.25,4
pick-place-v3,calibrated,0.25,10005,5,1,1.0,0.25,4
pick-place-v3,calibrated,0.25,10006,0,1,1.0,0.2154797464609146,4
pick-place-v3,calibrated,0.25,10006,1,1,1.0,0.2499795854091644,4
pick-place-v3,calibrated,0.25,10006,2,1,1.0,0.2499999701976776,4
pick-place-v3,calibrated,0.25,10006,3,1,1.0,0.25,4
pick-place-v3,calibrated,0.25,10006,4,1,1.0,0.25,4
pick-place-v3,calibrated,0.25,10006,5,1,1.0,0.25,4
pick-place-v3,calibrated,0.25,10007,0,2,0.5,0.1135688200592994,4
pick-place-v3,calibrated,0.25,10007,1,1,1.0,0.2499999701976776,4
pick-place-v3,calibrated,0.25,10007,2,1,1.0,0.25,4
pick-place-v3,calibrated,0.25,10007,3,1,1.0,0.25,4
pick-place-v3,calibrated,0.25,10007,4,1,1.0,0.25,4
pick-place-v3,calibrated,0.25,10007,5,1,1.0,0.25,4
pick-place-v3,calibrated,0.25,10008,0,1,1.0,0.2499999850988388,4
pick-place-v3,calibrated,0.25,10008,1,2,0.5,0.1249999925494194,4
pick-place-v3,calibrated,0.25,10008,2,1,1.0,0.25,4
pick-place-v3,calibrated,0.25,10008,3,1,1.0,0.2499999701976776,4
pick-place-v3,calibrated,0.25,10008,4,1,1.0,0.25,4
pick-place-v3,calibrated,0.25,10008,5,1,1.0,0.2499999701976776,4
pick-place-v3,calibrated,0.25,10009,0,1,1.0,0.1899578422307968,4
pick-place-v3,calibrated,0.25,10009,1,1,1.0,0.2111564129590988,4
pick-place-v3,calibrated,0.25,10009,2,1,1.0,0.25,4
pick-place-v3,calibrated,0.25,10009,3,1,1.0,0.2499999850988388,4
pick-place-v3,calibrated,0.25,10009,4,1,1.0,0.25,4
pick-place-v3,calibrated,0.25,10009,5,1,1.0,0.25,4
pick-place-v3,calibrated,0.25,10010,0,1,1.0,0.085023894906044,4
pick-place-v3,calibrated,0.25,10010,1,1,1.0,0.25,4
pick-place-v3,calibrated,0.25,10010,2,1,1.0,0.25,4
pick-place-v3,calibrated,0.25,10010,3,1,1.0,0.25,4
pick-place-v3,calibrated,0.25,10010,4,1,1.0,0.25,4
pick-place-v3,calibrated,0.25,10010,5,1,1.0,0.2499999850988388,4
pick-place-v3,calibrated,0.25,10011,0,2,0.5,0.1207979321479797,4
pick-place-v3,calibrated,0.25,10011,1,1,1.0,0.2415594309568405,4
pick-place-v3,calibrated,0.25,10011,2,1,1.0,0.2499999850988388,4
pick-place-v3,calibrated,0.25,10011,3,2,0.5,0.1249999850988388,4
pick-place-v3,calibrated,0.25,10011,4,1,1.0,0.2499999850988388,4
pick-place-v3,calibrated,0.25,10011,5,1,1.0,0.25,4
pick-place-v3,calibrated,0.25,10012,0,1,1.0,0.1875136047601699,4
pick-place-v3,calibrated,0.25,10012,1,2,0.5,0.1233634650707244,4
pick-place-v3,calibrated,0.25,10012,2,1,1.0,0.25,4
pick-place-v3,calibrated,0.25,10012,3,3,0.25,0.0625,4
pick-place-v3,calibrated,0.25,10012,4,3,0.25,0.0625,4
pick-place-v3,calibrated,0.25,10012,5,3,0.25,0.0624999962747097,3
pick-place-v3,calibrated,0.25,10013,0,2,0.5,0.125,4
pick-place-v3,calibrated,0.25,10013,1,3,0.25,0.0625,4
pick-place-v3,calibrated,0.25,10013,2,1,1.0,0.25,4
pick-place-v3,calibrated,0.25,10013,3,1,1.0,0.25,4
pick-place-v3,calibrated,0.25,10013,4,1,1.0,0.25,4
pick-place-v3,calibrated,0.25,10013,5,1,1.0,0.25,4
pick-place-v3,calibrated,0.25,10014,0,1,1.0,0.2098989337682724,4
pick-place-v3,calibrated,0.25,10014,1,1,1.0,0.25,4
pick-place-v3,calibrated,0.25,10014,2,1,1.0,0.25,4
pick-place-v3,calibrated,0.25,10014,3,2,0.5,0.125,4
pick-place-v3,calibrated,0.25,10014,4,1,1.0,0.25,4
pick-place-v3,calibrated,0.25,10014,5,1,1.0,0.25,4
pick-place-v3,calibrated,0.25,10015,0,2,0.5,0.1232379674911499,4
pick-place-v3,calibrated,0.25,10015,1,1,1.0,0.1083678603172302,4
pick-place-v3,calibrated,0.25,10015,2,1,1.0,0.25,4
pick-place-v3,calibrated,0.25,10015,3,1,1.0,0.2499999701976776,4
pick-place-v3,calibrated,0.25,10015,4,1,1.0,0.25,4
pick-place-v3,calibrated,0.25,10015,5,1,1.0,0.25,3
pick-place-v3,calibrated,0.25,10016,0,2,0.5,0.1249999925494194,4
pick-place-v3,calibrated,0.25,10016,1,1,1.0,0.25,4
pick-place-v3,calibrated,0.25,10016,2,2,0.5,0.1249999925494194,4
pick-place-v3,calibrated,0.25,10016,3,1,1.0,0.2499999850988388,4
pick-place-v3,calibrated,0.25,10016,4,1,1.0,0.2499999850988388,4
pick-place-v3,calibrated,0.25,10016,5,1,1.0,0.25,4
pick-place-v3,calibrated,0.25,10017,0,2,0.5,0.1249999925494194,4
pick-place-v3,calibrated,0.25,10017,1,1,1.0,0.25,4
pick-place-v3,calibrated,0.25,10017,2,1,1.0,0.25,4
pick-place-v3,calibrated,0.25,10017,3,1,1.0,0.25,4
pick-place-v3,calibrated,0.25,10017,4,1,1.0,0.25,4
pick-place-v3,calibrated,0.25,10017,5,1,1.0,0.25,4
pick-place-v3,calibrated,0.25,10018,0,2,0.5,0.1220669597387313,4
pick-place-v3,calibrated,0.25,10018,1,1,1.0,0.2499999850988388,4
pick-place-v3,calibrated,0.25,10018,2,1,1.0,0.25,4
pick-place-v3,calibrated,0.25,10018,3,1,1.0,0.25,4
pick-place-v3,calibrated,0.25,10018,4,1,1.0,0.25,4
pick-place-v3,calibrated,0.25,10018,5,1,1.0,0.25,4
pick-place-v3,calibrated,0.25,10019,0,2,0.5,0.1131462082266807,4
pick-place-v3,calibrated,0.25,10019,1,1,1.0,0.1992551386356353,4
pick-place-v3,calibrated,0.25,10019,2,1,1.0,0.25,4
pick-place-v3,calibrated,0.25,10019,3,1,1.0,0.25,4
pick-place-v3,calibrated,0.25,10019,4,1,1.0,0.25,4
pick-place-v3,calibrated,0.25,10019,5,1,1.0,0.25,3
pick-place-v3,calibrated,0.25,10020,0,1,1.0,0.2410602122545242,4
pick-place-v3,calibrated,0.25,10020,1,1,1.0,0.2089586704969406,4
pick-place-v3,calibrated,0.25,10020,2,1,1.0,0.25,4
pick-place-v3,calibrated,0.25,10020,3,1,1.0,0.25,4
pick-place-v3,calibrated,0.25,10020,4,2,0.5,0.125,4
pick-place-v3,calibrated,0.25,10020,5,1,1.0,0.25,4
pick-place-v3,calibrated,0.25,10021,0,1,1.0,0.2435372769832611,4
pick-place-v3,calibrated,0.25,10021,1,1,1.0,0.2499999850988388,4
pick-place-v3,calibrated,0.25,10021,2,1,1.0,0.25,4
pick-place-v3,calibrated,0.25,10021,3,1,1.0,0.2499999850988388,4
pick-place-v3,calibrated,0.25,10021,4,1,1.0,0.25,4
pick-place-v3,calibrated,0.25,10021,5,1,1.0,0.25,4
pick-place-v3,calibrated,0.25,10022,0,1,1.0,0.2284786850214004,4
pick-place-v3,calibrated,0.25,10022,1,2,0.5,0.1249999925494194,4
pick-place-v3,calibrated,0.25,10022,2,1,1.0,0.25,4
pick-place-v3,calibrated,0.25,10022,3,1,1.0,0.25,4
pick-place-v3,calibrated,0.25,10022,4,1,1.0,0.2499999850988388,4
pick-place-v3,calibrated,0.25,10022,5,1,1.0,0.25,4
pick-place-v3,calibrated,0.25,10023,0,2,0.5,0.1147447526454925,4
pick-place-v3,calibrated,0.25,10023,1,1,1.0,0.25,4
pick-place-v3,calibrated,0.25,10023,2,2,0.5,0.125,4
pick-place-v3,calibrated,0.25,10023,3,1,1.0,0.25,4
pick-place-v3,calibrated,0.25,10023,4,1,1.0,0.25,4
pick-place-v3,calibrated,0.25,10023,5,1,1.0,0.2499999850988388,4
pick-place-v3,calibrated,0.25,10024,0,1,1.0,0.242912009358406,4
pick-place-v3,calibrated,0.25,10024,1,1,1.0,0.25,4
pick-place-v3,calibrated,0.25,10024,2,1,1.0,0.25,4
pick-place-v3,calibrated,0.25,10024,3,1,1.0,0.25,4
pick-place-v3,calibrated,0.25,10024,4,1,1.0,0.25,4
pick-place-v3,calibrated,0.25,10024,5,1,1.0,0.25,4
pick-place-v3,calibrated,0.25,10025,0,1,1.0,0.1679045855998993,4
pick-place-v3,calibrated,0.25,10025,1,1,1.0,0.25,4
pick-place-v3,calibrated,0.25,10025,2,1,1.0,0.25,4
pick-place-v3,calibrated,0.25,10025,3,1,1.0,0.25,4
pick-place-v3,calibrated,0.25,10025,4,1,1.0,0.2499999701976776,4
pick-place-v3,calibrated,0.25,10025,5,1,1.0,0.25,4
pick-place-v3,calibrated,0.25,10026,0,2,0.5,0.1073981598019599,4
pick-place-v3,calibrated,0.25,10026,1,2,0.5,0.1248694434762001,4
pick-place-v3,calibrated,0.25,10026,2,1,1.0,0.25,4
pick-place-v3,calibrated,0.25,10026,3,1,1.0,0.25,4
pick-place-v3,calibrated,0.25,10026,4,1,1.0,0.25,4
pick-place-v3,calibrated,0.25,10026,5,1,1.0,0.2499999701976776,4
pick-place-v3,calibrated,0.25,10027,0,1,1.0,0.2404699027538299,4
pick-place-v3,calibrated,0.25,10027,1,1,1.0,0.25,4
pick-place-v3,calibrated,0.25,10027,2,1,1.0,0.25,4
pick-place-v3,calibrated,0.25,10027,3,1,1.0,0.2499999701976776,4
pick-place-v3,calibrated,0.25,10027,4,1,1.0,0.2499999701976776,4
pick-place-v3,calibrated,0.25,10027,5,1,1.0,0.25,4
pick-place-v3,calibrated,0.25,10028,0,1,1.0,0.1300560086965561,4
pick-place-v3,calibrated,0.25,10028,1,1,1.0,0.2499999850988388,4
pick-place-v3,calibrated,0.25,10028,2,2,0.5,0.1249999925494194,4
pick-place-v3,calibrated,0.25,10028,3,1,1.0,0.2499999850988388,4
pick-place-v3,calibrated,0.25,10028,4,1,1.0,0.2499999850988388,4
pick-place-v3,calibrated,0.25,10028,5,1,1.0,0.2499999701976776,4
pick-place-v3,calibrated,0.25,10029,0,1,1.0,0.1851302683353424,4
pick-place-v3,calibrated,0.25,10029,1,1,1.0,0.2499999701976776,4
pick-place-v3,calibrated,0.25,10029,2,1,1.0,0.25,4
pick-place-v3,calibrated,0.25,10029,3,1,1.0,0.25,4
pick-place-v3,calibrated,0.25,10029,4,1,1.0,0.2499999701976776,4
pick-place-v3,calibrated,0.25,10029,5,1,1.0,0.25,3
pick-place-v3,calibrated,0.25,10030,0,1,1.0,0.1862894892692566,4
pick-place-v3,calibrated,0.25,10030,1,1,1.0,0.2499999850988388,4
pick-place-v3,calibrated,0.25,10030,2,1,1.0,0.25,4
pick-place-v3,calibrated,0.25,10030,3,1,1.0,0.25,4
pick-place-v3,calibrated,0.25,10030,4,1,1.0,0.25,4
pick-place-v3,calibrated,0.25,10030,5,2,0.5,0.125,3
pick-place-v3,calibrated,0.25,10031,0,1,1.0,0.2466086596250534,4
pick-place-v3,calibrated,0.25,10031,1,1,1.0,0.2499999850988388,4
pick-place-v3,calibrated,0.25,10031,2,1,1.0,0.2499999850988388,4
pick-place-v3,calibrated,0.25,10031,3,1,1.0,0.25,4
pick-place-v3,calibrated,0.25,10031,4,1,1.0,0.25,4
pick-place-v3,calibrated,0.25,10031,5,2,0.5,0.1250000149011612,4
pick-place-v3,calibrated,0.25,10032,0,1,1.0,0.25,4
pick-place-v3,calibrated,0.25,10032,1,1,1.0,0.2499999850988388,4
pick-place-v3,calibrated,0.25,10032,2,2,0.5,0.125,4
pick-place-v3,calibrated,0.25,10032,3,1,1.0,0.2388785779476165,4
pick-place-v3,calibrated,0.25,10032,4,2,0.5,0.125,4
pick-place-v3,calibrated,0.25,10032,5,1,1.0,0.25,4
pick-place-v3,calibrated,0.25,10033,0,1,1.0,0.2301334291696548,4
pick-place-v3,calibrated,0.25,10033,1,1,1.0,0.25,4
pick-place-v3,calibrated,0.25,10033,2,1,1.0,0.25,4
pick-place-v3,calibrated,0.25,10033,3,1,1.0,0.25,4
pick-place-v3,calibrated,0.25,10033,4,1,1.0,0.25,4
pick-place-v3,calibrated,0.25,10033,5,1,1.0,0.25,4
pick-place-v3,calibrated,0.25,10034,0,1,1.0,0.2404346168041229,4
pick-place-v3,calibrated,0.25,10034,1,1,1.0,0.2499999701976776,4
pick-place-v3,calibrated,0.25,10034,2,1,1.0,0.25,4
pick-place-v3,calibrated,0.25,10034,3,2,0.5,0.125,4
pick-place-v3,calibrated,0.25,10034,4,1,1.0,0.2499999850988388,4
pick-place-v3,calibrated,0.25,10034,5,2,0.5,0.125,3
pick-place-v3,calibrated,0.25,10035,0,1,1.0,0.25,4
pick-place-v3,calibrated,0.25,10035,1,1,1.0,0.25,4
pick-place-v3,calibrated,0.25,10035,2,1,1.0,0.2455525994300842,4
pick-place-v3,calibrated,0.25,10035,3,1,1.0,0.25,4
pick-place-v3,calibrated,0.25,10035,4,1,1.0,0.25,4
pick-place-v3,calibrated,0.25,10035,5,1,1.0,0.25,4
pick-place-v3,calibrated,0.25,10036,0,1,1.0,0.2495641112327575,4
pick-place-v3,calibrated,0.25,10036,1,1,1.0,0.25,4
pick-place-v3,calibrated,0.25,10036,2,1,1.0,0.25,4
pick-place-v3,calibrated,0.25,10036,3,1,1.0,0.25,4
pick-place-v3,calibrated,0.25,10036,4,3,0.25,0.0625,4
pick-place-v3,calibrated,0.25,10036,5,1,1.0,0.25,4
pick-place-v3,calibrated,0.25,10037,0,1,1.0,0.2490578591823578,4
pick-place-v3,calibrated,0.25,10037,1,1,1.0,0.2383832186460495,4
pick-place-v3,calibrated,0.25,10037,2,1,1.0,0.25,4
pick-place-v3,calibrated,0.25,10037,3,1,1.0,0.25,4
pick-place-v3,calibrated,0.25,10037,4,1,1.0,0.25,4
pick-place-v3,calibrated,0.25,10037,5,1,1.0,0.25,3
pick-place-v3,calibrated,0.25,10038,0,1,1.0,0.2340221256017685,4
pick-place-v3,calibrated,0.25,10038,1,1,1.0,0.2499999850988388,4
pick-place-v3,calibrated,0.25,10038,2,1,1.0,0.25,4
pick-place-v3,calibrated,0.25,10038,3,1,1.0,0.2499999850988388,4
pick-place-v3,calibrated,0.25,10038,4,1,1.0,0.25,4
pick-place-v3,calibrated,0.25,10038,5,1,1.0,0.25,4
pick-place-v3,calibrated,0.25,10039,0,1,1.0,0.2188520580530166,4
pick-place-v3,calibrated,0.25,10039,1,1,1.0,0.2499999701976776,4
pick-place-v3,calibrated,0.25,10039,2,1,1.0,0.2499999701976776,4
pick-place-v3,calibrated,0.25,10039,3,1,1.0,0.25,4
pick-place-v3,calibrated,0.25,10039,4,1,1.0,0.25,4
pick-place-v3,calibrated,0.25,10039,5,1,1.0,0.25,4
pick-place-v3,gaussian,0.1,10000,0,1,1.0,0.0999999940395355,4
pick-place-v3,gaussian,0.1,10000,1,1,1.0,0.1000000014901161,4
pick-place-v3,gaussian,0.1,10000,2,1,1.0,0.1000000014901161,4
pick-place-v3,gaussian,0.1,10000,3,1,1.0,0.1000000014901161,4
pick-place-v3,gaussian,0.1,10000,4,1,1.0,0.1000000014901161,4
pick-place-v3,gaussian,0.1,10000,5,1,1.0,0.0999999940395355,4
pick-place-v3,gaussian,0.1,10001,0,1,1.0,0.1000000014901161,4
pick-place-v3,gaussian,0.1,10001,1,1,1.0,0.1000000014901161,4
pick-place-v3,gaussian,0.1,10001,2,1,1.0,0.1000000014901161,4
pick-place-v3,gaussian,0.1,10001,3,1,1.0,0.1000000014901161,4
pick-place-v3,gaussian,0.1,10001,4,1,1.0,0.0999999940395355,4
pick-place-v3,gaussian,0.1,10001,5,1,1.0,0.1000000014901161,3
pick-place-v3,gaussian,0.1,10002,0,1,1.0,0.1000000014901161,4
pick-place-v3,gaussian,0.1,10002,1,1,1.0,0.1000000014901161,4
pick-place-v3,gaussian,0.1,10002,2,1,1.0,0.1000000014901161,4
pick-place-v3,gaussian,0.1,10002,3,1,1.0,0.0999999940395355,4
pick-place-v3,gaussian,0.1,10002,4,1,1.0,0.1000000014901161,4
pick-place-v3,gaussian,0.1,10002,5,1,1.0,0.1000000014901161,4
pick-place-v3,gaussian,0.1,10003,0,1,1.0,0.0994473993778228,4
pick-place-v3,gaussian,0.1,10003,1,1,1.0,0.1000000014901161,4
pick-place-v3,gaussian,0.1,10003,2,1,1.0,0.1000000014901161,4
pick-place-v3,gaussian,0.1,10003,3,1,1.0,0.1000000014901161,4
pick-place-v3,gaussian,0.1,10003,4,1,1.0,0.1000000014901161,4
pick-place-v3,gaussian,0.1,10003,5,1,1.0,0.1000000014901161,4
pick-place-v3,gaussian,0.1,10004,0,1,1.0,0.0999999940395355,4
pick-place-v3,gaussian,0.1,10004,1,1,1.0,0.1000000014901161,4
pick-place-v3,gaussian,0.1,10004,2,1,1.0,0.1000000014901161,4
pick-place-v3,gaussian,0.1,10004,3,1,1.0,0.1000000014901161,4
pick-place-v3,gaussian,0.1,10004,4,1,1.0,0.1000000014901161,4
pick-place-v3,gaussian,0.1,10004,5,1,1.0,0.1000000014901161,3
pick-place-v3,gaussian,0.1,10005,0,1,1.0,0.0985352620482444,4
pick-place-v3,gaussian,0.1,10005,1,1,1.0,0.1000000014901161,4
pick-place-v3,gaussian,0.1,10005,2,1,1.0,0.1000000014901161,4
pick-place-v3,gaussian,0.1,10005,3,1,1.0,0.1000000014901161,4
pick-place-v3,gaussian,0.1,10005,4,1,1.0,0.1000000014901161,4
pick-place-v3,gaussian,0.1,10005,5,1,1.0,0.1000000014901161,4
pick-place-v3,gaussian,0.1,10006,0,1,1.0,0.1000000014901161,4
pick-place-v3,gaussian,0.1,10006,1,1,1.0,0.0996151119470596,4
pick-place-v3,gaussian,0.1,10006,2,1,1.0,0.1000000014901161,4
pick-place-v3,gaussian,0.1,10006,3,1,1.0,0.1000000014901161,4
pick-place-v3,gaussian,0.1,10006,4,1,1.0,0.0999999940395355,4
pick-place-v3,gaussian,0.1,10006,5,1,1.0,0.0999999940395355,4
pick-place-v3,gaussian,0.1,10007,0,1,1.0,0.0823135003447532,4
pick-place-v3,gaussian,0.1,10007,1,1,1.0,0.1000000014901161,4
pick-place-v3,gaussian,0.1,10007,2,1,1.0,0.1000000014901161,4
pick-place-v3,gaussian,0.1,10007,3,1,1.0,0.1000000014901161,4
pick-place-v3,gaussian,0.1,10007,4,1,1.0,0.1000000014901161,4
pick-place-v3,gaussian,0.1,10007,5,1,1.0,0.1000000014901161,4
pick-place-v3,gaussian,0.1,10008,0,1,1.0,0.0999999940395355,4
pick-place-v3,gaussian,0.1,10008,1,1,1.0,0.0999999940395355,4
pick-place-v3,gaussian,0.1,10008,2,1,1.0,0.1000000014901161,4
pick-place-v3,gaussian,0.1,10008,3,1,1.0,0.1000000014901161,4
pick-place-v3,gaussian,0.1,10008,4,1,1.0,0.1000000014901161,4
pick-place-v3,gaussian,0.1,10008,5,1,1.0,0.1000000014901161,4
pick-place-v3,gaussian,0.1,10009,0,1,1.0,0.1000000014901161,4
pick-place-v3,gaussian,0.1,10009,1,1,1.0,0.0994674935936927,4
pick-place-v3,gaussian,0.1,10009,2,1,1.0,0.1000000014901161,4
pick-place-v3,gaussian,0.1,10009,3,1,1.0,0.1000000014901161,4
pick-place-v3,gaussian,0.1,10009,4,1,1.0,0.1000000014901161,4
pick-place-v3,gaussian,0.1,10009,5,1,1.0,0.0999999940395355,4
pick-place-v3,gaussian,0.1,10010,0,1,1.0,0.0999999940395355,4
pick-place-v3,gaussian,0.1,10010,1,1,1.0,0.1000000014901161,4
pick-place-v3,gaussian,0.1,10010,2,1,1.0,0.0999999940395355,4
pick-place-v3,gaussian,0.1,10010,3,1,1.0,0.1000000014901161,4
pick-place-v3,gaussian,0.1,10010,4,1,1.0,0.1000000014901161,4
pick-place-v3,gaussian,0.1,10010,5,1,1.0,0.0999999940395355,4
pick-place-v3,gaussian,0.1,10011,0,1,1.0,0.1000000014901161,4
pick-place-v3,gaussian,0.1,10011,1,1,1.0,0.096787579357624,4
pick-place-v3,gaussian,0.1,10011,2,1,1.0,0.1000000014901161,4
pick-place-v3,gaussian,0.1,10011,3,1,1.0,0.1000000014901161,4
pick-place-v3,gaussian,0.1,10011,4,1,1.0,0.0999999940395355,4
pick-place-v3,gaussian,0.1,10011,5,1,1.0,0.1000000014901161,4
pick-place-v3,gaussian,0.1,10012,0,1,1.0,0.1000000014901161,4
pick-place-v3,gaussian,0.1,10012,1,1,1.0,0.099602997303009,4
pick-place-v3,gaussian,0.1,10012,2,1,1.0,0.1000000014901161,4
pick-place-v3,gaussian,0.1,10012,3,1,1.0,0.1000000014901161,4
pick-place-v3,gaussian,0.1,10012,4,1,1.0,0.1000000014901161,4
pick-place-v3,gaussian,0.1,10012,5,1,1.0,0.1000000014901161,3
pick-place-v3,gaussian,0.1,10013,0,1,1.0,0.1000000014901161,4
pick-place-v3,gaussian,0.1,10013,1,1,1.0,0.1000000014901161,4
pick-place-v3,gaussian,0.1,10013,2,1,1.0,0.1000000014901161,4
pick-place-v3,gaussian,0.1,10013,3,1,1.0,0.1000000014901161,4
pick-place-v3,gaussian,0.1,10013,4,1,1.0,0.1000000014901161,4
pick-place-v3,gaussian,0.1,10013,5,1,1.0,0.1000000014901161,4
pick-place-v3,gaussian,0.1,10014,0,1,1.0,0.0993034318089485,4
pick-place-v3,gaussian,0.1,10014,1,1,1.0,0.1000000014901161,4
pick-place-v3,gaussian,0.1,10014,2,1,1.0,0.1000000014901161,4
pick-place-v3,gaussian,0.1,10014,3,1,1.0,0.1000000014901161,4
pick-place-v3,gaussian,0.1,10014,4,1,1.0,0.1000000014901161,4
pick-place-v3,gaussian,0.1,10014,5,1,1.0,0.1000000014901161,4
pick-place-v3,gaussian,0.1,10015,0,1,1.0,0.1000000014901161,4
pick-place-v3,gaussian,0.1,10015,1,1,1.0,0.1000000014901161,4
pick-place-v3,gaussian,0.1,10015,2,1,1.0,0.1000000014901161,4
pick-place-v3,gaussian,0.1,10015,3,1,1.0,0.1000000014901161,4
pick-place-v3,gaussian,0.1,10015,4,1,1.0,0.1000000014901161,4
pick-place-v3,gaussian,0.1,10015,5,1,1.0,0.1000000014901161,3
pick-place-v3,gaussian,0.1,10016,0,2,0.5,0.050000000745058,4
pick-place-v3,gaussian,0.1,10016,1,1,1.0,0.1000000014901161,4
pick-place-v3,gaussian,0.1,10016,2,1,1.0,0.1000000014901161,4
pick-place-v3,gaussian,0.1,10016,3,1,1.0,0.0999999940395355,4
pick-place-v3,gaussian,0.1,10016,4,1,1.0,0.1000000014901161,4
pick-place-v3,gaussian,0.1,10016,5,1,1.0,0.1000000014901161,4
pick-place-v3,gaussian,0.1,10017,0,2,0.5,0.0499999970197677,4
pick-place-v3,gaussian,0.1,10017,1,1,1.0,0.1000000014901161,4
pick-place-v3,gaussian,0.1,10017,2,1,1.0,0.1000000014901161,4
pick-place-v3,gaussian,0.1,10017,3,1,1.0,0.1000000014901161,4
pick-place-v3,gaussian,0.1,10017,4,1,1.0,0.0999999940395355,4
pick-place-v3,gaussian,0.1,10017,5,1,1.0,0.1000000014901161,4
pick-place-v3,gaussian,0.1,10018,0,1,1.0,0.1000000014901161,4
pick-place-v3,gaussian,0.1,10018,1,1,1.0,0.1000000014901161,4
pick-place-v3,gaussian,0.1,10018,2,1,1.0,0.1000000014901161,4
pick-place-v3,gaussian,0.1,10018,3,1,1.0,0.1000000014901161,4
pick-place-v3,gaussian,0.1,10018,4,1,1.0,0.1000000014901161,4
pick-place-v3,gaussian,0.1,10018,5,1,1.0,0.1000000014901161,4
pick-place-v3,gaussian,0.1,10019,0,1,1.0,0.0932865440845489,4
pick-place-v3,gaussian,0.1,10019,1,1,1.0,0.0967358201742172,4
pick-place-v3,gaussian,0.1,10019,2,1,1.0,0.1000000014901161,4
pick-place-v3,gaussian,0.1,10019,3,1,1.0,0.1000000014901161,4
pick-place-v3,gaussian,0.1,10019,4,1,1.0,0.1000000014901161,4
pick-place-v3,gaussian,0.1,10019,5,1,1.0,0.1000000014901161,3
pick-place-v3,gaussian,0.1,10020,0,1,1.0,0.0999999940395355,4
pick-place-v3,gaussian,0.1,10020,1,1,1.0,0.0999999940395355,4
pick-place-v3,gaussian,0.1,10020,2,1,1.0,0.1000000014901161,4
pick-place-v3,gaussian,0.1,10020,3,1,1.0,0.1000000014901161,4
pick-place-v3,gaussian,0.1,10020,4,1,1.0,0.1000000014901161,4
pick-place-v3,gaussian,0.1,10020,5,1,1.0,0.1000000014901161,4
pick-place-v3,gaussian,0.1,10021,0,1,1.0,0.0999999940395355,4
pick-place-v3,gaussian,0.1,10021,1,1,1.0,0.1000000014901161,4
pick-place-v3,gaussian,0.1,10021,2,1,1.0,0.1000000014901161,4
pick-place-v3,gaussian,0.1,10021,3,1,1.0,0.0999999940395355,4
pick-place-v3,gaussian,0.1,10021,4,1,1.0,0.1000000014901161,4
pick-place-v3,gaussian,0.1,10021,5,1,1.0,0.1000000014901161,4
pick-place-v3,gaussian,0.1,10022,0,1,1.0,0.0993473380804061,4
pick-place-v3,gaussian,0.1,10022,1,1,1.0,0.1000000014901161,4
pick-place-v3,gaussian,0.1,10022,2,1,1.0,0.1000000014901161,4
pick-place-v3,gaussian,0.1,10022,3,1,1.0,0.1000000014901161,4
pick-place-v3,gaussian,0.1,10022,4,1,1.0,0.1000000014901161,4
pick-place-v3,gaussian,0.1,10022,5,1,1.0,0.1000000014901161,4
pick-place-v3,gaussian,0.1,10023,0,1,1.0,0.0920676067471504,4
pick-place-v3,gaussian,0.1,10023,1,1,1.0,0.1000000014901161,4
pick-place-v3,gaussian,0.1,10023,2,1,1.0,0.1000000014901161,4
pick-place-v3,gaussian,0.1,10023,3,1,1.0,0.1000000014901161,4
pick-place-v3,gaussian,0.1,10023,4,1,1.0,0.1000000014901161,4
pick-place-v3,gaussian,0.1,10023,5,1,1.0,0.1000000014901161,4
pick-place-v3,gaussian,0.1,10024,0,1,1.0,0.1000000014901161,4
pick-place-v3,gaussian,0.1,10024,1,1,1.0,0.1000000014901161,4
pick-place-v3,gaussian,0.1,10024,2,1,1.0,0.1000000014901161,4
pick-place-v3,gaussian,0.1,10024,3,1,1.0,0.0999999940395355,4
pick-place-v3,gaussian,0.1,10024,4,1,1.0,0.1000000014901161,4
pick-place-v3,gaussian,0.1,10024,5,1,1.0,0.1000000014901161,4
pick-place-v3,gaussian,0.1,10025,0,1,1.0,0.0998962819576263,4
pick-place-v3,gaussian,0.1,10025,1,1,1.0,0.1000000014901161,4
pick-place-v3,gaussian,0.1,10025,2,1,1.0,0.1000000014901161,4
pick-place-v3,gaussian,0.1,10025,3,1,1.0,0.1000000014901161,4
pick-place-v3,gaussian,0.1,10025,4,1,1.0,0.1000000014901161,4
pick-place-v3,gaussian,0.1,10025,5,1,1.0,0.1000000014901161,4
pick-place-v3,gaussian,0.1,10026,0,1,1.0,0.0741558000445365,4
pick-place-v3,gaussian,0.1,10026,1,1,1.0,0.0993810892105102,4
pick-place-v3,gaussian,0.1,10026,2,1,1.0,0.1000000014901161,4
pick-place-v3,gaussian,0.1,10026,3,1,1.0,0.1000000014901161,4
pick-place-v3,gaussian,0.1,10026,4,1,1.0,0.1000000014901161,4
pick-place-v3,gaussian,0.1,10026,5,1,1.0,0.1000000014901161,4
pick-place-v3,gaussian,0.1,10027,0,1,1.0,0.1000000014901161,4
pick-place-v3,gaussian,0.1,10027,1,1,1.0,0.1000000014901161,4
pick-place-v3,gaussian,0.1,10027,2,1,1.0,0.1000000014901161,4
pick-place-v3,gaussian,0.1,10027,3,1,1.0,0.1000000014901161,4
pick-place-v3,gaussian,0.1,10027,4,1,1.0,0.1000000014901161,4
pick-place-v3,gaussian,0.1,10027,5,1,1.0,0.1000000014901161,4
pick-place-v3,gaussian,0.1,10028,0,1,1.0,0.1000000014901161,4
pick-place-v3,gaussian,0.1,10028,1,1,1.0,0.1000000014901161,4
pick-place-v3,gaussian,0.1,10028,2,1,1.0,0.1000000014901161,4
pick-place-v3,gaussian,0.1,10028,3,1,1.0,0.1000000014901161,4
pick-place-v3,gaussian,0.1,10028,4,1,1.0,0.0999999940395355,4
pick-place-v3,gaussian,0.1,10028,5,1,1.0,0.1000000014901161,4
pick-place-v3,gaussian,0.1,10029,0,1,1.0,0.0912903472781181,4
pick-place-v3,gaussian,0.1,10029,1,1,1.0,0.1000000014901161,4
pick-place-v3,gaussian,0.1,10029,2,1,1.0,0.1000000014901161,4
pick-place-v3,gaussian,0.1,10029,3,1,1.0,0.1000000014901161,4
pick-place-v3,gaussian,0.1,10029,4,1,1.0,0.1000000014901161,4
pick-place-v3,gaussian,0.1,10029,5,1,1.0,0.1000000014901161,3
pick-place-v3,gaussian,0.1,10030,0,1,1.0,0.0899753868579864,4
pick-place-v3,gaussian,0.1,10030,1,1,1.0,0.1000000014901161,4
pick-place-v3,gaussian,0.1,10030,2,1,1.0,0.1000000014901161,4
pick-place-v3,gaussian,0.1,10030,3,1,1.0,0.1000000014901161,4
pick-place-v3,gaussian,0.1,10030,4,1,1.0,0.1000000014901161,4
pick-place-v3,gaussian,0.1,10030,5,1,1.0,0.1000000014901161,3
pick-place-v3,gaussian,0.1,10031,0,2,0.5,0.050000000745058,4
pick-place-v3,gaussian,0.1,10031,1,1,1.0,0.1000000014901161,4
pick-place-v3,gaussian,0.1,10031,2,1,1.0,0.1000000014901161,4
pick-place-v3,gaussian,0.1,10031,3,1,1.0,0.1000000014901161,4
pick-place-v3,gaussian,0.1,10031,4,1,1.0,0.1000000014901161,4
pick-place-v3,gaussian,0.1,10031,5,1,1.0,0.1000000014901161,4
pick-place-v3,gaussian,0.1,10032,0,1,1.0,0.0999999940395355,4
pick-place-v3,gaussian,0.1,10032,1,1,1.0,0.1000000014901161,4
pick-place-v3,gaussian,0.1,10032,2,1,1.0,0.1000000014901161,4
pick-place-v3,gaussian,0.1,10032,3,1,1.0,0.1000000014901161,4
pick-place-v3,gaussian,0.1,10032,4,1,1.0,0.1000000014901161,4
pick-place-v3,gaussian,0.1,10032,5,1,1.0,0.1000000014901161,4
pick-place-v3,gaussian,0.1,10033,0,1,1.0,0.1000000014901161,4
pick-place-v3,gaussian,0.1,10033,1,1,1.0,0.1000000014901161,4
pick-place-v3,gaussian,0.1,10033,2,1,1.0,0.1000000014901161,4
pick-place-v3,gaussian,0.1,10033,3,1,1.0,0.1000000014901161,4
pick-place-v3,gaussian,0.1,10033,4,1,1.0,0.1000000014901161,4
pick-place-v3,gaussian,0.1,10033,5,1,1.0,0.1000000014901161,4
pick-place-v3,gaussian,0.1,10034,0,1,1.0,0.096232533454895,4
pick-place-v3,gaussian,0.1,10034,1,1,1.0,0.1000000014901161,4
pick-place-v3,gaussian,0.1,10034,2,1,1.0,0.1000000014901161,4
pick-place-v3,gaussian,0.1,10034,3,1,1.0,0.1000000014901161,4
pick-place-v3,gaussian,0.1,10034,4,1,1.0,0.1000000014901161,4
pick-place-v3,gaussian,0.1,10034,5,1,1.0,0.1000000014901161,3
pick-place-v3,gaussian,0.1,10035,0,1,1.0,0.1000000014901161,4
pick-place-v3,gaussian,0.1,10035,1,1,1.0,0.1000000014901161,4
pick-place-v3,gaussian,0.1,10035,2,1,1.0,0.1000000014901161,4
pick-place-v3,gaussian,0.1,10035,3,1,1.0,0.1000000014901161,4
pick-place-v3,gaussian,0.1,10035,4,1,1.0,0.0999999940395355,4
pick-place-v3,gaussian,0.1,10035,5,1,1.0,0.1000000014901161,4
pick-place-v3,gaussian,0.1,10036,0,1,1.0,0.0931222960352897,4
pick-place-v3,gaussian,0.1,10036,1,1,1.0,0.1000000014901161,4
pick-place-v3,gaussian,0.1,10036,2,1,1.0,0.1000000014901161,4
pick-place-v3,gaussian,0.1,10036,3,1,1.0,0.1000000014901161,4
pick-place-v3,gaussian,0.1,10036,4,1,1.0,0.1000000014901161,4
pick-place-v3,gaussian,0.1,10036,5,1,1.0,0.0999999940395355,4
pick-place-v3,gaussian,0.1,10037,0,1,1.0,0.1000000014901161,4
pick-place-v3,gaussian,0.1,10037,1,1,1.0,0.1000000014901161,4
pick-place-v3,gaussian,0.1,10037,2,2,0.5,0.0499999970197677,4
pick-place-v3,gaussian,0.1,10037,3,2,0.5,0.050000000745058,4
pick-place-v3,gaussian,0.1,10037,4,1,1.0,0.1000000014901161,4
pick-place-v3,gaussian,0.1,10037,5,1,1.0,0.0999999940395355,3
pick-place-v3,gaussian,0.1,10038,0,1,1.0,0.0767825171351432,4
pick-place-v3,gaussian,0.1,10038,1,1,1.0,0.1000000014901161,4
pick-place-v3,gaussian,0.1,10038,2,1,1.0,0.1000000014901161,4
pick-place-v3,gaussian,0.1,10038,3,1,1.0,0.1000000014901161,4
pick-place-v3,gaussian,0.1,10038,4,1,1.0,0.1000000014901161,4
pick-place-v3,gaussian,0.1,10038,5,1,1.0,0.1000000014901161,4
pick-place-v3,gaussian,0.1,10039,0,1,1.0,0.1000000014901161,4
pick-place-v3,gaussian,0.1,10039,1,1,1.0,0.1000000014901161,4
pick-place-v3,gaussian,0.1,10039,2,1,1.0,0.1000000014901161,4
pick-place-v3,gaussian,0.1,10039,3,1,1.0,0.1000000014901161,4
pick-place-v3,gaussian,0.1,10039,4,1,1.0,0.1000000014901161,4
pick-place-v3,gaussian,0.1,10039,5,1,1.0,0.1000000014901161,4
pick-place-v3,gaussian,0.25,10000,0,1,1.0,0.25,4
pick-place-v3,gaussian,0.25,10000,1,2,0.5,0.125,4
pick-place-v3,gaussian,0.25,10000,2,2,0.5,0.125,4
pick-place-v3,gaussian,0.25,10000,3,1,1.0,0.25,4
pick-place-v3,gaussian,0.25,10000,4,1,1.0,0.25,4
pick-place-v3,gaussian,0.25,10000,5,1,1.0,0.25,4
pick-place-v3,gaussian,0.25,10001,0,1,1.0,0.25,4
pick-place-v3,gaussian,0.25,10001,1,2,0.5,0.125,4
pick-place-v3,gaussian,0.25,10001,2,2,0.5,0.125,4
pick-place-v3,gaussian,0.25,10001,3,2,0.5,0.125,4
pick-place-v3,gaussian,0.25,10001,4,1,1.0,0.25,4
pick-place-v3,gaussian,0.25,10001,5,1,1.0,0.25,3
pick-place-v3,gaussian,0.25,10002,0,1,1.0,0.25,4
pick-place-v3,gaussian,0.25,10002,1,1,1.0,0.25,4
pick-place-v3,gaussian,0.25,10002,2,1,1.0,0.25,4
pick-place-v3,gaussian,0.25,10002,3,1,1.0,0.25,4
pick-place-v3,gaussian,0.25,10002,4,1,1.0,0.25,4
pick-place-v3,gaussian,0.25,10002,5,1,1.0,0.25,4
pick-place-v3,gaussian,0.25,10003,0,1,1.0,0.2486184984445572,4
pick-place-v3,gaussian,0.25,10003,1,1,1.0,0.25,4
pick-place-v3,gaussian,0.25,10003,2,2,0.5,0.125,4
pick-place-v3,gaussian,0.25,10003,3,1,1.0,0.25,4
pick-place-v3,gaussian,0.25,10003,4,2,0.5,0.125,4
pick-place-v3,gaussian,0.25,10003,5,1,1.0,0.25,4
pick-place-v3,gaussian,0.25,10004,0,2,0.5,0.125,4
pick-place-v3,gaussian,0.25,10004,1,1,1.0,0.25,4
pick-place-v3,gaussian,0.25,10004,2,1,1.0,0.25,4
pick-place-v3,gaussian,0.25,10004,3,1,1.0,0.25,4
pick-place-v3,gaussian,0.25,10004,4,1,1.0,0.25,4
pick-place-v3,gaussian,0.25,10004,5,1,1.0,0.25,3
pick-place-v3,gaussian,0.25,10005,0,1,1.0,0.2463381588459015,4
pick-place-v3,gaussian,0.25,10005,1,1,1.0,0.25,4
pick-place-v3,gaussian,0.25,10005,2,1,1.0,0.25,4
pick-place-v3,gaussian,0.25,10005,3,1,1.0,0.25,4
pick-place-v3,gaussian,0.25,10005,4,1,1.0,0.25,4
pick-place-v3,gaussian,0.25,10005,5,1,1.0,0.25,4
pick-place-v3,gaussian,0.25,10006,0,1,1.0,0.25,4
pick-place-v3,gaussian,0.25,10006,1,2,0.5,0.1245188862085342,4
pick-place-v3,gaussian,0.25,10006,2,1,1.0,0.25,4
pick-place-v3,gaussian,0.25,10006,3,1,1.0,0.25,4
pick-place-v3,gaussian,0.25,10006,4,1,1.0,0.25,4
pick-place-v3,gaussian,0.25,10006,5,1,1.0,0.25,4
pick-place-v3,gaussian,0.25,10007,0,1,1.0,0.2057837545871734,4
pick-place-v3,gaussian,0.25,10007,1,1,1.0,0.25,4
pick-place-v3,gaussian,0.25,10007,2,2,0.5,0.125,4
pick-place-v3,gaussian,0.25,10007,3,1,1.0,0.25,4
pick-place-v3,gaussian,0.25,10007,4,1,1.0,0.25,4
pick-place-v3,gaussian,0.25,10007,5,1,1.0,0.25,4
pick-place-v3,gaussian,0.25,10008,0,1,1.0,0.25,4
pick-place-v3,gaussian,0.25,10008,1,1,1.0,0.25,4
pick-place-v3,gaussian,0.25,10008,2,1,1.0,0.25,4
pick-place-v3,gaussian,0.25,10008,3,1,1.0,0.25,4
pick-place-v3,gaussian,0.25,10008,4,1,1.0,0.25,4
pick-place-v3,gaussian,0.25,10008,5,1,1.0,0.25,4
pick-place-v3,gaussian,0.25,10009,0,2,0.5,0.125,4
pick-place-v3,gaussian,0.25,10009,1,1,1.0,0.2486687302589416,4
pick-place-v3,gaussian,0.25,10009,2,1,1.0,0.25,4
pick-place-v3,gaussian,0.25,10009,3,1,1.0,0.25,4
pick-place-v3,gaussian,0.25,10009,4,1,1.0,0.25,4
pick-place-v3,gaussian,0.25,10009,5,1,1.0,0.25,4
pick-place-v3,gaussian,0.25,10010,0,1,1.0,0.2499999850988388,4
pick-place-v3,gaussian,0.25,10010,1,2,0.5,0.125,4
pick-place-v3,gaussian,0.25,10010,2,1,1.0,0.25,4
pick-place-v3,gaussian,0.25,10010,3,1,1.0,0.25,4
pick-place-v3,gaussian,0.25,10010,4,1,1.0,0.25,4
pick-place-v3,gaussian,0.25,10010,5,1,1.0,0.25,4
pick-place-v3,gaussian,0.25,10011,0,1,1.0,0.2388392686843872,4
pick-place-v3,gaussian,0.25,10011,1,1,1.0,0.2306112796068191,4
pick-place-v3,gaussian,0.25,10011,2,1,1.0,0.25,4
pick-place-v3,gaussian,0.25,10011,3,1,1.0,0.25,4
pick-place-v3,gaussian,0.25,10011,4,3,0.25,0.0625,4
pick-place-v3,gaussian,0.25,10011,5,1,1.0,0.25,4
pick-place-v3,gaussian,0.25,10012,0,2,0.5,0.125,4
pick-place-v3,gaussian,0.25,10012,1,2,0.5,0.1245037466287612,4
pick-place-v3,gaussian,0.25,10012,2,1,1.0,0.25,4
pick-place-v3,gaussian,0.25,10012,3,2,0.5,0.125,4
pick-place-v3,gaussian,0.25,10012,4,1,1.0,0.25,4
pick-place-v3,gaussian,0.25,10012,5,1,1.0,0.25,3
pick-place-v3,gaussian,0.25,10013,0,2,0.5,0.125,4
pick-place-v3,gaussian,0.25,10013,1,2,0.5,0.125,4
pick-place-v3,gaussian,0.25,10013,2,3,0.25,0.0625,4
pick-place-v3,gaussian,0.25,10013,3,1,1.0,0.25,4
pick-place-v3,gaussian,0.25,10013,4,1,1.0,0.25,4
pick-place-v3,gaussian,0.25,10013,5,1,1.0,0.25,4
pick-place-v3,gaussian,0.25,10014,0,1,1.0,0.248258575797081,4
pick-place-v3,gaussian,0.25,10014,1,2,0.5,0.125,4
pick-place-v3,gaussian,0.25,10014,2,1,1.0,0.25,4
pick-place-v3,gaussian,0.25,10014,3,1,1.0,0.25,4
pick-place-v3,gaussian,0.25,10014,4,1,1.0,0.25,4
pick-place-v3,gaussian,0.25,10014,5,1,1.0,0.25,4
pick-place-v3,gaussian,0.25,10015,0,1,1.0,0.25,4
pick-place-v3,gaussian,0.25,10015,1,1,1.0,0.25,4
pick-place-v3,gaussian,0.25,10015,2,1,1.0,0.25,4
pick-place-v3,gaussian,0.25,10015,3,1,1.0,0.25,4
pick-place-v3,gaussian,0.25,10015,4,1,1.0,0.25,4
pick-place-v3,gaussian,0.25,10015,5,1,1.0,0.25,3
pick-place-v3,gaussian,0.25,10016,0,3,0.25,0.0625,4
pick-place-v3,gaussian,0.25,10016,1,2,0.5,0.125,4
pick-place-v3,gaussian,0.25,10016,2,1,1.0,0.25,4
pick-place-v3,gaussian,0.25,10016,3,1,1.0,0.25,4
pick-place-v3,gaussian,0.25,10016,4,1,1.0,0.25,4
pick-place-v3,gaussian,0.25,10016,5,2,0.5,0.1249999925494194,4
pick-place-v3,gaussian,0.25,10017,0,3,0.25,0.0625,4
pick-place-v3,gaussian,0.25,10017,1,1,1.0,0.25,4
pick-place-v3,gaussian,0.25,10017,2,2,0.5,0.125,4
pick-place-v3,gaussian,0.25,10017,3,1,1.0,0.25,4
pick-place-v3,gaussian,0.25,10017,4,2,0.5,0.125,4
pick-place-v3,gaussian,0.25,10017,5,2,0.5,0.125,4
pick-place-v3,gaussian,0.25,10018,0,1,1.0,0.2451897114515304,4
pick-place-v3,gaussian,0.25,10018,1,1,1.0,0.25,4
pick-place-v3,gaussian,0.25,10018,2,2,0.5,0.125,4
pick-place-v3,gaussian,0.25,10018,3,2,0.5,0.125,4
pick-place-v3,gaussian,0.25,10018,4,1,1.0,0.25,4
pick-place-v3,gaussian,0.25,10018,5,1,1.0,0.25,4
pick-place-v3,gaussian,0.25,10019,0,1,1.0,0.2316250950098037,4
pick-place-v3,gaussian,0.25,10019,1,1,1.0,0.2385831475257873,4
pick-place-v3,gaussian,0.25,10019,2,1,1.0,0.25,4
pick-place-v3,gaussian,0.25,10019,3,1,1.0,0.25,4
pick-place-v3,gaussian,0.25,10019,4,1,1.0,0.25,4
pick-place-v3,gaussian,0.25,10019,5,1,1.0,0.25,3
pick-place-v3,gaussian,0.25,10020,0,1,1.0,0.25,4
pick-place-v3,gaussian,0.25,10020,1,2,0.5,0.125,4
pick-place-v3,gaussian,0.25,10020,2,1,1.0,0.25,4
pick-place-v3,gaussian,0.25,10020,3,1,1.0,0.25,4
pick-place-v3,gaussian,0.25,10020,4,1,1.0,0.25,4
pick-place-v3,gaussian,0.25,10020,5,2,0.5,0.125,4
pick-place-v3,gaussian,0.25,10021,0,1,1.0,0.247665449976921,4
pick-place-v3,gaussian,0.25,10021,1,1,1.0,0.25,4
pick-place-v3,gaussian,0.25,10021,2,1,1.0,0.25,4
pick-place-v3,gaussian,0.25,10021,3,2,0.5,0.125,4
pick-place-v3,gaussian,0.25,10021,4,1,1.0,0.25,4
pick-place-v3,gaussian,0.25,10021,5,1,1.0,0.25,4
pick-place-v3,gaussian,0.25,10022,0,2,0.5,0.1241841688752174,4
pick-place-v3,gaussian,0.25,10022,1,2,0.5,0.125,4
pick-place-v3,gaussian,0.25,10022,2,1,1.0,0.25,4
pick-place-v3,gaussian,0.25,10022,3,1,1.0,0.25,4
pick-place-v3,gaussian,0.25,10022,4,1,1.0,0.25,4
pick-place-v3,gaussian,0.25,10022,5,1,1.0,0.25,4
pick-place-v3,gaussian,0.25,10023,0,1,1.0,0.2301689982414245,4
pick-place-v3,gaussian,0.25,10023,1,1,1.0,0.25,4
pick-place-v3,gaussian,0.25,10023,2,1,1.0,0.25,4
pick-place-v3,gaussian,0.25,10023,3,1,1.0,0.25,4
pick-place-v3,gaussian,0.25,10023,4,1,1.0,0.25,4
pick-place-v3,gaussian,0.25,10023,5,2,0.5,0.125,4
pick-place-v3,gaussian,0.25,10024,0,2,0.5,0.125,4
pick-place-v3,gaussian,0.25,10024,1,1,1.0,0.25,4
pick-place-v3,gaussian,0.25,10024,2,1,1.0,0.25,4
pick-place-v3,gaussian,0.25,10024,3,1,1.0,0.25,4
pick-place-v3,gaussian,0.25,10024,4,1,1.0,0.25,4
pick-place-v3,gaussian,0.25,10024,5,1,1.0,0.25,4
pick-place-v3,gaussian,0.25,10025,0,1,1.0,0.2497407048940658,4
pick-place-v3,gaussian,0.25,10025,1,1,1.0,0.25,4
pick-place-v3,gaussian,0.25,10025,2,1,1.0,0.25,4
pick-place-v3,gaussian,0.25,10025,3,2,0.5,0.125,4
pick-place-v3,gaussian,0.25,10025,4,1,1.0,0.25,4
pick-place-v3,gaussian,0.25,10025,5,1,1.0,0.25,4
pick-place-v3,gaussian,0.25,10026,0,1,1.0,0.1853895187377929,4
pick-place-v3,gaussian,0.25,10026,1,1,1.0,0.2454918324947357,4
pick-place-v3,gaussian,0.25,10026,2,1,1.0,0.25,4
pick-place-v3,gaussian,0.25,10026,3,1,1.0,0.25,4
pick-place-v3,gaussian,0.25,10026,4,1,1.0,0.25,4
pick-place-v3,gaussian,0.25,10026,5,1,1.0,0.25,4
pick-place-v3,gaussian,0.25,10027,0,1,1.0,0.25,4
pick-place-v3,gaussian,0.25,10027,1,1,1.0,0.25,4
pick-place-v3,gaussian,0.25,10027,2,1,1.0,0.25,4
pick-place-v3,gaussian,0.25,10027,3,1,1.0,0.25,4
pick-place-v3,gaussian,0.25,10027,4,1,1.0,0.25,4
pick-place-v3,gaussian,0.25,10027,5,1,1.0,0.25,4
pick-place-v3,gaussian,0.25,10028,0,2,0.5,0.125,4
pick-place-v3,gaussian,0.25,10028,1,2,0.5,0.125,4
pick-place-v3,gaussian,0.25,10028,2,1,1.0,0.25,4
pick-place-v3,gaussian,0.25,10028,3,1,1.0,0.25,4
pick-place-v3,gaussian,0.25,10028,4,1,1.0,0.25,4
pick-place-v3,gaussian,0.25,10028,5,2,0.5,0.125,4
pick-place-v3,gaussian,0.25,10029,0,1,1.0,0.191110149025917,4
pick-place-v3,gaussian,0.25,10029,1,1,1.0,0.25,4
pick-place-v3,gaussian,0.25,10029,2,1,1.0,0.25,4
pick-place-v3,gaussian,0.25,10029,3,2,0.5,0.125,4
pick-place-v3,gaussian,0.25,10029,4,1,1.0,0.25,4
pick-place-v3,gaussian,0.25,10029,5,1,1.0,0.25,3
pick-place-v3,gaussian,0.25,10030,0,1,1.0,0.2249384671449661,4
pick-place-v3,gaussian,0.25,10030,1,2,0.5,0.125,4
pick-place-v3,gaussian,0.25,10030,2,1,1.0,0.25,4
pick-place-v3,gaussian,0.25,10030,3,1,1.0,0.25,4
pick-place-v3,gaussian,0.25,10030,4,1,1.0,0.25,4
pick-place-v3,gaussian,0.25,10030,5,1,1.0,0.25,3
pick-place-v3,gaussian,0.25,10031,0,3,0.25,0.0625,4
pick-place-v3,gaussian,0.25,10031,1,2,0.5,0.125,4
pick-place-v3,gaussian,0.25,10031,2,1,1.0,0.25,4
pick-place-v3,gaussian,0.25,10031,3,1,1.0,0.25,4
pick-place-v3,gaussian,0.25,10031,4,1,1.0,0.25,4
pick-place-v3,gaussian,0.25,10031,5,2,0.5,0.125,4
pick-place-v3,gaussian,0.25,10032,0,1,1.0,0.25,4
pick-place-v3,gaussian,0.25,10032,1,1,1.0,0.25,4
pick-place-v3,gaussian,0.25,10032,2,2,0.5,0.125,4
pick-place-v3,gaussian,0.25,10032,3,1,1.0,0.25,4
pick-place-v3,gaussian,0.25,10032,4,1,1.0,0.25,4
pick-place-v3,gaussian,0.25,10032,5,1,1.0,0.25,4
pick-place-v3,gaussian,0.25,10033,0,1,1.0,0.25,4
pick-place-v3,gaussian,0.25,10033,1,1,1.0,0.25,4
pick-place-v3,gaussian,0.25,10033,2,1,1.0,0.25,4
pick-place-v3,gaussian,0.25,10033,3,1,1.0,0.25,4
pick-place-v3,gaussian,0.25,10033,4,1,1.0,0.25,4
pick-place-v3,gaussian,0.25,10033,5,2,0.5,0.125,4
pick-place-v3,gaussian,0.25,10034,0,1,1.0,0.2405813038349151,4
pick-place-v3,gaussian,0.25,10034,1,1,1.0,0.25,4
pick-place-v3,gaussian,0.25,10034,2,1,1.0,0.25,4
pick-place-v3,gaussian,0.25,10034,3,1,1.0,0.25,4
pick-place-v3,gaussian,0.25,10034,4,1,1.0,0.25,4
pick-place-v3,gaussian,0.25,10034,5,2,0.5,0.1249999925494194,3
pick-place-v3,gaussian,0.25,10035,0,1,1.0,0.25,4
pick-place-v3,gaussian,0.25,10035,1,1,1.0,0.25,4
pick-place-v3,gaussian,0.25,10035,2,1,1.0,0.25,4
pick-place-v3,gaussian,0.25,10035,3,1,1.0,0.25,4
pick-place-v3,gaussian,0.25,10035,4,1,1.0,0.25,4
pick-place-v3,gaussian,0.25,10035,5,1,1.0,0.25,4
pick-place-v3,gaussian,0.25,10036,0,1,1.0,0.2328057140111923,4
pick-place-v3,gaussian,0.25,10036,1,1,1.0,0.25,4
pick-place-v3,gaussian,0.25,10036,2,3,0.25,0.0625,4
pick-place-v3,gaussian,0.25,10036,3,1,1.0,0.25,4
pick-place-v3,gaussian,0.25,10036,4,1,1.0,0.25,4
pick-place-v3,gaussian,0.25,10036,5,1,1.0,0.25,4
pick-place-v3,gaussian,0.25,10037,0,1,1.0,0.25,4
pick-place-v3,gaussian,0.25,10037,1,1,1.0,0.25,4
pick-place-v3,gaussian,0.25,10037,2,3,0.25,0.0625,4
pick-place-v3,gaussian,0.25,10037,3,3,0.25,0.0625,4
pick-place-v3,gaussian,0.25,10037,4,1,1.0,0.25,4
pick-place-v3,gaussian,0.25,10037,5,1,1.0,0.25,3
pick-place-v3,gaussian,0.25,10038,0,1,1.0,0.1919562965631485,4
pick-place-v3,gaussian,0.25,10038,1,1,1.0,0.25,4
pick-place-v3,gaussian,0.25,10038,2,1,1.0,0.25,4
pick-place-v3,gaussian,0.25,10038,3,1,1.0,0.25,4
pick-place-v3,gaussian,0.25,10038,4,1,1.0,0.25,4
pick-place-v3,gaussian,0.25,10038,5,1,1.0,0.25,4
pick-place-v3,gaussian,0.25,10039,0,2,0.5,0.125,4
pick-place-v3,gaussian,0.25,10039,1,1,1.0,0.25,4
pick-place-v3,gaussian,0.25,10039,2,2,0.5,0.125,4
pick-place-v3,gaussian,0.25,10039,3,1,1.0,0.25,4
pick-place-v3,gaussian,0.25,10039,4,1,1.0,0.25,4
pick-place-v3,gaussian,0.25,10039,5,1,1.0,0.25,4
push-v3,calibrated,0.1,10000,0,1,1.0,0.0992101207375526,4
push-v3,calibrated,0.1,10000,1,1,1.0,0.1000000089406967,4
push-v3,calibrated,0.1,10000,2,1,1.0,0.1000000014901161,4
push-v3,calibrated,0.1,10000,3,1,1.0,0.1000000089406967,4
push-v3,calibrated,0.1,10000,4,1,1.0,0.1000000014901161,4
push-v3,calibrated,0.1,10000,5,1,1.0,0.1000000014901161,4
push-v3,calibrated,0.1,10001,0,1,1.0,0.0978605672717094,4
push-v3,calibrated,0.1,10001,1,1,1.0,0.1000000014901161,4
push-v3,calibrated,0.1,10001,2,1,1.0,0.1000000014901161,4
push-v3,calibrated,0.1,10001,3,1,1.0,0.1000000014901161,4
push-v3,calibrated,0.1,10001,4,1,1.0,0.1000000014901161,4
push-v3,calibrated,0.1,10001,5,1,1.0,0.0965048372745513,3
push-v3,calibrated,0.1,10002,0,1,1.0,0.1000000014901161,4
push-v3,calibrated,0.1,10002,1,1,1.0,0.1000000089406967,4
push-v3,calibrated,0.1,10002,2,1,1.0,0.1000000014901161,4
push-v3,calibrated,0.1,10002,3,1,1.0,0.0977221801877021,4
push-v3,calibrated,0.1,10002,4,1,1.0,0.1000000014901161,4
push-v3,calibrated,0.1,10002,5,1,1.0,0.1000000014901161,4
push-v3,calibrated,0.1,10003,0,1,1.0,0.1000000014901161,4
push-v3,calibrated,0.1,10003,1,1,1.0,0.0988935977220535,4
push-v3,calibrated,0.1,10003,2,1,1.0,0.1000000014901161,4
push-v3,calibrated,0.1,10003,3,1,1.0,0.1000000014901161,4
push-v3,calibrated,0.1,10003,4,1,1.0,0.0999999940395355,4
push-v3,calibrated,0.1,10003,5,1,1.0,0.1000000014901161,4
push-v3,calibrated,0.1,10004,0,1,1.0,0.1000000014901161,4
push-v3,calibrated,0.1,10004,1,1,1.0,0.1000000014901161,4
push-v3,calibrated,0.1,10004,2,1,1.0,0.1000000014901161,4
push-v3,calibrated,0.1,10004,3,1,1.0,0.1000000014901161,4
push-v3,calibrated,0.1,10004,4,1,1.0,0.0999999940395355,4
push-v3,calibrated,0.1,10004,5,1,1.0,0.1000000014901161,3
push-v3,calibrated,0.1,10005,0,1,1.0,0.0990219712257385,4
push-v3,calibrated,0.1,10005,1,1,1.0,0.0901322737336158,4
push-v3,calibrated,0.1,10005,2,1,1.0,0.0999999940395355,4
push-v3,calibrated,0.1,10005,3,1,1.0,0.1000000089406967,4
push-v3,calibrated,0.1,10005,4,1,1.0,0.1000000089406967,4
push-v3,calibrated,0.1,10005,5,1,1.0,0.1000000089406967,4
push-v3,calibrated,0.1,10006,0,1,1.0,0.0894660651683807,4
push-v3,calibrated,0.1,10006,1,1,1.0,0.0981587693095207,4
push-v3,calibrated,0.1,10006,2,1,1.0,0.1000000014901161,4
push-v3,calibrated,0.1,10006,3,1,1.0,0.1000000014901161,4
push-v3,calibrated,0.1,10006,4,1,1.0,0.1000000014901161,4
push-v3,calibrated,0.1,10006,5,1,1.0,0.1000000014901161,4
push-v3,calibrated,0.1,10007,0,1,1.0,0.0982149019837379,4
push-v3,calibrated,0.1,10007,1,1,1.0,0.1000000014901161,4
push-v3,calibrated,0.1,10007,2,1,1.0,0.1000000014901161,4
push-v3,calibrated,0.1,10007,3,1,1.0,0.1000000014901161,4
push-v3,calibrated,0.1,10007,4,1,1.0,0.1000000089406967,4
push-v3,calibrated,0.1,10007,5,1,1.0,0.1000000014901161,4
push-v3,calibrated,0.1,10008,0,1,1.0,0.0949597954750061,4
push-v3,calibrated,0.1,10008,1,1,1.0,0.0992472320795059,4
push-v3,calibrated,0.1,10008,2,1,1.0,0.0999999940395355,4
push-v3,calibrated,0.1,10008,3,1,1.0,0.1000000089406967,4
push-v3,calibrated,0.1,10008,4,1,1.0,0.0999999940395355,4
push-v3,calibrated,0.1,10008,5,1,1.0,0.1000000014901161,4
push-v3,calibrated,0.1,10009,0,1,1.0,0.0626842752099037,4
push-v3,calibrated,0.1,10009,1,1,1.0,0.0439035482704639,4
push-v3,calibrated,0.1,10009,2,1,1.0,0.1000000014901161,4
push-v3,calibrated,0.1,10009,3,1,1.0,0.1000000014901161,4
push-v3,calibrated,0.1,10009,4,1,1.0,0.1000000014901161,4
push-v3,calibrated,0.1,10009,5,1,1.0,0.0972562953829765,4
push-v3,calibrated,0.1,10010,0,1,1.0,0.0773630812764167,4
push-v3,calibrated,0.1,10010,1,1,1.0,0.1000000014901161,4
push-v3,calibrated,0.1,10010,2,1,1.0,0.1000000014901161,4
push-v3,calibrated,0.1,10010,3,1,1.0,0.0999999940395355,4
push-v3,calibrated,0.1,10010,4,1,1.0,0.1000000014901161,4
push-v3,calibrated,0.1,10010,5,1,1.0,0.1000000014901161,4
push-v3,calibrated,0.1,10011,0,1,1.0,0.0937902480363845,4
push-v3,calibrated,0.1,10011,1,1,1.0,0.0832717716693878,4
push-v3,calibrated,0.1,10011,2,1,1.0,0.1000000014901161,4
push-v3,calibrated,0.1,10011,3,1,1.0,0.1000000014901161,4
push-v3,calibrated,0.1,10011,4,1,1.0,0.1000000014901161,4
push-v3,calibrated,0.1,10011,5,1,1.0,0.1000000014901161,4
push-v3,calibrated,0.1,10012,0,1,1.0,0.0824783444404602,4
push-v3,calibrated,0.1,10012,1,1,1.0,0.0989841669797897,4
push-v3,calibrated,0.1,10012,2,1,1.0,0.1000000014901161,4
push-v3,calibrated,0.1,10012,3,1,1.0,0.1000000014901161,4
push-v3,calibrated,0.1,10012,4,1,1.0,0.1000000014901161,4
push-v3,calibrated,0.1,10012,5,1,1.0,0.0999999940395355,3
push-v3,calibrated,0.1,10013,0,1,1.0,0.1000000163912773,4
push-v3,calibrated,0.1,10013,1,1,1.0,0.1000000089406967,4
push-v3,calibrated,0.1,10013,2,1,1.0,0.1000000014901161,4
push-v3,calibrated,0.1,10013,3,1,1.0,0.1000000014901161,4
push-v3,calibrated,0.1,10013,4,1,1.0,0.0999999940395355,4
push-v3,calibrated,0.1,10013,5,1,1.0,0.1000000014901161,4
push-v3,calibrated,0.1,10014,0,1,1.0,0.0628271400928497,4
push-v3,calibrated,0.1,10014,1,1,1.0,0.1000000014901161,4
push-v3,calibrated,0.1,10014,2,1,1.0,0.1000000014901161,4
push-v3,calibrated,0.1,10014,3,1,1.0,0.1000000014901161,4
push-v3,calibrated,0.1,10014,4,1,1.0,0.1000000014901161,4
push-v3,calibrated,0.1,10014,5,1,1.0,0.1000000014901161,4
push-v3,calibrated,0.1,10015,0,1,1.0,0.0444484688341617,4
push-v3,calibrated,0.1,10015,1,1,1.0,0.0999999940395355,4
push-v3,calibrated,0.1,10015,2,1,1.0,0.1000000014901161,4
push-v3,calibrated,0.1,10015,3,2,0.5,0.0499999970197677,4
push-v3,calibrated,0.1,10015,4,1,1.0,0.1000000014901161,4
push-v3,calibrated,0.1,10015,5,1,1.0,0.1000000014901161,3
push-v3,calibrated,0.1,10016,0,1,1.0,0.0997406020760536,4
push-v3,calibrated,0.1,10016,1,1,1.0,0.0982909575104713,4
push-v3,calibrated,0.1,10016,2,1,1.0,0.1000000014901161,4
push-v3,calibrated,0.1,10016,3,1,1.0,0.091846652328968,4
push-v3,calibrated,0.1,10016,4,1,1.0,0.091846652328968,4
push-v3,calibrated,0.1,10016,5,1,1.0,0.1000000014901161,4
push-v3,calibrated,0.1,10017,0,1,1.0,0.0263854656368494,4
push-v3,calibrated,0.1,10017,1,1,1.0,0.0993479415774345,4
push-v3,calibrated,0.1,10017,2,1,1.0,0.0999999940395355,4
push-v3,calibrated,0.1,10017,3,1,1.0,0.1000000089406967,4
push-v3,calibrated,0.1,10017,4,1,1.0,0.0979162007570266,4
push-v3,calibrated,0.1,10017,5,1,1.0,0.1000000014901161,4
push-v3,calibrated,0.1,10018,0,1,1.0,0.1000000014901161,4
push-v3,calibrated,0.1,10018,1,1,1.0,0.1000000014901161,4
push-v3,calibrated,0.1,10018,2,1,1.0,0.0999999940395355,4
push-v3,calibrated,0.1,10018,3,1,1.0,0.1000000089406967,4
push-v3,calibrated,0.1,10018,4,1,1.0,0.1000000089406967,4
push-v3,calibrated,0.1,10018,5,1,1.0,0.1000000089406967,4
push-v3,calibrated,0.1,10019,0,1,1.0,0.0851851403713226,4
push-v3,calibrated,0.1,10019,1,1,1.0,0.0834006890654563,4
push-v3,calibrated,0.1,10019,2,1,1.0,0.1000000089406967,4
push-v3,calibrated,0.1,10019,3,1,1.0,0.1000000014901161,4
push-v3,calibrated,0.1,10019,4,1,1.0,0.1000000014901161,4
push-v3,calibrated,0.1,10019,5,1,1.0,0.1000000014901161,3
push-v3,calibrated,0.1,10020,0,1,1.0,0.0960743576288223,4
push-v3,calibrated,0.1,10020,1,1,1.0,0.099979355931282,4
push-v3,calibrated,0.1,10020,2,1,1.0,0.1000000014901161,4
push-v3,calibrated,0.1,10020,3,1,1.0,0.1000000014901161,4
push-v3,calibrated,0.1,10020,4,1,1.0,0.1000000089406967,4
push-v3,calibrated,0.1,10020,5,1,1.0,0.1000000014901161,4
push-v3,calibrated,0.1,10021,0,1,1.0,0.0641902089118957,4
push-v3,calibrated,0.1,10021,1,1,1.0,0.0999999940395355,4
push-v3,calibrated,0.1,10021,2,1,1.0,0.1000000014901161,4
push-v3,calibrated,0.1,10021,3,1,1.0,0.1000000014901161,4
push-v3,calibrated,0.1,10021,4,1,1.0,0.1000000089406967,4
push-v3,calibrated,0.1,10021,5,1,1.0,0.1000000089406967,4
push-v3,calibrated,0.1,10022,0,1,1.0,0.0950096398591995,4
push-v3,calibrated,0.1,10022,1,1,1.0,0.1000000014901161,4
push-v3,calibrated,0.1,10022,2,1,1.0,0.1000000014901161,4
push-v3,calibrated,0.1,10022,3,1,1.0,0.1000000014901161,4
push-v3,calibrated,0.1,10022,4,1,1.0,0.091846652328968,4
push-v3,calibrated,0.1,10022,5,1,1.0,0.1000000014901161,4
push-v3,calibrated,0.1,10023,0,1,1.0,0.0905262008309364,4
push-v3,calibrated,0.1,10023,1,1,1.0,0.0975435301661491,4
push-v3,calibrated,0.1,10023,2,1,1.0,0.1000000014901161,4
push-v3,calibrated,0.1,10023,3,1,1.0,0.1000000014901161,4
push-v3,calibrated,0.1,10023,4,1,1.0,0.1000000014901161,4
push-v3,calibrated,0.1,10023,5,1,1.0,0.1000000014901161,4
push-v3,calibrated,0.1,10024,0,1,1.0,0.0597350113093853,4
push-v3,calibrated,0.1,10024,1,1,1.0,0.1000000014901161,4
push-v3,calibrated,0.1,10024,2,1,1.0,0.1000000014901161,4
push-v3,calibrated,0.1,10024,3,1,1.0,0.1000000089406967,4
push-v3,calibrated,0.1,10024,4,1,1.0,0.0999999940395355,4
push-v3,calibrated,0.1,10024,5,1,1.0,0.1000000014901161,4
push-v3,calibrated,0.1,10025,0,1,1.0,0.1000000014901161,4
push-v3,calibrated,0.1,10025,1,1,1.0,0.1000000014901161,4
push-v3,calibrated,0.1,10025,2,1,1.0,0.0999999940395355,4
push-v3,calibrated,0.1,10025,3,1,1.0,0.1000000089406967,4
push-v3,calibrated,0.1,10025,4,1,1.0,0.1000000014901161,4
push-v3,calibrated,0.1,10025,5,1,1.0,0.1000000014901161,4
push-v3,calibrated,0.1,10026,0,1,1.0,0.0790091753005981,4
push-v3,calibrated,0.1,10026,1,1,1.0,0.0924548655748367,4
push-v3,calibrated,0.1,10026,2,1,1.0,0.1000000014901161,4
push-v3,calibrated,0.1,10026,3,1,1.0,0.0999999940395355,4
push-v3,calibrated,0.1,10026,4,1,1.0,0.1000000014901161,4
push-v3,calibrated,0.1,10026,5,1,1.0,0.1000000014901161,4
push-v3,calibrated,0.1,10027,0,1,1.0,0.0946210101246833,4
push-v3,calibrated,0.1,10027,1,1,1.0,0.0594949983060359,4
push-v3,calibrated,0.1,10027,2,1,1.0,0.1000000014901161,4
push-v3,calibrated,0.1,10027,3,1,1.0,0.1000000014901161,4
push-v3,calibrated,0.1,10027,4,1,1.0,0.1000000014901161,4
push-v3,calibrated,0.1,10027,5,1,1.0,0.1000000089406967,4
push-v3,calibrated,0.1,10028,0,1,1.0,0.0709271058440208,4
push-v3,calibrated,0.1,10028,1,1,1.0,0.1000000089406967,4
push-v3,calibrated,0.1,10028,2,1,1.0,0.1000000014901161,4
push-v3,calibrated,0.1,10028,3,1,1.0,0.1000000014901161,4
push-v3,calibrated,0.1,10028,4,1,1.0,0.1000000014901161,4
push-v3,calibrated,0.1,10028,5,1,1.0,0.0999999940395355,4
push-v3,calibrated,0.1,10029,0,1,1.0,0.0709265545010566,4
push-v3,calibrated,0.1,10029,1,1,1.0,0.1000000014901161,4
push-v3,calibrated,0.1,10029,2,1,1.0,0.1000000014901161,4
push-v3,calibrated,0.1,10029,3,1,1.0,0.1000000014901161,4
push-v3,calibrated,0.1,10029,4,1,1.0,0.1000000089406967,4
push-v3,calibrated,0.1,10029,5,1,1.0,0.1000000014901161,3
push-v3,calibrated,0.1,10030,0,1,1.0,0.0992846265435218,4
push-v3,calibrated,0.1,10030,1,1,1.0,0.1000000014901161,4
push-v3,calibrated,0.1,10030,2,1,1.0,0.1000000014901161,4
push-v3,calibrated,0.1,10030,3,1,1.0,0.1000000014901161,4
push-v3,calibrated,0.1,10030,4,1,1.0,0.1000000089406967,4
push-v3,calibrated,0.1,10030,5,1,1.0,0.0999999940395355,3
push-v3,calibrated,0.1,10031,0,1,1.0,0.0900215804576873,4
push-v3,calibrated,0.1,10031,1,1,1.0,0.0999999940395355,4
push-v3,calibrated,0.1,10031,2,1,1.0,0.1000000014901161,4
push-v3,calibrated,0.1,10031,3,1,1.0,0.1000000014901161,4
push-v3,calibrated,0.1,10031,4,1,1.0,0.1000000014901161,4
push-v3,calibrated,0.1,10031,5,1,1.0,0.1000000014901161,4
push-v3,calibrated,0.1,10032,0,1,1.0,0.0997213497757911,4
push-v3,calibrated,0.1,10032,1,1,1.0,0.0877001881599426,4
push-v3,calibrated,0.1,10032,2,1,1.0,0.0999999940395355,4
push-v3,calibrated,0.1,10032,3,1,1.0,0.1000000014901161,4
push-v3,calibrated,0.1,10032,4,1,1.0,0.1000000014901161,4
push-v3,calibrated,0.1,10032,5,1,1.0,0.0999999940395355,4
push-v3,calibrated,0.1,10033,0,1,1.0,0.0949580073356628,4
push-v3,calibrated,0.1,10033,1,1,1.0,0.0741220265626907,4
push-v3,calibrated,0.1,10033,2,1,1.0,0.0982111543416976,4
push-v3,calibrated,0.1,10033,3,1,1.0,0.1000000014901161,4
push-v3,calibrated,0.1,10033,4,1,1.0,0.0999999940395355,4
push-v3,calibrated,0.1,10033,5,1,1.0,0.0999999940395355,4
push-v3,calibrated,0.1,10034,0,1,1.0,0.0909478142857551,4
push-v3,calibrated,0.1,10034,1,1,1.0,0.0999999940395355,4
push-v3,calibrated,0.1,10034,2,1,1.0,0.1000000014901161,4
push-v3,calibrated,0.1,10034,3,1,1.0,0.1000000014901161,4
push-v3,calibrated,0.1,10034,4,1,1.0,0.1000000014901161,4
push-v3,calibrated,0.1,10034,5,1,1.0,0.0999999865889549,3
push-v3,calibrated,0.1,10035,0,1,1.0,0.0943376794457435,4
push-v3,calibrated,0.1,10035,1,1,1.0,0.1000000014901161,4
push-v3,calibrated,0.1,10035,2,1,1.0,0.1000000014901161,4
push-v3,calibrated,0.1,10035,3,1,1.0,0.1000000014901161,4
push-v3,calibrated,0.1,10035,4,1,1.0,0.1000000014901161,4
push-v3,calibrated,0.1,10035,5,1,1.0,0.1000000014901161,4
push-v3,calibrated,0.1,10036,0,1,1.0,0.088868960738182,4
push-v3,calibrated,0.1,10036,1,1,1.0,0.0999999940395355,4
push-v3,calibrated,0.1,10036,2,1,1.0,0.1000000014901161,4
push-v3,calibrated,0.1,10036,3,1,1.0,0.0999999940395355,4
push-v3,calibrated,0.1,10036,4,1,1.0,0.1000000014901161,4
push-v3,calibrated,0.1,10036,5,1,1.0,0.0999999940395355,4
push-v3,calibrated,0.1,10037,0,1,1.0,0.0736971572041511,4
push-v3,calibrated,0.1,10037,1,1,1.0,0.1000000014901161,4
push-v3,calibrated,0.1,10037,2,1,1.0,0.0974262505769729,4
push-v3,calibrated,0.1,10037,3,1,1.0,0.1000000089406967,4
push-v3,calibrated,0.1,10037,4,1,1.0,0.0999999940395355,4
push-v3,calibrated,0.1,10037,5,1,1.0,0.0968428030610084,3
push-v3,calibrated,0.1,10038,0,1,1.0,0.0979501754045486,4
push-v3,calibrated,0.1,10038,1,1,1.0,0.1000000014901161,4
push-v3,calibrated,0.1,10038,2,1,1.0,0.1000000014901161,4
push-v3,calibrated,0.1,10038,3,1,1.0,0.1000000014901161,4
push-v3,calibrated,0.1,10038,4,1,1.0,0.1000000014901161,4
push-v3,calibrated,0.1,10038,5,1,1.0,0.1000000014901161,4
push-v3,calibrated,0.1,10039,0,1,1.0,0.0311060901731252,4
push-v3,calibrated,0.1,10039,1,1,1.0,0.1000000014901161,4
push-v3,calibrated,0.1,10039,2,1,1.0,0.0999999940395355,4
push-v3,calibrated,0.1,10039,3,1,1.0,0.1000000014901161,4
push-v3,calibrated,0.1,10039,4,1,1.0,0.0999999940395355,4
push-v3,calibrated,0.1,10039,5,1,1.0,0.1000000014901161,4
push-v3,calibrated,0.25,10000,0,1,1.0,0.2480252832174301,4
push-v3,calibrated,0.25,10000,1,1,1.0,0.25,4
push-v3,calibrated,0.25,10000,2,1,1.0,0.25,4
push-v3,calibrated,0.25,10000,3,1,1.0,0.25,4
push-v3,calibrated,0.25,10000,4,1,1.0,0.25,4
push-v3,calibrated,0.25,10000,5,1,1.0,0.25,4
push-v3,calibrated,0.25,10001,0,1,1.0,0.243687242269516,4
push-v3,calibrated,0.25,10001,1,1,1.0,0.25,4
push-v3,calibrated,0.25,10001,2,1,1.0,0.25,4
push-v3,calibrated,0.25,10001,3,1,1.0,0.2499999850988388,4
push-v3,calibrated,0.25,10001,4,1,1.0,0.25,4
push-v3,calibrated,0.25,10001,5,1,1.0,0.2412620633840561,3
push-v3,calibrated,0.25,10002,0,1,1.0,0.25,4
push-v3,calibrated,0.25,10002,1,1,1.0,0.25,4
push-v3,calibrated,0.25,10002,2,1,1.0,0.25,4
push-v3,calibrated,0.25,10002,3,1,1.0,0.2443054467439651,4
push-v3,calibrated,0.25,10002,4,1,1.0,0.25,4
push-v3,calibrated,0.25,10002,5,1,1.0,0.2499999850988388,4
push-v3,calibrated,0.25,10003,0,1,1.0,0.25,4
push-v3,calibrated,0.25,10003,1,1,1.0,0.2472340166568756,4
push-v3,calibrated,0.25,10003,2,1,1.0,0.25,4
push-v3,calibrated,0.25,10003,3,1,1.0,0.25,4
push-v3,calibrated,0.25,10003,4,1,1.0,0.25,4
push-v3,calibrated,0.25,10003,5,1,1.0,0.25,4
push-v3,calibrated,0.25,10004,0,1,1.0,0.25,4
push-v3,calibrated,0.25,10004,1,1,1.0,0.25,4
push-v3,calibrated,0.25,10004,2,1,1.0,0.25,4
push-v3,calibrated,0.25,10004,3,1,1.0,0.25,4
push-v3,calibrated,0.25,10004,4,1,1.0,0.2499999850988388,4
push-v3,calibrated,0.25,10004,5,1,1.0,0.25,3
push-v3,calibrated,0.25,10005,0,1,1.0,0.2475549280643463,4
push-v3,calibrated,0.25,10005,1,1,1.0,0.2253306806087494,4
push-v3,calibrated,0.25,10005,2,1,1.0,0.2499999850988388,4
push-v3,calibrated,0.25,10005,3,1,1.0,0.25,4
push-v3,calibrated,0.25,10005,4,1,1.0,0.25,4
push-v3,calibrated,0.25,10005,5,1,1.0,0.25,4
push-v3,calibrated,0.25,10006,0,3,0.25,0.0559162907302379,4
push-v3,calibrated,0.25,10006,1,1,1.0,0.2453969120979309,4
push-v3,calibrated,0.25,10006,2,1,1.0,0.2499999850988388,4
push-v3,calibrated,0.25,10006,3,1,1.0,0.25,4
push-v3,calibrated,0.25,10006,4,1,1.0,0.25,4
push-v3,calibrated,0.25,10006,5,1,1.0,0.25,4
push-v3,calibrated,0.25,10007,0,1,1.0,0.2455372661352157,4
push-v3,calibrated,0.25,10007,1,1,1.0,0.25,4
push-v3,calibrated,0.25,10007,2,1,1.0,0.25,4
push-v3,calibrated,0.25,10007,3,1,1.0,0.25,4
push-v3,calibrated,0.25,10007,4,1,1.0,0.25,4
push-v3,calibrated,0.25,10007,5,1,1.0,0.25,4
push-v3,calibrated,0.25,10008,0,1,1.0,0.2163570076227188,4
push-v3,calibrated,0.25,10008,1,1,1.0,0.2481180876493454,4
push-v3,calibrated,0.25,10008,2,1,1.0,0.2499999701976776,4
push-v3,calibrated,0.25,10008,3,1,1.0,0.25,4
push-v3,calibrated,0.25,10008,4,1,1.0,0.2499999850988388,4
push-v3,calibrated,0.25,10008,5,1,1.0,0.2499999850988388,4
push-v3,calibrated,0.25,10009,0,1,1.0,0.156710684299469,4
push-v3,calibrated,0.25,10009,1,1,1.0,0.1097588613629341,4
push-v3,calibrated,0.25,10009,2,1,1.0,0.25,4
push-v3,calibrated,0.25,10009,3,1,1.0,0.25,4
push-v3,calibrated,0.25,10009,4,1,1.0,0.25,4
push-v3,calibrated,0.25,10009,5,1,1.0,0.2431407123804092,4
push-v3,calibrated,0.25,10010,0,1,1.0,0.1934076845645904,4
push-v3,calibrated,0.25,10010,1,1,1.0,0.2240077257156372,4
push-v3,calibrated,0.25,10010,2,1,1.0,0.2499999850988388,4
push-v3,calibrated,0.25,10010,3,1,1.0,0.2499999701976776,4
push-v3,calibrated,0.25,10010,4,1,1.0,0.25,4
push-v3,calibrated,0.25,10010,5,1,1.0,0.2499999850988388,4
push-v3,calibrated,0.25,10011,0,1,1.0,0.234475627541542,4
push-v3,calibrated,0.25,10011,1,1,1.0,0.202746033668518,4
push-v3,calibrated,0.25,10011,2,1,1.0,0.25,4
push-v3,calibrated,0.25,10011,3,1,1.0,0.25,4
push-v3,calibrated,0.25,10011,4,1,1.0,0.25,4
push-v3,calibrated,0.25,10011,5,1,1.0,0.25,4
push-v3,calibrated,0.25,10012,0,1,1.0,0.2061958312988281,4
push-v3,calibrated,0.25,10012,1,1,1.0,0.2106365263462066,4
push-v3,calibrated,0.25,10012,2,1,1.0,0.25,4
push-v3,calibrated,0.25,10012,3,1,1.0,0.25,4
push-v3,calibrated,0.25,10012,4,1,1.0,0.25,4
push-v3,calibrated,0.25,10012,5,1,1.0,0.2499999850988388,3
push-v3,calibrated,0.25,10013,0,2,0.5,0.125,4
push-v3,calibrated,0.25,10013,1,1,1.0,0.25,4
push-v3,calibrated,0.25,10013,2,1,1.0,0.25,4
push-v3,calibrated,0.25,10013,3,1,1.0,0.25,4
push-v3,calibrated,0.25,10013,4,1,1.0,0.25,4
push-v3,calibrated,0.25,10013,5,1,1.0,0.25,4
push-v3,calibrated,0.25,10014,0,1,1.0,0.1549092829227447,4
push-v3,calibrated,0.25,10014,1,1,1.0,0.25,4
push-v3,calibrated,0.25,10014,2,1,1.0,0.2499999850988388,4
push-v3,calibrated,0.25,10014,3,1,1.0,0.25,4
push-v3,calibrated,0.25,10014,4,1,1.0,0.25,4
push-v3,calibrated,0.25,10014,5,1,1.0,0.25,4
push-v3,calibrated,0.25,10015,0,1,1.0,0.111121192574501,4
push-v3,calibrated,0.25,10015,1,1,1.0,0.25,4
push-v3,calibrated,0.25,10015,2,1,1.0,0.25,4
push-v3,calibrated,0.25,10015,3,3,0.25,0.0625,4
push-v3,calibrated,0.25,10015,4,1,1.0,0.25,4
push-v3,calibrated,0.25,10015,5,1,1.0,0.25,3
push-v3,calibrated,0.25,10016,0,2,0.5,0.1246757507324218,4
push-v3,calibrated,0.25,10016,1,1,1.0,0.245727390050888,4
push-v3,calibrated,0.25,10016,2,1,1.0,0.25,4
push-v3,calibrated,0.25,10016,3,1,1.0,0.2296166270971298,4
push-v3,calibrated,0.25,10016,4,1,1.0,0.2296166270971298,4
push-v3,calibrated,0.25,10016,5,1,1.0,0.25,4
push-v3,calibrated,0.25,10017,0,1,1.0,0.0659636631608009,4
push-v3,calibrated,0.25,10017,1,1,1.0,0.2434957921504974,4
push-v3,calibrated,0.25,10017,2,1,1.0,0.2499999701976776,4
push-v3,calibrated,0.25,10017,3,1,1.0,0.25,4
push-v3,calibrated,0.25,10017,4,1,1.0,0.244790494441986,4
push-v3,calibrated,0.25,10017,5,1,1.0,0.2499999850988388,4
push-v3,calibrated,0.25,10018,0,1,1.0,0.2466246932744979,4
push-v3,calibrated,0.25,10018,1,1,1.0,0.25,4
push-v3,calibrated,0.25,10018,2,1,1.0,0.2499999850988388,4
push-v3,calibrated,0.25,10018,3,1,1.0,0.25,4
push-v3,calibrated,0.25,10018,4,1,1.0,0.25,4
push-v3,calibrated,0.25,10018,5,1,1.0,0.25,4
push-v3,calibrated,0.25,10019,0,2,0.5,0.1064814254641532,4
push-v3,calibrated,0.25,10019,1,1,1.0,0.20850171148777,4
push-v3,calibrated,0.25,10019,2,1,1.0,0.25,4
push-v3,calibrated,0.25,10019,3,1,1.0,0.25,4
push-v3,calibrated,0.25,10019,4,1,1.0,0.25,4
push-v3,calibrated,0.25,10019,5,1,1.0,0.2499999850988388,3
push-v3,calibrated,0.25,10020,0,1,1.0,0.2401858866214752,4
push-v3,calibrated,0.25,10020,1,1,1.0,0.2499483823776245,4
push-v3,calibrated,0.25,10020,2,3,0.25,0.0624999962747097,4
push-v3,calibrated,0.25,10020,3,2,0.5,0.125,4
push-v3,calibrated,0.25,10020,4,2,0.5,0.125,4
push-v3,calibrated,0.25,10020,5,1,1.0,0.25,4
push-v3,calibrated,0.25,10021,0,1,1.0,0.1604755073785781,4
push-v3,calibrated,0.25,10021,1,1,1.0,0.25,4
push-v3,calibrated,0.25,10021,2,1,1.0,0.25,4
push-v3,calibrated,0.25,10021,3,1,1.0,0.25,4
push-v3,calibrated,0.25,10021,4,1,1.0,0.25,4
push-v3,calibrated,0.25,10021,5,1,1.0,0.25,4
push-v3,calibrated,0.25,10022,0,1,1.0,0.2375240921974182,4
push-v3,calibrated,0.25,10022,1,1,1.0,0.25,4
push-v3,calibrated,0.25,10022,2,1,1.0,0.25,4
push-v3,calibrated,0.25,10022,3,1,1.0,0.2499999850988388,4
push-v3,calibrated,0.25,10022,4,1,1.0,0.2296166270971298,4
push-v3,calibrated,0.25,10022,5,1,1.0,0.25,4
push-v3,calibrated,0.25,10023,0,1,1.0,0.2263154983520507,4
push-v3,calibrated,0.25,10023,1,1,1.0,0.2413089126348495,4
push-v3,calibrated,0.25,10023,2,1,1.0,0.25,4
push-v3,calibrated,0.25,10023,3,1,1.0,0.25,4
push-v3,calibrated,0.25,10023,4,1,1.0,0.25,4
push-v3,calibrated,0.25,10023,5,1,1.0,0.2499999850988388,4
push-v3,calibrated,0.25,10024,0,1,1.0,0.1493375152349472,4
push-v3,calibrated,0.25,10024,1,1,1.0,0.25,4
push-v3,calibrated,0.25,10024,2,1,1.0,0.25,4
push-v3,calibrated,0.25,10024,3,1,1.0,0.25,4
push-v3,calibrated,0.25,10024,4,1,1.0,0.25,4
push-v3,calibrated,0.25,10024,5,1,1.0,0.25,4
push-v3,calibrated,0.25,10025,0,1,1.0,0.25,4
push-v3,calibrated,0.25,10025,1,1,1.0,0.2499999850988388,4
push-v3,calibrated,0.25,10025,2,1,1.0,0.25,4
push-v3,calibrated,0.25,10025,3,1,1.0,0.25,4
push-v3,calibrated,0.25,10025,4,1,1.0,0.25,4
push-v3,calibrated,0.25,10025,5,1,1.0,0.25,4
push-v3,calibrated,0.25,10026,0,1,1.0,0.1975229382514953,4
push-v3,calibrated,0.25,10026,1,1,1.0,0.2311371564865112,4
push-v3,calibrated,0.25,10026,2,1,1.0,0.25,4
push-v3,calibrated,0.25,10026,3,1,1.0,0.2499999701976776,4
push-v3,calibrated,0.25,10026,4,1,1.0,0.25,4
push-v3,calibrated,0.25,10026,5,1,1.0,0.25,4
push-v3,calibrated,0.25,10027,0,1,1.0,0.2365525066852569,4
push-v3,calibrated,0.25,10027,1,1,1.0,0.110111728310585,4
push-v3,calibrated,0.25,10027,2,1,1.0,0.25,4
push-v3,calibrated,0.25,10027,3,1,1.0,0.25,4
push-v3,calibrated,0.25,10027,4,1,1.0,0.25,4
push-v3,calibrated,0.25,10027,5,1,1.0,0.25,4
push-v3,calibrated,0.25,10028,0,1,1.0,0.1773177534341812,4
push-v3,calibrated,0.25,10028,1,1,1.0,0.25,4
push-v3,calibrated,0.25,10028,2,1,1.0,0.25,4
push-v3,calibrated,0.25,10028,3,1,1.0,0.25,4
push-v3,calibrated,0.25,10028,4,1,1.0,0.25,4
push-v3,calibrated,0.25,10028,5,1,1.0,0.2499999850988388,4
push-v3,calibrated,0.25,10029,0,1,1.0,0.1773163676261901,4
push-v3,calibrated,0.25,10029,1,1,1.0,0.25,4
push-v3,calibrated,0.25,10029,2,1,1.0,0.2499999850988388,4
push-v3,calibrated,0.25,10029,3,1,1.0,0.25,4
push-v3,calibrated,0.25,10029,4,1,1.0,0.25,4
push-v3,calibrated,0.25,10029,5,1,1.0,0.25,3
push-v3,calibrated,0.25,10030,0,1,1.0,0.2482115626335144,4
push-v3,calibrated,0.25,10030,1,1,1.0,0.25,4
push-v3,calibrated,0.25,10030,2,1,1.0,0.25,4
push-v3,calibrated,0.25,10030,3,1,1.0,0.25,4
push-v3,calibrated,0.25,10030,4,1,1.0,0.25,4
push-v3,calibrated,0.25,10030,5,1,1.0,0.25,3
push-v3,calibrated,0.25,10031,0,1,1.0,0.2250539362430572,4
push-v3,calibrated,0.25,10031,1,1,1.0,0.2499999850988388,4
push-v3,calibrated,0.25,10031,2,1,1.0,0.25,4
push-v3,calibrated,0.25,10031,3,1,1.0,0.25,4
push-v3,calibrated,0.25,10031,4,1,1.0,0.25,4
push-v3,calibrated,0.25,10031,5,1,1.0,0.25,4
push-v3,calibrated,0.25,10032,0,1,1.0,0.2493033558130264,4
push-v3,calibrated,0.25,10032,1,1,1.0,0.2105379849672317,4
push-v3,calibrated,0.25,10032,2,1,1.0,0.25,4
push-v3,calibrated,0.25,10032,3,1,1.0,0.2499999850988388,4
push-v3,calibrated,0.25,10032,4,1,1.0,0.25,4
push-v3,calibrated,0.25,10032,5,1,1.0,0.2499999701976776,4
push-v3,calibrated,0.25,10033,0,1,1.0,0.2373950183391571,4
push-v3,calibrated,0.25,10033,1,1,1.0,0.1550341695547104,4
push-v3,calibrated,0.25,10033,2,1,1.0,0.2455278933048248,4
push-v3,calibrated,0.25,10033,3,1,1.0,0.25,4
push-v3,calibrated,0.25,10033,4,1,1.0,0.2499999850988388,4
push-v3,calibrated,0.25,10033,5,1,1.0,0.25,4
push-v3,calibrated,0.25,10034,0,1,1.0,0.2273695170879364,4
push-v3,calibrated,0.25,10034,1,1,1.0,0.25,4
push-v3,calibrated,0.25,10034,2,1,1.0,0.2499999850988388,4
push-v3,calibrated,0.25,10034,3,1,1.0,0.25,4
push-v3,calibrated,0.25,10034,4,1,1.0,0.25,4
push-v3,calibrated,0.25,10034,5,1,1.0,0.2499999701976776,3
push-v3,calibrated,0.25,10035,0,1,1.0,0.2358442097902298,4
push-v3,calibrated,0.25,10035,1,1,1.0,0.25,4
push-v3,calibrated,0.25,10035,2,1,1.0,0.25,4
push-v3,calibrated,0.25,10035,3,1,1.0,0.25,4
push-v3,calibrated,0.25,10035,4,1,1.0,0.25,4
push-v3,calibrated,0.25,10035,5,1,1.0,0.25,4
push-v3,calibrated,0.25,10036,0,1,1.0,0.2221723943948745,4
push-v3,calibrated,0.25,10036,1,1,1.0,0.25,4
push-v3,calibrated,0.25,10036,2,1,1.0,0.25,4
push-v3,calibrated,0.25,10036,3,1,1.0,0.2499999850988388,4
push-v3,calibrated,0.25,10036,4,1,1.0,0.25,4
push-v3,calibrated,0.25,10036,5,1,1.0,0.25,4
push-v3,calibrated,0.25,10037,0,1,1.0,0.1842428892850875,4
push-v3,calibrated,0.25,10037,1,1,1.0,0.2499999850988388,4
push-v3,calibrated,0.25,10037,2,1,1.0,0.243565633893013,4
push-v3,calibrated,0.25,10037,3,1,1.0,0.25,4
push-v3,calibrated,0.25,10037,4,1,1.0,0.2499999701976776,4
push-v3,calibrated,0.25,10037,5,1,1.0,0.2421070039272308,3
push-v3,calibrated,0.25,10038,0,1,1.0,0.2448754459619522,4
push-v3,calibrated,0.25,10038,1,1,1.0,0.25,4
push-v3,calibrated,0.25,10038,2,1,1.0,0.25,4
push-v3,calibrated,0.25,10038,3,1,1.0,0.2499999850988388,4
push-v3,calibrated,0.25,10038,4,1,1.0,0.25,4
push-v3,calibrated,0.25,10038,5,1,1.0,0.25,4
push-v3,calibrated,0.25,10039,0,1,1.0,0.0777652189135551,4
push-v3,calibrated,0.25,10039,1,1,1.0,0.25,4
push-v3,calibrated,0.25,10039,2,1,1.0,0.2499999850988388,4
push-v3,calibrated,0.25,10039,3,1,1.0,0.25,4
push-v3,calibrated,0.25,10039,4,1,1.0,0.2499999701976776,4
push-v3,calibrated,0.25,10039,5,1,1.0,0.25,4
push-v3,gaussian,0.1,10000,0,1,1.0,0.0920068323612213,4
push-v3,gaussian,0.1,10000,1,1,1.0,0.1000000014901161,4
push-v3,gaussian,0.1,10000,2,1,1.0,0.1000000014901161,4
push-v3,gaussian,0.1,10000,3,1,1.0,0.1000000014901161,4
push-v3,gaussian,0.1,10000,4,1,1.0,0.1000000014901161,4
push-v3,gaussian,0.1,10000,5,1,1.0,0.0999999940395355,4
push-v3,gaussian,0.1,10001,0,1,1.0,0.1000000014901161,4
push-v3,gaussian,0.1,10001,1,1,1.0,0.0999999940395355,4
push-v3,gaussian,0.1,10001,2,1,1.0,0.1000000014901161,4
push-v3,gaussian,0.1,10001,3,1,1.0,0.1000000014901161,4
push-v3,gaussian,0.1,10001,4,1,1.0,0.0999999940395355,4
push-v3,gaussian,0.1,10001,5,1,1.0,0.1000000014901161,3
push-v3,gaussian,0.1,10002,0,1,1.0,0.1000000014901161,4
push-v3,gaussian,0.1,10002,1,1,1.0,0.1000000014901161,4
push-v3,gaussian,0.1,10002,2,1,1.0,0.1000000014901161,4
push-v3,gaussian,0.1,10002,3,1,1.0,0.0999999940395355,4
push-v3,gaussian,0.1,10002,4,1,1.0,0.1000000014901161,4
push-v3,gaussian,0.1,10002,5,1,1.0,0.1000000014901161,4
push-v3,gaussian,0.1,10003,0,1,1.0,0.0919437408447265,4
push-v3,gaussian,0.1,10003,1,1,1.0,0.0999999940395355,4
push-v3,gaussian,0.1,10003,2,1,1.0,0.1000000014901161,4
push-v3,gaussian,0.1,10003,3,1,1.0,0.1000000014901161,4
push-v3,gaussian,0.1,10003,4,1,1.0,0.1000000014901161,4
push-v3,gaussian,0.1,10003,5,1,1.0,0.1000000014901161,4
push-v3,gaussian,0.1,10004,0,1,1.0,0.0999742746353149,4
push-v3,gaussian,0.1,10004,1,1,1.0,0.1000000014901161,4
push-v3,gaussian,0.1,10004,2,1,1.0,0.1000000014901161,4
push-v3,gaussian,0.1,10004,3,1,1.0,0.1000000014901161,4
push-v3,gaussian,0.1,10004,4,1,1.0,0.1000000014901161,4
push-v3,gaussian,0.1,10004,5,1,1.0,0.1000000014901161,3
push-v3,gaussian,0.1,10005,0,1,1.0,0.0985352620482444,4
push-v3,gaussian,0.1,10005,1,1,1.0,0.1000000014901161,4
push-v3,gaussian,0.1,10005,2,1,1.0,0.1000000014901161,4
push-v3,gaussian,0.1,10005,3,1,1.0,0.1000000014901161,4
push-v3,gaussian,0.1,10005,4,1,1.0,0.1000000014901161,4
push-v3,gaussian,0.1,10005,5,1,1.0,0.1000000014901161,4
push-v3,gaussian,0.1,10006,0,1,1.0,0.0999611765146255,4
push-v3,gaussian,0.1,10006,1,1,1.0,0.0993108376860618,4
push-v3,gaussian,0.1,10006,2,1,1.0,0.1000000014901161,4
push-v3,gaussian,0.1,10006,3,1,1.0,0.1000000014901161,4
push-v3,gaussian,0.1,10006,4,1,1.0,0.0999999940395355,4
push-v3,gaussian,0.1,10006,5,1,1.0,0.0999999940395355,4
push-v3,gaussian,0.1,10007,0,1,1.0,0.1000000014901161,4
push-v3,gaussian,0.1,10007,1,1,1.0,0.1000000014901161,4
push-v3,gaussian,0.1,10007,2,1,1.0,0.1000000014901161,4
push-v3,gaussian,0.1,10007,3,1,1.0,0.1000000014901161,4
push-v3,gaussian,0.1,10007,4,1,1.0,0.1000000014901161,4
push-v3,gaussian,0.1,10007,5,1,1.0,0.1000000014901161,4
push-v3,gaussian,0.1,10008,0,1,1.0,0.0989353582262992,4
push-v3,gaussian,0.1,10008,1,1,1.0,0.0999999940395355,4
push-v3,gaussian,0.1,10008,2,1,1.0,0.1000000014901161,4
push-v3,gaussian,0.1,10008,3,1,1.0,0.1000000014901161,4
push-v3,gaussian,0.1,10008,4,1,1.0,0.1000000014901161,4
push-v3,gaussian,0.1,10008,5,1,1.0,0.1000000014901161,4
push-v3,gaussian,0.1,10009,0,1,1.0,0.1000000014901161,4
push-v3,gaussian,0.1,10009,1,1,1.0,0.0994674935936927,4
push-v3,gaussian,0.1,10009,2,1,1.0,0.1000000014901161,4
push-v3,gaussian,0.1,10009,3,1,1.0,0.1000000014901161,4
push-v3,gaussian,0.1,10009,4,1,1.0,0.1000000014901161,4
push-v3,gaussian,0.1,10009,5,1,1.0,0.0999999940395355,4
push-v3,gaussian,0.1,10010,0,1,1.0,0.0999999940395355,4
push-v3,gaussian,0.1,10010,1,1,1.0,0.1000000014901161,4
push-v3,gaussian,0.1,10010,2,1,1.0,0.0999999940395355,4
push-v3,gaussian,0.1,10010,3,1,1.0,0.1000000014901161,4
push-v3,gaussian,0.1,10010,4,1,1.0,0.1000000014901161,4
push-v3,gaussian,0.1,10010,5,1,1.0,0.0999999940395355,4
push-v3,gaussian,0.1,10011,0,1,1.0,0.0942315086722374,4
push-v3,gaussian,0.1,10011,1,1,1.0,0.0984647870063781,4
push-v3,gaussian,0.1,10011,2,1,1.0,0.1000000014901161,4
push-v3,gaussian,0.1,10011,3,1,1.0,0.1000000014901161,4
push-v3,gaussian,0.1,10011,4,1,1.0,0.0999999940395355,4
push-v3,gaussian,0.1,10011,5,1,1.0,0.1000000014901161,4
push-v3,gaussian,0.1,10012,0,1,1.0,0.1000000014901161,4
push-v3,gaussian,0.1,10012,1,1,1.0,0.0999999940395355,4
push-v3,gaussian,0.1,10012,2,1,1.0,0.1000000014901161,4
push-v3,gaussian,0.1,10012,3,1,1.0,0.1000000014901161,4
push-v3,gaussian,0.1,10012,4,1,1.0,0.1000000014901161,4
push-v3,gaussian,0.1,10012,5,1,1.0,0.1000000014901161,3
push-v3,gaussian,0.1,10013,0,1,1.0,0.1000000014901161,4
push-v3,gaussian,0.1,10013,1,1,1.0,0.1000000014901161,4
push-v3,gaussian,0.1,10013,2,1,1.0,0.1000000014901161,4
push-v3,gaussian,0.1,10013,3,1,1.0,0.1000000014901161,4
push-v3,gaussian,0.1,10013,4,1,1.0,0.1000000014901161,4
push-v3,gaussian,0.1,10013,5,1,1.0,0.1000000014901161,4
push-v3,gaussian,0.1,10014,0,1,1.0,0.0999999940395355,4
push-v3,gaussian,0.1,10014,1,1,1.0,0.1000000014901161,4
push-v3,gaussian,0.1,10014,2,1,1.0,0.1000000014901161,4
push-v3,gaussian,0.1,10014,3,1,1.0,0.1000000014901161,4
push-v3,gaussian,0.1,10014,4,1,1.0,0.1000000014901161,4
push-v3,gaussian,0.1,10014,5,1,1.0,0.1000000014901161,4
push-v3,gaussian,0.1,10015,0,1,1.0,0.0999999940395355,4
push-v3,gaussian,0.1,10015,1,1,1.0,0.1000000014901161,4
push-v3,gaussian,0.1,10015,2,1,1.0,0.1000000014901161,4
push-v3,gaussian,0.1,10015,3,2,0.5,0.050000000745058,4
push-v3,gaussian,0.1,10015,4,1,1.0,0.1000000014901161,4
push-v3,gaussian,0.1,10015,5,1,1.0,0.1000000014901161,3
push-v3,gaussian,0.1,10016,0,1,1.0,0.09946259111166,4
push-v3,gaussian,0.1,10016,1,1,1.0,0.1000000014901161,4
push-v3,gaussian,0.1,10016,2,1,1.0,0.1000000014901161,4
push-v3,gaussian,0.1,10016,3,1,1.0,0.0999999940395355,4
push-v3,gaussian,0.1,10016,4,1,1.0,0.1000000014901161,4
push-v3,gaussian,0.1,10016,5,1,1.0,0.1000000014901161,4
push-v3,gaussian,0.1,10017,0,1,1.0,0.0779174268245697,4
push-v3,gaussian,0.1,10017,1,1,1.0,0.1000000014901161,4
push-v3,gaussian,0.1,10017,2,1,1.0,0.1000000014901161,4
push-v3,gaussian,0.1,10017,3,1,1.0,0.1000000014901161,4
push-v3,gaussian,0.1,10017,4,1,1.0,0.0999999940395355,4
push-v3,gaussian,0.1,10017,5,1,1.0,0.1000000014901161,4
push-v3,gaussian,0.1,10018,0,1,1.0,0.0973860844969749,4
push-v3,gaussian,0.1,10018,1,1,1.0,0.1000000014901161,4
push-v3,gaussian,0.1,10018,2,1,1.0,0.1000000014901161,4
push-v3,gaussian,0.1,10018,3,1,1.0,0.1000000014901161,4
push-v3,gaussian,0.1,10018,4,1,1.0,0.1000000014901161,4
push-v3,gaussian,0.1,10018,5,1,1.0,0.1000000014901161,4
push-v3,gaussian,0.1,10019,0,1,1.0,0.0917367711663246,4
push-v3,gaussian,0.1,10019,1,1,1.0,0.091563656926155,4
push-v3,gaussian,0.1,10019,2,1,1.0,0.1000000014901161,4
push-v3,gaussian,0.1,10019,3,1,1.0,0.1000000014901161,4
push-v3,gaussian,0.1,10019,4,1,1.0,0.1000000014901161,4
push-v3,gaussian,0.1,10019,5,1,1.0,0.1000000014901161,3
push-v3,gaussian,0.1,10020,0,1,1.0,0.1000000014901161,4
push-v3,gaussian,0.1,10020,1,1,1.0,0.0986936911940574,4
push-v3,gaussian,0.1,10020,2,1,1.0,0.1000000014901161,4
push-v3,gaussian,0.1,10020,3,1,1.0,0.1000000014901161,4
push-v3,gaussian,0.1,10020,4,1,1.0,0.1000000014901161,4
push-v3,gaussian,0.1,10020,5,1,1.0,0.1000000014901161,4
push-v3,gaussian,0.1,10021,0,1,1.0,0.0801361575722694,4
push-v3,gaussian,0.1,10021,1,1,1.0,0.1000000014901161,4
push-v3,gaussian,0.1,10021,2,1,1.0,0.1000000014901161,4
push-v3,gaussian,0.1,10021,3,1,1.0,0.0999999940395355,4
push-v3,gaussian,0.1,10021,4,1,1.0,0.1000000014901161,4
push-v3,gaussian,0.1,10021,5,1,1.0,0.1000000014901161,4
push-v3,gaussian,0.1,10022,0,1,1.0,0.0996992588043212,4
push-v3,gaussian,0.1,10022,1,1,1.0,0.1000000014901161,4
push-v3,gaussian,0.1,10022,2,1,1.0,0.1000000014901161,4
push-v3,gaussian,0.1,10022,3,1,1.0,0.1000000014901161,4
push-v3,gaussian,0.1,10022,4,1,1.0,0.1000000014901161,4
push-v3,gaussian,0.1,10022,5,1,1.0,0.1000000014901161,4
push-v3,gaussian,0.1,10023,0,1,1.0,0.1000000014901161,4
push-v3,gaussian,0.1,10023,1,1,1.0,0.0991372466087341,4
push-v3,gaussian,0.1,10023,2,1,1.0,0.1000000014901161,4
push-v3,gaussian,0.1,10023,3,1,1.0,0.1000000014901161,4
push-v3,gaussian,0.1,10023,4,1,1.0,0.1000000014901161,4
push-v3,gaussian,0.1,10023,5,1,1.0,0.1000000014901161,4
push-v3,gaussian,0.1,10024,0,1,1.0,0.099458135664463,4
push-v3,gaussian,0.1,10024,1,1,1.0,0.1000000014901161,4
push-v3,gaussian,0.1,10024,2,1,1.0,0.1000000014901161,4
push-v3,gaussian,0.1,10024,3,1,1.0,0.0999999940395355,4
push-v3,gaussian,0.1,10024,4,1,1.0,0.1000000014901161,4
push-v3,gaussian,0.1,10024,5,1,1.0,0.1000000014901161,4
push-v3,gaussian,0.1,10025,0,1,1.0,0.09190583974123,4
push-v3,gaussian,0.1,10025,1,1,1.0,0.1000000014901161,4
push-v3,gaussian,0.1,10025,2,1,1.0,0.1000000014901161,4
push-v3,gaussian,0.1,10025,3,1,1.0,0.1000000014901161,4
push-v3,gaussian,0.1,10025,4,1,1.0,0.1000000014901161,4
push-v3,gaussian,0.1,10025,5,1,1.0,0.1000000014901161,4
push-v3,gaussian,0.1,10026,0,1,1.0,0.0979824513196945,4
push-v3,gaussian,0.1,10026,1,1,1.0,0.0958635061979293,4
push-v3,gaussian,0.1,10026,2,1,1.0,0.1000000014901161,4
push-v3,gaussian,0.1,10026,3,1,1.0,0.1000000014901161,4
push-v3,gaussian,0.1,10026,4,1,1.0,0.1000000014901161,4
push-v3,gaussian,0.1,10026,5,1,1.0,0.1000000014901161,4
push-v3,gaussian,0.1,10027,0,1,1.0,0.0964466109871864,4
push-v3,gaussian,0.1,10027,1,1,1.0,0.1000000014901161,4
push-v3,gaussian,0.1,10027,2,1,1.0,0.1000000014901161,4
push-v3,gaussian,0.1,10027,3,1,1.0,0.1000000014901161,4
push-v3,gaussian,0.1,10027,4,1,1.0,0.1000000014901161,4
push-v3,gaussian,0.1,10027,5,1,1.0,0.1000000014901161,4
push-v3,gaussian,0.1,10028,0,1,1.0,0.1000000014901161,4
push-v3,gaussian,0.1,10028,1,1,1.0,0.1000000014901161,4
push-v3,gaussian,0.1,10028,2,1,1.0,0.1000000014901161,4
push-v3,gaussian,0.1,10028,3,1,1.0,0.1000000014901161,4
push-v3,gaussian,0.1,10028,4,1,1.0,0.0999999940395355,4
push-v3,gaussian,0.1,10028,5,1,1.0,0.1000000014901161,4
push-v3,gaussian,0.1,10029,0,1,1.0,0.0994714573025703,4
push-v3,gaussian,0.1,10029,1,1,1.0,0.1000000014901161,4
push-v3,gaussian,0.1,10029,2,1,1.0,0.1000000014901161,4
push-v3,gaussian,0.1,10029,3,1,1.0,0.1000000014901161,4
push-v3,gaussian,0.1,10029,4,1,1.0,0.1000000014901161,4
push-v3,gaussian,0.1,10029,5,1,1.0,0.1000000014901161,3
push-v3,gaussian,0.1,10030,0,1,1.0,0.0928438082337379,4
push-v3,gaussian,0.1,10030,1,1,1.0,0.1000000014901161,4
push-v3,gaussian,0.1,10030,2,1,1.0,0.1000000014901161,4
push-v3,gaussian,0.1,10030,3,1,1.0,0.1000000014901161,4
push-v3,gaussian,0.1,10030,4,1,1.0,0.1000000014901161,4
push-v3,gaussian,0.1,10030,5,1,1.0,0.1000000014901161,3
push-v3,gaussian,0.1,10031,0,1,1.0,0.0986828207969665,4
push-v3,gaussian,0.1,10031,1,1,1.0,0.1000000014901161,4
push-v3,gaussian,0.1,10031,2,1,1.0,0.1000000014901161,4
push-v3,gaussian,0.1,10031,3,1,1.0,0.1000000014901161,4
push-v3,gaussian,0.1,10031,4,1,1.0,0.1000000014901161,4
push-v3,gaussian,0.1,10031,5,1,1.0,0.1000000014901161,4
push-v3,gaussian,0.1,10032,0,1,1.0,0.0973631590604782,4
push-v3,gaussian,0.1,10032,1,1,1.0,0.0949048623442649,4
push-v3,gaussian,0.1,10032,2,1,1.0,0.1000000014901161,4
push-v3,gaussian,0.1,10032,3,1,1.0,0.1000000014901161,4
push-v3,gaussian,0.1,10032,4,1,1.0,0.1000000014901161,4
push-v3,gaussian,0.1,10032,5,1,1.0,0.1000000014901161,4
push-v3,gaussian,0.1,10033,0,1,1.0,0.0961400642991066,4
push-v3,gaussian,0.1,10033,1,1,1.0,0.0989425703883171,4
push-v3,gaussian,0.1,10033,2,1,1.0,0.1000000014901161,4
push-v3,gaussian,0.1,10033,3,1,1.0,0.1000000014901161,4
push-v3,gaussian,0.1,10033,4,1,1.0,0.1000000014901161,4
push-v3,gaussian,0.1,10033,5,1,1.0,0.1000000014901161,4
push-v3,gaussian,0.1,10034,0,1,1.0,0.0998965576291084,4
push-v3,gaussian,0.1,10034,1,1,1.0,0.1000000014901161,4
push-v3,gaussian,0.1,10034,2,1,1.0,0.1000000014901161,4
push-v3,gaussian,0.1,10034,3,1,1.0,0.1000000014901161,4
push-v3,gaussian,0.1,10034,4,1,1.0,0.1000000014901161,4
push-v3,gaussian,0.1,10034,5,1,1.0,0.1000000014901161,3
push-v3,gaussian,0.1,10035,0,1,1.0,0.093557633459568,4
push-v3,gaussian,0.1,10035,1,1,1.0,0.0971866175532341,4
push-v3,gaussian,0.1,10035,2,1,1.0,0.1000000014901161,4
push-v3,gaussian,0.1,10035,3,1,1.0,0.1000000014901161,4
push-v3,gaussian,0.1,10035,4,1,1.0,0.0999999940395355,4
push-v3,gaussian,0.1,10035,5,1,1.0,0.1000000014901161,4
push-v3,gaussian,0.1,10036,0,1,1.0,0.1000000014901161,4
push-v3,gaussian,0.1,10036,1,1,1.0,0.1000000014901161,4
push-v3,gaussian,0.1,10036,2,1,1.0,0.1000000014901161,4
push-v3,gaussian,0.1,10036,3,1,1.0,0.1000000014901161,4
push-v3,gaussian,0.1,10036,4,1,1.0,0.1000000014901161,4
push-v3,gaussian,0.1,10036,5,1,1.0,0.0999999940395355,4
push-v3,gaussian,0.1,10037,0,1,1.0,0.0978993251919746,4
push-v3,gaussian,0.1,10037,1,1,1.0,0.1000000014901161,4
push-v3,gaussian,0.1,10037,2,1,1.0,0.0999999940395355,4
push-v3,gaussian,0.1,10037,3,1,1.0,0.1000000014901161,4
push-v3,gaussian,0.1,10037,4,1,1.0,0.1000000014901161,4
push-v3,gaussian,0.1,10037,5,1,1.0,0.0999999940395355,3
push-v3,gaussian,0.1,10038,0,1,1.0,0.1000000014901161,4
push-v3,gaussian,0.1,10038,1,1,1.0,0.1000000014901161,4
push-v3,gaussian,0.1,10038,2,1,1.0,0.1000000014901161,4
push-v3,gaussian,0.1,10038,3,1,1.0,0.1000000014901161,4
push-v3,gaussian,0.1,10038,4,1,1.0,0.1000000014901161,4
push-v3,gaussian,0.1,10038,5,1,1.0,0.1000000014901161,4
push-v3,gaussian,0.1,10039,0,1,1.0,0.1000000014901161,4
push-v3,gaussian,0.1,10039,1,1,1.0,0.1000000014901161,4
push-v3,gaussian,0.1,10039,2,1,1.0,0.1000000014901161,4
push-v3,gaussian,0.1,10039,3,1,1.0,0.1000000014901161,4
push-v3,gaussian,0.1,10039,4,1,1.0,0.1000000014901161,4
push-v3,gaussian,0.1,10039,5,1,1.0,0.1000000014901161,4
push-v3,gaussian,0.25,10000,0,1,1.0,0.2300170809030532,4
push-v3,gaussian,0.25,10000,1,1,1.0,0.25,4
push-v3,gaussian,0.25,10000,2,1,1.0,0.25,4
push-v3,gaussian,0.25,10000,3,1,1.0,0.25,4
push-v3,gaussian,0.25,10000,4,1,1.0,0.25,4
push-v3,gaussian,0.25,10000,5,1,1.0,0.25,4
push-v3,gaussian,0.25,10001,0,1,1.0,0.25,4
push-v3,gaussian,0.25,10001,1,1,1.0,0.25,4
push-v3,gaussian,0.25,10001,2,1,1.0,0.25,4
push-v3,gaussian,0.25,10001,3,1,1.0,0.25,4
push-v3,gaussian,0.25,10001,4,1,1.0,0.25,4
push-v3,gaussian,0.25,10001,5,1,1.0,0.25,3
push-v3,gaussian,0.25,10002,0,2,0.5,0.125,4
push-v3,gaussian,0.25,10002,1,1,1.0,0.25,4
push-v3,gaussian,0.25,10002,2,1,1.0,0.25,4
push-v3,gaussian,0.25,10002,3,1,1.0,0.25,4
push-v3,gaussian,0.25,10002,4,1,1.0,0.25,4
push-v3,gaussian,0.25,10002,5,1,1.0,0.25,4
push-v3,gaussian,0.25,10003,0,1,1.0,0.2298593372106552,4
push-v3,gaussian,0.25,10003,1,1,1.0,0.2456181645393371,4
push-v3,gaussian,0.25,10003,2,1,1.0,0.25,4
push-v3,gaussian,0.25,10003,3,1,1.0,0.25,4
push-v3,gaussian,0.25,10003,4,1,1.0,0.25,4
push-v3,gaussian,0.25,10003,5,1,1.0,0.25,4
push-v3,gaussian,0.25,10004,0,3,0.25,0.0624839253723621,4
push-v3,gaussian,0.25,10004,1,1,1.0,0.25,4
push-v3,gaussian,0.25,10004,2,1,1.0,0.25,4
push-v3,gaussian,0.25,10004,3,1,1.0,0.25,4
push-v3,gaussian,0.25,10004,4,1,1.0,0.25,4
push-v3,gaussian,0.25,10004,5,1,1.0,0.25,3
push-v3,gaussian,0.25,10005,0,1,1.0,0.2463381588459015,4
push-v3,gaussian,0.25,10005,1,1,1.0,0.25,4
push-v3,gaussian,0.25,10005,2,1,1.0,0.25,4
push-v3,gaussian,0.25,10005,3,1,1.0,0.25,4
push-v3,gaussian,0.25,10005,4,1,1.0,0.25,4
push-v3,gaussian,0.25,10005,5,1,1.0,0.25,4
push-v3,gaussian,0.25,10006,0,1,1.0,0.249902918934822,4
push-v3,gaussian,0.25,10006,1,1,1.0,0.2482770979404449,4
push-v3,gaussian,0.25,10006,2,1,1.0,0.25,4
push-v3,gaussian,0.25,10006,3,1,1.0,0.25,4
push-v3,gaussian,0.25,10006,4,1,1.0,0.25,4
push-v3,gaussian,0.25,10006,5,1,1.0,0.25,4
push-v3,gaussian,0.25,10007,0,1,1.0,0.2442328333854675,4
push-v3,gaussian,0.25,10007,1,1,1.0,0.25,4
push-v3,gaussian,0.25,10007,2,1,1.0,0.25,4
push-v3,gaussian,0.25,10007,3,1,1.0,0.25,4
push-v3,gaussian,0.25,10007,4,1,1.0,0.25,4
push-v3,gaussian,0.25,10007,5,1,1.0,0.25,4
push-v3,gaussian,0.25,10008,0,1,1.0,0.2473383992910385,4
push-v3,gaussian,0.25,10008,1,1,1.0,0.25,4
push-v3,gaussian,0.25,10008,2,1,1.0,0.25,4
push-v3,gaussian,0.25,10008,3,1,1.0,0.25,4
push-v3,gaussian,0.25,10008,4,1,1.0,0.25,4
push-v3,gaussian,0.25,10008,5,1,1.0,0.25,4
push-v3,gaussian,0.25,10009,0,2,0.5,0.125,4
push-v3,gaussian,0.25,10009,1,1,1.0,0.2486687302589416,4
push-v3,gaussian,0.25,10009,2,1,1.0,0.25,4
push-v3,gaussian,0.25,10009,3,1,1.0,0.25,4
push-v3,gaussian,0.25,10009,4,1,1.0,0.25,4
push-v3,gaussian,0.25,10009,5,1,1.0,0.25,4
push-v3,gaussian,0.25,10010,0,1,1.0,0.2499999850988388,4
push-v3,gaussian,0.25,10010,1,1,1.0,0.25,4
push-v3,gaussian,0.25,10010,2,1,1.0,0.25,4
push-v3,gaussian,0.25,10010,3,1,1.0,0.25,4
push-v3,gaussian,0.25,10010,4,1,1.0,0.25,4
push-v3,gaussian,0.25,10010,5,1,1.0,0.25,4
push-v3,gaussian,0.25,10011,0,1,1.0,0.2355787605047226,4
push-v3,gaussian,0.25,10011,1,1,1.0,0.2458858340978622,4
push-v3,gaussian,0.25,10011,2,1,1.0,0.25,4
push-v3,gaussian,0.25,10011,3,1,1.0,0.25,4
push-v3,gaussian,0.25,10011,4,1,1.0,0.25,4
push-v3,gaussian,0.25,10011,5,1,1.0,0.25,4
push-v3,gaussian,0.25,10012,0,1,1.0,0.25,4
push-v3,gaussian,0.25,10012,1,1,1.0,0.25,4
push-v3,gaussian,0.25,10012,2,1,1.0,0.25,4
push-v3,gaussian,0.25,10012,3,1,1.0,0.25,4
push-v3,gaussian,0.25,10012,4,1,1.0,0.25,4
push-v3,gaussian,0.25,10012,5,1,1.0,0.25,3
push-v3,gaussian,0.25,10013,0,2,0.5,0.125,4
push-v3,gaussian,0.25,10013,1,1,1.0,0.25,4
push-v3,gaussian,0.25,10013,2,1,1.0,0.25,4
push-v3,gaussian,0.25,10013,3,1,1.0,0.25,4
push-v3,gaussian,0.25,10013,4,1,1.0,0.25,4
push-v3,gaussian,0.25,10013,5,1,1.0,0.25,4
push-v3,gaussian,0.25,10014,0,1,1.0,0.25,4
push-v3,gaussian,0.25,10014,1,1,1.0,0.25,4
push-v3,gaussian,0.25,10014,2,1,1.0,0.25,4
push-v3,gaussian,0.25,10014,3,1,1.0,0.25,4
push-v3,gaussian,0.25,10014,4,1,1.0,0.25,4
push-v3,gaussian,0.25,10014,5,1,1.0,0.25,4
push-v3,gaussian,0.25,10015,0,1,1.0,0.25,4
push-v3,gaussian,0.25,10015,1,1,1.0,0.25,4
push-v3,gaussian,0.25,10015,2,1,1.0,0.25,4
push-v3,gaussian,0.25,10015,3,3,0.25,0.0625,4
push-v3,gaussian,0.25,10015,4,2,0.5,0.125,4
push-v3,gaussian,0.25,10015,5,1,1.0,0.25,3
push-v3,gaussian,0.25,10016,0,2,0.5,0.1243282258510589,4
push-v3,gaussian,0.25,10016,1,1,1.0,0.25,4
push-v3,gaussian,0.25,10016,2,1,1.0,0.25,4
push-v3,gaussian,0.25,10016,3,1,1.0,0.25,4
push-v3,gaussian,0.25,10016,4,1,1.0,0.25,4
push-v3,gaussian,0.25,10016,5,1,1.0,0.2499999850988388,4
push-v3,gaussian,0.25,10017,0,1,1.0,0.194793552160263,4
push-v3,gaussian,0.25,10017,1,1,1.0,0.25,4
push-v3,gaussian,0.25,10017,2,1,1.0,0.25,4
push-v3,gaussian,0.25,10017,3,1,1.0,0.25,4
push-v3,gaussian,0.25,10017,4,1,1.0,0.25,4
push-v3,gaussian,0.25,10017,5,1,1.0,0.25,4
push-v3,gaussian,0.25,10018,0,1,1.0,0.2434652149677276,4
push-v3,gaussian,0.25,10018,1,1,1.0,0.25,4
push-v3,gaussian,0.25,10018,2,1,1.0,0.25,4
push-v3,gaussian,0.25,10018,3,1,1.0,0.25,4
push-v3,gaussian,0.25,10018,4,1,1.0,0.25,4
push-v3,gaussian,0.25,10018,5,1,1.0,0.25,4
push-v3,gaussian,0.25,10019,0,1,1.0,0.22934190928936,4
push-v3,gaussian,0.25,10019,1,1,1.0,0.2289091348648071,4
push-v3,gaussian,0.25,10019,2,1,1.0,0.25,4
push-v3,gaussian,0.25,10019,3,1,1.0,0.25,4
push-v3,gaussian,0.25,10019,4,1,1.0,0.25,4
push-v3,gaussian,0.25,10019,5,1,1.0,0.25,3
push-v3,gaussian,0.25,10020,0,1,1.0,0.25,4
push-v3,gaussian,0.25,10020,1,1,1.0,0.2261066138744354,4
push-v3,gaussian,0.25,10020,2,1,1.0,0.25,4
push-v3,gaussian,0.25,10020,3,1,1.0,0.25,4
push-v3,gaussian,0.25,10020,4,1,1.0,0.25,4
push-v3,gaussian,0.25,10020,5,1,1.0,0.25,4
push-v3,gaussian,0.25,10021,0,1,1.0,0.2003403902053833,4
push-v3,gaussian,0.25,10021,1,1,1.0,0.25,4
push-v3,gaussian,0.25,10021,2,1,1.0,0.25,4
push-v3,gaussian,0.25,10021,3,1,1.0,0.25,4
push-v3,gaussian,0.25,10021,4,1,1.0,0.25,4
push-v3,gaussian,0.25,10021,5,1,1.0,0.25,4
push-v3,gaussian,0.25,10022,0,1,1.0,0.2492481470108032,4
push-v3,gaussian,0.25,10022,1,1,1.0,0.25,4
push-v3,gaussian,0.25,10022,2,1,1.0,0.25,4
push-v3,gaussian,0.25,10022,3,1,1.0,0.25,4
push-v3,gaussian,0.25,10022,4,1,1.0,0.25,4
push-v3,gaussian,0.25,10022,5,1,1.0,0.25,4
push-v3,gaussian,0.25,10023,0,1,1.0,0.2499999850988388,4
push-v3,gaussian,0.25,10023,1,1,1.0,0.2454288750886917,4
push-v3,gaussian,0.25,10023,2,1,1.0,0.25,4
push-v3,gaussian,0.25,10023,3,1,1.0,0.25,4
push-v3,gaussian,0.25,10023,4,1,1.0,0.25,4
push-v3,gaussian,0.25,10023,5,1,1.0,0.25,4
push-v3,gaussian,0.25,10024,0,2,0.5,0.1243226751685142,4
push-v3,gaussian,0.25,10024,1,1,1.0,0.25,4
push-v3,gaussian,0.25,10024,2,1,1.0,0.25,4
push-v3,gaussian,0.25,10024,3,1,1.0,0.25,4
push-v3,gaussian,0.25,10024,4,1,1.0,0.25,4
push-v3,gaussian,0.25,10024,5,1,1.0,0.25,4
push-v3,gaussian,0.25,10025,0,1,1.0,0.2166458517313003,4
push-v3,gaussian,0.25,10025,1,1,1.0,0.25,4
push-v3,gaussian,0.25,10025,2,1,1.0,0.25,4
push-v3,gaussian,0.25,10025,3,1,1.0,0.25,4
push-v3,gaussian,0.25,10025,4,1,1.0,0.25,4
push-v3,gaussian,0.25,10025,5,1,1.0,0.25,4
push-v3,gaussian,0.25,10026,0,1,1.0,0.2449561208486557,4
push-v3,gaussian,0.25,10026,1,1,1.0,0.2396587580442428,4
push-v3,gaussian,0.25,10026,2,1,1.0,0.25,4
push-v3,gaussian,0.25,10026,3,1,1.0,0.25,4
push-v3,gaussian,0.25,10026,4,1,1.0,0.25,4
push-v3,gaussian,0.25,10026,5,1,1.0,0.25,4
push-v3,gaussian,0.25,10027,0,1,1.0,0.2411165237426757,4
push-v3,gaussian,0.25,10027,1,1,1.0,0.25,4
push-v3,gaussian,0.25,10027,2,1,1.0,0.25,4
push-v3,gaussian,0.25,10027,3,1,1.0,0.25,4
push-v3,gaussian,0.25,10027,4,1,1.0,0.25,4
push-v3,gaussian,0.25,10027,5,1,1.0,0.25,4
push-v3,gaussian,0.25,10028,0,1,1.0,0.25,4
push-v3,gaussian,0.25,10028,1,1,1.0,0.25,4
push-v3,gaussian,0.25,10028,2,1,1.0,0.25,4
push-v3,gaussian,0.25,10028,3,1,1.0,0.25,4
push-v3,gaussian,0.25,10028,4,1,1.0,0.25,4
push-v3,gaussian,0.25,10028,5,1,1.0,0.25,4
push-v3,gaussian,0.25,10029,0,1,1.0,0.2486786544322967,4
push-v3,gaussian,0.25,10029,1,1,1.0,0.25,4
push-v3,gaussian,0.25,10029,2,1,1.0,0.25,4
push-v3,gaussian,0.25,10029,3,1,1.0,0.25,4
push-v3,gaussian,0.25,10029,4,1,1.0,0.25,4
push-v3,gaussian,0.25,10029,5,1,1.0,0.25,3
push-v3,gaussian,0.25,10030,0,1,1.0,0.2321095317602157,4
push-v3,gaussian,0.25,10030,1,1,1.0,0.25,4
push-v3,gaussian,0.25,10030,2,1,1.0,0.25,4
push-v3,gaussian,0.25,10030,3,1,1.0,0.25,4
push-v3,gaussian,0.25,10030,4,1,1.0,0.25,4
push-v3,gaussian,0.25,10030,5,1,1.0,0.25,3
push-v3,gaussian,0.25,10031,0,2,0.5,0.1233535259962081,4
push-v3,gaussian,0.25,10031,1,1,1.0,0.25,4
push-v3,gaussian,0.25,10031,2,1,1.0,0.25,4
push-v3,gaussian,0.25,10031,3,1,1.0,0.25,4
push-v3,gaussian,0.25,10031,4,1,1.0,0.25,4
push-v3,gaussian,0.25,10031,5,1,1.0,0.25,4
push-v3,gaussian,0.25,10032,0,1,1.0,0.2364438623189926,4
push-v3,gaussian,0.25,10032,1,1,1.0,0.2067977786064148,4
push-v3,gaussian,0.25,10032,2,1,1.0,0.25,4
push-v3,gaussian,0.25,10032,3,1,1.0,0.25,4
push-v3,gaussian,0.25,10032,4,1,1.0,0.25,4
push-v3,gaussian,0.25,10032,5,1,1.0,0.25,4
push-v3,gaussian,0.25,10033,0,1,1.0,0.2403501570224762,4
push-v3,gaussian,0.25,10033,1,1,1.0,0.2400105893611908,4
push-v3,gaussian,0.25,10033,2,1,1.0,0.25,4
push-v3,gaussian,0.25,10033,3,1,1.0,0.25,4
push-v3,gaussian,0.25,10033,4,1,1.0,0.25,4
push-v3,gaussian,0.25,10033,5,1,1.0,0.25,4
push-v3,gaussian,0.25,10034,0,1,1.0,0.2497414201498031,4
push-v3,gaussian,0.25,10034,1,1,1.0,0.25,4
push-v3,gaussian,0.25,10034,2,1,1.0,0.25,4
push-v3,gaussian,0.25,10034,3,1,1.0,0.25,4
push-v3,gaussian,0.25,10034,4,1,1.0,0.25,4
push-v3,gaussian,0.25,10034,5,1,1.0,0.2499999850988388,3
push-v3,gaussian,0.25,10035,0,1,1.0,0.2110589146614074,4
push-v3,gaussian,0.25,10035,1,1,1.0,0.2075185775756836,4
push-v3,gaussian,0.25,10035,2,1,1.0,0.25,4
push-v3,gaussian,0.25,10035,3,1,1.0,0.25,4
push-v3,gaussian,0.25,10035,4,1,1.0,0.25,4
push-v3,gaussian,0.25,10035,5,1,1.0,0.25,4
push-v3,gaussian,0.25,10036,0,1,1.0,0.25,4
push-v3,gaussian,0.25,10036,1,1,1.0,0.25,4
push-v3,gaussian,0.25,10036,2,1,1.0,0.25,4
push-v3,gaussian,0.25,10036,3,1,1.0,0.25,4
push-v3,gaussian,0.25,10036,4,1,1.0,0.25,4
push-v3,gaussian,0.25,10036,5,1,1.0,0.25,4
push-v3,gaussian,0.25,10037,0,1,1.0,0.2447483092546463,4
push-v3,gaussian,0.25,10037,1,1,1.0,0.25,4
push-v3,gaussian,0.25,10037,2,1,1.0,0.25,4
push-v3,gaussian,0.25,10037,3,1,1.0,0.25,4
push-v3,gaussian,0.25,10037,4,1,1.0,0.25,4
push-v3,gaussian,0.25,10037,5,1,1.0,0.25,3
push-v3,gaussian,0.25,10038,0,1,1.0,0.25,4
push-v3,gaussian,0.25,10038,1,1,1.0,0.25,4
push-v3,gaussian,0.25,10038,2,1,1.0,0.25,4
push-v3,gaussian,0.25,10038,3,1,1.0,0.25,4
push-v3,gaussian,0.25,10038,4,1,1.0,0.25,4
push-v3,gaussian,0.25,10038,5,1,1.0,0.25,4
push-v3,gaussian,0.25,10039,0,2,0.5,0.125,4
push-v3,gaussian,0.25,10039,1,1,1.0,0.25,4
push-v3,gaussian,0.25,10039,2,1,1.0,0.25,4
push-v3,gaussian,0.25,10039,3,1,1.0,0.25,4
push-v3,gaussian,0.25,10039,4,1,1.0,0.25,4
push-v3,gaussian,0.25,10039,5,1,1.0,0.25,4
reach-v3,calibrated,0.1,10001,0,1,1.0,0.0985437482595443,4
reach-v3,calibrated,0.1,10001,1,1,1.0,0.1000000089406967,4
reach-v3,calibrated,0.1,10001,2,1,1.0,0.1000000014901161,4
reach-v3,calibrated,0.1,10001,3,2,0.5,0.050000000745058,4
reach-v3,calibrated,0.1,10001,4,1,1.0,0.1000000014901161,4
reach-v3,calibrated,0.1,10001,5,1,1.0,0.1000000014901161,4
reach-v3,calibrated,0.1,10002,0,1,1.0,0.1000000089406967,4
reach-v3,calibrated,0.1,10002,1,1,1.0,0.1000000014901161,4
reach-v3,calibrated,0.1,10002,2,1,1.0,0.1000000014901161,4
reach-v3,calibrated,0.1,10002,3,1,1.0,0.1000000014901161,4
reach-v3,calibrated,0.1,10002,4,1,1.0,0.1000000014901161,4
reach-v3,calibrated,0.1,10002,5,1,1.0,0.1000000014901161,3
reach-v3,calibrated,0.1,10003,0,1,1.0,0.0906784161925315,4
reach-v3,calibrated,0.1,10003,1,1,1.0,0.1000000014901161,4
reach-v3,calibrated,0.1,10003,2,3,0.25,0.025000000372529,4
reach-v3,calibrated,0.1,10003,3,1,1.0,0.1000000014901161,4
reach-v3,calibrated,0.1,10003,4,1,1.0,0.1000000089406967,4
reach-v3,calibrated,0.1,10003,5,2,0.5,0.050000000745058,4
reach-v3,calibrated,0.1,10004,0,1,1.0,0.1000000014901161,4
reach-v3,calibrated,0.1,10004,1,1,1.0,0.1000000014901161,4
reach-v3,calibrated,0.1,10004,2,1,1.0,0.0921792462468147,4
reach-v3,calibrated,0.1,10004,3,1,1.0,0.1000000014901161,4
reach-v3,calibrated,0.1,10004,4,1,1.0,0.1000000014901161,4
reach-v3,calibrated,0.1,10004,5,1,1.0,0.1000000014901161,4
reach-v3,calibrated,0.1,10005,0,1,1.0,0.1000000014901161,4
reach-v3,calibrated,0.1,10005,1,1,1.0,0.1000000014901161,4
reach-v3,calibrated,0.1,10005,2,1,1.0,0.1000000014901161,4
reach-v3,calibrated,0.1,10005,3,1,1.0,0.0996793955564498,4
reach-v3,calibrated,0.1,10005,4,1,1.0,0.1000000014901161,4
reach-v3,calibrated,0.1,10005,5,1,1.0,0.1000000014901161,3
reach-v3,calibrated,0.1,10006,0,1,1.0,0.1000000014901161,4
reach-v3,calibrated,0.1,10006,1,4,0.0,0.0,4
reach-v3,calibrated,0.1,10006,2,1,1.0,0.1000000014901161,4
reach-v3,calibrated,0.1,10006,3,4,0.0,0.0,4
reach-v3,calibrated,0.1,10006,4,1,1.0,0.1000000014901161,4
reach-v3,calibrated,0.1,10006,5,1,1.0,0.1000000014901161,4
reach-v3,calibrated,0.1,10008,0,2,0.5,0.0500000044703483,4
reach-v3,calibrated,0.1,10008,1,1,1.0,0.0973613709211349,4
reach-v3,calibrated,0.1,10008,2,1,1.0,0.0989605337381362,4
reach-v3,calibrated,0.1,10008,3,1,1.0,0.1000000014901161,4
reach-v3,calibrated,0.1,10008,4,1,1.0,0.1000000014901161,4
reach-v3,calibrated,0.1,10008,5,1,1.0,0.1000000089406967,4
reach-v3,calibrated,0.1,10009,0,1,1.0,0.1000000014901161,4
reach-v3,calibrated,0.1,10009,1,1,1.0,0.1000000014901161,4
reach-v3,calibrated,0.1,10009,2,1,1.0,0.1000000014901161,4
reach-v3,calibrated,0.1,10009,3,1,1.0,0.1000000089406967,4
reach-v3,calibrated,0.1,10009,4,1,1.0,0.1000000089406967,4
reach-v3,calibrated,0.1,10009,5,1,1.0,0.1000000014901161,4
reach-v3,calibrated,0.1,10010,0,2,0.5,0.050000000745058,4
reach-v3,calibrated,0.1,10010,1,1,1.0,0.1000000014901161,4
reach-v3,calibrated,0.1,10010,2,1,1.0,0.1000000014901161,4
reach-v3,calibrated,0.1,10010,3,1,1.0,0.1000000014901161,4
reach-v3,calibrated,0.1,10010,4,1,1.0,0.1000000014901161,4
reach-v3,calibrated,0.1,10010,5,1,1.0,0.1000000014901161,4
reach-v3,calibrated,0.1,10011,0,4,0.0,0.0,4
reach-v3,calibrated,0.1,10011,1,2,0.5,0.050000000745058,4
reach-v3,calibrated,0.1,10011,2,1,1.0,0.1000000014901161,4
reach-v3,calibrated,0.1,10011,3,1,1.0,0.0992927029728889,4
reach-v3,calibrated,0.1,10011,4,1,1.0,0.1000000089406967,4
reach-v3,calibrated,0.1,10011,5,1,1.0,0.1000000089406967,4
reach-v3,calibrated,0.1,10012,0,4,0.0,0.0,4
reach-v3,calibrated,0.1,10012,1,4,0.0,0.0,4
reach-v3,calibrated,0.1,10012,2,1,1.0,0.1000000014901161,4
reach-v3,calibrated,0.1,10012,3,1,1.0,0.1000000014901161,4
reach-v3,calibrated,0.1,10012,4,4,0.0,0.0,4
reach-v3,calibrated,0.1,10012,5,4,0.0,0.0,4
reach-v3,calibrated,0.1,10013,0,1,1.0,0.0999999940395355,4
reach-v3,calibrated,0.1,10013,1,4,0.0,0.0,4
reach-v3,calibrated,0.1,10013,2,1,1.0,0.0999999940395355,4
reach-v3,calibrated,0.1,10013,3,1,1.0,0.0974414572119712,4
reach-v3,calibrated,0.1,10013,4,4,0.0,0.0,4
reach-v3,calibrated,0.1,10013,5,2,0.5,0.0500000044703483,4
reach-v3,calibrated,0.1,10015,0,1,1.0,0.1000000089406967,4
reach-v3,calibrated,0.1,10015,1,1,1.0,0.1000000089406967,4
reach-v3,calibrated,0.1,10015,2,1,1.0,0.0962751656770706,4
reach-v3,calibrated,0.1,10015,3,1,1.0,0.0999999940395355,4
reach-v3,calibrated,0.1,10015,4,1,1.0,0.1000000089406967,4
reach-v3,calibrated,0.1,10015,5,1,1.0,0.1000000014901161,3
reach-v3,calibrated,0.1,10016,0,2,0.5,0.0499999932944774,4
reach-v3,calibrated,0.1,10016,1,1,1.0,0.1000000089406967,4
reach-v3,calibrated,0.1,10016,2,1,1.0,0.0999999940395355,4
reach-v3,calibrated,0.1,10016,3,1,1.0,0.1000000014901161,4
reach-v3,calibrated,0.1,10016,4,1,1.0,0.1000000089406967,4
reach-v3,calibrated,0.1,10016,5,1,1.0,0.1000000014901161,4
reach-v3,calibrated,0.1,10017,0,3,0.25,0.025000000372529,4
reach-v3,calibrated,0.1,10017,1,1,1.0,0.1000000014901161,4
reach-v3,calibrated,0.1,10017,2,1,1.0,0.1000000014901161,4
reach-v3,calibrated,0.1,10017,3,1,1.0,0.1000000014901161,4
reach-v3,calibrated,0.1,10017,4,1,1.0,0.0972346886992454,4
reach-v3,calibrated,0.1,10017,5,2,0.5,0.050000000745058,4
reach-v3,calibrated,0.1,10018,0,1,1.0,0.1000000014901161,4
reach-v3,calibrated,0.1,10018,1,1,1.0,0.1000000014901161,4
reach-v3,calibrated,0.1,10018,2,1,1.0,0.1000000163912773,4
reach-v3,calibrated,0.1,10018,3,1,1.0,0.0999999940395355,4
reach-v3,calibrated,0.1,10018,4,1,1.0,0.0987651795148849,4
reach-v3,calibrated,0.1,10018,5,1,1.0,0.1000000163912773,3
reach-v3,calibrated,0.1,10019,0,1,1.0,0.0608178116381168,4
reach-v3,calibrated,0.1,10019,1,1,1.0,0.1000000014901161,4
reach-v3,calibrated,0.1,10019,2,1,1.0,0.1000000014901161,4
reach-v3,calibrated,0.1,10019,3,1,1.0,0.1000000014901161,4
reach-v3,calibrated,0.1,10019,4,1,1.0,0.1000000014901161,4
reach-v3,calibrated,0.1,10019,5,1,1.0,0.0999999940395355,4
reach-v3,calibrated,0.1,10021,0,1,1.0,0.1000000014901161,4
reach-v3,calibrated,0.1,10021,1,1,1.0,0.0999999940395355,4
reach-v3,calibrated,0.1,10021,2,1,1.0,0.1000000014901161,4
reach-v3,calibrated,0.1,10021,3,1,1.0,0.1000000014901161,4
reach-v3,calibrated,0.1,10021,4,1,1.0,0.1000000014901161,4
reach-v3,calibrated,0.1,10021,5,2,0.5,0.050000000745058,4
reach-v3,calibrated,0.1,10022,0,3,0.25,0.0250000040978193,4
reach-v3,calibrated,0.1,10022,1,1,1.0,0.1000000014901161,4
reach-v3,calibrated,0.1,10022,2,2,0.5,0.0499999970197677,4
reach-v3,calibrated,0.1,10022,3,1,1.0,0.1000000014901161,4
reach-v3,calibrated,0.1,10022,4,1,1.0,0.0999999940395355,4
reach-v3,calibrated,0.1,10022,5,1,1.0,0.1000000014901161,4
reach-v3,calibrated,0.1,10024,0,4,0.0,0.0,4
reach-v3,calibrated,0.1,10024,1,4,0.0,0.0,4
reach-v3,calibrated,0.1,10024,2,1,1.0,0.1000000014901161,4
reach-v3,calibrated,0.1,10024,3,1,1.0,0.1000000014901161,4
reach-v3,calibrated,0.1,10024,4,1,1.0,0.1000000014901161,4
reach-v3,calibrated,0.1,10024,5,4,0.0,0.0,3
reach-v3,calibrated,0.1,10025,0,2,0.5,0.050000000745058,4
reach-v3,calibrated,0.1,10025,1,1,1.0,0.1000000014901161,4
reach-v3,calibrated,0.1,10025,2,1,1.0,0.0999999940395355,4
reach-v3,calibrated,0.1,10025,3,2,0.5,0.0499999970197677,4
reach-v3,calibrated,0.1,10025,4,1,1.0,0.0999999940395355,4
reach-v3,calibrated,0.1,10025,5,2,0.5,0.050000000745058,4
reach-v3,calibrated,0.1,10026,0,1,1.0,0.1000000014901161,4
reach-v3,calibrated,0.1,10026,1,1,1.0,0.1000000014901161,4
reach-v3,calibrated,0.1,10026,2,1,1.0,0.1000000014901161,4
reach-v3,calibrated,0.1,10026,3,1,1.0,0.1000000014901161,4
reach-v3,calibrated,0.1,10026,4,1,1.0,0.1000000014901161,4
reach-v3,calibrated,0.1,10026,5,1,1.0,0.1000000089406967,4
reach-v3,calibrated,0.1,10027,0,1,1.0,0.1000000089406967,4
reach-v3,calibrated,0.1,10027,1,1,1.0,0.0998783186078071,4
reach-v3,calibrated,0.1,10027,2,1,1.0,0.1000000014901161,4
reach-v3,calibrated,0.1,10027,3,1,1.0,0.1000000089406967,4
reach-v3,calibrated,0.1,10027,4,1,1.0,0.1000000014901161,4
reach-v3,calibrated,0.1,10027,5,1,1.0,0.0999999940395355,4
reach-v3,calibrated,0.1,10028,0,1,1.0,0.1000000014901161,4
reach-v3,calibrated,0.1,10028,1,1,1.0,0.0999999940395355,4
reach-v3,calibrated,0.1,10028,2,1,1.0,0.1000000163912773,4
reach-v3,calibrated,0.1,10028,3,1,1.0,0.1000000014901161,4
reach-v3,calibrated,0.1,10028,4,1,1.0,0.1000000089406967,4
reach-v3,calibrated,0.1,10028,5,1,1.0,0.1000000014901161,4
reach-v3,calibrated,0.1,10029,0,1,1.0,0.1000000089406967,4
reach-v3,calibrated,0.1,10029,1,2,0.5,0.050000000745058,4
reach-v3,calibrated,0.1,10029,2,1,1.0,0.1000000014901161,4
reach-v3,calibrated,0.1,10029,3,1,1.0,0.0922947824001312,4
reach-v3,calibrated,0.1,10029,4,1,1.0,0.1000000014901161,4
reach-v3,calibrated,0.1,10029,5,1,1.0,0.0999999940395355,4
reach-v3,calibrated,0.1,10031,0,1,1.0,0.1000000014901161,4
reach-v3,calibrated,0.1,10031,1,1,1.0,0.1000000089406967,4
reach-v3,calibrated,0.1,10031,2,1,1.0,0.1000000014901161,4
reach-v3,calibrated,0.1,10031,3,2,0.5,0.050000000745058,4
reach-v3,calibrated,0.1,10031,4,1,1.0,0.1000000163912773,4
reach-v3,calibrated,0.1,10031,5,1,1.0,0.1000000089406967,4
reach-v3,calibrated,0.1,10033,0,1,1.0,0.0999999940395355,4
reach-v3,calibrated,0.1,10033,1,1,1.0,0.1000000014901161,4
reach-v3,calibrated,0.1,10033,2,1,1.0,0.1000000014901161,4
reach-v3,calibrated,0.1,10033,3,1,1.0,0.1000000014901161,4
reach-v3,calibrated,0.1,10033,4,1,1.0,0.1000000014901161,4
reach-v3,calibrated,0.1,10033,5,1,1.0,0.1000000014901161,4
reach-v3,calibrated,0.1,10034,0,4,0.0,0.0,4
reach-v3,calibrated,0.1,10034,1,1,1.0,0.1000000014901161,4
reach-v3,calibrated,0.1,10034,2,1,1.0,0.1000000014901161,4
reach-v3,calibrated,0.1,10034,3,1,1.0,0.1000000014901161,4
reach-v3,calibrated,0.1,10034,4,4,0.0,0.0,4
reach-v3,calibrated,0.1,10034,5,1,1.0,0.1000000089406967,4
reach-v3,calibrated,0.1,10035,0,1,1.0,0.083572968840599,4
reach-v3,calibrated,0.1,10035,1,1,1.0,0.097890056669712,4
reach-v3,calibrated,0.1,10035,2,1,1.0,0.0980098098516464,4
reach-v3,calibrated,0.1,10035,3,1,1.0,0.1000000014901161,4
reach-v3,calibrated,0.1,10035,4,1,1.0,0.1000000014901161,4
reach-v3,calibrated,0.1,10035,5,1,1.0,0.1000000014901161,4
reach-v3,calibrated,0.1,10036,0,1,1.0,0.1000000014901161,4
reach-v3,calibrated,0.1,10036,1,1,1.0,0.1000000014901161,4
reach-v3,calibrated,0.1,10036,2,1,1.0,0.1000000089406967,4
reach-v3,calibrated,0.1,10036,3,4,0.0,0.0,4
reach-v3,calibrated,0.1,10036,4,1,1.0,0.1000000014901161,4
reach-v3,calibrated,0.1,10036,5,2,0.5,0.0499999970197677,3
reach-v3,calibrated,0.1,10037,0,1,1.0,0.1000000014901161,4
reach-v3,calibrated,0.1,10037,1,1,1.0,0.0999999940395355,4
reach-v3,calibrated,0.1,10037,2,1,1.0,0.0945333912968635,4
reach-v3,calibrated,0.1,10037,3,1,1.0,0.1000000014901161,4
reach-v3,calibrated,0.1,10037,4,1,1.0,0.1000000089406967,4
reach-v3,calibrated,0.1,10037,5,1,1.0,0.1000000014901161,3
reach-v3,calibrated,0.1,10038,0,1,1.0,0.1000000014901161,4
reach-v3,calibrated,0.1,10038,1,1,1.0,0.1000000014901161,4
reach-v3,calibrated,0.1,10038,2,1,1.0,0.0993440300226211,4
reach-v3,calibrated,0.1,10038,3,1,1.0,0.1000000014901161,4
reach-v3,calibrated,0.1,10038,4,1,1.0,0.1000000014901161,4
reach-v3,calibrated,0.1,10038,5,1,1.0,0.1000000089406967,4
reach-v3,calibrated,0.1,10040,0,1,1.0,0.0999999940395355,4
reach-v3,calibrated,0.1,10040,1,1,1.0,0.1000000014901161,4
reach-v3,calibrated,0.1,10040,2,2,0.5,0.050000000745058,4
reach-v3,calibrated,0.1,10040,3,2,0.5,0.0499999970197677,4
reach-v3,calibrated,0.1,10040,4,1,1.0,0.1000000014901161,4
reach-v3,calibrated,0.1,10040,5,1,1.0,0.1000000014901161,4
reach-v3,calibrated,0.1,10041,0,1,1.0,0.1000000014901161,4
reach-v3,calibrated,0.1,10041,1,1,1.0,0.1000000014901161,4
reach-v3,calibrated,0.1,10041,2,1,1.0,0.0982674434781074,4
reach-v3,calibrated,0.1,10041,3,1,1.0,0.1000000014901161,4
reach-v3,calibrated,0.1,10041,4,1,1.0,0.1000000014901161,4
reach-v3,calibrated,0.1,10041,5,1,1.0,0.1000000014901161,4
reach-v3,calibrated,0.1,10043,0,3,0.25,0.0246479827910661,4
reach-v3,calibrated,0.1,10043,1,1,1.0,0.1000000014901161,4
reach-v3,calibrated,0.1,10043,2,3,0.25,0.0250000022351741,4
reach-v3,calibrated,0.1,10043,3,1,1.0,0.1000000014901161,4
reach-v3,calibrated,0.1,10043,4,1,1.0,0.1000000014901161,4
reach-v3,calibrated,0.1,10043,5,1,1.0,0.1000000014901161,3
reach-v3,calibrated,0.1,10044,0,4,0.0,0.0,4
reach-v3,calibrated,0.1,10044,1,1,1.0,0.1000000014901161,4
reach-v3,calibrated,0.1,10044,2,1,1.0,0.1000000014901161,4
reach-v3,calibrated,0.1,10044,3,1,1.0,0.1000000014901161,4
reach-v3,calibrated,0.1,10044,4,1,1.0,0.0999999940395355,4
reach-v3,calibrated,0.1,10044,5,1,1.0,0.1000000163912773,4
reach-v3,calibrated,0.1,10047,0,1,1.0,0.1000000014901161,4
reach-v3,calibrated,0.1,10047,1,1,1.0,0.1000000014901161,4
reach-v3,calibrated,0.1,10047,2,3,0.25,0.0224311277270317,4
reach-v3,calibrated,0.1,10047,3,1,1.0,0.1000000014901161,4
reach-v3,calibrated,0.1,10047,4,3,0.25,0.025000000372529,4
reach-v3,calibrated,0.1,10047,5,1,1.0,0.1000000014901161,4
reach-v3,calibrated,0.1,10049,0,4,0.0,0.0,4
reach-v3,calibrated,0.1,10049,1,4,0.0,0.0,4
reach-v3,calibrated,0.1,10049,2,4,0.0,0.0,4
reach-v3,calibrated,0.1,10049,3,1,1.0,0.1000000014901161,4
reach-v3,calibrated,0.1,10049,4,2,0.5,0.050000000745058,4
reach-v3,calibrated,0.1,10049,5,1,1.0,0.0999999940395355,3
reach-v3,calibrated,0.1,10050,0,1,1.0,0.1000000014901161,4
reach-v3,calibrated,0.1,10050,1,1,1.0,0.0998783186078071,4
reach-v3,calibrated,0.1,10050,2,1,1.0,0.0999999940395355,4
reach-v3,calibrated,0.1,10050,3,1,1.0,0.0982363373041153,4
reach-v3,calibrated,0.1,10050,4,1,1.0,0.1000000014901161,4
reach-v3,calibrated,0.1,10050,5,1,1.0,0.0999999940395355,4
reach-v3,calibrated,0.1,10051,0,4,0.0,0.0,4
reach-v3,calibrated,0.1,10051,1,3,0.25,0.024008085951209,4
reach-v3,calibrated,0.1,10051,2,1,1.0,0.0956386476755142,4
reach-v3,calibrated,0.1,10051,3,1,1.0,0.1000000014901161,4
reach-v3,calibrated,0.1,10051,4,2,0.5,0.050000000745058,4
reach-v3,calibrated,0.1,10051,5,4,0.0,0.0,4
reach-v3,calibrated,0.25,10001,0,1,1.0,0.2099698483943939,4
reach-v3,calibrated,0.25,10001,1,1,1.0,0.25,4
reach-v3,calibrated,0.25,10001,2,2,0.5,0.125,4
reach-v3,calibrated,0.25,10001,3,3,0.25,0.0625,4
reach-v3,calibrated,0.25,10001,4,1,1.0,0.25,4
reach-v3,calibrated,0.25,10001,5,1,1.0,0.2499999850988388,4
reach-v3,calibrated,0.25,10002,0,1,1.0,0.2244588136672973,4
reach-v3,calibrated,0.25,10002,1,2,0.5,0.125,4
reach-v3,calibrated,0.25,10002,2,1,1.0,0.25,4
reach-v3,calibrated,0.25,10002,3,1,1.0,0.2499999850988388,4
reach-v3,calibrated,0.25,10002,4,1,1.0,0.25,4
reach-v3,calibrated,0.25,10002,5,1,1.0,0.25,3
reach-v3,calibrated,0.25,10003,0,1,1.0,0.2223051786422729,4
reach-v3,calibrated,0.25,10003,1,1,1.0,0.25,4
reach-v3,calibrated,0.25,10003,2,4,0.0,0.0,4
reach-v3,calibrated,0.25,10003,3,1,1.0,0.25,4
reach-v3,calibrated,0.25,10003,4,2,0.5,0.125,4
reach-v3,calibrated,0.25,10003,5,3,0.25,0.0625,4
reach-v3,calibrated,0.25,10004,0,1,1.0,0.2455880343914032,4
reach-v3,calibrated,0.25,10004,1,3,0.25,0.0624999962747097,4
reach-v3,calibrated,0.25,10004,2,1,1.0,0.2304481118917465,4
reach-v3,calibrated,0.25,10004,3,1,1.0,0.25,4
reach-v3,calibrated,0.25,10004,4,2,0.5,0.125,4
reach-v3,calibrated,0.25,10004,5,1,1.0,0.25,4
reach-v3,calibrated,0.25,10005,0,1,1.0,0.2186540961265564,4
reach-v3,calibrated,0.25,10005,1,1,1.0,0.25,4
reach-v3,calibrated,0.25,10005,2,1,1.0,0.2499999850988388,4
reach-v3,calibrated,0.25,10005,3,1,1.0,0.2491984814405441,4
reach-v3,calibrated,0.25,10005,4,1,1.0,0.25,4
reach-v3,calibrated,0.25,10005,5,1,1.0,0.25,3
reach-v3,calibrated,0.25,10006,0,1,1.0,0.25,4
reach-v3,calibrated,0.25,10006,1,4,0.0,0.0,4
reach-v3,calibrated,0.25,10006,2,1,1.0,0.25,4
reach-v3,calibrated,0.25,10006,3,4,0.0,0.0,4
reach-v3,calibrated,0.25,10006,4,1,1.0,0.25,4
reach-v3,calibrated,0.25,10006,5,1,1.0,0.25,4
reach-v3,calibrated,0.25,10008,0,3,0.25,0.0625,4
reach-v3,calibrated,0.25,10008,1,2,0.5,0.1217017099261283,4
reach-v3,calibrated,0.25,10008,2,1,1.0,0.2474013268947601,4
reach-v3,calibrated,0.25,10008,3,1,1.0,0.25,4
reach-v3,calibrated,0.25,10008,4,2,0.5,0.125,4
reach-v3,calibrated,0.25,10008,5,2,0.5,0.125,4
reach-v3,calibrated,0.25,10009,0,1,1.0,0.2238669097423553,4
reach-v3,calibrated,0.25,10009,1,1,1.0,0.2499999701976776,4
reach-v3,calibrated,0.25,10009,2,1,1.0,0.25,4
reach-v3,calibrated,0.25,10009,3,1,1.0,0.25,4
reach-v3,calibrated,0.25,10009,4,1,1.0,0.25,4
reach-v3,calibrated,0.25,10009,5,1,1.0,0.2499999850988388,4
reach-v3,calibrated,0.25,10010,0,3,0.25,0.0625,4
reach-v3,calibrated,0.25,10010,1,1,1.0,0.25,4
reach-v3,calibrated,0.25,10010,2,1,1.0,0.25,4
reach-v3,calibrated,0.25,10010,3,1,1.0,0.2499999850988388,4
reach-v3,calibrated,0.25,10010,4,1,1.0,0.25,4
reach-v3,calibrated,0.25,10010,5,1,1.0,0.25,4
reach-v3,calibrated,0.25,10011,0,4,0.0,0.0,4
reach-v3,calibrated,0.25,10011,1,3,0.25,0.0625,4
reach-v3,calibrated,0.25,10011,2,2,0.5,0.125,4
reach-v3,calibrated,0.25,10011,3,1,1.0,0.248231753706932,4
reach-v3,calibrated,0.25,10011,4,1,1.0,0.25,4
reach-v3,calibrated,0.25,10011,5,1,1.0,0.25,4
reach-v3,calibrated,0.25,10012,0,4,0.0,0.0,4
reach-v3,calibrated,0.25,10012,1,4,0.0,0.0,4
reach-v3,calibrated,0.25,10012,2,2,0.5,0.1249999850988388,4
reach-v3,calibrated,0.25,10012,3,1,1.0,0.25,4
reach-v3,calibrated,0.25,10012,4,4,0.0,0.0,4
reach-v3,calibrated,0.25,10012,5,4,0.0,0.0,4
reach-v3,calibrated,0.25,10013,0,1,1.0,0.2499999850988388,4
reach-v3,calibrated,0.25,10013,1,4,0.0,0.0,4
reach-v3,calibrated,0.25,10013,2,1,1.0,0.2499999850988388,4
reach-v3,calibrated,0.25,10013,3,1,1.0,0.2436036616563797,4
reach-v3,calibrated,0.25,10013,4,4,0.0,0.0,4
reach-v3,calibrated,0.25,10013,5,3,0.25,0.0625,4
reach-v3,calibrated,0.25,10015,0,1,1.0,0.25,4
reach-v3,calibrated,0.25,10015,1,1,1.0,0.25,4
reach-v3,calibrated,0.25,10015,2,1,1.0,0.2406879067420959,4
reach-v3,calibrated,0.25,10015,3,1,1.0,0.25,4
reach-v3,calibrated,0.25,10015,4,1,1.0,0.25,4
reach-v3,calibrated,0.25,10015,5,1,1.0,0.25,3
reach-v3,calibrated,0.25,10016,0,4,0.0,0.0,4
reach-v3,calibrated,0.25,10016,1,1,1.0,0.25,4
reach-v3,calibrated,0.25,10016,2,2,0.5,0.1249999850988388,4
reach-v3,calibrated,0.25,10016,3,1,1.0,0.25,4
reach-v3,calibrated,0.25,10016,4,1,1.0,0.25,4
reach-v3,calibrated,0.25,10016,5,1,1.0,0.25,4
reach-v3,calibrated,0.25,10017,0,4,0.0,0.0,4
reach-v3,calibrated,0.25,10017,1,1,1.0,0.2499999850988388,4
reach-v3,calibrated,0.25,10017,2,1,1.0,0.25,4
reach-v3,calibrated,0.25,10017,3,1,1.0,0.25,4
reach-v3,calibrated,0.25,10017,4,1,1.0,0.2430867105722427,4
reach-v3,calibrated,0.25,10017,5,3,0.25,0.0625,4
reach-v3,calibrated,0.25,10018,0,1,1.0,0.25,4
reach-v3,calibrated,0.25,10018,1,1,1.0,0.2499999850988388,4
reach-v3,calibrated,0.25,10018,2,1,1.0,0.25,4
reach-v3,calibrated,0.25,10018,3,1,1.0,0.2499999701976776,4
reach-v3,calibrated,0.25,10018,4,2,0.5,0.1234564557671547,4
reach-v3,calibrated,0.25,10018,5,1,1.0,0.25,3
reach-v3,calibrated,0.25,10019,0,1,1.0,0.1520445197820663,4
reach-v3,calibrated,0.25,10019,1,1,1.0,0.25,4
reach-v3,calibrated,0.25,10019,2,2,0.5,0.125,4
reach-v3,calibrated,0.25,10019,3,3,0.25,0.0625,4
reach-v3,calibrated,0.25,10019,4,3,0.25,0.0625,4
reach-v3,calibrated,0.25,10019,5,1,1.0,0.2499999850988388,4
reach-v3,calibrated,0.25,10021,0,1,1.0,0.2477445751428604,4
reach-v3,calibrated,0.25,10021,1,2,0.5,0.1249999850988388,4
reach-v3,calibrated,0.25,10021,2,1,1.0,0.2499999850988388,4
reach-v3,calibrated,0.25,10021,3,1,1.0,0.25,4
reach-v3,calibrated,0.25,10021,4,1,1.0,0.25,4
reach-v3,calibrated,0.25,10021,5,3,0.25,0.0625,4
reach-v3,calibrated,0.25,10022,0,4,0.0,0.0,4
reach-v3,calibrated,0.25,10022,1,2,0.5,0.125,4
reach-v3,calibrated,0.25,10022,2,3,0.25,0.0624999962747097,4
reach-v3,calibrated,0.25,10022,3,2,0.5,0.125,4
reach-v3,calibrated,0.25,10022,4,1,1.0,0.2499999701976776,4
reach-v3,calibrated,0.25,10022,5,1,1.0,0.25,4
reach-v3,calibrated,0.25,10024,0,4,0.0,0.0,4
reach-v3,calibrated,0.25,10024,1,4,0.0,0.0,4
reach-v3,calibrated,0.25,10024,2,1,1.0,0.25,4
reach-v3,calibrated,0.25,10024,3,1,1.0,0.25,4
reach-v3,calibrated,0.25,10024,4,1,1.0,0.25,4
reach-v3,calibrated,0.25,10024,5,4,0.0,0.0,3
reach-v3,calibrated,0.25,10025,0,3,0.25,0.0625,4
reach-v3,calibrated,0.25,10025,1,2,0.5,0.125,4
reach-v3,calibrated,0.25,10025,2,1,1.0,0.2499999850988388,4
reach-v3,calibrated,0.25,10025,3,3,0.25,0.0624999925494194,4
reach-v3,calibrated,0.25,10025,4,1,1.0,0.2499999850988388,4
reach-v3,calibrated,0.25,10025,5,3,0.25,0.0625,4
reach-v3,calibrated,0.25,10026,0,1,1.0,0.2068205028772354,4
reach-v3,calibrated,0.25,10026,1,2,0.5,0.1249999925494194,4
reach-v3,calibrated,0.25,10026,2,1,1.0,0.25,4
reach-v3,calibrated,0.25,10026,3,1,1.0,0.25,4
reach-v3,calibrated,0.25,10026,4,2,0.5,0.125,4
reach-v3,calibrated,0.25,10026,5,3,0.25,0.0625,4
reach-v3,calibrated,0.25,10027,0,1,1.0,0.25,4
reach-v3,calibrated,0.25,10027,1,1,1.0,0.2496957927942276,4
reach-v3,calibrated,0.25,10027,2,2,0.5,0.125,4
reach-v3,calibrated,0.25,10027,3,1,1.0,0.25,4
reach-v3,calibrated,0.25,10027,4,2,0.5,0.125,4
reach-v3,calibrated,0.25,10027,5,2,0.5,0.125,4
reach-v3,calibrated,0.25,10028,0,1,1.0,0.25,4
reach-v3,calibrated,0.25,10028,1,2,0.5,0.1249999850988388,4
reach-v3,calibrated,0.25,10028,2,1,1.0,0.25,4
reach-v3,calibrated,0.25,10028,3,1,1.0,0.25,4
reach-v3,calibrated,0.25,10028,4,2,0.5,0.125,4
reach-v3,calibrated,0.25,10028,5,1,1.0,0.25,4
reach-v3,calibrated,0.25,10029,0,1,1.0,0.25,4
reach-v3,calibrated,0.25,10029,1,3,0.25,0.0625,4
reach-v3,calibrated,0.25,10029,2,1,1.0,0.25,4
reach-v3,calibrated,0.25,10029,3,1,1.0,0.2307369410991668,4
reach-v3,calibrated,0.25,10029,4,1,1.0,0.25,4
reach-v3,calibrated,0.25,10029,5,2,0.5,0.125,4
reach-v3,calibrated,0.25,10031,0,1,1.0,0.25,4
reach-v3,calibrated,0.25,10031,1,1,1.0,0.25,4
reach-v3,calibrated,0.25,10031,2,1,1.0,0.25,4
reach-v3,calibrated,0.25,10031,3,4,0.0,0.0,4
reach-v3,calibrated,0.25,10031,4,1,1.0,0.25,4
reach-v3,calibrated,0.25,10031,5,1,1.0,0.25,4
reach-v3,calibrated,0.25,10033,0,1,1.0,0.2475530952215194,4
reach-v3,calibrated,0.25,10033,1,1,1.0,0.25,4
reach-v3,calibrated,0.25,10033,2,1,1.0,0.2499999701976776,4
reach-v3,calibrated,0.25,10033,3,1,1.0,0.25,4
reach-v3,calibrated,0.25,10033,4,1,1.0,0.25,4
reach-v3,calibrated,0.25,10033,5,1,1.0,0.25,4
reach-v3,calibrated,0.25,10034,0,4,0.0,0.0,4
reach-v3,calibrated,0.25,10034,1,1,1.0,0.25,4
reach-v3,calibrated,0.25,10034,2,1,1.0,0.2499999701976776,4
reach-v3,calibrated,0.25,10034,3,1,1.0,0.25,4
reach-v3,calibrated,0.25,10034,4,4,0.0,0.0,4
reach-v3,calibrated,0.25,10034,5,1,1.0,0.25,4
reach-v3,calibrated,0.25,10035,0,1,1.0,0.2089324295520782,4
reach-v3,calibrated,0.25,10035,1,1,1.0,0.2447251230478286,4
reach-v3,calibrated,0.25,10035,2,1,1.0,0.2450245171785354,4
reach-v3,calibrated,0.25,10035,3,1,1.0,0.25,4
reach-v3,calibrated,0.25,10035,4,1,1.0,0.25,4
reach-v3,calibrated,0.25,10035,5,1,1.0,0.25,4
reach-v3,calibrated,0.25,10036,0,2,0.5,0.125,4
reach-v3,calibrated,0.25,10036,1,1,1.0,0.25,4
reach-v3,calibrated,0.25,10036,2,1,1.0,0.25,4
reach-v3,calibrated,0.25,10036,3,4,0.0,0.0,4
reach-v3,calibrated,0.25,10036,4,1,1.0,0.2499999850988388,4
reach-v3,calibrated,0.25,10036,5,4,0.0,0.0,3
reach-v3,calibrated,0.25,10037,0,2,0.5,0.125,4
reach-v3,calibrated,0.25,10037,1,1,1.0,0.2499999850988388,4
reach-v3,calibrated,0.25,10037,2,2,0.5,0.1181667447090148,4
reach-v3,calibrated,0.25,10037,3,1,1.0,0.25,4
reach-v3,calibrated,0.25,10037,4,1,1.0,0.25,4
reach-v3,calibrated,0.25,10037,5,1,1.0,0.25,3
reach-v3,calibrated,0.25,10038,0,1,1.0,0.2036558091640472,4
reach-v3,calibrated,0.25,10038,1,1,1.0,0.25,4
reach-v3,calibrated,0.25,10038,2,1,1.0,0.2483600527048111,4
reach-v3,calibrated,0.25,10038,3,1,1.0,0.25,4
reach-v3,calibrated,0.25,10038,4,1,1.0,0.25,4
reach-v3,calibrated,0.25,10038,5,1,1.0,0.25,4
reach-v3,calibrated,0.25,10040,0,2,0.5,0.125,4
reach-v3,calibrated,0.25,10040,1,1,1.0,0.2499999850988388,4
reach-v3,calibrated,0.25,10040,2,3,0.25,0.0625,4
reach-v3,calibrated,0.25,10040,3,4,0.0,0.0,4
reach-v3,calibrated,0.25,10040,4,1,1.0,0.25,4
reach-v3,calibrated,0.25,10040,5,2,0.5,0.125,4
reach-v3,calibrated,0.25,10041,0,3,0.25,0.0624999925494194,4
reach-v3,calibrated,0.25,10041,1,1,1.0,0.25,4
reach-v3,calibrated,0.25,10041,2,1,1.0,0.2456685900688171,4
reach-v3,calibrated,0.25,10041,3,1,1.0,0.25,4
reach-v3,calibrated,0.25,10041,4,2,0.5,0.125,4
reach-v3,calibrated,0.25,10041,5,1,1.0,0.25,4
reach-v3,calibrated,0.25,10043,0,4,0.0,0.0,4
reach-v3,calibrated,0.25,10043,1,1,1.0,0.25,4
reach-v3,calibrated,0.25,10043,2,4,0.0,0.0,4
reach-v3,calibrated,0.25,10043,3,2,0.5,0.125,4
reach-v3,calibrated,0.25,10043,4,1,1.0,0.25,4
reach-v3,calibrated,0.25,10043,5,1,1.0,0.25,3
reach-v3,calibrated,0.25,10044,0,4,0.0,0.0,4
reach-v3,calibrated,0.25,10044,1,1,1.0,0.25,4
reach-v3,calibrated,0.25,10044,2,1,1.0,0.25,4
reach-v3,calibrated,0.25,10044,3,1,1.0,0.25,4
reach-v3,calibrated,0.25,10044,4,1,1.0,0.2499999850988388,4
reach-v3,calibrated,0.25,10044,5,1,1.0,0.2500000298023224,4
reach-v3,calibrated,0.25,10047,0,1,1.0,0.25,4
reach-v3,calibrated,0.25,10047,1,2,0.5,0.125,4
reach-v3,calibrated,0.25,10047,2,4,0.0,0.0,4
reach-v3,calibrated,0.25,10047,3,1,1.0,0.25,4
reach-v3,calibrated,0.25,10047,4,4,0.0,0.0,4
reach-v3,calibrated,0.25,10047,5,2,0.5,0.125,4
reach-v3,calibrated,0.25,10049,0,4,0.0,0.0,4
reach-v3,calibrated,0.25,10049,1,4,0.0,0.0,4
reach-v3,calibrated,0.25,10049,2,4,0.0,0.0,4
reach-v3,calibrated,0.25,10049,3,1,1.0,0.25,4
reach-v3,calibrated,0.25,10049,4,3,0.25,0.0625,4
reach-v3,calibrated,0.25,10049,5,1,1.0,0.2499999850988388,3
reach-v3,calibrated,0.25,10050,0,1,1.0,0.215894803404808,4
reach-v3,calibrated,0.25,10050,1,1,1.0,0.2496957927942276,4
reach-v3,calibrated,0.25,10050,2,1,1.0,0.2499999701976776,4
reach-v3,calibrated,0.25,10050,3,1,1.0,0.2455908358097076,4
reach-v3,calibrated,0.25,10050,4,2,0.5,0.125,4
reach-v3,calibrated,0.25,10050,5,1,1.0,0.2499999850988388,4
reach-v3,calibrated,0.25,10051,0,4,0.0,0.0,4
reach-v3,calibrated,0.25,10051,1,4,0.0,0.0,4
reach-v3,calibrated,0.25,10051,2,1,1.0,0.2390966117382049,4
reach-v3,calibrated,0.25,10051,3,1,1.0,0.2499999850988388,4
reach-v3,calibrated,0.25,10051,4,3,0.25,0.0625,4
reach-v3,calibrated,0.25,10051,5,4,0.0,0.0,4
reach-v3,gaussian,0.1,10001,0,1,1.0,0.0999999940395355,4
reach-v3,gaussian,0.1,10001,1,2,0.5,0.050000000745058,4
reach-v3,gaussian,0.1,10001,2,2,0.5,0.050000000745058,4
reach-v3,gaussian,0.1,10001,3,1,1.0,0.1000000014901161,4
reach-v3,gaussian,0.1,10001,4,1,1.0,0.1000000014901161,4
reach-v3,gaussian,0.1,10001,5,1,1.0,0.0999999940395355,4
reach-v3,gaussian,0.1,10002,0,1,1.0,0.1000000014901161,4
reach-v3,gaussian,0.1,10002,1,1,1.0,0.1000000014901161,4
reach-v3,gaussian,0.1,10002,2,1,1.0,0.1000000014901161,4
reach-v3,gaussian,0.1,10002,3,1,1.0,0.1000000014901161,4
reach-v3,gaussian,0.1,10002,4,1,1.0,0.0999999940395355,4
reach-v3,gaussian,0.1,10002,5,1,1.0,0.1000000014901161,3
reach-v3,gaussian,0.1,10003,0,4,0.0,0.0,4
reach-v3,gaussian,0.1,10003,1,1,1.0,0.1000000014901161,4
reach-v3,gaussian,0.1,10003,2,1,1.0,0.1000000014901161,4
reach-v3,gaussian,0.1,10003,3,1,1.0,0.0999999940395355,4
reach-v3,gaussian,0.1,10003,4,2,0.5,0.050000000745058,4
reach-v3,gaussian,0.1,10003,5,1,1.0,0.1000000014901161,4
reach-v3,gaussian,0.1,10004,0,1,1.0,0.1000000014901161,4
reach-v3,gaussian,0.1,10004,1,1,1.0,0.1000000014901161,4
reach-v3,gaussian,0.1,10004,2,3,0.25,0.025000000372529,4
reach-v3,gaussian,0.1,10004,3,2,0.5,0.050000000745058,4
reach-v3,gaussian,0.1,10004,4,3,0.25,0.025000000372529,4
reach-v3,gaussian,0.1,10004,5,1,1.0,0.1000000014901161,4
reach-v3,gaussian,0.1,10005,0,1,1.0,0.1000000014901161,4
reach-v3,gaussian,0.1,10005,1,1,1.0,0.1000000014901161,4
reach-v3,gaussian,0.1,10005,2,1,1.0,0.1000000014901161,4
reach-v3,gaussian,0.1,10005,3,1,1.0,0.1000000014901161,4
reach-v3,gaussian,0.1,10005,4,1,1.0,0.1000000014901161,4
reach-v3,gaussian,0.1,10005,5,1,1.0,0.1000000014901161,3
reach-v3,gaussian,0.1,10006,0,4,0.0,0.0,4
reach-v3,gaussian,0.1,10006,1,1,1.0,0.1000000014901161,4
reach-v3,gaussian,0.1,10006,2,4,0.0,0.0,4
reach-v3,gaussian,0.1,10006,3,4,0.0,0.0,4
reach-v3,gaussian,0.1,10006,4,1,1.0,0.1000000014901161,4
reach-v3,gaussian,0.1,10006,5,1,1.0,0.1000000014901161,4
reach-v3,gaussian,0.1,10008,0,1,1.0,0.0999999940395355,4
reach-v3,gaussian,0.1,10008,1,2,0.5,0.050000000745058,4
reach-v3,gaussian,0.1,10008,2,1,1.0,0.1000000014901161,4
reach-v3,gaussian,0.1,10008,3,1,1.0,0.1000000014901161,4
reach-v3,gaussian,0.1,10008,4,1,1.0,0.0999999940395355,4
reach-v3,gaussian,0.1,10008,5,1,1.0,0.0999999940395355,4
reach-v3,gaussian,0.1,10009,0,1,1.0,0.1000000014901161,4
reach-v3,gaussian,0.1,10009,1,1,1.0,0.1000000014901161,4
reach-v3,gaussian,0.1,10009,2,1,1.0,0.1000000014901161,4
reach-v3,gaussian,0.1,10009,3,1,1.0,0.1000000014901161,4
reach-v3,gaussian,0.1,10009,4,1,1.0,0.1000000014901161,4
reach-v3,gaussian,0.1,10009,5,1,1.0,0.1000000014901161,4
reach-v3,gaussian,0.1,10010,0,1,1.0,0.1000000014901161,4
reach-v3,gaussian,0.1,10010,1,1,1.0,0.0999999940395355,4
reach-v3,gaussian,0.1,10010,2,1,1.0,0.1000000014901161,4
reach-v3,gaussian,0.1,10010,3,1,1.0,0.1000000014901161,4
reach-v3,gaussian,0.1,10010,4,1,1.0,0.1000000014901161,4
reach-v3,gaussian,0.1,10010,5,1,1.0,0.1000000014901161,4
reach-v3,gaussian,0.1,10011,0,1,1.0,0.1000000014901161,4
reach-v3,gaussian,0.1,10011,1,1,1.0,0.1000000014901161,4
reach-v3,gaussian,0.1,10011,2,1,1.0,0.1000000014901161,4
reach-v3,gaussian,0.1,10011,3,4,0.0,0.0,4
reach-v3,gaussian,0.1,10011,4,2,0.5,0.050000000745058,4
reach-v3,gaussian,0.1,10011,5,1,1.0,0.0999999940395355,4
reach-v3,gaussian,0.1,10012,0,1,1.0,0.1000000014901161,4
reach-v3,gaussian,0.1,10012,1,4,0.0,0.0,4
reach-v3,gaussian,0.1,10012,2,1,1.0,0.0999999940395355,4
reach-v3,gaussian,0.1,10012,3,2,0.5,0.050000000745058,4
reach-v3,gaussian,0.1,10012,4,4,0.0,0.0,4
reach-v3,gaussian,0.1,10012,5,1,1.0,0.0999999940395355,4
reach-v3,gaussian,0.1,10013,0,4,0.0,0.0,4
reach-v3,gaussian,0.1,10013,1,1,1.0,0.1000000014901161,4
reach-v3,gaussian,0.1,10013,2,1,1.0,0.1000000014901161,4
reach-v3,gaussian,0.1,10013,3,1,1.0,0.1000000014901161,4
reach-v3,gaussian,0.1,10013,4,4,0.0,0.0,4
reach-v3,gaussian,0.1,10013,5,2,0.5,0.050000000745058,4
reach-v3,gaussian,0.1,10015,0,1,1.0,0.0996342673897743,4
reach-v3,gaussian,0.1,10015,1,1,1.0,0.0999999940395355,4
reach-v3,gaussian,0.1,10015,2,1,1.0,0.1000000014901161,4
reach-v3,gaussian,0.1,10015,3,2,0.5,0.050000000745058,4
reach-v3,gaussian,0.1,10015,4,2,0.5,0.050000000745058,4
reach-v3,gaussian,0.1,10015,5,1,1.0,0.1000000014901161,3
reach-v3,gaussian,0.1,10016,0,1,1.0,0.1000000014901161,4
reach-v3,gaussian,0.1,10016,1,3,0.25,0.025000000372529,4
reach-v3,gaussian,0.1,10016,2,4,0.0,0.0,4
reach-v3,gaussian,0.1,10016,3,1,1.0,0.1000000014901161,4
reach-v3,gaussian,0.1,10016,4,1,1.0,0.1000000014901161,4
reach-v3,gaussian,0.1,10016,5,1,1.0,0.1000000014901161,4
reach-v3,gaussian,0.1,10017,0,1,1.0,0.1000000014901161,4
reach-v3,gaussian,0.1,10017,1,3,0.25,0.025000000372529,4
reach-v3,gaussian,0.1,10017,2,1,1.0,0.1000000014901161,4
reach-v3,gaussian,0.1,10017,3,1,1.0,0.1000000014901161,4
reach-v3,gaussian,0.1,10017,4,1,1.0,0.1000000014901161,4
reach-v3,gaussian,0.1,10017,5,1,1.0,0.1000000014901161,4
reach-v3,gaussian,0.1,10018,0,2,0.5,0.050000000745058,4
reach-v3,gaussian,0.1,10018,1,1,1.0,0.1000000014901161,4
reach-v3,gaussian,0.1,10018,2,2,0.5,0.050000000745058,4
reach-v3,gaussian,0.1,10018,3,1,1.0,0.1000000014901161,4
reach-v3,gaussian,0.1,10018,4,1,1.0,0.1000000014901161,4
reach-v3,gaussian,0.1,10018,5,3,0.25,0.025000000372529,3
reach-v3,gaussian,0.1,10019,0,1,1.0,0.0989792272448539,4
reach-v3,gaussian,0.1,10019,1,1,1.0,0.1000000014901161,4
reach-v3,gaussian,0.1,10019,2,1,1.0,0.1000000014901161,4
reach-v3,gaussian,0.1,10019,3,1,1.0,0.0999999940395355,4
reach-v3,gaussian,0.1,10019,4,1,1.0,0.1000000014901161,4
reach-v3,gaussian,0.1,10019,5,2,0.5,0.050000000745058,4
reach-v3,gaussian,0.1,10021,0,2,0.5,0.050000000745058,4
reach-v3,gaussian,0.1,10021,1,1,1.0,0.1000000014901161,4
reach-v3,gaussian,0.1,10021,2,3,0.25,0.025000000372529,4
reach-v3,gaussian,0.1,10021,3,1,1.0,0.1000000014901161,4
reach-v3,gaussian,0.1,10021,4,2,0.5,0.0499999970197677,4
reach-v3,gaussian,0.1,10021,5,3,0.25,0.025000000372529,4
reach-v3,gaussian,0.1,10022,0,2,0.5,0.0499999970197677,4
reach-v3,gaussian,0.1,10022,1,1,1.0,0.1000000014901161,4
reach-v3,gaussian,0.1,10022,2,2,0.5,0.050000000745058,4
reach-v3,gaussian,0.1,10022,3,3,0.25,0.025000000372529,4
reach-v3,gaussian,0.1,10022,4,1,1.0,0.1000000014901161,4
reach-v3,gaussian,0.1,10022,5,1,1.0,0.1000000014901161,4
reach-v3,gaussian,0.1,10024,0,4,0.0,0.0,4
reach-v3,gaussian,0.1,10024,1,1,1.0,0.1000000014901161,4
reach-v3,gaussian,0.1,10024,2,4,0.0,0.0,4
reach-v3,gaussian,0.1,10024,3,1,1.0,0.1000000014901161,4
reach-v3,gaussian,0.1,10024,4,1,1.0,0.1000000014901161,4
reach-v3,gaussian,0.1,10024,5,4,0.0,0.0,3
reach-v3,gaussian,0.1,10025,0,1,1.0,0.0999999940395355,4
reach-v3,gaussian,0.1,10025,1,3,0.25,0.0249999985098838,4
reach-v3,gaussian,0.1,10025,2,1,1.0,0.1000000014901161,4
reach-v3,gaussian,0.1,10025,3,2,0.5,0.050000000745058,4
reach-v3,gaussian,0.1,10025,4,1,1.0,0.1000000014901161,4
reach-v3,gaussian,0.1,10025,5,3,0.25,0.025000000372529,4
reach-v3,gaussian,0.1,10026,0,2,0.5,0.050000000745058,4
reach-v3,gaussian,0.1,10026,1,1,1.0,0.1000000014901161,4
reach-v3,gaussian,0.1,10026,2,1,1.0,0.1000000014901161,4
reach-v3,gaussian,0.1,10026,3,2,0.5,0.0499999970197677,4
reach-v3,gaussian,0.1,10026,4,1,1.0,0.1000000014901161,4
reach-v3,gaussian,0.1,10026,5,1,1.0,0.1000000014901161,4
reach-v3,gaussian,0.1,10027,0,2,0.5,0.050000000745058,4
reach-v3,gaussian,0.1,10027,1,2,0.5,0.050000000745058,4
reach-v3,gaussian,0.1,10027,2,1,1.0,0.1000000014901161,4
reach-v3,gaussian,0.1,10027,3,1,1.0,0.1000000014901161,4
reach-v3,gaussian,0.1,10027,4,1,1.0,0.1000000014901161,4
reach-v3,gaussian,0.1,10027,5,1,1.0,0.1000000014901161,4
reach-v3,gaussian,0.1,10028,0,1,1.0,0.1000000014901161,4
reach-v3,gaussian,0.1,10028,1,1,1.0,0.1000000014901161,4
reach-v3,gaussian,0.1,10028,2,3,0.25,0.025000000372529,4
reach-v3,gaussian,0.1,10028,3,1,1.0,0.1000000014901161,4
reach-v3,gaussian,0.1,10028,4,3,0.25,0.025000000372529,4
reach-v3,gaussian,0.1,10028,5,4,0.0,0.0,4
reach-v3,gaussian,0.1,10029,0,1,1.0,0.096617043018341,4
reach-v3,gaussian,0.1,10029,1,1,1.0,0.1000000014901161,4
reach-v3,gaussian,0.1,10029,2,1,1.0,0.1000000014901161,4
reach-v3,gaussian,0.1,10029,3,1,1.0,0.0999999940395355,4
reach-v3,gaussian,0.1,10029,4,1,1.0,0.1000000014901161,4
reach-v3,gaussian,0.1,10029,5,1,1.0,0.1000000014901161,4
reach-v3,gaussian,0.1,10031,0,2,0.5,0.0499999970197677,4
reach-v3,gaussian,0.1,10031,1,1,1.0,0.1000000014901161,4
reach-v3,gaussian,0.1,10031,2,1,1.0,0.1000000014901161,4
reach-v3,gaussian,0.1,10031,3,2,0.5,0.050000000745058,4
reach-v3,gaussian,0.1,10031,4,1,1.0,0.1000000014901161,4
reach-v3,gaussian,0.1,10031,5,2,0.5,0.050000000745058,4
reach-v3,gaussian,0.1,10033,0,1,1.0,0.1000000014901161,4
reach-v3,gaussian,0.1,10033,1,1,1.0,0.1000000014901161,4
reach-v3,gaussian,0.1,10033,2,1,1.0,0.1000000014901161,4
reach-v3,gaussian,0.1,10033,3,1,1.0,0.1000000014901161,4
reach-v3,gaussian,0.1,10033,4,1,1.0,0.1000000014901161,4
reach-v3,gaussian,0.1,10033,5,1,1.0,0.1000000014901161,4
reach-v3,gaussian,0.1,10034,0,4,0.0,0.0,4
reach-v3,gaussian,0.1,10034,1,4,0.0,0.0,4
reach-v3,gaussian,0.1,10034,2,4,0.0,0.0,4
reach-v3,gaussian,0.1,10034,3,1,1.0,0.1000000014901161,4
reach-v3,gaussian,0.1,10034,4,1,1.0,0.1000000014901161,4
reach-v3,gaussian,0.1,10034,5,4,0.0,0.0,4
reach-v3,gaussian,0.1,10035,0,1,1.0,0.099415548145771,4
reach-v3,gaussian,0.1,10035,1,1,1.0,0.1000000014901161,4
reach-v3,gaussian,0.1,10035,2,1,1.0,0.1000000014901161,4
reach-v3,gaussian,0.1,10035,3,1,1.0,0.1000000014901161,4
reach-v3,gaussian,0.1,10035,4,1,1.0,0.0999999940395355,4
reach-v3,gaussian,0.1,10035,5,1,1.0,0.1000000014901161,4
reach-v3,gaussian,0.1,10036,0,1,1.0,0.0999999940395355,4
reach-v3,gaussian,0.1,10036,1,1,1.0,0.1000000014901161,4
reach-v3,gaussian,0.1,10036,2,1,1.0,0.1000000014901161,4
reach-v3,gaussian,0.1,10036,3,4,0.0,0.0,4
reach-v3,gaussian,0.1,10036,4,1,1.0,0.1000000014901161,4
reach-v3,gaussian,0.1,10036,5,1,1.0,0.1000000014901161,3
reach-v3,gaussian,0.1,10037,0,1,1.0,0.1000000014901161,4
reach-v3,gaussian,0.1,10037,1,1,1.0,0.1000000014901161,4
reach-v3,gaussian,0.1,10037,2,1,1.0,0.1000000014901161,4
reach-v3,gaussian,0.1,10037,3,1,1.0,0.1000000014901161,4
reach-v3,gaussian,0.1,10037,4,1,1.0,0.1000000014901161,4
reach-v3,gaussian,0.1,10037,5,1,1.0,0.1000000014901161,3
reach-v3,gaussian,0.1,10038,0,1,1.0,0.1000000014901161,4
reach-v3,gaussian,0.1,10038,1,1,1.0,0.1000000014901161,4
reach-v3,gaussian,0.1,10038,2,1,1.0,0.1000000014901161,4
reach-v3,gaussian,0.1,10038,3,1,1.0,0.1000000014901161,4
reach-v3,gaussian,0.1,10038,4,1,1.0,0.1000000014901161,4
reach-v3,gaussian,0.1,10038,5,1,1.0,0.1000000014901161,4
reach-v3,gaussian,0.1,10040,0,2,0.5,0.050000000745058,4
reach-v3,gaussian,0.1,10040,1,1,1.0,0.1000000014901161,4
reach-v3,gaussian,0.1,10040,2,3,0.25,0.025000000372529,4
reach-v3,gaussian,0.1,10040,3,1,1.0,0.1000000014901161,4
reach-v3,gaussian,0.1,10040,4,1,1.0,0.1000000014901161,4
reach-v3,gaussian,0.1,10040,5,1,1.0,0.1000000014901161,4
reach-v3,gaussian,0.1,10041,0,1,1.0,0.1000000014901161,4
reach-v3,gaussian,0.1,10041,1,1,1.0,0.1000000014901161,4
reach-v3,gaussian,0.1,10041,2,1,1.0,0.1000000014901161,4
reach-v3,gaussian,0.1,10041,3,1,1.0,0.1000000014901161,4
reach-v3,gaussian,0.1,10041,4,2,0.5,0.050000000745058,4
reach-v3,gaussian,0.1,10041,5,2,0.5,0.050000000745058,4
reach-v3,gaussian,0.1,10043,0,1,1.0,0.1000000014901161,4
reach-v3,gaussian,0.1,10043,1,2,0.5,0.050000000745058,4
reach-v3,gaussian,0.1,10043,2,1,1.0,0.1000000014901161,4
reach-v3,gaussian,0.1,10043,3,1,1.0,0.1000000014901161,4
reach-v3,gaussian,0.1,10043,4,2,0.5,0.050000000745058,4
reach-v3,gaussian,0.1,10043,5,3,0.25,0.025000000372529,3
reach-v3,gaussian,0.1,10044,0,4,0.0,0.0,4
reach-v3,gaussian,0.1,10044,1,4,0.0,0.0,4
reach-v3,gaussian,0.1,10044,2,1,1.0,0.1000000014901161,4
reach-v3,gaussian,0.1,10044,3,1,1.0,0.1000000014901161,4
reach-v3,gaussian,0.1,10044,4,4,0.0,0.0,4
reach-v3,gaussian,0.1,10044,5,4,0.0,0.0,4
reach-v3,gaussian,0.1,10047,0,1,1.0,0.1000000014901161,4
reach-v3,gaussian,0.1,10047,1,1,1.0,0.1000000014901161,4
reach-v3,gaussian,0.1,10047,2,4,0.0,0.0,4
reach-v3,gaussian,0.1,10047,3,1,1.0,0.1000000014901161,4
reach-v3,gaussian,0.1,10047,4,1,1.0,0.1000000014901161,4
reach-v3,gaussian,0.1,10047,5,1,1.0,0.0999999940395355,4
reach-v3,gaussian,0.1,10049,0,2,0.5,0.050000000745058,4
reach-v3,gaussian,0.1,10049,1,1,1.0,0.1000000014901161,4
reach-v3,gaussian,0.1,10049,2,4,0.0,0.0,4
reach-v3,gaussian,0.1,10049,3,4,0.0,0.0,4
reach-v3,gaussian,0.1,10049,4,1,1.0,0.1000000014901161,4
reach-v3,gaussian,0.1,10049,5,1,1.0,0.0999999940395355,3
reach-v3,gaussian,0.1,10050,0,2,0.5,0.050000000745058,4
reach-v3,gaussian,0.1,10050,1,1,1.0,0.1000000014901161,4
reach-v3,gaussian,0.1,10050,2,1,1.0,0.1000000014901161,4
reach-v3,gaussian,0.1,10050,3,1,1.0,0.1000000014901161,4
reach-v3,gaussian,0.1,10050,4,1,1.0,0.1000000014901161,4
reach-v3,gaussian,0.1,10050,5,2,0.5,0.050000000745058,4
reach-v3,gaussian,0.1,10051,0,1,1.0,0.0999999940395355,4
reach-v3,gaussian,0.1,10051,1,3,0.25,0.025000000372529,4
reach-v3,gaussian,0.1,10051,2,3,0.25,0.025000000372529,4
reach-v3,gaussian,0.1,10051,3,3,0.25,0.025000000372529,4
reach-v3,gaussian,0.1,10051,4,1,1.0,0.1000000014901161,4
reach-v3,gaussian,0.1,10051,5,4,0.0,0.0,4
reach-v3,gaussian,0.25,10001,0,1,1.0,0.25,4
reach-v3,gaussian,0.25,10001,1,3,0.25,0.0625,4
reach-v3,gaussian,0.25,10001,2,4,0.0,0.0,4
reach-v3,gaussian,0.25,10001,3,1,1.0,0.25,4
reach-v3,gaussian,0.25,10001,4,2,0.5,0.125,4
reach-v3,gaussian,0.25,10001,5,1,1.0,0.25,4
reach-v3,gaussian,0.25,10002,0,1,1.0,0.25,4
reach-v3,gaussian,0.25,10002,1,2,0.5,0.125,4
reach-v3,gaussian,0.25,10002,2,3,0.25,0.0625,4
reach-v3,gaussian,0.25,10002,3,2,0.5,0.125,4
reach-v3,gaussian,0.25,10002,4,1,1.0,0.25,4
reach-v3,gaussian,0.25,10002,5,1,1.0,0.25,3
reach-v3,gaussian,0.25,10003,0,4,0.0,0.0,4
reach-v3,gaussian,0.25,10003,1,1,1.0,0.25,4
reach-v3,gaussian,0.25,10003,2,1,1.0,0.25,4
reach-v3,gaussian,0.25,10003,3,1,1.0,0.25,4
reach-v3,gaussian,0.25,10003,4,3,0.25,0.0625,4
reach-v3,gaussian,0.25,10003,5,2,0.5,0.125,4
reach-v3,gaussian,0.25,10004,0,2,0.5,0.125,4
reach-v3,gaussian,0.25,10004,1,2,0.5,0.125,4
reach-v3,gaussian,0.25,10004,2,4,0.0,0.0,4
reach-v3,gaussian,0.25,10004,3,3,0.25,0.0625,4
reach-v3,gaussian,0.25,10004,4,4,0.0,0.0,4
reach-v3,gaussian,0.25,10004,5,2,0.5,0.125,4
reach-v3,gaussian,0.25,10005,0,1,1.0,0.25,4
reach-v3,gaussian,0.25,10005,1,1,1.0,0.25,4
reach-v3,gaussian,0.25,10005,2,1,1.0,0.25,4
reach-v3,gaussian,0.25,10005,3,1,1.0,0.25,4
reach-v3,gaussian,0.25,10005,4,2,0.5,0.125,4
reach-v3,gaussian,0.25,10005,5,1,1.0,0.25,3
reach-v3,gaussian,0.25,10006,0,4,0.0,0.0,4
reach-v3,gaussian,0.25,10006,1,1,1.0,0.25,4
reach-v3,gaussian,0.25,10006,2,4,0.0,0.0,4
reach-v3,gaussian,0.25,10006,3,4,0.0,0.0,4
reach-v3,gaussian,0.25,10006,4,1,1.0,0.25,4
reach-v3,gaussian,0.25,10006,5,1,1.0,0.25,4
reach-v3,gaussian,0.25,10008,0,3,0.25,0.0625,4
reach-v3,gaussian,0.25,10008,1,4,0.0,0.0,4
reach-v3,gaussian,0.25,10008,2,1,1.0,0.25,4
reach-v3,gaussian,0.25,10008,3,1,1.0,0.25,4
reach-v3,gaussian,0.25,10008,4,2,0.5,0.125,4
reach-v3,gaussian,0.25,10008,5,1,1.0,0.25,4
reach-v3,gaussian,0.25,10009,0,1,1.0,0.25,4
reach-v3,gaussian,0.25,10009,1,1,1.0,0.25,4
reach-v3,gaussian,0.25,10009,2,3,0.25,0.0625,4
reach-v3,gaussian,0.25,10009,3,1,1.0,0.25,4
reach-v3,gaussian,0.25,10009,4,1,1.0,0.25,4
reach-v3,gaussian,0.25,10009,5,1,1.0,0.25,4
reach-v3,gaussian,0.25,10010,0,1,1.0,0.2499999850988388,4
reach-v3,gaussian,0.25,10010,1,1,1.0,0.25,4
reach-v3,gaussian,0.25,10010,2,3,0.25,0.0625,4
reach-v3,gaussian,0.25,10010,3,1,1.0,0.25,4
reach-v3,gaussian,0.25,10010,4,1,1.0,0.25,4
reach-v3,gaussian,0.25,10010,5,1,1.0,0.25,4
reach-v3,gaussian,0.25,10011,0,1,1.0,0.2475888133049011,4
reach-v3,gaussian,0.25,10011,1,1,1.0,0.25,4
reach-v3,gaussian,0.25,10011,2,3,0.25,0.0625,4
reach-v3,gaussian,0.25,10011,3,4,0.0,0.0,4
reach-v3,gaussian,0.25,10011,4,3,0.25,0.0625,4
reach-v3,gaussian,0.25,10011,5,1,1.0,0.25,4
reach-v3,gaussian,0.25,10012,0,1,1.0,0.25,4
reach-v3,gaussian,0.25,10012,1,4,0.0,0.0,4
reach-v3,gaussian,0.25,10012,2,1,1.0,0.25,4
reach-v3,gaussian,0.25,10012,3,3,0.25,0.0625,4
reach-v3,gaussian,0.25,10012,4,4,0.0,0.0,4
reach-v3,gaussian,0.25,10012,5,1,1.0,0.25,4
reach-v3,gaussian,0.25,10013,0,4,0.0,0.0,4
reach-v3,gaussian,0.25,10013,1,1,1.0,0.25,4
reach-v3,gaussian,0.25,10013,2,3,0.25,0.0625,4
reach-v3,gaussian,0.25,10013,3,1,1.0,0.25,4
reach-v3,gaussian,0.25,10013,4,4,0.0,0.0,4
reach-v3,gaussian,0.25,10013,5,3,0.25,0.0625,4
reach-v3,gaussian,0.25,10015,0,1,1.0,0.2347006350755691,4
reach-v3,gaussian,0.25,10015,1,2,0.5,0.125,4
reach-v3,gaussian,0.25,10015,2,1,1.0,0.25,4
reach-v3,gaussian,0.25,10015,3,3,0.25,0.0625,4
reach-v3,gaussian,0.25,10015,4,3,0.25,0.0625,4
reach-v3,gaussian,0.25,10015,5,1,1.0,0.25,3
reach-v3,gaussian,0.25,10016,0,1,1.0,0.25,4
reach-v3,gaussian,0.25,10016,1,4,0.0,0.0,4
reach-v3,gaussian,0.25,10016,2,4,0.0,0.0,4
reach-v3,gaussian,0.25,10016,3,2,0.5,0.125,4
reach-v3,gaussian,0.25,10016,4,1,1.0,0.25,4
reach-v3,gaussian,0.25,10016,5,3,0.25,0.0625,4
reach-v3,gaussian,0.25,10017,0,2,0.5,0.125,4
reach-v3,gaussian,0.25,10017,1,4,0.0,0.0,4
reach-v3,gaussian,0.25,10017,2,1,1.0,0.25,4
reach-v3,gaussian,0.25,10017,3,1,1.0,0.25,4
reach-v3,gaussian,0.25,10017,4,1,1.0,0.25,4
reach-v3,gaussian,0.25,10017,5,1,1.0,0.25,4
reach-v3,gaussian,0.25,10018,0,4,0.0,0.0,4
reach-v3,gaussian,0.25,10018,1,2,0.5,0.125,4
reach-v3,gaussian,0.25,10018,2,4,0.0,0.0,4
reach-v3,gaussian,0.25,10018,3,2,0.5,0.125,4
reach-v3,gaussian,0.25,10018,4,1,1.0,0.25,4
reach-v3,gaussian,0.25,10018,5,4,0.0,0.0,3
reach-v3,gaussian,0.25,10019,0,2,0.5,0.1234401017427444,4
reach-v3,gaussian,0.25,10019,1,2,0.5,0.125,4
reach-v3,gaussian,0.25,10019,2,2,0.5,0.125,4
reach-v3,gaussian,0.25,10019,3,1,1.0,0.25,4
reach-v3,gaussian,0.25,10019,4,2,0.5,0.125,4
reach-v3,gaussian,0.25,10019,5,3,0.25,0.0624999962747097,4
reach-v3,gaussian,0.25,10021,0,3,0.25,0.0625,4
reach-v3,gaussian,0.25,10021,1,2,0.5,0.125,4
reach-v3,gaussian,0.25,10021,2,4,0.0,0.0,4
reach-v3,gaussian,0.25,10021,3,1,1.0,0.25,4
reach-v3,gaussian,0.25,10021,4,3,0.25,0.0625,4
reach-v3,gaussian,0.25,10021,5,4,0.0,0.0,4
reach-v3,gaussian,0.25,10022,0,4,0.0,0.0,4
reach-v3,gaussian,0.25,10022,1,1,1.0,0.25,4
reach-v3,gaussian,0.25,10022,2,4,0.0,0.0,4
reach-v3,gaussian,0.25,10022,3,4,0.0,0.0,4
reach-v3,gaussian,0.25,10022,4,2,0.5,0.125,4
reach-v3,gaussian,0.25,10022,5,1,1.0,0.25,4
reach-v3,gaussian,0.25,10024,0,4,0.0,0.0,4
reach-v3,gaussian,0.25,10024,1,3,0.25,0.0625,4
reach-v3,gaussian,0.25,10024,2,4,0.0,0.0,4
reach-v3,gaussian,0.25,10024,3,1,1.0,0.25,4
reach-v3,gaussian,0.25,10024,4,1,1.0,0.25,4
reach-v3,gaussian,0.25,10024,5,4,0.0,0.0,3
reach-v3,gaussian,0.25,10025,0,3,0.25,0.0625,4
reach-v3,gaussian,0.25,10025,1,4,0.0,0.0,4
reach-v3,gaussian,0.25,10025,2,2,0.5,0.125,4
reach-v3,gaussian,0.25,10025,3,4,0.0,0.0,4
reach-v3,gaussian,0.25,10025,4,1,1.0,0.25,4
reach-v3,gaussian,0.25,10025,5,4,0.0,0.0,4
reach-v3,gaussian,0.25,10026,0,3,0.25,0.0625,4
reach-v3,gaussian,0.25,10026,1,1,1.0,0.25,4
reach-v3,gaussian,0.25,10026,2,1,1.0,0.25,4
reach-v3,gaussian,0.25,10026,3,3,0.25,0.0625,4
reach-v3,gaussian,0.25,10026,4,2,0.5,0.125,4
reach-v3,gaussian,0.25,10026,5,1,1.0,0.25,4
reach-v3,gaussian,0.25,10027,0,3,0.25,0.0625,4
reach-v3,gaussian,0.25,10027,1,3,0.25,0.0625,4
reach-v3,gaussian,0.25,10027,2,1,1.0,0.25,4
reach-v3,gaussian,0.25,10027,3,2,0.5,0.125,4
reach-v3,gaussian,0.25,10027,4,1,1.0,0.25,4
reach-v3,gaussian,0.25,10027,5,3,0.25,0.0625,4
reach-v3,gaussian,0.25,10028,0,1,1.0,0.25,4
reach-v3,gaussian,0.25,10028,1,2,0.5,0.125,4
reach-v3,gaussian,0.25,10028,2,4,0.0,0.0,4
reach-v3,gaussian,0.25,10028,3,1,1.0,0.25,4
reach-v3,gaussian,0.25,10028,4,4,0.0,0.0,4
reach-v3,gaussian,0.25,10028,5,4,0.0,0.0,4
reach-v3,gaussian,0.25,10029,0,1,1.0,0.1991658955812454,4
reach-v3,gaussian,0.25,10029,1,2,0.5,0.125,4
reach-v3,gaussian,0.25,10029,2,2,0.5,0.125,4
reach-v3,gaussian,0.25,10029,3,1,1.0,0.25,4
reach-v3,gaussian,0.25,10029,4,1,1.0,0.25,4
reach-v3,gaussian,0.25,10029,5,1,1.0,0.25,4
reach-v3,gaussian,0.25,10031,0,3,0.25,0.0624999962747097,4
reach-v3,gaussian,0.25,10031,1,1,1.0,0.25,4
reach-v3,gaussian,0.25,10031,2,1,1.0,0.25,4
reach-v3,gaussian,0.25,10031,3,3,0.25,0.0625,4
reach-v3,gaussian,0.25,10031,4,2,0.5,0.125,4
reach-v3,gaussian,0.25,10031,5,3,0.25,0.0625,4
reach-v3,gaussian,0.25,10033,0,1,1.0,0.25,4
reach-v3,gaussian,0.25,10033,1,1,1.0,0.25,4
reach-v3,gaussian,0.25,10033,2,1,1.0,0.25,4
reach-v3,gaussian,0.25,10033,3,1,1.0,0.25,4
reach-v3,gaussian,0.25,10033,4,3,0.25,0.0625,4
reach-v3,gaussian,0.25,10033,5,1,1.0,0.25,4
reach-v3,gaussian,0.25,10034,0,4,0.0,0.0,4
reach-v3,gaussian,0.25,10034,1,4,0.0,0.0,4
reach-v3,gaussian,0.25,10034,2,4,0.0,0.0,4
reach-v3,gaussian,0.25,10034,3,1,1.0,0.25,4
reach-v3,gaussian,0.25,10034,4,1,1.0,0.25,4
reach-v3,gaussian,0.25,10034,5,4,0.0,0.0,4
reach-v3,gaussian,0.25,10035,0,1,1.0,0.2485388666391372,4
reach-v3,gaussian,0.25,10035,1,1,1.0,0.25,4
reach-v3,gaussian,0.25,10035,2,1,1.0,0.25,4
reach-v3,gaussian,0.25,10035,3,2,0.5,0.125,4
reach-v3,gaussian,0.25,10035,4,1,1.0,0.25,4
reach-v3,gaussian,0.25,10035,5,1,1.0,0.25,4
reach-v3,gaussian,0.25,10036,0,1,1.0,0.25,4
reach-v3,gaussian,0.25,10036,1,1,1.0,0.25,4
reach-v3,gaussian,0.25,10036,2,1,1.0,0.25,4
reach-v3,gaussian,0.25,10036,3,4,0.0,0.0,4
reach-v3,gaussian,0.25,10036,4,1,1.0,0.25,4
reach-v3,gaussian,0.25,10036,5,1,1.0,0.25,3
reach-v3,gaussian,0.25,10037,0,2,0.5,0.125,4
reach-v3,gaussian,0.25,10037,1,3,0.25,0.0625,4
reach-v3,gaussian,0.25,10037,2,2,0.5,0.125,4
reach-v3,gaussian,0.25,10037,3,3,0.25,0.0625,4
reach-v3,gaussian,0.25,10037,4,1,1.0,0.25,4
reach-v3,gaussian,0.25,10037,5,1,1.0,0.25,3
reach-v3,gaussian,0.25,10038,0,2,0.5,0.125,4
reach-v3,gaussian,0.25,10038,1,1,1.0,0.25,4
reach-v3,gaussian,0.25,10038,2,1,1.0,0.25,4
reach-v3,gaussian,0.25,10038,3,1,1.0,0.25,4
reach-v3,gaussian,0.25,10038,4,1,1.0,0.25,4
reach-v3,gaussian,0.25,10038,5,1,1.0,0.25,4
reach-v3,gaussian,0.25,10040,0,3,0.25,0.0625,4
reach-v3,gaussian,0.25,10040,1,1,1.0,0.25,4
reach-v3,gaussian,0.25,10040,2,4,0.0,0.0,4
reach-v3,gaussian,0.25,10040,3,1,1.0,0.25,4
reach-v3,gaussian,0.25,10040,4,1,1.0,0.25,4
reach-v3,gaussian,0.25,10040,5,3,0.25,0.0625,4
reach-v3,gaussian,0.25,10041,0,1,1.0,0.2059031575918197,4
reach-v3,gaussian,0.25,10041,1,3,0.25,0.0625,4
reach-v3,gaussian,0.25,10041,2,1,1.0,0.25,4
reach-v3,gaussian,0.25,10041,3,1,1.0,0.25,4
reach-v3,gaussian,0.25,10041,4,3,0.25,0.0625,4
reach-v3,gaussian,0.25,10041,5,3,0.25,0.0625,4
reach-v3,gaussian,0.25,10043,0,3,0.25,0.0625,4
reach-v3,gaussian,0.25,10043,1,4,0.0,0.0,4
reach-v3,gaussian,0.25,10043,2,1,1.0,0.25,4
reach-v3,gaussian,0.25,10043,3,1,1.0,0.25,4
reach-v3,gaussian,0.25,10043,4,4,0.0,0.0,4
reach-v3,gaussian,0.25,10043,5,4,0.0,0.0,3
reach-v3,gaussian,0.25,10044,0,4,0.0,0.0,4
reach-v3,gaussian,0.25,10044,1,4,0.0,0.0,4
reach-v3,gaussian,0.25,10044,2,1,1.0,0.25,4
reach-v3,gaussian,0.25,10044,3,1,1.0,0.25,4
reach-v3,gaussian,0.25,10044,4,4,0.0,0.0,4
reach-v3,gaussian,0.25,10044,5,4,0.0,0.0,4
reach-v3,gaussian,0.25,10047,0,1,1.0,0.25,4
reach-v3,gaussian,0.25,10047,1,1,1.0,0.25,4
reach-v3,gaussian,0.25,10047,2,4,0.0,0.0,4
reach-v3,gaussian,0.25,10047,3,1,1.0,0.25,4
reach-v3,gaussian,0.25,10047,4,1,1.0,0.25,4
reach-v3,gaussian,0.25,10047,5,1,1.0,0.25,4
reach-v3,gaussian,0.25,10049,0,4,0.0,0.0,4
reach-v3,gaussian,0.25,10049,1,1,1.0,0.25,4
reach-v3,gaussian,0.25,10049,2,4,0.0,0.0,4
reach-v3,gaussian,0.25,10049,3,4,0.0,0.0,4
reach-v3,gaussian,0.25,10049,4,1,1.0,0.25,4
reach-v3,gaussian,0.25,10049,5,2,0.5,0.125,3
reach-v3,gaussian,0.25,10050,0,3,0.25,0.0625,4
reach-v3,gaussian,0.25,10050,1,1,1.0,0.25,4
reach-v3,gaussian,0.25,10050,2,1,1.0,0.25,4
reach-v3,gaussian,0.25,10050,3,2,0.5,0.125,4
reach-v3,gaussian,0.25,10050,4,1,1.0,0.25,4
reach-v3,gaussian,0.25,10050,5,3,0.25,0.0625,4
reach-v3,gaussian,0.25,10051,0,1,1.0,0.25,4
reach-v3,gaussian,0.25,10051,1,4,0.0,0.0,4
reach-v3,gaussian,0.25,10051,2,4,0.0,0.0,4
reach-v3,gaussian,0.25,10051,3,4,0.0,0.0,4
reach-v3,gaussian,0.25,10051,4,1,1.0,0.25,4
reach-v3,gaussian,0.25,10051,5,4,0.0,0.0,4
