task,init_state,split,success,steps,seconds,policy_seed,train_steps,method,library_seed,model
0,0,test,True,78,2.094382499999938,7,33334,clean_repeat,101,clean_repeat_lib101_seed7
0,1,test,False,600,13.157376399999976,7,33334,clean_repeat,101,clean_repeat_lib101_seed7
0,2,test,True,86,1.699169299999994,7,33334,clean_repeat,101,clean_repeat_lib101_seed7
0,3,test,True,76,1.5691805999999815,7,33334,clean_repeat,101,clean_repeat_lib101_seed7
0,4,test,True,73,1.5547088999996959,7,33334,clean_repeat,101,clean_repeat_lib101_seed7
0,5,test,True,91,1.9832969000003686,7,33334,clean_repeat,101,clean_repeat_lib101_seed7
0,6,test,True,75,1.515506799999912,7,33334,clean_repeat,101,clean_repeat_lib101_seed7
0,7,test,True,81,1.7355181999996603,7,33334,clean_repeat,101,clean_repeat_lib101_seed7
0,8,test,True,78,1.530691200000092,7,33334,clean_repeat,101,clean_repeat_lib101_seed7
0,9,test,True,82,1.7006756000000678,7,33334,clean_repeat,101,clean_repeat_lib101_seed7
0,10,test,True,141,3.7866290000001754,7,33334,clean_repeat,101,clean_repeat_lib101_seed7
0,11,test,True,73,1.520182499999919,7,33334,clean_repeat,101,clean_repeat_lib101_seed7
0,12,test,True,78,1.5705878999997367,7,33334,clean_repeat,101,clean_repeat_lib101_seed7
0,13,test,False,600,13.205017300000236,7,33334,clean_repeat,101,clean_repeat_lib101_seed7
0,14,test,True,77,1.6309909000001426,7,33334,clean_repeat,101,clean_repeat_lib101_seed7
0,15,test,True,75,1.517112300000008,7,33334,clean_repeat,101,clean_repeat_lib101_seed7
0,16,test,True,94,2.0430811999999605,7,33334,clean_repeat,101,clean_repeat_lib101_seed7
0,17,test,True,80,1.8080680000002758,7,33334,clean_repeat,101,clean_repeat_lib101_seed7
0,18,test,True,90,2.1107207000000017,7,33334,clean_repeat,101,clean_repeat_lib101_seed7
0,19,test,True,74,1.5734643999999207,7,33334,clean_repeat,101,clean_repeat_lib101_seed7
1,0,test,False,600,18.702046599999903,7,33334,clean_repeat,101,clean_repeat_lib101_seed7
1,1,test,True,109,2.6939031000001705,7,33334,clean_repeat,101,clean_repeat_lib101_seed7
1,2,test,True,117,2.6869464999999764,7,33334,clean_repeat,101,clean_repeat_lib101_seed7
1,3,test,False,600,17.174253900000167,7,33334,clean_repeat,101,clean_repeat_lib101_seed7
1,4,test,True,103,2.165705099999741,7,33334,clean_repeat,101,clean_repeat_lib101_seed7
1,5,test,True,107,2.612832399999661,7,33334,clean_repeat,101,clean_repeat_lib101_seed7
1,6,test,True,123,3.132244200000059,7,33334,clean_repeat,101,clean_repeat_lib101_seed7
1,7,test,True,137,3.5980157999997573,7,33334,clean_repeat,101,clean_repeat_lib101_seed7
1,8,test,False,600,16.201674399999774,7,33334,clean_repeat,101,clean_repeat_lib101_seed7
1,9,test,True,139,3.3403137000000243,7,33334,clean_repeat,101,clean_repeat_lib101_seed7
1,10,test,True,114,2.448240000000169,7,33334,clean_repeat,101,clean_repeat_lib101_seed7
1,11,test,True,103,2.1327313999995567,7,33334,clean_repeat,101,clean_repeat_lib101_seed7
1,12,test,False,600,15.561004400000002,7,33334,clean_repeat,101,clean_repeat_lib101_seed7
1,13,test,True,100,2.1084600999997747,7,33334,clean_repeat,101,clean_repeat_lib101_seed7
1,14,test,True,105,2.233490900000106,7,33334,clean_repeat,101,clean_repeat_lib101_seed7
1,15,test,True,113,2.4643447000003107,7,33334,clean_repeat,101,clean_repeat_lib101_seed7
1,16,test,True,110,2.2515935000001264,7,33334,clean_repeat,101,clean_repeat_lib101_seed7
1,17,test,True,106,2.3743860999998105,7,33334,clean_repeat,101,clean_repeat_lib101_seed7
1,18,test,True,141,3.598739200000182,7,33334,clean_repeat,101,clean_repeat_lib101_seed7
1,19,test,True,104,2.3549395000000004,7,33334,clean_repeat,101,clean_repeat_lib101_seed7
2,0,test,True,93,2.060864699999911,7,33334,clean_repeat,101,clean_repeat_lib101_seed7
2,1,test,True,93,1.95895419999988,7,33334,clean_repeat,101,clean_repeat_lib101_seed7
2,2,test,True,96,2.189663600000131,7,33334,clean_repeat,101,clean_repeat_lib101_seed7
2,3,test,True,102,2.3782359999995606,7,33334,clean_repeat,101,clean_repeat_lib101_seed7
2,4,test,True,111,2.4242612000002737,7,33334,clean_repeat,101,clean_repeat_lib101_seed7
2,5,test,True,108,2.520500699999957,7,33334,clean_repeat,101,clean_repeat_lib101_seed7
2,6,test,True,94,2.0999744000000646,7,33334,clean_repeat,101,clean_repeat_lib101_seed7
2,7,test,True,93,2.066671900000074,7,33334,clean_repeat,101,clean_repeat_lib101_seed7
2,8,test,True,108,2.417211799999677,7,33334,clean_repeat,101,clean_repeat_lib101_seed7
2,9,test,True,108,2.2367295999997623,7,33334,clean_repeat,101,clean_repeat_lib101_seed7
2,10,test,False,600,12.72559100000035,7,33334,clean_repeat,101,clean_repeat_lib101_seed7
2,11,test,True,104,2.2845366999999897,7,33334,clean_repeat,101,clean_repeat_lib101_seed7
2,12,test,True,100,3.396368700000039,7,33334,clean_repeat,101,clean_repeat_lib101_seed7
2,13,test,True,93,2.52185529999997,7,33334,clean_repeat,101,clean_repeat_lib101_seed7
2,14,test,True,93,1.9054179999998269,7,33334,clean_repeat,101,clean_repeat_lib101_seed7
2,15,test,True,98,2.141619300000002,7,33334,clean_repeat,101,clean_repeat_lib101_seed7
2,16,test,True,94,2.1583089000000655,7,33334,clean_repeat,101,clean_repeat_lib101_seed7
2,17,test,False,600,14.421220799999901,7,33334,clean_repeat,101,clean_repeat_lib101_seed7
2,18,test,True,118,2.4400934999998753,7,33334,clean_repeat,101,clean_repeat_lib101_seed7
2,19,test,True,92,1.9569671999997809,7,33334,clean_repeat,101,clean_repeat_lib101_seed7
3,0,test,True,87,2.2661362999997436,7,33334,clean_repeat,101,clean_repeat_lib101_seed7
3,1,test,True,84,2.129012899999907,7,33334,clean_repeat,101,clean_repeat_lib101_seed7
3,2,test,True,83,1.7878759999998692,7,33334,clean_repeat,101,clean_repeat_lib101_seed7
3,3,test,True,438,10.996444700000211,7,33334,clean_repeat,101,clean_repeat_lib101_seed7
3,4,test,True,86,1.941174300000057,7,33334,clean_repeat,101,clean_repeat_lib101_seed7
3,5,test,True,86,1.9126725000000988,7,33334,clean_repeat,101,clean_repeat_lib101_seed7
3,6,test,True,81,1.8373115999997935,7,33334,clean_repeat,101,clean_repeat_lib101_seed7
3,7,test,True,93,2.2111730000001444,7,33334,clean_repeat,101,clean_repeat_lib101_seed7
3,8,test,True,109,2.8956968000002234,7,33334,clean_repeat,101,clean_repeat_lib101_seed7
3,9,test,True,98,2.598109099999874,7,33334,clean_repeat,101,clean_repeat_lib101_seed7
3,10,test,True,90,2.126626500000384,7,33334,clean_repeat,101,clean_repeat_lib101_seed7
3,11,test,True,85,1.8321563999998034,7,33334,clean_repeat,101,clean_repeat_lib101_seed7
3,12,test,False,600,16.114712300000065,7,33334,clean_repeat,101,clean_repeat_lib101_seed7
3,13,test,True,84,1.8105898000003435,7,33334,clean_repeat,101,clean_repeat_lib101_seed7
3,14,test,True,84,1.8124386999998023,7,33334,clean_repeat,101,clean_repeat_lib101_seed7
3,15,test,True,82,1.6922104999998737,7,33334,clean_repeat,101,clean_repeat_lib101_seed7
3,16,test,True,97,2.2504342000002,7,33334,clean_repeat,101,clean_repeat_lib101_seed7
3,17,test,True,96,2.26866629999995,7,33334,clean_repeat,101,clean_repeat_lib101_seed7
3,18,test,True,94,2.1689707000000453,7,33334,clean_repeat,101,clean_repeat_lib101_seed7
3,19,test,True,98,2.1905040999999983,7,33334,clean_repeat,101,clean_repeat_lib101_seed7
4,0,test,False,600,18.014669400000002,7,33334,clean_repeat,101,clean_repeat_lib101_seed7
4,1,test,False,600,18.25776450000012,7,33334,clean_repeat,101,clean_repeat_lib101_seed7
4,2,test,True,125,3.048394500000086,7,33334,clean_repeat,101,clean_repeat_lib101_seed7
4,3,test,False,600,19.252022699999998,7,33334,clean_repeat,101,clean_repeat_lib101_seed7
4,4,test,True,129,3.2587836000002426,7,33334,clean_repeat,101,clean_repeat_lib101_seed7
4,5,test,True,112,2.521195700000135,7,33334,clean_repeat,101,clean_repeat_lib101_seed7
4,6,test,True,129,3.1883146999998644,7,33334,clean_repeat,101,clean_repeat_lib101_seed7
4,7,test,True,123,2.7967914000000746,7,33334,clean_repeat,101,clean_repeat_lib101_seed7
4,8,test,True,115,2.6079369999997652,7,33334,clean_repeat,101,clean_repeat_lib101_seed7
4,9,test,False,600,17.71586120000029,7,33334,clean_repeat,101,clean_repeat_lib101_seed7
4,10,test,False,600,16.764738899999884,7,33334,clean_repeat,101,clean_repeat_lib101_seed7
4,11,test,True,127,3.0099363999997877,7,33334,clean_repeat,101,clean_repeat_lib101_seed7
4,12,test,True,125,3.229989100000239,7,33334,clean_repeat,101,clean_repeat_lib101_seed7
4,13,test,True,129,2.9812912000002143,7,33334,clean_repeat,101,clean_repeat_lib101_seed7
4,14,test,True,120,2.6586852999998882,7,33334,clean_repeat,101,clean_repeat_lib101_seed7
4,15,test,True,129,3.0364918999998736,7,33334,clean_repeat,101,clean_repeat_lib101_seed7
4,16,test,True,122,2.839409500000329,7,33334,clean_repeat,101,clean_repeat_lib101_seed7
4,17,test,True,138,3.0986826999996993,7,33334,clean_repeat,101,clean_repeat_lib101_seed7
4,18,test,False,600,15.134074900000087,7,33334,clean_repeat,101,clean_repeat_lib101_seed7
4,19,test,True,133,3.5418687999999747,7,33334,clean_repeat,101,clean_repeat_lib101_seed7
5,0,test,True,98,2.2517241000000467,7,33334,clean_repeat,101,clean_repeat_lib101_seed7
5,1,test,True,92,1.9711677000000236,7,33334,clean_repeat,101,clean_repeat_lib101_seed7
5,2,test,True,94,2.1518223000002763,7,33334,clean_repeat,101,clean_repeat_lib101_seed7
5,3,test,False,600,16.8060889999997,7,33334,clean_repeat,101,clean_repeat_lib101_seed7
5,4,test,True,89,1.9206098999998176,7,33334,clean_repeat,101,clean_repeat_lib101_seed7
5,5,test,False,600,13.566485099999682,7,33334,clean_repeat,101,clean_repeat_lib101_seed7
5,6,test,True,97,2.181248699999742,7,33334,clean_repeat,101,clean_repeat_lib101_seed7
5,7,test,True,95,2.0969141999994463,7,33334,clean_repeat,101,clean_repeat_lib101_seed7
5,8,test,True,115,2.6818620999993072,7,33334,clean_repeat,101,clean_repeat_lib101_seed7
5,9,test,True,90,1.9021609000001263,7,33334,clean_repeat,101,clean_repeat_lib101_seed7
5,10,test,True,95,2.095657700000629,7,33334,clean_repeat,101,clean_repeat_lib101_seed7
5,11,test,True,137,3.894326600000568,7,33334,clean_repeat,101,clean_repeat_lib101_seed7
5,12,test,True,94,2.1758301999998366,7,33334,clean_repeat,101,clean_repeat_lib101_seed7
5,13,test,True,92,2.0969201999996585,7,33334,clean_repeat,101,clean_repeat_lib101_seed7
5,14,test,True,113,2.550134899999648,7,33334,clean_repeat,101,clean_repeat_lib101_seed7
5,15,test,False,600,15.046515900000486,7,33334,clean_repeat,101,clean_repeat_lib101_seed7
5,16,test,False,600,14.411107499999162,7,33334,clean_repeat,101,clean_repeat_lib101_seed7
5,17,test,True,104,2.4295725000001767,7,33334,clean_repeat,101,clean_repeat_lib101_seed7
5,18,test,True,106,2.888976399999592,7,33334,clean_repeat,101,clean_repeat_lib101_seed7
5,19,test,False,600,15.106127099999867,7,33334,clean_repeat,101,clean_repeat_lib101_seed7
6,0,test,True,108,2.6605508000002374,7,33334,clean_repeat,101,clean_repeat_lib101_seed7
6,1,test,True,101,2.504474200000004,7,33334,clean_repeat,101,clean_repeat_lib101_seed7
6,2,test,True,102,2.463126999999986,7,33334,clean_repeat,101,clean_repeat_lib101_seed7
6,3,test,True,97,2.431760899999972,7,33334,clean_repeat,101,clean_repeat_lib101_seed7
6,4,test,True,108,2.620276200000262,7,33334,clean_repeat,101,clean_repeat_lib101_seed7
6,5,test,True,111,2.662737499999821,7,33334,clean_repeat,101,clean_repeat_lib101_seed7
6,6,test,True,112,2.7541842000000543,7,33334,clean_repeat,101,clean_repeat_lib101_seed7
6,7,test,True,98,2.599388500000714,7,33334,clean_repeat,101,clean_repeat_lib101_seed7
6,8,test,True,111,2.8315618000005998,7,33334,clean_repeat,101,clean_repeat_lib101_seed7
6,9,test,True,113,3.052983700000368,7,33334,clean_repeat,101,clean_repeat_lib101_seed7
6,10,test,True,107,3.0420133999996324,7,33334,clean_repeat,101,clean_repeat_lib101_seed7
6,11,test,True,112,3.085848900000201,7,33334,clean_repeat,101,clean_repeat_lib101_seed7
6,12,test,True,111,2.7998831999993854,7,33334,clean_repeat,101,clean_repeat_lib101_seed7
6,13,test,True,100,2.4083079000001817,7,33334,clean_repeat,101,clean_repeat_lib101_seed7
6,14,test,True,104,2.5679661999993186,7,33334,clean_repeat,101,clean_repeat_lib101_seed7
6,15,test,True,102,2.6576082999999926,7,33334,clean_repeat,101,clean_repeat_lib101_seed7
6,16,test,True,100,2.7348228000000745,7,33334,clean_repeat,101,clean_repeat_lib101_seed7
6,17,test,True,94,2.306325300000026,7,33334,clean_repeat,101,clean_repeat_lib101_seed7
6,18,test,True,113,2.945863400000235,7,33334,clean_repeat,101,clean_repeat_lib101_seed7
6,19,test,True,98,2.3013787999998385,7,33334,clean_repeat,101,clean_repeat_lib101_seed7
7,0,test,True,117,2.9256807000001572,7,33334,clean_repeat,101,clean_repeat_lib101_seed7
7,1,test,False,600,17.33920760000001,7,33334,clean_repeat,101,clean_repeat_lib101_seed7
7,2,test,True,186,4.774265600000035,7,33334,clean_repeat,101,clean_repeat_lib101_seed7
7,3,test,False,600,17.099178000000393,7,33334,clean_repeat,101,clean_repeat_lib101_seed7
7,4,test,False,600,18.364597499999945,7,33334,clean_repeat,101,clean_repeat_lib101_seed7
7,5,test,False,600,18.358301700000084,7,33334,clean_repeat,101,clean_repeat_lib101_seed7
7,6,test,False,600,15.077427100000023,7,33334,clean_repeat,101,clean_repeat_lib101_seed7
7,7,test,True,140,3.7780290999999124,7,33334,clean_repeat,101,clean_repeat_lib101_seed7
7,8,test,False,600,19.761415800000577,7,33334,clean_repeat,101,clean_repeat_lib101_seed7
7,9,test,True,125,3.5146476999998413,7,33334,clean_repeat,101,clean_repeat_lib101_seed7
7,10,test,False,600,16.630591099999947,7,33334,clean_repeat,101,clean_repeat_lib101_seed7
7,11,test,False,600,17.837256299999353,7,33334,clean_repeat,101,clean_repeat_lib101_seed7
7,12,test,False,600,17.294872299999952,7,33334,clean_repeat,101,clean_repeat_lib101_seed7
7,13,test,False,600,17.6328311999996,7,33334,clean_repeat,101,clean_repeat_lib101_seed7
7,14,test,False,600,15.492796800000178,7,33334,clean_repeat,101,clean_repeat_lib101_seed7
7,15,test,True,126,3.8387097999993784,7,33334,clean_repeat,101,clean_repeat_lib101_seed7
7,16,test,False,600,17.0799049999996,7,33334,clean_repeat,101,clean_repeat_lib101_seed7
7,17,test,True,541,17.353570199999922,7,33334,clean_repeat,101,clean_repeat_lib101_seed7
7,18,test,True,133,3.3429998000001433,7,33334,clean_repeat,101,clean_repeat_lib101_seed7
7,19,test,False,600,21.15339159999985,7,33334,clean_repeat,101,clean_repeat_lib101_seed7
8,0,test,True,219,4.902751100000387,7,33334,clean_repeat,101,clean_repeat_lib101_seed7
8,1,test,True,96,2.161495399999694,7,33334,clean_repeat,101,clean_repeat_lib101_seed7
8,2,test,False,600,15.20520149999993,7,33334,clean_repeat,101,clean_repeat_lib101_seed7
8,3,test,True,91,2.0735282999994524,7,33334,clean_repeat,101,clean_repeat_lib101_seed7
8,4,test,False,600,15.11742360000062,7,33334,clean_repeat,101,clean_repeat_lib101_seed7
8,5,test,False,600,15.92878920000021,7,33334,clean_repeat,101,clean_repeat_lib101_seed7
8,6,test,True,87,1.8517432999997254,7,33334,clean_repeat,101,clean_repeat_lib101_seed7
8,7,test,True,209,5.682944000000134,7,33334,clean_repeat,101,clean_repeat_lib101_seed7
8,8,test,True,99,2.230850300000384,7,33334,clean_repeat,101,clean_repeat_lib101_seed7
8,9,test,True,95,1.9808917000000292,7,33334,clean_repeat,101,clean_repeat_lib101_seed7
8,10,test,True,96,2.1734406000005038,7,33334,clean_repeat,101,clean_repeat_lib101_seed7
8,11,test,True,92,1.9011906999994608,7,33334,clean_repeat,101,clean_repeat_lib101_seed7
8,12,test,True,87,1.7332591000003958,7,33334,clean_repeat,101,clean_repeat_lib101_seed7
8,13,test,True,91,1.8948811999998725,7,33334,clean_repeat,101,clean_repeat_lib101_seed7
8,14,test,True,92,1.9528519000004962,7,33334,clean_repeat,101,clean_repeat_lib101_seed7
8,15,test,True,96,2.0793174000000363,7,33334,clean_repeat,101,clean_repeat_lib101_seed7
8,16,test,True,89,1.931922300000224,7,33334,clean_repeat,101,clean_repeat_lib101_seed7
8,17,test,True,97,2.2842464999994263,7,33334,clean_repeat,101,clean_repeat_lib101_seed7
8,18,test,True,88,1.870396599999367,7,33334,clean_repeat,101,clean_repeat_lib101_seed7
8,19,test,True,97,2.1317847000000256,7,33334,clean_repeat,101,clean_repeat_lib101_seed7
9,0,test,True,116,3.214205100000072,7,33334,clean_repeat,101,clean_repeat_lib101_seed7
9,1,test,False,600,18.183970000000045,7,33334,clean_repeat,101,clean_repeat_lib101_seed7
9,2,test,False,600,18.73412240000016,7,33334,clean_repeat,101,clean_repeat_lib101_seed7
9,3,test,False,600,19.26818809999986,7,33334,clean_repeat,101,clean_repeat_lib101_seed7
9,4,test,True,131,3.601159299999381,7,33334,clean_repeat,101,clean_repeat_lib101_seed7
9,5,test,False,600,19.13193390000015,7,33334,clean_repeat,101,clean_repeat_lib101_seed7
9,6,test,False,600,19.175498599999628,7,33334,clean_repeat,101,clean_repeat_lib101_seed7
9,7,test,True,114,3.147684499999741,7,33334,clean_repeat,101,clean_repeat_lib101_seed7
9,8,test,False,600,21.147257499999796,7,33334,clean_repeat,101,clean_repeat_lib101_seed7
9,9,test,False,600,19.404908199999227,7,33334,clean_repeat,101,clean_repeat_lib101_seed7
9,10,test,False,600,18.74231789999976,7,33334,clean_repeat,101,clean_repeat_lib101_seed7
9,11,test,False,600,16.138240100000075,7,33334,clean_repeat,101,clean_repeat_lib101_seed7
9,12,test,False,600,17.23863739999979,7,33334,clean_repeat,101,clean_repeat_lib101_seed7
9,13,test,False,600,17.51434059999974,7,33334,clean_repeat,101,clean_repeat_lib101_seed7
9,14,test,True,114,2.814766600000439,7,33334,clean_repeat,101,clean_repeat_lib101_seed7
9,15,test,False,600,16.95862230000057,7,33334,clean_repeat,101,clean_repeat_lib101_seed7
9,16,test,True,117,2.8459850999997798,7,33334,clean_repeat,101,clean_repeat_lib101_seed7
9,17,test,False,600,17.533016900000803,7,33334,clean_repeat,101,clean_repeat_lib101_seed7
9,18,test,False,600,16.009251100000256,7,33334,clean_repeat,101,clean_repeat_lib101_seed7
9,19,test,True,164,4.543568800000685,7,33334,clean_repeat,101,clean_repeat_lib101_seed7
0,0,test,True,77,3.082744100000127,11,33334,clean_repeat,202,clean_repeat_lib202_seed11
0,1,test,False,600,24.78941169999962,11,33334,clean_repeat,202,clean_repeat_lib202_seed11
0,2,test,False,600,17.494634499998938,11,33334,clean_repeat,202,clean_repeat_lib202_seed11
0,3,test,True,80,2.134932900000422,11,33334,clean_repeat,202,clean_repeat_lib202_seed11
0,4,test,True,76,2.5473038999989512,11,33334,clean_repeat,202,clean_repeat_lib202_seed11
0,5,test,False,600,21.31299080000099,11,33334,clean_repeat,202,clean_repeat_lib202_seed11
0,6,test,True,75,2.4243409000009706,11,33334,clean_repeat,202,clean_repeat_lib202_seed11
0,7,test,True,81,2.9745188000015332,11,33334,clean_repeat,202,clean_repeat_lib202_seed11
0,8,test,True,78,2.4686317999985476,11,33334,clean_repeat,202,clean_repeat_lib202_seed11
0,9,test,True,76,2.422462700000324,11,33334,clean_repeat,202,clean_repeat_lib202_seed11
0,10,test,True,76,3.1938061000000744,11,33334,clean_repeat,202,clean_repeat_lib202_seed11
0,11,test,True,80,2.728703899996617,11,33334,clean_repeat,202,clean_repeat_lib202_seed11
0,12,test,True,74,2.2559461999990162,11,33334,clean_repeat,202,clean_repeat_lib202_seed11
0,13,test,False,600,20.061451699999452,11,33334,clean_repeat,202,clean_repeat_lib202_seed11
0,14,test,True,86,3.16026299999794,11,33334,clean_repeat,202,clean_repeat_lib202_seed11
0,15,test,True,69,2.3077594000023964,11,33334,clean_repeat,202,clean_repeat_lib202_seed11
0,16,test,True,76,4.2534006999994745,11,33334,clean_repeat,202,clean_repeat_lib202_seed11
0,17,test,True,74,2.5646015999991505,11,33334,clean_repeat,202,clean_repeat_lib202_seed11
0,18,test,False,600,22.889365499999258,11,33334,clean_repeat,202,clean_repeat_lib202_seed11
0,19,test,True,75,2.7478159999991476,11,33334,clean_repeat,202,clean_repeat_lib202_seed11
1,0,test,True,114,4.967931399998633,11,33334,clean_repeat,202,clean_repeat_lib202_seed11
1,1,test,True,107,3.9560507999995025,11,33334,clean_repeat,202,clean_repeat_lib202_seed11
1,2,test,True,112,3.7530655000009574,11,33334,clean_repeat,202,clean_repeat_lib202_seed11
1,3,test,True,114,3.822425700000167,11,33334,clean_repeat,202,clean_repeat_lib202_seed11
1,4,test,True,111,4.613742400000774,11,33334,clean_repeat,202,clean_repeat_lib202_seed11
1,5,test,True,104,4.602918399999908,11,33334,clean_repeat,202,clean_repeat_lib202_seed11
1,6,test,True,112,5.874300499999663,11,33334,clean_repeat,202,clean_repeat_lib202_seed11
1,7,test,True,282,15.736113599999953,11,33334,clean_repeat,202,clean_repeat_lib202_seed11
1,8,test,True,103,7.2818891999995685,11,33334,clean_repeat,202,clean_repeat_lib202_seed11
1,9,test,True,122,8.141909900001338,11,33334,clean_repeat,202,clean_repeat_lib202_seed11
1,10,test,True,130,8.420181900000898,11,33334,clean_repeat,202,clean_repeat_lib202_seed11
1,11,test,True,108,14.59410619999835,11,33334,clean_repeat,202,clean_repeat_lib202_seed11
1,12,test,True,105,9.850820299998304,11,33334,clean_repeat,202,clean_repeat_lib202_seed11
1,13,test,False,600,15.598466900000062,11,33334,clean_repeat,202,clean_repeat_lib202_seed11
1,14,test,True,104,2.5729983999999604,11,33334,clean_repeat,202,clean_repeat_lib202_seed11
1,15,test,True,105,2.292673100000002,11,33334,clean_repeat,202,clean_repeat_lib202_seed11
1,16,test,True,109,3.359382099999948,11,33334,clean_repeat,202,clean_repeat_lib202_seed11
1,17,test,True,222,6.205500099999995,11,33334,clean_repeat,202,clean_repeat_lib202_seed11
1,18,test,True,97,2.5439145999999937,11,33334,clean_repeat,202,clean_repeat_lib202_seed11
1,19,test,True,99,2.5853217999999742,11,33334,clean_repeat,202,clean_repeat_lib202_seed11
2,0,test,True,106,2.6067740999999387,11,33334,clean_repeat,202,clean_repeat_lib202_seed11
2,1,test,True,100,2.2310774000000038,11,33334,clean_repeat,202,clean_repeat_lib202_seed11
2,2,test,True,105,2.4754110000000082,11,33334,clean_repeat,202,clean_repeat_lib202_seed11
2,3,test,False,600,14.90027340000006,11,33334,clean_repeat,202,clean_repeat_lib202_seed11
2,4,test,True,100,2.1043448000000353,11,33334,clean_repeat,202,clean_repeat_lib202_seed11
2,5,test,False,600,14.220118400000047,11,33334,clean_repeat,202,clean_repeat_lib202_seed11
2,6,test,True,94,2.4944875999999567,11,33334,clean_repeat,202,clean_repeat_lib202_seed11
2,7,test,True,104,1.9437533000000258,11,33334,clean_repeat,202,clean_repeat_lib202_seed11
2,8,test,True,118,2.7891442000000097,11,33334,clean_repeat,202,clean_repeat_lib202_seed11
2,9,test,True,90,1.8100587999999789,11,33334,clean_repeat,202,clean_repeat_lib202_seed11
2,10,test,True,94,2.0580750999999964,11,33334,clean_repeat,202,clean_repeat_lib202_seed11
2,11,test,True,120,2.8215973000000076,11,33334,clean_repeat,202,clean_repeat_lib202_seed11
2,12,test,False,600,15.176926800000047,11,33334,clean_repeat,202,clean_repeat_lib202_seed11
2,13,test,True,95,1.9144317000000228,11,33334,clean_repeat,202,clean_repeat_lib202_seed11
2,14,test,True,130,2.488384300000007,11,33334,clean_repeat,202,clean_repeat_lib202_seed11
2,15,test,True,104,2.2530618999999206,11,33334,clean_repeat,202,clean_repeat_lib202_seed11
2,16,test,True,89,1.7682673999998997,11,33334,clean_repeat,202,clean_repeat_lib202_seed11
2,17,test,True,96,1.6866271000000097,11,33334,clean_repeat,202,clean_repeat_lib202_seed11
2,18,test,True,123,2.424629600000003,11,33334,clean_repeat,202,clean_repeat_lib202_seed11
2,19,test,True,110,2.1682309999999916,11,33334,clean_repeat,202,clean_repeat_lib202_seed11
3,0,test,True,87,2.552040199999965,11,33334,clean_repeat,202,clean_repeat_lib202_seed11
3,1,test,True,87,1.6593820999999025,11,33334,clean_repeat,202,clean_repeat_lib202_seed11
3,2,test,False,600,12.482586200000014,11,33334,clean_repeat,202,clean_repeat_lib202_seed11
3,3,test,True,115,2.325109100000077,11,33334,clean_repeat,202,clean_repeat_lib202_seed11
3,4,test,False,600,12.22675849999996,11,33334,clean_repeat,202,clean_repeat_lib202_seed11
3,5,test,True,87,1.8426230000000032,11,33334,clean_repeat,202,clean_repeat_lib202_seed11
3,6,test,True,86,2.2936983000001874,11,33334,clean_repeat,202,clean_repeat_lib202_seed11
3,7,test,True,81,3.371017599999959,11,33334,clean_repeat,202,clean_repeat_lib202_seed11
3,8,test,True,90,2.0081930000001194,11,33334,clean_repeat,202,clean_repeat_lib202_seed11
3,9,test,True,86,1.8211510999999518,11,33334,clean_repeat,202,clean_repeat_lib202_seed11
3,10,test,True,91,1.9403348999999253,11,33334,clean_repeat,202,clean_repeat_lib202_seed11
3,11,test,True,85,1.4863890999986324,11,33334,clean_repeat,202,clean_repeat_lib202_seed11
3,12,test,True,108,3.3152803999998923,11,33334,clean_repeat,202,clean_repeat_lib202_seed11
3,13,test,True,88,2.3230490999999347,11,33334,clean_repeat,202,clean_repeat_lib202_seed11
3,14,test,True,86,1.934190899999976,11,33334,clean_repeat,202,clean_repeat_lib202_seed11
3,15,test,True,80,2.1772163000000546,11,33334,clean_repeat,202,clean_repeat_lib202_seed11
3,16,test,True,80,2.2938698999998905,11,33334,clean_repeat,202,clean_repeat_lib202_seed11
3,17,test,True,92,4.586207800000011,11,33334,clean_repeat,202,clean_repeat_lib202_seed11
3,18,test,True,92,2.5924170999999205,11,33334,clean_repeat,202,clean_repeat_lib202_seed11
3,19,test,True,96,2.7375767000000906,11,33334,clean_repeat,202,clean_repeat_lib202_seed11
4,0,test,True,126,3.7605212999999367,11,33334,clean_repeat,202,clean_repeat_lib202_seed11
4,1,test,True,135,5.535335000000032,11,33334,clean_repeat,202,clean_repeat_lib202_seed11
4,2,test,True,119,6.278217699999914,11,33334,clean_repeat,202,clean_repeat_lib202_seed11
4,3,test,True,127,2.9168792000000394,11,33334,clean_repeat,202,clean_repeat_lib202_seed11
4,4,test,True,122,2.68310919999999,11,33334,clean_repeat,202,clean_repeat_lib202_seed11
4,5,test,True,149,3.838777899999968,11,33334,clean_repeat,202,clean_repeat_lib202_seed11
4,6,test,True,122,3.190837399999964,11,33334,clean_repeat,202,clean_repeat_lib202_seed11
4,7,test,True,136,9.676579499999889,11,33334,clean_repeat,202,clean_repeat_lib202_seed11
4,8,test,True,118,11.024999900000012,11,33334,clean_repeat,202,clean_repeat_lib202_seed11
4,9,test,True,128,4.521085099999937,11,33334,clean_repeat,202,clean_repeat_lib202_seed11
4,10,test,True,125,6.314482399999861,11,33334,clean_repeat,202,clean_repeat_lib202_seed11
4,11,test,True,119,4.493257300000096,11,33334,clean_repeat,202,clean_repeat_lib202_seed11
4,12,test,True,124,5.137807099999918,11,33334,clean_repeat,202,clean_repeat_lib202_seed11
4,13,test,True,137,6.117450999999846,11,33334,clean_repeat,202,clean_repeat_lib202_seed11
4,14,test,True,122,6.929646100000127,11,33334,clean_repeat,202,clean_repeat_lib202_seed11
4,15,test,False,600,26.723601099999996,11,33334,clean_repeat,202,clean_repeat_lib202_seed11
4,16,test,True,119,3.246923200000083,11,33334,clean_repeat,202,clean_repeat_lib202_seed11
4,17,test,True,129,6.0826189000001705,11,33334,clean_repeat,202,clean_repeat_lib202_seed11
4,18,test,True,133,4.78243220000013,11,33334,clean_repeat,202,clean_repeat_lib202_seed11
4,19,test,True,129,8.460117399999945,11,33334,clean_repeat,202,clean_repeat_lib202_seed11
5,0,test,True,95,7.068854900000133,11,33334,clean_repeat,202,clean_repeat_lib202_seed11
5,1,test,True,96,3.3630808999998862,11,33334,clean_repeat,202,clean_repeat_lib202_seed11
5,2,test,True,87,6.576954399999977,11,33334,clean_repeat,202,clean_repeat_lib202_seed11
5,3,test,False,600,36.51313660000005,11,33334,clean_repeat,202,clean_repeat_lib202_seed11
5,4,test,True,92,3.171640000000025,11,33334,clean_repeat,202,clean_repeat_lib202_seed11
5,5,test,True,100,4.753771199999846,11,33334,clean_repeat,202,clean_repeat_lib202_seed11
5,6,test,True,83,3.3972662000001037,11,33334,clean_repeat,202,clean_repeat_lib202_seed11
5,7,test,True,93,6.5707219000000805,11,33334,clean_repeat,202,clean_repeat_lib202_seed11
5,8,test,True,94,5.621634700000186,11,33334,clean_repeat,202,clean_repeat_lib202_seed11
5,9,test,False,600,35.0078211,11,33334,clean_repeat,202,clean_repeat_lib202_seed11
5,10,test,True,92,7.904480899999953,11,33334,clean_repeat,202,clean_repeat_lib202_seed11
5,11,test,True,92,11.24581020000005,11,33334,clean_repeat,202,clean_repeat_lib202_seed11
5,12,test,True,93,11.587712900000042,11,33334,clean_repeat,202,clean_repeat_lib202_seed11
5,13,test,True,95,7.439757999999983,11,33334,clean_repeat,202,clean_repeat_lib202_seed11
5,14,test,True,145,7.552261299999827,11,33334,clean_repeat,202,clean_repeat_lib202_seed11
5,15,test,True,87,3.773197600000003,11,33334,clean_repeat,202,clean_repeat_lib202_seed11
5,16,test,True,101,4.024479400000018,11,33334,clean_repeat,202,clean_repeat_lib202_seed11
5,17,test,True,118,6.423607899999752,11,33334,clean_repeat,202,clean_repeat_lib202_seed11
5,18,test,True,92,3.528758099999777,11,33334,clean_repeat,202,clean_repeat_lib202_seed11
5,19,test,True,108,4.267853600000308,11,33334,clean_repeat,202,clean_repeat_lib202_seed11
6,0,test,True,119,7.356449800000064,11,33334,clean_repeat,202,clean_repeat_lib202_seed11
6,1,test,True,103,3.540636100000029,11,33334,clean_repeat,202,clean_repeat_lib202_seed11
6,2,test,True,97,6.612328700000035,11,33334,clean_repeat,202,clean_repeat_lib202_seed11
6,3,test,True,109,9.229055699999662,11,33334,clean_repeat,202,clean_repeat_lib202_seed11
6,4,test,True,116,13.06685940000034,11,33334,clean_repeat,202,clean_repeat_lib202_seed11
6,5,test,False,600,149.3790328,11,33334,clean_repeat,202,clean_repeat_lib202_seed11
6,6,test,True,104,5.472038100000191,11,33334,clean_repeat,202,clean_repeat_lib202_seed11
6,7,test,True,137,14.027184099999886,11,33334,clean_repeat,202,clean_repeat_lib202_seed11
6,8,test,True,109,31.85288390000005,11,33334,clean_repeat,202,clean_repeat_lib202_seed11
6,9,test,True,188,23.135614199999964,11,33334,clean_repeat,202,clean_repeat_lib202_seed11
6,10,test,True,120,7.614782900000137,11,33334,clean_repeat,202,clean_repeat_lib202_seed11
6,11,test,True,103,4.98432079999975,11,33334,clean_repeat,202,clean_repeat_lib202_seed11
6,12,test,True,113,5.667259599999852,11,33334,clean_repeat,202,clean_repeat_lib202_seed11
6,13,test,True,96,4.42293860000018,11,33334,clean_repeat,202,clean_repeat_lib202_seed11
6,14,test,False,600,20.203245000000152,11,33334,clean_repeat,202,clean_repeat_lib202_seed11
6,15,test,True,116,3.6154136999998627,11,33334,clean_repeat,202,clean_repeat_lib202_seed11
6,16,test,True,100,4.046749600000112,11,33334,clean_repeat,202,clean_repeat_lib202_seed11
6,17,test,True,100,4.123171700000057,11,33334,clean_repeat,202,clean_repeat_lib202_seed11
6,18,test,True,113,3.707083500000408,11,33334,clean_repeat,202,clean_repeat_lib202_seed11
6,19,test,True,103,3.043308299999808,11,33334,clean_repeat,202,clean_repeat_lib202_seed11
7,0,test,True,156,4.978773099999671,11,33334,clean_repeat,202,clean_repeat_lib202_seed11
7,1,test,True,199,9.872387999999773,11,33334,clean_repeat,202,clean_repeat_lib202_seed11
7,2,test,True,134,4.70710999999983,11,33334,clean_repeat,202,clean_repeat_lib202_seed11
7,3,test,True,114,4.173592399999961,11,33334,clean_repeat,202,clean_repeat_lib202_seed11
7,4,test,False,600,22.193608700000368,11,33334,clean_repeat,202,clean_repeat_lib202_seed11
7,5,test,False,600,22.144657499999994,11,33334,clean_repeat,202,clean_repeat_lib202_seed11
7,6,test,True,153,6.060663900000236,11,33334,clean_repeat,202,clean_repeat_lib202_seed11
7,7,test,True,177,6.652355600000192,11,33334,clean_repeat,202,clean_repeat_lib202_seed11
7,8,test,False,600,19.6103978000001,11,33334,clean_repeat,202,clean_repeat_lib202_seed11
7,9,test,True,131,5.2817573000002085,11,33334,clean_repeat,202,clean_repeat_lib202_seed11
7,10,test,True,122,3.662951800000428,11,33334,clean_repeat,202,clean_repeat_lib202_seed11
7,11,test,False,600,15.590080499999658,11,33334,clean_repeat,202,clean_repeat_lib202_seed11
7,12,test,True,112,4.636876999999913,11,33334,clean_repeat,202,clean_repeat_lib202_seed11
7,13,test,False,600,20.148203900000226,11,33334,clean_repeat,202,clean_repeat_lib202_seed11
7,14,test,True,116,4.559419299999718,11,33334,clean_repeat,202,clean_repeat_lib202_seed11
7,15,test,True,132,5.063044099999843,11,33334,clean_repeat,202,clean_repeat_lib202_seed11
7,16,test,False,600,18.973128500000257,11,33334,clean_repeat,202,clean_repeat_lib202_seed11
7,17,test,True,165,6.724462399999993,11,33334,clean_repeat,202,clean_repeat_lib202_seed11
7,18,test,True,213,7.831357900000057,11,33334,clean_repeat,202,clean_repeat_lib202_seed11
7,19,test,False,600,21.417266599999948,11,33334,clean_repeat,202,clean_repeat_lib202_seed11
8,0,test,True,96,3.0968502000000626,11,33334,clean_repeat,202,clean_repeat_lib202_seed11
8,1,test,False,600,15.561553699999877,11,33334,clean_repeat,202,clean_repeat_lib202_seed11
8,2,test,False,600,19.13509440000007,11,33334,clean_repeat,202,clean_repeat_lib202_seed11
8,3,test,True,109,3.2395986000001358,11,33334,clean_repeat,202,clean_repeat_lib202_seed11
8,4,test,False,600,18.432525700000042,11,33334,clean_repeat,202,clean_repeat_lib202_seed11
8,5,test,True,98,2.7044212999999218,11,33334,clean_repeat,202,clean_repeat_lib202_seed11
8,6,test,True,91,2.441767499999969,11,33334,clean_repeat,202,clean_repeat_lib202_seed11
8,7,test,True,126,4.367067200000292,11,33334,clean_repeat,202,clean_repeat_lib202_seed11
8,8,test,True,94,3.1168861999999535,11,33334,clean_repeat,202,clean_repeat_lib202_seed11
8,9,test,True,87,2.307176100000106,11,33334,clean_repeat,202,clean_repeat_lib202_seed11
8,10,test,True,92,2.302190200000041,11,33334,clean_repeat,202,clean_repeat_lib202_seed11
8,11,test,True,110,3.8873985000000175,11,33334,clean_repeat,202,clean_repeat_lib202_seed11
8,12,test,True,81,2.6025544999993144,11,33334,clean_repeat,202,clean_repeat_lib202_seed11
8,13,test,True,93,2.9216239999996105,11,33334,clean_repeat,202,clean_repeat_lib202_seed11
8,14,test,True,97,2.998201700000209,11,33334,clean_repeat,202,clean_repeat_lib202_seed11
8,15,test,True,91,2.258821500000522,11,33334,clean_repeat,202,clean_repeat_lib202_seed11
8,16,test,True,100,2.8279571999992186,11,33334,clean_repeat,202,clean_repeat_lib202_seed11
8,17,test,True,92,3.106835399999909,11,33334,clean_repeat,202,clean_repeat_lib202_seed11
8,18,test,True,104,3.5343493999998827,11,33334,clean_repeat,202,clean_repeat_lib202_seed11
8,19,test,True,102,3.311754000000292,11,33334,clean_repeat,202,clean_repeat_lib202_seed11
9,0,test,True,131,4.684222199999567,11,33334,clean_repeat,202,clean_repeat_lib202_seed11
9,1,test,True,117,3.473715400000401,11,33334,clean_repeat,202,clean_repeat_lib202_seed11
9,2,test,False,600,24.963909899999635,11,33334,clean_repeat,202,clean_repeat_lib202_seed11
9,3,test,False,600,22.468774400000257,11,33334,clean_repeat,202,clean_repeat_lib202_seed11
9,4,test,False,600,23.5976397000004,11,33334,clean_repeat,202,clean_repeat_lib202_seed11
9,5,test,False,600,25.733482800000274,11,33334,clean_repeat,202,clean_repeat_lib202_seed11
9,6,test,False,600,18.623443500000576,11,33334,clean_repeat,202,clean_repeat_lib202_seed11
9,7,test,True,120,5.308719500000734,11,33334,clean_repeat,202,clean_repeat_lib202_seed11
9,8,test,True,129,5.123574900000676,11,33334,clean_repeat,202,clean_repeat_lib202_seed11
9,9,test,False,600,44.92607880000014,11,33334,clean_repeat,202,clean_repeat_lib202_seed11
9,10,test,True,118,9.110699700000623,11,33334,clean_repeat,202,clean_repeat_lib202_seed11
9,11,test,False,600,47.214446599999974,11,33334,clean_repeat,202,clean_repeat_lib202_seed11
9,12,test,False,600,36.79592769999999,11,33334,clean_repeat,202,clean_repeat_lib202_seed11
9,13,test,True,111,8.456256999999823,11,33334,clean_repeat,202,clean_repeat_lib202_seed11
9,14,test,True,111,8.074020799999744,11,33334,clean_repeat,202,clean_repeat_lib202_seed11
9,15,test,False,600,45.87774409999929,11,33334,clean_repeat,202,clean_repeat_lib202_seed11
9,16,test,False,600,37.98584039999969,11,33334,clean_repeat,202,clean_repeat_lib202_seed11
9,17,test,True,120,8.636202400000002,11,33334,clean_repeat,202,clean_repeat_lib202_seed11
9,18,test,False,600,50.13347430000067,11,33334,clean_repeat,202,clean_repeat_lib202_seed11
9,19,test,False,600,45.33028469999954,11,33334,clean_repeat,202,clean_repeat_lib202_seed11
0,0,test,True,263,7.220336000005773,23,33334,clean_repeat,303,clean_repeat_lib303_seed23
0,1,test,True,285,6.875867199996719,23,33334,clean_repeat,303,clean_repeat_lib303_seed23
0,2,test,True,79,1.2739546000011615,23,33334,clean_repeat,303,clean_repeat_lib303_seed23
0,3,test,True,78,1.4004289000004064,23,33334,clean_repeat,303,clean_repeat_lib303_seed23
0,4,test,True,74,1.2843991999980062,23,33334,clean_repeat,303,clean_repeat_lib303_seed23
0,5,test,True,80,1.3437737000058405,23,33334,clean_repeat,303,clean_repeat_lib303_seed23
0,6,test,True,74,1.221309200001997,23,33334,clean_repeat,303,clean_repeat_lib303_seed23
0,7,test,True,78,1.2994347999992897,23,33334,clean_repeat,303,clean_repeat_lib303_seed23
0,8,test,True,87,1.4215222999991965,23,33334,clean_repeat,303,clean_repeat_lib303_seed23
0,9,test,True,90,1.5744977999929688,23,33334,clean_repeat,303,clean_repeat_lib303_seed23
0,10,test,True,87,1.5047570999959134,23,33334,clean_repeat,303,clean_repeat_lib303_seed23
0,11,test,True,78,1.3327834000010625,23,33334,clean_repeat,303,clean_repeat_lib303_seed23
0,12,test,True,81,1.3328912999932072,23,33334,clean_repeat,303,clean_repeat_lib303_seed23
0,13,test,True,78,1.280167299999448,23,33334,clean_repeat,303,clean_repeat_lib303_seed23
0,14,test,True,77,1.2378899999966961,23,33334,clean_repeat,303,clean_repeat_lib303_seed23
0,15,test,True,76,1.2408690999945975,23,33334,clean_repeat,303,clean_repeat_lib303_seed23
0,16,test,False,600,15.026923799996439,23,33334,clean_repeat,303,clean_repeat_lib303_seed23
0,17,test,True,71,1.2883121999984724,23,33334,clean_repeat,303,clean_repeat_lib303_seed23
0,18,test,True,86,1.5089196000044467,23,33334,clean_repeat,303,clean_repeat_lib303_seed23
0,19,test,True,73,1.2502026000001933,23,33334,clean_repeat,303,clean_repeat_lib303_seed23
1,0,test,True,112,2.0446528000029502,23,33334,clean_repeat,303,clean_repeat_lib303_seed23
1,1,test,True,111,2.080340400003479,23,33334,clean_repeat,303,clean_repeat_lib303_seed23
1,2,test,True,113,2.229544200003147,23,33334,clean_repeat,303,clean_repeat_lib303_seed23
1,3,test,True,111,2.1250682000027155,23,33334,clean_repeat,303,clean_repeat_lib303_seed23
1,4,test,True,102,1.731635299998743,23,33334,clean_repeat,303,clean_repeat_lib303_seed23
1,5,test,False,600,17.284848400006013,23,33334,clean_repeat,303,clean_repeat_lib303_seed23
1,6,test,True,109,1.8935408999968786,23,33334,clean_repeat,303,clean_repeat_lib303_seed23
1,7,test,False,600,14.387201699995785,23,33334,clean_repeat,303,clean_repeat_lib303_seed23
1,8,test,True,106,1.9034298999977182,23,33334,clean_repeat,303,clean_repeat_lib303_seed23
1,9,test,True,114,1.9399386000004597,23,33334,clean_repeat,303,clean_repeat_lib303_seed23
1,10,test,True,331,9.174879799997143,23,33334,clean_repeat,303,clean_repeat_lib303_seed23
1,11,test,False,600,13.099142599996412,23,33334,clean_repeat,303,clean_repeat_lib303_seed23
1,12,test,True,153,2.979396700000507,23,33334,clean_repeat,303,clean_repeat_lib303_seed23
1,13,test,True,96,1.5988517000005231,23,33334,clean_repeat,303,clean_repeat_lib303_seed23
1,14,test,False,600,16.134010100002342,23,33334,clean_repeat,303,clean_repeat_lib303_seed23
1,15,test,True,113,2.1558227999994415,23,33334,clean_repeat,303,clean_repeat_lib303_seed23
1,16,test,False,600,16.909771700004057,23,33334,clean_repeat,303,clean_repeat_lib303_seed23
1,17,test,True,104,1.8912381999980425,23,33334,clean_repeat,303,clean_repeat_lib303_seed23
1,18,test,True,102,1.7842021999967983,23,33334,clean_repeat,303,clean_repeat_lib303_seed23
1,19,test,True,251,5.988821799997822,23,33334,clean_repeat,303,clean_repeat_lib303_seed23
2,0,test,False,600,15.632151500001783,23,33334,clean_repeat,303,clean_repeat_lib303_seed23
2,1,test,True,96,1.6310591000001295,23,33334,clean_repeat,303,clean_repeat_lib303_seed23
2,2,test,True,96,1.6182969000001322,23,33334,clean_repeat,303,clean_repeat_lib303_seed23
2,3,test,True,87,1.5271033000026364,23,33334,clean_repeat,303,clean_repeat_lib303_seed23
2,4,test,True,102,1.777256800000032,23,33334,clean_repeat,303,clean_repeat_lib303_seed23
2,5,test,True,106,1.8649975000007544,23,33334,clean_repeat,303,clean_repeat_lib303_seed23
2,6,test,True,93,1.5905480000001262,23,33334,clean_repeat,303,clean_repeat_lib303_seed23
2,7,test,True,97,1.6766322000039509,23,33334,clean_repeat,303,clean_repeat_lib303_seed23
2,8,test,True,102,1.741606800002046,23,33334,clean_repeat,303,clean_repeat_lib303_seed23
2,9,test,True,119,2.2851335000013933,23,33334,clean_repeat,303,clean_repeat_lib303_seed23
2,10,test,True,95,1.541565499996068,23,33334,clean_repeat,303,clean_repeat_lib303_seed23
2,11,test,True,103,1.8136462999973446,23,33334,clean_repeat,303,clean_repeat_lib303_seed23
2,12,test,True,106,1.7221563999992213,23,33334,clean_repeat,303,clean_repeat_lib303_seed23
2,13,test,True,90,1.5815579000045545,23,33334,clean_repeat,303,clean_repeat_lib303_seed23
2,14,test,True,115,2.045551199997135,23,33334,clean_repeat,303,clean_repeat_lib303_seed23
2,15,test,True,121,2.218399400000635,23,33334,clean_repeat,303,clean_repeat_lib303_seed23
2,16,test,True,102,1.9694273999994039,23,33334,clean_repeat,303,clean_repeat_lib303_seed23
2,17,test,True,100,1.8546231000000262,23,33334,clean_repeat,303,clean_repeat_lib303_seed23
2,18,test,True,100,1.693811299999652,23,33334,clean_repeat,303,clean_repeat_lib303_seed23
2,19,test,True,98,1.747266500002297,23,33334,clean_repeat,303,clean_repeat_lib303_seed23
3,0,test,False,600,14.6568430000043,23,33334,clean_repeat,303,clean_repeat_lib303_seed23
3,1,test,True,137,2.884197799998219,23,33334,clean_repeat,303,clean_repeat_lib303_seed23
3,2,test,True,75,1.30507779999607,23,33334,clean_repeat,303,clean_repeat_lib303_seed23
3,3,test,True,88,1.5875594999961322,23,33334,clean_repeat,303,clean_repeat_lib303_seed23
3,4,test,True,92,1.6634650999985752,23,33334,clean_repeat,303,clean_repeat_lib303_seed23
3,5,test,True,93,1.7688277999986894,23,33334,clean_repeat,303,clean_repeat_lib303_seed23
3,6,test,True,105,1.865622199999052,23,33334,clean_repeat,303,clean_repeat_lib303_seed23
3,7,test,True,86,1.442796700001054,23,33334,clean_repeat,303,clean_repeat_lib303_seed23
3,8,test,True,82,1.4039943000025232,23,33334,clean_repeat,303,clean_repeat_lib303_seed23
3,9,test,True,89,1.6684695000003558,23,33334,clean_repeat,303,clean_repeat_lib303_seed23
3,10,test,True,90,1.5585872000010568,23,33334,clean_repeat,303,clean_repeat_lib303_seed23
3,11,test,True,83,1.4660880000010366,23,33334,clean_repeat,303,clean_repeat_lib303_seed23
3,12,test,True,91,1.6691909000001033,23,33334,clean_repeat,303,clean_repeat_lib303_seed23
3,13,test,False,600,15.537711800003308,23,33334,clean_repeat,303,clean_repeat_lib303_seed23
3,14,test,True,93,1.609349199999997,23,33334,clean_repeat,303,clean_repeat_lib303_seed23
3,15,test,True,81,1.4223051000008127,23,33334,clean_repeat,303,clean_repeat_lib303_seed23
3,16,test,False,600,16.664774700002454,23,33334,clean_repeat,303,clean_repeat_lib303_seed23
3,17,test,True,81,1.453968599998916,23,33334,clean_repeat,303,clean_repeat_lib303_seed23
3,18,test,True,106,2.0495734000069206,23,33334,clean_repeat,303,clean_repeat_lib303_seed23
3,19,test,True,84,1.4738860999932513,23,33334,clean_repeat,303,clean_repeat_lib303_seed23
4,0,test,True,131,2.6377728000006755,23,33334,clean_repeat,303,clean_repeat_lib303_seed23
4,1,test,False,600,16.724275900000066,23,33334,clean_repeat,303,clean_repeat_lib303_seed23
4,2,test,True,134,2.589905799999542,23,33334,clean_repeat,303,clean_repeat_lib303_seed23
4,3,test,True,124,2.4830599000051734,23,33334,clean_repeat,303,clean_repeat_lib303_seed23
4,4,test,True,128,2.4900722000020323,23,33334,clean_repeat,303,clean_repeat_lib303_seed23
4,5,test,True,154,3.1778778999942006,23,33334,clean_repeat,303,clean_repeat_lib303_seed23
4,6,test,False,600,15.354795400002331,23,33334,clean_repeat,303,clean_repeat_lib303_seed23
4,7,test,True,135,2.635414199998195,23,33334,clean_repeat,303,clean_repeat_lib303_seed23
4,8,test,True,155,2.911749200000486,23,33334,clean_repeat,303,clean_repeat_lib303_seed23
4,9,test,True,125,2.3100179999964894,23,33334,clean_repeat,303,clean_repeat_lib303_seed23
4,10,test,True,165,3.256714099996316,23,33334,clean_repeat,303,clean_repeat_lib303_seed23
4,11,test,False,600,15.093143700003566,23,33334,clean_repeat,303,clean_repeat_lib303_seed23
4,12,test,True,130,2.5121452000021236,23,33334,clean_repeat,303,clean_repeat_lib303_seed23
4,13,test,True,146,2.8261981000032392,23,33334,clean_repeat,303,clean_repeat_lib303_seed23
4,14,test,True,125,2.4110465999983717,23,33334,clean_repeat,303,clean_repeat_lib303_seed23
4,15,test,False,600,15.516420799998741,23,33334,clean_repeat,303,clean_repeat_lib303_seed23
4,16,test,True,124,2.333578999998281,23,33334,clean_repeat,303,clean_repeat_lib303_seed23
4,17,test,False,600,16.475483000001987,23,33334,clean_repeat,303,clean_repeat_lib303_seed23
4,18,test,False,600,15.023090100003174,23,33334,clean_repeat,303,clean_repeat_lib303_seed23
4,19,test,True,129,2.5203255000014906,23,33334,clean_repeat,303,clean_repeat_lib303_seed23
5,0,test,True,259,6.071158800004923,23,33334,clean_repeat,303,clean_repeat_lib303_seed23
5,1,test,False,600,14.493783499994606,23,33334,clean_repeat,303,clean_repeat_lib303_seed23
5,2,test,True,92,1.564468600001419,23,33334,clean_repeat,303,clean_repeat_lib303_seed23
5,3,test,False,600,17.440861700000823,23,33334,clean_repeat,303,clean_repeat_lib303_seed23
5,4,test,True,91,1.5951428999978816,23,33334,clean_repeat,303,clean_repeat_lib303_seed23
5,5,test,False,600,17.425370299999486,23,33334,clean_repeat,303,clean_repeat_lib303_seed23
5,6,test,True,94,1.6267986000020755,23,33334,clean_repeat,303,clean_repeat_lib303_seed23
5,7,test,True,85,1.524272700000438,23,33334,clean_repeat,303,clean_repeat_lib303_seed23
5,8,test,True,88,1.5382098999980371,23,33334,clean_repeat,303,clean_repeat_lib303_seed23
5,9,test,False,600,23.98601890000282,23,33334,clean_repeat,303,clean_repeat_lib303_seed23
5,10,test,True,88,1.497711399999389,23,33334,clean_repeat,303,clean_repeat_lib303_seed23
5,11,test,True,96,1.6723392999992939,23,33334,clean_repeat,303,clean_repeat_lib303_seed23
5,12,test,True,87,1.6197338000056334,23,33334,clean_repeat,303,clean_repeat_lib303_seed23
5,13,test,True,106,2.1663990000015474,23,33334,clean_repeat,303,clean_repeat_lib303_seed23
5,14,test,True,94,1.7424010000031558,23,33334,clean_repeat,303,clean_repeat_lib303_seed23
5,15,test,True,86,1.6093352000025334,23,33334,clean_repeat,303,clean_repeat_lib303_seed23
5,16,test,False,600,13.313359200001287,23,33334,clean_repeat,303,clean_repeat_lib303_seed23
5,17,test,True,104,2.056651000006241,23,33334,clean_repeat,303,clean_repeat_lib303_seed23
5,18,test,False,600,16.02234309999767,23,33334,clean_repeat,303,clean_repeat_lib303_seed23
5,19,test,False,600,15.310346800004481,23,33334,clean_repeat,303,clean_repeat_lib303_seed23
6,0,test,True,114,2.436270100006368,23,33334,clean_repeat,303,clean_repeat_lib303_seed23
6,1,test,True,112,2.215866799997457,23,33334,clean_repeat,303,clean_repeat_lib303_seed23
6,2,test,True,102,2.30495659999724,23,33334,clean_repeat,303,clean_repeat_lib303_seed23
6,3,test,True,102,2.1099471999987145,23,33334,clean_repeat,303,clean_repeat_lib303_seed23
6,4,test,True,98,1.9303967000014381,23,33334,clean_repeat,303,clean_repeat_lib303_seed23
6,5,test,True,121,2.628589899999497,23,33334,clean_repeat,303,clean_repeat_lib303_seed23
6,6,test,True,111,2.2938962999978685,23,33334,clean_repeat,303,clean_repeat_lib303_seed23
6,7,test,True,102,2.232058400004462,23,33334,clean_repeat,303,clean_repeat_lib303_seed23
6,8,test,True,115,2.6860165000034613,23,33334,clean_repeat,303,clean_repeat_lib303_seed23
6,9,test,True,98,2.0002587999988464,23,33334,clean_repeat,303,clean_repeat_lib303_seed23
6,10,test,True,102,2.2387560000061058,23,33334,clean_repeat,303,clean_repeat_lib303_seed23
6,11,test,True,108,2.318351200003235,23,33334,clean_repeat,303,clean_repeat_lib303_seed23
6,12,test,False,600,16.957483799997135,23,33334,clean_repeat,303,clean_repeat_lib303_seed23
6,13,test,True,92,1.8536864999987301,23,33334,clean_repeat,303,clean_repeat_lib303_seed23
6,14,test,True,117,2.478002900003048,23,33334,clean_repeat,303,clean_repeat_lib303_seed23
6,15,test,False,600,16.53482719999738,23,33334,clean_repeat,303,clean_repeat_lib303_seed23
6,16,test,False,600,15.395672300001024,23,33334,clean_repeat,303,clean_repeat_lib303_seed23
6,17,test,False,600,14.62568970000575,23,33334,clean_repeat,303,clean_repeat_lib303_seed23
6,18,test,True,114,2.40503549999994,23,33334,clean_repeat,303,clean_repeat_lib303_seed23
6,19,test,True,101,2.017007000002195,23,33334,clean_repeat,303,clean_repeat_lib303_seed23
7,0,test,True,144,3.2944968000010704,23,33334,clean_repeat,303,clean_repeat_lib303_seed23
7,1,test,False,600,17.922821599997405,23,33334,clean_repeat,303,clean_repeat_lib303_seed23
7,2,test,False,600,17.92989099999977,23,33334,clean_repeat,303,clean_repeat_lib303_seed23
7,3,test,False,600,18.41075329999876,23,33334,clean_repeat,303,clean_repeat_lib303_seed23
7,4,test,False,600,17.276609399996232,23,33334,clean_repeat,303,clean_repeat_lib303_seed23
7,5,test,False,600,17.044282199996815,23,33334,clean_repeat,303,clean_repeat_lib303_seed23
7,6,test,False,600,16.039122200003476,23,33334,clean_repeat,303,clean_repeat_lib303_seed23
7,7,test,True,148,3.337573299999349,23,33334,clean_repeat,303,clean_repeat_lib303_seed23
7,8,test,False,600,14.485742600001686,23,33334,clean_repeat,303,clean_repeat_lib303_seed23
7,9,test,False,600,15.830012999998871,23,33334,clean_repeat,303,clean_repeat_lib303_seed23
7,10,test,False,600,17.069922099995892,23,33334,clean_repeat,303,clean_repeat_lib303_seed23
7,11,test,False,600,16.897392200000468,23,33334,clean_repeat,303,clean_repeat_lib303_seed23
7,12,test,False,600,17.872435199999018,23,33334,clean_repeat,303,clean_repeat_lib303_seed23
7,13,test,False,600,17.11920950000058,23,33334,clean_repeat,303,clean_repeat_lib303_seed23
7,14,test,False,600,15.710030900001584,23,33334,clean_repeat,303,clean_repeat_lib303_seed23
7,15,test,True,140,3.0921057000014116,23,33334,clean_repeat,303,clean_repeat_lib303_seed23
7,16,test,False,600,16.83797520000371,23,33334,clean_repeat,303,clean_repeat_lib303_seed23
7,17,test,True,122,2.686254200001713,23,33334,clean_repeat,303,clean_repeat_lib303_seed23
7,18,test,True,128,2.8747130000047036,23,33334,clean_repeat,303,clean_repeat_lib303_seed23
7,19,test,False,600,16.637676599995757,23,33334,clean_repeat,303,clean_repeat_lib303_seed23
8,0,test,True,110,1.866195599999628,23,33334,clean_repeat,303,clean_repeat_lib303_seed23
8,1,test,True,96,1.7996929000000819,23,33334,clean_repeat,303,clean_repeat_lib303_seed23
8,2,test,True,100,1.6494415999986813,23,33334,clean_repeat,303,clean_repeat_lib303_seed23
8,3,test,True,94,1.6036907999950927,23,33334,clean_repeat,303,clean_repeat_lib303_seed23
8,4,test,False,600,15.569901899994875,23,33334,clean_repeat,303,clean_repeat_lib303_seed23
8,5,test,True,98,1.6947851000004448,23,33334,clean_repeat,303,clean_repeat_lib303_seed23
8,6,test,False,600,13.927395599996089,23,33334,clean_repeat,303,clean_repeat_lib303_seed23
8,7,test,True,169,3.5915602999957628,23,33334,clean_repeat,303,clean_repeat_lib303_seed23
8,8,test,True,99,1.6631735999981174,23,33334,clean_repeat,303,clean_repeat_lib303_seed23
8,9,test,True,99,1.6164672000013525,23,33334,clean_repeat,303,clean_repeat_lib303_seed23
8,10,test,True,95,1.6052418999970541,23,33334,clean_repeat,303,clean_repeat_lib303_seed23
8,11,test,True,91,1.5446799999990617,23,33334,clean_repeat,303,clean_repeat_lib303_seed23
8,12,test,True,79,1.3865793000004487,23,33334,clean_repeat,303,clean_repeat_lib303_seed23
8,13,test,True,149,2.626548600004753,23,33334,clean_repeat,303,clean_repeat_lib303_seed23
8,14,test,True,98,1.6959996000005049,23,33334,clean_repeat,303,clean_repeat_lib303_seed23
8,15,test,True,107,1.9221948999984306,23,33334,clean_repeat,303,clean_repeat_lib303_seed23
8,16,test,False,600,13.949873400000797,23,33334,clean_repeat,303,clean_repeat_lib303_seed23
8,17,test,True,98,1.7106529000011506,23,33334,clean_repeat,303,clean_repeat_lib303_seed23
8,18,test,True,92,1.4678453000014997,23,33334,clean_repeat,303,clean_repeat_lib303_seed23
8,19,test,True,92,1.5220152999972925,23,33334,clean_repeat,303,clean_repeat_lib303_seed23
9,0,test,False,600,16.316741900001944,23,33334,clean_repeat,303,clean_repeat_lib303_seed23
9,1,test,True,123,2.712050000001909,23,33334,clean_repeat,303,clean_repeat_lib303_seed23
9,2,test,False,600,17.38651910000044,23,33334,clean_repeat,303,clean_repeat_lib303_seed23
9,3,test,True,118,2.5713465000008,23,33334,clean_repeat,303,clean_repeat_lib303_seed23
9,4,test,True,124,2.7133075000019744,23,33334,clean_repeat,303,clean_repeat_lib303_seed23
9,5,test,False,600,17.932759199997236,23,33334,clean_repeat,303,clean_repeat_lib303_seed23
9,6,test,True,128,2.784251100005349,23,33334,clean_repeat,303,clean_repeat_lib303_seed23
9,7,test,False,600,18.09554300000309,23,33334,clean_repeat,303,clean_repeat_lib303_seed23
9,8,test,True,139,3.154469600005541,23,33334,clean_repeat,303,clean_repeat_lib303_seed23
9,9,test,True,124,2.665540600006352,23,33334,clean_repeat,303,clean_repeat_lib303_seed23
9,10,test,True,119,2.5339163999960874,23,33334,clean_repeat,303,clean_repeat_lib303_seed23
9,11,test,True,121,2.6149562999999034,23,33334,clean_repeat,303,clean_repeat_lib303_seed23
9,12,test,True,128,2.973544899999979,23,33334,clean_repeat,303,clean_repeat_lib303_seed23
9,13,test,True,121,2.6559045999965747,23,33334,clean_repeat,303,clean_repeat_lib303_seed23
9,14,test,False,600,17.870992600001046,23,33334,clean_repeat,303,clean_repeat_lib303_seed23
9,15,test,True,112,2.3458308999979636,23,33334,clean_repeat,303,clean_repeat_lib303_seed23
9,16,test,False,600,19.375604299995757,23,33334,clean_repeat,303,clean_repeat_lib303_seed23
9,17,test,False,600,17.7847277999972,23,33334,clean_repeat,303,clean_repeat_lib303_seed23
9,18,test,False,600,17.62320870000258,23,33334,clean_repeat,303,clean_repeat_lib303_seed23
9,19,test,False,600,19.361839700002747,23,33334,clean_repeat,303,clean_repeat_lib303_seed23
0,0,test,True,81,1.9095874000004187,7,33334,gaussian_recovery,101,gaussian_recovery_lib101_seed7
0,1,test,True,161,3.4783629999992627,7,33334,gaussian_recovery,101,gaussian_recovery_lib101_seed7
0,2,test,False,600,12.600420299999314,7,33334,gaussian_recovery,101,gaussian_recovery_lib101_seed7
0,3,test,True,80,1.6008425999998508,7,33334,gaussian_recovery,101,gaussian_recovery_lib101_seed7
0,4,test,True,80,1.6447467000007236,7,33334,gaussian_recovery,101,gaussian_recovery_lib101_seed7
0,5,test,True,72,1.418949099999736,7,33334,gaussian_recovery,101,gaussian_recovery_lib101_seed7
0,6,test,True,75,1.555776600000172,7,33334,gaussian_recovery,101,gaussian_recovery_lib101_seed7
0,7,test,False,600,13.26846420000038,7,33334,gaussian_recovery,101,gaussian_recovery_lib101_seed7
0,8,test,True,79,1.5890284999995856,7,33334,gaussian_recovery,101,gaussian_recovery_lib101_seed7
0,9,test,True,70,1.3467743000001065,7,33334,gaussian_recovery,101,gaussian_recovery_lib101_seed7
0,10,test,False,600,13.660010800000236,7,33334,gaussian_recovery,101,gaussian_recovery_lib101_seed7
0,11,test,True,85,1.883711200000107,7,33334,gaussian_recovery,101,gaussian_recovery_lib101_seed7
0,12,test,True,79,1.597993299999871,7,33334,gaussian_recovery,101,gaussian_recovery_lib101_seed7
0,13,test,True,79,1.6239305000008244,7,33334,gaussian_recovery,101,gaussian_recovery_lib101_seed7
0,14,test,True,146,4.156272299999728,7,33334,gaussian_recovery,101,gaussian_recovery_lib101_seed7
0,15,test,True,74,1.4578531000006478,7,33334,gaussian_recovery,101,gaussian_recovery_lib101_seed7
0,16,test,True,82,1.7600235999998404,7,33334,gaussian_recovery,101,gaussian_recovery_lib101_seed7
0,17,test,True,69,1.4760213999998086,7,33334,gaussian_recovery,101,gaussian_recovery_lib101_seed7
0,18,test,True,90,2.165475900000274,7,33334,gaussian_recovery,101,gaussian_recovery_lib101_seed7
0,19,test,False,600,13.397618099999818,7,33334,gaussian_recovery,101,gaussian_recovery_lib101_seed7
1,0,test,True,125,2.8884846000000834,7,33334,gaussian_recovery,101,gaussian_recovery_lib101_seed7
1,1,test,True,115,2.6838096999999834,7,33334,gaussian_recovery,101,gaussian_recovery_lib101_seed7
1,2,test,True,101,2.245593500000723,7,33334,gaussian_recovery,101,gaussian_recovery_lib101_seed7
1,3,test,True,104,2.2204006000001755,7,33334,gaussian_recovery,101,gaussian_recovery_lib101_seed7
1,4,test,True,112,2.230539299999691,7,33334,gaussian_recovery,101,gaussian_recovery_lib101_seed7
1,5,test,True,106,2.007611099999849,7,33334,gaussian_recovery,101,gaussian_recovery_lib101_seed7
1,6,test,False,600,12.935201499999494,7,33334,gaussian_recovery,101,gaussian_recovery_lib101_seed7
1,7,test,True,119,2.169805499999711,7,33334,gaussian_recovery,101,gaussian_recovery_lib101_seed7
1,8,test,True,104,2.14583599999969,7,33334,gaussian_recovery,101,gaussian_recovery_lib101_seed7
1,9,test,True,112,2.0825148000003537,7,33334,gaussian_recovery,101,gaussian_recovery_lib101_seed7
1,10,test,True,110,1.917975800000022,7,33334,gaussian_recovery,101,gaussian_recovery_lib101_seed7
1,11,test,True,116,1.976752999999917,7,33334,gaussian_recovery,101,gaussian_recovery_lib101_seed7
1,12,test,True,107,1.811885600000096,7,33334,gaussian_recovery,101,gaussian_recovery_lib101_seed7
1,13,test,True,113,2.097043499999927,7,33334,gaussian_recovery,101,gaussian_recovery_lib101_seed7
1,14,test,True,108,1.862938700000086,7,33334,gaussian_recovery,101,gaussian_recovery_lib101_seed7
1,15,test,True,105,1.8318703999993886,7,33334,gaussian_recovery,101,gaussian_recovery_lib101_seed7
1,16,test,True,108,2.1121226000004754,7,33334,gaussian_recovery,101,gaussian_recovery_lib101_seed7
1,17,test,True,97,2.162176800000452,7,33334,gaussian_recovery,101,gaussian_recovery_lib101_seed7
1,18,test,True,109,1.9574976000003517,7,33334,gaussian_recovery,101,gaussian_recovery_lib101_seed7
1,19,test,True,110,2.2568718000002264,7,33334,gaussian_recovery,101,gaussian_recovery_lib101_seed7
2,0,test,False,600,12.62505020000026,7,33334,gaussian_recovery,101,gaussian_recovery_lib101_seed7
2,1,test,True,101,1.7643389999993815,7,33334,gaussian_recovery,101,gaussian_recovery_lib101_seed7
2,2,test,False,600,13.59790890000022,7,33334,gaussian_recovery,101,gaussian_recovery_lib101_seed7
2,3,test,False,600,13.865972300000067,7,33334,gaussian_recovery,101,gaussian_recovery_lib101_seed7
2,4,test,True,100,1.6952558000002682,7,33334,gaussian_recovery,101,gaussian_recovery_lib101_seed7
2,5,test,True,92,1.5887913999995362,7,33334,gaussian_recovery,101,gaussian_recovery_lib101_seed7
2,6,test,True,91,1.5285608000003776,7,33334,gaussian_recovery,101,gaussian_recovery_lib101_seed7
2,7,test,True,94,1.5973490999995192,7,33334,gaussian_recovery,101,gaussian_recovery_lib101_seed7
2,8,test,True,112,2.1827398000004905,7,33334,gaussian_recovery,101,gaussian_recovery_lib101_seed7
2,9,test,True,97,1.977737100000013,7,33334,gaussian_recovery,101,gaussian_recovery_lib101_seed7
2,10,test,True,105,1.7859650000000329,7,33334,gaussian_recovery,101,gaussian_recovery_lib101_seed7
2,11,test,True,101,1.7282631000007314,7,33334,gaussian_recovery,101,gaussian_recovery_lib101_seed7
2,12,test,True,90,1.607934199999363,7,33334,gaussian_recovery,101,gaussian_recovery_lib101_seed7
2,13,test,True,96,1.9009292000000642,7,33334,gaussian_recovery,101,gaussian_recovery_lib101_seed7
2,14,test,True,172,3.11645850000059,7,33334,gaussian_recovery,101,gaussian_recovery_lib101_seed7
2,15,test,True,101,1.7399467000004734,7,33334,gaussian_recovery,101,gaussian_recovery_lib101_seed7
2,16,test,True,95,1.896742500000073,7,33334,gaussian_recovery,101,gaussian_recovery_lib101_seed7
2,17,test,True,94,2.416720300000634,7,33334,gaussian_recovery,101,gaussian_recovery_lib101_seed7
2,18,test,True,109,2.032642300000589,7,33334,gaussian_recovery,101,gaussian_recovery_lib101_seed7
2,19,test,True,101,1.6882880999992267,7,33334,gaussian_recovery,101,gaussian_recovery_lib101_seed7
3,0,test,True,86,1.5737503000000288,7,33334,gaussian_recovery,101,gaussian_recovery_lib101_seed7
3,1,test,True,85,1.942867199999455,7,33334,gaussian_recovery,101,gaussian_recovery_lib101_seed7
3,2,test,False,600,14.413303799999994,7,33334,gaussian_recovery,101,gaussian_recovery_lib101_seed7
3,3,test,True,84,1.5569595000006302,7,33334,gaussian_recovery,101,gaussian_recovery_lib101_seed7
3,4,test,True,84,1.5173822999995537,7,33334,gaussian_recovery,101,gaussian_recovery_lib101_seed7
3,5,test,True,87,1.5776372000000265,7,33334,gaussian_recovery,101,gaussian_recovery_lib101_seed7
3,6,test,True,97,1.8037815999996383,7,33334,gaussian_recovery,101,gaussian_recovery_lib101_seed7
3,7,test,True,87,1.535932299999331,7,33334,gaussian_recovery,101,gaussian_recovery_lib101_seed7
3,8,test,True,93,1.6178909000000203,7,33334,gaussian_recovery,101,gaussian_recovery_lib101_seed7
3,9,test,True,92,1.7397634999997535,7,33334,gaussian_recovery,101,gaussian_recovery_lib101_seed7
3,10,test,False,600,13.105717800000093,7,33334,gaussian_recovery,101,gaussian_recovery_lib101_seed7
3,11,test,True,89,1.624583500000881,7,33334,gaussian_recovery,101,gaussian_recovery_lib101_seed7
3,12,test,True,237,4.804145999999491,7,33334,gaussian_recovery,101,gaussian_recovery_lib101_seed7
3,13,test,True,148,2.8378840000004857,7,33334,gaussian_recovery,101,gaussian_recovery_lib101_seed7
3,14,test,True,85,1.552643199999693,7,33334,gaussian_recovery,101,gaussian_recovery_lib101_seed7
3,15,test,True,84,1.6105748999998468,7,33334,gaussian_recovery,101,gaussian_recovery_lib101_seed7
3,16,test,True,82,1.7340895999996064,7,33334,gaussian_recovery,101,gaussian_recovery_lib101_seed7
3,17,test,True,85,1.5699301000004198,7,33334,gaussian_recovery,101,gaussian_recovery_lib101_seed7
3,18,test,True,98,1.917535399999906,7,33334,gaussian_recovery,101,gaussian_recovery_lib101_seed7
3,19,test,False,600,11.689478900000722,7,33334,gaussian_recovery,101,gaussian_recovery_lib101_seed7
4,0,test,True,130,2.705161500000031,7,33334,gaussian_recovery,101,gaussian_recovery_lib101_seed7
4,1,test,False,600,12.078184400000282,7,33334,gaussian_recovery,101,gaussian_recovery_lib101_seed7
4,2,test,True,147,2.8599088999999367,7,33334,gaussian_recovery,101,gaussian_recovery_lib101_seed7
4,3,test,True,134,2.85785979999946,7,33334,gaussian_recovery,101,gaussian_recovery_lib101_seed7
4,4,test,True,142,2.969318100000237,7,33334,gaussian_recovery,101,gaussian_recovery_lib101_seed7
4,5,test,False,600,14.570967600000586,7,33334,gaussian_recovery,101,gaussian_recovery_lib101_seed7
4,6,test,True,134,3.117192700000487,7,33334,gaussian_recovery,101,gaussian_recovery_lib101_seed7
4,7,test,True,123,2.5887378999996145,7,33334,gaussian_recovery,101,gaussian_recovery_lib101_seed7
4,8,test,True,128,2.804254100000435,7,33334,gaussian_recovery,101,gaussian_recovery_lib101_seed7
4,9,test,True,126,2.7456707999999708,7,33334,gaussian_recovery,101,gaussian_recovery_lib101_seed7
4,10,test,True,131,2.995054699999855,7,33334,gaussian_recovery,101,gaussian_recovery_lib101_seed7
4,11,test,False,600,16.181898799999544,7,33334,gaussian_recovery,101,gaussian_recovery_lib101_seed7
4,12,test,True,131,3.4658244000002014,7,33334,gaussian_recovery,101,gaussian_recovery_lib101_seed7
4,13,test,False,600,17.651582299999973,7,33334,gaussian_recovery,101,gaussian_recovery_lib101_seed7
4,14,test,True,117,2.824006599999848,7,33334,gaussian_recovery,101,gaussian_recovery_lib101_seed7
4,15,test,False,600,17.50613709999925,7,33334,gaussian_recovery,101,gaussian_recovery_lib101_seed7
4,16,test,True,128,3.414012900000671,7,33334,gaussian_recovery,101,gaussian_recovery_lib101_seed7
4,17,test,False,600,17.310884100000294,7,33334,gaussian_recovery,101,gaussian_recovery_lib101_seed7
4,18,test,False,600,17.454110600000604,7,33334,gaussian_recovery,101,gaussian_recovery_lib101_seed7
4,19,test,False,600,17.8660562999994,7,33334,gaussian_recovery,101,gaussian_recovery_lib101_seed7
5,0,test,True,91,2.1091397999998662,7,33334,gaussian_recovery,101,gaussian_recovery_lib101_seed7
5,1,test,True,89,1.8858878000000914,7,33334,gaussian_recovery,101,gaussian_recovery_lib101_seed7
5,2,test,False,600,19.950410999999804,7,33334,gaussian_recovery,101,gaussian_recovery_lib101_seed7
5,3,test,True,91,1.9570071000007374,7,33334,gaussian_recovery,101,gaussian_recovery_lib101_seed7
5,4,test,True,103,2.551431400000183,7,33334,gaussian_recovery,101,gaussian_recovery_lib101_seed7
5,5,test,False,600,17.60161280000011,7,33334,gaussian_recovery,101,gaussian_recovery_lib101_seed7
5,6,test,False,600,16.723457500000222,7,33334,gaussian_recovery,101,gaussian_recovery_lib101_seed7
5,7,test,False,600,16.684223200000815,7,33334,gaussian_recovery,101,gaussian_recovery_lib101_seed7
5,8,test,False,600,15.608210399999734,7,33334,gaussian_recovery,101,gaussian_recovery_lib101_seed7
5,9,test,True,90,1.9126055999995515,7,33334,gaussian_recovery,101,gaussian_recovery_lib101_seed7
5,10,test,True,113,2.7483790000005683,7,33334,gaussian_recovery,101,gaussian_recovery_lib101_seed7
5,11,test,False,600,17.507795800000167,7,33334,gaussian_recovery,101,gaussian_recovery_lib101_seed7
5,12,test,True,85,1.9456784000003609,7,33334,gaussian_recovery,101,gaussian_recovery_lib101_seed7
5,13,test,False,600,15.819492900000114,7,33334,gaussian_recovery,101,gaussian_recovery_lib101_seed7
5,14,test,True,89,1.991353700000218,7,33334,gaussian_recovery,101,gaussian_recovery_lib101_seed7
5,15,test,False,600,17.119351199999983,7,33334,gaussian_recovery,101,gaussian_recovery_lib101_seed7
5,16,test,True,108,2.557674099999531,7,33334,gaussian_recovery,101,gaussian_recovery_lib101_seed7
5,17,test,True,103,2.482560999999805,7,33334,gaussian_recovery,101,gaussian_recovery_lib101_seed7
5,18,test,False,600,17.099170999999842,7,33334,gaussian_recovery,101,gaussian_recovery_lib101_seed7
5,19,test,False,600,16.864797400000498,7,33334,gaussian_recovery,101,gaussian_recovery_lib101_seed7
6,0,test,True,109,2.9592420999997557,7,33334,gaussian_recovery,101,gaussian_recovery_lib101_seed7
6,1,test,True,107,2.947839099999328,7,33334,gaussian_recovery,101,gaussian_recovery_lib101_seed7
6,2,test,True,287,8.57414559999961,7,33334,gaussian_recovery,101,gaussian_recovery_lib101_seed7
6,3,test,True,94,2.3609965000005104,7,33334,gaussian_recovery,101,gaussian_recovery_lib101_seed7
6,4,test,True,117,2.821766199999729,7,33334,gaussian_recovery,101,gaussian_recovery_lib101_seed7
6,5,test,True,110,2.5563296000000264,7,33334,gaussian_recovery,101,gaussian_recovery_lib101_seed7
6,6,test,True,108,2.55127579999953,7,33334,gaussian_recovery,101,gaussian_recovery_lib101_seed7
6,7,test,False,600,18.467681000000084,7,33334,gaussian_recovery,101,gaussian_recovery_lib101_seed7
6,8,test,True,112,3.176503700000467,7,33334,gaussian_recovery,101,gaussian_recovery_lib101_seed7
6,9,test,False,600,17.947351200000412,7,33334,gaussian_recovery,101,gaussian_recovery_lib101_seed7
6,10,test,True,125,3.665875199999391,7,33334,gaussian_recovery,101,gaussian_recovery_lib101_seed7
6,11,test,True,103,2.594510999999329,7,33334,gaussian_recovery,101,gaussian_recovery_lib101_seed7
6,12,test,True,102,2.5679972999996608,7,33334,gaussian_recovery,101,gaussian_recovery_lib101_seed7
6,13,test,True,101,2.5124040000000605,7,33334,gaussian_recovery,101,gaussian_recovery_lib101_seed7
6,14,test,True,112,2.952432800000679,7,33334,gaussian_recovery,101,gaussian_recovery_lib101_seed7
6,15,test,False,600,17.692747100000815,7,33334,gaussian_recovery,101,gaussian_recovery_lib101_seed7
6,16,test,False,600,17.85781120000047,7,33334,gaussian_recovery,101,gaussian_recovery_lib101_seed7
6,17,test,False,600,18.057129099999656,7,33334,gaussian_recovery,101,gaussian_recovery_lib101_seed7
6,18,test,False,600,19.16384299999936,7,33334,gaussian_recovery,101,gaussian_recovery_lib101_seed7
6,19,test,True,106,2.601261499999964,7,33334,gaussian_recovery,101,gaussian_recovery_lib101_seed7
7,0,test,False,600,19.657035800000813,7,33334,gaussian_recovery,101,gaussian_recovery_lib101_seed7
7,1,test,False,600,19.45249429999967,7,33334,gaussian_recovery,101,gaussian_recovery_lib101_seed7
7,2,test,False,600,17.784820700000637,7,33334,gaussian_recovery,101,gaussian_recovery_lib101_seed7
7,3,test,False,600,17.97122760000002,7,33334,gaussian_recovery,101,gaussian_recovery_lib101_seed7
7,4,test,False,600,19.447401499999614,7,33334,gaussian_recovery,101,gaussian_recovery_lib101_seed7
7,5,test,False,600,18.861045800000284,7,33334,gaussian_recovery,101,gaussian_recovery_lib101_seed7
7,6,test,False,600,20.247115300000587,7,33334,gaussian_recovery,101,gaussian_recovery_lib101_seed7
7,7,test,True,166,5.03140010000061,7,33334,gaussian_recovery,101,gaussian_recovery_lib101_seed7
7,8,test,False,600,18.419840900000054,7,33334,gaussian_recovery,101,gaussian_recovery_lib101_seed7
7,9,test,True,145,4.094421799999509,7,33334,gaussian_recovery,101,gaussian_recovery_lib101_seed7
7,10,test,False,600,19.71399989999918,7,33334,gaussian_recovery,101,gaussian_recovery_lib101_seed7
7,11,test,False,600,17.463426000000254,7,33334,gaussian_recovery,101,gaussian_recovery_lib101_seed7
7,12,test,False,600,18.644323400000758,7,33334,gaussian_recovery,101,gaussian_recovery_lib101_seed7
7,13,test,False,600,19.606450100000075,7,33334,gaussian_recovery,101,gaussian_recovery_lib101_seed7
7,14,test,False,600,18.922670099999777,7,33334,gaussian_recovery,101,gaussian_recovery_lib101_seed7
7,15,test,False,600,17.217314200000146,7,33334,gaussian_recovery,101,gaussian_recovery_lib101_seed7
7,16,test,False,600,18.027746599999773,7,33334,gaussian_recovery,101,gaussian_recovery_lib101_seed7
7,17,test,True,115,2.516328199999407,7,33334,gaussian_recovery,101,gaussian_recovery_lib101_seed7
7,18,test,False,600,14.38628830000016,7,33334,gaussian_recovery,101,gaussian_recovery_lib101_seed7
7,19,test,False,600,15.754131800000323,7,33334,gaussian_recovery,101,gaussian_recovery_lib101_seed7
8,0,test,True,95,1.8895259000000806,7,33334,gaussian_recovery,101,gaussian_recovery_lib101_seed7
8,1,test,True,91,1.7948366000000533,7,33334,gaussian_recovery,101,gaussian_recovery_lib101_seed7
8,2,test,True,107,2.36657649999961,7,33334,gaussian_recovery,101,gaussian_recovery_lib101_seed7
8,3,test,True,105,2.6874755999997433,7,33334,gaussian_recovery,101,gaussian_recovery_lib101_seed7
8,4,test,True,97,2.285494899999321,7,33334,gaussian_recovery,101,gaussian_recovery_lib101_seed7
8,5,test,True,104,2.3354416000001947,7,33334,gaussian_recovery,101,gaussian_recovery_lib101_seed7
8,6,test,True,111,2.678733199999442,7,33334,gaussian_recovery,101,gaussian_recovery_lib101_seed7
8,7,test,True,88,1.8938182000001689,7,33334,gaussian_recovery,101,gaussian_recovery_lib101_seed7
8,8,test,True,96,2.2656514999998763,7,33334,gaussian_recovery,101,gaussian_recovery_lib101_seed7
8,9,test,True,89,1.9308380000002217,7,33334,gaussian_recovery,101,gaussian_recovery_lib101_seed7
8,10,test,False,600,22.35023049999927,7,33334,gaussian_recovery,101,gaussian_recovery_lib101_seed7
8,11,test,True,98,2.5269023999999263,7,33334,gaussian_recovery,101,gaussian_recovery_lib101_seed7
8,12,test,True,92,1.9633200999996916,7,33334,gaussian_recovery,101,gaussian_recovery_lib101_seed7
8,13,test,True,98,2.1069699999998193,7,33334,gaussian_recovery,101,gaussian_recovery_lib101_seed7
8,14,test,True,126,2.9521550999998,7,33334,gaussian_recovery,101,gaussian_recovery_lib101_seed7
8,15,test,True,84,1.6746416999994835,7,33334,gaussian_recovery,101,gaussian_recovery_lib101_seed7
8,16,test,True,100,2.233309199999894,7,33334,gaussian_recovery,101,gaussian_recovery_lib101_seed7
8,17,test,True,99,2.1916253999997934,7,33334,gaussian_recovery,101,gaussian_recovery_lib101_seed7
8,18,test,True,89,1.846045199999935,7,33334,gaussian_recovery,101,gaussian_recovery_lib101_seed7
8,19,test,False,600,19.56245990000025,7,33334,gaussian_recovery,101,gaussian_recovery_lib101_seed7
9,0,test,True,114,4.369699299999411,7,33334,gaussian_recovery,101,gaussian_recovery_lib101_seed7
9,1,test,True,123,4.790579399999842,7,33334,gaussian_recovery,101,gaussian_recovery_lib101_seed7
9,2,test,False,600,28.817276899999342,7,33334,gaussian_recovery,101,gaussian_recovery_lib101_seed7
9,3,test,False,600,20.981113599999844,7,33334,gaussian_recovery,101,gaussian_recovery_lib101_seed7
9,4,test,False,600,18.389668599999823,7,33334,gaussian_recovery,101,gaussian_recovery_lib101_seed7
9,5,test,True,122,3.1074319999997897,7,33334,gaussian_recovery,101,gaussian_recovery_lib101_seed7
9,6,test,False,600,17.801651899999342,7,33334,gaussian_recovery,101,gaussian_recovery_lib101_seed7
9,7,test,False,600,19.373154900000372,7,33334,gaussian_recovery,101,gaussian_recovery_lib101_seed7
9,8,test,True,131,5.413412100000642,7,33334,gaussian_recovery,101,gaussian_recovery_lib101_seed7
9,9,test,False,600,30.07027890000063,7,33334,gaussian_recovery,101,gaussian_recovery_lib101_seed7
9,10,test,False,600,19.90273410000009,7,33334,gaussian_recovery,101,gaussian_recovery_lib101_seed7
9,11,test,False,600,18.505509300000085,7,33334,gaussian_recovery,101,gaussian_recovery_lib101_seed7
9,12,test,False,600,29.384575099999893,7,33334,gaussian_recovery,101,gaussian_recovery_lib101_seed7
9,13,test,False,600,25.58300070000041,7,33334,gaussian_recovery,101,gaussian_recovery_lib101_seed7
9,14,test,True,112,3.205673399999796,7,33334,gaussian_recovery,101,gaussian_recovery_lib101_seed7
9,15,test,False,600,19.45316139999977,7,33334,gaussian_recovery,101,gaussian_recovery_lib101_seed7
9,16,test,True,146,3.5454468999996607,7,33334,gaussian_recovery,101,gaussian_recovery_lib101_seed7
9,17,test,False,600,17.416893900000105,7,33334,gaussian_recovery,101,gaussian_recovery_lib101_seed7
9,18,test,False,600,16.871424099999786,7,33334,gaussian_recovery,101,gaussian_recovery_lib101_seed7
9,19,test,True,122,2.826408299999457,7,33334,gaussian_recovery,101,gaussian_recovery_lib101_seed7
0,0,test,True,70,5.774916000000303,11,33334,gaussian_recovery,202,gaussian_recovery_lib202_seed11
0,1,test,True,311,20.72797790000004,11,33334,gaussian_recovery,202,gaussian_recovery_lib202_seed11
0,2,test,False,600,42.64594589999979,11,33334,gaussian_recovery,202,gaussian_recovery_lib202_seed11
0,3,test,True,73,4.201821100000416,11,33334,gaussian_recovery,202,gaussian_recovery_lib202_seed11
0,4,test,True,70,4.913805700000012,11,33334,gaussian_recovery,202,gaussian_recovery_lib202_seed11
0,5,test,False,600,42.082787700000154,11,33334,gaussian_recovery,202,gaussian_recovery_lib202_seed11
0,6,test,False,600,40.79223430000002,11,33334,gaussian_recovery,202,gaussian_recovery_lib202_seed11
0,7,test,False,600,37.92623580000054,11,33334,gaussian_recovery,202,gaussian_recovery_lib202_seed11
0,8,test,True,86,6.588141899999755,11,33334,gaussian_recovery,202,gaussian_recovery_lib202_seed11
0,9,test,True,74,5.343690800000331,11,33334,gaussian_recovery,202,gaussian_recovery_lib202_seed11
0,10,test,True,72,5.3309470000003785,11,33334,gaussian_recovery,202,gaussian_recovery_lib202_seed11
0,11,test,True,71,5.110536000000138,11,33334,gaussian_recovery,202,gaussian_recovery_lib202_seed11
0,12,test,True,77,5.403859500000181,11,33334,gaussian_recovery,202,gaussian_recovery_lib202_seed11
0,13,test,True,83,6.192052200000035,11,33334,gaussian_recovery,202,gaussian_recovery_lib202_seed11
0,14,test,False,600,38.103020799999285,11,33334,gaussian_recovery,202,gaussian_recovery_lib202_seed11
0,15,test,False,600,42.108386699999755,11,33334,gaussian_recovery,202,gaussian_recovery_lib202_seed11
0,16,test,True,76,5.038765099999182,11,33334,gaussian_recovery,202,gaussian_recovery_lib202_seed11
0,17,test,True,76,4.878652399999737,11,33334,gaussian_recovery,202,gaussian_recovery_lib202_seed11
0,18,test,True,210,15.186597699999766,11,33334,gaussian_recovery,202,gaussian_recovery_lib202_seed11
0,19,test,True,77,4.8542373000000225,11,33334,gaussian_recovery,202,gaussian_recovery_lib202_seed11
1,0,test,True,125,8.3474628999993,11,33334,gaussian_recovery,202,gaussian_recovery_lib202_seed11
1,1,test,True,170,10.538342499999999,11,33334,gaussian_recovery,202,gaussian_recovery_lib202_seed11
1,2,test,True,104,6.788419900000008,11,33334,gaussian_recovery,202,gaussian_recovery_lib202_seed11
1,3,test,True,109,7.486621199999718,11,33334,gaussian_recovery,202,gaussian_recovery_lib202_seed11
1,4,test,False,600,39.83275400000002,11,33334,gaussian_recovery,202,gaussian_recovery_lib202_seed11
1,5,test,True,102,6.24493320000056,11,33334,gaussian_recovery,202,gaussian_recovery_lib202_seed11
1,6,test,True,110,6.545167500000389,11,33334,gaussian_recovery,202,gaussian_recovery_lib202_seed11
1,7,test,False,600,41.42984089999936,11,33334,gaussian_recovery,202,gaussian_recovery_lib202_seed11
1,8,test,True,96,5.6967305999996825,11,33334,gaussian_recovery,202,gaussian_recovery_lib202_seed11
1,9,test,True,108,7.360023799999908,11,33334,gaussian_recovery,202,gaussian_recovery_lib202_seed11
1,10,test,True,111,7.743419999999787,11,33334,gaussian_recovery,202,gaussian_recovery_lib202_seed11
1,11,test,True,123,9.212121500000649,11,33334,gaussian_recovery,202,gaussian_recovery_lib202_seed11
1,12,test,True,105,6.982074999999895,11,33334,gaussian_recovery,202,gaussian_recovery_lib202_seed11
1,13,test,True,108,8.09813430000031,11,33334,gaussian_recovery,202,gaussian_recovery_lib202_seed11
1,14,test,True,102,5.4862981000005675,11,33334,gaussian_recovery,202,gaussian_recovery_lib202_seed11
1,15,test,True,112,8.121522999999797,11,33334,gaussian_recovery,202,gaussian_recovery_lib202_seed11
1,16,test,True,107,7.214052199999969,11,33334,gaussian_recovery,202,gaussian_recovery_lib202_seed11
1,17,test,True,141,11.604075799999919,11,33334,gaussian_recovery,202,gaussian_recovery_lib202_seed11
1,18,test,True,175,13.443894800000635,11,33334,gaussian_recovery,202,gaussian_recovery_lib202_seed11
1,19,test,True,106,8.143194799999947,11,33334,gaussian_recovery,202,gaussian_recovery_lib202_seed11
2,0,test,True,109,10.025261300000238,11,33334,gaussian_recovery,202,gaussian_recovery_lib202_seed11
2,1,test,True,99,9.145759500000167,11,33334,gaussian_recovery,202,gaussian_recovery_lib202_seed11
2,2,test,True,99,7.390156800000113,11,33334,gaussian_recovery,202,gaussian_recovery_lib202_seed11
2,3,test,True,96,7.668578100000559,11,33334,gaussian_recovery,202,gaussian_recovery_lib202_seed11
2,4,test,True,150,12.213537700000415,11,33334,gaussian_recovery,202,gaussian_recovery_lib202_seed11
2,5,test,True,93,6.357134399999268,11,33334,gaussian_recovery,202,gaussian_recovery_lib202_seed11
2,6,test,True,93,7.041342800000166,11,33334,gaussian_recovery,202,gaussian_recovery_lib202_seed11
2,7,test,True,109,8.459703599999557,11,33334,gaussian_recovery,202,gaussian_recovery_lib202_seed11
2,8,test,True,109,8.356745900000533,11,33334,gaussian_recovery,202,gaussian_recovery_lib202_seed11
2,9,test,True,94,6.183793700000024,11,33334,gaussian_recovery,202,gaussian_recovery_lib202_seed11
2,10,test,True,96,7.12654239999938,11,33334,gaussian_recovery,202,gaussian_recovery_lib202_seed11
2,11,test,True,104,6.721926000000167,11,33334,gaussian_recovery,202,gaussian_recovery_lib202_seed11
2,12,test,True,101,8.707814600000347,11,33334,gaussian_recovery,202,gaussian_recovery_lib202_seed11
2,13,test,True,97,7.144704199999978,11,33334,gaussian_recovery,202,gaussian_recovery_lib202_seed11
2,14,test,True,102,7.038250999999946,11,33334,gaussian_recovery,202,gaussian_recovery_lib202_seed11
2,15,test,True,99,9.21422849999999,11,33334,gaussian_recovery,202,gaussian_recovery_lib202_seed11
2,16,test,True,88,6.839194999999563,11,33334,gaussian_recovery,202,gaussian_recovery_lib202_seed11
2,17,test,False,600,48.22071419999975,11,33334,gaussian_recovery,202,gaussian_recovery_lib202_seed11
2,18,test,False,600,44.000905500000044,11,33334,gaussian_recovery,202,gaussian_recovery_lib202_seed11
2,19,test,False,600,49.7498626000006,11,33334,gaussian_recovery,202,gaussian_recovery_lib202_seed11
3,0,test,True,92,6.579660600000352,11,33334,gaussian_recovery,202,gaussian_recovery_lib202_seed11
3,1,test,True,121,8.480461699999978,11,33334,gaussian_recovery,202,gaussian_recovery_lib202_seed11
3,2,test,True,221,15.222092399999383,11,33334,gaussian_recovery,202,gaussian_recovery_lib202_seed11
3,3,test,True,82,5.9756939999997485,11,33334,gaussian_recovery,202,gaussian_recovery_lib202_seed11
3,4,test,True,85,6.459524699999747,11,33334,gaussian_recovery,202,gaussian_recovery_lib202_seed11
3,5,test,True,96,7.23415119999936,11,33334,gaussian_recovery,202,gaussian_recovery_lib202_seed11
3,6,test,False,600,44.808368599999994,11,33334,gaussian_recovery,202,gaussian_recovery_lib202_seed11
3,7,test,True,81,6.032234000000244,11,33334,gaussian_recovery,202,gaussian_recovery_lib202_seed11
3,8,test,True,80,6.79721679999966,11,33334,gaussian_recovery,202,gaussian_recovery_lib202_seed11
3,9,test,True,91,5.888696299999538,11,33334,gaussian_recovery,202,gaussian_recovery_lib202_seed11
3,10,test,False,600,42.827628499999264,11,33334,gaussian_recovery,202,gaussian_recovery_lib202_seed11
3,11,test,True,85,1.570603599997412,11,33334,gaussian_recovery,202,gaussian_recovery_lib202_seed11
3,12,test,True,107,8.964281100000335,11,33334,gaussian_recovery,202,gaussian_recovery_lib202_seed11
3,13,test,True,88,5.83464290000029,11,33334,gaussian_recovery,202,gaussian_recovery_lib202_seed11
3,14,test,True,84,5.799701599999935,11,33334,gaussian_recovery,202,gaussian_recovery_lib202_seed11
3,15,test,True,102,9.112873500000205,11,33334,gaussian_recovery,202,gaussian_recovery_lib202_seed11
3,16,test,False,600,40.17165890000069,11,33334,gaussian_recovery,202,gaussian_recovery_lib202_seed11
3,17,test,True,76,5.77423060000001,11,33334,gaussian_recovery,202,gaussian_recovery_lib202_seed11
3,18,test,False,600,49.26431720000073,11,33334,gaussian_recovery,202,gaussian_recovery_lib202_seed11
3,19,test,False,600,45.25006659999963,11,33334,gaussian_recovery,202,gaussian_recovery_lib202_seed11
4,0,test,False,600,47.97680020000007,11,33334,gaussian_recovery,202,gaussian_recovery_lib202_seed11
4,1,test,True,135,9.865285900000345,11,33334,gaussian_recovery,202,gaussian_recovery_lib202_seed11
4,2,test,True,146,11.998115399999733,11,33334,gaussian_recovery,202,gaussian_recovery_lib202_seed11
4,3,test,True,119,8.909853699999985,11,33334,gaussian_recovery,202,gaussian_recovery_lib202_seed11
4,4,test,True,133,9.409865300000092,11,33334,gaussian_recovery,202,gaussian_recovery_lib202_seed11
4,5,test,True,123,8.833979800000634,11,33334,gaussian_recovery,202,gaussian_recovery_lib202_seed11
4,6,test,True,135,11.287175299999944,11,33334,gaussian_recovery,202,gaussian_recovery_lib202_seed11
4,7,test,True,136,9.218010499999764,11,33334,gaussian_recovery,202,gaussian_recovery_lib202_seed11
4,8,test,True,135,9.83031469999969,11,33334,gaussian_recovery,202,gaussian_recovery_lib202_seed11
4,9,test,True,117,8.579255499999817,11,33334,gaussian_recovery,202,gaussian_recovery_lib202_seed11
4,10,test,False,600,50.235038099999656,11,33334,gaussian_recovery,202,gaussian_recovery_lib202_seed11
4,11,test,True,128,8.60740259999966,11,33334,gaussian_recovery,202,gaussian_recovery_lib202_seed11
4,12,test,True,143,12.444950799999788,11,33334,gaussian_recovery,202,gaussian_recovery_lib202_seed11
4,13,test,True,141,10.633054999999331,11,33334,gaussian_recovery,202,gaussian_recovery_lib202_seed11
4,14,test,True,133,11.333273699999154,11,33334,gaussian_recovery,202,gaussian_recovery_lib202_seed11
4,15,test,True,192,14.388118299999405,11,33334,gaussian_recovery,202,gaussian_recovery_lib202_seed11
4,16,test,True,127,11.633496899999955,11,33334,gaussian_recovery,202,gaussian_recovery_lib202_seed11
4,17,test,False,600,51.61544570000024,11,33334,gaussian_recovery,202,gaussian_recovery_lib202_seed11
4,18,test,True,126,9.72057649999988,11,33334,gaussian_recovery,202,gaussian_recovery_lib202_seed11
4,19,test,True,136,11.410469999999805,11,33334,gaussian_recovery,202,gaussian_recovery_lib202_seed11
5,0,test,True,96,8.137769099999787,11,33334,gaussian_recovery,202,gaussian_recovery_lib202_seed11
5,1,test,True,92,7.000279599999885,11,33334,gaussian_recovery,202,gaussian_recovery_lib202_seed11
5,2,test,True,163,13.104150799999843,11,33334,gaussian_recovery,202,gaussian_recovery_lib202_seed11
5,3,test,True,114,8.470088099999884,11,33334,gaussian_recovery,202,gaussian_recovery_lib202_seed11
5,4,test,True,89,6.3607929999998305,11,33334,gaussian_recovery,202,gaussian_recovery_lib202_seed11
5,5,test,True,87,6.33735759999945,11,33334,gaussian_recovery,202,gaussian_recovery_lib202_seed11
5,6,test,False,600,44.87392920000002,11,33334,gaussian_recovery,202,gaussian_recovery_lib202_seed11
5,7,test,True,88,6.3888414999992165,11,33334,gaussian_recovery,202,gaussian_recovery_lib202_seed11
5,8,test,True,93,6.69873860000007,11,33334,gaussian_recovery,202,gaussian_recovery_lib202_seed11
5,9,test,True,99,8.137560799999846,11,33334,gaussian_recovery,202,gaussian_recovery_lib202_seed11
5,10,test,True,144,10.167220799999996,11,33334,gaussian_recovery,202,gaussian_recovery_lib202_seed11
5,11,test,True,97,8.067265300000145,11,33334,gaussian_recovery,202,gaussian_recovery_lib202_seed11
5,12,test,True,88,7.576583500000197,11,33334,gaussian_recovery,202,gaussian_recovery_lib202_seed11
5,13,test,True,109,9.302870800000164,11,33334,gaussian_recovery,202,gaussian_recovery_lib202_seed11
5,14,test,True,105,8.940033899998525,11,33334,gaussian_recovery,202,gaussian_recovery_lib202_seed11
5,15,test,True,89,5.812206599999627,11,33334,gaussian_recovery,202,gaussian_recovery_lib202_seed11
5,16,test,False,600,47.951842500000566,11,33334,gaussian_recovery,202,gaussian_recovery_lib202_seed11
5,17,test,False,600,44.84230600000046,11,33334,gaussian_recovery,202,gaussian_recovery_lib202_seed11
5,18,test,False,600,41.96807070000068,11,33334,gaussian_recovery,202,gaussian_recovery_lib202_seed11
5,19,test,False,600,46.55746089999957,11,33334,gaussian_recovery,202,gaussian_recovery_lib202_seed11
6,0,test,True,101,7.498174199999994,11,33334,gaussian_recovery,202,gaussian_recovery_lib202_seed11
6,1,test,True,105,9.511605099998633,11,33334,gaussian_recovery,202,gaussian_recovery_lib202_seed11
6,2,test,True,112,10.01219889999993,11,33334,gaussian_recovery,202,gaussian_recovery_lib202_seed11
6,3,test,True,106,11.348550500000783,11,33334,gaussian_recovery,202,gaussian_recovery_lib202_seed11
6,4,test,True,108,8.644899400000213,11,33334,gaussian_recovery,202,gaussian_recovery_lib202_seed11
6,5,test,True,106,7.233885999999984,11,33334,gaussian_recovery,202,gaussian_recovery_lib202_seed11
6,6,test,True,107,8.568955300001107,11,33334,gaussian_recovery,202,gaussian_recovery_lib202_seed11
6,7,test,True,92,7.143033099999229,11,33334,gaussian_recovery,202,gaussian_recovery_lib202_seed11
6,8,test,True,115,8.261377700000594,11,33334,gaussian_recovery,202,gaussian_recovery_lib202_seed11
6,9,test,True,97,6.765803600001163,11,33334,gaussian_recovery,202,gaussian_recovery_lib202_seed11
6,10,test,True,108,8.455358299999716,11,33334,gaussian_recovery,202,gaussian_recovery_lib202_seed11
6,11,test,True,100,7.91224499999953,11,33334,gaussian_recovery,202,gaussian_recovery_lib202_seed11
6,12,test,True,127,10.512425700000676,11,33334,gaussian_recovery,202,gaussian_recovery_lib202_seed11
6,13,test,True,94,7.707375799998772,11,33334,gaussian_recovery,202,gaussian_recovery_lib202_seed11
6,14,test,True,103,9.332529899998917,11,33334,gaussian_recovery,202,gaussian_recovery_lib202_seed11
6,15,test,True,101,8.106422900000325,11,33334,gaussian_recovery,202,gaussian_recovery_lib202_seed11
6,16,test,False,600,54.73408389999895,11,33334,gaussian_recovery,202,gaussian_recovery_lib202_seed11
6,17,test,True,100,7.676374299999225,11,33334,gaussian_recovery,202,gaussian_recovery_lib202_seed11
6,18,test,True,108,8.099370699999781,11,33334,gaussian_recovery,202,gaussian_recovery_lib202_seed11
6,19,test,True,95,8.224776299999576,11,33334,gaussian_recovery,202,gaussian_recovery_lib202_seed11
7,0,test,False,600,45.848192699999345,11,33334,gaussian_recovery,202,gaussian_recovery_lib202_seed11
7,1,test,True,141,11.502848399999493,11,33334,gaussian_recovery,202,gaussian_recovery_lib202_seed11
7,2,test,True,129,9.327131799998824,11,33334,gaussian_recovery,202,gaussian_recovery_lib202_seed11
7,3,test,False,600,43.07050489999892,11,33334,gaussian_recovery,202,gaussian_recovery_lib202_seed11
7,4,test,False,600,52.84644649999973,11,33334,gaussian_recovery,202,gaussian_recovery_lib202_seed11
7,5,test,False,600,53.44204019999961,11,33334,gaussian_recovery,202,gaussian_recovery_lib202_seed11
7,6,test,True,143,11.254216700001052,11,33334,gaussian_recovery,202,gaussian_recovery_lib202_seed11
7,7,test,True,121,11.876014100000248,11,33334,gaussian_recovery,202,gaussian_recovery_lib202_seed11
7,8,test,True,476,35.782767600001534,11,33334,gaussian_recovery,202,gaussian_recovery_lib202_seed11
7,9,test,False,600,48.015949500000715,11,33334,gaussian_recovery,202,gaussian_recovery_lib202_seed11
7,10,test,False,600,61.84122489999936,11,33334,gaussian_recovery,202,gaussian_recovery_lib202_seed11
7,11,test,False,600,52.974653899998884,11,33334,gaussian_recovery,202,gaussian_recovery_lib202_seed11
7,12,test,True,126,10.099346999999398,11,33334,gaussian_recovery,202,gaussian_recovery_lib202_seed11
7,13,test,False,600,50.964364999999816,11,33334,gaussian_recovery,202,gaussian_recovery_lib202_seed11
7,14,test,True,135,11.257729799999652,11,33334,gaussian_recovery,202,gaussian_recovery_lib202_seed11
7,15,test,False,600,43.298103600000104,11,33334,gaussian_recovery,202,gaussian_recovery_lib202_seed11
7,16,test,False,600,50.668424600000435,11,33334,gaussian_recovery,202,gaussian_recovery_lib202_seed11
7,17,test,True,134,9.78563110000141,11,33334,gaussian_recovery,202,gaussian_recovery_lib202_seed11
7,18,test,True,138,10.242345399999977,11,33334,gaussian_recovery,202,gaussian_recovery_lib202_seed11
7,19,test,False,600,57.68852909999987,11,33334,gaussian_recovery,202,gaussian_recovery_lib202_seed11
8,0,test,True,98,7.272502399999212,11,33334,gaussian_recovery,202,gaussian_recovery_lib202_seed11
8,1,test,True,88,6.419641200000115,11,33334,gaussian_recovery,202,gaussian_recovery_lib202_seed11
8,2,test,False,600,45.288675100000546,11,33334,gaussian_recovery,202,gaussian_recovery_lib202_seed11
8,3,test,True,92,6.236387200000536,11,33334,gaussian_recovery,202,gaussian_recovery_lib202_seed11
8,4,test,False,600,43.445064999999886,11,33334,gaussian_recovery,202,gaussian_recovery_lib202_seed11
8,5,test,True,95,6.745487700000012,11,33334,gaussian_recovery,202,gaussian_recovery_lib202_seed11
8,6,test,True,92,7.054671399999279,11,33334,gaussian_recovery,202,gaussian_recovery_lib202_seed11
8,7,test,True,87,6.41663520000111,11,33334,gaussian_recovery,202,gaussian_recovery_lib202_seed11
8,8,test,True,91,7.527445300000181,11,33334,gaussian_recovery,202,gaussian_recovery_lib202_seed11
8,9,test,True,94,6.844846099998904,11,33334,gaussian_recovery,202,gaussian_recovery_lib202_seed11
8,10,test,True,97,7.38702369999919,11,33334,gaussian_recovery,202,gaussian_recovery_lib202_seed11
8,11,test,True,89,6.646993199999997,11,33334,gaussian_recovery,202,gaussian_recovery_lib202_seed11
8,12,test,True,90,6.804389900000388,11,33334,gaussian_recovery,202,gaussian_recovery_lib202_seed11
8,13,test,True,93,7.694323699999586,11,33334,gaussian_recovery,202,gaussian_recovery_lib202_seed11
8,14,test,True,94,6.4605599000005896,11,33334,gaussian_recovery,202,gaussian_recovery_lib202_seed11
8,15,test,True,89,6.296991999999591,11,33334,gaussian_recovery,202,gaussian_recovery_lib202_seed11
8,16,test,True,94,6.840395899998839,11,33334,gaussian_recovery,202,gaussian_recovery_lib202_seed11
8,17,test,True,106,8.003330300000016,11,33334,gaussian_recovery,202,gaussian_recovery_lib202_seed11
8,18,test,True,94,7.533323199999359,11,33334,gaussian_recovery,202,gaussian_recovery_lib202_seed11
8,19,test,True,94,6.358050200000434,11,33334,gaussian_recovery,202,gaussian_recovery_lib202_seed11
9,0,test,True,120,11.265423599999849,11,33334,gaussian_recovery,202,gaussian_recovery_lib202_seed11
9,1,test,True,167,14.52652390000003,11,33334,gaussian_recovery,202,gaussian_recovery_lib202_seed11
9,2,test,False,600,45.0081640999997,11,33334,gaussian_recovery,202,gaussian_recovery_lib202_seed11
9,3,test,False,600,49.84698340000068,11,33334,gaussian_recovery,202,gaussian_recovery_lib202_seed11
9,4,test,True,113,8.71169960000043,11,33334,gaussian_recovery,202,gaussian_recovery_lib202_seed11
9,5,test,False,600,53.67070539999986,11,33334,gaussian_recovery,202,gaussian_recovery_lib202_seed11
9,6,test,True,119,10.769760999999562,11,33334,gaussian_recovery,202,gaussian_recovery_lib202_seed11
9,7,test,True,125,9.943132500000502,11,33334,gaussian_recovery,202,gaussian_recovery_lib202_seed11
9,8,test,True,158,11.390129499999603,11,33334,gaussian_recovery,202,gaussian_recovery_lib202_seed11
9,9,test,False,600,49.46900259999893,11,33334,gaussian_recovery,202,gaussian_recovery_lib202_seed11
9,10,test,False,600,39.77492449999954,11,33334,gaussian_recovery,202,gaussian_recovery_lib202_seed11
9,11,test,False,600,51.511726999999155,11,33334,gaussian_recovery,202,gaussian_recovery_lib202_seed11
9,12,test,False,600,47.486652599998706,11,33334,gaussian_recovery,202,gaussian_recovery_lib202_seed11
9,13,test,False,600,46.96970940000028,11,33334,gaussian_recovery,202,gaussian_recovery_lib202_seed11
9,14,test,True,107,9.355079799999658,11,33334,gaussian_recovery,202,gaussian_recovery_lib202_seed11
9,15,test,True,118,9.3828113999989,11,33334,gaussian_recovery,202,gaussian_recovery_lib202_seed11
9,16,test,False,600,50.739343199998984,11,33334,gaussian_recovery,202,gaussian_recovery_lib202_seed11
9,17,test,True,119,9.336954300000798,11,33334,gaussian_recovery,202,gaussian_recovery_lib202_seed11
9,18,test,False,600,53.904186600000685,11,33334,gaussian_recovery,202,gaussian_recovery_lib202_seed11
9,19,test,False,600,52.42405510000026,11,33334,gaussian_recovery,202,gaussian_recovery_lib202_seed11
0,0,test,True,109,2.396626699999615,23,33334,gaussian_recovery,303,gaussian_recovery_lib303_seed23
0,1,test,False,600,14.056064700002025,23,33334,gaussian_recovery,303,gaussian_recovery_lib303_seed23
0,2,test,True,85,1.280855100005283,23,33334,gaussian_recovery,303,gaussian_recovery_lib303_seed23
0,3,test,True,80,1.2460961999968276,23,33334,gaussian_recovery,303,gaussian_recovery_lib303_seed23
0,4,test,True,78,1.3145901999960188,23,33334,gaussian_recovery,303,gaussian_recovery_lib303_seed23
0,5,test,True,138,2.65339220000169,23,33334,gaussian_recovery,303,gaussian_recovery_lib303_seed23
0,6,test,True,81,1.3018281999975443,23,33334,gaussian_recovery,303,gaussian_recovery_lib303_seed23
0,7,test,True,88,1.4707614999933867,23,33334,gaussian_recovery,303,gaussian_recovery_lib303_seed23
0,8,test,True,80,1.273562899994431,23,33334,gaussian_recovery,303,gaussian_recovery_lib303_seed23
0,9,test,True,79,1.328040599997621,23,33334,gaussian_recovery,303,gaussian_recovery_lib303_seed23
0,10,test,True,88,1.5102996000059647,23,33334,gaussian_recovery,303,gaussian_recovery_lib303_seed23
0,11,test,True,76,1.3101683999993838,23,33334,gaussian_recovery,303,gaussian_recovery_lib303_seed23
0,12,test,True,80,1.2927923999959603,23,33334,gaussian_recovery,303,gaussian_recovery_lib303_seed23
0,13,test,False,600,15.483613199998217,23,33334,gaussian_recovery,303,gaussian_recovery_lib303_seed23
0,14,test,True,81,1.408628500001214,23,33334,gaussian_recovery,303,gaussian_recovery_lib303_seed23
0,15,test,True,78,1.2732984000031138,23,33334,gaussian_recovery,303,gaussian_recovery_lib303_seed23
0,16,test,False,600,15.095235100001446,23,33334,gaussian_recovery,303,gaussian_recovery_lib303_seed23
0,17,test,True,81,1.3507294000010006,23,33334,gaussian_recovery,303,gaussian_recovery_lib303_seed23
0,18,test,True,109,1.9344439000051352,23,33334,gaussian_recovery,303,gaussian_recovery_lib303_seed23
0,19,test,True,73,1.1457942999986699,23,33334,gaussian_recovery,303,gaussian_recovery_lib303_seed23
1,0,test,True,122,2.0372819999975036,23,33334,gaussian_recovery,303,gaussian_recovery_lib303_seed23
1,1,test,True,112,1.983047900001111,23,33334,gaussian_recovery,303,gaussian_recovery_lib303_seed23
1,2,test,True,110,2.005738800005929,23,33334,gaussian_recovery,303,gaussian_recovery_lib303_seed23
1,3,test,False,600,14.070188300000154,23,33334,gaussian_recovery,303,gaussian_recovery_lib303_seed23
1,4,test,True,109,1.9903007000029902,23,33334,gaussian_recovery,303,gaussian_recovery_lib303_seed23
1,5,test,True,106,1.8552725999979884,23,33334,gaussian_recovery,303,gaussian_recovery_lib303_seed23
1,6,test,True,136,2.7621034999974654,23,33334,gaussian_recovery,303,gaussian_recovery_lib303_seed23
1,7,test,False,600,16.629333400000178,23,33334,gaussian_recovery,303,gaussian_recovery_lib303_seed23
1,8,test,False,600,13.698570200001996,23,33334,gaussian_recovery,303,gaussian_recovery_lib303_seed23
1,9,test,True,251,5.880182799999602,23,33334,gaussian_recovery,303,gaussian_recovery_lib303_seed23
1,10,test,True,112,1.8960387999977684,23,33334,gaussian_recovery,303,gaussian_recovery_lib303_seed23
1,11,test,True,135,2.3688787999999477,23,33334,gaussian_recovery,303,gaussian_recovery_lib303_seed23
1,12,test,False,600,17.58593960000144,23,33334,gaussian_recovery,303,gaussian_recovery_lib303_seed23
1,13,test,False,600,15.874138400002266,23,33334,gaussian_recovery,303,gaussian_recovery_lib303_seed23
1,14,test,False,600,13.28360970000358,23,33334,gaussian_recovery,303,gaussian_recovery_lib303_seed23
1,15,test,True,113,2.031534699999611,23,33334,gaussian_recovery,303,gaussian_recovery_lib303_seed23
1,16,test,True,117,2.070793999999296,23,33334,gaussian_recovery,303,gaussian_recovery_lib303_seed23
1,17,test,True,106,1.9031161000020802,23,33334,gaussian_recovery,303,gaussian_recovery_lib303_seed23
1,18,test,True,112,2.0142199999972945,23,33334,gaussian_recovery,303,gaussian_recovery_lib303_seed23
1,19,test,False,600,12.848678800000926,23,33334,gaussian_recovery,303,gaussian_recovery_lib303_seed23
2,0,test,True,97,1.6052923999959603,23,33334,gaussian_recovery,303,gaussian_recovery_lib303_seed23
2,1,test,True,103,1.734491800001706,23,33334,gaussian_recovery,303,gaussian_recovery_lib303_seed23
2,2,test,True,93,1.5404320000016014,23,33334,gaussian_recovery,303,gaussian_recovery_lib303_seed23
2,3,test,True,92,1.5271942000035779,23,33334,gaussian_recovery,303,gaussian_recovery_lib303_seed23
2,4,test,True,104,1.6963509999986854,23,33334,gaussian_recovery,303,gaussian_recovery_lib303_seed23
2,5,test,True,104,1.7907942999954685,23,33334,gaussian_recovery,303,gaussian_recovery_lib303_seed23
2,6,test,True,102,1.7434629999988829,23,33334,gaussian_recovery,303,gaussian_recovery_lib303_seed23
2,7,test,True,99,1.7408704999979818,23,33334,gaussian_recovery,303,gaussian_recovery_lib303_seed23
2,8,test,True,105,1.8356486999982735,23,33334,gaussian_recovery,303,gaussian_recovery_lib303_seed23
2,9,test,True,100,1.708039600001939,23,33334,gaussian_recovery,303,gaussian_recovery_lib303_seed23
2,10,test,True,115,2.0812807000038447,23,33334,gaussian_recovery,303,gaussian_recovery_lib303_seed23
2,11,test,True,95,1.6185535000040545,23,33334,gaussian_recovery,303,gaussian_recovery_lib303_seed23
2,12,test,True,102,1.8559845999989193,23,33334,gaussian_recovery,303,gaussian_recovery_lib303_seed23
2,13,test,True,98,1.5236425999974017,23,33334,gaussian_recovery,303,gaussian_recovery_lib303_seed23
2,14,test,True,121,2.1852349000037066,23,33334,gaussian_recovery,303,gaussian_recovery_lib303_seed23
2,15,test,False,600,13.376119100001233,23,33334,gaussian_recovery,303,gaussian_recovery_lib303_seed23
2,16,test,True,82,1.5129436000061105,23,33334,gaussian_recovery,303,gaussian_recovery_lib303_seed23
2,17,test,True,100,1.6633049000010942,23,33334,gaussian_recovery,303,gaussian_recovery_lib303_seed23
2,18,test,False,600,13.07086060000438,23,33334,gaussian_recovery,303,gaussian_recovery_lib303_seed23
2,19,test,True,105,1.7974847000004956,23,33334,gaussian_recovery,303,gaussian_recovery_lib303_seed23
3,0,test,True,88,1.5597033000012743,23,33334,gaussian_recovery,303,gaussian_recovery_lib303_seed23
3,1,test,True,93,1.63016819999757,23,33334,gaussian_recovery,303,gaussian_recovery_lib303_seed23
3,2,test,True,80,1.3704865999970934,23,33334,gaussian_recovery,303,gaussian_recovery_lib303_seed23
3,3,test,True,84,1.4237626000031014,23,33334,gaussian_recovery,303,gaussian_recovery_lib303_seed23
3,4,test,True,93,1.744941100005235,23,33334,gaussian_recovery,303,gaussian_recovery_lib303_seed23
3,5,test,True,92,1.5929997000057483,23,33334,gaussian_recovery,303,gaussian_recovery_lib303_seed23
3,6,test,True,94,1.6733652999973856,23,33334,gaussian_recovery,303,gaussian_recovery_lib303_seed23
3,7,test,True,84,1.4586816000010003,23,33334,gaussian_recovery,303,gaussian_recovery_lib303_seed23
3,8,test,True,82,1.3653899999990244,23,33334,gaussian_recovery,303,gaussian_recovery_lib303_seed23
3,9,test,True,78,1.331765599999926,23,33334,gaussian_recovery,303,gaussian_recovery_lib303_seed23
3,10,test,True,84,1.4671860999951605,23,33334,gaussian_recovery,303,gaussian_recovery_lib303_seed23
3,11,test,True,82,1.502519999994547,23,33334,gaussian_recovery,303,gaussian_recovery_lib303_seed23
3,12,test,True,91,1.6630242000028375,23,33334,gaussian_recovery,303,gaussian_recovery_lib303_seed23
3,13,test,True,87,1.5380309000029229,23,33334,gaussian_recovery,303,gaussian_recovery_lib303_seed23
3,14,test,True,103,1.9347866000025533,23,33334,gaussian_recovery,303,gaussian_recovery_lib303_seed23
3,15,test,True,84,1.5465327999991132,23,33334,gaussian_recovery,303,gaussian_recovery_lib303_seed23
3,16,test,True,88,1.6099688000031165,23,33334,gaussian_recovery,303,gaussian_recovery_lib303_seed23
3,17,test,True,90,1.5932247999953688,23,33334,gaussian_recovery,303,gaussian_recovery_lib303_seed23
3,18,test,True,97,1.7716058000005432,23,33334,gaussian_recovery,303,gaussian_recovery_lib303_seed23
3,19,test,True,86,1.5592015000001993,23,33334,gaussian_recovery,303,gaussian_recovery_lib303_seed23
4,0,test,True,146,2.9219260000027134,23,33334,gaussian_recovery,303,gaussian_recovery_lib303_seed23
4,1,test,False,600,17.540700300000026,23,33334,gaussian_recovery,303,gaussian_recovery_lib303_seed23
4,2,test,True,122,2.4391025000004447,23,33334,gaussian_recovery,303,gaussian_recovery_lib303_seed23
4,3,test,False,600,18.882623200006492,23,33334,gaussian_recovery,303,gaussian_recovery_lib303_seed23
4,4,test,True,132,2.546975700002804,23,33334,gaussian_recovery,303,gaussian_recovery_lib303_seed23
4,5,test,True,130,2.4583715999979177,23,33334,gaussian_recovery,303,gaussian_recovery_lib303_seed23
4,6,test,True,129,2.411529499993776,23,33334,gaussian_recovery,303,gaussian_recovery_lib303_seed23
4,7,test,True,116,2.1913133000052767,23,33334,gaussian_recovery,303,gaussian_recovery_lib303_seed23
4,8,test,True,179,3.781276500005333,23,33334,gaussian_recovery,303,gaussian_recovery_lib303_seed23
4,9,test,True,187,3.667117600001802,23,33334,gaussian_recovery,303,gaussian_recovery_lib303_seed23
4,10,test,True,131,2.5992805999994744,23,33334,gaussian_recovery,303,gaussian_recovery_lib303_seed23
4,11,test,False,600,16.764011300001584,23,33334,gaussian_recovery,303,gaussian_recovery_lib303_seed23
4,12,test,True,142,2.8293310000008205,23,33334,gaussian_recovery,303,gaussian_recovery_lib303_seed23
4,13,test,True,131,2.381338200000755,23,33334,gaussian_recovery,303,gaussian_recovery_lib303_seed23
4,14,test,True,133,2.5371030000023893,23,33334,gaussian_recovery,303,gaussian_recovery_lib303_seed23
4,15,test,False,600,17.68934270000318,23,33334,gaussian_recovery,303,gaussian_recovery_lib303_seed23
4,16,test,True,121,2.2615308000022196,23,33334,gaussian_recovery,303,gaussian_recovery_lib303_seed23
4,17,test,False,600,14.565118099999381,23,33334,gaussian_recovery,303,gaussian_recovery_lib303_seed23
4,18,test,True,149,2.926267099996039,23,33334,gaussian_recovery,303,gaussian_recovery_lib303_seed23
4,19,test,True,210,4.656350099998235,23,33334,gaussian_recovery,303,gaussian_recovery_lib303_seed23
5,0,test,True,100,1.8694152000025497,23,33334,gaussian_recovery,303,gaussian_recovery_lib303_seed23
5,1,test,False,600,15.760425499996927,23,33334,gaussian_recovery,303,gaussian_recovery_lib303_seed23
5,2,test,True,245,5.741792300002999,23,33334,gaussian_recovery,303,gaussian_recovery_lib303_seed23
5,3,test,True,96,1.6584586999961175,23,33334,gaussian_recovery,303,gaussian_recovery_lib303_seed23
5,4,test,True,563,15.848615499999141,23,33334,gaussian_recovery,303,gaussian_recovery_lib303_seed23
5,5,test,True,176,3.737068200003705,23,33334,gaussian_recovery,303,gaussian_recovery_lib303_seed23
5,6,test,False,600,16.40336709999974,23,33334,gaussian_recovery,303,gaussian_recovery_lib303_seed23
5,7,test,True,92,1.66917210000247,23,33334,gaussian_recovery,303,gaussian_recovery_lib303_seed23
5,8,test,True,92,1.6865285000021686,23,33334,gaussian_recovery,303,gaussian_recovery_lib303_seed23
5,9,test,True,93,1.586098600004334,23,33334,gaussian_recovery,303,gaussian_recovery_lib303_seed23
5,10,test,True,171,4.212830999997095,23,33334,gaussian_recovery,303,gaussian_recovery_lib303_seed23
5,11,test,True,84,1.542524800002866,23,33334,gaussian_recovery,303,gaussian_recovery_lib303_seed23
5,12,test,True,97,1.845198100003472,23,33334,gaussian_recovery,303,gaussian_recovery_lib303_seed23
5,13,test,False,600,15.375126600003568,23,33334,gaussian_recovery,303,gaussian_recovery_lib303_seed23
5,14,test,True,99,1.8487852999969618,23,33334,gaussian_recovery,303,gaussian_recovery_lib303_seed23
5,15,test,False,600,15.33611170000222,23,33334,gaussian_recovery,303,gaussian_recovery_lib303_seed23
5,16,test,False,600,14.869783300004201,23,33334,gaussian_recovery,303,gaussian_recovery_lib303_seed23
5,17,test,False,600,13.434180600001127,23,33334,gaussian_recovery,303,gaussian_recovery_lib303_seed23
5,18,test,False,600,13.973411999999371,23,33334,gaussian_recovery,303,gaussian_recovery_lib303_seed23
5,19,test,False,600,14.8868747000015,23,33334,gaussian_recovery,303,gaussian_recovery_lib303_seed23
6,0,test,True,116,2.3819082000045455,23,33334,gaussian_recovery,303,gaussian_recovery_lib303_seed23
6,1,test,True,104,2.060657699999865,23,33334,gaussian_recovery,303,gaussian_recovery_lib303_seed23
6,2,test,False,600,16.4187230000025,23,33334,gaussian_recovery,303,gaussian_recovery_lib303_seed23
6,3,test,True,101,2.0220629000032204,23,33334,gaussian_recovery,303,gaussian_recovery_lib303_seed23
6,4,test,True,101,1.9322278999970877,23,33334,gaussian_recovery,303,gaussian_recovery_lib303_seed23
6,5,test,True,109,2.1367437000008067,23,33334,gaussian_recovery,303,gaussian_recovery_lib303_seed23
6,6,test,True,103,2.0359912000058102,23,33334,gaussian_recovery,303,gaussian_recovery_lib303_seed23
6,7,test,False,600,16.6219717999993,23,33334,gaussian_recovery,303,gaussian_recovery_lib303_seed23
6,8,test,True,104,2.173562199997832,23,33334,gaussian_recovery,303,gaussian_recovery_lib303_seed23
6,9,test,False,600,16.294214100002137,23,33334,gaussian_recovery,303,gaussian_recovery_lib303_seed23
6,10,test,True,109,2.1108399000004283,23,33334,gaussian_recovery,303,gaussian_recovery_lib303_seed23
6,11,test,True,123,2.475796700004139,23,33334,gaussian_recovery,303,gaussian_recovery_lib303_seed23
6,12,test,True,113,2.3829149000011967,23,33334,gaussian_recovery,303,gaussian_recovery_lib303_seed23
6,13,test,True,99,1.946929600002477,23,33334,gaussian_recovery,303,gaussian_recovery_lib303_seed23
6,14,test,False,600,16.6338551000008,23,33334,gaussian_recovery,303,gaussian_recovery_lib303_seed23
6,15,test,True,103,2.079178800006048,23,33334,gaussian_recovery,303,gaussian_recovery_lib303_seed23
6,16,test,False,600,17.58551780000562,23,33334,gaussian_recovery,303,gaussian_recovery_lib303_seed23
6,17,test,False,600,17.86107980000088,23,33334,gaussian_recovery,303,gaussian_recovery_lib303_seed23
6,18,test,True,110,2.303318999998737,23,33334,gaussian_recovery,303,gaussian_recovery_lib303_seed23
6,19,test,True,98,2.001341199997114,23,33334,gaussian_recovery,303,gaussian_recovery_lib303_seed23
7,0,test,False,600,17.225660300005984,23,33334,gaussian_recovery,303,gaussian_recovery_lib303_seed23
7,1,test,False,600,15.698498400000972,23,33334,gaussian_recovery,303,gaussian_recovery_lib303_seed23
7,2,test,True,162,3.6390566999980365,23,33334,gaussian_recovery,303,gaussian_recovery_lib303_seed23
7,3,test,False,600,16.665861499997845,23,33334,gaussian_recovery,303,gaussian_recovery_lib303_seed23
7,4,test,False,600,16.624749199996586,23,33334,gaussian_recovery,303,gaussian_recovery_lib303_seed23
7,5,test,False,600,17.004603700006555,23,33334,gaussian_recovery,303,gaussian_recovery_lib303_seed23
7,6,test,False,600,18.175776099997165,23,33334,gaussian_recovery,303,gaussian_recovery_lib303_seed23
7,7,test,True,125,2.707184499995492,23,33334,gaussian_recovery,303,gaussian_recovery_lib303_seed23
7,8,test,False,600,17.966491300001508,23,33334,gaussian_recovery,303,gaussian_recovery_lib303_seed23
7,9,test,True,177,4.285698199993931,23,33334,gaussian_recovery,303,gaussian_recovery_lib303_seed23
7,10,test,False,600,18.709728499998164,23,33334,gaussian_recovery,303,gaussian_recovery_lib303_seed23
7,11,test,False,600,17.074224099997082,23,33334,gaussian_recovery,303,gaussian_recovery_lib303_seed23
7,12,test,False,600,16.740655599998718,23,33334,gaussian_recovery,303,gaussian_recovery_lib303_seed23
7,13,test,False,600,19.043632799999614,23,33334,gaussian_recovery,303,gaussian_recovery_lib303_seed23
7,14,test,False,600,18.64958010000555,23,33334,gaussian_recovery,303,gaussian_recovery_lib303_seed23
7,15,test,False,600,15.31108839999797,23,33334,gaussian_recovery,303,gaussian_recovery_lib303_seed23
7,16,test,False,600,17.568833899997117,23,33334,gaussian_recovery,303,gaussian_recovery_lib303_seed23
7,17,test,False,600,16.319678799998655,23,33334,gaussian_recovery,303,gaussian_recovery_lib303_seed23
7,18,test,False,600,19.512518800002,23,33334,gaussian_recovery,303,gaussian_recovery_lib303_seed23
7,19,test,False,600,19.06286589999945,23,33334,gaussian_recovery,303,gaussian_recovery_lib303_seed23
8,0,test,True,97,1.617426600001636,23,33334,gaussian_recovery,303,gaussian_recovery_lib303_seed23
8,1,test,True,84,1.3430255999992369,23,33334,gaussian_recovery,303,gaussian_recovery_lib303_seed23
8,2,test,True,89,1.492031500005396,23,33334,gaussian_recovery,303,gaussian_recovery_lib303_seed23
8,3,test,True,85,1.448150899996108,23,33334,gaussian_recovery,303,gaussian_recovery_lib303_seed23
8,4,test,False,600,14.188717900004121,23,33334,gaussian_recovery,303,gaussian_recovery_lib303_seed23
8,5,test,True,104,1.7760094000041136,23,33334,gaussian_recovery,303,gaussian_recovery_lib303_seed23
8,6,test,True,86,1.4828405000007479,23,33334,gaussian_recovery,303,gaussian_recovery_lib303_seed23
8,7,test,True,84,1.4161853999976302,23,33334,gaussian_recovery,303,gaussian_recovery_lib303_seed23
8,8,test,False,600,15.074216000000888,23,33334,gaussian_recovery,303,gaussian_recovery_lib303_seed23
8,9,test,True,94,1.6047871999980998,23,33334,gaussian_recovery,303,gaussian_recovery_lib303_seed23
8,10,test,True,91,1.4553223000038997,23,33334,gaussian_recovery,303,gaussian_recovery_lib303_seed23
8,11,test,True,95,1.6118181999991066,23,33334,gaussian_recovery,303,gaussian_recovery_lib303_seed23
8,12,test,True,85,1.4149068999977317,23,33334,gaussian_recovery,303,gaussian_recovery_lib303_seed23
8,13,test,False,600,14.403017299999192,23,33334,gaussian_recovery,303,gaussian_recovery_lib303_seed23
8,14,test,True,92,1.5256171000000904,23,33334,gaussian_recovery,303,gaussian_recovery_lib303_seed23
8,15,test,True,82,1.337582400003157,23,33334,gaussian_recovery,303,gaussian_recovery_lib303_seed23
8,16,test,True,93,1.4824889000010444,23,33334,gaussian_recovery,303,gaussian_recovery_lib303_seed23
8,17,test,True,95,1.613860699995712,23,33334,gaussian_recovery,303,gaussian_recovery_lib303_seed23
8,18,test,True,97,1.6146651999952155,23,33334,gaussian_recovery,303,gaussian_recovery_lib303_seed23
8,19,test,True,143,2.7593210999984876,23,33334,gaussian_recovery,303,gaussian_recovery_lib303_seed23
9,0,test,True,110,2.2929140999985975,23,33334,gaussian_recovery,303,gaussian_recovery_lib303_seed23
9,1,test,False,600,18.11019690000103,23,33334,gaussian_recovery,303,gaussian_recovery_lib303_seed23
9,2,test,False,600,16.860671399997955,23,33334,gaussian_recovery,303,gaussian_recovery_lib303_seed23
9,3,test,False,600,17.95022539999627,23,33334,gaussian_recovery,303,gaussian_recovery_lib303_seed23
9,4,test,False,600,17.79545820000203,23,33334,gaussian_recovery,303,gaussian_recovery_lib303_seed23
9,5,test,True,121,2.723077299997385,23,33334,gaussian_recovery,303,gaussian_recovery_lib303_seed23
9,6,test,True,112,2.465213399998902,23,33334,gaussian_recovery,303,gaussian_recovery_lib303_seed23
9,7,test,False,600,18.685572700000193,23,33334,gaussian_recovery,303,gaussian_recovery_lib303_seed23
9,8,test,True,122,2.7883410999929765,23,33334,gaussian_recovery,303,gaussian_recovery_lib303_seed23
9,9,test,False,600,18.974257699999725,23,33334,gaussian_recovery,303,gaussian_recovery_lib303_seed23
9,10,test,True,126,2.811507200000051,23,33334,gaussian_recovery,303,gaussian_recovery_lib303_seed23
9,11,test,True,122,2.803582799999276,23,33334,gaussian_recovery,303,gaussian_recovery_lib303_seed23
9,12,test,False,600,17.489347999995516,23,33334,gaussian_recovery,303,gaussian_recovery_lib303_seed23
9,13,test,False,600,16.996001999999862,23,33334,gaussian_recovery,303,gaussian_recovery_lib303_seed23
9,14,test,True,110,2.2294531000006828,23,33334,gaussian_recovery,303,gaussian_recovery_lib303_seed23
9,15,test,True,120,2.6176495000036084,23,33334,gaussian_recovery,303,gaussian_recovery_lib303_seed23
9,16,test,True,120,2.526362999997218,23,33334,gaussian_recovery,303,gaussian_recovery_lib303_seed23
9,17,test,False,600,17.469915599998785,23,33334,gaussian_recovery,303,gaussian_recovery_lib303_seed23
9,18,test,True,128,2.8529976999998325,23,33334,gaussian_recovery,303,gaussian_recovery_lib303_seed23
9,19,test,True,146,3.3337882999985595,23,33334,gaussian_recovery,303,gaussian_recovery_lib303_seed23
0,0,test,True,84,5.77490140000009,7,124068,gaussian_same_total_cost,101,gaussian_same_total_cost_lib101_seed7
0,1,test,True,76,2.7234705000009853,7,124068,gaussian_same_total_cost,101,gaussian_same_total_cost_lib101_seed7
0,2,test,False,600,21.736994400000185,7,124068,gaussian_same_total_cost,101,gaussian_same_total_cost_lib101_seed7
0,3,test,True,87,3.0450930999995762,7,124068,gaussian_same_total_cost,101,gaussian_same_total_cost_lib101_seed7
0,4,test,True,76,2.6495787000003475,7,124068,gaussian_same_total_cost,101,gaussian_same_total_cost_lib101_seed7
0,5,test,False,600,21.97164049999992,7,124068,gaussian_same_total_cost,101,gaussian_same_total_cost_lib101_seed7
0,6,test,True,71,2.6602278999998816,7,124068,gaussian_same_total_cost,101,gaussian_same_total_cost_lib101_seed7
0,7,test,False,600,23.72768519999954,7,124068,gaussian_same_total_cost,101,gaussian_same_total_cost_lib101_seed7
0,8,test,True,80,3.119848299998921,7,124068,gaussian_same_total_cost,101,gaussian_same_total_cost_lib101_seed7
0,9,test,True,78,3.4854507000000012,7,124068,gaussian_same_total_cost,101,gaussian_same_total_cost_lib101_seed7
0,10,test,False,600,24.607883599999695,7,124068,gaussian_same_total_cost,101,gaussian_same_total_cost_lib101_seed7
0,11,test,True,83,2.1503491000003123,7,124068,gaussian_same_total_cost,101,gaussian_same_total_cost_lib101_seed7
0,12,test,True,77,2.8880222999996477,7,124068,gaussian_same_total_cost,101,gaussian_same_total_cost_lib101_seed7
0,13,test,True,79,2.855127900000298,7,124068,gaussian_same_total_cost,101,gaussian_same_total_cost_lib101_seed7
0,14,test,False,600,24.393691799999942,7,124068,gaussian_same_total_cost,101,gaussian_same_total_cost_lib101_seed7
0,15,test,False,600,21.81995420000021,7,124068,gaussian_same_total_cost,101,gaussian_same_total_cost_lib101_seed7
0,16,test,True,78,2.63304959999914,7,124068,gaussian_same_total_cost,101,gaussian_same_total_cost_lib101_seed7
0,17,test,True,78,2.8903054000002157,7,124068,gaussian_same_total_cost,101,gaussian_same_total_cost_lib101_seed7
0,18,test,True,88,3.5516310000002704,7,124068,gaussian_same_total_cost,101,gaussian_same_total_cost_lib101_seed7
0,19,test,False,600,20.729301999999734,7,124068,gaussian_same_total_cost,101,gaussian_same_total_cost_lib101_seed7
1,0,test,True,116,4.179968200000076,7,124068,gaussian_same_total_cost,101,gaussian_same_total_cost_lib101_seed7
1,1,test,True,104,3.8834843000004184,7,124068,gaussian_same_total_cost,101,gaussian_same_total_cost_lib101_seed7
1,2,test,True,103,3.8194808999996894,7,124068,gaussian_same_total_cost,101,gaussian_same_total_cost_lib101_seed7
1,3,test,True,229,8.348163200000272,7,124068,gaussian_same_total_cost,101,gaussian_same_total_cost_lib101_seed7
1,4,test,True,110,3.803670900000725,7,124068,gaussian_same_total_cost,101,gaussian_same_total_cost_lib101_seed7
1,5,test,True,116,4.186560999998619,7,124068,gaussian_same_total_cost,101,gaussian_same_total_cost_lib101_seed7
1,6,test,True,462,15.074092799999562,7,124068,gaussian_same_total_cost,101,gaussian_same_total_cost_lib101_seed7
1,7,test,True,122,4.055900699999256,7,124068,gaussian_same_total_cost,101,gaussian_same_total_cost_lib101_seed7
1,8,test,False,600,23.42415710000023,7,124068,gaussian_same_total_cost,101,gaussian_same_total_cost_lib101_seed7
1,9,test,True,104,3.980234399999972,7,124068,gaussian_same_total_cost,101,gaussian_same_total_cost_lib101_seed7
1,10,test,True,111,4.494122300000527,7,124068,gaussian_same_total_cost,101,gaussian_same_total_cost_lib101_seed7
1,11,test,True,124,4.781475699999646,7,124068,gaussian_same_total_cost,101,gaussian_same_total_cost_lib101_seed7
1,12,test,True,129,4.689493799998672,7,124068,gaussian_same_total_cost,101,gaussian_same_total_cost_lib101_seed7
1,13,test,True,105,4.2233295000005455,7,124068,gaussian_same_total_cost,101,gaussian_same_total_cost_lib101_seed7
1,14,test,False,600,20.311861499998486,7,124068,gaussian_same_total_cost,101,gaussian_same_total_cost_lib101_seed7
1,15,test,True,109,2.8812649000010424,7,124068,gaussian_same_total_cost,101,gaussian_same_total_cost_lib101_seed7
1,16,test,True,108,2.3719490000003134,7,124068,gaussian_same_total_cost,101,gaussian_same_total_cost_lib101_seed7
1,17,test,True,102,1.9827204000011989,7,124068,gaussian_same_total_cost,101,gaussian_same_total_cost_lib101_seed7
1,18,test,True,108,2.2778558999998495,7,124068,gaussian_same_total_cost,101,gaussian_same_total_cost_lib101_seed7
1,19,test,True,103,2.57182979999925,7,124068,gaussian_same_total_cost,101,gaussian_same_total_cost_lib101_seed7
2,0,test,True,189,6.339961100000437,7,124068,gaussian_same_total_cost,101,gaussian_same_total_cost_lib101_seed7
2,1,test,False,600,13.501027899999826,7,124068,gaussian_same_total_cost,101,gaussian_same_total_cost_lib101_seed7
2,2,test,True,94,2.6581399999995483,7,124068,gaussian_same_total_cost,101,gaussian_same_total_cost_lib101_seed7
2,3,test,True,117,2.9124484999993,7,124068,gaussian_same_total_cost,101,gaussian_same_total_cost_lib101_seed7
2,4,test,True,151,5.181209700000181,7,124068,gaussian_same_total_cost,101,gaussian_same_total_cost_lib101_seed7
2,5,test,True,94,3.186814200000299,7,124068,gaussian_same_total_cost,101,gaussian_same_total_cost_lib101_seed7
2,6,test,True,94,2.4145288999989134,7,124068,gaussian_same_total_cost,101,gaussian_same_total_cost_lib101_seed7
2,7,test,True,200,9.586392999999589,7,124068,gaussian_same_total_cost,101,gaussian_same_total_cost_lib101_seed7
2,8,test,True,176,5.203193299999839,7,124068,gaussian_same_total_cost,101,gaussian_same_total_cost_lib101_seed7
2,9,test,True,107,3.0641321999992215,7,124068,gaussian_same_total_cost,101,gaussian_same_total_cost_lib101_seed7
2,10,test,True,135,4.294638000001214,7,124068,gaussian_same_total_cost,101,gaussian_same_total_cost_lib101_seed7
2,11,test,True,102,3.8514869999999064,7,124068,gaussian_same_total_cost,101,gaussian_same_total_cost_lib101_seed7
2,12,test,True,90,2.6458356999992247,7,124068,gaussian_same_total_cost,101,gaussian_same_total_cost_lib101_seed7
2,13,test,True,94,2.0210186000003887,7,124068,gaussian_same_total_cost,101,gaussian_same_total_cost_lib101_seed7
2,14,test,True,122,2.5343768000002456,7,124068,gaussian_same_total_cost,101,gaussian_same_total_cost_lib101_seed7
2,15,test,True,114,2.4631654000004346,7,124068,gaussian_same_total_cost,101,gaussian_same_total_cost_lib101_seed7
2,16,test,True,96,2.5259289999994508,7,124068,gaussian_same_total_cost,101,gaussian_same_total_cost_lib101_seed7
2,17,test,True,88,2.652562500001295,7,124068,gaussian_same_total_cost,101,gaussian_same_total_cost_lib101_seed7
2,18,test,True,98,2.759533199998259,7,124068,gaussian_same_total_cost,101,gaussian_same_total_cost_lib101_seed7
2,19,test,True,101,2.809836100001121,7,124068,gaussian_same_total_cost,101,gaussian_same_total_cost_lib101_seed7
3,0,test,True,89,2.190526399999726,7,124068,gaussian_same_total_cost,101,gaussian_same_total_cost_lib101_seed7
3,1,test,True,89,1.9629736999995657,7,124068,gaussian_same_total_cost,101,gaussian_same_total_cost_lib101_seed7
3,2,test,True,82,1.8750704000012774,7,124068,gaussian_same_total_cost,101,gaussian_same_total_cost_lib101_seed7
3,3,test,True,81,2.4614932000004046,7,124068,gaussian_same_total_cost,101,gaussian_same_total_cost_lib101_seed7
3,4,test,True,105,3.5331984999993438,7,124068,gaussian_same_total_cost,101,gaussian_same_total_cost_lib101_seed7
3,5,test,True,88,3.2395519000001514,7,124068,gaussian_same_total_cost,101,gaussian_same_total_cost_lib101_seed7
3,6,test,True,120,3.449660500000391,7,124068,gaussian_same_total_cost,101,gaussian_same_total_cost_lib101_seed7
3,7,test,False,600,16.641748600000938,7,124068,gaussian_same_total_cost,101,gaussian_same_total_cost_lib101_seed7
3,8,test,True,88,3.0561397000001307,7,124068,gaussian_same_total_cost,101,gaussian_same_total_cost_lib101_seed7
3,9,test,True,84,2.426467999999659,7,124068,gaussian_same_total_cost,101,gaussian_same_total_cost_lib101_seed7
3,10,test,False,600,22.157072199999675,7,124068,gaussian_same_total_cost,101,gaussian_same_total_cost_lib101_seed7
3,11,test,True,88,1.4843402999977116,7,124068,gaussian_same_total_cost,101,gaussian_same_total_cost_lib101_seed7
3,12,test,True,514,11.457647100000031,7,124068,gaussian_same_total_cost,101,gaussian_same_total_cost_lib101_seed7
3,13,test,True,99,2.039966000000277,7,124068,gaussian_same_total_cost,101,gaussian_same_total_cost_lib101_seed7
3,14,test,True,85,2.1416836000007606,7,124068,gaussian_same_total_cost,101,gaussian_same_total_cost_lib101_seed7
3,15,test,True,89,3.1699918000012985,7,124068,gaussian_same_total_cost,101,gaussian_same_total_cost_lib101_seed7
3,16,test,False,600,16.303796899999725,7,124068,gaussian_same_total_cost,101,gaussian_same_total_cost_lib101_seed7
3,17,test,True,83,2.0130613000001176,7,124068,gaussian_same_total_cost,101,gaussian_same_total_cost_lib101_seed7
3,18,test,True,96,4.237553900000421,7,124068,gaussian_same_total_cost,101,gaussian_same_total_cost_lib101_seed7
3,19,test,True,84,4.3680699999986246,7,124068,gaussian_same_total_cost,101,gaussian_same_total_cost_lib101_seed7
4,0,test,True,125,3.1033246999995754,7,124068,gaussian_same_total_cost,101,gaussian_same_total_cost_lib101_seed7
4,1,test,True,121,8.37666899999931,7,124068,gaussian_same_total_cost,101,gaussian_same_total_cost_lib101_seed7
4,2,test,False,600,43.55411110000023,7,124068,gaussian_same_total_cost,101,gaussian_same_total_cost_lib101_seed7
4,3,test,True,121,4.242353400000866,7,124068,gaussian_same_total_cost,101,gaussian_same_total_cost_lib101_seed7
4,4,test,True,131,4.607890299999781,7,124068,gaussian_same_total_cost,101,gaussian_same_total_cost_lib101_seed7
4,5,test,False,600,25.214571200000137,7,124068,gaussian_same_total_cost,101,gaussian_same_total_cost_lib101_seed7
4,6,test,True,146,6.3781010000002425,7,124068,gaussian_same_total_cost,101,gaussian_same_total_cost_lib101_seed7
4,7,test,True,127,4.655088599998635,7,124068,gaussian_same_total_cost,101,gaussian_same_total_cost_lib101_seed7
4,8,test,True,118,4.027403000000049,7,124068,gaussian_same_total_cost,101,gaussian_same_total_cost_lib101_seed7
4,9,test,False,600,22.78074050000032,7,124068,gaussian_same_total_cost,101,gaussian_same_total_cost_lib101_seed7
4,10,test,False,600,32.79288079999969,7,124068,gaussian_same_total_cost,101,gaussian_same_total_cost_lib101_seed7
4,11,test,True,129,2.6068731999985175,7,124068,gaussian_same_total_cost,101,gaussian_same_total_cost_lib101_seed7
4,12,test,False,600,16.767489300000307,7,124068,gaussian_same_total_cost,101,gaussian_same_total_cost_lib101_seed7
4,13,test,False,600,15.833419099999446,7,124068,gaussian_same_total_cost,101,gaussian_same_total_cost_lib101_seed7
4,14,test,True,121,4.4706351999993785,7,124068,gaussian_same_total_cost,101,gaussian_same_total_cost_lib101_seed7
4,15,test,False,600,17.71561490000022,7,124068,gaussian_same_total_cost,101,gaussian_same_total_cost_lib101_seed7
4,16,test,False,600,22.275253499999963,7,124068,gaussian_same_total_cost,101,gaussian_same_total_cost_lib101_seed7
4,17,test,False,600,17.00590799999918,7,124068,gaussian_same_total_cost,101,gaussian_same_total_cost_lib101_seed7
4,18,test,True,136,3.3988599000003887,7,124068,gaussian_same_total_cost,101,gaussian_same_total_cost_lib101_seed7
4,19,test,False,600,19.78040030000011,7,124068,gaussian_same_total_cost,101,gaussian_same_total_cost_lib101_seed7
5,0,test,True,97,2.7997792999995,7,124068,gaussian_same_total_cost,101,gaussian_same_total_cost_lib101_seed7
5,1,test,False,600,20.209357300000192,7,124068,gaussian_same_total_cost,101,gaussian_same_total_cost_lib101_seed7
5,2,test,True,85,1.9403194999995321,7,124068,gaussian_same_total_cost,101,gaussian_same_total_cost_lib101_seed7
5,3,test,True,93,1.7985399999997753,7,124068,gaussian_same_total_cost,101,gaussian_same_total_cost_lib101_seed7
5,4,test,False,600,15.157081900000776,7,124068,gaussian_same_total_cost,101,gaussian_same_total_cost_lib101_seed7
5,5,test,False,600,14.189988100000846,7,124068,gaussian_same_total_cost,101,gaussian_same_total_cost_lib101_seed7
5,6,test,True,99,1.995444199999838,7,124068,gaussian_same_total_cost,101,gaussian_same_total_cost_lib101_seed7
5,7,test,True,269,6.272219100001166,7,124068,gaussian_same_total_cost,101,gaussian_same_total_cost_lib101_seed7
5,8,test,True,90,1.7264773999995668,7,124068,gaussian_same_total_cost,101,gaussian_same_total_cost_lib101_seed7
5,9,test,False,600,14.921588999999585,7,124068,gaussian_same_total_cost,101,gaussian_same_total_cost_lib101_seed7
5,10,test,False,600,12.83373070000016,7,124068,gaussian_same_total_cost,101,gaussian_same_total_cost_lib101_seed7
5,11,test,False,600,14.076078099998995,7,124068,gaussian_same_total_cost,101,gaussian_same_total_cost_lib101_seed7
5,12,test,True,84,1.9811413000006723,7,124068,gaussian_same_total_cost,101,gaussian_same_total_cost_lib101_seed7
5,13,test,False,600,15.03489400000035,7,124068,gaussian_same_total_cost,101,gaussian_same_total_cost_lib101_seed7
5,14,test,False,600,19.51604430000043,7,124068,gaussian_same_total_cost,101,gaussian_same_total_cost_lib101_seed7
5,15,test,True,94,2.7099759000011545,7,124068,gaussian_same_total_cost,101,gaussian_same_total_cost_lib101_seed7
5,16,test,False,600,20.931617000000188,7,124068,gaussian_same_total_cost,101,gaussian_same_total_cost_lib101_seed7
5,17,test,True,100,2.4954102000010607,7,124068,gaussian_same_total_cost,101,gaussian_same_total_cost_lib101_seed7
5,18,test,True,90,2.2168685999986337,7,124068,gaussian_same_total_cost,101,gaussian_same_total_cost_lib101_seed7
5,19,test,False,600,14.987244300000384,7,124068,gaussian_same_total_cost,101,gaussian_same_total_cost_lib101_seed7
6,0,test,True,108,3.1138912000005803,7,124068,gaussian_same_total_cost,101,gaussian_same_total_cost_lib101_seed7
6,1,test,True,103,2.932547700000214,7,124068,gaussian_same_total_cost,101,gaussian_same_total_cost_lib101_seed7
6,2,test,False,600,20.566853500000434,7,124068,gaussian_same_total_cost,101,gaussian_same_total_cost_lib101_seed7
6,3,test,True,98,3.0964858999996068,7,124068,gaussian_same_total_cost,101,gaussian_same_total_cost_lib101_seed7
6,4,test,True,113,4.084418399999777,7,124068,gaussian_same_total_cost,101,gaussian_same_total_cost_lib101_seed7
6,5,test,False,600,20.705550999999105,7,124068,gaussian_same_total_cost,101,gaussian_same_total_cost_lib101_seed7
6,6,test,True,111,3.0598222999997233,7,124068,gaussian_same_total_cost,101,gaussian_same_total_cost_lib101_seed7
6,7,test,False,600,18.75540660000115,7,124068,gaussian_same_total_cost,101,gaussian_same_total_cost_lib101_seed7
6,8,test,True,134,3.0460471999995207,7,124068,gaussian_same_total_cost,101,gaussian_same_total_cost_lib101_seed7
6,9,test,False,600,17.763372400000662,7,124068,gaussian_same_total_cost,101,gaussian_same_total_cost_lib101_seed7
6,10,test,True,122,2.56527449999885,7,124068,gaussian_same_total_cost,101,gaussian_same_total_cost_lib101_seed7
6,11,test,True,109,2.1512435999993613,7,124068,gaussian_same_total_cost,101,gaussian_same_total_cost_lib101_seed7
6,12,test,True,102,2.1388926999989053,7,124068,gaussian_same_total_cost,101,gaussian_same_total_cost_lib101_seed7
6,13,test,True,98,1.8964008999992075,7,124068,gaussian_same_total_cost,101,gaussian_same_total_cost_lib101_seed7
6,14,test,True,108,2.178588500000842,7,124068,gaussian_same_total_cost,101,gaussian_same_total_cost_lib101_seed7
6,15,test,True,294,6.6061507999984315,7,124068,gaussian_same_total_cost,101,gaussian_same_total_cost_lib101_seed7
6,16,test,False,600,16.39992859999984,7,124068,gaussian_same_total_cost,101,gaussian_same_total_cost_lib101_seed7
6,17,test,False,600,20.95394739999938,7,124068,gaussian_same_total_cost,101,gaussian_same_total_cost_lib101_seed7
6,18,test,False,600,26.693119900000966,7,124068,gaussian_same_total_cost,101,gaussian_same_total_cost_lib101_seed7
6,19,test,True,102,2.323623600001156,7,124068,gaussian_same_total_cost,101,gaussian_same_total_cost_lib101_seed7
7,0,test,False,600,14.701005400000213,7,124068,gaussian_same_total_cost,101,gaussian_same_total_cost_lib101_seed7
7,1,test,False,600,12.24887740000122,7,124068,gaussian_same_total_cost,101,gaussian_same_total_cost_lib101_seed7
7,2,test,False,600,12.944998599999963,7,124068,gaussian_same_total_cost,101,gaussian_same_total_cost_lib101_seed7
7,3,test,True,130,2.8022478000002593,7,124068,gaussian_same_total_cost,101,gaussian_same_total_cost_lib101_seed7
7,4,test,False,600,15.076867700001458,7,124068,gaussian_same_total_cost,101,gaussian_same_total_cost_lib101_seed7
7,5,test,False,600,14.309049400000731,7,124068,gaussian_same_total_cost,101,gaussian_same_total_cost_lib101_seed7
7,6,test,False,600,14.190333000000464,7,124068,gaussian_same_total_cost,101,gaussian_same_total_cost_lib101_seed7
7,7,test,False,600,11.821792599999753,7,124068,gaussian_same_total_cost,101,gaussian_same_total_cost_lib101_seed7
7,8,test,True,200,4.342348799998945,7,124068,gaussian_same_total_cost,101,gaussian_same_total_cost_lib101_seed7
7,9,test,False,600,13.972571699998298,7,124068,gaussian_same_total_cost,101,gaussian_same_total_cost_lib101_seed7
7,10,test,True,186,4.401987700000973,7,124068,gaussian_same_total_cost,101,gaussian_same_total_cost_lib101_seed7
7,11,test,False,600,14.549701399999321,7,124068,gaussian_same_total_cost,101,gaussian_same_total_cost_lib101_seed7
7,12,test,True,132,2.8604204000002937,7,124068,gaussian_same_total_cost,101,gaussian_same_total_cost_lib101_seed7
7,13,test,False,600,14.610036799998852,7,124068,gaussian_same_total_cost,101,gaussian_same_total_cost_lib101_seed7
7,14,test,False,600,14.052054200001294,7,124068,gaussian_same_total_cost,101,gaussian_same_total_cost_lib101_seed7
7,15,test,True,186,4.137659399999393,7,124068,gaussian_same_total_cost,101,gaussian_same_total_cost_lib101_seed7
7,16,test,False,600,14.23530860000028,7,124068,gaussian_same_total_cost,101,gaussian_same_total_cost_lib101_seed7
7,17,test,False,600,12.613092400000824,7,124068,gaussian_same_total_cost,101,gaussian_same_total_cost_lib101_seed7
7,18,test,False,600,13.220735500000956,7,124068,gaussian_same_total_cost,101,gaussian_same_total_cost_lib101_seed7
7,19,test,False,600,16.559366800000134,7,124068,gaussian_same_total_cost,101,gaussian_same_total_cost_lib101_seed7
8,0,test,True,99,1.6383875999999873,7,124068,gaussian_same_total_cost,101,gaussian_same_total_cost_lib101_seed7
8,1,test,True,117,2.220303899999635,7,124068,gaussian_same_total_cost,101,gaussian_same_total_cost_lib101_seed7
8,2,test,False,600,15.437538299998778,7,124068,gaussian_same_total_cost,101,gaussian_same_total_cost_lib101_seed7
8,3,test,True,113,2.280152799999996,7,124068,gaussian_same_total_cost,101,gaussian_same_total_cost_lib101_seed7
8,4,test,True,99,1.8889297999994596,7,124068,gaussian_same_total_cost,101,gaussian_same_total_cost_lib101_seed7
8,5,test,True,103,4.245631100000537,7,124068,gaussian_same_total_cost,101,gaussian_same_total_cost_lib101_seed7
8,6,test,True,86,1.5831821000010677,7,124068,gaussian_same_total_cost,101,gaussian_same_total_cost_lib101_seed7
8,7,test,True,83,1.4538931999995839,7,124068,gaussian_same_total_cost,101,gaussian_same_total_cost_lib101_seed7
8,8,test,True,104,1.928689000000304,7,124068,gaussian_same_total_cost,101,gaussian_same_total_cost_lib101_seed7
8,9,test,True,103,1.8526084999994055,7,124068,gaussian_same_total_cost,101,gaussian_same_total_cost_lib101_seed7
8,10,test,True,101,1.8496184000014182,7,124068,gaussian_same_total_cost,101,gaussian_same_total_cost_lib101_seed7
8,11,test,True,96,1.7207115000001068,7,124068,gaussian_same_total_cost,101,gaussian_same_total_cost_lib101_seed7
8,12,test,True,161,3.572636099999727,7,124068,gaussian_same_total_cost,101,gaussian_same_total_cost_lib101_seed7
8,13,test,False,600,12.091011700000308,7,124068,gaussian_same_total_cost,101,gaussian_same_total_cost_lib101_seed7
8,14,test,True,110,2.041692200000398,7,124068,gaussian_same_total_cost,101,gaussian_same_total_cost_lib101_seed7
8,15,test,True,98,1.8010050000011688,7,124068,gaussian_same_total_cost,101,gaussian_same_total_cost_lib101_seed7
8,16,test,True,97,1.7187400000002526,7,124068,gaussian_same_total_cost,101,gaussian_same_total_cost_lib101_seed7
8,17,test,True,96,1.7290573000009317,7,124068,gaussian_same_total_cost,101,gaussian_same_total_cost_lib101_seed7
8,18,test,True,101,2.577165900000182,7,124068,gaussian_same_total_cost,101,gaussian_same_total_cost_lib101_seed7
8,19,test,False,600,13.415391999998974,7,124068,gaussian_same_total_cost,101,gaussian_same_total_cost_lib101_seed7
9,0,test,True,124,2.7597017000007327,7,124068,gaussian_same_total_cost,101,gaussian_same_total_cost_lib101_seed7
9,1,test,False,600,15.332383700000719,7,124068,gaussian_same_total_cost,101,gaussian_same_total_cost_lib101_seed7
9,2,test,False,600,15.77044659999956,7,124068,gaussian_same_total_cost,101,gaussian_same_total_cost_lib101_seed7
9,3,test,True,118,2.388755099998889,7,124068,gaussian_same_total_cost,101,gaussian_same_total_cost_lib101_seed7
9,4,test,False,600,15.831306799998856,7,124068,gaussian_same_total_cost,101,gaussian_same_total_cost_lib101_seed7
9,5,test,True,122,2.47360259999914,7,124068,gaussian_same_total_cost,101,gaussian_same_total_cost_lib101_seed7
9,6,test,False,600,15.62341540000125,7,124068,gaussian_same_total_cost,101,gaussian_same_total_cost_lib101_seed7
9,7,test,True,127,2.4734403000002203,7,124068,gaussian_same_total_cost,101,gaussian_same_total_cost_lib101_seed7
9,8,test,False,600,16.140423000000737,7,124068,gaussian_same_total_cost,101,gaussian_same_total_cost_lib101_seed7
9,9,test,False,600,14.421509600000718,7,124068,gaussian_same_total_cost,101,gaussian_same_total_cost_lib101_seed7
9,10,test,True,116,2.4145855000006122,7,124068,gaussian_same_total_cost,101,gaussian_same_total_cost_lib101_seed7
9,11,test,False,600,17.616153799999665,7,124068,gaussian_same_total_cost,101,gaussian_same_total_cost_lib101_seed7
9,12,test,True,129,2.8320471000006364,7,124068,gaussian_same_total_cost,101,gaussian_same_total_cost_lib101_seed7
9,13,test,True,112,2.2690399999992223,7,124068,gaussian_same_total_cost,101,gaussian_same_total_cost_lib101_seed7
9,14,test,True,111,2.2721064999986993,7,124068,gaussian_same_total_cost,101,gaussian_same_total_cost_lib101_seed7
9,15,test,False,600,15.624698100000387,7,124068,gaussian_same_total_cost,101,gaussian_same_total_cost_lib101_seed7
9,16,test,True,119,2.4098642999997537,7,124068,gaussian_same_total_cost,101,gaussian_same_total_cost_lib101_seed7
9,17,test,True,107,2.302939499999411,7,124068,gaussian_same_total_cost,101,gaussian_same_total_cost_lib101_seed7
9,18,test,False,600,16.924361299999873,7,124068,gaussian_same_total_cost,101,gaussian_same_total_cost_lib101_seed7
9,19,test,True,241,6.497756499999014,7,124068,gaussian_same_total_cost,101,gaussian_same_total_cost_lib101_seed7
0,0,test,True,71,1.2611501999999746,11,46893,gaussian_same_total_cost,202,gaussian_same_total_cost_lib202_seed11
0,1,test,False,600,14.334203700000216,11,46893,gaussian_same_total_cost,202,gaussian_same_total_cost_lib202_seed11
0,2,test,False,600,12.536646700002166,11,46893,gaussian_same_total_cost,202,gaussian_same_total_cost_lib202_seed11
0,3,test,True,74,1.1027651999975205,11,46893,gaussian_same_total_cost,202,gaussian_same_total_cost_lib202_seed11
0,4,test,True,75,1.2385638000014296,11,46893,gaussian_same_total_cost,202,gaussian_same_total_cost_lib202_seed11
0,5,test,True,78,1.2728051000012783,11,46893,gaussian_same_total_cost,202,gaussian_same_total_cost_lib202_seed11
0,6,test,False,600,12.970319899999595,11,46893,gaussian_same_total_cost,202,gaussian_same_total_cost_lib202_seed11
0,7,test,False,600,13.710082800000237,11,46893,gaussian_same_total_cost,202,gaussian_same_total_cost_lib202_seed11
0,8,test,True,73,1.139065200000914,11,46893,gaussian_same_total_cost,202,gaussian_same_total_cost_lib202_seed11
0,9,test,True,72,1.1250895000011951,11,46893,gaussian_same_total_cost,202,gaussian_same_total_cost_lib202_seed11
0,10,test,True,69,1.1439228000017465,11,46893,gaussian_same_total_cost,202,gaussian_same_total_cost_lib202_seed11
0,11,test,True,72,1.156119100000069,11,46893,gaussian_same_total_cost,202,gaussian_same_total_cost_lib202_seed11
0,12,test,True,74,1.2619229000010819,11,46893,gaussian_same_total_cost,202,gaussian_same_total_cost_lib202_seed11
0,13,test,True,147,2.7612561999994796,11,46893,gaussian_same_total_cost,202,gaussian_same_total_cost_lib202_seed11
0,14,test,True,121,1.9428403000019898,11,46893,gaussian_same_total_cost,202,gaussian_same_total_cost_lib202_seed11
0,15,test,False,600,13.446992299999692,11,46893,gaussian_same_total_cost,202,gaussian_same_total_cost_lib202_seed11
0,16,test,True,71,1.1798713999996835,11,46893,gaussian_same_total_cost,202,gaussian_same_total_cost_lib202_seed11
0,17,test,True,69,1.159083599999576,11,46893,gaussian_same_total_cost,202,gaussian_same_total_cost_lib202_seed11
0,18,test,True,86,1.4674916000003577,11,46893,gaussian_same_total_cost,202,gaussian_same_total_cost_lib202_seed11
0,19,test,True,76,1.1646080000027723,11,46893,gaussian_same_total_cost,202,gaussian_same_total_cost_lib202_seed11
1,0,test,True,120,2.175760599999194,11,46893,gaussian_same_total_cost,202,gaussian_same_total_cost_lib202_seed11
1,1,test,True,120,2.033199000001332,11,46893,gaussian_same_total_cost,202,gaussian_same_total_cost_lib202_seed11
1,2,test,True,112,1.8467989999990095,11,46893,gaussian_same_total_cost,202,gaussian_same_total_cost_lib202_seed11
1,3,test,True,202,4.049878199999512,11,46893,gaussian_same_total_cost,202,gaussian_same_total_cost_lib202_seed11
1,4,test,False,600,14.535520700002962,11,46893,gaussian_same_total_cost,202,gaussian_same_total_cost_lib202_seed11
1,5,test,True,105,1.70557049999843,11,46893,gaussian_same_total_cost,202,gaussian_same_total_cost_lib202_seed11
1,6,test,True,114,1.913010000000213,11,46893,gaussian_same_total_cost,202,gaussian_same_total_cost_lib202_seed11
1,7,test,False,600,13.321849500000098,11,46893,gaussian_same_total_cost,202,gaussian_same_total_cost_lib202_seed11
1,8,test,True,99,1.8122853999993822,11,46893,gaussian_same_total_cost,202,gaussian_same_total_cost_lib202_seed11
1,9,test,True,108,1.9580945999987307,11,46893,gaussian_same_total_cost,202,gaussian_same_total_cost_lib202_seed11
1,10,test,True,107,2.034609399997862,11,46893,gaussian_same_total_cost,202,gaussian_same_total_cost_lib202_seed11
1,11,test,True,117,2.1707070999982534,11,46893,gaussian_same_total_cost,202,gaussian_same_total_cost_lib202_seed11
1,12,test,False,600,13.262351600002148,11,46893,gaussian_same_total_cost,202,gaussian_same_total_cost_lib202_seed11
1,13,test,True,164,3.370402500000637,11,46893,gaussian_same_total_cost,202,gaussian_same_total_cost_lib202_seed11
1,14,test,True,107,1.8292106999979296,11,46893,gaussian_same_total_cost,202,gaussian_same_total_cost_lib202_seed11
1,15,test,True,110,1.983578999999736,11,46893,gaussian_same_total_cost,202,gaussian_same_total_cost_lib202_seed11
1,16,test,True,109,1.9668926000013016,11,46893,gaussian_same_total_cost,202,gaussian_same_total_cost_lib202_seed11
1,17,test,True,108,2.387646200000745,11,46893,gaussian_same_total_cost,202,gaussian_same_total_cost_lib202_seed11
1,18,test,False,600,13.433423999998922,11,46893,gaussian_same_total_cost,202,gaussian_same_total_cost_lib202_seed11
1,19,test,True,112,2.1792327000002842,11,46893,gaussian_same_total_cost,202,gaussian_same_total_cost_lib202_seed11
2,0,test,False,600,12.622141200001352,11,46893,gaussian_same_total_cost,202,gaussian_same_total_cost_lib202_seed11
2,1,test,True,97,2.3231522000023688,11,46893,gaussian_same_total_cost,202,gaussian_same_total_cost_lib202_seed11
2,2,test,True,100,1.821369400000549,11,46893,gaussian_same_total_cost,202,gaussian_same_total_cost_lib202_seed11
2,3,test,True,107,1.8737803999974858,11,46893,gaussian_same_total_cost,202,gaussian_same_total_cost_lib202_seed11
2,4,test,True,118,2.0130137000014656,11,46893,gaussian_same_total_cost,202,gaussian_same_total_cost_lib202_seed11
2,5,test,False,600,14.070619999998598,11,46893,gaussian_same_total_cost,202,gaussian_same_total_cost_lib202_seed11
2,6,test,True,93,1.6508066999995208,11,46893,gaussian_same_total_cost,202,gaussian_same_total_cost_lib202_seed11
2,7,test,True,97,1.63966750000327,11,46893,gaussian_same_total_cost,202,gaussian_same_total_cost_lib202_seed11
2,8,test,True,112,1.8661754999993718,11,46893,gaussian_same_total_cost,202,gaussian_same_total_cost_lib202_seed11
2,9,test,False,600,15.031159099999059,11,46893,gaussian_same_total_cost,202,gaussian_same_total_cost_lib202_seed11
2,10,test,True,101,1.6304506000014953,11,46893,gaussian_same_total_cost,202,gaussian_same_total_cost_lib202_seed11
2,11,test,True,99,1.7465177999984007,11,46893,gaussian_same_total_cost,202,gaussian_same_total_cost_lib202_seed11
2,12,test,True,96,1.694640600002458,11,46893,gaussian_same_total_cost,202,gaussian_same_total_cost_lib202_seed11
2,13,test,True,95,1.501646400000027,11,46893,gaussian_same_total_cost,202,gaussian_same_total_cost_lib202_seed11
2,14,test,True,106,1.6469805000015185,11,46893,gaussian_same_total_cost,202,gaussian_same_total_cost_lib202_seed11
2,15,test,True,100,1.6822916999990412,11,46893,gaussian_same_total_cost,202,gaussian_same_total_cost_lib202_seed11
2,16,test,True,88,1.5239051000025938,11,46893,gaussian_same_total_cost,202,gaussian_same_total_cost_lib202_seed11
2,17,test,False,600,13.609265800001594,11,46893,gaussian_same_total_cost,202,gaussian_same_total_cost_lib202_seed11
2,18,test,False,600,12.864143599999807,11,46893,gaussian_same_total_cost,202,gaussian_same_total_cost_lib202_seed11
2,19,test,True,102,1.7498104000005696,11,46893,gaussian_same_total_cost,202,gaussian_same_total_cost_lib202_seed11
3,0,test,True,97,1.6658367999989423,11,46893,gaussian_same_total_cost,202,gaussian_same_total_cost_lib202_seed11
3,1,test,True,94,1.7107311999970989,11,46893,gaussian_same_total_cost,202,gaussian_same_total_cost_lib202_seed11
3,2,test,False,600,15.012387700000545,11,46893,gaussian_same_total_cost,202,gaussian_same_total_cost_lib202_seed11
3,3,test,True,110,2.3336192999995546,11,46893,gaussian_same_total_cost,202,gaussian_same_total_cost_lib202_seed11
3,4,test,True,85,1.6743998000019928,11,46893,gaussian_same_total_cost,202,gaussian_same_total_cost_lib202_seed11
3,5,test,True,88,1.9678854000012507,11,46893,gaussian_same_total_cost,202,gaussian_same_total_cost_lib202_seed11
3,6,test,False,600,14.458242900000187,11,46893,gaussian_same_total_cost,202,gaussian_same_total_cost_lib202_seed11
3,7,test,True,86,1.5593910999996297,11,46893,gaussian_same_total_cost,202,gaussian_same_total_cost_lib202_seed11
3,8,test,True,89,1.7546399000020756,11,46893,gaussian_same_total_cost,202,gaussian_same_total_cost_lib202_seed11
3,9,test,True,82,1.8984486000008474,11,46893,gaussian_same_total_cost,202,gaussian_same_total_cost_lib202_seed11
3,10,test,False,600,14.069930699999531,11,46893,gaussian_same_total_cost,202,gaussian_same_total_cost_lib202_seed11
3,11,test,True,80,1.4421398000049521,11,46893,gaussian_same_total_cost,202,gaussian_same_total_cost_lib202_seed11
3,12,test,True,115,2.3545091999985743,11,46893,gaussian_same_total_cost,202,gaussian_same_total_cost_lib202_seed11
3,13,test,True,83,1.7718707999993057,11,46893,gaussian_same_total_cost,202,gaussian_same_total_cost_lib202_seed11
3,14,test,True,87,1.6177213000009942,11,46893,gaussian_same_total_cost,202,gaussian_same_total_cost_lib202_seed11
3,15,test,True,76,1.8630466999966302,11,46893,gaussian_same_total_cost,202,gaussian_same_total_cost_lib202_seed11
3,16,test,False,600,15.301977200000692,11,46893,gaussian_same_total_cost,202,gaussian_same_total_cost_lib202_seed11
3,17,test,True,88,1.713664400002017,11,46893,gaussian_same_total_cost,202,gaussian_same_total_cost_lib202_seed11
3,18,test,True,90,2.241875399999117,11,46893,gaussian_same_total_cost,202,gaussian_same_total_cost_lib202_seed11
3,19,test,True,160,3.8330350000032922,11,46893,gaussian_same_total_cost,202,gaussian_same_total_cost_lib202_seed11
4,0,test,False,600,15.824175499998091,11,46893,gaussian_same_total_cost,202,gaussian_same_total_cost_lib202_seed11
4,1,test,True,146,3.6540038000021013,11,46893,gaussian_same_total_cost,202,gaussian_same_total_cost_lib202_seed11
4,2,test,True,137,3.014399300001969,11,46893,gaussian_same_total_cost,202,gaussian_same_total_cost_lib202_seed11
4,3,test,True,122,3.061497700000473,11,46893,gaussian_same_total_cost,202,gaussian_same_total_cost_lib202_seed11
4,4,test,True,118,2.3123663000005763,11,46893,gaussian_same_total_cost,202,gaussian_same_total_cost_lib202_seed11
4,5,test,True,123,2.86937780000153,11,46893,gaussian_same_total_cost,202,gaussian_same_total_cost_lib202_seed11
4,6,test,True,140,2.8718613000019104,11,46893,gaussian_same_total_cost,202,gaussian_same_total_cost_lib202_seed11
4,7,test,True,128,2.5836899999994785,11,46893,gaussian_same_total_cost,202,gaussian_same_total_cost_lib202_seed11
4,8,test,True,122,2.652858400000696,11,46893,gaussian_same_total_cost,202,gaussian_same_total_cost_lib202_seed11
4,9,test,True,118,2.6323516000011296,11,46893,gaussian_same_total_cost,202,gaussian_same_total_cost_lib202_seed11
4,10,test,False,600,15.02700669999831,11,46893,gaussian_same_total_cost,202,gaussian_same_total_cost_lib202_seed11
4,11,test,True,118,2.3788516000022355,11,46893,gaussian_same_total_cost,202,gaussian_same_total_cost_lib202_seed11
4,12,test,True,145,2.6626418000014382,11,46893,gaussian_same_total_cost,202,gaussian_same_total_cost_lib202_seed11
4,13,test,True,136,3.0194441999992705,11,46893,gaussian_same_total_cost,202,gaussian_same_total_cost_lib202_seed11
4,14,test,True,142,2.7366751000008662,11,46893,gaussian_same_total_cost,202,gaussian_same_total_cost_lib202_seed11
4,15,test,False,600,13.50819539999793,11,46893,gaussian_same_total_cost,202,gaussian_same_total_cost_lib202_seed11
4,16,test,True,124,2.521198700000241,11,46893,gaussian_same_total_cost,202,gaussian_same_total_cost_lib202_seed11
4,17,test,False,600,15.581487599996763,11,46893,gaussian_same_total_cost,202,gaussian_same_total_cost_lib202_seed11
4,18,test,True,129,2.6699860999979137,11,46893,gaussian_same_total_cost,202,gaussian_same_total_cost_lib202_seed11
4,19,test,True,170,3.359836499999801,11,46893,gaussian_same_total_cost,202,gaussian_same_total_cost_lib202_seed11
5,0,test,True,93,1.8028186000010464,11,46893,gaussian_same_total_cost,202,gaussian_same_total_cost_lib202_seed11
5,1,test,False,600,15.222678899997845,11,46893,gaussian_same_total_cost,202,gaussian_same_total_cost_lib202_seed11
5,2,test,False,600,14.660768699999608,11,46893,gaussian_same_total_cost,202,gaussian_same_total_cost_lib202_seed11
5,3,test,True,89,1.7414763999986462,11,46893,gaussian_same_total_cost,202,gaussian_same_total_cost_lib202_seed11
5,4,test,True,84,1.5745468999994046,11,46893,gaussian_same_total_cost,202,gaussian_same_total_cost_lib202_seed11
5,5,test,False,600,17.689384100001917,11,46893,gaussian_same_total_cost,202,gaussian_same_total_cost_lib202_seed11
5,6,test,False,600,16.8478718999977,11,46893,gaussian_same_total_cost,202,gaussian_same_total_cost_lib202_seed11
5,7,test,False,600,13.422066600000107,11,46893,gaussian_same_total_cost,202,gaussian_same_total_cost_lib202_seed11
5,8,test,True,92,2.056816099997377,11,46893,gaussian_same_total_cost,202,gaussian_same_total_cost_lib202_seed11
5,9,test,True,93,2.080456100000447,11,46893,gaussian_same_total_cost,202,gaussian_same_total_cost_lib202_seed11
5,10,test,False,600,13.766421199998149,11,46893,gaussian_same_total_cost,202,gaussian_same_total_cost_lib202_seed11
5,11,test,False,600,17.388285500001075,11,46893,gaussian_same_total_cost,202,gaussian_same_total_cost_lib202_seed11
5,12,test,True,85,1.7339343000021472,11,46893,gaussian_same_total_cost,202,gaussian_same_total_cost_lib202_seed11
5,13,test,True,89,1.9956911000008404,11,46893,gaussian_same_total_cost,202,gaussian_same_total_cost_lib202_seed11
5,14,test,False,600,13.890911999998934,11,46893,gaussian_same_total_cost,202,gaussian_same_total_cost_lib202_seed11
5,15,test,False,600,14.758578100001614,11,46893,gaussian_same_total_cost,202,gaussian_same_total_cost_lib202_seed11
5,16,test,False,600,15.672166399999696,11,46893,gaussian_same_total_cost,202,gaussian_same_total_cost_lib202_seed11
5,17,test,True,110,2.2577849999979662,11,46893,gaussian_same_total_cost,202,gaussian_same_total_cost_lib202_seed11
5,18,test,True,94,1.9186394999996992,11,46893,gaussian_same_total_cost,202,gaussian_same_total_cost_lib202_seed11
5,19,test,False,600,15.74893620000148,11,46893,gaussian_same_total_cost,202,gaussian_same_total_cost_lib202_seed11
6,0,test,True,105,2.0125838999992993,11,46893,gaussian_same_total_cost,202,gaussian_same_total_cost_lib202_seed11
6,1,test,True,122,2.7600325000021257,11,46893,gaussian_same_total_cost,202,gaussian_same_total_cost_lib202_seed11
6,2,test,True,99,2.170811300002242,11,46893,gaussian_same_total_cost,202,gaussian_same_total_cost_lib202_seed11
6,3,test,True,136,3.044029700002284,11,46893,gaussian_same_total_cost,202,gaussian_same_total_cost_lib202_seed11
6,4,test,False,600,16.355396999999357,11,46893,gaussian_same_total_cost,202,gaussian_same_total_cost_lib202_seed11
6,5,test,True,102,1.9354548000010254,11,46893,gaussian_same_total_cost,202,gaussian_same_total_cost_lib202_seed11
6,6,test,True,104,2.0712090999986685,11,46893,gaussian_same_total_cost,202,gaussian_same_total_cost_lib202_seed11
6,7,test,True,93,1.8515942999983963,11,46893,gaussian_same_total_cost,202,gaussian_same_total_cost_lib202_seed11
6,8,test,True,100,2.109608200000366,11,46893,gaussian_same_total_cost,202,gaussian_same_total_cost_lib202_seed11
6,9,test,True,106,2.2009581999991497,11,46893,gaussian_same_total_cost,202,gaussian_same_total_cost_lib202_seed11
6,10,test,True,105,2.335083099998883,11,46893,gaussian_same_total_cost,202,gaussian_same_total_cost_lib202_seed11
6,11,test,True,105,2.417440799999895,11,46893,gaussian_same_total_cost,202,gaussian_same_total_cost_lib202_seed11
6,12,test,True,102,2.088948900000105,11,46893,gaussian_same_total_cost,202,gaussian_same_total_cost_lib202_seed11
6,13,test,True,102,2.139045100000658,11,46893,gaussian_same_total_cost,202,gaussian_same_total_cost_lib202_seed11
6,14,test,True,101,2.004182699998637,11,46893,gaussian_same_total_cost,202,gaussian_same_total_cost_lib202_seed11
6,15,test,True,102,1.978733400002966,11,46893,gaussian_same_total_cost,202,gaussian_same_total_cost_lib202_seed11
6,16,test,False,600,17.651071200001752,11,46893,gaussian_same_total_cost,202,gaussian_same_total_cost_lib202_seed11
6,17,test,True,101,2.0816995999994106,11,46893,gaussian_same_total_cost,202,gaussian_same_total_cost_lib202_seed11
6,18,test,True,118,2.577092499999708,11,46893,gaussian_same_total_cost,202,gaussian_same_total_cost_lib202_seed11
6,19,test,True,96,1.975573699997767,11,46893,gaussian_same_total_cost,202,gaussian_same_total_cost_lib202_seed11
7,0,test,True,115,2.4213515000010375,11,46893,gaussian_same_total_cost,202,gaussian_same_total_cost_lib202_seed11
7,1,test,False,600,17.91503119999834,11,46893,gaussian_same_total_cost,202,gaussian_same_total_cost_lib202_seed11
7,2,test,True,119,2.6288801999980933,11,46893,gaussian_same_total_cost,202,gaussian_same_total_cost_lib202_seed11
7,3,test,False,600,18.715893299999152,11,46893,gaussian_same_total_cost,202,gaussian_same_total_cost_lib202_seed11
7,4,test,False,600,16.752715599999647,11,46893,gaussian_same_total_cost,202,gaussian_same_total_cost_lib202_seed11
7,5,test,False,600,16.672613899998396,11,46893,gaussian_same_total_cost,202,gaussian_same_total_cost_lib202_seed11
7,6,test,False,600,17.718242499999178,11,46893,gaussian_same_total_cost,202,gaussian_same_total_cost_lib202_seed11
7,7,test,True,141,3.0888980999989144,11,46893,gaussian_same_total_cost,202,gaussian_same_total_cost_lib202_seed11
7,8,test,True,169,3.6953413000010187,11,46893,gaussian_same_total_cost,202,gaussian_same_total_cost_lib202_seed11
7,9,test,False,600,15.966197800000373,11,46893,gaussian_same_total_cost,202,gaussian_same_total_cost_lib202_seed11
7,10,test,False,600,16.290556099997048,11,46893,gaussian_same_total_cost,202,gaussian_same_total_cost_lib202_seed11
7,11,test,False,600,16.180225699998118,11,46893,gaussian_same_total_cost,202,gaussian_same_total_cost_lib202_seed11
7,12,test,True,121,2.494270900002448,11,46893,gaussian_same_total_cost,202,gaussian_same_total_cost_lib202_seed11
7,13,test,False,600,16.351651299999503,11,46893,gaussian_same_total_cost,202,gaussian_same_total_cost_lib202_seed11
7,14,test,True,128,2.6555704999991576,11,46893,gaussian_same_total_cost,202,gaussian_same_total_cost_lib202_seed11
7,15,test,True,139,3.0255773999997473,11,46893,gaussian_same_total_cost,202,gaussian_same_total_cost_lib202_seed11
7,16,test,False,600,17.011973099997704,11,46893,gaussian_same_total_cost,202,gaussian_same_total_cost_lib202_seed11
7,17,test,True,121,2.6249734000011813,11,46893,gaussian_same_total_cost,202,gaussian_same_total_cost_lib202_seed11
7,18,test,True,126,2.7690717999976187,11,46893,gaussian_same_total_cost,202,gaussian_same_total_cost_lib202_seed11
7,19,test,False,600,17.356336400000146,11,46893,gaussian_same_total_cost,202,gaussian_same_total_cost_lib202_seed11
8,0,test,True,105,1.834012299997994,11,46893,gaussian_same_total_cost,202,gaussian_same_total_cost_lib202_seed11
8,1,test,True,92,1.5016445000001113,11,46893,gaussian_same_total_cost,202,gaussian_same_total_cost_lib202_seed11
8,2,test,False,600,14.561680999999226,11,46893,gaussian_same_total_cost,202,gaussian_same_total_cost_lib202_seed11
8,3,test,True,89,1.5634998000023188,11,46893,gaussian_same_total_cost,202,gaussian_same_total_cost_lib202_seed11
8,4,test,False,600,13.501036300000123,11,46893,gaussian_same_total_cost,202,gaussian_same_total_cost_lib202_seed11
8,5,test,True,100,2.0283233000009204,11,46893,gaussian_same_total_cost,202,gaussian_same_total_cost_lib202_seed11
8,6,test,True,114,2.401878700002271,11,46893,gaussian_same_total_cost,202,gaussian_same_total_cost_lib202_seed11
8,7,test,True,94,1.7971300999997766,11,46893,gaussian_same_total_cost,202,gaussian_same_total_cost_lib202_seed11
8,8,test,True,93,1.8888497999978426,11,46893,gaussian_same_total_cost,202,gaussian_same_total_cost_lib202_seed11
8,9,test,True,91,1.660926800002926,11,46893,gaussian_same_total_cost,202,gaussian_same_total_cost_lib202_seed11
8,10,test,True,102,2.1298981999971147,11,46893,gaussian_same_total_cost,202,gaussian_same_total_cost_lib202_seed11
8,11,test,True,104,2.3191698000009637,11,46893,gaussian_same_total_cost,202,gaussian_same_total_cost_lib202_seed11
8,12,test,True,96,2.1590757000012673,11,46893,gaussian_same_total_cost,202,gaussian_same_total_cost_lib202_seed11
8,13,test,True,85,1.9671206000020902,11,46893,gaussian_same_total_cost,202,gaussian_same_total_cost_lib202_seed11
8,14,test,True,88,2.1603806000020995,11,46893,gaussian_same_total_cost,202,gaussian_same_total_cost_lib202_seed11
8,15,test,True,95,1.9555688000000373,11,46893,gaussian_same_total_cost,202,gaussian_same_total_cost_lib202_seed11
8,16,test,True,95,2.2119070000007923,11,46893,gaussian_same_total_cost,202,gaussian_same_total_cost_lib202_seed11
8,17,test,True,96,1.9199226000018825,11,46893,gaussian_same_total_cost,202,gaussian_same_total_cost_lib202_seed11
8,18,test,True,94,2.015861700001551,11,46893,gaussian_same_total_cost,202,gaussian_same_total_cost_lib202_seed11
8,19,test,False,600,15.298285099997884,11,46893,gaussian_same_total_cost,202,gaussian_same_total_cost_lib202_seed11
9,0,test,True,120,2.834438699999737,11,46893,gaussian_same_total_cost,202,gaussian_same_total_cost_lib202_seed11
9,1,test,False,600,16.144311500000185,11,46893,gaussian_same_total_cost,202,gaussian_same_total_cost_lib202_seed11
9,2,test,False,600,16.138712299998588,11,46893,gaussian_same_total_cost,202,gaussian_same_total_cost_lib202_seed11
9,3,test,False,600,16.083977099999174,11,46893,gaussian_same_total_cost,202,gaussian_same_total_cost_lib202_seed11
9,4,test,True,122,3.2354228000003786,11,46893,gaussian_same_total_cost,202,gaussian_same_total_cost_lib202_seed11
9,5,test,True,130,3.4069386000010127,11,46893,gaussian_same_total_cost,202,gaussian_same_total_cost_lib202_seed11
9,6,test,False,600,16.321972599998844,11,46893,gaussian_same_total_cost,202,gaussian_same_total_cost_lib202_seed11
9,7,test,False,600,16.015233099999023,11,46893,gaussian_same_total_cost,202,gaussian_same_total_cost_lib202_seed11
9,8,test,True,142,3.104601199996978,11,46893,gaussian_same_total_cost,202,gaussian_same_total_cost_lib202_seed11
9,9,test,False,600,18.100223899997218,11,46893,gaussian_same_total_cost,202,gaussian_same_total_cost_lib202_seed11
9,10,test,False,600,18.127431600001728,11,46893,gaussian_same_total_cost,202,gaussian_same_total_cost_lib202_seed11
9,11,test,True,114,2.664527299999463,11,46893,gaussian_same_total_cost,202,gaussian_same_total_cost_lib202_seed11
9,12,test,False,600,17.282351499998185,11,46893,gaussian_same_total_cost,202,gaussian_same_total_cost_lib202_seed11
9,13,test,True,123,3.0996489000026486,11,46893,gaussian_same_total_cost,202,gaussian_same_total_cost_lib202_seed11
9,14,test,True,117,3.057006499999261,11,46893,gaussian_same_total_cost,202,gaussian_same_total_cost_lib202_seed11
9,15,test,True,113,2.767998400002398,11,46893,gaussian_same_total_cost,202,gaussian_same_total_cost_lib202_seed11
9,16,test,False,600,17.239739000000554,11,46893,gaussian_same_total_cost,202,gaussian_same_total_cost_lib202_seed11
9,17,test,True,113,2.537585999998555,11,46893,gaussian_same_total_cost,202,gaussian_same_total_cost_lib202_seed11
9,18,test,True,116,2.622363700000278,11,46893,gaussian_same_total_cost,202,gaussian_same_total_cost_lib202_seed11
9,19,test,True,122,2.8288042999993195,11,46893,gaussian_same_total_cost,202,gaussian_same_total_cost_lib202_seed11
0,0,test,False,600,15.868865800002823,23,48232,gaussian_same_total_cost,303,gaussian_same_total_cost_lib303_seed23
0,1,test,False,600,14.740782799999579,23,48232,gaussian_same_total_cost,303,gaussian_same_total_cost_lib303_seed23
0,2,test,False,600,14.865957299996808,23,48232,gaussian_same_total_cost,303,gaussian_same_total_cost_lib303_seed23
0,3,test,True,79,1.220829700003378,23,48232,gaussian_same_total_cost,303,gaussian_same_total_cost_lib303_seed23
0,4,test,True,79,1.3376179000042612,23,48232,gaussian_same_total_cost,303,gaussian_same_total_cost_lib303_seed23
0,5,test,True,81,1.374295900001016,23,48232,gaussian_same_total_cost,303,gaussian_same_total_cost_lib303_seed23
0,6,test,True,83,1.3902620000008028,23,48232,gaussian_same_total_cost,303,gaussian_same_total_cost_lib303_seed23
0,7,test,True,79,1.4401254999975208,23,48232,gaussian_same_total_cost,303,gaussian_same_total_cost_lib303_seed23
0,8,test,True,83,1.394471200001135,23,48232,gaussian_same_total_cost,303,gaussian_same_total_cost_lib303_seed23
0,9,test,True,81,1.3400013999998919,23,48232,gaussian_same_total_cost,303,gaussian_same_total_cost_lib303_seed23
0,10,test,True,80,1.3224412999989,23,48232,gaussian_same_total_cost,303,gaussian_same_total_cost_lib303_seed23
0,11,test,True,82,1.4594627999977092,23,48232,gaussian_same_total_cost,303,gaussian_same_total_cost_lib303_seed23
0,12,test,True,125,2.1583030999972834,23,48232,gaussian_same_total_cost,303,gaussian_same_total_cost_lib303_seed23
0,13,test,False,600,13.296228500003053,23,48232,gaussian_same_total_cost,303,gaussian_same_total_cost_lib303_seed23
0,14,test,True,89,1.5500533999947947,23,48232,gaussian_same_total_cost,303,gaussian_same_total_cost_lib303_seed23
0,15,test,True,81,1.3583723999981885,23,48232,gaussian_same_total_cost,303,gaussian_same_total_cost_lib303_seed23
0,16,test,False,600,14.424577900004806,23,48232,gaussian_same_total_cost,303,gaussian_same_total_cost_lib303_seed23
0,17,test,True,81,1.398979599995073,23,48232,gaussian_same_total_cost,303,gaussian_same_total_cost_lib303_seed23
0,18,test,True,84,1.4430241000009119,23,48232,gaussian_same_total_cost,303,gaussian_same_total_cost_lib303_seed23
0,19,test,True,74,1.2393786999964505,23,48232,gaussian_same_total_cost,303,gaussian_same_total_cost_lib303_seed23
1,0,test,False,600,14.501483500003815,23,48232,gaussian_same_total_cost,303,gaussian_same_total_cost_lib303_seed23
1,1,test,True,115,2.143402599998808,23,48232,gaussian_same_total_cost,303,gaussian_same_total_cost_lib303_seed23
1,2,test,True,107,1.9980231000008644,23,48232,gaussian_same_total_cost,303,gaussian_same_total_cost_lib303_seed23
1,3,test,False,600,17.259673100001237,23,48232,gaussian_same_total_cost,303,gaussian_same_total_cost_lib303_seed23
1,4,test,True,107,1.9029261999967275,23,48232,gaussian_same_total_cost,303,gaussian_same_total_cost_lib303_seed23
1,5,test,True,102,1.6537067999961437,23,48232,gaussian_same_total_cost,303,gaussian_same_total_cost_lib303_seed23
1,6,test,True,104,1.8173392999960924,23,48232,gaussian_same_total_cost,303,gaussian_same_total_cost_lib303_seed23
1,7,test,True,167,3.1181159999978263,23,48232,gaussian_same_total_cost,303,gaussian_same_total_cost_lib303_seed23
1,8,test,False,600,13.634098199996515,23,48232,gaussian_same_total_cost,303,gaussian_same_total_cost_lib303_seed23
1,9,test,True,158,3.456641500000842,23,48232,gaussian_same_total_cost,303,gaussian_same_total_cost_lib303_seed23
1,10,test,True,115,2.064047899999423,23,48232,gaussian_same_total_cost,303,gaussian_same_total_cost_lib303_seed23
1,11,test,False,600,16.367600500001572,23,48232,gaussian_same_total_cost,303,gaussian_same_total_cost_lib303_seed23
1,12,test,False,600,11.41605079999863,23,48232,gaussian_same_total_cost,303,gaussian_same_total_cost_lib303_seed23
1,13,test,True,265,6.436615799997526,23,48232,gaussian_same_total_cost,303,gaussian_same_total_cost_lib303_seed23
1,14,test,False,600,14.37597950000054,23,48232,gaussian_same_total_cost,303,gaussian_same_total_cost_lib303_seed23
1,15,test,True,113,1.9888394000008702,23,48232,gaussian_same_total_cost,303,gaussian_same_total_cost_lib303_seed23
1,16,test,True,104,1.791734300000826,23,48232,gaussian_same_total_cost,303,gaussian_same_total_cost_lib303_seed23
1,17,test,True,113,2.1054139000043506,23,48232,gaussian_same_total_cost,303,gaussian_same_total_cost_lib303_seed23
1,18,test,True,109,1.9159663999962504,23,48232,gaussian_same_total_cost,303,gaussian_same_total_cost_lib303_seed23
1,19,test,True,312,8.257496999998693,23,48232,gaussian_same_total_cost,303,gaussian_same_total_cost_lib303_seed23
2,0,test,True,93,1.5720404000021517,23,48232,gaussian_same_total_cost,303,gaussian_same_total_cost_lib303_seed23
2,1,test,True,102,1.8577552999995532,23,48232,gaussian_same_total_cost,303,gaussian_same_total_cost_lib303_seed23
2,2,test,True,92,1.596104500000365,23,48232,gaussian_same_total_cost,303,gaussian_same_total_cost_lib303_seed23
2,3,test,True,101,1.9927118999985396,23,48232,gaussian_same_total_cost,303,gaussian_same_total_cost_lib303_seed23
2,4,test,True,98,1.6557488999969792,23,48232,gaussian_same_total_cost,303,gaussian_same_total_cost_lib303_seed23
2,5,test,True,104,1.8837929000001168,23,48232,gaussian_same_total_cost,303,gaussian_same_total_cost_lib303_seed23
2,6,test,True,101,1.7301568999973824,23,48232,gaussian_same_total_cost,303,gaussian_same_total_cost_lib303_seed23
2,7,test,True,111,2.079662099997222,23,48232,gaussian_same_total_cost,303,gaussian_same_total_cost_lib303_seed23
2,8,test,True,109,1.9454836000004434,23,48232,gaussian_same_total_cost,303,gaussian_same_total_cost_lib303_seed23
2,9,test,True,102,1.8546507999999449,23,48232,gaussian_same_total_cost,303,gaussian_same_total_cost_lib303_seed23
2,10,test,False,600,14.19383789999847,23,48232,gaussian_same_total_cost,303,gaussian_same_total_cost_lib303_seed23
2,11,test,True,101,1.7215249000000767,23,48232,gaussian_same_total_cost,303,gaussian_same_total_cost_lib303_seed23
2,12,test,True,106,1.9231476999993902,23,48232,gaussian_same_total_cost,303,gaussian_same_total_cost_lib303_seed23
2,13,test,True,90,1.5803959999975632,23,48232,gaussian_same_total_cost,303,gaussian_same_total_cost_lib303_seed23
2,14,test,True,126,2.235121799996705,23,48232,gaussian_same_total_cost,303,gaussian_same_total_cost_lib303_seed23
2,15,test,True,110,1.9342277000032482,23,48232,gaussian_same_total_cost,303,gaussian_same_total_cost_lib303_seed23
2,16,test,True,84,1.4799652000001515,23,48232,gaussian_same_total_cost,303,gaussian_same_total_cost_lib303_seed23
2,17,test,True,95,1.5843185000048834,23,48232,gaussian_same_total_cost,303,gaussian_same_total_cost_lib303_seed23
2,18,test,False,600,13.833120200004487,23,48232,gaussian_same_total_cost,303,gaussian_same_total_cost_lib303_seed23
2,19,test,True,106,1.9651367999977083,23,48232,gaussian_same_total_cost,303,gaussian_same_total_cost_lib303_seed23
3,0,test,False,600,15.28605759999482,23,48232,gaussian_same_total_cost,303,gaussian_same_total_cost_lib303_seed23
3,1,test,False,600,14.686867100004747,23,48232,gaussian_same_total_cost,303,gaussian_same_total_cost_lib303_seed23
3,2,test,True,84,1.4240172999998322,23,48232,gaussian_same_total_cost,303,gaussian_same_total_cost_lib303_seed23
3,3,test,True,86,1.5202024999962305,23,48232,gaussian_same_total_cost,303,gaussian_same_total_cost_lib303_seed23
3,4,test,True,90,1.6089635000025737,23,48232,gaussian_same_total_cost,303,gaussian_same_total_cost_lib303_seed23
3,5,test,True,87,1.5076023000001442,23,48232,gaussian_same_total_cost,303,gaussian_same_total_cost_lib303_seed23
3,6,test,True,88,1.512758800003212,23,48232,gaussian_same_total_cost,303,gaussian_same_total_cost_lib303_seed23
3,7,test,True,106,2.0601959000050556,23,48232,gaussian_same_total_cost,303,gaussian_same_total_cost_lib303_seed23
3,8,test,True,82,1.375692400004482,23,48232,gaussian_same_total_cost,303,gaussian_same_total_cost_lib303_seed23
3,9,test,True,106,1.9135376999984146,23,48232,gaussian_same_total_cost,303,gaussian_same_total_cost_lib303_seed23
3,10,test,True,84,1.4632601999983308,23,48232,gaussian_same_total_cost,303,gaussian_same_total_cost_lib303_seed23
3,11,test,True,87,1.5951901000007638,23,48232,gaussian_same_total_cost,303,gaussian_same_total_cost_lib303_seed23
3,12,test,True,96,1.8438989999995101,23,48232,gaussian_same_total_cost,303,gaussian_same_total_cost_lib303_seed23
3,13,test,True,92,1.6105316999964998,23,48232,gaussian_same_total_cost,303,gaussian_same_total_cost_lib303_seed23
3,14,test,True,93,1.6604074000060791,23,48232,gaussian_same_total_cost,303,gaussian_same_total_cost_lib303_seed23
3,15,test,True,89,1.5824426999970456,23,48232,gaussian_same_total_cost,303,gaussian_same_total_cost_lib303_seed23
3,16,test,True,89,1.6974753000031342,23,48232,gaussian_same_total_cost,303,gaussian_same_total_cost_lib303_seed23
3,17,test,True,86,1.545435500003805,23,48232,gaussian_same_total_cost,303,gaussian_same_total_cost_lib303_seed23
3,18,test,True,97,1.7976009999983944,23,48232,gaussian_same_total_cost,303,gaussian_same_total_cost_lib303_seed23
3,19,test,True,85,1.502605500005302,23,48232,gaussian_same_total_cost,303,gaussian_same_total_cost_lib303_seed23
4,0,test,True,125,2.4908338000022923,23,48232,gaussian_same_total_cost,303,gaussian_same_total_cost_lib303_seed23
4,1,test,False,600,19.074662899998657,23,48232,gaussian_same_total_cost,303,gaussian_same_total_cost_lib303_seed23
4,2,test,False,600,15.969657200002985,23,48232,gaussian_same_total_cost,303,gaussian_same_total_cost_lib303_seed23
4,3,test,False,600,18.06725710000319,23,48232,gaussian_same_total_cost,303,gaussian_same_total_cost_lib303_seed23
4,4,test,True,145,3.112622900000133,23,48232,gaussian_same_total_cost,303,gaussian_same_total_cost_lib303_seed23
4,5,test,True,135,2.5450832999995328,23,48232,gaussian_same_total_cost,303,gaussian_same_total_cost_lib303_seed23
4,6,test,True,132,2.5228365999937523,23,48232,gaussian_same_total_cost,303,gaussian_same_total_cost_lib303_seed23
4,7,test,True,130,2.4988136000029044,23,48232,gaussian_same_total_cost,303,gaussian_same_total_cost_lib303_seed23
4,8,test,False,600,17.05640129999665,23,48232,gaussian_same_total_cost,303,gaussian_same_total_cost_lib303_seed23
4,9,test,True,123,2.4381176000024425,23,48232,gaussian_same_total_cost,303,gaussian_same_total_cost_lib303_seed23
4,10,test,True,122,2.378398799999559,23,48232,gaussian_same_total_cost,303,gaussian_same_total_cost_lib303_seed23
4,11,test,True,127,2.396765500001493,23,48232,gaussian_same_total_cost,303,gaussian_same_total_cost_lib303_seed23
4,12,test,True,125,2.421707899993635,23,48232,gaussian_same_total_cost,303,gaussian_same_total_cost_lib303_seed23
4,13,test,True,130,2.5046909999946365,23,48232,gaussian_same_total_cost,303,gaussian_same_total_cost_lib303_seed23
4,14,test,True,133,2.5815188999986276,23,48232,gaussian_same_total_cost,303,gaussian_same_total_cost_lib303_seed23
4,15,test,True,150,2.9837329000001773,23,48232,gaussian_same_total_cost,303,gaussian_same_total_cost_lib303_seed23
4,16,test,True,123,2.439455200001248,23,48232,gaussian_same_total_cost,303,gaussian_same_total_cost_lib303_seed23
4,17,test,False,600,16.728775600000517,23,48232,gaussian_same_total_cost,303,gaussian_same_total_cost_lib303_seed23
4,18,test,True,178,3.931734799996775,23,48232,gaussian_same_total_cost,303,gaussian_same_total_cost_lib303_seed23
4,19,test,False,600,16.040431599998556,23,48232,gaussian_same_total_cost,303,gaussian_same_total_cost_lib303_seed23
5,0,test,True,99,1.7426360000026762,23,48232,gaussian_same_total_cost,303,gaussian_same_total_cost_lib303_seed23
5,1,test,False,600,14.442742100000032,23,48232,gaussian_same_total_cost,303,gaussian_same_total_cost_lib303_seed23
5,2,test,True,81,1.373058500001207,23,48232,gaussian_same_total_cost,303,gaussian_same_total_cost_lib303_seed23
5,3,test,True,94,1.7047575999968103,23,48232,gaussian_same_total_cost,303,gaussian_same_total_cost_lib303_seed23
5,4,test,True,94,1.728515900002094,23,48232,gaussian_same_total_cost,303,gaussian_same_total_cost_lib303_seed23
5,5,test,True,89,1.50304270000197,23,48232,gaussian_same_total_cost,303,gaussian_same_total_cost_lib303_seed23
5,6,test,False,600,16.43825199999992,23,48232,gaussian_same_total_cost,303,gaussian_same_total_cost_lib303_seed23
5,7,test,True,90,1.5228437000041595,23,48232,gaussian_same_total_cost,303,gaussian_same_total_cost_lib303_seed23
5,8,test,True,165,3.3532084000034956,23,48232,gaussian_same_total_cost,303,gaussian_same_total_cost_lib303_seed23
5,9,test,True,97,1.6725093999993987,23,48232,gaussian_same_total_cost,303,gaussian_same_total_cost_lib303_seed23
5,10,test,True,88,1.5784103000041796,23,48232,gaussian_same_total_cost,303,gaussian_same_total_cost_lib303_seed23
5,11,test,True,86,1.7491960000043036,23,48232,gaussian_same_total_cost,303,gaussian_same_total_cost_lib303_seed23
5,12,test,True,94,1.8453147000036552,23,48232,gaussian_same_total_cost,303,gaussian_same_total_cost_lib303_seed23
5,13,test,False,600,18.140456599998288,23,48232,gaussian_same_total_cost,303,gaussian_same_total_cost_lib303_seed23
5,14,test,True,97,1.717400200002885,23,48232,gaussian_same_total_cost,303,gaussian_same_total_cost_lib303_seed23
5,15,test,False,600,15.056435300000885,23,48232,gaussian_same_total_cost,303,gaussian_same_total_cost_lib303_seed23
5,16,test,False,600,14.240930600004504,23,48232,gaussian_same_total_cost,303,gaussian_same_total_cost_lib303_seed23
5,17,test,True,97,1.7964108000014676,23,48232,gaussian_same_total_cost,303,gaussian_same_total_cost_lib303_seed23
5,18,test,False,600,14.94372629999998,23,48232,gaussian_same_total_cost,303,gaussian_same_total_cost_lib303_seed23
5,19,test,False,600,15.274187700000766,23,48232,gaussian_same_total_cost,303,gaussian_same_total_cost_lib303_seed23
6,0,test,True,121,2.649388899997575,23,48232,gaussian_same_total_cost,303,gaussian_same_total_cost_lib303_seed23
6,1,test,False,600,15.394409099993936,23,48232,gaussian_same_total_cost,303,gaussian_same_total_cost_lib303_seed23
6,2,test,False,600,14.514204200000677,23,48232,gaussian_same_total_cost,303,gaussian_same_total_cost_lib303_seed23
6,3,test,True,101,2.0125311000010697,23,48232,gaussian_same_total_cost,303,gaussian_same_total_cost_lib303_seed23
6,4,test,True,105,2.2327819999991334,23,48232,gaussian_same_total_cost,303,gaussian_same_total_cost_lib303_seed23
6,5,test,True,114,2.3201686999964295,23,48232,gaussian_same_total_cost,303,gaussian_same_total_cost_lib303_seed23
6,6,test,True,107,2.359021299998858,23,48232,gaussian_same_total_cost,303,gaussian_same_total_cost_lib303_seed23
6,7,test,True,103,2.0876583000062965,23,48232,gaussian_same_total_cost,303,gaussian_same_total_cost_lib303_seed23
6,8,test,True,103,2.1071391999939806,23,48232,gaussian_same_total_cost,303,gaussian_same_total_cost_lib303_seed23
6,9,test,False,600,16.775755199996638,23,48232,gaussian_same_total_cost,303,gaussian_same_total_cost_lib303_seed23
6,10,test,True,104,1.978770000001532,23,48232,gaussian_same_total_cost,303,gaussian_same_total_cost_lib303_seed23
6,11,test,True,111,2.318405999998504,23,48232,gaussian_same_total_cost,303,gaussian_same_total_cost_lib303_seed23
6,12,test,True,107,2.328876899999159,23,48232,gaussian_same_total_cost,303,gaussian_same_total_cost_lib303_seed23
6,13,test,True,97,1.9929322999960277,23,48232,gaussian_same_total_cost,303,gaussian_same_total_cost_lib303_seed23
6,14,test,False,600,16.558325300000433,23,48232,gaussian_same_total_cost,303,gaussian_same_total_cost_lib303_seed23
6,15,test,True,105,2.198137500003213,23,48232,gaussian_same_total_cost,303,gaussian_same_total_cost_lib303_seed23
6,16,test,True,96,1.8743415999997524,23,48232,gaussian_same_total_cost,303,gaussian_same_total_cost_lib303_seed23
6,17,test,False,600,16.738912200002233,23,48232,gaussian_same_total_cost,303,gaussian_same_total_cost_lib303_seed23
6,18,test,True,105,2.1337123999983305,23,48232,gaussian_same_total_cost,303,gaussian_same_total_cost_lib303_seed23
6,19,test,True,100,2.0281137000056333,23,48232,gaussian_same_total_cost,303,gaussian_same_total_cost_lib303_seed23
7,0,test,True,126,2.649482300003001,23,48232,gaussian_same_total_cost,303,gaussian_same_total_cost_lib303_seed23
7,1,test,False,600,18.93907659999968,23,48232,gaussian_same_total_cost,303,gaussian_same_total_cost_lib303_seed23
7,2,test,True,153,3.634407800003828,23,48232,gaussian_same_total_cost,303,gaussian_same_total_cost_lib303_seed23
7,3,test,True,158,3.4394472999993013,23,48232,gaussian_same_total_cost,303,gaussian_same_total_cost_lib303_seed23
7,4,test,False,600,18.207138000005216,23,48232,gaussian_same_total_cost,303,gaussian_same_total_cost_lib303_seed23
7,5,test,False,600,19.889584299999115,23,48232,gaussian_same_total_cost,303,gaussian_same_total_cost_lib303_seed23
7,6,test,False,600,16.252450200001476,23,48232,gaussian_same_total_cost,303,gaussian_same_total_cost_lib303_seed23
7,7,test,True,119,2.5980572999978904,23,48232,gaussian_same_total_cost,303,gaussian_same_total_cost_lib303_seed23
7,8,test,False,600,18.136008800000127,23,48232,gaussian_same_total_cost,303,gaussian_same_total_cost_lib303_seed23
7,9,test,True,139,3.0870716999997967,23,48232,gaussian_same_total_cost,303,gaussian_same_total_cost_lib303_seed23
7,10,test,True,289,7.640202800001134,23,48232,gaussian_same_total_cost,303,gaussian_same_total_cost_lib303_seed23
7,11,test,False,600,14.988199400002486,23,48232,gaussian_same_total_cost,303,gaussian_same_total_cost_lib303_seed23
7,12,test,True,130,2.8550478000033763,23,48232,gaussian_same_total_cost,303,gaussian_same_total_cost_lib303_seed23
7,13,test,False,600,16.979280200001085,23,48232,gaussian_same_total_cost,303,gaussian_same_total_cost_lib303_seed23
7,14,test,False,600,17.27162639999733,23,48232,gaussian_same_total_cost,303,gaussian_same_total_cost_lib303_seed23
7,15,test,True,140,3.227625100000296,23,48232,gaussian_same_total_cost,303,gaussian_same_total_cost_lib303_seed23
7,16,test,False,600,16.655471099998977,23,48232,gaussian_same_total_cost,303,gaussian_same_total_cost_lib303_seed23
7,17,test,False,600,16.24265100000048,23,48232,gaussian_same_total_cost,303,gaussian_same_total_cost_lib303_seed23
7,18,test,True,261,6.699764199998754,23,48232,gaussian_same_total_cost,303,gaussian_same_total_cost_lib303_seed23
7,19,test,False,600,16.76258460000099,23,48232,gaussian_same_total_cost,303,gaussian_same_total_cost_lib303_seed23
8,0,test,True,112,2.020214999996824,23,48232,gaussian_same_total_cost,303,gaussian_same_total_cost_lib303_seed23
8,1,test,True,85,1.415219700000307,23,48232,gaussian_same_total_cost,303,gaussian_same_total_cost_lib303_seed23
8,2,test,True,91,1.5481931999966037,23,48232,gaussian_same_total_cost,303,gaussian_same_total_cost_lib303_seed23
8,3,test,True,86,1.4743042000045534,23,48232,gaussian_same_total_cost,303,gaussian_same_total_cost_lib303_seed23
8,4,test,False,600,11.448049999999057,23,48232,gaussian_same_total_cost,303,gaussian_same_total_cost_lib303_seed23
8,5,test,True,97,1.673532900000282,23,48232,gaussian_same_total_cost,303,gaussian_same_total_cost_lib303_seed23
8,6,test,True,86,1.5394318999969983,23,48232,gaussian_same_total_cost,303,gaussian_same_total_cost_lib303_seed23
8,7,test,True,87,1.4508067999995546,23,48232,gaussian_same_total_cost,303,gaussian_same_total_cost_lib303_seed23
8,8,test,True,204,4.422750900004758,23,48232,gaussian_same_total_cost,303,gaussian_same_total_cost_lib303_seed23
8,9,test,True,91,1.5308602000004612,23,48232,gaussian_same_total_cost,303,gaussian_same_total_cost_lib303_seed23
8,10,test,True,95,1.536581100001058,23,48232,gaussian_same_total_cost,303,gaussian_same_total_cost_lib303_seed23
8,11,test,True,97,1.7335490999976173,23,48232,gaussian_same_total_cost,303,gaussian_same_total_cost_lib303_seed23
8,12,test,True,87,1.5828919999985374,23,48232,gaussian_same_total_cost,303,gaussian_same_total_cost_lib303_seed23
8,13,test,True,102,1.8175743999963743,23,48232,gaussian_same_total_cost,303,gaussian_same_total_cost_lib303_seed23
8,14,test,True,92,1.518989000003785,23,48232,gaussian_same_total_cost,303,gaussian_same_total_cost_lib303_seed23
8,15,test,True,89,1.5278865000000224,23,48232,gaussian_same_total_cost,303,gaussian_same_total_cost_lib303_seed23
8,16,test,True,96,1.6784562000029837,23,48232,gaussian_same_total_cost,303,gaussian_same_total_cost_lib303_seed23
8,17,test,True,93,1.6359722999986843,23,48232,gaussian_same_total_cost,303,gaussian_same_total_cost_lib303_seed23
8,18,test,True,95,1.762188900000183,23,48232,gaussian_same_total_cost,303,gaussian_same_total_cost_lib303_seed23
8,19,test,True,97,1.5939778000029037,23,48232,gaussian_same_total_cost,303,gaussian_same_total_cost_lib303_seed23
9,0,test,True,114,2.5600580999962403,23,48232,gaussian_same_total_cost,303,gaussian_same_total_cost_lib303_seed23
9,1,test,False,600,17.476514800000587,23,48232,gaussian_same_total_cost,303,gaussian_same_total_cost_lib303_seed23
9,2,test,False,600,17.957812799999374,23,48232,gaussian_same_total_cost,303,gaussian_same_total_cost_lib303_seed23
9,3,test,True,117,2.652322000001732,23,48232,gaussian_same_total_cost,303,gaussian_same_total_cost_lib303_seed23
9,4,test,False,600,17.24462610000046,23,48232,gaussian_same_total_cost,303,gaussian_same_total_cost_lib303_seed23
9,5,test,False,600,17.905439100002695,23,48232,gaussian_same_total_cost,303,gaussian_same_total_cost_lib303_seed23
9,6,test,True,118,2.643278800002008,23,48232,gaussian_same_total_cost,303,gaussian_same_total_cost_lib303_seed23
9,7,test,False,600,17.732642300004954,23,48232,gaussian_same_total_cost,303,gaussian_same_total_cost_lib303_seed23
9,8,test,True,137,2.9992997000008472,23,48232,gaussian_same_total_cost,303,gaussian_same_total_cost_lib303_seed23
9,9,test,True,119,2.4258360999956494,23,48232,gaussian_same_total_cost,303,gaussian_same_total_cost_lib303_seed23
9,10,test,True,119,2.441091900000174,23,48232,gaussian_same_total_cost,303,gaussian_same_total_cost_lib303_seed23
9,11,test,True,120,2.4905522000044584,23,48232,gaussian_same_total_cost,303,gaussian_same_total_cost_lib303_seed23
9,12,test,False,600,17.266848200000823,23,48232,gaussian_same_total_cost,303,gaussian_same_total_cost_lib303_seed23
9,13,test,False,600,16.114178299998457,23,48232,gaussian_same_total_cost,303,gaussian_same_total_cost_lib303_seed23
9,14,test,True,111,2.3618443999948795,23,48232,gaussian_same_total_cost,303,gaussian_same_total_cost_lib303_seed23
9,15,test,True,119,2.6307302999994135,23,48232,gaussian_same_total_cost,303,gaussian_same_total_cost_lib303_seed23
9,16,test,True,119,2.6020854000016698,23,48232,gaussian_same_total_cost,303,gaussian_same_total_cost_lib303_seed23
9,17,test,False,600,19.002547399999457,23,48232,gaussian_same_total_cost,303,gaussian_same_total_cost_lib303_seed23
9,18,test,True,125,2.8607454000011785,23,48232,gaussian_same_total_cost,303,gaussian_same_total_cost_lib303_seed23
9,19,test,True,132,2.9799446999968495,23,48232,gaussian_same_total_cost,303,gaussian_same_total_cost_lib303_seed23
0,0,test,True,75,1.7609712999992553,7,33334,scana_r,101,scana_r_lib101_seed7
0,1,test,True,82,1.8474636999999348,7,33334,scana_r,101,scana_r_lib101_seed7
0,2,test,False,600,14.414458500000364,7,33334,scana_r,101,scana_r_lib101_seed7
0,3,test,True,85,1.5225207000003138,7,33334,scana_r,101,scana_r_lib101_seed7
0,4,test,True,74,1.2852075000000696,7,33334,scana_r,101,scana_r_lib101_seed7
0,5,test,True,239,6.244749100000263,7,33334,scana_r,101,scana_r_lib101_seed7
0,6,test,False,600,14.32696550000037,7,33334,scana_r,101,scana_r_lib101_seed7
0,7,test,True,78,2.4572364999994534,7,33334,scana_r,101,scana_r_lib101_seed7
0,8,test,True,77,2.0620771000003515,7,33334,scana_r,101,scana_r_lib101_seed7
0,9,test,True,582,27.309497000000192,7,33334,scana_r,101,scana_r_lib101_seed7
0,10,test,True,79,2.3288315999998304,7,33334,scana_r,101,scana_r_lib101_seed7
0,11,test,True,69,1.779399199999716,7,33334,scana_r,101,scana_r_lib101_seed7
0,12,test,True,90,2.144841400000587,7,33334,scana_r,101,scana_r_lib101_seed7
0,13,test,False,600,16.070553800000198,7,33334,scana_r,101,scana_r_lib101_seed7
0,14,test,True,81,1.7250583000004553,7,33334,scana_r,101,scana_r_lib101_seed7
0,15,test,False,600,14.080096200000298,7,33334,scana_r,101,scana_r_lib101_seed7
0,16,test,True,78,1.631145700000161,7,33334,scana_r,101,scana_r_lib101_seed7
0,17,test,True,77,1.5768966000005094,7,33334,scana_r,101,scana_r_lib101_seed7
0,18,test,True,88,1.921368600000278,7,33334,scana_r,101,scana_r_lib101_seed7
0,19,test,True,78,1.4638622000002215,7,33334,scana_r,101,scana_r_lib101_seed7
1,0,test,True,131,2.651534900000115,7,33334,scana_r,101,scana_r_lib101_seed7
1,1,test,True,246,6.130524199999854,7,33334,scana_r,101,scana_r_lib101_seed7
1,2,test,True,107,2.4864870999999766,7,33334,scana_r,101,scana_r_lib101_seed7
1,3,test,False,600,16.25323380000009,7,33334,scana_r,101,scana_r_lib101_seed7
1,4,test,True,104,2.164468700000725,7,33334,scana_r,101,scana_r_lib101_seed7
1,5,test,True,109,2.3352756000003865,7,33334,scana_r,101,scana_r_lib101_seed7
1,6,test,True,117,2.680540700000165,7,33334,scana_r,101,scana_r_lib101_seed7
1,7,test,False,600,12.476088400000663,7,33334,scana_r,101,scana_r_lib101_seed7
1,8,test,False,600,14.689831399999093,7,33334,scana_r,101,scana_r_lib101_seed7
1,9,test,True,117,2.290614199999254,7,33334,scana_r,101,scana_r_lib101_seed7
1,10,test,True,110,2.189720300000772,7,33334,scana_r,101,scana_r_lib101_seed7
1,11,test,True,105,1.9353980999985652,7,33334,scana_r,101,scana_r_lib101_seed7
1,12,test,True,106,1.9989014000002499,7,33334,scana_r,101,scana_r_lib101_seed7
1,13,test,True,115,2.2751540999997815,7,33334,scana_r,101,scana_r_lib101_seed7
1,14,test,True,101,1.8607761999992363,7,33334,scana_r,101,scana_r_lib101_seed7
1,15,test,True,130,3.0437724000003072,7,33334,scana_r,101,scana_r_lib101_seed7
1,16,test,True,108,1.9872243999998318,7,33334,scana_r,101,scana_r_lib101_seed7
1,17,test,True,115,2.2008392000007007,7,33334,scana_r,101,scana_r_lib101_seed7
1,18,test,True,223,5.8264280000003055,7,33334,scana_r,101,scana_r_lib101_seed7
1,19,test,True,107,1.9783951999997953,7,33334,scana_r,101,scana_r_lib101_seed7
2,0,test,True,117,2.3267734999990353,7,33334,scana_r,101,scana_r_lib101_seed7
2,1,test,True,116,2.494116199999553,7,33334,scana_r,101,scana_r_lib101_seed7
2,2,test,False,600,14.851313999999547,7,33334,scana_r,101,scana_r_lib101_seed7
2,3,test,True,91,1.7086988000010024,7,33334,scana_r,101,scana_r_lib101_seed7
2,4,test,True,102,1.9538933999992878,7,33334,scana_r,101,scana_r_lib101_seed7
2,5,test,False,600,13.930456099998992,7,33334,scana_r,101,scana_r_lib101_seed7
2,6,test,False,600,13.785241900000983,7,33334,scana_r,101,scana_r_lib101_seed7
2,7,test,False,600,13.089467300000251,7,33334,scana_r,101,scana_r_lib101_seed7
2,8,test,False,600,14.320781699998406,7,33334,scana_r,101,scana_r_lib101_seed7
2,9,test,True,107,2.284523700000136,7,33334,scana_r,101,scana_r_lib101_seed7
2,10,test,False,600,13.49555700000019,7,33334,scana_r,101,scana_r_lib101_seed7
2,11,test,False,600,16.467357300000003,7,33334,scana_r,101,scana_r_lib101_seed7
2,12,test,True,96,2.178040200000396,7,33334,scana_r,101,scana_r_lib101_seed7
2,13,test,True,98,2.0811332000012044,7,33334,scana_r,101,scana_r_lib101_seed7
2,14,test,False,600,16.022792199999458,7,33334,scana_r,101,scana_r_lib101_seed7
2,15,test,True,106,2.1358507000004465,7,33334,scana_r,101,scana_r_lib101_seed7
2,16,test,True,231,6.762702699999863,7,33334,scana_r,101,scana_r_lib101_seed7
2,17,test,False,600,16.662658100000044,7,33334,scana_r,101,scana_r_lib101_seed7
2,18,test,False,600,16.186359499999526,7,33334,scana_r,101,scana_r_lib101_seed7
2,19,test,True,94,1.9251041999996232,7,33334,scana_r,101,scana_r_lib101_seed7
3,0,test,True,90,2.02360520000002,7,33334,scana_r,101,scana_r_lib101_seed7
3,1,test,True,81,1.7640322999995988,7,33334,scana_r,101,scana_r_lib101_seed7
3,2,test,False,600,18.58327839999947,7,33334,scana_r,101,scana_r_lib101_seed7
3,3,test,True,86,1.9483122000001458,7,33334,scana_r,101,scana_r_lib101_seed7
3,4,test,True,87,1.899272499998915,7,33334,scana_r,101,scana_r_lib101_seed7
3,5,test,True,93,1.7353822999994009,7,33334,scana_r,101,scana_r_lib101_seed7
3,6,test,True,84,1.5226290000009612,7,33334,scana_r,101,scana_r_lib101_seed7
3,7,test,True,189,3.992131299999528,7,33334,scana_r,101,scana_r_lib101_seed7
3,8,test,True,86,1.5931997999996383,7,33334,scana_r,101,scana_r_lib101_seed7
3,9,test,False,600,14.955703999999969,7,33334,scana_r,101,scana_r_lib101_seed7
3,10,test,False,600,15.922228199999154,7,33334,scana_r,101,scana_r_lib101_seed7
3,11,test,True,82,1.3794780999960494,7,33334,scana_r,101,scana_r_lib101_seed7
3,12,test,True,100,1.7899197000006097,7,33334,scana_r,101,scana_r_lib101_seed7
3,13,test,False,600,13.414974600000278,7,33334,scana_r,101,scana_r_lib101_seed7
3,14,test,True,111,2.2828974000003655,7,33334,scana_r,101,scana_r_lib101_seed7
3,15,test,True,81,1.5016438000002381,7,33334,scana_r,101,scana_r_lib101_seed7
3,16,test,True,123,2.5178649999998015,7,33334,scana_r,101,scana_r_lib101_seed7
3,17,test,True,93,1.6713357999997243,7,33334,scana_r,101,scana_r_lib101_seed7
3,18,test,True,106,1.9631282000009378,7,33334,scana_r,101,scana_r_lib101_seed7
3,19,test,True,108,2.116227100001197,7,33334,scana_r,101,scana_r_lib101_seed7
4,0,test,True,133,2.6313940999989427,7,33334,scana_r,101,scana_r_lib101_seed7
4,1,test,False,600,15.886446000000433,7,33334,scana_r,101,scana_r_lib101_seed7
4,2,test,True,128,2.981864899998982,7,33334,scana_r,101,scana_r_lib101_seed7
4,3,test,True,135,3.1038824999995995,7,33334,scana_r,101,scana_r_lib101_seed7
4,4,test,True,119,2.7441989999988436,7,33334,scana_r,101,scana_r_lib101_seed7
4,5,test,True,124,5.691689699999188,7,33334,scana_r,101,scana_r_lib101_seed7
4,6,test,True,130,3.0434714000002714,7,33334,scana_r,101,scana_r_lib101_seed7
4,7,test,True,120,2.835807499999646,7,33334,scana_r,101,scana_r_lib101_seed7
4,8,test,True,141,3.2810463000005257,7,33334,scana_r,101,scana_r_lib101_seed7
4,9,test,True,118,2.5434949999998935,7,33334,scana_r,101,scana_r_lib101_seed7
4,10,test,False,600,16.867781199998717,7,33334,scana_r,101,scana_r_lib101_seed7
4,11,test,True,126,3.414454300000216,7,33334,scana_r,101,scana_r_lib101_seed7
4,12,test,True,119,2.977205099999992,7,33334,scana_r,101,scana_r_lib101_seed7
4,13,test,True,152,3.636962399999902,7,33334,scana_r,101,scana_r_lib101_seed7
4,14,test,True,134,3.1837115999987873,7,33334,scana_r,101,scana_r_lib101_seed7
4,15,test,True,156,3.764297699999588,7,33334,scana_r,101,scana_r_lib101_seed7
4,16,test,True,135,3.675376500001221,7,33334,scana_r,101,scana_r_lib101_seed7
4,17,test,True,145,3.36456569999973,7,33334,scana_r,101,scana_r_lib101_seed7
4,18,test,False,600,15.009278399998948,7,33334,scana_r,101,scana_r_lib101_seed7
4,19,test,True,122,3.642377400001351,7,33334,scana_r,101,scana_r_lib101_seed7
5,0,test,True,95,2.6779028000000835,7,33334,scana_r,101,scana_r_lib101_seed7
5,1,test,False,600,16.268317699999898,7,33334,scana_r,101,scana_r_lib101_seed7
5,2,test,True,90,2.1180655999996816,7,33334,scana_r,101,scana_r_lib101_seed7
5,3,test,True,94,2.3477874000000156,7,33334,scana_r,101,scana_r_lib101_seed7
5,4,test,True,92,2.7232913999996526,7,33334,scana_r,101,scana_r_lib101_seed7
5,5,test,False,600,20.262584199999765,7,33334,scana_r,101,scana_r_lib101_seed7
5,6,test,False,600,15.40037140000095,7,33334,scana_r,101,scana_r_lib101_seed7
5,7,test,False,600,13.31042460000026,7,33334,scana_r,101,scana_r_lib101_seed7
5,8,test,False,600,14.499407600000268,7,33334,scana_r,101,scana_r_lib101_seed7
5,9,test,True,97,1.9760962999989715,7,33334,scana_r,101,scana_r_lib101_seed7
5,10,test,True,178,3.7544488000003184,7,33334,scana_r,101,scana_r_lib101_seed7
5,11,test,True,83,1.6241460000001098,7,33334,scana_r,101,scana_r_lib101_seed7
5,12,test,True,90,1.9550911000005726,7,33334,scana_r,101,scana_r_lib101_seed7
5,13,test,True,88,1.7019529999997758,7,33334,scana_r,101,scana_r_lib101_seed7
5,14,test,True,138,3.490155199999208,7,33334,scana_r,101,scana_r_lib101_seed7
5,15,test,True,92,1.809907299999395,7,33334,scana_r,101,scana_r_lib101_seed7
5,16,test,True,103,2.13181110000005,7,33334,scana_r,101,scana_r_lib101_seed7
5,17,test,False,600,15.730411800001093,7,33334,scana_r,101,scana_r_lib101_seed7
5,18,test,False,600,15.72043819999999,7,33334,scana_r,101,scana_r_lib101_seed7
5,19,test,True,94,1.8777343000001565,7,33334,scana_r,101,scana_r_lib101_seed7
6,0,test,True,120,2.9630062999985967,7,33334,scana_r,101,scana_r_lib101_seed7
6,1,test,True,103,2.3188487000006717,7,33334,scana_r,101,scana_r_lib101_seed7
6,2,test,True,102,2.265671300001486,7,33334,scana_r,101,scana_r_lib101_seed7
6,3,test,True,195,5.131148600001325,7,33334,scana_r,101,scana_r_lib101_seed7
6,4,test,True,116,2.5845417000000452,7,33334,scana_r,101,scana_r_lib101_seed7
6,5,test,True,111,2.5719977999997354,7,33334,scana_r,101,scana_r_lib101_seed7
6,6,test,True,111,2.9400431999983994,7,33334,scana_r,101,scana_r_lib101_seed7
6,7,test,False,600,18.21617889999834,7,33334,scana_r,101,scana_r_lib101_seed7
6,8,test,True,102,2.4069873000007647,7,33334,scana_r,101,scana_r_lib101_seed7
6,9,test,False,600,16.6814562999989,7,33334,scana_r,101,scana_r_lib101_seed7
6,10,test,True,125,2.9357908999991196,7,33334,scana_r,101,scana_r_lib101_seed7
6,11,test,True,101,2.210108700001001,7,33334,scana_r,101,scana_r_lib101_seed7
6,12,test,True,122,2.728044700001192,7,33334,scana_r,101,scana_r_lib101_seed7
6,13,test,True,103,2.405592600000091,7,33334,scana_r,101,scana_r_lib101_seed7
6,14,test,True,105,2.353491899999426,7,33334,scana_r,101,scana_r_lib101_seed7
6,15,test,True,106,2.549397000000681,7,33334,scana_r,101,scana_r_lib101_seed7
6,16,test,False,600,19.804310100000293,7,33334,scana_r,101,scana_r_lib101_seed7
6,17,test,False,600,15.685868999999002,7,33334,scana_r,101,scana_r_lib101_seed7
6,18,test,False,600,17.71939349999957,7,33334,scana_r,101,scana_r_lib101_seed7
6,19,test,True,101,2.590326000001369,7,33334,scana_r,101,scana_r_lib101_seed7
7,0,test,True,126,3.479650400000537,7,33334,scana_r,101,scana_r_lib101_seed7
7,1,test,False,600,23.5867204999995,7,33334,scana_r,101,scana_r_lib101_seed7
7,2,test,True,138,3.4952276999993046,7,33334,scana_r,101,scana_r_lib101_seed7
7,3,test,False,600,17.077629700001125,7,33334,scana_r,101,scana_r_lib101_seed7
7,4,test,False,600,20.45581139999922,7,33334,scana_r,101,scana_r_lib101_seed7
7,5,test,False,600,19.399945499999376,7,33334,scana_r,101,scana_r_lib101_seed7
7,6,test,False,600,17.836695500000133,7,33334,scana_r,101,scana_r_lib101_seed7
7,7,test,False,600,22.942783899999995,7,33334,scana_r,101,scana_r_lib101_seed7
7,8,test,False,600,32.763804000000164,7,33334,scana_r,101,scana_r_lib101_seed7
7,9,test,True,141,7.055397199999788,7,33334,scana_r,101,scana_r_lib101_seed7
7,10,test,False,600,40.632777999999234,7,33334,scana_r,101,scana_r_lib101_seed7
7,11,test,False,600,27.15513800000008,7,33334,scana_r,101,scana_r_lib101_seed7
7,12,test,True,147,8.140867699999944,7,33334,scana_r,101,scana_r_lib101_seed7
7,13,test,False,600,35.2506699000005,7,33334,scana_r,101,scana_r_lib101_seed7
7,14,test,True,198,13.669574400000783,7,33334,scana_r,101,scana_r_lib101_seed7
7,15,test,True,115,9.35628749999887,7,33334,scana_r,101,scana_r_lib101_seed7
7,16,test,False,600,48.56509630000073,7,33334,scana_r,101,scana_r_lib101_seed7
7,17,test,True,127,11.946789000001445,7,33334,scana_r,101,scana_r_lib101_seed7
7,18,test,True,126,12.700929700000415,7,33334,scana_r,101,scana_r_lib101_seed7
7,19,test,False,600,50.30217239999911,7,33334,scana_r,101,scana_r_lib101_seed7
8,0,test,True,106,7.228485899999214,7,33334,scana_r,101,scana_r_lib101_seed7
8,1,test,True,99,4.997662100000525,7,33334,scana_r,101,scana_r_lib101_seed7
8,2,test,False,600,37.989017399999284,7,33334,scana_r,101,scana_r_lib101_seed7
8,3,test,False,600,34.32057890000033,7,33334,scana_r,101,scana_r_lib101_seed7
8,4,test,False,600,32.660377100000915,7,33334,scana_r,101,scana_r_lib101_seed7
8,5,test,True,416,26.273426499999914,7,33334,scana_r,101,scana_r_lib101_seed7
8,6,test,True,100,5.039765100000295,7,33334,scana_r,101,scana_r_lib101_seed7
8,7,test,True,100,4.9429438000006485,7,33334,scana_r,101,scana_r_lib101_seed7
8,8,test,True,100,4.851511200000459,7,33334,scana_r,101,scana_r_lib101_seed7
8,9,test,True,93,4.28809899999942,7,33334,scana_r,101,scana_r_lib101_seed7
8,10,test,True,95,4.77454519999992,7,33334,scana_r,101,scana_r_lib101_seed7
8,11,test,True,96,5.822759500000757,7,33334,scana_r,101,scana_r_lib101_seed7
8,12,test,True,88,4.862032099999851,7,33334,scana_r,101,scana_r_lib101_seed7
8,13,test,True,87,4.203762799999822,7,33334,scana_r,101,scana_r_lib101_seed7
8,14,test,True,92,3.9074911999996402,7,33334,scana_r,101,scana_r_lib101_seed7
8,15,test,True,101,4.1978543999994145,7,33334,scana_r,101,scana_r_lib101_seed7
8,16,test,True,100,3.9917934000004607,7,33334,scana_r,101,scana_r_lib101_seed7
8,17,test,True,98,4.6889254999987315,7,33334,scana_r,101,scana_r_lib101_seed7
8,18,test,True,85,3.5172360999986267,7,33334,scana_r,101,scana_r_lib101_seed7
8,19,test,True,101,4.146788299998661,7,33334,scana_r,101,scana_r_lib101_seed7
9,0,test,True,114,5.369373199999245,7,33334,scana_r,101,scana_r_lib101_seed7
9,1,test,True,118,5.689534900000581,7,33334,scana_r,101,scana_r_lib101_seed7
9,2,test,False,600,29.909883000000264,7,33334,scana_r,101,scana_r_lib101_seed7
9,3,test,False,600,30.023624700001164,7,33334,scana_r,101,scana_r_lib101_seed7
9,4,test,True,118,5.888079299998935,7,33334,scana_r,101,scana_r_lib101_seed7
9,5,test,False,600,42.76729039999918,7,33334,scana_r,101,scana_r_lib101_seed7
9,6,test,True,112,6.605649000000994,7,33334,scana_r,101,scana_r_lib101_seed7
9,7,test,True,132,6.608093299999382,7,33334,scana_r,101,scana_r_lib101_seed7
9,8,test,True,127,7.16970720000063,7,33334,scana_r,101,scana_r_lib101_seed7
9,9,test,False,600,33.4731883000004,7,33334,scana_r,101,scana_r_lib101_seed7
9,10,test,True,119,6.591343000000052,7,33334,scana_r,101,scana_r_lib101_seed7
9,11,test,True,121,6.582104900000559,7,33334,scana_r,101,scana_r_lib101_seed7
9,12,test,False,600,34.80837679999968,7,33334,scana_r,101,scana_r_lib101_seed7
9,13,test,False,600,34.39872009999999,7,33334,scana_r,101,scana_r_lib101_seed7
9,14,test,True,114,5.531618099999832,7,33334,scana_r,101,scana_r_lib101_seed7
9,15,test,False,600,33.270173999999315,7,33334,scana_r,101,scana_r_lib101_seed7
9,16,test,True,113,7.0456625999995595,7,33334,scana_r,101,scana_r_lib101_seed7
9,17,test,False,600,34.34680710000066,7,33334,scana_r,101,scana_r_lib101_seed7
9,18,test,False,600,30.320282200000293,7,33334,scana_r,101,scana_r_lib101_seed7
9,19,test,True,126,6.6797545999997965,7,33334,scana_r,101,scana_r_lib101_seed7
0,0,test,True,80,8.284566199999972,11,33334,scana_r,202,scana_r_lib202_seed11
0,1,test,True,74,6.3441425999990315,11,33334,scana_r,202,scana_r_lib202_seed11
0,2,test,False,600,41.55371709999963,11,33334,scana_r,202,scana_r_lib202_seed11
0,3,test,True,73,6.392012100001011,11,33334,scana_r,202,scana_r_lib202_seed11
0,4,test,True,78,5.9765485000007175,11,33334,scana_r,202,scana_r_lib202_seed11
0,5,test,True,71,5.809326200000214,11,33334,scana_r,202,scana_r_lib202_seed11
0,6,test,True,77,5.503390699999727,11,33334,scana_r,202,scana_r_lib202_seed11
0,7,test,True,80,5.2076256000000285,11,33334,scana_r,202,scana_r_lib202_seed11
0,8,test,True,248,17.443972799999756,11,33334,scana_r,202,scana_r_lib202_seed11
0,9,test,True,70,4.755484400000569,11,33334,scana_r,202,scana_r_lib202_seed11
0,10,test,True,79,6.183650400000261,11,33334,scana_r,202,scana_r_lib202_seed11
0,11,test,True,75,6.272379000000001,11,33334,scana_r,202,scana_r_lib202_seed11
0,12,test,True,74,6.12294330000077,11,33334,scana_r,202,scana_r_lib202_seed11
0,13,test,True,78,6.373150200000964,11,33334,scana_r,202,scana_r_lib202_seed11
0,14,test,True,84,7.181002299999818,11,33334,scana_r,202,scana_r_lib202_seed11
0,15,test,True,76,3.5716421000015544,11,33334,scana_r,202,scana_r_lib202_seed11
0,16,test,True,75,4.9972452000001795,11,33334,scana_r,202,scana_r_lib202_seed11
0,17,test,True,72,5.299858800000948,11,33334,scana_r,202,scana_r_lib202_seed11
0,18,test,True,86,7.294378000000506,11,33334,scana_r,202,scana_r_lib202_seed11
0,19,test,True,75,4.927423100001761,11,33334,scana_r,202,scana_r_lib202_seed11
1,0,test,True,128,8.933297199999288,11,33334,scana_r,202,scana_r_lib202_seed11
1,1,test,True,118,10.612259499999709,11,33334,scana_r,202,scana_r_lib202_seed11
1,2,test,True,113,12.126003700001093,11,33334,scana_r,202,scana_r_lib202_seed11
1,3,test,False,600,76.60893209999995,11,33334,scana_r,202,scana_r_lib202_seed11
1,4,test,False,600,53.52313580000009,11,33334,scana_r,202,scana_r_lib202_seed11
1,5,test,False,600,82.53983109999899,11,33334,scana_r,202,scana_r_lib202_seed11
1,6,test,True,111,13.613865400000577,11,33334,scana_r,202,scana_r_lib202_seed11
1,7,test,True,107,14.236038900000494,11,33334,scana_r,202,scana_r_lib202_seed11
1,8,test,False,600,40.42956190000041,11,33334,scana_r,202,scana_r_lib202_seed11
1,9,test,True,121,10.01868309999918,11,33334,scana_r,202,scana_r_lib202_seed11
1,10,test,True,118,9.980985599999258,11,33334,scana_r,202,scana_r_lib202_seed11
1,11,test,True,109,7.727870400000029,11,33334,scana_r,202,scana_r_lib202_seed11
1,12,test,True,108,7.376895199999126,11,33334,scana_r,202,scana_r_lib202_seed11
1,13,test,True,110,7.980093500000294,11,33334,scana_r,202,scana_r_lib202_seed11
1,14,test,True,98,7.431497300000046,11,33334,scana_r,202,scana_r_lib202_seed11
1,15,test,False,600,40.58749219999845,11,33334,scana_r,202,scana_r_lib202_seed11
1,16,test,True,108,13.252250800000184,11,33334,scana_r,202,scana_r_lib202_seed11
1,17,test,True,100,9.869597099999737,11,33334,scana_r,202,scana_r_lib202_seed11
1,18,test,True,129,8.19296580000082,11,33334,scana_r,202,scana_r_lib202_seed11
1,19,test,True,110,12.684746099999757,11,33334,scana_r,202,scana_r_lib202_seed11
2,0,test,True,108,13.101608200000555,11,33334,scana_r,202,scana_r_lib202_seed11
2,1,test,True,92,6.935168300000441,11,33334,scana_r,202,scana_r_lib202_seed11
2,2,test,True,88,6.913632800000414,11,33334,scana_r,202,scana_r_lib202_seed11
2,3,test,True,91,11.016568400000324,11,33334,scana_r,202,scana_r_lib202_seed11
2,4,test,True,98,11.725025400000959,11,33334,scana_r,202,scana_r_lib202_seed11
2,5,test,True,183,17.533718399999998,11,33334,scana_r,202,scana_r_lib202_seed11
2,6,test,False,600,61.68250899999839,11,33334,scana_r,202,scana_r_lib202_seed11
2,7,test,True,114,9.355635500000062,11,33334,scana_r,202,scana_r_lib202_seed11
2,8,test,True,103,9.121060199999192,11,33334,scana_r,202,scana_r_lib202_seed11
2,9,test,True,99,7.991033599999355,11,33334,scana_r,202,scana_r_lib202_seed11
2,10,test,True,109,9.014905400001226,11,33334,scana_r,202,scana_r_lib202_seed11
2,11,test,True,106,7.928255000000718,11,33334,scana_r,202,scana_r_lib202_seed11
2,12,test,True,86,6.424018900001101,11,33334,scana_r,202,scana_r_lib202_seed11
2,13,test,True,116,8.879833799999687,11,33334,scana_r,202,scana_r_lib202_seed11
2,14,test,True,98,6.316130100000009,11,33334,scana_r,202,scana_r_lib202_seed11
2,15,test,True,103,7.781942799998433,11,33334,scana_r,202,scana_r_lib202_seed11
2,16,test,True,76,5.3321756000004825,11,33334,scana_r,202,scana_r_lib202_seed11
2,17,test,True,98,7.284990800000742,11,33334,scana_r,202,scana_r_lib202_seed11
2,18,test,True,102,7.648927899999762,11,33334,scana_r,202,scana_r_lib202_seed11
2,19,test,True,96,10.164739599998939,11,33334,scana_r,202,scana_r_lib202_seed11
3,0,test,True,87,7.8018699000003835,11,33334,scana_r,202,scana_r_lib202_seed11
3,1,test,True,98,8.788626499999737,11,33334,scana_r,202,scana_r_lib202_seed11
3,2,test,True,97,8.042426199999682,11,33334,scana_r,202,scana_r_lib202_seed11
3,3,test,False,600,57.17788710000059,11,33334,scana_r,202,scana_r_lib202_seed11
3,4,test,True,84,6.98319310000079,11,33334,scana_r,202,scana_r_lib202_seed11
3,5,test,True,92,7.403703599999062,11,33334,scana_r,202,scana_r_lib202_seed11
3,6,test,True,166,11.99294810000174,11,33334,scana_r,202,scana_r_lib202_seed11
3,7,test,True,83,6.637678099999903,11,33334,scana_r,202,scana_r_lib202_seed11
3,8,test,True,83,7.5799249000010605,11,33334,scana_r,202,scana_r_lib202_seed11
3,9,test,True,89,8.039517299999716,11,33334,scana_r,202,scana_r_lib202_seed11
3,10,test,True,87,7.063117699999566,11,33334,scana_r,202,scana_r_lib202_seed11
3,11,test,True,84,1.4686979000034626,11,33334,scana_r,202,scana_r_lib202_seed11
3,12,test,True,109,8.935660899998766,11,33334,scana_r,202,scana_r_lib202_seed11
3,13,test,True,88,6.452124800000092,11,33334,scana_r,202,scana_r_lib202_seed11
3,14,test,False,600,50.13466939999853,11,33334,scana_r,202,scana_r_lib202_seed11
3,15,test,True,81,7.10743690000163,11,33334,scana_r,202,scana_r_lib202_seed11
3,16,test,True,87,6.9540811000006215,11,33334,scana_r,202,scana_r_lib202_seed11
3,17,test,True,84,6.486225299999205,11,33334,scana_r,202,scana_r_lib202_seed11
3,18,test,True,90,7.419345300000714,11,33334,scana_r,202,scana_r_lib202_seed11
3,19,test,True,100,9.906182499998977,11,33334,scana_r,202,scana_r_lib202_seed11
4,0,test,True,120,10.19697830000041,11,33334,scana_r,202,scana_r_lib202_seed11
4,1,test,True,122,9.572880100000475,11,33334,scana_r,202,scana_r_lib202_seed11
4,2,test,True,121,10.353350999999748,11,33334,scana_r,202,scana_r_lib202_seed11
4,3,test,False,600,48.24468049999996,11,33334,scana_r,202,scana_r_lib202_seed11
4,4,test,True,124,9.44516780000049,11,33334,scana_r,202,scana_r_lib202_seed11
4,5,test,True,121,9.016672499999913,11,33334,scana_r,202,scana_r_lib202_seed11
4,6,test,True,135,11.214376900001298,11,33334,scana_r,202,scana_r_lib202_seed11
4,7,test,False,600,54.38018469999952,11,33334,scana_r,202,scana_r_lib202_seed11
4,8,test,True,137,11.159744299999147,11,33334,scana_r,202,scana_r_lib202_seed11
4,9,test,False,600,50.86135639999884,11,33334,scana_r,202,scana_r_lib202_seed11
4,10,test,False,600,47.99961380000059,11,33334,scana_r,202,scana_r_lib202_seed11
4,11,test,True,124,10.511084099998698,11,33334,scana_r,202,scana_r_lib202_seed11
4,12,test,True,138,10.348703800000294,11,33334,scana_r,202,scana_r_lib202_seed11
4,13,test,True,138,10.694855599998846,11,33334,scana_r,202,scana_r_lib202_seed11
4,14,test,True,153,11.750510800000484,11,33334,scana_r,202,scana_r_lib202_seed11
4,15,test,True,177,15.599350099999356,11,33334,scana_r,202,scana_r_lib202_seed11
4,16,test,True,125,15.153502300001492,11,33334,scana_r,202,scana_r_lib202_seed11
4,17,test,True,127,11.422254600000088,11,33334,scana_r,202,scana_r_lib202_seed11
4,18,test,True,118,11.371306400000321,11,33334,scana_r,202,scana_r_lib202_seed11
4,19,test,True,125,10.228050699999585,11,33334,scana_r,202,scana_r_lib202_seed11
5,0,test,True,92,7.872525000000678,11,33334,scana_r,202,scana_r_lib202_seed11
5,1,test,True,117,9.272924700000658,11,33334,scana_r,202,scana_r_lib202_seed11
5,2,test,True,88,6.5970890000007785,11,33334,scana_r,202,scana_r_lib202_seed11
5,3,test,True,95,7.284364700000879,11,33334,scana_r,202,scana_r_lib202_seed11
5,4,test,True,89,7.06360979999954,11,33334,scana_r,202,scana_r_lib202_seed11
5,5,test,True,93,7.2647293000009086,11,33334,scana_r,202,scana_r_lib202_seed11
5,6,test,True,95,7.294638699999268,11,33334,scana_r,202,scana_r_lib202_seed11
5,7,test,True,98,9.137632699999813,11,33334,scana_r,202,scana_r_lib202_seed11
5,8,test,True,88,8.02325539999947,11,33334,scana_r,202,scana_r_lib202_seed11
5,9,test,True,88,6.834295799999381,11,33334,scana_r,202,scana_r_lib202_seed11
5,10,test,True,171,14.97132210000018,11,33334,scana_r,202,scana_r_lib202_seed11
5,11,test,True,95,9.280477899999823,11,33334,scana_r,202,scana_r_lib202_seed11
5,12,test,True,89,8.660158799999408,11,33334,scana_r,202,scana_r_lib202_seed11
5,13,test,True,101,9.2676962000005,11,33334,scana_r,202,scana_r_lib202_seed11
5,14,test,True,98,7.933715599998322,11,33334,scana_r,202,scana_r_lib202_seed11
5,15,test,True,88,7.841568899999402,11,33334,scana_r,202,scana_r_lib202_seed11
5,16,test,False,600,48.92883090000032,11,33334,scana_r,202,scana_r_lib202_seed11
5,17,test,True,101,8.461836800001038,11,33334,scana_r,202,scana_r_lib202_seed11
5,18,test,True,100,8.071772499999497,11,33334,scana_r,202,scana_r_lib202_seed11
5,19,test,True,105,9.12624020000112,11,33334,scana_r,202,scana_r_lib202_seed11
6,0,test,True,109,9.554954299999736,11,33334,scana_r,202,scana_r_lib202_seed11
6,1,test,True,103,9.742470500001218,11,33334,scana_r,202,scana_r_lib202_seed11
6,2,test,True,103,9.72258580000016,11,33334,scana_r,202,scana_r_lib202_seed11
6,3,test,True,107,10.929552200001126,11,33334,scana_r,202,scana_r_lib202_seed11
6,4,test,True,124,10.12642489999962,11,33334,scana_r,202,scana_r_lib202_seed11
6,5,test,True,112,10.569260500000382,11,33334,scana_r,202,scana_r_lib202_seed11
6,6,test,True,111,10.246495699999286,11,33334,scana_r,202,scana_r_lib202_seed11
6,7,test,True,94,8.48620640000081,11,33334,scana_r,202,scana_r_lib202_seed11
6,8,test,True,112,11.284614600001078,11,33334,scana_r,202,scana_r_lib202_seed11
6,9,test,False,600,57.43914340000083,11,33334,scana_r,202,scana_r_lib202_seed11
6,10,test,True,113,9.907896099999562,11,33334,scana_r,202,scana_r_lib202_seed11
6,11,test,True,102,8.045011000000159,11,33334,scana_r,202,scana_r_lib202_seed11
6,12,test,True,105,9.518174199998612,11,33334,scana_r,202,scana_r_lib202_seed11
6,13,test,True,95,9.03000670000074,11,33334,scana_r,202,scana_r_lib202_seed11
6,14,test,True,103,9.717684199998985,11,33334,scana_r,202,scana_r_lib202_seed11
6,15,test,True,125,12.92780330000096,11,33334,scana_r,202,scana_r_lib202_seed11
6,16,test,False,600,55.799023800000214,11,33334,scana_r,202,scana_r_lib202_seed11
6,17,test,True,107,9.879283600001145,11,33334,scana_r,202,scana_r_lib202_seed11
6,18,test,True,115,10.660315699999046,11,33334,scana_r,202,scana_r_lib202_seed11
6,19,test,True,92,8.972529199998462,11,33334,scana_r,202,scana_r_lib202_seed11
7,0,test,True,114,11.011068699999669,11,33334,scana_r,202,scana_r_lib202_seed11
7,1,test,True,120,11.657005900000513,11,33334,scana_r,202,scana_r_lib202_seed11
7,2,test,False,600,53.74806299999909,11,33334,scana_r,202,scana_r_lib202_seed11
7,3,test,False,600,54.85777260000032,11,33334,scana_r,202,scana_r_lib202_seed11
7,4,test,False,600,55.90984690000005,11,33334,scana_r,202,scana_r_lib202_seed11
7,5,test,False,600,46.48362480000105,11,33334,scana_r,202,scana_r_lib202_seed11
7,6,test,False,600,17.441582299998117,11,33334,scana_r,202,scana_r_lib202_seed11
7,7,test,False,600,15.572331100000156,11,33334,scana_r,202,scana_r_lib202_seed11
7,8,test,True,146,3.2777528000005987,11,33334,scana_r,202,scana_r_lib202_seed11
7,9,test,True,137,2.9340351999999257,11,33334,scana_r,202,scana_r_lib202_seed11
7,10,test,False,600,17.000011399999494,11,33334,scana_r,202,scana_r_lib202_seed11
7,11,test,False,600,16.761550500003068,11,33334,scana_r,202,scana_r_lib202_seed11
7,12,test,False,600,14.676167800000258,11,33334,scana_r,202,scana_r_lib202_seed11
7,13,test,False,600,16.860644899999897,11,33334,scana_r,202,scana_r_lib202_seed11
7,14,test,True,124,2.6801945000006526,11,33334,scana_r,202,scana_r_lib202_seed11
7,15,test,True,124,2.773124299998017,11,33334,scana_r,202,scana_r_lib202_seed11
7,16,test,False,600,16.93419780000113,11,33334,scana_r,202,scana_r_lib202_seed11
7,17,test,True,290,8.29403099999763,11,33334,scana_r,202,scana_r_lib202_seed11
7,18,test,True,108,2.4678089000008185,11,33334,scana_r,202,scana_r_lib202_seed11
7,19,test,False,600,17.056868299998314,11,33334,scana_r,202,scana_r_lib202_seed11
8,0,test,False,600,13.086367799998698,11,33334,scana_r,202,scana_r_lib202_seed11
8,1,test,True,587,14.22386810000171,11,33334,scana_r,202,scana_r_lib202_seed11
8,2,test,True,88,1.4701567000010982,11,33334,scana_r,202,scana_r_lib202_seed11
8,3,test,True,91,1.485707599997113,11,33334,scana_r,202,scana_r_lib202_seed11
8,4,test,False,600,15.095304999998916,11,33334,scana_r,202,scana_r_lib202_seed11
8,5,test,True,101,1.7468700999997964,11,33334,scana_r,202,scana_r_lib202_seed11
8,6,test,True,83,1.4278073000023142,11,33334,scana_r,202,scana_r_lib202_seed11
8,7,test,True,94,1.6450880000011239,11,33334,scana_r,202,scana_r_lib202_seed11
8,8,test,False,600,17.539185600002384,11,33334,scana_r,202,scana_r_lib202_seed11
8,9,test,True,89,1.4785043000010774,11,33334,scana_r,202,scana_r_lib202_seed11
8,10,test,True,93,1.5758865999996488,11,33334,scana_r,202,scana_r_lib202_seed11
8,11,test,True,99,1.8447400000004563,11,33334,scana_r,202,scana_r_lib202_seed11
8,12,test,True,96,1.7257677000015974,11,33334,scana_r,202,scana_r_lib202_seed11
8,13,test,True,89,1.5638064999984636,11,33334,scana_r,202,scana_r_lib202_seed11
8,14,test,True,100,1.795803099998011,11,33334,scana_r,202,scana_r_lib202_seed11
8,15,test,True,86,1.489311600002111,11,33334,scana_r,202,scana_r_lib202_seed11
8,16,test,True,99,1.7425646999981836,11,33334,scana_r,202,scana_r_lib202_seed11
8,17,test,True,97,1.7112201000018104,11,33334,scana_r,202,scana_r_lib202_seed11
8,18,test,True,93,1.5446821000005002,11,33334,scana_r,202,scana_r_lib202_seed11
8,19,test,True,91,1.5670032000016363,11,33334,scana_r,202,scana_r_lib202_seed11
9,0,test,True,114,2.845498700000462,11,33334,scana_r,202,scana_r_lib202_seed11
9,1,test,False,600,17.33552029999919,11,33334,scana_r,202,scana_r_lib202_seed11
9,2,test,True,112,2.4487415999974473,11,33334,scana_r,202,scana_r_lib202_seed11
9,3,test,False,600,16.708355399998254,11,33334,scana_r,202,scana_r_lib202_seed11
9,4,test,True,137,3.1461612000020978,11,33334,scana_r,202,scana_r_lib202_seed11
9,5,test,False,600,17.58616460000121,11,33334,scana_r,202,scana_r_lib202_seed11
9,6,test,False,600,17.31572860000233,11,33334,scana_r,202,scana_r_lib202_seed11
9,7,test,True,124,2.9688415999989957,11,33334,scana_r,202,scana_r_lib202_seed11
9,8,test,True,123,2.7334927000010794,11,33334,scana_r,202,scana_r_lib202_seed11
9,9,test,False,600,18.14520149999953,11,33334,scana_r,202,scana_r_lib202_seed11
9,10,test,False,600,15.744851299998118,11,33334,scana_r,202,scana_r_lib202_seed11
9,11,test,False,600,16.957863100000395,11,33334,scana_r,202,scana_r_lib202_seed11
9,12,test,False,600,15.970197700000426,11,33334,scana_r,202,scana_r_lib202_seed11
9,13,test,False,600,17.964502099999663,11,33334,scana_r,202,scana_r_lib202_seed11
9,14,test,False,600,18.501009799998428,11,33334,scana_r,202,scana_r_lib202_seed11
9,15,test,False,600,18.842315400001098,11,33334,scana_r,202,scana_r_lib202_seed11
9,16,test,True,104,2.1748672000030638,11,33334,scana_r,202,scana_r_lib202_seed11
9,17,test,False,600,17.709170499998436,11,33334,scana_r,202,scana_r_lib202_seed11
9,18,test,False,600,15.995234300000448,11,33334,scana_r,202,scana_r_lib202_seed11
9,19,test,False,600,16.453523200001655,11,33334,scana_r,202,scana_r_lib202_seed11
0,0,test,True,73,1.3745150000031572,23,33334,scana_r,303,scana_r_lib303_seed23
0,1,test,True,82,1.3029286000019056,23,33334,scana_r,303,scana_r_lib303_seed23
0,2,test,False,600,12.864282099995762,23,33334,scana_r,303,scana_r_lib303_seed23
0,3,test,True,160,3.2695554999954766,23,33334,scana_r,303,scana_r_lib303_seed23
0,4,test,True,73,1.2697699999989709,23,33334,scana_r,303,scana_r_lib303_seed23
0,5,test,False,600,13.06801809999888,23,33334,scana_r,303,scana_r_lib303_seed23
0,6,test,True,74,1.2339805999945384,23,33334,scana_r,303,scana_r_lib303_seed23
0,7,test,True,78,1.3167895000005956,23,33334,scana_r,303,scana_r_lib303_seed23
0,8,test,False,600,14.0047831999982,23,33334,scana_r,303,scana_r_lib303_seed23
0,9,test,True,74,1.2980400000014924,23,33334,scana_r,303,scana_r_lib303_seed23
0,10,test,True,86,1.4185332999986713,23,33334,scana_r,303,scana_r_lib303_seed23
0,11,test,True,75,1.2975007000059122,23,33334,scana_r,303,scana_r_lib303_seed23
0,12,test,True,73,1.2419967000023462,23,33334,scana_r,303,scana_r_lib303_seed23
0,13,test,False,600,14.22383400000399,23,33334,scana_r,303,scana_r_lib303_seed23
0,14,test,True,85,1.472726899999543,23,33334,scana_r,303,scana_r_lib303_seed23
0,15,test,True,71,1.2262678999977652,23,33334,scana_r,303,scana_r_lib303_seed23
0,16,test,True,78,1.3666448000003584,23,33334,scana_r,303,scana_r_lib303_seed23
0,17,test,True,74,1.3416077999936533,23,33334,scana_r,303,scana_r_lib303_seed23
0,18,test,True,89,1.5461780999976327,23,33334,scana_r,303,scana_r_lib303_seed23
0,19,test,True,75,1.267691000000923,23,33334,scana_r,303,scana_r_lib303_seed23
1,0,test,True,117,1.9918161000023247,23,33334,scana_r,303,scana_r_lib303_seed23
1,1,test,True,103,1.914744999994582,23,33334,scana_r,303,scana_r_lib303_seed23
1,2,test,True,104,1.9032192999948165,23,33334,scana_r,303,scana_r_lib303_seed23
1,3,test,False,600,16.057637399993837,23,33334,scana_r,303,scana_r_lib303_seed23
1,4,test,True,106,1.9248303999993368,23,33334,scana_r,303,scana_r_lib303_seed23
1,5,test,False,600,13.737602799999877,23,33334,scana_r,303,scana_r_lib303_seed23
1,6,test,True,105,1.925747399996908,23,33334,scana_r,303,scana_r_lib303_seed23
1,7,test,True,299,7.194389600001159,23,33334,scana_r,303,scana_r_lib303_seed23
1,8,test,True,100,1.8185381999937817,23,33334,scana_r,303,scana_r_lib303_seed23
1,9,test,False,600,15.340181900006428,23,33334,scana_r,303,scana_r_lib303_seed23
1,10,test,True,108,1.905176100000972,23,33334,scana_r,303,scana_r_lib303_seed23
1,11,test,True,132,2.4098890999957803,23,33334,scana_r,303,scana_r_lib303_seed23
1,12,test,False,600,14.565980599996692,23,33334,scana_r,303,scana_r_lib303_seed23
1,13,test,True,115,2.125244400005613,23,33334,scana_r,303,scana_r_lib303_seed23
1,14,test,False,600,15.174194499995792,23,33334,scana_r,303,scana_r_lib303_seed23
1,15,test,True,116,2.048888599994825,23,33334,scana_r,303,scana_r_lib303_seed23
1,16,test,True,106,1.819900599999528,23,33334,scana_r,303,scana_r_lib303_seed23
1,17,test,True,103,1.8751966999989236,23,33334,scana_r,303,scana_r_lib303_seed23
1,18,test,True,104,1.8328145000050426,23,33334,scana_r,303,scana_r_lib303_seed23
1,19,test,True,94,1.5479451999999583,23,33334,scana_r,303,scana_r_lib303_seed23
2,0,test,False,600,14.319819300006202,23,33334,scana_r,303,scana_r_lib303_seed23
2,1,test,True,94,1.6167522999967332,23,33334,scana_r,303,scana_r_lib303_seed23
2,2,test,True,115,2.2271564999973634,23,33334,scana_r,303,scana_r_lib303_seed23
2,3,test,False,600,15.148830500002077,23,33334,scana_r,303,scana_r_lib303_seed23
2,4,test,True,109,1.9007399999973131,23,33334,scana_r,303,scana_r_lib303_seed23
2,5,test,True,98,1.6889953000063542,23,33334,scana_r,303,scana_r_lib303_seed23
2,6,test,True,100,1.815207100000407,23,33334,scana_r,303,scana_r_lib303_seed23
2,7,test,True,104,1.8631855999992695,23,33334,scana_r,303,scana_r_lib303_seed23
2,8,test,True,103,1.6741035000013653,23,33334,scana_r,303,scana_r_lib303_seed23
2,9,test,True,98,1.6958503000059864,23,33334,scana_r,303,scana_r_lib303_seed23
2,10,test,True,104,1.8088686999981292,23,33334,scana_r,303,scana_r_lib303_seed23
2,11,test,True,104,1.8536045999935595,23,33334,scana_r,303,scana_r_lib303_seed23
2,12,test,True,94,1.6274380999966525,23,33334,scana_r,303,scana_r_lib303_seed23
2,13,test,True,101,1.7880854999966687,23,33334,scana_r,303,scana_r_lib303_seed23
2,14,test,True,112,1.970550699996238,23,33334,scana_r,303,scana_r_lib303_seed23
2,15,test,True,100,1.9372220000004745,23,33334,scana_r,303,scana_r_lib303_seed23
2,16,test,True,95,1.6536697000046843,23,33334,scana_r,303,scana_r_lib303_seed23
2,17,test,True,99,1.8598891000001458,23,33334,scana_r,303,scana_r_lib303_seed23
2,18,test,False,600,13.747331300000951,23,33334,scana_r,303,scana_r_lib303_seed23
2,19,test,True,92,1.5571898000052897,23,33334,scana_r,303,scana_r_lib303_seed23
3,0,test,True,90,1.6158834999951068,23,33334,scana_r,303,scana_r_lib303_seed23
3,1,test,True,90,1.6177134999961709,23,33334,scana_r,303,scana_r_lib303_seed23
3,2,test,True,91,1.7964510999954655,23,33334,scana_r,303,scana_r_lib303_seed23
3,3,test,True,83,1.4871866000030423,23,33334,scana_r,303,scana_r_lib303_seed23
3,4,test,True,92,1.6872374999948079,23,33334,scana_r,303,scana_r_lib303_seed23
3,5,test,True,84,1.4835676000002422,23,33334,scana_r,303,scana_r_lib303_seed23
3,6,test,True,99,1.8746151000013924,23,33334,scana_r,303,scana_r_lib303_seed23
3,7,test,True,88,1.5749826999963261,23,33334,scana_r,303,scana_r_lib303_seed23
3,8,test,True,85,1.4777969999995548,23,33334,scana_r,303,scana_r_lib303_seed23
3,9,test,True,83,1.420619299999089,23,33334,scana_r,303,scana_r_lib303_seed23
3,10,test,True,87,1.5542432000002009,23,33334,scana_r,303,scana_r_lib303_seed23
3,11,test,True,87,1.4945557000028202,23,33334,scana_r,303,scana_r_lib303_seed23
3,12,test,True,262,5.8253679999979795,23,33334,scana_r,303,scana_r_lib303_seed23
3,13,test,True,197,4.394188899997971,23,33334,scana_r,303,scana_r_lib303_seed23
3,14,test,True,92,1.589360600002692,23,33334,scana_r,303,scana_r_lib303_seed23
3,15,test,True,87,1.5439380000025267,23,33334,scana_r,303,scana_r_lib303_seed23
3,16,test,True,80,1.3955182999998215,23,33334,scana_r,303,scana_r_lib303_seed23
3,17,test,True,119,2.1912666999996873,23,33334,scana_r,303,scana_r_lib303_seed23
3,18,test,True,86,1.5043051000029664,23,33334,scana_r,303,scana_r_lib303_seed23
3,19,test,False,600,15.620114500001364,23,33334,scana_r,303,scana_r_lib303_seed23
4,0,test,True,128,2.482976700004656,23,33334,scana_r,303,scana_r_lib303_seed23
4,1,test,False,600,16.702436699997634,23,33334,scana_r,303,scana_r_lib303_seed23
4,2,test,False,600,16.694688900002802,23,33334,scana_r,303,scana_r_lib303_seed23
4,3,test,False,600,16.561233400003402,23,33334,scana_r,303,scana_r_lib303_seed23
4,4,test,True,120,2.2178610999981174,23,33334,scana_r,303,scana_r_lib303_seed23
4,5,test,True,134,2.6238592000008794,23,33334,scana_r,303,scana_r_lib303_seed23
4,6,test,True,139,2.763918600001489,23,33334,scana_r,303,scana_r_lib303_seed23
4,7,test,True,112,2.1533688999988954,23,33334,scana_r,303,scana_r_lib303_seed23
4,8,test,True,122,2.5930738000024576,23,33334,scana_r,303,scana_r_lib303_seed23
4,9,test,False,600,20.45724329999939,23,33334,scana_r,303,scana_r_lib303_seed23
4,10,test,False,600,18.75938089999545,23,33334,scana_r,303,scana_r_lib303_seed23
4,11,test,True,122,2.3795922999997856,23,33334,scana_r,303,scana_r_lib303_seed23
4,12,test,True,127,2.5882395999942673,23,33334,scana_r,303,scana_r_lib303_seed23
4,13,test,True,125,2.4856052000031923,23,33334,scana_r,303,scana_r_lib303_seed23
4,14,test,True,120,2.2994556999983615,23,33334,scana_r,303,scana_r_lib303_seed23
4,15,test,True,131,2.5986630999977933,23,33334,scana_r,303,scana_r_lib303_seed23
4,16,test,True,114,2.266468999994686,23,33334,scana_r,303,scana_r_lib303_seed23
4,17,test,False,600,18.4368342999951,23,33334,scana_r,303,scana_r_lib303_seed23
4,18,test,False,600,13.30117070000415,23,33334,scana_r,303,scana_r_lib303_seed23
4,19,test,True,117,2.158883700001752,23,33334,scana_r,303,scana_r_lib303_seed23
5,0,test,True,101,1.8041136000028928,23,33334,scana_r,303,scana_r_lib303_seed23
5,1,test,True,254,5.3847950999988825,23,33334,scana_r,303,scana_r_lib303_seed23
5,2,test,True,92,1.6318988999992143,23,33334,scana_r,303,scana_r_lib303_seed23
5,3,test,True,100,1.9652104999986477,23,33334,scana_r,303,scana_r_lib303_seed23
5,4,test,True,90,1.5928220999994664,23,33334,scana_r,303,scana_r_lib303_seed23
5,5,test,False,600,15.116561199996795,23,33334,scana_r,303,scana_r_lib303_seed23
5,6,test,True,119,2.377200700000685,23,33334,scana_r,303,scana_r_lib303_seed23
5,7,test,False,600,15.100276099998155,23,33334,scana_r,303,scana_r_lib303_seed23
5,8,test,True,93,1.5712639999983367,23,33334,scana_r,303,scana_r_lib303_seed23
5,9,test,True,90,1.711704199995438,23,33334,scana_r,303,scana_r_lib303_seed23
5,10,test,True,103,2.080327000003308,23,33334,scana_r,303,scana_r_lib303_seed23
5,11,test,True,92,1.6728761999984272,23,33334,scana_r,303,scana_r_lib303_seed23
5,12,test,True,89,1.5756151999958092,23,33334,scana_r,303,scana_r_lib303_seed23
5,13,test,False,600,15.532948100000795,23,33334,scana_r,303,scana_r_lib303_seed23
5,14,test,True,113,2.1297195999941323,23,33334,scana_r,303,scana_r_lib303_seed23
5,15,test,False,600,13.91207719999511,23,33334,scana_r,303,scana_r_lib303_seed23
5,16,test,False,600,14.670888099994045,23,33334,scana_r,303,scana_r_lib303_seed23
5,17,test,True,104,2.0937997000000905,23,33334,scana_r,303,scana_r_lib303_seed23
5,18,test,True,112,1.9685039000032702,23,33334,scana_r,303,scana_r_lib303_seed23
5,19,test,False,600,16.077796099998523,23,33334,scana_r,303,scana_r_lib303_seed23
6,0,test,True,112,2.4210229000018444,23,33334,scana_r,303,scana_r_lib303_seed23
6,1,test,True,296,8.402748000000429,23,33334,scana_r,303,scana_r_lib303_seed23
6,2,test,True,99,2.0655685999954585,23,33334,scana_r,303,scana_r_lib303_seed23
6,3,test,True,97,1.9148889999996754,23,33334,scana_r,303,scana_r_lib303_seed23
6,4,test,True,102,1.9846448000025703,23,33334,scana_r,303,scana_r_lib303_seed23
6,5,test,True,121,2.642590299998119,23,33334,scana_r,303,scana_r_lib303_seed23
6,6,test,True,105,2.337277799997537,23,33334,scana_r,303,scana_r_lib303_seed23
6,7,test,True,96,1.9525742000041646,23,33334,scana_r,303,scana_r_lib303_seed23
6,8,test,True,110,2.23912100000598,23,33334,scana_r,303,scana_r_lib303_seed23
6,9,test,False,600,19.06115139999747,23,33334,scana_r,303,scana_r_lib303_seed23
6,10,test,True,112,2.617892900001607,23,33334,scana_r,303,scana_r_lib303_seed23
6,11,test,True,100,2.221075200002815,23,33334,scana_r,303,scana_r_lib303_seed23
6,12,test,True,112,2.4880183999994188,23,33334,scana_r,303,scana_r_lib303_seed23
6,13,test,True,98,2.103550299994822,23,33334,scana_r,303,scana_r_lib303_seed23
6,14,test,True,106,2.1629751000000397,23,33334,scana_r,303,scana_r_lib303_seed23
6,15,test,True,106,2.2154137999968952,23,33334,scana_r,303,scana_r_lib303_seed23
6,16,test,True,96,2.075948999998218,23,33334,scana_r,303,scana_r_lib303_seed23
6,17,test,True,94,1.9074848000018392,23,33334,scana_r,303,scana_r_lib303_seed23
6,18,test,True,122,2.586096200000611,23,33334,scana_r,303,scana_r_lib303_seed23
6,19,test,True,97,1.9740882000041893,23,33334,scana_r,303,scana_r_lib303_seed23
7,0,test,False,600,17.81749210000271,23,33334,scana_r,303,scana_r_lib303_seed23
7,1,test,False,600,15.552405599999474,23,33334,scana_r,303,scana_r_lib303_seed23
7,2,test,False,600,17.998778799999855,23,33334,scana_r,303,scana_r_lib303_seed23
7,3,test,False,600,15.481329299997014,23,33334,scana_r,303,scana_r_lib303_seed23
7,4,test,False,600,17.509450699995796,23,33334,scana_r,303,scana_r_lib303_seed23
7,5,test,False,600,17.37690450000082,23,33334,scana_r,303,scana_r_lib303_seed23
7,6,test,False,600,17.18934150000132,23,33334,scana_r,303,scana_r_lib303_seed23
7,7,test,True,167,3.794351299999107,23,33334,scana_r,303,scana_r_lib303_seed23
7,8,test,False,600,19.654727300003287,23,33334,scana_r,303,scana_r_lib303_seed23
7,9,test,False,600,19.739442299993243,23,33334,scana_r,303,scana_r_lib303_seed23
7,10,test,False,600,20.23870600000373,23,33334,scana_r,303,scana_r_lib303_seed23
7,11,test,False,600,17.749168499998632,23,33334,scana_r,303,scana_r_lib303_seed23
7,12,test,False,600,16.2934013999984,23,33334,scana_r,303,scana_r_lib303_seed23
7,13,test,False,600,15.136152500002936,23,33334,scana_r,303,scana_r_lib303_seed23
7,14,test,True,115,2.364709400004358,23,33334,scana_r,303,scana_r_lib303_seed23
7,15,test,False,600,16.385467799998878,23,33334,scana_r,303,scana_r_lib303_seed23
7,16,test,False,600,18.023911999996926,23,33334,scana_r,303,scana_r_lib303_seed23
7,17,test,True,158,3.5545964000048116,23,33334,scana_r,303,scana_r_lib303_seed23
7,18,test,False,600,17.15951070000301,23,33334,scana_r,303,scana_r_lib303_seed23
7,19,test,False,600,17.063531399995554,23,33334,scana_r,303,scana_r_lib303_seed23
8,0,test,True,98,1.5589820000022883,23,33334,scana_r,303,scana_r_lib303_seed23
8,1,test,True,104,1.9070846000031452,23,33334,scana_r,303,scana_r_lib303_seed23
8,2,test,False,600,14.610162799996033,23,33334,scana_r,303,scana_r_lib303_seed23
8,3,test,True,92,1.5867158999972162,23,33334,scana_r,303,scana_r_lib303_seed23
8,4,test,False,600,13.784322200001043,23,33334,scana_r,303,scana_r_lib303_seed23
8,5,test,True,91,1.5133600999979535,23,33334,scana_r,303,scana_r_lib303_seed23
8,6,test,True,159,2.940453700000944,23,33334,scana_r,303,scana_r_lib303_seed23
8,7,test,True,93,1.770752899996296,23,33334,scana_r,303,scana_r_lib303_seed23
8,8,test,True,87,1.4767236999978195,23,33334,scana_r,303,scana_r_lib303_seed23
8,9,test,True,95,1.5304516999967746,23,33334,scana_r,303,scana_r_lib303_seed23
8,10,test,True,99,1.6221191000004183,23,33334,scana_r,303,scana_r_lib303_seed23
8,11,test,False,600,14.09214190000057,23,33334,scana_r,303,scana_r_lib303_seed23
8,12,test,False,600,14.456639100004395,23,33334,scana_r,303,scana_r_lib303_seed23
8,13,test,False,600,14.595246299999417,23,33334,scana_r,303,scana_r_lib303_seed23
8,14,test,True,95,1.6885881000052905,23,33334,scana_r,303,scana_r_lib303_seed23
8,15,test,True,86,1.5125425000005635,23,33334,scana_r,303,scana_r_lib303_seed23
8,16,test,True,92,1.5796007999961148,23,33334,scana_r,303,scana_r_lib303_seed23
8,17,test,True,98,1.7503221000006306,23,33334,scana_r,303,scana_r_lib303_seed23
8,18,test,True,89,1.48750519999885,23,33334,scana_r,303,scana_r_lib303_seed23
8,19,test,True,99,1.7073043000054895,23,33334,scana_r,303,scana_r_lib303_seed23
9,0,test,True,107,2.2822605000037584,23,33334,scana_r,303,scana_r_lib303_seed23
9,1,test,False,600,17.802797999996983,23,33334,scana_r,303,scana_r_lib303_seed23
9,2,test,False,600,17.43216289999691,23,33334,scana_r,303,scana_r_lib303_seed23
9,3,test,True,107,2.4211391000062576,23,33334,scana_r,303,scana_r_lib303_seed23
9,4,test,False,600,18.089442100004817,23,33334,scana_r,303,scana_r_lib303_seed23
9,5,test,False,600,17.76578000000154,23,33334,scana_r,303,scana_r_lib303_seed23
9,6,test,False,600,16.903178500004287,23,33334,scana_r,303,scana_r_lib303_seed23
9,7,test,True,128,2.9079140000030748,23,33334,scana_r,303,scana_r_lib303_seed23
9,8,test,True,142,3.326590500000748,23,33334,scana_r,303,scana_r_lib303_seed23
9,9,test,True,126,2.9236339000053704,23,33334,scana_r,303,scana_r_lib303_seed23
9,10,test,False,600,17.40452660000301,23,33334,scana_r,303,scana_r_lib303_seed23
9,11,test,False,600,18.837495699997817,23,33334,scana_r,303,scana_r_lib303_seed23
9,12,test,False,600,17.55799190000107,23,33334,scana_r,303,scana_r_lib303_seed23
9,13,test,False,600,17.419690900002024,23,33334,scana_r,303,scana_r_lib303_seed23
9,14,test,False,600,18.10737489999883,23,33334,scana_r,303,scana_r_lib303_seed23
9,15,test,True,111,2.3213438999955542,23,33334,scana_r,303,scana_r_lib303_seed23
9,16,test,False,600,15.396693000002415,23,33334,scana_r,303,scana_r_lib303_seed23
9,17,test,True,154,3.7580199999938486,23,33334,scana_r,303,scana_r_lib303_seed23
9,18,test,False,600,15.600546100002248,23,33334,scana_r,303,scana_r_lib303_seed23
9,19,test,True,211,5.043416299995442,23,33334,scana_r,303,scana_r_lib303_seed23
