method,library_seed,model,task,init_state,success,steps,max_lift_m,min_plate_xy_m,category_0.02,category_0.03,category_0.05
clean_repeat,101,clean_repeat_lib101_seed7,0,0,True,78,0.0997315668157227,0.006408437564841839,successful,successful,successful
clean_repeat,101,clean_repeat_lib101_seed7,0,1,False,600,0.007731779909969871,0.11660283719397199,no_lift_proxy,no_lift_proxy,no_lift_proxy
clean_repeat,101,clean_repeat_lib101_seed7,0,2,True,86,0.07828629642301665,0.01827391202539927,successful,successful,successful
clean_repeat,101,clean_repeat_lib101_seed7,0,3,True,76,0.10345300208122432,0.0019718435593899333,successful,successful,successful
clean_repeat,101,clean_repeat_lib101_seed7,0,4,True,73,0.10409516894811977,0.0033189103437025274,successful,successful,successful
clean_repeat,101,clean_repeat_lib101_seed7,0,5,True,91,0.13655633560572067,0.020861883332369494,successful,successful,successful
clean_repeat,101,clean_repeat_lib101_seed7,0,6,True,75,0.10214087418786466,0.002413942414857076,successful,successful,successful
clean_repeat,101,clean_repeat_lib101_seed7,0,7,True,81,0.08976429284107068,0.00583653448481144,successful,successful,successful
clean_repeat,101,clean_repeat_lib101_seed7,0,8,True,78,0.10436823129283157,0.003944917299433965,successful,successful,successful
clean_repeat,101,clean_repeat_lib101_seed7,0,9,True,82,0.083428874559755,0.002430597476302468,successful,successful,successful
clean_repeat,101,clean_repeat_lib101_seed7,0,10,True,141,0.03966535135690674,0.02942772765154767,successful,successful,successful
clean_repeat,101,clean_repeat_lib101_seed7,0,11,True,73,0.10026293661332275,0.009180201209322234,successful,successful,successful
clean_repeat,101,clean_repeat_lib101_seed7,0,12,True,78,0.10541721270156112,0.00780920146341323,successful,successful,successful
clean_repeat,101,clean_repeat_lib101_seed7,0,13,False,600,0.037298464355576266,0.10761795187906552,lifted_no_plate_approach,lifted_no_plate_approach,no_lift_proxy
clean_repeat,101,clean_repeat_lib101_seed7,0,14,True,77,0.11419995883887679,0.0028038443143316716,successful,successful,successful
clean_repeat,101,clean_repeat_lib101_seed7,0,15,True,75,0.11714889344900814,0.005275934588832186,successful,successful,successful
clean_repeat,101,clean_repeat_lib101_seed7,0,16,True,94,0.09443678204221906,0.010154993216710108,successful,successful,successful
clean_repeat,101,clean_repeat_lib101_seed7,0,17,True,80,0.06544778475419999,0.0028111824267322873,successful,successful,successful
clean_repeat,101,clean_repeat_lib101_seed7,0,18,True,90,0.11073236530756592,0.00203832228586377,successful,successful,successful
clean_repeat,101,clean_repeat_lib101_seed7,0,19,True,74,0.11559817891069868,0.012749659115334948,successful,successful,successful
clean_repeat,101,clean_repeat_lib101_seed7,1,0,False,600,0.007286300017366187,0.2934009303272371,no_lift_proxy,no_lift_proxy,no_lift_proxy
clean_repeat,101,clean_repeat_lib101_seed7,1,1,True,109,0.17618649682982723,0.004874071903403283,successful,successful,successful
clean_repeat,101,clean_repeat_lib101_seed7,1,2,True,117,0.15199078744294248,0.011634519817864853,successful,successful,successful
clean_repeat,101,clean_repeat_lib101_seed7,1,3,False,600,0.03861119192399887,0.27254129806997585,lifted_no_plate_approach,lifted_no_plate_approach,no_lift_proxy
clean_repeat,101,clean_repeat_lib101_seed7,1,4,True,103,0.15853275719154247,0.000475615423558107,successful,successful,successful
clean_repeat,101,clean_repeat_lib101_seed7,1,5,True,107,0.1325118911391554,0.0017001034287148936,successful,successful,successful
clean_repeat,101,clean_repeat_lib101_seed7,1,6,True,123,0.11719736860933594,0.017023348219961067,successful,successful,successful
clean_repeat,101,clean_repeat_lib101_seed7,1,7,True,137,0.14375949354306905,0.00153954233723739,successful,successful,successful
clean_repeat,101,clean_repeat_lib101_seed7,1,8,False,600,0.04030613510276926,0.2535778252261213,lifted_no_plate_approach,lifted_no_plate_approach,no_lift_proxy
clean_repeat,101,clean_repeat_lib101_seed7,1,9,True,139,0.18475202555432935,0.013016997757039673,successful,successful,successful
clean_repeat,101,clean_repeat_lib101_seed7,1,10,True,114,0.2007414652331747,0.0017507132758289798,successful,successful,successful
clean_repeat,101,clean_repeat_lib101_seed7,1,11,True,103,0.16393397022408718,0.018810533447452114,successful,successful,successful
clean_repeat,101,clean_repeat_lib101_seed7,1,12,False,600,0.03813333596643842,0.2602695707169102,lifted_no_plate_approach,lifted_no_plate_approach,no_lift_proxy
clean_repeat,101,clean_repeat_lib101_seed7,1,13,True,100,0.1513646241177895,0.007443826756561758,successful,successful,successful
clean_repeat,101,clean_repeat_lib101_seed7,1,14,True,105,0.15712074815795862,0.00905844647767069,successful,successful,successful
clean_repeat,101,clean_repeat_lib101_seed7,1,15,True,113,0.17810167219068118,0.009619913592198276,successful,successful,successful
clean_repeat,101,clean_repeat_lib101_seed7,1,16,True,110,0.16412211017153422,0.004169869822855313,successful,successful,successful
clean_repeat,101,clean_repeat_lib101_seed7,1,17,True,106,0.14816516388408418,0.008988409272786064,successful,successful,successful
clean_repeat,101,clean_repeat_lib101_seed7,1,18,True,141,0.15452839802680796,0.016633937623223412,successful,successful,successful
clean_repeat,101,clean_repeat_lib101_seed7,1,19,True,104,0.1460824224428121,0.00047994677873492325,successful,successful,successful
clean_repeat,101,clean_repeat_lib101_seed7,2,0,True,93,0.1400013925834842,0.005489278222281216,successful,successful,successful
clean_repeat,101,clean_repeat_lib101_seed7,2,1,True,93,0.14370606111360296,0.005491778809661397,successful,successful,successful
clean_repeat,101,clean_repeat_lib101_seed7,2,2,True,96,0.16156441418837697,0.015861921585986035,successful,successful,successful
clean_repeat,101,clean_repeat_lib101_seed7,2,3,True,102,0.15584300574484145,0.00756042449490755,successful,successful,successful
clean_repeat,101,clean_repeat_lib101_seed7,2,4,True,111,0.13412871958391936,0.004552223216750746,successful,successful,successful
clean_repeat,101,clean_repeat_lib101_seed7,2,5,True,108,0.16934864762086033,0.022732203070436722,successful,successful,successful
clean_repeat,101,clean_repeat_lib101_seed7,2,6,True,94,0.1552738935219642,0.020010415819288568,successful,successful,successful
clean_repeat,101,clean_repeat_lib101_seed7,2,7,True,93,0.14109958210971074,0.014622528936602252,successful,successful,successful
clean_repeat,101,clean_repeat_lib101_seed7,2,8,True,108,0.14566993789443528,0.005855150550176956,successful,successful,successful
clean_repeat,101,clean_repeat_lib101_seed7,2,9,True,108,0.1451893384880687,0.0027382636208181984,successful,successful,successful
clean_repeat,101,clean_repeat_lib101_seed7,2,10,False,600,0.03067193758615605,0.22290130155205515,lifted_no_plate_approach,lifted_no_plate_approach,no_lift_proxy
clean_repeat,101,clean_repeat_lib101_seed7,2,11,True,104,0.15377358969801902,0.011409485634922644,successful,successful,successful
clean_repeat,101,clean_repeat_lib101_seed7,2,12,True,100,0.07354624305902535,0.025644550174851483,successful,successful,successful
clean_repeat,101,clean_repeat_lib101_seed7,2,13,True,93,0.12572897576186914,0.018252228946355198,successful,successful,successful
clean_repeat,101,clean_repeat_lib101_seed7,2,14,True,93,0.16474988966017978,0.008329348120832252,successful,successful,successful
clean_repeat,101,clean_repeat_lib101_seed7,2,15,True,98,0.15615435714400672,0.008332773040301236,successful,successful,successful
clean_repeat,101,clean_repeat_lib101_seed7,2,16,True,94,0.14323817690903007,0.00679355931148812,successful,successful,successful
clean_repeat,101,clean_repeat_lib101_seed7,2,17,False,600,0.017130453513146682,0.26009814226950145,no_lift_proxy,no_lift_proxy,no_lift_proxy
clean_repeat,101,clean_repeat_lib101_seed7,2,18,True,118,0.14537039450950506,0.008590932425194726,successful,successful,successful
clean_repeat,101,clean_repeat_lib101_seed7,2,19,True,92,0.1607222556335406,0.016999592992622926,successful,successful,successful
clean_repeat,101,clean_repeat_lib101_seed7,3,0,True,87,0.1320448618418455,0.012297305760449195,successful,successful,successful
clean_repeat,101,clean_repeat_lib101_seed7,3,1,True,84,0.0851881734301776,0.008458307007182598,successful,successful,successful
clean_repeat,101,clean_repeat_lib101_seed7,3,2,True,83,0.10458637633776724,0.02083410960684578,successful,successful,successful
clean_repeat,101,clean_repeat_lib101_seed7,3,3,True,438,0.1520478498017105,0.02757395371360879,successful,successful,successful
clean_repeat,101,clean_repeat_lib101_seed7,3,4,True,86,0.12157493172632206,0.009905718923767619,successful,successful,successful
clean_repeat,101,clean_repeat_lib101_seed7,3,5,True,86,0.10452381128051702,0.009062909497852005,successful,successful,successful
clean_repeat,101,clean_repeat_lib101_seed7,3,6,True,81,0.10233354208157597,0.019540313911692576,successful,successful,successful
clean_repeat,101,clean_repeat_lib101_seed7,3,7,True,93,0.10416947352137162,0.02788931688907624,successful,successful,successful
clean_repeat,101,clean_repeat_lib101_seed7,3,8,True,109,0.04894165535832218,0.025775670269546885,successful,successful,successful
clean_repeat,101,clean_repeat_lib101_seed7,3,9,True,98,0.0933684069990608,0.01911722865426549,successful,successful,successful
clean_repeat,101,clean_repeat_lib101_seed7,3,10,True,90,0.1248458481767376,0.0060294136205211925,successful,successful,successful
clean_repeat,101,clean_repeat_lib101_seed7,3,11,True,85,0.09962239365360237,0.008047606112876018,successful,successful,successful
clean_repeat,101,clean_repeat_lib101_seed7,3,12,False,600,0.11013628618032756,0.12529161064721683,lifted_no_plate_approach,lifted_no_plate_approach,lifted_no_plate_approach
clean_repeat,101,clean_repeat_lib101_seed7,3,13,True,84,0.10558157993110961,0.006184302639312223,successful,successful,successful
clean_repeat,101,clean_repeat_lib101_seed7,3,14,True,84,0.10421977410062444,0.027902572343599528,successful,successful,successful
clean_repeat,101,clean_repeat_lib101_seed7,3,15,True,82,0.09556213283357795,0.005854002975125584,successful,successful,successful
clean_repeat,101,clean_repeat_lib101_seed7,3,16,True,97,0.13559424807189446,0.02754438706408499,successful,successful,successful
clean_repeat,101,clean_repeat_lib101_seed7,3,17,True,96,0.1277240380878666,0.02937067446367456,successful,successful,successful
clean_repeat,101,clean_repeat_lib101_seed7,3,18,True,94,0.10507215672204295,0.02888308679697859,successful,successful,successful
clean_repeat,101,clean_repeat_lib101_seed7,3,19,True,98,0.14917168299648031,0.0048752058868666865,successful,successful,successful
clean_repeat,101,clean_repeat_lib101_seed7,4,0,False,600,4.2116132803471373e-10,0.3409919190194946,no_lift_proxy,no_lift_proxy,no_lift_proxy
clean_repeat,101,clean_repeat_lib101_seed7,4,1,False,600,0.00013504794739160886,0.3408433584007589,no_lift_proxy,no_lift_proxy,no_lift_proxy
clean_repeat,101,clean_repeat_lib101_seed7,4,2,True,125,0.14462662434081852,0.020435105410920053,successful,successful,successful
clean_repeat,101,clean_repeat_lib101_seed7,4,3,False,600,0.003685819919993394,0.34800194799222983,no_lift_proxy,no_lift_proxy,no_lift_proxy
clean_repeat,101,clean_repeat_lib101_seed7,4,4,True,129,0.18856397848839146,0.023269162999359314,successful,successful,successful
clean_repeat,101,clean_repeat_lib101_seed7,4,5,True,112,0.14320539300489332,0.011439698918265363,successful,successful,successful
clean_repeat,101,clean_repeat_lib101_seed7,4,6,True,129,0.14777836228158803,0.025881065114774584,successful,successful,successful
clean_repeat,101,clean_repeat_lib101_seed7,4,7,True,123,0.156942456773282,0.014391743082756507,successful,successful,successful
clean_repeat,101,clean_repeat_lib101_seed7,4,8,True,115,0.13084052465599894,0.008799354608222308,successful,successful,successful
clean_repeat,101,clean_repeat_lib101_seed7,4,9,False,600,6.886580194986891e-11,0.35080070057434926,no_lift_proxy,no_lift_proxy,no_lift_proxy
clean_repeat,101,clean_repeat_lib101_seed7,4,10,False,600,0.0038396958831317107,0.34545572965001714,no_lift_proxy,no_lift_proxy,no_lift_proxy
clean_repeat,101,clean_repeat_lib101_seed7,4,11,True,127,0.16223985613787195,0.006144115337156264,successful,successful,successful
clean_repeat,101,clean_repeat_lib101_seed7,4,12,True,125,0.12322142167777828,0.026852635628441292,successful,successful,successful
clean_repeat,101,clean_repeat_lib101_seed7,4,13,True,129,0.18213468034617497,0.009343824551989267,successful,successful,successful
clean_repeat,101,clean_repeat_lib101_seed7,4,14,True,120,0.14679536028892026,0.013496336798486582,successful,successful,successful
clean_repeat,101,clean_repeat_lib101_seed7,4,15,True,129,0.18271634753644728,0.0054963031285358895,successful,successful,successful
clean_repeat,101,clean_repeat_lib101_seed7,4,16,True,122,0.15734643979387575,0.009754960749904024,successful,successful,successful
clean_repeat,101,clean_repeat_lib101_seed7,4,17,True,138,0.15892588216382686,0.01806856501001203,successful,successful,successful
clean_repeat,101,clean_repeat_lib101_seed7,4,18,False,600,0.18629977023948374,0.22299750445943503,lifted_no_plate_approach,lifted_no_plate_approach,lifted_no_plate_approach
clean_repeat,101,clean_repeat_lib101_seed7,4,19,True,133,0.14471460384519852,0.016054770921691355,successful,successful,successful
clean_repeat,101,clean_repeat_lib101_seed7,5,0,True,98,0.15452819706672483,0.003431576243735062,successful,successful,successful
clean_repeat,101,clean_repeat_lib101_seed7,5,1,True,92,0.13131013819859316,0.003713415476178063,successful,successful,successful
clean_repeat,101,clean_repeat_lib101_seed7,5,2,True,94,0.14469427332789597,0.011856527284557132,successful,successful,successful
clean_repeat,101,clean_repeat_lib101_seed7,5,3,False,600,0.010930018841951772,0.25019380201614005,no_lift_proxy,no_lift_proxy,no_lift_proxy
clean_repeat,101,clean_repeat_lib101_seed7,5,4,True,89,0.14645179458977076,0.017922632840228544,successful,successful,successful
clean_repeat,101,clean_repeat_lib101_seed7,5,5,False,600,0.021726793540437606,0.2738174027977681,lifted_no_plate_approach,no_lift_proxy,no_lift_proxy
clean_repeat,101,clean_repeat_lib101_seed7,5,6,True,97,0.14202064490133215,0.0032996677344093745,successful,successful,successful
clean_repeat,101,clean_repeat_lib101_seed7,5,7,True,95,0.1248987851817629,0.008545777603125984,successful,successful,successful
clean_repeat,101,clean_repeat_lib101_seed7,5,8,True,115,0.14094008903040056,0.0017736587100196034,successful,successful,successful
clean_repeat,101,clean_repeat_lib101_seed7,5,9,True,90,0.12661725176579353,0.0035324392497524297,successful,successful,successful
clean_repeat,101,clean_repeat_lib101_seed7,5,10,True,95,0.15088457302567726,0.004021525114079018,successful,successful,successful
clean_repeat,101,clean_repeat_lib101_seed7,5,11,True,137,0.09839445870110386,0.02384185979127794,successful,successful,successful
clean_repeat,101,clean_repeat_lib101_seed7,5,12,True,94,0.14037607483273573,0.002169891932185201,successful,successful,successful
clean_repeat,101,clean_repeat_lib101_seed7,5,13,True,92,0.12504757093973284,0.004613242255829723,successful,successful,successful
clean_repeat,101,clean_repeat_lib101_seed7,5,14,True,113,0.15719981617522505,0.003989372190218494,successful,successful,successful
clean_repeat,101,clean_repeat_lib101_seed7,5,15,False,600,0.1761824760212536,0.003671175076731243,lifted_plate_approach_goal_failed,lifted_plate_approach_goal_failed,lifted_plate_approach_goal_failed
clean_repeat,101,clean_repeat_lib101_seed7,5,16,False,600,0.019389002643658726,0.27272805017075025,no_lift_proxy,no_lift_proxy,no_lift_proxy
clean_repeat,101,clean_repeat_lib101_seed7,5,17,True,104,0.14693832739910906,0.006969713175113851,successful,successful,successful
clean_repeat,101,clean_repeat_lib101_seed7,5,18,True,106,0.11876676472670511,0.015902555278559334,successful,successful,successful
clean_repeat,101,clean_repeat_lib101_seed7,5,19,False,600,0.1354738181179076,0.0913552762131727,lifted_no_plate_approach,lifted_no_plate_approach,lifted_no_plate_approach
clean_repeat,101,clean_repeat_lib101_seed7,6,0,True,108,0.14444564435865703,0.0037648568533871305,successful,successful,successful
clean_repeat,101,clean_repeat_lib101_seed7,6,1,True,101,0.12734097047774906,0.029899820335404056,successful,successful,successful
clean_repeat,101,clean_repeat_lib101_seed7,6,2,True,102,0.14294892346345733,0.007389979307103282,successful,successful,successful
clean_repeat,101,clean_repeat_lib101_seed7,6,3,True,97,0.13077477959966077,0.0208371221624044,successful,successful,successful
clean_repeat,101,clean_repeat_lib101_seed7,6,4,True,108,0.11308047902432472,0.008486180068222198,successful,successful,successful
clean_repeat,101,clean_repeat_lib101_seed7,6,5,True,111,0.14545758151085741,0.008104808774031243,successful,successful,successful
clean_repeat,101,clean_repeat_lib101_seed7,6,6,True,112,0.14163684987258307,0.02395932444258811,successful,successful,successful
clean_repeat,101,clean_repeat_lib101_seed7,6,7,True,98,0.1180198126479175,0.01668258794755435,successful,successful,successful
clean_repeat,101,clean_repeat_lib101_seed7,6,8,True,111,0.13736074645288499,0.017996362310736067,successful,successful,successful
clean_repeat,101,clean_repeat_lib101_seed7,6,9,True,113,0.14144181968249048,0.024765570873299277,successful,successful,successful
clean_repeat,101,clean_repeat_lib101_seed7,6,10,True,107,0.14717910913075483,0.016237932844761688,successful,successful,successful
clean_repeat,101,clean_repeat_lib101_seed7,6,11,True,112,0.1554420811097681,0.013634192428077927,successful,successful,successful
clean_repeat,101,clean_repeat_lib101_seed7,6,12,True,111,0.1721358073728294,0.012724357109622005,successful,successful,successful
clean_repeat,101,clean_repeat_lib101_seed7,6,13,True,100,0.1419890991652737,0.010296297291885909,successful,successful,successful
clean_repeat,101,clean_repeat_lib101_seed7,6,14,True,104,0.1525859846815476,0.010538658305064662,successful,successful,successful
clean_repeat,101,clean_repeat_lib101_seed7,6,15,True,102,0.10679425483381477,0.017040738037028144,successful,successful,successful
clean_repeat,101,clean_repeat_lib101_seed7,6,16,True,100,0.11440760704186714,0.0181199618209517,successful,successful,successful
clean_repeat,101,clean_repeat_lib101_seed7,6,17,True,94,0.11994114779936327,0.014090932210894943,successful,successful,successful
clean_repeat,101,clean_repeat_lib101_seed7,6,18,True,113,0.1436223316965255,0.002535226284515208,successful,successful,successful
clean_repeat,101,clean_repeat_lib101_seed7,6,19,True,98,0.1240592204271429,0.006467805798554093,successful,successful,successful
clean_repeat,101,clean_repeat_lib101_seed7,7,0,True,117,0.19502813229278293,0.00813727123926529,successful,successful,successful
clean_repeat,101,clean_repeat_lib101_seed7,7,1,False,600,6.183962120154263e-09,0.4647343112727681,no_lift_proxy,no_lift_proxy,no_lift_proxy
clean_repeat,101,clean_repeat_lib101_seed7,7,2,True,186,0.1650526552982463,0.01697357304834069,successful,successful,successful
clean_repeat,101,clean_repeat_lib101_seed7,7,3,False,600,6.18396200913196e-09,0.46542592166713964,no_lift_proxy,no_lift_proxy,no_lift_proxy
clean_repeat,101,clean_repeat_lib101_seed7,7,4,False,600,6.183961898109658e-09,0.45233002993980964,no_lift_proxy,no_lift_proxy,no_lift_proxy
clean_repeat,101,clean_repeat_lib101_seed7,7,5,False,600,6.183961787087355e-09,0.4394686790500693,no_lift_proxy,no_lift_proxy,no_lift_proxy
clean_repeat,101,clean_repeat_lib101_seed7,7,6,False,600,0.005254731388920186,0.4604952413892437,no_lift_proxy,no_lift_proxy,no_lift_proxy
clean_repeat,101,clean_repeat_lib101_seed7,7,7,True,140,0.20465507540096128,0.0034124339102877266,successful,successful,successful
clean_repeat,101,clean_repeat_lib101_seed7,7,8,False,600,6.183961898109658e-09,0.4531549122594173,no_lift_proxy,no_lift_proxy,no_lift_proxy
clean_repeat,101,clean_repeat_lib101_seed7,7,9,True,125,0.1943426152691109,0.00912202378673484,successful,successful,successful
clean_repeat,101,clean_repeat_lib101_seed7,7,10,False,600,6.183961898109658e-09,0.37554950192002073,no_lift_proxy,no_lift_proxy,no_lift_proxy
clean_repeat,101,clean_repeat_lib101_seed7,7,11,False,600,6.183961898109658e-09,0.48889856385783415,no_lift_proxy,no_lift_proxy,no_lift_proxy
clean_repeat,101,clean_repeat_lib101_seed7,7,12,False,600,0.032842264911624786,0.45348105357753926,lifted_no_plate_approach,lifted_no_plate_approach,no_lift_proxy
clean_repeat,101,clean_repeat_lib101_seed7,7,13,False,600,6.18396200913196e-09,0.47926230311810875,no_lift_proxy,no_lift_proxy,no_lift_proxy
clean_repeat,101,clean_repeat_lib101_seed7,7,14,False,600,6.183961787087355e-09,0.4453581635492363,no_lift_proxy,no_lift_proxy,no_lift_proxy
clean_repeat,101,clean_repeat_lib101_seed7,7,15,True,126,0.1754615230559191,0.013407733834114092,successful,successful,successful
clean_repeat,101,clean_repeat_lib101_seed7,7,16,False,600,6.183961787087355e-09,0.4268062891808005,no_lift_proxy,no_lift_proxy,no_lift_proxy
clean_repeat,101,clean_repeat_lib101_seed7,7,17,True,541,0.1542649836195279,0.00045631050246641675,successful,successful,successful
clean_repeat,101,clean_repeat_lib101_seed7,7,18,True,133,0.16058986068550596,0.011178815898154622,successful,successful,successful
clean_repeat,101,clean_repeat_lib101_seed7,7,19,False,600,6.183961898109658e-09,0.40760639194236614,no_lift_proxy,no_lift_proxy,no_lift_proxy
clean_repeat,101,clean_repeat_lib101_seed7,8,0,True,219,0.14307467156927434,0.003912418521379178,successful,successful,successful
clean_repeat,101,clean_repeat_lib101_seed7,8,1,True,96,0.0856623418536443,0.009276980273462028,successful,successful,successful
clean_repeat,101,clean_repeat_lib101_seed7,8,2,False,600,0.0021612848698177034,0.14468010390892025,no_lift_proxy,no_lift_proxy,no_lift_proxy
clean_repeat,101,clean_repeat_lib101_seed7,8,3,True,91,0.12132282819979823,0.020221625848591034,successful,successful,successful
clean_repeat,101,clean_repeat_lib101_seed7,8,4,False,600,0.017169465002328188,0.17248849295839577,no_lift_proxy,no_lift_proxy,no_lift_proxy
clean_repeat,101,clean_repeat_lib101_seed7,8,5,False,600,0.004592210474371083,0.13891431825729506,no_lift_proxy,no_lift_proxy,no_lift_proxy
clean_repeat,101,clean_repeat_lib101_seed7,8,6,True,87,0.08638552325566529,0.0055683008573228065,successful,successful,successful
clean_repeat,101,clean_repeat_lib101_seed7,8,7,True,209,0.11750038994370926,0.01737053991051327,successful,successful,successful
clean_repeat,101,clean_repeat_lib101_seed7,8,8,True,99,0.09217976669397265,0.014570415518358063,successful,successful,successful
clean_repeat,101,clean_repeat_lib101_seed7,8,9,True,95,0.11130651605706188,0.015239753360889006,successful,successful,successful
clean_repeat,101,clean_repeat_lib101_seed7,8,10,True,96,0.13722680434594103,0.007410579284390069,successful,successful,successful
clean_repeat,101,clean_repeat_lib101_seed7,8,11,True,92,0.1344289285871778,0.028082796486666475,successful,successful,successful
clean_repeat,101,clean_repeat_lib101_seed7,8,12,True,87,0.10459006432053597,0.01547499287543853,successful,successful,successful
clean_repeat,101,clean_repeat_lib101_seed7,8,13,True,91,0.11054439728772603,0.023111417384633216,successful,successful,successful
clean_repeat,101,clean_repeat_lib101_seed7,8,14,True,92,0.1121482521161643,0.005793992513334541,successful,successful,successful
clean_repeat,101,clean_repeat_lib101_seed7,8,15,True,96,0.11498610534420639,0.017269130660406123,successful,successful,successful
clean_repeat,101,clean_repeat_lib101_seed7,8,16,True,89,0.10157245800858661,0.017711972471580534,successful,successful,successful
clean_repeat,101,clean_repeat_lib101_seed7,8,17,True,97,0.10933418286175511,0.02020810135327313,successful,successful,successful
clean_repeat,101,clean_repeat_lib101_seed7,8,18,True,88,0.12760807712896072,0.009049103021356168,successful,successful,successful
clean_repeat,101,clean_repeat_lib101_seed7,8,19,True,97,0.1117011079395378,0.00943070127686686,successful,successful,successful
clean_repeat,101,clean_repeat_lib101_seed7,9,0,True,116,0.12778962494696078,0.005708053537971158,successful,successful,successful
clean_repeat,101,clean_repeat_lib101_seed7,9,1,False,600,0.13606289140859706,0.03780078485352029,lifted_no_plate_approach,lifted_no_plate_approach,lifted_no_plate_approach
clean_repeat,101,clean_repeat_lib101_seed7,9,2,False,600,0.011621853213432232,0.4948877459520659,no_lift_proxy,no_lift_proxy,no_lift_proxy
clean_repeat,101,clean_repeat_lib101_seed7,9,3,False,600,0.0009589172792319189,0.49808416504295644,no_lift_proxy,no_lift_proxy,no_lift_proxy
clean_repeat,101,clean_repeat_lib101_seed7,9,4,True,131,0.13403700863300028,0.027880027721745835,successful,successful,successful
clean_repeat,101,clean_repeat_lib101_seed7,9,5,False,600,1.580957587066223e-13,0.48548703999833975,no_lift_proxy,no_lift_proxy,no_lift_proxy
clean_repeat,101,clean_repeat_lib101_seed7,9,6,False,600,0.0005229543989071495,0.4974903072787948,no_lift_proxy,no_lift_proxy,no_lift_proxy
clean_repeat,101,clean_repeat_lib101_seed7,9,7,True,114,0.1252520533328525,0.01282460548977704,successful,successful,successful
clean_repeat,101,clean_repeat_lib101_seed7,9,8,False,600,0.14040937583982527,0.03615849330257194,lifted_no_plate_approach,lifted_no_plate_approach,lifted_no_plate_approach
clean_repeat,101,clean_repeat_lib101_seed7,9,9,False,600,0.0076838578074105435,0.5060437047563754,no_lift_proxy,no_lift_proxy,no_lift_proxy
clean_repeat,101,clean_repeat_lib101_seed7,9,10,False,600,0.0009354375254344571,0.4516331789515125,no_lift_proxy,no_lift_proxy,no_lift_proxy
clean_repeat,101,clean_repeat_lib101_seed7,9,11,False,600,1.580957587066223e-13,0.4808890298240483,no_lift_proxy,no_lift_proxy,no_lift_proxy
clean_repeat,101,clean_repeat_lib101_seed7,9,12,False,600,1.580957587066223e-13,0.4615157333091157,no_lift_proxy,no_lift_proxy,no_lift_proxy
clean_repeat,101,clean_repeat_lib101_seed7,9,13,False,600,1.580957587066223e-13,0.4914818139535783,no_lift_proxy,no_lift_proxy,no_lift_proxy
clean_repeat,101,clean_repeat_lib101_seed7,9,14,True,114,0.1281249362646637,0.019249880074432603,successful,successful,successful
clean_repeat,101,clean_repeat_lib101_seed7,9,15,False,600,0.008702206799089618,0.47883184331712286,no_lift_proxy,no_lift_proxy,no_lift_proxy
clean_repeat,101,clean_repeat_lib101_seed7,9,16,True,117,0.12509149131699648,0.029524905373017444,successful,successful,successful
clean_repeat,101,clean_repeat_lib101_seed7,9,17,False,600,0.002872372180260818,0.46431685288446795,no_lift_proxy,no_lift_proxy,no_lift_proxy
clean_repeat,101,clean_repeat_lib101_seed7,9,18,False,600,0.12477218160514059,0.046118873359042405,lifted_no_plate_approach,lifted_no_plate_approach,lifted_no_plate_approach
clean_repeat,101,clean_repeat_lib101_seed7,9,19,True,164,0.1601458494642478,0.011968941378644538,successful,successful,successful
clean_repeat,202,clean_repeat_lib202_seed11,0,0,True,77,0.09469421776490383,0.006491884421504998,successful,successful,successful
clean_repeat,202,clean_repeat_lib202_seed11,0,1,False,600,0.04307229984113892,0.1256236484313662,lifted_no_plate_approach,lifted_no_plate_approach,no_lift_proxy
clean_repeat,202,clean_repeat_lib202_seed11,0,2,False,600,0.026872113168351586,0.1450810435293764,lifted_no_plate_approach,no_lift_proxy,no_lift_proxy
clean_repeat,202,clean_repeat_lib202_seed11,0,3,True,80,0.11236254486633745,0.016346270042409006,successful,successful,successful
clean_repeat,202,clean_repeat_lib202_seed11,0,4,True,76,0.11555303641180625,0.01752353837984179,successful,successful,successful
clean_repeat,202,clean_repeat_lib202_seed11,0,5,False,600,0.014391693764803093,0.11777186298161468,no_lift_proxy,no_lift_proxy,no_lift_proxy
clean_repeat,202,clean_repeat_lib202_seed11,0,6,True,75,0.1020972748901725,0.005018415663884046,successful,successful,successful
clean_repeat,202,clean_repeat_lib202_seed11,0,7,True,81,0.10842437512841929,0.005167727150917927,successful,successful,successful
clean_repeat,202,clean_repeat_lib202_seed11,0,8,True,78,0.11661482422660718,0.015992662932928014,successful,successful,successful
clean_repeat,202,clean_repeat_lib202_seed11,0,9,True,76,0.10437153179095415,0.005373640269740048,successful,successful,successful
clean_repeat,202,clean_repeat_lib202_seed11,0,10,True,76,0.10873727593228821,0.004375386713653737,successful,successful,successful
clean_repeat,202,clean_repeat_lib202_seed11,0,11,True,80,0.08631231334801781,0.013615586481957752,successful,successful,successful
clean_repeat,202,clean_repeat_lib202_seed11,0,12,True,74,0.0971535536227579,0.013594743912963898,successful,successful,successful
clean_repeat,202,clean_repeat_lib202_seed11,0,13,False,600,0.012573481261762942,0.153476520086344,no_lift_proxy,no_lift_proxy,no_lift_proxy
clean_repeat,202,clean_repeat_lib202_seed11,0,14,True,86,0.11926831036177787,0.006033421850544714,successful,successful,successful
clean_repeat,202,clean_repeat_lib202_seed11,0,15,True,69,0.06400817400746384,0.002532308860815201,successful,successful,successful
clean_repeat,202,clean_repeat_lib202_seed11,0,16,True,76,0.11107049354063858,0.01063716768495291,successful,successful,successful
clean_repeat,202,clean_repeat_lib202_seed11,0,17,True,74,0.070192289121767,0.006619638066077507,successful,successful,successful
clean_repeat,202,clean_repeat_lib202_seed11,0,18,False,600,0.09175570009612843,0.06254347527042525,lifted_plate_approach_goal_failed,lifted_plate_approach_goal_failed,lifted_plate_approach_goal_failed
clean_repeat,202,clean_repeat_lib202_seed11,0,19,True,75,0.09693011344342917,0.006720539714566858,successful,successful,successful
clean_repeat,202,clean_repeat_lib202_seed11,1,0,True,114,0.16309279935226484,0.003109171287057171,successful,successful,successful
clean_repeat,202,clean_repeat_lib202_seed11,1,1,True,107,0.17951655230470953,0.005116819993644569,successful,successful,successful
clean_repeat,202,clean_repeat_lib202_seed11,1,2,True,112,0.15946476565117762,0.004336785253999087,successful,successful,successful
clean_repeat,202,clean_repeat_lib202_seed11,1,3,True,114,0.19699336521382516,0.009517432582612933,successful,successful,successful
clean_repeat,202,clean_repeat_lib202_seed11,1,4,True,111,0.18396719089972113,0.0035696500481739064,successful,successful,successful
clean_repeat,202,clean_repeat_lib202_seed11,1,5,True,104,0.16646470768768906,0.005752244612299874,successful,successful,successful
clean_repeat,202,clean_repeat_lib202_seed11,1,6,True,112,0.1557115236182609,0.00679457646672944,successful,successful,successful
clean_repeat,202,clean_repeat_lib202_seed11,1,7,True,282,0.11576373031954579,0.008210868800669248,successful,successful,successful
clean_repeat,202,clean_repeat_lib202_seed11,1,8,True,103,0.20646501537576745,0.0025976678468258773,successful,successful,successful
clean_repeat,202,clean_repeat_lib202_seed11,1,9,True,122,0.18656334169001876,0.006870600859159378,successful,successful,successful
clean_repeat,202,clean_repeat_lib202_seed11,1,10,True,130,0.16116336850361757,0.014648701725524927,successful,successful,successful
clean_repeat,202,clean_repeat_lib202_seed11,1,11,True,108,0.1729793541596425,0.0126330407567934,successful,successful,successful
clean_repeat,202,clean_repeat_lib202_seed11,1,12,True,105,0.15884447895022946,0.005130807171106394,successful,successful,successful
clean_repeat,202,clean_repeat_lib202_seed11,1,13,False,600,0.030635752151969564,0.2542130631682412,lifted_no_plate_approach,lifted_no_plate_approach,no_lift_proxy
clean_repeat,202,clean_repeat_lib202_seed11,1,14,True,104,0.17098935926110648,0.0078226082143438,successful,successful,successful
clean_repeat,202,clean_repeat_lib202_seed11,1,15,True,105,0.1878017698139003,0.007833716934852592,successful,successful,successful
clean_repeat,202,clean_repeat_lib202_seed11,1,16,True,109,0.17117448574915772,0.005107903809306033,successful,successful,successful
clean_repeat,202,clean_repeat_lib202_seed11,1,17,True,222,0.10601633985006087,0.023265723507414432,successful,successful,successful
clean_repeat,202,clean_repeat_lib202_seed11,1,18,True,97,0.11346197104772915,0.0029676520805997897,successful,successful,successful
clean_repeat,202,clean_repeat_lib202_seed11,1,19,True,99,0.15162644562931304,0.0034339155180002335,successful,successful,successful
clean_repeat,202,clean_repeat_lib202_seed11,2,0,True,106,0.12015872136269423,0.0029628001127487502,successful,successful,successful
clean_repeat,202,clean_repeat_lib202_seed11,2,1,True,100,0.12950858650517327,0.007510812600786772,successful,successful,successful
clean_repeat,202,clean_repeat_lib202_seed11,2,2,True,105,0.16525198358434645,0.0062764194846829805,successful,successful,successful
clean_repeat,202,clean_repeat_lib202_seed11,2,3,False,600,0.07788328428651226,0.14637966628219934,lifted_no_plate_approach,lifted_no_plate_approach,lifted_no_plate_approach
clean_repeat,202,clean_repeat_lib202_seed11,2,4,True,100,0.14645028953163575,0.008248210676474245,successful,successful,successful
clean_repeat,202,clean_repeat_lib202_seed11,2,5,False,600,0.1411889880592927,0.0008763220425206955,lifted_plate_approach_goal_failed,lifted_plate_approach_goal_failed,lifted_plate_approach_goal_failed
clean_repeat,202,clean_repeat_lib202_seed11,2,6,True,94,0.14711289693844987,0.009611112697007373,successful,successful,successful
clean_repeat,202,clean_repeat_lib202_seed11,2,7,True,104,0.14542290552584003,0.01944005010584551,successful,successful,successful
clean_repeat,202,clean_repeat_lib202_seed11,2,8,True,118,0.13765799217281294,0.015824597335790083,successful,successful,successful
clean_repeat,202,clean_repeat_lib202_seed11,2,9,True,90,0.12338318792040082,0.006833726223806186,successful,successful,successful
clean_repeat,202,clean_repeat_lib202_seed11,2,10,True,94,0.11030567282695292,0.021453149119500834,successful,successful,successful
clean_repeat,202,clean_repeat_lib202_seed11,2,11,True,120,0.14931790147621027,0.00575617491534653,successful,successful,successful
clean_repeat,202,clean_repeat_lib202_seed11,2,12,False,600,0.09606878938415686,0.03409072300040255,lifted_plate_approach_goal_failed,lifted_plate_approach_goal_failed,lifted_plate_approach_goal_failed
clean_repeat,202,clean_repeat_lib202_seed11,2,13,True,95,0.1525000314335876,0.006570294910626629,successful,successful,successful
clean_repeat,202,clean_repeat_lib202_seed11,2,14,True,130,0.11893035860049617,0.0006442915830939752,successful,successful,successful
clean_repeat,202,clean_repeat_lib202_seed11,2,15,True,104,0.16015062953741133,0.009551828529206234,successful,successful,successful
clean_repeat,202,clean_repeat_lib202_seed11,2,16,True,89,0.09953688814835449,0.011497627582173726,successful,successful,successful
clean_repeat,202,clean_repeat_lib202_seed11,2,17,True,96,0.14939276345257957,0.005372856014693454,successful,successful,successful
clean_repeat,202,clean_repeat_lib202_seed11,2,18,True,123,0.12841342751207407,0.02450003417773982,successful,successful,successful
clean_repeat,202,clean_repeat_lib202_seed11,2,19,True,110,0.0934495673123168,0.002769028034971504,successful,successful,successful
clean_repeat,202,clean_repeat_lib202_seed11,3,0,True,87,0.126262378021345,0.01409319396807776,successful,successful,successful
clean_repeat,202,clean_repeat_lib202_seed11,3,1,True,87,0.12616412210135208,0.006317604351365936,successful,successful,successful
clean_repeat,202,clean_repeat_lib202_seed11,3,2,False,600,0.0030996462579621076,0.1716747803899552,no_lift_proxy,no_lift_proxy,no_lift_proxy
clean_repeat,202,clean_repeat_lib202_seed11,3,3,True,115,0.09684522141254692,0.02697184238555183,successful,successful,successful
clean_repeat,202,clean_repeat_lib202_seed11,3,4,False,600,0.11354254168192834,0.042760114640404356,lifted_plate_approach_goal_failed,lifted_plate_approach_goal_failed,lifted_plate_approach_goal_failed
clean_repeat,202,clean_repeat_lib202_seed11,3,5,True,87,0.11482992111634627,0.01907033025597235,successful,successful,successful
clean_repeat,202,clean_repeat_lib202_seed11,3,6,True,86,0.10962475992079479,0.012667774544906982,successful,successful,successful
clean_repeat,202,clean_repeat_lib202_seed11,3,7,True,81,0.0867261505609005,0.02078875857508738,successful,successful,successful
clean_repeat,202,clean_repeat_lib202_seed11,3,8,True,90,0.11408264475876062,0.020755579615379365,successful,successful,successful
clean_repeat,202,clean_repeat_lib202_seed11,3,9,True,86,0.12051325376379474,0.011892476736046289,successful,successful,successful
clean_repeat,202,clean_repeat_lib202_seed11,3,10,True,91,0.13303377301308905,0.022734471832736226,successful,successful,successful
clean_repeat,202,clean_repeat_lib202_seed11,3,11,True,85,0.1138635650121197,0.003914669325848062,successful,successful,successful
clean_repeat,202,clean_repeat_lib202_seed11,3,12,True,108,0.13592069805310014,0.02518834111153914,successful,successful,successful
clean_repeat,202,clean_repeat_lib202_seed11,3,13,True,88,0.12149172815885245,0.01864985928036022,successful,successful,successful
clean_repeat,202,clean_repeat_lib202_seed11,3,14,True,86,0.10941260181004997,0.013385903369394266,successful,successful,successful
clean_repeat,202,clean_repeat_lib202_seed11,3,15,True,80,0.09839237898980946,0.017344121601136252,successful,successful,successful
clean_repeat,202,clean_repeat_lib202_seed11,3,16,True,80,0.1132968645988005,0.006117273623019509,successful,successful,successful
clean_repeat,202,clean_repeat_lib202_seed11,3,17,True,92,0.12981861276513995,0.019269667366632492,successful,successful,successful
clean_repeat,202,clean_repeat_lib202_seed11,3,18,True,92,0.12481587805036409,0.019119921541306244,successful,successful,successful
clean_repeat,202,clean_repeat_lib202_seed11,3,19,True,96,0.11271571361690047,0.00256072569966461,successful,successful,successful
clean_repeat,202,clean_repeat_lib202_seed11,4,0,True,126,0.1495650311898158,0.02556284977322991,successful,successful,successful
clean_repeat,202,clean_repeat_lib202_seed11,4,1,True,135,0.1687410580916806,0.0019798711235185494,successful,successful,successful
clean_repeat,202,clean_repeat_lib202_seed11,4,2,True,119,0.13921271602568352,0.02334245860014692,successful,successful,successful
clean_repeat,202,clean_repeat_lib202_seed11,4,3,True,127,0.16058088725381836,0.027922657306431245,successful,successful,successful
clean_repeat,202,clean_repeat_lib202_seed11,4,4,True,122,0.16230666671032057,0.008407762213366426,successful,successful,successful
clean_repeat,202,clean_repeat_lib202_seed11,4,5,True,149,0.116897906284533,0.010074149454809193,successful,successful,successful
clean_repeat,202,clean_repeat_lib202_seed11,4,6,True,122,0.13487197551108832,0.00954880942253453,successful,successful,successful
clean_repeat,202,clean_repeat_lib202_seed11,4,7,True,136,0.16936196189003372,0.02026236446482547,successful,successful,successful
clean_repeat,202,clean_repeat_lib202_seed11,4,8,True,118,0.16240748847965092,0.004134103635397141,successful,successful,successful
clean_repeat,202,clean_repeat_lib202_seed11,4,9,True,128,0.16921040703849766,0.007147562963228742,successful,successful,successful
clean_repeat,202,clean_repeat_lib202_seed11,4,10,True,125,0.13977693082619913,0.011523888169754167,successful,successful,successful
clean_repeat,202,clean_repeat_lib202_seed11,4,11,True,119,0.16219813761103552,0.009510810267520625,successful,successful,successful
clean_repeat,202,clean_repeat_lib202_seed11,4,12,True,124,0.13985692249842674,0.023096786091921187,successful,successful,successful
clean_repeat,202,clean_repeat_lib202_seed11,4,13,True,137,0.1591589351958136,0.011691173040098994,successful,successful,successful
clean_repeat,202,clean_repeat_lib202_seed11,4,14,True,122,0.1587792195116644,0.02908727071607895,successful,successful,successful
clean_repeat,202,clean_repeat_lib202_seed11,4,15,False,600,1.266269220456806e-05,0.31761910724843917,no_lift_proxy,no_lift_proxy,no_lift_proxy
clean_repeat,202,clean_repeat_lib202_seed11,4,16,True,119,0.13580664310259394,0.022173067855201754,successful,successful,successful
clean_repeat,202,clean_repeat_lib202_seed11,4,17,True,129,0.15176178059550716,0.007745946125603796,successful,successful,successful
clean_repeat,202,clean_repeat_lib202_seed11,4,18,True,133,0.19735528570109162,0.0031592932524912064,successful,successful,successful
clean_repeat,202,clean_repeat_lib202_seed11,4,19,True,129,0.1363703800646925,0.025238918284635873,successful,successful,successful
clean_repeat,202,clean_repeat_lib202_seed11,5,0,True,95,0.14561546454829932,0.0038609774320477507,successful,successful,successful
clean_repeat,202,clean_repeat_lib202_seed11,5,1,True,96,0.15970129271457478,0.003598397862259981,successful,successful,successful
clean_repeat,202,clean_repeat_lib202_seed11,5,2,True,87,0.12132113244886455,0.007792634632254649,successful,successful,successful
clean_repeat,202,clean_repeat_lib202_seed11,5,3,False,600,0.015262951654046342,0.25156626648491986,no_lift_proxy,no_lift_proxy,no_lift_proxy
clean_repeat,202,clean_repeat_lib202_seed11,5,4,True,92,0.11941031388647039,0.0034613714180180832,successful,successful,successful
clean_repeat,202,clean_repeat_lib202_seed11,5,5,True,100,0.12313324261975989,0.0017470435906589887,successful,successful,successful
clean_repeat,202,clean_repeat_lib202_seed11,5,6,True,83,0.12480940918775318,0.014958850591402005,successful,successful,successful
clean_repeat,202,clean_repeat_lib202_seed11,5,7,True,93,0.12778322786372054,0.004715357004669824,successful,successful,successful
clean_repeat,202,clean_repeat_lib202_seed11,5,8,True,94,0.1325293527148489,0.009346006622082797,successful,successful,successful
clean_repeat,202,clean_repeat_lib202_seed11,5,9,False,600,0.27101110725986066,0.023923480958997136,lifted_plate_approach_goal_failed,lifted_plate_approach_goal_failed,lifted_plate_approach_goal_failed
clean_repeat,202,clean_repeat_lib202_seed11,5,10,True,92,0.133700200460943,0.0051165557666057095,successful,successful,successful
clean_repeat,202,clean_repeat_lib202_seed11,5,11,True,92,0.08308838802250373,0.009347077278543406,successful,successful,successful
clean_repeat,202,clean_repeat_lib202_seed11,5,12,True,93,0.14020675955576622,0.004204218965691141,successful,successful,successful
clean_repeat,202,clean_repeat_lib202_seed11,5,13,True,95,0.1274771604804904,0.005497593399363697,successful,successful,successful
clean_repeat,202,clean_repeat_lib202_seed11,5,14,True,145,0.12204394070967561,0.007103949863981865,successful,successful,successful
clean_repeat,202,clean_repeat_lib202_seed11,5,15,True,87,0.13398225548807718,0.004209750955379239,successful,successful,successful
clean_repeat,202,clean_repeat_lib202_seed11,5,16,True,101,0.13195035082250706,0.029621904677093976,successful,successful,successful
clean_repeat,202,clean_repeat_lib202_seed11,5,17,True,118,0.08245196902972174,0.0015645043359116576,successful,successful,successful
clean_repeat,202,clean_repeat_lib202_seed11,5,18,True,92,0.10133605391902434,0.0018155347113896795,successful,successful,successful
clean_repeat,202,clean_repeat_lib202_seed11,5,19,True,108,0.12702231549451093,0.0016053401809269258,successful,successful,successful
clean_repeat,202,clean_repeat_lib202_seed11,6,0,True,119,0.16186588730034512,0.004489833848742764,successful,successful,successful
clean_repeat,202,clean_repeat_lib202_seed11,6,1,True,103,0.14502852194536087,0.016533654881406352,successful,successful,successful
clean_repeat,202,clean_repeat_lib202_seed11,6,2,True,97,0.13162293912558076,0.009349703771507683,successful,successful,successful
clean_repeat,202,clean_repeat_lib202_seed11,6,3,True,109,0.13795977491906286,0.02273302127463041,successful,successful,successful
clean_repeat,202,clean_repeat_lib202_seed11,6,4,True,116,0.14798424669486998,0.01916851607844942,successful,successful,successful
clean_repeat,202,clean_repeat_lib202_seed11,6,5,False,600,2.6450475154593533e-07,0.27355700062972,no_lift_proxy,no_lift_proxy,no_lift_proxy
clean_repeat,202,clean_repeat_lib202_seed11,6,6,True,104,0.14185367054926212,0.005242114919316534,successful,successful,successful
clean_repeat,202,clean_repeat_lib202_seed11,6,7,True,137,0.15156577629952617,0.027481184804945935,successful,successful,successful
clean_repeat,202,clean_repeat_lib202_seed11,6,8,True,109,0.1476265095256124,0.024849916397975406,successful,successful,successful
clean_repeat,202,clean_repeat_lib202_seed11,6,9,True,188,0.1233181757870101,0.025790650589868933,successful,successful,successful
clean_repeat,202,clean_repeat_lib202_seed11,6,10,True,120,0.15204092871626274,0.0032007244433009774,successful,successful,successful
clean_repeat,202,clean_repeat_lib202_seed11,6,11,True,103,0.15435676504508478,0.013274330875485895,successful,successful,successful
clean_repeat,202,clean_repeat_lib202_seed11,6,12,True,113,0.17242766722253533,0.012089336866155723,successful,successful,successful
clean_repeat,202,clean_repeat_lib202_seed11,6,13,True,96,0.11749890904152793,0.007101147621392467,successful,successful,successful
clean_repeat,202,clean_repeat_lib202_seed11,6,14,False,600,0.0005142947139253895,0.2978239755168406,no_lift_proxy,no_lift_proxy,no_lift_proxy
clean_repeat,202,clean_repeat_lib202_seed11,6,15,True,116,0.15472977624004325,0.01674691710618621,successful,successful,successful
clean_repeat,202,clean_repeat_lib202_seed11,6,16,True,100,0.1250520597864353,0.019677680502760735,successful,successful,successful
clean_repeat,202,clean_repeat_lib202_seed11,6,17,True,100,0.14722829173436858,0.0069729057500276135,successful,successful,successful
clean_repeat,202,clean_repeat_lib202_seed11,6,18,True,113,0.15318094762118628,0.0048462065696256475,successful,successful,successful
clean_repeat,202,clean_repeat_lib202_seed11,6,19,True,103,0.1332235836542799,0.003053341426915409,successful,successful,successful
clean_repeat,202,clean_repeat_lib202_seed11,7,0,True,156,0.1589739803566994,0.012435998362217685,successful,successful,successful
clean_repeat,202,clean_repeat_lib202_seed11,7,1,True,199,0.1627691827620794,0.004631930911103959,successful,successful,successful
clean_repeat,202,clean_repeat_lib202_seed11,7,2,True,134,0.17429592176728015,0.017525164072064486,successful,successful,successful
clean_repeat,202,clean_repeat_lib202_seed11,7,3,True,114,0.1853973110734819,0.029686340149815665,successful,successful,successful
clean_repeat,202,clean_repeat_lib202_seed11,7,4,False,600,0.0073749344630503755,0.45233002993980964,no_lift_proxy,no_lift_proxy,no_lift_proxy
clean_repeat,202,clean_repeat_lib202_seed11,7,5,False,600,6.183961787087355e-09,0.4557062660990225,no_lift_proxy,no_lift_proxy,no_lift_proxy
clean_repeat,202,clean_repeat_lib202_seed11,7,6,True,153,0.16352681229601296,0.0018771896039314823,successful,successful,successful
clean_repeat,202,clean_repeat_lib202_seed11,7,7,True,177,0.15573947978972114,0.017679020174607464,successful,successful,successful
clean_repeat,202,clean_repeat_lib202_seed11,7,8,False,600,6.183961898109658e-09,0.45808493555788815,no_lift_proxy,no_lift_proxy,no_lift_proxy
clean_repeat,202,clean_repeat_lib202_seed11,7,9,True,131,0.14570523204956742,0.00635800976109065,successful,successful,successful
clean_repeat,202,clean_repeat_lib202_seed11,7,10,True,122,0.1387778167659841,0.004641754043333235,successful,successful,successful
clean_repeat,202,clean_repeat_lib202_seed11,7,11,False,600,0.009414475477571793,0.48889856385783415,no_lift_proxy,no_lift_proxy,no_lift_proxy
clean_repeat,202,clean_repeat_lib202_seed11,7,12,True,112,0.19058827651693033,0.010790771304725407,successful,successful,successful
clean_repeat,202,clean_repeat_lib202_seed11,7,13,False,600,6.183962120154263e-09,0.47926230311810875,no_lift_proxy,no_lift_proxy,no_lift_proxy
clean_repeat,202,clean_repeat_lib202_seed11,7,14,True,116,0.12483387323624817,0.012137937922427084,successful,successful,successful
clean_repeat,202,clean_repeat_lib202_seed11,7,15,True,132,0.18649841531836397,0.005513306276208859,successful,successful,successful
clean_repeat,202,clean_repeat_lib202_seed11,7,16,False,600,6.183961787087355e-09,0.4595610117304313,no_lift_proxy,no_lift_proxy,no_lift_proxy
clean_repeat,202,clean_repeat_lib202_seed11,7,17,True,165,0.1393739889773825,0.023595514740543055,successful,successful,successful
clean_repeat,202,clean_repeat_lib202_seed11,7,18,True,213,0.15151504045872877,0.012020296996368609,successful,successful,successful
clean_repeat,202,clean_repeat_lib202_seed11,7,19,False,600,0.022989368972904156,0.4417390942553669,lifted_no_plate_approach,no_lift_proxy,no_lift_proxy
clean_repeat,202,clean_repeat_lib202_seed11,8,0,True,96,0.11339971177256691,0.0026387893422327967,successful,successful,successful
clean_repeat,202,clean_repeat_lib202_seed11,8,1,False,600,0.025767982264535916,0.10795372780243455,lifted_no_plate_approach,no_lift_proxy,no_lift_proxy
clean_repeat,202,clean_repeat_lib202_seed11,8,2,False,600,0.00745461796799296,0.15241498455476746,no_lift_proxy,no_lift_proxy,no_lift_proxy
clean_repeat,202,clean_repeat_lib202_seed11,8,3,True,109,0.10521926510405355,0.01609886537726852,successful,successful,successful
clean_repeat,202,clean_repeat_lib202_seed11,8,4,False,600,0.015654721715041453,0.17505900942162864,no_lift_proxy,no_lift_proxy,no_lift_proxy
clean_repeat,202,clean_repeat_lib202_seed11,8,5,True,98,0.12321448245482258,0.003150591354378501,successful,successful,successful
clean_repeat,202,clean_repeat_lib202_seed11,8,6,True,91,0.11800454604145094,0.004831945937704043,successful,successful,successful
clean_repeat,202,clean_repeat_lib202_seed11,8,7,True,126,0.10898219862662328,0.015690270958233575,successful,successful,successful
clean_repeat,202,clean_repeat_lib202_seed11,8,8,True,94,0.11879125850371541,0.01955905350977181,successful,successful,successful
clean_repeat,202,clean_repeat_lib202_seed11,8,9,True,87,0.12382783098792993,0.008594457667647746,successful,successful,successful
clean_repeat,202,clean_repeat_lib202_seed11,8,10,True,92,0.14426353784832124,0.012876326762421548,successful,successful,successful
clean_repeat,202,clean_repeat_lib202_seed11,8,11,True,110,0.1249466617850199,0.003257825160694354,successful,successful,successful
clean_repeat,202,clean_repeat_lib202_seed11,8,12,True,81,0.09269451054377742,0.006984373418990391,successful,successful,successful
clean_repeat,202,clean_repeat_lib202_seed11,8,13,True,93,0.12729264460853962,0.010970383316720306,successful,successful,successful
clean_repeat,202,clean_repeat_lib202_seed11,8,14,True,97,0.1093449847062049,0.012029779382932555,successful,successful,successful
clean_repeat,202,clean_repeat_lib202_seed11,8,15,True,91,0.11041773217006823,0.015861179799925774,successful,successful,successful
clean_repeat,202,clean_repeat_lib202_seed11,8,16,True,100,0.10320295175092364,0.027969038869938692,successful,successful,successful
clean_repeat,202,clean_repeat_lib202_seed11,8,17,True,92,0.08848497471843886,0.011785473329769824,successful,successful,successful
clean_repeat,202,clean_repeat_lib202_seed11,8,18,True,104,0.14527819058152924,0.016144318698176115,successful,successful,successful
clean_repeat,202,clean_repeat_lib202_seed11,8,19,True,102,0.13483508687598933,0.009528118870665209,successful,successful,successful
clean_repeat,202,clean_repeat_lib202_seed11,9,0,True,131,0.10508114681316338,0.0068894061398293216,successful,successful,successful
clean_repeat,202,clean_repeat_lib202_seed11,9,1,True,117,0.1375558387961726,0.02404602523405017,successful,successful,successful
clean_repeat,202,clean_repeat_lib202_seed11,9,2,False,600,0.00040784147441197405,0.4964486782819241,no_lift_proxy,no_lift_proxy,no_lift_proxy
clean_repeat,202,clean_repeat_lib202_seed11,9,3,False,600,0.05263825256701393,0.46989240624808126,lifted_no_plate_approach,lifted_no_plate_approach,lifted_no_plate_approach
clean_repeat,202,clean_repeat_lib202_seed11,9,4,False,600,1.580957587066223e-13,0.44853726592992427,no_lift_proxy,no_lift_proxy,no_lift_proxy
clean_repeat,202,clean_repeat_lib202_seed11,9,5,False,600,0.009797297491093593,0.48359778183460983,no_lift_proxy,no_lift_proxy,no_lift_proxy
clean_repeat,202,clean_repeat_lib202_seed11,9,6,False,600,0.008081412649014075,0.49651294490674913,no_lift_proxy,no_lift_proxy,no_lift_proxy
clean_repeat,202,clean_repeat_lib202_seed11,9,7,True,120,0.12802459130436583,0.007134410575152291,successful,successful,successful
clean_repeat,202,clean_repeat_lib202_seed11,9,8,True,129,0.13683604406565797,0.004462199915450323,successful,successful,successful
clean_repeat,202,clean_repeat_lib202_seed11,9,9,False,600,0.006694612869649008,0.49873925245036027,no_lift_proxy,no_lift_proxy,no_lift_proxy
clean_repeat,202,clean_repeat_lib202_seed11,9,10,True,118,0.1315881585816927,0.00595627076857973,successful,successful,successful
clean_repeat,202,clean_repeat_lib202_seed11,9,11,False,600,1.580957587066223e-13,0.4808890298240483,no_lift_proxy,no_lift_proxy,no_lift_proxy
clean_repeat,202,clean_repeat_lib202_seed11,9,12,False,600,1.580957587066223e-13,0.46203935683134534,no_lift_proxy,no_lift_proxy,no_lift_proxy
clean_repeat,202,clean_repeat_lib202_seed11,9,13,True,111,0.12016151817745935,0.021778030246530147,successful,successful,successful
clean_repeat,202,clean_repeat_lib202_seed11,9,14,True,111,0.13058523851405268,0.014604355478829215,successful,successful,successful
clean_repeat,202,clean_repeat_lib202_seed11,9,15,False,600,1.5831780331154732e-13,0.47883184331712286,no_lift_proxy,no_lift_proxy,no_lift_proxy
clean_repeat,202,clean_repeat_lib202_seed11,9,16,False,600,0.16216747038358292,0.2627572439139374,lifted_no_plate_approach,lifted_no_plate_approach,lifted_no_plate_approach
clean_repeat,202,clean_repeat_lib202_seed11,9,17,True,120,0.11778637716628482,0.012499363665545847,successful,successful,successful
clean_repeat,202,clean_repeat_lib202_seed11,9,18,False,600,1.580957587066223e-13,0.4704311936852478,no_lift_proxy,no_lift_proxy,no_lift_proxy
clean_repeat,202,clean_repeat_lib202_seed11,9,19,False,600,1.580957587066223e-13,0.5040794354278997,no_lift_proxy,no_lift_proxy,no_lift_proxy
clean_repeat,303,clean_repeat_lib303_seed23,0,0,True,263,0.08604515646126909,0.029348169769706896,successful,successful,successful
clean_repeat,303,clean_repeat_lib303_seed23,0,1,True,285,0.10370570655113043,0.005640662976676028,successful,successful,successful
clean_repeat,303,clean_repeat_lib303_seed23,0,2,True,79,0.1263060888965023,0.004211461867737806,successful,successful,successful
clean_repeat,303,clean_repeat_lib303_seed23,0,3,True,78,0.08233159168472248,0.002739157773604464,successful,successful,successful
clean_repeat,303,clean_repeat_lib303_seed23,0,4,True,74,0.09968895731343386,0.0016829165390836731,successful,successful,successful
clean_repeat,303,clean_repeat_lib303_seed23,0,5,True,80,0.09204001958296726,0.0018760852872548948,successful,successful,successful
clean_repeat,303,clean_repeat_lib303_seed23,0,6,True,74,0.1210008998637937,0.014825251574849027,successful,successful,successful
clean_repeat,303,clean_repeat_lib303_seed23,0,7,True,78,0.09910277754271668,0.006732550703400321,successful,successful,successful
clean_repeat,303,clean_repeat_lib303_seed23,0,8,True,87,0.1445850993354969,0.005280893391999938,successful,successful,successful
clean_repeat,303,clean_repeat_lib303_seed23,0,9,True,90,0.10287980873853231,0.008008109977150403,successful,successful,successful
clean_repeat,303,clean_repeat_lib303_seed23,0,10,True,87,0.08978278248408289,0.02294040606902637,successful,successful,successful
clean_repeat,303,clean_repeat_lib303_seed23,0,11,True,78,0.09419805695997596,0.0032623430015770705,successful,successful,successful
clean_repeat,303,clean_repeat_lib303_seed23,0,12,True,81,0.1126827877833303,0.004107756386045485,successful,successful,successful
clean_repeat,303,clean_repeat_lib303_seed23,0,13,True,78,0.10849397213845413,0.010027383554118214,successful,successful,successful
clean_repeat,303,clean_repeat_lib303_seed23,0,14,True,77,0.10441829800294122,0.0019756789713493627,successful,successful,successful
clean_repeat,303,clean_repeat_lib303_seed23,0,15,True,76,0.12179649893653877,0.0071995981778373115,successful,successful,successful
clean_repeat,303,clean_repeat_lib303_seed23,0,16,False,600,0.008243856572192731,0.1166391008389246,no_lift_proxy,no_lift_proxy,no_lift_proxy
clean_repeat,303,clean_repeat_lib303_seed23,0,17,True,71,0.0883019188218519,0.0051619244467439535,successful,successful,successful
clean_repeat,303,clean_repeat_lib303_seed23,0,18,True,86,0.12384824677347261,0.014216682805459572,successful,successful,successful
clean_repeat,303,clean_repeat_lib303_seed23,0,19,True,73,0.09383231350552301,0.01256518345438285,successful,successful,successful
clean_repeat,303,clean_repeat_lib303_seed23,1,0,True,112,0.1617820100249081,0.0019918920479973716,successful,successful,successful
clean_repeat,303,clean_repeat_lib303_seed23,1,1,True,111,0.16269530090341022,0.0031726253781227316,successful,successful,successful
clean_repeat,303,clean_repeat_lib303_seed23,1,2,True,113,0.1453033724074051,0.007764116954329266,successful,successful,successful
clean_repeat,303,clean_repeat_lib303_seed23,1,3,True,111,0.16002988183173184,0.007593596461008357,successful,successful,successful
clean_repeat,303,clean_repeat_lib303_seed23,1,4,True,102,0.14380025669439056,0.006400912610379921,successful,successful,successful
clean_repeat,303,clean_repeat_lib303_seed23,1,5,False,600,0.1560042991903543,0.0450198960462145,lifted_plate_approach_goal_failed,lifted_plate_approach_goal_failed,lifted_plate_approach_goal_failed
clean_repeat,303,clean_repeat_lib303_seed23,1,6,True,109,0.15195385723577393,0.0012710482677756988,successful,successful,successful
clean_repeat,303,clean_repeat_lib303_seed23,1,7,False,600,0.041363301843590605,0.2818410333672117,lifted_no_plate_approach,lifted_no_plate_approach,no_lift_proxy
clean_repeat,303,clean_repeat_lib303_seed23,1,8,True,106,0.14407929083684556,0.02755606237930173,successful,successful,successful
clean_repeat,303,clean_repeat_lib303_seed23,1,9,True,114,0.16131214846555375,0.004907051847842897,successful,successful,successful
clean_repeat,303,clean_repeat_lib303_seed23,1,10,True,331,0.09826829011415561,0.009249903464196227,successful,successful,successful
clean_repeat,303,clean_repeat_lib303_seed23,1,11,False,600,0.2616889414605925,0.2502698705067615,lifted_no_plate_approach,lifted_no_plate_approach,lifted_no_plate_approach
clean_repeat,303,clean_repeat_lib303_seed23,1,12,True,153,0.13073320932762966,0.008119307013688879,successful,successful,successful
clean_repeat,303,clean_repeat_lib303_seed23,1,13,True,96,0.1344113582612847,0.011398393543301782,successful,successful,successful
clean_repeat,303,clean_repeat_lib303_seed23,1,14,False,600,0.012640189398051116,0.24465751834113955,no_lift_proxy,no_lift_proxy,no_lift_proxy
clean_repeat,303,clean_repeat_lib303_seed23,1,15,True,113,0.11252397418711713,0.012797381430734436,successful,successful,successful
clean_repeat,303,clean_repeat_lib303_seed23,1,16,False,600,0.13454273815982964,0.07321837941413332,lifted_plate_approach_goal_failed,lifted_no_plate_approach,lifted_no_plate_approach
clean_repeat,303,clean_repeat_lib303_seed23,1,17,True,104,0.13863866039068595,0.008719597647060125,successful,successful,successful
clean_repeat,303,clean_repeat_lib303_seed23,1,18,True,102,0.15202728275367727,0.002834678996464125,successful,successful,successful
clean_repeat,303,clean_repeat_lib303_seed23,1,19,True,251,0.13654800955024338,0.00830524946550684,successful,successful,successful
clean_repeat,303,clean_repeat_lib303_seed23,2,0,False,600,0.04107665556728746,0.23530794186573747,lifted_no_plate_approach,lifted_no_plate_approach,no_lift_proxy
clean_repeat,303,clean_repeat_lib303_seed23,2,1,True,96,0.15922635427504805,0.010669552545216315,successful,successful,successful
clean_repeat,303,clean_repeat_lib303_seed23,2,2,True,96,0.14031393840662032,0.005010931634393199,successful,successful,successful
clean_repeat,303,clean_repeat_lib303_seed23,2,3,True,87,0.14604429019680887,0.010278823006307442,successful,successful,successful
clean_repeat,303,clean_repeat_lib303_seed23,2,4,True,102,0.15001535149912204,0.017932689369848327,successful,successful,successful
clean_repeat,303,clean_repeat_lib303_seed23,2,5,True,106,0.15747527116331805,0.0089853462712147,successful,successful,successful
clean_repeat,303,clean_repeat_lib303_seed23,2,6,True,93,0.1547145584745533,0.0010734651975886978,successful,successful,successful
clean_repeat,303,clean_repeat_lib303_seed23,2,7,True,97,0.12904493400281036,0.01065640223174399,successful,successful,successful
clean_repeat,303,clean_repeat_lib303_seed23,2,8,True,102,0.11636551964427189,0.0022557153606509043,successful,successful,successful
clean_repeat,303,clean_repeat_lib303_seed23,2,9,True,119,0.12388886713958347,0.029542223373962746,successful,successful,successful
clean_repeat,303,clean_repeat_lib303_seed23,2,10,True,95,0.10352831818318298,0.013665127791777837,successful,successful,successful
clean_repeat,303,clean_repeat_lib303_seed23,2,11,True,103,0.14225801787178916,0.008432929449192128,successful,successful,successful
clean_repeat,303,clean_repeat_lib303_seed23,2,12,True,106,0.1442927444710922,0.004855326931840081,successful,successful,successful
clean_repeat,303,clean_repeat_lib303_seed23,2,13,True,90,0.13597729489530996,0.004328573379698777,successful,successful,successful
clean_repeat,303,clean_repeat_lib303_seed23,2,14,True,115,0.12199116732324633,0.024872439909911764,successful,successful,successful
clean_repeat,303,clean_repeat_lib303_seed23,2,15,True,121,0.1312896784445865,0.006832091102749035,successful,successful,successful
clean_repeat,303,clean_repeat_lib303_seed23,2,16,True,102,0.11934941667502641,0.009438053260186822,successful,successful,successful
clean_repeat,303,clean_repeat_lib303_seed23,2,17,True,100,0.1214127689203004,0.00527493334585803,successful,successful,successful
clean_repeat,303,clean_repeat_lib303_seed23,2,18,True,100,0.1550620683839834,0.01774586537440409,successful,successful,successful
clean_repeat,303,clean_repeat_lib303_seed23,2,19,True,98,0.15444551412876706,0.006534762295133286,successful,successful,successful
clean_repeat,303,clean_repeat_lib303_seed23,3,0,False,600,0.01966921802013777,0.16274871687091289,no_lift_proxy,no_lift_proxy,no_lift_proxy
clean_repeat,303,clean_repeat_lib303_seed23,3,1,True,137,0.13993683553527525,0.029246760864897768,successful,successful,successful
clean_repeat,303,clean_repeat_lib303_seed23,3,2,True,75,0.07619249794533622,0.01265451505578841,successful,successful,successful
clean_repeat,303,clean_repeat_lib303_seed23,3,3,True,88,0.10786065184221638,0.003242415861373304,successful,successful,successful
clean_repeat,303,clean_repeat_lib303_seed23,3,4,True,92,0.11068884762913778,0.007212326925813648,successful,successful,successful
clean_repeat,303,clean_repeat_lib303_seed23,3,5,True,93,0.1379695852022763,0.025687356136381255,successful,successful,successful
clean_repeat,303,clean_repeat_lib303_seed23,3,6,True,105,0.09965118318446897,0.0047099366199505315,successful,successful,successful
clean_repeat,303,clean_repeat_lib303_seed23,3,7,True,86,0.08961583192837708,0.0053504647300786305,successful,successful,successful
clean_repeat,303,clean_repeat_lib303_seed23,3,8,True,82,0.08805957819888222,0.023459084331055025,successful,successful,successful
clean_repeat,303,clean_repeat_lib303_seed23,3,9,True,89,0.1132628168762877,0.005525290604178151,successful,successful,successful
clean_repeat,303,clean_repeat_lib303_seed23,3,10,True,90,0.10457728859958193,0.019307666231916064,successful,successful,successful
clean_repeat,303,clean_repeat_lib303_seed23,3,11,True,83,0.07325566415408502,0.008208997996144593,successful,successful,successful
clean_repeat,303,clean_repeat_lib303_seed23,3,12,True,91,0.0976855942298781,0.013131166322065716,successful,successful,successful
clean_repeat,303,clean_repeat_lib303_seed23,3,13,False,600,2.370566677400987e-07,0.17758184313897948,no_lift_proxy,no_lift_proxy,no_lift_proxy
clean_repeat,303,clean_repeat_lib303_seed23,3,14,True,93,0.11925393007267326,0.009796103637398865,successful,successful,successful
clean_repeat,303,clean_repeat_lib303_seed23,3,15,True,81,0.08278943058809984,0.01615848846925557,successful,successful,successful
clean_repeat,303,clean_repeat_lib303_seed23,3,16,False,600,0.009285886061955906,0.18303237587006815,no_lift_proxy,no_lift_proxy,no_lift_proxy
clean_repeat,303,clean_repeat_lib303_seed23,3,17,True,81,0.11777124837256325,0.005912827956792243,successful,successful,successful
clean_repeat,303,clean_repeat_lib303_seed23,3,18,True,106,0.11999722284075709,0.008043921231479246,successful,successful,successful
clean_repeat,303,clean_repeat_lib303_seed23,3,19,True,84,0.07540783003548146,0.018674003953777524,successful,successful,successful
clean_repeat,303,clean_repeat_lib303_seed23,4,0,True,131,0.14251805051403377,0.025328889427829293,successful,successful,successful
clean_repeat,303,clean_repeat_lib303_seed23,4,1,False,600,1.3258416586836574e-10,0.3408433584007589,no_lift_proxy,no_lift_proxy,no_lift_proxy
clean_repeat,303,clean_repeat_lib303_seed23,4,2,True,134,0.1344673396048568,0.027534112251198374,successful,successful,successful
clean_repeat,303,clean_repeat_lib303_seed23,4,3,True,124,0.15071585360217488,0.028376551206578157,successful,successful,successful
clean_repeat,303,clean_repeat_lib303_seed23,4,4,True,128,0.1796126502755906,0.020659204962825063,successful,successful,successful
clean_repeat,303,clean_repeat_lib303_seed23,4,5,True,154,0.18750423687044604,0.008545379417058144,successful,successful,successful
clean_repeat,303,clean_repeat_lib303_seed23,4,6,False,600,7.089018261297042e-11,0.3546042423531268,no_lift_proxy,no_lift_proxy,no_lift_proxy
clean_repeat,303,clean_repeat_lib303_seed23,4,7,True,135,0.15751317052458513,0.011360198382904823,successful,successful,successful
clean_repeat,303,clean_repeat_lib303_seed23,4,8,True,155,0.14326804308949037,0.022408603855562446,successful,successful,successful
clean_repeat,303,clean_repeat_lib303_seed23,4,9,True,125,0.15340391250017493,0.0041191355234429855,successful,successful,successful
clean_repeat,303,clean_repeat_lib303_seed23,4,10,True,165,0.15887728577288862,0.0280590302362691,successful,successful,successful
clean_repeat,303,clean_repeat_lib303_seed23,4,11,False,600,9.021357512573047e-06,0.33401016955862106,no_lift_proxy,no_lift_proxy,no_lift_proxy
clean_repeat,303,clean_repeat_lib303_seed23,4,12,True,130,0.1586185998439369,0.015415076962148555,successful,successful,successful
clean_repeat,303,clean_repeat_lib303_seed23,4,13,True,146,0.17236095507250715,0.003386659280624298,successful,successful,successful
clean_repeat,303,clean_repeat_lib303_seed23,4,14,True,125,0.1438689671999578,0.02755278026568016,successful,successful,successful
clean_repeat,303,clean_repeat_lib303_seed23,4,15,False,600,4.444896954725053e-06,0.32606945759861705,no_lift_proxy,no_lift_proxy,no_lift_proxy
clean_repeat,303,clean_repeat_lib303_seed23,4,16,True,124,0.1264202450488452,0.01717172332055968,successful,successful,successful
clean_repeat,303,clean_repeat_lib303_seed23,4,17,False,600,2.657919735415959e-07,0.3416550063842451,no_lift_proxy,no_lift_proxy,no_lift_proxy
clean_repeat,303,clean_repeat_lib303_seed23,4,18,False,600,2.548916633315912e-11,0.34701113908273057,no_lift_proxy,no_lift_proxy,no_lift_proxy
clean_repeat,303,clean_repeat_lib303_seed23,4,19,True,129,0.1317351410955594,0.01543105594895813,successful,successful,successful
clean_repeat,303,clean_repeat_lib303_seed23,5,0,True,259,0.11518339749947348,0.01166032814285156,successful,successful,successful
clean_repeat,303,clean_repeat_lib303_seed23,5,1,False,600,0.12143974116429324,0.016383969353050993,lifted_plate_approach_goal_failed,lifted_plate_approach_goal_failed,lifted_plate_approach_goal_failed
clean_repeat,303,clean_repeat_lib303_seed23,5,2,True,92,0.1452975585843006,0.003214590048943273,successful,successful,successful
clean_repeat,303,clean_repeat_lib303_seed23,5,3,False,600,0.012382268513649541,0.2547730654335326,no_lift_proxy,no_lift_proxy,no_lift_proxy
clean_repeat,303,clean_repeat_lib303_seed23,5,4,True,91,0.10954964656186217,0.010923644582631297,successful,successful,successful
clean_repeat,303,clean_repeat_lib303_seed23,5,5,False,600,0.31461344820622006,0.011363455291131913,lifted_plate_approach_goal_failed,lifted_plate_approach_goal_failed,lifted_plate_approach_goal_failed
clean_repeat,303,clean_repeat_lib303_seed23,5,6,True,94,0.12249556002165951,0.0006155341442590198,successful,successful,successful
clean_repeat,303,clean_repeat_lib303_seed23,5,7,True,85,0.11582621462721132,0.0027531011325885556,successful,successful,successful
clean_repeat,303,clean_repeat_lib303_seed23,5,8,True,88,0.12529490428696188,0.006764067886752724,successful,successful,successful
clean_repeat,303,clean_repeat_lib303_seed23,5,9,False,600,0.1209746724761942,0.2629456844244937,lifted_no_plate_approach,lifted_no_plate_approach,lifted_no_plate_approach
clean_repeat,303,clean_repeat_lib303_seed23,5,10,True,88,0.14573947508249663,0.011877103721184381,successful,successful,successful
clean_repeat,303,clean_repeat_lib303_seed23,5,11,True,96,0.102484735637145,0.013674729210246164,successful,successful,successful
clean_repeat,303,clean_repeat_lib303_seed23,5,12,True,87,0.11633788348098373,0.006846365985875295,successful,successful,successful
clean_repeat,303,clean_repeat_lib303_seed23,5,13,True,106,0.10080805328801945,0.008166808865149726,successful,successful,successful
clean_repeat,303,clean_repeat_lib303_seed23,5,14,True,94,0.12670911082810754,0.006916939625827167,successful,successful,successful
clean_repeat,303,clean_repeat_lib303_seed23,5,15,True,86,0.1103092873416831,0.021682066747591697,successful,successful,successful
clean_repeat,303,clean_repeat_lib303_seed23,5,16,False,600,0.021439371224603043,0.27272804347478313,lifted_no_plate_approach,no_lift_proxy,no_lift_proxy
clean_repeat,303,clean_repeat_lib303_seed23,5,17,True,104,0.150304272671001,0.003251622919107712,successful,successful,successful
clean_repeat,303,clean_repeat_lib303_seed23,5,18,False,600,0.09136041757401558,0.018947545332292367,lifted_plate_approach_goal_failed,lifted_plate_approach_goal_failed,lifted_plate_approach_goal_failed
clean_repeat,303,clean_repeat_lib303_seed23,5,19,False,600,0.13344352203155885,0.12242227433901642,lifted_no_plate_approach,lifted_no_plate_approach,lifted_no_plate_approach
clean_repeat,303,clean_repeat_lib303_seed23,6,0,True,114,0.1647931687870512,0.015329172842045498,successful,successful,successful
clean_repeat,303,clean_repeat_lib303_seed23,6,1,True,112,0.16245465687114158,0.025739996485635543,successful,successful,successful
clean_repeat,303,clean_repeat_lib303_seed23,6,2,True,102,0.12868173913513448,0.01336757738228245,successful,successful,successful
clean_repeat,303,clean_repeat_lib303_seed23,6,3,True,102,0.14759888753865713,0.02173171774964091,successful,successful,successful
clean_repeat,303,clean_repeat_lib303_seed23,6,4,True,98,0.13030766534175542,0.015482449200024355,successful,successful,successful
clean_repeat,303,clean_repeat_lib303_seed23,6,5,True,121,0.11355868350460563,0.026933560047819827,successful,successful,successful
clean_repeat,303,clean_repeat_lib303_seed23,6,6,True,111,0.13370945383385435,0.012569937213946749,successful,successful,successful
clean_repeat,303,clean_repeat_lib303_seed23,6,7,True,102,0.14270756148416175,0.024690492909286016,successful,successful,successful
clean_repeat,303,clean_repeat_lib303_seed23,6,8,True,115,0.15919580518766563,0.02849805291381268,successful,successful,successful
clean_repeat,303,clean_repeat_lib303_seed23,6,9,True,98,0.11864210317918822,0.01669665223155333,successful,successful,successful
clean_repeat,303,clean_repeat_lib303_seed23,6,10,True,102,0.1416999680851383,0.014628880549534025,successful,successful,successful
clean_repeat,303,clean_repeat_lib303_seed23,6,11,True,108,0.1354980477075587,0.011597039711361385,successful,successful,successful
clean_repeat,303,clean_repeat_lib303_seed23,6,12,False,600,0.16567571049757768,0.0369121906574667,lifted_plate_approach_goal_failed,lifted_plate_approach_goal_failed,lifted_plate_approach_goal_failed
clean_repeat,303,clean_repeat_lib303_seed23,6,13,True,92,0.09994446748555985,0.006865682061844406,successful,successful,successful
clean_repeat,303,clean_repeat_lib303_seed23,6,14,True,117,0.12464182494427178,0.0047182891886885184,successful,successful,successful
clean_repeat,303,clean_repeat_lib303_seed23,6,15,False,600,0.16719812661737343,0.04203057569837617,lifted_plate_approach_goal_failed,lifted_plate_approach_goal_failed,lifted_plate_approach_goal_failed
clean_repeat,303,clean_repeat_lib303_seed23,6,16,False,600,0.014666581355866293,0.27850285954842474,no_lift_proxy,no_lift_proxy,no_lift_proxy
clean_repeat,303,clean_repeat_lib303_seed23,6,17,False,600,0.02149644368198944,0.262993892511321,lifted_no_plate_approach,no_lift_proxy,no_lift_proxy
clean_repeat,303,clean_repeat_lib303_seed23,6,18,True,114,0.14592157072109724,0.011246022322527884,successful,successful,successful
clean_repeat,303,clean_repeat_lib303_seed23,6,19,True,101,0.10834270220777809,0.012165023869295993,successful,successful,successful
clean_repeat,303,clean_repeat_lib303_seed23,7,0,True,144,0.1897437106590767,0.008057101790226354,successful,successful,successful
clean_repeat,303,clean_repeat_lib303_seed23,7,1,False,600,6.18396200913196e-09,0.4647343112727681,no_lift_proxy,no_lift_proxy,no_lift_proxy
clean_repeat,303,clean_repeat_lib303_seed23,7,2,False,600,6.183961898109658e-09,0.4659638310412816,no_lift_proxy,no_lift_proxy,no_lift_proxy
clean_repeat,303,clean_repeat_lib303_seed23,7,3,False,600,6.183962120154263e-09,0.449850009207173,no_lift_proxy,no_lift_proxy,no_lift_proxy
clean_repeat,303,clean_repeat_lib303_seed23,7,4,False,600,6.18396200913196e-09,0.45233002993980964,no_lift_proxy,no_lift_proxy,no_lift_proxy
clean_repeat,303,clean_repeat_lib303_seed23,7,5,False,600,6.183961787087355e-09,0.45281474666389376,no_lift_proxy,no_lift_proxy,no_lift_proxy
clean_repeat,303,clean_repeat_lib303_seed23,7,6,False,600,0.02873956427343649,0.45023272032341727,lifted_no_plate_approach,no_lift_proxy,no_lift_proxy
clean_repeat,303,clean_repeat_lib303_seed23,7,7,True,148,0.21275746889346348,0.005848425950694427,successful,successful,successful
clean_repeat,303,clean_repeat_lib303_seed23,7,8,False,600,0.011530855828852493,0.45438253339500756,no_lift_proxy,no_lift_proxy,no_lift_proxy
clean_repeat,303,clean_repeat_lib303_seed23,7,9,False,600,0.020740577413412287,0.4549811302446151,lifted_no_plate_approach,no_lift_proxy,no_lift_proxy
clean_repeat,303,clean_repeat_lib303_seed23,7,10,False,600,0.011462593307648983,0.466309681200527,no_lift_proxy,no_lift_proxy,no_lift_proxy
clean_repeat,303,clean_repeat_lib303_seed23,7,11,False,600,6.18396200913196e-09,0.4884045616807845,no_lift_proxy,no_lift_proxy,no_lift_proxy
clean_repeat,303,clean_repeat_lib303_seed23,7,12,False,600,6.183962120154263e-09,0.45354443038737385,no_lift_proxy,no_lift_proxy,no_lift_proxy
clean_repeat,303,clean_repeat_lib303_seed23,7,13,False,600,6.18396200913196e-09,0.47926230311810875,no_lift_proxy,no_lift_proxy,no_lift_proxy
clean_repeat,303,clean_repeat_lib303_seed23,7,14,False,600,0.23883934859015477,0.05743542757770817,lifted_plate_approach_goal_failed,lifted_plate_approach_goal_failed,lifted_plate_approach_goal_failed
clean_repeat,303,clean_repeat_lib303_seed23,7,15,True,140,0.2203139709120967,0.027977143727552386,successful,successful,successful
clean_repeat,303,clean_repeat_lib303_seed23,7,16,False,600,6.183961787087355e-09,0.4580080923757034,no_lift_proxy,no_lift_proxy,no_lift_proxy
clean_repeat,303,clean_repeat_lib303_seed23,7,17,True,122,0.1778073309633047,0.0032175721964485225,successful,successful,successful
clean_repeat,303,clean_repeat_lib303_seed23,7,18,True,128,0.1758869855322286,0.010206323394276623,successful,successful,successful
clean_repeat,303,clean_repeat_lib303_seed23,7,19,False,600,6.183961787087355e-09,0.43600246208258886,no_lift_proxy,no_lift_proxy,no_lift_proxy
clean_repeat,303,clean_repeat_lib303_seed23,8,0,True,110,0.14064513440430182,0.007945196060289919,successful,successful,successful
clean_repeat,303,clean_repeat_lib303_seed23,8,1,True,96,0.09831498739531608,0.010284167058431617,successful,successful,successful
clean_repeat,303,clean_repeat_lib303_seed23,8,2,True,100,0.11088296560611288,0.01132419284004797,successful,successful,successful
clean_repeat,303,clean_repeat_lib303_seed23,8,3,True,94,0.1402000747696599,0.016899371692823673,successful,successful,successful
clean_repeat,303,clean_repeat_lib303_seed23,8,4,False,600,0.015650688800735058,0.1004677911411244,no_lift_proxy,no_lift_proxy,no_lift_proxy
clean_repeat,303,clean_repeat_lib303_seed23,8,5,True,98,0.1265861960215241,0.012315304466582154,successful,successful,successful
clean_repeat,303,clean_repeat_lib303_seed23,8,6,False,600,0.04193253789780693,0.12440771033710588,lifted_no_plate_approach,lifted_no_plate_approach,no_lift_proxy
clean_repeat,303,clean_repeat_lib303_seed23,8,7,True,169,0.15440012858321994,0.029997827158738208,successful,successful,successful
clean_repeat,303,clean_repeat_lib303_seed23,8,8,True,99,0.13772823043538307,0.029186140520301423,successful,successful,successful
clean_repeat,303,clean_repeat_lib303_seed23,8,9,True,99,0.1232873279587996,0.001141792765671009,successful,successful,successful
clean_repeat,303,clean_repeat_lib303_seed23,8,10,True,95,0.14083657569974117,0.022305008181007335,successful,successful,successful
clean_repeat,303,clean_repeat_lib303_seed23,8,11,True,91,0.12943105657467457,0.009132637806722264,successful,successful,successful
clean_repeat,303,clean_repeat_lib303_seed23,8,12,True,79,0.062385863708485534,0.01871774032052093,successful,successful,successful
clean_repeat,303,clean_repeat_lib303_seed23,8,13,True,149,0.11526417982804915,0.010365155462480142,successful,successful,successful
clean_repeat,303,clean_repeat_lib303_seed23,8,14,True,98,0.10982556710495195,0.0068615085471071995,successful,successful,successful
clean_repeat,303,clean_repeat_lib303_seed23,8,15,True,107,0.09601831746847234,0.01162902500844274,successful,successful,successful
clean_repeat,303,clean_repeat_lib303_seed23,8,16,False,600,0.10493104980672219,0.03729091869633286,lifted_plate_approach_goal_failed,lifted_plate_approach_goal_failed,lifted_plate_approach_goal_failed
clean_repeat,303,clean_repeat_lib303_seed23,8,17,True,98,0.11882061210055417,0.024669698726542715,successful,successful,successful
clean_repeat,303,clean_repeat_lib303_seed23,8,18,True,92,0.12812202822776642,0.003803597330049943,successful,successful,successful
clean_repeat,303,clean_repeat_lib303_seed23,8,19,True,92,0.1089209025605713,0.013589947681167294,successful,successful,successful
clean_repeat,303,clean_repeat_lib303_seed23,9,0,False,600,0.12410329918594298,0.031033154991047435,lifted_no_plate_approach,lifted_no_plate_approach,lifted_no_plate_approach
clean_repeat,303,clean_repeat_lib303_seed23,9,1,True,123,0.14614376956391673,0.015468597853802082,successful,successful,successful
clean_repeat,303,clean_repeat_lib303_seed23,9,2,False,600,0.009667002714143003,0.492304808975149,no_lift_proxy,no_lift_proxy,no_lift_proxy
clean_repeat,303,clean_repeat_lib303_seed23,9,3,True,118,0.15406418121092136,0.016900520063892116,successful,successful,successful
clean_repeat,303,clean_repeat_lib303_seed23,9,4,True,124,0.14070831808378914,0.013273174006306732,successful,successful,successful
clean_repeat,303,clean_repeat_lib303_seed23,9,5,False,600,1.580957587066223e-13,0.48548703999833975,no_lift_proxy,no_lift_proxy,no_lift_proxy
clean_repeat,303,clean_repeat_lib303_seed23,9,6,True,128,0.14786425659392943,0.01350742536590337,successful,successful,successful
clean_repeat,303,clean_repeat_lib303_seed23,9,7,False,600,0.003829408294839798,0.4678348740528348,no_lift_proxy,no_lift_proxy,no_lift_proxy
clean_repeat,303,clean_repeat_lib303_seed23,9,8,True,139,0.14172590007346253,0.028154338751400554,successful,successful,successful
clean_repeat,303,clean_repeat_lib303_seed23,9,9,True,124,0.1381677979166711,0.021966234744945412,successful,successful,successful
clean_repeat,303,clean_repeat_lib303_seed23,9,10,True,119,0.12104514637285946,0.010614236555806521,successful,successful,successful
clean_repeat,303,clean_repeat_lib303_seed23,9,11,True,121,0.14147157847942893,0.023279789172251382,successful,successful,successful
clean_repeat,303,clean_repeat_lib303_seed23,9,12,True,128,0.16055564468900152,0.014774990746607165,successful,successful,successful
clean_repeat,303,clean_repeat_lib303_seed23,9,13,True,121,0.1615057238812545,0.029295915110353,successful,successful,successful
clean_repeat,303,clean_repeat_lib303_seed23,9,14,False,600,0.03742144478029141,0.4932532477566186,lifted_no_plate_approach,lifted_no_plate_approach,no_lift_proxy
clean_repeat,303,clean_repeat_lib303_seed23,9,15,True,112,0.07926033984498182,0.013139842258643227,successful,successful,successful
clean_repeat,303,clean_repeat_lib303_seed23,9,16,False,600,1.580957587066223e-13,0.4837975277560999,no_lift_proxy,no_lift_proxy,no_lift_proxy
clean_repeat,303,clean_repeat_lib303_seed23,9,17,False,600,1.580957587066223e-13,0.460248833209145,no_lift_proxy,no_lift_proxy,no_lift_proxy
clean_repeat,303,clean_repeat_lib303_seed23,9,18,False,600,1.580957587066223e-13,0.4704311936852478,no_lift_proxy,no_lift_proxy,no_lift_proxy
clean_repeat,303,clean_repeat_lib303_seed23,9,19,False,600,0.15898904444100803,0.09958317956672517,lifted_no_plate_approach,lifted_no_plate_approach,lifted_no_plate_approach
gaussian_recovery,101,gaussian_recovery_lib101_seed7,0,0,True,81,0.08926421379294114,0.02176717752434752,successful,successful,successful
gaussian_recovery,101,gaussian_recovery_lib101_seed7,0,1,True,161,0.11546235442011299,0.007980979086793525,successful,successful,successful
gaussian_recovery,101,gaussian_recovery_lib101_seed7,0,2,False,600,0.05445309584520219,0.1682795594799785,lifted_no_plate_approach,lifted_no_plate_approach,lifted_no_plate_approach
gaussian_recovery,101,gaussian_recovery_lib101_seed7,0,3,True,80,0.1014570014229712,0.0019391834998210566,successful,successful,successful
gaussian_recovery,101,gaussian_recovery_lib101_seed7,0,4,True,80,0.09692759162322906,0.0051090472620874796,successful,successful,successful
gaussian_recovery,101,gaussian_recovery_lib101_seed7,0,5,True,72,0.1068669776747393,0.02013077684647749,successful,successful,successful
gaussian_recovery,101,gaussian_recovery_lib101_seed7,0,6,True,75,0.07970622111512005,0.011544486542888597,successful,successful,successful
gaussian_recovery,101,gaussian_recovery_lib101_seed7,0,7,False,600,0.03379039501532877,0.0949206948640103,lifted_no_plate_approach,lifted_no_plate_approach,no_lift_proxy
gaussian_recovery,101,gaussian_recovery_lib101_seed7,0,8,True,79,0.11883117422241951,0.0016485292043723918,successful,successful,successful
gaussian_recovery,101,gaussian_recovery_lib101_seed7,0,9,True,70,0.06945925267527164,0.004392511745654674,successful,successful,successful
gaussian_recovery,101,gaussian_recovery_lib101_seed7,0,10,False,600,0.022585921058239533,0.13235335149474015,lifted_no_plate_approach,no_lift_proxy,no_lift_proxy
gaussian_recovery,101,gaussian_recovery_lib101_seed7,0,11,True,85,0.09960081122542508,0.006618442057934416,successful,successful,successful
gaussian_recovery,101,gaussian_recovery_lib101_seed7,0,12,True,79,0.11024449143012438,0.013177312217777928,successful,successful,successful
gaussian_recovery,101,gaussian_recovery_lib101_seed7,0,13,True,79,0.08629811212532812,0.0017736710435796391,successful,successful,successful
gaussian_recovery,101,gaussian_recovery_lib101_seed7,0,14,True,146,0.04112351139503867,0.02969019107541896,successful,successful,successful
gaussian_recovery,101,gaussian_recovery_lib101_seed7,0,15,True,74,0.11791110369323698,0.001406549047691305,successful,successful,successful
gaussian_recovery,101,gaussian_recovery_lib101_seed7,0,16,True,82,0.10723787126000706,0.007340954754793836,successful,successful,successful
gaussian_recovery,101,gaussian_recovery_lib101_seed7,0,17,True,69,0.08961135456592129,0.0032118500994284356,successful,successful,successful
gaussian_recovery,101,gaussian_recovery_lib101_seed7,0,18,True,90,0.09216711522846244,0.004342051879547599,successful,successful,successful
gaussian_recovery,101,gaussian_recovery_lib101_seed7,0,19,False,600,0.025263985121151467,0.12247104775053205,lifted_no_plate_approach,no_lift_proxy,no_lift_proxy
gaussian_recovery,101,gaussian_recovery_lib101_seed7,1,0,True,125,0.21168164595670413,0.008653397903699487,successful,successful,successful
gaussian_recovery,101,gaussian_recovery_lib101_seed7,1,1,True,115,0.15077910579422782,0.0016982927235429707,successful,successful,successful
gaussian_recovery,101,gaussian_recovery_lib101_seed7,1,2,True,101,0.15689078752805363,0.004276574584531342,successful,successful,successful
gaussian_recovery,101,gaussian_recovery_lib101_seed7,1,3,True,104,0.1780695217546282,0.013601009894332236,successful,successful,successful
gaussian_recovery,101,gaussian_recovery_lib101_seed7,1,4,True,112,0.1508410706750274,0.02923764290536843,successful,successful,successful
gaussian_recovery,101,gaussian_recovery_lib101_seed7,1,5,True,106,0.1494962061710432,0.0021426635546881747,successful,successful,successful
gaussian_recovery,101,gaussian_recovery_lib101_seed7,1,6,False,600,0.1619615699490804,0.10533369018282189,lifted_no_plate_approach,lifted_no_plate_approach,lifted_no_plate_approach
gaussian_recovery,101,gaussian_recovery_lib101_seed7,1,7,True,119,0.18233918214453948,0.014400136817914832,successful,successful,successful
gaussian_recovery,101,gaussian_recovery_lib101_seed7,1,8,True,104,0.15419751130658788,0.010043474779005789,successful,successful,successful
gaussian_recovery,101,gaussian_recovery_lib101_seed7,1,9,True,112,0.15717652343775979,0.0030963038650022334,successful,successful,successful
gaussian_recovery,101,gaussian_recovery_lib101_seed7,1,10,True,110,0.16771197523625858,0.009802755036188736,successful,successful,successful
gaussian_recovery,101,gaussian_recovery_lib101_seed7,1,11,True,116,0.18982146147581846,0.006512736332971804,successful,successful,successful
gaussian_recovery,101,gaussian_recovery_lib101_seed7,1,12,True,107,0.1522988480114047,0.02901274281862458,successful,successful,successful
gaussian_recovery,101,gaussian_recovery_lib101_seed7,1,13,True,113,0.16834947838614966,0.0018614477896250333,successful,successful,successful
gaussian_recovery,101,gaussian_recovery_lib101_seed7,1,14,True,108,0.13757168583200108,0.009285142522188365,successful,successful,successful
gaussian_recovery,101,gaussian_recovery_lib101_seed7,1,15,True,105,0.16181284459623413,0.010188287384196533,successful,successful,successful
gaussian_recovery,101,gaussian_recovery_lib101_seed7,1,16,True,108,0.14757755413602225,0.016162908497405808,successful,successful,successful
gaussian_recovery,101,gaussian_recovery_lib101_seed7,1,17,True,97,0.1339592001813359,0.0035159466204135294,successful,successful,successful
gaussian_recovery,101,gaussian_recovery_lib101_seed7,1,18,True,109,0.18352173055950138,0.006041556952577761,successful,successful,successful
gaussian_recovery,101,gaussian_recovery_lib101_seed7,1,19,True,110,0.1322255321779795,0.01402560377475912,successful,successful,successful
gaussian_recovery,101,gaussian_recovery_lib101_seed7,2,0,False,600,0.021030538578316382,0.23620196124972292,lifted_no_plate_approach,no_lift_proxy,no_lift_proxy
gaussian_recovery,101,gaussian_recovery_lib101_seed7,2,1,True,101,0.1220935918515147,0.002554304846858253,successful,successful,successful
gaussian_recovery,101,gaussian_recovery_lib101_seed7,2,2,False,600,0.12494157103314518,0.13323421708450536,lifted_no_plate_approach,lifted_no_plate_approach,lifted_no_plate_approach
gaussian_recovery,101,gaussian_recovery_lib101_seed7,2,3,False,600,0.010450078077254954,0.2288891924084001,no_lift_proxy,no_lift_proxy,no_lift_proxy
gaussian_recovery,101,gaussian_recovery_lib101_seed7,2,4,True,100,0.13812690413339168,0.003385004473815137,successful,successful,successful
gaussian_recovery,101,gaussian_recovery_lib101_seed7,2,5,True,92,0.14138713293215255,0.013966144490476645,successful,successful,successful
gaussian_recovery,101,gaussian_recovery_lib101_seed7,2,6,True,91,0.11961030364115999,0.00900310922904013,successful,successful,successful
gaussian_recovery,101,gaussian_recovery_lib101_seed7,2,7,True,94,0.1527508933648989,0.006330041648487256,successful,successful,successful
gaussian_recovery,101,gaussian_recovery_lib101_seed7,2,8,True,112,0.11303866018020092,0.011717228448304392,successful,successful,successful
gaussian_recovery,101,gaussian_recovery_lib101_seed7,2,9,True,97,0.1382030709464923,0.0037388250013226858,successful,successful,successful
gaussian_recovery,101,gaussian_recovery_lib101_seed7,2,10,True,105,0.11567200602312688,0.0020568387359928674,successful,successful,successful
gaussian_recovery,101,gaussian_recovery_lib101_seed7,2,11,True,101,0.14661448399962262,0.0011988301531884811,successful,successful,successful
gaussian_recovery,101,gaussian_recovery_lib101_seed7,2,12,True,90,0.13449164675572667,0.010529161407792996,successful,successful,successful
gaussian_recovery,101,gaussian_recovery_lib101_seed7,2,13,True,96,0.13428760531048978,0.012197908205718077,successful,successful,successful
gaussian_recovery,101,gaussian_recovery_lib101_seed7,2,14,True,172,0.12934294145233904,0.018066131427074295,successful,successful,successful
gaussian_recovery,101,gaussian_recovery_lib101_seed7,2,15,True,101,0.16508946880783903,0.013687064119863313,successful,successful,successful
gaussian_recovery,101,gaussian_recovery_lib101_seed7,2,16,True,95,0.12062160312371972,0.00548347822814679,successful,successful,successful
gaussian_recovery,101,gaussian_recovery_lib101_seed7,2,17,True,94,0.1341424525957735,0.004967393970014409,successful,successful,successful
gaussian_recovery,101,gaussian_recovery_lib101_seed7,2,18,True,109,0.13892734153192499,0.01978602398875845,successful,successful,successful
gaussian_recovery,101,gaussian_recovery_lib101_seed7,2,19,True,101,0.1501936362936338,0.006079455034569056,successful,successful,successful
gaussian_recovery,101,gaussian_recovery_lib101_seed7,3,0,True,86,0.10388731680763197,0.004234718120329566,successful,successful,successful
gaussian_recovery,101,gaussian_recovery_lib101_seed7,3,1,True,85,0.08265210032795833,0.003195147567017354,successful,successful,successful
gaussian_recovery,101,gaussian_recovery_lib101_seed7,3,2,False,600,2.3705666696294259e-07,0.17013905860715486,no_lift_proxy,no_lift_proxy,no_lift_proxy
gaussian_recovery,101,gaussian_recovery_lib101_seed7,3,3,True,84,0.12138023721330493,0.014695572170167686,successful,successful,successful
gaussian_recovery,101,gaussian_recovery_lib101_seed7,3,4,True,84,0.1096316974687358,0.013494696237837105,successful,successful,successful
gaussian_recovery,101,gaussian_recovery_lib101_seed7,3,5,True,87,0.1141014473546268,0.009508371832882837,successful,successful,successful
gaussian_recovery,101,gaussian_recovery_lib101_seed7,3,6,True,97,0.12226275597999281,0.008831571786784728,successful,successful,successful
gaussian_recovery,101,gaussian_recovery_lib101_seed7,3,7,True,87,0.1007891929815703,0.018195449350877232,successful,successful,successful
gaussian_recovery,101,gaussian_recovery_lib101_seed7,3,8,True,93,0.11037982869519425,0.02242876691195255,successful,successful,successful
gaussian_recovery,101,gaussian_recovery_lib101_seed7,3,9,True,92,0.12071643559992373,0.01822761231067052,successful,successful,successful
gaussian_recovery,101,gaussian_recovery_lib101_seed7,3,10,False,600,2.3705667517859297e-07,0.17468653041186938,no_lift_proxy,no_lift_proxy,no_lift_proxy
gaussian_recovery,101,gaussian_recovery_lib101_seed7,3,11,True,89,0.11548650674223382,0.011089882255587309,successful,successful,successful
gaussian_recovery,101,gaussian_recovery_lib101_seed7,3,12,True,237,0.12426796703573995,0.026135494368059353,successful,successful,successful
gaussian_recovery,101,gaussian_recovery_lib101_seed7,3,13,True,148,0.10276171196834605,0.0102883397627137,successful,successful,successful
gaussian_recovery,101,gaussian_recovery_lib101_seed7,3,14,True,85,0.11568317833646236,0.02034096933622346,successful,successful,successful
gaussian_recovery,101,gaussian_recovery_lib101_seed7,3,15,True,84,0.12123987607882014,0.02374497433501389,successful,successful,successful
gaussian_recovery,101,gaussian_recovery_lib101_seed7,3,16,True,82,0.10826141222706187,0.013325061814999232,successful,successful,successful
gaussian_recovery,101,gaussian_recovery_lib101_seed7,3,17,True,85,0.12828632450848754,0.018061454311806044,successful,successful,successful
gaussian_recovery,101,gaussian_recovery_lib101_seed7,3,18,True,98,0.11689467661552189,0.008011800945894458,successful,successful,successful
gaussian_recovery,101,gaussian_recovery_lib101_seed7,3,19,False,600,2.3705666152284977e-07,0.16390654554071804,no_lift_proxy,no_lift_proxy,no_lift_proxy
gaussian_recovery,101,gaussian_recovery_lib101_seed7,4,0,True,130,0.11129658292703848,0.014207763995829311,successful,successful,successful
gaussian_recovery,101,gaussian_recovery_lib101_seed7,4,1,False,600,0.01129050012526922,0.3195082084873146,no_lift_proxy,no_lift_proxy,no_lift_proxy
gaussian_recovery,101,gaussian_recovery_lib101_seed7,4,2,True,147,0.15577109466455807,0.02952702918995457,successful,successful,successful
gaussian_recovery,101,gaussian_recovery_lib101_seed7,4,3,True,134,0.14215140479965127,0.014524394856995228,successful,successful,successful
gaussian_recovery,101,gaussian_recovery_lib101_seed7,4,4,True,142,0.18966318871238097,0.027881812169249988,successful,successful,successful
gaussian_recovery,101,gaussian_recovery_lib101_seed7,4,5,False,600,6.66862121079248e-11,0.3515208459878282,no_lift_proxy,no_lift_proxy,no_lift_proxy
gaussian_recovery,101,gaussian_recovery_lib101_seed7,4,6,True,134,0.15455562067587225,0.006774558683824357,successful,successful,successful
gaussian_recovery,101,gaussian_recovery_lib101_seed7,4,7,True,123,0.15669135997986938,0.007239918017426466,successful,successful,successful
gaussian_recovery,101,gaussian_recovery_lib101_seed7,4,8,True,128,0.16173397773350406,0.022876484760669304,successful,successful,successful
gaussian_recovery,101,gaussian_recovery_lib101_seed7,4,9,True,126,0.1437726548257492,0.012102305125697686,successful,successful,successful
gaussian_recovery,101,gaussian_recovery_lib101_seed7,4,10,True,131,0.15156920694876552,0.008203786401578983,successful,successful,successful
gaussian_recovery,101,gaussian_recovery_lib101_seed7,4,11,False,600,5.217452914152432e-09,0.3339249960307514,no_lift_proxy,no_lift_proxy,no_lift_proxy
gaussian_recovery,101,gaussian_recovery_lib101_seed7,4,12,True,131,0.14600388968881117,0.0064579733388950055,successful,successful,successful
gaussian_recovery,101,gaussian_recovery_lib101_seed7,4,13,False,600,0.02266540830104935,0.3492036632746005,lifted_no_plate_approach,no_lift_proxy,no_lift_proxy
gaussian_recovery,101,gaussian_recovery_lib101_seed7,4,14,True,117,0.11526499649083788,0.015130476565944562,successful,successful,successful
gaussian_recovery,101,gaussian_recovery_lib101_seed7,4,15,False,600,9.211383851459587e-06,0.32606945759861705,no_lift_proxy,no_lift_proxy,no_lift_proxy
gaussian_recovery,101,gaussian_recovery_lib101_seed7,4,16,True,128,0.1110346744841364,0.004561499277486976,successful,successful,successful
gaussian_recovery,101,gaussian_recovery_lib101_seed7,4,17,False,600,5.661784374666468e-10,0.3371649754582826,no_lift_proxy,no_lift_proxy,no_lift_proxy
gaussian_recovery,101,gaussian_recovery_lib101_seed7,4,18,False,600,3.573363827058529e-11,0.34701113908273057,no_lift_proxy,no_lift_proxy,no_lift_proxy
gaussian_recovery,101,gaussian_recovery_lib101_seed7,4,19,False,600,0.012709378217121703,0.33968080212645857,no_lift_proxy,no_lift_proxy,no_lift_proxy
gaussian_recovery,101,gaussian_recovery_lib101_seed7,5,0,True,91,0.13144173379707247,0.0039399699564759815,successful,successful,successful
gaussian_recovery,101,gaussian_recovery_lib101_seed7,5,1,True,89,0.1392064119383548,0.008960193486498357,successful,successful,successful
gaussian_recovery,101,gaussian_recovery_lib101_seed7,5,2,False,600,0.09449341003921541,0.16473991261646817,lifted_no_plate_approach,lifted_no_plate_approach,lifted_no_plate_approach
gaussian_recovery,101,gaussian_recovery_lib101_seed7,5,3,True,91,0.14826789503370097,0.009225840735069797,successful,successful,successful
gaussian_recovery,101,gaussian_recovery_lib101_seed7,5,4,True,103,0.08906324997221526,0.010762591445122632,successful,successful,successful
gaussian_recovery,101,gaussian_recovery_lib101_seed7,5,5,False,600,0.02119375782528654,0.27381740151910844,lifted_no_plate_approach,no_lift_proxy,no_lift_proxy
gaussian_recovery,101,gaussian_recovery_lib101_seed7,5,6,False,600,0.10744728563431494,0.03130613396765421,lifted_plate_approach_goal_failed,lifted_plate_approach_goal_failed,lifted_plate_approach_goal_failed
gaussian_recovery,101,gaussian_recovery_lib101_seed7,5,7,False,600,0.002573733749058227,0.26933404495411173,no_lift_proxy,no_lift_proxy,no_lift_proxy
gaussian_recovery,101,gaussian_recovery_lib101_seed7,5,8,False,600,0.08426713139526865,0.053934930127020525,lifted_plate_approach_goal_failed,lifted_plate_approach_goal_failed,lifted_plate_approach_goal_failed
gaussian_recovery,101,gaussian_recovery_lib101_seed7,5,9,True,90,0.13593664945513262,0.007650818726424619,successful,successful,successful
gaussian_recovery,101,gaussian_recovery_lib101_seed7,5,10,True,113,0.12646869153943607,0.00485017049760602,successful,successful,successful
gaussian_recovery,101,gaussian_recovery_lib101_seed7,5,11,False,600,0.1421944506031403,0.015043997389032535,lifted_plate_approach_goal_failed,lifted_plate_approach_goal_failed,lifted_plate_approach_goal_failed
gaussian_recovery,101,gaussian_recovery_lib101_seed7,5,12,True,85,0.14691923465256707,0.0020435216415647167,successful,successful,successful
gaussian_recovery,101,gaussian_recovery_lib101_seed7,5,13,False,600,0.03423730405899694,0.25285166563610506,lifted_no_plate_approach,lifted_no_plate_approach,no_lift_proxy
gaussian_recovery,101,gaussian_recovery_lib101_seed7,5,14,True,89,0.11742680609390099,0.008403637046288208,successful,successful,successful
gaussian_recovery,101,gaussian_recovery_lib101_seed7,5,15,False,600,0.020413796444538446,0.2996356636665706,lifted_no_plate_approach,no_lift_proxy,no_lift_proxy
gaussian_recovery,101,gaussian_recovery_lib101_seed7,5,16,True,108,0.15277466135456264,0.010722387081353413,successful,successful,successful
gaussian_recovery,101,gaussian_recovery_lib101_seed7,5,17,True,103,0.12162031521945205,0.0032160379482228793,successful,successful,successful
gaussian_recovery,101,gaussian_recovery_lib101_seed7,5,18,False,600,0.05609615146519831,0.10697894282204772,lifted_no_plate_approach,lifted_no_plate_approach,lifted_no_plate_approach
gaussian_recovery,101,gaussian_recovery_lib101_seed7,5,19,False,600,0.019125242895784433,0.28801467203306125,no_lift_proxy,no_lift_proxy,no_lift_proxy
gaussian_recovery,101,gaussian_recovery_lib101_seed7,6,0,True,109,0.13402875571165418,0.013594540445165972,successful,successful,successful
gaussian_recovery,101,gaussian_recovery_lib101_seed7,6,1,True,107,0.16737244663367412,0.008913599458594773,successful,successful,successful
gaussian_recovery,101,gaussian_recovery_lib101_seed7,6,2,True,287,0.12231510404090273,0.0003533508732757787,successful,successful,successful
gaussian_recovery,101,gaussian_recovery_lib101_seed7,6,3,True,94,0.12069408164013273,0.02844907838757894,successful,successful,successful
gaussian_recovery,101,gaussian_recovery_lib101_seed7,6,4,True,117,0.14580713274867407,0.01160163767005736,successful,successful,successful
gaussian_recovery,101,gaussian_recovery_lib101_seed7,6,5,True,110,0.13035273963864547,0.012412367444826678,successful,successful,successful
gaussian_recovery,101,gaussian_recovery_lib101_seed7,6,6,True,108,0.1129774625050437,0.011134028911435256,successful,successful,successful
gaussian_recovery,101,gaussian_recovery_lib101_seed7,6,7,False,600,0.0011498039988203645,0.27156573063916994,no_lift_proxy,no_lift_proxy,no_lift_proxy
gaussian_recovery,101,gaussian_recovery_lib101_seed7,6,8,True,112,0.1683316393748111,0.02849769100785745,successful,successful,successful
gaussian_recovery,101,gaussian_recovery_lib101_seed7,6,9,False,600,0.005221069816783497,0.2742770483621961,no_lift_proxy,no_lift_proxy,no_lift_proxy
gaussian_recovery,101,gaussian_recovery_lib101_seed7,6,10,True,125,0.1520074814920367,0.01890496266861024,successful,successful,successful
gaussian_recovery,101,gaussian_recovery_lib101_seed7,6,11,True,103,0.12851814401225137,0.028421409177346323,successful,successful,successful
gaussian_recovery,101,gaussian_recovery_lib101_seed7,6,12,True,102,0.12807876666536355,0.02163202088559504,successful,successful,successful
gaussian_recovery,101,gaussian_recovery_lib101_seed7,6,13,True,101,0.139274562054855,0.0038452680163698315,successful,successful,successful
gaussian_recovery,101,gaussian_recovery_lib101_seed7,6,14,True,112,0.14808430031233244,0.022085134413444753,successful,successful,successful
gaussian_recovery,101,gaussian_recovery_lib101_seed7,6,15,False,600,0.005407615499551599,0.27818387108357734,no_lift_proxy,no_lift_proxy,no_lift_proxy
gaussian_recovery,101,gaussian_recovery_lib101_seed7,6,16,False,600,0.008803245927638925,0.27850285954842474,no_lift_proxy,no_lift_proxy,no_lift_proxy
gaussian_recovery,101,gaussian_recovery_lib101_seed7,6,17,False,600,2.6450475154593533e-07,0.26042218768807307,no_lift_proxy,no_lift_proxy,no_lift_proxy
gaussian_recovery,101,gaussian_recovery_lib101_seed7,6,18,False,600,0.11414464333457297,0.03310950551210036,lifted_plate_approach_goal_failed,lifted_plate_approach_goal_failed,lifted_plate_approach_goal_failed
gaussian_recovery,101,gaussian_recovery_lib101_seed7,6,19,True,106,0.115545492639477,0.004883851768893352,successful,successful,successful
gaussian_recovery,101,gaussian_recovery_lib101_seed7,7,0,False,600,6.18396200913196e-09,0.4658303017589223,no_lift_proxy,no_lift_proxy,no_lift_proxy
gaussian_recovery,101,gaussian_recovery_lib101_seed7,7,1,False,600,6.18396200913196e-09,0.4647343112727681,no_lift_proxy,no_lift_proxy,no_lift_proxy
gaussian_recovery,101,gaussian_recovery_lib101_seed7,7,2,False,600,0.006230455352052133,0.4659638310412816,no_lift_proxy,no_lift_proxy,no_lift_proxy
gaussian_recovery,101,gaussian_recovery_lib101_seed7,7,3,False,600,0.02708029801965406,0.46521280079266325,lifted_no_plate_approach,no_lift_proxy,no_lift_proxy
gaussian_recovery,101,gaussian_recovery_lib101_seed7,7,4,False,600,6.183961898109658e-09,0.45233002993980964,no_lift_proxy,no_lift_proxy,no_lift_proxy
gaussian_recovery,101,gaussian_recovery_lib101_seed7,7,5,False,600,6.183961787087355e-09,0.4557062660990225,no_lift_proxy,no_lift_proxy,no_lift_proxy
gaussian_recovery,101,gaussian_recovery_lib101_seed7,7,6,False,600,6.183961898109658e-09,0.4604952413892437,no_lift_proxy,no_lift_proxy,no_lift_proxy
gaussian_recovery,101,gaussian_recovery_lib101_seed7,7,7,True,166,0.18409113281615408,0.01771766790716604,successful,successful,successful
gaussian_recovery,101,gaussian_recovery_lib101_seed7,7,8,False,600,0.04269301073585752,0.45582060688548154,lifted_no_plate_approach,lifted_no_plate_approach,no_lift_proxy
gaussian_recovery,101,gaussian_recovery_lib101_seed7,7,9,True,145,0.1665547752058728,0.018040240888959298,successful,successful,successful
gaussian_recovery,101,gaussian_recovery_lib101_seed7,7,10,False,600,0.018609536168499807,0.4663284800501838,no_lift_proxy,no_lift_proxy,no_lift_proxy
gaussian_recovery,101,gaussian_recovery_lib101_seed7,7,11,False,600,0.025373459808369803,0.48889856385783415,lifted_no_plate_approach,no_lift_proxy,no_lift_proxy
gaussian_recovery,101,gaussian_recovery_lib101_seed7,7,12,False,600,6.18396200913196e-09,0.45354443038737385,no_lift_proxy,no_lift_proxy,no_lift_proxy
gaussian_recovery,101,gaussian_recovery_lib101_seed7,7,13,False,600,6.18396200913196e-09,0.47926230311810875,no_lift_proxy,no_lift_proxy,no_lift_proxy
gaussian_recovery,101,gaussian_recovery_lib101_seed7,7,14,False,600,0.0034956212392792674,0.44523712506659746,no_lift_proxy,no_lift_proxy,no_lift_proxy
gaussian_recovery,101,gaussian_recovery_lib101_seed7,7,15,False,600,0.009909026970932544,0.4825586409740208,no_lift_proxy,no_lift_proxy,no_lift_proxy
gaussian_recovery,101,gaussian_recovery_lib101_seed7,7,16,False,600,6.183961787087355e-09,0.4595610117304313,no_lift_proxy,no_lift_proxy,no_lift_proxy
gaussian_recovery,101,gaussian_recovery_lib101_seed7,7,17,True,115,0.20248393616963323,0.02398556440457293,successful,successful,successful
gaussian_recovery,101,gaussian_recovery_lib101_seed7,7,18,False,600,0.02272458753999007,0.4529915834848872,lifted_no_plate_approach,no_lift_proxy,no_lift_proxy
gaussian_recovery,101,gaussian_recovery_lib101_seed7,7,19,False,600,6.183961787087355e-09,0.44717054035897563,no_lift_proxy,no_lift_proxy,no_lift_proxy
gaussian_recovery,101,gaussian_recovery_lib101_seed7,8,0,True,95,0.10897208490320298,0.007415394689728545,successful,successful,successful
gaussian_recovery,101,gaussian_recovery_lib101_seed7,8,1,True,91,0.09750195128623862,0.015524307188571123,successful,successful,successful
gaussian_recovery,101,gaussian_recovery_lib101_seed7,8,2,True,107,0.12377427909215688,0.01726564389119759,successful,successful,successful
gaussian_recovery,101,gaussian_recovery_lib101_seed7,8,3,True,105,0.11149622167469753,0.0038148134925742876,successful,successful,successful
gaussian_recovery,101,gaussian_recovery_lib101_seed7,8,4,True,97,0.11891445070505313,0.004295743946437316,successful,successful,successful
gaussian_recovery,101,gaussian_recovery_lib101_seed7,8,5,True,104,0.13216920630220186,0.0018616229875986013,successful,successful,successful
gaussian_recovery,101,gaussian_recovery_lib101_seed7,8,6,True,111,0.1085360163029232,0.028289621704156963,successful,successful,successful
gaussian_recovery,101,gaussian_recovery_lib101_seed7,8,7,True,88,0.12184356450158607,0.02688858357724589,successful,successful,successful
gaussian_recovery,101,gaussian_recovery_lib101_seed7,8,8,True,96,0.12967893472155279,0.022755014905386308,successful,successful,successful
gaussian_recovery,101,gaussian_recovery_lib101_seed7,8,9,True,89,0.10325390683410984,0.01846039093714719,successful,successful,successful
gaussian_recovery,101,gaussian_recovery_lib101_seed7,8,10,False,600,0.040278484125302105,0.12385740250172456,lifted_no_plate_approach,lifted_no_plate_approach,no_lift_proxy
gaussian_recovery,101,gaussian_recovery_lib101_seed7,8,11,True,98,0.11873907199540445,0.027055658060205285,successful,successful,successful
gaussian_recovery,101,gaussian_recovery_lib101_seed7,8,12,True,92,0.10509292648500557,0.005036806752289644,successful,successful,successful
gaussian_recovery,101,gaussian_recovery_lib101_seed7,8,13,True,98,0.12487102561588515,0.007307474940904506,successful,successful,successful
gaussian_recovery,101,gaussian_recovery_lib101_seed7,8,14,True,126,0.11999610546183548,0.009510232209524076,successful,successful,successful
gaussian_recovery,101,gaussian_recovery_lib101_seed7,8,15,True,84,0.12749165334774226,0.015755428122164176,successful,successful,successful
gaussian_recovery,101,gaussian_recovery_lib101_seed7,8,16,True,100,0.1313132238576633,0.012788833177925707,successful,successful,successful
gaussian_recovery,101,gaussian_recovery_lib101_seed7,8,17,True,99,0.12139791273566347,0.01892691881140362,successful,successful,successful
gaussian_recovery,101,gaussian_recovery_lib101_seed7,8,18,True,89,0.10697969915946803,0.0073762052563791855,successful,successful,successful
gaussian_recovery,101,gaussian_recovery_lib101_seed7,8,19,False,600,0.006798142890125147,0.12378773735401735,no_lift_proxy,no_lift_proxy,no_lift_proxy
gaussian_recovery,101,gaussian_recovery_lib101_seed7,9,0,True,114,0.13279656225303205,0.020071962904223535,successful,successful,successful
gaussian_recovery,101,gaussian_recovery_lib101_seed7,9,1,True,123,0.1397068774396928,0.026422661197197134,successful,successful,successful
gaussian_recovery,101,gaussian_recovery_lib101_seed7,9,2,False,600,0.0005833978097116166,0.4964486782819241,no_lift_proxy,no_lift_proxy,no_lift_proxy
gaussian_recovery,101,gaussian_recovery_lib101_seed7,9,3,False,600,1.580957587066223e-13,0.498937487727459,no_lift_proxy,no_lift_proxy,no_lift_proxy
gaussian_recovery,101,gaussian_recovery_lib101_seed7,9,4,False,600,0.007340269824006818,0.44176671604892587,no_lift_proxy,no_lift_proxy,no_lift_proxy
gaussian_recovery,101,gaussian_recovery_lib101_seed7,9,5,True,122,0.17002286024409052,0.012417591882126044,successful,successful,successful
gaussian_recovery,101,gaussian_recovery_lib101_seed7,9,6,False,600,3.954391040217331e-05,0.4974903072787948,no_lift_proxy,no_lift_proxy,no_lift_proxy
gaussian_recovery,101,gaussian_recovery_lib101_seed7,9,7,False,600,0.012848477870809782,0.45106099289569646,no_lift_proxy,no_lift_proxy,no_lift_proxy
gaussian_recovery,101,gaussian_recovery_lib101_seed7,9,8,True,131,0.12132535350769391,0.014487181996368156,successful,successful,successful
gaussian_recovery,101,gaussian_recovery_lib101_seed7,9,9,False,600,0.0056037512587994165,0.5054302313296876,no_lift_proxy,no_lift_proxy,no_lift_proxy
gaussian_recovery,101,gaussian_recovery_lib101_seed7,9,10,False,600,0.0199451535078099,0.4516331789515125,no_lift_proxy,no_lift_proxy,no_lift_proxy
gaussian_recovery,101,gaussian_recovery_lib101_seed7,9,11,False,600,0.02246784314255068,0.4808890298240483,lifted_no_plate_approach,no_lift_proxy,no_lift_proxy
gaussian_recovery,101,gaussian_recovery_lib101_seed7,9,12,False,600,0.006930138976103839,0.46203935683134534,no_lift_proxy,no_lift_proxy,no_lift_proxy
gaussian_recovery,101,gaussian_recovery_lib101_seed7,9,13,False,600,0.00208110287149621,0.4914818139535783,no_lift_proxy,no_lift_proxy,no_lift_proxy
gaussian_recovery,101,gaussian_recovery_lib101_seed7,9,14,True,112,0.11755236707656591,0.007195699796224508,successful,successful,successful
gaussian_recovery,101,gaussian_recovery_lib101_seed7,9,15,False,600,0.004313130090002115,0.4757329014325875,no_lift_proxy,no_lift_proxy,no_lift_proxy
gaussian_recovery,101,gaussian_recovery_lib101_seed7,9,16,True,146,0.11561156478230217,0.027159163885176335,successful,successful,successful
gaussian_recovery,101,gaussian_recovery_lib101_seed7,9,17,False,600,0.022298508759509783,0.021561591455583923,lifted_no_plate_approach,no_lift_proxy,no_lift_proxy
gaussian_recovery,101,gaussian_recovery_lib101_seed7,9,18,False,600,0.0006661411241442039,0.4704311936852478,no_lift_proxy,no_lift_proxy,no_lift_proxy
gaussian_recovery,101,gaussian_recovery_lib101_seed7,9,19,True,122,0.15234801458035063,0.009921681542121412,successful,successful,successful
gaussian_recovery,202,gaussian_recovery_lib202_seed11,0,0,True,70,0.09807587735731282,0.005809144517132985,successful,successful,successful
gaussian_recovery,202,gaussian_recovery_lib202_seed11,0,1,True,311,0.10959592286148778,0.0061071371081239945,successful,successful,successful
gaussian_recovery,202,gaussian_recovery_lib202_seed11,0,2,False,600,0.027723895170738144,0.16264903752492077,lifted_no_plate_approach,no_lift_proxy,no_lift_proxy
gaussian_recovery,202,gaussian_recovery_lib202_seed11,0,3,True,73,0.08295031378450912,0.0012374703369017986,successful,successful,successful
gaussian_recovery,202,gaussian_recovery_lib202_seed11,0,4,True,70,0.08714895959054425,0.019056159146293793,successful,successful,successful
gaussian_recovery,202,gaussian_recovery_lib202_seed11,0,5,False,600,0.00661100717757479,0.11192774461844486,no_lift_proxy,no_lift_proxy,no_lift_proxy
gaussian_recovery,202,gaussian_recovery_lib202_seed11,0,6,False,600,0.019276831054094945,0.11379332246626482,no_lift_proxy,no_lift_proxy,no_lift_proxy
gaussian_recovery,202,gaussian_recovery_lib202_seed11,0,7,False,600,0.00967224360123975,0.11784861658834385,no_lift_proxy,no_lift_proxy,no_lift_proxy
gaussian_recovery,202,gaussian_recovery_lib202_seed11,0,8,True,86,0.04598970529901936,0.029841299086921732,successful,successful,successful
gaussian_recovery,202,gaussian_recovery_lib202_seed11,0,9,True,74,0.09571472714336193,0.012352164422269085,successful,successful,successful
gaussian_recovery,202,gaussian_recovery_lib202_seed11,0,10,True,72,0.09001819339505501,0.010318392723796099,successful,successful,successful
gaussian_recovery,202,gaussian_recovery_lib202_seed11,0,11,True,71,0.09746374686857362,0.00465219179906446,successful,successful,successful
gaussian_recovery,202,gaussian_recovery_lib202_seed11,0,12,True,77,0.1149720252682922,0.001140401765283861,successful,successful,successful
gaussian_recovery,202,gaussian_recovery_lib202_seed11,0,13,True,83,0.12961481688469179,0.006747997468003707,successful,successful,successful
gaussian_recovery,202,gaussian_recovery_lib202_seed11,0,14,False,600,0.0035875329282597512,0.12908818892695453,no_lift_proxy,no_lift_proxy,no_lift_proxy
gaussian_recovery,202,gaussian_recovery_lib202_seed11,0,15,False,600,0.005331761645315236,0.1122530953360627,no_lift_proxy,no_lift_proxy,no_lift_proxy
gaussian_recovery,202,gaussian_recovery_lib202_seed11,0,16,True,76,0.08618758964546047,0.009112490752776559,successful,successful,successful
gaussian_recovery,202,gaussian_recovery_lib202_seed11,0,17,True,76,0.09826367617617715,0.008783899033837946,successful,successful,successful
gaussian_recovery,202,gaussian_recovery_lib202_seed11,0,18,True,210,0.13135870355983348,0.0024781271783710034,successful,successful,successful
gaussian_recovery,202,gaussian_recovery_lib202_seed11,0,19,True,77,0.11102557497389476,0.013091200837855616,successful,successful,successful
gaussian_recovery,202,gaussian_recovery_lib202_seed11,1,0,True,125,0.15892819470181396,0.026518388990458806,successful,successful,successful
gaussian_recovery,202,gaussian_recovery_lib202_seed11,1,1,True,170,0.13369827360989572,0.018179487156498544,successful,successful,successful
gaussian_recovery,202,gaussian_recovery_lib202_seed11,1,2,True,104,0.14654980256251937,0.006395949649789092,successful,successful,successful
gaussian_recovery,202,gaussian_recovery_lib202_seed11,1,3,True,109,0.17474674967583748,0.014768472193640674,successful,successful,successful
gaussian_recovery,202,gaussian_recovery_lib202_seed11,1,4,False,600,0.17762254246138331,0.03976622212337664,lifted_plate_approach_goal_failed,lifted_plate_approach_goal_failed,lifted_plate_approach_goal_failed
gaussian_recovery,202,gaussian_recovery_lib202_seed11,1,5,True,102,0.14411491992544456,0.005250733395481159,successful,successful,successful
gaussian_recovery,202,gaussian_recovery_lib202_seed11,1,6,True,110,0.16200040679915784,0.008169496789537233,successful,successful,successful
gaussian_recovery,202,gaussian_recovery_lib202_seed11,1,7,False,600,0.007816579944028845,0.28912751709986556,no_lift_proxy,no_lift_proxy,no_lift_proxy
gaussian_recovery,202,gaussian_recovery_lib202_seed11,1,8,True,96,0.1344372586554905,0.01194032553938309,successful,successful,successful
gaussian_recovery,202,gaussian_recovery_lib202_seed11,1,9,True,108,0.1639465146814938,0.005975536439001899,successful,successful,successful
gaussian_recovery,202,gaussian_recovery_lib202_seed11,1,10,True,111,0.17040325592450545,0.002925053747045508,successful,successful,successful
gaussian_recovery,202,gaussian_recovery_lib202_seed11,1,11,True,123,0.1856605235582891,0.018912612541602578,successful,successful,successful
gaussian_recovery,202,gaussian_recovery_lib202_seed11,1,12,True,105,0.16725392621847135,0.005382922610805445,successful,successful,successful
gaussian_recovery,202,gaussian_recovery_lib202_seed11,1,13,True,108,0.1335429915193891,0.00903049988771726,successful,successful,successful
gaussian_recovery,202,gaussian_recovery_lib202_seed11,1,14,True,102,0.13233108213646116,0.007527960645556626,successful,successful,successful
gaussian_recovery,202,gaussian_recovery_lib202_seed11,1,15,True,112,0.16632092980524193,0.002880958886456365,successful,successful,successful
gaussian_recovery,202,gaussian_recovery_lib202_seed11,1,16,True,107,0.1643283215423521,0.012275070838332004,successful,successful,successful
gaussian_recovery,202,gaussian_recovery_lib202_seed11,1,17,True,141,0.17381610051050522,0.014754595318588259,successful,successful,successful
gaussian_recovery,202,gaussian_recovery_lib202_seed11,1,18,True,175,0.181942223460414,0.025369251102781456,successful,successful,successful
gaussian_recovery,202,gaussian_recovery_lib202_seed11,1,19,True,106,0.16360857484063285,0.0029602997409371888,successful,successful,successful
gaussian_recovery,202,gaussian_recovery_lib202_seed11,2,0,True,109,0.1623129027758723,0.008656054205870433,successful,successful,successful
gaussian_recovery,202,gaussian_recovery_lib202_seed11,2,1,True,99,0.14845823915321077,0.004735150425615972,successful,successful,successful
gaussian_recovery,202,gaussian_recovery_lib202_seed11,2,2,True,99,0.16272823589516694,0.023552054473692113,successful,successful,successful
gaussian_recovery,202,gaussian_recovery_lib202_seed11,2,3,True,96,0.17385696612153145,0.019291805543437977,successful,successful,successful
gaussian_recovery,202,gaussian_recovery_lib202_seed11,2,4,True,150,0.12809239292148966,0.027114026953163176,successful,successful,successful
gaussian_recovery,202,gaussian_recovery_lib202_seed11,2,5,True,93,0.1529047474204348,0.009302087431190412,successful,successful,successful
gaussian_recovery,202,gaussian_recovery_lib202_seed11,2,6,True,93,0.143959141868649,0.01832587582041051,successful,successful,successful
gaussian_recovery,202,gaussian_recovery_lib202_seed11,2,7,True,109,0.16919323460440472,0.0015737550059855335,successful,successful,successful
gaussian_recovery,202,gaussian_recovery_lib202_seed11,2,8,True,109,0.1474731180919715,0.00772084301354271,successful,successful,successful
gaussian_recovery,202,gaussian_recovery_lib202_seed11,2,9,True,94,0.12387437532377321,0.012239086878553929,successful,successful,successful
gaussian_recovery,202,gaussian_recovery_lib202_seed11,2,10,True,96,0.10561556125204796,0.009777081761441236,successful,successful,successful
gaussian_recovery,202,gaussian_recovery_lib202_seed11,2,11,True,104,0.161476584819509,0.005704165832735709,successful,successful,successful
gaussian_recovery,202,gaussian_recovery_lib202_seed11,2,12,True,101,0.14441118750062332,0.01667091685062417,successful,successful,successful
gaussian_recovery,202,gaussian_recovery_lib202_seed11,2,13,True,97,0.1319730541582662,0.0053400379432552054,successful,successful,successful
gaussian_recovery,202,gaussian_recovery_lib202_seed11,2,14,True,102,0.10574112729371499,0.013843543858514858,successful,successful,successful
gaussian_recovery,202,gaussian_recovery_lib202_seed11,2,15,True,99,0.1454456393879464,0.007806350861545311,successful,successful,successful
gaussian_recovery,202,gaussian_recovery_lib202_seed11,2,16,True,88,0.11311304273119949,0.013545606221734207,successful,successful,successful
gaussian_recovery,202,gaussian_recovery_lib202_seed11,2,17,False,600,0.12673606778230195,0.02426439176995332,lifted_plate_approach_goal_failed,lifted_plate_approach_goal_failed,lifted_no_plate_approach
gaussian_recovery,202,gaussian_recovery_lib202_seed11,2,18,False,600,0.005755508612227844,0.23062012526986356,no_lift_proxy,no_lift_proxy,no_lift_proxy
gaussian_recovery,202,gaussian_recovery_lib202_seed11,2,19,False,600,0.0035420994042444365,0.22078240427085624,no_lift_proxy,no_lift_proxy,no_lift_proxy
gaussian_recovery,202,gaussian_recovery_lib202_seed11,3,0,True,92,0.12291207720196717,0.0025748892729879204,successful,successful,successful
gaussian_recovery,202,gaussian_recovery_lib202_seed11,3,1,True,121,0.09799731653577748,0.02852206592908042,successful,successful,successful
gaussian_recovery,202,gaussian_recovery_lib202_seed11,3,2,True,221,0.10321975932926142,0.009640745255486121,successful,successful,successful
gaussian_recovery,202,gaussian_recovery_lib202_seed11,3,3,True,82,0.09741279298384764,0.01857071121824831,successful,successful,successful
gaussian_recovery,202,gaussian_recovery_lib202_seed11,3,4,True,85,0.11615161321878531,0.027903923001490093,successful,successful,successful
gaussian_recovery,202,gaussian_recovery_lib202_seed11,3,5,True,96,0.09701541960778493,0.009968582408813518,successful,successful,successful
gaussian_recovery,202,gaussian_recovery_lib202_seed11,3,6,False,600,0.13212456536829686,0.03566764641297729,lifted_plate_approach_goal_failed,lifted_plate_approach_goal_failed,lifted_plate_approach_goal_failed
gaussian_recovery,202,gaussian_recovery_lib202_seed11,3,7,True,81,0.09226565889030747,0.01800621688497038,successful,successful,successful
gaussian_recovery,202,gaussian_recovery_lib202_seed11,3,8,True,80,0.07447855535855163,0.019852530195210553,successful,successful,successful
gaussian_recovery,202,gaussian_recovery_lib202_seed11,3,9,True,91,0.11050765376944383,0.014147766448881226,successful,successful,successful
gaussian_recovery,202,gaussian_recovery_lib202_seed11,3,10,False,600,0.02748797880465126,0.16319219005845617,lifted_no_plate_approach,no_lift_proxy,no_lift_proxy
gaussian_recovery,202,gaussian_recovery_lib202_seed11,3,11,True,85,0.08830619949248619,0.009311955453070982,successful,successful,successful
gaussian_recovery,202,gaussian_recovery_lib202_seed11,3,12,True,107,0.10402266833964247,0.011564107208281745,successful,successful,successful
gaussian_recovery,202,gaussian_recovery_lib202_seed11,3,13,True,88,0.10915187675113536,0.00605114336528129,successful,successful,successful
gaussian_recovery,202,gaussian_recovery_lib202_seed11,3,14,True,84,0.10091882444942246,0.029872877296929386,successful,successful,successful
gaussian_recovery,202,gaussian_recovery_lib202_seed11,3,15,True,102,0.1124164779681277,0.01325803159079211,successful,successful,successful
gaussian_recovery,202,gaussian_recovery_lib202_seed11,3,16,False,600,0.041643041215334464,0.18991740719644215,lifted_no_plate_approach,lifted_no_plate_approach,no_lift_proxy
gaussian_recovery,202,gaussian_recovery_lib202_seed11,3,17,True,76,0.09369485166824232,0.013742991421284802,successful,successful,successful
gaussian_recovery,202,gaussian_recovery_lib202_seed11,3,18,False,600,0.07276154166913662,0.085225376112426,lifted_no_plate_approach,lifted_no_plate_approach,lifted_no_plate_approach
gaussian_recovery,202,gaussian_recovery_lib202_seed11,3,19,False,600,0.024823315559564296,0.15440409061629448,lifted_no_plate_approach,no_lift_proxy,no_lift_proxy
gaussian_recovery,202,gaussian_recovery_lib202_seed11,4,0,False,600,0.011519284750621583,0.3409919190194946,no_lift_proxy,no_lift_proxy,no_lift_proxy
gaussian_recovery,202,gaussian_recovery_lib202_seed11,4,1,True,135,0.18337472132935106,0.014006370346295035,successful,successful,successful
gaussian_recovery,202,gaussian_recovery_lib202_seed11,4,2,True,146,0.1657901750895463,0.004595484567598646,successful,successful,successful
gaussian_recovery,202,gaussian_recovery_lib202_seed11,4,3,True,119,0.14869322347993008,0.01317691215150999,successful,successful,successful
gaussian_recovery,202,gaussian_recovery_lib202_seed11,4,4,True,133,0.13702867013980113,0.02921051641594244,successful,successful,successful
gaussian_recovery,202,gaussian_recovery_lib202_seed11,4,5,True,123,0.13069414711513705,0.0008735116447844673,successful,successful,successful
gaussian_recovery,202,gaussian_recovery_lib202_seed11,4,6,True,135,0.1547715657663722,0.007556036098523969,successful,successful,successful
gaussian_recovery,202,gaussian_recovery_lib202_seed11,4,7,True,136,0.18076832245797947,0.01800752705799162,successful,successful,successful
gaussian_recovery,202,gaussian_recovery_lib202_seed11,4,8,True,135,0.168665436409704,0.020471879545115236,successful,successful,successful
gaussian_recovery,202,gaussian_recovery_lib202_seed11,4,9,True,117,0.14344765852492647,0.014603054373956849,successful,successful,successful
gaussian_recovery,202,gaussian_recovery_lib202_seed11,4,10,False,600,0.015004856301594538,0.3183007761188182,no_lift_proxy,no_lift_proxy,no_lift_proxy
gaussian_recovery,202,gaussian_recovery_lib202_seed11,4,11,True,128,0.17044255311976464,0.006955648363111444,successful,successful,successful
gaussian_recovery,202,gaussian_recovery_lib202_seed11,4,12,True,143,0.17925428167916002,0.00811954238257209,successful,successful,successful
gaussian_recovery,202,gaussian_recovery_lib202_seed11,4,13,True,141,0.19027984521521368,0.019880082783477592,successful,successful,successful
gaussian_recovery,202,gaussian_recovery_lib202_seed11,4,14,True,133,0.13182138869581195,0.00447998718806008,successful,successful,successful
gaussian_recovery,202,gaussian_recovery_lib202_seed11,4,15,True,192,0.18723596218871985,0.024321679178067636,successful,successful,successful
gaussian_recovery,202,gaussian_recovery_lib202_seed11,4,16,True,127,0.16636927372160248,0.0009856732392411365,successful,successful,successful
gaussian_recovery,202,gaussian_recovery_lib202_seed11,4,17,False,600,0.012306778368111893,0.3318431098563275,no_lift_proxy,no_lift_proxy,no_lift_proxy
gaussian_recovery,202,gaussian_recovery_lib202_seed11,4,18,True,126,0.17999461681477458,0.014272097857117779,successful,successful,successful
gaussian_recovery,202,gaussian_recovery_lib202_seed11,4,19,True,136,0.1599665121232765,0.004506998453096489,successful,successful,successful
gaussian_recovery,202,gaussian_recovery_lib202_seed11,5,0,True,96,0.13172697363931618,0.009164397181397324,successful,successful,successful
gaussian_recovery,202,gaussian_recovery_lib202_seed11,5,1,True,92,0.12750256119612702,0.006778919113002456,successful,successful,successful
gaussian_recovery,202,gaussian_recovery_lib202_seed11,5,2,True,163,0.125058065039503,0.003887448484592836,successful,successful,successful
gaussian_recovery,202,gaussian_recovery_lib202_seed11,5,3,True,114,0.1736872454620707,0.005756718450292441,successful,successful,successful
gaussian_recovery,202,gaussian_recovery_lib202_seed11,5,4,True,89,0.13548955073297453,0.0017675886038487285,successful,successful,successful
gaussian_recovery,202,gaussian_recovery_lib202_seed11,5,5,True,87,0.13955896432204684,0.024321715789764768,successful,successful,successful
gaussian_recovery,202,gaussian_recovery_lib202_seed11,5,6,False,600,0.015216921613168233,0.2599474307847797,no_lift_proxy,no_lift_proxy,no_lift_proxy
gaussian_recovery,202,gaussian_recovery_lib202_seed11,5,7,True,88,0.12160791163119056,0.008697835752036278,successful,successful,successful
gaussian_recovery,202,gaussian_recovery_lib202_seed11,5,8,True,93,0.1258170699546991,0.0011233734051842872,successful,successful,successful
gaussian_recovery,202,gaussian_recovery_lib202_seed11,5,9,True,99,0.1260089398576214,0.0038790742917174524,successful,successful,successful
gaussian_recovery,202,gaussian_recovery_lib202_seed11,5,10,True,144,0.1468333343561098,0.014826834478098258,successful,successful,successful
gaussian_recovery,202,gaussian_recovery_lib202_seed11,5,11,True,97,0.1266422813948893,0.006229162853303495,successful,successful,successful
gaussian_recovery,202,gaussian_recovery_lib202_seed11,5,12,True,88,0.14918148650957408,0.01028099167466643,successful,successful,successful
gaussian_recovery,202,gaussian_recovery_lib202_seed11,5,13,True,109,0.08213409100518276,0.004025607033959126,successful,successful,successful
gaussian_recovery,202,gaussian_recovery_lib202_seed11,5,14,True,105,0.10685269559870392,0.01957780532180736,successful,successful,successful
gaussian_recovery,202,gaussian_recovery_lib202_seed11,5,15,True,89,0.13805665628257935,0.006923782167830467,successful,successful,successful
gaussian_recovery,202,gaussian_recovery_lib202_seed11,5,16,False,600,0.0421584138472717,0.27272804530120076,lifted_no_plate_approach,lifted_no_plate_approach,no_lift_proxy
gaussian_recovery,202,gaussian_recovery_lib202_seed11,5,17,False,600,0.011870241200098941,0.25849566297475135,no_lift_proxy,no_lift_proxy,no_lift_proxy
gaussian_recovery,202,gaussian_recovery_lib202_seed11,5,18,False,600,0.07071425667749132,0.2532161903053551,lifted_no_plate_approach,lifted_no_plate_approach,lifted_no_plate_approach
gaussian_recovery,202,gaussian_recovery_lib202_seed11,5,19,False,600,0.0068165805793556355,0.2880146683327337,no_lift_proxy,no_lift_proxy,no_lift_proxy
gaussian_recovery,202,gaussian_recovery_lib202_seed11,6,0,True,101,0.14889767976103485,0.021230283983058946,successful,successful,successful
gaussian_recovery,202,gaussian_recovery_lib202_seed11,6,1,True,105,0.15338203081569746,0.028721086609383013,successful,successful,successful
gaussian_recovery,202,gaussian_recovery_lib202_seed11,6,2,True,112,0.11495187208826296,0.015728222478294373,successful,successful,successful
gaussian_recovery,202,gaussian_recovery_lib202_seed11,6,3,True,106,0.12325285464287705,0.029623969107031915,successful,successful,successful
gaussian_recovery,202,gaussian_recovery_lib202_seed11,6,4,True,108,0.14342682017858932,0.022027432777543227,successful,successful,successful
gaussian_recovery,202,gaussian_recovery_lib202_seed11,6,5,True,106,0.13742979681459633,0.029076306705755735,successful,successful,successful
gaussian_recovery,202,gaussian_recovery_lib202_seed11,6,6,True,107,0.1300681101986667,0.02758839658149426,successful,successful,successful
gaussian_recovery,202,gaussian_recovery_lib202_seed11,6,7,True,92,0.1120961631783648,0.013443869373835687,successful,successful,successful
gaussian_recovery,202,gaussian_recovery_lib202_seed11,6,8,True,115,0.15719276364419965,0.00333878072651158,successful,successful,successful
gaussian_recovery,202,gaussian_recovery_lib202_seed11,6,9,True,97,0.1221385105541497,0.02900134138609662,successful,successful,successful
gaussian_recovery,202,gaussian_recovery_lib202_seed11,6,10,True,108,0.14790660346371132,0.021126202667436932,successful,successful,successful
gaussian_recovery,202,gaussian_recovery_lib202_seed11,6,11,True,100,0.12843729071912646,0.024609392418190344,successful,successful,successful
gaussian_recovery,202,gaussian_recovery_lib202_seed11,6,12,True,127,0.16985516076056983,0.022546806609163864,successful,successful,successful
gaussian_recovery,202,gaussian_recovery_lib202_seed11,6,13,True,94,0.09251519460294899,0.016282093343141478,successful,successful,successful
gaussian_recovery,202,gaussian_recovery_lib202_seed11,6,14,True,103,0.11953473398538539,0.009874230185143055,successful,successful,successful
gaussian_recovery,202,gaussian_recovery_lib202_seed11,6,15,True,101,0.13301899533935124,0.02643199831032704,successful,successful,successful
gaussian_recovery,202,gaussian_recovery_lib202_seed11,6,16,False,600,0.006445484647973121,0.27850285954842474,no_lift_proxy,no_lift_proxy,no_lift_proxy
gaussian_recovery,202,gaussian_recovery_lib202_seed11,6,17,True,100,0.12412893842403139,0.01947583576701744,successful,successful,successful
gaussian_recovery,202,gaussian_recovery_lib202_seed11,6,18,True,108,0.12810835757709182,0.006449303691252951,successful,successful,successful
gaussian_recovery,202,gaussian_recovery_lib202_seed11,6,19,True,95,0.1275524850097014,0.00956759408937485,successful,successful,successful
gaussian_recovery,202,gaussian_recovery_lib202_seed11,7,0,False,600,0.09856450129513727,0.340900167974893,lifted_no_plate_approach,lifted_no_plate_approach,lifted_no_plate_approach
gaussian_recovery,202,gaussian_recovery_lib202_seed11,7,1,True,141,0.18891669526965327,0.016897813638133526,successful,successful,successful
gaussian_recovery,202,gaussian_recovery_lib202_seed11,7,2,True,129,0.17844028605502404,0.016519040830763786,successful,successful,successful
gaussian_recovery,202,gaussian_recovery_lib202_seed11,7,3,False,600,6.18396200913196e-09,0.46542592166713964,no_lift_proxy,no_lift_proxy,no_lift_proxy
gaussian_recovery,202,gaussian_recovery_lib202_seed11,7,4,False,600,6.18396200913196e-09,0.45233002993980964,no_lift_proxy,no_lift_proxy,no_lift_proxy
gaussian_recovery,202,gaussian_recovery_lib202_seed11,7,5,False,600,6.183961787087355e-09,0.4557062660990225,no_lift_proxy,no_lift_proxy,no_lift_proxy
gaussian_recovery,202,gaussian_recovery_lib202_seed11,7,6,True,143,0.1671226880372132,0.003430752580232323,successful,successful,successful
gaussian_recovery,202,gaussian_recovery_lib202_seed11,7,7,True,121,0.1051412177979083,0.011614991572145239,successful,successful,successful
gaussian_recovery,202,gaussian_recovery_lib202_seed11,7,8,True,476,0.18788438332899204,0.018091596101157105,successful,successful,successful
gaussian_recovery,202,gaussian_recovery_lib202_seed11,7,9,False,600,0.010334260417777075,0.4552526284811395,no_lift_proxy,no_lift_proxy,no_lift_proxy
gaussian_recovery,202,gaussian_recovery_lib202_seed11,7,10,False,600,6.183961898109658e-09,0.4663507098889989,no_lift_proxy,no_lift_proxy,no_lift_proxy
gaussian_recovery,202,gaussian_recovery_lib202_seed11,7,11,False,600,6.183961898109658e-09,0.48889856385783415,no_lift_proxy,no_lift_proxy,no_lift_proxy
gaussian_recovery,202,gaussian_recovery_lib202_seed11,7,12,True,126,0.16344990121346015,0.015532101669034045,successful,successful,successful
gaussian_recovery,202,gaussian_recovery_lib202_seed11,7,13,False,600,6.183962120154263e-09,0.47925543899229467,no_lift_proxy,no_lift_proxy,no_lift_proxy
gaussian_recovery,202,gaussian_recovery_lib202_seed11,7,14,True,135,0.16063235929465502,0.025794098440521843,successful,successful,successful
gaussian_recovery,202,gaussian_recovery_lib202_seed11,7,15,False,600,0.007275805253051715,0.48248337555927884,no_lift_proxy,no_lift_proxy,no_lift_proxy
gaussian_recovery,202,gaussian_recovery_lib202_seed11,7,16,False,600,6.183961898109658e-09,0.4595610117304313,no_lift_proxy,no_lift_proxy,no_lift_proxy
gaussian_recovery,202,gaussian_recovery_lib202_seed11,7,17,True,134,0.1902613189455632,0.002049520925874752,successful,successful,successful
gaussian_recovery,202,gaussian_recovery_lib202_seed11,7,18,True,138,0.16874500474185783,0.01656586170851298,successful,successful,successful
gaussian_recovery,202,gaussian_recovery_lib202_seed11,7,19,False,600,6.18396200913196e-09,0.27663007633901054,no_lift_proxy,no_lift_proxy,no_lift_proxy
gaussian_recovery,202,gaussian_recovery_lib202_seed11,8,0,True,98,0.13359369336292026,0.012782452005549963,successful,successful,successful
gaussian_recovery,202,gaussian_recovery_lib202_seed11,8,1,True,88,0.09869233871533978,0.009328667508080424,successful,successful,successful
gaussian_recovery,202,gaussian_recovery_lib202_seed11,8,2,False,600,0.005381744454948101,0.1465080643899246,no_lift_proxy,no_lift_proxy,no_lift_proxy
gaussian_recovery,202,gaussian_recovery_lib202_seed11,8,3,True,92,0.10868034559743878,0.02332609693262864,successful,successful,successful
gaussian_recovery,202,gaussian_recovery_lib202_seed11,8,4,False,600,0.0099007673440068,0.17280661786576687,no_lift_proxy,no_lift_proxy,no_lift_proxy
gaussian_recovery,202,gaussian_recovery_lib202_seed11,8,5,True,95,0.13374661341260896,0.012098473907268868,successful,successful,successful
gaussian_recovery,202,gaussian_recovery_lib202_seed11,8,6,True,92,0.1212403608221484,0.0007783236534361515,successful,successful,successful
gaussian_recovery,202,gaussian_recovery_lib202_seed11,8,7,True,87,0.09944035567276943,0.013583628615339093,successful,successful,successful
gaussian_recovery,202,gaussian_recovery_lib202_seed11,8,8,True,91,0.12220227091322577,0.02834921550429957,successful,successful,successful
gaussian_recovery,202,gaussian_recovery_lib202_seed11,8,9,True,94,0.10693645029697296,0.01957687055318868,successful,successful,successful
gaussian_recovery,202,gaussian_recovery_lib202_seed11,8,10,True,97,0.12698848774564198,0.012672461774360023,successful,successful,successful
gaussian_recovery,202,gaussian_recovery_lib202_seed11,8,11,True,89,0.10076121632553026,0.023948298790311275,successful,successful,successful
gaussian_recovery,202,gaussian_recovery_lib202_seed11,8,12,True,90,0.11636632056353657,0.01938405673262614,successful,successful,successful
gaussian_recovery,202,gaussian_recovery_lib202_seed11,8,13,True,93,0.09231025336710241,0.029448032655014524,successful,successful,successful
gaussian_recovery,202,gaussian_recovery_lib202_seed11,8,14,True,94,0.08777036144935668,0.014966039059691676,successful,successful,successful
gaussian_recovery,202,gaussian_recovery_lib202_seed11,8,15,True,89,0.10593528009664033,0.01933511588584446,successful,successful,successful
gaussian_recovery,202,gaussian_recovery_lib202_seed11,8,16,True,94,0.1202448711501165,0.021273885078222126,successful,successful,successful
gaussian_recovery,202,gaussian_recovery_lib202_seed11,8,17,True,106,0.11865308392752372,0.029251618627150595,successful,successful,successful
gaussian_recovery,202,gaussian_recovery_lib202_seed11,8,18,True,94,0.10078531531384127,0.014116597573658598,successful,successful,successful
gaussian_recovery,202,gaussian_recovery_lib202_seed11,8,19,True,94,0.06944198369750121,0.018822621715605756,successful,successful,successful
gaussian_recovery,202,gaussian_recovery_lib202_seed11,9,0,True,120,0.1317371851894047,0.014268025479912917,successful,successful,successful
gaussian_recovery,202,gaussian_recovery_lib202_seed11,9,1,True,167,0.13298300081041048,0.029331068905657207,successful,successful,successful
gaussian_recovery,202,gaussian_recovery_lib202_seed11,9,2,False,600,0.0010733717178199598,0.4964486782819241,no_lift_proxy,no_lift_proxy,no_lift_proxy
gaussian_recovery,202,gaussian_recovery_lib202_seed11,9,3,False,600,0.0007248964260730961,0.498937487727459,no_lift_proxy,no_lift_proxy,no_lift_proxy
gaussian_recovery,202,gaussian_recovery_lib202_seed11,9,4,True,113,0.11064462275145659,0.027223292897335837,successful,successful,successful
gaussian_recovery,202,gaussian_recovery_lib202_seed11,9,5,False,600,0.030430109667102467,0.4639562804449452,lifted_no_plate_approach,lifted_no_plate_approach,no_lift_proxy
gaussian_recovery,202,gaussian_recovery_lib202_seed11,9,6,True,119,0.14096902914574394,0.008705949329136218,successful,successful,successful
gaussian_recovery,202,gaussian_recovery_lib202_seed11,9,7,True,125,0.11857359336968054,0.017788050565152147,successful,successful,successful
gaussian_recovery,202,gaussian_recovery_lib202_seed11,9,8,True,158,0.13198840074053697,0.029741947167688347,successful,successful,successful
gaussian_recovery,202,gaussian_recovery_lib202_seed11,9,9,False,600,1.580957587066223e-13,0.5060437047563754,no_lift_proxy,no_lift_proxy,no_lift_proxy
gaussian_recovery,202,gaussian_recovery_lib202_seed11,9,10,False,600,1.580957587066223e-13,0.4513064427995202,no_lift_proxy,no_lift_proxy,no_lift_proxy
gaussian_recovery,202,gaussian_recovery_lib202_seed11,9,11,False,600,0.03555582500382415,0.4808890298240483,lifted_no_plate_approach,lifted_no_plate_approach,no_lift_proxy
gaussian_recovery,202,gaussian_recovery_lib202_seed11,9,12,False,600,0.14528586973584212,0.04434433274338886,lifted_no_plate_approach,lifted_no_plate_approach,lifted_no_plate_approach
gaussian_recovery,202,gaussian_recovery_lib202_seed11,9,13,False,600,0.013915878392906977,0.48851619650570005,no_lift_proxy,no_lift_proxy,no_lift_proxy
gaussian_recovery,202,gaussian_recovery_lib202_seed11,9,14,True,107,0.11316558275575495,0.007160270264769231,successful,successful,successful
gaussian_recovery,202,gaussian_recovery_lib202_seed11,9,15,True,118,0.12447516939762493,0.0020351124630950245,successful,successful,successful
gaussian_recovery,202,gaussian_recovery_lib202_seed11,9,16,False,600,0.0046375260598428,0.4837975277560999,no_lift_proxy,no_lift_proxy,no_lift_proxy
gaussian_recovery,202,gaussian_recovery_lib202_seed11,9,17,True,119,0.11835407621838967,0.014298642350655527,successful,successful,successful
gaussian_recovery,202,gaussian_recovery_lib202_seed11,9,18,False,600,0.014631528995691312,0.46634398188299914,no_lift_proxy,no_lift_proxy,no_lift_proxy
gaussian_recovery,202,gaussian_recovery_lib202_seed11,9,19,False,600,1.580957587066223e-13,0.5083010537400563,no_lift_proxy,no_lift_proxy,no_lift_proxy
gaussian_recovery,303,gaussian_recovery_lib303_seed23,0,0,True,109,0.1394500785150914,0.016944066894915493,successful,successful,successful
gaussian_recovery,303,gaussian_recovery_lib303_seed23,0,1,False,600,0.03210752703061592,0.1256236484313662,lifted_no_plate_approach,lifted_no_plate_approach,no_lift_proxy
gaussian_recovery,303,gaussian_recovery_lib303_seed23,0,2,True,85,0.13456999714748508,0.010439261641936379,successful,successful,successful
gaussian_recovery,303,gaussian_recovery_lib303_seed23,0,3,True,80,0.09333296725783946,0.019643045786233753,successful,successful,successful
gaussian_recovery,303,gaussian_recovery_lib303_seed23,0,4,True,78,0.09709010287505793,0.0050231379727673905,successful,successful,successful
gaussian_recovery,303,gaussian_recovery_lib303_seed23,0,5,True,138,0.12845489372506558,0.02658561779842208,successful,successful,successful
gaussian_recovery,303,gaussian_recovery_lib303_seed23,0,6,True,81,0.11642671046205266,0.0014378256563550838,successful,successful,successful
gaussian_recovery,303,gaussian_recovery_lib303_seed23,0,7,True,88,0.10480102661187707,0.011325972293859487,successful,successful,successful
gaussian_recovery,303,gaussian_recovery_lib303_seed23,0,8,True,80,0.1259208329266126,0.00659634020193438,successful,successful,successful
gaussian_recovery,303,gaussian_recovery_lib303_seed23,0,9,True,79,0.0984021102702064,0.010530301258200191,successful,successful,successful
gaussian_recovery,303,gaussian_recovery_lib303_seed23,0,10,True,88,0.12237523974605824,0.007754807696658067,successful,successful,successful
gaussian_recovery,303,gaussian_recovery_lib303_seed23,0,11,True,76,0.0981552553750148,0.005657162582817082,successful,successful,successful
gaussian_recovery,303,gaussian_recovery_lib303_seed23,0,12,True,80,0.09268482136282241,0.014953559052941528,successful,successful,successful
gaussian_recovery,303,gaussian_recovery_lib303_seed23,0,13,False,600,0.020169480528324235,0.153476520086344,lifted_no_plate_approach,no_lift_proxy,no_lift_proxy
gaussian_recovery,303,gaussian_recovery_lib303_seed23,0,14,True,81,0.11252587673716896,0.0055726102176778865,successful,successful,successful
gaussian_recovery,303,gaussian_recovery_lib303_seed23,0,15,True,78,0.11873973174382635,0.0015414990941352146,successful,successful,successful
gaussian_recovery,303,gaussian_recovery_lib303_seed23,0,16,False,600,0.02946992215207822,0.12770581219985208,lifted_no_plate_approach,no_lift_proxy,no_lift_proxy
gaussian_recovery,303,gaussian_recovery_lib303_seed23,0,17,True,81,0.10002162572533546,0.013237531970483819,successful,successful,successful
gaussian_recovery,303,gaussian_recovery_lib303_seed23,0,18,True,109,0.12883871908092248,0.004853478772038427,successful,successful,successful
gaussian_recovery,303,gaussian_recovery_lib303_seed23,0,19,True,73,0.09183430113827207,0.005286560761717828,successful,successful,successful
gaussian_recovery,303,gaussian_recovery_lib303_seed23,1,0,True,122,0.21093482156907273,0.00815325232643599,successful,successful,successful
gaussian_recovery,303,gaussian_recovery_lib303_seed23,1,1,True,112,0.1814854117633602,0.007079647631301244,successful,successful,successful
gaussian_recovery,303,gaussian_recovery_lib303_seed23,1,2,True,110,0.15311007072525928,0.014008666872853934,successful,successful,successful
gaussian_recovery,303,gaussian_recovery_lib303_seed23,1,3,False,600,0.029157716188850324,0.2775397893024297,lifted_no_plate_approach,no_lift_proxy,no_lift_proxy
gaussian_recovery,303,gaussian_recovery_lib303_seed23,1,4,True,109,0.12243972822971894,0.019717628597737402,successful,successful,successful
gaussian_recovery,303,gaussian_recovery_lib303_seed23,1,5,True,106,0.16286404421287481,0.009780246215090918,successful,successful,successful
gaussian_recovery,303,gaussian_recovery_lib303_seed23,1,6,True,136,0.1844391888423249,0.016272329163610107,successful,successful,successful
gaussian_recovery,303,gaussian_recovery_lib303_seed23,1,7,False,600,0.045825964996114354,0.28912751709986556,lifted_no_plate_approach,lifted_no_plate_approach,no_lift_proxy
gaussian_recovery,303,gaussian_recovery_lib303_seed23,1,8,False,600,0.005841440337188697,0.28613603144960675,no_lift_proxy,no_lift_proxy,no_lift_proxy
gaussian_recovery,303,gaussian_recovery_lib303_seed23,1,9,True,251,0.10568724742827196,0.02852848778710644,successful,successful,successful
gaussian_recovery,303,gaussian_recovery_lib303_seed23,1,10,True,112,0.15726199464739188,0.00422298051323768,successful,successful,successful
gaussian_recovery,303,gaussian_recovery_lib303_seed23,1,11,True,135,0.17673360991919562,0.012479240482035822,successful,successful,successful
gaussian_recovery,303,gaussian_recovery_lib303_seed23,1,12,False,600,0.024003820748380922,0.2602695707169102,lifted_no_plate_approach,no_lift_proxy,no_lift_proxy
gaussian_recovery,303,gaussian_recovery_lib303_seed23,1,13,False,600,0.07302442757717276,0.15258385772021227,lifted_no_plate_approach,lifted_no_plate_approach,lifted_no_plate_approach
gaussian_recovery,303,gaussian_recovery_lib303_seed23,1,14,False,600,0.007776575788650986,0.25489463377504495,no_lift_proxy,no_lift_proxy,no_lift_proxy
gaussian_recovery,303,gaussian_recovery_lib303_seed23,1,15,True,113,0.1772059792186067,0.008282022005722617,successful,successful,successful
gaussian_recovery,303,gaussian_recovery_lib303_seed23,1,16,True,117,0.1756975877582525,0.029844871721683146,successful,successful,successful
gaussian_recovery,303,gaussian_recovery_lib303_seed23,1,17,True,106,0.1492742364349624,0.004139659769618247,successful,successful,successful
gaussian_recovery,303,gaussian_recovery_lib303_seed23,1,18,True,112,0.17685960014432367,0.02829468494597812,successful,successful,successful
gaussian_recovery,303,gaussian_recovery_lib303_seed23,1,19,False,600,0.023343824284194792,0.27347926991773863,lifted_no_plate_approach,no_lift_proxy,no_lift_proxy
gaussian_recovery,303,gaussian_recovery_lib303_seed23,2,0,True,97,0.1511940122713733,0.009819595756837978,successful,successful,successful
gaussian_recovery,303,gaussian_recovery_lib303_seed23,2,1,True,103,0.1591087202895587,0.0015124311932510326,successful,successful,successful
gaussian_recovery,303,gaussian_recovery_lib303_seed23,2,2,True,93,0.13812936124563535,0.01286227909819297,successful,successful,successful
gaussian_recovery,303,gaussian_recovery_lib303_seed23,2,3,True,92,0.1470377531372722,0.006833062166723787,successful,successful,successful
gaussian_recovery,303,gaussian_recovery_lib303_seed23,2,4,True,104,0.1699103351265192,0.003234005471149109,successful,successful,successful
gaussian_recovery,303,gaussian_recovery_lib303_seed23,2,5,True,104,0.1602145480022854,0.012754336829199622,successful,successful,successful
gaussian_recovery,303,gaussian_recovery_lib303_seed23,2,6,True,102,0.15257359995187247,0.0061270171598110735,successful,successful,successful
gaussian_recovery,303,gaussian_recovery_lib303_seed23,2,7,True,99,0.13472873556253173,0.005188636754457152,successful,successful,successful
gaussian_recovery,303,gaussian_recovery_lib303_seed23,2,8,True,105,0.16687975543319933,0.012268466098646534,successful,successful,successful
gaussian_recovery,303,gaussian_recovery_lib303_seed23,2,9,True,100,0.16060789814809562,0.013341618313464816,successful,successful,successful
gaussian_recovery,303,gaussian_recovery_lib303_seed23,2,10,True,115,0.1625501665193898,0.002219986687466006,successful,successful,successful
gaussian_recovery,303,gaussian_recovery_lib303_seed23,2,11,True,95,0.14218042736638736,0.006518568749774289,successful,successful,successful
gaussian_recovery,303,gaussian_recovery_lib303_seed23,2,12,True,102,0.1553179381605725,0.01750231946391329,successful,successful,successful
gaussian_recovery,303,gaussian_recovery_lib303_seed23,2,13,True,98,0.11639587993665157,0.013787108836925474,successful,successful,successful
gaussian_recovery,303,gaussian_recovery_lib303_seed23,2,14,True,121,0.13114247611793206,0.01776942841434114,successful,successful,successful
gaussian_recovery,303,gaussian_recovery_lib303_seed23,2,15,False,600,0.14814791521345438,0.14367186278799082,lifted_no_plate_approach,lifted_no_plate_approach,lifted_no_plate_approach
gaussian_recovery,303,gaussian_recovery_lib303_seed23,2,16,True,82,0.12013443570054294,0.021850773164834376,successful,successful,successful
gaussian_recovery,303,gaussian_recovery_lib303_seed23,2,17,True,100,0.13363925074541094,0.006195422817701138,successful,successful,successful
gaussian_recovery,303,gaussian_recovery_lib303_seed23,2,18,False,600,0.01991653298765983,0.22906673610749692,no_lift_proxy,no_lift_proxy,no_lift_proxy
gaussian_recovery,303,gaussian_recovery_lib303_seed23,2,19,True,105,0.14724080169914422,0.009305902127555308,successful,successful,successful
gaussian_recovery,303,gaussian_recovery_lib303_seed23,3,0,True,88,0.10964497417095442,0.007203402199324314,successful,successful,successful
gaussian_recovery,303,gaussian_recovery_lib303_seed23,3,1,True,93,0.10240620827850733,0.021138362264273777,successful,successful,successful
gaussian_recovery,303,gaussian_recovery_lib303_seed23,3,2,True,80,0.09922202296607696,0.021357562050937622,successful,successful,successful
gaussian_recovery,303,gaussian_recovery_lib303_seed23,3,3,True,84,0.1194285713860962,0.017804563962060507,successful,successful,successful
gaussian_recovery,303,gaussian_recovery_lib303_seed23,3,4,True,93,0.13605792800754524,0.027160305300012143,successful,successful,successful
gaussian_recovery,303,gaussian_recovery_lib303_seed23,3,5,True,92,0.11740590785420679,0.011268630008852844,successful,successful,successful
gaussian_recovery,303,gaussian_recovery_lib303_seed23,3,6,True,94,0.14468947308733549,0.023016803468108298,successful,successful,successful
gaussian_recovery,303,gaussian_recovery_lib303_seed23,3,7,True,84,0.09668617619012654,0.02398496217011483,successful,successful,successful
gaussian_recovery,303,gaussian_recovery_lib303_seed23,3,8,True,82,0.10872922952208008,0.014314301527319339,successful,successful,successful
gaussian_recovery,303,gaussian_recovery_lib303_seed23,3,9,True,78,0.09043745790264168,0.007859709327764112,successful,successful,successful
gaussian_recovery,303,gaussian_recovery_lib303_seed23,3,10,True,84,0.12166043382778136,0.016249297864495058,successful,successful,successful
gaussian_recovery,303,gaussian_recovery_lib303_seed23,3,11,True,82,0.08242100656339768,0.00715115347399414,successful,successful,successful
gaussian_recovery,303,gaussian_recovery_lib303_seed23,3,12,True,91,0.12842939324932223,0.009294880438303166,successful,successful,successful
gaussian_recovery,303,gaussian_recovery_lib303_seed23,3,13,True,87,0.11310005259650924,0.015303447092267037,successful,successful,successful
gaussian_recovery,303,gaussian_recovery_lib303_seed23,3,14,True,103,0.10794107685414966,0.008152091946353706,successful,successful,successful
gaussian_recovery,303,gaussian_recovery_lib303_seed23,3,15,True,84,0.11333070810683943,0.016333071891455705,successful,successful,successful
gaussian_recovery,303,gaussian_recovery_lib303_seed23,3,16,True,88,0.0943787391068861,0.006459871795540434,successful,successful,successful
gaussian_recovery,303,gaussian_recovery_lib303_seed23,3,17,True,90,0.13661921899252727,0.010097840588539622,successful,successful,successful
gaussian_recovery,303,gaussian_recovery_lib303_seed23,3,18,True,97,0.10040158403191324,0.0053992157845748935,successful,successful,successful
gaussian_recovery,303,gaussian_recovery_lib303_seed23,3,19,True,86,0.12708082420972577,0.021090984852595605,successful,successful,successful
gaussian_recovery,303,gaussian_recovery_lib303_seed23,4,0,True,146,0.16525102316313145,0.006037173324189402,successful,successful,successful
gaussian_recovery,303,gaussian_recovery_lib303_seed23,4,1,False,600,8.557421438126767e-11,0.3408433584007589,no_lift_proxy,no_lift_proxy,no_lift_proxy
gaussian_recovery,303,gaussian_recovery_lib303_seed23,4,2,True,122,0.1489575972297701,0.014776192342680025,successful,successful,successful
gaussian_recovery,303,gaussian_recovery_lib303_seed23,4,3,False,600,0.0009035551221185933,0.3457824746055706,no_lift_proxy,no_lift_proxy,no_lift_proxy
gaussian_recovery,303,gaussian_recovery_lib303_seed23,4,4,True,132,0.19939575314398672,0.008061994950528001,successful,successful,successful
gaussian_recovery,303,gaussian_recovery_lib303_seed23,4,5,True,130,0.12798672183702386,0.004822325793892491,successful,successful,successful
gaussian_recovery,303,gaussian_recovery_lib303_seed23,4,6,True,129,0.14226844903115454,0.0056270573449980895,successful,successful,successful
gaussian_recovery,303,gaussian_recovery_lib303_seed23,4,7,True,116,0.14849759142361485,0.005786888387521615,successful,successful,successful
gaussian_recovery,303,gaussian_recovery_lib303_seed23,4,8,True,179,0.14480931071411662,0.004272778490178736,successful,successful,successful
gaussian_recovery,303,gaussian_recovery_lib303_seed23,4,9,True,187,0.16791548639153508,0.0169126415548921,successful,successful,successful
gaussian_recovery,303,gaussian_recovery_lib303_seed23,4,10,True,131,0.1492593582664068,0.012885924162606343,successful,successful,successful
gaussian_recovery,303,gaussian_recovery_lib303_seed23,4,11,False,600,0.1416683633484619,0.013182656991053544,lifted_plate_approach_goal_failed,lifted_plate_approach_goal_failed,lifted_plate_approach_goal_failed
gaussian_recovery,303,gaussian_recovery_lib303_seed23,4,12,True,142,0.16112241144038641,0.018286988056234632,successful,successful,successful
gaussian_recovery,303,gaussian_recovery_lib303_seed23,4,13,True,131,0.16651765888451342,0.001432768399640492,successful,successful,successful
gaussian_recovery,303,gaussian_recovery_lib303_seed23,4,14,True,133,0.17832466412330028,0.026427127055675282,successful,successful,successful
gaussian_recovery,303,gaussian_recovery_lib303_seed23,4,15,False,600,4.912736883966318e-11,0.32606945759861705,no_lift_proxy,no_lift_proxy,no_lift_proxy
gaussian_recovery,303,gaussian_recovery_lib303_seed23,4,16,True,121,0.15533238460699228,0.007033762752587557,successful,successful,successful
gaussian_recovery,303,gaussian_recovery_lib303_seed23,4,17,False,600,0.09831605569223134,0.30418254573586334,lifted_no_plate_approach,lifted_no_plate_approach,lifted_no_plate_approach
gaussian_recovery,303,gaussian_recovery_lib303_seed23,4,18,True,149,0.11252951001539069,0.0021628620615922723,successful,successful,successful
gaussian_recovery,303,gaussian_recovery_lib303_seed23,4,19,True,210,0.11178991680350925,0.0257712451142115,successful,successful,successful
gaussian_recovery,303,gaussian_recovery_lib303_seed23,5,0,True,100,0.13622238542362008,0.0024650391411925147,successful,successful,successful
gaussian_recovery,303,gaussian_recovery_lib303_seed23,5,1,False,600,0.11484123821327208,0.03025411708668806,lifted_plate_approach_goal_failed,lifted_plate_approach_goal_failed,lifted_plate_approach_goal_failed
gaussian_recovery,303,gaussian_recovery_lib303_seed23,5,2,True,245,0.08679234331642083,0.029977025485617266,successful,successful,successful
gaussian_recovery,303,gaussian_recovery_lib303_seed23,5,3,True,96,0.14215911996171415,0.01732506507156881,successful,successful,successful
gaussian_recovery,303,gaussian_recovery_lib303_seed23,5,4,True,563,0.11275899949042478,0.005163403446970714,successful,successful,successful
gaussian_recovery,303,gaussian_recovery_lib303_seed23,5,5,True,176,0.11135284312810423,0.029015955625694277,successful,successful,successful
gaussian_recovery,303,gaussian_recovery_lib303_seed23,5,6,False,600,0.010001047598253598,0.2599474307847797,no_lift_proxy,no_lift_proxy,no_lift_proxy
gaussian_recovery,303,gaussian_recovery_lib303_seed23,5,7,True,92,0.1428196035667566,0.0029004969700229155,successful,successful,successful
gaussian_recovery,303,gaussian_recovery_lib303_seed23,5,8,True,92,0.11770109259536798,0.009211337050539649,successful,successful,successful
gaussian_recovery,303,gaussian_recovery_lib303_seed23,5,9,True,93,0.13784800196515157,0.015164100348390913,successful,successful,successful
gaussian_recovery,303,gaussian_recovery_lib303_seed23,5,10,True,171,0.10866899888730652,0.029609688226362396,successful,successful,successful
gaussian_recovery,303,gaussian_recovery_lib303_seed23,5,11,True,84,0.11881983079829661,0.006575981916198167,successful,successful,successful
gaussian_recovery,303,gaussian_recovery_lib303_seed23,5,12,True,97,0.16609802752628566,0.005655002984021408,successful,successful,successful
gaussian_recovery,303,gaussian_recovery_lib303_seed23,5,13,False,600,0.024956081381970474,0.25285166483876875,lifted_no_plate_approach,no_lift_proxy,no_lift_proxy
gaussian_recovery,303,gaussian_recovery_lib303_seed23,5,14,True,99,0.13866255395230898,0.00921583166959664,successful,successful,successful
gaussian_recovery,303,gaussian_recovery_lib303_seed23,5,15,False,600,0.014652933499481047,0.2996356636665706,no_lift_proxy,no_lift_proxy,no_lift_proxy
gaussian_recovery,303,gaussian_recovery_lib303_seed23,5,16,False,600,0.018078578670464918,0.27272804469240053,no_lift_proxy,no_lift_proxy,no_lift_proxy
gaussian_recovery,303,gaussian_recovery_lib303_seed23,5,17,False,600,0.0894836829338238,0.18373253148136617,lifted_no_plate_approach,lifted_no_plate_approach,lifted_no_plate_approach
gaussian_recovery,303,gaussian_recovery_lib303_seed23,5,18,False,600,0.04108526170289617,0.27622754772972796,lifted_no_plate_approach,lifted_no_plate_approach,no_lift_proxy
gaussian_recovery,303,gaussian_recovery_lib303_seed23,5,19,False,600,0.02721670395992748,0.2880146690728109,lifted_no_plate_approach,no_lift_proxy,no_lift_proxy
gaussian_recovery,303,gaussian_recovery_lib303_seed23,6,0,True,116,0.17445103507733206,0.020541296126828198,successful,successful,successful
gaussian_recovery,303,gaussian_recovery_lib303_seed23,6,1,True,104,0.15308320716457557,0.01282014091955614,successful,successful,successful
gaussian_recovery,303,gaussian_recovery_lib303_seed23,6,2,False,600,0.12447458189598937,0.014661831648311094,lifted_plate_approach_goal_failed,lifted_plate_approach_goal_failed,lifted_plate_approach_goal_failed
gaussian_recovery,303,gaussian_recovery_lib303_seed23,6,3,True,101,0.15660416779217856,0.022273891551875955,successful,successful,successful
gaussian_recovery,303,gaussian_recovery_lib303_seed23,6,4,True,101,0.12687612207871823,0.0033440454921113455,successful,successful,successful
gaussian_recovery,303,gaussian_recovery_lib303_seed23,6,5,True,109,0.14138577582992484,0.01792513759141584,successful,successful,successful
gaussian_recovery,303,gaussian_recovery_lib303_seed23,6,6,True,103,0.16249683494898837,0.02219742943301973,successful,successful,successful
gaussian_recovery,303,gaussian_recovery_lib303_seed23,6,7,False,600,0.00281543668565154,0.27156573063916994,no_lift_proxy,no_lift_proxy,no_lift_proxy
gaussian_recovery,303,gaussian_recovery_lib303_seed23,6,8,True,104,0.16070439294787353,0.017617627793875597,successful,successful,successful
gaussian_recovery,303,gaussian_recovery_lib303_seed23,6,9,False,600,0.0047499305340040765,0.2742770483621961,no_lift_proxy,no_lift_proxy,no_lift_proxy
gaussian_recovery,303,gaussian_recovery_lib303_seed23,6,10,True,109,0.14968284001196563,0.011937937964373346,successful,successful,successful
gaussian_recovery,303,gaussian_recovery_lib303_seed23,6,11,True,123,0.1803526244082838,0.014887306663341737,successful,successful,successful
gaussian_recovery,303,gaussian_recovery_lib303_seed23,6,12,True,113,0.16743339388882816,0.023573815270266307,successful,successful,successful
gaussian_recovery,303,gaussian_recovery_lib303_seed23,6,13,True,99,0.1328770117734983,0.00909438888050817,successful,successful,successful
gaussian_recovery,303,gaussian_recovery_lib303_seed23,6,14,False,600,0.002944560273513641,0.30311031566644836,no_lift_proxy,no_lift_proxy,no_lift_proxy
gaussian_recovery,303,gaussian_recovery_lib303_seed23,6,15,True,103,0.13845865318023187,0.027426666072794738,successful,successful,successful
gaussian_recovery,303,gaussian_recovery_lib303_seed23,6,16,False,600,0.021880592440898128,0.2784424532421004,lifted_no_plate_approach,no_lift_proxy,no_lift_proxy
gaussian_recovery,303,gaussian_recovery_lib303_seed23,6,17,False,600,0.004549109890882419,0.262993892511321,no_lift_proxy,no_lift_proxy,no_lift_proxy
gaussian_recovery,303,gaussian_recovery_lib303_seed23,6,18,True,110,0.16817738539888905,0.01550128696931968,successful,successful,successful
gaussian_recovery,303,gaussian_recovery_lib303_seed23,6,19,True,98,0.1215794469562661,0.012480592727561711,successful,successful,successful
gaussian_recovery,303,gaussian_recovery_lib303_seed23,7,0,False,600,0.02690669677999946,0.4657807505191655,lifted_no_plate_approach,no_lift_proxy,no_lift_proxy
gaussian_recovery,303,gaussian_recovery_lib303_seed23,7,1,False,600,0.042790590417750574,0.46257060307546205,lifted_no_plate_approach,lifted_no_plate_approach,no_lift_proxy
gaussian_recovery,303,gaussian_recovery_lib303_seed23,7,2,True,162,0.20288436014491862,0.009306236645652223,successful,successful,successful
gaussian_recovery,303,gaussian_recovery_lib303_seed23,7,3,False,600,6.18396200913196e-09,0.46542592166713964,no_lift_proxy,no_lift_proxy,no_lift_proxy
gaussian_recovery,303,gaussian_recovery_lib303_seed23,7,4,False,600,6.183962120154263e-09,0.44725841135061956,no_lift_proxy,no_lift_proxy,no_lift_proxy
gaussian_recovery,303,gaussian_recovery_lib303_seed23,7,5,False,600,6.183961787087355e-09,0.4557062660990225,no_lift_proxy,no_lift_proxy,no_lift_proxy
gaussian_recovery,303,gaussian_recovery_lib303_seed23,7,6,False,600,6.183961898109658e-09,0.4604952413892437,no_lift_proxy,no_lift_proxy,no_lift_proxy
gaussian_recovery,303,gaussian_recovery_lib303_seed23,7,7,True,125,0.20110998123167256,0.018909825916607604,successful,successful,successful
gaussian_recovery,303,gaussian_recovery_lib303_seed23,7,8,False,600,6.18396200913196e-09,0.45808493555788815,no_lift_proxy,no_lift_proxy,no_lift_proxy
gaussian_recovery,303,gaussian_recovery_lib303_seed23,7,9,True,177,0.16500791073804033,0.002420286274319401,successful,successful,successful
gaussian_recovery,303,gaussian_recovery_lib303_seed23,7,10,False,600,6.183961898109658e-09,0.4663507098889989,no_lift_proxy,no_lift_proxy,no_lift_proxy
gaussian_recovery,303,gaussian_recovery_lib303_seed23,7,11,False,600,6.183961898109658e-09,0.48889856385783415,no_lift_proxy,no_lift_proxy,no_lift_proxy
gaussian_recovery,303,gaussian_recovery_lib303_seed23,7,12,False,600,6.183961898109658e-09,0.45354443038737385,no_lift_proxy,no_lift_proxy,no_lift_proxy
gaussian_recovery,303,gaussian_recovery_lib303_seed23,7,13,False,600,1.0508045133583721e-05,0.47924481123845486,no_lift_proxy,no_lift_proxy,no_lift_proxy
gaussian_recovery,303,gaussian_recovery_lib303_seed23,7,14,False,600,6.183961898109658e-09,0.44152188058091607,no_lift_proxy,no_lift_proxy,no_lift_proxy
gaussian_recovery,303,gaussian_recovery_lib303_seed23,7,15,False,600,0.18742089423545094,0.24297289368039254,lifted_no_plate_approach,lifted_no_plate_approach,lifted_no_plate_approach
gaussian_recovery,303,gaussian_recovery_lib303_seed23,7,16,False,600,6.18396200913196e-09,0.4595610117304313,no_lift_proxy,no_lift_proxy,no_lift_proxy
gaussian_recovery,303,gaussian_recovery_lib303_seed23,7,17,False,600,0.13373326064676638,0.0485640920234044,lifted_plate_approach_goal_failed,lifted_plate_approach_goal_failed,lifted_plate_approach_goal_failed
gaussian_recovery,303,gaussian_recovery_lib303_seed23,7,18,False,600,0.00923989130877112,0.4565862348800414,no_lift_proxy,no_lift_proxy,no_lift_proxy
gaussian_recovery,303,gaussian_recovery_lib303_seed23,7,19,False,600,6.183961787087355e-09,0.4516491289199579,no_lift_proxy,no_lift_proxy,no_lift_proxy
gaussian_recovery,303,gaussian_recovery_lib303_seed23,8,0,True,97,0.14048613541252686,0.01069932933813813,successful,successful,successful
gaussian_recovery,303,gaussian_recovery_lib303_seed23,8,1,True,84,0.07691386299129699,0.012312256188117428,successful,successful,successful
gaussian_recovery,303,gaussian_recovery_lib303_seed23,8,2,True,89,0.11387314818116401,0.004166840757466795,successful,successful,successful
gaussian_recovery,303,gaussian_recovery_lib303_seed23,8,3,True,85,0.11280225545494726,0.015382258775121819,successful,successful,successful
gaussian_recovery,303,gaussian_recovery_lib303_seed23,8,4,False,600,0.0006396746368134698,0.16023029262275848,no_lift_proxy,no_lift_proxy,no_lift_proxy
gaussian_recovery,303,gaussian_recovery_lib303_seed23,8,5,True,104,0.09052642143285083,0.006101435474748067,successful,successful,successful
gaussian_recovery,303,gaussian_recovery_lib303_seed23,8,6,True,86,0.10348165979097157,0.0113189203979832,successful,successful,successful
gaussian_recovery,303,gaussian_recovery_lib303_seed23,8,7,True,84,0.07735149685010623,0.009663928755735594,successful,successful,successful
gaussian_recovery,303,gaussian_recovery_lib303_seed23,8,8,False,600,0.013056308220802726,0.1130182175738639,no_lift_proxy,no_lift_proxy,no_lift_proxy
gaussian_recovery,303,gaussian_recovery_lib303_seed23,8,9,True,94,0.11399187866824056,0.005440618476094371,successful,successful,successful
gaussian_recovery,303,gaussian_recovery_lib303_seed23,8,10,True,91,0.12355237320857682,0.021125784455422764,successful,successful,successful
gaussian_recovery,303,gaussian_recovery_lib303_seed23,8,11,True,95,0.1139113912116132,0.019374368350759893,successful,successful,successful
gaussian_recovery,303,gaussian_recovery_lib303_seed23,8,12,True,85,0.09751908538667697,0.0013647408686229003,successful,successful,successful
gaussian_recovery,303,gaussian_recovery_lib303_seed23,8,13,False,600,0.0011992192288803327,0.12382745643332242,no_lift_proxy,no_lift_proxy,no_lift_proxy
gaussian_recovery,303,gaussian_recovery_lib303_seed23,8,14,True,92,0.104804533954999,0.005127764914031276,successful,successful,successful
gaussian_recovery,303,gaussian_recovery_lib303_seed23,8,15,True,82,0.06652342936111788,0.007911778550826276,successful,successful,successful
gaussian_recovery,303,gaussian_recovery_lib303_seed23,8,16,True,93,0.12843289900935329,0.005559846909749187,successful,successful,successful
gaussian_recovery,303,gaussian_recovery_lib303_seed23,8,17,True,95,0.1034646996469546,0.010255221413472581,successful,successful,successful
gaussian_recovery,303,gaussian_recovery_lib303_seed23,8,18,True,97,0.12385085397161211,0.012623671833031274,successful,successful,successful
gaussian_recovery,303,gaussian_recovery_lib303_seed23,8,19,True,143,0.12886522728976768,0.022613122385435704,successful,successful,successful
gaussian_recovery,303,gaussian_recovery_lib303_seed23,9,0,True,110,0.1104325913566988,0.0026869139172662954,successful,successful,successful
gaussian_recovery,303,gaussian_recovery_lib303_seed23,9,1,False,600,0.015335382572554623,0.4725585133535452,no_lift_proxy,no_lift_proxy,no_lift_proxy
gaussian_recovery,303,gaussian_recovery_lib303_seed23,9,2,False,600,0.010020185401033777,0.49388040222763147,no_lift_proxy,no_lift_proxy,no_lift_proxy
gaussian_recovery,303,gaussian_recovery_lib303_seed23,9,3,False,600,0.042245950550421796,0.4921116093284008,lifted_no_plate_approach,lifted_no_plate_approach,no_lift_proxy
gaussian_recovery,303,gaussian_recovery_lib303_seed23,9,4,False,600,0.14499087629901863,0.03388864464698577,lifted_plate_approach_goal_failed,lifted_plate_approach_goal_failed,lifted_plate_approach_goal_failed
gaussian_recovery,303,gaussian_recovery_lib303_seed23,9,5,True,121,0.12661853042345217,0.0018800477159060984,successful,successful,successful
gaussian_recovery,303,gaussian_recovery_lib303_seed23,9,6,True,112,0.09884907023019873,0.007037254316273801,successful,successful,successful
gaussian_recovery,303,gaussian_recovery_lib303_seed23,9,7,False,600,0.002136509874455683,0.46669122293605253,no_lift_proxy,no_lift_proxy,no_lift_proxy
gaussian_recovery,303,gaussian_recovery_lib303_seed23,9,8,True,122,0.11435076979125847,0.021121682999679668,successful,successful,successful
gaussian_recovery,303,gaussian_recovery_lib303_seed23,9,9,False,600,1.580957587066223e-13,0.5060437047563754,no_lift_proxy,no_lift_proxy,no_lift_proxy
gaussian_recovery,303,gaussian_recovery_lib303_seed23,9,10,True,126,0.12766834834462837,0.009086941586550904,successful,successful,successful
gaussian_recovery,303,gaussian_recovery_lib303_seed23,9,11,True,122,0.13447334718824844,0.004542039238766223,successful,successful,successful
gaussian_recovery,303,gaussian_recovery_lib303_seed23,9,12,False,600,1.580957587066223e-13,0.46203935683134534,no_lift_proxy,no_lift_proxy,no_lift_proxy
gaussian_recovery,303,gaussian_recovery_lib303_seed23,9,13,False,600,0.14216959119290307,0.2564421907239129,lifted_no_plate_approach,lifted_no_plate_approach,lifted_no_plate_approach
gaussian_recovery,303,gaussian_recovery_lib303_seed23,9,14,True,110,0.09472354120704884,0.006963428273347023,successful,successful,successful
gaussian_recovery,303,gaussian_recovery_lib303_seed23,9,15,True,120,0.1528646741338351,0.027111068850055577,successful,successful,successful
gaussian_recovery,303,gaussian_recovery_lib303_seed23,9,16,True,120,0.12467724905096311,0.010413577381509357,successful,successful,successful
gaussian_recovery,303,gaussian_recovery_lib303_seed23,9,17,False,600,0.002168064762797295,0.46747755999005913,no_lift_proxy,no_lift_proxy,no_lift_proxy
gaussian_recovery,303,gaussian_recovery_lib303_seed23,9,18,True,128,0.1159992286146323,0.027876852791326394,successful,successful,successful
gaussian_recovery,303,gaussian_recovery_lib303_seed23,9,19,True,146,0.1386468154802205,0.018075650231963402,successful,successful,successful
gaussian_same_total_cost,101,gaussian_same_total_cost_lib101_seed7,0,0,True,84,0.09165739019148356,0.000433057992516934,successful,successful,successful
gaussian_same_total_cost,101,gaussian_same_total_cost_lib101_seed7,0,1,True,76,0.1019004044883518,0.001568539822165904,successful,successful,successful
gaussian_same_total_cost,101,gaussian_same_total_cost_lib101_seed7,0,2,False,600,0.03681862942045511,0.1654458430320185,lifted_no_plate_approach,lifted_no_plate_approach,no_lift_proxy
gaussian_same_total_cost,101,gaussian_same_total_cost_lib101_seed7,0,3,True,87,0.11551790035540344,0.0038552412218363593,successful,successful,successful
gaussian_same_total_cost,101,gaussian_same_total_cost_lib101_seed7,0,4,True,76,0.10314436663397131,0.00038259774951427983,successful,successful,successful
gaussian_same_total_cost,101,gaussian_same_total_cost_lib101_seed7,0,5,False,600,0.03789002843178979,0.1169369683703014,lifted_no_plate_approach,lifted_no_plate_approach,no_lift_proxy
gaussian_same_total_cost,101,gaussian_same_total_cost_lib101_seed7,0,6,True,71,0.08754192838442654,0.00714347906065588,successful,successful,successful
gaussian_same_total_cost,101,gaussian_same_total_cost_lib101_seed7,0,7,False,600,0.10410789798203579,0.041511192584574516,lifted_plate_approach_goal_failed,lifted_plate_approach_goal_failed,lifted_plate_approach_goal_failed
gaussian_same_total_cost,101,gaussian_same_total_cost_lib101_seed7,0,8,True,80,0.11807248289496486,0.0019862863596720867,successful,successful,successful
gaussian_same_total_cost,101,gaussian_same_total_cost_lib101_seed7,0,9,True,78,0.08186406932390211,0.005523334983877631,successful,successful,successful
gaussian_same_total_cost,101,gaussian_same_total_cost_lib101_seed7,0,10,False,600,0.09305806192999677,0.02415690009124747,lifted_plate_approach_goal_failed,lifted_plate_approach_goal_failed,lifted_plate_approach_goal_failed
gaussian_same_total_cost,101,gaussian_same_total_cost_lib101_seed7,0,11,True,83,0.1128381161203309,0.003780469965842769,successful,successful,successful
gaussian_same_total_cost,101,gaussian_same_total_cost_lib101_seed7,0,12,True,77,0.10961008066882649,0.0015789683722172195,successful,successful,successful
gaussian_same_total_cost,101,gaussian_same_total_cost_lib101_seed7,0,13,True,79,0.10692913443769747,0.007566893064116865,successful,successful,successful
gaussian_same_total_cost,101,gaussian_same_total_cost_lib101_seed7,0,14,False,600,0.013011316260779449,0.15372720367050785,no_lift_proxy,no_lift_proxy,no_lift_proxy
gaussian_same_total_cost,101,gaussian_same_total_cost_lib101_seed7,0,15,False,600,0.008539420749629212,0.1116585518582724,no_lift_proxy,no_lift_proxy,no_lift_proxy
gaussian_same_total_cost,101,gaussian_same_total_cost_lib101_seed7,0,16,True,78,0.09685071026786118,0.00489947978083527,successful,successful,successful
gaussian_same_total_cost,101,gaussian_same_total_cost_lib101_seed7,0,17,True,78,0.08844813547401276,0.003748398611383104,successful,successful,successful
gaussian_same_total_cost,101,gaussian_same_total_cost_lib101_seed7,0,18,True,88,0.09933768990188274,0.006281001802909111,successful,successful,successful
gaussian_same_total_cost,101,gaussian_same_total_cost_lib101_seed7,0,19,False,600,0.02100971600917434,0.12247104775053205,lifted_no_plate_approach,no_lift_proxy,no_lift_proxy
gaussian_same_total_cost,101,gaussian_same_total_cost_lib101_seed7,1,0,True,116,0.16772702249220828,0.006535395361257732,successful,successful,successful
gaussian_same_total_cost,101,gaussian_same_total_cost_lib101_seed7,1,1,True,104,0.16604575853911108,0.0037528123238185864,successful,successful,successful
gaussian_same_total_cost,101,gaussian_same_total_cost_lib101_seed7,1,2,True,103,0.16086082426916226,0.0032592208253279294,successful,successful,successful
gaussian_same_total_cost,101,gaussian_same_total_cost_lib101_seed7,1,3,True,229,0.13343592551515626,0.0009155826913959477,successful,successful,successful
gaussian_same_total_cost,101,gaussian_same_total_cost_lib101_seed7,1,4,True,110,0.11134171013577565,0.01822187672288,successful,successful,successful
gaussian_same_total_cost,101,gaussian_same_total_cost_lib101_seed7,1,5,True,116,0.1496269455281649,0.009564380807637472,successful,successful,successful
gaussian_same_total_cost,101,gaussian_same_total_cost_lib101_seed7,1,6,True,462,0.14303323368764786,0.029778645726715573,successful,successful,successful
gaussian_same_total_cost,101,gaussian_same_total_cost_lib101_seed7,1,7,True,122,0.1814392317180582,0.005395928751983376,successful,successful,successful
gaussian_same_total_cost,101,gaussian_same_total_cost_lib101_seed7,1,8,False,600,0.12101201157084174,0.021928629761716174,lifted_plate_approach_goal_failed,lifted_plate_approach_goal_failed,lifted_plate_approach_goal_failed
gaussian_same_total_cost,101,gaussian_same_total_cost_lib101_seed7,1,9,True,104,0.17512978357228848,0.0020514623408998513,successful,successful,successful
gaussian_same_total_cost,101,gaussian_same_total_cost_lib101_seed7,1,10,True,111,0.14611777288039196,0.0036799936047843436,successful,successful,successful
gaussian_same_total_cost,101,gaussian_same_total_cost_lib101_seed7,1,11,True,124,0.17244029357199286,0.005711743477235768,successful,successful,successful
gaussian_same_total_cost,101,gaussian_same_total_cost_lib101_seed7,1,12,True,129,0.1543242545428931,0.025169258760864066,successful,successful,successful
gaussian_same_total_cost,101,gaussian_same_total_cost_lib101_seed7,1,13,True,105,0.14741414291080224,0.004662410443129276,successful,successful,successful
gaussian_same_total_cost,101,gaussian_same_total_cost_lib101_seed7,1,14,False,600,0.10186080868128888,0.10639039077133669,lifted_no_plate_approach,lifted_no_plate_approach,lifted_no_plate_approach
gaussian_same_total_cost,101,gaussian_same_total_cost_lib101_seed7,1,15,True,109,0.11256256850526225,0.008285219254971693,successful,successful,successful
gaussian_same_total_cost,101,gaussian_same_total_cost_lib101_seed7,1,16,True,108,0.15776699773987035,0.011672124201799245,successful,successful,successful
gaussian_same_total_cost,101,gaussian_same_total_cost_lib101_seed7,1,17,True,102,0.1532797704065234,0.002463955025251837,successful,successful,successful
gaussian_same_total_cost,101,gaussian_same_total_cost_lib101_seed7,1,18,True,108,0.1565200934421973,0.0020957189742951327,successful,successful,successful
gaussian_same_total_cost,101,gaussian_same_total_cost_lib101_seed7,1,19,True,103,0.15786455646377928,0.004916814452564155,successful,successful,successful
gaussian_same_total_cost,101,gaussian_same_total_cost_lib101_seed7,2,0,True,189,0.15876073817325742,0.02742159371377054,successful,successful,successful
gaussian_same_total_cost,101,gaussian_same_total_cost_lib101_seed7,2,1,False,600,2.6450475154593533e-07,0.2198835440132096,no_lift_proxy,no_lift_proxy,no_lift_proxy
gaussian_same_total_cost,101,gaussian_same_total_cost_lib101_seed7,2,2,True,94,0.11076747823688016,0.00781955147878202,successful,successful,successful
gaussian_same_total_cost,101,gaussian_same_total_cost_lib101_seed7,2,3,True,117,0.12419621069819398,0.029894467630816764,successful,successful,successful
gaussian_same_total_cost,101,gaussian_same_total_cost_lib101_seed7,2,4,True,151,0.1186254523283854,0.02040803510153151,successful,successful,successful
gaussian_same_total_cost,101,gaussian_same_total_cost_lib101_seed7,2,5,True,94,0.15592582035685076,0.023487359222035497,successful,successful,successful
gaussian_same_total_cost,101,gaussian_same_total_cost_lib101_seed7,2,6,True,94,0.15754208767308087,0.010638917867317325,successful,successful,successful
gaussian_same_total_cost,101,gaussian_same_total_cost_lib101_seed7,2,7,True,200,0.12538246961047173,0.008322373713527759,successful,successful,successful
gaussian_same_total_cost,101,gaussian_same_total_cost_lib101_seed7,2,8,True,176,0.12586058543839873,0.029902047381090986,successful,successful,successful
gaussian_same_total_cost,101,gaussian_same_total_cost_lib101_seed7,2,9,True,107,0.1537678777975091,0.002704973237404599,successful,successful,successful
gaussian_same_total_cost,101,gaussian_same_total_cost_lib101_seed7,2,10,True,135,0.1225512838665852,0.0017946407208802382,successful,successful,successful
gaussian_same_total_cost,101,gaussian_same_total_cost_lib101_seed7,2,11,True,102,0.15114308557459477,0.007192219018291947,successful,successful,successful
gaussian_same_total_cost,101,gaussian_same_total_cost_lib101_seed7,2,12,True,90,0.12277730893514738,0.009648997031666358,successful,successful,successful
gaussian_same_total_cost,101,gaussian_same_total_cost_lib101_seed7,2,13,True,94,0.1355129070816654,0.01677018457922152,successful,successful,successful
gaussian_same_total_cost,101,gaussian_same_total_cost_lib101_seed7,2,14,True,122,0.14315228975653427,0.02202582990828934,successful,successful,successful
gaussian_same_total_cost,101,gaussian_same_total_cost_lib101_seed7,2,15,True,114,0.16507211699681634,0.01626724753831667,successful,successful,successful
gaussian_same_total_cost,101,gaussian_same_total_cost_lib101_seed7,2,16,True,96,0.11202421839337884,0.008020506475509838,successful,successful,successful
gaussian_same_total_cost,101,gaussian_same_total_cost_lib101_seed7,2,17,True,88,0.1264119354312474,0.0058589875964715635,successful,successful,successful
gaussian_same_total_cost,101,gaussian_same_total_cost_lib101_seed7,2,18,True,98,0.11703535330638659,0.027690241845077047,successful,successful,successful
gaussian_same_total_cost,101,gaussian_same_total_cost_lib101_seed7,2,19,True,101,0.14761757586155744,0.023036635087174517,successful,successful,successful
gaussian_same_total_cost,101,gaussian_same_total_cost_lib101_seed7,3,0,True,89,0.11035656363597202,0.00381669626233115,successful,successful,successful
gaussian_same_total_cost,101,gaussian_same_total_cost_lib101_seed7,3,1,True,89,0.08666208404536135,0.022664925766062004,successful,successful,successful
gaussian_same_total_cost,101,gaussian_same_total_cost_lib101_seed7,3,2,True,82,0.11033077037518613,0.02996622521009973,successful,successful,successful
gaussian_same_total_cost,101,gaussian_same_total_cost_lib101_seed7,3,3,True,81,0.12176190119592711,0.014592847771869949,successful,successful,successful
gaussian_same_total_cost,101,gaussian_same_total_cost_lib101_seed7,3,4,True,105,0.10211984207028812,0.014353763543735604,successful,successful,successful
gaussian_same_total_cost,101,gaussian_same_total_cost_lib101_seed7,3,5,True,88,0.11475424493809683,0.022767721451102608,successful,successful,successful
gaussian_same_total_cost,101,gaussian_same_total_cost_lib101_seed7,3,6,True,120,0.13952401883998944,0.0049032602354209046,successful,successful,successful
gaussian_same_total_cost,101,gaussian_same_total_cost_lib101_seed7,3,7,False,600,0.025792624583722223,0.15910230945244402,lifted_no_plate_approach,no_lift_proxy,no_lift_proxy
gaussian_same_total_cost,101,gaussian_same_total_cost_lib101_seed7,3,8,True,88,0.10435772136412291,0.020769615947536624,successful,successful,successful
gaussian_same_total_cost,101,gaussian_same_total_cost_lib101_seed7,3,9,True,84,0.09692036535775506,0.0008914382993114255,successful,successful,successful
gaussian_same_total_cost,101,gaussian_same_total_cost_lib101_seed7,3,10,False,600,0.017318631853406985,0.1547186935412278,no_lift_proxy,no_lift_proxy,no_lift_proxy
gaussian_same_total_cost,101,gaussian_same_total_cost_lib101_seed7,3,11,True,88,0.12587309533259117,0.007361623648889308,successful,successful,successful
gaussian_same_total_cost,101,gaussian_same_total_cost_lib101_seed7,3,12,True,514,0.11698526641871487,0.027994051701328876,successful,successful,successful
gaussian_same_total_cost,101,gaussian_same_total_cost_lib101_seed7,3,13,True,99,0.13477408223228327,0.021815752841559413,successful,successful,successful
gaussian_same_total_cost,101,gaussian_same_total_cost_lib101_seed7,3,14,True,85,0.10954939659932539,0.02579478373260259,successful,successful,successful
gaussian_same_total_cost,101,gaussian_same_total_cost_lib101_seed7,3,15,True,89,0.09077758929659463,0.007519422785785886,successful,successful,successful
gaussian_same_total_cost,101,gaussian_same_total_cost_lib101_seed7,3,16,False,600,0.04121399595410946,0.14144957112374998,lifted_no_plate_approach,lifted_no_plate_approach,no_lift_proxy
gaussian_same_total_cost,101,gaussian_same_total_cost_lib101_seed7,3,17,True,83,0.13056193230796564,0.012924531133644973,successful,successful,successful
gaussian_same_total_cost,101,gaussian_same_total_cost_lib101_seed7,3,18,True,96,0.1442951867231661,0.01851034992631666,successful,successful,successful
gaussian_same_total_cost,101,gaussian_same_total_cost_lib101_seed7,3,19,True,84,0.10031331840838809,0.011269059748170517,successful,successful,successful
gaussian_same_total_cost,101,gaussian_same_total_cost_lib101_seed7,4,0,True,125,0.1267629388603595,0.01445935372298838,successful,successful,successful
gaussian_same_total_cost,101,gaussian_same_total_cost_lib101_seed7,4,1,True,121,0.1066933981675624,0.012686745652598653,successful,successful,successful
gaussian_same_total_cost,101,gaussian_same_total_cost_lib101_seed7,4,2,False,600,0.0062082501647042765,0.295584063793126,no_lift_proxy,no_lift_proxy,no_lift_proxy
gaussian_same_total_cost,101,gaussian_same_total_cost_lib101_seed7,4,3,True,121,0.10800178810594119,0.012608709707218614,successful,successful,successful
gaussian_same_total_cost,101,gaussian_same_total_cost_lib101_seed7,4,4,True,131,0.17648577003409693,0.022733234377546117,successful,successful,successful
gaussian_same_total_cost,101,gaussian_same_total_cost_lib101_seed7,4,5,False,600,1.5662471319899396e-09,0.3515208459878282,no_lift_proxy,no_lift_proxy,no_lift_proxy
gaussian_same_total_cost,101,gaussian_same_total_cost_lib101_seed7,4,6,True,146,0.14078814505134774,0.010897574854895573,successful,successful,successful
gaussian_same_total_cost,101,gaussian_same_total_cost_lib101_seed7,4,7,True,127,0.13636356270563832,0.0013428462079577107,successful,successful,successful
gaussian_same_total_cost,101,gaussian_same_total_cost_lib101_seed7,4,8,True,118,0.16968104080652568,0.008075310822915762,successful,successful,successful
gaussian_same_total_cost,101,gaussian_same_total_cost_lib101_seed7,4,9,False,600,2.701838752727781e-11,0.3461591752554211,no_lift_proxy,no_lift_proxy,no_lift_proxy
gaussian_same_total_cost,101,gaussian_same_total_cost_lib101_seed7,4,10,False,600,8.160827569270168e-11,0.3455604631625794,no_lift_proxy,no_lift_proxy,no_lift_proxy
gaussian_same_total_cost,101,gaussian_same_total_cost_lib101_seed7,4,11,True,129,0.14030666743788744,0.007052379852904557,successful,successful,successful
gaussian_same_total_cost,101,gaussian_same_total_cost_lib101_seed7,4,12,False,600,2.205702287483291e-11,0.36437863902642237,no_lift_proxy,no_lift_proxy,no_lift_proxy
gaussian_same_total_cost,101,gaussian_same_total_cost_lib101_seed7,4,13,False,600,0.0013825670856009165,0.33278858450069054,no_lift_proxy,no_lift_proxy,no_lift_proxy
gaussian_same_total_cost,101,gaussian_same_total_cost_lib101_seed7,4,14,True,121,0.1462186706508033,0.00562655092806552,successful,successful,successful
gaussian_same_total_cost,101,gaussian_same_total_cost_lib101_seed7,4,15,False,600,0.04997921897901736,0.2922717187377403,lifted_no_plate_approach,lifted_no_plate_approach,no_lift_proxy
gaussian_same_total_cost,101,gaussian_same_total_cost_lib101_seed7,4,16,False,600,0.010669024185029796,0.32095367766938154,no_lift_proxy,no_lift_proxy,no_lift_proxy
gaussian_same_total_cost,101,gaussian_same_total_cost_lib101_seed7,4,17,False,600,0.0033643326066508106,0.3315976794459684,no_lift_proxy,no_lift_proxy,no_lift_proxy
gaussian_same_total_cost,101,gaussian_same_total_cost_lib101_seed7,4,18,True,136,0.13664732206599428,0.002791684378328595,successful,successful,successful
gaussian_same_total_cost,101,gaussian_same_total_cost_lib101_seed7,4,19,False,600,0.01396426407828133,0.33508903407024915,no_lift_proxy,no_lift_proxy,no_lift_proxy
gaussian_same_total_cost,101,gaussian_same_total_cost_lib101_seed7,5,0,True,97,0.14143747258979988,0.002957843225569855,successful,successful,successful
gaussian_same_total_cost,101,gaussian_same_total_cost_lib101_seed7,5,1,False,600,0.05339452679363199,0.28820642681267405,lifted_no_plate_approach,lifted_no_plate_approach,lifted_no_plate_approach
gaussian_same_total_cost,101,gaussian_same_total_cost_lib101_seed7,5,2,True,85,0.1380716647347675,0.001754652688781436,successful,successful,successful
gaussian_same_total_cost,101,gaussian_same_total_cost_lib101_seed7,5,3,True,93,0.12626195499152482,0.012958224873900142,successful,successful,successful
gaussian_same_total_cost,101,gaussian_same_total_cost_lib101_seed7,5,4,False,600,0.1107492733721549,0.03834059959809236,lifted_plate_approach_goal_failed,lifted_plate_approach_goal_failed,lifted_plate_approach_goal_failed
gaussian_same_total_cost,101,gaussian_same_total_cost_lib101_seed7,5,5,False,600,0.02719993540150245,0.27381740087967266,lifted_no_plate_approach,no_lift_proxy,no_lift_proxy
gaussian_same_total_cost,101,gaussian_same_total_cost_lib101_seed7,5,6,True,99,0.10735966866136448,0.003856081295953425,successful,successful,successful
gaussian_same_total_cost,101,gaussian_same_total_cost_lib101_seed7,5,7,True,269,0.15767408704632757,0.015625399204611243,successful,successful,successful
gaussian_same_total_cost,101,gaussian_same_total_cost_lib101_seed7,5,8,True,90,0.12109346827786005,0.0025318229088868824,successful,successful,successful
gaussian_same_total_cost,101,gaussian_same_total_cost_lib101_seed7,5,9,False,600,0.13077339203621885,0.005400497252382362,lifted_plate_approach_goal_failed,lifted_plate_approach_goal_failed,lifted_plate_approach_goal_failed
gaussian_same_total_cost,101,gaussian_same_total_cost_lib101_seed7,5,10,False,600,0.03846558785460752,0.26590825380432553,lifted_no_plate_approach,lifted_no_plate_approach,no_lift_proxy
gaussian_same_total_cost,101,gaussian_same_total_cost_lib101_seed7,5,11,False,600,0.5041747824990352,0.027851784101851188,lifted_plate_approach_goal_failed,lifted_plate_approach_goal_failed,lifted_plate_approach_goal_failed
gaussian_same_total_cost,101,gaussian_same_total_cost_lib101_seed7,5,12,True,84,0.13468582047983435,0.0046871456906552806,successful,successful,successful
gaussian_same_total_cost,101,gaussian_same_total_cost_lib101_seed7,5,13,False,600,0.15876356896878285,0.2528516664333876,lifted_no_plate_approach,lifted_no_plate_approach,lifted_no_plate_approach
gaussian_same_total_cost,101,gaussian_same_total_cost_lib101_seed7,5,14,False,600,0.04248188208780779,0.270109262078683,lifted_no_plate_approach,lifted_no_plate_approach,no_lift_proxy
gaussian_same_total_cost,101,gaussian_same_total_cost_lib101_seed7,5,15,True,94,0.13743470647376732,0.010948232261303224,successful,successful,successful
gaussian_same_total_cost,101,gaussian_same_total_cost_lib101_seed7,5,16,False,600,0.035935010477067486,0.18765279368823462,lifted_no_plate_approach,lifted_no_plate_approach,no_lift_proxy
gaussian_same_total_cost,101,gaussian_same_total_cost_lib101_seed7,5,17,True,100,0.14909674234713977,0.0013151694063032308,successful,successful,successful
gaussian_same_total_cost,101,gaussian_same_total_cost_lib101_seed7,5,18,True,90,0.11233350411965148,0.02012851130633273,successful,successful,successful
gaussian_same_total_cost,101,gaussian_same_total_cost_lib101_seed7,5,19,False,600,0.011333139702643713,0.2880146742530944,no_lift_proxy,no_lift_proxy,no_lift_proxy
gaussian_same_total_cost,101,gaussian_same_total_cost_lib101_seed7,6,0,True,108,0.1634716729764183,0.013204432015526419,successful,successful,successful
gaussian_same_total_cost,101,gaussian_same_total_cost_lib101_seed7,6,1,True,103,0.15382106815870533,0.003705809763536981,successful,successful,successful
gaussian_same_total_cost,101,gaussian_same_total_cost_lib101_seed7,6,2,False,600,0.014821622795913925,0.27467884278436805,no_lift_proxy,no_lift_proxy,no_lift_proxy
gaussian_same_total_cost,101,gaussian_same_total_cost_lib101_seed7,6,3,True,98,0.11435749583083621,0.008399483641943208,successful,successful,successful
gaussian_same_total_cost,101,gaussian_same_total_cost_lib101_seed7,6,4,True,113,0.14403726962708974,0.023144042273293763,successful,successful,successful
gaussian_same_total_cost,101,gaussian_same_total_cost_lib101_seed7,6,5,False,600,0.1042303562620217,0.23434846930191666,lifted_no_plate_approach,lifted_no_plate_approach,lifted_no_plate_approach
gaussian_same_total_cost,101,gaussian_same_total_cost_lib101_seed7,6,6,True,111,0.12460471712029775,0.007663938286946738,successful,successful,successful
gaussian_same_total_cost,101,gaussian_same_total_cost_lib101_seed7,6,7,False,600,0.0015136689503822964,0.27156573063916994,no_lift_proxy,no_lift_proxy,no_lift_proxy
gaussian_same_total_cost,101,gaussian_same_total_cost_lib101_seed7,6,8,True,134,0.1365446666587875,0.02986462987844052,successful,successful,successful
gaussian_same_total_cost,101,gaussian_same_total_cost_lib101_seed7,6,9,False,600,0.03081919359871621,0.26999007285833126,lifted_no_plate_approach,lifted_no_plate_approach,no_lift_proxy
gaussian_same_total_cost,101,gaussian_same_total_cost_lib101_seed7,6,10,True,122,0.14849702201992532,0.029907366110529514,successful,successful,successful
gaussian_same_total_cost,101,gaussian_same_total_cost_lib101_seed7,6,11,True,109,0.14670597452774548,0.027570075974031414,successful,successful,successful
gaussian_same_total_cost,101,gaussian_same_total_cost_lib101_seed7,6,12,True,102,0.13148561996892583,0.018119334191013456,successful,successful,successful
gaussian_same_total_cost,101,gaussian_same_total_cost_lib101_seed7,6,13,True,98,0.11674109335866789,0.01260018381140108,successful,successful,successful
gaussian_same_total_cost,101,gaussian_same_total_cost_lib101_seed7,6,14,True,108,0.15884075033872125,0.021544610159944952,successful,successful,successful
gaussian_same_total_cost,101,gaussian_same_total_cost_lib101_seed7,6,15,True,294,0.11865092105795205,0.007353373875181534,successful,successful,successful
gaussian_same_total_cost,101,gaussian_same_total_cost_lib101_seed7,6,16,False,600,2.6450475154593533e-07,0.25320818068807355,no_lift_proxy,no_lift_proxy,no_lift_proxy
gaussian_same_total_cost,101,gaussian_same_total_cost_lib101_seed7,6,17,False,600,2.6450475154593533e-07,0.25875343069738704,no_lift_proxy,no_lift_proxy,no_lift_proxy
gaussian_same_total_cost,101,gaussian_same_total_cost_lib101_seed7,6,18,False,600,0.008204331569201195,0.25390015217768913,no_lift_proxy,no_lift_proxy,no_lift_proxy
gaussian_same_total_cost,101,gaussian_same_total_cost_lib101_seed7,6,19,True,102,0.11383323467258832,0.014360649395962462,successful,successful,successful
gaussian_same_total_cost,101,gaussian_same_total_cost_lib101_seed7,7,0,False,600,0.003437277909661418,0.4656473902968266,no_lift_proxy,no_lift_proxy,no_lift_proxy
gaussian_same_total_cost,101,gaussian_same_total_cost_lib101_seed7,7,1,False,600,0.10365349527212064,0.44532385201041197,lifted_no_plate_approach,lifted_no_plate_approach,lifted_no_plate_approach
gaussian_same_total_cost,101,gaussian_same_total_cost_lib101_seed7,7,2,False,600,0.13620702506969407,0.2787728394738125,lifted_no_plate_approach,lifted_no_plate_approach,lifted_no_plate_approach
gaussian_same_total_cost,101,gaussian_same_total_cost_lib101_seed7,7,3,True,130,0.16198521603749283,0.006728695520039455,successful,successful,successful
gaussian_same_total_cost,101,gaussian_same_total_cost_lib101_seed7,7,4,False,600,6.183961898109658e-09,0.43042320845282633,no_lift_proxy,no_lift_proxy,no_lift_proxy
gaussian_same_total_cost,101,gaussian_same_total_cost_lib101_seed7,7,5,False,600,6.183961787087355e-09,0.4557062660990225,no_lift_proxy,no_lift_proxy,no_lift_proxy
gaussian_same_total_cost,101,gaussian_same_total_cost_lib101_seed7,7,6,False,600,6.183961787087355e-09,0.4604952413892437,no_lift_proxy,no_lift_proxy,no_lift_proxy
gaussian_same_total_cost,101,gaussian_same_total_cost_lib101_seed7,7,7,False,600,0.1493279245613448,0.2636077739114369,lifted_no_plate_approach,lifted_no_plate_approach,lifted_no_plate_approach
gaussian_same_total_cost,101,gaussian_same_total_cost_lib101_seed7,7,8,True,200,0.19765107382305414,0.01155116381132391,successful,successful,successful
gaussian_same_total_cost,101,gaussian_same_total_cost_lib101_seed7,7,9,False,600,6.183961898109658e-09,0.4552526284811395,no_lift_proxy,no_lift_proxy,no_lift_proxy
gaussian_same_total_cost,101,gaussian_same_total_cost_lib101_seed7,7,10,True,186,0.15304236475203647,0.023191446044746315,successful,successful,successful
gaussian_same_total_cost,101,gaussian_same_total_cost_lib101_seed7,7,11,False,600,6.183961787087355e-09,0.48889856385783415,no_lift_proxy,no_lift_proxy,no_lift_proxy
gaussian_same_total_cost,101,gaussian_same_total_cost_lib101_seed7,7,12,True,132,0.18556682997759555,0.0073822744720305564,successful,successful,successful
gaussian_same_total_cost,101,gaussian_same_total_cost_lib101_seed7,7,13,False,600,6.183962120154263e-09,0.47926230311810875,no_lift_proxy,no_lift_proxy,no_lift_proxy
gaussian_same_total_cost,101,gaussian_same_total_cost_lib101_seed7,7,14,False,600,6.183961787087355e-09,0.4453581635492363,no_lift_proxy,no_lift_proxy,no_lift_proxy
gaussian_same_total_cost,101,gaussian_same_total_cost_lib101_seed7,7,15,True,186,0.1792308885233338,0.0037623978369967495,successful,successful,successful
gaussian_same_total_cost,101,gaussian_same_total_cost_lib101_seed7,7,16,False,600,6.183961787087355e-09,0.4595610117304313,no_lift_proxy,no_lift_proxy,no_lift_proxy
gaussian_same_total_cost,101,gaussian_same_total_cost_lib101_seed7,7,17,False,600,0.006028140010738925,0.47267025279124275,no_lift_proxy,no_lift_proxy,no_lift_proxy
gaussian_same_total_cost,101,gaussian_same_total_cost_lib101_seed7,7,18,False,600,0.06080656205081936,0.4565592233654549,lifted_no_plate_approach,lifted_no_plate_approach,lifted_no_plate_approach
gaussian_same_total_cost,101,gaussian_same_total_cost_lib101_seed7,7,19,False,600,6.183961787087355e-09,0.4524445440864832,no_lift_proxy,no_lift_proxy,no_lift_proxy
gaussian_same_total_cost,101,gaussian_same_total_cost_lib101_seed7,8,0,True,99,0.11373047804447256,0.016934657684052893,successful,successful,successful
gaussian_same_total_cost,101,gaussian_same_total_cost_lib101_seed7,8,1,True,117,0.10715132137649652,0.00870568334050392,successful,successful,successful
gaussian_same_total_cost,101,gaussian_same_total_cost_lib101_seed7,8,2,False,600,0.0063565665732028265,0.15032210294646092,no_lift_proxy,no_lift_proxy,no_lift_proxy
gaussian_same_total_cost,101,gaussian_same_total_cost_lib101_seed7,8,3,True,113,0.10282597048345576,0.029786271990525692,successful,successful,successful
gaussian_same_total_cost,101,gaussian_same_total_cost_lib101_seed7,8,4,True,99,0.11583933878776553,0.008290345398508418,successful,successful,successful
gaussian_same_total_cost,101,gaussian_same_total_cost_lib101_seed7,8,5,True,103,0.11474940641062725,0.011221523709373326,successful,successful,successful
gaussian_same_total_cost,101,gaussian_same_total_cost_lib101_seed7,8,6,True,86,0.08558317721957731,0.00833648404802325,successful,successful,successful
gaussian_same_total_cost,101,gaussian_same_total_cost_lib101_seed7,8,7,True,83,0.10133035041336869,0.027061979923861522,successful,successful,successful
gaussian_same_total_cost,101,gaussian_same_total_cost_lib101_seed7,8,8,True,104,0.13677285331168298,0.008370861972988017,successful,successful,successful
gaussian_same_total_cost,101,gaussian_same_total_cost_lib101_seed7,8,9,True,103,0.10689807888446623,0.012023316320273989,successful,successful,successful
gaussian_same_total_cost,101,gaussian_same_total_cost_lib101_seed7,8,10,True,101,0.11342127782831724,0.018714922377053574,successful,successful,successful
gaussian_same_total_cost,101,gaussian_same_total_cost_lib101_seed7,8,11,True,96,0.10867455904684187,0.023548116176737244,successful,successful,successful
gaussian_same_total_cost,101,gaussian_same_total_cost_lib101_seed7,8,12,True,161,0.09038693959815258,0.019201068901981963,successful,successful,successful
gaussian_same_total_cost,101,gaussian_same_total_cost_lib101_seed7,8,13,False,600,0.0041317770822535405,0.12382745643332242,no_lift_proxy,no_lift_proxy,no_lift_proxy
gaussian_same_total_cost,101,gaussian_same_total_cost_lib101_seed7,8,14,True,110,0.12724943626755314,0.018227485226534505,successful,successful,successful
gaussian_same_total_cost,101,gaussian_same_total_cost_lib101_seed7,8,15,True,98,0.11342106431752674,0.022556455797997345,successful,successful,successful
gaussian_same_total_cost,101,gaussian_same_total_cost_lib101_seed7,8,16,True,97,0.1296395249770268,0.019561352656371978,successful,successful,successful
gaussian_same_total_cost,101,gaussian_same_total_cost_lib101_seed7,8,17,True,96,0.12809085106566243,0.02831540411347969,successful,successful,successful
gaussian_same_total_cost,101,gaussian_same_total_cost_lib101_seed7,8,18,True,101,0.10564388636507283,0.0026698628620571096,successful,successful,successful
gaussian_same_total_cost,101,gaussian_same_total_cost_lib101_seed7,8,19,False,600,0.014291334882461593,0.12449249635762086,no_lift_proxy,no_lift_proxy,no_lift_proxy
gaussian_same_total_cost,101,gaussian_same_total_cost_lib101_seed7,9,0,True,124,0.1464041588137217,0.010212755295147528,successful,successful,successful
gaussian_same_total_cost,101,gaussian_same_total_cost_lib101_seed7,9,1,False,600,0.1590614214711903,0.00985256772511652,lifted_no_plate_approach,lifted_no_plate_approach,lifted_no_plate_approach
gaussian_same_total_cost,101,gaussian_same_total_cost_lib101_seed7,9,2,False,600,0.006014547239897805,0.4964486782819241,no_lift_proxy,no_lift_proxy,no_lift_proxy
gaussian_same_total_cost,101,gaussian_same_total_cost_lib101_seed7,9,3,True,118,0.12646428882726313,0.02376244748362607,successful,successful,successful
gaussian_same_total_cost,101,gaussian_same_total_cost_lib101_seed7,9,4,False,600,0.003866013596021567,0.43992381720741036,no_lift_proxy,no_lift_proxy,no_lift_proxy
gaussian_same_total_cost,101,gaussian_same_total_cost_lib101_seed7,9,5,True,122,0.16010455321159345,0.007100183391853069,successful,successful,successful
gaussian_same_total_cost,101,gaussian_same_total_cost_lib101_seed7,9,6,False,600,0.010904971850927536,0.48081595751175743,no_lift_proxy,no_lift_proxy,no_lift_proxy
gaussian_same_total_cost,101,gaussian_same_total_cost_lib101_seed7,9,7,True,127,0.11993561924258778,0.014653349467530797,successful,successful,successful
gaussian_same_total_cost,101,gaussian_same_total_cost_lib101_seed7,9,8,False,600,0.029929590763795755,0.5017973804447368,lifted_no_plate_approach,no_lift_proxy,no_lift_proxy
gaussian_same_total_cost,101,gaussian_same_total_cost_lib101_seed7,9,9,False,600,1.580957587066223e-13,0.5060437047563754,no_lift_proxy,no_lift_proxy,no_lift_proxy
gaussian_same_total_cost,101,gaussian_same_total_cost_lib101_seed7,9,10,True,116,0.11997497192600814,0.0190174608579147,successful,successful,successful
gaussian_same_total_cost,101,gaussian_same_total_cost_lib101_seed7,9,11,False,600,0.011131779845166223,0.4808890298240483,no_lift_proxy,no_lift_proxy,no_lift_proxy
gaussian_same_total_cost,101,gaussian_same_total_cost_lib101_seed7,9,12,True,129,0.14230667123951002,0.017082993821544608,successful,successful,successful
gaussian_same_total_cost,101,gaussian_same_total_cost_lib101_seed7,9,13,True,112,0.12827661824396475,0.007918498875012656,successful,successful,successful
gaussian_same_total_cost,101,gaussian_same_total_cost_lib101_seed7,9,14,True,111,0.13808951333602626,0.007769409269543509,successful,successful,successful
gaussian_same_total_cost,101,gaussian_same_total_cost_lib101_seed7,9,15,False,600,0.007926970506623832,0.47883184331712286,no_lift_proxy,no_lift_proxy,no_lift_proxy
gaussian_same_total_cost,101,gaussian_same_total_cost_lib101_seed7,9,16,True,119,0.10484627501482047,0.014346484557716503,successful,successful,successful
gaussian_same_total_cost,101,gaussian_same_total_cost_lib101_seed7,9,17,True,107,0.09172221361277066,0.004681484558144164,successful,successful,successful
gaussian_same_total_cost,101,gaussian_same_total_cost_lib101_seed7,9,18,False,600,0.005316830758685942,0.47036331813354043,no_lift_proxy,no_lift_proxy,no_lift_proxy
gaussian_same_total_cost,101,gaussian_same_total_cost_lib101_seed7,9,19,True,241,0.16527716081245147,0.020475606806267293,successful,successful,successful
gaussian_same_total_cost,202,gaussian_same_total_cost_lib202_seed11,0,0,True,71,0.09586037095424749,0.0027792022987168856,successful,successful,successful
gaussian_same_total_cost,202,gaussian_same_total_cost_lib202_seed11,0,1,False,600,0.2038241009836037,0.008068692812817885,lifted_plate_approach_goal_failed,lifted_plate_approach_goal_failed,lifted_plate_approach_goal_failed
gaussian_same_total_cost,202,gaussian_same_total_cost_lib202_seed11,0,2,False,600,0.013786742090095783,0.16403669527092368,no_lift_proxy,no_lift_proxy,no_lift_proxy
gaussian_same_total_cost,202,gaussian_same_total_cost_lib202_seed11,0,3,True,74,0.09718024495968014,0.013403295554474916,successful,successful,successful
gaussian_same_total_cost,202,gaussian_same_total_cost_lib202_seed11,0,4,True,75,0.09303579846724741,0.018611851179237932,successful,successful,successful
gaussian_same_total_cost,202,gaussian_same_total_cost_lib202_seed11,0,5,True,78,0.12001363913491958,0.014418067780019196,successful,successful,successful
gaussian_same_total_cost,202,gaussian_same_total_cost_lib202_seed11,0,6,False,600,0.0010077985359053798,0.11379332246626482,no_lift_proxy,no_lift_proxy,no_lift_proxy
gaussian_same_total_cost,202,gaussian_same_total_cost_lib202_seed11,0,7,False,600,0.01369737367287105,0.11495795627271618,no_lift_proxy,no_lift_proxy,no_lift_proxy
gaussian_same_total_cost,202,gaussian_same_total_cost_lib202_seed11,0,8,True,73,0.0851908691431863,0.002563329926783688,successful,successful,successful
gaussian_same_total_cost,202,gaussian_same_total_cost_lib202_seed11,0,9,True,72,0.07855250205197006,0.0007460733134844676,successful,successful,successful
gaussian_same_total_cost,202,gaussian_same_total_cost_lib202_seed11,0,10,True,69,0.08520670063613112,0.0034733921765590734,successful,successful,successful
gaussian_same_total_cost,202,gaussian_same_total_cost_lib202_seed11,0,11,True,72,0.10150250783313786,0.005734718053263765,successful,successful,successful
gaussian_same_total_cost,202,gaussian_same_total_cost_lib202_seed11,0,12,True,74,0.0951655518946688,0.0036344861488404054,successful,successful,successful
gaussian_same_total_cost,202,gaussian_same_total_cost_lib202_seed11,0,13,True,147,0.15840354269275103,0.0006944494438312467,successful,successful,successful
gaussian_same_total_cost,202,gaussian_same_total_cost_lib202_seed11,0,14,True,121,0.10766360160869437,0.0029381046324199545,successful,successful,successful
gaussian_same_total_cost,202,gaussian_same_total_cost_lib202_seed11,0,15,False,600,0.04145853344145223,0.07587153488907379,lifted_no_plate_approach,lifted_no_plate_approach,no_lift_proxy
gaussian_same_total_cost,202,gaussian_same_total_cost_lib202_seed11,0,16,True,71,0.06767711167040213,0.015595048045656078,successful,successful,successful
gaussian_same_total_cost,202,gaussian_same_total_cost_lib202_seed11,0,17,True,69,0.09502284071295519,0.00421076315858067,successful,successful,successful
gaussian_same_total_cost,202,gaussian_same_total_cost_lib202_seed11,0,18,True,86,0.13680208909664515,0.0018277291617267528,successful,successful,successful
gaussian_same_total_cost,202,gaussian_same_total_cost_lib202_seed11,0,19,True,76,0.11094550605634523,0.024842381687293913,successful,successful,successful
gaussian_same_total_cost,202,gaussian_same_total_cost_lib202_seed11,1,0,True,120,0.17840927426631348,0.014382625907839838,successful,successful,successful
gaussian_same_total_cost,202,gaussian_same_total_cost_lib202_seed11,1,1,True,120,0.1631015388871877,0.0068444629941537445,successful,successful,successful
gaussian_same_total_cost,202,gaussian_same_total_cost_lib202_seed11,1,2,True,112,0.17632174132955392,0.017874894809066354,successful,successful,successful
gaussian_same_total_cost,202,gaussian_same_total_cost_lib202_seed11,1,3,True,202,0.11870687755586662,0.029922195595578176,successful,successful,successful
gaussian_same_total_cost,202,gaussian_same_total_cost_lib202_seed11,1,4,False,600,0.16680568895427506,0.031879380847950445,lifted_plate_approach_goal_failed,lifted_plate_approach_goal_failed,lifted_plate_approach_goal_failed
gaussian_same_total_cost,202,gaussian_same_total_cost_lib202_seed11,1,5,True,105,0.1601511109197562,0.0017174821850556696,successful,successful,successful
gaussian_same_total_cost,202,gaussian_same_total_cost_lib202_seed11,1,6,True,114,0.19002437683214324,0.009496604915830605,successful,successful,successful
gaussian_same_total_cost,202,gaussian_same_total_cost_lib202_seed11,1,7,False,600,0.00952340164760579,0.28912751709986556,no_lift_proxy,no_lift_proxy,no_lift_proxy
gaussian_same_total_cost,202,gaussian_same_total_cost_lib202_seed11,1,8,True,99,0.1448656500286798,0.003326291944244148,successful,successful,successful
gaussian_same_total_cost,202,gaussian_same_total_cost_lib202_seed11,1,9,True,108,0.1636445829329638,0.005552938003598569,successful,successful,successful
gaussian_same_total_cost,202,gaussian_same_total_cost_lib202_seed11,1,10,True,107,0.18484846106875263,0.0065830610257000205,successful,successful,successful
gaussian_same_total_cost,202,gaussian_same_total_cost_lib202_seed11,1,11,True,117,0.15835012224446698,0.010866671884320203,successful,successful,successful
gaussian_same_total_cost,202,gaussian_same_total_cost_lib202_seed11,1,12,False,600,0.014217598248897012,0.25940457475665624,no_lift_proxy,no_lift_proxy,no_lift_proxy
gaussian_same_total_cost,202,gaussian_same_total_cost_lib202_seed11,1,13,True,164,0.08664671136298885,0.016586277270465275,successful,successful,successful
gaussian_same_total_cost,202,gaussian_same_total_cost_lib202_seed11,1,14,True,107,0.14659367253560363,0.005281487538041252,successful,successful,successful
gaussian_same_total_cost,202,gaussian_same_total_cost_lib202_seed11,1,15,True,110,0.16119764614605803,0.002341115352257544,successful,successful,successful
gaussian_same_total_cost,202,gaussian_same_total_cost_lib202_seed11,1,16,True,109,0.1668293728102732,0.021831428100193673,successful,successful,successful
gaussian_same_total_cost,202,gaussian_same_total_cost_lib202_seed11,1,17,True,108,0.17756624886175176,0.00191778731542468,successful,successful,successful
gaussian_same_total_cost,202,gaussian_same_total_cost_lib202_seed11,1,18,False,600,0.022709539614773733,0.26847720316945184,lifted_no_plate_approach,no_lift_proxy,no_lift_proxy
gaussian_same_total_cost,202,gaussian_same_total_cost_lib202_seed11,1,19,True,112,0.13322898117493542,0.005376112565045573,successful,successful,successful
gaussian_same_total_cost,202,gaussian_same_total_cost_lib202_seed11,2,0,False,600,0.00381757300716834,0.23637715026582476,no_lift_proxy,no_lift_proxy,no_lift_proxy
gaussian_same_total_cost,202,gaussian_same_total_cost_lib202_seed11,2,1,True,97,0.16098198047946588,0.005301943920270883,successful,successful,successful
gaussian_same_total_cost,202,gaussian_same_total_cost_lib202_seed11,2,2,True,100,0.18353188551344535,0.024450979187683013,successful,successful,successful
gaussian_same_total_cost,202,gaussian_same_total_cost_lib202_seed11,2,3,True,107,0.16254354485668543,0.020624768785461847,successful,successful,successful
gaussian_same_total_cost,202,gaussian_same_total_cost_lib202_seed11,2,4,True,118,0.10532009841206547,0.029678456665516228,successful,successful,successful
gaussian_same_total_cost,202,gaussian_same_total_cost_lib202_seed11,2,5,False,600,0.008331340775669882,0.23170357071061543,no_lift_proxy,no_lift_proxy,no_lift_proxy
gaussian_same_total_cost,202,gaussian_same_total_cost_lib202_seed11,2,6,True,93,0.12171332872381435,0.0158581358475756,successful,successful,successful
gaussian_same_total_cost,202,gaussian_same_total_cost_lib202_seed11,2,7,True,97,0.1469296566902143,0.01761007649002551,successful,successful,successful
gaussian_same_total_cost,202,gaussian_same_total_cost_lib202_seed11,2,8,True,112,0.1303901314966318,0.013234853328148907,successful,successful,successful
gaussian_same_total_cost,202,gaussian_same_total_cost_lib202_seed11,2,9,False,600,0.21622581312824463,0.04240883299671733,lifted_plate_approach_goal_failed,lifted_plate_approach_goal_failed,lifted_plate_approach_goal_failed
gaussian_same_total_cost,202,gaussian_same_total_cost_lib202_seed11,2,10,True,101,0.1291985600854706,0.007892702896452325,successful,successful,successful
gaussian_same_total_cost,202,gaussian_same_total_cost_lib202_seed11,2,11,True,99,0.16905580936727715,0.017175328658651044,successful,successful,successful
gaussian_same_total_cost,202,gaussian_same_total_cost_lib202_seed11,2,12,True,96,0.1518380540930826,0.014479328675039586,successful,successful,successful
gaussian_same_total_cost,202,gaussian_same_total_cost_lib202_seed11,2,13,True,95,0.13408860881804796,0.004119048984454716,successful,successful,successful
gaussian_same_total_cost,202,gaussian_same_total_cost_lib202_seed11,2,14,True,106,0.11577114333131688,0.016150926106580903,successful,successful,successful
gaussian_same_total_cost,202,gaussian_same_total_cost_lib202_seed11,2,15,True,100,0.16368040604881928,0.015345263191387693,successful,successful,successful
gaussian_same_total_cost,202,gaussian_same_total_cost_lib202_seed11,2,16,True,88,0.12806088199730792,0.00901716228027763,successful,successful,successful
gaussian_same_total_cost,202,gaussian_same_total_cost_lib202_seed11,2,17,False,600,0.011647927027669813,0.26573011941011726,no_lift_proxy,no_lift_proxy,no_lift_proxy
gaussian_same_total_cost,202,gaussian_same_total_cost_lib202_seed11,2,18,False,600,0.001704367425833797,0.23061962916178752,no_lift_proxy,no_lift_proxy,no_lift_proxy
gaussian_same_total_cost,202,gaussian_same_total_cost_lib202_seed11,2,19,True,102,0.13013500798020727,0.008502629263311096,successful,successful,successful
gaussian_same_total_cost,202,gaussian_same_total_cost_lib202_seed11,3,0,True,97,0.14174176545033945,0.01497099504346192,successful,successful,successful
gaussian_same_total_cost,202,gaussian_same_total_cost_lib202_seed11,3,1,True,94,0.1321329920290335,0.01605542009235553,successful,successful,successful
gaussian_same_total_cost,202,gaussian_same_total_cost_lib202_seed11,3,2,False,600,0.015208536726014188,0.16891895506071292,no_lift_proxy,no_lift_proxy,no_lift_proxy
gaussian_same_total_cost,202,gaussian_same_total_cost_lib202_seed11,3,3,True,110,0.08876349287728502,0.028402345116667824,successful,successful,successful
gaussian_same_total_cost,202,gaussian_same_total_cost_lib202_seed11,3,4,True,85,0.13336868115227085,0.025905747548354497,successful,successful,successful
gaussian_same_total_cost,202,gaussian_same_total_cost_lib202_seed11,3,5,True,88,0.10069720581702513,0.007617188548955026,successful,successful,successful
gaussian_same_total_cost,202,gaussian_same_total_cost_lib202_seed11,3,6,False,600,0.10870152013570367,0.09228499752135162,lifted_no_plate_approach,lifted_no_plate_approach,lifted_no_plate_approach
gaussian_same_total_cost,202,gaussian_same_total_cost_lib202_seed11,3,7,True,86,0.1251018338916594,0.0234990123749859,successful,successful,successful
gaussian_same_total_cost,202,gaussian_same_total_cost_lib202_seed11,3,8,True,89,0.07902902725711436,0.021483804340664197,successful,successful,successful
gaussian_same_total_cost,202,gaussian_same_total_cost_lib202_seed11,3,9,True,82,0.10419987735518088,0.023044832322856264,successful,successful,successful
gaussian_same_total_cost,202,gaussian_same_total_cost_lib202_seed11,3,10,False,600,0.025804816174248235,0.17947791752136866,lifted_no_plate_approach,no_lift_proxy,no_lift_proxy
gaussian_same_total_cost,202,gaussian_same_total_cost_lib202_seed11,3,11,True,80,0.09341125954880714,0.009108289943856344,successful,successful,successful
gaussian_same_total_cost,202,gaussian_same_total_cost_lib202_seed11,3,12,True,115,0.13053958469720828,0.029985097152670025,successful,successful,successful
gaussian_same_total_cost,202,gaussian_same_total_cost_lib202_seed11,3,13,True,83,0.1146185070662823,0.019422028578251087,successful,successful,successful
gaussian_same_total_cost,202,gaussian_same_total_cost_lib202_seed11,3,14,True,87,0.12539677766218882,0.020427643950601926,successful,successful,successful
gaussian_same_total_cost,202,gaussian_same_total_cost_lib202_seed11,3,15,True,76,0.07411812731256429,0.01703618427235343,successful,successful,successful
gaussian_same_total_cost,202,gaussian_same_total_cost_lib202_seed11,3,16,False,600,2.3705661167383596e-07,0.18673474089977266,no_lift_proxy,no_lift_proxy,no_lift_proxy
gaussian_same_total_cost,202,gaussian_same_total_cost_lib202_seed11,3,17,True,88,0.11720377990014885,0.022297223693575254,successful,successful,successful
gaussian_same_total_cost,202,gaussian_same_total_cost_lib202_seed11,3,18,True,90,0.09258590079869267,0.028807350878866794,successful,successful,successful
gaussian_same_total_cost,202,gaussian_same_total_cost_lib202_seed11,3,19,True,160,0.0780999157964225,0.02812806495902077,successful,successful,successful
gaussian_same_total_cost,202,gaussian_same_total_cost_lib202_seed11,4,0,False,600,0.01426714639069604,0.34084772158848475,no_lift_proxy,no_lift_proxy,no_lift_proxy
gaussian_same_total_cost,202,gaussian_same_total_cost_lib202_seed11,4,1,True,146,0.18078661291855846,0.006202630612392792,successful,successful,successful
gaussian_same_total_cost,202,gaussian_same_total_cost_lib202_seed11,4,2,True,137,0.1347108119235334,0.01497549720178595,successful,successful,successful
gaussian_same_total_cost,202,gaussian_same_total_cost_lib202_seed11,4,3,True,122,0.14688296155080316,0.011212241166856816,successful,successful,successful
gaussian_same_total_cost,202,gaussian_same_total_cost_lib202_seed11,4,4,True,118,0.13841487343545156,0.009511910876731606,successful,successful,successful
gaussian_same_total_cost,202,gaussian_same_total_cost_lib202_seed11,4,5,True,123,0.14537939074574413,0.00924788618208723,successful,successful,successful
gaussian_same_total_cost,202,gaussian_same_total_cost_lib202_seed11,4,6,True,140,0.17096851971749527,0.026853966742557994,successful,successful,successful
gaussian_same_total_cost,202,gaussian_same_total_cost_lib202_seed11,4,7,True,128,0.19074797422802825,0.02349832018555673,successful,successful,successful
gaussian_same_total_cost,202,gaussian_same_total_cost_lib202_seed11,4,8,True,122,0.14279371833402177,0.0017407946671923998,successful,successful,successful
gaussian_same_total_cost,202,gaussian_same_total_cost_lib202_seed11,4,9,True,118,0.13768397310010982,0.014910087413275057,successful,successful,successful
gaussian_same_total_cost,202,gaussian_same_total_cost_lib202_seed11,4,10,False,600,0.02286575424760673,0.3210749279710452,lifted_no_plate_approach,no_lift_proxy,no_lift_proxy
gaussian_same_total_cost,202,gaussian_same_total_cost_lib202_seed11,4,11,True,118,0.15019572992625663,0.011657915346773275,successful,successful,successful
gaussian_same_total_cost,202,gaussian_same_total_cost_lib202_seed11,4,12,True,145,0.18912306537866175,0.021703316469473842,successful,successful,successful
gaussian_same_total_cost,202,gaussian_same_total_cost_lib202_seed11,4,13,True,136,0.16308484486861197,0.022827345336895417,successful,successful,successful
gaussian_same_total_cost,202,gaussian_same_total_cost_lib202_seed11,4,14,True,142,0.14685770737783654,0.007332855780397531,successful,successful,successful
gaussian_same_total_cost,202,gaussian_same_total_cost_lib202_seed11,4,15,False,600,0.1357753777550692,0.045508195687268556,lifted_no_plate_approach,lifted_no_plate_approach,lifted_no_plate_approach
gaussian_same_total_cost,202,gaussian_same_total_cost_lib202_seed11,4,16,True,124,0.15746029622089042,0.003925741637387554,successful,successful,successful
gaussian_same_total_cost,202,gaussian_same_total_cost_lib202_seed11,4,17,False,600,7.0253465267455795e-09,0.33158322800418727,no_lift_proxy,no_lift_proxy,no_lift_proxy
gaussian_same_total_cost,202,gaussian_same_total_cost_lib202_seed11,4,18,True,129,0.16867048908395388,0.006534117506359716,successful,successful,successful
gaussian_same_total_cost,202,gaussian_same_total_cost_lib202_seed11,4,19,True,170,0.18044594211081177,0.004368636171369655,successful,successful,successful
gaussian_same_total_cost,202,gaussian_same_total_cost_lib202_seed11,5,0,True,93,0.13016479501419898,0.008988007765139163,successful,successful,successful
gaussian_same_total_cost,202,gaussian_same_total_cost_lib202_seed11,5,1,False,600,0.025616504192025658,0.2882065218193314,lifted_no_plate_approach,no_lift_proxy,no_lift_proxy
gaussian_same_total_cost,202,gaussian_same_total_cost_lib202_seed11,5,2,False,600,0.14416678099892444,0.018907687088273346,lifted_plate_approach_goal_failed,lifted_plate_approach_goal_failed,lifted_plate_approach_goal_failed
gaussian_same_total_cost,202,gaussian_same_total_cost_lib202_seed11,5,3,True,89,0.13162250976193646,0.008372598908611185,successful,successful,successful
gaussian_same_total_cost,202,gaussian_same_total_cost_lib202_seed11,5,4,True,84,0.11500017505741855,0.005114409064296614,successful,successful,successful
gaussian_same_total_cost,202,gaussian_same_total_cost_lib202_seed11,5,5,False,600,0.11352877599818456,0.02398792153160855,lifted_plate_approach_goal_failed,lifted_plate_approach_goal_failed,lifted_plate_approach_goal_failed
gaussian_same_total_cost,202,gaussian_same_total_cost_lib202_seed11,5,6,False,600,0.01732082289898318,0.2599474307847797,no_lift_proxy,no_lift_proxy,no_lift_proxy
gaussian_same_total_cost,202,gaussian_same_total_cost_lib202_seed11,5,7,False,600,0.02329228220017643,0.2693340491806779,lifted_no_plate_approach,no_lift_proxy,no_lift_proxy
gaussian_same_total_cost,202,gaussian_same_total_cost_lib202_seed11,5,8,True,92,0.12336632249101676,0.001394874952385061,successful,successful,successful
gaussian_same_total_cost,202,gaussian_same_total_cost_lib202_seed11,5,9,True,93,0.12699866884287547,0.0019804376961184756,successful,successful,successful
gaussian_same_total_cost,202,gaussian_same_total_cost_lib202_seed11,5,10,False,600,0.05032876205603343,0.26590825660849227,lifted_no_plate_approach,lifted_no_plate_approach,lifted_no_plate_approach
gaussian_same_total_cost,202,gaussian_same_total_cost_lib202_seed11,5,11,False,600,0.14809391302157482,0.003919014285235155,lifted_plate_approach_goal_failed,lifted_plate_approach_goal_failed,lifted_plate_approach_goal_failed
gaussian_same_total_cost,202,gaussian_same_total_cost_lib202_seed11,5,12,True,85,0.13596079020580787,0.0076514870308124,successful,successful,successful
gaussian_same_total_cost,202,gaussian_same_total_cost_lib202_seed11,5,13,True,89,0.10164314430023691,0.0014868480236076454,successful,successful,successful
gaussian_same_total_cost,202,gaussian_same_total_cost_lib202_seed11,5,14,False,600,0.05226111013531054,0.270109262078683,lifted_no_plate_approach,lifted_no_plate_approach,lifted_no_plate_approach
gaussian_same_total_cost,202,gaussian_same_total_cost_lib202_seed11,5,15,False,600,0.026489214328851762,0.29963566224951693,lifted_no_plate_approach,no_lift_proxy,no_lift_proxy
gaussian_same_total_cost,202,gaussian_same_total_cost_lib202_seed11,5,16,False,600,0.026720273250673943,0.2727280440835939,lifted_no_plate_approach,no_lift_proxy,no_lift_proxy
gaussian_same_total_cost,202,gaussian_same_total_cost_lib202_seed11,5,17,True,110,0.10313112587651296,0.005657492553636662,successful,successful,successful
gaussian_same_total_cost,202,gaussian_same_total_cost_lib202_seed11,5,18,True,94,0.107156065159283,0.0005165384848278219,successful,successful,successful
gaussian_same_total_cost,202,gaussian_same_total_cost_lib202_seed11,5,19,False,600,0.0008847134440791438,0.2880146616719637,no_lift_proxy,no_lift_proxy,no_lift_proxy
gaussian_same_total_cost,202,gaussian_same_total_cost_lib202_seed11,6,0,True,105,0.15277974165000674,0.026085396366937123,successful,successful,successful
gaussian_same_total_cost,202,gaussian_same_total_cost_lib202_seed11,6,1,True,122,0.15100420689825333,0.028725124280302387,successful,successful,successful
gaussian_same_total_cost,202,gaussian_same_total_cost_lib202_seed11,6,2,True,99,0.13976207073981417,0.017598085398149922,successful,successful,successful
gaussian_same_total_cost,202,gaussian_same_total_cost_lib202_seed11,6,3,True,136,0.1313721249570059,0.026320601625230314,successful,successful,successful
gaussian_same_total_cost,202,gaussian_same_total_cost_lib202_seed11,6,4,False,600,0.13179080375661667,0.031087039445208707,lifted_plate_approach_goal_failed,lifted_plate_approach_goal_failed,lifted_plate_approach_goal_failed
gaussian_same_total_cost,202,gaussian_same_total_cost_lib202_seed11,6,5,True,102,0.12380449891841039,0.007112514715884065,successful,successful,successful
gaussian_same_total_cost,202,gaussian_same_total_cost_lib202_seed11,6,6,True,104,0.1313554645542423,0.019433699976253004,successful,successful,successful
gaussian_same_total_cost,202,gaussian_same_total_cost_lib202_seed11,6,7,True,93,0.10758425973058183,0.023427774567965125,successful,successful,successful
gaussian_same_total_cost,202,gaussian_same_total_cost_lib202_seed11,6,8,True,100,0.13807631569102252,0.02885032599039149,successful,successful,successful
gaussian_same_total_cost,202,gaussian_same_total_cost_lib202_seed11,6,9,True,106,0.13090160333202894,0.023991063711641596,successful,successful,successful
gaussian_same_total_cost,202,gaussian_same_total_cost_lib202_seed11,6,10,True,105,0.14892757390129518,0.02376219558728204,successful,successful,successful
gaussian_same_total_cost,202,gaussian_same_total_cost_lib202_seed11,6,11,True,105,0.12985102193407605,0.029859857542193804,successful,successful,successful
gaussian_same_total_cost,202,gaussian_same_total_cost_lib202_seed11,6,12,True,102,0.14001943349263035,0.025622771920182728,successful,successful,successful
gaussian_same_total_cost,202,gaussian_same_total_cost_lib202_seed11,6,13,True,102,0.14372472041478157,0.025307418688554302,successful,successful,successful
gaussian_same_total_cost,202,gaussian_same_total_cost_lib202_seed11,6,14,True,101,0.12838718833603324,0.029313910964105745,successful,successful,successful
gaussian_same_total_cost,202,gaussian_same_total_cost_lib202_seed11,6,15,True,102,0.13769509622032694,0.01875882992677382,successful,successful,successful
gaussian_same_total_cost,202,gaussian_same_total_cost_lib202_seed11,6,16,False,600,0.008343489373876523,0.27850285954842474,no_lift_proxy,no_lift_proxy,no_lift_proxy
gaussian_same_total_cost,202,gaussian_same_total_cost_lib202_seed11,6,17,True,101,0.1301672925276598,0.024321797587700096,successful,successful,successful
gaussian_same_total_cost,202,gaussian_same_total_cost_lib202_seed11,6,18,True,118,0.1514780305370802,0.005583143321713316,successful,successful,successful
gaussian_same_total_cost,202,gaussian_same_total_cost_lib202_seed11,6,19,True,96,0.12329641520611156,0.008909441722324798,successful,successful,successful
gaussian_same_total_cost,202,gaussian_same_total_cost_lib202_seed11,7,0,True,115,0.14013183326384437,0.011991513870534041,successful,successful,successful
gaussian_same_total_cost,202,gaussian_same_total_cost_lib202_seed11,7,1,False,600,6.18396200913196e-09,0.4647343112727681,no_lift_proxy,no_lift_proxy,no_lift_proxy
gaussian_same_total_cost,202,gaussian_same_total_cost_lib202_seed11,7,2,True,119,0.17106735569131248,0.0038339511120879274,successful,successful,successful
gaussian_same_total_cost,202,gaussian_same_total_cost_lib202_seed11,7,3,False,600,6.18396200913196e-09,0.46542592166713964,no_lift_proxy,no_lift_proxy,no_lift_proxy
gaussian_same_total_cost,202,gaussian_same_total_cost_lib202_seed11,7,4,False,600,6.183962120154263e-09,0.45233002993980964,no_lift_proxy,no_lift_proxy,no_lift_proxy
gaussian_same_total_cost,202,gaussian_same_total_cost_lib202_seed11,7,5,False,600,6.183961898109658e-09,0.4557062660990225,no_lift_proxy,no_lift_proxy,no_lift_proxy
gaussian_same_total_cost,202,gaussian_same_total_cost_lib202_seed11,7,6,False,600,0.15156244886319614,0.044542671724106093,lifted_plate_approach_goal_failed,lifted_plate_approach_goal_failed,lifted_plate_approach_goal_failed
gaussian_same_total_cost,202,gaussian_same_total_cost_lib202_seed11,7,7,True,141,0.14856389781564627,0.006149071003136388,successful,successful,successful
gaussian_same_total_cost,202,gaussian_same_total_cost_lib202_seed11,7,8,True,169,0.1756594073487805,0.014749856420948011,successful,successful,successful
gaussian_same_total_cost,202,gaussian_same_total_cost_lib202_seed11,7,9,False,600,6.18396200913196e-09,0.4552526284811395,no_lift_proxy,no_lift_proxy,no_lift_proxy
gaussian_same_total_cost,202,gaussian_same_total_cost_lib202_seed11,7,10,False,600,6.183961787087355e-09,0.4651114267804115,no_lift_proxy,no_lift_proxy,no_lift_proxy
gaussian_same_total_cost,202,gaussian_same_total_cost_lib202_seed11,7,11,False,600,0.014436557808316541,0.48877171928592544,no_lift_proxy,no_lift_proxy,no_lift_proxy
gaussian_same_total_cost,202,gaussian_same_total_cost_lib202_seed11,7,12,True,121,0.1624255031387295,0.011400882042594174,successful,successful,successful
gaussian_same_total_cost,202,gaussian_same_total_cost_lib202_seed11,7,13,False,600,6.18396200913196e-09,0.47926230311810875,no_lift_proxy,no_lift_proxy,no_lift_proxy
gaussian_same_total_cost,202,gaussian_same_total_cost_lib202_seed11,7,14,True,128,0.15520574757979877,0.0030661176452888603,successful,successful,successful
gaussian_same_total_cost,202,gaussian_same_total_cost_lib202_seed11,7,15,True,139,0.17816472559373842,0.0023056291953020493,successful,successful,successful
gaussian_same_total_cost,202,gaussian_same_total_cost_lib202_seed11,7,16,False,600,6.183961787087355e-09,0.4595610117304313,no_lift_proxy,no_lift_proxy,no_lift_proxy
gaussian_same_total_cost,202,gaussian_same_total_cost_lib202_seed11,7,17,True,121,0.1701972223406657,0.007624114673148024,successful,successful,successful
gaussian_same_total_cost,202,gaussian_same_total_cost_lib202_seed11,7,18,True,126,0.16990524499395276,0.010282039484519076,successful,successful,successful
gaussian_same_total_cost,202,gaussian_same_total_cost_lib202_seed11,7,19,False,600,6.183961787087355e-09,0.4503134922912137,no_lift_proxy,no_lift_proxy,no_lift_proxy
gaussian_same_total_cost,202,gaussian_same_total_cost_lib202_seed11,8,0,True,105,0.14227087938500715,0.021661507779321427,successful,successful,successful
gaussian_same_total_cost,202,gaussian_same_total_cost_lib202_seed11,8,1,True,92,0.08844984378230614,0.01699621474815145,successful,successful,successful
gaussian_same_total_cost,202,gaussian_same_total_cost_lib202_seed11,8,2,False,600,0.010349334379745723,0.15241498455476746,no_lift_proxy,no_lift_proxy,no_lift_proxy
gaussian_same_total_cost,202,gaussian_same_total_cost_lib202_seed11,8,3,True,89,0.09677041387310281,0.015472424242835427,successful,successful,successful
gaussian_same_total_cost,202,gaussian_same_total_cost_lib202_seed11,8,4,False,600,0.008805819752247146,0.1713740614170652,no_lift_proxy,no_lift_proxy,no_lift_proxy
gaussian_same_total_cost,202,gaussian_same_total_cost_lib202_seed11,8,5,True,100,0.12165967231341235,0.01510610600088073,successful,successful,successful
gaussian_same_total_cost,202,gaussian_same_total_cost_lib202_seed11,8,6,True,114,0.12069593919752863,0.005869214339211488,successful,successful,successful
gaussian_same_total_cost,202,gaussian_same_total_cost_lib202_seed11,8,7,True,94,0.08611396690575068,0.017601198525758314,successful,successful,successful
gaussian_same_total_cost,202,gaussian_same_total_cost_lib202_seed11,8,8,True,93,0.10595150183190194,0.01443219302978649,successful,successful,successful
gaussian_same_total_cost,202,gaussian_same_total_cost_lib202_seed11,8,9,True,91,0.09756000792353381,0.01645236377917201,successful,successful,successful
gaussian_same_total_cost,202,gaussian_same_total_cost_lib202_seed11,8,10,True,102,0.11086028393714376,0.005030304318738223,successful,successful,successful
gaussian_same_total_cost,202,gaussian_same_total_cost_lib202_seed11,8,11,True,104,0.10707782158064139,0.0018408005430423403,successful,successful,successful
gaussian_same_total_cost,202,gaussian_same_total_cost_lib202_seed11,8,12,True,96,0.10509199170897476,0.011254790987503111,successful,successful,successful
gaussian_same_total_cost,202,gaussian_same_total_cost_lib202_seed11,8,13,True,85,0.07578952058340471,0.006334669975573461,successful,successful,successful
gaussian_same_total_cost,202,gaussian_same_total_cost_lib202_seed11,8,14,True,88,0.0718239508722518,0.012372690003858596,successful,successful,successful
gaussian_same_total_cost,202,gaussian_same_total_cost_lib202_seed11,8,15,True,95,0.08461047474657157,0.0076662146829777535,successful,successful,successful
gaussian_same_total_cost,202,gaussian_same_total_cost_lib202_seed11,8,16,True,95,0.11618210940171858,0.015380810755755774,successful,successful,successful
gaussian_same_total_cost,202,gaussian_same_total_cost_lib202_seed11,8,17,True,96,0.11419486792397815,0.024912660054864966,successful,successful,successful
gaussian_same_total_cost,202,gaussian_same_total_cost_lib202_seed11,8,18,True,94,0.09536402029055224,0.005144683490149558,successful,successful,successful
gaussian_same_total_cost,202,gaussian_same_total_cost_lib202_seed11,8,19,False,600,0.09387587964441635,0.03198197225328522,lifted_plate_approach_goal_failed,lifted_plate_approach_goal_failed,lifted_plate_approach_goal_failed
gaussian_same_total_cost,202,gaussian_same_total_cost_lib202_seed11,9,0,True,120,0.1328534040997209,0.027415462853938765,successful,successful,successful
gaussian_same_total_cost,202,gaussian_same_total_cost_lib202_seed11,9,1,False,600,0.1323521553172491,0.03859521251724946,lifted_plate_approach_goal_failed,lifted_plate_approach_goal_failed,lifted_no_plate_approach
gaussian_same_total_cost,202,gaussian_same_total_cost_lib202_seed11,9,2,False,600,0.0067563045271943345,0.4964486782819241,no_lift_proxy,no_lift_proxy,no_lift_proxy
gaussian_same_total_cost,202,gaussian_same_total_cost_lib202_seed11,9,3,False,600,0.01264915877149253,0.498937487727459,no_lift_proxy,no_lift_proxy,no_lift_proxy
gaussian_same_total_cost,202,gaussian_same_total_cost_lib202_seed11,9,4,True,122,0.12438043737723747,0.01882773112495971,successful,successful,successful
gaussian_same_total_cost,202,gaussian_same_total_cost_lib202_seed11,9,5,True,130,0.1083422720363687,0.023461655955536526,successful,successful,successful
gaussian_same_total_cost,202,gaussian_same_total_cost_lib202_seed11,9,6,False,600,0.017611736403318146,0.4949368315198777,no_lift_proxy,no_lift_proxy,no_lift_proxy
gaussian_same_total_cost,202,gaussian_same_total_cost_lib202_seed11,9,7,False,600,0.0004341950717892118,0.4678348740528348,no_lift_proxy,no_lift_proxy,no_lift_proxy
gaussian_same_total_cost,202,gaussian_same_total_cost_lib202_seed11,9,8,True,142,0.13338997546303366,0.02494656002470903,successful,successful,successful
gaussian_same_total_cost,202,gaussian_same_total_cost_lib202_seed11,9,9,False,600,0.002661033650034339,0.5060437047563754,no_lift_proxy,no_lift_proxy,no_lift_proxy
gaussian_same_total_cost,202,gaussian_same_total_cost_lib202_seed11,9,10,False,600,1.580957587066223e-13,0.4516331789515125,no_lift_proxy,no_lift_proxy,no_lift_proxy
gaussian_same_total_cost,202,gaussian_same_total_cost_lib202_seed11,9,11,True,114,0.14681920201814735,0.010373248486982536,successful,successful,successful
gaussian_same_total_cost,202,gaussian_same_total_cost_lib202_seed11,9,12,False,600,0.0032259153936220475,0.46203935683134534,no_lift_proxy,no_lift_proxy,no_lift_proxy
gaussian_same_total_cost,202,gaussian_same_total_cost_lib202_seed11,9,13,True,123,0.1569297627897721,0.027523996609431244,successful,successful,successful
gaussian_same_total_cost,202,gaussian_same_total_cost_lib202_seed11,9,14,True,117,0.11411927397698762,0.0015671494302209245,successful,successful,successful
gaussian_same_total_cost,202,gaussian_same_total_cost_lib202_seed11,9,15,True,113,0.12877611884372975,0.018663113346130532,successful,successful,successful
gaussian_same_total_cost,202,gaussian_same_total_cost_lib202_seed11,9,16,False,600,0.07984845511039151,0.47712093806967915,lifted_no_plate_approach,lifted_no_plate_approach,lifted_no_plate_approach
gaussian_same_total_cost,202,gaussian_same_total_cost_lib202_seed11,9,17,True,113,0.10618519157083917,0.007179542740181253,successful,successful,successful
gaussian_same_total_cost,202,gaussian_same_total_cost_lib202_seed11,9,18,True,116,0.11682931057400525,0.028684102406913888,successful,successful,successful
gaussian_same_total_cost,202,gaussian_same_total_cost_lib202_seed11,9,19,True,122,0.1433090067149485,0.01657554500142779,successful,successful,successful
gaussian_same_total_cost,303,gaussian_same_total_cost_lib303_seed23,0,0,False,600,0.014406165953172345,0.11693418980419833,no_lift_proxy,no_lift_proxy,no_lift_proxy
gaussian_same_total_cost,303,gaussian_same_total_cost_lib303_seed23,0,1,False,600,0.24603028594197873,0.0158022762279009,lifted_plate_approach_goal_failed,lifted_plate_approach_goal_failed,lifted_plate_approach_goal_failed
gaussian_same_total_cost,303,gaussian_same_total_cost_lib303_seed23,0,2,False,600,0.002376797441691947,0.1651349849249634,no_lift_proxy,no_lift_proxy,no_lift_proxy
gaussian_same_total_cost,303,gaussian_same_total_cost_lib303_seed23,0,3,True,79,0.10346866805707666,0.01291210656134439,successful,successful,successful
gaussian_same_total_cost,303,gaussian_same_total_cost_lib303_seed23,0,4,True,79,0.1110000340759556,0.002959715347114203,successful,successful,successful
gaussian_same_total_cost,303,gaussian_same_total_cost_lib303_seed23,0,5,True,81,0.11780898466760092,0.013434335403876774,successful,successful,successful
gaussian_same_total_cost,303,gaussian_same_total_cost_lib303_seed23,0,6,True,83,0.10684990144576934,0.007284549239249137,successful,successful,successful
gaussian_same_total_cost,303,gaussian_same_total_cost_lib303_seed23,0,7,True,79,0.08117468351528356,0.016281107020295088,successful,successful,successful
gaussian_same_total_cost,303,gaussian_same_total_cost_lib303_seed23,0,8,True,83,0.12485841719734525,0.005108242510856168,successful,successful,successful
gaussian_same_total_cost,303,gaussian_same_total_cost_lib303_seed23,0,9,True,81,0.09570324554625353,0.010849779463937342,successful,successful,successful
gaussian_same_total_cost,303,gaussian_same_total_cost_lib303_seed23,0,10,True,80,0.09933969919267427,0.0035549805145870784,successful,successful,successful
gaussian_same_total_cost,303,gaussian_same_total_cost_lib303_seed23,0,11,True,82,0.11459606416103507,0.011932148065001348,successful,successful,successful
gaussian_same_total_cost,303,gaussian_same_total_cost_lib303_seed23,0,12,True,125,0.11506688617015803,0.005361695094918818,successful,successful,successful
gaussian_same_total_cost,303,gaussian_same_total_cost_lib303_seed23,0,13,False,600,0.011523020096074976,0.14943017448120258,no_lift_proxy,no_lift_proxy,no_lift_proxy
gaussian_same_total_cost,303,gaussian_same_total_cost_lib303_seed23,0,14,True,89,0.12205353047959144,0.013290613477374966,successful,successful,successful
gaussian_same_total_cost,303,gaussian_same_total_cost_lib303_seed23,0,15,True,81,0.11662417661684432,0.005355560629655373,successful,successful,successful
gaussian_same_total_cost,303,gaussian_same_total_cost_lib303_seed23,0,16,False,600,0.010658045079754985,0.1277572648061296,no_lift_proxy,no_lift_proxy,no_lift_proxy
gaussian_same_total_cost,303,gaussian_same_total_cost_lib303_seed23,0,17,True,81,0.08839458732147665,0.005554722625171771,successful,successful,successful
gaussian_same_total_cost,303,gaussian_same_total_cost_lib303_seed23,0,18,True,84,0.11438944600268075,0.005777119921850373,successful,successful,successful
gaussian_same_total_cost,303,gaussian_same_total_cost_lib303_seed23,0,19,True,74,0.08689320878934548,0.012134124733589723,successful,successful,successful
gaussian_same_total_cost,303,gaussian_same_total_cost_lib303_seed23,1,0,False,600,0.15595413957609416,0.02602670405062797,lifted_plate_approach_goal_failed,lifted_plate_approach_goal_failed,lifted_plate_approach_goal_failed
gaussian_same_total_cost,303,gaussian_same_total_cost_lib303_seed23,1,1,True,115,0.14533645846985932,0.002743056344235128,successful,successful,successful
gaussian_same_total_cost,303,gaussian_same_total_cost_lib303_seed23,1,2,True,107,0.13902581942254688,0.010337475940206677,successful,successful,successful
gaussian_same_total_cost,303,gaussian_same_total_cost_lib303_seed23,1,3,False,600,0.003519464371841363,0.2775397893024297,no_lift_proxy,no_lift_proxy,no_lift_proxy
gaussian_same_total_cost,303,gaussian_same_total_cost_lib303_seed23,1,4,True,107,0.1236798925974445,0.017993542391755334,successful,successful,successful
gaussian_same_total_cost,303,gaussian_same_total_cost_lib303_seed23,1,5,True,102,0.1545835328532681,0.008713934132898407,successful,successful,successful
gaussian_same_total_cost,303,gaussian_same_total_cost_lib303_seed23,1,6,True,104,0.15759856328427202,0.004737237366739988,successful,successful,successful
gaussian_same_total_cost,303,gaussian_same_total_cost_lib303_seed23,1,7,True,167,0.15634303732356614,0.0012768871852532006,successful,successful,successful
gaussian_same_total_cost,303,gaussian_same_total_cost_lib303_seed23,1,8,False,600,2.6450475154593533e-07,0.27199426967948154,no_lift_proxy,no_lift_proxy,no_lift_proxy
gaussian_same_total_cost,303,gaussian_same_total_cost_lib303_seed23,1,9,True,158,0.08887746923402595,0.01444080946106499,successful,successful,successful
gaussian_same_total_cost,303,gaussian_same_total_cost_lib303_seed23,1,10,True,115,0.1438018983293976,0.01778558146086374,successful,successful,successful
gaussian_same_total_cost,303,gaussian_same_total_cost_lib303_seed23,1,11,False,600,0.08878701953752055,0.09687926827772249,lifted_no_plate_approach,lifted_no_plate_approach,lifted_no_plate_approach
gaussian_same_total_cost,303,gaussian_same_total_cost_lib303_seed23,1,12,False,600,0.013000998449208212,0.2602687208097444,no_lift_proxy,no_lift_proxy,no_lift_proxy
gaussian_same_total_cost,303,gaussian_same_total_cost_lib303_seed23,1,13,True,265,0.0935113611505537,0.0006528042152919388,successful,successful,successful
gaussian_same_total_cost,303,gaussian_same_total_cost_lib303_seed23,1,14,False,600,0.016670500452210857,0.25489463377504495,no_lift_proxy,no_lift_proxy,no_lift_proxy
gaussian_same_total_cost,303,gaussian_same_total_cost_lib303_seed23,1,15,True,113,0.18391657082740687,0.006977075861599309,successful,successful,successful
gaussian_same_total_cost,303,gaussian_same_total_cost_lib303_seed23,1,16,True,104,0.16322853129623027,0.012673867358285027,successful,successful,successful
gaussian_same_total_cost,303,gaussian_same_total_cost_lib303_seed23,1,17,True,113,0.1658699417802858,0.005073840579898908,successful,successful,successful
gaussian_same_total_cost,303,gaussian_same_total_cost_lib303_seed23,1,18,True,109,0.15991259096959243,0.0015176041388329576,successful,successful,successful
gaussian_same_total_cost,303,gaussian_same_total_cost_lib303_seed23,1,19,True,312,0.09641747073766804,0.02954306391165561,successful,successful,successful
gaussian_same_total_cost,303,gaussian_same_total_cost_lib303_seed23,2,0,True,93,0.11963083583913647,0.02966302284593462,successful,successful,successful
gaussian_same_total_cost,303,gaussian_same_total_cost_lib303_seed23,2,1,True,102,0.14666020082595121,0.005504384414885856,successful,successful,successful
gaussian_same_total_cost,303,gaussian_same_total_cost_lib303_seed23,2,2,True,92,0.1679330415075957,0.010943478511349367,successful,successful,successful
gaussian_same_total_cost,303,gaussian_same_total_cost_lib303_seed23,2,3,True,101,0.15122307925040013,0.01463830830056755,successful,successful,successful
gaussian_same_total_cost,303,gaussian_same_total_cost_lib303_seed23,2,4,True,98,0.15558082214724833,0.00418650370156576,successful,successful,successful
gaussian_same_total_cost,303,gaussian_same_total_cost_lib303_seed23,2,5,True,104,0.12354202233999612,0.003242545017335971,successful,successful,successful
gaussian_same_total_cost,303,gaussian_same_total_cost_lib303_seed23,2,6,True,101,0.157533442354431,0.006832330368681576,successful,successful,successful
gaussian_same_total_cost,303,gaussian_same_total_cost_lib303_seed23,2,7,True,111,0.15472146798541808,0.005530994062178094,successful,successful,successful
gaussian_same_total_cost,303,gaussian_same_total_cost_lib303_seed23,2,8,True,109,0.13852232081646565,0.0190496588157213,successful,successful,successful
gaussian_same_total_cost,303,gaussian_same_total_cost_lib303_seed23,2,9,True,102,0.15780791847589537,0.010182157300138715,successful,successful,successful
gaussian_same_total_cost,303,gaussian_same_total_cost_lib303_seed23,2,10,False,600,0.024415099089600045,0.18758037584398762,lifted_no_plate_approach,no_lift_proxy,no_lift_proxy
gaussian_same_total_cost,303,gaussian_same_total_cost_lib303_seed23,2,11,True,101,0.14432915882269004,0.0030690674905822367,successful,successful,successful
gaussian_same_total_cost,303,gaussian_same_total_cost_lib303_seed23,2,12,True,106,0.16155039183658082,0.02371501555790382,successful,successful,successful
gaussian_same_total_cost,303,gaussian_same_total_cost_lib303_seed23,2,13,True,90,0.11592537314957618,0.015030608908879518,successful,successful,successful
gaussian_same_total_cost,303,gaussian_same_total_cost_lib303_seed23,2,14,True,126,0.13701733890874013,0.006736871155902998,successful,successful,successful
gaussian_same_total_cost,303,gaussian_same_total_cost_lib303_seed23,2,15,True,110,0.15744513745150357,0.0011226627526898796,successful,successful,successful
gaussian_same_total_cost,303,gaussian_same_total_cost_lib303_seed23,2,16,True,84,0.11597320453952475,0.01686624622373339,successful,successful,successful
gaussian_same_total_cost,303,gaussian_same_total_cost_lib303_seed23,2,17,True,95,0.11210120926940403,0.0036204220433613105,successful,successful,successful
gaussian_same_total_cost,303,gaussian_same_total_cost_lib303_seed23,2,18,False,600,0.03938587819656714,0.21174895368086813,lifted_no_plate_approach,lifted_no_plate_approach,no_lift_proxy
gaussian_same_total_cost,303,gaussian_same_total_cost_lib303_seed23,2,19,True,106,0.14459124054486217,0.012154144472980005,successful,successful,successful
gaussian_same_total_cost,303,gaussian_same_total_cost_lib303_seed23,3,0,False,600,2.3705665197493175e-07,0.16632030046939228,no_lift_proxy,no_lift_proxy,no_lift_proxy
gaussian_same_total_cost,303,gaussian_same_total_cost_lib303_seed23,3,1,False,600,0.017645008171002674,0.16950488650788614,no_lift_proxy,no_lift_proxy,no_lift_proxy
gaussian_same_total_cost,303,gaussian_same_total_cost_lib303_seed23,3,2,True,84,0.11296971632953756,0.01982127803610291,successful,successful,successful
gaussian_same_total_cost,303,gaussian_same_total_cost_lib303_seed23,3,3,True,86,0.12144711137782427,0.018650986454125325,successful,successful,successful
gaussian_same_total_cost,303,gaussian_same_total_cost_lib303_seed23,3,4,True,90,0.11813823634754328,0.010148778520753455,successful,successful,successful
gaussian_same_total_cost,303,gaussian_same_total_cost_lib303_seed23,3,5,True,87,0.1297383998509104,0.025812698091349583,successful,successful,successful
gaussian_same_total_cost,303,gaussian_same_total_cost_lib303_seed23,3,6,True,88,0.09776210228135118,0.022767547279321915,successful,successful,successful
gaussian_same_total_cost,303,gaussian_same_total_cost_lib303_seed23,3,7,True,106,0.10555043934739872,0.026141749180585823,successful,successful,successful
gaussian_same_total_cost,303,gaussian_same_total_cost_lib303_seed23,3,8,True,82,0.07162480104563707,0.01072812792566788,successful,successful,successful
gaussian_same_total_cost,303,gaussian_same_total_cost_lib303_seed23,3,9,True,106,0.14393991738650502,0.02844588131542361,successful,successful,successful
gaussian_same_total_cost,303,gaussian_same_total_cost_lib303_seed23,3,10,True,84,0.11323309290561312,0.02430170194341623,successful,successful,successful
gaussian_same_total_cost,303,gaussian_same_total_cost_lib303_seed23,3,11,True,87,0.11721802512836199,0.011478771622597712,successful,successful,successful
gaussian_same_total_cost,303,gaussian_same_total_cost_lib303_seed23,3,12,True,96,0.1198674494082631,0.02771369610361207,successful,successful,successful
gaussian_same_total_cost,303,gaussian_same_total_cost_lib303_seed23,3,13,True,92,0.11666023089243305,0.02100138676731646,successful,successful,successful
gaussian_same_total_cost,303,gaussian_same_total_cost_lib303_seed23,3,14,True,93,0.11038515992303577,0.024444800260345758,successful,successful,successful
gaussian_same_total_cost,303,gaussian_same_total_cost_lib303_seed23,3,15,True,89,0.11000986536785573,0.006945604943585702,successful,successful,successful
gaussian_same_total_cost,303,gaussian_same_total_cost_lib303_seed23,3,16,True,89,0.11248929664075502,0.027191955525238502,successful,successful,successful
gaussian_same_total_cost,303,gaussian_same_total_cost_lib303_seed23,3,17,True,86,0.12192683132332549,0.0030602116570615243,successful,successful,successful
gaussian_same_total_cost,303,gaussian_same_total_cost_lib303_seed23,3,18,True,97,0.11167676730262799,0.005191685615208586,successful,successful,successful
gaussian_same_total_cost,303,gaussian_same_total_cost_lib303_seed23,3,19,True,85,0.12449719358011524,0.014478565660944593,successful,successful,successful
gaussian_same_total_cost,303,gaussian_same_total_cost_lib303_seed23,4,0,True,125,0.16356343771295712,0.004063953057111585,successful,successful,successful
gaussian_same_total_cost,303,gaussian_same_total_cost_lib303_seed23,4,1,False,600,1.8531176593228338e-10,0.3408433584007589,no_lift_proxy,no_lift_proxy,no_lift_proxy
gaussian_same_total_cost,303,gaussian_same_total_cost_lib303_seed23,4,2,False,600,0.17290225911590928,0.023375955033778498,lifted_plate_approach_goal_failed,lifted_plate_approach_goal_failed,lifted_plate_approach_goal_failed
gaussian_same_total_cost,303,gaussian_same_total_cost_lib303_seed23,4,3,False,600,4.206635040304718e-11,0.3452894634294442,no_lift_proxy,no_lift_proxy,no_lift_proxy
gaussian_same_total_cost,303,gaussian_same_total_cost_lib303_seed23,4,4,True,145,0.19850215481721367,0.011452515703340282,successful,successful,successful
gaussian_same_total_cost,303,gaussian_same_total_cost_lib303_seed23,4,5,True,135,0.1513710854700383,0.007396004496544206,successful,successful,successful
gaussian_same_total_cost,303,gaussian_same_total_cost_lib303_seed23,4,6,True,132,0.1557808680116506,0.021434458855396993,successful,successful,successful
gaussian_same_total_cost,303,gaussian_same_total_cost_lib303_seed23,4,7,True,130,0.1458549631406898,0.007415295051891372,successful,successful,successful
gaussian_same_total_cost,303,gaussian_same_total_cost_lib303_seed23,4,8,False,600,8.020561326205211e-09,0.329410190941085,no_lift_proxy,no_lift_proxy,no_lift_proxy
gaussian_same_total_cost,303,gaussian_same_total_cost_lib303_seed23,4,9,True,123,0.1521094123064073,0.00589572817802822,successful,successful,successful
gaussian_same_total_cost,303,gaussian_same_total_cost_lib303_seed23,4,10,True,122,0.12200043696638652,0.01222266709925179,successful,successful,successful
gaussian_same_total_cost,303,gaussian_same_total_cost_lib303_seed23,4,11,True,127,0.1441240729564195,0.011548482144761268,successful,successful,successful
gaussian_same_total_cost,303,gaussian_same_total_cost_lib303_seed23,4,12,True,125,0.13484670527228992,0.007354826831411307,successful,successful,successful
gaussian_same_total_cost,303,gaussian_same_total_cost_lib303_seed23,4,13,True,130,0.1513516435509099,0.007985167687230383,successful,successful,successful
gaussian_same_total_cost,303,gaussian_same_total_cost_lib303_seed23,4,14,True,133,0.1842659721004658,0.027663774683231383,successful,successful,successful
gaussian_same_total_cost,303,gaussian_same_total_cost_lib303_seed23,4,15,True,150,0.17605871565788678,0.006628167593459681,successful,successful,successful
gaussian_same_total_cost,303,gaussian_same_total_cost_lib303_seed23,4,16,True,123,0.1380316696585806,0.004443286829655365,successful,successful,successful
gaussian_same_total_cost,303,gaussian_same_total_cost_lib303_seed23,4,17,False,600,0.17446874422867054,0.02358323519986011,lifted_no_plate_approach,lifted_no_plate_approach,lifted_no_plate_approach
gaussian_same_total_cost,303,gaussian_same_total_cost_lib303_seed23,4,18,True,178,0.15156156278032307,0.01854042102617273,successful,successful,successful
gaussian_same_total_cost,303,gaussian_same_total_cost_lib303_seed23,4,19,False,600,2.398081733190338e-14,0.3511753537875685,no_lift_proxy,no_lift_proxy,no_lift_proxy
gaussian_same_total_cost,303,gaussian_same_total_cost_lib303_seed23,5,0,True,99,0.13192258922712774,0.003967619435312686,successful,successful,successful
gaussian_same_total_cost,303,gaussian_same_total_cost_lib303_seed23,5,1,False,600,0.0047379933565459,0.28782858656195703,no_lift_proxy,no_lift_proxy,no_lift_proxy
gaussian_same_total_cost,303,gaussian_same_total_cost_lib303_seed23,5,2,True,81,0.09854890222569179,0.01137703088945454,successful,successful,successful
gaussian_same_total_cost,303,gaussian_same_total_cost_lib303_seed23,5,3,True,94,0.12911923096958933,0.0075636399412664125,successful,successful,successful
gaussian_same_total_cost,303,gaussian_same_total_cost_lib303_seed23,5,4,True,94,0.12999603055528142,0.0010454341183437665,successful,successful,successful
gaussian_same_total_cost,303,gaussian_same_total_cost_lib303_seed23,5,5,True,89,0.1253044455235598,0.0056841499639248005,successful,successful,successful
gaussian_same_total_cost,303,gaussian_same_total_cost_lib303_seed23,5,6,False,600,0.004452550084676599,0.2590243712774642,no_lift_proxy,no_lift_proxy,no_lift_proxy
gaussian_same_total_cost,303,gaussian_same_total_cost_lib303_seed23,5,7,True,90,0.12911372776567331,0.0019264347486061466,successful,successful,successful
gaussian_same_total_cost,303,gaussian_same_total_cost_lib303_seed23,5,8,True,165,0.04582128424046905,0.02943349278798775,successful,successful,successful
gaussian_same_total_cost,303,gaussian_same_total_cost_lib303_seed23,5,9,True,97,0.1409865633558891,0.0023966828584043387,successful,successful,successful
gaussian_same_total_cost,303,gaussian_same_total_cost_lib303_seed23,5,10,True,88,0.12400271670320195,0.006833987831551115,successful,successful,successful
gaussian_same_total_cost,303,gaussian_same_total_cost_lib303_seed23,5,11,True,86,0.1066553683365159,0.0025038449822099677,successful,successful,successful
gaussian_same_total_cost,303,gaussian_same_total_cost_lib303_seed23,5,12,True,94,0.16411535557084223,0.001857819308472407,successful,successful,successful
gaussian_same_total_cost,303,gaussian_same_total_cost_lib303_seed23,5,13,False,600,0.09173306411637971,0.03458881721708406,lifted_plate_approach_goal_failed,lifted_plate_approach_goal_failed,lifted_plate_approach_goal_failed
gaussian_same_total_cost,303,gaussian_same_total_cost_lib303_seed23,5,14,True,97,0.14430803030125805,0.003420369917325018,successful,successful,successful
gaussian_same_total_cost,303,gaussian_same_total_cost_lib303_seed23,5,15,False,600,0.017157585241628914,0.29963566508338274,no_lift_proxy,no_lift_proxy,no_lift_proxy
gaussian_same_total_cost,303,gaussian_same_total_cost_lib303_seed23,5,16,False,600,0.021368632905065077,0.20678104562434063,lifted_no_plate_approach,no_lift_proxy,no_lift_proxy
gaussian_same_total_cost,303,gaussian_same_total_cost_lib303_seed23,5,17,True,97,0.12789180200412453,0.002114145885430358,successful,successful,successful
gaussian_same_total_cost,303,gaussian_same_total_cost_lib303_seed23,5,18,False,600,0.0676236872218382,0.27715590349531594,lifted_no_plate_approach,lifted_no_plate_approach,lifted_no_plate_approach
gaussian_same_total_cost,303,gaussian_same_total_cost_lib303_seed23,5,19,False,600,0.05342816927168714,0.21404568496899545,lifted_no_plate_approach,lifted_no_plate_approach,lifted_no_plate_approach
gaussian_same_total_cost,303,gaussian_same_total_cost_lib303_seed23,6,0,True,121,0.15063201885434396,0.005447366005714781,successful,successful,successful
gaussian_same_total_cost,303,gaussian_same_total_cost_lib303_seed23,6,1,False,600,0.16405323648489079,0.03495967017309563,lifted_plate_approach_goal_failed,lifted_plate_approach_goal_failed,lifted_plate_approach_goal_failed
gaussian_same_total_cost,303,gaussian_same_total_cost_lib303_seed23,6,2,False,600,2.6450475154593533e-07,0.2753937072347491,no_lift_proxy,no_lift_proxy,no_lift_proxy
gaussian_same_total_cost,303,gaussian_same_total_cost_lib303_seed23,6,3,True,101,0.15272671103410707,0.017713958110504625,successful,successful,successful
gaussian_same_total_cost,303,gaussian_same_total_cost_lib303_seed23,6,4,True,105,0.13834772406476747,0.013572498057514279,successful,successful,successful
gaussian_same_total_cost,303,gaussian_same_total_cost_lib303_seed23,6,5,True,114,0.14935626946839986,0.014297726580867292,successful,successful,successful
gaussian_same_total_cost,303,gaussian_same_total_cost_lib303_seed23,6,6,True,107,0.13986416440892402,0.014273970540084929,successful,successful,successful
gaussian_same_total_cost,303,gaussian_same_total_cost_lib303_seed23,6,7,True,103,0.14568846537329128,0.005743472238120354,successful,successful,successful
gaussian_same_total_cost,303,gaussian_same_total_cost_lib303_seed23,6,8,True,103,0.13766610971006643,0.013409498862337804,successful,successful,successful
gaussian_same_total_cost,303,gaussian_same_total_cost_lib303_seed23,6,9,False,600,0.12926109166419852,0.08759098836409598,lifted_no_plate_approach,lifted_no_plate_approach,lifted_no_plate_approach
gaussian_same_total_cost,303,gaussian_same_total_cost_lib303_seed23,6,10,True,104,0.13496567841843943,0.004785294535077058,successful,successful,successful
gaussian_same_total_cost,303,gaussian_same_total_cost_lib303_seed23,6,11,True,111,0.1559317656858632,0.027092836068378676,successful,successful,successful
gaussian_same_total_cost,303,gaussian_same_total_cost_lib303_seed23,6,12,True,107,0.15761052408909926,0.017348030793936133,successful,successful,successful
gaussian_same_total_cost,303,gaussian_same_total_cost_lib303_seed23,6,13,True,97,0.1126108696166408,0.010814182949068916,successful,successful,successful
gaussian_same_total_cost,303,gaussian_same_total_cost_lib303_seed23,6,14,False,600,0.002579836842273253,0.30311031566644836,no_lift_proxy,no_lift_proxy,no_lift_proxy
gaussian_same_total_cost,303,gaussian_same_total_cost_lib303_seed23,6,15,True,105,0.13500134224900462,0.029431282995993176,successful,successful,successful
gaussian_same_total_cost,303,gaussian_same_total_cost_lib303_seed23,6,16,True,96,0.1323185848089905,0.025173146412688398,successful,successful,successful
gaussian_same_total_cost,303,gaussian_same_total_cost_lib303_seed23,6,17,False,600,0.0020847782475444943,0.25685091618284167,no_lift_proxy,no_lift_proxy,no_lift_proxy
gaussian_same_total_cost,303,gaussian_same_total_cost_lib303_seed23,6,18,True,105,0.15750400820778765,0.013652687968268408,successful,successful,successful
gaussian_same_total_cost,303,gaussian_same_total_cost_lib303_seed23,6,19,True,100,0.12661869329490116,0.007730774324324046,successful,successful,successful
gaussian_same_total_cost,303,gaussian_same_total_cost_lib303_seed23,7,0,True,126,0.16291138804057304,0.018871566421443532,successful,successful,successful
gaussian_same_total_cost,303,gaussian_same_total_cost_lib303_seed23,7,1,False,600,0.014453719250828057,0.46471050052438767,no_lift_proxy,no_lift_proxy,no_lift_proxy
gaussian_same_total_cost,303,gaussian_same_total_cost_lib303_seed23,7,2,True,153,0.17298585724370907,0.01726880656484917,successful,successful,successful
gaussian_same_total_cost,303,gaussian_same_total_cost_lib303_seed23,7,3,True,158,0.12833611644921006,0.008694758342045543,successful,successful,successful
gaussian_same_total_cost,303,gaussian_same_total_cost_lib303_seed23,7,4,False,600,6.183961898109658e-09,0.45233002993980964,no_lift_proxy,no_lift_proxy,no_lift_proxy
gaussian_same_total_cost,303,gaussian_same_total_cost_lib303_seed23,7,5,False,600,6.183961787087355e-09,0.4557062660990225,no_lift_proxy,no_lift_proxy,no_lift_proxy
gaussian_same_total_cost,303,gaussian_same_total_cost_lib303_seed23,7,6,False,600,0.008310631096759669,0.4604754329061516,no_lift_proxy,no_lift_proxy,no_lift_proxy
gaussian_same_total_cost,303,gaussian_same_total_cost_lib303_seed23,7,7,True,119,0.17082162191784978,0.01224256238219282,successful,successful,successful
gaussian_same_total_cost,303,gaussian_same_total_cost_lib303_seed23,7,8,False,600,6.183961787087355e-09,0.45808493555788815,no_lift_proxy,no_lift_proxy,no_lift_proxy
gaussian_same_total_cost,303,gaussian_same_total_cost_lib303_seed23,7,9,True,139,0.12376425344667819,0.012311842907493317,successful,successful,successful
gaussian_same_total_cost,303,gaussian_same_total_cost_lib303_seed23,7,10,True,289,0.13794038204412673,0.029946193616291448,successful,successful,successful
gaussian_same_total_cost,303,gaussian_same_total_cost_lib303_seed23,7,11,False,600,6.183961676065053e-09,0.48889856385783415,no_lift_proxy,no_lift_proxy,no_lift_proxy
gaussian_same_total_cost,303,gaussian_same_total_cost_lib303_seed23,7,12,True,130,0.15462022032962175,0.012809575537698582,successful,successful,successful
gaussian_same_total_cost,303,gaussian_same_total_cost_lib303_seed23,7,13,False,600,0.01074108143536312,0.4792620697675478,no_lift_proxy,no_lift_proxy,no_lift_proxy
gaussian_same_total_cost,303,gaussian_same_total_cost_lib303_seed23,7,14,False,600,6.183961787087355e-09,0.43480742581492526,no_lift_proxy,no_lift_proxy,no_lift_proxy
gaussian_same_total_cost,303,gaussian_same_total_cost_lib303_seed23,7,15,True,140,0.22244567528629333,0.007977661512072156,successful,successful,successful
gaussian_same_total_cost,303,gaussian_same_total_cost_lib303_seed23,7,16,False,600,6.183961898109658e-09,0.45125257303743443,no_lift_proxy,no_lift_proxy,no_lift_proxy
gaussian_same_total_cost,303,gaussian_same_total_cost_lib303_seed23,7,17,False,600,0.1488410084523829,0.03598886490163884,lifted_plate_approach_goal_failed,lifted_plate_approach_goal_failed,lifted_plate_approach_goal_failed
gaussian_same_total_cost,303,gaussian_same_total_cost_lib303_seed23,7,18,True,261,0.14345700604347755,0.01516721868791576,successful,successful,successful
gaussian_same_total_cost,303,gaussian_same_total_cost_lib303_seed23,7,19,False,600,0.015088870159147616,0.4523890077149215,no_lift_proxy,no_lift_proxy,no_lift_proxy
gaussian_same_total_cost,303,gaussian_same_total_cost_lib303_seed23,8,0,True,112,0.1535782881666241,0.016408562953995193,successful,successful,successful
gaussian_same_total_cost,303,gaussian_same_total_cost_lib303_seed23,8,1,True,85,0.09096793969224992,0.006579301725145314,successful,successful,successful
gaussian_same_total_cost,303,gaussian_same_total_cost_lib303_seed23,8,2,True,91,0.08669439325086614,0.002860590398188334,successful,successful,successful
gaussian_same_total_cost,303,gaussian_same_total_cost_lib303_seed23,8,3,True,86,0.11005704153856,0.007496902473777063,successful,successful,successful
gaussian_same_total_cost,303,gaussian_same_total_cost_lib303_seed23,8,4,False,600,0.001125197856847282,0.17485845085780424,no_lift_proxy,no_lift_proxy,no_lift_proxy
gaussian_same_total_cost,303,gaussian_same_total_cost_lib303_seed23,8,5,True,97,0.09876388766989785,0.0032976280284678482,successful,successful,successful
gaussian_same_total_cost,303,gaussian_same_total_cost_lib303_seed23,8,6,True,86,0.09655876139600161,0.00678999678353493,successful,successful,successful
gaussian_same_total_cost,303,gaussian_same_total_cost_lib303_seed23,8,7,True,87,0.08994350671398788,0.00606302324459421,successful,successful,successful
gaussian_same_total_cost,303,gaussian_same_total_cost_lib303_seed23,8,8,True,204,0.1023613819347744,0.02821085324999785,successful,successful,successful
gaussian_same_total_cost,303,gaussian_same_total_cost_lib303_seed23,8,9,True,91,0.09907885172580777,0.005754287118292642,successful,successful,successful
gaussian_same_total_cost,303,gaussian_same_total_cost_lib303_seed23,8,10,True,95,0.13686396451025096,0.014731563628156717,successful,successful,successful
gaussian_same_total_cost,303,gaussian_same_total_cost_lib303_seed23,8,11,True,97,0.11225906867199287,0.020934825953266824,successful,successful,successful
gaussian_same_total_cost,303,gaussian_same_total_cost_lib303_seed23,8,12,True,87,0.11442233238605182,0.017682511633988485,successful,successful,successful
gaussian_same_total_cost,303,gaussian_same_total_cost_lib303_seed23,8,13,True,102,0.10321739564356469,0.026758025273276417,successful,successful,successful
gaussian_same_total_cost,303,gaussian_same_total_cost_lib303_seed23,8,14,True,92,0.07734178539841241,0.020388071736616973,successful,successful,successful
gaussian_same_total_cost,303,gaussian_same_total_cost_lib303_seed23,8,15,True,89,0.10314966312182416,0.008775760867905885,successful,successful,successful
gaussian_same_total_cost,303,gaussian_same_total_cost_lib303_seed23,8,16,True,96,0.11305540836324846,0.012973637626574,successful,successful,successful
gaussian_same_total_cost,303,gaussian_same_total_cost_lib303_seed23,8,17,True,93,0.0828321310165736,0.009944389457315983,successful,successful,successful
gaussian_same_total_cost,303,gaussian_same_total_cost_lib303_seed23,8,18,True,95,0.10583577241844178,0.018606897125306807,successful,successful,successful
gaussian_same_total_cost,303,gaussian_same_total_cost_lib303_seed23,8,19,True,97,0.1276895535931788,0.02730992323249354,successful,successful,successful
gaussian_same_total_cost,303,gaussian_same_total_cost_lib303_seed23,9,0,True,114,0.10554570859316148,0.014199820937922658,successful,successful,successful
gaussian_same_total_cost,303,gaussian_same_total_cost_lib303_seed23,9,1,False,600,0.034598085072411244,0.46780544138253904,lifted_no_plate_approach,lifted_no_plate_approach,no_lift_proxy
gaussian_same_total_cost,303,gaussian_same_total_cost_lib303_seed23,9,2,False,600,0.03613261001742751,0.4625314922369756,lifted_no_plate_approach,lifted_no_plate_approach,no_lift_proxy
gaussian_same_total_cost,303,gaussian_same_total_cost_lib303_seed23,9,3,True,117,0.11544414013430893,0.006507626964427964,successful,successful,successful
gaussian_same_total_cost,303,gaussian_same_total_cost_lib303_seed23,9,4,False,600,1.580957587066223e-13,0.44853726592992427,no_lift_proxy,no_lift_proxy,no_lift_proxy
gaussian_same_total_cost,303,gaussian_same_total_cost_lib303_seed23,9,5,False,600,0.009570970148529145,0.48543431549861177,no_lift_proxy,no_lift_proxy,no_lift_proxy
gaussian_same_total_cost,303,gaussian_same_total_cost_lib303_seed23,9,6,True,118,0.11693948578687108,0.012527389850630576,successful,successful,successful
gaussian_same_total_cost,303,gaussian_same_total_cost_lib303_seed23,9,7,False,600,1.5831780331154732e-13,0.4678348740528348,no_lift_proxy,no_lift_proxy,no_lift_proxy
gaussian_same_total_cost,303,gaussian_same_total_cost_lib303_seed23,9,8,True,137,0.05939780585254706,0.005608546435188347,successful,successful,successful
gaussian_same_total_cost,303,gaussian_same_total_cost_lib303_seed23,9,9,True,119,0.12527321737917219,0.010286151683134518,successful,successful,successful
gaussian_same_total_cost,303,gaussian_same_total_cost_lib303_seed23,9,10,True,119,0.12550593580094027,0.012599805377641441,successful,successful,successful
gaussian_same_total_cost,303,gaussian_same_total_cost_lib303_seed23,9,11,True,120,0.12847448239258186,0.012949895684101223,successful,successful,successful
gaussian_same_total_cost,303,gaussian_same_total_cost_lib303_seed23,9,12,False,600,1.580957587066223e-13,0.46203935683134534,no_lift_proxy,no_lift_proxy,no_lift_proxy
gaussian_same_total_cost,303,gaussian_same_total_cost_lib303_seed23,9,13,False,600,0.13182875056250065,0.038014845823018666,lifted_no_plate_approach,lifted_no_plate_approach,lifted_no_plate_approach
gaussian_same_total_cost,303,gaussian_same_total_cost_lib303_seed23,9,14,True,111,0.10749460527710353,0.006828403937033139,successful,successful,successful
gaussian_same_total_cost,303,gaussian_same_total_cost_lib303_seed23,9,15,True,119,0.1356815424753337,0.001321467829493455,successful,successful,successful
gaussian_same_total_cost,303,gaussian_same_total_cost_lib303_seed23,9,16,True,119,0.10393450660559189,0.004177966347853286,successful,successful,successful
gaussian_same_total_cost,303,gaussian_same_total_cost_lib303_seed23,9,17,False,600,0.0005316768495464697,0.4605843619506452,no_lift_proxy,no_lift_proxy,no_lift_proxy
gaussian_same_total_cost,303,gaussian_same_total_cost_lib303_seed23,9,18,True,125,0.11925723486405926,0.019663716500247983,successful,successful,successful
gaussian_same_total_cost,303,gaussian_same_total_cost_lib303_seed23,9,19,True,132,0.13320630149717383,0.019699277086246973,successful,successful,successful
scana_r,101,scana_r_lib101_seed7,0,0,True,75,0.09711692610358857,0.010257566377397678,successful,successful,successful
scana_r,101,scana_r_lib101_seed7,0,1,True,82,0.11662201852405674,0.005027109770110334,successful,successful,successful
scana_r,101,scana_r_lib101_seed7,0,2,False,600,0.010432840155498946,0.16137419471643544,no_lift_proxy,no_lift_proxy,no_lift_proxy
scana_r,101,scana_r_lib101_seed7,0,3,True,85,0.10150153214529256,0.007531416342394066,successful,successful,successful
scana_r,101,scana_r_lib101_seed7,0,4,True,74,0.09819652991639627,0.004212241002799505,successful,successful,successful
scana_r,101,scana_r_lib101_seed7,0,5,True,239,0.12130452315464813,0.011930058763557816,successful,successful,successful
scana_r,101,scana_r_lib101_seed7,0,6,False,600,0.014272008859983809,0.10589876733149237,no_lift_proxy,no_lift_proxy,no_lift_proxy
scana_r,101,scana_r_lib101_seed7,0,7,True,78,0.0877584772722867,0.009698219576053001,successful,successful,successful
scana_r,101,scana_r_lib101_seed7,0,8,True,77,0.09327151778735387,0.002722390520516818,successful,successful,successful
scana_r,101,scana_r_lib101_seed7,0,9,True,582,0.07983387071179715,0.022862695363316393,successful,successful,successful
scana_r,101,scana_r_lib101_seed7,0,10,True,79,0.1032964706616768,0.008429387779794328,successful,successful,successful
scana_r,101,scana_r_lib101_seed7,0,11,True,69,0.08425350002245013,0.004690800939384278,successful,successful,successful
scana_r,101,scana_r_lib101_seed7,0,12,True,90,0.12097150288902858,0.013241106046631437,successful,successful,successful
scana_r,101,scana_r_lib101_seed7,0,13,False,600,0.020191016196762668,0.153476520086344,lifted_no_plate_approach,no_lift_proxy,no_lift_proxy
scana_r,101,scana_r_lib101_seed7,0,14,True,81,0.1204695156135488,0.0019169485736959954,successful,successful,successful
scana_r,101,scana_r_lib101_seed7,0,15,False,600,0.02343412326849048,0.11215903364495525,lifted_no_plate_approach,no_lift_proxy,no_lift_proxy
scana_r,101,scana_r_lib101_seed7,0,16,True,78,0.10201480906278548,0.019160984196567473,successful,successful,successful
scana_r,101,scana_r_lib101_seed7,0,17,True,77,0.07580071567028168,0.004447594005559313,successful,successful,successful
scana_r,101,scana_r_lib101_seed7,0,18,True,88,0.12936815133932889,0.002920379005872933,successful,successful,successful
scana_r,101,scana_r_lib101_seed7,0,19,True,78,0.10032652887631122,0.001203646588848264,successful,successful,successful
scana_r,101,scana_r_lib101_seed7,1,0,True,131,0.202147560286845,0.00460377259258834,successful,successful,successful
scana_r,101,scana_r_lib101_seed7,1,1,True,246,0.15528565657872728,0.01969387884212734,successful,successful,successful
scana_r,101,scana_r_lib101_seed7,1,2,True,107,0.14548534692115855,0.011196882607452451,successful,successful,successful
scana_r,101,scana_r_lib101_seed7,1,3,False,600,0.02605846687903457,0.2775397893024297,lifted_no_plate_approach,no_lift_proxy,no_lift_proxy
scana_r,101,scana_r_lib101_seed7,1,4,True,104,0.13555232392314132,0.006173687625223446,successful,successful,successful
scana_r,101,scana_r_lib101_seed7,1,5,True,109,0.16159333404819054,0.003517593366699473,successful,successful,successful
scana_r,101,scana_r_lib101_seed7,1,6,True,117,0.14065521810097747,0.0036182026765346625,successful,successful,successful
scana_r,101,scana_r_lib101_seed7,1,7,False,600,0.04504635511243116,0.28333360353512066,lifted_no_plate_approach,lifted_no_plate_approach,no_lift_proxy
scana_r,101,scana_r_lib101_seed7,1,8,False,600,0.032821640283099085,0.28613221782246223,lifted_no_plate_approach,lifted_no_plate_approach,no_lift_proxy
scana_r,101,scana_r_lib101_seed7,1,9,True,117,0.1775996116801215,0.013628940575748174,successful,successful,successful
scana_r,101,scana_r_lib101_seed7,1,10,True,110,0.161467015959462,0.0032330669835060454,successful,successful,successful
scana_r,101,scana_r_lib101_seed7,1,11,True,105,0.17146917463529343,0.017368733370939783,successful,successful,successful
scana_r,101,scana_r_lib101_seed7,1,12,True,106,0.1697643965811082,0.003503346089316791,successful,successful,successful
scana_r,101,scana_r_lib101_seed7,1,13,True,115,0.14005926029446014,0.003480662728019252,successful,successful,successful
scana_r,101,scana_r_lib101_seed7,1,14,True,101,0.09938878158756304,0.004218804532053815,successful,successful,successful
scana_r,101,scana_r_lib101_seed7,1,15,True,130,0.21177027254866054,0.023601649551126005,successful,successful,successful
scana_r,101,scana_r_lib101_seed7,1,16,True,108,0.17111920206189013,0.01371456735184076,successful,successful,successful
scana_r,101,scana_r_lib101_seed7,1,17,True,115,0.11801065356164386,0.011674844105100158,successful,successful,successful
scana_r,101,scana_r_lib101_seed7,1,18,True,223,0.17518792792943083,0.017598173033783745,successful,successful,successful
scana_r,101,scana_r_lib101_seed7,1,19,True,107,0.15951321398052531,0.0102603220876897,successful,successful,successful
scana_r,101,scana_r_lib101_seed7,2,0,True,117,0.15693478356681467,0.028654181742045023,successful,successful,successful
scana_r,101,scana_r_lib101_seed7,2,1,True,116,0.14022431475761077,0.004565308094195683,successful,successful,successful
scana_r,101,scana_r_lib101_seed7,2,2,False,600,0.1324607264096762,0.0319139325228317,lifted_plate_approach_goal_failed,lifted_plate_approach_goal_failed,lifted_plate_approach_goal_failed
scana_r,101,scana_r_lib101_seed7,2,3,True,91,0.10688191305196826,0.01224439706933795,successful,successful,successful
scana_r,101,scana_r_lib101_seed7,2,4,True,102,0.13935425355484932,0.010056314863190204,successful,successful,successful
scana_r,101,scana_r_lib101_seed7,2,5,False,600,0.033729825747376485,0.2448293600870432,lifted_no_plate_approach,lifted_no_plate_approach,no_lift_proxy
scana_r,101,scana_r_lib101_seed7,2,6,False,600,0.03365714901590522,0.22712522686995826,lifted_no_plate_approach,lifted_no_plate_approach,no_lift_proxy
scana_r,101,scana_r_lib101_seed7,2,7,False,600,0.0661730034286222,0.15472844732903165,lifted_no_plate_approach,lifted_no_plate_approach,lifted_no_plate_approach
scana_r,101,scana_r_lib101_seed7,2,8,False,600,0.06014560463356089,0.15962161742450834,lifted_no_plate_approach,lifted_no_plate_approach,lifted_no_plate_approach
scana_r,101,scana_r_lib101_seed7,2,9,True,107,0.13462269816232775,0.002406786677250239,successful,successful,successful
scana_r,101,scana_r_lib101_seed7,2,10,False,600,0.007263320409226948,0.22290130155205515,no_lift_proxy,no_lift_proxy,no_lift_proxy
scana_r,101,scana_r_lib101_seed7,2,11,False,600,0.03822346462493997,0.16573136661615942,lifted_no_plate_approach,lifted_no_plate_approach,no_lift_proxy
scana_r,101,scana_r_lib101_seed7,2,12,True,96,0.12397780599650199,0.02928055585847954,successful,successful,successful
scana_r,101,scana_r_lib101_seed7,2,13,True,98,0.11874407706446477,0.010914643589604365,successful,successful,successful
scana_r,101,scana_r_lib101_seed7,2,14,False,600,2.6450475154593533e-07,0.22804484025780378,no_lift_proxy,no_lift_proxy,no_lift_proxy
scana_r,101,scana_r_lib101_seed7,2,15,True,106,0.13946210597911657,0.023192385864449393,successful,successful,successful
scana_r,101,scana_r_lib101_seed7,2,16,True,231,0.0761553329936413,0.019744041196602842,successful,successful,successful
scana_r,101,scana_r_lib101_seed7,2,17,False,600,0.0020816754742285504,0.2526337412693965,no_lift_proxy,no_lift_proxy,no_lift_proxy
scana_r,101,scana_r_lib101_seed7,2,18,False,600,0.000436223198970187,0.23062012526986356,no_lift_proxy,no_lift_proxy,no_lift_proxy
scana_r,101,scana_r_lib101_seed7,2,19,True,94,0.14477839775589185,0.014018353743484984,successful,successful,successful
scana_r,101,scana_r_lib101_seed7,3,0,True,90,0.11511562323667923,0.007035935761274671,successful,successful,successful
scana_r,101,scana_r_lib101_seed7,3,1,True,81,0.06833491217431886,0.02909964606801295,successful,successful,successful
scana_r,101,scana_r_lib101_seed7,3,2,False,600,0.028274662577198018,0.1716747803899552,lifted_no_plate_approach,no_lift_proxy,no_lift_proxy
scana_r,101,scana_r_lib101_seed7,3,3,True,86,0.11570772956884234,0.016384872035506263,successful,successful,successful
scana_r,101,scana_r_lib101_seed7,3,4,True,87,0.10734788439109011,0.016746357648887024,successful,successful,successful
scana_r,101,scana_r_lib101_seed7,3,5,True,93,0.12044088315475354,0.006791474903802066,successful,successful,successful
scana_r,101,scana_r_lib101_seed7,3,6,True,84,0.11564083402672132,0.02678866418277782,successful,successful,successful
scana_r,101,scana_r_lib101_seed7,3,7,True,189,0.08242940194199355,0.029937277835748656,successful,successful,successful
scana_r,101,scana_r_lib101_seed7,3,8,True,86,0.11682110833233716,0.009159267073703918,successful,successful,successful
scana_r,101,scana_r_lib101_seed7,3,9,False,600,0.02139916751339621,0.16487907056231468,lifted_no_plate_approach,no_lift_proxy,no_lift_proxy
scana_r,101,scana_r_lib101_seed7,3,10,False,600,0.023935735564025284,0.14676310619471467,lifted_no_plate_approach,no_lift_proxy,no_lift_proxy
scana_r,101,scana_r_lib101_seed7,3,11,True,82,0.08060995606116383,0.00717201447953391,successful,successful,successful
scana_r,101,scana_r_lib101_seed7,3,12,True,100,0.10430146226148962,0.007272453180951073,successful,successful,successful
scana_r,101,scana_r_lib101_seed7,3,13,False,600,0.08161080319294012,0.10876764689135912,lifted_no_plate_approach,lifted_no_plate_approach,lifted_no_plate_approach
scana_r,101,scana_r_lib101_seed7,3,14,True,111,0.11879163599251774,0.029913026388462757,successful,successful,successful
scana_r,101,scana_r_lib101_seed7,3,15,True,81,0.09247990748630575,0.014849358961404342,successful,successful,successful
scana_r,101,scana_r_lib101_seed7,3,16,True,123,0.11613105154033454,0.0024675174054782944,successful,successful,successful
scana_r,101,scana_r_lib101_seed7,3,17,True,93,0.143624777853387,0.01895028471881703,successful,successful,successful
scana_r,101,scana_r_lib101_seed7,3,18,True,106,0.12922512643610595,0.007155585419647018,successful,successful,successful
scana_r,101,scana_r_lib101_seed7,3,19,True,108,0.13554435505529605,0.003633270975533202,successful,successful,successful
scana_r,101,scana_r_lib101_seed7,4,0,True,133,0.1241584063183887,0.011845029679050448,successful,successful,successful
scana_r,101,scana_r_lib101_seed7,4,1,False,600,2.5755233394209043e-05,0.3268245437005044,no_lift_proxy,no_lift_proxy,no_lift_proxy
scana_r,101,scana_r_lib101_seed7,4,2,True,128,0.15121672895618254,0.026105829295337606,successful,successful,successful
scana_r,101,scana_r_lib101_seed7,4,3,True,135,0.16865075972278953,0.008073236861745978,successful,successful,successful
scana_r,101,scana_r_lib101_seed7,4,4,True,119,0.13007837907450615,0.018575198906452553,successful,successful,successful
scana_r,101,scana_r_lib101_seed7,4,5,True,124,0.12191194363079072,0.015708314461424892,successful,successful,successful
scana_r,101,scana_r_lib101_seed7,4,6,True,130,0.1357325421442197,0.0005558404973662419,successful,successful,successful
scana_r,101,scana_r_lib101_seed7,4,7,True,120,0.15115879123433507,0.024518642695006834,successful,successful,successful
scana_r,101,scana_r_lib101_seed7,4,8,True,141,0.12651844093232945,0.0006324623647937178,successful,successful,successful
scana_r,101,scana_r_lib101_seed7,4,9,True,118,0.12921815130925984,0.004979747700170397,successful,successful,successful
scana_r,101,scana_r_lib101_seed7,4,10,False,600,6.604801856102682e-06,0.3560409698224381,no_lift_proxy,no_lift_proxy,no_lift_proxy
scana_r,101,scana_r_lib101_seed7,4,11,True,126,0.16117641544267025,0.02532165255415603,successful,successful,successful
scana_r,101,scana_r_lib101_seed7,4,12,True,119,0.1383260183467614,0.008773987290790184,successful,successful,successful
scana_r,101,scana_r_lib101_seed7,4,13,True,152,0.19678485774658316,0.005385449178784974,successful,successful,successful
scana_r,101,scana_r_lib101_seed7,4,14,True,134,0.1694349286485497,0.006878467347079042,successful,successful,successful
scana_r,101,scana_r_lib101_seed7,4,15,True,156,0.15332038559111072,0.00632529444201269,successful,successful,successful
scana_r,101,scana_r_lib101_seed7,4,16,True,135,0.18119643737242752,0.013963203040569324,successful,successful,successful
scana_r,101,scana_r_lib101_seed7,4,17,True,145,0.14136841101300401,0.007453282995666813,successful,successful,successful
scana_r,101,scana_r_lib101_seed7,4,18,False,600,1.0954133156104717e-09,0.3369444733322934,no_lift_proxy,no_lift_proxy,no_lift_proxy
scana_r,101,scana_r_lib101_seed7,4,19,True,122,0.13778084420274928,0.025133264352537023,successful,successful,successful
scana_r,101,scana_r_lib101_seed7,5,0,True,95,0.11184678288444416,0.011517063955264006,successful,successful,successful
scana_r,101,scana_r_lib101_seed7,5,1,False,600,0.14814061805338985,0.21312892180547777,lifted_no_plate_approach,lifted_no_plate_approach,lifted_no_plate_approach
scana_r,101,scana_r_lib101_seed7,5,2,True,90,0.12539915461775175,0.006421605855730445,successful,successful,successful
scana_r,101,scana_r_lib101_seed7,5,3,True,94,0.11942230750921923,0.016396336672450697,successful,successful,successful
scana_r,101,scana_r_lib101_seed7,5,4,True,92,0.11212046597630798,0.010723936092814638,successful,successful,successful
scana_r,101,scana_r_lib101_seed7,5,5,False,600,0.04116537107028306,0.273817402158482,lifted_no_plate_approach,lifted_no_plate_approach,no_lift_proxy
scana_r,101,scana_r_lib101_seed7,5,6,False,600,0.019871995505613027,0.2599474307847797,no_lift_proxy,no_lift_proxy,no_lift_proxy
scana_r,101,scana_r_lib101_seed7,5,7,False,600,0.04759963667847933,0.26933404495411173,lifted_no_plate_approach,lifted_no_plate_approach,no_lift_proxy
scana_r,101,scana_r_lib101_seed7,5,8,False,600,0.17867882368612886,0.06780806291050771,lifted_plate_approach_goal_failed,lifted_plate_approach_goal_failed,lifted_plate_approach_goal_failed
scana_r,101,scana_r_lib101_seed7,5,9,True,97,0.11910230239269937,0.003667087351451793,successful,successful,successful
scana_r,101,scana_r_lib101_seed7,5,10,True,178,0.12135744227841039,0.020371335694057295,successful,successful,successful
scana_r,101,scana_r_lib101_seed7,5,11,True,83,0.12442015160092135,0.009396679726807928,successful,successful,successful
scana_r,101,scana_r_lib101_seed7,5,12,True,90,0.14024520827666043,0.001644217043651232,successful,successful,successful
scana_r,101,scana_r_lib101_seed7,5,13,True,88,0.10393046064769706,0.020433211571725975,successful,successful,successful
scana_r,101,scana_r_lib101_seed7,5,14,True,138,0.1377894943327398,0.0033055497223852884,successful,successful,successful
scana_r,101,scana_r_lib101_seed7,5,15,True,92,0.14028600292213533,0.010373704971406867,successful,successful,successful
scana_r,101,scana_r_lib101_seed7,5,16,True,103,0.14377826380320946,0.005655380282931135,successful,successful,successful
scana_r,101,scana_r_lib101_seed7,5,17,False,600,0.11415566716110093,0.0024681359991884752,lifted_plate_approach_goal_failed,lifted_plate_approach_goal_failed,lifted_plate_approach_goal_failed
scana_r,101,scana_r_lib101_seed7,5,18,False,600,0.12923444016685914,0.009123969241059593,lifted_plate_approach_goal_failed,lifted_plate_approach_goal_failed,lifted_plate_approach_goal_failed
scana_r,101,scana_r_lib101_seed7,5,19,True,94,0.1263027120308471,0.001962671171588846,successful,successful,successful
scana_r,101,scana_r_lib101_seed7,6,0,True,120,0.1690896185612507,0.003240047507089602,successful,successful,successful
scana_r,101,scana_r_lib101_seed7,6,1,True,103,0.12550761908446528,0.015381595149924886,successful,successful,successful
scana_r,101,scana_r_lib101_seed7,6,2,True,102,0.1454364593061208,0.01958735965416988,successful,successful,successful
scana_r,101,scana_r_lib101_seed7,6,3,True,195,0.11648986150572838,0.022872957697913414,successful,successful,successful
scana_r,101,scana_r_lib101_seed7,6,4,True,116,0.13535260152011652,0.028534574376296692,successful,successful,successful
scana_r,101,scana_r_lib101_seed7,6,5,True,111,0.14310541834773938,0.015852752669028723,successful,successful,successful
scana_r,101,scana_r_lib101_seed7,6,6,True,111,0.14547794109897239,0.029538759129396682,successful,successful,successful
scana_r,101,scana_r_lib101_seed7,6,7,False,600,0.0008156575915667652,0.27156573063916994,no_lift_proxy,no_lift_proxy,no_lift_proxy
scana_r,101,scana_r_lib101_seed7,6,8,True,102,0.11067498207193838,0.002181128874824599,successful,successful,successful
scana_r,101,scana_r_lib101_seed7,6,9,False,600,0.031001021561607334,0.26755387832566035,lifted_no_plate_approach,lifted_no_plate_approach,no_lift_proxy
scana_r,101,scana_r_lib101_seed7,6,10,True,125,0.16894590872410165,0.014475099114908085,successful,successful,successful
scana_r,101,scana_r_lib101_seed7,6,11,True,101,0.12239255474728927,0.011940903106960764,successful,successful,successful
scana_r,101,scana_r_lib101_seed7,6,12,True,122,0.16891059897109462,0.017709966240260458,successful,successful,successful
scana_r,101,scana_r_lib101_seed7,6,13,True,103,0.1135651197963472,0.006844578073074986,successful,successful,successful
scana_r,101,scana_r_lib101_seed7,6,14,True,105,0.10784530450663699,0.02670934466904389,successful,successful,successful
scana_r,101,scana_r_lib101_seed7,6,15,True,106,0.14481299296470174,0.02079248003707092,successful,successful,successful
scana_r,101,scana_r_lib101_seed7,6,16,False,600,0.1688773838274873,0.06301059777932676,lifted_plate_approach_goal_failed,lifted_plate_approach_goal_failed,lifted_no_plate_approach
scana_r,101,scana_r_lib101_seed7,6,17,False,600,0.15262980191496744,0.13045348883203553,lifted_no_plate_approach,lifted_no_plate_approach,lifted_no_plate_approach
scana_r,101,scana_r_lib101_seed7,6,18,False,600,0.029008026864991154,0.2716042550953853,lifted_no_plate_approach,no_lift_proxy,no_lift_proxy
scana_r,101,scana_r_lib101_seed7,6,19,True,101,0.12798498822071958,0.00745103051796248,successful,successful,successful
scana_r,101,scana_r_lib101_seed7,7,0,True,126,0.17788690862306056,0.009749779347771681,successful,successful,successful
scana_r,101,scana_r_lib101_seed7,7,1,False,600,6.18396200913196e-09,0.4448524309377157,no_lift_proxy,no_lift_proxy,no_lift_proxy
scana_r,101,scana_r_lib101_seed7,7,2,True,138,0.18507805357381013,0.029814751547830382,successful,successful,successful
scana_r,101,scana_r_lib101_seed7,7,3,False,600,6.18396200913196e-09,0.46157389645352404,no_lift_proxy,no_lift_proxy,no_lift_proxy
scana_r,101,scana_r_lib101_seed7,7,4,False,600,6.183961898109658e-09,0.45233002993980964,no_lift_proxy,no_lift_proxy,no_lift_proxy
scana_r,101,scana_r_lib101_seed7,7,5,False,600,6.183961787087355e-09,0.43485196313812097,no_lift_proxy,no_lift_proxy,no_lift_proxy
scana_r,101,scana_r_lib101_seed7,7,6,False,600,0.016666318788859158,0.4604952413892437,no_lift_proxy,no_lift_proxy,no_lift_proxy
scana_r,101,scana_r_lib101_seed7,7,7,False,600,6.183961787087355e-09,0.45425713985382465,no_lift_proxy,no_lift_proxy,no_lift_proxy
scana_r,101,scana_r_lib101_seed7,7,8,False,600,6.183961787087355e-09,0.45808493555788815,no_lift_proxy,no_lift_proxy,no_lift_proxy
scana_r,101,scana_r_lib101_seed7,7,9,True,141,0.15887755132644654,0.024836646307942085,successful,successful,successful
scana_r,101,scana_r_lib101_seed7,7,10,False,600,6.183961787087355e-09,0.4663507098889989,no_lift_proxy,no_lift_proxy,no_lift_proxy
scana_r,101,scana_r_lib101_seed7,7,11,False,600,0.04080926010781427,0.4865908577732155,lifted_no_plate_approach,lifted_no_plate_approach,no_lift_proxy
scana_r,101,scana_r_lib101_seed7,7,12,True,147,0.1716443646792417,0.0021460657905574324,successful,successful,successful
scana_r,101,scana_r_lib101_seed7,7,13,False,600,6.18396200913196e-09,0.47926230311810875,no_lift_proxy,no_lift_proxy,no_lift_proxy
scana_r,101,scana_r_lib101_seed7,7,14,True,198,0.1764137042084608,0.009209462894094772,successful,successful,successful
scana_r,101,scana_r_lib101_seed7,7,15,True,115,0.20045954952782385,0.025280706705296318,successful,successful,successful
scana_r,101,scana_r_lib101_seed7,7,16,False,600,6.183961787087355e-09,0.4595610117304313,no_lift_proxy,no_lift_proxy,no_lift_proxy
scana_r,101,scana_r_lib101_seed7,7,17,True,127,0.22303037183094865,0.017311507988377172,successful,successful,successful
scana_r,101,scana_r_lib101_seed7,7,18,True,126,0.16603847097480273,0.011235926781682084,successful,successful,successful
scana_r,101,scana_r_lib101_seed7,7,19,False,600,6.183961787087355e-09,0.4524445440864832,no_lift_proxy,no_lift_proxy,no_lift_proxy
scana_r,101,scana_r_lib101_seed7,8,0,True,106,0.13845721631446728,0.004358417666870435,successful,successful,successful
scana_r,101,scana_r_lib101_seed7,8,1,True,99,0.09469968780209503,0.001397925942387906,successful,successful,successful
scana_r,101,scana_r_lib101_seed7,8,2,False,600,0.014846839723168581,0.0979344552122448,no_lift_proxy,no_lift_proxy,no_lift_proxy
scana_r,101,scana_r_lib101_seed7,8,3,False,600,0.07724986884800156,0.11124626175632607,lifted_no_plate_approach,lifted_no_plate_approach,lifted_no_plate_approach
scana_r,101,scana_r_lib101_seed7,8,4,False,600,0.0018105788933507894,0.17425946584434895,no_lift_proxy,no_lift_proxy,no_lift_proxy
scana_r,101,scana_r_lib101_seed7,8,5,True,416,0.10194154658859389,0.01327490395779019,successful,successful,successful
scana_r,101,scana_r_lib101_seed7,8,6,True,100,0.1466737538099434,0.015103121539295175,successful,successful,successful
scana_r,101,scana_r_lib101_seed7,8,7,True,100,0.10119748155749364,0.029592916532457596,successful,successful,successful
scana_r,101,scana_r_lib101_seed7,8,8,True,100,0.14971883590039448,0.01815116045201493,successful,successful,successful
scana_r,101,scana_r_lib101_seed7,8,9,True,93,0.12761959495681663,0.023838819244744847,successful,successful,successful
scana_r,101,scana_r_lib101_seed7,8,10,True,95,0.12621807348909764,0.008119983064796318,successful,successful,successful
scana_r,101,scana_r_lib101_seed7,8,11,True,96,0.10405718688393706,0.023474784279950905,successful,successful,successful
scana_r,101,scana_r_lib101_seed7,8,12,True,88,0.10978031029574153,0.009581771136128066,successful,successful,successful
scana_r,101,scana_r_lib101_seed7,8,13,True,87,0.08863233869573994,0.007914391466587236,successful,successful,successful
scana_r,101,scana_r_lib101_seed7,8,14,True,92,0.08910057468039179,0.0036116302376168925,successful,successful,successful
scana_r,101,scana_r_lib101_seed7,8,15,True,101,0.09080032695538032,0.00504104427340787,successful,successful,successful
scana_r,101,scana_r_lib101_seed7,8,16,True,100,0.15221551389044663,0.021242573878405578,successful,successful,successful
scana_r,101,scana_r_lib101_seed7,8,17,True,98,0.11422082736072747,0.01733385943189923,successful,successful,successful
scana_r,101,scana_r_lib101_seed7,8,18,True,85,0.09292933730241859,0.005121977605430746,successful,successful,successful
scana_r,101,scana_r_lib101_seed7,8,19,True,101,0.12435203033382192,0.026483380377235098,successful,successful,successful
scana_r,101,scana_r_lib101_seed7,9,0,True,114,0.1249683197569813,0.0030200147164765735,successful,successful,successful
scana_r,101,scana_r_lib101_seed7,9,1,True,118,0.10200283023230527,0.029084911927330887,successful,successful,successful
scana_r,101,scana_r_lib101_seed7,9,2,False,600,1.580957587066223e-13,0.4964486782819241,no_lift_proxy,no_lift_proxy,no_lift_proxy
scana_r,101,scana_r_lib101_seed7,9,3,False,600,1.580957587066223e-13,0.498937487727459,no_lift_proxy,no_lift_proxy,no_lift_proxy
scana_r,101,scana_r_lib101_seed7,9,4,True,118,0.11251224009789373,0.014883379425716431,successful,successful,successful
scana_r,101,scana_r_lib101_seed7,9,5,False,600,0.008014014196636055,0.48548703999833975,no_lift_proxy,no_lift_proxy,no_lift_proxy
scana_r,101,scana_r_lib101_seed7,9,6,True,112,0.11058009356462395,0.011762546647112817,successful,successful,successful
scana_r,101,scana_r_lib101_seed7,9,7,True,132,0.16080670275502218,0.016325379465756285,successful,successful,successful
scana_r,101,scana_r_lib101_seed7,9,8,True,127,0.10517165579874765,0.02372645674869637,successful,successful,successful
scana_r,101,scana_r_lib101_seed7,9,9,False,600,1.580957587066223e-13,0.5060437047563754,no_lift_proxy,no_lift_proxy,no_lift_proxy
scana_r,101,scana_r_lib101_seed7,9,10,True,119,0.12007501769111517,0.007606862795136347,successful,successful,successful
scana_r,101,scana_r_lib101_seed7,9,11,True,121,0.15679344083900215,0.026910260744660006,successful,successful,successful
scana_r,101,scana_r_lib101_seed7,9,12,False,600,1.580957587066223e-13,0.45621019795011786,no_lift_proxy,no_lift_proxy,no_lift_proxy
scana_r,101,scana_r_lib101_seed7,9,13,False,600,0.01712952055227368,0.4914818139535783,no_lift_proxy,no_lift_proxy,no_lift_proxy
scana_r,101,scana_r_lib101_seed7,9,14,True,114,0.1128727440867825,0.006033008907456426,successful,successful,successful
scana_r,101,scana_r_lib101_seed7,9,15,False,600,1.580957587066223e-13,0.47883184331712286,no_lift_proxy,no_lift_proxy,no_lift_proxy
scana_r,101,scana_r_lib101_seed7,9,16,True,113,0.0755460478329375,0.00017631257403250683,successful,successful,successful
scana_r,101,scana_r_lib101_seed7,9,17,False,600,0.0016344649909589837,0.46747755999005913,no_lift_proxy,no_lift_proxy,no_lift_proxy
scana_r,101,scana_r_lib101_seed7,9,18,False,600,1.580957587066223e-13,0.4704311936852478,no_lift_proxy,no_lift_proxy,no_lift_proxy
scana_r,101,scana_r_lib101_seed7,9,19,True,126,0.14862220866510056,0.007691093236859057,successful,successful,successful
scana_r,202,scana_r_lib202_seed11,0,0,True,80,0.11109199342225362,0.008925224219716199,successful,successful,successful
scana_r,202,scana_r_lib202_seed11,0,1,True,74,0.09570737653268602,0.0048220119783437725,successful,successful,successful
scana_r,202,scana_r_lib202_seed11,0,2,False,600,0.001552514944920591,0.1584975435233101,no_lift_proxy,no_lift_proxy,no_lift_proxy
scana_r,202,scana_r_lib202_seed11,0,3,True,73,0.09760458786370774,0.007154990776166143,successful,successful,successful
scana_r,202,scana_r_lib202_seed11,0,4,True,78,0.1058011108533814,0.006537623663965534,successful,successful,successful
scana_r,202,scana_r_lib202_seed11,0,5,True,71,0.08862962228468385,0.0036041232379961595,successful,successful,successful
scana_r,202,scana_r_lib202_seed11,0,6,True,77,0.10453822282845415,0.005164052271012023,successful,successful,successful
scana_r,202,scana_r_lib202_seed11,0,7,True,80,0.12301821703356719,0.022992927541196986,successful,successful,successful
scana_r,202,scana_r_lib202_seed11,0,8,True,248,0.0834734533925171,0.029487420124406097,successful,successful,successful
scana_r,202,scana_r_lib202_seed11,0,9,True,70,0.0789713192892082,0.006272894527889057,successful,successful,successful
scana_r,202,scana_r_lib202_seed11,0,10,True,79,0.09774494110408538,0.011228095197481454,successful,successful,successful
scana_r,202,scana_r_lib202_seed11,0,11,True,75,0.09092712638006717,0.0010424016071219643,successful,successful,successful
scana_r,202,scana_r_lib202_seed11,0,12,True,74,0.11145403568833112,0.0012670115986977925,successful,successful,successful
scana_r,202,scana_r_lib202_seed11,0,13,True,78,0.09875160822165974,0.006998593451193469,successful,successful,successful
scana_r,202,scana_r_lib202_seed11,0,14,True,84,0.1204479655635825,0.006888838031664229,successful,successful,successful
scana_r,202,scana_r_lib202_seed11,0,15,True,76,0.10100715192709542,0.011736328036553088,successful,successful,successful
scana_r,202,scana_r_lib202_seed11,0,16,True,75,0.1119191142426792,0.011711955516240555,successful,successful,successful
scana_r,202,scana_r_lib202_seed11,0,17,True,72,0.09797327437264247,0.0063622133049212395,successful,successful,successful
scana_r,202,scana_r_lib202_seed11,0,18,True,86,0.14939317078051795,0.0005435169048044261,successful,successful,successful
scana_r,202,scana_r_lib202_seed11,0,19,True,75,0.13210229255928463,0.0070037407461158345,successful,successful,successful
scana_r,202,scana_r_lib202_seed11,1,0,True,128,0.15670978374906852,0.002763693017702829,successful,successful,successful
scana_r,202,scana_r_lib202_seed11,1,1,True,118,0.16124957092180647,0.019425834118635122,successful,successful,successful
scana_r,202,scana_r_lib202_seed11,1,2,True,113,0.15568835316751062,0.02123827956080561,successful,successful,successful
scana_r,202,scana_r_lib202_seed11,1,3,False,600,0.01444608756152932,0.2775397893024297,no_lift_proxy,no_lift_proxy,no_lift_proxy
scana_r,202,scana_r_lib202_seed11,1,4,False,600,0.0057674060241103,0.2525160263555099,no_lift_proxy,no_lift_proxy,no_lift_proxy
scana_r,202,scana_r_lib202_seed11,1,5,False,600,0.004955370715000185,0.2664092104652887,no_lift_proxy,no_lift_proxy,no_lift_proxy
scana_r,202,scana_r_lib202_seed11,1,6,True,111,0.15217380517469858,0.004308433006923509,successful,successful,successful
scana_r,202,scana_r_lib202_seed11,1,7,True,107,0.17506156291830077,0.016525691825280204,successful,successful,successful
scana_r,202,scana_r_lib202_seed11,1,8,False,600,0.013088211252863857,0.28613603144960675,no_lift_proxy,no_lift_proxy,no_lift_proxy
scana_r,202,scana_r_lib202_seed11,1,9,True,121,0.15530354620696007,0.022689100439546445,successful,successful,successful
scana_r,202,scana_r_lib202_seed11,1,10,True,118,0.17089122431826942,0.011970770236897937,successful,successful,successful
scana_r,202,scana_r_lib202_seed11,1,11,True,109,0.16341522995371838,0.0037748435049549077,successful,successful,successful
scana_r,202,scana_r_lib202_seed11,1,12,True,108,0.14347838023260362,0.005983938543240309,successful,successful,successful
scana_r,202,scana_r_lib202_seed11,1,13,True,110,0.14507618815460033,0.001689546044401189,successful,successful,successful
scana_r,202,scana_r_lib202_seed11,1,14,True,98,0.13429855229533594,0.0003734904021527893,successful,successful,successful
scana_r,202,scana_r_lib202_seed11,1,15,False,600,0.09491830885466646,0.2443043097615287,lifted_no_plate_approach,lifted_no_plate_approach,lifted_no_plate_approach
scana_r,202,scana_r_lib202_seed11,1,16,True,108,0.1698136571421227,0.0014792038318738115,successful,successful,successful
scana_r,202,scana_r_lib202_seed11,1,17,True,100,0.17369828219032724,0.002657242615737562,successful,successful,successful
scana_r,202,scana_r_lib202_seed11,1,18,True,129,0.180722703815003,0.005850189896002692,successful,successful,successful
scana_r,202,scana_r_lib202_seed11,1,19,True,110,0.15780446310073715,0.009264335780160794,successful,successful,successful
scana_r,202,scana_r_lib202_seed11,2,0,True,108,0.15577289644783465,0.0215547124902986,successful,successful,successful
scana_r,202,scana_r_lib202_seed11,2,1,True,92,0.14901051667244625,0.012777309965708337,successful,successful,successful
scana_r,202,scana_r_lib202_seed11,2,2,True,88,0.14398771701253388,0.012782737217938732,successful,successful,successful
scana_r,202,scana_r_lib202_seed11,2,3,True,91,0.13814756031002906,0.019813512750723586,successful,successful,successful
scana_r,202,scana_r_lib202_seed11,2,4,True,98,0.1406783214539984,0.00992123608976419,successful,successful,successful
scana_r,202,scana_r_lib202_seed11,2,5,True,183,0.17130911558609752,0.011378869115339257,successful,successful,successful
scana_r,202,scana_r_lib202_seed11,2,6,False,600,0.1388965677102041,0.06070136810797373,lifted_plate_approach_goal_failed,lifted_plate_approach_goal_failed,lifted_plate_approach_goal_failed
scana_r,202,scana_r_lib202_seed11,2,7,True,114,0.15182828682900773,0.021005933586738162,successful,successful,successful
scana_r,202,scana_r_lib202_seed11,2,8,True,103,0.1340311906968099,0.017964820507948228,successful,successful,successful
scana_r,202,scana_r_lib202_seed11,2,9,True,99,0.13678370039462484,0.0156769120867256,successful,successful,successful
scana_r,202,scana_r_lib202_seed11,2,10,True,109,0.1454040938658927,0.010022414986810101,successful,successful,successful
scana_r,202,scana_r_lib202_seed11,2,11,True,106,0.14847020085608698,0.019364777442423244,successful,successful,successful
scana_r,202,scana_r_lib202_seed11,2,12,True,86,0.1582449700231081,0.026162595574334726,successful,successful,successful
scana_r,202,scana_r_lib202_seed11,2,13,True,116,0.12454579721982029,0.02965028994625439,successful,successful,successful
scana_r,202,scana_r_lib202_seed11,2,14,True,98,0.11318358613187418,0.002905408882849021,successful,successful,successful
scana_r,202,scana_r_lib202_seed11,2,15,True,103,0.1450781403562229,0.016952895541229578,successful,successful,successful
scana_r,202,scana_r_lib202_seed11,2,16,True,76,0.09640183584162487,0.01512765270372314,successful,successful,successful
scana_r,202,scana_r_lib202_seed11,2,17,True,98,0.13364724194892275,0.0030835824901347332,successful,successful,successful
scana_r,202,scana_r_lib202_seed11,2,18,True,102,0.14144893337638376,0.019144141558890694,successful,successful,successful
scana_r,202,scana_r_lib202_seed11,2,19,True,96,0.15853784368609358,0.017559539774961296,successful,successful,successful
scana_r,202,scana_r_lib202_seed11,3,0,True,87,0.10479467366372708,0.02555605543203061,successful,successful,successful
scana_r,202,scana_r_lib202_seed11,3,1,True,98,0.1330564265506642,0.00513648220559141,successful,successful,successful
scana_r,202,scana_r_lib202_seed11,3,2,True,97,0.11597347068621788,0.017292320170086677,successful,successful,successful
scana_r,202,scana_r_lib202_seed11,3,3,False,600,0.006386540907176719,0.17507131496266676,no_lift_proxy,no_lift_proxy,no_lift_proxy
scana_r,202,scana_r_lib202_seed11,3,4,True,84,0.11219576483552729,0.019554511692247097,successful,successful,successful
scana_r,202,scana_r_lib202_seed11,3,5,True,92,0.12989137429698971,0.02135364275428754,successful,successful,successful
scana_r,202,scana_r_lib202_seed11,3,6,True,166,0.15848038770687733,0.006295567820495634,successful,successful,successful
scana_r,202,scana_r_lib202_seed11,3,7,True,83,0.08435673217591688,0.0038169043381107476,successful,successful,successful
scana_r,202,scana_r_lib202_seed11,3,8,True,83,0.10824873232523813,0.0032038427583831425,successful,successful,successful
scana_r,202,scana_r_lib202_seed11,3,9,True,89,0.14042400522389098,0.022772036998199123,successful,successful,successful
scana_r,202,scana_r_lib202_seed11,3,10,True,87,0.12065389635146428,0.018800268129365947,successful,successful,successful
scana_r,202,scana_r_lib202_seed11,3,11,True,84,0.09077542790303783,0.010855921387299074,successful,successful,successful
scana_r,202,scana_r_lib202_seed11,3,12,True,109,0.12656388225591553,0.028514305486225307,successful,successful,successful
scana_r,202,scana_r_lib202_seed11,3,13,True,88,0.10894646682049369,0.017179669218580114,successful,successful,successful
scana_r,202,scana_r_lib202_seed11,3,14,False,600,0.1273268420517203,0.03255617047888968,lifted_plate_approach_goal_failed,lifted_plate_approach_goal_failed,lifted_plate_approach_goal_failed
scana_r,202,scana_r_lib202_seed11,3,15,True,81,0.07870934570557409,0.0175390394218463,successful,successful,successful
scana_r,202,scana_r_lib202_seed11,3,16,True,87,0.12100536325148215,0.016783494988418166,successful,successful,successful
scana_r,202,scana_r_lib202_seed11,3,17,True,84,0.1089823138937589,0.025487194407785838,successful,successful,successful
scana_r,202,scana_r_lib202_seed11,3,18,True,90,0.11883733777978911,0.01862688232295998,successful,successful,successful
scana_r,202,scana_r_lib202_seed11,3,19,True,100,0.12003872540126548,0.01142769843723327,successful,successful,successful
scana_r,202,scana_r_lib202_seed11,4,0,True,120,0.1503714837634258,0.008755028319896925,successful,successful,successful
scana_r,202,scana_r_lib202_seed11,4,1,True,122,0.14787197048326362,0.004299311461030591,successful,successful,successful
scana_r,202,scana_r_lib202_seed11,4,2,True,121,0.16386630085759069,0.01144456194577833,successful,successful,successful
scana_r,202,scana_r_lib202_seed11,4,3,False,600,0.12188069731272866,0.001783665293771091,lifted_plate_approach_goal_failed,lifted_plate_approach_goal_failed,lifted_plate_approach_goal_failed
scana_r,202,scana_r_lib202_seed11,4,4,True,124,0.1699478325403201,0.01943210139948383,successful,successful,successful
scana_r,202,scana_r_lib202_seed11,4,5,True,121,0.1063035357271902,0.009432133035712845,successful,successful,successful
scana_r,202,scana_r_lib202_seed11,4,6,True,135,0.15110957377947765,0.0003939006598783463,successful,successful,successful
scana_r,202,scana_r_lib202_seed11,4,7,False,600,0.00011380245764636143,0.3485365469444189,no_lift_proxy,no_lift_proxy,no_lift_proxy
scana_r,202,scana_r_lib202_seed11,4,8,True,137,0.1700872625238259,0.015915829982268107,successful,successful,successful
scana_r,202,scana_r_lib202_seed11,4,9,False,600,0.027480781746207716,0.33417349147487996,lifted_no_plate_approach,no_lift_proxy,no_lift_proxy
scana_r,202,scana_r_lib202_seed11,4,10,False,600,0.021125176708538307,0.3332514066599281,lifted_no_plate_approach,no_lift_proxy,no_lift_proxy
scana_r,202,scana_r_lib202_seed11,4,11,True,124,0.1579394214662344,0.026173755925110533,successful,successful,successful
scana_r,202,scana_r_lib202_seed11,4,12,True,138,0.1424410629606474,0.02329282087646021,successful,successful,successful
scana_r,202,scana_r_lib202_seed11,4,13,True,138,0.15157467356902288,0.0011228001351563017,successful,successful,successful
scana_r,202,scana_r_lib202_seed11,4,14,True,153,0.1404772704253241,0.02963870081459625,successful,successful,successful
scana_r,202,scana_r_lib202_seed11,4,15,True,177,0.175497019883589,0.0018324688283890248,successful,successful,successful
scana_r,202,scana_r_lib202_seed11,4,16,True,125,0.1474343736981183,0.0037645234233730143,successful,successful,successful
scana_r,202,scana_r_lib202_seed11,4,17,True,127,0.1440240197121987,0.00325576726848329,successful,successful,successful
scana_r,202,scana_r_lib202_seed11,4,18,True,118,0.16181797519586993,0.007370740160674254,successful,successful,successful
scana_r,202,scana_r_lib202_seed11,4,19,True,125,0.12968596164220325,0.0077935120503961584,successful,successful,successful
scana_r,202,scana_r_lib202_seed11,5,0,True,92,0.12868687679764756,0.002939726881818546,successful,successful,successful
scana_r,202,scana_r_lib202_seed11,5,1,True,117,0.16314648952224753,0.005528151359725637,successful,successful,successful
scana_r,202,scana_r_lib202_seed11,5,2,True,88,0.13860979427413533,0.0022644547162290547,successful,successful,successful
scana_r,202,scana_r_lib202_seed11,5,3,True,95,0.13586713325770938,0.0038659285809174255,successful,successful,successful
scana_r,202,scana_r_lib202_seed11,5,4,True,89,0.1392604269388178,0.0028876662853053194,successful,successful,successful
scana_r,202,scana_r_lib202_seed11,5,5,True,93,0.14068007513365532,0.003715019942915161,successful,successful,successful
scana_r,202,scana_r_lib202_seed11,5,6,True,95,0.1200685209643475,0.01415601335559743,successful,successful,successful
scana_r,202,scana_r_lib202_seed11,5,7,True,98,0.14988398393648072,0.0018881087272027489,successful,successful,successful
scana_r,202,scana_r_lib202_seed11,5,8,True,88,0.12714513405467198,0.014390926303522232,successful,successful,successful
scana_r,202,scana_r_lib202_seed11,5,9,True,88,0.1366614725259352,0.007220670616589648,successful,successful,successful
scana_r,202,scana_r_lib202_seed11,5,10,True,171,0.17852058662416026,0.015613553007414993,successful,successful,successful
scana_r,202,scana_r_lib202_seed11,5,11,True,95,0.11960711043106853,0.010767301601864728,successful,successful,successful
scana_r,202,scana_r_lib202_seed11,5,12,True,89,0.16836131273084887,0.004463953524836958,successful,successful,successful
scana_r,202,scana_r_lib202_seed11,5,13,True,101,0.10455141105240229,0.0031666012204967634,successful,successful,successful
scana_r,202,scana_r_lib202_seed11,5,14,True,98,0.15794895836213274,0.004301421821011251,successful,successful,successful
scana_r,202,scana_r_lib202_seed11,5,15,True,88,0.12140866235108283,0.005979846685740967,successful,successful,successful
scana_r,202,scana_r_lib202_seed11,5,16,False,600,0.024590098053921094,0.27272804895364444,lifted_no_plate_approach,no_lift_proxy,no_lift_proxy
scana_r,202,scana_r_lib202_seed11,5,17,True,101,0.13493273389321614,0.0050335830108949875,successful,successful,successful
scana_r,202,scana_r_lib202_seed11,5,18,True,100,0.12724866818523373,0.003148094387654526,successful,successful,successful
scana_r,202,scana_r_lib202_seed11,5,19,True,105,0.15628797844687448,0.004886561522330989,successful,successful,successful
scana_r,202,scana_r_lib202_seed11,6,0,True,109,0.17464151568036823,0.024584123940455792,successful,successful,successful
scana_r,202,scana_r_lib202_seed11,6,1,True,103,0.14821607293075956,0.0026964901630786415,successful,successful,successful
scana_r,202,scana_r_lib202_seed11,6,2,True,103,0.12183893539377522,0.005046769948776545,successful,successful,successful
scana_r,202,scana_r_lib202_seed11,6,3,True,107,0.1356316338522372,0.029373752965382943,successful,successful,successful
scana_r,202,scana_r_lib202_seed11,6,4,True,124,0.1534056017410128,0.027181346817860687,successful,successful,successful
scana_r,202,scana_r_lib202_seed11,6,5,True,112,0.1672442455709957,0.02014072027863073,successful,successful,successful
scana_r,202,scana_r_lib202_seed11,6,6,True,111,0.16487956909199708,0.02890684925966954,successful,successful,successful
scana_r,202,scana_r_lib202_seed11,6,7,True,94,0.14833950062852175,0.019488551474413262,successful,successful,successful
scana_r,202,scana_r_lib202_seed11,6,8,True,112,0.16722922922643768,0.028148595095688102,successful,successful,successful
scana_r,202,scana_r_lib202_seed11,6,9,False,600,0.013682674740577938,0.26480985157132053,no_lift_proxy,no_lift_proxy,no_lift_proxy
scana_r,202,scana_r_lib202_seed11,6,10,True,113,0.17031618267267845,0.005839175207925244,successful,successful,successful
scana_r,202,scana_r_lib202_seed11,6,11,True,102,0.14076292525372236,0.02021840615870963,successful,successful,successful
scana_r,202,scana_r_lib202_seed11,6,12,True,105,0.15767745700791203,0.027718553047610818,successful,successful,successful
scana_r,202,scana_r_lib202_seed11,6,13,True,95,0.14193655074519618,0.018402014645795564,successful,successful,successful
scana_r,202,scana_r_lib202_seed11,6,14,True,103,0.1465240494930491,0.005579077302921126,successful,successful,successful
scana_r,202,scana_r_lib202_seed11,6,15,True,125,0.169497550201275,0.028780362444455143,successful,successful,successful
scana_r,202,scana_r_lib202_seed11,6,16,False,600,2.6450475154593533e-07,0.2642774122312223,no_lift_proxy,no_lift_proxy,no_lift_proxy
scana_r,202,scana_r_lib202_seed11,6,17,True,107,0.1298210617386677,0.028511622255816788,successful,successful,successful
scana_r,202,scana_r_lib202_seed11,6,18,True,115,0.16032842552467508,0.02287435250098246,successful,successful,successful
scana_r,202,scana_r_lib202_seed11,6,19,True,92,0.1005088442287414,0.020644666697082186,successful,successful,successful
scana_r,202,scana_r_lib202_seed11,7,0,True,114,0.17891363793607984,0.008531861806562856,successful,successful,successful
scana_r,202,scana_r_lib202_seed11,7,1,True,120,0.1921168540127427,0.010911765509240624,successful,successful,successful
scana_r,202,scana_r_lib202_seed11,7,2,False,600,0.12144768834809372,0.2755053747829002,lifted_no_plate_approach,lifted_no_plate_approach,lifted_no_plate_approach
scana_r,202,scana_r_lib202_seed11,7,3,False,600,6.183962231176565e-09,0.46542592166713964,no_lift_proxy,no_lift_proxy,no_lift_proxy
scana_r,202,scana_r_lib202_seed11,7,4,False,600,6.18396200913196e-09,0.45233002993980964,no_lift_proxy,no_lift_proxy,no_lift_proxy
scana_r,202,scana_r_lib202_seed11,7,5,False,600,6.183961898109658e-09,0.4557062660990225,no_lift_proxy,no_lift_proxy,no_lift_proxy
scana_r,202,scana_r_lib202_seed11,7,6,False,600,0.07135805686268526,0.4604952413892437,lifted_no_plate_approach,lifted_no_plate_approach,lifted_no_plate_approach
scana_r,202,scana_r_lib202_seed11,7,7,False,600,6.183962120154263e-09,0.45425713985382465,no_lift_proxy,no_lift_proxy,no_lift_proxy
scana_r,202,scana_r_lib202_seed11,7,8,True,146,0.17305381870942993,0.0052060539154295815,successful,successful,successful
scana_r,202,scana_r_lib202_seed11,7,9,True,137,0.1408596762685751,0.0021044660207556274,successful,successful,successful
scana_r,202,scana_r_lib202_seed11,7,10,False,600,6.183961898109658e-09,0.4663507098889989,no_lift_proxy,no_lift_proxy,no_lift_proxy
scana_r,202,scana_r_lib202_seed11,7,11,False,600,6.183961898109658e-09,0.48889856385783415,no_lift_proxy,no_lift_proxy,no_lift_proxy
scana_r,202,scana_r_lib202_seed11,7,12,False,600,0.10463675962283825,0.29665741804036766,lifted_no_plate_approach,lifted_no_plate_approach,lifted_no_plate_approach
scana_r,202,scana_r_lib202_seed11,7,13,False,600,6.18396200913196e-09,0.47926230311810875,no_lift_proxy,no_lift_proxy,no_lift_proxy
scana_r,202,scana_r_lib202_seed11,7,14,True,124,0.14530946691344804,0.02598488003109721,successful,successful,successful
scana_r,202,scana_r_lib202_seed11,7,15,True,124,0.16809426015387907,0.006666874704100308,successful,successful,successful
scana_r,202,scana_r_lib202_seed11,7,16,False,600,6.183961898109658e-09,0.4595610117304313,no_lift_proxy,no_lift_proxy,no_lift_proxy
scana_r,202,scana_r_lib202_seed11,7,17,True,290,0.17006721071439845,0.007597015715085566,successful,successful,successful
scana_r,202,scana_r_lib202_seed11,7,18,True,108,0.14997958097657682,0.004140838063472293,successful,successful,successful
scana_r,202,scana_r_lib202_seed11,7,19,False,600,6.183961787087355e-09,0.4524445440864832,no_lift_proxy,no_lift_proxy,no_lift_proxy
scana_r,202,scana_r_lib202_seed11,8,0,False,600,2.6450475154593533e-07,0.119382278621566,no_lift_proxy,no_lift_proxy,no_lift_proxy
scana_r,202,scana_r_lib202_seed11,8,1,True,587,0.1765893085479706,0.01890705608057476,successful,successful,successful
scana_r,202,scana_r_lib202_seed11,8,2,True,88,0.09753863746301084,0.006804941162768902,successful,successful,successful
scana_r,202,scana_r_lib202_seed11,8,3,True,91,0.11088294788328423,0.003074648814549892,successful,successful,successful
scana_r,202,scana_r_lib202_seed11,8,4,False,600,0.025365906346019762,0.17505900942162864,lifted_no_plate_approach,no_lift_proxy,no_lift_proxy
scana_r,202,scana_r_lib202_seed11,8,5,True,101,0.133827551814374,0.0034433006976601972,successful,successful,successful
scana_r,202,scana_r_lib202_seed11,8,6,True,83,0.10795976582125455,0.008608050143340764,successful,successful,successful
scana_r,202,scana_r_lib202_seed11,8,7,True,94,0.09705579186149693,0.0050100371263130765,successful,successful,successful
scana_r,202,scana_r_lib202_seed11,8,8,False,600,0.1364734193294641,0.0452730400763385,lifted_plate_approach_goal_failed,lifted_plate_approach_goal_failed,lifted_plate_approach_goal_failed
scana_r,202,scana_r_lib202_seed11,8,9,True,89,0.11832922066269647,0.011635817402143969,successful,successful,successful
scana_r,202,scana_r_lib202_seed11,8,10,True,93,0.12593511922565015,0.010476681356606822,successful,successful,successful
scana_r,202,scana_r_lib202_seed11,8,11,True,99,0.10688550105058336,0.009372847419906554,successful,successful,successful
scana_r,202,scana_r_lib202_seed11,8,12,True,96,0.14261260250894048,0.021765269180867325,successful,successful,successful
scana_r,202,scana_r_lib202_seed11,8,13,True,89,0.12144649297671806,0.00863629625022772,successful,successful,successful
scana_r,202,scana_r_lib202_seed11,8,14,True,100,0.1308174198345171,0.015283695847287958,successful,successful,successful
scana_r,202,scana_r_lib202_seed11,8,15,True,86,0.11833385418327891,0.011739980906547307,successful,successful,successful
scana_r,202,scana_r_lib202_seed11,8,16,True,99,0.11749077218172732,0.029941683512476808,successful,successful,successful
scana_r,202,scana_r_lib202_seed11,8,17,True,97,0.11620645442067312,0.006752123431933778,successful,successful,successful
scana_r,202,scana_r_lib202_seed11,8,18,True,93,0.11387847628147552,0.009243185947808931,successful,successful,successful
scana_r,202,scana_r_lib202_seed11,8,19,True,91,0.09902014405524251,0.005892152698468933,successful,successful,successful
scana_r,202,scana_r_lib202_seed11,9,0,True,114,0.10478942820206694,0.014955540212028624,successful,successful,successful
scana_r,202,scana_r_lib202_seed11,9,1,False,600,0.005341771516931493,0.4577799362585328,no_lift_proxy,no_lift_proxy,no_lift_proxy
scana_r,202,scana_r_lib202_seed11,9,2,True,112,0.13701818526453047,0.00994880470204249,successful,successful,successful
scana_r,202,scana_r_lib202_seed11,9,3,False,600,0.04041751463374332,0.4374754918253357,lifted_no_plate_approach,lifted_no_plate_approach,no_lift_proxy
scana_r,202,scana_r_lib202_seed11,9,4,True,137,0.14752638536185425,0.0006215583448701022,successful,successful,successful
scana_r,202,scana_r_lib202_seed11,9,5,False,600,0.03714008837889571,0.47838893836462215,lifted_no_plate_approach,lifted_no_plate_approach,no_lift_proxy
scana_r,202,scana_r_lib202_seed11,9,6,False,600,0.0006448989308198705,0.4974466321278418,no_lift_proxy,no_lift_proxy,no_lift_proxy
scana_r,202,scana_r_lib202_seed11,9,7,True,124,0.15118191708589923,0.02958468938988381,successful,successful,successful
scana_r,202,scana_r_lib202_seed11,9,8,True,123,0.1466040157510171,0.014335508261720998,successful,successful,successful
scana_r,202,scana_r_lib202_seed11,9,9,False,600,1.580957587066223e-13,0.5060437047563754,no_lift_proxy,no_lift_proxy,no_lift_proxy
scana_r,202,scana_r_lib202_seed11,9,10,False,600,0.20392505440778042,0.04351370913013681,lifted_plate_approach_goal_failed,lifted_plate_approach_goal_failed,lifted_plate_approach_goal_failed
scana_r,202,scana_r_lib202_seed11,9,11,False,600,0.004352470406120412,0.4808890298240483,no_lift_proxy,no_lift_proxy,no_lift_proxy
scana_r,202,scana_r_lib202_seed11,9,12,False,600,1.580957587066223e-13,0.46203935683134534,no_lift_proxy,no_lift_proxy,no_lift_proxy
scana_r,202,scana_r_lib202_seed11,9,13,False,600,0.0014544798820783633,0.49148047898088115,no_lift_proxy,no_lift_proxy,no_lift_proxy
scana_r,202,scana_r_lib202_seed11,9,14,False,600,0.011294245424242177,0.49120491800147625,no_lift_proxy,no_lift_proxy,no_lift_proxy
scana_r,202,scana_r_lib202_seed11,9,15,False,600,0.010862337049060589,0.47883184331712286,no_lift_proxy,no_lift_proxy,no_lift_proxy
scana_r,202,scana_r_lib202_seed11,9,16,True,104,0.1109396177979578,0.007790205117031186,successful,successful,successful
scana_r,202,scana_r_lib202_seed11,9,17,False,600,1.580957587066223e-13,0.46747755999005913,no_lift_proxy,no_lift_proxy,no_lift_proxy
scana_r,202,scana_r_lib202_seed11,9,18,False,600,0.006712837954914841,0.4704311936852478,no_lift_proxy,no_lift_proxy,no_lift_proxy
scana_r,202,scana_r_lib202_seed11,9,19,False,600,0.007080067029119341,0.5083010537400563,no_lift_proxy,no_lift_proxy,no_lift_proxy
scana_r,303,scana_r_lib303_seed23,0,0,True,73,0.08791865428665446,0.006332932389247229,successful,successful,successful
scana_r,303,scana_r_lib303_seed23,0,1,True,82,0.12245494079606267,0.00241822766219201,successful,successful,successful
scana_r,303,scana_r_lib303_seed23,0,2,False,600,0.030598234894079535,0.168215756448191,lifted_no_plate_approach,lifted_no_plate_approach,no_lift_proxy
scana_r,303,scana_r_lib303_seed23,0,3,True,160,0.11443165663506938,0.010466572260756604,successful,successful,successful
scana_r,303,scana_r_lib303_seed23,0,4,True,73,0.11961865174068875,0.003834340248054554,successful,successful,successful
scana_r,303,scana_r_lib303_seed23,0,5,False,600,0.02275150763080469,0.12953556373232292,lifted_no_plate_approach,no_lift_proxy,no_lift_proxy
scana_r,303,scana_r_lib303_seed23,0,6,True,74,0.10562075820506611,0.008480225575270058,successful,successful,successful
scana_r,303,scana_r_lib303_seed23,0,7,True,78,0.10976174139922712,0.0025011092199817456,successful,successful,successful
scana_r,303,scana_r_lib303_seed23,0,8,False,600,0.018811930864225612,0.1369101508072444,no_lift_proxy,no_lift_proxy,no_lift_proxy
scana_r,303,scana_r_lib303_seed23,0,9,True,74,0.05764142283361462,0.01783728652148998,successful,successful,successful
scana_r,303,scana_r_lib303_seed23,0,10,True,86,0.11907693783122486,0.004712540012196275,successful,successful,successful
scana_r,303,scana_r_lib303_seed23,0,11,True,75,0.1059604096353246,0.0013879116676272694,successful,successful,successful
scana_r,303,scana_r_lib303_seed23,0,12,True,73,0.08075643118214182,0.0062494141118030555,successful,successful,successful
scana_r,303,scana_r_lib303_seed23,0,13,False,600,0.05466404210633746,0.09906082987164017,lifted_no_plate_approach,lifted_no_plate_approach,lifted_no_plate_approach
scana_r,303,scana_r_lib303_seed23,0,14,True,85,0.10198424279087559,0.00044782838074566833,successful,successful,successful
scana_r,303,scana_r_lib303_seed23,0,15,True,71,0.09919231601476441,0.009175708072052683,successful,successful,successful
scana_r,303,scana_r_lib303_seed23,0,16,True,78,0.1033203379212968,0.005627280474904857,successful,successful,successful
scana_r,303,scana_r_lib303_seed23,0,17,True,74,0.08287581403391908,0.0014490345746678113,successful,successful,successful
scana_r,303,scana_r_lib303_seed23,0,18,True,89,0.14574224351808007,0.008644363570321086,successful,successful,successful
scana_r,303,scana_r_lib303_seed23,0,19,True,75,0.0988335011578736,0.005537699171162581,successful,successful,successful
scana_r,303,scana_r_lib303_seed23,1,0,True,117,0.17866872770751407,0.004264090187149949,successful,successful,successful
scana_r,303,scana_r_lib303_seed23,1,1,True,103,0.1425658753736212,0.004054335208230353,successful,successful,successful
scana_r,303,scana_r_lib303_seed23,1,2,True,104,0.13939282067262182,0.004223650642999149,successful,successful,successful
scana_r,303,scana_r_lib303_seed23,1,3,False,600,0.05281687313672245,0.16874576286124734,lifted_no_plate_approach,lifted_no_plate_approach,lifted_no_plate_approach
scana_r,303,scana_r_lib303_seed23,1,4,True,106,0.1632776438165069,0.011612518892991872,successful,successful,successful
scana_r,303,scana_r_lib303_seed23,1,5,False,600,0.019690367656618024,0.2704252113474717,no_lift_proxy,no_lift_proxy,no_lift_proxy
scana_r,303,scana_r_lib303_seed23,1,6,True,105,0.14790390441557966,0.003378431506112208,successful,successful,successful
scana_r,303,scana_r_lib303_seed23,1,7,True,299,0.15078187990111225,0.029944265335453038,successful,successful,successful
scana_r,303,scana_r_lib303_seed23,1,8,True,100,0.13159260226091174,0.0033936171618210906,successful,successful,successful
scana_r,303,scana_r_lib303_seed23,1,9,False,600,0.050384689290678075,0.251281438596371,lifted_no_plate_approach,lifted_no_plate_approach,lifted_no_plate_approach
scana_r,303,scana_r_lib303_seed23,1,10,True,108,0.15647436001831827,0.02073658014237591,successful,successful,successful
scana_r,303,scana_r_lib303_seed23,1,11,True,132,0.18331363062997563,0.0036577732183260413,successful,successful,successful
scana_r,303,scana_r_lib303_seed23,1,12,False,600,0.03640727923075193,0.2602695707169102,lifted_no_plate_approach,lifted_no_plate_approach,no_lift_proxy
scana_r,303,scana_r_lib303_seed23,1,13,True,115,0.1238847819703921,0.0064734868729147774,successful,successful,successful
scana_r,303,scana_r_lib303_seed23,1,14,False,600,0.010817842501443131,0.25489463377504495,no_lift_proxy,no_lift_proxy,no_lift_proxy
scana_r,303,scana_r_lib303_seed23,1,15,True,116,0.1650078346729842,0.021375893915044433,successful,successful,successful
scana_r,303,scana_r_lib303_seed23,1,16,True,106,0.1679076334497107,0.0031754126116240564,successful,successful,successful
scana_r,303,scana_r_lib303_seed23,1,17,True,103,0.16568227693226967,0.0057866476866209535,successful,successful,successful
scana_r,303,scana_r_lib303_seed23,1,18,True,104,0.16716307817746334,0.007132245646653689,successful,successful,successful
scana_r,303,scana_r_lib303_seed23,1,19,True,94,0.11992268227176983,0.004574524472857796,successful,successful,successful
scana_r,303,scana_r_lib303_seed23,2,0,False,600,0.11793490143942775,0.13259206337340365,lifted_no_plate_approach,lifted_no_plate_approach,lifted_no_plate_approach
scana_r,303,scana_r_lib303_seed23,2,1,True,94,0.1342530168705951,0.006253177452046433,successful,successful,successful
scana_r,303,scana_r_lib303_seed23,2,2,True,115,0.09780761868293453,0.004818425822277465,successful,successful,successful
scana_r,303,scana_r_lib303_seed23,2,3,False,600,0.14781722586319135,0.08707761183404783,lifted_no_plate_approach,lifted_no_plate_approach,lifted_no_plate_approach
scana_r,303,scana_r_lib303_seed23,2,4,True,109,0.1461261992112044,0.004600822328521222,successful,successful,successful
scana_r,303,scana_r_lib303_seed23,2,5,True,98,0.13116494805954737,0.0004440838459591942,successful,successful,successful
scana_r,303,scana_r_lib303_seed23,2,6,True,100,0.14935999447095605,0.0008566398769929038,successful,successful,successful
scana_r,303,scana_r_lib303_seed23,2,7,True,104,0.15888169789068662,0.011544034633289504,successful,successful,successful
scana_r,303,scana_r_lib303_seed23,2,8,True,103,0.13533025126189213,0.0008184291926842202,successful,successful,successful
scana_r,303,scana_r_lib303_seed23,2,9,True,98,0.1327439792722107,0.010016617176845523,successful,successful,successful
scana_r,303,scana_r_lib303_seed23,2,10,True,104,0.14016651848196093,0.007764390436122394,successful,successful,successful
scana_r,303,scana_r_lib303_seed23,2,11,True,104,0.1587718498912789,0.02241611852161412,successful,successful,successful
scana_r,303,scana_r_lib303_seed23,2,12,True,94,0.12031931123012529,0.004390266047198706,successful,successful,successful
scana_r,303,scana_r_lib303_seed23,2,13,True,101,0.15100924681590056,0.007399020014847132,successful,successful,successful
scana_r,303,scana_r_lib303_seed23,2,14,True,112,0.13795741055048594,0.010802085694103014,successful,successful,successful
scana_r,303,scana_r_lib303_seed23,2,15,True,100,0.1610356092236167,0.007772896746873167,successful,successful,successful
scana_r,303,scana_r_lib303_seed23,2,16,True,95,0.13630833571444478,0.0027736683550805457,successful,successful,successful
scana_r,303,scana_r_lib303_seed23,2,17,True,99,0.1403387214466374,0.009207333673361249,successful,successful,successful
scana_r,303,scana_r_lib303_seed23,2,18,False,600,0.5373190785762243,0.059468846477211554,lifted_plate_approach_goal_failed,lifted_plate_approach_goal_failed,lifted_plate_approach_goal_failed
scana_r,303,scana_r_lib303_seed23,2,19,True,92,0.14607031532053205,0.011376425266403888,successful,successful,successful
scana_r,303,scana_r_lib303_seed23,3,0,True,90,0.12174534437526963,0.014573863582657085,successful,successful,successful
scana_r,303,scana_r_lib303_seed23,3,1,True,90,0.14227585315754765,0.011284982135865288,successful,successful,successful
scana_r,303,scana_r_lib303_seed23,3,2,True,91,0.12429427081543509,0.029293669673507185,successful,successful,successful
scana_r,303,scana_r_lib303_seed23,3,3,True,83,0.10149266034294258,0.006608483107668767,successful,successful,successful
scana_r,303,scana_r_lib303_seed23,3,4,True,92,0.12357646152187074,0.0015846018975779017,successful,successful,successful
scana_r,303,scana_r_lib303_seed23,3,5,True,84,0.12130825511627219,0.015362392484735731,successful,successful,successful
scana_r,303,scana_r_lib303_seed23,3,6,True,99,0.1318578256043682,0.010007731901132657,successful,successful,successful
scana_r,303,scana_r_lib303_seed23,3,7,True,88,0.1095047931701918,0.017275953037053326,successful,successful,successful
scana_r,303,scana_r_lib303_seed23,3,8,True,85,0.10792710450153753,0.007000530967401065,successful,successful,successful
scana_r,303,scana_r_lib303_seed23,3,9,True,83,0.10301353495287713,0.009617908167827087,successful,successful,successful
scana_r,303,scana_r_lib303_seed23,3,10,True,87,0.10997341920161352,0.012221484728059381,successful,successful,successful
scana_r,303,scana_r_lib303_seed23,3,11,True,87,0.12710915416417945,0.008319012161435728,successful,successful,successful
scana_r,303,scana_r_lib303_seed23,3,12,True,262,0.145336093821674,0.02981774977924339,successful,successful,successful
scana_r,303,scana_r_lib303_seed23,3,13,True,197,0.09466478473596263,0.02633407296569109,successful,successful,successful
scana_r,303,scana_r_lib303_seed23,3,14,True,92,0.10524854289938246,0.017196432718549662,successful,successful,successful
scana_r,303,scana_r_lib303_seed23,3,15,True,87,0.08554354234996497,0.011602510822992542,successful,successful,successful
scana_r,303,scana_r_lib303_seed23,3,16,True,80,0.10743744732054317,0.0037080939547518405,successful,successful,successful
scana_r,303,scana_r_lib303_seed23,3,17,True,119,0.12207030267118069,0.0146417852352343,successful,successful,successful
scana_r,303,scana_r_lib303_seed23,3,18,True,86,0.09126961397331868,0.013296825704146835,successful,successful,successful
scana_r,303,scana_r_lib303_seed23,3,19,False,600,0.11031568143068149,0.003018836063167894,lifted_plate_approach_goal_failed,lifted_plate_approach_goal_failed,lifted_plate_approach_goal_failed
scana_r,303,scana_r_lib303_seed23,4,0,True,128,0.15731671528769975,0.02512905297640342,successful,successful,successful
scana_r,303,scana_r_lib303_seed23,4,1,False,600,1.0036451891792808e-08,0.3375041401611017,no_lift_proxy,no_lift_proxy,no_lift_proxy
scana_r,303,scana_r_lib303_seed23,4,2,False,600,7.705835969318287e-11,0.3241131589964223,no_lift_proxy,no_lift_proxy,no_lift_proxy
scana_r,303,scana_r_lib303_seed23,4,3,False,600,8.243643545569057e-09,0.34547882900876087,no_lift_proxy,no_lift_proxy,no_lift_proxy
scana_r,303,scana_r_lib303_seed23,4,4,True,120,0.14252209589844278,0.0242469468838786,successful,successful,successful
scana_r,303,scana_r_lib303_seed23,4,5,True,134,0.15600015786709998,0.01447078559120641,successful,successful,successful
scana_r,303,scana_r_lib303_seed23,4,6,True,139,0.1672417005777751,0.006522142459112383,successful,successful,successful
scana_r,303,scana_r_lib303_seed23,4,7,True,112,0.12602046266916656,0.00354631812428999,successful,successful,successful
scana_r,303,scana_r_lib303_seed23,4,8,True,122,0.17384596306233302,0.010429272448000852,successful,successful,successful
scana_r,303,scana_r_lib303_seed23,4,9,False,600,1.2973227541124288e-06,0.34236572880117483,no_lift_proxy,no_lift_proxy,no_lift_proxy
scana_r,303,scana_r_lib303_seed23,4,10,False,600,0.00900794774469782,0.32064217153106533,no_lift_proxy,no_lift_proxy,no_lift_proxy
scana_r,303,scana_r_lib303_seed23,4,11,True,122,0.13982999143973496,0.008567043636912179,successful,successful,successful
scana_r,303,scana_r_lib303_seed23,4,12,True,127,0.1283065783741777,0.006981249795786326,successful,successful,successful
scana_r,303,scana_r_lib303_seed23,4,13,True,125,0.14313282230536006,0.008756642150256514,successful,successful,successful
scana_r,303,scana_r_lib303_seed23,4,14,True,120,0.10309297132806372,0.00763085307985116,successful,successful,successful
scana_r,303,scana_r_lib303_seed23,4,15,True,131,0.15313923492952708,0.012398598214238775,successful,successful,successful
scana_r,303,scana_r_lib303_seed23,4,16,True,114,0.13735302650953662,0.01615577309294538,successful,successful,successful
scana_r,303,scana_r_lib303_seed23,4,17,False,600,2.036608659494732e-10,0.3311601171340758,no_lift_proxy,no_lift_proxy,no_lift_proxy
scana_r,303,scana_r_lib303_seed23,4,18,False,600,0.007770199822725532,0.32826302813289254,no_lift_proxy,no_lift_proxy,no_lift_proxy
scana_r,303,scana_r_lib303_seed23,4,19,True,117,0.13613072986474517,0.01369314081522099,successful,successful,successful
scana_r,303,scana_r_lib303_seed23,5,0,True,101,0.1361945858665875,0.004581003454860868,successful,successful,successful
scana_r,303,scana_r_lib303_seed23,5,1,True,254,0.12113149251939259,0.029185375124878097,successful,successful,successful
scana_r,303,scana_r_lib303_seed23,5,2,True,92,0.1606813986604394,0.004411687073461614,successful,successful,successful
scana_r,303,scana_r_lib303_seed23,5,3,True,100,0.1221093650558801,0.007508730084610402,successful,successful,successful
scana_r,303,scana_r_lib303_seed23,5,4,True,90,0.1354233510078533,0.0025212374987005765,successful,successful,successful
scana_r,303,scana_r_lib303_seed23,5,5,False,600,0.028168369190416875,0.27381740343693145,lifted_no_plate_approach,no_lift_proxy,no_lift_proxy
scana_r,303,scana_r_lib303_seed23,5,6,True,119,0.14274107338286002,0.004323284100015596,successful,successful,successful
scana_r,303,scana_r_lib303_seed23,5,7,False,600,0.1404214744400225,0.0054972194657843376,lifted_plate_approach_goal_failed,lifted_plate_approach_goal_failed,lifted_plate_approach_goal_failed
scana_r,303,scana_r_lib303_seed23,5,8,True,93,0.14412175640590574,0.0038049003129941783,successful,successful,successful
scana_r,303,scana_r_lib303_seed23,5,9,True,90,0.11779221723916455,0.0017724959468988768,successful,successful,successful
scana_r,303,scana_r_lib303_seed23,5,10,True,103,0.1663605544170922,0.015579636687645925,successful,successful,successful
scana_r,303,scana_r_lib303_seed23,5,11,True,92,0.09371982577975513,0.012159960274726645,successful,successful,successful
scana_r,303,scana_r_lib303_seed23,5,12,True,89,0.14055122960967747,0.011384741325980871,successful,successful,successful
scana_r,303,scana_r_lib303_seed23,5,13,False,600,0.027419817883314268,0.2528515826982028,lifted_no_plate_approach,no_lift_proxy,no_lift_proxy
scana_r,303,scana_r_lib303_seed23,5,14,True,113,0.12835388073446485,0.02311008847863818,successful,successful,successful
scana_r,303,scana_r_lib303_seed23,5,15,False,600,0.012907172920309407,0.2996356643750178,no_lift_proxy,no_lift_proxy,no_lift_proxy
scana_r,303,scana_r_lib303_seed23,5,16,False,600,0.016186241027755788,0.27272805017075014,no_lift_proxy,no_lift_proxy,no_lift_proxy
scana_r,303,scana_r_lib303_seed23,5,17,True,104,0.12432144799946643,0.00394081089961872,successful,successful,successful
scana_r,303,scana_r_lib303_seed23,5,18,True,112,0.12019640961566369,0.017958469004193046,successful,successful,successful
scana_r,303,scana_r_lib303_seed23,5,19,False,600,0.12951148504774457,0.13377216829031782,lifted_no_plate_approach,lifted_no_plate_approach,lifted_no_plate_approach
scana_r,303,scana_r_lib303_seed23,6,0,True,112,0.15265676186866917,0.018430411916717425,successful,successful,successful
scana_r,303,scana_r_lib303_seed23,6,1,True,296,0.18284770836597564,0.021756179931419668,successful,successful,successful
scana_r,303,scana_r_lib303_seed23,6,2,True,99,0.11059880044905812,0.026759049153757312,successful,successful,successful
scana_r,303,scana_r_lib303_seed23,6,3,True,97,0.1306462360453453,0.011945210581441544,successful,successful,successful
scana_r,303,scana_r_lib303_seed23,6,4,True,102,0.11111168391094517,0.02522278043494236,successful,successful,successful
scana_r,303,scana_r_lib303_seed23,6,5,True,121,0.1347827716552179,0.011309294315941595,successful,successful,successful
scana_r,303,scana_r_lib303_seed23,6,6,True,105,0.13632244116499082,0.019857328218507518,successful,successful,successful
scana_r,303,scana_r_lib303_seed23,6,7,True,96,0.1277677924018623,0.011123693323857434,successful,successful,successful
scana_r,303,scana_r_lib303_seed23,6,8,True,110,0.1650553477937693,0.025915982753263865,successful,successful,successful
scana_r,303,scana_r_lib303_seed23,6,9,False,600,0.1244496849045551,0.044161927903485075,lifted_plate_approach_goal_failed,lifted_plate_approach_goal_failed,lifted_plate_approach_goal_failed
scana_r,303,scana_r_lib303_seed23,6,10,True,112,0.15797749529443994,0.0024524610206599923,successful,successful,successful
scana_r,303,scana_r_lib303_seed23,6,11,True,100,0.12551640754312476,0.0013230265185028732,successful,successful,successful
scana_r,303,scana_r_lib303_seed23,6,12,True,112,0.17187018100867912,0.020412447387448622,successful,successful,successful
scana_r,303,scana_r_lib303_seed23,6,13,True,98,0.08284095499262334,0.010876382301485325,successful,successful,successful
scana_r,303,scana_r_lib303_seed23,6,14,True,106,0.12077193290948496,0.02493850450213179,successful,successful,successful
scana_r,303,scana_r_lib303_seed23,6,15,True,106,0.14597352903153382,0.01891551905107962,successful,successful,successful
scana_r,303,scana_r_lib303_seed23,6,16,True,96,0.1319530436692311,0.009174835752049446,successful,successful,successful
scana_r,303,scana_r_lib303_seed23,6,17,True,94,0.12998091694651936,0.020600386142909547,successful,successful,successful
scana_r,303,scana_r_lib303_seed23,6,18,True,122,0.19751193867346784,0.029037836102280706,successful,successful,successful
scana_r,303,scana_r_lib303_seed23,6,19,True,97,0.12553271378835418,0.006251383522216007,successful,successful,successful
scana_r,303,scana_r_lib303_seed23,7,0,False,600,6.18396200913196e-09,0.4658303017589223,no_lift_proxy,no_lift_proxy,no_lift_proxy
scana_r,303,scana_r_lib303_seed23,7,1,False,600,6.183962120154263e-09,0.4647343112727681,no_lift_proxy,no_lift_proxy,no_lift_proxy
scana_r,303,scana_r_lib303_seed23,7,2,False,600,6.183961898109658e-09,0.4659638310412816,no_lift_proxy,no_lift_proxy,no_lift_proxy
scana_r,303,scana_r_lib303_seed23,7,3,False,600,0.01719158483452221,0.4628010331405352,no_lift_proxy,no_lift_proxy,no_lift_proxy
scana_r,303,scana_r_lib303_seed23,7,4,False,600,6.18396200913196e-09,0.4336362174485042,no_lift_proxy,no_lift_proxy,no_lift_proxy
scana_r,303,scana_r_lib303_seed23,7,5,False,600,6.183961787087355e-09,0.4557062660990225,no_lift_proxy,no_lift_proxy,no_lift_proxy
scana_r,303,scana_r_lib303_seed23,7,6,False,600,6.183961787087355e-09,0.4604952413892437,no_lift_proxy,no_lift_proxy,no_lift_proxy
scana_r,303,scana_r_lib303_seed23,7,7,True,167,0.17804119426339016,0.0005620846392726729,successful,successful,successful
scana_r,303,scana_r_lib303_seed23,7,8,False,600,6.209407099611042e-09,0.45781720245773483,no_lift_proxy,no_lift_proxy,no_lift_proxy
scana_r,303,scana_r_lib303_seed23,7,9,False,600,6.183961898109658e-09,0.4552526284811395,no_lift_proxy,no_lift_proxy,no_lift_proxy
scana_r,303,scana_r_lib303_seed23,7,10,False,600,6.183961898109658e-09,0.4663507098889989,no_lift_proxy,no_lift_proxy,no_lift_proxy
scana_r,303,scana_r_lib303_seed23,7,11,False,600,6.183961898109658e-09,0.48889856385783415,no_lift_proxy,no_lift_proxy,no_lift_proxy
scana_r,303,scana_r_lib303_seed23,7,12,False,600,6.183961898109658e-09,0.45354443038737385,no_lift_proxy,no_lift_proxy,no_lift_proxy
scana_r,303,scana_r_lib303_seed23,7,13,False,600,0.005919819883609456,0.47926230311810875,no_lift_proxy,no_lift_proxy,no_lift_proxy
scana_r,303,scana_r_lib303_seed23,7,14,True,115,0.14375437812499392,0.004788491152285969,successful,successful,successful
scana_r,303,scana_r_lib303_seed23,7,15,False,600,6.18396200913196e-09,0.45860592713324605,no_lift_proxy,no_lift_proxy,no_lift_proxy
scana_r,303,scana_r_lib303_seed23,7,16,False,600,0.003957524618492858,0.4595161807810415,no_lift_proxy,no_lift_proxy,no_lift_proxy
scana_r,303,scana_r_lib303_seed23,7,17,True,158,0.1788833528772028,0.004745271234461841,successful,successful,successful
scana_r,303,scana_r_lib303_seed23,7,18,False,600,0.010682166541892135,0.45671681730930946,no_lift_proxy,no_lift_proxy,no_lift_proxy
scana_r,303,scana_r_lib303_seed23,7,19,False,600,6.183961787087355e-09,0.4523026731651368,no_lift_proxy,no_lift_proxy,no_lift_proxy
scana_r,303,scana_r_lib303_seed23,8,0,True,98,0.12128034857534442,0.007261679648084863,successful,successful,successful
scana_r,303,scana_r_lib303_seed23,8,1,True,104,0.11612452646995397,0.013018084954910336,successful,successful,successful
scana_r,303,scana_r_lib303_seed23,8,2,False,600,0.00412957092433075,0.14535647354301073,no_lift_proxy,no_lift_proxy,no_lift_proxy
scana_r,303,scana_r_lib303_seed23,8,3,True,92,0.11152011094851622,0.014967851494655906,successful,successful,successful
scana_r,303,scana_r_lib303_seed23,8,4,False,600,0.013666123253241125,0.17505900942162864,no_lift_proxy,no_lift_proxy,no_lift_proxy
scana_r,303,scana_r_lib303_seed23,8,5,True,91,0.12853776722371657,0.011947792129064081,successful,successful,successful
scana_r,303,scana_r_lib303_seed23,8,6,True,159,0.09925738232546122,0.02491819055708813,successful,successful,successful
scana_r,303,scana_r_lib303_seed23,8,7,True,93,0.09694139353958542,0.009979000378131146,successful,successful,successful
scana_r,303,scana_r_lib303_seed23,8,8,True,87,0.07988058953440136,0.018371155250245807,successful,successful,successful
scana_r,303,scana_r_lib303_seed23,8,9,True,95,0.10901609691878189,0.004753055368941506,successful,successful,successful
scana_r,303,scana_r_lib303_seed23,8,10,True,99,0.1394711533748021,0.0020011152867051535,successful,successful,successful
scana_r,303,scana_r_lib303_seed23,8,11,False,600,0.012721608316053956,0.11871607114635664,no_lift_proxy,no_lift_proxy,no_lift_proxy
scana_r,303,scana_r_lib303_seed23,8,12,False,600,0.12750567116152167,0.02888885334218752,lifted_plate_approach_goal_failed,lifted_plate_approach_goal_failed,lifted_plate_approach_goal_failed
scana_r,303,scana_r_lib303_seed23,8,13,False,600,0.04253767768910999,0.12327327990429074,lifted_no_plate_approach,lifted_no_plate_approach,no_lift_proxy
scana_r,303,scana_r_lib303_seed23,8,14,True,95,0.09053564441354511,0.01724386097960193,successful,successful,successful
scana_r,303,scana_r_lib303_seed23,8,15,True,86,0.10495769802009114,0.01566816329739243,successful,successful,successful
scana_r,303,scana_r_lib303_seed23,8,16,True,92,0.10441658827943057,0.013729491762164312,successful,successful,successful
scana_r,303,scana_r_lib303_seed23,8,17,True,98,0.08377700884838568,0.011938290452667635,successful,successful,successful
scana_r,303,scana_r_lib303_seed23,8,18,True,89,0.10924736907116439,0.007495068034783558,successful,successful,successful
scana_r,303,scana_r_lib303_seed23,8,19,True,99,0.12135635393477662,0.02384403119520128,successful,successful,successful
scana_r,303,scana_r_lib303_seed23,9,0,True,107,0.11172531444396427,0.010262542360568847,successful,successful,successful
scana_r,303,scana_r_lib303_seed23,9,1,False,600,0.03125684735167211,0.46997374591696506,lifted_no_plate_approach,lifted_no_plate_approach,no_lift_proxy
scana_r,303,scana_r_lib303_seed23,9,2,False,600,0.15999456684625435,0.0453506551084039,lifted_no_plate_approach,lifted_no_plate_approach,lifted_no_plate_approach
scana_r,303,scana_r_lib303_seed23,9,3,True,107,0.12349589677577644,0.00585528583794548,successful,successful,successful
scana_r,303,scana_r_lib303_seed23,9,4,False,600,0.0025113719924294564,0.44853726592992427,no_lift_proxy,no_lift_proxy,no_lift_proxy
scana_r,303,scana_r_lib303_seed23,9,5,False,600,1.580957587066223e-13,0.48548703999833975,no_lift_proxy,no_lift_proxy,no_lift_proxy
scana_r,303,scana_r_lib303_seed23,9,6,False,600,1.580957587066223e-13,0.4974903072787948,no_lift_proxy,no_lift_proxy,no_lift_proxy
scana_r,303,scana_r_lib303_seed23,9,7,True,128,0.07698499663302205,0.010625539446521937,successful,successful,successful
scana_r,303,scana_r_lib303_seed23,9,8,True,142,0.13880579147379324,0.027248001845943087,successful,successful,successful
scana_r,303,scana_r_lib303_seed23,9,9,True,126,0.14113809607690886,0.009635813464682383,successful,successful,successful
scana_r,303,scana_r_lib303_seed23,9,10,False,600,0.007627635074096251,0.44741124608013694,no_lift_proxy,no_lift_proxy,no_lift_proxy
scana_r,303,scana_r_lib303_seed23,9,11,False,600,0.012899156057131878,0.4800722140606132,no_lift_proxy,no_lift_proxy,no_lift_proxy
scana_r,303,scana_r_lib303_seed23,9,12,False,600,1.580957587066223e-13,0.46203935683134534,no_lift_proxy,no_lift_proxy,no_lift_proxy
scana_r,303,scana_r_lib303_seed23,9,13,False,600,1.580957587066223e-13,0.4883523885049486,no_lift_proxy,no_lift_proxy,no_lift_proxy
scana_r,303,scana_r_lib303_seed23,9,14,False,600,0.0074133485374561214,0.4932532477566186,no_lift_proxy,no_lift_proxy,no_lift_proxy
scana_r,303,scana_r_lib303_seed23,9,15,True,111,0.08941298683817678,0.010685006947997807,successful,successful,successful
scana_r,303,scana_r_lib303_seed23,9,16,False,600,0.0021216852212557757,0.4837975277560999,no_lift_proxy,no_lift_proxy,no_lift_proxy
scana_r,303,scana_r_lib303_seed23,9,17,True,154,0.07328261980368445,0.015351565131958005,successful,successful,successful
scana_r,303,scana_r_lib303_seed23,9,18,False,600,1.580957587066223e-13,0.4169638456948603,no_lift_proxy,no_lift_proxy,no_lift_proxy
scana_r,303,scana_r_lib303_seed23,9,19,True,211,0.1335266495564853,0.020933448519407684,successful,successful,successful
