method,step,bowl_height_change_m,plate_xy_distance_m
clean_repeat,0,0.0,0.4647343112727681
clean_repeat,1,4.889388560691543e-09,0.464734311654329
clean_repeat,2,5.9103012484129636e-09,0.4647343117363771
clean_repeat,3,6.125690843461484e-09,0.46473431175402874
clean_repeat,4,6.171487543227272e-09,0.4647343117578502
clean_repeat,5,6.1812810425720954e-09,0.46473431175868674
clean_repeat,6,6.183384138047643e-09,0.4647343117588727
clean_repeat,7,6.183837331086295e-09,0.4647343117589148
clean_repeat,8,6.183935030712462e-09,0.46473431175892427
clean_repeat,9,6.183956346994535e-09,0.46473431175892654
clean_repeat,10,6.183960787886633e-09,0.4647343117589271
clean_repeat,11,6.18396156504275e-09,0.4647343117589273
clean_repeat,12,6.183961787087355e-09,0.4647343117589273
clean_repeat,13,6.183961787087355e-09,0.4647343117589273
clean_repeat,14,6.183961787087355e-09,0.4647343117589273
clean_repeat,15,6.183961787087355e-09,0.4647343117589273
clean_repeat,16,6.183961787087355e-09,0.4647343117589273
clean_repeat,17,6.183961787087355e-09,0.4647343117589273
clean_repeat,18,6.183961787087355e-09,0.4647343117589273
clean_repeat,19,6.183961787087355e-09,0.4647343117589273
clean_repeat,20,6.183961787087355e-09,0.4647343117589273
clean_repeat,21,6.183961787087355e-09,0.4647343117589273
clean_repeat,22,6.183961787087355e-09,0.4647343117589273
clean_repeat,23,6.183961787087355e-09,0.4647343117589273
clean_repeat,24,6.183961787087355e-09,0.4647343117589273
clean_repeat,25,6.183961787087355e-09,0.4647343117589273
clean_repeat,26,6.183961787087355e-09,0.4647343117589273
clean_repeat,27,6.183961787087355e-09,0.4647343117589273
clean_repeat,28,6.183961787087355e-09,0.4647343117589273
clean_repeat,29,6.183961787087355e-09,0.4647343117589273
clean_repeat,30,6.183961787087355e-09,0.4647343117589273
clean_repeat,31,6.183961787087355e-09,0.4647343117589273
clean_repeat,32,6.183961787087355e-09,0.4647343117589273
clean_repeat,33,6.183961787087355e-09,0.4647343117589273
clean_repeat,34,6.183961787087355e-09,0.4647343117589273
clean_repeat,35,6.183961787087355e-09,0.4647343117589273
clean_repeat,36,6.183961787087355e-09,0.4647343117589273
clean_repeat,37,6.183961787087355e-09,0.4647343117589273
clean_repeat,38,6.183961787087355e-09,0.4647343117589273
clean_repeat,39,6.183961787087355e-09,0.4647343117589273
clean_repeat,40,6.183961787087355e-09,0.4647343117589273
clean_repeat,41,6.183961787087355e-09,0.4647343117589273
clean_repeat,42,6.183961787087355e-09,0.4647343117589273
clean_repeat,43,6.183961787087355e-09,0.4647343117589273
clean_repeat,44,6.183961787087355e-09,0.4647343117589273
clean_repeat,45,6.183961787087355e-09,0.4647343117589273
clean_repeat,46,6.183961787087355e-09,0.4647343117589273
clean_repeat,47,6.183961898109658e-09,0.4647343117589273
clean_repeat,48,6.183961898109658e-09,0.4647343117589273
clean_repeat,49,6.183961898109658e-09,0.4647343117589273
clean_repeat,50,6.183961898109658e-09,0.4647343117589273
clean_repeat,51,6.183961898109658e-09,0.4647343117589273
clean_repeat,52,6.183961898109658e-09,0.4647343117589273
clean_repeat,53,6.183961898109658e-09,0.4647343117589273
clean_repeat,54,6.183961898109658e-09,0.4647343117589273
clean_repeat,55,6.183961898109658e-09,0.4647343117589273
clean_repeat,56,6.183961898109658e-09,0.4647343117589273
clean_repeat,57,6.183961898109658e-09,0.4647343117589273
clean_repeat,58,6.183961898109658e-09,0.4647343117589273
clean_repeat,59,6.183961898109658e-09,0.4647343117589273
clean_repeat,60,6.183961898109658e-09,0.4647343117589273
clean_repeat,61,6.183961898109658e-09,0.4647343117589273
clean_repeat,62,6.183961898109658e-09,0.4647343117589273
clean_repeat,63,6.183961898109658e-09,0.4647343117589273
clean_repeat,64,6.183961898109658e-09,0.4647343117589273
clean_repeat,65,6.183961898109658e-09,0.4647343117589273
clean_repeat,66,6.183961898109658e-09,0.4647343117589273
clean_repeat,67,6.183961898109658e-09,0.4647343117589273
clean_repeat,68,6.183961898109658e-09,0.4647343117589273
clean_repeat,69,6.183961898109658e-09,0.4647343117589273
clean_repeat,70,6.183961898109658e-09,0.4647343117589273
clean_repeat,71,6.183961898109658e-09,0.4647343117589273
clean_repeat,72,6.183961898109658e-09,0.4647343117589273
clean_repeat,73,6.183961898109658e-09,0.4647343117589273
clean_repeat,74,6.183961898109658e-09,0.4647343117589273
clean_repeat,75,6.183961898109658e-09,0.4647343117589273
clean_repeat,76,6.183961898109658e-09,0.4647343117589273
clean_repeat,77,6.183961898109658e-09,0.4647343117589273
clean_repeat,78,6.183961898109658e-09,0.4647343117589273
clean_repeat,79,6.183961898109658e-09,0.4647343117589273
clean_repeat,80,6.183961898109658e-09,0.4647343117589273
clean_repeat,81,6.183961898109658e-09,0.4647343117589273
clean_repeat,82,6.183961898109658e-09,0.4647343117589273
clean_repeat,83,6.183961898109658e-09,0.4647343117589273
clean_repeat,84,6.183961898109658e-09,0.4647343117589273
clean_repeat,85,6.183961898109658e-09,0.4647343117589273
clean_repeat,86,6.183961898109658e-09,0.4647343117589273
clean_repeat,87,6.183961898109658e-09,0.4647343117589273
clean_repeat,88,6.183961898109658e-09,0.4647343117589273
clean_repeat,89,6.183961898109658e-09,0.4647343117589273
clean_repeat,90,6.183961898109658e-09,0.4647343117589273
clean_repeat,91,6.183961898109658e-09,0.4647343117589273
clean_repeat,92,6.183961898109658e-09,0.4647343117589273
clean_repeat,93,6.183961898109658e-09,0.4647343117589273
clean_repeat,94,6.183961898109658e-09,0.4647343117589273
clean_repeat,95,6.18396200913196e-09,0.4647343117589273
clean_repeat,96,6.18396200913196e-09,0.4647343117589273
clean_repeat,97,6.18396200913196e-09,0.4647343117589273
clean_repeat,98,6.18396200913196e-09,0.4647343117589273
clean_repeat,99,6.18396200913196e-09,0.4647343117589273
clean_repeat,100,6.18396200913196e-09,0.4647343117589273
clean_repeat,101,6.18396200913196e-09,0.4647343117589273
clean_repeat,102,6.18396200913196e-09,0.4647343117589273
clean_repeat,103,6.18396200913196e-09,0.4647343117589273
clean_repeat,104,6.18396200913196e-09,0.4647343117589273
clean_repeat,105,6.18396200913196e-09,0.4647343117589273
clean_repeat,106,6.18396200913196e-09,0.4647343117589273
clean_repeat,107,6.18396200913196e-09,0.4647343117589273
clean_repeat,108,6.18396200913196e-09,0.4647343117589273
clean_repeat,109,6.18396200913196e-09,0.4647343117589273
clean_repeat,110,6.18396200913196e-09,0.4647343117589273
clean_repeat,111,6.18396200913196e-09,0.4647343117589273
clean_repeat,112,6.18396200913196e-09,0.4647343117589273
clean_repeat,113,6.18396200913196e-09,0.4647343117589273
clean_repeat,114,6.18396200913196e-09,0.4647343117589273
clean_repeat,115,6.18396200913196e-09,0.4647343117589273
clean_repeat,116,6.18396200913196e-09,0.4647343117589273
clean_repeat,117,6.18396200913196e-09,0.4647343117589273
clean_repeat,118,6.18396200913196e-09,0.4647343117589273
clean_repeat,119,6.18396200913196e-09,0.4647343117589273
clean_repeat,120,6.18396200913196e-09,0.4647343117589273
clean_repeat,121,6.18396200913196e-09,0.4647343117589273
clean_repeat,122,6.18396200913196e-09,0.4647343117589273
clean_repeat,123,6.18396200913196e-09,0.4647343117589273
clean_repeat,124,6.18396200913196e-09,0.4647343117589273
clean_repeat,125,6.18396200913196e-09,0.4647343117589273
clean_repeat,126,6.18396200913196e-09,0.4647343117589273
clean_repeat,127,6.18396200913196e-09,0.4647343117589273
clean_repeat,128,6.18396200913196e-09,0.4647343117589273
clean_repeat,129,6.18396200913196e-09,0.4647343117589273
clean_repeat,130,6.18396200913196e-09,0.4647343117589273
clean_repeat,131,6.18396200913196e-09,0.4647343117589273
clean_repeat,132,6.18396200913196e-09,0.4647343117589273
clean_repeat,133,6.18396200913196e-09,0.4647343117589273
clean_repeat,134,6.18396200913196e-09,0.4647343117589273
clean_repeat,135,6.18396200913196e-09,0.4647343117589273
clean_repeat,136,6.18396200913196e-09,0.4647343117589273
clean_repeat,137,6.18396200913196e-09,0.4647343117589273
clean_repeat,138,6.18396200913196e-09,0.4647343117589273
clean_repeat,139,6.18396200913196e-09,0.4647343117589273
clean_repeat,140,6.18396200913196e-09,0.4647343117589273
clean_repeat,141,6.18396200913196e-09,0.4647343117589273
clean_repeat,142,6.18396200913196e-09,0.4647343117589273
clean_repeat,143,6.18396200913196e-09,0.4647343117589273
clean_repeat,144,6.18396200913196e-09,0.4647343117589273
clean_repeat,145,6.18396200913196e-09,0.4647343117589273
clean_repeat,146,6.18396200913196e-09,0.4647343117589273
clean_repeat,147,6.18396200913196e-09,0.4647343117589273
clean_repeat,148,6.18396200913196e-09,0.4647343117589273
clean_repeat,149,6.18396200913196e-09,0.4647343117589273
clean_repeat,150,6.18396200913196e-09,0.4647343117589273
clean_repeat,151,6.18396200913196e-09,0.4647343117589273
clean_repeat,152,6.18396200913196e-09,0.4647343117589273
clean_repeat,153,6.18396200913196e-09,0.4647343117589273
clean_repeat,154,6.18396200913196e-09,0.4647343117589273
clean_repeat,155,6.18396200913196e-09,0.4647343117589273
clean_repeat,156,6.18396200913196e-09,0.4647343117589273
clean_repeat,157,6.18396200913196e-09,0.4647343117589273
clean_repeat,158,6.18396200913196e-09,0.4647343117589273
clean_repeat,159,6.18396200913196e-09,0.4647343117589273
clean_repeat,160,6.18396200913196e-09,0.4647343117589273
clean_repeat,161,6.18396200913196e-09,0.4647343117589273
clean_repeat,162,6.18396200913196e-09,0.4647343117589273
clean_repeat,163,6.18396200913196e-09,0.4647343117589273
clean_repeat,164,6.18396200913196e-09,0.4647343117589273
clean_repeat,165,6.18396200913196e-09,0.4647343117589273
clean_repeat,166,6.18396200913196e-09,0.4647343117589273
clean_repeat,167,6.18396200913196e-09,0.4647343117589273
clean_repeat,168,6.18396200913196e-09,0.4647343117589273
clean_repeat,169,6.18396200913196e-09,0.4647343117589273
clean_repeat,170,6.18396200913196e-09,0.4647343117589273
clean_repeat,171,6.18396200913196e-09,0.4647343117589273
clean_repeat,172,6.18396200913196e-09,0.4647343117589273
clean_repeat,173,6.18396200913196e-09,0.4647343117589273
clean_repeat,174,6.18396200913196e-09,0.4647343117589273
clean_repeat,175,6.18396200913196e-09,0.4647343117589273
clean_repeat,176,6.18396200913196e-09,0.4647343117589273
clean_repeat,177,6.18396200913196e-09,0.4647343117589273
clean_repeat,178,6.18396200913196e-09,0.4647343117589273
clean_repeat,179,6.18396200913196e-09,0.4647343117589273
clean_repeat,180,6.18396200913196e-09,0.4647343117589273
clean_repeat,181,6.18396200913196e-09,0.4647343117589273
clean_repeat,182,6.18396200913196e-09,0.4647343117589273
clean_repeat,183,6.18396200913196e-09,0.4647343117589273
clean_repeat,184,6.18396200913196e-09,0.4647343117589273
clean_repeat,185,6.18396200913196e-09,0.4647343117589273
clean_repeat,186,6.18396200913196e-09,0.4647343117589273
clean_repeat,187,6.18396200913196e-09,0.4647343117589273
clean_repeat,188,6.18396200913196e-09,0.4647343117589273
clean_repeat,189,6.18396200913196e-09,0.4647343117589273
clean_repeat,190,6.18396200913196e-09,0.4647343117589273
clean_repeat,191,6.18396200913196e-09,0.4647343117589273
clean_repeat,192,6.18396200913196e-09,0.4647343117589273
clean_repeat,193,6.18396200913196e-09,0.4647343117589273
clean_repeat,194,6.18396200913196e-09,0.4647343117589273
clean_repeat,195,6.18396200913196e-09,0.4647343117589273
clean_repeat,196,6.18396200913196e-09,0.4647343117589273
clean_repeat,197,6.18396200913196e-09,0.4647343117589273
clean_repeat,198,6.18396200913196e-09,0.4647343117589273
clean_repeat,199,6.18396200913196e-09,0.4647343117589273
clean_repeat,200,6.18396200913196e-09,0.4647343117589273
clean_repeat,201,6.18396200913196e-09,0.4647343117589273
clean_repeat,202,6.18396200913196e-09,0.4647343117589273
clean_repeat,203,6.18396200913196e-09,0.4647343117589273
clean_repeat,204,6.18396200913196e-09,0.4647343117589273
clean_repeat,205,6.18396200913196e-09,0.4647343117589273
clean_repeat,206,6.18396200913196e-09,0.4647343117589273
clean_repeat,207,6.18396200913196e-09,0.4647343117589273
clean_repeat,208,6.18396200913196e-09,0.4647343117589273
clean_repeat,209,6.18396200913196e-09,0.4647343117589273
clean_repeat,210,6.18396200913196e-09,0.4647343117589273
clean_repeat,211,6.18396200913196e-09,0.4647343117589273
clean_repeat,212,6.18396200913196e-09,0.4647343117589273
clean_repeat,213,6.18396200913196e-09,0.4647343117589273
clean_repeat,214,6.18396200913196e-09,0.4647343117589273
clean_repeat,215,6.18396200913196e-09,0.4647343117589273
clean_repeat,216,6.18396200913196e-09,0.4647343117589273
clean_repeat,217,6.18396200913196e-09,0.4647343117589273
clean_repeat,218,6.18396200913196e-09,0.4647343117589273
clean_repeat,219,6.18396200913196e-09,0.4647343117589273
clean_repeat,220,6.18396200913196e-09,0.4647343117589273
clean_repeat,221,6.18396200913196e-09,0.4647343117589273
clean_repeat,222,6.18396200913196e-09,0.4647343117589273
clean_repeat,223,6.18396200913196e-09,0.4647343117589273
clean_repeat,224,6.18396200913196e-09,0.4647343117589273
clean_repeat,225,6.18396200913196e-09,0.4647343117589273
clean_repeat,226,6.18396200913196e-09,0.4647343117589273
clean_repeat,227,6.18396200913196e-09,0.4647343117589273
clean_repeat,228,6.18396200913196e-09,0.4647343117589273
clean_repeat,229,6.18396200913196e-09,0.4647343117589273
clean_repeat,230,6.18396200913196e-09,0.4647343117589273
clean_repeat,231,6.18396200913196e-09,0.4647343117589273
clean_repeat,232,6.18396200913196e-09,0.4647343117589273
clean_repeat,233,6.18396200913196e-09,0.4647343117589273
clean_repeat,234,6.18396200913196e-09,0.4647343117589273
clean_repeat,235,6.18396200913196e-09,0.4647343117589273
clean_repeat,236,6.18396200913196e-09,0.4647343117589273
clean_repeat,237,6.18396200913196e-09,0.4647343117589273
clean_repeat,238,6.18396200913196e-09,0.4647343117589273
clean_repeat,239,6.18396200913196e-09,0.4647343117589273
clean_repeat,240,6.18396200913196e-09,0.4647343117589273
clean_repeat,241,6.18396200913196e-09,0.4647343117589273
clean_repeat,242,6.18396200913196e-09,0.4647343117589273
clean_repeat,243,6.18396200913196e-09,0.4647343117589273
clean_repeat,244,6.18396200913196e-09,0.4647343117589273
clean_repeat,245,6.18396200913196e-09,0.4647343117589273
clean_repeat,246,6.18396200913196e-09,0.4647343117589273
clean_repeat,247,6.18396200913196e-09,0.4647343117589273
clean_repeat,248,6.18396200913196e-09,0.4647343117589273
clean_repeat,249,6.18396200913196e-09,0.4647343117589273
clean_repeat,250,6.18396200913196e-09,0.4647343117589273
clean_repeat,251,6.18396200913196e-09,0.4647343117589273
clean_repeat,252,6.18396200913196e-09,0.4647343117589273
clean_repeat,253,6.18396200913196e-09,0.4647343117589273
clean_repeat,254,6.18396200913196e-09,0.4647343117589273
clean_repeat,255,6.18396200913196e-09,0.4647343117589273
clean_repeat,256,6.18396200913196e-09,0.4647343117589273
clean_repeat,257,6.18396200913196e-09,0.4647343117589273
clean_repeat,258,6.18396200913196e-09,0.4647343117589273
clean_repeat,259,6.18396200913196e-09,0.4647343117589273
clean_repeat,260,6.18396200913196e-09,0.4647343117589273
clean_repeat,261,6.18396200913196e-09,0.4647343117589273
clean_repeat,262,6.18396200913196e-09,0.4647343117589273
clean_repeat,263,6.18396200913196e-09,0.4647343117589273
clean_repeat,264,6.18396200913196e-09,0.4647343117589273
clean_repeat,265,6.18396200913196e-09,0.4647343117589273
clean_repeat,266,6.18396200913196e-09,0.4647343117589273
clean_repeat,267,6.18396200913196e-09,0.4647343117589273
clean_repeat,268,6.18396200913196e-09,0.4647343117589273
clean_repeat,269,6.18396200913196e-09,0.4647343117589273
clean_repeat,270,6.18396200913196e-09,0.4647343117589273
clean_repeat,271,6.18396200913196e-09,0.4647343117589273
clean_repeat,272,6.18396200913196e-09,0.4647343117589273
clean_repeat,273,6.18396200913196e-09,0.4647343117589273
clean_repeat,274,6.18396200913196e-09,0.4647343117589273
clean_repeat,275,6.18396200913196e-09,0.4647343117589273
clean_repeat,276,6.18396200913196e-09,0.4647343117589273
clean_repeat,277,6.18396200913196e-09,0.4647343117589273
clean_repeat,278,6.18396200913196e-09,0.4647343117589273
clean_repeat,279,6.18396200913196e-09,0.4647343117589273
clean_repeat,280,6.18396200913196e-09,0.4647343117589273
clean_repeat,281,6.18396200913196e-09,0.4647343117589273
clean_repeat,282,6.18396200913196e-09,0.4647343117589273
clean_repeat,283,6.18396200913196e-09,0.4647343117589273
clean_repeat,284,6.18396200913196e-09,0.4647343117589273
clean_repeat,285,6.18396200913196e-09,0.4647343117589273
clean_repeat,286,6.18396200913196e-09,0.4647343117589273
clean_repeat,287,6.18396200913196e-09,0.4647343117589273
clean_repeat,288,6.18396200913196e-09,0.4647343117589273
clean_repeat,289,6.18396200913196e-09,0.4647343117589273
clean_repeat,290,6.18396200913196e-09,0.4647343117589273
clean_repeat,291,6.18396200913196e-09,0.4647343117589273
clean_repeat,292,6.18396200913196e-09,0.4647343117589273
clean_repeat,293,6.18396200913196e-09,0.4647343117589273
clean_repeat,294,6.18396200913196e-09,0.4647343117589273
clean_repeat,295,6.18396200913196e-09,0.4647343117589273
clean_repeat,296,6.18396200913196e-09,0.4647343117589273
clean_repeat,297,6.18396200913196e-09,0.4647343117589273
clean_repeat,298,6.18396200913196e-09,0.4647343117589273
clean_repeat,299,6.18396200913196e-09,0.4647343117589273
clean_repeat,300,6.18396200913196e-09,0.4647343117589273
clean_repeat,301,6.18396200913196e-09,0.4647343117589273
clean_repeat,302,6.18396200913196e-09,0.4647343117589273
clean_repeat,303,6.18396200913196e-09,0.4647343117589273
clean_repeat,304,6.18396200913196e-09,0.4647343117589273
clean_repeat,305,6.18396200913196e-09,0.4647343117589273
clean_repeat,306,6.18396200913196e-09,0.4647343117589273
clean_repeat,307,6.18396200913196e-09,0.4647343117589273
clean_repeat,308,6.18396200913196e-09,0.4647343117589273
clean_repeat,309,6.18396200913196e-09,0.4647343117589273
clean_repeat,310,6.18396200913196e-09,0.4647343117589273
clean_repeat,311,6.18396200913196e-09,0.4647343117589273
clean_repeat,312,6.18396200913196e-09,0.4647343117589273
clean_repeat,313,6.18396200913196e-09,0.4647343117589273
clean_repeat,314,6.18396200913196e-09,0.4647343117589273
clean_repeat,315,6.18396200913196e-09,0.4647343117589273
clean_repeat,316,6.18396200913196e-09,0.4647343117589273
clean_repeat,317,6.18396200913196e-09,0.4647343117589273
clean_repeat,318,6.18396200913196e-09,0.4647343117589273
clean_repeat,319,6.18396200913196e-09,0.4647343117589273
clean_repeat,320,6.18396200913196e-09,0.4647343117589273
clean_repeat,321,6.18396200913196e-09,0.4647343117589273
clean_repeat,322,6.18396200913196e-09,0.4647343117589273
clean_repeat,323,6.18396200913196e-09,0.4647343117589273
clean_repeat,324,6.18396200913196e-09,0.4647343117589273
clean_repeat,325,6.18396200913196e-09,0.4647343117589273
clean_repeat,326,6.18396200913196e-09,0.4647343117589273
clean_repeat,327,6.18396200913196e-09,0.4647343117589273
clean_repeat,328,6.18396200913196e-09,0.4647343117589273
clean_repeat,329,6.18396200913196e-09,0.4647343117589273
clean_repeat,330,6.18396200913196e-09,0.4647343117589273
clean_repeat,331,6.18396200913196e-09,0.4647343117589273
clean_repeat,332,6.18396200913196e-09,0.4647343117589273
clean_repeat,333,6.18396200913196e-09,0.4647343117589273
clean_repeat,334,6.18396200913196e-09,0.4647343117589273
clean_repeat,335,6.18396200913196e-09,0.4647343117589273
clean_repeat,336,6.18396200913196e-09,0.4647343117589273
clean_repeat,337,6.18396200913196e-09,0.4647343117589273
clean_repeat,338,6.183962120154263e-09,0.4647343117589273
clean_repeat,339,6.183962120154263e-09,0.4647343117589273
clean_repeat,340,6.183962120154263e-09,0.4647343117589273
clean_repeat,341,6.183962120154263e-09,0.4647343117589273
clean_repeat,342,6.183962120154263e-09,0.4647343117589273
clean_repeat,343,6.183962120154263e-09,0.4647343117589273
clean_repeat,344,6.183962120154263e-09,0.4647343117589273
clean_repeat,345,6.183962120154263e-09,0.4647343117589273
clean_repeat,346,6.183962120154263e-09,0.4647343117589273
clean_repeat,347,6.183962120154263e-09,0.4647343117589273
clean_repeat,348,6.183962120154263e-09,0.4647343117589273
clean_repeat,349,6.183962120154263e-09,0.4647343117589273
clean_repeat,350,6.183962120154263e-09,0.4647343117589273
clean_repeat,351,6.183962120154263e-09,0.4647343117589273
clean_repeat,352,6.183962120154263e-09,0.4647343117589273
clean_repeat,353,6.183962120154263e-09,0.4647343117589273
clean_repeat,354,6.183962120154263e-09,0.4647343117589273
clean_repeat,355,6.183962120154263e-09,0.4647343117589273
clean_repeat,356,6.183962120154263e-09,0.4647343117589273
clean_repeat,357,6.183962120154263e-09,0.4647343117589273
clean_repeat,358,6.183962120154263e-09,0.4647343117589273
clean_repeat,359,6.183962120154263e-09,0.4647343117589273
clean_repeat,360,6.183962120154263e-09,0.4647343117589273
clean_repeat,361,6.183962120154263e-09,0.4647343117589273
clean_repeat,362,6.183962120154263e-09,0.4647343117589273
clean_repeat,363,6.183962120154263e-09,0.4647343117589273
clean_repeat,364,6.183962120154263e-09,0.4647343117589273
clean_repeat,365,6.183962120154263e-09,0.4647343117589273
clean_repeat,366,6.183962120154263e-09,0.4647343117589273
clean_repeat,367,6.183962120154263e-09,0.4647343117589273
clean_repeat,368,6.183962120154263e-09,0.4647343117589273
clean_repeat,369,6.183962120154263e-09,0.4647343117589273
clean_repeat,370,6.183962120154263e-09,0.4647343117589273
clean_repeat,371,6.183962120154263e-09,0.4647343117589273
clean_repeat,372,6.183962120154263e-09,0.4647343117589273
clean_repeat,373,6.183962120154263e-09,0.4647343117589273
clean_repeat,374,6.183962120154263e-09,0.4647343117589273
clean_repeat,375,6.183962120154263e-09,0.4647343117589273
clean_repeat,376,6.183962120154263e-09,0.4647343117589273
clean_repeat,377,6.183962120154263e-09,0.4647343117589273
clean_repeat,378,6.183962120154263e-09,0.4647343117589273
clean_repeat,379,6.183962120154263e-09,0.4647343117589273
clean_repeat,380,6.183962120154263e-09,0.4647343117589273
clean_repeat,381,6.183962120154263e-09,0.4647343117589273
clean_repeat,382,6.183962120154263e-09,0.4647343117589273
clean_repeat,383,6.183962120154263e-09,0.4647343117589273
clean_repeat,384,6.183962120154263e-09,0.4647343117589273
clean_repeat,385,6.183962120154263e-09,0.4647343117589273
clean_repeat,386,6.183962120154263e-09,0.4647343117589273
clean_repeat,387,6.183962120154263e-09,0.4647343117589273
clean_repeat,388,6.183962120154263e-09,0.4647343117589273
clean_repeat,389,6.183962120154263e-09,0.4647343117589273
clean_repeat,390,6.183962120154263e-09,0.4647343117589273
clean_repeat,391,6.183962120154263e-09,0.4647343117589273
clean_repeat,392,6.183962120154263e-09,0.4647343117589273
clean_repeat,393,6.183962120154263e-09,0.4647343117589273
clean_repeat,394,6.183962120154263e-09,0.4647343117589273
clean_repeat,395,6.183962120154263e-09,0.4647343117589273
clean_repeat,396,6.183962120154263e-09,0.4647343117589273
clean_repeat,397,6.183962120154263e-09,0.4647343117589273
clean_repeat,398,6.183962120154263e-09,0.4647343117589273
clean_repeat,399,6.183962120154263e-09,0.4647343117589273
clean_repeat,400,6.183962120154263e-09,0.4647343117589273
clean_repeat,401,6.183962120154263e-09,0.4647343117589273
clean_repeat,402,6.183962120154263e-09,0.4647343117589273
clean_repeat,403,6.183962120154263e-09,0.4647343117589273
clean_repeat,404,6.183962120154263e-09,0.4647343117589273
clean_repeat,405,6.183962120154263e-09,0.4647343117589273
clean_repeat,406,6.183962120154263e-09,0.4647343117589273
clean_repeat,407,6.183962120154263e-09,0.4647343117589273
clean_repeat,408,6.183962120154263e-09,0.4647343117589273
clean_repeat,409,6.183962120154263e-09,0.4647343117589273
clean_repeat,410,6.183962120154263e-09,0.4647343117589273
clean_repeat,411,6.183962120154263e-09,0.4647343117589273
clean_repeat,412,6.183962120154263e-09,0.4647343117589273
clean_repeat,413,6.183962120154263e-09,0.4647343117589273
clean_repeat,414,6.183962120154263e-09,0.4647343117589273
clean_repeat,415,6.183962120154263e-09,0.4647343117589273
clean_repeat,416,6.183962120154263e-09,0.4647343117589273
clean_repeat,417,6.183962120154263e-09,0.4647343117589273
clean_repeat,418,6.183962120154263e-09,0.4647343117589273
clean_repeat,419,6.183962120154263e-09,0.4647343117589273
clean_repeat,420,6.183962120154263e-09,0.4647343117589273
clean_repeat,421,6.183962120154263e-09,0.4647343117589273
clean_repeat,422,6.183962120154263e-09,0.4647343117589273
clean_repeat,423,6.183962120154263e-09,0.4647343117589273
clean_repeat,424,6.183962120154263e-09,0.4647343117589273
clean_repeat,425,6.183962120154263e-09,0.4647343117589273
clean_repeat,426,6.183962120154263e-09,0.4647343117589273
clean_repeat,427,6.183962120154263e-09,0.4647343117589273
clean_repeat,428,6.183962120154263e-09,0.4647343117589273
clean_repeat,429,6.183962120154263e-09,0.4647343117589273
clean_repeat,430,6.183962120154263e-09,0.4647343117589273
clean_repeat,431,6.183962120154263e-09,0.4647343117589273
clean_repeat,432,6.183962120154263e-09,0.4647343117589273
clean_repeat,433,6.183962120154263e-09,0.4647343117589273
clean_repeat,434,6.183962120154263e-09,0.4647343117589273
clean_repeat,435,6.183962120154263e-09,0.4647343117589273
clean_repeat,436,6.183962120154263e-09,0.4647343117589273
clean_repeat,437,6.183962120154263e-09,0.4647343117589273
clean_repeat,438,6.183962120154263e-09,0.4647343117589273
clean_repeat,439,6.183962120154263e-09,0.4647343117589273
clean_repeat,440,6.183962120154263e-09,0.4647343117589273
clean_repeat,441,6.183962120154263e-09,0.4647343117589273
clean_repeat,442,6.183962120154263e-09,0.4647343117589273
clean_repeat,443,6.183962120154263e-09,0.4647343117589273
clean_repeat,444,6.183962120154263e-09,0.4647343117589273
clean_repeat,445,6.183962120154263e-09,0.4647343117589273
clean_repeat,446,6.183962120154263e-09,0.4647343117589273
clean_repeat,447,6.183962120154263e-09,0.4647343117589273
clean_repeat,448,6.183962120154263e-09,0.4647343117589273
clean_repeat,449,6.183962120154263e-09,0.4647343117589273
clean_repeat,450,6.183962120154263e-09,0.4647343117589273
clean_repeat,451,6.183962120154263e-09,0.4647343117589273
clean_repeat,452,6.183962120154263e-09,0.4647343117589273
clean_repeat,453,6.183962120154263e-09,0.4647343117589273
clean_repeat,454,6.183962120154263e-09,0.4647343117589273
clean_repeat,455,6.183962120154263e-09,0.4647343117589273
clean_repeat,456,6.183962120154263e-09,0.4647343117589273
clean_repeat,457,6.183962120154263e-09,0.4647343117589273
clean_repeat,458,6.183962120154263e-09,0.4647343117589273
clean_repeat,459,6.183962120154263e-09,0.4647343117589273
clean_repeat,460,6.183962120154263e-09,0.4647343117589273
clean_repeat,461,6.183962120154263e-09,0.4647343117589273
clean_repeat,462,6.183962120154263e-09,0.4647343117589273
clean_repeat,463,6.183962120154263e-09,0.4647343117589273
clean_repeat,464,6.183962120154263e-09,0.4647343117589273
clean_repeat,465,6.183962120154263e-09,0.4647343117589273
clean_repeat,466,6.183962120154263e-09,0.4647343117589273
clean_repeat,467,6.183962120154263e-09,0.4647343117589273
clean_repeat,468,6.183962120154263e-09,0.4647343117589273
clean_repeat,469,6.183962120154263e-09,0.4647343117589273
clean_repeat,470,6.183962120154263e-09,0.4647343117589273
clean_repeat,471,6.183962120154263e-09,0.4647343117589273
clean_repeat,472,6.183962120154263e-09,0.4647343117589273
clean_repeat,473,6.183962120154263e-09,0.4647343117589273
clean_repeat,474,6.183962120154263e-09,0.4647343117589273
clean_repeat,475,6.183962120154263e-09,0.4647343117589273
clean_repeat,476,6.183962120154263e-09,0.4647343117589273
clean_repeat,477,6.183962120154263e-09,0.4647343117589273
clean_repeat,478,6.183962120154263e-09,0.4647343117589273
clean_repeat,479,6.183962120154263e-09,0.4647343117589273
clean_repeat,480,6.183962120154263e-09,0.4647343117589273
clean_repeat,481,6.183962120154263e-09,0.4647343117589273
clean_repeat,482,6.183962120154263e-09,0.4647343117589273
clean_repeat,483,6.183962120154263e-09,0.4647343117589273
clean_repeat,484,6.183962120154263e-09,0.4647343117589273
clean_repeat,485,6.183962120154263e-09,0.4647343117589273
clean_repeat,486,6.183962120154263e-09,0.4647343117589273
clean_repeat,487,6.183962120154263e-09,0.4647343117589273
clean_repeat,488,6.183962120154263e-09,0.4647343117589273
clean_repeat,489,6.183962120154263e-09,0.4647343117589273
clean_repeat,490,6.183962120154263e-09,0.4647343117589273
clean_repeat,491,6.183962120154263e-09,0.4647343117589273
clean_repeat,492,6.183962120154263e-09,0.4647343117589273
clean_repeat,493,6.183962120154263e-09,0.4647343117589273
clean_repeat,494,6.183962120154263e-09,0.4647343117589273
clean_repeat,495,6.183962120154263e-09,0.4647343117589273
clean_repeat,496,6.183962120154263e-09,0.4647343117589273
clean_repeat,497,6.183962120154263e-09,0.4647343117589273
clean_repeat,498,6.183962120154263e-09,0.4647343117589273
clean_repeat,499,6.183962120154263e-09,0.4647343117589273
clean_repeat,500,6.183962120154263e-09,0.4647343117589273
clean_repeat,501,6.183962120154263e-09,0.4647343117589273
clean_repeat,502,6.183962120154263e-09,0.4647343117589273
clean_repeat,503,6.183962120154263e-09,0.4647343117589273
clean_repeat,504,6.183962120154263e-09,0.4647343117589273
clean_repeat,505,6.183962120154263e-09,0.4647343117589273
clean_repeat,506,6.183962120154263e-09,0.4647343117589273
clean_repeat,507,6.183962120154263e-09,0.4647343117589273
clean_repeat,508,6.183962120154263e-09,0.4647343117589273
clean_repeat,509,6.183962120154263e-09,0.4647343117589273
clean_repeat,510,6.183962120154263e-09,0.4647343117589273
clean_repeat,511,6.183962120154263e-09,0.4647343117589273
clean_repeat,512,6.183962120154263e-09,0.4647343117589273
clean_repeat,513,6.183962120154263e-09,0.4647343117589273
clean_repeat,514,6.183962120154263e-09,0.4647343117589273
clean_repeat,515,6.183962120154263e-09,0.4647343117589273
clean_repeat,516,6.183962120154263e-09,0.4647343117589273
clean_repeat,517,6.183962120154263e-09,0.4647343117589273
clean_repeat,518,6.183962120154263e-09,0.4647343117589273
clean_repeat,519,6.183962120154263e-09,0.4647343117589273
clean_repeat,520,6.183962120154263e-09,0.4647343117589273
clean_repeat,521,6.183962120154263e-09,0.4647343117589273
clean_repeat,522,6.183962120154263e-09,0.4647343117589273
clean_repeat,523,6.183962120154263e-09,0.4647343117589273
clean_repeat,524,6.183962120154263e-09,0.4647343117589273
clean_repeat,525,6.183962120154263e-09,0.4647343117589273
clean_repeat,526,6.183962120154263e-09,0.4647343117589273
clean_repeat,527,6.183962120154263e-09,0.4647343117589273
clean_repeat,528,6.183962120154263e-09,0.4647343117589273
clean_repeat,529,6.183962120154263e-09,0.4647343117589273
clean_repeat,530,6.183962120154263e-09,0.4647343117589273
clean_repeat,531,6.183962120154263e-09,0.4647343117589273
clean_repeat,532,6.183962120154263e-09,0.4647343117589273
clean_repeat,533,6.183962120154263e-09,0.4647343117589273
clean_repeat,534,6.183962120154263e-09,0.4647343117589273
clean_repeat,535,6.183962120154263e-09,0.4647343117589273
clean_repeat,536,6.183962120154263e-09,0.4647343117589273
clean_repeat,537,6.183962120154263e-09,0.4647343117589273
clean_repeat,538,6.183962120154263e-09,0.4647343117589273
clean_repeat,539,6.183962120154263e-09,0.4647343117589273
clean_repeat,540,6.183962120154263e-09,0.4647343117589273
clean_repeat,541,6.183962120154263e-09,0.4647343117589273
clean_repeat,542,6.183962120154263e-09,0.4647343117589273
clean_repeat,543,6.183962120154263e-09,0.4647343117589273
clean_repeat,544,6.183962120154263e-09,0.4647343117589273
clean_repeat,545,6.183962120154263e-09,0.4647343117589273
clean_repeat,546,6.183962120154263e-09,0.4647343117589273
clean_repeat,547,6.183962120154263e-09,0.4647343117589273
clean_repeat,548,6.183962120154263e-09,0.4647343117589273
clean_repeat,549,6.183962120154263e-09,0.4647343117589273
clean_repeat,550,6.183962120154263e-09,0.4647343117589273
clean_repeat,551,6.183962120154263e-09,0.4647343117589273
clean_repeat,552,6.183962120154263e-09,0.4647343117589273
clean_repeat,553,6.183962120154263e-09,0.4647343117589273
clean_repeat,554,6.183962120154263e-09,0.4647343117589273
clean_repeat,555,6.183962120154263e-09,0.4647343117589273
clean_repeat,556,6.183962120154263e-09,0.4647343117589273
clean_repeat,557,6.183962120154263e-09,0.4647343117589273
clean_repeat,558,6.183962120154263e-09,0.4647343117589273
clean_repeat,559,6.183962120154263e-09,0.4647343117589273
clean_repeat,560,6.183962120154263e-09,0.4647343117589273
clean_repeat,561,6.183962120154263e-09,0.4647343117589273
clean_repeat,562,6.183962120154263e-09,0.4647343117589273
clean_repeat,563,6.183962120154263e-09,0.4647343117589273
clean_repeat,564,6.183962120154263e-09,0.4647343117589273
clean_repeat,565,6.183962120154263e-09,0.4647343117589273
clean_repeat,566,6.183962120154263e-09,0.4647343117589273
clean_repeat,567,6.183962120154263e-09,0.4647343117589273
clean_repeat,568,6.183962120154263e-09,0.4647343117589273
clean_repeat,569,6.183962120154263e-09,0.4647343117589273
clean_repeat,570,6.183962120154263e-09,0.4647343117589273
clean_repeat,571,6.183962120154263e-09,0.4647343117589273
clean_repeat,572,6.183962120154263e-09,0.4647343117589273
clean_repeat,573,6.183962120154263e-09,0.4647343117589273
clean_repeat,574,6.183962120154263e-09,0.4647343117589273
clean_repeat,575,6.183962120154263e-09,0.4647343117589273
clean_repeat,576,6.183962120154263e-09,0.4647343117589273
clean_repeat,577,6.183962120154263e-09,0.4647343117589273
clean_repeat,578,6.183962120154263e-09,0.4647343117589273
clean_repeat,579,6.183962120154263e-09,0.4647343117589273
clean_repeat,580,6.183962120154263e-09,0.4647343117589273
clean_repeat,581,6.183962120154263e-09,0.4647343117589273
clean_repeat,582,6.183962120154263e-09,0.4647343117589273
clean_repeat,583,6.183962120154263e-09,0.4647343117589273
clean_repeat,584,6.183962120154263e-09,0.4647343117589273
clean_repeat,585,6.183962120154263e-09,0.4647343117589273
clean_repeat,586,6.183962120154263e-09,0.4647343117589273
clean_repeat,587,6.183962120154263e-09,0.4647343117589273
clean_repeat,588,6.183962120154263e-09,0.4647343117589273
clean_repeat,589,6.183962120154263e-09,0.4647343117589273
clean_repeat,590,6.183962120154263e-09,0.4647343117589273
clean_repeat,591,6.183962120154263e-09,0.4647343117589273
clean_repeat,592,6.183962120154263e-09,0.4647343117589273
clean_repeat,593,6.183962120154263e-09,0.4647343117589273
clean_repeat,594,6.183962120154263e-09,0.4647343117589273
clean_repeat,595,6.183962120154263e-09,0.4647343117589273
clean_repeat,596,6.183962120154263e-09,0.4647343117589273
clean_repeat,597,6.183962120154263e-09,0.4647343117589273
clean_repeat,598,6.183962120154263e-09,0.4647343117589273
clean_repeat,599,6.183962120154263e-09,0.4647343117589273
clean_repeat,600,6.183962120154263e-09,0.4647343117589273
gaussian_recovery,0,0.0,0.4647343112727681
gaussian_recovery,1,4.889388560691543e-09,0.46473431165432894
gaussian_recovery,2,5.9103012484129636e-09,0.464734311736377
gaussian_recovery,3,6.125690732439182e-09,0.4647343117540287
gaussian_recovery,4,6.1714876542495745e-09,0.46473431175785007
gaussian_recovery,5,6.181280931549793e-09,0.4647343117586866
gaussian_recovery,6,6.18338402702534e-09,0.46473431175887264
gaussian_recovery,7,6.183837331086295e-09,0.46473431175891455
gaussian_recovery,8,6.183935030712462e-09,0.4647343117589241
gaussian_recovery,9,6.183956346994535e-09,0.4647343117589264
gaussian_recovery,10,6.183960898908936e-09,0.464734311758927
gaussian_recovery,11,6.18396156504275e-09,0.4647343117589271
gaussian_recovery,12,6.18396156504275e-09,0.4647343117589271
gaussian_recovery,13,6.18396156504275e-09,0.4647343117589271
gaussian_recovery,14,6.18396156504275e-09,0.4647343117589271
gaussian_recovery,15,6.183961676065053e-09,0.4647343117589271
gaussian_recovery,16,6.183961676065053e-09,0.4647343117589271
gaussian_recovery,17,6.183961676065053e-09,0.4647343117589271
gaussian_recovery,18,6.183961676065053e-09,0.4647343117589271
gaussian_recovery,19,6.183961676065053e-09,0.4647343117589271
gaussian_recovery,20,6.183961676065053e-09,0.4647343117589271
gaussian_recovery,21,6.183961676065053e-09,0.4647343117589271
gaussian_recovery,22,6.183961676065053e-09,0.4647343117589271
gaussian_recovery,23,6.183961676065053e-09,0.4647343117589271
gaussian_recovery,24,6.183961676065053e-09,0.4647343117589271
gaussian_recovery,25,6.183961676065053e-09,0.4647343117589271
gaussian_recovery,26,6.183961676065053e-09,0.4647343117589271
gaussian_recovery,27,6.183961676065053e-09,0.4647343117589271
gaussian_recovery,28,6.183961676065053e-09,0.4647343117589271
gaussian_recovery,29,6.183961676065053e-09,0.4647343117589271
gaussian_recovery,30,6.183961676065053e-09,0.4647343117589271
gaussian_recovery,31,6.183961676065053e-09,0.4647343117589271
gaussian_recovery,32,6.183961676065053e-09,0.4647343117589271
gaussian_recovery,33,6.183961676065053e-09,0.4647343117589271
gaussian_recovery,34,6.183961676065053e-09,0.4647343117589271
gaussian_recovery,35,6.183961676065053e-09,0.4647343117589271
gaussian_recovery,36,6.183961676065053e-09,0.4647343117589271
gaussian_recovery,37,6.183961676065053e-09,0.4647343117589271
gaussian_recovery,38,6.183961676065053e-09,0.4647343117589271
gaussian_recovery,39,6.183961676065053e-09,0.4647343117589271
gaussian_recovery,40,6.183961676065053e-09,0.4647343117589271
gaussian_recovery,41,6.183961676065053e-09,0.4647343117589271
gaussian_recovery,42,6.183961787087355e-09,0.4647343117589271
gaussian_recovery,43,6.183961787087355e-09,0.4647343117589271
gaussian_recovery,44,6.183961787087355e-09,0.4647343117589271
gaussian_recovery,45,6.183961787087355e-09,0.4647343117589271
gaussian_recovery,46,6.183961787087355e-09,0.4647343117589271
gaussian_recovery,47,6.183961787087355e-09,0.4647343117589271
gaussian_recovery,48,6.183961787087355e-09,0.4647343117589271
gaussian_recovery,49,6.183961787087355e-09,0.4647343117589271
gaussian_recovery,50,6.183961787087355e-09,0.4647343117589271
gaussian_recovery,51,6.183961787087355e-09,0.4647343117589271
gaussian_recovery,52,6.183961787087355e-09,0.4647343117589271
gaussian_recovery,53,6.183961787087355e-09,0.4647343117589271
gaussian_recovery,54,6.183961787087355e-09,0.4647343117589271
gaussian_recovery,55,6.183961787087355e-09,0.4647343117589271
gaussian_recovery,56,6.183961787087355e-09,0.4647343117589271
gaussian_recovery,57,6.183961787087355e-09,0.4647343117589271
gaussian_recovery,58,6.183961787087355e-09,0.4647343117589271
gaussian_recovery,59,6.183961787087355e-09,0.4647343117589271
gaussian_recovery,60,6.183961787087355e-09,0.4647343117589271
gaussian_recovery,61,6.183961787087355e-09,0.4647343117589271
gaussian_recovery,62,6.183961787087355e-09,0.4647343117589271
gaussian_recovery,63,6.183961787087355e-09,0.4647343117589271
gaussian_recovery,64,6.183961787087355e-09,0.4647343117589271
gaussian_recovery,65,6.183961787087355e-09,0.4647343117589271
gaussian_recovery,66,6.183961787087355e-09,0.4647343117589271
gaussian_recovery,67,6.183961787087355e-09,0.4647343117589271
gaussian_recovery,68,6.183961787087355e-09,0.4647343117589271
gaussian_recovery,69,6.183961787087355e-09,0.4647343117589271
gaussian_recovery,70,6.183961787087355e-09,0.4647343117589271
gaussian_recovery,71,6.183961787087355e-09,0.4647343117589271
gaussian_recovery,72,6.183961787087355e-09,0.4647343117589271
gaussian_recovery,73,6.183961787087355e-09,0.4647343117589271
gaussian_recovery,74,6.183961787087355e-09,0.4647343117589271
gaussian_recovery,75,6.183961787087355e-09,0.4647343117589271
gaussian_recovery,76,6.183961787087355e-09,0.4647343117589271
gaussian_recovery,77,6.183961787087355e-09,0.4647343117589271
gaussian_recovery,78,6.183961787087355e-09,0.4647343117589271
gaussian_recovery,79,6.183961787087355e-09,0.4647343117589271
gaussian_recovery,80,6.183961787087355e-09,0.4647343117589271
gaussian_recovery,81,6.183961787087355e-09,0.4647343117589271
gaussian_recovery,82,6.183961787087355e-09,0.4647343117589271
gaussian_recovery,83,6.183961787087355e-09,0.4647343117589271
gaussian_recovery,84,6.183961787087355e-09,0.4647343117589271
gaussian_recovery,85,6.183961787087355e-09,0.4647343117589271
gaussian_recovery,86,6.183961787087355e-09,0.4647343117589271
gaussian_recovery,87,6.183961787087355e-09,0.4647343117589271
gaussian_recovery,88,6.183961787087355e-09,0.4647343117589271
gaussian_recovery,89,6.183961787087355e-09,0.4647343117589271
gaussian_recovery,90,6.183961787087355e-09,0.4647343117589271
gaussian_recovery,91,6.183961787087355e-09,0.4647343117589271
gaussian_recovery,92,6.183961787087355e-09,0.4647343117589271
gaussian_recovery,93,6.183961787087355e-09,0.4647343117589271
gaussian_recovery,94,6.183961898109658e-09,0.4647343117589271
gaussian_recovery,95,6.183961898109658e-09,0.4647343117589271
gaussian_recovery,96,6.183961898109658e-09,0.4647343117589271
gaussian_recovery,97,6.183961898109658e-09,0.4647343117589271
gaussian_recovery,98,6.183961898109658e-09,0.4647343117589271
gaussian_recovery,99,6.183961898109658e-09,0.4647343117589271
gaussian_recovery,100,6.183961898109658e-09,0.4647343117589271
gaussian_recovery,101,6.183961898109658e-09,0.4647343117589271
gaussian_recovery,102,6.183961898109658e-09,0.4647343117589271
gaussian_recovery,103,6.183961898109658e-09,0.4647343117589271
gaussian_recovery,104,6.183961898109658e-09,0.4647343117589271
gaussian_recovery,105,6.183961898109658e-09,0.4647343117589271
gaussian_recovery,106,6.183961898109658e-09,0.4647343117589271
gaussian_recovery,107,6.183961898109658e-09,0.4647343117589271
gaussian_recovery,108,6.183961898109658e-09,0.4647343117589271
gaussian_recovery,109,6.183961898109658e-09,0.4647343117589271
gaussian_recovery,110,6.183961898109658e-09,0.4647343117589271
gaussian_recovery,111,6.183961898109658e-09,0.4647343117589271
gaussian_recovery,112,6.183961898109658e-09,0.4647343117589271
gaussian_recovery,113,6.183961898109658e-09,0.4647343117589271
gaussian_recovery,114,6.183961898109658e-09,0.4647343117589271
gaussian_recovery,115,6.183961898109658e-09,0.4647343117589271
gaussian_recovery,116,6.183961898109658e-09,0.4647343117589271
gaussian_recovery,117,6.183961898109658e-09,0.4647343117589271
gaussian_recovery,118,6.183961898109658e-09,0.4647343117589271
gaussian_recovery,119,6.183961898109658e-09,0.4647343117589271
gaussian_recovery,120,6.183961898109658e-09,0.4647343117589271
gaussian_recovery,121,6.183961898109658e-09,0.4647343117589271
gaussian_recovery,122,6.183961898109658e-09,0.4647343117589271
gaussian_recovery,123,6.183961898109658e-09,0.4647343117589271
gaussian_recovery,124,6.183961898109658e-09,0.4647343117589271
gaussian_recovery,125,6.183961898109658e-09,0.4647343117589271
gaussian_recovery,126,6.183961898109658e-09,0.4647343117589271
gaussian_recovery,127,6.183961898109658e-09,0.4647343117589271
gaussian_recovery,128,6.183961898109658e-09,0.4647343117589271
gaussian_recovery,129,6.183961898109658e-09,0.4647343117589271
gaussian_recovery,130,6.183961898109658e-09,0.4647343117589271
gaussian_recovery,131,6.183961898109658e-09,0.4647343117589271
gaussian_recovery,132,6.183961898109658e-09,0.4647343117589271
gaussian_recovery,133,6.183961898109658e-09,0.4647343117589271
gaussian_recovery,134,6.183961898109658e-09,0.4647343117589271
gaussian_recovery,135,6.183961898109658e-09,0.4647343117589271
gaussian_recovery,136,6.183961898109658e-09,0.4647343117589271
gaussian_recovery,137,6.183961898109658e-09,0.4647343117589271
gaussian_recovery,138,6.183961898109658e-09,0.4647343117589271
gaussian_recovery,139,6.183961898109658e-09,0.4647343117589271
gaussian_recovery,140,6.183961898109658e-09,0.4647343117589271
gaussian_recovery,141,6.183961898109658e-09,0.4647343117589271
gaussian_recovery,142,6.183961898109658e-09,0.4647343117589271
gaussian_recovery,143,6.183961898109658e-09,0.4647343117589271
gaussian_recovery,144,6.183961898109658e-09,0.4647343117589271
gaussian_recovery,145,6.183961898109658e-09,0.4647343117589271
gaussian_recovery,146,6.183961898109658e-09,0.4647343117589271
gaussian_recovery,147,6.183961898109658e-09,0.4647343117589271
gaussian_recovery,148,6.183961898109658e-09,0.4647343117589271
gaussian_recovery,149,6.183961898109658e-09,0.4647343117589271
gaussian_recovery,150,6.183961898109658e-09,0.4647343117589271
gaussian_recovery,151,6.183961898109658e-09,0.4647343117589271
gaussian_recovery,152,6.183961898109658e-09,0.4647343117589271
gaussian_recovery,153,6.183961898109658e-09,0.4647343117589271
gaussian_recovery,154,6.183961898109658e-09,0.4647343117589271
gaussian_recovery,155,6.183961898109658e-09,0.4647343117589271
gaussian_recovery,156,6.183961898109658e-09,0.4647343117589271
gaussian_recovery,157,6.183961898109658e-09,0.4647343117589271
gaussian_recovery,158,6.183961898109658e-09,0.4647343117589271
gaussian_recovery,159,6.183961898109658e-09,0.4647343117589271
gaussian_recovery,160,6.183961898109658e-09,0.4647343117589271
gaussian_recovery,161,6.183961898109658e-09,0.4647343117589271
gaussian_recovery,162,6.183961898109658e-09,0.4647343117589271
gaussian_recovery,163,6.183961898109658e-09,0.4647343117589271
gaussian_recovery,164,6.183961898109658e-09,0.4647343117589271
gaussian_recovery,165,6.183961898109658e-09,0.4647343117589271
gaussian_recovery,166,6.183961898109658e-09,0.4647343117589271
gaussian_recovery,167,6.183961898109658e-09,0.4647343117589271
gaussian_recovery,168,6.183961898109658e-09,0.4647343117589271
gaussian_recovery,169,6.183961898109658e-09,0.4647343117589271
gaussian_recovery,170,6.183961898109658e-09,0.4647343117589271
gaussian_recovery,171,6.183961898109658e-09,0.4647343117589271
gaussian_recovery,172,6.183961898109658e-09,0.4647343117589271
gaussian_recovery,173,6.183961898109658e-09,0.4647343117589271
gaussian_recovery,174,6.183961898109658e-09,0.4647343117589271
gaussian_recovery,175,6.183961898109658e-09,0.4647343117589271
gaussian_recovery,176,6.183961898109658e-09,0.4647343117589271
gaussian_recovery,177,6.183961898109658e-09,0.4647343117589271
gaussian_recovery,178,6.183961898109658e-09,0.4647343117589271
gaussian_recovery,179,6.183961898109658e-09,0.4647343117589271
gaussian_recovery,180,6.183961898109658e-09,0.4647343117589271
gaussian_recovery,181,6.183961898109658e-09,0.4647343117589271
gaussian_recovery,182,6.183961898109658e-09,0.4647343117589271
gaussian_recovery,183,6.183961898109658e-09,0.4647343117589271
gaussian_recovery,184,6.183961898109658e-09,0.4647343117589271
gaussian_recovery,185,6.183961898109658e-09,0.4647343117589271
gaussian_recovery,186,6.183961898109658e-09,0.4647343117589271
gaussian_recovery,187,6.183961898109658e-09,0.4647343117589271
gaussian_recovery,188,6.183961898109658e-09,0.4647343117589271
gaussian_recovery,189,6.183961898109658e-09,0.4647343117589271
gaussian_recovery,190,6.183961898109658e-09,0.4647343117589271
gaussian_recovery,191,6.183961898109658e-09,0.4647343117589271
gaussian_recovery,192,6.183961898109658e-09,0.4647343117589271
gaussian_recovery,193,6.183961898109658e-09,0.4647343117589271
gaussian_recovery,194,6.183961898109658e-09,0.4647343117589271
gaussian_recovery,195,6.183961898109658e-09,0.4647343117589271
gaussian_recovery,196,6.183961898109658e-09,0.4647343117589271
gaussian_recovery,197,6.183961898109658e-09,0.4647343117589271
gaussian_recovery,198,6.183961898109658e-09,0.4647343117589271
gaussian_recovery,199,6.183961898109658e-09,0.4647343117589271
gaussian_recovery,200,6.183961898109658e-09,0.4647343117589271
gaussian_recovery,201,6.183961898109658e-09,0.4647343117589271
gaussian_recovery,202,6.183961898109658e-09,0.4647343117589271
gaussian_recovery,203,6.183961898109658e-09,0.4647343117589271
gaussian_recovery,204,6.183961898109658e-09,0.4647343117589271
gaussian_recovery,205,6.183961898109658e-09,0.4647343117589271
gaussian_recovery,206,6.183961898109658e-09,0.4647343117589271
gaussian_recovery,207,6.183961898109658e-09,0.4647343117589271
gaussian_recovery,208,6.183961898109658e-09,0.4647343117589271
gaussian_recovery,209,6.183961898109658e-09,0.4647343117589271
gaussian_recovery,210,6.183961898109658e-09,0.4647343117589271
gaussian_recovery,211,6.18396200913196e-09,0.4647343117589271
gaussian_recovery,212,6.18396200913196e-09,0.4647343117589271
gaussian_recovery,213,6.18396200913196e-09,0.4647343117589271
gaussian_recovery,214,6.18396200913196e-09,0.4647343117589271
gaussian_recovery,215,6.18396200913196e-09,0.4647343117589271
gaussian_recovery,216,6.18396200913196e-09,0.4647343117589271
gaussian_recovery,217,6.18396200913196e-09,0.4647343117589271
gaussian_recovery,218,6.18396200913196e-09,0.4647343117589271
gaussian_recovery,219,6.18396200913196e-09,0.4647343117589271
gaussian_recovery,220,6.18396200913196e-09,0.4647343117589271
gaussian_recovery,221,6.18396200913196e-09,0.4647343117589271
gaussian_recovery,222,6.18396200913196e-09,0.4647343117589271
gaussian_recovery,223,6.18396200913196e-09,0.4647343117589271
gaussian_recovery,224,6.18396200913196e-09,0.4647343117589271
gaussian_recovery,225,6.18396200913196e-09,0.4647343117589271
gaussian_recovery,226,6.18396200913196e-09,0.4647343117589271
gaussian_recovery,227,6.18396200913196e-09,0.4647343117589271
gaussian_recovery,228,6.18396200913196e-09,0.4647343117589271
gaussian_recovery,229,6.18396200913196e-09,0.4647343117589271
gaussian_recovery,230,6.18396200913196e-09,0.4647343117589271
gaussian_recovery,231,6.18396200913196e-09,0.4647343117589271
gaussian_recovery,232,6.18396200913196e-09,0.4647343117589271
gaussian_recovery,233,6.18396200913196e-09,0.4647343117589271
gaussian_recovery,234,6.18396200913196e-09,0.4647343117589271
gaussian_recovery,235,6.18396200913196e-09,0.4647343117589271
gaussian_recovery,236,6.18396200913196e-09,0.4647343117589271
gaussian_recovery,237,6.18396200913196e-09,0.4647343117589271
gaussian_recovery,238,6.18396200913196e-09,0.4647343117589271
gaussian_recovery,239,6.18396200913196e-09,0.4647343117589271
gaussian_recovery,240,6.18396200913196e-09,0.4647343117589271
gaussian_recovery,241,6.18396200913196e-09,0.4647343117589271
gaussian_recovery,242,6.18396200913196e-09,0.4647343117589271
gaussian_recovery,243,6.18396200913196e-09,0.4647343117589271
gaussian_recovery,244,6.18396200913196e-09,0.4647343117589271
gaussian_recovery,245,6.18396200913196e-09,0.4647343117589271
gaussian_recovery,246,6.18396200913196e-09,0.4647343117589271
gaussian_recovery,247,6.18396200913196e-09,0.4647343117589271
gaussian_recovery,248,6.18396200913196e-09,0.4647343117589271
gaussian_recovery,249,6.18396200913196e-09,0.4647343117589271
gaussian_recovery,250,6.18396200913196e-09,0.4647343117589271
gaussian_recovery,251,6.18396200913196e-09,0.4647343117589271
gaussian_recovery,252,6.18396200913196e-09,0.4647343117589271
gaussian_recovery,253,6.18396200913196e-09,0.4647343117589271
gaussian_recovery,254,6.18396200913196e-09,0.4647343117589271
gaussian_recovery,255,6.18396200913196e-09,0.4647343117589271
gaussian_recovery,256,6.18396200913196e-09,0.4647343117589271
gaussian_recovery,257,6.18396200913196e-09,0.4647343117589271
gaussian_recovery,258,6.18396200913196e-09,0.4647343117589271
gaussian_recovery,259,6.18396200913196e-09,0.4647343117589271
gaussian_recovery,260,6.18396200913196e-09,0.4647343117589271
gaussian_recovery,261,6.18396200913196e-09,0.4647343117589271
gaussian_recovery,262,6.18396200913196e-09,0.4647343117589271
gaussian_recovery,263,6.18396200913196e-09,0.4647343117589271
gaussian_recovery,264,6.18396200913196e-09,0.4647343117589271
gaussian_recovery,265,6.18396200913196e-09,0.4647343117589271
gaussian_recovery,266,6.18396200913196e-09,0.4647343117589271
gaussian_recovery,267,6.18396200913196e-09,0.4647343117589271
gaussian_recovery,268,6.18396200913196e-09,0.4647343117589271
gaussian_recovery,269,6.18396200913196e-09,0.4647343117589271
gaussian_recovery,270,6.18396200913196e-09,0.4647343117589271
gaussian_recovery,271,6.18396200913196e-09,0.4647343117589271
gaussian_recovery,272,6.18396200913196e-09,0.4647343117589271
gaussian_recovery,273,6.18396200913196e-09,0.4647343117589271
gaussian_recovery,274,6.18396200913196e-09,0.4647343117589271
gaussian_recovery,275,6.18396200913196e-09,0.4647343117589271
gaussian_recovery,276,6.18396200913196e-09,0.4647343117589271
gaussian_recovery,277,6.18396200913196e-09,0.4647343117589271
gaussian_recovery,278,6.18396200913196e-09,0.4647343117589271
gaussian_recovery,279,6.18396200913196e-09,0.4647343117589271
gaussian_recovery,280,6.18396200913196e-09,0.4647343117589271
gaussian_recovery,281,6.18396200913196e-09,0.4647343117589271
gaussian_recovery,282,6.18396200913196e-09,0.4647343117589271
gaussian_recovery,283,6.18396200913196e-09,0.4647343117589271
gaussian_recovery,284,6.18396200913196e-09,0.4647343117589271
gaussian_recovery,285,6.18396200913196e-09,0.4647343117589271
gaussian_recovery,286,6.18396200913196e-09,0.4647343117589271
gaussian_recovery,287,6.18396200913196e-09,0.4647343117589271
gaussian_recovery,288,6.18396200913196e-09,0.4647343117589271
gaussian_recovery,289,6.18396200913196e-09,0.4647343117589271
gaussian_recovery,290,6.18396200913196e-09,0.4647343117589271
gaussian_recovery,291,6.18396200913196e-09,0.4647343117589271
gaussian_recovery,292,6.18396200913196e-09,0.4647343117589271
gaussian_recovery,293,6.18396200913196e-09,0.4647343117589271
gaussian_recovery,294,6.18396200913196e-09,0.4647343117589271
gaussian_recovery,295,6.18396200913196e-09,0.4647343117589271
gaussian_recovery,296,6.18396200913196e-09,0.4647343117589271
gaussian_recovery,297,6.18396200913196e-09,0.4647343117589271
gaussian_recovery,298,6.18396200913196e-09,0.4647343117589271
gaussian_recovery,299,6.18396200913196e-09,0.4647343117589271
gaussian_recovery,300,6.18396200913196e-09,0.4647343117589271
gaussian_recovery,301,6.18396200913196e-09,0.4647343117589271
gaussian_recovery,302,6.18396200913196e-09,0.4647343117589271
gaussian_recovery,303,6.18396200913196e-09,0.4647343117589271
gaussian_recovery,304,6.18396200913196e-09,0.4647343117589271
gaussian_recovery,305,6.18396200913196e-09,0.4647343117589271
gaussian_recovery,306,6.18396200913196e-09,0.4647343117589271
gaussian_recovery,307,6.18396200913196e-09,0.4647343117589271
gaussian_recovery,308,6.18396200913196e-09,0.4647343117589271
gaussian_recovery,309,6.18396200913196e-09,0.4647343117589271
gaussian_recovery,310,6.18396200913196e-09,0.4647343117589271
gaussian_recovery,311,6.18396200913196e-09,0.4647343117589271
gaussian_recovery,312,6.18396200913196e-09,0.4647343117589271
gaussian_recovery,313,6.18396200913196e-09,0.4647343117589271
gaussian_recovery,314,6.18396200913196e-09,0.4647343117589271
gaussian_recovery,315,6.18396200913196e-09,0.4647343117589271
gaussian_recovery,316,6.18396200913196e-09,0.4647343117589271
gaussian_recovery,317,6.18396200913196e-09,0.4647343117589271
gaussian_recovery,318,6.18396200913196e-09,0.4647343117589271
gaussian_recovery,319,6.18396200913196e-09,0.4647343117589271
gaussian_recovery,320,6.18396200913196e-09,0.4647343117589271
gaussian_recovery,321,6.18396200913196e-09,0.4647343117589271
gaussian_recovery,322,6.18396200913196e-09,0.4647343117589271
gaussian_recovery,323,6.18396200913196e-09,0.4647343117589271
gaussian_recovery,324,6.18396200913196e-09,0.4647343117589271
gaussian_recovery,325,6.18396200913196e-09,0.4647343117589271
gaussian_recovery,326,6.18396200913196e-09,0.4647343117589271
gaussian_recovery,327,6.18396200913196e-09,0.4647343117589271
gaussian_recovery,328,6.18396200913196e-09,0.4647343117589271
gaussian_recovery,329,6.18396200913196e-09,0.4647343117589271
gaussian_recovery,330,6.18396200913196e-09,0.4647343117589271
gaussian_recovery,331,6.18396200913196e-09,0.4647343117589271
gaussian_recovery,332,6.18396200913196e-09,0.4647343117589271
gaussian_recovery,333,6.18396200913196e-09,0.4647343117589271
gaussian_recovery,334,6.18396200913196e-09,0.4647343117589271
gaussian_recovery,335,6.18396200913196e-09,0.4647343117589271
gaussian_recovery,336,6.18396200913196e-09,0.4647343117589271
gaussian_recovery,337,6.18396200913196e-09,0.4647343117589271
gaussian_recovery,338,6.18396200913196e-09,0.4647343117589271
gaussian_recovery,339,6.18396200913196e-09,0.4647343117589271
gaussian_recovery,340,6.18396200913196e-09,0.4647343117589271
gaussian_recovery,341,6.18396200913196e-09,0.4647343117589271
gaussian_recovery,342,6.18396200913196e-09,0.4647343117589271
gaussian_recovery,343,6.18396200913196e-09,0.4647343117589271
gaussian_recovery,344,6.18396200913196e-09,0.4647343117589271
gaussian_recovery,345,6.18396200913196e-09,0.4647343117589271
gaussian_recovery,346,6.18396200913196e-09,0.4647343117589271
gaussian_recovery,347,6.18396200913196e-09,0.4647343117589271
gaussian_recovery,348,6.18396200913196e-09,0.4647343117589271
gaussian_recovery,349,6.18396200913196e-09,0.4647343117589271
gaussian_recovery,350,6.18396200913196e-09,0.4647343117589271
gaussian_recovery,351,6.18396200913196e-09,0.4647343117589271
gaussian_recovery,352,6.18396200913196e-09,0.4647343117589271
gaussian_recovery,353,6.18396200913196e-09,0.4647343117589271
gaussian_recovery,354,6.18396200913196e-09,0.4647343117589271
gaussian_recovery,355,6.18396200913196e-09,0.4647343117589271
gaussian_recovery,356,6.18396200913196e-09,0.4647343117589271
gaussian_recovery,357,6.18396200913196e-09,0.4647343117589271
gaussian_recovery,358,6.18396200913196e-09,0.4647343117589271
gaussian_recovery,359,6.18396200913196e-09,0.4647343117589271
gaussian_recovery,360,6.18396200913196e-09,0.4647343117589271
gaussian_recovery,361,6.18396200913196e-09,0.4647343117589271
gaussian_recovery,362,6.18396200913196e-09,0.4647343117589271
gaussian_recovery,363,6.18396200913196e-09,0.4647343117589271
gaussian_recovery,364,6.18396200913196e-09,0.4647343117589271
gaussian_recovery,365,6.18396200913196e-09,0.4647343117589271
gaussian_recovery,366,6.18396200913196e-09,0.4647343117589271
gaussian_recovery,367,6.18396200913196e-09,0.4647343117589271
gaussian_recovery,368,6.18396200913196e-09,0.4647343117589271
gaussian_recovery,369,6.18396200913196e-09,0.4647343117589271
gaussian_recovery,370,6.18396200913196e-09,0.4647343117589271
gaussian_recovery,371,6.18396200913196e-09,0.4647343117589271
gaussian_recovery,372,6.18396200913196e-09,0.4647343117589271
gaussian_recovery,373,6.18396200913196e-09,0.4647343117589271
gaussian_recovery,374,6.18396200913196e-09,0.4647343117589271
gaussian_recovery,375,6.18396200913196e-09,0.4647343117589271
gaussian_recovery,376,6.18396200913196e-09,0.4647343117589271
gaussian_recovery,377,6.18396200913196e-09,0.4647343117589271
gaussian_recovery,378,6.18396200913196e-09,0.4647343117589271
gaussian_recovery,379,6.18396200913196e-09,0.4647343117589271
gaussian_recovery,380,6.18396200913196e-09,0.4647343117589271
gaussian_recovery,381,6.18396200913196e-09,0.4647343117589271
gaussian_recovery,382,6.18396200913196e-09,0.4647343117589271
gaussian_recovery,383,6.18396200913196e-09,0.4647343117589271
gaussian_recovery,384,6.18396200913196e-09,0.4647343117589271
gaussian_recovery,385,6.18396200913196e-09,0.4647343117589271
gaussian_recovery,386,6.18396200913196e-09,0.4647343117589271
gaussian_recovery,387,6.18396200913196e-09,0.4647343117589271
gaussian_recovery,388,6.18396200913196e-09,0.4647343117589271
gaussian_recovery,389,6.18396200913196e-09,0.4647343117589271
gaussian_recovery,390,6.18396200913196e-09,0.4647343117589271
gaussian_recovery,391,6.18396200913196e-09,0.4647343117589271
gaussian_recovery,392,6.18396200913196e-09,0.4647343117589271
gaussian_recovery,393,6.18396200913196e-09,0.4647343117589271
gaussian_recovery,394,6.18396200913196e-09,0.4647343117589271
gaussian_recovery,395,6.18396200913196e-09,0.4647343117589271
gaussian_recovery,396,6.18396200913196e-09,0.4647343117589271
gaussian_recovery,397,6.18396200913196e-09,0.4647343117589271
gaussian_recovery,398,6.18396200913196e-09,0.4647343117589271
gaussian_recovery,399,6.18396200913196e-09,0.4647343117589271
gaussian_recovery,400,6.18396200913196e-09,0.4647343117589271
gaussian_recovery,401,6.18396200913196e-09,0.4647343117589271
gaussian_recovery,402,6.18396200913196e-09,0.4647343117589271
gaussian_recovery,403,6.18396200913196e-09,0.4647343117589271
gaussian_recovery,404,6.18396200913196e-09,0.4647343117589271
gaussian_recovery,405,6.18396200913196e-09,0.4647343117589271
gaussian_recovery,406,6.18396200913196e-09,0.4647343117589271
gaussian_recovery,407,6.18396200913196e-09,0.4647343117589271
gaussian_recovery,408,6.18396200913196e-09,0.4647343117589271
gaussian_recovery,409,6.18396200913196e-09,0.4647343117589271
gaussian_recovery,410,6.18396200913196e-09,0.4647343117589271
gaussian_recovery,411,6.18396200913196e-09,0.4647343117589271
gaussian_recovery,412,6.18396200913196e-09,0.4647343117589271
gaussian_recovery,413,6.18396200913196e-09,0.4647343117589271
gaussian_recovery,414,6.18396200913196e-09,0.4647343117589271
gaussian_recovery,415,6.18396200913196e-09,0.4647343117589271
gaussian_recovery,416,6.18396200913196e-09,0.4647343117589271
gaussian_recovery,417,6.18396200913196e-09,0.4647343117589271
gaussian_recovery,418,6.18396200913196e-09,0.4647343117589271
gaussian_recovery,419,6.18396200913196e-09,0.4647343117589271
gaussian_recovery,420,6.18396200913196e-09,0.4647343117589271
gaussian_recovery,421,6.18396200913196e-09,0.4647343117589271
gaussian_recovery,422,6.18396200913196e-09,0.4647343117589271
gaussian_recovery,423,6.18396200913196e-09,0.4647343117589271
gaussian_recovery,424,6.18396200913196e-09,0.4647343117589271
gaussian_recovery,425,6.18396200913196e-09,0.4647343117589271
gaussian_recovery,426,6.18396200913196e-09,0.4647343117589271
gaussian_recovery,427,6.18396200913196e-09,0.4647343117589271
gaussian_recovery,428,6.18396200913196e-09,0.4647343117589271
gaussian_recovery,429,6.18396200913196e-09,0.4647343117589271
gaussian_recovery,430,6.18396200913196e-09,0.4647343117589271
gaussian_recovery,431,6.18396200913196e-09,0.4647343117589271
gaussian_recovery,432,6.18396200913196e-09,0.4647343117589271
gaussian_recovery,433,6.18396200913196e-09,0.4647343117589271
gaussian_recovery,434,6.18396200913196e-09,0.4647343117589271
gaussian_recovery,435,6.18396200913196e-09,0.4647343117589271
gaussian_recovery,436,6.18396200913196e-09,0.4647343117589271
gaussian_recovery,437,6.18396200913196e-09,0.4647343117589271
gaussian_recovery,438,6.18396200913196e-09,0.4647343117589271
gaussian_recovery,439,6.18396200913196e-09,0.4647343117589271
gaussian_recovery,440,6.18396200913196e-09,0.4647343117589271
gaussian_recovery,441,6.18396200913196e-09,0.4647343117589271
gaussian_recovery,442,6.18396200913196e-09,0.4647343117589271
gaussian_recovery,443,6.18396200913196e-09,0.4647343117589271
gaussian_recovery,444,6.18396200913196e-09,0.4647343117589271
gaussian_recovery,445,6.18396200913196e-09,0.4647343117589271
gaussian_recovery,446,6.18396200913196e-09,0.4647343117589271
gaussian_recovery,447,6.18396200913196e-09,0.4647343117589271
gaussian_recovery,448,6.18396200913196e-09,0.4647343117589271
gaussian_recovery,449,6.18396200913196e-09,0.4647343117589271
gaussian_recovery,450,6.18396200913196e-09,0.4647343117589271
gaussian_recovery,451,6.18396200913196e-09,0.4647343117589271
gaussian_recovery,452,6.18396200913196e-09,0.4647343117589271
gaussian_recovery,453,6.18396200913196e-09,0.4647343117589271
gaussian_recovery,454,6.18396200913196e-09,0.4647343117589271
gaussian_recovery,455,6.18396200913196e-09,0.4647343117589271
gaussian_recovery,456,6.18396200913196e-09,0.4647343117589271
gaussian_recovery,457,6.18396200913196e-09,0.4647343117589271
gaussian_recovery,458,6.18396200913196e-09,0.4647343117589271
gaussian_recovery,459,6.18396200913196e-09,0.4647343117589271
gaussian_recovery,460,6.18396200913196e-09,0.4647343117589271
gaussian_recovery,461,6.18396200913196e-09,0.4647343117589271
gaussian_recovery,462,6.18396200913196e-09,0.4647343117589271
gaussian_recovery,463,6.18396200913196e-09,0.4647343117589271
gaussian_recovery,464,6.18396200913196e-09,0.4647343117589271
gaussian_recovery,465,6.18396200913196e-09,0.4647343117589271
gaussian_recovery,466,6.18396200913196e-09,0.4647343117589271
gaussian_recovery,467,6.18396200913196e-09,0.4647343117589271
gaussian_recovery,468,6.18396200913196e-09,0.4647343117589271
gaussian_recovery,469,6.18396200913196e-09,0.4647343117589271
gaussian_recovery,470,6.18396200913196e-09,0.4647343117589271
gaussian_recovery,471,6.18396200913196e-09,0.4647343117589271
gaussian_recovery,472,6.18396200913196e-09,0.4647343117589271
gaussian_recovery,473,6.18396200913196e-09,0.4647343117589271
gaussian_recovery,474,6.18396200913196e-09,0.4647343117589271
gaussian_recovery,475,6.18396200913196e-09,0.4647343117589271
gaussian_recovery,476,6.18396200913196e-09,0.4647343117589271
gaussian_recovery,477,6.18396200913196e-09,0.4647343117589271
gaussian_recovery,478,6.18396200913196e-09,0.4647343117589271
gaussian_recovery,479,6.18396200913196e-09,0.4647343117589271
gaussian_recovery,480,6.18396200913196e-09,0.4647343117589271
gaussian_recovery,481,6.18396200913196e-09,0.4647343117589271
gaussian_recovery,482,6.18396200913196e-09,0.4647343117589271
gaussian_recovery,483,6.18396200913196e-09,0.4647343117589271
gaussian_recovery,484,6.18396200913196e-09,0.4647343117589271
gaussian_recovery,485,6.18396200913196e-09,0.4647343117589271
gaussian_recovery,486,6.18396200913196e-09,0.4647343117589271
gaussian_recovery,487,6.18396200913196e-09,0.4647343117589271
gaussian_recovery,488,6.18396200913196e-09,0.4647343117589271
gaussian_recovery,489,6.18396200913196e-09,0.4647343117589271
gaussian_recovery,490,6.18396200913196e-09,0.4647343117589271
gaussian_recovery,491,6.18396200913196e-09,0.4647343117589271
gaussian_recovery,492,6.18396200913196e-09,0.4647343117589271
gaussian_recovery,493,6.18396200913196e-09,0.4647343117589271
gaussian_recovery,494,6.18396200913196e-09,0.4647343117589271
gaussian_recovery,495,6.18396200913196e-09,0.4647343117589271
gaussian_recovery,496,6.18396200913196e-09,0.4647343117589271
gaussian_recovery,497,6.18396200913196e-09,0.4647343117589271
gaussian_recovery,498,6.18396200913196e-09,0.4647343117589271
gaussian_recovery,499,6.18396200913196e-09,0.4647343117589271
gaussian_recovery,500,6.18396200913196e-09,0.4647343117589271
gaussian_recovery,501,6.18396200913196e-09,0.4647343117589271
gaussian_recovery,502,6.18396200913196e-09,0.4647343117589271
gaussian_recovery,503,6.18396200913196e-09,0.4647343117589271
gaussian_recovery,504,6.18396200913196e-09,0.4647343117589271
gaussian_recovery,505,6.18396200913196e-09,0.4647343117589271
gaussian_recovery,506,6.18396200913196e-09,0.4647343117589271
gaussian_recovery,507,6.18396200913196e-09,0.4647343117589271
gaussian_recovery,508,6.18396200913196e-09,0.4647343117589271
gaussian_recovery,509,6.18396200913196e-09,0.4647343117589271
gaussian_recovery,510,6.18396200913196e-09,0.4647343117589271
gaussian_recovery,511,6.18396200913196e-09,0.4647343117589271
gaussian_recovery,512,6.18396200913196e-09,0.4647343117589271
gaussian_recovery,513,6.18396200913196e-09,0.4647343117589271
gaussian_recovery,514,6.18396200913196e-09,0.4647343117589271
gaussian_recovery,515,6.18396200913196e-09,0.4647343117589271
gaussian_recovery,516,6.18396200913196e-09,0.4647343117589271
gaussian_recovery,517,6.18396200913196e-09,0.4647343117589271
gaussian_recovery,518,6.18396200913196e-09,0.4647343117589271
gaussian_recovery,519,6.18396200913196e-09,0.4647343117589271
gaussian_recovery,520,6.18396200913196e-09,0.4647343117589271
gaussian_recovery,521,6.18396200913196e-09,0.4647343117589271
gaussian_recovery,522,6.18396200913196e-09,0.4647343117589271
gaussian_recovery,523,6.18396200913196e-09,0.4647343117589271
gaussian_recovery,524,6.18396200913196e-09,0.4647343117589271
gaussian_recovery,525,6.18396200913196e-09,0.4647343117589271
gaussian_recovery,526,6.18396200913196e-09,0.4647343117589271
gaussian_recovery,527,6.18396200913196e-09,0.4647343117589271
gaussian_recovery,528,6.18396200913196e-09,0.4647343117589271
gaussian_recovery,529,6.18396200913196e-09,0.4647343117589271
gaussian_recovery,530,6.18396200913196e-09,0.4647343117589271
gaussian_recovery,531,6.18396200913196e-09,0.4647343117589271
gaussian_recovery,532,6.18396200913196e-09,0.4647343117589271
gaussian_recovery,533,6.18396200913196e-09,0.4647343117589271
gaussian_recovery,534,6.18396200913196e-09,0.4647343117589271
gaussian_recovery,535,6.18396200913196e-09,0.4647343117589271
gaussian_recovery,536,6.18396200913196e-09,0.4647343117589271
gaussian_recovery,537,6.18396200913196e-09,0.4647343117589271
gaussian_recovery,538,6.18396200913196e-09,0.4647343117589271
gaussian_recovery,539,6.18396200913196e-09,0.4647343117589271
gaussian_recovery,540,6.18396200913196e-09,0.4647343117589271
gaussian_recovery,541,6.18396200913196e-09,0.4647343117589271
gaussian_recovery,542,6.18396200913196e-09,0.4647343117589271
gaussian_recovery,543,6.18396200913196e-09,0.4647343117589271
gaussian_recovery,544,6.18396200913196e-09,0.4647343117589271
gaussian_recovery,545,6.18396200913196e-09,0.4647343117589271
gaussian_recovery,546,6.18396200913196e-09,0.4647343117589271
gaussian_recovery,547,6.18396200913196e-09,0.4647343117589271
gaussian_recovery,548,6.18396200913196e-09,0.4647343117589271
gaussian_recovery,549,6.18396200913196e-09,0.4647343117589271
gaussian_recovery,550,6.18396200913196e-09,0.4647343117589271
gaussian_recovery,551,6.18396200913196e-09,0.4647343117589271
gaussian_recovery,552,6.18396200913196e-09,0.4647343117589271
gaussian_recovery,553,6.18396200913196e-09,0.4647343117589271
gaussian_recovery,554,6.18396200913196e-09,0.4647343117589271
gaussian_recovery,555,6.18396200913196e-09,0.4647343117589271
gaussian_recovery,556,6.18396200913196e-09,0.4647343117589271
gaussian_recovery,557,6.18396200913196e-09,0.4647343117589271
gaussian_recovery,558,6.18396200913196e-09,0.4647343117589271
gaussian_recovery,559,6.18396200913196e-09,0.4647343117589271
gaussian_recovery,560,6.18396200913196e-09,0.4647343117589271
gaussian_recovery,561,6.18396200913196e-09,0.4647343117589271
gaussian_recovery,562,6.18396200913196e-09,0.4647343117589271
gaussian_recovery,563,6.18396200913196e-09,0.4647343117589271
gaussian_recovery,564,6.18396200913196e-09,0.4647343117589271
gaussian_recovery,565,6.18396200913196e-09,0.4647343117589271
gaussian_recovery,566,6.18396200913196e-09,0.4647343117589271
gaussian_recovery,567,6.18396200913196e-09,0.4647343117589271
gaussian_recovery,568,6.18396200913196e-09,0.4647343117589271
gaussian_recovery,569,6.18396200913196e-09,0.4647343117589271
gaussian_recovery,570,6.18396200913196e-09,0.4647343117589271
gaussian_recovery,571,6.18396200913196e-09,0.4647343117589271
gaussian_recovery,572,6.18396200913196e-09,0.4647343117589271
gaussian_recovery,573,6.18396200913196e-09,0.4647343117589271
gaussian_recovery,574,6.18396200913196e-09,0.4647343117589271
gaussian_recovery,575,6.18396200913196e-09,0.4647343117589271
gaussian_recovery,576,6.18396200913196e-09,0.4647343117589271
gaussian_recovery,577,6.18396200913196e-09,0.4647343117589271
gaussian_recovery,578,6.18396200913196e-09,0.4647343117589271
gaussian_recovery,579,6.18396200913196e-09,0.4647343117589271
gaussian_recovery,580,6.18396200913196e-09,0.4647343117589271
gaussian_recovery,581,6.18396200913196e-09,0.4647343117589271
gaussian_recovery,582,6.18396200913196e-09,0.4647343117589271
gaussian_recovery,583,6.18396200913196e-09,0.4647343117589271
gaussian_recovery,584,6.18396200913196e-09,0.4647343117589271
gaussian_recovery,585,6.18396200913196e-09,0.4647343117589271
gaussian_recovery,586,6.18396200913196e-09,0.4647343117589271
gaussian_recovery,587,6.18396200913196e-09,0.4647343117589271
gaussian_recovery,588,6.18396200913196e-09,0.4647343117589271
gaussian_recovery,589,6.18396200913196e-09,0.4647343117589271
gaussian_recovery,590,6.18396200913196e-09,0.4647343117589271
gaussian_recovery,591,6.18396200913196e-09,0.4647343117589271
gaussian_recovery,592,6.18396200913196e-09,0.4647343117589271
gaussian_recovery,593,6.18396200913196e-09,0.4647343117589271
gaussian_recovery,594,6.18396200913196e-09,0.4647343117589271
gaussian_recovery,595,6.18396200913196e-09,0.4647343117589271
gaussian_recovery,596,6.18396200913196e-09,0.4647343117589271
gaussian_recovery,597,6.18396200913196e-09,0.4647343117589271
gaussian_recovery,598,6.18396200913196e-09,0.4647343117589271
gaussian_recovery,599,6.18396200913196e-09,0.4647343117589271
gaussian_recovery,600,6.18396200913196e-09,0.4647343117589271
scana_r,0,0.0,0.4647343112727681
scana_r,1,4.889388560691543e-09,0.464734311654329
scana_r,2,5.910301137390661e-09,0.4647343117363771
scana_r,3,6.125690843461484e-09,0.46473431175402874
scana_r,4,6.1714876542495745e-09,0.4647343117578502
scana_r,5,6.1812810425720954e-09,0.4647343117586867
scana_r,6,6.18338402702534e-09,0.46473431175887264
scana_r,7,6.183837220063992e-09,0.46473431175891466
scana_r,8,6.183935141734764e-09,0.46473431175892416
scana_r,9,6.183956235972232e-09,0.4647343117589265
scana_r,10,6.183960898908936e-09,0.46473431175892704
scana_r,11,6.183961787087355e-09,0.46473431175892715
scana_r,12,6.183961787087355e-09,0.46473431175892715
scana_r,13,6.183961787087355e-09,0.46473431175892715
scana_r,14,6.183961787087355e-09,0.46473431175892715
scana_r,15,6.183961787087355e-09,0.46473431175892715
scana_r,16,6.183961787087355e-09,0.46473431175892715
scana_r,17,6.183961787087355e-09,0.46473431175892715
scana_r,18,6.183961787087355e-09,0.46473431175892715
scana_r,19,6.183961787087355e-09,0.46473431175892715
scana_r,20,6.183961787087355e-09,0.46473431175892715
scana_r,21,6.183961787087355e-09,0.46473431175892715
scana_r,22,6.183961787087355e-09,0.46473431175892715
scana_r,23,6.183961787087355e-09,0.46473431175892715
scana_r,24,6.183961787087355e-09,0.46473431175892715
scana_r,25,6.183961787087355e-09,0.46473431175892715
scana_r,26,6.183961787087355e-09,0.46473431175892715
scana_r,27,6.183961787087355e-09,0.46473431175892715
scana_r,28,6.183961787087355e-09,0.46473431175892715
scana_r,29,6.183961787087355e-09,0.46473431175892715
scana_r,30,6.183961787087355e-09,0.46473431175892715
scana_r,31,6.183961898109658e-09,0.46473431175892715
scana_r,32,6.183961898109658e-09,0.46473431175892715
scana_r,33,6.183961898109658e-09,0.46473431175892715
scana_r,34,6.183961898109658e-09,0.46473431175892715
scana_r,35,6.183961898109658e-09,0.46473431175892715
scana_r,36,6.183961898109658e-09,0.46473431175892715
scana_r,37,6.183961898109658e-09,0.46473431175892715
scana_r,38,6.183961898109658e-09,0.46473431175892715
scana_r,39,6.183961898109658e-09,0.46473431175892715
scana_r,40,6.183961898109658e-09,0.46473431175892715
scana_r,41,6.183961898109658e-09,0.46473431175892715
scana_r,42,6.183961898109658e-09,0.46473431175892715
scana_r,43,6.183961898109658e-09,0.46473431175892715
scana_r,44,6.183961898109658e-09,0.46473431175892715
scana_r,45,6.183961898109658e-09,0.46473431175892715
scana_r,46,6.183961898109658e-09,0.46473431175892715
scana_r,47,6.183961898109658e-09,0.46473431175892715
scana_r,48,6.183961898109658e-09,0.46473431175892715
scana_r,49,6.183961898109658e-09,0.46473431175892715
scana_r,50,6.183961898109658e-09,0.46473431175892715
scana_r,51,6.183961898109658e-09,0.46473431175892715
scana_r,52,6.183961898109658e-09,0.46473431175892715
scana_r,53,6.183961898109658e-09,0.46473431175892715
scana_r,54,6.183961898109658e-09,0.46473431175892715
scana_r,55,6.183961898109658e-09,0.46473431175892715
scana_r,56,6.183961898109658e-09,0.46473431175892715
scana_r,57,6.183961898109658e-09,0.46473431175892715
scana_r,58,6.183961898109658e-09,0.46473431175892715
scana_r,59,6.183961898109658e-09,0.46473431175892715
scana_r,60,6.183961898109658e-09,0.46473431175892715
scana_r,61,6.183961898109658e-09,0.46473431175892715
scana_r,62,6.183961898109658e-09,0.46473431175892715
scana_r,63,6.183961898109658e-09,0.46473431175892715
scana_r,64,6.183961898109658e-09,0.46473431175892715
scana_r,65,6.183961898109658e-09,0.46473431175892715
scana_r,66,6.183961898109658e-09,0.46473431175892715
scana_r,67,6.183961898109658e-09,0.46473431175892715
scana_r,68,6.183961898109658e-09,0.46473431175892715
scana_r,69,6.183961898109658e-09,0.46473431175892715
scana_r,70,6.183961898109658e-09,0.46473431175892715
scana_r,71,6.183961898109658e-09,0.46473431175892715
scana_r,72,6.183961898109658e-09,0.46473431175892715
scana_r,73,6.183961898109658e-09,0.46473431175892715
scana_r,74,6.183961898109658e-09,0.46473431175892715
scana_r,75,6.183961898109658e-09,0.46473431175892715
scana_r,76,6.183961898109658e-09,0.46473431175892715
scana_r,77,6.183961898109658e-09,0.46473431175892715
scana_r,78,6.183961898109658e-09,0.46473431175892715
scana_r,79,6.183961898109658e-09,0.46473431175892715
scana_r,80,6.183961898109658e-09,0.46473431175892715
scana_r,81,6.183961898109658e-09,0.46473431175892715
scana_r,82,6.183961898109658e-09,0.46473431175892715
scana_r,83,6.183961898109658e-09,0.46473431175892715
scana_r,84,6.183961898109658e-09,0.46473431175892715
scana_r,85,6.183961898109658e-09,0.46473431175892715
scana_r,86,6.183961898109658e-09,0.46473431175892715
scana_r,87,6.183961898109658e-09,0.46473431175892715
scana_r,88,6.183961898109658e-09,0.46473431175892715
scana_r,89,6.183961898109658e-09,0.46473431175892715
scana_r,90,6.183961898109658e-09,0.46473431175892715
scana_r,91,6.183961898109658e-09,0.46473431175892715
scana_r,92,6.183961898109658e-09,0.46473431175892715
scana_r,93,6.183961898109658e-09,0.46473431175892715
scana_r,94,6.183961898109658e-09,0.46473431175892715
scana_r,95,6.183961898109658e-09,0.46473431175892715
scana_r,96,6.183961898109658e-09,0.46473431175892715
scana_r,97,6.183961898109658e-09,0.46473431175892715
scana_r,98,6.183961898109658e-09,0.46473431175892715
scana_r,99,6.183961898109658e-09,0.46473431175892715
scana_r,100,6.183961898109658e-09,0.46473431175892715
scana_r,101,6.183961898109658e-09,0.46473431175892715
scana_r,102,6.183961898109658e-09,0.46473431175892715
scana_r,103,6.183961898109658e-09,0.46473431175892715
scana_r,104,6.183961898109658e-09,0.46473431175892715
scana_r,105,6.183961898109658e-09,0.46473431175892715
scana_r,106,6.183961898109658e-09,0.46473431175892715
scana_r,107,6.183961898109658e-09,0.46473431175892715
scana_r,108,6.183961898109658e-09,0.46473431175892715
scana_r,109,6.183961898109658e-09,0.46473431175892715
scana_r,110,6.183961898109658e-09,0.46473431175892715
scana_r,111,6.183961898109658e-09,0.46473431175892715
scana_r,112,6.183961898109658e-09,0.46473431175892715
scana_r,113,6.183961898109658e-09,0.46473431175892715
scana_r,114,6.183961898109658e-09,0.46473431175892715
scana_r,115,6.183961898109658e-09,0.46473431175892715
scana_r,116,6.183961898109658e-09,0.46473431175892715
scana_r,117,6.183961898109658e-09,0.46473431175892715
scana_r,118,6.183961898109658e-09,0.46473431175892715
scana_r,119,6.183961898109658e-09,0.46473431175892715
scana_r,120,6.183961898109658e-09,0.46473431175892715
scana_r,121,6.183961898109658e-09,0.46473431175892715
scana_r,122,6.183961898109658e-09,0.46473431175892715
scana_r,123,6.183961898109658e-09,0.46473431175892715
scana_r,124,6.183961898109658e-09,0.46473431175892715
scana_r,125,6.18396200913196e-09,0.46473431175892715
scana_r,126,6.18396200913196e-09,0.46473431175892715
scana_r,127,6.18396200913196e-09,0.46473431175892715
scana_r,128,6.18396200913196e-09,0.46473431175892715
scana_r,129,6.18396200913196e-09,0.46473431175892715
scana_r,130,6.18396200913196e-09,0.46473431175892715
scana_r,131,6.18396200913196e-09,0.46473431175892715
scana_r,132,6.18396200913196e-09,0.46473431175892715
scana_r,133,6.18396200913196e-09,0.46473431175892715
scana_r,134,6.18396200913196e-09,0.46473431175892715
scana_r,135,6.18396200913196e-09,0.46473431175892715
scana_r,136,6.18396200913196e-09,0.46473431175892715
scana_r,137,6.18396200913196e-09,0.46473431175892715
scana_r,138,6.18396200913196e-09,0.46473431175892715
scana_r,139,6.18396200913196e-09,0.46473431175892715
scana_r,140,6.18396200913196e-09,0.46473431175892715
scana_r,141,6.18396200913196e-09,0.46473431175892715
scana_r,142,6.18396200913196e-09,0.46473431175892715
scana_r,143,6.18396200913196e-09,0.46473431175892715
scana_r,144,6.18396200913196e-09,0.46473431175892715
scana_r,145,6.18396200913196e-09,0.46473431175892715
scana_r,146,6.18396200913196e-09,0.46473431175892715
scana_r,147,6.18396200913196e-09,0.46473431175892715
scana_r,148,6.18396200913196e-09,0.46473431175892715
scana_r,149,6.18396200913196e-09,0.46473431175892715
scana_r,150,6.18396200913196e-09,0.46473431175892715
scana_r,151,6.18396200913196e-09,0.46473431175892715
scana_r,152,6.18396200913196e-09,0.46473431175892715
scana_r,153,6.18396200913196e-09,0.46473431175892715
scana_r,154,6.18396200913196e-09,0.46473431175892715
scana_r,155,6.18396200913196e-09,0.46473431175892715
scana_r,156,6.18396200913196e-09,0.46473431175892715
scana_r,157,6.18396200913196e-09,0.46473431175892715
scana_r,158,6.18396200913196e-09,0.46473431175892715
scana_r,159,6.18396200913196e-09,0.46473431175892715
scana_r,160,6.18396200913196e-09,0.46473431175892715
scana_r,161,6.18396200913196e-09,0.46473431175892715
scana_r,162,6.18396200913196e-09,0.46473431175892715
scana_r,163,6.18396200913196e-09,0.46473431175892715
scana_r,164,6.18396200913196e-09,0.46473431175892715
scana_r,165,6.18396200913196e-09,0.46473431175892715
scana_r,166,6.18396200913196e-09,0.46473431175892715
scana_r,167,6.18396200913196e-09,0.46473431175892715
scana_r,168,6.18396200913196e-09,0.46473431175892715
scana_r,169,6.18396200913196e-09,0.46461492209447947
scana_r,170,6.18396200913196e-09,0.46325095576902103
scana_r,171,6.18396200913196e-09,0.4626734847575151
scana_r,172,6.18396200913196e-09,0.4623205135975224
scana_r,173,6.18396200913196e-09,0.4622642881473247
scana_r,174,6.18396200913196e-09,0.4621974698466045
scana_r,175,6.18396200913196e-09,0.4620924100786428
scana_r,176,6.18396200913196e-09,0.4621878829230594
scana_r,177,6.18396200913196e-09,0.46240259286527413
scana_r,178,6.18396200913196e-09,0.46318829872897577
scana_r,179,6.18396200913196e-09,0.46362368521319386
scana_r,180,6.18396200913196e-09,0.4646595986820322
scana_r,181,6.18396200913196e-09,0.4646482729109009
scana_r,182,6.18396200913196e-09,0.46463714213307294
scana_r,183,6.18396200913196e-09,0.4646340801591114
scana_r,184,6.18396200913196e-09,0.4646332511310617
scana_r,185,6.18396200913196e-09,0.46463302794029954
scana_r,186,6.18396200913196e-09,0.46463296794727044
scana_r,187,6.18396200913196e-09,0.46463295182825765
scana_r,188,6.18396200913196e-09,0.46449369190767215
scana_r,189,6.18396200913196e-09,0.46400893472111115
scana_r,190,6.18396200913196e-09,0.4636350119388996
scana_r,191,6.18396200913196e-09,0.46344729366835036
scana_r,192,6.18396200913196e-09,0.4633393536868888
scana_r,193,6.18396200913196e-09,0.46206315897736167
scana_r,194,6.18396200913196e-09,0.4600645001591139
scana_r,195,6.18396200913196e-09,0.45817145403847914
scana_r,196,6.18396200913196e-09,0.45668519853792616
scana_r,197,6.18396200913196e-09,0.45514681127427475
scana_r,198,6.18396200913196e-09,0.45456240092103967
scana_r,199,6.18396200913196e-09,0.4541494960999848
scana_r,200,6.18396200913196e-09,0.453204951090316
scana_r,201,6.18396200913196e-09,0.45293778505504884
scana_r,202,6.18396200913196e-09,0.4527628742006663
scana_r,203,6.18396200913196e-09,0.45252645800157654
scana_r,204,6.18396200913196e-09,0.45221919284612955
scana_r,205,6.18396200913196e-09,0.45231020066291694
scana_r,206,6.18396200913196e-09,0.4522566832520095
scana_r,207,6.18396200913196e-09,0.4522315075232529
scana_r,208,6.18396200913196e-09,0.45219311834064957
scana_r,209,6.18396200913196e-09,0.45214979282258694
scana_r,210,6.18396200913196e-09,0.4521017147525572
scana_r,211,6.18396200913196e-09,0.45202067404763896
scana_r,212,6.18396200913196e-09,0.4519259348295997
scana_r,213,6.18396200913196e-09,0.45185778491267
scana_r,214,6.18396200913196e-09,0.451824149584503
scana_r,215,6.18396200913196e-09,0.45178282778465395
scana_r,216,6.18396200913196e-09,0.4517388554889363
scana_r,217,6.18396200913196e-09,0.4517028474042903
scana_r,218,6.18396200913196e-09,0.4516846423685245
scana_r,219,6.18396200913196e-09,0.45166579429537335
scana_r,220,6.18396200913196e-09,0.45165053674309547
scana_r,221,6.18396200913196e-09,0.45165985840861994
scana_r,222,6.18396200913196e-09,0.45167847376294284
scana_r,223,6.18396200913196e-09,0.45169497402610587
scana_r,224,6.18396200913196e-09,0.4517183458324634
scana_r,225,6.18396200913196e-09,0.45175187360170527
scana_r,226,6.18396200913196e-09,0.4517738810806747
scana_r,227,6.18396200913196e-09,0.45178726520152257
scana_r,228,6.18396200913196e-09,0.45180260142407447
scana_r,229,6.18396200913196e-09,0.451816148419302
scana_r,230,6.18396200913196e-09,0.45184003667236194
scana_r,231,6.18396200913196e-09,0.4518542657543996
scana_r,232,6.18396200913196e-09,0.45187069016560666
scana_r,233,6.18396200913196e-09,0.45187863401828204
scana_r,234,6.18396200913196e-09,0.4518908115944123
scana_r,235,6.18396200913196e-09,0.45189805782198855
scana_r,236,6.18396200913196e-09,0.4519019514743784
scana_r,237,6.18396200913196e-09,0.4518740617907268
scana_r,238,6.18396200913196e-09,0.451873043435081
scana_r,239,6.18396200913196e-09,0.4518746171839358
scana_r,240,6.18396200913196e-09,0.4518561908245596
scana_r,241,6.18396200913196e-09,0.4518175006602268
scana_r,242,6.18396200913196e-09,0.4517937637178917
scana_r,243,6.18396200913196e-09,0.4517930839242824
scana_r,244,6.18396200913196e-09,0.4517683487194544
scana_r,245,6.18396200913196e-09,0.4516609629570035
scana_r,246,6.18396200913196e-09,0.4515855844928576
scana_r,247,6.18396200913196e-09,0.451531221009837
scana_r,248,6.18396200913196e-09,0.45141406635450637
scana_r,249,6.18396200913196e-09,0.4512622841134476
scana_r,250,6.18396200913196e-09,0.451095441972487
scana_r,251,6.18396200913196e-09,0.4509990320567474
scana_r,252,6.18396200913196e-09,0.45082639246469
scana_r,253,6.18396200913196e-09,0.45062028577756646
scana_r,254,6.18396200913196e-09,0.45037487817646604
scana_r,255,6.18396200913196e-09,0.45016868127126364
scana_r,256,6.18396200913196e-09,0.4499655460637989
scana_r,257,6.18396200913196e-09,0.4497692437755318
scana_r,258,6.18396200913196e-09,0.4495404346343624
scana_r,259,6.18396200913196e-09,0.449305831021698
scana_r,260,6.18396200913196e-09,0.44905975912686436
scana_r,261,6.18396200913196e-09,0.448840070474485
scana_r,262,6.18396200913196e-09,0.44859801771471275
scana_r,263,6.18396200913196e-09,0.4483382625234616
scana_r,264,6.18396200913196e-09,0.44811223805787215
scana_r,265,6.18396200913196e-09,0.4480995982868136
scana_r,266,6.18396200913196e-09,0.44794864818263624
scana_r,267,6.18396200913196e-09,0.44781027902265874
scana_r,268,6.18396200913196e-09,0.44770578649091836
scana_r,269,6.18396200913196e-09,0.4475403594621441
scana_r,270,6.18396200913196e-09,0.4474135197222234
scana_r,271,6.18396200913196e-09,0.44727534567149846
scana_r,272,6.18396200913196e-09,0.44713589137640103
scana_r,273,6.18396200913196e-09,0.4470082047329041
scana_r,274,6.18396200913196e-09,0.44698109005353953
scana_r,275,6.18396200913196e-09,0.4470012623395039
scana_r,276,6.18396200913196e-09,0.4469805149870431
scana_r,277,6.18396200913196e-09,0.4470000591671377
scana_r,278,6.18396200913196e-09,0.44704780801512056
scana_r,279,6.18396200913196e-09,0.44707237833305774
scana_r,280,6.18396200913196e-09,0.4470630585918879
scana_r,281,6.18396200913196e-09,0.44708606403884915
scana_r,282,6.18396200913196e-09,0.4471073038334117
scana_r,283,6.18396200913196e-09,0.4470950902440419
scana_r,284,6.18396200913196e-09,0.4470130652011895
scana_r,285,6.18396200913196e-09,0.44703768739701344
scana_r,286,6.18396200913196e-09,0.4470649038430022
scana_r,287,6.18396200913196e-09,0.44703941829138305
scana_r,288,6.18396200913196e-09,0.4469348682471027
scana_r,289,6.18396200913196e-09,0.44688511707547446
scana_r,290,6.18396200913196e-09,0.4468153549569396
scana_r,291,6.18396200913196e-09,0.4467108196846054
scana_r,292,6.18396200913196e-09,0.4465617689072691
scana_r,293,6.18396200913196e-09,0.44646528209041186
scana_r,294,6.18396200913196e-09,0.44634750274954943
scana_r,295,6.18396200913196e-09,0.4461908727649303
scana_r,296,6.18396200913196e-09,0.44613355082847445
scana_r,297,6.18396200913196e-09,0.4453823984411305
scana_r,298,6.18396200913196e-09,0.44495772355077773
scana_r,299,6.18396200913196e-09,0.4448524309377157
scana_r,300,6.18396200913196e-09,0.446277747748375
scana_r,301,6.18396200913196e-09,0.449081741401586
scana_r,302,6.18396200913196e-09,0.4502418768894439
scana_r,303,6.18396200913196e-09,0.450220598219741
scana_r,304,6.18396200913196e-09,0.4502142346569796
scana_r,305,6.18396200913196e-09,0.450212505583583
scana_r,306,6.18396200913196e-09,0.4502120377476995
scana_r,307,6.18396200913196e-09,0.45021191171485575
scana_r,308,6.18396200913196e-09,0.4502118778029109
scana_r,309,6.18396200913196e-09,0.45021186868114266
scana_r,310,6.18396200913196e-09,0.45021186622775533
scana_r,311,6.18396200913196e-09,0.4502118655679101
scana_r,312,6.18396200913196e-09,0.4502118653904444
scana_r,313,6.18396200913196e-09,0.450211865342715
scana_r,314,6.18396200913196e-09,0.4502118653298782
scana_r,315,6.18396200913196e-09,0.4502118653264258
scana_r,316,6.18396200913196e-09,0.4502118653254973
scana_r,317,6.18396200913196e-09,0.4502118653252476
scana_r,318,6.18396200913196e-09,0.45021186532518037
scana_r,319,6.18396200913196e-09,0.4502118653251623
scana_r,320,6.18396200913196e-09,0.4502118653251574
scana_r,321,6.18396200913196e-09,0.45021186532515606
scana_r,322,6.18396200913196e-09,0.45021186532515567
scana_r,323,6.18396200913196e-09,0.4502118653251556
scana_r,324,6.18396200913196e-09,0.4502118653251556
scana_r,325,6.18396200913196e-09,0.4502118653251556
scana_r,326,6.18396200913196e-09,0.4502118653251556
scana_r,327,6.18396200913196e-09,0.4502118653251556
scana_r,328,6.18396200913196e-09,0.4502118653251556
scana_r,329,6.18396200913196e-09,0.4502118653251556
scana_r,330,6.18396200913196e-09,0.4502118653251556
scana_r,331,6.18396200913196e-09,0.4502118653251556
scana_r,332,6.18396200913196e-09,0.4502118653251556
scana_r,333,6.18396200913196e-09,0.4502118653251556
scana_r,334,6.18396200913196e-09,0.4502118653251556
scana_r,335,6.18396200913196e-09,0.4502118653251556
scana_r,336,6.18396200913196e-09,0.4502118653251556
scana_r,337,6.18396200913196e-09,0.4502118653251556
scana_r,338,6.18396200913196e-09,0.4502118653251556
scana_r,339,6.18396200913196e-09,0.4502118653251556
scana_r,340,6.18396200913196e-09,0.4502118653251556
scana_r,341,6.18396200913196e-09,0.4502118653251556
scana_r,342,6.18396200913196e-09,0.4502118653251556
scana_r,343,6.18396200913196e-09,0.4502118653251556
scana_r,344,6.18396200913196e-09,0.4502118653251556
scana_r,345,6.18396200913196e-09,0.4502118653251556
scana_r,346,6.18396200913196e-09,0.4502118653251556
scana_r,347,6.18396200913196e-09,0.4502118653251556
scana_r,348,6.18396200913196e-09,0.4502118653251556
scana_r,349,6.18396200913196e-09,0.4502118653251556
scana_r,350,6.18396200913196e-09,0.4502118653251556
scana_r,351,6.18396200913196e-09,0.4502118653251556
scana_r,352,6.18396200913196e-09,0.4502118653251556
scana_r,353,6.18396200913196e-09,0.4502118653251556
scana_r,354,6.18396200913196e-09,0.4502118653251556
scana_r,355,6.18396200913196e-09,0.4502118653251556
scana_r,356,6.18396200913196e-09,0.4502118653251556
scana_r,357,6.18396200913196e-09,0.4502118653251556
scana_r,358,6.18396200913196e-09,0.4502118653251556
scana_r,359,6.18396200913196e-09,0.4502118653251556
scana_r,360,6.18396200913196e-09,0.4502118653251556
scana_r,361,6.18396200913196e-09,0.4502118653251556
scana_r,362,6.18396200913196e-09,0.4502118653251556
scana_r,363,6.18396200913196e-09,0.4502118653251556
scana_r,364,6.18396200913196e-09,0.4502118653251556
scana_r,365,6.18396200913196e-09,0.4502118653251556
scana_r,366,6.18396200913196e-09,0.4502118653251556
scana_r,367,6.18396200913196e-09,0.4502118653251556
scana_r,368,6.18396200913196e-09,0.4502118653251556
scana_r,369,6.18396200913196e-09,0.4502118653251556
scana_r,370,6.18396200913196e-09,0.4502118653251556
scana_r,371,6.18396200913196e-09,0.4502118653251556
scana_r,372,6.18396200913196e-09,0.4502118653251556
scana_r,373,6.18396200913196e-09,0.4502118653251556
scana_r,374,6.18396200913196e-09,0.4502118653251556
scana_r,375,6.18396200913196e-09,0.4502118653251556
scana_r,376,6.18396200913196e-09,0.4502118653251556
scana_r,377,6.18396200913196e-09,0.4502118653251556
scana_r,378,6.18396200913196e-09,0.4502118653251556
scana_r,379,6.18396200913196e-09,0.4502118653251556
scana_r,380,6.18396200913196e-09,0.4502118653251556
scana_r,381,6.18396200913196e-09,0.4502118653251556
scana_r,382,6.18396200913196e-09,0.4502118653251556
scana_r,383,6.18396200913196e-09,0.4502118653251556
scana_r,384,6.18396200913196e-09,0.4502118653251556
scana_r,385,6.18396200913196e-09,0.4502118653251556
scana_r,386,6.18396200913196e-09,0.4502118653251556
scana_r,387,6.18396200913196e-09,0.4502118653251556
scana_r,388,6.18396200913196e-09,0.4502118653251556
scana_r,389,6.18396200913196e-09,0.4502118653251556
scana_r,390,6.18396200913196e-09,0.4502118653251556
scana_r,391,6.18396200913196e-09,0.4502118653251556
scana_r,392,6.18396200913196e-09,0.4502118653251556
scana_r,393,6.18396200913196e-09,0.4502118653251556
scana_r,394,6.18396200913196e-09,0.4502118653251556
scana_r,395,6.18396200913196e-09,0.4502118653251556
scana_r,396,6.18396200913196e-09,0.4502118653251556
scana_r,397,6.18396200913196e-09,0.4502118653251556
scana_r,398,6.18396200913196e-09,0.4502118653251556
scana_r,399,6.18396200913196e-09,0.4502118653251556
scana_r,400,6.18396200913196e-09,0.4502118653251556
scana_r,401,6.18396200913196e-09,0.4502118653251556
scana_r,402,6.18396200913196e-09,0.4502118653251556
scana_r,403,6.18396200913196e-09,0.4502118653251556
scana_r,404,6.18396200913196e-09,0.4502118653251556
scana_r,405,6.18396200913196e-09,0.4502118653251556
scana_r,406,6.18396200913196e-09,0.4502118653251556
scana_r,407,6.18396200913196e-09,0.4502118653251556
scana_r,408,6.18396200913196e-09,0.4502118653251556
scana_r,409,6.18396200913196e-09,0.4502118653251556
scana_r,410,6.18396200913196e-09,0.4502118653251556
scana_r,411,6.18396200913196e-09,0.4502118653251556
scana_r,412,6.18396200913196e-09,0.4502118653251556
scana_r,413,6.18396200913196e-09,0.4502118653251556
scana_r,414,6.18396200913196e-09,0.4502118653251556
scana_r,415,6.18396200913196e-09,0.4502118653251556
scana_r,416,6.18396200913196e-09,0.4502118653251556
scana_r,417,6.18396200913196e-09,0.4502118653251556
scana_r,418,6.18396200913196e-09,0.4502118653251556
scana_r,419,6.18396200913196e-09,0.4502118653251556
scana_r,420,6.18396200913196e-09,0.4502118653251556
scana_r,421,6.18396200913196e-09,0.4502118653251556
scana_r,422,6.18396200913196e-09,0.4502118653251556
scana_r,423,6.18396200913196e-09,0.4502118653251556
scana_r,424,6.18396200913196e-09,0.4502118653251556
scana_r,425,6.18396200913196e-09,0.4502118653251556
scana_r,426,6.18396200913196e-09,0.4502118653251556
scana_r,427,6.18396200913196e-09,0.4502118653251556
scana_r,428,6.18396200913196e-09,0.4502118653251556
scana_r,429,6.18396200913196e-09,0.4502118653251556
scana_r,430,6.18396200913196e-09,0.4502118653251556
scana_r,431,6.18396200913196e-09,0.4502118653251556
scana_r,432,6.18396200913196e-09,0.4502118653251556
scana_r,433,6.18396200913196e-09,0.4502118653251556
scana_r,434,6.18396200913196e-09,0.4502118653251556
scana_r,435,6.18396200913196e-09,0.4502118653251556
scana_r,436,6.18396200913196e-09,0.4502118653251556
scana_r,437,6.18396200913196e-09,0.4502118653251556
scana_r,438,6.18396200913196e-09,0.4502118653251556
scana_r,439,6.18396200913196e-09,0.4502118653251556
scana_r,440,6.18396200913196e-09,0.4502118653251556
scana_r,441,6.18396200913196e-09,0.4502118653251556
scana_r,442,6.18396200913196e-09,0.4502118653251556
scana_r,443,6.18396200913196e-09,0.4502118653251556
scana_r,444,6.18396200913196e-09,0.4502118653251556
scana_r,445,6.18396200913196e-09,0.4502118653251556
scana_r,446,6.18396200913196e-09,0.4502118653251556
scana_r,447,6.18396200913196e-09,0.4502118653251556
scana_r,448,6.18396200913196e-09,0.4502118653251556
scana_r,449,6.18396200913196e-09,0.4502118653251556
scana_r,450,6.18396200913196e-09,0.4502118653251556
scana_r,451,6.18396200913196e-09,0.4502118653251556
scana_r,452,6.18396200913196e-09,0.4502118653251556
scana_r,453,6.18396200913196e-09,0.4502118653251556
scana_r,454,6.18396200913196e-09,0.4502118653251556
scana_r,455,6.18396200913196e-09,0.4502118653251556
scana_r,456,6.18396200913196e-09,0.4502118653251556
scana_r,457,6.18396200913196e-09,0.4502118653251556
scana_r,458,6.18396200913196e-09,0.4502118653251556
scana_r,459,6.18396200913196e-09,0.4502118653251556
scana_r,460,6.18396200913196e-09,0.4502118653251556
scana_r,461,6.18396200913196e-09,0.4502118653251556
scana_r,462,6.18396200913196e-09,0.4502118653251556
scana_r,463,6.18396200913196e-09,0.4502118653251556
scana_r,464,6.18396200913196e-09,0.4502118653251556
scana_r,465,6.18396200913196e-09,0.4502118653251556
scana_r,466,6.18396200913196e-09,0.4502118653251556
scana_r,467,6.18396200913196e-09,0.4502118653251556
scana_r,468,6.18396200913196e-09,0.4502118653251556
scana_r,469,6.18396200913196e-09,0.4502118653251556
scana_r,470,6.18396200913196e-09,0.4502118653251556
scana_r,471,6.18396200913196e-09,0.4502118653251556
scana_r,472,6.18396200913196e-09,0.4502118653251556
scana_r,473,6.18396200913196e-09,0.4502118653251556
scana_r,474,6.18396200913196e-09,0.4502118653251556
scana_r,475,6.18396200913196e-09,0.4502118653251556
scana_r,476,6.18396200913196e-09,0.4502118653251556
scana_r,477,6.18396200913196e-09,0.4502118653251556
scana_r,478,6.18396200913196e-09,0.4502118653251556
scana_r,479,6.18396200913196e-09,0.4502118653251556
scana_r,480,6.18396200913196e-09,0.4502118653251556
scana_r,481,6.18396200913196e-09,0.4502118653251556
scana_r,482,6.18396200913196e-09,0.4502118653251556
scana_r,483,6.18396200913196e-09,0.4502118653251556
scana_r,484,6.18396200913196e-09,0.4502118653251556
scana_r,485,6.18396200913196e-09,0.4502118653251556
scana_r,486,6.18396200913196e-09,0.4502118653251556
scana_r,487,6.18396200913196e-09,0.4502118653251556
scana_r,488,6.18396200913196e-09,0.4502118653251556
scana_r,489,6.18396200913196e-09,0.4502118653251556
scana_r,490,6.18396200913196e-09,0.4502118653251556
scana_r,491,6.18396200913196e-09,0.4502118653251556
scana_r,492,6.18396200913196e-09,0.4502118653251556
scana_r,493,6.18396200913196e-09,0.4502118653251556
scana_r,494,6.18396200913196e-09,0.4502118653251556
scana_r,495,6.18396200913196e-09,0.4502118653251556
scana_r,496,6.18396200913196e-09,0.4502118653251556
scana_r,497,6.18396200913196e-09,0.4502118653251556
scana_r,498,6.18396200913196e-09,0.4502118653251556
scana_r,499,6.18396200913196e-09,0.4502118653251556
scana_r,500,6.18396200913196e-09,0.4502118653251556
scana_r,501,6.18396200913196e-09,0.4502118653251556
scana_r,502,6.18396200913196e-09,0.4502118653251556
scana_r,503,6.18396200913196e-09,0.4502118653251556
scana_r,504,6.18396200913196e-09,0.4502118653251556
scana_r,505,6.18396200913196e-09,0.4502118653251556
scana_r,506,6.18396200913196e-09,0.4502118653251556
scana_r,507,6.18396200913196e-09,0.4502118653251556
scana_r,508,6.18396200913196e-09,0.4502118653251556
scana_r,509,6.18396200913196e-09,0.4502118653251556
scana_r,510,6.18396200913196e-09,0.4502118653251556
scana_r,511,6.18396200913196e-09,0.4502118653251556
scana_r,512,6.18396200913196e-09,0.4502118653251556
scana_r,513,6.18396200913196e-09,0.4502118653251556
scana_r,514,6.18396200913196e-09,0.4502118653251556
scana_r,515,6.18396200913196e-09,0.4502118653251556
scana_r,516,6.18396200913196e-09,0.4502118653251556
scana_r,517,6.18396200913196e-09,0.4502118653251556
scana_r,518,6.18396200913196e-09,0.4502118653251556
scana_r,519,6.18396200913196e-09,0.4502118653251556
scana_r,520,6.18396200913196e-09,0.4502118653251556
scana_r,521,6.18396200913196e-09,0.4502118653251556
scana_r,522,6.18396200913196e-09,0.4502118653251556
scana_r,523,6.18396200913196e-09,0.4502118653251556
scana_r,524,6.18396200913196e-09,0.4502118653251556
scana_r,525,6.18396200913196e-09,0.4502118653251556
scana_r,526,6.18396200913196e-09,0.4502118653251556
scana_r,527,6.18396200913196e-09,0.4502118653251556
scana_r,528,6.18396200913196e-09,0.4502118653251556
scana_r,529,6.18396200913196e-09,0.4502118653251556
scana_r,530,6.18396200913196e-09,0.4502118653251556
scana_r,531,6.18396200913196e-09,0.4502118653251556
scana_r,532,6.18396200913196e-09,0.4502118653251556
scana_r,533,6.18396200913196e-09,0.4502118653251556
scana_r,534,6.18396200913196e-09,0.4502118653251556
scana_r,535,6.18396200913196e-09,0.4502118653251556
scana_r,536,6.18396200913196e-09,0.4502118653251556
scana_r,537,6.18396200913196e-09,0.4502118653251556
scana_r,538,6.18396200913196e-09,0.4502118653251556
scana_r,539,6.18396200913196e-09,0.4502118653251556
scana_r,540,6.18396200913196e-09,0.4502118653251556
scana_r,541,6.18396200913196e-09,0.4502118653251556
scana_r,542,6.18396200913196e-09,0.4502118653251556
scana_r,543,6.18396200913196e-09,0.4502118653251556
scana_r,544,6.18396200913196e-09,0.4502118653251556
scana_r,545,6.18396200913196e-09,0.4502118653251556
scana_r,546,6.18396200913196e-09,0.4502118653251556
scana_r,547,6.18396200913196e-09,0.4502118653251556
scana_r,548,6.18396200913196e-09,0.4502118653251556
scana_r,549,6.18396200913196e-09,0.4502118653251556
scana_r,550,6.18396200913196e-09,0.4502118653251556
scana_r,551,6.18396200913196e-09,0.4502118653251556
scana_r,552,6.18396200913196e-09,0.4502118653251556
scana_r,553,6.18396200913196e-09,0.4502118653251556
scana_r,554,6.18396200913196e-09,0.4502118653251556
scana_r,555,6.18396200913196e-09,0.4502118653251556
scana_r,556,6.18396200913196e-09,0.4502118653251556
scana_r,557,6.18396200913196e-09,0.4502118653251556
scana_r,558,6.18396200913196e-09,0.4502118653251556
scana_r,559,6.18396200913196e-09,0.4502118653251556
scana_r,560,6.18396200913196e-09,0.4502118653251556
scana_r,561,6.18396200913196e-09,0.4502118653251556
scana_r,562,6.18396200913196e-09,0.4502118653251556
scana_r,563,6.18396200913196e-09,0.4502118653251556
scana_r,564,6.18396200913196e-09,0.4502118653251556
scana_r,565,6.18396200913196e-09,0.4502118653251556
scana_r,566,6.18396200913196e-09,0.4502118653251556
scana_r,567,6.18396200913196e-09,0.4502118653251556
scana_r,568,6.18396200913196e-09,0.4502118653251556
scana_r,569,6.18396200913196e-09,0.4502118653251556
scana_r,570,6.18396200913196e-09,0.4502118653251556
scana_r,571,6.18396200913196e-09,0.4502118653251556
scana_r,572,6.18396200913196e-09,0.4502118653251556
scana_r,573,6.18396200913196e-09,0.4502118653251556
scana_r,574,6.18396200913196e-09,0.4502118653251556
scana_r,575,6.18396200913196e-09,0.4502118653251556
scana_r,576,6.18396200913196e-09,0.4502118653251556
scana_r,577,6.18396200913196e-09,0.4502118653251556
scana_r,578,6.18396200913196e-09,0.4502118653251556
scana_r,579,6.18396200913196e-09,0.4502118653251556
scana_r,580,6.18396200913196e-09,0.4502118653251556
scana_r,581,6.18396200913196e-09,0.4502118653251556
scana_r,582,6.18396200913196e-09,0.4502118653251556
scana_r,583,6.18396200913196e-09,0.4502118653251556
scana_r,584,6.18396200913196e-09,0.4502118653251556
scana_r,585,6.18396200913196e-09,0.4502118653251556
scana_r,586,6.18396200913196e-09,0.4502118653251556
scana_r,587,6.18396200913196e-09,0.4502118653251556
scana_r,588,6.18396200913196e-09,0.4502118653251556
scana_r,589,6.18396200913196e-09,0.4502118653251556
scana_r,590,6.18396200913196e-09,0.4502118653251556
scana_r,591,6.18396200913196e-09,0.4502118653251556
scana_r,592,6.18396200913196e-09,0.4502118653251556
scana_r,593,6.18396200913196e-09,0.4502118653251556
scana_r,594,6.18396200913196e-09,0.4502118653251556
scana_r,595,6.18396200913196e-09,0.4502118653251556
scana_r,596,6.18396200913196e-09,0.4502118653251556
scana_r,597,6.18396200913196e-09,0.4502118653251556
scana_r,598,6.18396200913196e-09,0.4502118653251556
scana_r,599,6.18396200913196e-09,0.4502118653251556
scana_r,600,6.18396200913196e-09,0.4502118653251556
gaussian_same_total_cost,0,0.0,0.4647343112727681
gaussian_same_total_cost,1,4.889388449669241e-09,0.46473431165432894
gaussian_same_total_cost,2,5.910301026368359e-09,0.464734311736377
gaussian_same_total_cost,3,6.125690510394577e-09,0.4647343117540287
gaussian_same_total_cost,4,6.171487543227272e-09,0.46473431175785007
gaussian_same_total_cost,5,6.181280931549793e-09,0.4647343117586866
gaussian_same_total_cost,6,6.183384138047643e-09,0.46473431175887253
gaussian_same_total_cost,7,6.183837442108597e-09,0.46473431175891455
gaussian_same_total_cost,8,6.183935030712462e-09,0.4647343117589241
gaussian_same_total_cost,9,6.183956235972232e-09,0.4647343117589263
gaussian_same_total_cost,10,6.183960898908936e-09,0.46473431175892693
gaussian_same_total_cost,11,6.18396156504275e-09,0.4647343117589271
gaussian_same_total_cost,12,6.18396156504275e-09,0.4647343117589271
gaussian_same_total_cost,13,6.18396156504275e-09,0.4647343117589271
gaussian_same_total_cost,14,6.18396156504275e-09,0.4647343117589271
gaussian_same_total_cost,15,6.18396156504275e-09,0.4647343117589271
gaussian_same_total_cost,16,6.18396156504275e-09,0.4647343117589271
gaussian_same_total_cost,17,6.183961787087355e-09,0.4647343117589271
gaussian_same_total_cost,18,6.183961787087355e-09,0.4647343117589271
gaussian_same_total_cost,19,6.183961787087355e-09,0.4647343117589271
gaussian_same_total_cost,20,6.183961787087355e-09,0.4647343117589271
gaussian_same_total_cost,21,6.183961787087355e-09,0.4647343117589271
gaussian_same_total_cost,22,6.183961787087355e-09,0.4647343117589271
gaussian_same_total_cost,23,6.183961787087355e-09,0.4647343117589271
gaussian_same_total_cost,24,6.183961787087355e-09,0.4647343117589271
gaussian_same_total_cost,25,6.183961787087355e-09,0.4647343117589271
gaussian_same_total_cost,26,6.183961787087355e-09,0.4647343117589271
gaussian_same_total_cost,27,6.183961787087355e-09,0.4647343117589271
gaussian_same_total_cost,28,6.183961787087355e-09,0.4647343117589271
gaussian_same_total_cost,29,6.183961787087355e-09,0.4647343117589271
gaussian_same_total_cost,30,6.183961787087355e-09,0.4647343117589271
gaussian_same_total_cost,31,6.183961787087355e-09,0.4647343117589271
gaussian_same_total_cost,32,6.183961787087355e-09,0.4647343117589271
gaussian_same_total_cost,33,6.183961787087355e-09,0.4647343117589271
gaussian_same_total_cost,34,6.183961787087355e-09,0.4647343117589271
gaussian_same_total_cost,35,6.183961787087355e-09,0.4647343117589271
gaussian_same_total_cost,36,6.183961787087355e-09,0.4647343117589271
gaussian_same_total_cost,37,6.183961787087355e-09,0.4647343117589271
gaussian_same_total_cost,38,6.183961787087355e-09,0.4647343117589271
gaussian_same_total_cost,39,6.183961787087355e-09,0.4647343117589271
gaussian_same_total_cost,40,6.183961787087355e-09,0.4647343117589271
gaussian_same_total_cost,41,6.183961787087355e-09,0.4647343117589271
gaussian_same_total_cost,42,6.183961787087355e-09,0.4647343117589271
gaussian_same_total_cost,43,6.183961787087355e-09,0.4647343117589271
gaussian_same_total_cost,44,6.183961787087355e-09,0.4647343117589271
gaussian_same_total_cost,45,6.183961787087355e-09,0.4647343117589271
gaussian_same_total_cost,46,6.183961787087355e-09,0.4647343117589271
gaussian_same_total_cost,47,6.183961787087355e-09,0.4647343117589271
gaussian_same_total_cost,48,6.183961787087355e-09,0.4647343117589271
gaussian_same_total_cost,49,6.183961787087355e-09,0.4647343117589271
gaussian_same_total_cost,50,6.183961787087355e-09,0.4647343117589271
gaussian_same_total_cost,51,6.183961787087355e-09,0.4647343117589271
gaussian_same_total_cost,52,6.183961787087355e-09,0.4647343117589271
gaussian_same_total_cost,53,-1.3803651738308886e-06,0.4647344147423551
gaussian_same_total_cost,54,-0.0002242222890250778,0.4647827000111678
gaussian_same_total_cost,55,-0.0004032200850092593,0.464845975256836
gaussian_same_total_cost,56,-0.00043695164171730916,0.4648925161154128
gaussian_same_total_cost,57,-0.00048414803934926365,0.4649497275516153
gaussian_same_total_cost,58,-0.000511464925271321,0.4650065530360883
gaussian_same_total_cost,59,-0.000566678511113694,0.46507839887636904
gaussian_same_total_cost,60,-0.0002287929574512626,0.46515311078590305
gaussian_same_total_cost,61,-5.443841806562766e-06,0.4652515075639742
gaussian_same_total_cost,62,9.889311334132511e-05,0.46530285315308545
gaussian_same_total_cost,63,0.0008237616353168331,0.46533903228794565
gaussian_same_total_cost,64,0.002394693207415255,0.465412402458811
gaussian_same_total_cost,65,0.0029011328623522736,0.4654886879101469
gaussian_same_total_cost,66,0.0031008369927612023,0.4655710054067489
gaussian_same_total_cost,67,0.003351255991930091,0.46564117376150116
gaussian_same_total_cost,68,0.003783929727332991,0.46570470637468603
gaussian_same_total_cost,69,0.004394180554954996,0.4657695640876437
gaussian_same_total_cost,70,0.004677453849416091,0.46586676987405495
gaussian_same_total_cost,71,0.005016435632403393,0.46597793647803337
gaussian_same_total_cost,72,0.005433767205839435,0.4660941927975048
gaussian_same_total_cost,73,0.0053069165347731095,0.4661989508354041
gaussian_same_total_cost,74,0.005436838402781086,0.466302894309413
gaussian_same_total_cost,75,0.005713979992937102,0.4664212050879225
gaussian_same_total_cost,76,0.006005885314844583,0.4666881626782543
gaussian_same_total_cost,77,0.0060691958363155996,0.46687571645385023
gaussian_same_total_cost,78,0.006132691697271486,0.4669095078127349
gaussian_same_total_cost,79,0.006135615356574697,0.46689290979650616
gaussian_same_total_cost,80,0.006277674275623868,0.4669215454002766
gaussian_same_total_cost,81,0.006187783350498077,0.46692753668256554
gaussian_same_total_cost,82,0.0038998775852808754,0.46696237847108846
gaussian_same_total_cost,83,0.0033634617679593193,0.4669132224929565
gaussian_same_total_cost,84,0.0034166032422470183,0.4669179576804163
gaussian_same_total_cost,85,0.0034314934109145323,0.46691917888850987
gaussian_same_total_cost,86,0.003435697269254412,0.4669194782585541
gaussian_same_total_cost,87,0.003436846020275497,0.46691955700043214
gaussian_same_total_cost,88,0.003437159906696352,0.4669195777373286
gaussian_same_total_cost,89,0.0034372456696579734,0.46691958319928695
gaussian_same_total_cost,90,0.0034372691016131274,0.466919584637992
gaussian_same_total_cost,91,0.003437275503375248,0.46691958501695874
gaussian_same_total_cost,92,0.0034372772523090234,0.46691958511678217
gaussian_same_total_cost,93,0.0034372777300920587,0.4669195851430766
gaussian_same_total_cost,94,0.0034372778606107657,0.46691958515000287
gaussian_same_total_cost,95,0.0034372778962639128,0.46691958515182724
gaussian_same_total_cost,96,0.003437277906002678,0.4669195851523079
gaussian_same_total_cost,97,0.0034372779086627725,0.46691958515243454
gaussian_same_total_cost,98,0.0034372779093891914,0.46691958515246784
gaussian_same_total_cost,99,0.0034372779095876993,0.46691958515247667
gaussian_same_total_cost,100,0.003437277909641878,0.46691958515247894
gaussian_same_total_cost,101,0.003437277909656866,0.4669195851524796
gaussian_same_total_cost,102,0.003437277909660863,0.4669195851524796
gaussian_same_total_cost,103,0.003437277909661418,0.4669195851524796
gaussian_same_total_cost,104,0.003437277909661418,0.4669195851524796
gaussian_same_total_cost,105,0.003437277909661418,0.4669195851524796
gaussian_same_total_cost,106,0.003437277909661418,0.4669195851524796
gaussian_same_total_cost,107,0.003437277909661418,0.4669195851524796
gaussian_same_total_cost,108,0.003437277909661418,0.4669195851524796
gaussian_same_total_cost,109,0.003437277909661418,0.4669195851524796
gaussian_same_total_cost,110,0.003437277909661418,0.4669195851524796
gaussian_same_total_cost,111,0.003437277909661418,0.4669195851524796
gaussian_same_total_cost,112,0.003437277909661418,0.4669195851524796
gaussian_same_total_cost,113,0.003437277909661418,0.4669195851524796
gaussian_same_total_cost,114,0.003437277909661418,0.4669195851524796
gaussian_same_total_cost,115,0.003437277909661418,0.4669195851524796
gaussian_same_total_cost,116,0.003437277909661418,0.4669195851524796
gaussian_same_total_cost,117,0.003437277909661418,0.4669195851524796
gaussian_same_total_cost,118,0.003437277909661418,0.4669195851524796
gaussian_same_total_cost,119,0.003437277909661418,0.4669195851524796
gaussian_same_total_cost,120,0.003437277909661418,0.4669195851524796
gaussian_same_total_cost,121,0.003437277909661418,0.4669195851524796
gaussian_same_total_cost,122,0.003437277909661418,0.4669195851524796
gaussian_same_total_cost,123,0.003437277909661418,0.4669195851524796
gaussian_same_total_cost,124,0.003437277909661418,0.4669195851524796
gaussian_same_total_cost,125,0.003437277909661418,0.4669195851524796
gaussian_same_total_cost,126,0.003437277909661418,0.4669195851524796
gaussian_same_total_cost,127,0.003437277909661418,0.4669195851524796
gaussian_same_total_cost,128,0.003437277909661418,0.4669195851524796
gaussian_same_total_cost,129,0.003437277909661418,0.4669195851524796
gaussian_same_total_cost,130,0.003437277909661418,0.4669195851524796
gaussian_same_total_cost,131,0.003437277909661418,0.4669195851524796
gaussian_same_total_cost,132,0.003437277909661418,0.4669195851524796
gaussian_same_total_cost,133,0.003437277909661418,0.4669195851524796
gaussian_same_total_cost,134,0.003437277909661418,0.4669195851524796
gaussian_same_total_cost,135,0.003437277909661418,0.4669195851524796
gaussian_same_total_cost,136,0.003437277909661418,0.4669195851524796
gaussian_same_total_cost,137,0.003437277909661418,0.4669195851524796
gaussian_same_total_cost,138,0.003437277909661418,0.4669195851524796
gaussian_same_total_cost,139,0.003437277909661418,0.4669195851524796
gaussian_same_total_cost,140,0.003437277909661418,0.4669195851524796
gaussian_same_total_cost,141,0.003437277909661418,0.4669195851524796
gaussian_same_total_cost,142,0.003437277909661418,0.4669195851524796
gaussian_same_total_cost,143,0.003437277909661418,0.4669195851524796
gaussian_same_total_cost,144,0.003437277909661418,0.4669195851524796
gaussian_same_total_cost,145,0.003437277909661418,0.4669195851524796
gaussian_same_total_cost,146,0.003437277909661418,0.4669195851524796
gaussian_same_total_cost,147,0.003437277909661418,0.4669195851524796
gaussian_same_total_cost,148,0.003437277909661418,0.4669195851524796
gaussian_same_total_cost,149,0.003437277909661418,0.4669195851524796
gaussian_same_total_cost,150,0.003437277909661418,0.4669195851524796
gaussian_same_total_cost,151,0.003437277909661418,0.4669195851524796
gaussian_same_total_cost,152,0.003437277909661418,0.4669195851524796
gaussian_same_total_cost,153,0.003437277909661418,0.4669195851524796
gaussian_same_total_cost,154,0.003437277909661418,0.4669195851524796
gaussian_same_total_cost,155,0.003437277909661418,0.4669195851524796
gaussian_same_total_cost,156,0.003437277909661418,0.4669195851524796
gaussian_same_total_cost,157,0.003437277909661418,0.4669195851524796
gaussian_same_total_cost,158,0.003437277909661418,0.4669195851524796
gaussian_same_total_cost,159,0.003437277909661418,0.4669195851524796
gaussian_same_total_cost,160,0.003437277909661418,0.4669195851524796
gaussian_same_total_cost,161,0.003437277909661418,0.4669195851524796
gaussian_same_total_cost,162,0.003437277909661418,0.4669195851524796
gaussian_same_total_cost,163,0.003437277909661418,0.4669195851524796
gaussian_same_total_cost,164,0.003437277909661418,0.4669195851524796
gaussian_same_total_cost,165,0.003437277909661418,0.4669195851524796
gaussian_same_total_cost,166,0.003437277909661418,0.4669195851524796
gaussian_same_total_cost,167,0.003437277909661418,0.4669195851524796
gaussian_same_total_cost,168,0.003437277909661418,0.4669195851524796
gaussian_same_total_cost,169,0.003437277909661418,0.4669195851524796
gaussian_same_total_cost,170,0.003437277909661418,0.4669195851524796
gaussian_same_total_cost,171,0.003437277909661418,0.4669195851524796
gaussian_same_total_cost,172,0.003437277909661418,0.4669195851524796
gaussian_same_total_cost,173,0.003437277909661418,0.4669195851524796
gaussian_same_total_cost,174,0.003437277909661418,0.4669195851524796
gaussian_same_total_cost,175,0.003437277909661418,0.4669195851524796
gaussian_same_total_cost,176,0.003437277909661418,0.4669195851524796
gaussian_same_total_cost,177,0.003437277909661418,0.4669195851524796
gaussian_same_total_cost,178,0.003437277909661418,0.4669195851524796
gaussian_same_total_cost,179,0.003437277909661418,0.4669195851524796
gaussian_same_total_cost,180,0.003437277909661418,0.4669195851524796
gaussian_same_total_cost,181,0.003437277909661418,0.4669195851524796
gaussian_same_total_cost,182,0.003437277909661418,0.4669195851524796
gaussian_same_total_cost,183,0.003437277909661418,0.4669195851524796
gaussian_same_total_cost,184,0.003437277909661418,0.4669195851524796
gaussian_same_total_cost,185,0.003437277909661418,0.4669195851524796
gaussian_same_total_cost,186,0.003437277909661418,0.4669195851524796
gaussian_same_total_cost,187,0.003437277909661418,0.4669195851524796
gaussian_same_total_cost,188,0.003437277909661418,0.4669195851524796
gaussian_same_total_cost,189,0.003437277909661418,0.4669195851524796
gaussian_same_total_cost,190,0.003437277909661418,0.4669195851524796
gaussian_same_total_cost,191,0.003437277909661418,0.4669195851524796
gaussian_same_total_cost,192,0.003437277909661418,0.4669195851524796
gaussian_same_total_cost,193,0.003437277909661418,0.4669195851524796
gaussian_same_total_cost,194,0.003437277909661418,0.4669195851524796
gaussian_same_total_cost,195,0.003437277909661418,0.4669195851524796
gaussian_same_total_cost,196,0.003437277909661418,0.4669195851524796
gaussian_same_total_cost,197,0.003437277909661418,0.4669195851524796
gaussian_same_total_cost,198,0.003437277909661418,0.4669195851524796
gaussian_same_total_cost,199,0.003437277909661418,0.4669195851524796
gaussian_same_total_cost,200,0.003437277909661418,0.4669195851524796
gaussian_same_total_cost,201,0.003437277909661418,0.4669195851524796
gaussian_same_total_cost,202,0.003437277909661418,0.4669195851524796
gaussian_same_total_cost,203,0.003437277909661418,0.4669195851524796
gaussian_same_total_cost,204,0.003437277909661418,0.4669195851524796
gaussian_same_total_cost,205,0.003437277909661418,0.4669195851524796
gaussian_same_total_cost,206,0.003437277909661418,0.4669195851524796
gaussian_same_total_cost,207,0.003437277909661418,0.4669195851524796
gaussian_same_total_cost,208,0.003437277909661418,0.4669195851524796
gaussian_same_total_cost,209,0.003437277909661418,0.4669195851524796
gaussian_same_total_cost,210,0.003437277909661418,0.4669195851524796
gaussian_same_total_cost,211,0.003437277909661418,0.4669195851524796
gaussian_same_total_cost,212,0.003437277909661418,0.4669195851524796
gaussian_same_total_cost,213,0.003437277909661418,0.4669195851524796
gaussian_same_total_cost,214,0.003437277909661418,0.4669195851524796
gaussian_same_total_cost,215,0.003437277909661418,0.4669195851524796
gaussian_same_total_cost,216,0.003437277909661418,0.4669195851524796
gaussian_same_total_cost,217,0.003437277909661418,0.4669195851524796
gaussian_same_total_cost,218,0.003437277909661418,0.4669195851524796
gaussian_same_total_cost,219,0.003437277909661418,0.4669195851524796
gaussian_same_total_cost,220,0.003437277909661418,0.4669195851524796
gaussian_same_total_cost,221,0.003437277909661418,0.4669195851524796
gaussian_same_total_cost,222,0.003437277909661418,0.4669195851524796
gaussian_same_total_cost,223,0.003437277909661418,0.4669195851524796
gaussian_same_total_cost,224,0.003437277909661418,0.4669195851524796
gaussian_same_total_cost,225,0.003437277909661418,0.4669195851524796
gaussian_same_total_cost,226,0.003437277909661418,0.4669195851524796
gaussian_same_total_cost,227,0.003437277909661418,0.4669195851524796
gaussian_same_total_cost,228,0.003437277909661418,0.4669195851524796
gaussian_same_total_cost,229,0.003437277909661418,0.4669195851524796
gaussian_same_total_cost,230,0.003437277909661418,0.4669195851524796
gaussian_same_total_cost,231,0.003437277909661418,0.4669195851524796
gaussian_same_total_cost,232,0.003437277909661418,0.4669195851524796
gaussian_same_total_cost,233,0.003437277909661418,0.4669195851524796
gaussian_same_total_cost,234,0.003437277909661418,0.4669195851524796
gaussian_same_total_cost,235,0.003437277909661418,0.4669195851524796
gaussian_same_total_cost,236,0.003437277909661418,0.4669195851524796
gaussian_same_total_cost,237,0.003437277909661418,0.4669195851524796
gaussian_same_total_cost,238,0.003437277909661418,0.4669195851524796
gaussian_same_total_cost,239,0.003437277909661418,0.4669195851524796
gaussian_same_total_cost,240,0.003437277909661418,0.4669195851524796
gaussian_same_total_cost,241,0.003437277909661418,0.4669195851524796
gaussian_same_total_cost,242,0.003437277909661418,0.4669195851524796
gaussian_same_total_cost,243,0.003437277909661418,0.4669195851524796
gaussian_same_total_cost,244,0.003437277909661418,0.4669195851524796
gaussian_same_total_cost,245,0.003437277909661418,0.4669195851524796
gaussian_same_total_cost,246,0.003437277909661418,0.4669195851524796
gaussian_same_total_cost,247,0.003437277909661418,0.4669195851524796
gaussian_same_total_cost,248,0.003437277909661418,0.4669195851524796
gaussian_same_total_cost,249,0.003437277909661418,0.4669195851524796
gaussian_same_total_cost,250,0.003437277909661418,0.4669195851524796
gaussian_same_total_cost,251,0.003437277909661418,0.4669195851524796
gaussian_same_total_cost,252,0.003437277909661418,0.4669195851524796
gaussian_same_total_cost,253,0.003437277909661418,0.4669195851524796
gaussian_same_total_cost,254,0.003437277909661418,0.4669195851524796
gaussian_same_total_cost,255,0.003437277909661418,0.4669195851524796
gaussian_same_total_cost,256,0.003437277909661418,0.4669195851524796
gaussian_same_total_cost,257,0.003437277909661418,0.4669195851524796
gaussian_same_total_cost,258,0.003437277909661418,0.4669195851524796
gaussian_same_total_cost,259,0.003437277909661418,0.4669195851524796
gaussian_same_total_cost,260,0.003437277909661418,0.4669195851524796
gaussian_same_total_cost,261,0.003437277909661418,0.4669195851524796
gaussian_same_total_cost,262,0.003437277909661418,0.4669195851524796
gaussian_same_total_cost,263,0.003437277909661418,0.4669195851524796
gaussian_same_total_cost,264,0.003437277909661418,0.4669195851524796
gaussian_same_total_cost,265,0.003437277909661418,0.4669195851524796
gaussian_same_total_cost,266,0.003437277909661418,0.4669195851524796
gaussian_same_total_cost,267,0.003437277909661418,0.4669195851524796
gaussian_same_total_cost,268,0.003437277909661418,0.4669195851524796
gaussian_same_total_cost,269,0.003437277909661418,0.4669195851524796
gaussian_same_total_cost,270,0.003437277909661418,0.4669195851524796
gaussian_same_total_cost,271,0.003437277909661418,0.4669195851524796
gaussian_same_total_cost,272,0.003437277909661418,0.4669195851524796
gaussian_same_total_cost,273,0.003437277909661418,0.4669195851524796
gaussian_same_total_cost,274,0.003437277909661418,0.4669195851524796
gaussian_same_total_cost,275,0.003437277909661418,0.4669195851524796
gaussian_same_total_cost,276,0.003437277909661418,0.4669195851524796
gaussian_same_total_cost,277,0.003437277909661418,0.4669195851524796
gaussian_same_total_cost,278,0.003437277909661418,0.4669195851524796
gaussian_same_total_cost,279,0.003437277909661418,0.4669195851524796
gaussian_same_total_cost,280,0.003437277909661418,0.4669195851524796
gaussian_same_total_cost,281,0.003437277909661418,0.4669195851524796
gaussian_same_total_cost,282,0.003437277909661418,0.4669195851524796
gaussian_same_total_cost,283,0.003437277909661418,0.4669195851524796
gaussian_same_total_cost,284,0.003437277909661418,0.4669195851524796
gaussian_same_total_cost,285,0.003437277909661418,0.4669195851524796
gaussian_same_total_cost,286,0.003437277909661418,0.4669195851524796
gaussian_same_total_cost,287,0.003437277909661418,0.4669195851524796
gaussian_same_total_cost,288,0.003437277909661418,0.4669195851524796
gaussian_same_total_cost,289,0.003437277909661418,0.4669195851524796
gaussian_same_total_cost,290,0.003437277909661418,0.4669195851524796
gaussian_same_total_cost,291,0.003437277909661418,0.4669195851524796
gaussian_same_total_cost,292,0.003437277909661418,0.4669195851524796
gaussian_same_total_cost,293,0.003437277909661418,0.4669195851524796
gaussian_same_total_cost,294,0.003437277909661418,0.4669195851524796
gaussian_same_total_cost,295,0.003437277909661418,0.4669195851524796
gaussian_same_total_cost,296,0.003437277909661418,0.4669195851524796
gaussian_same_total_cost,297,0.003437277909661418,0.4669195851524796
gaussian_same_total_cost,298,0.003437277909661418,0.4669195851524796
gaussian_same_total_cost,299,0.003437277909661418,0.4669195851524796
gaussian_same_total_cost,300,0.003437277909661418,0.4669195851524796
gaussian_same_total_cost,301,0.003437277909661418,0.4669195851524796
gaussian_same_total_cost,302,0.003437277909661418,0.4669195851524796
gaussian_same_total_cost,303,0.003437277909661418,0.4669195851524796
gaussian_same_total_cost,304,0.003437277909661418,0.4669195851524796
gaussian_same_total_cost,305,0.003437277909661418,0.4669195851524796
gaussian_same_total_cost,306,0.003437277909661418,0.4669195851524796
gaussian_same_total_cost,307,0.003437277909661418,0.4669195851524796
gaussian_same_total_cost,308,0.003437277909661418,0.4669195851524796
gaussian_same_total_cost,309,0.003437277909661418,0.4669195851524796
gaussian_same_total_cost,310,0.003437277909661418,0.4669195851524796
gaussian_same_total_cost,311,0.003437277909661418,0.4669195851524796
gaussian_same_total_cost,312,0.003437277909661418,0.4669195851524796
gaussian_same_total_cost,313,0.003437277909661418,0.4669195851524796
gaussian_same_total_cost,314,0.003437277909661418,0.4669195851524796
gaussian_same_total_cost,315,0.003437277909661418,0.4669195851524796
gaussian_same_total_cost,316,0.003437277909661418,0.4669195851524796
gaussian_same_total_cost,317,0.003437277909661418,0.4669195851524796
gaussian_same_total_cost,318,0.003437277909661418,0.4669195851524796
gaussian_same_total_cost,319,0.003437277909661418,0.4669195851524796
gaussian_same_total_cost,320,0.003437277909661418,0.4669195851524796
gaussian_same_total_cost,321,0.003437277909661418,0.4669195851524796
gaussian_same_total_cost,322,0.003437277909661418,0.4669195851524796
gaussian_same_total_cost,323,0.003437277909661418,0.4669195851524796
gaussian_same_total_cost,324,0.003437277909661418,0.4669195851524796
gaussian_same_total_cost,325,0.003437277909661418,0.4669195851524796
gaussian_same_total_cost,326,0.003437277909661418,0.4669195851524796
gaussian_same_total_cost,327,0.003437277909661418,0.4669195851524796
gaussian_same_total_cost,328,0.003437277909661418,0.4669195851524796
gaussian_same_total_cost,329,0.003437277909661418,0.4669195851524796
gaussian_same_total_cost,330,0.003437277909661418,0.4669195851524796
gaussian_same_total_cost,331,0.003437277909661418,0.4669195851524796
gaussian_same_total_cost,332,0.003437277909661418,0.4669195851524796
gaussian_same_total_cost,333,0.003437277909661418,0.4669195851524796
gaussian_same_total_cost,334,0.003437277909661418,0.4669195851524796
gaussian_same_total_cost,335,0.003437277909661418,0.4669195851524796
gaussian_same_total_cost,336,0.003437277909661418,0.4669195851524796
gaussian_same_total_cost,337,0.003437277909661418,0.4669195851524796
gaussian_same_total_cost,338,0.003437277909661418,0.4669195851524796
gaussian_same_total_cost,339,0.003437277909661418,0.4669195851524796
gaussian_same_total_cost,340,0.003437277909661418,0.4669195851524796
gaussian_same_total_cost,341,0.003437277909661418,0.4669195851524796
gaussian_same_total_cost,342,0.003437277909661418,0.4669195851524796
gaussian_same_total_cost,343,0.003437277909661418,0.4669195851524796
gaussian_same_total_cost,344,0.003437277909661418,0.4669195851524796
gaussian_same_total_cost,345,0.003437277909661418,0.4669195851524796
gaussian_same_total_cost,346,0.003437277909661418,0.4669195851524796
gaussian_same_total_cost,347,0.003437277909661418,0.4669195851524796
gaussian_same_total_cost,348,0.003437277909661418,0.4669195851524796
gaussian_same_total_cost,349,0.003437277909661418,0.4669195851524796
gaussian_same_total_cost,350,0.003437277909661418,0.4669195851524796
gaussian_same_total_cost,351,0.003437277909661418,0.4669195851524796
gaussian_same_total_cost,352,0.003437277909661418,0.4669195851524796
gaussian_same_total_cost,353,0.003437277909661418,0.4669195851524796
gaussian_same_total_cost,354,0.003437277909661418,0.4669195851524796
gaussian_same_total_cost,355,0.003437277909661418,0.4669195851524796
gaussian_same_total_cost,356,0.003437277909661418,0.4669195851524796
gaussian_same_total_cost,357,0.003437277909661418,0.4669195851524796
gaussian_same_total_cost,358,0.003437277909661418,0.4669195851524796
gaussian_same_total_cost,359,0.003437277909661418,0.4669195851524796
gaussian_same_total_cost,360,0.003437277909661418,0.4669195851524796
gaussian_same_total_cost,361,0.003437277909661418,0.4669195851524796
gaussian_same_total_cost,362,0.003437277909661418,0.4669195851524796
gaussian_same_total_cost,363,0.003437277909661418,0.4669195851524796
gaussian_same_total_cost,364,0.003437277909661418,0.4669195851524796
gaussian_same_total_cost,365,0.003437277909661418,0.4669195851524796
gaussian_same_total_cost,366,0.003437277909661418,0.4669195851524796
gaussian_same_total_cost,367,0.003437277909661418,0.4669195851524796
gaussian_same_total_cost,368,0.003437277909661418,0.4669195851524796
gaussian_same_total_cost,369,0.003437277909661418,0.4669195851524796
gaussian_same_total_cost,370,0.003437277909661418,0.4669195851524796
gaussian_same_total_cost,371,0.003437277909661418,0.4669195851524796
gaussian_same_total_cost,372,0.003437277909661418,0.4669195851524796
gaussian_same_total_cost,373,0.003437277909661418,0.4669195851524796
gaussian_same_total_cost,374,0.003437277909661418,0.4669195851524796
gaussian_same_total_cost,375,0.003437277909661418,0.4669195851524796
gaussian_same_total_cost,376,0.003437277909661418,0.4669195851524796
gaussian_same_total_cost,377,0.003437277909661418,0.4669195851524796
gaussian_same_total_cost,378,0.003437277909661418,0.4669195851524796
gaussian_same_total_cost,379,0.003437277909661418,0.4669195851524796
gaussian_same_total_cost,380,0.003437277909661418,0.4669195851524796
gaussian_same_total_cost,381,0.003437277909661418,0.4669195851524796
gaussian_same_total_cost,382,0.003437277909661418,0.4669195851524796
gaussian_same_total_cost,383,0.003437277909661418,0.4669195851524796
gaussian_same_total_cost,384,0.003437277909661418,0.4669195851524796
gaussian_same_total_cost,385,0.003437277909661418,0.4669195851524796
gaussian_same_total_cost,386,0.003437277909661418,0.4669195851524796
gaussian_same_total_cost,387,0.003437277909661418,0.4669195851524796
gaussian_same_total_cost,388,0.003437277909661418,0.4669195851524796
gaussian_same_total_cost,389,0.003437277909661418,0.4669195851524796
gaussian_same_total_cost,390,0.003437277909661418,0.4669195851524796
gaussian_same_total_cost,391,0.003437277909661418,0.4669195851524796
gaussian_same_total_cost,392,0.003437277909661418,0.4669195851524796
gaussian_same_total_cost,393,0.003437277909661418,0.4669195851524796
gaussian_same_total_cost,394,0.003437277909661418,0.4669195851524796
gaussian_same_total_cost,395,0.003437277909661418,0.4669195851524796
gaussian_same_total_cost,396,0.003437277909661418,0.4669195851524796
gaussian_same_total_cost,397,0.003437277909661418,0.4669195851524796
gaussian_same_total_cost,398,0.003437277909661418,0.4669195851524796
gaussian_same_total_cost,399,0.003437277909661418,0.4669195851524796
gaussian_same_total_cost,400,0.003437277909661418,0.4669195851524796
gaussian_same_total_cost,401,0.003437277909661418,0.4669195851524796
gaussian_same_total_cost,402,0.003437277909661418,0.4669195851524796
gaussian_same_total_cost,403,0.003437277909661418,0.4669195851524796
gaussian_same_total_cost,404,0.003437277909661418,0.4669195851524796
gaussian_same_total_cost,405,0.003437277909661418,0.4669195851524796
gaussian_same_total_cost,406,0.003437277909661418,0.4669195851524796
gaussian_same_total_cost,407,0.003437277909661418,0.4669195851524796
gaussian_same_total_cost,408,0.003437277909661418,0.4669195851524796
gaussian_same_total_cost,409,0.003437277909661418,0.4669195851524796
gaussian_same_total_cost,410,0.003437277909661418,0.4669195851524796
gaussian_same_total_cost,411,0.003437277909661418,0.4669195851524796
gaussian_same_total_cost,412,0.003437277909661418,0.4669195851524796
gaussian_same_total_cost,413,0.003437277909661418,0.4669195851524796
gaussian_same_total_cost,414,0.003437277909661418,0.4669195851524796
gaussian_same_total_cost,415,0.003437277909661418,0.4669195851524796
gaussian_same_total_cost,416,0.003437277909661418,0.4669195851524796
gaussian_same_total_cost,417,0.003437277909661418,0.4669195851524796
gaussian_same_total_cost,418,0.003437277909661418,0.4669195851524796
gaussian_same_total_cost,419,0.003437277909661418,0.4669195851524796
gaussian_same_total_cost,420,0.003437277909661418,0.4669195851524796
gaussian_same_total_cost,421,0.003437277909661418,0.4669195851524796
gaussian_same_total_cost,422,0.003437277909661418,0.4669195851524796
gaussian_same_total_cost,423,0.003437277909661418,0.4669195851524796
gaussian_same_total_cost,424,0.003437277909661418,0.4669195851524796
gaussian_same_total_cost,425,0.003437277909661418,0.4669195851524796
gaussian_same_total_cost,426,0.003437277909661418,0.4669195851524796
gaussian_same_total_cost,427,0.003437277909661418,0.4669195851524796
gaussian_same_total_cost,428,0.003437277909661418,0.4669195851524796
gaussian_same_total_cost,429,0.003437277909661418,0.4669195851524796
gaussian_same_total_cost,430,0.003437277909661418,0.4669195851524796
gaussian_same_total_cost,431,0.003437277909661418,0.4669195851524796
gaussian_same_total_cost,432,0.003437277909661418,0.4669195851524796
gaussian_same_total_cost,433,0.003437277909661418,0.4669195851524796
gaussian_same_total_cost,434,0.003437277909661418,0.4669195851524796
gaussian_same_total_cost,435,0.003437277909661418,0.4669195851524796
gaussian_same_total_cost,436,0.003437277909661418,0.4669195851524796
gaussian_same_total_cost,437,0.003437277909661418,0.4669195851524796
gaussian_same_total_cost,438,0.003437277909661418,0.4669195851524796
gaussian_same_total_cost,439,0.003437277909661418,0.4669195851524796
gaussian_same_total_cost,440,0.003437277909661418,0.4669195851524796
gaussian_same_total_cost,441,0.003437277909661418,0.4669195851524796
gaussian_same_total_cost,442,0.003437277909661418,0.4669195851524796
gaussian_same_total_cost,443,0.003437277909661418,0.4669195851524796
gaussian_same_total_cost,444,0.003437277909661418,0.4669195851524796
gaussian_same_total_cost,445,0.003437277909661418,0.4669195851524796
gaussian_same_total_cost,446,0.003437277909661418,0.4669195851524796
gaussian_same_total_cost,447,0.003437277909661418,0.4669195851524796
gaussian_same_total_cost,448,0.003437277909661418,0.4669195851524796
gaussian_same_total_cost,449,0.003437277909661418,0.4669195851524796
gaussian_same_total_cost,450,0.003437277909661418,0.4669195851524796
gaussian_same_total_cost,451,0.003437277909661418,0.4669195851524796
gaussian_same_total_cost,452,0.003437277909661418,0.4669195851524796
gaussian_same_total_cost,453,0.003437277909661418,0.4669195851524796
gaussian_same_total_cost,454,0.003437277909661418,0.4669195851524796
gaussian_same_total_cost,455,0.003437277909661418,0.4669195851524796
gaussian_same_total_cost,456,0.003437277909661418,0.4669195851524796
gaussian_same_total_cost,457,0.003437277909661418,0.4669195851524796
gaussian_same_total_cost,458,0.003437277909661418,0.4669195851524796
gaussian_same_total_cost,459,0.003437277909661418,0.4669195851524796
gaussian_same_total_cost,460,0.003437277909661418,0.4669195851524796
gaussian_same_total_cost,461,0.003437277909661418,0.4669195851524796
gaussian_same_total_cost,462,0.003437277909661418,0.4669195851524796
gaussian_same_total_cost,463,0.003437277909661418,0.4669195851524796
gaussian_same_total_cost,464,0.003437277909661418,0.4669195851524796
gaussian_same_total_cost,465,0.003437277909661418,0.4669195851524796
gaussian_same_total_cost,466,0.003437277909661418,0.4669195851524796
gaussian_same_total_cost,467,0.003437277909661418,0.4669195851524796
gaussian_same_total_cost,468,0.003437277909661418,0.4669195851524796
gaussian_same_total_cost,469,0.003437277909661418,0.4669195851524796
gaussian_same_total_cost,470,0.003437277909661418,0.4669195851524796
gaussian_same_total_cost,471,0.003437277909661418,0.4669195851524796
gaussian_same_total_cost,472,0.003437277909661418,0.4669195851524796
gaussian_same_total_cost,473,0.003437277909661418,0.4669195851524796
gaussian_same_total_cost,474,0.003437277909661418,0.4669195851524796
gaussian_same_total_cost,475,0.003437277909661418,0.4669195851524796
gaussian_same_total_cost,476,0.003437277909661418,0.4669195851524796
gaussian_same_total_cost,477,0.003437277909661418,0.4669195851524796
gaussian_same_total_cost,478,0.003437277909661418,0.4669195851524796
gaussian_same_total_cost,479,0.003437277909661418,0.4669195851524796
gaussian_same_total_cost,480,0.003437277909661418,0.4669195851524796
gaussian_same_total_cost,481,0.003437277909661418,0.4669195851524796
gaussian_same_total_cost,482,0.003437277909661418,0.4669195851524796
gaussian_same_total_cost,483,0.003437277909661418,0.4669195851524796
gaussian_same_total_cost,484,0.003437277909661418,0.4669195851524796
gaussian_same_total_cost,485,0.003437277909661418,0.4669195851524796
gaussian_same_total_cost,486,0.003437277909661418,0.4669195851524796
gaussian_same_total_cost,487,0.003437277909661418,0.4669195851524796
gaussian_same_total_cost,488,0.003437277909661418,0.4669195851524796
gaussian_same_total_cost,489,0.003437277909661418,0.4669195851524796
gaussian_same_total_cost,490,0.003437277909661418,0.4669195851524796
gaussian_same_total_cost,491,0.003437277909661418,0.4669195851524796
gaussian_same_total_cost,492,0.003437277909661418,0.4669195851524796
gaussian_same_total_cost,493,0.003437277909661418,0.4669195851524796
gaussian_same_total_cost,494,0.003437277909661418,0.4669195851524796
gaussian_same_total_cost,495,0.003437277909661418,0.4669195851524796
gaussian_same_total_cost,496,0.003437277909661418,0.4669195851524796
gaussian_same_total_cost,497,0.003437277909661418,0.4669195851524796
gaussian_same_total_cost,498,0.003437277909661418,0.4669195851524796
gaussian_same_total_cost,499,0.003437277909661418,0.4669195851524796
gaussian_same_total_cost,500,0.003437277909661418,0.4669195851524796
gaussian_same_total_cost,501,0.003437277909661418,0.4669195851524796
gaussian_same_total_cost,502,0.003437277909661418,0.4669195851524796
gaussian_same_total_cost,503,0.003437277909661418,0.4669195851524796
gaussian_same_total_cost,504,0.003437277909661418,0.4669195851524796
gaussian_same_total_cost,505,0.003437277909661418,0.4669195851524796
gaussian_same_total_cost,506,0.003437277909661418,0.4669195851524796
gaussian_same_total_cost,507,0.003437277909661418,0.4669195851524796
gaussian_same_total_cost,508,0.003437277909661418,0.4669195851524796
gaussian_same_total_cost,509,0.003437277909661418,0.4669195851524796
gaussian_same_total_cost,510,0.003437277909661418,0.4669195851524796
gaussian_same_total_cost,511,0.003437277909661418,0.4669195851524796
gaussian_same_total_cost,512,0.003437277909661418,0.4669195851524796
gaussian_same_total_cost,513,0.003437277909661418,0.4669195851524796
gaussian_same_total_cost,514,0.003437277909661418,0.4669195851524796
gaussian_same_total_cost,515,0.003437277909661418,0.4669195851524796
gaussian_same_total_cost,516,0.003437277909661418,0.4669195851524796
gaussian_same_total_cost,517,0.003437277909661418,0.4669195851524796
gaussian_same_total_cost,518,0.003437277909661418,0.4669195851524796
gaussian_same_total_cost,519,0.003437277909661418,0.4669195851524796
gaussian_same_total_cost,520,0.003437277909661418,0.4669195851524796
gaussian_same_total_cost,521,0.003437277909661418,0.4669195851524796
gaussian_same_total_cost,522,0.003437277909661418,0.4669195851524796
gaussian_same_total_cost,523,0.003437277909661418,0.4669195851524796
gaussian_same_total_cost,524,0.003437277909661418,0.4669195851524796
gaussian_same_total_cost,525,0.003437277909661418,0.4669195851524796
gaussian_same_total_cost,526,0.003437277909661418,0.4669195851524796
gaussian_same_total_cost,527,0.003437277909661418,0.4669195851524796
gaussian_same_total_cost,528,0.003437277909661418,0.4669195851524796
gaussian_same_total_cost,529,0.003437277909661418,0.4669195851524796
gaussian_same_total_cost,530,0.003437277909661418,0.4669195851524796
gaussian_same_total_cost,531,0.003437277909661418,0.4669195851524796
gaussian_same_total_cost,532,0.003437277909661418,0.4669195851524796
gaussian_same_total_cost,533,0.003437277909661418,0.4669195851524796
gaussian_same_total_cost,534,0.003437277909661418,0.4669195851524796
gaussian_same_total_cost,535,0.003437277909661418,0.4669195851524796
gaussian_same_total_cost,536,0.003437277909661418,0.4669195851524796
gaussian_same_total_cost,537,0.003437277909661418,0.4669195851524796
gaussian_same_total_cost,538,0.003437277909661418,0.4669195851524796
gaussian_same_total_cost,539,0.003437277909661418,0.4669195851524796
gaussian_same_total_cost,540,0.003437277909661418,0.4669195851524796
gaussian_same_total_cost,541,0.003437277909661418,0.4669195851524796
gaussian_same_total_cost,542,0.003437277909661418,0.4669195851524796
gaussian_same_total_cost,543,0.003437277909661418,0.4669195851524796
gaussian_same_total_cost,544,0.003437277909661418,0.4669195851524796
gaussian_same_total_cost,545,0.003437277909661418,0.4669195851524796
gaussian_same_total_cost,546,0.003437277909661418,0.4669195851524796
gaussian_same_total_cost,547,0.003437277909661418,0.4669195851524796
gaussian_same_total_cost,548,0.003437277909661418,0.4669195851524796
gaussian_same_total_cost,549,0.003437277909661418,0.4669195851524796
gaussian_same_total_cost,550,0.003437277909661418,0.4669195851524796
gaussian_same_total_cost,551,0.003437277909661418,0.4669195851524796
gaussian_same_total_cost,552,0.003437277909661418,0.4669195851524796
gaussian_same_total_cost,553,0.003437277909661418,0.4669195851524796
gaussian_same_total_cost,554,0.003437277909661418,0.4669195851524796
gaussian_same_total_cost,555,0.003437277909661418,0.4669195851524796
gaussian_same_total_cost,556,0.003437277909661418,0.4669195851524796
gaussian_same_total_cost,557,0.003437277909661418,0.4669195851524796
gaussian_same_total_cost,558,0.003437277909661418,0.4669195851524796
gaussian_same_total_cost,559,0.003437277909661418,0.4669195851524796
gaussian_same_total_cost,560,0.003437277909661418,0.4669195851524796
gaussian_same_total_cost,561,0.003437277909661418,0.4669195851524796
gaussian_same_total_cost,562,0.003437277909661418,0.4669195851524796
gaussian_same_total_cost,563,0.003437277909661418,0.4669195851524796
gaussian_same_total_cost,564,0.003437277909661418,0.4669195851524796
gaussian_same_total_cost,565,0.004054708072704916,0.4671110836060132
gaussian_same_total_cost,566,0.005735840194677877,0.4683907391388863
gaussian_same_total_cost,567,0.00790398295990069,0.46894642493539096
gaussian_same_total_cost,568,0.00971530144083188,0.470608838451311
gaussian_same_total_cost,569,0.010559781844365013,0.47244223364292065
gaussian_same_total_cost,570,0.011011436397090235,0.4733159827982193
gaussian_same_total_cost,571,0.012036972393807743,0.4745640828587352
gaussian_same_total_cost,572,0.012580448313664783,0.47750296615046584
gaussian_same_total_cost,573,0.012287542671158613,0.47963423285208656
gaussian_same_total_cost,574,0.012474132500147395,0.4803615734407309
gaussian_same_total_cost,575,0.012833291045356021,0.4805372423835152
gaussian_same_total_cost,576,0.01337675483944678,0.4803731022275468
gaussian_same_total_cost,577,0.01496101707579478,0.47942505260075513
gaussian_same_total_cost,578,0.017140624670708426,0.47752676348367185
gaussian_same_total_cost,579,0.019072494453633126,0.4751705682085436
gaussian_same_total_cost,580,0.02073011529697588,0.472832805057048
gaussian_same_total_cost,581,0.023182198353642436,0.4724400007357658
gaussian_same_total_cost,582,0.027009432721060378,0.47267917836627654
gaussian_same_total_cost,583,0.031765487205895004,0.4721112598189652
gaussian_same_total_cost,584,0.037040949820804525,0.4705052010668463
gaussian_same_total_cost,585,0.04160594799057238,0.4682180209365014
gaussian_same_total_cost,586,0.0454814131298068,0.46571842821245807
gaussian_same_total_cost,587,0.0490813995792162,0.46339027601176286
gaussian_same_total_cost,588,0.052520918447605536,0.4612692139707238
gaussian_same_total_cost,589,0.05549879093188659,0.4609298713325825
gaussian_same_total_cost,590,0.05820065114979933,0.4615107833394415
gaussian_same_total_cost,591,0.06076761249226115,0.46178999589354924
gaussian_same_total_cost,592,0.0632907852138328,0.46150164996986826
gaussian_same_total_cost,593,0.06642378947334882,0.460987797127453
gaussian_same_total_cost,594,0.06998845872544857,0.4601652626401915
gaussian_same_total_cost,595,0.07369096357523097,0.4586384623080308
gaussian_same_total_cost,596,0.07761558868847951,0.4562321729743469
gaussian_same_total_cost,597,0.08326311439013234,0.45401075830410004
gaussian_same_total_cost,598,0.09005564417729062,0.4519498768736944
gaussian_same_total_cost,599,0.09690724703009534,0.44921231512170345
gaussian_same_total_cost,600,0.10365349527212064,0.44532385201041197
