task,bank,seed,method,layout,success,terminal_success,max_reward,checkpoint_sha256,rollout_sha256
transfer_cube,101,17,Clean repeat,97000,1,1,4.0,ca65f97dc088c46bca1e4a6dd3093d8f5cbb30c0cef0c782ceeb6b34609c297b,db8f6dc513ac7a1fd37fcd68ef719ae8280f3a0c522a613ccfd9b99b8321399f
transfer_cube,101,17,Clean repeat,97001,0,0,1.0,ca65f97dc088c46bca1e4a6dd3093d8f5cbb30c0cef0c782ceeb6b34609c297b,5cadc4ff2b667b791f9299d444f7982c5a8a1745279179c666041e4172be937e
transfer_cube,101,17,Clean repeat,97002,1,1,4.0,ca65f97dc088c46bca1e4a6dd3093d8f5cbb30c0cef0c782ceeb6b34609c297b,ab1c2f018d41895d6bd02aecb7e10349ff438614faed3167cc611c758d3d2170
transfer_cube,101,17,Clean repeat,97003,1,1,4.0,ca65f97dc088c46bca1e4a6dd3093d8f5cbb30c0cef0c782ceeb6b34609c297b,5b9681aedec1b6076473d6503c3cde6e9edd4124359d697db1485d7e4efe7bf6
transfer_cube,101,17,Clean repeat,97004,0,0,0.0,ca65f97dc088c46bca1e4a6dd3093d8f5cbb30c0cef0c782ceeb6b34609c297b,c51ae964e427a84b2107a69b1d8f55d5b88af2cadcdee39fc6d52e879d37da28
transfer_cube,101,17,Clean repeat,97005,1,1,4.0,ca65f97dc088c46bca1e4a6dd3093d8f5cbb30c0cef0c782ceeb6b34609c297b,aba7af8657ab1e7942bee35ebc1bcf69b4c8ca698db9505e14c370dbede0663d
transfer_cube,101,17,Clean repeat,97006,0,0,0.0,ca65f97dc088c46bca1e4a6dd3093d8f5cbb30c0cef0c782ceeb6b34609c297b,ce6d92a0f85f7c63647c678f4d929e28a21295e9d5e3e2dee8b2a5aef0f333bd
transfer_cube,101,17,Clean repeat,97007,0,0,0.0,ca65f97dc088c46bca1e4a6dd3093d8f5cbb30c0cef0c782ceeb6b34609c297b,292a6ab57388605ee7d9324413fa7558dbecaa29a6c7851fbc2527a31e0cd435
transfer_cube,101,17,Clean repeat,97008,1,1,4.0,ca65f97dc088c46bca1e4a6dd3093d8f5cbb30c0cef0c782ceeb6b34609c297b,de2957a3afb8503a20c10666c1636ea0976e45a41dc645e620d618606b408dc6
transfer_cube,101,17,Clean repeat,97009,1,1,4.0,ca65f97dc088c46bca1e4a6dd3093d8f5cbb30c0cef0c782ceeb6b34609c297b,ad6c485eb2674a65a55fefa86674fd9006b2513560867026f37a61617655a921
transfer_cube,101,17,Clean repeat,97010,1,0,4.0,ca65f97dc088c46bca1e4a6dd3093d8f5cbb30c0cef0c782ceeb6b34609c297b,a13b91cf0b256a1f6357427c55f511980b6d46e87317d9a5b5da100ab098833e
transfer_cube,101,17,Clean repeat,97011,0,0,0.0,ca65f97dc088c46bca1e4a6dd3093d8f5cbb30c0cef0c782ceeb6b34609c297b,d6d001ca5db0b5487e0c0c1c896f7b9d630beed30292e8ee2567c077e56f6aac
transfer_cube,101,17,Clean repeat,97012,1,1,4.0,ca65f97dc088c46bca1e4a6dd3093d8f5cbb30c0cef0c782ceeb6b34609c297b,8dc5736fb7017bf8ca015f316365f888c06689c927576b392d80b1bdc4eb440e
transfer_cube,101,17,Clean repeat,97013,0,0,2.0,ca65f97dc088c46bca1e4a6dd3093d8f5cbb30c0cef0c782ceeb6b34609c297b,494ade9568a0280bdcc6ea7e14c1425be99384b977395d273187b5aae7d0d270
transfer_cube,101,17,Clean repeat,97014,0,0,2.0,ca65f97dc088c46bca1e4a6dd3093d8f5cbb30c0cef0c782ceeb6b34609c297b,972e0b1cd14479fc4b52b57c012b10727d26b47a90cb3039c297402998767d67
transfer_cube,101,17,Clean repeat,97015,1,1,4.0,ca65f97dc088c46bca1e4a6dd3093d8f5cbb30c0cef0c782ceeb6b34609c297b,4c5c189f90994b7549086fd3a8a468b7de71477ed2b18c356246011de291dbbd
transfer_cube,101,17,Clean repeat,97016,1,1,4.0,ca65f97dc088c46bca1e4a6dd3093d8f5cbb30c0cef0c782ceeb6b34609c297b,24545a2c9b78ca190b84b3c0a04d8dd2ac5cd6c5f4656e1ce7e2802d3013caa2
transfer_cube,101,17,Clean repeat,97017,1,1,4.0,ca65f97dc088c46bca1e4a6dd3093d8f5cbb30c0cef0c782ceeb6b34609c297b,941fbe9966002e39a5fccc0343d59fcc1e01d72975f1764f61b57e3f35108cdb
transfer_cube,101,17,Clean repeat,97018,0,0,2.0,ca65f97dc088c46bca1e4a6dd3093d8f5cbb30c0cef0c782ceeb6b34609c297b,aaf09cfcfd765eb886851a822eb1cfc968cc8a804e162d0b3bd4f274625073f6
transfer_cube,101,17,Clean repeat,97019,0,0,0.0,ca65f97dc088c46bca1e4a6dd3093d8f5cbb30c0cef0c782ceeb6b34609c297b,c283f7d9a94a5df691105614a872e5f7d0983452336fc2cc869e859763f2eaa5
transfer_cube,101,17,SCANA-R,97000,1,1,4.0,4ece7099e54a07e4a88c9e0dfe07c2c4fa6785225098c3fb10e2274924b2ab72,561c915cb71c05c2efe0415195f2e3f7d8d8089ba2131cb5e3e065979b57dc10
transfer_cube,101,17,SCANA-R,97001,0,0,2.0,4ece7099e54a07e4a88c9e0dfe07c2c4fa6785225098c3fb10e2274924b2ab72,aba1d5278736fe137907f9455e84364b519716e12816b6c1c444389f43aa4759
transfer_cube,101,17,SCANA-R,97002,1,1,4.0,4ece7099e54a07e4a88c9e0dfe07c2c4fa6785225098c3fb10e2274924b2ab72,4689eace70ad535983bda18d67ddd6db75595ec2f6207b27e42004bd604b2bd1
transfer_cube,101,17,SCANA-R,97003,1,1,4.0,4ece7099e54a07e4a88c9e0dfe07c2c4fa6785225098c3fb10e2274924b2ab72,a855716c9f939ba0d57932dd1edc328d54a1c00adcaefb292f8e23fdb274ebdc
transfer_cube,101,17,SCANA-R,97004,1,1,4.0,4ece7099e54a07e4a88c9e0dfe07c2c4fa6785225098c3fb10e2274924b2ab72,9deed18274f294daebdefa8010d915011625967a87871395ce5d33389695a226
transfer_cube,101,17,SCANA-R,97005,1,1,4.0,4ece7099e54a07e4a88c9e0dfe07c2c4fa6785225098c3fb10e2274924b2ab72,35ec2f017aadeda59122fd1d9079bcc5412f25aa3f898603c1ecd86adc11b702
transfer_cube,101,17,SCANA-R,97006,1,1,4.0,4ece7099e54a07e4a88c9e0dfe07c2c4fa6785225098c3fb10e2274924b2ab72,09e384a63355829b16d17c006cef229905336198fa6b5968a46a3d051abf77a9
transfer_cube,101,17,SCANA-R,97007,1,1,4.0,4ece7099e54a07e4a88c9e0dfe07c2c4fa6785225098c3fb10e2274924b2ab72,eabc4890b6c25c9628185cf7860c32f3a524a1a445f8498a11231a56a5f13f88
transfer_cube,101,17,SCANA-R,97008,1,1,4.0,4ece7099e54a07e4a88c9e0dfe07c2c4fa6785225098c3fb10e2274924b2ab72,64464264ef36fc44313c476390060104d00fca49e6fa8a1ed447a3ba67bf9c91
transfer_cube,101,17,SCANA-R,97009,1,1,4.0,4ece7099e54a07e4a88c9e0dfe07c2c4fa6785225098c3fb10e2274924b2ab72,f204170b5ef311f563635407e86a725f5f5b87d55ba969f24bc74fef590a8c85
transfer_cube,101,17,SCANA-R,97010,1,1,4.0,4ece7099e54a07e4a88c9e0dfe07c2c4fa6785225098c3fb10e2274924b2ab72,fdabf0a231051542ec42cbf36a74436f612f309fb8652e993412403796c0458a
transfer_cube,101,17,SCANA-R,97011,1,1,4.0,4ece7099e54a07e4a88c9e0dfe07c2c4fa6785225098c3fb10e2274924b2ab72,ec003d8a3907fc3cdae6c0368835bd46b04cf7767a4f32772d62fe8e23e5be19
transfer_cube,101,17,SCANA-R,97012,1,1,4.0,4ece7099e54a07e4a88c9e0dfe07c2c4fa6785225098c3fb10e2274924b2ab72,b8471e39da0b4ebc95b036dda124535236d8dff3cfee0a3cfe3ee9455fd7c437
transfer_cube,101,17,SCANA-R,97013,1,1,4.0,4ece7099e54a07e4a88c9e0dfe07c2c4fa6785225098c3fb10e2274924b2ab72,160ad32b6f14ff9f5b5467c25245b9bb257b830a41bb94c17d1e1876a73f2cf4
transfer_cube,101,17,SCANA-R,97014,1,1,4.0,4ece7099e54a07e4a88c9e0dfe07c2c4fa6785225098c3fb10e2274924b2ab72,9ba9e3722f83af40aa6c211a59f681cabcc6310fa665d73db347aa2cefe4a6ae
transfer_cube,101,17,SCANA-R,97015,1,1,4.0,4ece7099e54a07e4a88c9e0dfe07c2c4fa6785225098c3fb10e2274924b2ab72,c1902c002b70f363a0850b250b1361cfc810fdafab97d2d3a08fbb09fee179ca
transfer_cube,101,17,SCANA-R,97016,1,1,4.0,4ece7099e54a07e4a88c9e0dfe07c2c4fa6785225098c3fb10e2274924b2ab72,27f71b47efd9f6dddbaac2cd8c861249bbecaa8b2af9ec88b9cf2d4b5842fda4
transfer_cube,101,17,SCANA-R,97017,1,1,4.0,4ece7099e54a07e4a88c9e0dfe07c2c4fa6785225098c3fb10e2274924b2ab72,376ddf9b92398a0016493a17749bbf9c858bd20ddc6c43e2a4cc9fb8965eaba7
transfer_cube,101,17,SCANA-R,97018,1,1,4.0,4ece7099e54a07e4a88c9e0dfe07c2c4fa6785225098c3fb10e2274924b2ab72,76ca2be2d052bff91d04d9feefe5c9b238944066e9e3d462c561c5d00b0e9137
transfer_cube,101,17,SCANA-R,97019,1,1,4.0,4ece7099e54a07e4a88c9e0dfe07c2c4fa6785225098c3fb10e2274924b2ab72,22eaf2b27c5127de19c501221e90ca023d856510fe214bdb47dccc298fa58a0a
transfer_cube,101,17,Gaussian recovery,97000,1,1,4.0,5545ad3b6716ca406a7673fba1640cf4337bf0c820eaf7d32090eb26959abf9c,76bb5156556058aa1beeb25639e1dead4d7f5dce0bdfeeebbca20f3f9af20043
transfer_cube,101,17,Gaussian recovery,97001,0,0,1.0,5545ad3b6716ca406a7673fba1640cf4337bf0c820eaf7d32090eb26959abf9c,ff67e5d209c223903e5f0d86a00d6a83068d1438e0a57cee7cfe1f54614509c2
transfer_cube,101,17,Gaussian recovery,97002,1,1,4.0,5545ad3b6716ca406a7673fba1640cf4337bf0c820eaf7d32090eb26959abf9c,373609ad0532074fc90b95af5cc98f911eabd0304cab3cb3080cb25b6e82392a
transfer_cube,101,17,Gaussian recovery,97003,1,1,4.0,5545ad3b6716ca406a7673fba1640cf4337bf0c820eaf7d32090eb26959abf9c,084253a889cb9ef4bbe09cd8c8f7582176bac0ab6f93a87a33dd47249b93efba
transfer_cube,101,17,Gaussian recovery,97004,1,1,4.0,5545ad3b6716ca406a7673fba1640cf4337bf0c820eaf7d32090eb26959abf9c,070115effd847f2f18440af9b9b70f78903aa707d158ff88718e29aad9cfd535
transfer_cube,101,17,Gaussian recovery,97005,1,1,4.0,5545ad3b6716ca406a7673fba1640cf4337bf0c820eaf7d32090eb26959abf9c,d6ce889dd03ac7e67ee500d7e74b7232a1e15c8e6054a90d32c40bb1e392004c
transfer_cube,101,17,Gaussian recovery,97006,1,1,4.0,5545ad3b6716ca406a7673fba1640cf4337bf0c820eaf7d32090eb26959abf9c,6870eee6e5a1588c8811ebb0629c5689799c2cf488441760b91e7aa74cd96e65
transfer_cube,101,17,Gaussian recovery,97007,1,1,4.0,5545ad3b6716ca406a7673fba1640cf4337bf0c820eaf7d32090eb26959abf9c,5254c8337ee9716698cd90b915d423c072c8bb9edcbc517590f1c8d4a63c6bfe
transfer_cube,101,17,Gaussian recovery,97008,1,1,4.0,5545ad3b6716ca406a7673fba1640cf4337bf0c820eaf7d32090eb26959abf9c,f327f2aae2dbf7094717ef0706a5deedeeb102cbb53f9e01b926c183deea6cc4
transfer_cube,101,17,Gaussian recovery,97009,1,1,4.0,5545ad3b6716ca406a7673fba1640cf4337bf0c820eaf7d32090eb26959abf9c,a06dff16e2ca32cceb374e3843336f8bf0840bc316e84e29350511abc724c227
transfer_cube,101,17,Gaussian recovery,97010,1,1,4.0,5545ad3b6716ca406a7673fba1640cf4337bf0c820eaf7d32090eb26959abf9c,a077c712dca3a3d9a43798256b9da4a304d982d063a0cae78b9d3d7adce9b50a
transfer_cube,101,17,Gaussian recovery,97011,1,1,4.0,5545ad3b6716ca406a7673fba1640cf4337bf0c820eaf7d32090eb26959abf9c,ac3336b3a89ba9470cb2d018fb2b5ab46a4b8459963ab401b835ab77dd5934bf
transfer_cube,101,17,Gaussian recovery,97012,1,1,4.0,5545ad3b6716ca406a7673fba1640cf4337bf0c820eaf7d32090eb26959abf9c,80ff131e575001a9a9edc6eee41596e9b7626e60d81e7cffc1acd9b536048309
transfer_cube,101,17,Gaussian recovery,97013,0,0,2.0,5545ad3b6716ca406a7673fba1640cf4337bf0c820eaf7d32090eb26959abf9c,4a88e43a2b82b4e12616dc7df6a4cffc8acd44ff0bae91702742026542e66b65
transfer_cube,101,17,Gaussian recovery,97014,1,1,4.0,5545ad3b6716ca406a7673fba1640cf4337bf0c820eaf7d32090eb26959abf9c,6359e9752328210477a0d9c9ce659aa752ba93350483460ee6bfb003f068807a
transfer_cube,101,17,Gaussian recovery,97015,1,1,4.0,5545ad3b6716ca406a7673fba1640cf4337bf0c820eaf7d32090eb26959abf9c,dc3a488857a56bfb2b5c3a871ae7fd67f4ea0e533b309aa84111204c11f01997
transfer_cube,101,17,Gaussian recovery,97016,1,1,4.0,5545ad3b6716ca406a7673fba1640cf4337bf0c820eaf7d32090eb26959abf9c,7c2f5b94a0c3277f4f8c46043eca22b63a4f17b5c4e4e25f4784736916edaed3
transfer_cube,101,17,Gaussian recovery,97017,1,1,4.0,5545ad3b6716ca406a7673fba1640cf4337bf0c820eaf7d32090eb26959abf9c,0613df6c062e2ea35d5a56e74e7a359c3cada8d07348459d38f52662507cec37
transfer_cube,101,17,Gaussian recovery,97018,1,1,4.0,5545ad3b6716ca406a7673fba1640cf4337bf0c820eaf7d32090eb26959abf9c,03a7754930ff2568f97cfcdb91e061c98471f395d8e72937ca9ccc168a1bd488
transfer_cube,101,17,Gaussian recovery,97019,1,1,4.0,5545ad3b6716ca406a7673fba1640cf4337bf0c820eaf7d32090eb26959abf9c,d7cea3b54bf61ff333645f1bd186a0f73a29fc2ff5c1ea5d3b4b1fb66326515e
transfer_cube,101,17,No cross-fitting,97000,1,1,4.0,1e7847796a6d2e6ca029ea251d0afb846a6e255c43f4aa96fec19c402e5aed70,1f22bc5954f99aab0facf30269fff14ba13ae14590e496ad7d6bd43862c6a37b
transfer_cube,101,17,No cross-fitting,97001,0,0,2.0,1e7847796a6d2e6ca029ea251d0afb846a6e255c43f4aa96fec19c402e5aed70,ad5d82e1ee53b9a961e4c273144d363b84cf7174f23b96f31cd00a78a3883a27
transfer_cube,101,17,No cross-fitting,97002,1,1,4.0,1e7847796a6d2e6ca029ea251d0afb846a6e255c43f4aa96fec19c402e5aed70,183ffe418d365d58310d944fdead7b08de2925ceda2d4749e19a5b9c46caa078
transfer_cube,101,17,No cross-fitting,97003,1,1,4.0,1e7847796a6d2e6ca029ea251d0afb846a6e255c43f4aa96fec19c402e5aed70,791b13f0d5688141270d1cb7a503734719a78c2cfa822d8a0cb24582c4b931b4
transfer_cube,101,17,No cross-fitting,97004,1,1,4.0,1e7847796a6d2e6ca029ea251d0afb846a6e255c43f4aa96fec19c402e5aed70,44d5103b4cbce25b230c09a58d524ef671f939c8f13ea69a516e4c32b5c121d6
transfer_cube,101,17,No cross-fitting,97005,1,1,4.0,1e7847796a6d2e6ca029ea251d0afb846a6e255c43f4aa96fec19c402e5aed70,a321ae86c6e9d85c7b6fbc0a30285dcb88396325f0810fdd3a726201f1d354a4
transfer_cube,101,17,No cross-fitting,97006,0,0,2.0,1e7847796a6d2e6ca029ea251d0afb846a6e255c43f4aa96fec19c402e5aed70,d28507f95560b1e410b936ec809ccce618be94c453ae5fe5ffe08a6ddf2e9e6a
transfer_cube,101,17,No cross-fitting,97007,1,1,4.0,1e7847796a6d2e6ca029ea251d0afb846a6e255c43f4aa96fec19c402e5aed70,dfb3090c70a0d07f9b406ab5f4313c21d8a813ac96561de0cd795f1bdd9ed658
transfer_cube,101,17,No cross-fitting,97008,1,1,4.0,1e7847796a6d2e6ca029ea251d0afb846a6e255c43f4aa96fec19c402e5aed70,e925000152b11b7435fa401341a6668d287e75a37c8884229e1eeb386e4bdc47
transfer_cube,101,17,No cross-fitting,97009,1,1,4.0,1e7847796a6d2e6ca029ea251d0afb846a6e255c43f4aa96fec19c402e5aed70,5636a002ad8b4b762cfc12cd92ccd7dd8f66cb04bd3d21468347ee676254be89
transfer_cube,101,17,No cross-fitting,97010,1,1,4.0,1e7847796a6d2e6ca029ea251d0afb846a6e255c43f4aa96fec19c402e5aed70,3486a09eb6c22e07ec43cfbd9b01dbc794ac700f6c27d1ade03f92b162b70cf7
transfer_cube,101,17,No cross-fitting,97011,1,1,4.0,1e7847796a6d2e6ca029ea251d0afb846a6e255c43f4aa96fec19c402e5aed70,077ca50231d25a271af53e7afcd0b966b67d2ca7cccdb581426becb2bffa65ef
transfer_cube,101,17,No cross-fitting,97012,1,1,4.0,1e7847796a6d2e6ca029ea251d0afb846a6e255c43f4aa96fec19c402e5aed70,ee0736b467650e79eb56f55acf1309612c48eb72509ae2a77d993b16bfea95e6
transfer_cube,101,17,No cross-fitting,97013,1,1,4.0,1e7847796a6d2e6ca029ea251d0afb846a6e255c43f4aa96fec19c402e5aed70,4c36d15a739cfd3f60916cf234c9b5e51749854b10af10c33ecba921cadf6088
transfer_cube,101,17,No cross-fitting,97014,1,1,4.0,1e7847796a6d2e6ca029ea251d0afb846a6e255c43f4aa96fec19c402e5aed70,dcff3622d9b5ee59e5f0831e5c9c6f45fa10f4315f214ad7c2e6da391d55a01d
transfer_cube,101,17,No cross-fitting,97015,1,1,4.0,1e7847796a6d2e6ca029ea251d0afb846a6e255c43f4aa96fec19c402e5aed70,d0eea4b305911d8980d79a4802312b656bb30e16eade76d05628d71c4f80e559
transfer_cube,101,17,No cross-fitting,97016,1,1,4.0,1e7847796a6d2e6ca029ea251d0afb846a6e255c43f4aa96fec19c402e5aed70,d409fdaec1d04c16b8f25412380ecc44aac67ed5af2a868bff2c50f6c08af8c0
transfer_cube,101,17,No cross-fitting,97017,1,1,4.0,1e7847796a6d2e6ca029ea251d0afb846a6e255c43f4aa96fec19c402e5aed70,b57a840bba5b7060b24ba9041bf3ffb34681e37a29dd2b208a678cc6803038e5
transfer_cube,101,17,No cross-fitting,97018,1,1,4.0,1e7847796a6d2e6ca029ea251d0afb846a6e255c43f4aa96fec19c402e5aed70,70f211c6296eb9112a34a71c0e5641989e6f769d44b16a2fbba0927adcbaf46b
transfer_cube,101,17,No cross-fitting,97019,1,1,4.0,1e7847796a6d2e6ca029ea251d0afb846a6e255c43f4aa96fec19c402e5aed70,52221399db93788db14b5d63ae0e368cdf46e5db46bed33f3a81ee9d267a62b1
transfer_cube,101,17,Global-time errors,97000,1,1,4.0,7bfba5a86a06fa6622a27afa3e8ce8374a6add88b5f176a8e18c9e952da7685e,94850bd85338e40d1a6f93c95ff16a5cd68986c21d77117cf5e224f75d9c89e1
transfer_cube,101,17,Global-time errors,97001,1,1,4.0,7bfba5a86a06fa6622a27afa3e8ce8374a6add88b5f176a8e18c9e952da7685e,83feaaace4aece1b3e8af4138c62d239bbc24b5b1b9743d1951c8a69d6a70e8f
transfer_cube,101,17,Global-time errors,97002,1,1,4.0,7bfba5a86a06fa6622a27afa3e8ce8374a6add88b5f176a8e18c9e952da7685e,5d9e95520fa242992f5c9a17f438cc49fde99b21addea73bae3f818251db2a9b
transfer_cube,101,17,Global-time errors,97003,1,1,4.0,7bfba5a86a06fa6622a27afa3e8ce8374a6add88b5f176a8e18c9e952da7685e,0bec492a5eefb079fe0823efbc4d05e693a5625538f06428b9ea9823a24a458c
transfer_cube,101,17,Global-time errors,97004,1,1,4.0,7bfba5a86a06fa6622a27afa3e8ce8374a6add88b5f176a8e18c9e952da7685e,66883226cb880d7b41cc870d91f8591f4d2236f5112a964069966942ca159b90
transfer_cube,101,17,Global-time errors,97005,1,1,4.0,7bfba5a86a06fa6622a27afa3e8ce8374a6add88b5f176a8e18c9e952da7685e,d06c719578bff733272d9f56fd402c58b9d27ab3e61459364b57b9ec3048a53c
transfer_cube,101,17,Global-time errors,97006,0,0,0.0,7bfba5a86a06fa6622a27afa3e8ce8374a6add88b5f176a8e18c9e952da7685e,d04652fd14276e34e110d93f32f09a75da47b606a69820c552891e41fc58111d
transfer_cube,101,17,Global-time errors,97007,1,1,4.0,7bfba5a86a06fa6622a27afa3e8ce8374a6add88b5f176a8e18c9e952da7685e,d414e7d0d21a0993cd9da2b4324e1fe825acf180d06e1ab0b8a5fd551af77171
transfer_cube,101,17,Global-time errors,97008,1,1,4.0,7bfba5a86a06fa6622a27afa3e8ce8374a6add88b5f176a8e18c9e952da7685e,ae94c991ec052c77f9a9eb29fcb98cbdef730d7a19bb33e483fb8b9e8fa8fa8f
transfer_cube,101,17,Global-time errors,97009,1,1,4.0,7bfba5a86a06fa6622a27afa3e8ce8374a6add88b5f176a8e18c9e952da7685e,0034861760890ddb0109662f7d198a310cc361eda42fbab3c39f01bd90f1b01e
transfer_cube,101,17,Global-time errors,97010,1,1,4.0,7bfba5a86a06fa6622a27afa3e8ce8374a6add88b5f176a8e18c9e952da7685e,3ef80bf14c75c0b3166b0bd174a65df0b63a22a022d406ab4b5a36c436b28f20
transfer_cube,101,17,Global-time errors,97011,1,1,4.0,7bfba5a86a06fa6622a27afa3e8ce8374a6add88b5f176a8e18c9e952da7685e,1e8d37396a94993d8e3da959287eab309c84d62ce864e20d1c98be642da624fa
transfer_cube,101,17,Global-time errors,97012,1,1,4.0,7bfba5a86a06fa6622a27afa3e8ce8374a6add88b5f176a8e18c9e952da7685e,85924e5e18ddaaa8f06473f7ba48ec607efbd9258cbef36915a3af01e4405953
transfer_cube,101,17,Global-time errors,97013,1,1,4.0,7bfba5a86a06fa6622a27afa3e8ce8374a6add88b5f176a8e18c9e952da7685e,48bac0b5cec831cd1e327b8c2cae2ae63270288a394ff3c12802abffb222cf2c
transfer_cube,101,17,Global-time errors,97014,0,0,2.0,7bfba5a86a06fa6622a27afa3e8ce8374a6add88b5f176a8e18c9e952da7685e,571464e6bec3ae3c5d67a45dc01fc7581cfa4f38804621dbb27554a2f68f38d8
transfer_cube,101,17,Global-time errors,97015,1,1,4.0,7bfba5a86a06fa6622a27afa3e8ce8374a6add88b5f176a8e18c9e952da7685e,0987f3b59675ad759fc5eef70ab4a51afd3d3aca30ecaef78688b986da8f3002
transfer_cube,101,17,Global-time errors,97016,1,1,4.0,7bfba5a86a06fa6622a27afa3e8ce8374a6add88b5f176a8e18c9e952da7685e,e00a3ee7e694bd3a31fd54a978e14e7f6bd9796bce6af03ed427cd177abb7bd5
transfer_cube,101,17,Global-time errors,97017,1,1,4.0,7bfba5a86a06fa6622a27afa3e8ce8374a6add88b5f176a8e18c9e952da7685e,c1fc65399180e0399f83220ad14198fd21561a7e7c8eb8108414502462cbc1db
transfer_cube,101,17,Global-time errors,97018,1,1,4.0,7bfba5a86a06fa6622a27afa3e8ce8374a6add88b5f176a8e18c9e952da7685e,434a4ddee7c5e655a65c8526186985cfa3aa2417d6e6a3e16d541e46df771909
transfer_cube,101,17,Global-time errors,97019,1,1,4.0,7bfba5a86a06fa6622a27afa3e8ce8374a6add88b5f176a8e18c9e952da7685e,b42c63db189e6f1b044e60d2346767dcb16c4effabca4d695dc7eae0f4b74503
transfer_cube,101,17,No intermediate backtracking,97000,1,1,4.0,c2dbcebbc406a2181cb1ebb9d7a8911ee8d98288bba6def1582d65eabdc13801,e2a529e45367713b02faa3ce8fd39aec5b8741e0a0e1505741c15b03efb611ac
transfer_cube,101,17,No intermediate backtracking,97001,0,0,2.0,c2dbcebbc406a2181cb1ebb9d7a8911ee8d98288bba6def1582d65eabdc13801,84ea8f42bc7bc6666daedb5d06dec1be82d8d80f243f8644275c68ff32464ac8
transfer_cube,101,17,No intermediate backtracking,97002,1,1,4.0,c2dbcebbc406a2181cb1ebb9d7a8911ee8d98288bba6def1582d65eabdc13801,2f765c22d20dbeeffa227c885df634c4987dd729885849524f35c06812476454
transfer_cube,101,17,No intermediate backtracking,97003,1,1,4.0,c2dbcebbc406a2181cb1ebb9d7a8911ee8d98288bba6def1582d65eabdc13801,fadfa027c3923ecac08a66ae35b18811d74615f376f05d5e09b376be2729df70
transfer_cube,101,17,No intermediate backtracking,97004,1,1,4.0,c2dbcebbc406a2181cb1ebb9d7a8911ee8d98288bba6def1582d65eabdc13801,5a3cecf14d50fee87fc130178219f32f6ffb201519f198e6244be1a45b8a711f
transfer_cube,101,17,No intermediate backtracking,97005,1,1,4.0,c2dbcebbc406a2181cb1ebb9d7a8911ee8d98288bba6def1582d65eabdc13801,378c96a15b0a8b0be8fe457e4d8d5478ea540c94e7c81b48c4bb10e5cb6925ff
transfer_cube,101,17,No intermediate backtracking,97006,1,1,4.0,c2dbcebbc406a2181cb1ebb9d7a8911ee8d98288bba6def1582d65eabdc13801,379872ada98200466e4e48245d2ca29b9b05dd6cf648839694f45782b2ec75e0
transfer_cube,101,17,No intermediate backtracking,97007,1,1,4.0,c2dbcebbc406a2181cb1ebb9d7a8911ee8d98288bba6def1582d65eabdc13801,f6f0fc3e19bca66a5f1aa848d40c2ceeb31e3973c1fc7b4779292d6b6b648acd
transfer_cube,101,17,No intermediate backtracking,97008,1,1,4.0,c2dbcebbc406a2181cb1ebb9d7a8911ee8d98288bba6def1582d65eabdc13801,6225c82aae7466a12e2d4806c170fac790c59ae9718d83da0913263ccf93443d
transfer_cube,101,17,No intermediate backtracking,97009,1,1,4.0,c2dbcebbc406a2181cb1ebb9d7a8911ee8d98288bba6def1582d65eabdc13801,a43c5049e24e925c43bd621780cae7aef3aa29d6a51a8f8d614d7f496f4febca
transfer_cube,101,17,No intermediate backtracking,97010,1,1,4.0,c2dbcebbc406a2181cb1ebb9d7a8911ee8d98288bba6def1582d65eabdc13801,16724a357a9b0e737c52268ca894866596660ca81d0d49d51402c9b70845114d
transfer_cube,101,17,No intermediate backtracking,97011,1,1,4.0,c2dbcebbc406a2181cb1ebb9d7a8911ee8d98288bba6def1582d65eabdc13801,e0ad98165735c35fa8981b7d786f6e214928d49959d28571284c44819d540a2d
transfer_cube,101,17,No intermediate backtracking,97012,1,1,4.0,c2dbcebbc406a2181cb1ebb9d7a8911ee8d98288bba6def1582d65eabdc13801,3c5b5d022336c5dcb96aadc1e9fc791cf71cebccbbb0f3566bae771d66225403
transfer_cube,101,17,No intermediate backtracking,97013,1,1,4.0,c2dbcebbc406a2181cb1ebb9d7a8911ee8d98288bba6def1582d65eabdc13801,23da677dbffb9638eca5f5aaaf36f28e9ac40e33c003c7d50ae4b0af12ffcc68
transfer_cube,101,17,No intermediate backtracking,97014,1,1,4.0,c2dbcebbc406a2181cb1ebb9d7a8911ee8d98288bba6def1582d65eabdc13801,0d4e6362efc23e88e7816b5b5ac59d88df22a025ae008af0811f727b3e9763f5
transfer_cube,101,17,No intermediate backtracking,97015,1,1,4.0,c2dbcebbc406a2181cb1ebb9d7a8911ee8d98288bba6def1582d65eabdc13801,4524fb03f0f055b796c5cc8b3de8a3ae6346e4c93a7d2ff7428c230314325d16
transfer_cube,101,17,No intermediate backtracking,97016,1,1,4.0,c2dbcebbc406a2181cb1ebb9d7a8911ee8d98288bba6def1582d65eabdc13801,8709dcf633337f4ec1e2a66fcb2f6e9db62d504821f53eae9ec20b25833e0aa1
transfer_cube,101,17,No intermediate backtracking,97017,1,1,4.0,c2dbcebbc406a2181cb1ebb9d7a8911ee8d98288bba6def1582d65eabdc13801,9915a5288a06a01869a4ef36fd22de030a03b2f3093275d2b0eacbc1f11fe3ce
transfer_cube,101,17,No intermediate backtracking,97018,1,1,4.0,c2dbcebbc406a2181cb1ebb9d7a8911ee8d98288bba6def1582d65eabdc13801,b747e7725ca8ef53bf26d858201c5c56f4b55221c003286d6f61a43007b091cf
transfer_cube,101,17,No intermediate backtracking,97019,1,1,4.0,c2dbcebbc406a2181cb1ebb9d7a8911ee8d98288bba6def1582d65eabdc13801,952501d73f1d73382e4ad3b71ce58565685c10d52ec1ced5f8be7e118854835f
transfer_cube,101,17,Gaussian CPU budget,97000,1,1,4.0,a377baf0c17dfb5c141755cf8bae6071d71db629f317ba339168610982736631,c0de08d02cf1742ac70067f783cd652a5cc15895d85129aff1fb500ae7acafb9
transfer_cube,101,17,Gaussian CPU budget,97001,0,0,1.0,a377baf0c17dfb5c141755cf8bae6071d71db629f317ba339168610982736631,359ca3cb2668ac7ffdb03a34dababfc230e610916b9bf4b5d08377410cabb9f4
transfer_cube,101,17,Gaussian CPU budget,97002,1,1,4.0,a377baf0c17dfb5c141755cf8bae6071d71db629f317ba339168610982736631,4f0f18548a761a89950b04022b32aa6038301815a93e59ba230648dbf15dd9a1
transfer_cube,101,17,Gaussian CPU budget,97003,1,1,4.0,a377baf0c17dfb5c141755cf8bae6071d71db629f317ba339168610982736631,7032abd21151d581ceeba60a4f9f8254f446c3fb00a7ca3947d26fb48ae4f8d8
transfer_cube,101,17,Gaussian CPU budget,97004,1,1,4.0,a377baf0c17dfb5c141755cf8bae6071d71db629f317ba339168610982736631,f7937ccb68a858152cbac280c777df748fd43f727ff1b6f472865b9158001784
transfer_cube,101,17,Gaussian CPU budget,97005,1,1,4.0,a377baf0c17dfb5c141755cf8bae6071d71db629f317ba339168610982736631,b936c255e1050ee328c338585c4d01f29b0fc457986478bc9f8818b7a628adb0
transfer_cube,101,17,Gaussian CPU budget,97006,1,1,4.0,a377baf0c17dfb5c141755cf8bae6071d71db629f317ba339168610982736631,8f5e4ab846ceadc0a2996eab0b28817d30b155ce17b015e54ecd1b2f8ba3398a
transfer_cube,101,17,Gaussian CPU budget,97007,1,1,4.0,a377baf0c17dfb5c141755cf8bae6071d71db629f317ba339168610982736631,753037019ee096f9887798719cd5342de5a4a1e179b07c8132b5b3ab78132991
transfer_cube,101,17,Gaussian CPU budget,97008,1,1,4.0,a377baf0c17dfb5c141755cf8bae6071d71db629f317ba339168610982736631,3eeded2f61399c94bd3d050bd89f72e542308897a61ce4f37f583269ae5612d5
transfer_cube,101,17,Gaussian CPU budget,97009,1,1,4.0,a377baf0c17dfb5c141755cf8bae6071d71db629f317ba339168610982736631,e1761919f8edbfc025f4ee217e5b6060400f6a86baf0e6e480b414ca35c65cc4
transfer_cube,101,17,Gaussian CPU budget,97010,1,1,4.0,a377baf0c17dfb5c141755cf8bae6071d71db629f317ba339168610982736631,f97e7d6f1517b55c5dd4c68613ed9ae410ead471fd5c72e3da453e0dea02e61b
transfer_cube,101,17,Gaussian CPU budget,97011,1,1,4.0,a377baf0c17dfb5c141755cf8bae6071d71db629f317ba339168610982736631,aede2bd0e8f07565aa6c0d281a7ae5877c8f0275f9998141312239f904e4e427
transfer_cube,101,17,Gaussian CPU budget,97012,1,1,4.0,a377baf0c17dfb5c141755cf8bae6071d71db629f317ba339168610982736631,016cb9eb73197169e7e5fc0b94c8931de3ca35ce3cf4f4ade4ab17a2daed1298
transfer_cube,101,17,Gaussian CPU budget,97013,1,1,4.0,a377baf0c17dfb5c141755cf8bae6071d71db629f317ba339168610982736631,cef4f57d95aef3c81680a8eaf4f3d8f8c9afb7b7ae09c4fd8750d4ca4e415d4e
transfer_cube,101,17,Gaussian CPU budget,97014,1,1,4.0,a377baf0c17dfb5c141755cf8bae6071d71db629f317ba339168610982736631,dbcd41f5652c9b8ad13f0f4748d7650c8f9fb47ffecca69f116a88773617f41c
transfer_cube,101,17,Gaussian CPU budget,97015,1,1,4.0,a377baf0c17dfb5c141755cf8bae6071d71db629f317ba339168610982736631,f5b17cdb138819322323d16949f35bf3b8448d1fe17b649276f7f8bff74bb40a
transfer_cube,101,17,Gaussian CPU budget,97016,1,0,4.0,a377baf0c17dfb5c141755cf8bae6071d71db629f317ba339168610982736631,45b804bba4b07237e251bc8909d28b00aea45912dedb1e5a07af7ec2fa3c0985
transfer_cube,101,17,Gaussian CPU budget,97017,1,1,4.0,a377baf0c17dfb5c141755cf8bae6071d71db629f317ba339168610982736631,56798e5bc6e7fdf91d96af25cc96301adb038183e6932d79d64cf971f6772480
transfer_cube,101,17,Gaussian CPU budget,97018,1,1,4.0,a377baf0c17dfb5c141755cf8bae6071d71db629f317ba339168610982736631,c0d05cf4a7b47fe65ef79529f712565c2f0f2e00829b2511e06bc4614fb1ec33
transfer_cube,101,17,Gaussian CPU budget,97019,1,1,4.0,a377baf0c17dfb5c141755cf8bae6071d71db629f317ba339168610982736631,035317010c53e1dff7f98e51ac13bd91dead304bebfe2d73e3d58fbebb71a6d0
transfer_cube,101,29,Clean repeat,97000,1,1,4.0,621fd8ba48f4b2ec35d7bbfa568ae80463fb5b9e5ab2c43efaf8c815ee193fad,33539b3623cdf214056011717f4eeb05f5c11d1eb917a2d0e70387f90b950e71
transfer_cube,101,29,Clean repeat,97001,0,0,1.0,621fd8ba48f4b2ec35d7bbfa568ae80463fb5b9e5ab2c43efaf8c815ee193fad,641d88333ce81fae1e87ae7c1813a479a0c7e4a5f2c4541d3dd5eed41edccb5b
transfer_cube,101,29,Clean repeat,97002,1,0,4.0,621fd8ba48f4b2ec35d7bbfa568ae80463fb5b9e5ab2c43efaf8c815ee193fad,e40c169c3da7711a6da45816ab114030c4113159e7e6aae335e881604a4e022a
transfer_cube,101,29,Clean repeat,97003,1,1,4.0,621fd8ba48f4b2ec35d7bbfa568ae80463fb5b9e5ab2c43efaf8c815ee193fad,721939c9da01c565824495dc6076001471dcc5492b35376727f8eda30acf330f
transfer_cube,101,29,Clean repeat,97004,0,0,1.0,621fd8ba48f4b2ec35d7bbfa568ae80463fb5b9e5ab2c43efaf8c815ee193fad,8ae6d61fcc9a0ce327ae00f95ab3eae5144b672a034ba2dabc594b6a8556eae6
transfer_cube,101,29,Clean repeat,97005,0,0,2.0,621fd8ba48f4b2ec35d7bbfa568ae80463fb5b9e5ab2c43efaf8c815ee193fad,3886548771f6884a3f94ee3659568b4cc02e992c630c9bc98f3e90c1f279a48b
transfer_cube,101,29,Clean repeat,97006,1,1,4.0,621fd8ba48f4b2ec35d7bbfa568ae80463fb5b9e5ab2c43efaf8c815ee193fad,d2c961ce61809c4d49fbcd40c40cff2ef609e782db2f55c1b8e47f2208d1a02d
transfer_cube,101,29,Clean repeat,97007,1,1,4.0,621fd8ba48f4b2ec35d7bbfa568ae80463fb5b9e5ab2c43efaf8c815ee193fad,850abb9b0e67c4e7286eadaf95d6a5351eca320adc0b2202c66be9aee8b3a1ff
transfer_cube,101,29,Clean repeat,97008,0,0,0.0,621fd8ba48f4b2ec35d7bbfa568ae80463fb5b9e5ab2c43efaf8c815ee193fad,531450888755faf34362024c8f1e6050e48baaa2e22229bc91a897c760c2336b
transfer_cube,101,29,Clean repeat,97009,1,1,4.0,621fd8ba48f4b2ec35d7bbfa568ae80463fb5b9e5ab2c43efaf8c815ee193fad,a1b19db89d76a0fcd1fa5077b1e7e16a1b0673dba7ac0fdb1e18095372d9e267
transfer_cube,101,29,Clean repeat,97010,0,0,1.0,621fd8ba48f4b2ec35d7bbfa568ae80463fb5b9e5ab2c43efaf8c815ee193fad,32f92dd44c154f2455fb3ea09b4fd97cf88262845d47c0510b737e5d8da41cf8
transfer_cube,101,29,Clean repeat,97011,0,0,2.0,621fd8ba48f4b2ec35d7bbfa568ae80463fb5b9e5ab2c43efaf8c815ee193fad,a4d3827b073e6d66214b147e55d09507103989911555ac992fe8e2c938b4d67e
transfer_cube,101,29,Clean repeat,97012,1,0,4.0,621fd8ba48f4b2ec35d7bbfa568ae80463fb5b9e5ab2c43efaf8c815ee193fad,4aebd22999d472c3b0c469034572f124ae0d717d6246a03af17d86c2c2211ae4
transfer_cube,101,29,Clean repeat,97013,0,0,1.0,621fd8ba48f4b2ec35d7bbfa568ae80463fb5b9e5ab2c43efaf8c815ee193fad,318406cd7b8a5f863fd3986f7831aede8af6c796ef2983b95f4ada846137851e
transfer_cube,101,29,Clean repeat,97014,1,0,4.0,621fd8ba48f4b2ec35d7bbfa568ae80463fb5b9e5ab2c43efaf8c815ee193fad,1d03445edfd4c4e4970aa5e654c6e85d91ce885832fcd2f31b27f7f96d1e1f8c
transfer_cube,101,29,Clean repeat,97015,0,0,0.0,621fd8ba48f4b2ec35d7bbfa568ae80463fb5b9e5ab2c43efaf8c815ee193fad,666099cff7d268e5713367f61b373ccbe1b9350c6b386431a2e95c99d65617ce
transfer_cube,101,29,Clean repeat,97016,1,1,4.0,621fd8ba48f4b2ec35d7bbfa568ae80463fb5b9e5ab2c43efaf8c815ee193fad,a76825603b9eac57b8f8197a1bd3b0ac31304be73804f54b1f5a78219d6e320f
transfer_cube,101,29,Clean repeat,97017,0,0,2.0,621fd8ba48f4b2ec35d7bbfa568ae80463fb5b9e5ab2c43efaf8c815ee193fad,f4b8774a9ae89ce1e8232b3be75716a49946d4ddf0f3e2dfbccda2dd9b31bce4
transfer_cube,101,29,Clean repeat,97018,1,0,4.0,621fd8ba48f4b2ec35d7bbfa568ae80463fb5b9e5ab2c43efaf8c815ee193fad,959828946ae010d51e7b91e09155f182e6020ddf5b46009553801156d14a666d
transfer_cube,101,29,Clean repeat,97019,0,0,2.0,621fd8ba48f4b2ec35d7bbfa568ae80463fb5b9e5ab2c43efaf8c815ee193fad,4b3691d385b8250e588a57e1fcba7179981d5f43811143e8c6834b881b35ec1f
transfer_cube,101,29,SCANA-R,97000,0,0,2.0,93886e713d059a2fde9fc9c2be9123ed39571a3abefdaff48e7978c7c9629954,a5df902ca787b095b93599e3ceb7b4efffca56a726b156a4e260c9bb5d5343a2
transfer_cube,101,29,SCANA-R,97001,0,0,1.0,93886e713d059a2fde9fc9c2be9123ed39571a3abefdaff48e7978c7c9629954,5d74ddd03ec6681930993815ca0d3e8b0a51832933f90559a510becfc2f24311
transfer_cube,101,29,SCANA-R,97002,1,1,4.0,93886e713d059a2fde9fc9c2be9123ed39571a3abefdaff48e7978c7c9629954,a48c282355396e1a0d2e0d56ac1ba3019abe881122b17a7eabfed1b97e9d466d
transfer_cube,101,29,SCANA-R,97003,1,1,4.0,93886e713d059a2fde9fc9c2be9123ed39571a3abefdaff48e7978c7c9629954,c91c41e5b294e59cf3e71877858cc4f998692e071a8e4cd36940e8c5cd3eafff
transfer_cube,101,29,SCANA-R,97004,1,1,4.0,93886e713d059a2fde9fc9c2be9123ed39571a3abefdaff48e7978c7c9629954,1a1378f63bae78967888f6ed39be4d4f80eaf0fd93a8ca22d682d0864f778fe7
transfer_cube,101,29,SCANA-R,97005,1,1,4.0,93886e713d059a2fde9fc9c2be9123ed39571a3abefdaff48e7978c7c9629954,f3626bb5587a91e0d85ee2556d247014d0a2c61fd0f00252f232fa1ca91b784a
transfer_cube,101,29,SCANA-R,97006,0,0,2.0,93886e713d059a2fde9fc9c2be9123ed39571a3abefdaff48e7978c7c9629954,b2bd6f89fec42d7d17253b441d06f0eba7176feef4bc73467a988e5e5012360f
transfer_cube,101,29,SCANA-R,97007,1,1,4.0,93886e713d059a2fde9fc9c2be9123ed39571a3abefdaff48e7978c7c9629954,fa1c24940a1114e400e8b7d943e121d89e4a1431a9eec0b9ec59da9a4ae4f273
transfer_cube,101,29,SCANA-R,97008,1,1,4.0,93886e713d059a2fde9fc9c2be9123ed39571a3abefdaff48e7978c7c9629954,875edc399a1de66051a405792afbc7090da1d157e4febef177f1d5a59b433639
transfer_cube,101,29,SCANA-R,97009,1,1,4.0,93886e713d059a2fde9fc9c2be9123ed39571a3abefdaff48e7978c7c9629954,761f3c1508f21303f1a9d67fd079a5ab9852e676248c299609dc8c7e177357a4
transfer_cube,101,29,SCANA-R,97010,1,1,4.0,93886e713d059a2fde9fc9c2be9123ed39571a3abefdaff48e7978c7c9629954,c62392d805c7a38c79fc3224b2b43b692b5493dff28ef6db3456d4bf9a1daae7
transfer_cube,101,29,SCANA-R,97011,1,1,4.0,93886e713d059a2fde9fc9c2be9123ed39571a3abefdaff48e7978c7c9629954,481fa936bf6a232aeb8f7719a9480453ca62a9debbcded1ba2154db8da7acaf7
transfer_cube,101,29,SCANA-R,97012,1,1,4.0,93886e713d059a2fde9fc9c2be9123ed39571a3abefdaff48e7978c7c9629954,e58dc3b3aa90d8bb53343b892ec1294dc59c4ac446952e8bae8e25d235f832af
transfer_cube,101,29,SCANA-R,97013,1,1,4.0,93886e713d059a2fde9fc9c2be9123ed39571a3abefdaff48e7978c7c9629954,d9b5cfde2eb2928011487f644e60356515c953f117770b197b8f1d3f6f9c5dfa
transfer_cube,101,29,SCANA-R,97014,1,1,4.0,93886e713d059a2fde9fc9c2be9123ed39571a3abefdaff48e7978c7c9629954,3686383997fe8192a80119421ebd1241abd3fa24ef8d1957f414344c6cfc83dc
transfer_cube,101,29,SCANA-R,97015,1,1,4.0,93886e713d059a2fde9fc9c2be9123ed39571a3abefdaff48e7978c7c9629954,2a177423485fade561cb327ea76ccbaa33e5d070a79126b1985b81a1837fa8d0
transfer_cube,101,29,SCANA-R,97016,1,1,4.0,93886e713d059a2fde9fc9c2be9123ed39571a3abefdaff48e7978c7c9629954,3f7174dce80dc3a4a9fd9a228dd8fae003fd32862bba445a1295888ec08a2aaa
transfer_cube,101,29,SCANA-R,97017,1,1,4.0,93886e713d059a2fde9fc9c2be9123ed39571a3abefdaff48e7978c7c9629954,0c5b645b0a369978c1e46471d4ac2b73650ea9fc23db2f2e32785d62d72047d2
transfer_cube,101,29,SCANA-R,97018,1,1,4.0,93886e713d059a2fde9fc9c2be9123ed39571a3abefdaff48e7978c7c9629954,425d194a91261b9dd827f1d0224a8c0005cc806254714a71566e6a897a936ff0
transfer_cube,101,29,SCANA-R,97019,1,1,4.0,93886e713d059a2fde9fc9c2be9123ed39571a3abefdaff48e7978c7c9629954,9194897ba10492f515b536bdf311d29c9e6ad3bbb435f377a577bd5072bfcb82
transfer_cube,101,29,Gaussian recovery,97000,1,1,4.0,0957656c6e345192dd6932b43164ed8f8669c906d3f58e20f81f948db853eaad,458b51b54a6b41b136389ee57369267d178080b6dc6047b3da340bc6ea48a096
transfer_cube,101,29,Gaussian recovery,97001,0,0,0.0,0957656c6e345192dd6932b43164ed8f8669c906d3f58e20f81f948db853eaad,3a917c273cf3f3ed8a08fc0b3d65608ce7ea1cc82dbd434a8d7ed8bb022ebfcc
transfer_cube,101,29,Gaussian recovery,97002,1,1,4.0,0957656c6e345192dd6932b43164ed8f8669c906d3f58e20f81f948db853eaad,a08d4183c835e37796f0fad659ef3fafd3d14edf0e67d7b8b3da1379f81cd695
transfer_cube,101,29,Gaussian recovery,97003,1,1,4.0,0957656c6e345192dd6932b43164ed8f8669c906d3f58e20f81f948db853eaad,930792556f2bf8806a4b03fe89ee105bd41fe38079cebe0a6320a9216e97c96a
transfer_cube,101,29,Gaussian recovery,97004,1,1,4.0,0957656c6e345192dd6932b43164ed8f8669c906d3f58e20f81f948db853eaad,1b7bcea1313f1fd42cc404dbb38b29610c89726dc2e11b818174a5a97dcb8a52
transfer_cube,101,29,Gaussian recovery,97005,1,1,4.0,0957656c6e345192dd6932b43164ed8f8669c906d3f58e20f81f948db853eaad,16b152db5e96a8fca10c86b412f1c7bf9afe260fd39dcdba74c1c7979f9d6bbe
transfer_cube,101,29,Gaussian recovery,97006,1,1,4.0,0957656c6e345192dd6932b43164ed8f8669c906d3f58e20f81f948db853eaad,d641fff5330ee33a15d1e814a20bb769a4f3a9b335a78f0431288cbffc10ada7
transfer_cube,101,29,Gaussian recovery,97007,1,1,4.0,0957656c6e345192dd6932b43164ed8f8669c906d3f58e20f81f948db853eaad,dade56327a619b2fab3c9ec4c3c42268b2276a7aeaaa427a8742da7c99106e4f
transfer_cube,101,29,Gaussian recovery,97008,1,1,4.0,0957656c6e345192dd6932b43164ed8f8669c906d3f58e20f81f948db853eaad,8d32e936827148fbfb3119ae151fb90565bf1ce885c822cd3fd938c950b7d4a1
transfer_cube,101,29,Gaussian recovery,97009,1,1,4.0,0957656c6e345192dd6932b43164ed8f8669c906d3f58e20f81f948db853eaad,e95e24cfb642e34f3fa9b52c9f599e0e4d2840b82d87fcd7aba9093d37e8172c
transfer_cube,101,29,Gaussian recovery,97010,1,1,4.0,0957656c6e345192dd6932b43164ed8f8669c906d3f58e20f81f948db853eaad,7805bda7823e8d35e4a1a6027efde7b9513736a38aee9434199d4cac9caa8221
transfer_cube,101,29,Gaussian recovery,97011,1,1,4.0,0957656c6e345192dd6932b43164ed8f8669c906d3f58e20f81f948db853eaad,316399483005bf5c4e680e5f28ad6bb0e4673ff11b0f3011dcf504b333ccde61
transfer_cube,101,29,Gaussian recovery,97012,1,1,4.0,0957656c6e345192dd6932b43164ed8f8669c906d3f58e20f81f948db853eaad,cdc8f4e4cc2e85d2b9a11645d06b4c43f4dde8e6e2eee1ce5e35359da4da1e5b
transfer_cube,101,29,Gaussian recovery,97013,0,0,1.0,0957656c6e345192dd6932b43164ed8f8669c906d3f58e20f81f948db853eaad,c447534801cae6f16d5ac0ce6b416ff7794294dcf78cae77c02088f7da648bec
transfer_cube,101,29,Gaussian recovery,97014,1,1,4.0,0957656c6e345192dd6932b43164ed8f8669c906d3f58e20f81f948db853eaad,89b3b2e6464b531681dbb21c691f4b91f4695fb482e985785adf845fde3f4ea2
transfer_cube,101,29,Gaussian recovery,97015,1,1,4.0,0957656c6e345192dd6932b43164ed8f8669c906d3f58e20f81f948db853eaad,fad921fb3450d321130e72296f7225d7d84576116a59f77b2e17f4d6ab2e82ec
transfer_cube,101,29,Gaussian recovery,97016,1,1,4.0,0957656c6e345192dd6932b43164ed8f8669c906d3f58e20f81f948db853eaad,53358cee4730d8de8ca3c051316f5b38ac96afea316ad9f586084108a81466cf
transfer_cube,101,29,Gaussian recovery,97017,1,1,4.0,0957656c6e345192dd6932b43164ed8f8669c906d3f58e20f81f948db853eaad,70f840fc3ad53712020e657cf7d4aabd8ccc6d0284539182f25cc621b10f8990
transfer_cube,101,29,Gaussian recovery,97018,1,1,4.0,0957656c6e345192dd6932b43164ed8f8669c906d3f58e20f81f948db853eaad,24cf16732225ac6b93b9f2e037a1567ada7e05bac503e916a8b099329df0216e
transfer_cube,101,29,Gaussian recovery,97019,1,1,4.0,0957656c6e345192dd6932b43164ed8f8669c906d3f58e20f81f948db853eaad,edeb9055f22cb1fb60238ef94f70a994cc93cde8067bb783dc045e3789cbc69b
transfer_cube,101,29,No cross-fitting,97000,1,1,4.0,4bcad0bba8c207e8a16ac88ee671a684f26dda6df3826ecd353183098aeba0f6,d50432c6e78520571822cab1ba84bf48a5b6da0dda25a1d35ad03b0393edeaf8
transfer_cube,101,29,No cross-fitting,97001,0,0,2.0,4bcad0bba8c207e8a16ac88ee671a684f26dda6df3826ecd353183098aeba0f6,12740ed189016bb963f7bbb4355d9a138d698a6440edd869a3cf5071656552c5
transfer_cube,101,29,No cross-fitting,97002,1,1,4.0,4bcad0bba8c207e8a16ac88ee671a684f26dda6df3826ecd353183098aeba0f6,18395820b8dfc72b44c020d0b1d8695507b6eb174a5077161870e66f003be814
transfer_cube,101,29,No cross-fitting,97003,1,1,4.0,4bcad0bba8c207e8a16ac88ee671a684f26dda6df3826ecd353183098aeba0f6,b0e5423962a6b6c7363f3c01a1d581677f8f3f0a8f9fb4f1a63bf9cc80ea9078
transfer_cube,101,29,No cross-fitting,97004,1,1,4.0,4bcad0bba8c207e8a16ac88ee671a684f26dda6df3826ecd353183098aeba0f6,398fccd59126305242240de11692097d6362c5b4470fee50df96d254cf16f65d
transfer_cube,101,29,No cross-fitting,97005,1,1,4.0,4bcad0bba8c207e8a16ac88ee671a684f26dda6df3826ecd353183098aeba0f6,d479c65f8850e2c34398bf808a067cb448b62c36dabd2435418fec24e3034982
transfer_cube,101,29,No cross-fitting,97006,1,1,4.0,4bcad0bba8c207e8a16ac88ee671a684f26dda6df3826ecd353183098aeba0f6,46703d8415ce0f7301ed0300966348291b0831fc36b667f577eb5eefbb2da479
transfer_cube,101,29,No cross-fitting,97007,1,1,4.0,4bcad0bba8c207e8a16ac88ee671a684f26dda6df3826ecd353183098aeba0f6,2c5092521773efb6011471da5aecdb99fc3a5ad4b70f49b646fc54c48e912c68
transfer_cube,101,29,No cross-fitting,97008,1,1,4.0,4bcad0bba8c207e8a16ac88ee671a684f26dda6df3826ecd353183098aeba0f6,d097cfafc43dfbd27fc9abb1048b5dff81458b2cb076e7184f34fb6bf00da82d
transfer_cube,101,29,No cross-fitting,97009,1,1,4.0,4bcad0bba8c207e8a16ac88ee671a684f26dda6df3826ecd353183098aeba0f6,da46243d39e939a4af2faf3122e248d690f0e5633317cd73ee58aa1d5ab2d6c9
transfer_cube,101,29,No cross-fitting,97010,1,1,4.0,4bcad0bba8c207e8a16ac88ee671a684f26dda6df3826ecd353183098aeba0f6,1a3fc6fba7c96d379baa70db127fbe37308ecc99f19a3c632f019bce629f21b8
transfer_cube,101,29,No cross-fitting,97011,1,1,4.0,4bcad0bba8c207e8a16ac88ee671a684f26dda6df3826ecd353183098aeba0f6,64163196a8462e8164ace6a935930c8527b28b4025725b60ff5fd3e9b24c3b3d
transfer_cube,101,29,No cross-fitting,97012,1,1,4.0,4bcad0bba8c207e8a16ac88ee671a684f26dda6df3826ecd353183098aeba0f6,0d8f9640f7e092eeb362b052398124713cb7edbc9fb8ae135fe88ae7554a6f2a
transfer_cube,101,29,No cross-fitting,97013,1,1,4.0,4bcad0bba8c207e8a16ac88ee671a684f26dda6df3826ecd353183098aeba0f6,7e9de7edb0621acf75558ee50aea45bcaf1d09e85984210799e6a5ff3df33810
transfer_cube,101,29,No cross-fitting,97014,1,1,4.0,4bcad0bba8c207e8a16ac88ee671a684f26dda6df3826ecd353183098aeba0f6,aca400c5f4eb078803ce68b2fcaf9152b50aa16a0037db9510d343e7e817fe66
transfer_cube,101,29,No cross-fitting,97015,1,1,4.0,4bcad0bba8c207e8a16ac88ee671a684f26dda6df3826ecd353183098aeba0f6,fc51bd44daf3dccb134bce90094ccf7907754281368f997e081b4c0588138186
transfer_cube,101,29,No cross-fitting,97016,1,1,4.0,4bcad0bba8c207e8a16ac88ee671a684f26dda6df3826ecd353183098aeba0f6,34cea35e6dd5183c16730bb183debb352bac16d8b35769f58ccedb5fec644e62
transfer_cube,101,29,No cross-fitting,97017,1,1,4.0,4bcad0bba8c207e8a16ac88ee671a684f26dda6df3826ecd353183098aeba0f6,b7ae31fab4ba93266393245c9575a6615e0ca0d146e05a2659c00b5f53de774d
transfer_cube,101,29,No cross-fitting,97018,1,1,4.0,4bcad0bba8c207e8a16ac88ee671a684f26dda6df3826ecd353183098aeba0f6,f50fa008b30b4b5228092bacc4714863202d33eccf1331ccec77ead951e69be9
transfer_cube,101,29,No cross-fitting,97019,1,1,4.0,4bcad0bba8c207e8a16ac88ee671a684f26dda6df3826ecd353183098aeba0f6,37b27cf67d662149c24e8d452b7645cccbfc1c9e9185b8874db5996a74e4da41
transfer_cube,101,29,Global-time errors,97000,1,0,4.0,6f30a8853bddbc0fdb85cecda6cc0805dfe49ad65d992c4006971dee4c7300d4,e6f598154a4b07dbf8a1fe828799b7610a4ec45cf16c3b08a73b2985e7024872
transfer_cube,101,29,Global-time errors,97001,0,0,2.0,6f30a8853bddbc0fdb85cecda6cc0805dfe49ad65d992c4006971dee4c7300d4,c9ead67cf0a1fa7e67965eb729fe84ec9966ee36601cb827543a546704671b77
transfer_cube,101,29,Global-time errors,97002,1,1,4.0,6f30a8853bddbc0fdb85cecda6cc0805dfe49ad65d992c4006971dee4c7300d4,ad100f33a35ea4e9f4f024eaca1a1d2c0689cb382d509711a646b7989ed14474
transfer_cube,101,29,Global-time errors,97003,1,1,4.0,6f30a8853bddbc0fdb85cecda6cc0805dfe49ad65d992c4006971dee4c7300d4,fec4d6631c03bc52e491c407224d233354d3fa024fb396c696f8332d0123f36a
transfer_cube,101,29,Global-time errors,97004,1,1,4.0,6f30a8853bddbc0fdb85cecda6cc0805dfe49ad65d992c4006971dee4c7300d4,0fed5c59e93f6bf48a1c36f02f5671a75127c645a14378f65a6ff486e1538aa6
transfer_cube,101,29,Global-time errors,97005,1,1,4.0,6f30a8853bddbc0fdb85cecda6cc0805dfe49ad65d992c4006971dee4c7300d4,d636bffc3eceae1fc0f23b1526ba4180d3dddc8ca778ad13a4f583876a8a9a8f
transfer_cube,101,29,Global-time errors,97006,0,0,1.0,6f30a8853bddbc0fdb85cecda6cc0805dfe49ad65d992c4006971dee4c7300d4,7697a50646155ff71ccf02fcd1f0e56800d6e891029de76d66c5b9ae1050bebf
transfer_cube,101,29,Global-time errors,97007,1,1,4.0,6f30a8853bddbc0fdb85cecda6cc0805dfe49ad65d992c4006971dee4c7300d4,07f8b87a39fc665e9ca238b1226c702956bd4a42854c6d1d9f45bf71d5c2cb00
transfer_cube,101,29,Global-time errors,97008,1,1,4.0,6f30a8853bddbc0fdb85cecda6cc0805dfe49ad65d992c4006971dee4c7300d4,8abb300763c3c95894ce27e13e501884e4aa502b190cbd26e927fdb2442f2b06
transfer_cube,101,29,Global-time errors,97009,1,1,4.0,6f30a8853bddbc0fdb85cecda6cc0805dfe49ad65d992c4006971dee4c7300d4,dd63db3ceada3d3e49b9d7b776bbc848ad547550e214472b14c9ba055f499fa8
transfer_cube,101,29,Global-time errors,97010,1,1,4.0,6f30a8853bddbc0fdb85cecda6cc0805dfe49ad65d992c4006971dee4c7300d4,908d60d2346a3c676cbedb08f7a4f0ca415fa7d37062dc0da3b4ed8b5eb89739
transfer_cube,101,29,Global-time errors,97011,0,0,2.0,6f30a8853bddbc0fdb85cecda6cc0805dfe49ad65d992c4006971dee4c7300d4,644910bb5e813e8cddb0759846ce17bd9a05665628267f35fb27d052fa1f618a
transfer_cube,101,29,Global-time errors,97012,1,1,4.0,6f30a8853bddbc0fdb85cecda6cc0805dfe49ad65d992c4006971dee4c7300d4,98db9e7a52e99969931779be4f4e7ce16cc091c855089e1a67bd47fd0ab2af4a
transfer_cube,101,29,Global-time errors,97013,1,1,4.0,6f30a8853bddbc0fdb85cecda6cc0805dfe49ad65d992c4006971dee4c7300d4,05477d6a6519fa9edd5a437ea8dcc15ca1b3dc09a5362c8569afe5df3df45671
transfer_cube,101,29,Global-time errors,97014,1,1,4.0,6f30a8853bddbc0fdb85cecda6cc0805dfe49ad65d992c4006971dee4c7300d4,f908829617c3addd170c8c595d75b479ac446482517b90aca30843e4754ba4d0
transfer_cube,101,29,Global-time errors,97015,1,1,4.0,6f30a8853bddbc0fdb85cecda6cc0805dfe49ad65d992c4006971dee4c7300d4,f516c143dafa930dbcb7ae3aed414a83ccbd2d79da60b1434b055713bdc2a677
transfer_cube,101,29,Global-time errors,97016,1,1,4.0,6f30a8853bddbc0fdb85cecda6cc0805dfe49ad65d992c4006971dee4c7300d4,c382bd836bcdd8419ad07d8dc4f8c437d0aad3d24acb78334d1c74fe1777688c
transfer_cube,101,29,Global-time errors,97017,1,1,4.0,6f30a8853bddbc0fdb85cecda6cc0805dfe49ad65d992c4006971dee4c7300d4,121e05652a715ae5098af8b7133cd6b8d4aa91c63a9ea4ab7f66801612f1bab3
transfer_cube,101,29,Global-time errors,97018,1,1,4.0,6f30a8853bddbc0fdb85cecda6cc0805dfe49ad65d992c4006971dee4c7300d4,8f29cdfc453b1604927e18a2ed7fd89808e1a1a192fc9240bd4701da362b4ed8
transfer_cube,101,29,Global-time errors,97019,1,1,4.0,6f30a8853bddbc0fdb85cecda6cc0805dfe49ad65d992c4006971dee4c7300d4,67331adfb772e4edf226f064c0bfc9aab8bdec83c535f3ad596630b648b607ef
transfer_cube,101,29,No intermediate backtracking,97000,0,0,2.0,325234a728da2be2de9c472128a42b9ded6d07b81c7b574f5b35ad2aa9857722,62c1d05731547efddd447d2633034906e6f157e14bd3e5d7e420adbe8180f73a
transfer_cube,101,29,No intermediate backtracking,97001,0,0,2.0,325234a728da2be2de9c472128a42b9ded6d07b81c7b574f5b35ad2aa9857722,4ef13be2a6d34ccbe20dc6ee49e1622bddb5427ccb682d6d265ab899f830a534
transfer_cube,101,29,No intermediate backtracking,97002,1,1,4.0,325234a728da2be2de9c472128a42b9ded6d07b81c7b574f5b35ad2aa9857722,dee837ada27a8eb19910d00b0a7a5cfc2c45cb97c63e4055294b5c9e4112aac1
transfer_cube,101,29,No intermediate backtracking,97003,1,1,4.0,325234a728da2be2de9c472128a42b9ded6d07b81c7b574f5b35ad2aa9857722,20b4306ddc35250627cc90215b9a152bc972ccf7e1a386f5490307015e561ea6
transfer_cube,101,29,No intermediate backtracking,97004,1,1,4.0,325234a728da2be2de9c472128a42b9ded6d07b81c7b574f5b35ad2aa9857722,50d5cd171f9378b109294129d1db9315d7422124547511d50812df9c0d2b7bfd
transfer_cube,101,29,No intermediate backtracking,97005,1,1,4.0,325234a728da2be2de9c472128a42b9ded6d07b81c7b574f5b35ad2aa9857722,21ab4ace31a57416b433b3e58db6a21208873dcbed68e25a6838db44074dfdb6
transfer_cube,101,29,No intermediate backtracking,97006,0,0,2.0,325234a728da2be2de9c472128a42b9ded6d07b81c7b574f5b35ad2aa9857722,8eea98d79fbeff4ec556f942d38b37c50d547810ce6e412b59e95373097e5ec6
transfer_cube,101,29,No intermediate backtracking,97007,1,1,4.0,325234a728da2be2de9c472128a42b9ded6d07b81c7b574f5b35ad2aa9857722,baf522a27bcf9b5ed25750496fea1357e6e9866347451b2dfd6f225257eee474
transfer_cube,101,29,No intermediate backtracking,97008,1,1,4.0,325234a728da2be2de9c472128a42b9ded6d07b81c7b574f5b35ad2aa9857722,78dad92f7a1fc8808e626e95e485107ebfd7413e34bca00fbb401e537de74fab
transfer_cube,101,29,No intermediate backtracking,97009,1,1,4.0,325234a728da2be2de9c472128a42b9ded6d07b81c7b574f5b35ad2aa9857722,51170ac9ea220fb8208bf2935601bc3a9af7cf742490ee4790cd17c38218264e
transfer_cube,101,29,No intermediate backtracking,97010,1,1,4.0,325234a728da2be2de9c472128a42b9ded6d07b81c7b574f5b35ad2aa9857722,d6da7d7dfa4a192ba966d61c283668b20114a08956f89d06116d1500282a3043
transfer_cube,101,29,No intermediate backtracking,97011,1,1,4.0,325234a728da2be2de9c472128a42b9ded6d07b81c7b574f5b35ad2aa9857722,0e0e17f3a8dc7f568a0c2f1f13952529187da3085c9c0ee830f0a7ea2bbc472d
transfer_cube,101,29,No intermediate backtracking,97012,1,1,4.0,325234a728da2be2de9c472128a42b9ded6d07b81c7b574f5b35ad2aa9857722,0108560eeeb3b15ab5876a5cffa49f0a0c133141e9a2b3a774c28c939f6ebaf1
transfer_cube,101,29,No intermediate backtracking,97013,1,1,4.0,325234a728da2be2de9c472128a42b9ded6d07b81c7b574f5b35ad2aa9857722,59e9c52c249b02ab246f3a04b7e8bd05f0746c3dd144c6fa1c75529a1040a0a7
transfer_cube,101,29,No intermediate backtracking,97014,1,1,4.0,325234a728da2be2de9c472128a42b9ded6d07b81c7b574f5b35ad2aa9857722,dcae54c2bcbe9ab877fb4dbe1495fce3b7a4e8d9c82c7f6a84e7f2e380f4b850
transfer_cube,101,29,No intermediate backtracking,97015,1,1,4.0,325234a728da2be2de9c472128a42b9ded6d07b81c7b574f5b35ad2aa9857722,f4ba863fbda5a371e8fedf11af79c6b8a0423cc76a9bed20fd1939fb04c76cfa
transfer_cube,101,29,No intermediate backtracking,97016,1,1,4.0,325234a728da2be2de9c472128a42b9ded6d07b81c7b574f5b35ad2aa9857722,6a5cd27ceccb98e2759b0a735b3c2446304d0f17a27b959bcc99a19983cde687
transfer_cube,101,29,No intermediate backtracking,97017,1,1,4.0,325234a728da2be2de9c472128a42b9ded6d07b81c7b574f5b35ad2aa9857722,9a890dea720519e5d77575723a82c05016650c8ccad69cbd91dc94774c26a4e2
transfer_cube,101,29,No intermediate backtracking,97018,1,1,4.0,325234a728da2be2de9c472128a42b9ded6d07b81c7b574f5b35ad2aa9857722,b1a302b7fc960a458e73887e1ae90d186fbd8f8640767e0b42139b8f40896470
transfer_cube,101,29,No intermediate backtracking,97019,1,1,4.0,325234a728da2be2de9c472128a42b9ded6d07b81c7b574f5b35ad2aa9857722,221887568b8f65b5de379b37d4432f061a7a6d6102ab495b76e5fc97a0c39667
transfer_cube,101,29,Gaussian CPU budget,97000,1,1,4.0,0e3c645eaf6c62e0e89b191b3e7915f114fba145e4f0e8c1c195bef4c23182ca,ad97868e74a2e10597c36ea345210d40a20033c0bf1c152b0c6f8145380ec299
transfer_cube,101,29,Gaussian CPU budget,97001,0,0,1.0,0e3c645eaf6c62e0e89b191b3e7915f114fba145e4f0e8c1c195bef4c23182ca,d6d95605f19ca6a87c7bba2c7817d98ec434bcb1d461b0fbb6bf7cc98eac4d68
transfer_cube,101,29,Gaussian CPU budget,97002,1,1,4.0,0e3c645eaf6c62e0e89b191b3e7915f114fba145e4f0e8c1c195bef4c23182ca,0d344850c324e05e28afbf27ffcb2c10f6ae4c978e193cb501ff0517ff5da6df
transfer_cube,101,29,Gaussian CPU budget,97003,1,1,4.0,0e3c645eaf6c62e0e89b191b3e7915f114fba145e4f0e8c1c195bef4c23182ca,bd2e20b898deec3b2d8b3c30fcc501e2769d7549c46159ce2724d3cc4f91725f
transfer_cube,101,29,Gaussian CPU budget,97004,1,1,4.0,0e3c645eaf6c62e0e89b191b3e7915f114fba145e4f0e8c1c195bef4c23182ca,4e4eed875b75ab0ed87f5ad8ac2771876f99ce94355b2b12afafc4a1bc5c2752
transfer_cube,101,29,Gaussian CPU budget,97005,1,1,4.0,0e3c645eaf6c62e0e89b191b3e7915f114fba145e4f0e8c1c195bef4c23182ca,3e54064bd6e8cc9721c7cf7de0c18ec82a818c29a321c53e9147a87599732f67
transfer_cube,101,29,Gaussian CPU budget,97006,1,1,4.0,0e3c645eaf6c62e0e89b191b3e7915f114fba145e4f0e8c1c195bef4c23182ca,d77c692887a2d8a0205578351148715e57aa59341d8e37c08e27ab4dcc0a8b90
transfer_cube,101,29,Gaussian CPU budget,97007,1,1,4.0,0e3c645eaf6c62e0e89b191b3e7915f114fba145e4f0e8c1c195bef4c23182ca,59b04ec4234870f91816e0b59ef307a6234aa334e1a43ab213fac94cf2b4126b
transfer_cube,101,29,Gaussian CPU budget,97008,1,1,4.0,0e3c645eaf6c62e0e89b191b3e7915f114fba145e4f0e8c1c195bef4c23182ca,28287251620cb79664f4d14ad13e6dc0fb74bdcfd14e496268a8ff4ed1dfd9be
transfer_cube,101,29,Gaussian CPU budget,97009,1,1,4.0,0e3c645eaf6c62e0e89b191b3e7915f114fba145e4f0e8c1c195bef4c23182ca,3fb82a8ed65a47dacebe71afc93759462617712cb1931b81c6f1d9104b98343e
transfer_cube,101,29,Gaussian CPU budget,97010,1,1,4.0,0e3c645eaf6c62e0e89b191b3e7915f114fba145e4f0e8c1c195bef4c23182ca,5e7d7edbf44646a628e07b87ddf6ce221d020a63b4253196447bfc58493b2903
transfer_cube,101,29,Gaussian CPU budget,97011,1,1,4.0,0e3c645eaf6c62e0e89b191b3e7915f114fba145e4f0e8c1c195bef4c23182ca,715f5de395dc4c33c7d18c0c65b107941f628f091f6e511f0a17a911f67437b6
transfer_cube,101,29,Gaussian CPU budget,97012,1,1,4.0,0e3c645eaf6c62e0e89b191b3e7915f114fba145e4f0e8c1c195bef4c23182ca,24b88ffc7f55ee7c430a33784a3d319dcc5190cc2a9997996af9120ac8e19aae
transfer_cube,101,29,Gaussian CPU budget,97013,1,1,4.0,0e3c645eaf6c62e0e89b191b3e7915f114fba145e4f0e8c1c195bef4c23182ca,c1954c26fb0b8bc5358999252c98d77fabe720a5ec6d4a790f438e8e9d721efd
transfer_cube,101,29,Gaussian CPU budget,97014,1,1,4.0,0e3c645eaf6c62e0e89b191b3e7915f114fba145e4f0e8c1c195bef4c23182ca,cb2a2886dcb4a9e34c1bf25a91d88f48be706f169e94fa6962d14d381517859a
transfer_cube,101,29,Gaussian CPU budget,97015,1,1,4.0,0e3c645eaf6c62e0e89b191b3e7915f114fba145e4f0e8c1c195bef4c23182ca,706459eecccf39d8d2f0cd2982528a408604a166307c2265742ab192802f92f3
transfer_cube,101,29,Gaussian CPU budget,97016,1,1,4.0,0e3c645eaf6c62e0e89b191b3e7915f114fba145e4f0e8c1c195bef4c23182ca,e40cda6aa28ded90b3f8080d1fea31b1263dd915ee86a070e29cbc7154cc2049
transfer_cube,101,29,Gaussian CPU budget,97017,1,1,4.0,0e3c645eaf6c62e0e89b191b3e7915f114fba145e4f0e8c1c195bef4c23182ca,be9cc8586ee31dc5a3aeb78c540531e661f04d50b938c30b9ca21f19b24da3bb
transfer_cube,101,29,Gaussian CPU budget,97018,1,1,4.0,0e3c645eaf6c62e0e89b191b3e7915f114fba145e4f0e8c1c195bef4c23182ca,265fbcec75ccf72e693a92363ca75b5dc01ddee18c14b7ed8d4a8d5910d744b7
transfer_cube,101,29,Gaussian CPU budget,97019,1,1,4.0,0e3c645eaf6c62e0e89b191b3e7915f114fba145e4f0e8c1c195bef4c23182ca,53fac1dc70e0b52959637df71dd21342d34843abbf9161f91cc4eefdab780dbf
transfer_cube,101,43,Clean repeat,97000,1,1,4.0,68b42f4a487fd88a33abab65931977e33a87c5e3ce111ce657e063b9667a7afd,a7439e47e51181d7b97e9129822b1ca0eaa88c49dffc17046b9f5abcadc61301
transfer_cube,101,43,Clean repeat,97001,0,0,1.0,68b42f4a487fd88a33abab65931977e33a87c5e3ce111ce657e063b9667a7afd,57292c2449fbd89fbc8293d0b49c6d75cf0dc9cc88e01c0300c694170a646692
transfer_cube,101,43,Clean repeat,97002,1,1,4.0,68b42f4a487fd88a33abab65931977e33a87c5e3ce111ce657e063b9667a7afd,b72b771615d01e0f3299a9aecbee0a732635e54a033ccb037104220d7d95da8e
transfer_cube,101,43,Clean repeat,97003,1,1,4.0,68b42f4a487fd88a33abab65931977e33a87c5e3ce111ce657e063b9667a7afd,c74e18285bf2cf9be889184986b8976295081d8e5f5d14de3dd97ad5ca30884c
transfer_cube,101,43,Clean repeat,97004,1,1,4.0,68b42f4a487fd88a33abab65931977e33a87c5e3ce111ce657e063b9667a7afd,b8cbbfa69e440dcfc2b5a2c32111f98dd650bd25e201de80f0e3e40eff933c55
transfer_cube,101,43,Clean repeat,97005,1,1,4.0,68b42f4a487fd88a33abab65931977e33a87c5e3ce111ce657e063b9667a7afd,82432eb930d4142341ce88bd6c1d1ad196fc32f82928a1d72ccfcad97a8aacc2
transfer_cube,101,43,Clean repeat,97006,1,1,4.0,68b42f4a487fd88a33abab65931977e33a87c5e3ce111ce657e063b9667a7afd,83ba030b80575d55f6e7ee7402fba57b151b9567f624135317bee95428442dc5
transfer_cube,101,43,Clean repeat,97007,1,1,4.0,68b42f4a487fd88a33abab65931977e33a87c5e3ce111ce657e063b9667a7afd,10c59b22c6e71c2d558ace66a2027a7085813e541287a770b4e2799af99ac368
transfer_cube,101,43,Clean repeat,97008,1,1,4.0,68b42f4a487fd88a33abab65931977e33a87c5e3ce111ce657e063b9667a7afd,64bfab77a95465e564666bef122a0c175d1dd82ddf0c499980a988d89779da7d
transfer_cube,101,43,Clean repeat,97009,1,1,4.0,68b42f4a487fd88a33abab65931977e33a87c5e3ce111ce657e063b9667a7afd,cddaa1cc508eb0c7c9c49caf6a19b64528db32e5b1e942ea7d52995b524dc06e
transfer_cube,101,43,Clean repeat,97010,1,1,4.0,68b42f4a487fd88a33abab65931977e33a87c5e3ce111ce657e063b9667a7afd,5e2bd14722fa187f9cc34a8b5765e45f0ecfd516624447970707da8ef4ec9ae1
transfer_cube,101,43,Clean repeat,97011,1,1,4.0,68b42f4a487fd88a33abab65931977e33a87c5e3ce111ce657e063b9667a7afd,3aaf85fc6cdece4d34ee10897eb438b18a5d51e78ee17ec67d7945245a5892f0
transfer_cube,101,43,Clean repeat,97012,1,1,4.0,68b42f4a487fd88a33abab65931977e33a87c5e3ce111ce657e063b9667a7afd,af2d43c570cc86f23b9ad5887f1fdeb97cf367783b92846b3c359fb39a73ef58
transfer_cube,101,43,Clean repeat,97013,1,0,4.0,68b42f4a487fd88a33abab65931977e33a87c5e3ce111ce657e063b9667a7afd,08c3bfac267da9b74317db084eae4f5521c17bcb802757444675045b5df68755
transfer_cube,101,43,Clean repeat,97014,1,0,4.0,68b42f4a487fd88a33abab65931977e33a87c5e3ce111ce657e063b9667a7afd,cb7d0e127fab6729c5c00ddf768bed6c6c368b603d521513e118e323bb725bf0
transfer_cube,101,43,Clean repeat,97015,1,1,4.0,68b42f4a487fd88a33abab65931977e33a87c5e3ce111ce657e063b9667a7afd,1b0eb49e7f70df66a66ad3419572df43a815840517efd9d8111cf4f489ba6173
transfer_cube,101,43,Clean repeat,97016,1,1,4.0,68b42f4a487fd88a33abab65931977e33a87c5e3ce111ce657e063b9667a7afd,1852d7567d6b28dc5cf90ebdbf341acf663218277bc683891fcb32be4695a4b9
transfer_cube,101,43,Clean repeat,97017,1,1,4.0,68b42f4a487fd88a33abab65931977e33a87c5e3ce111ce657e063b9667a7afd,708d8ffab619c5c918bb637b1753636f69a2417061e1448df17e94e532c5557b
transfer_cube,101,43,Clean repeat,97018,1,1,4.0,68b42f4a487fd88a33abab65931977e33a87c5e3ce111ce657e063b9667a7afd,aefb1ee25c93a73b8e9cf18a02d7a74207dc02d56b4ffea0a318b5ef53306e4f
transfer_cube,101,43,Clean repeat,97019,1,1,4.0,68b42f4a487fd88a33abab65931977e33a87c5e3ce111ce657e063b9667a7afd,2837274fff9dbe2c3dbc7e361f43617cf0fbde0cc5ab319e0f3fea995fca9032
transfer_cube,101,43,SCANA-R,97000,1,1,4.0,20711df68688611830410ab30ef37b00f8a12880873dc1c370a5a3025dd78b2a,f20f5966b64740226d5306da78ee787da13fbb59171f2b17a37c37afe90fa410
transfer_cube,101,43,SCANA-R,97001,0,0,1.0,20711df68688611830410ab30ef37b00f8a12880873dc1c370a5a3025dd78b2a,c2385a6a70799bdddf39d4a2fc609e2b1b3779ad660fcc194586fc48aa41c10f
transfer_cube,101,43,SCANA-R,97002,1,1,4.0,20711df68688611830410ab30ef37b00f8a12880873dc1c370a5a3025dd78b2a,ab38ceeba8469adf0bc7bc9ee7193ced9cd5b24ca17b4e8f65f226e7c964acc9
transfer_cube,101,43,SCANA-R,97003,1,1,4.0,20711df68688611830410ab30ef37b00f8a12880873dc1c370a5a3025dd78b2a,409eeb1a28a596da2435a7830e7d1da4572454c1b5e914074e02f996ef6ef7ee
transfer_cube,101,43,SCANA-R,97004,1,1,4.0,20711df68688611830410ab30ef37b00f8a12880873dc1c370a5a3025dd78b2a,f1815cb6a4780d94b5531399874f0221376997ed59003c06b69653bff5c57023
transfer_cube,101,43,SCANA-R,97005,1,1,4.0,20711df68688611830410ab30ef37b00f8a12880873dc1c370a5a3025dd78b2a,8f55bc4ecb6d30d976baa3a99d28fcbd717f3687fc0486c25e3b5d18c7502bc5
transfer_cube,101,43,SCANA-R,97006,0,0,1.0,20711df68688611830410ab30ef37b00f8a12880873dc1c370a5a3025dd78b2a,ddad56e91bfca99c295304c560a6336a298dcb6249e9d0404f02332c3aaaf3a8
transfer_cube,101,43,SCANA-R,97007,1,1,4.0,20711df68688611830410ab30ef37b00f8a12880873dc1c370a5a3025dd78b2a,1d374544b07daa179f68db15f13a013dcc53d6a5fd42e414ddceb79d1f34eb3b
transfer_cube,101,43,SCANA-R,97008,1,1,4.0,20711df68688611830410ab30ef37b00f8a12880873dc1c370a5a3025dd78b2a,12883271e926263e21894f981b866dfcc24d356fba6a26d23cd38f2849db45f5
transfer_cube,101,43,SCANA-R,97009,1,1,4.0,20711df68688611830410ab30ef37b00f8a12880873dc1c370a5a3025dd78b2a,c4b046dea66a052bddd49927d43ac954e7defab170f84e62992d9fc12ddca67a
transfer_cube,101,43,SCANA-R,97010,1,1,4.0,20711df68688611830410ab30ef37b00f8a12880873dc1c370a5a3025dd78b2a,8cb88525d095f6a27bb7d2d02738d163a86f4ffffed4ae0028caeff5e7ab4a7a
transfer_cube,101,43,SCANA-R,97011,1,1,4.0,20711df68688611830410ab30ef37b00f8a12880873dc1c370a5a3025dd78b2a,15d8e1a0daaf1ea7ef7ad829ccb6a1f97f1a9e2732aef8f09cd0ad55d2ba4135
transfer_cube,101,43,SCANA-R,97012,1,1,4.0,20711df68688611830410ab30ef37b00f8a12880873dc1c370a5a3025dd78b2a,5d9cbadc7e9113aaad4114d19d801fc17c5bf5d65835b4e734ab4e55e99945fa
transfer_cube,101,43,SCANA-R,97013,1,0,4.0,20711df68688611830410ab30ef37b00f8a12880873dc1c370a5a3025dd78b2a,5e15960b1f486eee369b00ba587ea9d1444bdb0148209a720e62487244d560e6
transfer_cube,101,43,SCANA-R,97014,1,1,4.0,20711df68688611830410ab30ef37b00f8a12880873dc1c370a5a3025dd78b2a,1ff25bebf2cbbebee4ae9314ccab6e18f55e32653a5787df9c0eb23fdcf1327f
transfer_cube,101,43,SCANA-R,97015,1,1,4.0,20711df68688611830410ab30ef37b00f8a12880873dc1c370a5a3025dd78b2a,e3be5a2b52fbc40790a0885d41b390a2fa759e689ac7641eeb5376a32ff4df56
transfer_cube,101,43,SCANA-R,97016,1,1,4.0,20711df68688611830410ab30ef37b00f8a12880873dc1c370a5a3025dd78b2a,922765e2ca6134d1e6af7feab4fbeb3b8ae26d3c3765a59efe2d4eca4933939f
transfer_cube,101,43,SCANA-R,97017,1,1,4.0,20711df68688611830410ab30ef37b00f8a12880873dc1c370a5a3025dd78b2a,29849b45cd245fc4ca166e68a7552fe37f9606a3a7c0631fd6e8f71dd00835ee
transfer_cube,101,43,SCANA-R,97018,1,1,4.0,20711df68688611830410ab30ef37b00f8a12880873dc1c370a5a3025dd78b2a,8c29b086a272da696dd4b5ec8afb40ad19735cf3dc0db14257647c1a57ce09bb
transfer_cube,101,43,SCANA-R,97019,1,1,4.0,20711df68688611830410ab30ef37b00f8a12880873dc1c370a5a3025dd78b2a,1dd86e0d94107673e7f99408522b2d8588c188bd292d8b4c3ea7e111f4b09026
transfer_cube,101,43,Gaussian recovery,97000,0,0,0.0,7724679f61a0323e07c06b05128dfc51b903c80725d012c6cc1be455cda4ff88,edb9572c04be1cf2792c970c2e1e1d01f345576c9ee652cb2f115ed299ddb544
transfer_cube,101,43,Gaussian recovery,97001,0,0,1.0,7724679f61a0323e07c06b05128dfc51b903c80725d012c6cc1be455cda4ff88,d9c782962195649824465630e21b7d2f8915621a8b8070e95b67362c50181899
transfer_cube,101,43,Gaussian recovery,97002,1,1,4.0,7724679f61a0323e07c06b05128dfc51b903c80725d012c6cc1be455cda4ff88,785a3216efb6d745e9d3a1469cc67751e82bc8660eba1802aceb084b0a6c52cb
transfer_cube,101,43,Gaussian recovery,97003,1,1,4.0,7724679f61a0323e07c06b05128dfc51b903c80725d012c6cc1be455cda4ff88,5e02d7a2dba9307877083392a6af6247971e30131766cf5f231c3145b590ac12
transfer_cube,101,43,Gaussian recovery,97004,1,0,4.0,7724679f61a0323e07c06b05128dfc51b903c80725d012c6cc1be455cda4ff88,c437c809ab7ad04a56f5f4520416c20b304e108ef498449de95b6e78256fd59a
transfer_cube,101,43,Gaussian recovery,97005,1,1,4.0,7724679f61a0323e07c06b05128dfc51b903c80725d012c6cc1be455cda4ff88,6ad09859dd68f545e4d5b672e81b9f939252b5d4b4cb28179d11d3cc0150c3eb
transfer_cube,101,43,Gaussian recovery,97006,0,0,0.0,7724679f61a0323e07c06b05128dfc51b903c80725d012c6cc1be455cda4ff88,ff693404352f8f6a2234489f446f32cea87a64725704a058d47ebe50da17524b
transfer_cube,101,43,Gaussian recovery,97007,0,0,2.0,7724679f61a0323e07c06b05128dfc51b903c80725d012c6cc1be455cda4ff88,4184f26197f8f2d36a2ebd53d177a40ebad88643a5b95de3ced506ee170e5c88
transfer_cube,101,43,Gaussian recovery,97008,1,1,4.0,7724679f61a0323e07c06b05128dfc51b903c80725d012c6cc1be455cda4ff88,cfe25bc1c0c7ced892fd56b919628e482a2920cc7c21a1a1d99951b562e3ea22
transfer_cube,101,43,Gaussian recovery,97009,1,1,4.0,7724679f61a0323e07c06b05128dfc51b903c80725d012c6cc1be455cda4ff88,909d93c1dec3713bc94570e76c095e750f75c5bb2a30fea09e3d770eef2f2f6f
transfer_cube,101,43,Gaussian recovery,97010,1,1,4.0,7724679f61a0323e07c06b05128dfc51b903c80725d012c6cc1be455cda4ff88,0440ce05b9006f4dccdbff394d328ea76795060163ccca78c079774a24472c57
transfer_cube,101,43,Gaussian recovery,97011,1,1,4.0,7724679f61a0323e07c06b05128dfc51b903c80725d012c6cc1be455cda4ff88,2608e5af236f7b116194024a5d9ea15db8f344c3440797c0d3411a047eded334
transfer_cube,101,43,Gaussian recovery,97012,1,1,4.0,7724679f61a0323e07c06b05128dfc51b903c80725d012c6cc1be455cda4ff88,e6e4aa606bea7a106413300f9e26c2d680a81706654f51776f5a3018025de146
transfer_cube,101,43,Gaussian recovery,97013,0,0,1.0,7724679f61a0323e07c06b05128dfc51b903c80725d012c6cc1be455cda4ff88,36886ff5d68a927d2936663b4c2192ecdc8c4f51f6cea431d4464043cbb1729a
transfer_cube,101,43,Gaussian recovery,97014,0,0,0.0,7724679f61a0323e07c06b05128dfc51b903c80725d012c6cc1be455cda4ff88,56c8573154a6ce9682d8cdccc1cc751e765b1f185dac82ceb6d9d59ed7604079
transfer_cube,101,43,Gaussian recovery,97015,1,1,4.0,7724679f61a0323e07c06b05128dfc51b903c80725d012c6cc1be455cda4ff88,ee313ac80cb7548e750774d23274157bac69920d8677f5e0cc2c0bb95c0d2cca
transfer_cube,101,43,Gaussian recovery,97016,1,1,4.0,7724679f61a0323e07c06b05128dfc51b903c80725d012c6cc1be455cda4ff88,79923753991b14fde0db1355525e21f7aa7390eb0e48edd290b5051df899d725
transfer_cube,101,43,Gaussian recovery,97017,1,1,4.0,7724679f61a0323e07c06b05128dfc51b903c80725d012c6cc1be455cda4ff88,34f6b95fdbaa2e479a390b3d13de8ee4611e3d20825d858be3e4682d7248bff1
transfer_cube,101,43,Gaussian recovery,97018,0,0,0.0,7724679f61a0323e07c06b05128dfc51b903c80725d012c6cc1be455cda4ff88,45bed62adb53a22a0cf49ff2a7a5e241b32f4b9d2e72aa15d6a597e7d2c30c7a
transfer_cube,101,43,Gaussian recovery,97019,1,1,4.0,7724679f61a0323e07c06b05128dfc51b903c80725d012c6cc1be455cda4ff88,9a406c954b1239db5a8eb039d480477acc20b5798b0b1e76805a501f0513c25d
transfer_cube,101,43,No cross-fitting,97000,1,0,4.0,0d9d34edf764bc7996bd9016abbd9190d1748fea75b24bff89d68fdb75db993f,6c14285fbca8f26fa18f8609ece661d066b4fa7e2bb53f50082b047f4afdfa0f
transfer_cube,101,43,No cross-fitting,97001,0,0,1.0,0d9d34edf764bc7996bd9016abbd9190d1748fea75b24bff89d68fdb75db993f,17833e0f2b4aa3a962cf75662015c3d4636d15c9b84d8f6602e516fa1c800cd7
transfer_cube,101,43,No cross-fitting,97002,1,1,4.0,0d9d34edf764bc7996bd9016abbd9190d1748fea75b24bff89d68fdb75db993f,98d6fd86b8dd14dbd46b6aa7adbc0ce9f101c7d424d0cfaf4b7cdb34248725eb
transfer_cube,101,43,No cross-fitting,97003,1,1,4.0,0d9d34edf764bc7996bd9016abbd9190d1748fea75b24bff89d68fdb75db993f,aa0e4431fb9f25734ec3f584c98784f61c8469384cc03366fcc751a3facc238c
transfer_cube,101,43,No cross-fitting,97004,1,1,4.0,0d9d34edf764bc7996bd9016abbd9190d1748fea75b24bff89d68fdb75db993f,78aa5a339e5d1e45e6248c2b9e71a864cc109b5c24900d69e79d84bba4e51a58
transfer_cube,101,43,No cross-fitting,97005,1,1,4.0,0d9d34edf764bc7996bd9016abbd9190d1748fea75b24bff89d68fdb75db993f,59d9eb1d4787b30450a2fcbba871d0c7943a3c9f8e9efebb0889134573a74dc5
transfer_cube,101,43,No cross-fitting,97006,0,0,0.0,0d9d34edf764bc7996bd9016abbd9190d1748fea75b24bff89d68fdb75db993f,fcf5d45546e753864a2484f6ab0787ee532a7bf59b49827b6bbf5f933df57dec
transfer_cube,101,43,No cross-fitting,97007,1,1,4.0,0d9d34edf764bc7996bd9016abbd9190d1748fea75b24bff89d68fdb75db993f,9a754368a983397b0408792b363491a549a3ff403eb9433b9706a6f5d7236f84
transfer_cube,101,43,No cross-fitting,97008,1,1,4.0,0d9d34edf764bc7996bd9016abbd9190d1748fea75b24bff89d68fdb75db993f,844ad45cae4ea3ddc17c31a4528495879491c2a9e89536a60bd543bd90dc3aab
transfer_cube,101,43,No cross-fitting,97009,1,1,4.0,0d9d34edf764bc7996bd9016abbd9190d1748fea75b24bff89d68fdb75db993f,8f64b012930eb128d8425d7a504dffd41c0274846e2639891f16421ba5d8eecf
transfer_cube,101,43,No cross-fitting,97010,1,1,4.0,0d9d34edf764bc7996bd9016abbd9190d1748fea75b24bff89d68fdb75db993f,eaa31996d358bc02829c736fd2aab0cee87fb8f7c49c7a6a8959b6ea16c1a5f8
transfer_cube,101,43,No cross-fitting,97011,1,1,4.0,0d9d34edf764bc7996bd9016abbd9190d1748fea75b24bff89d68fdb75db993f,d843d294f66aae2f4cd021a07f5d3ba2cb33930929f3b0ddd1f6f5bbedcd05da
transfer_cube,101,43,No cross-fitting,97012,1,1,4.0,0d9d34edf764bc7996bd9016abbd9190d1748fea75b24bff89d68fdb75db993f,6fe288c48b55aeee1e28fc72bf59a7ed76c3877eaf1ba97f4953c0733edf057f
transfer_cube,101,43,No cross-fitting,97013,1,1,4.0,0d9d34edf764bc7996bd9016abbd9190d1748fea75b24bff89d68fdb75db993f,66d45f05e2a56ce5f9b505abddbe73842a0b39277e46efe4ac96831963664c18
transfer_cube,101,43,No cross-fitting,97014,0,0,2.0,0d9d34edf764bc7996bd9016abbd9190d1748fea75b24bff89d68fdb75db993f,3046edac207b288cecfdbd0548b10dc29e83d0c72d0e2946f061af8d6c12b2ee
transfer_cube,101,43,No cross-fitting,97015,1,1,4.0,0d9d34edf764bc7996bd9016abbd9190d1748fea75b24bff89d68fdb75db993f,62792bf171289b6b5772c6cc7e74c388b4de489066f3a2015f36adb27666397e
transfer_cube,101,43,No cross-fitting,97016,1,1,4.0,0d9d34edf764bc7996bd9016abbd9190d1748fea75b24bff89d68fdb75db993f,69f62b5a5e4cf8d6579d7fbf7de05153dc3e0b0490718a34f550fe51e6658f06
transfer_cube,101,43,No cross-fitting,97017,1,1,4.0,0d9d34edf764bc7996bd9016abbd9190d1748fea75b24bff89d68fdb75db993f,10a33283d42b3e9d1db6a30758f7f8f5ff753f2d4646c18e16f3594c4b38761b
transfer_cube,101,43,No cross-fitting,97018,1,1,4.0,0d9d34edf764bc7996bd9016abbd9190d1748fea75b24bff89d68fdb75db993f,48519de03dce847f94737a9c5b38826c18210b4e5fb106895bc76794197d0c93
transfer_cube,101,43,No cross-fitting,97019,1,1,4.0,0d9d34edf764bc7996bd9016abbd9190d1748fea75b24bff89d68fdb75db993f,38eee4e4753bcd7c7d458643975306f185aa5a97fbf178d8d7923c3ac5395622
transfer_cube,101,43,Global-time errors,97000,1,1,4.0,6794cf1d3f86f3aa6acb4aa3b7934fb5d706ea9e9b52201f94b735285af997ee,aa0f3fe79962c1ad1c7340de1df1a67c1e92b00fc0c5e76a91da2837b0cc0a72
transfer_cube,101,43,Global-time errors,97001,0,0,1.0,6794cf1d3f86f3aa6acb4aa3b7934fb5d706ea9e9b52201f94b735285af997ee,d5f83af35fba651e1f1e7d5a85fa81ce889702a6822bb07ffc64195cb5f27d59
transfer_cube,101,43,Global-time errors,97002,1,1,4.0,6794cf1d3f86f3aa6acb4aa3b7934fb5d706ea9e9b52201f94b735285af997ee,4c947c393c700a9fedea5c52c302cd3df2cdf9ad0632f2d44978335642368c0a
transfer_cube,101,43,Global-time errors,97003,1,1,4.0,6794cf1d3f86f3aa6acb4aa3b7934fb5d706ea9e9b52201f94b735285af997ee,b1a31a5349a2fc590afa698bf2379005a4846cda165eef413c7efc35bf8cd848
transfer_cube,101,43,Global-time errors,97004,1,1,4.0,6794cf1d3f86f3aa6acb4aa3b7934fb5d706ea9e9b52201f94b735285af997ee,2c23bf21fb6a5c7414ab79dd5c64fd60ca7b3926f0edc13f48fb42680fafd23f
transfer_cube,101,43,Global-time errors,97005,1,1,4.0,6794cf1d3f86f3aa6acb4aa3b7934fb5d706ea9e9b52201f94b735285af997ee,e146c56bfd22116c9001881cdb6ea9c815d5abe676a250b76d5b79a7612696d4
transfer_cube,101,43,Global-time errors,97006,0,0,1.0,6794cf1d3f86f3aa6acb4aa3b7934fb5d706ea9e9b52201f94b735285af997ee,f7181a00692bb8bf9d55f3302cc9ef7d2f1f60cb503e4ca892434acad040a317
transfer_cube,101,43,Global-time errors,97007,1,1,4.0,6794cf1d3f86f3aa6acb4aa3b7934fb5d706ea9e9b52201f94b735285af997ee,76fbbfdbe1e6acf8519b989ce70155068691161987f25f6546f34151cb5ad0c1
transfer_cube,101,43,Global-time errors,97008,1,1,4.0,6794cf1d3f86f3aa6acb4aa3b7934fb5d706ea9e9b52201f94b735285af997ee,4362585193c9f4cc38156666c8d5493b4cb2c7d4d52bfa1cc44df7c30a7483de
transfer_cube,101,43,Global-time errors,97009,1,1,4.0,6794cf1d3f86f3aa6acb4aa3b7934fb5d706ea9e9b52201f94b735285af997ee,973e62885c238cf2470de96b076647c8d8a966e05b3c0d0dba51a2fd00cb97e9
transfer_cube,101,43,Global-time errors,97010,1,1,4.0,6794cf1d3f86f3aa6acb4aa3b7934fb5d706ea9e9b52201f94b735285af997ee,7de52644824ec851ebb0d474d33a3e314f78872834e91a0d3b1a4d65f089615d
transfer_cube,101,43,Global-time errors,97011,1,1,4.0,6794cf1d3f86f3aa6acb4aa3b7934fb5d706ea9e9b52201f94b735285af997ee,e2e15e45f46244c84da0df44184860cb913514416b8b3abf98ff9d3639d047f3
transfer_cube,101,43,Global-time errors,97012,1,1,4.0,6794cf1d3f86f3aa6acb4aa3b7934fb5d706ea9e9b52201f94b735285af997ee,004ccdf49526a20527af653e035a62dc51fa47ee3699a8923e210e4e9717ca70
transfer_cube,101,43,Global-time errors,97013,1,1,4.0,6794cf1d3f86f3aa6acb4aa3b7934fb5d706ea9e9b52201f94b735285af997ee,a577f95a5b0ae92aa6874bdb959b8f1e4141b4636d61a70e2408b60d9a662fbf
transfer_cube,101,43,Global-time errors,97014,0,0,2.0,6794cf1d3f86f3aa6acb4aa3b7934fb5d706ea9e9b52201f94b735285af997ee,2cb027f177f19dbb30b5ccbcf5c75f2258726ba6e83bc2c0553c64c8d1366107
transfer_cube,101,43,Global-time errors,97015,1,1,4.0,6794cf1d3f86f3aa6acb4aa3b7934fb5d706ea9e9b52201f94b735285af997ee,b18f95fbf332ed25c16b1f424180818027d0976fa27157a12aced8e3e9615468
transfer_cube,101,43,Global-time errors,97016,1,1,4.0,6794cf1d3f86f3aa6acb4aa3b7934fb5d706ea9e9b52201f94b735285af997ee,45539994ee79f76e59fba2ba4c19e9e225233a2acef4a36e42bfdb3631af6870
transfer_cube,101,43,Global-time errors,97017,1,1,4.0,6794cf1d3f86f3aa6acb4aa3b7934fb5d706ea9e9b52201f94b735285af997ee,8676c812d34035cf72035846c7e311979785ed6dab76402b7fb2c03e0b7b57cb
transfer_cube,101,43,Global-time errors,97018,0,0,2.0,6794cf1d3f86f3aa6acb4aa3b7934fb5d706ea9e9b52201f94b735285af997ee,d188c8c4878d04dbb31da4872fc339cf3da372f40d884e971f90168c0b2740fd
transfer_cube,101,43,Global-time errors,97019,1,1,4.0,6794cf1d3f86f3aa6acb4aa3b7934fb5d706ea9e9b52201f94b735285af997ee,8feba822eee1447887a2f06566aa01f6c4db7a456dde4dde3e197f1a2e0c708a
transfer_cube,101,43,No intermediate backtracking,97000,1,1,4.0,0fc57bb40ca0a771fcaff56f5e9cb3b10ffa5bff66af00bf75b9becb3b22f52f,8e7b197a16dbd709ed608e28e08221a4e3700233d31f281f97deaa276982173b
transfer_cube,101,43,No intermediate backtracking,97001,0,0,1.0,0fc57bb40ca0a771fcaff56f5e9cb3b10ffa5bff66af00bf75b9becb3b22f52f,6936647036fadbf4bea81f733aa041d3485b420dbaea1508d34d2d7d8749b11f
transfer_cube,101,43,No intermediate backtracking,97002,1,1,4.0,0fc57bb40ca0a771fcaff56f5e9cb3b10ffa5bff66af00bf75b9becb3b22f52f,44d633fffd9fcd94575a02c67ef0a6ff387226139d102650f8a7958ecb7962d9
transfer_cube,101,43,No intermediate backtracking,97003,1,1,4.0,0fc57bb40ca0a771fcaff56f5e9cb3b10ffa5bff66af00bf75b9becb3b22f52f,16a836b2e78fb8550d144568653d21683711f4a2cee06552aabaa2b320174926
transfer_cube,101,43,No intermediate backtracking,97004,1,1,4.0,0fc57bb40ca0a771fcaff56f5e9cb3b10ffa5bff66af00bf75b9becb3b22f52f,4d3dd185f7959a15f68cbe8482498b0e2edc9479079ac088737f06683c56d6aa
transfer_cube,101,43,No intermediate backtracking,97005,1,1,4.0,0fc57bb40ca0a771fcaff56f5e9cb3b10ffa5bff66af00bf75b9becb3b22f52f,92d5995964c9b1a2365671a8ce4b9bd51e64a295138b1c16d6420912bdfaa23d
transfer_cube,101,43,No intermediate backtracking,97006,0,0,1.0,0fc57bb40ca0a771fcaff56f5e9cb3b10ffa5bff66af00bf75b9becb3b22f52f,bd54d4f78dc730518681fed701980e273321eee4cfa7c0b2da8bf86cd60276fc
transfer_cube,101,43,No intermediate backtracking,97007,1,1,4.0,0fc57bb40ca0a771fcaff56f5e9cb3b10ffa5bff66af00bf75b9becb3b22f52f,7382f06450ade17cd0a21299aa634f4f9d0fc246ce4afd917247820d7f04b584
transfer_cube,101,43,No intermediate backtracking,97008,1,1,4.0,0fc57bb40ca0a771fcaff56f5e9cb3b10ffa5bff66af00bf75b9becb3b22f52f,4167d244799fd3f306bee618d230c300c210abb966e2d627c56405745eb437bc
transfer_cube,101,43,No intermediate backtracking,97009,1,1,4.0,0fc57bb40ca0a771fcaff56f5e9cb3b10ffa5bff66af00bf75b9becb3b22f52f,a24c1514935caac74d403db58ca5164ca74e810217dfbb189c158d83f2df10a7
transfer_cube,101,43,No intermediate backtracking,97010,1,1,4.0,0fc57bb40ca0a771fcaff56f5e9cb3b10ffa5bff66af00bf75b9becb3b22f52f,018ea466c887590e0635b33c98a689d078ff374d7a1bb40825aac3a2c9370ba1
transfer_cube,101,43,No intermediate backtracking,97011,1,1,4.0,0fc57bb40ca0a771fcaff56f5e9cb3b10ffa5bff66af00bf75b9becb3b22f52f,c1eaa70fe0ac69aa41b2c9bb753c2b71ce8eb043c54f51b50b237d614a2091c7
transfer_cube,101,43,No intermediate backtracking,97012,1,1,4.0,0fc57bb40ca0a771fcaff56f5e9cb3b10ffa5bff66af00bf75b9becb3b22f52f,09c34f06c1b5c1c9782032465d9f0d7ac1076ec1203f5ea387f227c8cddd0cd6
transfer_cube,101,43,No intermediate backtracking,97013,1,1,4.0,0fc57bb40ca0a771fcaff56f5e9cb3b10ffa5bff66af00bf75b9becb3b22f52f,5ef491a752d70cb2eea1505ff6e31728be9227c9737422225893bb6e88822635
transfer_cube,101,43,No intermediate backtracking,97014,1,0,4.0,0fc57bb40ca0a771fcaff56f5e9cb3b10ffa5bff66af00bf75b9becb3b22f52f,052ac26aaaa418225579ce9310ace48e269c830164e63463676d1aa19edb81d2
transfer_cube,101,43,No intermediate backtracking,97015,1,1,4.0,0fc57bb40ca0a771fcaff56f5e9cb3b10ffa5bff66af00bf75b9becb3b22f52f,9393da223a5a3b86e9695c373e546f3b1119159fdb26b67618f714f3fdf76735
transfer_cube,101,43,No intermediate backtracking,97016,1,1,4.0,0fc57bb40ca0a771fcaff56f5e9cb3b10ffa5bff66af00bf75b9becb3b22f52f,8f241dfc47a4a902edc6ef23b957c898eda07330287610fb401a1e774e164e78
transfer_cube,101,43,No intermediate backtracking,97017,1,1,4.0,0fc57bb40ca0a771fcaff56f5e9cb3b10ffa5bff66af00bf75b9becb3b22f52f,78467ee6f8c2b573bf407337a40e11fcfb74351ed9e99c26d71631d4a002f505
transfer_cube,101,43,No intermediate backtracking,97018,1,1,4.0,0fc57bb40ca0a771fcaff56f5e9cb3b10ffa5bff66af00bf75b9becb3b22f52f,7cbcd6bb4e2600b3f27b498e090a9f15cb344e01c6fc3c11fa00803b6d898e95
transfer_cube,101,43,No intermediate backtracking,97019,1,1,4.0,0fc57bb40ca0a771fcaff56f5e9cb3b10ffa5bff66af00bf75b9becb3b22f52f,e1540dcc156b7f4e1556a0871b8805b2d208191d84d6f3f182cd220eb9d80bc2
transfer_cube,101,43,Gaussian CPU budget,97000,1,1,4.0,ebfc3949ce0eace687d67b9a51e9241886c2d2e4cab183836d5c8bb403d3cd34,aaf98d26070e4776b5d792f28ba4465d99ec0a573d6d9db58438e54f10a0e901
transfer_cube,101,43,Gaussian CPU budget,97001,0,0,2.0,ebfc3949ce0eace687d67b9a51e9241886c2d2e4cab183836d5c8bb403d3cd34,97967a33519b3262dda429a509cab017ca70824227e80e165cea7ef7d29f06be
transfer_cube,101,43,Gaussian CPU budget,97002,1,1,4.0,ebfc3949ce0eace687d67b9a51e9241886c2d2e4cab183836d5c8bb403d3cd34,8515fb9d9f9d80da5e04730060922b19b151f630bac245fd129a38bab68eb1ee
transfer_cube,101,43,Gaussian CPU budget,97003,1,1,4.0,ebfc3949ce0eace687d67b9a51e9241886c2d2e4cab183836d5c8bb403d3cd34,5a7d1c281e0a1a69edf4e90994d431ad22f3f80d375cc16637f41452ccb89e80
transfer_cube,101,43,Gaussian CPU budget,97004,1,1,4.0,ebfc3949ce0eace687d67b9a51e9241886c2d2e4cab183836d5c8bb403d3cd34,1f0e6e45a77100dc561950a8ab411f2793580a4b143458638889bd241cfb3c5a
transfer_cube,101,43,Gaussian CPU budget,97005,1,1,4.0,ebfc3949ce0eace687d67b9a51e9241886c2d2e4cab183836d5c8bb403d3cd34,8ff00d268ba28e254c892036173b4b954be5f0c1942a1e998638386206fdec01
transfer_cube,101,43,Gaussian CPU budget,97006,1,1,4.0,ebfc3949ce0eace687d67b9a51e9241886c2d2e4cab183836d5c8bb403d3cd34,74c4c43c9cb5571023c134808e512e2607f9efe4c642c7ef07726953c42d16cf
transfer_cube,101,43,Gaussian CPU budget,97007,1,1,4.0,ebfc3949ce0eace687d67b9a51e9241886c2d2e4cab183836d5c8bb403d3cd34,108392271f8bf9d2890f04f7495f1093480b85e08e0b4796fd615fa516d7f8c8
transfer_cube,101,43,Gaussian CPU budget,97008,1,1,4.0,ebfc3949ce0eace687d67b9a51e9241886c2d2e4cab183836d5c8bb403d3cd34,a4a2c5c243f9371d2fa87944f5eee551a6a1ed216764cc8872c1703b6d941175
transfer_cube,101,43,Gaussian CPU budget,97009,1,1,4.0,ebfc3949ce0eace687d67b9a51e9241886c2d2e4cab183836d5c8bb403d3cd34,237001f29d8284ceba1b8ad288f16b4906f3e0f82f1ff5ac709826d213f6b47f
transfer_cube,101,43,Gaussian CPU budget,97010,1,1,4.0,ebfc3949ce0eace687d67b9a51e9241886c2d2e4cab183836d5c8bb403d3cd34,45d85676a72103a4da18971657dcaa2e323114e9beb126e6cc4e62c3ab7c450b
transfer_cube,101,43,Gaussian CPU budget,97011,1,1,4.0,ebfc3949ce0eace687d67b9a51e9241886c2d2e4cab183836d5c8bb403d3cd34,99419b4d5631e5f376fb1bbf05cc852eae22f3ccd44031be9fd80794ff713bf8
transfer_cube,101,43,Gaussian CPU budget,97012,1,1,4.0,ebfc3949ce0eace687d67b9a51e9241886c2d2e4cab183836d5c8bb403d3cd34,d137311f4f760adb2f26749a7a0d86930d06116ae47ebe345cc733d2e519024e
transfer_cube,101,43,Gaussian CPU budget,97013,1,1,4.0,ebfc3949ce0eace687d67b9a51e9241886c2d2e4cab183836d5c8bb403d3cd34,167f1fd8b6dd88546362967a2c85532ce68e03d805faa63c86c7d6b504a76afa
transfer_cube,101,43,Gaussian CPU budget,97014,1,1,4.0,ebfc3949ce0eace687d67b9a51e9241886c2d2e4cab183836d5c8bb403d3cd34,9ca906e7e34ef419ac1dc4d5dcc43eb31463b90ffb330e6dad34e2e05ad7ff4a
transfer_cube,101,43,Gaussian CPU budget,97015,1,1,4.0,ebfc3949ce0eace687d67b9a51e9241886c2d2e4cab183836d5c8bb403d3cd34,29bc3ed792523515fd90fb4bd0b917345f807e350a1f1893a80af662d35784f5
transfer_cube,101,43,Gaussian CPU budget,97016,1,1,4.0,ebfc3949ce0eace687d67b9a51e9241886c2d2e4cab183836d5c8bb403d3cd34,53143469585d83ebb794e323fa19dca63c0aaaa94b2d5cf9d076e0eed8faf2a7
transfer_cube,101,43,Gaussian CPU budget,97017,1,1,4.0,ebfc3949ce0eace687d67b9a51e9241886c2d2e4cab183836d5c8bb403d3cd34,cd4bc442d6b396f93547fb07905c0928586d9a02ec0860b571b01048e72d6fae
transfer_cube,101,43,Gaussian CPU budget,97018,1,1,4.0,ebfc3949ce0eace687d67b9a51e9241886c2d2e4cab183836d5c8bb403d3cd34,d5b6d418744e92a63ec58f178b08ec2c3a495b3db0a2d91e0532beaef6a22791
transfer_cube,101,43,Gaussian CPU budget,97019,1,1,4.0,ebfc3949ce0eace687d67b9a51e9241886c2d2e4cab183836d5c8bb403d3cd34,bfe9fac5f3d8a7f5e7c783aea47002e7ae0bbea9c6c5391476f0d0db111e8c88
transfer_cube,211,17,Clean repeat,97000,1,1,4.0,5cb93ad30455f2f6f0f7c6a492c02f15270644242e14e2f3fa93e12c13bd4d76,510eb2da7abf5f51aa6fbfc076ef9c416d8c59444884d8f35752656dbd107d79
transfer_cube,211,17,Clean repeat,97001,0,0,2.0,5cb93ad30455f2f6f0f7c6a492c02f15270644242e14e2f3fa93e12c13bd4d76,0b4efefb78c495791e9700c3c846c9ae3f23b98e834ea4992b1a9990c453a632
transfer_cube,211,17,Clean repeat,97002,1,1,4.0,5cb93ad30455f2f6f0f7c6a492c02f15270644242e14e2f3fa93e12c13bd4d76,3ee4e46286e854444f9d20c40d923ebb73832cbf1762d22e20a67dc809113a9f
transfer_cube,211,17,Clean repeat,97003,1,1,4.0,5cb93ad30455f2f6f0f7c6a492c02f15270644242e14e2f3fa93e12c13bd4d76,02cfd1001bbd0d5155f21aaba93642557cf7ad31cbefe1ba30b62631807e0cee
transfer_cube,211,17,Clean repeat,97004,0,0,2.0,5cb93ad30455f2f6f0f7c6a492c02f15270644242e14e2f3fa93e12c13bd4d76,1bacd2081815793a0d39a5b8f45dc10a496475ce098356f539a4a4beb15d470b
transfer_cube,211,17,Clean repeat,97005,1,1,4.0,5cb93ad30455f2f6f0f7c6a492c02f15270644242e14e2f3fa93e12c13bd4d76,402689e7bb1ea09f9e1f3363b2ad191b479696f6ec20ad61e38fbe3c7e1b1ec5
transfer_cube,211,17,Clean repeat,97006,1,1,4.0,5cb93ad30455f2f6f0f7c6a492c02f15270644242e14e2f3fa93e12c13bd4d76,85a767a94952ba404eec19d8bd553dbbd4c0822a0d49445cba13e0d6fd395ab2
transfer_cube,211,17,Clean repeat,97007,1,1,4.0,5cb93ad30455f2f6f0f7c6a492c02f15270644242e14e2f3fa93e12c13bd4d76,30a6c146aed860f4114890b414de76a86f4c2f6505b782cd40a374d26e145b1f
transfer_cube,211,17,Clean repeat,97008,1,0,4.0,5cb93ad30455f2f6f0f7c6a492c02f15270644242e14e2f3fa93e12c13bd4d76,aa8e222f9eea4b63792fb06e757baf397f1e46b0b95af03c679ae586841e2ab6
transfer_cube,211,17,Clean repeat,97009,1,1,4.0,5cb93ad30455f2f6f0f7c6a492c02f15270644242e14e2f3fa93e12c13bd4d76,13d425b06ffce68966c095ce05536a9baa341997869692f17bda35c3aec567b2
transfer_cube,211,17,Clean repeat,97010,1,1,4.0,5cb93ad30455f2f6f0f7c6a492c02f15270644242e14e2f3fa93e12c13bd4d76,5b8dd76a4eb7aee36be805e59c53df42a8ba14361da6744dab11f4f09321e27e
transfer_cube,211,17,Clean repeat,97011,0,0,2.0,5cb93ad30455f2f6f0f7c6a492c02f15270644242e14e2f3fa93e12c13bd4d76,f169aa9da1dd90b63285f28fa884419720881a4529aad60022b9b377dfa74f31
transfer_cube,211,17,Clean repeat,97012,1,1,4.0,5cb93ad30455f2f6f0f7c6a492c02f15270644242e14e2f3fa93e12c13bd4d76,83f773591e63db2a56c0b2c3e174f685a53b1b55b5d93b03b15b1115079d2517
transfer_cube,211,17,Clean repeat,97013,0,0,2.0,5cb93ad30455f2f6f0f7c6a492c02f15270644242e14e2f3fa93e12c13bd4d76,fa2bd2de4f7ddd4da7683c814dacbd6228ee82355d651d8c5ab918fc14df2a82
transfer_cube,211,17,Clean repeat,97014,0,0,2.0,5cb93ad30455f2f6f0f7c6a492c02f15270644242e14e2f3fa93e12c13bd4d76,7caba1699a7cc1209a7d1d3a9aad0045d30ed3d3ae2ecba1e98c98aa869b500b
transfer_cube,211,17,Clean repeat,97015,1,1,4.0,5cb93ad30455f2f6f0f7c6a492c02f15270644242e14e2f3fa93e12c13bd4d76,45a20eeee77c97ee29c6168c311dd562919ce2e23b36ece67d1b364db58e1137
transfer_cube,211,17,Clean repeat,97016,1,1,4.0,5cb93ad30455f2f6f0f7c6a492c02f15270644242e14e2f3fa93e12c13bd4d76,1cf165cc1db1391aa14e2a4e4521f895890642cb7925560cb02e00cb8c4be0c1
transfer_cube,211,17,Clean repeat,97017,1,1,4.0,5cb93ad30455f2f6f0f7c6a492c02f15270644242e14e2f3fa93e12c13bd4d76,5edd4bb40912612698eec48ff289439079dbead961544c756a9649ad583fcbf4
transfer_cube,211,17,Clean repeat,97018,1,1,4.0,5cb93ad30455f2f6f0f7c6a492c02f15270644242e14e2f3fa93e12c13bd4d76,282bb8f62dd26776a39293e2e931354d04b76ba4da6d27f9b2d151279cafb93e
transfer_cube,211,17,Clean repeat,97019,1,1,4.0,5cb93ad30455f2f6f0f7c6a492c02f15270644242e14e2f3fa93e12c13bd4d76,096484556cc365250fba27872b43d9ae43a4be88dee4bc4b56dbe38211056aaf
transfer_cube,211,17,SCANA-R,97000,1,1,4.0,d91f62e6007a02a2b590ff20498554f3808f5201e3d5f914921e7aa7bb9078d4,fee6a4f34e9e61d070dc1fe7f2269f8d8b5ab3e74e72bd3749111faf22053b92
transfer_cube,211,17,SCANA-R,97001,0,0,1.0,d91f62e6007a02a2b590ff20498554f3808f5201e3d5f914921e7aa7bb9078d4,22bfeca816592ce5aadba2c07f24ad88462c5ebf95609bbd7ba8de79f1e1287c
transfer_cube,211,17,SCANA-R,97002,1,1,4.0,d91f62e6007a02a2b590ff20498554f3808f5201e3d5f914921e7aa7bb9078d4,68cdd6092391bbd0c163278726467d41063436c29c6d714b443821e174befc19
transfer_cube,211,17,SCANA-R,97003,1,1,4.0,d91f62e6007a02a2b590ff20498554f3808f5201e3d5f914921e7aa7bb9078d4,757499c2ea7606e9e34ce9d73bb54eab0d7b6c23e33f8e75a8899d1de27a15cd
transfer_cube,211,17,SCANA-R,97004,1,1,4.0,d91f62e6007a02a2b590ff20498554f3808f5201e3d5f914921e7aa7bb9078d4,7b878045bc31e5d2bcee34417fd29c0e38267368c2f932b513935136e8e62813
transfer_cube,211,17,SCANA-R,97005,1,1,4.0,d91f62e6007a02a2b590ff20498554f3808f5201e3d5f914921e7aa7bb9078d4,db571c70abbdadae2f420a383573383e6c4042b423fd12ffd2469158edb66199
transfer_cube,211,17,SCANA-R,97006,1,1,4.0,d91f62e6007a02a2b590ff20498554f3808f5201e3d5f914921e7aa7bb9078d4,22ffda26c88ae9b94e92823329d9d80d2330d720aeb316fab588cc30b9a16c39
transfer_cube,211,17,SCANA-R,97007,1,1,4.0,d91f62e6007a02a2b590ff20498554f3808f5201e3d5f914921e7aa7bb9078d4,1d0a1cb337156f20c84afbfe39609695da43d2142e34975e0d9fcb592737f657
transfer_cube,211,17,SCANA-R,97008,1,1,4.0,d91f62e6007a02a2b590ff20498554f3808f5201e3d5f914921e7aa7bb9078d4,435a33ba123597a11685a5c3e6e8435fb5b5f0cab2fbef99cf94410d734ba000
transfer_cube,211,17,SCANA-R,97009,1,1,4.0,d91f62e6007a02a2b590ff20498554f3808f5201e3d5f914921e7aa7bb9078d4,9e6bfc330ca9393180b42bd0b60b998caecd50f221f43be850df1cb7a8968764
transfer_cube,211,17,SCANA-R,97010,1,1,4.0,d91f62e6007a02a2b590ff20498554f3808f5201e3d5f914921e7aa7bb9078d4,9bee2e1fba9a488fc222e4ca71cceddffad8270b353993b4e890b1e0c0508061
transfer_cube,211,17,SCANA-R,97011,1,1,4.0,d91f62e6007a02a2b590ff20498554f3808f5201e3d5f914921e7aa7bb9078d4,4d66dae42273a91d59a3f31a3532068f0e6b73d2c363a106fad1354bf64ce61a
transfer_cube,211,17,SCANA-R,97012,1,1,4.0,d91f62e6007a02a2b590ff20498554f3808f5201e3d5f914921e7aa7bb9078d4,50b74be56f8c05f03743ac0ccc3a3b531e1968a2c9f47a318d393175053d4f19
transfer_cube,211,17,SCANA-R,97013,1,1,4.0,d91f62e6007a02a2b590ff20498554f3808f5201e3d5f914921e7aa7bb9078d4,a536ac356747df6e136165c0660ab0972dc8b6e78e52744341db891466f5fc47
transfer_cube,211,17,SCANA-R,97014,1,1,4.0,d91f62e6007a02a2b590ff20498554f3808f5201e3d5f914921e7aa7bb9078d4,1c85f2e126a1de639bbf83d38c33c2fe1de97fd34e710e655c5265d4702988cf
transfer_cube,211,17,SCANA-R,97015,1,1,4.0,d91f62e6007a02a2b590ff20498554f3808f5201e3d5f914921e7aa7bb9078d4,8da5c5d002e3e4bd48921e9634f877328e27bfe018351e237e2fd5b194477067
transfer_cube,211,17,SCANA-R,97016,1,1,4.0,d91f62e6007a02a2b590ff20498554f3808f5201e3d5f914921e7aa7bb9078d4,d853bf8e2a52269473266fd1d798018c59fc9b2946665e00037a0e68346f97bb
transfer_cube,211,17,SCANA-R,97017,1,1,4.0,d91f62e6007a02a2b590ff20498554f3808f5201e3d5f914921e7aa7bb9078d4,b21978c6bc180fc04f403dc6227eab773be008c4f55d35b15d2077c41b90c5ba
transfer_cube,211,17,SCANA-R,97018,1,1,4.0,d91f62e6007a02a2b590ff20498554f3808f5201e3d5f914921e7aa7bb9078d4,6bb9dbcc39d7bd51ed2ec08bc1b518a61f74072c4c6e67ed062c3bb450fa46be
transfer_cube,211,17,SCANA-R,97019,1,1,4.0,d91f62e6007a02a2b590ff20498554f3808f5201e3d5f914921e7aa7bb9078d4,71e5e849aed8d59dbd98c10988b13047cf611e50333c03546ccb3c89c9892458
transfer_cube,211,17,Gaussian recovery,97000,1,1,4.0,510c69502c7b7c8e81b4a11de8d82b36334a18fdbcb75ba92db6fe7b7b104481,451650b0b9d032c611732a1c3d303c65acf1d1da267e020b8e7d288d23b967cc
transfer_cube,211,17,Gaussian recovery,97001,0,0,1.0,510c69502c7b7c8e81b4a11de8d82b36334a18fdbcb75ba92db6fe7b7b104481,4fd0b0125036c756564451876b9cd1e09d5e7fb8c3fcfa370876a3977e7cafe0
transfer_cube,211,17,Gaussian recovery,97002,1,1,4.0,510c69502c7b7c8e81b4a11de8d82b36334a18fdbcb75ba92db6fe7b7b104481,e5d87f99d2a205a51dc0662f9b214e7cf79063efac3877ed166b364ebf630b7e
transfer_cube,211,17,Gaussian recovery,97003,1,1,4.0,510c69502c7b7c8e81b4a11de8d82b36334a18fdbcb75ba92db6fe7b7b104481,79e6a2ec7cd82bc8c548271d1a6e8122e3c931cd8e723afb54946aaec2c37459
transfer_cube,211,17,Gaussian recovery,97004,1,1,4.0,510c69502c7b7c8e81b4a11de8d82b36334a18fdbcb75ba92db6fe7b7b104481,c7c1cad05af9ef1909b612f0ca52709bdda51e407dfad389e0497902bc4a0181
transfer_cube,211,17,Gaussian recovery,97005,1,1,4.0,510c69502c7b7c8e81b4a11de8d82b36334a18fdbcb75ba92db6fe7b7b104481,90aac0fdff7a7ed54faad841b5bcac6876a6e9a26aaa7397133d55d5e8e13ef6
transfer_cube,211,17,Gaussian recovery,97006,1,1,4.0,510c69502c7b7c8e81b4a11de8d82b36334a18fdbcb75ba92db6fe7b7b104481,e48f6ff062609823666545ff7341fae6d448ae8c51cda716425e10b3eab1d4a4
transfer_cube,211,17,Gaussian recovery,97007,1,1,4.0,510c69502c7b7c8e81b4a11de8d82b36334a18fdbcb75ba92db6fe7b7b104481,72db6840c41b5e71da984b8e1189d98c47418c536c3a45c3b381dc89dc355139
transfer_cube,211,17,Gaussian recovery,97008,1,1,4.0,510c69502c7b7c8e81b4a11de8d82b36334a18fdbcb75ba92db6fe7b7b104481,a35cc31fb1bbfb229920cfc133ce3961f278cdbdc69028308ba49ee1da18c51a
transfer_cube,211,17,Gaussian recovery,97009,1,1,4.0,510c69502c7b7c8e81b4a11de8d82b36334a18fdbcb75ba92db6fe7b7b104481,1a0ecc547cf2df42c155de1fe73666dce671dae58ff6330388ce2de7a426897e
transfer_cube,211,17,Gaussian recovery,97010,1,1,4.0,510c69502c7b7c8e81b4a11de8d82b36334a18fdbcb75ba92db6fe7b7b104481,03dc275b28cfc26a7024de70c7b77524d50893efc6fe836a7e4c02a05a9a95df
transfer_cube,211,17,Gaussian recovery,97011,1,1,4.0,510c69502c7b7c8e81b4a11de8d82b36334a18fdbcb75ba92db6fe7b7b104481,bdbe36adfe8b9b9dcbf5b488915a2f164bfa45e421bfd6ef70b8d607962e8df8
transfer_cube,211,17,Gaussian recovery,97012,1,1,4.0,510c69502c7b7c8e81b4a11de8d82b36334a18fdbcb75ba92db6fe7b7b104481,6393cf9e1ffaae6ef41d495c492d1adb9edabc7e09b01dac59237f8b7be14a3e
transfer_cube,211,17,Gaussian recovery,97013,0,0,2.0,510c69502c7b7c8e81b4a11de8d82b36334a18fdbcb75ba92db6fe7b7b104481,8482b40b60e379842cd5d285f45ee297c179c529d1c53435f869a36d19477dd3
transfer_cube,211,17,Gaussian recovery,97014,1,1,4.0,510c69502c7b7c8e81b4a11de8d82b36334a18fdbcb75ba92db6fe7b7b104481,85c96f6a69aa83bff1c444959487865d5a021804a5320c5ddff8ea4c5a2e9441
transfer_cube,211,17,Gaussian recovery,97015,1,1,4.0,510c69502c7b7c8e81b4a11de8d82b36334a18fdbcb75ba92db6fe7b7b104481,fcddcaf478237348c717ed4837a354632ecae4e99eb0769c1136b7309e34a825
transfer_cube,211,17,Gaussian recovery,97016,1,1,4.0,510c69502c7b7c8e81b4a11de8d82b36334a18fdbcb75ba92db6fe7b7b104481,bce97dd4f13b5c604ad543f7f2a8c466b7e08aba46094b144e00af61300994ba
transfer_cube,211,17,Gaussian recovery,97017,1,1,4.0,510c69502c7b7c8e81b4a11de8d82b36334a18fdbcb75ba92db6fe7b7b104481,00c4bdac963a814f000b601d5e64963f92c6f6e3e0b3f8f621e4a191800c6ee7
transfer_cube,211,17,Gaussian recovery,97018,1,1,4.0,510c69502c7b7c8e81b4a11de8d82b36334a18fdbcb75ba92db6fe7b7b104481,e01de6a59c17b47d0d712dcedb8fff39501cc504958ebcebbe5eda53b22cebeb
transfer_cube,211,17,Gaussian recovery,97019,1,1,4.0,510c69502c7b7c8e81b4a11de8d82b36334a18fdbcb75ba92db6fe7b7b104481,e08bdf553cf0d6e73cf5d0a905b1a8047ea43842e70b8b6bfc76a942c22353d3
transfer_cube,211,17,No cross-fitting,97000,1,1,4.0,f84c097526ce985c00144906c1cf92399a6e13393afd00de8f7cfd94f89aed6e,57bdd014b256d0f840c2a16887a74460ce18e1cddb3ad08a8899c6fe8d92bfff
transfer_cube,211,17,No cross-fitting,97001,0,0,1.0,f84c097526ce985c00144906c1cf92399a6e13393afd00de8f7cfd94f89aed6e,68b9f93861b095d40922d96529bcd11c47b42a2cbda30375fafdf7baa1b2c523
transfer_cube,211,17,No cross-fitting,97002,1,1,4.0,f84c097526ce985c00144906c1cf92399a6e13393afd00de8f7cfd94f89aed6e,e6289a32260827c1c042d3437fba126aae1a885c6a7770dd03185a9f7dc4d00e
transfer_cube,211,17,No cross-fitting,97003,1,1,4.0,f84c097526ce985c00144906c1cf92399a6e13393afd00de8f7cfd94f89aed6e,02c301e6c85b35825ede6eaa562170631c4b6603f1e068511e3c4c1a56036bd1
transfer_cube,211,17,No cross-fitting,97004,1,1,4.0,f84c097526ce985c00144906c1cf92399a6e13393afd00de8f7cfd94f89aed6e,e30089c9d3c5393201f1e1983d417b268a0007332a7ff01b0d618af580072fb9
transfer_cube,211,17,No cross-fitting,97005,1,1,4.0,f84c097526ce985c00144906c1cf92399a6e13393afd00de8f7cfd94f89aed6e,92a4821dd01d5621df9c5c163fcd3393a054db26436a9a6f3de419a3375337f0
transfer_cube,211,17,No cross-fitting,97006,1,1,4.0,f84c097526ce985c00144906c1cf92399a6e13393afd00de8f7cfd94f89aed6e,46ec6094f2cffa10fb9530e39e47e3d76ad984ab9f92e5ed0f0b3ce330199a47
transfer_cube,211,17,No cross-fitting,97007,1,1,4.0,f84c097526ce985c00144906c1cf92399a6e13393afd00de8f7cfd94f89aed6e,b7c9be14bb0c2d809655e0e601838572e48a257dc2f8e4beea472dde9d480a84
transfer_cube,211,17,No cross-fitting,97008,1,1,4.0,f84c097526ce985c00144906c1cf92399a6e13393afd00de8f7cfd94f89aed6e,8276d846c9511108545a420a30bf9213cddcc209a0b3fa595455eeab3193a248
transfer_cube,211,17,No cross-fitting,97009,1,1,4.0,f84c097526ce985c00144906c1cf92399a6e13393afd00de8f7cfd94f89aed6e,9a385764e33f58c1f3ca28b56745c00e4b8c3cef083115195e651e057638ae5d
transfer_cube,211,17,No cross-fitting,97010,1,1,4.0,f84c097526ce985c00144906c1cf92399a6e13393afd00de8f7cfd94f89aed6e,4326cbacbe62bcf2c1d61b91c66b18516b6a2888f31f1bc0bf9b9d46ebdc6994
transfer_cube,211,17,No cross-fitting,97011,1,1,4.0,f84c097526ce985c00144906c1cf92399a6e13393afd00de8f7cfd94f89aed6e,d60b13837daa81e2186da3fbaa7b8f06ac697961430b375946fc362220262e30
transfer_cube,211,17,No cross-fitting,97012,1,1,4.0,f84c097526ce985c00144906c1cf92399a6e13393afd00de8f7cfd94f89aed6e,e7513327fcf915b8fe2fa6572a666dbcb643da3111d69dfdb46b20f6381ff8e5
transfer_cube,211,17,No cross-fitting,97013,0,0,2.0,f84c097526ce985c00144906c1cf92399a6e13393afd00de8f7cfd94f89aed6e,7eee271893cb2f0690358d1788e4363df2b8cfd6ef7b7b07de6aad7b3151e061
transfer_cube,211,17,No cross-fitting,97014,1,1,4.0,f84c097526ce985c00144906c1cf92399a6e13393afd00de8f7cfd94f89aed6e,30dee55127df638183742638219cc21255d3b68c73c0fe38d56e60c3e778656e
transfer_cube,211,17,No cross-fitting,97015,1,1,4.0,f84c097526ce985c00144906c1cf92399a6e13393afd00de8f7cfd94f89aed6e,82e19b486141b5afad10710d37dd12a004cbf841c2f8736bbc663e6a5180b771
transfer_cube,211,17,No cross-fitting,97016,1,1,4.0,f84c097526ce985c00144906c1cf92399a6e13393afd00de8f7cfd94f89aed6e,77f7ba9ced6cd18673650152f650954fed5d6a8f4371f1eac34042dc8e0d5e2f
transfer_cube,211,17,No cross-fitting,97017,1,1,4.0,f84c097526ce985c00144906c1cf92399a6e13393afd00de8f7cfd94f89aed6e,69683867ae95f5cd666fbe8ab23462756572c63b9dc9a324d1a81afccf49bff0
transfer_cube,211,17,No cross-fitting,97018,1,1,4.0,f84c097526ce985c00144906c1cf92399a6e13393afd00de8f7cfd94f89aed6e,5242b3198e0c62b6d26af99fcfac8120cd2576b219da63931f019f2c4976e67f
transfer_cube,211,17,No cross-fitting,97019,1,1,4.0,f84c097526ce985c00144906c1cf92399a6e13393afd00de8f7cfd94f89aed6e,a566ce1b02032c6512f4c036a2ca59b8f47e3dfda6881116a5681ac575c1190b
transfer_cube,211,17,Global-time errors,97000,1,1,4.0,035749a56b6786bc796d0b066aec025f2163e95dc2d67c61ed2024614e4b0ccf,635458a32c677e8e88f27795acb33896a7f1409b5967ae1887f71367dc1e9af4
transfer_cube,211,17,Global-time errors,97001,0,0,1.0,035749a56b6786bc796d0b066aec025f2163e95dc2d67c61ed2024614e4b0ccf,1d8b420d3fc50aa6bf50c41346cdd1d57202102d0875e4873bb01eb9a50166c3
transfer_cube,211,17,Global-time errors,97002,1,1,4.0,035749a56b6786bc796d0b066aec025f2163e95dc2d67c61ed2024614e4b0ccf,1d674036b9d366c811ce06a0a4c5b7806e80f1e06ea84ff9c963ce446155ee61
transfer_cube,211,17,Global-time errors,97003,1,1,4.0,035749a56b6786bc796d0b066aec025f2163e95dc2d67c61ed2024614e4b0ccf,e4c6911b25c407ffc19fcf52163db75b898d5e73d3e72d7f3071b63933bbedf1
transfer_cube,211,17,Global-time errors,97004,1,1,4.0,035749a56b6786bc796d0b066aec025f2163e95dc2d67c61ed2024614e4b0ccf,41321b09e889833176da2d733c67e0ce3cd26cdac6bb7ce3dd4dd573307ffde5
transfer_cube,211,17,Global-time errors,97005,1,1,4.0,035749a56b6786bc796d0b066aec025f2163e95dc2d67c61ed2024614e4b0ccf,92724b1d8d716882605044b8671b56461eea832d96382bee5b7bdcbd29cc7fb0
transfer_cube,211,17,Global-time errors,97006,1,1,4.0,035749a56b6786bc796d0b066aec025f2163e95dc2d67c61ed2024614e4b0ccf,e2c28761aa5a714aa71c6fce31d72c1c62264bc069590c7ef1605d5975849159
transfer_cube,211,17,Global-time errors,97007,1,1,4.0,035749a56b6786bc796d0b066aec025f2163e95dc2d67c61ed2024614e4b0ccf,9d69a0f085c27d12f4e1fe76508a1181216e9aede0d775626645483b3dd03c6a
transfer_cube,211,17,Global-time errors,97008,1,1,4.0,035749a56b6786bc796d0b066aec025f2163e95dc2d67c61ed2024614e4b0ccf,ec20b283f00dded125c0c2261342b443588f60cf73869fb8be9040376c2728d9
transfer_cube,211,17,Global-time errors,97009,1,1,4.0,035749a56b6786bc796d0b066aec025f2163e95dc2d67c61ed2024614e4b0ccf,3bcba0dd5ae86cb39de7674d50af1c25845be7866cd346a2bd7e67c586b3409d
transfer_cube,211,17,Global-time errors,97010,1,1,4.0,035749a56b6786bc796d0b066aec025f2163e95dc2d67c61ed2024614e4b0ccf,0e7bf282b72143657fb53d229ba5729624327b48f70f9ed9eee289fd9d8e0cda
transfer_cube,211,17,Global-time errors,97011,1,1,4.0,035749a56b6786bc796d0b066aec025f2163e95dc2d67c61ed2024614e4b0ccf,0ae28505b54a90d97591f20ee04bde0f05bd2dd2407cb484d1cee7da487478ce
transfer_cube,211,17,Global-time errors,97012,1,1,4.0,035749a56b6786bc796d0b066aec025f2163e95dc2d67c61ed2024614e4b0ccf,38d4a4f127e5f84ec638ed861381b7a2c3439fbba2e4a3ade83e9281e5e34664
transfer_cube,211,17,Global-time errors,97013,1,1,4.0,035749a56b6786bc796d0b066aec025f2163e95dc2d67c61ed2024614e4b0ccf,f5bd763c12446e3c2dc971c3e91951d017614690adbcd749c5a0c9759c84dd01
transfer_cube,211,17,Global-time errors,97014,1,1,4.0,035749a56b6786bc796d0b066aec025f2163e95dc2d67c61ed2024614e4b0ccf,0dca72a95ed320f193cfc631161faea8eb8b187b843465accfdb731d5d6dca09
transfer_cube,211,17,Global-time errors,97015,1,1,4.0,035749a56b6786bc796d0b066aec025f2163e95dc2d67c61ed2024614e4b0ccf,5a023708d89ed573e0252eea8b285b9a6da8c691f768ba9604cd81f1acdca903
transfer_cube,211,17,Global-time errors,97016,1,1,4.0,035749a56b6786bc796d0b066aec025f2163e95dc2d67c61ed2024614e4b0ccf,cb13e452b3dae38c627bf5c36cb809a023c2a904b1f75b9f8b072240558cea25
transfer_cube,211,17,Global-time errors,97017,1,1,4.0,035749a56b6786bc796d0b066aec025f2163e95dc2d67c61ed2024614e4b0ccf,5c9ade766f347ba739dc5cd34caf9ea01e6c184c0e162efe6d1efb05c667a44e
transfer_cube,211,17,Global-time errors,97018,1,1,4.0,035749a56b6786bc796d0b066aec025f2163e95dc2d67c61ed2024614e4b0ccf,a4e3406a60bc84083ed552de0e2be70285e7440b91f2083e26002b3d8c5f0eba
transfer_cube,211,17,Global-time errors,97019,1,1,4.0,035749a56b6786bc796d0b066aec025f2163e95dc2d67c61ed2024614e4b0ccf,eee2cd019ad26c775e93716534ef5bcbbeca1234e4349d8c5d560b2d293b4ac1
transfer_cube,211,17,No intermediate backtracking,97000,1,1,4.0,08f686d6ce8652d92e92fbb8d0aef0ddc4e0c85e91d927088f15350f1911e731,34b1b269c849cd42231d8406d5721bc75b32fd115678bafb9bb365cedf19bfd0
transfer_cube,211,17,No intermediate backtracking,97001,0,0,1.0,08f686d6ce8652d92e92fbb8d0aef0ddc4e0c85e91d927088f15350f1911e731,c06846978685eab40b9e82660ff4b15dfd30e72b21b7a3e84cacc598fa1262fc
transfer_cube,211,17,No intermediate backtracking,97002,1,1,4.0,08f686d6ce8652d92e92fbb8d0aef0ddc4e0c85e91d927088f15350f1911e731,9a03ca7f0807222edb90f0847de4be49c66755506c6f5773fc5a6843efdafc3b
transfer_cube,211,17,No intermediate backtracking,97003,1,1,4.0,08f686d6ce8652d92e92fbb8d0aef0ddc4e0c85e91d927088f15350f1911e731,8d9f68efc0b3c59fddfc1f12bfca40c14f2ff4c1f0a06e567f09dc9c43fa09f1
transfer_cube,211,17,No intermediate backtracking,97004,1,1,4.0,08f686d6ce8652d92e92fbb8d0aef0ddc4e0c85e91d927088f15350f1911e731,d4693e588eb244a029f9c48d2a93172c0b1c47ff1f1e1a5fb34b95636b619ce5
transfer_cube,211,17,No intermediate backtracking,97005,1,1,4.0,08f686d6ce8652d92e92fbb8d0aef0ddc4e0c85e91d927088f15350f1911e731,790a9cecb27b60641fce92120e26c125b55568f8f591a4b29283a63a59b101c8
transfer_cube,211,17,No intermediate backtracking,97006,1,1,4.0,08f686d6ce8652d92e92fbb8d0aef0ddc4e0c85e91d927088f15350f1911e731,4804cc98b0ebb4d93b99630e94fd8da5b843d7b3e59b8f4a58c8480fc5241753
transfer_cube,211,17,No intermediate backtracking,97007,1,1,4.0,08f686d6ce8652d92e92fbb8d0aef0ddc4e0c85e91d927088f15350f1911e731,501ee317b2b92f72ecb1822b4ec2db74d51df6afae8792eca2ea2d1bab38683c
transfer_cube,211,17,No intermediate backtracking,97008,1,1,4.0,08f686d6ce8652d92e92fbb8d0aef0ddc4e0c85e91d927088f15350f1911e731,0399615ad6a73733e23aa65e49a5898ae3fcd8e755e8c7702c88e0c1ac0c1c44
transfer_cube,211,17,No intermediate backtracking,97009,1,1,4.0,08f686d6ce8652d92e92fbb8d0aef0ddc4e0c85e91d927088f15350f1911e731,f490644f38db64a5fcff0f1c47466eea1ba7fad03132e79bb119d3cbc031fb8e
transfer_cube,211,17,No intermediate backtracking,97010,1,1,4.0,08f686d6ce8652d92e92fbb8d0aef0ddc4e0c85e91d927088f15350f1911e731,7db83787e540cbe4fc529e63aeb314a3634e60e1552fec8569af90c0b4b422aa
transfer_cube,211,17,No intermediate backtracking,97011,1,1,4.0,08f686d6ce8652d92e92fbb8d0aef0ddc4e0c85e91d927088f15350f1911e731,0bccc089a2708db79b8c48662b9bdf1dbbac890c44b8248ccc5886d47636d5d7
transfer_cube,211,17,No intermediate backtracking,97012,1,1,4.0,08f686d6ce8652d92e92fbb8d0aef0ddc4e0c85e91d927088f15350f1911e731,8f359d0ec95a6531ce3a6196be8131b99bb35380277982083c9e538143e6bc0e
transfer_cube,211,17,No intermediate backtracking,97013,1,1,4.0,08f686d6ce8652d92e92fbb8d0aef0ddc4e0c85e91d927088f15350f1911e731,17bd1c41cf0df0407c0e6b8281a35b4e6ad1a006a97d04f3c87f07b8d3c5a5b1
transfer_cube,211,17,No intermediate backtracking,97014,1,1,4.0,08f686d6ce8652d92e92fbb8d0aef0ddc4e0c85e91d927088f15350f1911e731,1f11597fe6b6b31d0cac3a8e0084b5a56f024e9a1448a12a37781fd21805dbdf
transfer_cube,211,17,No intermediate backtracking,97015,1,1,4.0,08f686d6ce8652d92e92fbb8d0aef0ddc4e0c85e91d927088f15350f1911e731,a0b4263ad4a58d70ef8818bb6f1f9fdfdbfa772177bc5ba846cabe16a3a2a2da
transfer_cube,211,17,No intermediate backtracking,97016,1,1,4.0,08f686d6ce8652d92e92fbb8d0aef0ddc4e0c85e91d927088f15350f1911e731,269a30f8b11946169b9cb28609ba80859c39a4c54f5abaa944af161ca6576cc9
transfer_cube,211,17,No intermediate backtracking,97017,1,1,4.0,08f686d6ce8652d92e92fbb8d0aef0ddc4e0c85e91d927088f15350f1911e731,5a02c62597d8c71bc56b03a4b67ff755815ad5ffd56dfc5d8006d12fb45e8bb5
transfer_cube,211,17,No intermediate backtracking,97018,1,1,4.0,08f686d6ce8652d92e92fbb8d0aef0ddc4e0c85e91d927088f15350f1911e731,bbb12294ad0fd109aad961373d9bbd851a4b86296afcf721b194184752d85f65
transfer_cube,211,17,No intermediate backtracking,97019,1,1,4.0,08f686d6ce8652d92e92fbb8d0aef0ddc4e0c85e91d927088f15350f1911e731,86ebc5b80ed9a9c12ef1622a2e7b1b384fe46eae3577b4942af0f8329f8add54
transfer_cube,211,17,Gaussian CPU budget,97000,1,1,4.0,8796c42731fbd62e749f0767be8b71380ebf33671c983cde9ef7bc0d2518e39a,4c52d0a24dfdea6039a8bfa9afb2d1f9910fed064d8700cda7d89ff6babdc9dd
transfer_cube,211,17,Gaussian CPU budget,97001,0,0,1.0,8796c42731fbd62e749f0767be8b71380ebf33671c983cde9ef7bc0d2518e39a,eebec18ae7f338869ec56935c5d58e90dd5c4652c223d377f854c8ef309baf4d
transfer_cube,211,17,Gaussian CPU budget,97002,1,1,4.0,8796c42731fbd62e749f0767be8b71380ebf33671c983cde9ef7bc0d2518e39a,03228f6e269c49a07fc0c6d97444c5756e1679912405dba62160275970261186
transfer_cube,211,17,Gaussian CPU budget,97003,1,1,4.0,8796c42731fbd62e749f0767be8b71380ebf33671c983cde9ef7bc0d2518e39a,2b54a4c9976b35c93122529f8d414e247a73a4d3455c5c069ab9ae82a15394bb
transfer_cube,211,17,Gaussian CPU budget,97004,1,1,4.0,8796c42731fbd62e749f0767be8b71380ebf33671c983cde9ef7bc0d2518e39a,450f0491c09e71130e7d4e1f6902743d2cc8937ff74be4452ff176ea6649b609
transfer_cube,211,17,Gaussian CPU budget,97005,1,1,4.0,8796c42731fbd62e749f0767be8b71380ebf33671c983cde9ef7bc0d2518e39a,56ace6f650b80626e21cbef48ee5e82463c4a8f9410f31ae8e60e3c01ae4f2a0
transfer_cube,211,17,Gaussian CPU budget,97006,1,1,4.0,8796c42731fbd62e749f0767be8b71380ebf33671c983cde9ef7bc0d2518e39a,e48f6ff062609823666545ff7341fae6d448ae8c51cda716425e10b3eab1d4a4
transfer_cube,211,17,Gaussian CPU budget,97007,1,1,4.0,8796c42731fbd62e749f0767be8b71380ebf33671c983cde9ef7bc0d2518e39a,812a02aeae5b1f902be546a78890d99323510f3c90f29edae93949bc69909071
transfer_cube,211,17,Gaussian CPU budget,97008,1,1,4.0,8796c42731fbd62e749f0767be8b71380ebf33671c983cde9ef7bc0d2518e39a,326f6d85446c89a522aaf01d7ad9f37366e88932716ef05d7057b61e6988836c
transfer_cube,211,17,Gaussian CPU budget,97009,1,1,4.0,8796c42731fbd62e749f0767be8b71380ebf33671c983cde9ef7bc0d2518e39a,c3b64c1a4fc36ffab2cad393ef3ef1bab466bc9f6ff196b8aa58c078c1acc0e3
transfer_cube,211,17,Gaussian CPU budget,97010,1,1,4.0,8796c42731fbd62e749f0767be8b71380ebf33671c983cde9ef7bc0d2518e39a,03dc275b28cfc26a7024de70c7b77524d50893efc6fe836a7e4c02a05a9a95df
transfer_cube,211,17,Gaussian CPU budget,97011,1,1,4.0,8796c42731fbd62e749f0767be8b71380ebf33671c983cde9ef7bc0d2518e39a,bdbe36adfe8b9b9dcbf5b488915a2f164bfa45e421bfd6ef70b8d607962e8df8
transfer_cube,211,17,Gaussian CPU budget,97012,1,1,4.0,8796c42731fbd62e749f0767be8b71380ebf33671c983cde9ef7bc0d2518e39a,fcaa07ee1cfcd589d1958d6c3a730f5eb5e37fbee6e5a89e22eb3a1ca239636f
transfer_cube,211,17,Gaussian CPU budget,97013,0,0,2.0,8796c42731fbd62e749f0767be8b71380ebf33671c983cde9ef7bc0d2518e39a,8fc033f95963551be4c8f385e444756fac3749ed1ec307129a0b17ddc29381be
transfer_cube,211,17,Gaussian CPU budget,97014,1,1,4.0,8796c42731fbd62e749f0767be8b71380ebf33671c983cde9ef7bc0d2518e39a,d202d9050aa77c6568c62f3bdc5fc09874d54efd9f225e14e15a405c6ca75821
transfer_cube,211,17,Gaussian CPU budget,97015,1,1,4.0,8796c42731fbd62e749f0767be8b71380ebf33671c983cde9ef7bc0d2518e39a,fcddcaf478237348c717ed4837a354632ecae4e99eb0769c1136b7309e34a825
transfer_cube,211,17,Gaussian CPU budget,97016,1,1,4.0,8796c42731fbd62e749f0767be8b71380ebf33671c983cde9ef7bc0d2518e39a,ebb99839d776185299e20951aaa70d057f4f98a56bbade8766cddcd8339a750e
transfer_cube,211,17,Gaussian CPU budget,97017,1,1,4.0,8796c42731fbd62e749f0767be8b71380ebf33671c983cde9ef7bc0d2518e39a,6bbd9e0af15bc1b72de6b122f54876ef306951c52edc133d80e050b65f4513a7
transfer_cube,211,17,Gaussian CPU budget,97018,1,1,4.0,8796c42731fbd62e749f0767be8b71380ebf33671c983cde9ef7bc0d2518e39a,6731adfcdbd7c1dfce556f9ceb2c534d4d6c4f533daa9c88ac504f78989b9d87
transfer_cube,211,17,Gaussian CPU budget,97019,1,1,4.0,8796c42731fbd62e749f0767be8b71380ebf33671c983cde9ef7bc0d2518e39a,e08bdf553cf0d6e73cf5d0a905b1a8047ea43842e70b8b6bfc76a942c22353d3
transfer_cube,211,29,Clean repeat,97000,1,1,4.0,268a1aeebcf501c7169a227e36bf6687dceca59bc066cf24d04f6c925f59fef9,af44f7abb79eb4d7775a949ca98f7abfb6b1d42f187f23134b733c8e7a5f7abd
transfer_cube,211,29,Clean repeat,97001,0,0,1.0,268a1aeebcf501c7169a227e36bf6687dceca59bc066cf24d04f6c925f59fef9,ce601ea3ba1ece83094500ef9428731b98753d425d0378f883c23c774696db02
transfer_cube,211,29,Clean repeat,97002,1,1,4.0,268a1aeebcf501c7169a227e36bf6687dceca59bc066cf24d04f6c925f59fef9,0141934fd74634e4e21d0f3feb1f46f391132a2b32ce7e4fa2a4e89b718c2526
transfer_cube,211,29,Clean repeat,97003,1,1,4.0,268a1aeebcf501c7169a227e36bf6687dceca59bc066cf24d04f6c925f59fef9,3d6c612d9b7919600dc372e646f719354ed036be3d614cdc36ba0ec5fc3bf1b3
transfer_cube,211,29,Clean repeat,97004,1,0,4.0,268a1aeebcf501c7169a227e36bf6687dceca59bc066cf24d04f6c925f59fef9,05296da477c5ea7e62645c4d6308de0bb083bc8e3f9bff28a149ef65f29a9edb
transfer_cube,211,29,Clean repeat,97005,1,1,4.0,268a1aeebcf501c7169a227e36bf6687dceca59bc066cf24d04f6c925f59fef9,f302e05196a68db3258e0ef854b8046eab051863fc7b1f75d7dff6042ad05c5d
transfer_cube,211,29,Clean repeat,97006,1,1,4.0,268a1aeebcf501c7169a227e36bf6687dceca59bc066cf24d04f6c925f59fef9,0d7be9bff524fa60d751c25e1222252dda19d839a03fcc0b271817ee37e2e08e
transfer_cube,211,29,Clean repeat,97007,1,1,4.0,268a1aeebcf501c7169a227e36bf6687dceca59bc066cf24d04f6c925f59fef9,0ce91a2044e268a110daaede6af74d99d2efe7f63b22bda608dfe5680467bb28
transfer_cube,211,29,Clean repeat,97008,1,1,4.0,268a1aeebcf501c7169a227e36bf6687dceca59bc066cf24d04f6c925f59fef9,3441aab84af50b46b42d3e5f4df146a9dcd5d1faefbf7e8245e67f77cff65b22
transfer_cube,211,29,Clean repeat,97009,1,1,4.0,268a1aeebcf501c7169a227e36bf6687dceca59bc066cf24d04f6c925f59fef9,69ebddb8c34b9ad7a01a393b348ad08b8da883ed8b9b69673bf40531e9dc4edb
transfer_cube,211,29,Clean repeat,97010,1,1,4.0,268a1aeebcf501c7169a227e36bf6687dceca59bc066cf24d04f6c925f59fef9,e905d44869777b64b5b72e7d992850bc490927887422c6f08d9c5862d5f40676
transfer_cube,211,29,Clean repeat,97011,1,1,4.0,268a1aeebcf501c7169a227e36bf6687dceca59bc066cf24d04f6c925f59fef9,0bf502606b1d8b1b654a9be585160c1e1243139d807ebaa131112869183f231d
transfer_cube,211,29,Clean repeat,97012,1,1,4.0,268a1aeebcf501c7169a227e36bf6687dceca59bc066cf24d04f6c925f59fef9,be5ba4467be1fb987065b4a9c99183fb23303aff159407e53203350cf177ec1d
transfer_cube,211,29,Clean repeat,97013,0,0,1.0,268a1aeebcf501c7169a227e36bf6687dceca59bc066cf24d04f6c925f59fef9,155d6192cb87526c563b7b8d7523e512788c413027ee6c0b8f6eab63e0a32497
transfer_cube,211,29,Clean repeat,97014,1,1,4.0,268a1aeebcf501c7169a227e36bf6687dceca59bc066cf24d04f6c925f59fef9,b33f3bce992deafbaf7e35f89d422c28ece9d2222d7d74c8dcfa8b685ce022f0
transfer_cube,211,29,Clean repeat,97015,1,1,4.0,268a1aeebcf501c7169a227e36bf6687dceca59bc066cf24d04f6c925f59fef9,e2a7157bc57711b75b401e184ca96e86564ac5df81b1a82baab7558d193ac800
transfer_cube,211,29,Clean repeat,97016,1,1,4.0,268a1aeebcf501c7169a227e36bf6687dceca59bc066cf24d04f6c925f59fef9,26d5e089e2fc55696464252f1becb924bf8cee5826375ca364f60bcc6c9d5a24
transfer_cube,211,29,Clean repeat,97017,1,1,4.0,268a1aeebcf501c7169a227e36bf6687dceca59bc066cf24d04f6c925f59fef9,a056def16eaa3b742f245d7ef0091f19dc224603792af9a0bb96c30498004926
transfer_cube,211,29,Clean repeat,97018,1,1,4.0,268a1aeebcf501c7169a227e36bf6687dceca59bc066cf24d04f6c925f59fef9,39d4a068170eb901e405cb5c7acd4a7d12b3753b593166b7fbbb7953b9d6873a
transfer_cube,211,29,Clean repeat,97019,1,1,4.0,268a1aeebcf501c7169a227e36bf6687dceca59bc066cf24d04f6c925f59fef9,92a0653e03dc2d4887c445eeaa56cb7bc55d377ea837a4efd387c779ba3fa441
transfer_cube,211,29,SCANA-R,97000,0,0,2.0,564242371cd4de405eeb58148931a0d93d630f13dc485cbc2a67fb3639060d2f,f08856199dd4d2d975f550bb0d3da4687e9f06c92fe06efd7ad461f3c9037b2f
transfer_cube,211,29,SCANA-R,97001,0,0,2.0,564242371cd4de405eeb58148931a0d93d630f13dc485cbc2a67fb3639060d2f,438a9b3ec9616217212624383aaf826aaea7fdf769bb01c49dc338ff487d9bd4
transfer_cube,211,29,SCANA-R,97002,1,1,4.0,564242371cd4de405eeb58148931a0d93d630f13dc485cbc2a67fb3639060d2f,a4e396a576dbc7d4dea86b7d7cd001c4ba9c4c9c868aa573d2cb4b9d895d8f14
transfer_cube,211,29,SCANA-R,97003,1,1,4.0,564242371cd4de405eeb58148931a0d93d630f13dc485cbc2a67fb3639060d2f,d47ae78555b2cd91a2bf5bd340c605b4128cd86bd6de7d05fbfc41db54634d04
transfer_cube,211,29,SCANA-R,97004,1,1,4.0,564242371cd4de405eeb58148931a0d93d630f13dc485cbc2a67fb3639060d2f,9192f20ef8d746265b07d11f721650ca26f60d1b9245171a8a13f0198c378d79
transfer_cube,211,29,SCANA-R,97005,1,1,4.0,564242371cd4de405eeb58148931a0d93d630f13dc485cbc2a67fb3639060d2f,2da963574213f5453cc9539c5bf5eb58f73bd7cca89513d294664fc0e287874f
transfer_cube,211,29,SCANA-R,97006,0,0,0.0,564242371cd4de405eeb58148931a0d93d630f13dc485cbc2a67fb3639060d2f,b6d0d0d24063bc169b4c05f368e8d7655f84ff513bacd5132efa7de524e6b042
transfer_cube,211,29,SCANA-R,97007,1,1,4.0,564242371cd4de405eeb58148931a0d93d630f13dc485cbc2a67fb3639060d2f,1c505b1fa914978ae89bbbd410cc44ed3fcaea6a6973f32af448901a4740c6a6
transfer_cube,211,29,SCANA-R,97008,1,1,4.0,564242371cd4de405eeb58148931a0d93d630f13dc485cbc2a67fb3639060d2f,ad937c0a8b08b71190d7d672eba90b37ae58a12698bd9bfc7642753124659b0f
transfer_cube,211,29,SCANA-R,97009,1,1,4.0,564242371cd4de405eeb58148931a0d93d630f13dc485cbc2a67fb3639060d2f,6df7212a6dd21670c011c4d5178c5ef4362f6c159d5cae09d5ade1f72f976d3c
transfer_cube,211,29,SCANA-R,97010,1,1,4.0,564242371cd4de405eeb58148931a0d93d630f13dc485cbc2a67fb3639060d2f,08094e8b03618a090b4b86e2e43168a22b249990bc3b9f5dcafd215f1095d5fd
transfer_cube,211,29,SCANA-R,97011,1,1,4.0,564242371cd4de405eeb58148931a0d93d630f13dc485cbc2a67fb3639060d2f,a7f6a0d2e825d7dc4a98b39b6d68a5f737238f53b64ffdffb51b135730108b17
transfer_cube,211,29,SCANA-R,97012,1,1,4.0,564242371cd4de405eeb58148931a0d93d630f13dc485cbc2a67fb3639060d2f,757fef77f0d298ff528e746cb2d756c6713e3ca3c5a36e6d8b15f7ebe68f00f0
transfer_cube,211,29,SCANA-R,97013,1,1,4.0,564242371cd4de405eeb58148931a0d93d630f13dc485cbc2a67fb3639060d2f,5d5cb366c26c982e145e52ec13919606f8c1f2cb28876b7b751ef1e81820e111
transfer_cube,211,29,SCANA-R,97014,0,0,1.0,564242371cd4de405eeb58148931a0d93d630f13dc485cbc2a67fb3639060d2f,9a42279b49a19486aa5c4cb9f6cd5ab8824e1fd9ea27f838e8fc31f06b8de587
transfer_cube,211,29,SCANA-R,97015,1,1,4.0,564242371cd4de405eeb58148931a0d93d630f13dc485cbc2a67fb3639060d2f,2448a622b82023c021b4b0649b5b1f90f5cf22c039be3fec4ee7e05d4e53ebf7
transfer_cube,211,29,SCANA-R,97016,1,1,4.0,564242371cd4de405eeb58148931a0d93d630f13dc485cbc2a67fb3639060d2f,b6bbd310a0b80e801e8170c2f10c4f1228a38ee98d14d282057020f8e4a9c94e
transfer_cube,211,29,SCANA-R,97017,1,1,4.0,564242371cd4de405eeb58148931a0d93d630f13dc485cbc2a67fb3639060d2f,f06c4975c6eabd571b73611155a8f609a5b8d5c29aaf7395e011f913178689cd
transfer_cube,211,29,SCANA-R,97018,1,1,4.0,564242371cd4de405eeb58148931a0d93d630f13dc485cbc2a67fb3639060d2f,3fb1e1aeced54c5ce0a8398c18ae897d367cd8d5cffeff306a82b36610b6fb9a
transfer_cube,211,29,SCANA-R,97019,1,1,4.0,564242371cd4de405eeb58148931a0d93d630f13dc485cbc2a67fb3639060d2f,160755248c5630c7bb7c5cf2544ebdf8d4a7c7438f120d3370ca1f61e2303b4a
transfer_cube,211,29,Gaussian recovery,97000,1,1,4.0,37e3862c7f256d8360fbe4b750c8b1cb070c2abc4f7d97ba7b3b1155cdc8585e,29500aedba064cb0fab729c12941b0faf50660e46f2c125b8c6f4183df07dff8
transfer_cube,211,29,Gaussian recovery,97001,0,0,1.0,37e3862c7f256d8360fbe4b750c8b1cb070c2abc4f7d97ba7b3b1155cdc8585e,2a474b7eb9f0602863c5f8eb96cf5b61bb12d3269ad95ff2a7c70ff4ebe6da8c
transfer_cube,211,29,Gaussian recovery,97002,1,1,4.0,37e3862c7f256d8360fbe4b750c8b1cb070c2abc4f7d97ba7b3b1155cdc8585e,50dcee675b613649cc3f535829dca8fef78ec844df365a4ad5028ec12b59b920
transfer_cube,211,29,Gaussian recovery,97003,1,1,4.0,37e3862c7f256d8360fbe4b750c8b1cb070c2abc4f7d97ba7b3b1155cdc8585e,6082951400f5e33e50845d96954e450802ff96f65efbadb16666d90883c6b65e
transfer_cube,211,29,Gaussian recovery,97004,1,1,4.0,37e3862c7f256d8360fbe4b750c8b1cb070c2abc4f7d97ba7b3b1155cdc8585e,7d6224a4eeba279a65a987b89dc9ecffda1a18557aebc692a481e67ed209e9d5
transfer_cube,211,29,Gaussian recovery,97005,1,1,4.0,37e3862c7f256d8360fbe4b750c8b1cb070c2abc4f7d97ba7b3b1155cdc8585e,ecb0a671e48af44b2887a0a219794f732b4accfe7e02b955e6adbf73d1568dc9
transfer_cube,211,29,Gaussian recovery,97006,1,1,4.0,37e3862c7f256d8360fbe4b750c8b1cb070c2abc4f7d97ba7b3b1155cdc8585e,dfbfddaace1e85c5c07cef6a0b5c42ce6aeeaea75138c513a25c10bcf90f6cea
transfer_cube,211,29,Gaussian recovery,97007,1,1,4.0,37e3862c7f256d8360fbe4b750c8b1cb070c2abc4f7d97ba7b3b1155cdc8585e,53592ea33f5b4642ac2957ff680b5f187b64ea3144382541a829466586fc782d
transfer_cube,211,29,Gaussian recovery,97008,1,1,4.0,37e3862c7f256d8360fbe4b750c8b1cb070c2abc4f7d97ba7b3b1155cdc8585e,bbede24464d687a14c865a01e8af7755dccdf744b44a410a5fd9a56c7e52bd5a
transfer_cube,211,29,Gaussian recovery,97009,1,1,4.0,37e3862c7f256d8360fbe4b750c8b1cb070c2abc4f7d97ba7b3b1155cdc8585e,d78215d263ce6b16288701025905a40b7c03cf52744a286dcd6e040ae0157058
transfer_cube,211,29,Gaussian recovery,97010,1,1,4.0,37e3862c7f256d8360fbe4b750c8b1cb070c2abc4f7d97ba7b3b1155cdc8585e,4e43f329094f96143159c2030c7f74a015a126be62c5193a95af1a3405d05155
transfer_cube,211,29,Gaussian recovery,97011,1,1,4.0,37e3862c7f256d8360fbe4b750c8b1cb070c2abc4f7d97ba7b3b1155cdc8585e,115eb272b5b87145c42652557a1de8d3d9a24c7970bc98f2eba71ae1fc3b69e8
transfer_cube,211,29,Gaussian recovery,97012,1,1,4.0,37e3862c7f256d8360fbe4b750c8b1cb070c2abc4f7d97ba7b3b1155cdc8585e,b38be0f6f10a6d26c0698f24b4dde3171bf4e8c547729974d9a0fa6db16ec501
transfer_cube,211,29,Gaussian recovery,97013,1,1,4.0,37e3862c7f256d8360fbe4b750c8b1cb070c2abc4f7d97ba7b3b1155cdc8585e,5e8a8935e2302fb393269ca3bf7bb12164f59b67dbcab472de197f4b87c80e05
transfer_cube,211,29,Gaussian recovery,97014,0,0,2.0,37e3862c7f256d8360fbe4b750c8b1cb070c2abc4f7d97ba7b3b1155cdc8585e,94e4601ca93f34b18a8e1c27384b7c1db1e2240f1ec9aa8749de2070a1cf0a12
transfer_cube,211,29,Gaussian recovery,97015,1,1,4.0,37e3862c7f256d8360fbe4b750c8b1cb070c2abc4f7d97ba7b3b1155cdc8585e,360b9ef9f2534b3c95b709c4503e86e0f10861d4c2f870a95b6ff4f96c42c6b9
transfer_cube,211,29,Gaussian recovery,97016,1,1,4.0,37e3862c7f256d8360fbe4b750c8b1cb070c2abc4f7d97ba7b3b1155cdc8585e,fa167fe64b15f322de100414aca473d9dc70b60b4e3091d10f5a3a3acb39830b
transfer_cube,211,29,Gaussian recovery,97017,1,1,4.0,37e3862c7f256d8360fbe4b750c8b1cb070c2abc4f7d97ba7b3b1155cdc8585e,4cc174cb2a6734bcbfb7fbd9737868c3ffbb43016596e6d9a5f193b3dddf5b83
transfer_cube,211,29,Gaussian recovery,97018,1,1,4.0,37e3862c7f256d8360fbe4b750c8b1cb070c2abc4f7d97ba7b3b1155cdc8585e,f81b1fb89eb1cc9432b852d51a59502e1a4badfb2cf90fc809ee13d9fe336794
transfer_cube,211,29,Gaussian recovery,97019,1,1,4.0,37e3862c7f256d8360fbe4b750c8b1cb070c2abc4f7d97ba7b3b1155cdc8585e,0728b01cb7131f8086a6b52817f38268f1fe91555d27476563d042602035da15
transfer_cube,211,29,No cross-fitting,97000,1,1,4.0,519fea80db37066444cbfbbac41e885d693da1e4dbabf87d2809c1a8b3e60be3,0564ce3005effae29853061631cb53f08ffb452f3fa9018edf15626aa6f1c13c
transfer_cube,211,29,No cross-fitting,97001,1,1,4.0,519fea80db37066444cbfbbac41e885d693da1e4dbabf87d2809c1a8b3e60be3,19f64d457a8c6ac4a9fd2af69f080ae341a038264b6b164707c4d69dbf2cf8ad
transfer_cube,211,29,No cross-fitting,97002,1,1,4.0,519fea80db37066444cbfbbac41e885d693da1e4dbabf87d2809c1a8b3e60be3,06b43c521bd50bc8a5de1197118eaf4f110adeaff98b7378510389795fd0efbf
transfer_cube,211,29,No cross-fitting,97003,1,1,4.0,519fea80db37066444cbfbbac41e885d693da1e4dbabf87d2809c1a8b3e60be3,0f792a15958213e13d9663a6d44e674de4724a113fa57c364943756493bb9004
transfer_cube,211,29,No cross-fitting,97004,1,1,4.0,519fea80db37066444cbfbbac41e885d693da1e4dbabf87d2809c1a8b3e60be3,34ef0c2c7ace1752e46bafe0268d1d23ec0ec0f9742a67defa609f6b6854dc72
transfer_cube,211,29,No cross-fitting,97005,1,1,4.0,519fea80db37066444cbfbbac41e885d693da1e4dbabf87d2809c1a8b3e60be3,d610cb91e3528c8e93607cb96c01e4f3c32bebd93b8b0fe48096819e09ef7531
transfer_cube,211,29,No cross-fitting,97006,1,1,4.0,519fea80db37066444cbfbbac41e885d693da1e4dbabf87d2809c1a8b3e60be3,c77bc2b72916f91bc5015d44635a2ae4851e26e5e6d69e4030668237cd4ce6fe
transfer_cube,211,29,No cross-fitting,97007,1,1,4.0,519fea80db37066444cbfbbac41e885d693da1e4dbabf87d2809c1a8b3e60be3,72fc2b7fc0d5bcdf6d4585b9615be0f97f69322016e7c5a94190871d01f61f74
transfer_cube,211,29,No cross-fitting,97008,1,1,4.0,519fea80db37066444cbfbbac41e885d693da1e4dbabf87d2809c1a8b3e60be3,9f8b3e89942e84efb8efc501324900943dff081b8c46acc646a766d8002612e6
transfer_cube,211,29,No cross-fitting,97009,1,1,4.0,519fea80db37066444cbfbbac41e885d693da1e4dbabf87d2809c1a8b3e60be3,695182e1960d932dce0cfd07ddfdf0edd3129e086556d5f49cf5e0de775bb409
transfer_cube,211,29,No cross-fitting,97010,1,1,4.0,519fea80db37066444cbfbbac41e885d693da1e4dbabf87d2809c1a8b3e60be3,d240acfcb5db0611279098e0936eebd00ed3487c0a7d261197eff4bd5bc8e38a
transfer_cube,211,29,No cross-fitting,97011,1,1,4.0,519fea80db37066444cbfbbac41e885d693da1e4dbabf87d2809c1a8b3e60be3,ac0aae95630398a7f9dd2bdbcf88b53b8e99d213f65414108cad22a4095d0992
transfer_cube,211,29,No cross-fitting,97012,1,1,4.0,519fea80db37066444cbfbbac41e885d693da1e4dbabf87d2809c1a8b3e60be3,db95c423907428499592b2864ec79325da471a974fa6d5c31a63b08c38960add
transfer_cube,211,29,No cross-fitting,97013,1,1,4.0,519fea80db37066444cbfbbac41e885d693da1e4dbabf87d2809c1a8b3e60be3,4333a04ad01412fef4c92cea5713e0e727d30fa796d0d200ce97d0015b483d14
transfer_cube,211,29,No cross-fitting,97014,0,0,1.0,519fea80db37066444cbfbbac41e885d693da1e4dbabf87d2809c1a8b3e60be3,0738326d9c161359923756132f8f74f0f8ad2a4b0216bc7d7f0452c231fdc45d
transfer_cube,211,29,No cross-fitting,97015,1,1,4.0,519fea80db37066444cbfbbac41e885d693da1e4dbabf87d2809c1a8b3e60be3,9272ef4011bc56314d691a3f6b06088f11d0f919b6fc330ddeee6dcde3bd4ee7
transfer_cube,211,29,No cross-fitting,97016,1,1,4.0,519fea80db37066444cbfbbac41e885d693da1e4dbabf87d2809c1a8b3e60be3,0e1ce739a3339b07d5ff83f5e2c6db5c69b2a4005d7f7a152199fdc785e6678b
transfer_cube,211,29,No cross-fitting,97017,1,1,4.0,519fea80db37066444cbfbbac41e885d693da1e4dbabf87d2809c1a8b3e60be3,8759c084604a86a1ca21a6cb4ed691e0478b0a6da2d31296d1cf62709c7f219e
transfer_cube,211,29,No cross-fitting,97018,1,1,4.0,519fea80db37066444cbfbbac41e885d693da1e4dbabf87d2809c1a8b3e60be3,1ef032d734fbd913e87f3a92ae502998d18adb832018f7934826acbfc505c0ba
transfer_cube,211,29,No cross-fitting,97019,1,1,4.0,519fea80db37066444cbfbbac41e885d693da1e4dbabf87d2809c1a8b3e60be3,efcc50a08b3c8b39e238ad8e83ab9385a77df730dd0c8b3a96ba82dcc3ae5d92
transfer_cube,211,29,Global-time errors,97000,0,0,1.0,0a7a410d2f3f633ef49ac675c5b2ceab76d205762dd712d52dbd1a5a3e88a595,7553832aeefba75a73e6caafb7dc641ef37fa47d3086b29adea15fe78c9a058a
transfer_cube,211,29,Global-time errors,97001,1,1,4.0,0a7a410d2f3f633ef49ac675c5b2ceab76d205762dd712d52dbd1a5a3e88a595,78e158e7c695faee07bd383dbc3f74130845c2e555f6887a728e95e57f9f67f1
transfer_cube,211,29,Global-time errors,97002,1,1,4.0,0a7a410d2f3f633ef49ac675c5b2ceab76d205762dd712d52dbd1a5a3e88a595,79e8c2ad4af3476ef036a22703e95d1b3a01967eb15dd1de7fe314d085da92f1
transfer_cube,211,29,Global-time errors,97003,1,1,4.0,0a7a410d2f3f633ef49ac675c5b2ceab76d205762dd712d52dbd1a5a3e88a595,276087d782db76520a8075d1206015bfc45c8a36baa34bbeeeeafbcdb6364b4d
transfer_cube,211,29,Global-time errors,97004,1,1,4.0,0a7a410d2f3f633ef49ac675c5b2ceab76d205762dd712d52dbd1a5a3e88a595,42602739e34b6aaf33f0adf2cbe06bbe4e21d453a917b4795d9e4c5d7b93f8f3
transfer_cube,211,29,Global-time errors,97005,1,1,4.0,0a7a410d2f3f633ef49ac675c5b2ceab76d205762dd712d52dbd1a5a3e88a595,019ee6f1eb8e2f9ca7a4e7f943373c8bb3aa3361e602b7c76ebae4523e040d77
transfer_cube,211,29,Global-time errors,97006,0,0,0.0,0a7a410d2f3f633ef49ac675c5b2ceab76d205762dd712d52dbd1a5a3e88a595,cd3cee68ac9182b9faf9ae680d70805c77f6a2518995702b29507ac508175d20
transfer_cube,211,29,Global-time errors,97007,1,1,4.0,0a7a410d2f3f633ef49ac675c5b2ceab76d205762dd712d52dbd1a5a3e88a595,0817d1f759487c126b3229766e11df869c897fe12be6a61bd5daf6b90fe30a25
transfer_cube,211,29,Global-time errors,97008,1,1,4.0,0a7a410d2f3f633ef49ac675c5b2ceab76d205762dd712d52dbd1a5a3e88a595,1744f2da31b22a6fa13626c97da3273c5ea81bd9c2046d2ab59ffcca34b73756
transfer_cube,211,29,Global-time errors,97009,0,0,2.0,0a7a410d2f3f633ef49ac675c5b2ceab76d205762dd712d52dbd1a5a3e88a595,35e79849358317dc1f25bfa13c289c1f1fb789823aaae06310bb89dc254f0b3e
transfer_cube,211,29,Global-time errors,97010,1,1,4.0,0a7a410d2f3f633ef49ac675c5b2ceab76d205762dd712d52dbd1a5a3e88a595,42768acac572f44bf9144bcdbb80ff61f575d9d7e94867d9d308fd0364e71a28
transfer_cube,211,29,Global-time errors,97011,1,1,4.0,0a7a410d2f3f633ef49ac675c5b2ceab76d205762dd712d52dbd1a5a3e88a595,b3b76775edbfadb7ff2a84be56336aaa2f9380bf796ad0fc2bd87bc97bf4227c
transfer_cube,211,29,Global-time errors,97012,1,1,4.0,0a7a410d2f3f633ef49ac675c5b2ceab76d205762dd712d52dbd1a5a3e88a595,1164b6dc4f4431e4deaabd1b8e8aaad29bc333f0c962986c2a3a61d34667e710
transfer_cube,211,29,Global-time errors,97013,1,1,4.0,0a7a410d2f3f633ef49ac675c5b2ceab76d205762dd712d52dbd1a5a3e88a595,ce27bf0c86e17747e3e9c82da65d8f909cbe3dbcf0c889694e0a17913efe6f5a
transfer_cube,211,29,Global-time errors,97014,1,1,4.0,0a7a410d2f3f633ef49ac675c5b2ceab76d205762dd712d52dbd1a5a3e88a595,0c88922c26ef573a40b9f72019b5b68f41ab3f477bf8813345dce0927d11b609
transfer_cube,211,29,Global-time errors,97015,1,1,4.0,0a7a410d2f3f633ef49ac675c5b2ceab76d205762dd712d52dbd1a5a3e88a595,c6e1aa94359de08c053501fd5603b90926b40222841f32062f976913cfbebb23
transfer_cube,211,29,Global-time errors,97016,1,1,4.0,0a7a410d2f3f633ef49ac675c5b2ceab76d205762dd712d52dbd1a5a3e88a595,16ea6aaa1940391b1fd8b2621876d9c6d977bf1dddbfc5e4dcb82d5f0525e2dc
transfer_cube,211,29,Global-time errors,97017,1,1,4.0,0a7a410d2f3f633ef49ac675c5b2ceab76d205762dd712d52dbd1a5a3e88a595,17b776097bda147a4f7316d38d3a1b9025330c0d809101aaa6b5410a8f276aac
transfer_cube,211,29,Global-time errors,97018,0,0,2.0,0a7a410d2f3f633ef49ac675c5b2ceab76d205762dd712d52dbd1a5a3e88a595,b2935aaff292254e2d99b649cb829a510e6e8a174312018d611be3c4e5fc2fcd
transfer_cube,211,29,Global-time errors,97019,1,1,4.0,0a7a410d2f3f633ef49ac675c5b2ceab76d205762dd712d52dbd1a5a3e88a595,0ff226a1bfd2176c9fa0a5cf3254199a382ca0352060d06240ce3127357461ba
transfer_cube,211,29,No intermediate backtracking,97000,0,0,2.0,33c38fa6750d540ffb48b35d7e1caae4907f61998833243c9a19a2aac15cfefe,871d551c3f51432d3973ba694ac05548e793cb9118b58ad47f361575ca2bec00
transfer_cube,211,29,No intermediate backtracking,97001,1,1,4.0,33c38fa6750d540ffb48b35d7e1caae4907f61998833243c9a19a2aac15cfefe,df925e44e2bf0707213c22c73fd40a8699d0a9f65b8ab8fd47807503a339b488
transfer_cube,211,29,No intermediate backtracking,97002,1,1,4.0,33c38fa6750d540ffb48b35d7e1caae4907f61998833243c9a19a2aac15cfefe,48636305ad1d7b42340f9989b73fc46e2ce76434c22ac8cac1a2fdfdd42e7a69
transfer_cube,211,29,No intermediate backtracking,97003,1,1,4.0,33c38fa6750d540ffb48b35d7e1caae4907f61998833243c9a19a2aac15cfefe,37b82c183cba23cea95bc623f3ebdcf7f73b073de2df4bc48f5ce4e6c6f034bf
transfer_cube,211,29,No intermediate backtracking,97004,1,1,4.0,33c38fa6750d540ffb48b35d7e1caae4907f61998833243c9a19a2aac15cfefe,1fce401d733a401a40791b13074b0c9bdfdf24703d8f6f0c3086797989a74b0a
transfer_cube,211,29,No intermediate backtracking,97005,1,1,4.0,33c38fa6750d540ffb48b35d7e1caae4907f61998833243c9a19a2aac15cfefe,a2cd3bcc267c6993c35513f966a66a21976664db1afaf3de5ce3e45cc0fc37b0
transfer_cube,211,29,No intermediate backtracking,97006,0,0,0.0,33c38fa6750d540ffb48b35d7e1caae4907f61998833243c9a19a2aac15cfefe,56eec58ef85ea568b525ebcdfc6bddf1393f1144f060494d53711f68adf0f2dc
transfer_cube,211,29,No intermediate backtracking,97007,1,1,4.0,33c38fa6750d540ffb48b35d7e1caae4907f61998833243c9a19a2aac15cfefe,2e77d3cb0cff8f8e04e4884a225a8bd30e2637589e1b798cd22058ec47e94a3d
transfer_cube,211,29,No intermediate backtracking,97008,1,1,4.0,33c38fa6750d540ffb48b35d7e1caae4907f61998833243c9a19a2aac15cfefe,e9ea826dfdc7921d6dda2bb9d052ad4d8c53e5a0f03d470659f06c9e04ec120b
transfer_cube,211,29,No intermediate backtracking,97009,1,1,4.0,33c38fa6750d540ffb48b35d7e1caae4907f61998833243c9a19a2aac15cfefe,c9a8a95661cd5bfdba9e22f4ed717ff94ab6de46ae6f8f29229b22ceab1004cd
transfer_cube,211,29,No intermediate backtracking,97010,1,1,4.0,33c38fa6750d540ffb48b35d7e1caae4907f61998833243c9a19a2aac15cfefe,7d819674bf0aad6dde7c3823e78957dd0a15b6c06ee71eaa1069648dfbaaa2c1
transfer_cube,211,29,No intermediate backtracking,97011,1,1,4.0,33c38fa6750d540ffb48b35d7e1caae4907f61998833243c9a19a2aac15cfefe,d196f7ab1544c8c87d743b37d645c23ad0ba3a869df73e9cbbbfa5c8a71ad461
transfer_cube,211,29,No intermediate backtracking,97012,1,1,4.0,33c38fa6750d540ffb48b35d7e1caae4907f61998833243c9a19a2aac15cfefe,6c083d7566cffdff81d62184da6122405db5d93a9110c7387518d5673c92a55c
transfer_cube,211,29,No intermediate backtracking,97013,1,1,4.0,33c38fa6750d540ffb48b35d7e1caae4907f61998833243c9a19a2aac15cfefe,570799a0fec9846650aa963e3f14b423ffc448a3b63f7bb725f02b293b4090ed
transfer_cube,211,29,No intermediate backtracking,97014,0,0,1.0,33c38fa6750d540ffb48b35d7e1caae4907f61998833243c9a19a2aac15cfefe,d10c4337b4f8f7fdf26cfcf5292784592dbef7903d97de4cd231f7810d70e75e
transfer_cube,211,29,No intermediate backtracking,97015,1,1,4.0,33c38fa6750d540ffb48b35d7e1caae4907f61998833243c9a19a2aac15cfefe,6ceb26c16f57bcf28697724301036ff7d61be2f2f588ae8344258708168f8148
transfer_cube,211,29,No intermediate backtracking,97016,1,1,4.0,33c38fa6750d540ffb48b35d7e1caae4907f61998833243c9a19a2aac15cfefe,332ded6ddf919ebd6b357bec923f1d009149c7cf0b85169968ff47a9d87fb65e
transfer_cube,211,29,No intermediate backtracking,97017,1,1,4.0,33c38fa6750d540ffb48b35d7e1caae4907f61998833243c9a19a2aac15cfefe,5120e2bee764ccf888f8804e6c602cdfb35ca08dfface01fad6a8701e3a9110a
transfer_cube,211,29,No intermediate backtracking,97018,1,1,4.0,33c38fa6750d540ffb48b35d7e1caae4907f61998833243c9a19a2aac15cfefe,221dd055bf6658607fbf4fcc5e7c170bca39f76f37721d77b504af47cce6daa9
transfer_cube,211,29,No intermediate backtracking,97019,1,1,4.0,33c38fa6750d540ffb48b35d7e1caae4907f61998833243c9a19a2aac15cfefe,f6a835810a8927e884a4294e53e124e908215ba31fbea25d09669aa8f3db0a37
transfer_cube,211,29,Gaussian CPU budget,97000,1,1,4.0,f204829a9f7cfff511bf8f0594c7b1764d7e6d162cff9a43222bf3835f5813e0,e5102b0b9d5c028f236880dc6c42bdfc0785cbf749a3ee43fdfe34a047ed54a7
transfer_cube,211,29,Gaussian CPU budget,97001,0,0,1.0,f204829a9f7cfff511bf8f0594c7b1764d7e6d162cff9a43222bf3835f5813e0,7a4fb03b2fca749f8c853b055d7d9395c30677a190ab6493a157b0848bd35d0d
transfer_cube,211,29,Gaussian CPU budget,97002,1,1,4.0,f204829a9f7cfff511bf8f0594c7b1764d7e6d162cff9a43222bf3835f5813e0,ece259557fe5ed746d3e31ea0dac1b4fe7a582e96ad217612b2d49468ef6c45d
transfer_cube,211,29,Gaussian CPU budget,97003,1,1,4.0,f204829a9f7cfff511bf8f0594c7b1764d7e6d162cff9a43222bf3835f5813e0,883303ebb5d7b2079ddde547cd0b778519488146775eafd2463213097da4100a
transfer_cube,211,29,Gaussian CPU budget,97004,1,1,4.0,f204829a9f7cfff511bf8f0594c7b1764d7e6d162cff9a43222bf3835f5813e0,e00ac13c53834e56e977acd48c4218589884ace6705b1d1630c063a3ee75154c
transfer_cube,211,29,Gaussian CPU budget,97005,1,1,4.0,f204829a9f7cfff511bf8f0594c7b1764d7e6d162cff9a43222bf3835f5813e0,bb683ba1571d3df706daff1e89ee881e73fde8d2e314753ca4b9522afee8b111
transfer_cube,211,29,Gaussian CPU budget,97006,0,0,2.0,f204829a9f7cfff511bf8f0594c7b1764d7e6d162cff9a43222bf3835f5813e0,2324e6eb397e65f420a6b1be33b1849557155e7b0b0f4a9e3d494d85d179fb0a
transfer_cube,211,29,Gaussian CPU budget,97007,1,1,4.0,f204829a9f7cfff511bf8f0594c7b1764d7e6d162cff9a43222bf3835f5813e0,a632d31d989351f5f5924d21dc73c2d3857c4bb005b1362c7edf5105060b6249
transfer_cube,211,29,Gaussian CPU budget,97008,1,1,4.0,f204829a9f7cfff511bf8f0594c7b1764d7e6d162cff9a43222bf3835f5813e0,deb364cff19043f45bcf12c1b8eb6ff9623108d150b9d342787b24181c61602e
transfer_cube,211,29,Gaussian CPU budget,97009,1,1,4.0,f204829a9f7cfff511bf8f0594c7b1764d7e6d162cff9a43222bf3835f5813e0,526ceb62c3991914939e4aa38deb5d8c4bd113911ff1c08062b6865a242a2a44
transfer_cube,211,29,Gaussian CPU budget,97010,1,1,4.0,f204829a9f7cfff511bf8f0594c7b1764d7e6d162cff9a43222bf3835f5813e0,5c3b061bd00b92ea248abc0a8d9b84f6ab21098facc636a103879d5dfe1bae8e
transfer_cube,211,29,Gaussian CPU budget,97011,1,1,4.0,f204829a9f7cfff511bf8f0594c7b1764d7e6d162cff9a43222bf3835f5813e0,b3d38be690243dd40397587dff796f8b6c94465b9253b601ac66308a1f29cf75
transfer_cube,211,29,Gaussian CPU budget,97012,1,1,4.0,f204829a9f7cfff511bf8f0594c7b1764d7e6d162cff9a43222bf3835f5813e0,0bc218899c63bcdb5c27a5c54d8495cb24080afbbbd48f5c6e0ca4b1f0b9ba52
transfer_cube,211,29,Gaussian CPU budget,97013,1,1,4.0,f204829a9f7cfff511bf8f0594c7b1764d7e6d162cff9a43222bf3835f5813e0,cb350b995db8fd1a02362b366c4719dda98986f3fd7bb57bcda443715644ef3a
transfer_cube,211,29,Gaussian CPU budget,97014,1,1,4.0,f204829a9f7cfff511bf8f0594c7b1764d7e6d162cff9a43222bf3835f5813e0,b8d9ef4e7d5882d91dd02fbf244b88228e1a0f6b8b8e3927462a7a9318387f67
transfer_cube,211,29,Gaussian CPU budget,97015,1,1,4.0,f204829a9f7cfff511bf8f0594c7b1764d7e6d162cff9a43222bf3835f5813e0,2b77f41e2e5c859ba6f3a6c3e6e20c86724a8692fcbd650d37247df12935aff9
transfer_cube,211,29,Gaussian CPU budget,97016,1,1,4.0,f204829a9f7cfff511bf8f0594c7b1764d7e6d162cff9a43222bf3835f5813e0,45eff4e6fca78f7fd05669b6f303166ce48a212de2189af2c58c49dc8680c891
transfer_cube,211,29,Gaussian CPU budget,97017,1,1,4.0,f204829a9f7cfff511bf8f0594c7b1764d7e6d162cff9a43222bf3835f5813e0,2870c0ad1b1b8b5dee4ea514c58273bddb90f481634ecb47ffdce1df0f61c49c
transfer_cube,211,29,Gaussian CPU budget,97018,1,1,4.0,f204829a9f7cfff511bf8f0594c7b1764d7e6d162cff9a43222bf3835f5813e0,73c1d961a6aed69c209d259cee9c6ab867ee4dca87e9fa861d679d849da732c8
transfer_cube,211,29,Gaussian CPU budget,97019,1,1,4.0,f204829a9f7cfff511bf8f0594c7b1764d7e6d162cff9a43222bf3835f5813e0,e78bb7f80d4729b26d61f919caf90e8f37be1109b7a1ef8dabf203c55539600a
transfer_cube,211,43,Clean repeat,97000,0,0,0.0,c6922be8cca6a6ab1ab9c9379110e2a44028046a8823bb466e6cf3097d6675a5,07d545beaca9d0b678e5d14eb2af8b8d217def1805d8952ab38bd3e9d31b09fa
transfer_cube,211,43,Clean repeat,97001,0,0,1.0,c6922be8cca6a6ab1ab9c9379110e2a44028046a8823bb466e6cf3097d6675a5,779957da016069125b0c79eb13ba49915063da0c1ff80be8bb287c284672bbba
transfer_cube,211,43,Clean repeat,97002,1,1,4.0,c6922be8cca6a6ab1ab9c9379110e2a44028046a8823bb466e6cf3097d6675a5,d7f2f5432e67eeebae47ad8f89b40e4ec934fd2d9ad08b92f0f5b726a92eb0b5
transfer_cube,211,43,Clean repeat,97003,0,0,2.0,c6922be8cca6a6ab1ab9c9379110e2a44028046a8823bb466e6cf3097d6675a5,f93a32307351b1cf82927a5d9600061a1052f74b76fdad0e02eaa220e172686d
transfer_cube,211,43,Clean repeat,97004,0,0,2.0,c6922be8cca6a6ab1ab9c9379110e2a44028046a8823bb466e6cf3097d6675a5,297aff89428a414a635e1705256981cb4211077567f706326005ae480b518ff2
transfer_cube,211,43,Clean repeat,97005,1,1,4.0,c6922be8cca6a6ab1ab9c9379110e2a44028046a8823bb466e6cf3097d6675a5,431b55bd3b0015a29da02e928342ad7079ff743e15a9dd0371637a5f7786806e
transfer_cube,211,43,Clean repeat,97006,0,0,2.0,c6922be8cca6a6ab1ab9c9379110e2a44028046a8823bb466e6cf3097d6675a5,4e5783b8ff0801c13fe3c9a9a37b75bf1bd3be7dc70184e387143407923ca3fa
transfer_cube,211,43,Clean repeat,97007,0,0,0.0,c6922be8cca6a6ab1ab9c9379110e2a44028046a8823bb466e6cf3097d6675a5,7fa9e726ad2da703eed70de2a65ac1133f58ff0d36adca35c4c9ad023ba1a34f
transfer_cube,211,43,Clean repeat,97008,1,1,4.0,c6922be8cca6a6ab1ab9c9379110e2a44028046a8823bb466e6cf3097d6675a5,a30243abc4ec7fca7c539062d346dfab31ad6a0202030c31a249ba7ee48e9742
transfer_cube,211,43,Clean repeat,97009,1,0,4.0,c6922be8cca6a6ab1ab9c9379110e2a44028046a8823bb466e6cf3097d6675a5,e5458ad0edfad2f9f89429f3d6e6a2125fca9d02984cb0f8f82028af382b72e9
transfer_cube,211,43,Clean repeat,97010,0,0,2.0,c6922be8cca6a6ab1ab9c9379110e2a44028046a8823bb466e6cf3097d6675a5,fe704451a99704dba0324b65f3ff1180b958149d13d1902868f4a0ba26665bfe
transfer_cube,211,43,Clean repeat,97011,1,1,4.0,c6922be8cca6a6ab1ab9c9379110e2a44028046a8823bb466e6cf3097d6675a5,c9bb712815e23fcf463499685ce14011c3ece19dbefc0dc3747af06d05aedbac
transfer_cube,211,43,Clean repeat,97012,1,0,4.0,c6922be8cca6a6ab1ab9c9379110e2a44028046a8823bb466e6cf3097d6675a5,426fe9cafe99e76a9f3b31fa81b2430a85100b15147cb1dd550d940331e1d2a3
transfer_cube,211,43,Clean repeat,97013,0,0,1.0,c6922be8cca6a6ab1ab9c9379110e2a44028046a8823bb466e6cf3097d6675a5,7f41927e110f416a718877a6e5529a3e0543ea583725f34ab5299065d435d1c7
transfer_cube,211,43,Clean repeat,97014,0,0,2.0,c6922be8cca6a6ab1ab9c9379110e2a44028046a8823bb466e6cf3097d6675a5,9eef59870c40d6be04b30d3a2f71c1493fd10b2a96fcd05f940d8b24a65375d5
transfer_cube,211,43,Clean repeat,97015,1,1,4.0,c6922be8cca6a6ab1ab9c9379110e2a44028046a8823bb466e6cf3097d6675a5,8840b0de66d0070a47a630e0684e7f41588ca16ee8011b592af3d79ffc034470
transfer_cube,211,43,Clean repeat,97016,1,1,4.0,c6922be8cca6a6ab1ab9c9379110e2a44028046a8823bb466e6cf3097d6675a5,c0bddd325a609ba8547e50e0b1b3bc4f011dae6600d466e0f61a7f510d930808
transfer_cube,211,43,Clean repeat,97017,1,1,4.0,c6922be8cca6a6ab1ab9c9379110e2a44028046a8823bb466e6cf3097d6675a5,a3ec85e10ad2bd8989f8c14552db2b808f74a24cb644990a9f3fdac81abd5759
transfer_cube,211,43,Clean repeat,97018,1,0,4.0,c6922be8cca6a6ab1ab9c9379110e2a44028046a8823bb466e6cf3097d6675a5,db9dda59e329d041bc9e843108b18734184493f03ef70f3179678e1c3bdead85
transfer_cube,211,43,Clean repeat,97019,0,0,2.0,c6922be8cca6a6ab1ab9c9379110e2a44028046a8823bb466e6cf3097d6675a5,2c422f16bf7ae074575d3909fd1c82758ec2fcc731dc749a4624c68204bdbe6d
transfer_cube,211,43,SCANA-R,97000,1,1,4.0,981ed2ada2470fcddf2e011b4780cddf9433e7f2729c7ed8a566f97629e6d6aa,9b94e06be6b8622eabbe7e0fca45453d1f38daa4066062911f203b89bc26ee7b
transfer_cube,211,43,SCANA-R,97001,1,1,4.0,981ed2ada2470fcddf2e011b4780cddf9433e7f2729c7ed8a566f97629e6d6aa,a5d0956e6e7ec9f7e30e607ddc54d88bbbdc5125c6fed2138ed648c5bbb00c49
transfer_cube,211,43,SCANA-R,97002,1,1,4.0,981ed2ada2470fcddf2e011b4780cddf9433e7f2729c7ed8a566f97629e6d6aa,06390808bf9857f799023bb216b9c2437f1603852309a73a308e0baea15fd991
transfer_cube,211,43,SCANA-R,97003,1,1,4.0,981ed2ada2470fcddf2e011b4780cddf9433e7f2729c7ed8a566f97629e6d6aa,55b2b601cce783dc3b5b711079d340505ffaebca7a32453555c187c0082af1e0
transfer_cube,211,43,SCANA-R,97004,1,1,4.0,981ed2ada2470fcddf2e011b4780cddf9433e7f2729c7ed8a566f97629e6d6aa,c7cfc78b84084f1259c2096ff0d90354754ef4d1e9ed6bf6a992be10b64efde7
transfer_cube,211,43,SCANA-R,97005,1,1,4.0,981ed2ada2470fcddf2e011b4780cddf9433e7f2729c7ed8a566f97629e6d6aa,fc732276160cddbe18abf8db39b072afa9840b8d57aec827fb03c9e3b15247ca
transfer_cube,211,43,SCANA-R,97006,0,0,0.0,981ed2ada2470fcddf2e011b4780cddf9433e7f2729c7ed8a566f97629e6d6aa,736582de027db360bb8e3db3da9dd22e32b8e093bf3034f48ec4a4ef7a38047e
transfer_cube,211,43,SCANA-R,97007,1,1,4.0,981ed2ada2470fcddf2e011b4780cddf9433e7f2729c7ed8a566f97629e6d6aa,70a95a609a004099729754b798d6bcc27b181d3c5c159c8ac65654a854aad75a
transfer_cube,211,43,SCANA-R,97008,1,1,4.0,981ed2ada2470fcddf2e011b4780cddf9433e7f2729c7ed8a566f97629e6d6aa,95e7bec5983072c47e2652548098d1db4c3ac636db0666b5ba3c289f9a12528d
transfer_cube,211,43,SCANA-R,97009,1,1,4.0,981ed2ada2470fcddf2e011b4780cddf9433e7f2729c7ed8a566f97629e6d6aa,8c514357931e4c02e768e2d8f46f81d9403b8c70b1dad378f42200d5cb64326e
transfer_cube,211,43,SCANA-R,97010,1,1,4.0,981ed2ada2470fcddf2e011b4780cddf9433e7f2729c7ed8a566f97629e6d6aa,7258d3b37f64c42014c27abaf14881978cb7d19dba5b4c5cea6bfeb956a64134
transfer_cube,211,43,SCANA-R,97011,1,1,4.0,981ed2ada2470fcddf2e011b4780cddf9433e7f2729c7ed8a566f97629e6d6aa,4656dea67b86002180053b34ebff97f6cf84422622d312b7ab41f4442a4672a1
transfer_cube,211,43,SCANA-R,97012,1,1,4.0,981ed2ada2470fcddf2e011b4780cddf9433e7f2729c7ed8a566f97629e6d6aa,44cd3d46ef8cb0386b32095d056724c57c04a29a15a8f27900e1cb5faf3ce451
transfer_cube,211,43,SCANA-R,97013,1,1,4.0,981ed2ada2470fcddf2e011b4780cddf9433e7f2729c7ed8a566f97629e6d6aa,b2991cdb309469bd609ad235ed1ac6cb8c724bc14bc0c2fd7388fa060f424152
transfer_cube,211,43,SCANA-R,97014,0,0,2.0,981ed2ada2470fcddf2e011b4780cddf9433e7f2729c7ed8a566f97629e6d6aa,a7e8d18a943b41a86a727855e4d5f4c973adb5b943a01b2fa5f5d3fbc29ac198
transfer_cube,211,43,SCANA-R,97015,1,1,4.0,981ed2ada2470fcddf2e011b4780cddf9433e7f2729c7ed8a566f97629e6d6aa,47111fda985cd267e82676dd460ab456f697391e22e048b763b55966af5c8e40
transfer_cube,211,43,SCANA-R,97016,1,1,4.0,981ed2ada2470fcddf2e011b4780cddf9433e7f2729c7ed8a566f97629e6d6aa,c868f75144170c83e1ab74e07ba766368e0eedd92994338c89dac4f2747b68a0
transfer_cube,211,43,SCANA-R,97017,1,1,4.0,981ed2ada2470fcddf2e011b4780cddf9433e7f2729c7ed8a566f97629e6d6aa,d2d51591b16c96d201afb8a2af1ed19d282db9484eaba668336521870295d68b
transfer_cube,211,43,SCANA-R,97018,1,1,4.0,981ed2ada2470fcddf2e011b4780cddf9433e7f2729c7ed8a566f97629e6d6aa,ebf582bd91952816de39ea22f44956d2a2df963b7932870a018b2ba5aca64724
transfer_cube,211,43,SCANA-R,97019,1,1,4.0,981ed2ada2470fcddf2e011b4780cddf9433e7f2729c7ed8a566f97629e6d6aa,bf0acd0efb5b4d9e6eb6690104616b20263f24cf770a5dede4ad8dea9cb69e80
transfer_cube,211,43,Gaussian recovery,97000,0,0,0.0,3891f00d2e355578ccfef68dfdefcc2886d1d3c0f9cedd0a48dc07a667e562af,437f0cd51f15f0d9abc387013dc6ab754c9c43009a93fc94e4fe1f180d1a9f7a
transfer_cube,211,43,Gaussian recovery,97001,0,0,2.0,3891f00d2e355578ccfef68dfdefcc2886d1d3c0f9cedd0a48dc07a667e562af,37f0944b31798865ed5512fc19f76d3c329be474e6cf17e866a46105b1cb3868
transfer_cube,211,43,Gaussian recovery,97002,1,1,4.0,3891f00d2e355578ccfef68dfdefcc2886d1d3c0f9cedd0a48dc07a667e562af,9e359437a252479cb6a1ad2b3c959b0a1bc6de607fea851901a3e2318d9b0e76
transfer_cube,211,43,Gaussian recovery,97003,0,0,0.0,3891f00d2e355578ccfef68dfdefcc2886d1d3c0f9cedd0a48dc07a667e562af,4b1aabed15fec24708f94dc79b89b6cfa54479ce480052841348715ca59cfb6f
transfer_cube,211,43,Gaussian recovery,97004,1,1,4.0,3891f00d2e355578ccfef68dfdefcc2886d1d3c0f9cedd0a48dc07a667e562af,715edcead41c6dc75cca8750972935781a104c825022c99cc97ccce47784b6eb
transfer_cube,211,43,Gaussian recovery,97005,1,1,4.0,3891f00d2e355578ccfef68dfdefcc2886d1d3c0f9cedd0a48dc07a667e562af,07b354ffd342568b65d4800573c6ab167a8256b126dddc7624a52051000e5c5a
transfer_cube,211,43,Gaussian recovery,97006,0,0,0.0,3891f00d2e355578ccfef68dfdefcc2886d1d3c0f9cedd0a48dc07a667e562af,cd36ed20b68bc9c6cdc8e950fb82af5523e84f988ce42b2985d13163d137771f
transfer_cube,211,43,Gaussian recovery,97007,1,1,4.0,3891f00d2e355578ccfef68dfdefcc2886d1d3c0f9cedd0a48dc07a667e562af,d10d5746a52bfd88f6261a887a978d3c1ba7bcde70dfadf9f1a6835ec3210358
transfer_cube,211,43,Gaussian recovery,97008,1,1,4.0,3891f00d2e355578ccfef68dfdefcc2886d1d3c0f9cedd0a48dc07a667e562af,d148c757cfb3bed045f03516b78aa17b861c5766500b2bdb9540adc1288e5fc4
transfer_cube,211,43,Gaussian recovery,97009,1,1,4.0,3891f00d2e355578ccfef68dfdefcc2886d1d3c0f9cedd0a48dc07a667e562af,0b0c95ae4b2298698c0f3c31d859694e78df34d699f76109a93613ebfc98ecf2
transfer_cube,211,43,Gaussian recovery,97010,1,1,4.0,3891f00d2e355578ccfef68dfdefcc2886d1d3c0f9cedd0a48dc07a667e562af,1569060e895b127fdb9be54d0e592f84e6dacffda41bc41423148b797f8eb881
transfer_cube,211,43,Gaussian recovery,97011,1,1,4.0,3891f00d2e355578ccfef68dfdefcc2886d1d3c0f9cedd0a48dc07a667e562af,23b89559d1a749f2413a8b1a60c8a457d17024f14b4653f57b7c91af6f71eaf8
transfer_cube,211,43,Gaussian recovery,97012,1,1,4.0,3891f00d2e355578ccfef68dfdefcc2886d1d3c0f9cedd0a48dc07a667e562af,b9e987d9f230a3f852117463ff98ce9bc8d71ec9e1c51b5e0214ee0c44524486
transfer_cube,211,43,Gaussian recovery,97013,1,1,4.0,3891f00d2e355578ccfef68dfdefcc2886d1d3c0f9cedd0a48dc07a667e562af,047a355d03a579400c240ddf8c63915e15d87f366352465b1e899a252ffed8ea
transfer_cube,211,43,Gaussian recovery,97014,0,0,0.0,3891f00d2e355578ccfef68dfdefcc2886d1d3c0f9cedd0a48dc07a667e562af,552778f2f6f7b8188b6c5bd57788745d0fddcd57d4a407e7c28d902ec685b721
transfer_cube,211,43,Gaussian recovery,97015,1,1,4.0,3891f00d2e355578ccfef68dfdefcc2886d1d3c0f9cedd0a48dc07a667e562af,8bed57db7da00d700f85a641f032ab6153872309a70e2ee9db66a2d898725dc4
transfer_cube,211,43,Gaussian recovery,97016,1,1,4.0,3891f00d2e355578ccfef68dfdefcc2886d1d3c0f9cedd0a48dc07a667e562af,da01f3f048a57e034b07203bfccbbcdb0d4a8aa41d759238a8948d7b82e42af7
transfer_cube,211,43,Gaussian recovery,97017,1,1,4.0,3891f00d2e355578ccfef68dfdefcc2886d1d3c0f9cedd0a48dc07a667e562af,b00c4376773a1cbb73ae563e06d4a2cb0c0974312c6550825c30dfea1116eb26
transfer_cube,211,43,Gaussian recovery,97018,0,0,0.0,3891f00d2e355578ccfef68dfdefcc2886d1d3c0f9cedd0a48dc07a667e562af,0857cc62b582d2744df95c1b2c14a50c3cce777a1587b3d60646f5e445134419
transfer_cube,211,43,Gaussian recovery,97019,1,1,4.0,3891f00d2e355578ccfef68dfdefcc2886d1d3c0f9cedd0a48dc07a667e562af,1e8e6d7fda66312ead8a7cdf06b9a5be3dd5613edb9428ff77fbaa5b0a28ad28
transfer_cube,211,43,No cross-fitting,97000,0,0,2.0,f6743807c5a730d6952e921e72c66970538141b48cd184d175014a71bcbe2b1c,0cd9bfe4255188fba6874b784c5429883656f4b97651a9b236cacad9853c53f4
transfer_cube,211,43,No cross-fitting,97001,1,1,4.0,f6743807c5a730d6952e921e72c66970538141b48cd184d175014a71bcbe2b1c,810c379b78922caa0ca663a630a82a77e0fcc96a54d0d10762a7a5b0e0ab9b48
transfer_cube,211,43,No cross-fitting,97002,1,1,4.0,f6743807c5a730d6952e921e72c66970538141b48cd184d175014a71bcbe2b1c,e1b9229abcee507103663d9d19e6e28ba4bbb46ef0357a57b1ac71cb99006741
transfer_cube,211,43,No cross-fitting,97003,1,1,4.0,f6743807c5a730d6952e921e72c66970538141b48cd184d175014a71bcbe2b1c,6e62d189ee23e86af419bd1856ac1a5a9a6d6b2e73a3669ef4b793acc997fffb
transfer_cube,211,43,No cross-fitting,97004,1,1,4.0,f6743807c5a730d6952e921e72c66970538141b48cd184d175014a71bcbe2b1c,53201e48c4ea1a7b32b4e8c8a99c8c344d12f188665379e27cd28970eee837f4
transfer_cube,211,43,No cross-fitting,97005,1,1,4.0,f6743807c5a730d6952e921e72c66970538141b48cd184d175014a71bcbe2b1c,da5aea9905ea9bf09ad1ce2905bedbde6e86109de9ba18513c39c54ffe21a28f
transfer_cube,211,43,No cross-fitting,97006,1,1,4.0,f6743807c5a730d6952e921e72c66970538141b48cd184d175014a71bcbe2b1c,b3d60c811549986ef41a7970f781feeb565c87e5af3832f11dd58507e436aaa0
transfer_cube,211,43,No cross-fitting,97007,1,1,4.0,f6743807c5a730d6952e921e72c66970538141b48cd184d175014a71bcbe2b1c,be64e234f3d7ac1572792a0fbd51dda6f6406ed44709c10b4457c98322723c5e
transfer_cube,211,43,No cross-fitting,97008,1,1,4.0,f6743807c5a730d6952e921e72c66970538141b48cd184d175014a71bcbe2b1c,8c31110db0b02fa82f93594dc4bb2d77214f2fb2c1232f2b052fdbe5fd582cbc
transfer_cube,211,43,No cross-fitting,97009,1,1,4.0,f6743807c5a730d6952e921e72c66970538141b48cd184d175014a71bcbe2b1c,c49631ab054d6356d437731e84be918822198566f6c7757736535013ee214d23
transfer_cube,211,43,No cross-fitting,97010,1,1,4.0,f6743807c5a730d6952e921e72c66970538141b48cd184d175014a71bcbe2b1c,b2cb5b8c073414fa8915d372d6afc1027d35643e2a095fc108dc32140cbfe897
transfer_cube,211,43,No cross-fitting,97011,1,1,4.0,f6743807c5a730d6952e921e72c66970538141b48cd184d175014a71bcbe2b1c,b928011c5174b5d6fa3629770bc4bf0d866a5f6bcb8d244a39c458877e22d89c
transfer_cube,211,43,No cross-fitting,97012,1,1,4.0,f6743807c5a730d6952e921e72c66970538141b48cd184d175014a71bcbe2b1c,a2fb5de04b965c66feb7559fdf7234b81bac93953d8033f9678b777e126b6fa5
transfer_cube,211,43,No cross-fitting,97013,1,1,4.0,f6743807c5a730d6952e921e72c66970538141b48cd184d175014a71bcbe2b1c,59639e3d56442a39c64cf9bb209d7520662e5b4c4a7e045acacfabc4aec8016a
transfer_cube,211,43,No cross-fitting,97014,1,1,4.0,f6743807c5a730d6952e921e72c66970538141b48cd184d175014a71bcbe2b1c,64e9d4f23e5b538226dedd6ec9f45bbc06dffd53509a9a03198e0d24d3c007f4
transfer_cube,211,43,No cross-fitting,97015,1,1,4.0,f6743807c5a730d6952e921e72c66970538141b48cd184d175014a71bcbe2b1c,6781ce5e59d07be3cfee104d1c1efa4bb7a0f8430ddc169b3b66d953b1f4f4c3
transfer_cube,211,43,No cross-fitting,97016,1,1,4.0,f6743807c5a730d6952e921e72c66970538141b48cd184d175014a71bcbe2b1c,c7bf66712a835a7d5845a89549a5488418c0eb412647c68b06195eeac5deffba
transfer_cube,211,43,No cross-fitting,97017,1,1,4.0,f6743807c5a730d6952e921e72c66970538141b48cd184d175014a71bcbe2b1c,4c5185618b5714b47ebe37224bda6065707a43c6df2b57004de9a44df6d69762
transfer_cube,211,43,No cross-fitting,97018,1,1,4.0,f6743807c5a730d6952e921e72c66970538141b48cd184d175014a71bcbe2b1c,7f4da0f0e94ae9503d6bdbf70f95d5670c6dc79f04e8d436fa8f8979b2eb4283
transfer_cube,211,43,No cross-fitting,97019,1,1,4.0,f6743807c5a730d6952e921e72c66970538141b48cd184d175014a71bcbe2b1c,47295ba05ef400916756a937d16bd8d227d783c23ff5ff10a35fe27d24862e1c
transfer_cube,211,43,Global-time errors,97000,1,1,4.0,f35927f389a327bbe1b35bd5967ad746704bd5e7a3e5b2db67a0f7631076ab60,1baf8bd385b8f97f39f3ad0ce571a8cd651f07889f4554c9f42db947b8cdb220
transfer_cube,211,43,Global-time errors,97001,0,0,1.0,f35927f389a327bbe1b35bd5967ad746704bd5e7a3e5b2db67a0f7631076ab60,a3461ad9c26f0c9d5b3a6daa4c6e540c88e0f9e9ff05868a8adb4fe88ded516b
transfer_cube,211,43,Global-time errors,97002,1,1,4.0,f35927f389a327bbe1b35bd5967ad746704bd5e7a3e5b2db67a0f7631076ab60,36e4af15620429f2bc1cb02b73c3161063479ed24ab926366ceb4db63ed4a4b6
transfer_cube,211,43,Global-time errors,97003,1,1,4.0,f35927f389a327bbe1b35bd5967ad746704bd5e7a3e5b2db67a0f7631076ab60,745d24f690b5ee8adb85972362ea39915120a0af239d3a71786c29b2dbf5fce5
transfer_cube,211,43,Global-time errors,97004,1,1,4.0,f35927f389a327bbe1b35bd5967ad746704bd5e7a3e5b2db67a0f7631076ab60,95c42d7196f83cec4d0e1a3bdb76871b9037e45bfba0bbd90b3a201d85713c16
transfer_cube,211,43,Global-time errors,97005,1,1,4.0,f35927f389a327bbe1b35bd5967ad746704bd5e7a3e5b2db67a0f7631076ab60,c5a29e7dd33c76a4bf5d77314518fc731f20a3a82ea8bcfd1a038d97747f1d55
transfer_cube,211,43,Global-time errors,97006,1,1,4.0,f35927f389a327bbe1b35bd5967ad746704bd5e7a3e5b2db67a0f7631076ab60,1da504560a570bd0f2d4bd8604080226a9939bf4c9797a7d0782e280f6c4e036
transfer_cube,211,43,Global-time errors,97007,1,1,4.0,f35927f389a327bbe1b35bd5967ad746704bd5e7a3e5b2db67a0f7631076ab60,431c6d5491f4f56b6a058c02bfb30eb6790ed5e656c9821323b141a572f91fce
transfer_cube,211,43,Global-time errors,97008,1,1,4.0,f35927f389a327bbe1b35bd5967ad746704bd5e7a3e5b2db67a0f7631076ab60,86c08afd41a98ede5622af9f40e580840df06b344118a5922f965fa0faeaeec5
transfer_cube,211,43,Global-time errors,97009,1,1,4.0,f35927f389a327bbe1b35bd5967ad746704bd5e7a3e5b2db67a0f7631076ab60,047ebf549b6ff36433a360bded484cb386e1cd695969adfd213eaacc972a1e6a
transfer_cube,211,43,Global-time errors,97010,1,1,4.0,f35927f389a327bbe1b35bd5967ad746704bd5e7a3e5b2db67a0f7631076ab60,e20431b25f9dd3f8be2710d5f61c120da1991cab0c5c9654ecc5008c9fd555cb
transfer_cube,211,43,Global-time errors,97011,1,1,4.0,f35927f389a327bbe1b35bd5967ad746704bd5e7a3e5b2db67a0f7631076ab60,f6235edf42d0f854ccce039c2dcf7001e6b50fd855df152806aaac3a0a1ce410
transfer_cube,211,43,Global-time errors,97012,1,1,4.0,f35927f389a327bbe1b35bd5967ad746704bd5e7a3e5b2db67a0f7631076ab60,1eacc53b4f7c6e670aabbeb03342cfe6afaa284885e7a07550e36b9c8d413762
transfer_cube,211,43,Global-time errors,97013,1,1,4.0,f35927f389a327bbe1b35bd5967ad746704bd5e7a3e5b2db67a0f7631076ab60,b4177d04b217715d856561a73782ada81097f1324ff1368eced02fbd1b9cc70f
transfer_cube,211,43,Global-time errors,97014,1,1,4.0,f35927f389a327bbe1b35bd5967ad746704bd5e7a3e5b2db67a0f7631076ab60,70cd5b89a06ba1053757451f95bb02e2bc9a6ab9969d7779ee76e1dde18aca15
transfer_cube,211,43,Global-time errors,97015,1,1,4.0,f35927f389a327bbe1b35bd5967ad746704bd5e7a3e5b2db67a0f7631076ab60,4e7b48d6597b1d5ec555a2cdbb8f9a82d03c5da7b4eb102cd817a4363856a489
transfer_cube,211,43,Global-time errors,97016,1,1,4.0,f35927f389a327bbe1b35bd5967ad746704bd5e7a3e5b2db67a0f7631076ab60,774df08a8e19df8c801df047b395d5cc22ec88135577de6a049dfbfb26af577b
transfer_cube,211,43,Global-time errors,97017,1,1,4.0,f35927f389a327bbe1b35bd5967ad746704bd5e7a3e5b2db67a0f7631076ab60,ce88bdb85b8d9e233000cadf9157490e5fbdbf3efa8b043306293ec86b4de4e6
transfer_cube,211,43,Global-time errors,97018,1,1,4.0,f35927f389a327bbe1b35bd5967ad746704bd5e7a3e5b2db67a0f7631076ab60,30e65fddb0bac85ed00d0ba861ea1de320edd89383dfdac0d8d99faeb3e079c9
transfer_cube,211,43,Global-time errors,97019,1,1,4.0,f35927f389a327bbe1b35bd5967ad746704bd5e7a3e5b2db67a0f7631076ab60,6f61fadccff5967819d3de2c792efbaf301166963fa6fbecddd50869eaa444f7
transfer_cube,211,43,No intermediate backtracking,97000,1,1,4.0,c1d0c925dc3bbbf07e5dd9f3d8f36dd93b184c308a4af674a639fd4cb54a042c,984c1a1792001b00785c3eabfaf017de820c18379287a674c297d7047fccbf92
transfer_cube,211,43,No intermediate backtracking,97001,0,0,2.0,c1d0c925dc3bbbf07e5dd9f3d8f36dd93b184c308a4af674a639fd4cb54a042c,0df8496a6bee2ad39fd012bf6b9a14890c60f06efc3f7d94a17d37fbea266b9c
transfer_cube,211,43,No intermediate backtracking,97002,1,1,4.0,c1d0c925dc3bbbf07e5dd9f3d8f36dd93b184c308a4af674a639fd4cb54a042c,566ac5e5997660cf85aa69675a7d36d0f1cac3726ea324d083fd49917eeae1da
transfer_cube,211,43,No intermediate backtracking,97003,1,1,4.0,c1d0c925dc3bbbf07e5dd9f3d8f36dd93b184c308a4af674a639fd4cb54a042c,6785b3aa387d9dcd4bce96c88c56ae33c9944b5187861f32b24674b7e8d1d4d4
transfer_cube,211,43,No intermediate backtracking,97004,1,1,4.0,c1d0c925dc3bbbf07e5dd9f3d8f36dd93b184c308a4af674a639fd4cb54a042c,666b82f28abbe6ddad1091c93ffed05ddf3fd1c118deec97850bb3f041f9e525
transfer_cube,211,43,No intermediate backtracking,97005,1,1,4.0,c1d0c925dc3bbbf07e5dd9f3d8f36dd93b184c308a4af674a639fd4cb54a042c,1d2a1978503d465ccfa7f1548192d6235a9460eb94e614930bbf19b67e5905ed
transfer_cube,211,43,No intermediate backtracking,97006,0,0,0.0,c1d0c925dc3bbbf07e5dd9f3d8f36dd93b184c308a4af674a639fd4cb54a042c,3028ef41d5f52d0d2edf4b974eb2dcb10c31be05bd04583149bfba695351f0d3
transfer_cube,211,43,No intermediate backtracking,97007,1,1,4.0,c1d0c925dc3bbbf07e5dd9f3d8f36dd93b184c308a4af674a639fd4cb54a042c,15fb0b15e6489c55ead9420e099099c194112d4858685a3055146a68c39c867c
transfer_cube,211,43,No intermediate backtracking,97008,1,1,4.0,c1d0c925dc3bbbf07e5dd9f3d8f36dd93b184c308a4af674a639fd4cb54a042c,667c047b717fad68edbc3165f5b9bf431733f012a640f247fe1a4521838e4cef
transfer_cube,211,43,No intermediate backtracking,97009,1,1,4.0,c1d0c925dc3bbbf07e5dd9f3d8f36dd93b184c308a4af674a639fd4cb54a042c,4045af9f1acb90db1471e9e143c84963687ca92e51370005f9506e1286835888
transfer_cube,211,43,No intermediate backtracking,97010,1,1,4.0,c1d0c925dc3bbbf07e5dd9f3d8f36dd93b184c308a4af674a639fd4cb54a042c,a72dc8d7ab03cc597075e105f887bf02f9251ca85151ac645acd9ff0f6eff400
transfer_cube,211,43,No intermediate backtracking,97011,1,1,4.0,c1d0c925dc3bbbf07e5dd9f3d8f36dd93b184c308a4af674a639fd4cb54a042c,d1bb546e5298de63d1e9eb5301f4e899d3476b9f27dc8b4d71191a9cd5331c89
transfer_cube,211,43,No intermediate backtracking,97012,1,1,4.0,c1d0c925dc3bbbf07e5dd9f3d8f36dd93b184c308a4af674a639fd4cb54a042c,201b9d68edb49431c7a641667dc0365c16e9f8d3202bd1e4e7036d549aff93cf
transfer_cube,211,43,No intermediate backtracking,97013,1,1,4.0,c1d0c925dc3bbbf07e5dd9f3d8f36dd93b184c308a4af674a639fd4cb54a042c,0ad4b8837881d1e7ab0eaedfe45cf44cba92ad697229dc43a4d386f46a7de4da
transfer_cube,211,43,No intermediate backtracking,97014,0,0,0.0,c1d0c925dc3bbbf07e5dd9f3d8f36dd93b184c308a4af674a639fd4cb54a042c,d2b8300930dd38a2084bce72ea8b85dbe29c8f8a13dcfb3de38abd444f3ecf1e
transfer_cube,211,43,No intermediate backtracking,97015,1,1,4.0,c1d0c925dc3bbbf07e5dd9f3d8f36dd93b184c308a4af674a639fd4cb54a042c,e0a6ecee60196733fad1595232216ca2753d7c6aca6f76d5f57fdd40ec29ea48
transfer_cube,211,43,No intermediate backtracking,97016,1,1,4.0,c1d0c925dc3bbbf07e5dd9f3d8f36dd93b184c308a4af674a639fd4cb54a042c,8e794793f08b4b6a054c40dc349dbcbada48c4c32d9b73f716b1f8541f13a5bf
transfer_cube,211,43,No intermediate backtracking,97017,1,1,4.0,c1d0c925dc3bbbf07e5dd9f3d8f36dd93b184c308a4af674a639fd4cb54a042c,1601ff514275b2343d8a60bd98cb05c40dc2ae55c034a17d8f3fed56f69d367b
transfer_cube,211,43,No intermediate backtracking,97018,1,1,4.0,c1d0c925dc3bbbf07e5dd9f3d8f36dd93b184c308a4af674a639fd4cb54a042c,2bcd92b0c443c334091e19a0a4b854a1b903e18287c8d3aeff04c2202fecd601
transfer_cube,211,43,No intermediate backtracking,97019,1,1,4.0,c1d0c925dc3bbbf07e5dd9f3d8f36dd93b184c308a4af674a639fd4cb54a042c,5a5c7e736d0752f2f841bd2a00fcf2cdcff7d0fc31c257dfdda2a67afb16cd85
transfer_cube,211,43,Gaussian CPU budget,97000,0,0,0.0,7f13979ab0ded50cb2e16daefb9b3c47d8e71f7b968257484e1565d0f8b025a4,592e8c999cf80f90e654e8e74a962fdf5508fac834192735592222508ca34a8c
transfer_cube,211,43,Gaussian CPU budget,97001,0,0,0.0,7f13979ab0ded50cb2e16daefb9b3c47d8e71f7b968257484e1565d0f8b025a4,fc6fa2cc25d8036ae62e085362373ea66693fc3952fad4e397766640c0e487f5
transfer_cube,211,43,Gaussian CPU budget,97002,1,1,4.0,7f13979ab0ded50cb2e16daefb9b3c47d8e71f7b968257484e1565d0f8b025a4,88f27b58343cb0bc254e3624001984bb6fe431cbe16b2542a4292cc37b53931b
transfer_cube,211,43,Gaussian CPU budget,97003,0,0,0.0,7f13979ab0ded50cb2e16daefb9b3c47d8e71f7b968257484e1565d0f8b025a4,2bb25571b3fbda2580e268f22ea734afe7d2997797aacb8b986a193c4fd7755f
transfer_cube,211,43,Gaussian CPU budget,97004,1,1,4.0,7f13979ab0ded50cb2e16daefb9b3c47d8e71f7b968257484e1565d0f8b025a4,49c892cb0e3be79ad9366b7af15a0bde5368f1e278256948d4631bb545440dc8
transfer_cube,211,43,Gaussian CPU budget,97005,1,1,4.0,7f13979ab0ded50cb2e16daefb9b3c47d8e71f7b968257484e1565d0f8b025a4,28456e19a1a6f632eeda85ba093243b0f08a8c484d7a1ba55bffd7e80a443bcf
transfer_cube,211,43,Gaussian CPU budget,97006,0,0,0.0,7f13979ab0ded50cb2e16daefb9b3c47d8e71f7b968257484e1565d0f8b025a4,a1d0190e57b1f0004a4a41f4d4a746ef943e0449899414c32a6b42d03ecaef92
transfer_cube,211,43,Gaussian CPU budget,97007,1,1,4.0,7f13979ab0ded50cb2e16daefb9b3c47d8e71f7b968257484e1565d0f8b025a4,d14554f652e693166171a57f3231f4b68e64ae212e45ffcb38b59c0d8f3bc90f
transfer_cube,211,43,Gaussian CPU budget,97008,1,1,4.0,7f13979ab0ded50cb2e16daefb9b3c47d8e71f7b968257484e1565d0f8b025a4,468210b9957f2f497e7a0a3402d77fea58568401779b39de0b1126406580851c
transfer_cube,211,43,Gaussian CPU budget,97009,1,1,4.0,7f13979ab0ded50cb2e16daefb9b3c47d8e71f7b968257484e1565d0f8b025a4,6ab491d8266281f17ff195d6c8308b22c01e19d27b1def62375c18cf061fdd74
transfer_cube,211,43,Gaussian CPU budget,97010,0,0,0.0,7f13979ab0ded50cb2e16daefb9b3c47d8e71f7b968257484e1565d0f8b025a4,9b28a111ae8a08b1a9bb1b2359de43d9ceb482aeef39770609a8504fef8017c1
transfer_cube,211,43,Gaussian CPU budget,97011,1,1,4.0,7f13979ab0ded50cb2e16daefb9b3c47d8e71f7b968257484e1565d0f8b025a4,1b9ff6f6521518fdd2539d32f428ee7635909e460d4bdd47a4e465fcf83e1018
transfer_cube,211,43,Gaussian CPU budget,97012,1,1,4.0,7f13979ab0ded50cb2e16daefb9b3c47d8e71f7b968257484e1565d0f8b025a4,57c36a1d3aea5badc8ca144fba378127932d818f331ee62e3c973eece1ddc49c
transfer_cube,211,43,Gaussian CPU budget,97013,0,0,0.0,7f13979ab0ded50cb2e16daefb9b3c47d8e71f7b968257484e1565d0f8b025a4,b2a15360fd2f03fe40d04c5044e7407194b0bb86b8cb8147663ebbb2a28af86b
transfer_cube,211,43,Gaussian CPU budget,97014,0,0,0.0,7f13979ab0ded50cb2e16daefb9b3c47d8e71f7b968257484e1565d0f8b025a4,f3510f9ecad42c8683c2ad657a3e11adeb1750c1d6bb11a87026b95cfb994b03
transfer_cube,211,43,Gaussian CPU budget,97015,1,1,4.0,7f13979ab0ded50cb2e16daefb9b3c47d8e71f7b968257484e1565d0f8b025a4,f81c92ec5753ca83cb4c3ed40734fe52b48c9be1b516d342ca029f456db4a397
transfer_cube,211,43,Gaussian CPU budget,97016,1,1,4.0,7f13979ab0ded50cb2e16daefb9b3c47d8e71f7b968257484e1565d0f8b025a4,ec0ffc764bac5a3e8156b4893456da358000c395c1e2fd96c6da8aede7834472
transfer_cube,211,43,Gaussian CPU budget,97017,1,1,4.0,7f13979ab0ded50cb2e16daefb9b3c47d8e71f7b968257484e1565d0f8b025a4,c8274b702fe9630df52800584b43d4d3c310aba2157c5e6f2b0980d36c744f57
transfer_cube,211,43,Gaussian CPU budget,97018,0,0,0.0,7f13979ab0ded50cb2e16daefb9b3c47d8e71f7b968257484e1565d0f8b025a4,cc74c074d9a1c2df0e04d9f7c5d9eeb06f03f18dd8b7fecfdac9cddbfe1e97aa
transfer_cube,211,43,Gaussian CPU budget,97019,1,1,4.0,7f13979ab0ded50cb2e16daefb9b3c47d8e71f7b968257484e1565d0f8b025a4,3ca171b6e3a695279c7dd57a6da72d8724752f9e8fda058bb60867892f94810a
transfer_cube,307,17,Clean repeat,97000,1,1,4.0,84236f075165ff89d1c49575cad1843ce590c36f895f437020fa8a5394840227,82a4bd4be96d51eca470a41046a215f2d615d95b9786daa26a88f606c3ef6090
transfer_cube,307,17,Clean repeat,97001,0,0,2.0,84236f075165ff89d1c49575cad1843ce590c36f895f437020fa8a5394840227,a163b89c7b3627f8a29cd8f28a05abbb6c89b6ab58e11edf9cb95cea17abaaea
transfer_cube,307,17,Clean repeat,97002,1,1,4.0,84236f075165ff89d1c49575cad1843ce590c36f895f437020fa8a5394840227,753c46b0e4ad7b361f9e6bdd1082aa7d98f080c7820dee622dbb3c57322af9e4
transfer_cube,307,17,Clean repeat,97003,1,1,4.0,84236f075165ff89d1c49575cad1843ce590c36f895f437020fa8a5394840227,c77ffcb149a6f8edcdbea1e926eee0f939cac91831654c696e85029c7a4a7524
transfer_cube,307,17,Clean repeat,97004,1,1,4.0,84236f075165ff89d1c49575cad1843ce590c36f895f437020fa8a5394840227,028ad48ab22335b34f8d0f90d2db35a9a254b630f9d67c8b7600025c23f5cd1a
transfer_cube,307,17,Clean repeat,97005,1,1,4.0,84236f075165ff89d1c49575cad1843ce590c36f895f437020fa8a5394840227,f0aa66415484ce2f3ae615010a335cbd25e9cb0a77241d5f48d1339bf32613a5
transfer_cube,307,17,Clean repeat,97006,0,0,1.0,84236f075165ff89d1c49575cad1843ce590c36f895f437020fa8a5394840227,21a9e19296bc419b318d9d1b5f35cbc177edf49ef961e3b22a0defa289d8cc16
transfer_cube,307,17,Clean repeat,97007,1,1,4.0,84236f075165ff89d1c49575cad1843ce590c36f895f437020fa8a5394840227,6a9caf83747d3035c08ae9a4680dab4fc4007563b8ebb986faffd63521e54b72
transfer_cube,307,17,Clean repeat,97008,1,1,4.0,84236f075165ff89d1c49575cad1843ce590c36f895f437020fa8a5394840227,0aad72cc1b66d25d1b4db16093e80f2dfe27036445bdbe4b2c25ccf3b4e6061c
transfer_cube,307,17,Clean repeat,97009,1,1,4.0,84236f075165ff89d1c49575cad1843ce590c36f895f437020fa8a5394840227,f38287bec012de300345a26b771b15a3343bfe89ba927c0bb224723902238c23
transfer_cube,307,17,Clean repeat,97010,1,1,4.0,84236f075165ff89d1c49575cad1843ce590c36f895f437020fa8a5394840227,a4fcf57078451f5c60722a6c9fb12d00c71e9ec83b52efbb9e7f86ccfaaebf16
transfer_cube,307,17,Clean repeat,97011,1,1,4.0,84236f075165ff89d1c49575cad1843ce590c36f895f437020fa8a5394840227,ccb6c50b21736cc6be7ae1db2fb88856d58185ac4bbc964f4f80531b247b490f
transfer_cube,307,17,Clean repeat,97012,1,1,4.0,84236f075165ff89d1c49575cad1843ce590c36f895f437020fa8a5394840227,9374e039ab64352a7b6b9b8f9d5658435e88dc4544d0ea08128b0dea04a986d7
transfer_cube,307,17,Clean repeat,97013,0,0,2.0,84236f075165ff89d1c49575cad1843ce590c36f895f437020fa8a5394840227,218f5527d1b655d57a3f569866331317a9ef3d6ca0beeeb1781f1c5bd27159b8
transfer_cube,307,17,Clean repeat,97014,0,0,1.0,84236f075165ff89d1c49575cad1843ce590c36f895f437020fa8a5394840227,8043aff196fba4cf58dcd060d1f8f611eb0b7a5b783e775dda47a9f2bc5e4499
transfer_cube,307,17,Clean repeat,97015,1,1,4.0,84236f075165ff89d1c49575cad1843ce590c36f895f437020fa8a5394840227,e0f9dcc7a699489146ba46b0870bd648ff916e4834e95f038048e36439b8787c
transfer_cube,307,17,Clean repeat,97016,1,1,4.0,84236f075165ff89d1c49575cad1843ce590c36f895f437020fa8a5394840227,7fd936b33fac711dc37c950c41984c32b12c896b7e0663361528e77759c7116d
transfer_cube,307,17,Clean repeat,97017,1,1,4.0,84236f075165ff89d1c49575cad1843ce590c36f895f437020fa8a5394840227,28d6ef56bce914e53dff5e922c3b740d7bf0a48b1aab7d4c2f1b35a13bbef161
transfer_cube,307,17,Clean repeat,97018,1,1,4.0,84236f075165ff89d1c49575cad1843ce590c36f895f437020fa8a5394840227,af67b47d069754d59182d386b357d9e071e9f7df4730abc17e55155feadf54f2
transfer_cube,307,17,Clean repeat,97019,1,1,4.0,84236f075165ff89d1c49575cad1843ce590c36f895f437020fa8a5394840227,36c4b18a03467fc151196a112568e67bd1710f6c59c87531c8b7b9770efaa126
transfer_cube,307,17,SCANA-R,97000,1,1,4.0,5f529a325306c791ec8a2475e6e53bb05cb9007be3aa3ca33dbbb3970146f615,18f4a3523dad88e42c72824b55f800a4f918d3361acfc93c5a7b385babe0ffa6
transfer_cube,307,17,SCANA-R,97001,0,0,2.0,5f529a325306c791ec8a2475e6e53bb05cb9007be3aa3ca33dbbb3970146f615,dfa023687b465cc6462a5ff579b934c3111a70db07cf4ed4c94bb55e79daa73c
transfer_cube,307,17,SCANA-R,97002,1,1,4.0,5f529a325306c791ec8a2475e6e53bb05cb9007be3aa3ca33dbbb3970146f615,3ea3c5edfab1b6b416aa4c1a5d635b04d944a9c2bf15bdad655ac239b5681365
transfer_cube,307,17,SCANA-R,97003,1,1,4.0,5f529a325306c791ec8a2475e6e53bb05cb9007be3aa3ca33dbbb3970146f615,f9632b9d0a8db850b71c4ee9ac98273248b2c32b580d1e6a1cee527714d236dc
transfer_cube,307,17,SCANA-R,97004,1,1,4.0,5f529a325306c791ec8a2475e6e53bb05cb9007be3aa3ca33dbbb3970146f615,dbee9285e23292e01de116d1ab0b42b5cce522c0653910d1258fd68dcf25b680
transfer_cube,307,17,SCANA-R,97005,1,1,4.0,5f529a325306c791ec8a2475e6e53bb05cb9007be3aa3ca33dbbb3970146f615,355491a01fe25004cf31a0a02aad5ac8d3c8e36bac92af015da47f3a9419d5cc
transfer_cube,307,17,SCANA-R,97006,1,1,4.0,5f529a325306c791ec8a2475e6e53bb05cb9007be3aa3ca33dbbb3970146f615,bf2ccfa2d5424672918dcb92fe0c8ab54157d521cfa2ee33f50b73dd48da2d7a
transfer_cube,307,17,SCANA-R,97007,1,1,4.0,5f529a325306c791ec8a2475e6e53bb05cb9007be3aa3ca33dbbb3970146f615,31507956c071347b54bb1a547dffbe4982aa3485fea5860d33c1c32bcdc5fce3
transfer_cube,307,17,SCANA-R,97008,1,1,4.0,5f529a325306c791ec8a2475e6e53bb05cb9007be3aa3ca33dbbb3970146f615,ca980e08a29619a3223ac5dd55e5aaf79e6e762a81bc480ebf477b53f2c109d8
transfer_cube,307,17,SCANA-R,97009,1,1,4.0,5f529a325306c791ec8a2475e6e53bb05cb9007be3aa3ca33dbbb3970146f615,3b57fe5906d43043841947308aafe2ae9cf1f5e7654d03872211dcd427d7dea7
transfer_cube,307,17,SCANA-R,97010,1,1,4.0,5f529a325306c791ec8a2475e6e53bb05cb9007be3aa3ca33dbbb3970146f615,7aaa8db2c812c3f6f6faac427f732285bb9e839873e6311181314f59737a5470
transfer_cube,307,17,SCANA-R,97011,1,1,4.0,5f529a325306c791ec8a2475e6e53bb05cb9007be3aa3ca33dbbb3970146f615,deee3e0c900f1178a1fd4b88204e9f906002c93c1f6a8ac95f98bdfbc9709af2
transfer_cube,307,17,SCANA-R,97012,1,1,4.0,5f529a325306c791ec8a2475e6e53bb05cb9007be3aa3ca33dbbb3970146f615,6dab294065ef856ad71d5778afcf8b83adab1d08cc5c846b4aae51ba3b6aa1c2
transfer_cube,307,17,SCANA-R,97013,1,1,4.0,5f529a325306c791ec8a2475e6e53bb05cb9007be3aa3ca33dbbb3970146f615,a9f0144228208e3cbf8d91350baee829db1eaacaf47e1f7e604fd37bd2642c7b
transfer_cube,307,17,SCANA-R,97014,1,1,4.0,5f529a325306c791ec8a2475e6e53bb05cb9007be3aa3ca33dbbb3970146f615,7f22f886da1595eee92b2aa2157a138b038ad19ffed24037d828acf0cf43d566
transfer_cube,307,17,SCANA-R,97015,1,1,4.0,5f529a325306c791ec8a2475e6e53bb05cb9007be3aa3ca33dbbb3970146f615,4dbc0fe5ee9f1b1f7aeff60de8211273a711de24be3d64252298f335f893c3a5
transfer_cube,307,17,SCANA-R,97016,1,1,4.0,5f529a325306c791ec8a2475e6e53bb05cb9007be3aa3ca33dbbb3970146f615,8728f5b24f1b2ce6225bf51c07b188aac121f251dd9a87e12273ea87cc071c65
transfer_cube,307,17,SCANA-R,97017,1,1,4.0,5f529a325306c791ec8a2475e6e53bb05cb9007be3aa3ca33dbbb3970146f615,29f416a84eea4c706953504eb7577ddd6959bc388d9fdcc6d9af2a059024f1fc
transfer_cube,307,17,SCANA-R,97018,1,1,4.0,5f529a325306c791ec8a2475e6e53bb05cb9007be3aa3ca33dbbb3970146f615,b3c6776e1cd1eb49e4a3a12affab057eddff9810c27952492f3f5f33fea28edc
transfer_cube,307,17,SCANA-R,97019,1,1,4.0,5f529a325306c791ec8a2475e6e53bb05cb9007be3aa3ca33dbbb3970146f615,73d90436f2af8f6ad9d979cbfbbf2dcb46319483ebfa3b922ea026f87f1be4c7
transfer_cube,307,17,Gaussian recovery,97000,1,1,4.0,f87f45f01118b7e8dbe61d50bf8a9611bd457492598ac65e0e6324c5d40ecb68,3c3030717fd7f453bd107e86623b164869f5151ae200ebbe2afc356434cea581
transfer_cube,307,17,Gaussian recovery,97001,0,0,2.0,f87f45f01118b7e8dbe61d50bf8a9611bd457492598ac65e0e6324c5d40ecb68,518b20b6e3f984a8f7d89a5ce5f21717f3c479858dee8d27107efbc7a8f1129a
transfer_cube,307,17,Gaussian recovery,97002,1,1,4.0,f87f45f01118b7e8dbe61d50bf8a9611bd457492598ac65e0e6324c5d40ecb68,c30f3804d365092b8fdb92deacdb7666edeb97bf5331befe40a54ffe66f46029
transfer_cube,307,17,Gaussian recovery,97003,1,1,4.0,f87f45f01118b7e8dbe61d50bf8a9611bd457492598ac65e0e6324c5d40ecb68,4387fabbff390215c15217b9d62ceae98bc6dd9cb685d04fed265ae8d988bb56
transfer_cube,307,17,Gaussian recovery,97004,1,1,4.0,f87f45f01118b7e8dbe61d50bf8a9611bd457492598ac65e0e6324c5d40ecb68,a59fe7e3d51c5d7f3877416411c33c7d986951542961fac3e26bedf54b7a2ca7
transfer_cube,307,17,Gaussian recovery,97005,1,1,4.0,f87f45f01118b7e8dbe61d50bf8a9611bd457492598ac65e0e6324c5d40ecb68,0fbc8331c2516e3dd5a5199a8c446f69ed46d5567c32284f6b9651f5e0511628
transfer_cube,307,17,Gaussian recovery,97006,1,1,4.0,f87f45f01118b7e8dbe61d50bf8a9611bd457492598ac65e0e6324c5d40ecb68,ee4663ed5e2aa9a77e08dffbe0bdc5de44675b273fd567e3718806c178a4789c
transfer_cube,307,17,Gaussian recovery,97007,1,1,4.0,f87f45f01118b7e8dbe61d50bf8a9611bd457492598ac65e0e6324c5d40ecb68,7008abd9ef2eef49f3f3729b0baaf27bae6a720d080e006e29d3aa9d8ac8d330
transfer_cube,307,17,Gaussian recovery,97008,1,1,4.0,f87f45f01118b7e8dbe61d50bf8a9611bd457492598ac65e0e6324c5d40ecb68,251a05c456f5becdbb50d6e1f6db08864a63aaae0b27dd3f53ac3b85e3322f02
transfer_cube,307,17,Gaussian recovery,97009,1,1,4.0,f87f45f01118b7e8dbe61d50bf8a9611bd457492598ac65e0e6324c5d40ecb68,3fc0bf9af3c6cfef7878738d4e41c99cd66a2a48af33a98e6c022085b896d69a
transfer_cube,307,17,Gaussian recovery,97010,1,1,4.0,f87f45f01118b7e8dbe61d50bf8a9611bd457492598ac65e0e6324c5d40ecb68,3ce73d5c29abf83ea18486f63ff3bff88b22b9fdc68adc43c3165eec6748c6bd
transfer_cube,307,17,Gaussian recovery,97011,0,0,0.0,f87f45f01118b7e8dbe61d50bf8a9611bd457492598ac65e0e6324c5d40ecb68,01b77efbf8c660ac6def96881f1e419403e5979e31c1edde45c604f5797f644e
transfer_cube,307,17,Gaussian recovery,97012,1,1,4.0,f87f45f01118b7e8dbe61d50bf8a9611bd457492598ac65e0e6324c5d40ecb68,7ec103a0509035c092135c67b444ea843c8d2068df11d994c6da37ef4a7c68bd
transfer_cube,307,17,Gaussian recovery,97013,0,0,2.0,f87f45f01118b7e8dbe61d50bf8a9611bd457492598ac65e0e6324c5d40ecb68,9e8a79180e7849fa3c59bdd8915e7fb422d5c0e9b2eb865fa82ca7c8c03124a1
transfer_cube,307,17,Gaussian recovery,97014,1,1,4.0,f87f45f01118b7e8dbe61d50bf8a9611bd457492598ac65e0e6324c5d40ecb68,752fa2da8092330826c259d89cde20ae20f085f71aeb843b1d6f1d6e5812a879
transfer_cube,307,17,Gaussian recovery,97015,1,1,4.0,f87f45f01118b7e8dbe61d50bf8a9611bd457492598ac65e0e6324c5d40ecb68,7a7887dd831f22e54d7a7a349789a6aca606f4b5ce71f7a2e4b25b8aaa38d8c2
transfer_cube,307,17,Gaussian recovery,97016,1,1,4.0,f87f45f01118b7e8dbe61d50bf8a9611bd457492598ac65e0e6324c5d40ecb68,d95addaa06227c63ceb7b81cf2172988a24c6c084c3ad3c604b5f9b6b98f6a62
transfer_cube,307,17,Gaussian recovery,97017,1,1,4.0,f87f45f01118b7e8dbe61d50bf8a9611bd457492598ac65e0e6324c5d40ecb68,51b022c27b072dc983b24d450f29c3b12bfc760b778c2efe717c3a8b0123f1b8
transfer_cube,307,17,Gaussian recovery,97018,1,1,4.0,f87f45f01118b7e8dbe61d50bf8a9611bd457492598ac65e0e6324c5d40ecb68,a5f5204d993eb27225d10c63a898145c4a3152ae453fe8a3a7f645ae4d28fa74
transfer_cube,307,17,Gaussian recovery,97019,1,1,4.0,f87f45f01118b7e8dbe61d50bf8a9611bd457492598ac65e0e6324c5d40ecb68,b71b14bc9fdbd8a0ff7861ad6bce1c13973ae458a7009c8f4a797a9ca20ec79f
transfer_cube,307,17,No cross-fitting,97000,1,1,4.0,58791a4d41cefe3cb1a4d03bc597cd751ba79c1d56b76381a89862f0dc390025,bc01dba5c8cae01d81c946c282c15019a3a9405d0efa93fbb4cf72b4ec7af552
transfer_cube,307,17,No cross-fitting,97001,0,0,1.0,58791a4d41cefe3cb1a4d03bc597cd751ba79c1d56b76381a89862f0dc390025,c2056a08e2de08660d208e9fac27f2a120e4edea49341105524a9d4dd9b9c04d
transfer_cube,307,17,No cross-fitting,97002,1,1,4.0,58791a4d41cefe3cb1a4d03bc597cd751ba79c1d56b76381a89862f0dc390025,c3fa3b8cafd31824bdc9ef5beb8d40f7536576ae91f6dcff87b9f5e9ab23c350
transfer_cube,307,17,No cross-fitting,97003,1,1,4.0,58791a4d41cefe3cb1a4d03bc597cd751ba79c1d56b76381a89862f0dc390025,0ea39355f63914d8177a4f9c925eb66d8b1e09fa57b864032453d0542d98ceda
transfer_cube,307,17,No cross-fitting,97004,1,1,4.0,58791a4d41cefe3cb1a4d03bc597cd751ba79c1d56b76381a89862f0dc390025,dc62ad7f988cef90c20cad8003a203435a71f938950c67decbdadfd660375e76
transfer_cube,307,17,No cross-fitting,97005,1,1,4.0,58791a4d41cefe3cb1a4d03bc597cd751ba79c1d56b76381a89862f0dc390025,09ce414121372e9e9eab865869d7870a8281ea4eca71018dd75548e1d703987a
transfer_cube,307,17,No cross-fitting,97006,1,1,4.0,58791a4d41cefe3cb1a4d03bc597cd751ba79c1d56b76381a89862f0dc390025,8e4aa55eb02f61160b02780f6a0ae1f86dbed907ce2af311bd6c9d7825480dc4
transfer_cube,307,17,No cross-fitting,97007,1,1,4.0,58791a4d41cefe3cb1a4d03bc597cd751ba79c1d56b76381a89862f0dc390025,3234eb5278f5ca2a532a657a143515ea6e9a0303d5efe436f29de5c874ab9261
transfer_cube,307,17,No cross-fitting,97008,1,1,4.0,58791a4d41cefe3cb1a4d03bc597cd751ba79c1d56b76381a89862f0dc390025,82ce9eb3336bc6ede7a6761f97a185b25d79b96d248d1805558f0c01984a9746
transfer_cube,307,17,No cross-fitting,97009,1,1,4.0,58791a4d41cefe3cb1a4d03bc597cd751ba79c1d56b76381a89862f0dc390025,86afe3a204cb790a21ea88df6a2f00db58b65a32efe656a9abb863a3a973973f
transfer_cube,307,17,No cross-fitting,97010,1,1,4.0,58791a4d41cefe3cb1a4d03bc597cd751ba79c1d56b76381a89862f0dc390025,eaf549592acbdf56d7646ff600f71b2eb5721ec5355dc6a6d80f9cae1a82c12c
transfer_cube,307,17,No cross-fitting,97011,1,1,4.0,58791a4d41cefe3cb1a4d03bc597cd751ba79c1d56b76381a89862f0dc390025,1f3f65db3ff5221a0b2d09353094c78ee0e8d8a525e6bb18907f5818acc1cc77
transfer_cube,307,17,No cross-fitting,97012,1,1,4.0,58791a4d41cefe3cb1a4d03bc597cd751ba79c1d56b76381a89862f0dc390025,caacf94fddd1cb678e1175d436591d38d8400526d5786d8ce91e528e2c5e851c
transfer_cube,307,17,No cross-fitting,97013,0,0,1.0,58791a4d41cefe3cb1a4d03bc597cd751ba79c1d56b76381a89862f0dc390025,da79fb7718a15279d31259ef81b6db66117485b7542677a81bddd6d13c4d369e
transfer_cube,307,17,No cross-fitting,97014,1,1,4.0,58791a4d41cefe3cb1a4d03bc597cd751ba79c1d56b76381a89862f0dc390025,c90e613c13ec2760c86187fa3360d6fa288f325b7ffa8eea496a86c75ebc4de3
transfer_cube,307,17,No cross-fitting,97015,1,1,4.0,58791a4d41cefe3cb1a4d03bc597cd751ba79c1d56b76381a89862f0dc390025,b54ea54a00598cdacf70c14db659411718d779f383a75ad2353455646d0a19c6
transfer_cube,307,17,No cross-fitting,97016,1,1,4.0,58791a4d41cefe3cb1a4d03bc597cd751ba79c1d56b76381a89862f0dc390025,3503a8905d4185828898c120550a115980a9798d91621c72be5564b8ca7f1dc2
transfer_cube,307,17,No cross-fitting,97017,1,1,4.0,58791a4d41cefe3cb1a4d03bc597cd751ba79c1d56b76381a89862f0dc390025,8a222471be52cb6dd9b98082a915147886f57910f0ce72572a2a77634976e6e8
transfer_cube,307,17,No cross-fitting,97018,1,1,4.0,58791a4d41cefe3cb1a4d03bc597cd751ba79c1d56b76381a89862f0dc390025,90a2d30ebd426d41b6404da85c2db28808d8f9c3e0c96432c5f62770e5d7c6a5
transfer_cube,307,17,No cross-fitting,97019,1,1,4.0,58791a4d41cefe3cb1a4d03bc597cd751ba79c1d56b76381a89862f0dc390025,84b0379ed3b6f33277e89c8a824e155af540b78b6ebdb64682e10339174f0eea
transfer_cube,307,17,Global-time errors,97000,1,1,4.0,0f766df70dea482312bede59f7f3de138856cfa03ff67306d8f99f3c0705ae27,4b6599009177b5ee954f349dc99894c67811ed09291f7b385e30f8476bde84af
transfer_cube,307,17,Global-time errors,97001,0,0,2.0,0f766df70dea482312bede59f7f3de138856cfa03ff67306d8f99f3c0705ae27,802972b04147e64fd9ab18f009a3ca7b3e63d89cbf57a8ab26e17676270df2d0
transfer_cube,307,17,Global-time errors,97002,1,1,4.0,0f766df70dea482312bede59f7f3de138856cfa03ff67306d8f99f3c0705ae27,5aefe232286a47fe2372bf054f3b8778c4db14a2bc39fb417ba7c2a3723fb301
transfer_cube,307,17,Global-time errors,97003,1,1,4.0,0f766df70dea482312bede59f7f3de138856cfa03ff67306d8f99f3c0705ae27,63d1ca57a2d8ffaf45f2f70dadc2936c66a143847df4ddce155b6c8f46d1abc5
transfer_cube,307,17,Global-time errors,97004,1,1,4.0,0f766df70dea482312bede59f7f3de138856cfa03ff67306d8f99f3c0705ae27,e29c82dce7846cf4cdfd4d3d807fd6ee9a8a052c7ab316829a479b558536e541
transfer_cube,307,17,Global-time errors,97005,1,1,4.0,0f766df70dea482312bede59f7f3de138856cfa03ff67306d8f99f3c0705ae27,35830cb9a333f8dc760d50065b739468714d182805a8b8e5d58a3953f3aa4772
transfer_cube,307,17,Global-time errors,97006,0,0,0.0,0f766df70dea482312bede59f7f3de138856cfa03ff67306d8f99f3c0705ae27,c22f2408d42b4d563942947aeebb92bb1b04113b345c65db25f199b65be6b08f
transfer_cube,307,17,Global-time errors,97007,1,1,4.0,0f766df70dea482312bede59f7f3de138856cfa03ff67306d8f99f3c0705ae27,c16058dd2451d708b9c2b81cc866413becdeeb6c3e3e844880be4083b6c02397
transfer_cube,307,17,Global-time errors,97008,1,1,4.0,0f766df70dea482312bede59f7f3de138856cfa03ff67306d8f99f3c0705ae27,0206ae73c80dd0defdd86e59c02a21f567ac329c18aeff81fe7c219a401e9d9c
transfer_cube,307,17,Global-time errors,97009,1,1,4.0,0f766df70dea482312bede59f7f3de138856cfa03ff67306d8f99f3c0705ae27,40d53ebdf1c257835cb55d0ae98901319f8c086efe9821b67109d32d6e3c1e9b
transfer_cube,307,17,Global-time errors,97010,1,1,4.0,0f766df70dea482312bede59f7f3de138856cfa03ff67306d8f99f3c0705ae27,62c78e66067785e8943f6b5672224b2fda3fcd06ac4319ebb9fdfe2a21cb6f8a
transfer_cube,307,17,Global-time errors,97011,1,1,4.0,0f766df70dea482312bede59f7f3de138856cfa03ff67306d8f99f3c0705ae27,53eaee967d599e6ac112c2e61906f5e90665fe9d0343fecbbbc5c264b626d21e
transfer_cube,307,17,Global-time errors,97012,1,1,4.0,0f766df70dea482312bede59f7f3de138856cfa03ff67306d8f99f3c0705ae27,8958d66d6f4a64e9172066b203dce0c1510dcd87cbefca8bfebbd32c5e3a226d
transfer_cube,307,17,Global-time errors,97013,0,0,2.0,0f766df70dea482312bede59f7f3de138856cfa03ff67306d8f99f3c0705ae27,635aa7ce136c10070e134cbc6726f08af9641e49c64f15e570ade166602f6ea8
transfer_cube,307,17,Global-time errors,97014,0,0,2.0,0f766df70dea482312bede59f7f3de138856cfa03ff67306d8f99f3c0705ae27,f037c9ec43e4373261cbda09313f5df29644858b58555787c0dba2114b57b200
transfer_cube,307,17,Global-time errors,97015,1,1,4.0,0f766df70dea482312bede59f7f3de138856cfa03ff67306d8f99f3c0705ae27,133b4bc29c0af5e1a90a3d712bff7dc2e2f6103067081e5f409784648cb7f5d2
transfer_cube,307,17,Global-time errors,97016,1,1,4.0,0f766df70dea482312bede59f7f3de138856cfa03ff67306d8f99f3c0705ae27,c593ec7f4b898052c38e7487cbc4df2317b6f1bdd3efac61c44cac0ee9cd52bf
transfer_cube,307,17,Global-time errors,97017,1,1,4.0,0f766df70dea482312bede59f7f3de138856cfa03ff67306d8f99f3c0705ae27,272f5d3e7c72f64f86f5ee943b2b3c050624ac7b506d461c4ee391fe75e9d591
transfer_cube,307,17,Global-time errors,97018,1,1,4.0,0f766df70dea482312bede59f7f3de138856cfa03ff67306d8f99f3c0705ae27,700b83cd99264de1a4471a99979e5d8c0eeaff36a45ef704f21ebb7bdad0b9dc
transfer_cube,307,17,Global-time errors,97019,1,1,4.0,0f766df70dea482312bede59f7f3de138856cfa03ff67306d8f99f3c0705ae27,0e1674eb3fa4d79908148aa519eef49ff84883f9dd938415d68f4bde837dbfde
transfer_cube,307,17,No intermediate backtracking,97000,1,1,4.0,f9fe6add8b929b445443bf5b94ad09f45063b8104de01ac2e00f79d4302f39b0,0d544d921d2d016c6cf74fa256bd24d3603b1793cd2d92a6c716905fb6bb508f
transfer_cube,307,17,No intermediate backtracking,97001,0,0,1.0,f9fe6add8b929b445443bf5b94ad09f45063b8104de01ac2e00f79d4302f39b0,7d66cb558af35a0273d7c985a57b28bea8b185e0806279351b80b043c993f266
transfer_cube,307,17,No intermediate backtracking,97002,1,1,4.0,f9fe6add8b929b445443bf5b94ad09f45063b8104de01ac2e00f79d4302f39b0,6983ab86d94e9dbadca8757b40a643214502e9a3106b8d9238642324fd967aac
transfer_cube,307,17,No intermediate backtracking,97003,1,1,4.0,f9fe6add8b929b445443bf5b94ad09f45063b8104de01ac2e00f79d4302f39b0,e52b55c28674e79b9e45d5d55472bca533b7a7d51d96beb52dc750c3be8b8f07
transfer_cube,307,17,No intermediate backtracking,97004,1,1,4.0,f9fe6add8b929b445443bf5b94ad09f45063b8104de01ac2e00f79d4302f39b0,2656f7d6ef23864ec61199e800685b91c92e4b052088ca50d04c4dbc3b513d14
transfer_cube,307,17,No intermediate backtracking,97005,1,1,4.0,f9fe6add8b929b445443bf5b94ad09f45063b8104de01ac2e00f79d4302f39b0,0a7bcc6a06f8b2ebd5a1cfbdd74c32574c61045168bb0829fce17e5c8e1b6a64
transfer_cube,307,17,No intermediate backtracking,97006,1,1,4.0,f9fe6add8b929b445443bf5b94ad09f45063b8104de01ac2e00f79d4302f39b0,12fa94e5cdcb9eb25427868936df64f05c6123164433f40acdc742603fd50dab
transfer_cube,307,17,No intermediate backtracking,97007,1,1,4.0,f9fe6add8b929b445443bf5b94ad09f45063b8104de01ac2e00f79d4302f39b0,d54eca3a8c3890bd44a81aee55576abb3d4104424d4e10e1615fa4164210ceef
transfer_cube,307,17,No intermediate backtracking,97008,1,1,4.0,f9fe6add8b929b445443bf5b94ad09f45063b8104de01ac2e00f79d4302f39b0,3dbfa2d0703dae9865483c420d4aaaeb10a379bdc314fc7e7e77cf5b354b349b
transfer_cube,307,17,No intermediate backtracking,97009,1,1,4.0,f9fe6add8b929b445443bf5b94ad09f45063b8104de01ac2e00f79d4302f39b0,c9cc51b273ae314150a072aa85f68d6a1f637258acd1d3670fbe5b68b84286b5
transfer_cube,307,17,No intermediate backtracking,97010,1,1,4.0,f9fe6add8b929b445443bf5b94ad09f45063b8104de01ac2e00f79d4302f39b0,4c873fa0a2e855addd4fe6206fdd405313edb1ce34f55f1fa7a99933cf9120fd
transfer_cube,307,17,No intermediate backtracking,97011,1,1,4.0,f9fe6add8b929b445443bf5b94ad09f45063b8104de01ac2e00f79d4302f39b0,1007f65bcebeb6d7ca82aeca7d19ac2ac8d097ae1b0757031351b4657b1ef14f
transfer_cube,307,17,No intermediate backtracking,97012,1,1,4.0,f9fe6add8b929b445443bf5b94ad09f45063b8104de01ac2e00f79d4302f39b0,390053be93f9af5ec6b8a88e976b1a2603aa03c0a47d1fe5399ef6b0aa578134
transfer_cube,307,17,No intermediate backtracking,97013,1,1,4.0,f9fe6add8b929b445443bf5b94ad09f45063b8104de01ac2e00f79d4302f39b0,8e5c74cd99873f7a70bcda9b55d90ae13a716120f9adda13111368fd1a68a3fc
transfer_cube,307,17,No intermediate backtracking,97014,1,1,4.0,f9fe6add8b929b445443bf5b94ad09f45063b8104de01ac2e00f79d4302f39b0,c76dd13f53e1e9e51f62b20f48ba5c08bf6a562d0447b2a15a5de2430d31af44
transfer_cube,307,17,No intermediate backtracking,97015,1,1,4.0,f9fe6add8b929b445443bf5b94ad09f45063b8104de01ac2e00f79d4302f39b0,e012563dc9599c6dd661c9fd92f497bf122d74f6abe6e5fe289d52dc83e1b30e
transfer_cube,307,17,No intermediate backtracking,97016,1,1,4.0,f9fe6add8b929b445443bf5b94ad09f45063b8104de01ac2e00f79d4302f39b0,99f4b6f622a212eeee7edc490ccbedcb2281d3b7eb86e7b2d57f193f24872960
transfer_cube,307,17,No intermediate backtracking,97017,1,1,4.0,f9fe6add8b929b445443bf5b94ad09f45063b8104de01ac2e00f79d4302f39b0,66396799cbbeb259fc07544875044622fe0da8e2aaf29957698c11912b9a3f54
transfer_cube,307,17,No intermediate backtracking,97018,1,1,4.0,f9fe6add8b929b445443bf5b94ad09f45063b8104de01ac2e00f79d4302f39b0,9f524aa48118df0ffea6d4029e485e269d8a7a60afe549ba5472e32bc61ca31e
transfer_cube,307,17,No intermediate backtracking,97019,1,1,4.0,f9fe6add8b929b445443bf5b94ad09f45063b8104de01ac2e00f79d4302f39b0,06c540d3b8f7f3360e019511737a3c233a9fd9850ab319a095137b5854a5ad37
transfer_cube,307,17,Gaussian CPU budget,97000,1,1,4.0,ae914916a0a5c2f701dc9dab343409b8b3fd13f85744acbe0ee269dee26b233b,c951b93d73790edfac9ab933aa422998aa685c666ae88ff5c588e23c6b273c3c
transfer_cube,307,17,Gaussian CPU budget,97001,0,0,1.0,ae914916a0a5c2f701dc9dab343409b8b3fd13f85744acbe0ee269dee26b233b,74ba5a814256c8a62f1c81d6cb3c96a1923708df3717751576470e4acfc64532
transfer_cube,307,17,Gaussian CPU budget,97002,1,1,4.0,ae914916a0a5c2f701dc9dab343409b8b3fd13f85744acbe0ee269dee26b233b,59df2258c008bc1e6350aba7f05e0eaf482775363f921328052b70afee0ad551
transfer_cube,307,17,Gaussian CPU budget,97003,1,1,4.0,ae914916a0a5c2f701dc9dab343409b8b3fd13f85744acbe0ee269dee26b233b,f585986e065a3263c8c129d260c81ec662900ff13aab5b191a6d3971f3d9e2f4
transfer_cube,307,17,Gaussian CPU budget,97004,1,1,4.0,ae914916a0a5c2f701dc9dab343409b8b3fd13f85744acbe0ee269dee26b233b,f9f9fbd8f4f9db29e15f4bc0c425fa6c4b641ce18aadf1540ec9b5674000b85e
transfer_cube,307,17,Gaussian CPU budget,97005,1,1,4.0,ae914916a0a5c2f701dc9dab343409b8b3fd13f85744acbe0ee269dee26b233b,a0a1bc998be974c0f15e9c19a1c7e3ae9179df48c2805b8e49ec965443704165
transfer_cube,307,17,Gaussian CPU budget,97006,1,1,4.0,ae914916a0a5c2f701dc9dab343409b8b3fd13f85744acbe0ee269dee26b233b,3f6bb4d6b6b895fbd3e859f6c3aaa97c3943b2b55521f1055b45c2f25c49ea57
transfer_cube,307,17,Gaussian CPU budget,97007,1,1,4.0,ae914916a0a5c2f701dc9dab343409b8b3fd13f85744acbe0ee269dee26b233b,452b21266544d23f485957d0ccf5bacf2c079a46c0ffebf6dbabf4e304d8cc90
transfer_cube,307,17,Gaussian CPU budget,97008,1,1,4.0,ae914916a0a5c2f701dc9dab343409b8b3fd13f85744acbe0ee269dee26b233b,c45a82cf4c990f97e57e4e0d32ff6430a0f13e9635a8b2494770a04c575dcaf8
transfer_cube,307,17,Gaussian CPU budget,97009,1,1,4.0,ae914916a0a5c2f701dc9dab343409b8b3fd13f85744acbe0ee269dee26b233b,2156f4e0f3501bb40ffc226fd90977d82dd90d1b5a793221390d233cae7a639b
transfer_cube,307,17,Gaussian CPU budget,97010,1,1,4.0,ae914916a0a5c2f701dc9dab343409b8b3fd13f85744acbe0ee269dee26b233b,a1b590f0cdc5e48cb56cbe978f40ab1356104bfc78b7618e3fcd038f9854986c
transfer_cube,307,17,Gaussian CPU budget,97011,1,1,4.0,ae914916a0a5c2f701dc9dab343409b8b3fd13f85744acbe0ee269dee26b233b,499afb3ec4e56eae3025e1c7915954ccc1a8e579ddd5b58fd1ccca45a08f7b93
transfer_cube,307,17,Gaussian CPU budget,97012,1,1,4.0,ae914916a0a5c2f701dc9dab343409b8b3fd13f85744acbe0ee269dee26b233b,d09b1f77faaeabbdcff333498a159adbd85ae51da3ff0ff5c11e85407a2da61d
transfer_cube,307,17,Gaussian CPU budget,97013,1,1,4.0,ae914916a0a5c2f701dc9dab343409b8b3fd13f85744acbe0ee269dee26b233b,c0c9bf2860419368ea3c0dd00047b19f5c1c5891431d156aeb33b1cbd4061c2f
transfer_cube,307,17,Gaussian CPU budget,97014,1,1,4.0,ae914916a0a5c2f701dc9dab343409b8b3fd13f85744acbe0ee269dee26b233b,9886e885f35b2b630f675f995275f7e758cf8448e9247bc92b9a3dcc9c304558
transfer_cube,307,17,Gaussian CPU budget,97015,1,1,4.0,ae914916a0a5c2f701dc9dab343409b8b3fd13f85744acbe0ee269dee26b233b,dfbf2fadf9bcf5e9440c4d7dcb70e2a02196a382590abc2416b973fd508be04a
transfer_cube,307,17,Gaussian CPU budget,97016,1,1,4.0,ae914916a0a5c2f701dc9dab343409b8b3fd13f85744acbe0ee269dee26b233b,62e5fdd77cdd15d2302b33a8f11b8f0101711a429486670965fe16bbe2e88bf9
transfer_cube,307,17,Gaussian CPU budget,97017,1,1,4.0,ae914916a0a5c2f701dc9dab343409b8b3fd13f85744acbe0ee269dee26b233b,13c3426e1047bc90b0131799e1d02907b4c2f0c452036d2be670ad5c78c865d2
transfer_cube,307,17,Gaussian CPU budget,97018,1,1,4.0,ae914916a0a5c2f701dc9dab343409b8b3fd13f85744acbe0ee269dee26b233b,0f523ca09c7d1d02ba05926b4690366d64ab60e48311c5e260e79b22214551f5
transfer_cube,307,17,Gaussian CPU budget,97019,1,1,4.0,ae914916a0a5c2f701dc9dab343409b8b3fd13f85744acbe0ee269dee26b233b,94017eaf7508fa72a675d1c96e8ebfa07e2559da47bfd4475708f75866435c31
transfer_cube,307,29,Clean repeat,97000,1,1,4.0,c4c56729eb67764cfc9e3f346d0174330d1ab4ddab18dbd6bd93328ae10bedf2,c53f05ab123c2218c753f51686c5cdb14a64af64cf1714e661dfa50c85e0b070
transfer_cube,307,29,Clean repeat,97001,1,1,4.0,c4c56729eb67764cfc9e3f346d0174330d1ab4ddab18dbd6bd93328ae10bedf2,e750dcc8353d271ebafebf8bdeeed2867ce89735cbecf8df46117c154abd1c34
transfer_cube,307,29,Clean repeat,97002,1,0,4.0,c4c56729eb67764cfc9e3f346d0174330d1ab4ddab18dbd6bd93328ae10bedf2,690e5c691727ef8ca889e0bab00b854ee769ea86b3dddb66e9790867cc713e7d
transfer_cube,307,29,Clean repeat,97003,1,1,4.0,c4c56729eb67764cfc9e3f346d0174330d1ab4ddab18dbd6bd93328ae10bedf2,53c3f462e2d4e496f8f90765bd9f56e3588f62a5dbb8db240b89875706525e74
transfer_cube,307,29,Clean repeat,97004,0,0,2.0,c4c56729eb67764cfc9e3f346d0174330d1ab4ddab18dbd6bd93328ae10bedf2,80d31359276900374d2403412aaa609029a8acc422585da66cad9d496a1a6911
transfer_cube,307,29,Clean repeat,97005,1,0,4.0,c4c56729eb67764cfc9e3f346d0174330d1ab4ddab18dbd6bd93328ae10bedf2,693cce28f259232580e46261bc1340c56cd040a09606104185513ef12baec07f
transfer_cube,307,29,Clean repeat,97006,0,0,0.0,c4c56729eb67764cfc9e3f346d0174330d1ab4ddab18dbd6bd93328ae10bedf2,bdac81e2c82eaa07c553abccc4356760f2511678b04155a45fcfdf4700de803a
transfer_cube,307,29,Clean repeat,97007,1,1,4.0,c4c56729eb67764cfc9e3f346d0174330d1ab4ddab18dbd6bd93328ae10bedf2,f994b14acb63b863ae436819638e5b8f6ff1ab52d0921ae0d90c064094ce8ebb
transfer_cube,307,29,Clean repeat,97008,1,1,4.0,c4c56729eb67764cfc9e3f346d0174330d1ab4ddab18dbd6bd93328ae10bedf2,eef02e6f3570c3b9a82acafb80411a0ba44507da0d9f77bf5a6b0bb8b7f65675
transfer_cube,307,29,Clean repeat,97009,1,1,4.0,c4c56729eb67764cfc9e3f346d0174330d1ab4ddab18dbd6bd93328ae10bedf2,b616e24b29db4c0901dae12d15e2ef19eb75b2969cc650ef7d62ecd3dadab6e4
transfer_cube,307,29,Clean repeat,97010,1,1,4.0,c4c56729eb67764cfc9e3f346d0174330d1ab4ddab18dbd6bd93328ae10bedf2,921e7c3dfac6d8a29736d35b6121eb5a04227ec0fa858ed99eb16c160fd48af0
transfer_cube,307,29,Clean repeat,97011,0,0,2.0,c4c56729eb67764cfc9e3f346d0174330d1ab4ddab18dbd6bd93328ae10bedf2,b39ef7a32ce3ba5ca135b4dcac34933106c2c70aa7fffbdc412517b34d1c4b43
transfer_cube,307,29,Clean repeat,97012,1,1,4.0,c4c56729eb67764cfc9e3f346d0174330d1ab4ddab18dbd6bd93328ae10bedf2,031d1babc772cda771d68810d2f8d547e61d5b289d766c53a2aa8098b63ffd6b
transfer_cube,307,29,Clean repeat,97013,1,1,4.0,c4c56729eb67764cfc9e3f346d0174330d1ab4ddab18dbd6bd93328ae10bedf2,72368df0e64a28a47a82daf7d278e7a30e5ff1e1c77afc7468215e0e9d22db8e
transfer_cube,307,29,Clean repeat,97014,0,0,2.0,c4c56729eb67764cfc9e3f346d0174330d1ab4ddab18dbd6bd93328ae10bedf2,193bbc04b48f643f1c484990f17e274f8266edbabb895b7c7c0b1079e23643c3
transfer_cube,307,29,Clean repeat,97015,1,1,4.0,c4c56729eb67764cfc9e3f346d0174330d1ab4ddab18dbd6bd93328ae10bedf2,16daf84b02e0a2a858d0a1bc62d4d97b0917a6b729124f659fe4254b04ce94de
transfer_cube,307,29,Clean repeat,97016,1,0,4.0,c4c56729eb67764cfc9e3f346d0174330d1ab4ddab18dbd6bd93328ae10bedf2,85ff80ddf95e34449badc0dc6b2fddc6727556259d6691c2467ee9d22493845f
transfer_cube,307,29,Clean repeat,97017,1,0,4.0,c4c56729eb67764cfc9e3f346d0174330d1ab4ddab18dbd6bd93328ae10bedf2,b5f1a564ed101231b78d8973f3ba5c05fbafda489a3efd9647cdb38289fbb791
transfer_cube,307,29,Clean repeat,97018,0,0,2.0,c4c56729eb67764cfc9e3f346d0174330d1ab4ddab18dbd6bd93328ae10bedf2,d1fb1bb7775db508236562ee962e8d24bd98570ee2493404ff830ea8449b2106
transfer_cube,307,29,Clean repeat,97019,1,1,4.0,c4c56729eb67764cfc9e3f346d0174330d1ab4ddab18dbd6bd93328ae10bedf2,b66cd512dcf8fd7c0c776777948795a65951156654731877b2d0868a6a85d949
transfer_cube,307,29,SCANA-R,97000,0,0,1.0,57dcf0f3be03ba9f6d6f24b4850173fb982da3bab4e8262881e99a3f5d4ee9bd,2f9949a016f22981c699103c41d05d5d3ccb3c128ac61f394ed740bbbeece809
transfer_cube,307,29,SCANA-R,97001,0,0,1.0,57dcf0f3be03ba9f6d6f24b4850173fb982da3bab4e8262881e99a3f5d4ee9bd,c79c1ad35610ba6af3aab1394d6d2f1d329caf464a4664ebf1f42037d585670b
transfer_cube,307,29,SCANA-R,97002,1,1,4.0,57dcf0f3be03ba9f6d6f24b4850173fb982da3bab4e8262881e99a3f5d4ee9bd,5dfd4c312806e6e85e576e3b4241670187e3d4b08e951bd8c8f6732af1aecedd
transfer_cube,307,29,SCANA-R,97003,1,1,4.0,57dcf0f3be03ba9f6d6f24b4850173fb982da3bab4e8262881e99a3f5d4ee9bd,64fc7afb66a3b338c11442eb67084874c9d466c5478bc7dde260e6e9b2cf2a22
transfer_cube,307,29,SCANA-R,97004,1,1,4.0,57dcf0f3be03ba9f6d6f24b4850173fb982da3bab4e8262881e99a3f5d4ee9bd,4e16021b24061883cc741b02616518b880cdef1eafd2b33c95201e4c896d42e9
transfer_cube,307,29,SCANA-R,97005,1,1,4.0,57dcf0f3be03ba9f6d6f24b4850173fb982da3bab4e8262881e99a3f5d4ee9bd,9d737755144a50299b694aa35687a61ecc4f308e7af330b52aa917133df0dd5c
transfer_cube,307,29,SCANA-R,97006,0,0,0.0,57dcf0f3be03ba9f6d6f24b4850173fb982da3bab4e8262881e99a3f5d4ee9bd,f0e2476f52c87da3d4743e16a59332befaa9abd130b1fa0b8e5febe8bb36099b
transfer_cube,307,29,SCANA-R,97007,1,1,4.0,57dcf0f3be03ba9f6d6f24b4850173fb982da3bab4e8262881e99a3f5d4ee9bd,bdbd88c865fafed087e0a893afcc5af7c471362585513d723b16c078731f94be
transfer_cube,307,29,SCANA-R,97008,1,1,4.0,57dcf0f3be03ba9f6d6f24b4850173fb982da3bab4e8262881e99a3f5d4ee9bd,7ba539645cca2797728dab62c8023e8a132de4a6ddf6dae17bf7056ef23e28e1
transfer_cube,307,29,SCANA-R,97009,1,1,4.0,57dcf0f3be03ba9f6d6f24b4850173fb982da3bab4e8262881e99a3f5d4ee9bd,9d1c9115b562cffc9c2700d1a8f7b7b47e962477e7584e754976267683da1483
transfer_cube,307,29,SCANA-R,97010,1,1,4.0,57dcf0f3be03ba9f6d6f24b4850173fb982da3bab4e8262881e99a3f5d4ee9bd,375acf665e915164cbd911e8a8dfa3299b9d2111fe1af9dd5afec85ff11350d8
transfer_cube,307,29,SCANA-R,97011,1,1,4.0,57dcf0f3be03ba9f6d6f24b4850173fb982da3bab4e8262881e99a3f5d4ee9bd,354889e166d2d6bce3b97a04f277fde42f13f2672569a444731d8174abc7d1c8
transfer_cube,307,29,SCANA-R,97012,1,1,4.0,57dcf0f3be03ba9f6d6f24b4850173fb982da3bab4e8262881e99a3f5d4ee9bd,5c05c028a32553f619091874ca11d921f88fc2dfc8c1b915b84320755bea9a69
transfer_cube,307,29,SCANA-R,97013,0,0,2.0,57dcf0f3be03ba9f6d6f24b4850173fb982da3bab4e8262881e99a3f5d4ee9bd,29cd020dd5fbaaa0d0c9d3c483d286c1d2a239a56e871e963d230cd59c528f0d
transfer_cube,307,29,SCANA-R,97014,0,0,2.0,57dcf0f3be03ba9f6d6f24b4850173fb982da3bab4e8262881e99a3f5d4ee9bd,0134fe277b4bec9b94f58edb86b1543cfb1052d745939cc6d83cafd001490b36
transfer_cube,307,29,SCANA-R,97015,1,1,4.0,57dcf0f3be03ba9f6d6f24b4850173fb982da3bab4e8262881e99a3f5d4ee9bd,e7dd639e54e5d64c29f4c126007f733932bb5c96a212678e63fe3a653d08fd08
transfer_cube,307,29,SCANA-R,97016,1,1,4.0,57dcf0f3be03ba9f6d6f24b4850173fb982da3bab4e8262881e99a3f5d4ee9bd,147b477ebc4fa4fb2f2fd82c112184e8e324485d024372063bf87ade1e2339cb
transfer_cube,307,29,SCANA-R,97017,1,1,4.0,57dcf0f3be03ba9f6d6f24b4850173fb982da3bab4e8262881e99a3f5d4ee9bd,23ca38c05cf15278cd93f8eaf47e7d117ba77bcdc112f4c3d10f2fc66bfff5a2
transfer_cube,307,29,SCANA-R,97018,0,0,2.0,57dcf0f3be03ba9f6d6f24b4850173fb982da3bab4e8262881e99a3f5d4ee9bd,10ff9a687fc366dd7baeb66ae6acd944a0e2bdfc4c0fbd651e1d48421aa9e677
transfer_cube,307,29,SCANA-R,97019,1,1,4.0,57dcf0f3be03ba9f6d6f24b4850173fb982da3bab4e8262881e99a3f5d4ee9bd,64171151ee22d6a6c56d1ff0327c18c9668664158be72e48df6fe5a2000db9b2
transfer_cube,307,29,Gaussian recovery,97000,0,0,2.0,f085801595c9f8993c6d88d55a463a466b795f766d8f8bee3020f1f4f1e38cae,fd86102da83bc00b3977b0f6c5c816ee555c5142b29ee6cbfbcce7125c1d7323
transfer_cube,307,29,Gaussian recovery,97001,0,0,1.0,f085801595c9f8993c6d88d55a463a466b795f766d8f8bee3020f1f4f1e38cae,960e9964aee154471392a9f268eae6960b6af24db2ecff84c1396324698114dd
transfer_cube,307,29,Gaussian recovery,97002,1,1,4.0,f085801595c9f8993c6d88d55a463a466b795f766d8f8bee3020f1f4f1e38cae,53e5832a826ddffb933ef58e8baaa448b2c7b4e1643633631ff0e565a317862d
transfer_cube,307,29,Gaussian recovery,97003,1,1,4.0,f085801595c9f8993c6d88d55a463a466b795f766d8f8bee3020f1f4f1e38cae,9718eb26cbdaddfeafd649b012f2f3b05a3183f3e7f0af574ee4a394f069eca3
transfer_cube,307,29,Gaussian recovery,97004,1,1,4.0,f085801595c9f8993c6d88d55a463a466b795f766d8f8bee3020f1f4f1e38cae,7a22df70cb555ecbc8e627aa976088e57641a0777e998bf4afaf4cc79ff65935
transfer_cube,307,29,Gaussian recovery,97005,1,1,4.0,f085801595c9f8993c6d88d55a463a466b795f766d8f8bee3020f1f4f1e38cae,26d22026b1943058d490a22ee46917faf1019c68c86fc0f830898d5d9305b2d0
transfer_cube,307,29,Gaussian recovery,97006,0,0,1.0,f085801595c9f8993c6d88d55a463a466b795f766d8f8bee3020f1f4f1e38cae,b5afb7b58ce41a6d800b6589581442a55eda2ff7f3d54c9dd02d622c4b02fc0c
transfer_cube,307,29,Gaussian recovery,97007,1,1,4.0,f085801595c9f8993c6d88d55a463a466b795f766d8f8bee3020f1f4f1e38cae,8a801ec0418eb69f1d9f2585182c31ad4ca25b3bf09b42d0919928cfb17520ac
transfer_cube,307,29,Gaussian recovery,97008,1,1,4.0,f085801595c9f8993c6d88d55a463a466b795f766d8f8bee3020f1f4f1e38cae,d1f4f4e75960045b7fd67e91760c9e6f2454d401dcee5133b678143d5744c205
transfer_cube,307,29,Gaussian recovery,97009,1,1,4.0,f085801595c9f8993c6d88d55a463a466b795f766d8f8bee3020f1f4f1e38cae,0058782da7a0c4317381149cd57d322a4f499c6e0ba1017c99f3e43a6789ac2c
transfer_cube,307,29,Gaussian recovery,97010,1,1,4.0,f085801595c9f8993c6d88d55a463a466b795f766d8f8bee3020f1f4f1e38cae,a611ebea1e9e47fb65711f51269bd7a705579ca25c79dd5da58a794978e6d6e5
transfer_cube,307,29,Gaussian recovery,97011,1,1,4.0,f085801595c9f8993c6d88d55a463a466b795f766d8f8bee3020f1f4f1e38cae,f51f0a25a4f470b1e2551c7783d7c87342034f9dd69f19f711051eb66e289c32
transfer_cube,307,29,Gaussian recovery,97012,1,1,4.0,f085801595c9f8993c6d88d55a463a466b795f766d8f8bee3020f1f4f1e38cae,65162b9e6a09d1d45a0574468322bbea5f5fb08edfcff2d93fa772ee137c2581
transfer_cube,307,29,Gaussian recovery,97013,0,0,2.0,f085801595c9f8993c6d88d55a463a466b795f766d8f8bee3020f1f4f1e38cae,167eccbedbd8c3b5ae13363fae9ce791efbed605634228837c4ddd72bcf99091
transfer_cube,307,29,Gaussian recovery,97014,0,0,2.0,f085801595c9f8993c6d88d55a463a466b795f766d8f8bee3020f1f4f1e38cae,7bab47407cd1610bc1ca1a359e8ef03cf3b3ccbe80f71ae753a2210b9fbae917
transfer_cube,307,29,Gaussian recovery,97015,1,1,4.0,f085801595c9f8993c6d88d55a463a466b795f766d8f8bee3020f1f4f1e38cae,a96f1618769fb8b78e1104c1c24feb39cfcdca392670779e4aec4ce336019bad
transfer_cube,307,29,Gaussian recovery,97016,1,1,4.0,f085801595c9f8993c6d88d55a463a466b795f766d8f8bee3020f1f4f1e38cae,ac3fb5599eec83f7fd78111ed85008c92fb0b1d67c5060f32c06ea6c744abe21
transfer_cube,307,29,Gaussian recovery,97017,1,1,4.0,f085801595c9f8993c6d88d55a463a466b795f766d8f8bee3020f1f4f1e38cae,97ee2ea150089bb22a1578ef4228c6025b9756229ebb581360637019635c58cc
transfer_cube,307,29,Gaussian recovery,97018,0,0,2.0,f085801595c9f8993c6d88d55a463a466b795f766d8f8bee3020f1f4f1e38cae,d00b55a485833e96da002d480815b9b2a788b6aef0ca3aadfd1bfae120bf5035
transfer_cube,307,29,Gaussian recovery,97019,1,1,4.0,f085801595c9f8993c6d88d55a463a466b795f766d8f8bee3020f1f4f1e38cae,3cd86abfc2e1c67027a35b524968bc9e67809886f1993d593ce828d392ae69c6
transfer_cube,307,29,No cross-fitting,97000,0,0,2.0,269e410e640bbc2acdb1e90f7a48192b2d36a408ef2540ce4ce733ae5cc0bc09,19ba86160b4688a36dba0820bcbc59124b1b2ef5ef84698ed83da4f0d5f688f1
transfer_cube,307,29,No cross-fitting,97001,0,0,1.0,269e410e640bbc2acdb1e90f7a48192b2d36a408ef2540ce4ce733ae5cc0bc09,b95fa122d6e86c8200f9532ff83cb70e08146d3bdbe42ae773c49a0fa8c2b400
transfer_cube,307,29,No cross-fitting,97002,1,1,4.0,269e410e640bbc2acdb1e90f7a48192b2d36a408ef2540ce4ce733ae5cc0bc09,3903ed3af40815925832a393d24a54f88334c1c8be693b7654282e88612c682a
transfer_cube,307,29,No cross-fitting,97003,1,1,4.0,269e410e640bbc2acdb1e90f7a48192b2d36a408ef2540ce4ce733ae5cc0bc09,e46e94c71195e2bfb56422123bdf3b89cc206d170c5bcc93e42d639b9f01ab6b
transfer_cube,307,29,No cross-fitting,97004,1,1,4.0,269e410e640bbc2acdb1e90f7a48192b2d36a408ef2540ce4ce733ae5cc0bc09,615fa8c160d23de80aa552d761b052745a950521102942fa38c6ac547d3f5322
transfer_cube,307,29,No cross-fitting,97005,1,1,4.0,269e410e640bbc2acdb1e90f7a48192b2d36a408ef2540ce4ce733ae5cc0bc09,5a1c02b687de8603687081df46c51045d45b96317032fad38a1899c9ea377f83
transfer_cube,307,29,No cross-fitting,97006,0,0,0.0,269e410e640bbc2acdb1e90f7a48192b2d36a408ef2540ce4ce733ae5cc0bc09,0ef3b008e3488cb423233a6701a6ccb991df5e653c85bfcc00f1acf308504bf6
transfer_cube,307,29,No cross-fitting,97007,0,0,2.0,269e410e640bbc2acdb1e90f7a48192b2d36a408ef2540ce4ce733ae5cc0bc09,e9cf93353ee8901ec8d1bc951492866f73ec1f50e8ad21847a41ffe06f7b5fc4
transfer_cube,307,29,No cross-fitting,97008,1,1,4.0,269e410e640bbc2acdb1e90f7a48192b2d36a408ef2540ce4ce733ae5cc0bc09,575d3609964de49d09d8a16671c10791e1a01f5e6efff3f276b61bd2627e0539
transfer_cube,307,29,No cross-fitting,97009,1,1,4.0,269e410e640bbc2acdb1e90f7a48192b2d36a408ef2540ce4ce733ae5cc0bc09,4c462950921ddda6f6ff3354d2982bad0c17e39fec546a3927a7b4e13a9a44ea
transfer_cube,307,29,No cross-fitting,97010,1,1,4.0,269e410e640bbc2acdb1e90f7a48192b2d36a408ef2540ce4ce733ae5cc0bc09,f9e17deeaef2d2045dff4a6d335b3579a99ea4c0ee1a598ea4064e1098674c4d
transfer_cube,307,29,No cross-fitting,97011,1,1,4.0,269e410e640bbc2acdb1e90f7a48192b2d36a408ef2540ce4ce733ae5cc0bc09,d2d7c1c7befc884b2f0a6ed897ba44c12546843c246982746073bc3f6f46e606
transfer_cube,307,29,No cross-fitting,97012,1,1,4.0,269e410e640bbc2acdb1e90f7a48192b2d36a408ef2540ce4ce733ae5cc0bc09,c7052f1125f436a817fb167458ece8251a31229637edc25afee60ccf390d1c60
transfer_cube,307,29,No cross-fitting,97013,0,0,2.0,269e410e640bbc2acdb1e90f7a48192b2d36a408ef2540ce4ce733ae5cc0bc09,fb0fb4b2cc3b73b0f0a530f988dd675811d7c27f8cfad22ecfd405ddf600718e
transfer_cube,307,29,No cross-fitting,97014,0,0,2.0,269e410e640bbc2acdb1e90f7a48192b2d36a408ef2540ce4ce733ae5cc0bc09,76e32004afa90e0a58b6b942f5cafc06078e0f55149e693f7c117aead956dd1d
transfer_cube,307,29,No cross-fitting,97015,1,1,4.0,269e410e640bbc2acdb1e90f7a48192b2d36a408ef2540ce4ce733ae5cc0bc09,639c20eeb6f333952fc94f142dd94fcfec6d673d369e8d394eb2acf5a27ab636
transfer_cube,307,29,No cross-fitting,97016,1,1,4.0,269e410e640bbc2acdb1e90f7a48192b2d36a408ef2540ce4ce733ae5cc0bc09,db362d79eb249c3d458dc043239c4cfaabc6a9f480ca43c16eb944491de192a6
transfer_cube,307,29,No cross-fitting,97017,1,1,4.0,269e410e640bbc2acdb1e90f7a48192b2d36a408ef2540ce4ce733ae5cc0bc09,69a86c5b7c5bf7b2ec339c4125ab682dbd54b71168858410b4aeeaee3f0f4f9c
transfer_cube,307,29,No cross-fitting,97018,0,0,2.0,269e410e640bbc2acdb1e90f7a48192b2d36a408ef2540ce4ce733ae5cc0bc09,1e7bc42f7d6a069d8430ad6147c54be820ac0a8609e19b7e24e4f35cb1f927ad
transfer_cube,307,29,No cross-fitting,97019,1,1,4.0,269e410e640bbc2acdb1e90f7a48192b2d36a408ef2540ce4ce733ae5cc0bc09,2044e0fbb3ac55d1353bd360c60632c504216e273d0a561a181491aa91f751d8
transfer_cube,307,29,Global-time errors,97000,0,0,0.0,ab43c4c3826bd5ed9ee09dc0b2faab8336949871f85333f1d5c21d1b56db7bf9,165cb8d05655cd9f5d05ff8de9c0fd7e76fa55ded04adc8dffbc7b9e68cde9f7
transfer_cube,307,29,Global-time errors,97001,0,0,2.0,ab43c4c3826bd5ed9ee09dc0b2faab8336949871f85333f1d5c21d1b56db7bf9,9e2b5275b0641f148bde647a86f7306ed5124139c7506991559b41538ea657a1
transfer_cube,307,29,Global-time errors,97002,1,1,4.0,ab43c4c3826bd5ed9ee09dc0b2faab8336949871f85333f1d5c21d1b56db7bf9,b6887ad8fad92c019e502d1e87ed2defc8a1a1e218c444250b85573ae03b90a7
transfer_cube,307,29,Global-time errors,97003,1,1,4.0,ab43c4c3826bd5ed9ee09dc0b2faab8336949871f85333f1d5c21d1b56db7bf9,43c5287674b6a2cc021f8ca1eff80b90dad1c437a3b600d163b2a72d46c86c96
transfer_cube,307,29,Global-time errors,97004,1,1,4.0,ab43c4c3826bd5ed9ee09dc0b2faab8336949871f85333f1d5c21d1b56db7bf9,499565c023fd14d805828c1ac11f3182eff0c04227936fdcb63d1322a967564a
transfer_cube,307,29,Global-time errors,97005,1,1,4.0,ab43c4c3826bd5ed9ee09dc0b2faab8336949871f85333f1d5c21d1b56db7bf9,6c7a7889e93d174b36b2f9da0595780f1ac6407e1b4b436270cc7c57ea03b844
transfer_cube,307,29,Global-time errors,97006,0,0,2.0,ab43c4c3826bd5ed9ee09dc0b2faab8336949871f85333f1d5c21d1b56db7bf9,0796542ac8f2e2f8cd2de0e9ff47526dc0c653c6473e520d8a652980578eb0d0
transfer_cube,307,29,Global-time errors,97007,0,0,2.0,ab43c4c3826bd5ed9ee09dc0b2faab8336949871f85333f1d5c21d1b56db7bf9,bd32a0ac1423a80dcd5f9dca34ebddb0d93681ea19e25c217ee22ee3cf7bb5fe
transfer_cube,307,29,Global-time errors,97008,1,1,4.0,ab43c4c3826bd5ed9ee09dc0b2faab8336949871f85333f1d5c21d1b56db7bf9,5c15792ae816cf38b63515f9ad4713487de52ac2c26edf9aa05ff33469ceed97
transfer_cube,307,29,Global-time errors,97009,1,1,4.0,ab43c4c3826bd5ed9ee09dc0b2faab8336949871f85333f1d5c21d1b56db7bf9,cd5cc347f05be3c344633f0668208aa04104b329e9700bc6beb850e34ae17a21
transfer_cube,307,29,Global-time errors,97010,1,1,4.0,ab43c4c3826bd5ed9ee09dc0b2faab8336949871f85333f1d5c21d1b56db7bf9,d624dc5d7508ae2ea54965767aaf2fd470b4b1b2a0721c2bf33bb4f70d41f102
transfer_cube,307,29,Global-time errors,97011,1,1,4.0,ab43c4c3826bd5ed9ee09dc0b2faab8336949871f85333f1d5c21d1b56db7bf9,4dc1ff288485f4668275afd5c31da6d0cc9e0fde6d3eba8c910f08a9865cdd97
transfer_cube,307,29,Global-time errors,97012,1,1,4.0,ab43c4c3826bd5ed9ee09dc0b2faab8336949871f85333f1d5c21d1b56db7bf9,38644c1a0388764f868231f8c05288e8e182c6efeb00d5d6513a33363f3d1e31
transfer_cube,307,29,Global-time errors,97013,1,1,4.0,ab43c4c3826bd5ed9ee09dc0b2faab8336949871f85333f1d5c21d1b56db7bf9,c7d72885734374fbff4b126d1da65b1646ba021c581a31ced3dcdb6cb2dec6fb
transfer_cube,307,29,Global-time errors,97014,0,0,2.0,ab43c4c3826bd5ed9ee09dc0b2faab8336949871f85333f1d5c21d1b56db7bf9,b992853ad7a44f1e430fcdbd9be1214b34c95c03ec6bb3931182d3c85af8a371
transfer_cube,307,29,Global-time errors,97015,1,1,4.0,ab43c4c3826bd5ed9ee09dc0b2faab8336949871f85333f1d5c21d1b56db7bf9,1a03fe9a65fdab86ec19552c90ff018143a9c3913282b39d14367e61bf0ba7e9
transfer_cube,307,29,Global-time errors,97016,1,1,4.0,ab43c4c3826bd5ed9ee09dc0b2faab8336949871f85333f1d5c21d1b56db7bf9,e6c90603528e4c96ea5baf98ef9dd84bdc545bac0bf080b334c3b4ab3ecd4d49
transfer_cube,307,29,Global-time errors,97017,1,1,4.0,ab43c4c3826bd5ed9ee09dc0b2faab8336949871f85333f1d5c21d1b56db7bf9,5522ea6b1796ce2ada8a192bf9092fb43a0137e0bdfc908e94da40e149207f56
transfer_cube,307,29,Global-time errors,97018,0,0,0.0,ab43c4c3826bd5ed9ee09dc0b2faab8336949871f85333f1d5c21d1b56db7bf9,3b113bc376b72c80f2a08aa69c0706a9fbc7f197bbaac088d33bc3cc69f56a07
transfer_cube,307,29,Global-time errors,97019,1,1,4.0,ab43c4c3826bd5ed9ee09dc0b2faab8336949871f85333f1d5c21d1b56db7bf9,388ba6cd2b1911be7fbee07513514608b105a8d3b6bda253248defd7656d2fcf
transfer_cube,307,29,No intermediate backtracking,97000,0,0,1.0,04ada1c9028cd7f39112b78139dd84944f46c88fe15d5c1d8b82e891a6db14aa,744163f42eff19c53efdaa23a59b1e79699369533dcf52c218d57a788f082872
transfer_cube,307,29,No intermediate backtracking,97001,0,0,1.0,04ada1c9028cd7f39112b78139dd84944f46c88fe15d5c1d8b82e891a6db14aa,012da8f35c4a4dbcdb9b9a7d9cf25d97ba95e10b2d67e6b18a893aa3ed1ed12d
transfer_cube,307,29,No intermediate backtracking,97002,1,1,4.0,04ada1c9028cd7f39112b78139dd84944f46c88fe15d5c1d8b82e891a6db14aa,34a908f0582a8e2a897342332da3091ee60b565fdccf1cdf12cb68baf9a01196
transfer_cube,307,29,No intermediate backtracking,97003,1,1,4.0,04ada1c9028cd7f39112b78139dd84944f46c88fe15d5c1d8b82e891a6db14aa,5401f6a08c9cf5e39c785bac6931f0863a9b480a40a0240af32f22a98887fa34
transfer_cube,307,29,No intermediate backtracking,97004,1,1,4.0,04ada1c9028cd7f39112b78139dd84944f46c88fe15d5c1d8b82e891a6db14aa,eacbc010cb1ea82350587d21e94b7b649039ac98306ae18108c5bae7f29bc141
transfer_cube,307,29,No intermediate backtracking,97005,1,1,4.0,04ada1c9028cd7f39112b78139dd84944f46c88fe15d5c1d8b82e891a6db14aa,2bfe4cce484f92886c7bd04c1464a389668996da6da231c9aee2370e28b48d21
transfer_cube,307,29,No intermediate backtracking,97006,0,0,1.0,04ada1c9028cd7f39112b78139dd84944f46c88fe15d5c1d8b82e891a6db14aa,0433e49e93645b1329058f5a95281547fca9aa506546c455696bd1c506820059
transfer_cube,307,29,No intermediate backtracking,97007,1,1,4.0,04ada1c9028cd7f39112b78139dd84944f46c88fe15d5c1d8b82e891a6db14aa,ee8386cb337d739d938a3cd68b7ebc8eb3a6f7c64cd526b7ef100168bbbe8e25
transfer_cube,307,29,No intermediate backtracking,97008,1,1,4.0,04ada1c9028cd7f39112b78139dd84944f46c88fe15d5c1d8b82e891a6db14aa,7e8e2cbd9643d25be66f07aa1dc691fb495dee091469abc71a62d59f33e83c7c
transfer_cube,307,29,No intermediate backtracking,97009,1,1,4.0,04ada1c9028cd7f39112b78139dd84944f46c88fe15d5c1d8b82e891a6db14aa,863c5faf6464a88fb616a6fdd9bcd7d5a23550fa3f743d199b3141c652022a8c
transfer_cube,307,29,No intermediate backtracking,97010,1,1,4.0,04ada1c9028cd7f39112b78139dd84944f46c88fe15d5c1d8b82e891a6db14aa,c804755cad48ae09d96f362084b92cc5b80db0495d5c844c0673d540b88451ff
transfer_cube,307,29,No intermediate backtracking,97011,1,1,4.0,04ada1c9028cd7f39112b78139dd84944f46c88fe15d5c1d8b82e891a6db14aa,8b0018ebee36f0336fe4c5f991dc7e5557ceb9459c6ea80bb38ba7672bad469e
transfer_cube,307,29,No intermediate backtracking,97012,1,1,4.0,04ada1c9028cd7f39112b78139dd84944f46c88fe15d5c1d8b82e891a6db14aa,d1f9e95bed4857fa31b740b829d140712ecc9e84e28c38ee24f7ab0192d1cbb3
transfer_cube,307,29,No intermediate backtracking,97013,0,0,2.0,04ada1c9028cd7f39112b78139dd84944f46c88fe15d5c1d8b82e891a6db14aa,9297c28036bb23732f50698634910c9366d5d10a37d39a2ca0ff198462d28fea
transfer_cube,307,29,No intermediate backtracking,97014,0,0,2.0,04ada1c9028cd7f39112b78139dd84944f46c88fe15d5c1d8b82e891a6db14aa,2f02f5fbdeac5d8c798bc123aefb22f5075445fe79872be3bf5f1367f1e4e285
transfer_cube,307,29,No intermediate backtracking,97015,1,1,4.0,04ada1c9028cd7f39112b78139dd84944f46c88fe15d5c1d8b82e891a6db14aa,8eb033e2813f43a7ce2b38926562809b866312c771ea22541295f50da2b4ba2e
transfer_cube,307,29,No intermediate backtracking,97016,1,1,4.0,04ada1c9028cd7f39112b78139dd84944f46c88fe15d5c1d8b82e891a6db14aa,a62ae1e2ed690df5d7cc3e99ea04a3e9a62f0cbc5931813e5e8087b4a9b2f342
transfer_cube,307,29,No intermediate backtracking,97017,1,1,4.0,04ada1c9028cd7f39112b78139dd84944f46c88fe15d5c1d8b82e891a6db14aa,4b2b2f0a7138bc2b997d72da9839325ef753dade79ce70c22e041f725ff16f96
transfer_cube,307,29,No intermediate backtracking,97018,0,0,2.0,04ada1c9028cd7f39112b78139dd84944f46c88fe15d5c1d8b82e891a6db14aa,cfb70244ea575f60e188df730323c31a3ea2124f9ae27d777f097aad9abfff8a
transfer_cube,307,29,No intermediate backtracking,97019,1,1,4.0,04ada1c9028cd7f39112b78139dd84944f46c88fe15d5c1d8b82e891a6db14aa,bcbbf1fadf6a53ee6aeecde13f034a710cb8bfbb23c1c39950ae74d48e3089ad
transfer_cube,307,29,Gaussian CPU budget,97000,1,1,4.0,a3b871af07d5c88a942daa1ce3aa70048b90e9bb90daac260ca2fef41f1d48aa,262b33f08691e584f2a876c85f652964366c781d74b17452770a3557fbb9bd64
transfer_cube,307,29,Gaussian CPU budget,97001,0,0,1.0,a3b871af07d5c88a942daa1ce3aa70048b90e9bb90daac260ca2fef41f1d48aa,281d27d452e4dfb10448b082b385cca6ca4d56483df0ee7c55d479f71a3d8a51
transfer_cube,307,29,Gaussian CPU budget,97002,1,1,4.0,a3b871af07d5c88a942daa1ce3aa70048b90e9bb90daac260ca2fef41f1d48aa,d5c3abc6440db1d83e96c2fd1bf163010743193b7e4df0c63511f29e5019eec3
transfer_cube,307,29,Gaussian CPU budget,97003,1,1,4.0,a3b871af07d5c88a942daa1ce3aa70048b90e9bb90daac260ca2fef41f1d48aa,27d5dbd9517169316ea6baa04920b95e3985a4eff56dea12d0eab602333d7f66
transfer_cube,307,29,Gaussian CPU budget,97004,1,1,4.0,a3b871af07d5c88a942daa1ce3aa70048b90e9bb90daac260ca2fef41f1d48aa,3138b30971ba317eba9ce5f59efa926e56aa590deecdbf014b91c73ee8c81f36
transfer_cube,307,29,Gaussian CPU budget,97005,1,1,4.0,a3b871af07d5c88a942daa1ce3aa70048b90e9bb90daac260ca2fef41f1d48aa,42ba7e308fb72a0a607dfb6a00a73307630513054a0824c4e788f839ab0173c2
transfer_cube,307,29,Gaussian CPU budget,97006,1,1,4.0,a3b871af07d5c88a942daa1ce3aa70048b90e9bb90daac260ca2fef41f1d48aa,de297426a878434754b6efc07749dcb0ecd68c27e873971a96a95330dcd68f90
transfer_cube,307,29,Gaussian CPU budget,97007,1,1,4.0,a3b871af07d5c88a942daa1ce3aa70048b90e9bb90daac260ca2fef41f1d48aa,78c42d083a3a6ce9fd8d115dde33fc6199ec40e26bbe570de586790f824236d3
transfer_cube,307,29,Gaussian CPU budget,97008,1,1,4.0,a3b871af07d5c88a942daa1ce3aa70048b90e9bb90daac260ca2fef41f1d48aa,3005364309a7ecefd6f7a140b9f874c644187496b3b48ce0d35a89eba04864e9
transfer_cube,307,29,Gaussian CPU budget,97009,1,1,4.0,a3b871af07d5c88a942daa1ce3aa70048b90e9bb90daac260ca2fef41f1d48aa,1be02b0fed425af398ded96a7454ccbcf0993806d11cf9d42d3257046c2d812f
transfer_cube,307,29,Gaussian CPU budget,97010,1,1,4.0,a3b871af07d5c88a942daa1ce3aa70048b90e9bb90daac260ca2fef41f1d48aa,6985f513bf65789eedb2703a9a635a64ae23b781137eb571dca782fdc9856554
transfer_cube,307,29,Gaussian CPU budget,97011,1,1,4.0,a3b871af07d5c88a942daa1ce3aa70048b90e9bb90daac260ca2fef41f1d48aa,1ef7d96eab66fb79d436e45bad2f4f0711234193ef49c2827ba519e6ba8623f4
transfer_cube,307,29,Gaussian CPU budget,97012,1,1,4.0,a3b871af07d5c88a942daa1ce3aa70048b90e9bb90daac260ca2fef41f1d48aa,5a76246b976bad9fc3136f13dca28ca20e569481486d46699a2d189d80576508
transfer_cube,307,29,Gaussian CPU budget,97013,1,1,4.0,a3b871af07d5c88a942daa1ce3aa70048b90e9bb90daac260ca2fef41f1d48aa,ff8fde1601d9ef41fbc77aa89f6166214d02c5082391e72f03b3add30114fae7
transfer_cube,307,29,Gaussian CPU budget,97014,1,1,4.0,a3b871af07d5c88a942daa1ce3aa70048b90e9bb90daac260ca2fef41f1d48aa,25e98fc0fdb5b74403bb47a8e8d83e30752e5041543319cfa043e0b44bf211a6
transfer_cube,307,29,Gaussian CPU budget,97015,1,1,4.0,a3b871af07d5c88a942daa1ce3aa70048b90e9bb90daac260ca2fef41f1d48aa,62b5e9d4da1ce80e61c7d6f2318144cf8fcf0291af8ab8a9e588a6510fb320a7
transfer_cube,307,29,Gaussian CPU budget,97016,1,1,4.0,a3b871af07d5c88a942daa1ce3aa70048b90e9bb90daac260ca2fef41f1d48aa,bad895ad3a0c2dabb1b315fc94315351f8e356bc4ad017306ce077e8258538f4
transfer_cube,307,29,Gaussian CPU budget,97017,1,1,4.0,a3b871af07d5c88a942daa1ce3aa70048b90e9bb90daac260ca2fef41f1d48aa,ff819bbe2fb803613d4d681ecef0018f380ec08af9df25e83f18a49059a55db2
transfer_cube,307,29,Gaussian CPU budget,97018,1,1,4.0,a3b871af07d5c88a942daa1ce3aa70048b90e9bb90daac260ca2fef41f1d48aa,7bfe542ac5d3b987aeaa32760d030f07a2f68116a857028f8816824f934e8753
transfer_cube,307,29,Gaussian CPU budget,97019,1,1,4.0,a3b871af07d5c88a942daa1ce3aa70048b90e9bb90daac260ca2fef41f1d48aa,598153159830eb00fa3d76e825830cc0fe1e373d516ce71e1ba0bd2f225dab85
transfer_cube,307,43,Clean repeat,97000,0,0,0.0,8e2812945ee6d4d6397e9fd05d04d5066c21510e535840f3a6068b9e0907a815,ebc1647d9dc7a949618bbd70e6733010414f28672dc3b195f56adfe660995177
transfer_cube,307,43,Clean repeat,97001,0,0,2.0,8e2812945ee6d4d6397e9fd05d04d5066c21510e535840f3a6068b9e0907a815,2026b214b6eeacd6ce472fb9d28556e41e62f77ef18bd904606530535353c673
transfer_cube,307,43,Clean repeat,97002,1,1,4.0,8e2812945ee6d4d6397e9fd05d04d5066c21510e535840f3a6068b9e0907a815,b420429e35d7631c9f89e1ef3026e9d56428f7d98de5d67e13808c46051f12fe
transfer_cube,307,43,Clean repeat,97003,0,0,2.0,8e2812945ee6d4d6397e9fd05d04d5066c21510e535840f3a6068b9e0907a815,c81386a044427572bceefbbacab429d84ffb5835bc37814f1467cf412bf61609
transfer_cube,307,43,Clean repeat,97004,1,1,4.0,8e2812945ee6d4d6397e9fd05d04d5066c21510e535840f3a6068b9e0907a815,4f2ae4cd23ec4bcbbf1bdb84b857aec59892bb07b60cb510fd4b25f5e80b4670
transfer_cube,307,43,Clean repeat,97005,1,0,4.0,8e2812945ee6d4d6397e9fd05d04d5066c21510e535840f3a6068b9e0907a815,18819c7c29e8d9539e2927563541ca0c3bba011892cd39f37d22e3697bfa3c6e
transfer_cube,307,43,Clean repeat,97006,0,0,0.0,8e2812945ee6d4d6397e9fd05d04d5066c21510e535840f3a6068b9e0907a815,fb05e9b4892386a6c150246f8b70c6628b7e6e8f11ab54ea2dd37564bc60c2d5
transfer_cube,307,43,Clean repeat,97007,0,0,0.0,8e2812945ee6d4d6397e9fd05d04d5066c21510e535840f3a6068b9e0907a815,809e5b482f98df708c82cc162ae94612871f999848d22f18b246021a90a46e91
transfer_cube,307,43,Clean repeat,97008,1,1,4.0,8e2812945ee6d4d6397e9fd05d04d5066c21510e535840f3a6068b9e0907a815,305fdaa583f2ecab06e552a5faf433d2e651a5d916d04c2d906395535bccf080
transfer_cube,307,43,Clean repeat,97009,0,0,0.0,8e2812945ee6d4d6397e9fd05d04d5066c21510e535840f3a6068b9e0907a815,d5d0425a66b375858e1b3872110376a15e86fa37c7df45640cbc812a6b8cb8a3
transfer_cube,307,43,Clean repeat,97010,0,0,2.0,8e2812945ee6d4d6397e9fd05d04d5066c21510e535840f3a6068b9e0907a815,97827c6ff9c633d086a7ca07feb958b10ac5a0f32f51c498cc0d4c21ef1ef218
transfer_cube,307,43,Clean repeat,97011,0,0,0.0,8e2812945ee6d4d6397e9fd05d04d5066c21510e535840f3a6068b9e0907a815,47becf9497fa3f24eeb50356a4966b5c99b08b1c5a7e84b5948bafa907448fac
transfer_cube,307,43,Clean repeat,97012,0,0,0.0,8e2812945ee6d4d6397e9fd05d04d5066c21510e535840f3a6068b9e0907a815,97f9a9e98cb0da821940528465e4e9eb22bd1eeb3c9e8b86501595cb08a38a16
transfer_cube,307,43,Clean repeat,97013,0,0,2.0,8e2812945ee6d4d6397e9fd05d04d5066c21510e535840f3a6068b9e0907a815,8820ae80489430e0fdbe4cc2941e4c40cc4ea11f8bf6d138fa15b26be66d2e1e
transfer_cube,307,43,Clean repeat,97014,0,0,0.0,8e2812945ee6d4d6397e9fd05d04d5066c21510e535840f3a6068b9e0907a815,5baa420ca0da5773746e7dc77aa973a7f958da66475ed1d1b6e3271320edf621
transfer_cube,307,43,Clean repeat,97015,0,0,0.0,8e2812945ee6d4d6397e9fd05d04d5066c21510e535840f3a6068b9e0907a815,7b5099459d3be55c17e659d783aeea8d99c566b533b75e950ad6cd6bb8b39376
transfer_cube,307,43,Clean repeat,97016,0,0,0.0,8e2812945ee6d4d6397e9fd05d04d5066c21510e535840f3a6068b9e0907a815,6f7cab562872920d6a39a616bb6e146a794ac066067a7e50bf0b9a05b46750b5
transfer_cube,307,43,Clean repeat,97017,1,1,4.0,8e2812945ee6d4d6397e9fd05d04d5066c21510e535840f3a6068b9e0907a815,59e601f47fef9f8cd987c7e232e9e71960f8dabfc3983b9decb50c11994daab7
transfer_cube,307,43,Clean repeat,97018,0,0,0.0,8e2812945ee6d4d6397e9fd05d04d5066c21510e535840f3a6068b9e0907a815,31f369b81bd79e915ec028adbd2ed96ad6af7430c8f66346eebb4a8dc43a7e91
transfer_cube,307,43,Clean repeat,97019,1,1,4.0,8e2812945ee6d4d6397e9fd05d04d5066c21510e535840f3a6068b9e0907a815,3cd907ac58be45bee7f3cf9ec14cd32347f7a9e2d5bb1a0a55be0ecbc0853272
transfer_cube,307,43,SCANA-R,97000,1,1,4.0,a1477a160e1c955a53f74b526b2477a48df5afa8be2edbc41fba8d5f21c313ad,43d173fa9f5550944e6b802bee3a763ad4531e8fe5d6b927a64b9362ada4996e
transfer_cube,307,43,SCANA-R,97001,0,0,2.0,a1477a160e1c955a53f74b526b2477a48df5afa8be2edbc41fba8d5f21c313ad,937e47fb617b2b63c2291c9a1691e643c2a8687dec5601e804251a2bc09388da
transfer_cube,307,43,SCANA-R,97002,1,1,4.0,a1477a160e1c955a53f74b526b2477a48df5afa8be2edbc41fba8d5f21c313ad,eab38cc010b3c8a39746bcfc3d5751749c2d3535814fc69759e34012ee4d48d6
transfer_cube,307,43,SCANA-R,97003,1,1,4.0,a1477a160e1c955a53f74b526b2477a48df5afa8be2edbc41fba8d5f21c313ad,ec9c548a1d13f82ff2114a3f26e40e28466f26e350dac17bcbde378a4cdf5a5c
transfer_cube,307,43,SCANA-R,97004,1,1,4.0,a1477a160e1c955a53f74b526b2477a48df5afa8be2edbc41fba8d5f21c313ad,b0f30768fd6045286eaa60c93557b8c7be16ad3107d13fd3a74b143e3fde2751
transfer_cube,307,43,SCANA-R,97005,1,1,4.0,a1477a160e1c955a53f74b526b2477a48df5afa8be2edbc41fba8d5f21c313ad,5f755adc5c969f9daea6769684bb80a3db88ae7fba275689e47abfd10da0bb2c
transfer_cube,307,43,SCANA-R,97006,1,1,4.0,a1477a160e1c955a53f74b526b2477a48df5afa8be2edbc41fba8d5f21c313ad,78cc707dfe994bce677e57de5eb0248c4fdd2f33b9346e5fa98b4753e60e17a6
transfer_cube,307,43,SCANA-R,97007,1,1,4.0,a1477a160e1c955a53f74b526b2477a48df5afa8be2edbc41fba8d5f21c313ad,13b73261eedb9284db570ae89a64b06bcb386fdf0490a3f64108cab495991114
transfer_cube,307,43,SCANA-R,97008,1,1,4.0,a1477a160e1c955a53f74b526b2477a48df5afa8be2edbc41fba8d5f21c313ad,0f8052d368f5f438438533cbe2646e3530dee5cddaf662c831ccff16cac88b62
transfer_cube,307,43,SCANA-R,97009,1,1,4.0,a1477a160e1c955a53f74b526b2477a48df5afa8be2edbc41fba8d5f21c313ad,d6c06706a4bd9b63cb558f46b1e27cec02481884dc8ccd55f1f85198bc5fb942
transfer_cube,307,43,SCANA-R,97010,1,1,4.0,a1477a160e1c955a53f74b526b2477a48df5afa8be2edbc41fba8d5f21c313ad,20061183ab7deb1e13761b3815a58a981de779bcf2c8f5f4b5a91a06e95c082e
transfer_cube,307,43,SCANA-R,97011,1,1,4.0,a1477a160e1c955a53f74b526b2477a48df5afa8be2edbc41fba8d5f21c313ad,cbd69ed81c261d3dd4d33a48d7ed45c66210f811ee7361bf483013fe2bfc425f
transfer_cube,307,43,SCANA-R,97012,1,1,4.0,a1477a160e1c955a53f74b526b2477a48df5afa8be2edbc41fba8d5f21c313ad,53a22c23bc443d9c0273d51a22470f7fea95ae292aa09769ab9f0dd423020b1d
transfer_cube,307,43,SCANA-R,97013,1,1,4.0,a1477a160e1c955a53f74b526b2477a48df5afa8be2edbc41fba8d5f21c313ad,7372273bcffe67a85efc545e441ecb1128c58e714ec5c674ea6e947d9ef672c3
transfer_cube,307,43,SCANA-R,97014,1,1,4.0,a1477a160e1c955a53f74b526b2477a48df5afa8be2edbc41fba8d5f21c313ad,8b96a14b83353175412add7b2f48464f381eae2279e1b0683ba63c490554f4b5
transfer_cube,307,43,SCANA-R,97015,1,1,4.0,a1477a160e1c955a53f74b526b2477a48df5afa8be2edbc41fba8d5f21c313ad,a4758fe045f5e8d0e1d49701744f236fff1154ac7436b45e7ee8a8cec2d48be4
transfer_cube,307,43,SCANA-R,97016,1,1,4.0,a1477a160e1c955a53f74b526b2477a48df5afa8be2edbc41fba8d5f21c313ad,cd1b99746d9d250290c98ef1c07da9a6153037d19c11991836781df4f6c3b3ac
transfer_cube,307,43,SCANA-R,97017,1,1,4.0,a1477a160e1c955a53f74b526b2477a48df5afa8be2edbc41fba8d5f21c313ad,7aacbe5d81e4631db0f330894d118a71962df8979a4cccc27d86266e61d5d4ae
transfer_cube,307,43,SCANA-R,97018,1,1,4.0,a1477a160e1c955a53f74b526b2477a48df5afa8be2edbc41fba8d5f21c313ad,f4479c8b60d9ec841da8881f3e83b3518fed6184b4f5fc90102fada788b3c6e8
transfer_cube,307,43,SCANA-R,97019,1,1,4.0,a1477a160e1c955a53f74b526b2477a48df5afa8be2edbc41fba8d5f21c313ad,e84048715994c8adf8afb1abca869bf8dfde4b05415854fd3dd00d36f84150dd
transfer_cube,307,43,Gaussian recovery,97000,0,0,2.0,8501a89c86d6c27561c2b654f9a34bd547e6bc0fcf6da996ba8927697ffbe09f,4ed264412bde15962a08f8694c156d6bb7b3f6d0407bbd97c2de68387022d054
transfer_cube,307,43,Gaussian recovery,97001,0,0,1.0,8501a89c86d6c27561c2b654f9a34bd547e6bc0fcf6da996ba8927697ffbe09f,578816c933dea96636847e6efbe252fbbea45a6118a9a0702463f1b79d596dcc
transfer_cube,307,43,Gaussian recovery,97002,1,0,4.0,8501a89c86d6c27561c2b654f9a34bd547e6bc0fcf6da996ba8927697ffbe09f,bc31c9b6de48c92471053f914c269ca6d4800e841258cbb3900159be20524906
transfer_cube,307,43,Gaussian recovery,97003,1,1,4.0,8501a89c86d6c27561c2b654f9a34bd547e6bc0fcf6da996ba8927697ffbe09f,7f9d140616e9258f68e75dbd69c6869fead09d4350d8ba3b678fc133cab7e03a
transfer_cube,307,43,Gaussian recovery,97004,1,1,4.0,8501a89c86d6c27561c2b654f9a34bd547e6bc0fcf6da996ba8927697ffbe09f,b1aa808a46ef62c2a3553a5bac6c38373d0e74a538609abfc06f27120c321aab
transfer_cube,307,43,Gaussian recovery,97005,1,1,4.0,8501a89c86d6c27561c2b654f9a34bd547e6bc0fcf6da996ba8927697ffbe09f,f006b00d0696c4de375f1fb182bfca970adf83973eae4d022f8fbea0dc6170d9
transfer_cube,307,43,Gaussian recovery,97006,0,0,1.0,8501a89c86d6c27561c2b654f9a34bd547e6bc0fcf6da996ba8927697ffbe09f,d18834cc91986d3c42cba6c3ddbd982665f605a1080e7f35ac3be502588e8307
transfer_cube,307,43,Gaussian recovery,97007,0,0,2.0,8501a89c86d6c27561c2b654f9a34bd547e6bc0fcf6da996ba8927697ffbe09f,cc83742378de415da3c9dc5dbfdd5575519a245866eb77fb1e45ef29763f5bdd
transfer_cube,307,43,Gaussian recovery,97008,1,1,4.0,8501a89c86d6c27561c2b654f9a34bd547e6bc0fcf6da996ba8927697ffbe09f,bdf8559fefd7da8ee0c9fb1b351761f286f454f18600de753a6350792a32f703
transfer_cube,307,43,Gaussian recovery,97009,1,1,4.0,8501a89c86d6c27561c2b654f9a34bd547e6bc0fcf6da996ba8927697ffbe09f,c1329c3047a7c952ed930a22fa62b52857d622c2dadbb0c0364b67021e9a79fa
transfer_cube,307,43,Gaussian recovery,97010,1,0,4.0,8501a89c86d6c27561c2b654f9a34bd547e6bc0fcf6da996ba8927697ffbe09f,2dc55778093e099340bc9c65c2dff12dac9d2097fc1ed8ffaa3fd865eb487064
transfer_cube,307,43,Gaussian recovery,97011,1,1,4.0,8501a89c86d6c27561c2b654f9a34bd547e6bc0fcf6da996ba8927697ffbe09f,de5397c280b6f9c5a14acac60fc394ebebae01333bc5b0a0a0a59c884c19e691
transfer_cube,307,43,Gaussian recovery,97012,1,1,4.0,8501a89c86d6c27561c2b654f9a34bd547e6bc0fcf6da996ba8927697ffbe09f,604646020bd2a9359240b0493c7cb5810760f1a7c1f38d80f9984a9cc7fb59ad
transfer_cube,307,43,Gaussian recovery,97013,1,1,4.0,8501a89c86d6c27561c2b654f9a34bd547e6bc0fcf6da996ba8927697ffbe09f,eff5ee636e517392e05ea09e36bc095c3dd445620ca35823ba212cb9e3adf7ac
transfer_cube,307,43,Gaussian recovery,97014,1,1,4.0,8501a89c86d6c27561c2b654f9a34bd547e6bc0fcf6da996ba8927697ffbe09f,e509b9083275dc372c62a87146fd571ebe3e85508efad9ea6d89c636e222f62d
transfer_cube,307,43,Gaussian recovery,97015,1,1,4.0,8501a89c86d6c27561c2b654f9a34bd547e6bc0fcf6da996ba8927697ffbe09f,1b4fb7eac2e1de911054a6cd8c124e0853cc9b90fbccb6500512f06f383ed52a
transfer_cube,307,43,Gaussian recovery,97016,1,1,4.0,8501a89c86d6c27561c2b654f9a34bd547e6bc0fcf6da996ba8927697ffbe09f,442328431b6d0dcf0ff755b1c37f719a2a126ab599f5d04928040f92814b2f8b
transfer_cube,307,43,Gaussian recovery,97017,1,1,4.0,8501a89c86d6c27561c2b654f9a34bd547e6bc0fcf6da996ba8927697ffbe09f,8a5aed72f761630adfdb2a41ee2f361373dc58fa58f8f505b7ee9cb503026d32
transfer_cube,307,43,Gaussian recovery,97018,0,0,2.0,8501a89c86d6c27561c2b654f9a34bd547e6bc0fcf6da996ba8927697ffbe09f,653e42224757369702a243fb068f44a5090bf106371e9e3d3248c5111796079d
transfer_cube,307,43,Gaussian recovery,97019,1,0,4.0,8501a89c86d6c27561c2b654f9a34bd547e6bc0fcf6da996ba8927697ffbe09f,e1b8b56b6c8aee75287c05a383e2d75b02ed94133c8161dfc44ff2bc92f01b1b
transfer_cube,307,43,No cross-fitting,97000,1,1,4.0,93a14bb4456a8c2ecf8149c8fdfa8af656fdc02271c216d1630e91de842a2ac6,2388353fa041a14bc975f5fad8b5647bb5efeb01222f03a3ff4072c3725b56a0
transfer_cube,307,43,No cross-fitting,97001,0,0,1.0,93a14bb4456a8c2ecf8149c8fdfa8af656fdc02271c216d1630e91de842a2ac6,940c3c7a66c17ea7d0d35329ab3686cd72bc2c12d640f512d514e9d64dbce197
transfer_cube,307,43,No cross-fitting,97002,1,1,4.0,93a14bb4456a8c2ecf8149c8fdfa8af656fdc02271c216d1630e91de842a2ac6,ddc6a76e8a727c2521489421e2fe244c6bf62ab6b571dfe0f1a185be2e342c25
transfer_cube,307,43,No cross-fitting,97003,1,1,4.0,93a14bb4456a8c2ecf8149c8fdfa8af656fdc02271c216d1630e91de842a2ac6,24c7f840c4032096ad45a3ada0b57c352ea0805003d727a4e4e92c4276b47f9d
transfer_cube,307,43,No cross-fitting,97004,1,1,4.0,93a14bb4456a8c2ecf8149c8fdfa8af656fdc02271c216d1630e91de842a2ac6,b6a5aecf45e6aa0b24d073f37cb910a1d19ee9b9ac38a9f2b1ce5bbf85b18ee4
transfer_cube,307,43,No cross-fitting,97005,1,1,4.0,93a14bb4456a8c2ecf8149c8fdfa8af656fdc02271c216d1630e91de842a2ac6,c4dc0df092e2ebafce574c8429c9b227e517a62c8719bf7c704c010c73137ebc
transfer_cube,307,43,No cross-fitting,97006,0,0,2.0,93a14bb4456a8c2ecf8149c8fdfa8af656fdc02271c216d1630e91de842a2ac6,f2fbd1fd3605563044c8bbe692cc5daace0007506ce792eec0d10693816bbb23
transfer_cube,307,43,No cross-fitting,97007,1,1,4.0,93a14bb4456a8c2ecf8149c8fdfa8af656fdc02271c216d1630e91de842a2ac6,52e1b97fca17aa413b0e8f892faa837b0e171016edb5a6dccab3e44a188e7c65
transfer_cube,307,43,No cross-fitting,97008,1,1,4.0,93a14bb4456a8c2ecf8149c8fdfa8af656fdc02271c216d1630e91de842a2ac6,e0e70a513c7e527b4fbaf4861f0fc8c492795173e092d2a6d5f2a48b36be1b10
transfer_cube,307,43,No cross-fitting,97009,1,1,4.0,93a14bb4456a8c2ecf8149c8fdfa8af656fdc02271c216d1630e91de842a2ac6,c2b048d59f01611f53f143b1606d20d98789adebad4185a497e1f5528707a18e
transfer_cube,307,43,No cross-fitting,97010,1,1,4.0,93a14bb4456a8c2ecf8149c8fdfa8af656fdc02271c216d1630e91de842a2ac6,4f2d8f71125039652c18f75e177a6911543ef01d46ce3b1f75190990140c8f39
transfer_cube,307,43,No cross-fitting,97011,1,1,4.0,93a14bb4456a8c2ecf8149c8fdfa8af656fdc02271c216d1630e91de842a2ac6,e3240b460c6b9bdad575ec99782f26ca193f0177fc1588bd2e6f6e05abb97ee2
transfer_cube,307,43,No cross-fitting,97012,1,1,4.0,93a14bb4456a8c2ecf8149c8fdfa8af656fdc02271c216d1630e91de842a2ac6,e5371ad8e4ec1e4f34aa04a51b6f6e13b4dd18de6b68fdb4392c3b91bd1f37a0
transfer_cube,307,43,No cross-fitting,97013,0,0,2.0,93a14bb4456a8c2ecf8149c8fdfa8af656fdc02271c216d1630e91de842a2ac6,1e22e1f0f8b7654c081d2598b7d2bcebe0ae0f932af80771451f982e4c3cd121
transfer_cube,307,43,No cross-fitting,97014,1,1,4.0,93a14bb4456a8c2ecf8149c8fdfa8af656fdc02271c216d1630e91de842a2ac6,d8bcc92e79874bd99ecf6d784a271b990be864ce5413dc22b0719b9aeb9ebbca
transfer_cube,307,43,No cross-fitting,97015,1,1,4.0,93a14bb4456a8c2ecf8149c8fdfa8af656fdc02271c216d1630e91de842a2ac6,f507bfdb7f74bc335610409bae3f20ecbb7f6c4a60a08b8c870a723fe34c4c5c
transfer_cube,307,43,No cross-fitting,97016,1,1,4.0,93a14bb4456a8c2ecf8149c8fdfa8af656fdc02271c216d1630e91de842a2ac6,97cff02deb7e19df0ad17cf83fee92df14b5baab50eee442a011ade9b23ff003
transfer_cube,307,43,No cross-fitting,97017,1,1,4.0,93a14bb4456a8c2ecf8149c8fdfa8af656fdc02271c216d1630e91de842a2ac6,92e4d6576c1301a4e5a1156dd4aa366720ec104af36c3b022e64060a9e6cb6d2
transfer_cube,307,43,No cross-fitting,97018,1,1,4.0,93a14bb4456a8c2ecf8149c8fdfa8af656fdc02271c216d1630e91de842a2ac6,b8fd022045d0f3ff6dcb912f332c6dc98838a7796c58dcf2febd1fc2dd8f16ef
transfer_cube,307,43,No cross-fitting,97019,1,1,4.0,93a14bb4456a8c2ecf8149c8fdfa8af656fdc02271c216d1630e91de842a2ac6,e3f587afa52457c6b27a308fefb8c97ea092b0f98cfa423c9a5b313983bdf1d5
transfer_cube,307,43,Global-time errors,97000,1,1,4.0,1a32f8826a8e5b96d6c22f1662f4eb86ce4ab995c460ca369cfc08fc68b7ea01,b9387b06397a86ee3d7c25f74f96d5adda2986b6ff5201a4b21f10c18729b149
transfer_cube,307,43,Global-time errors,97001,0,0,1.0,1a32f8826a8e5b96d6c22f1662f4eb86ce4ab995c460ca369cfc08fc68b7ea01,dc07a8ce9b801dac8502932318e1dad98485cf822bcc5e26de30ff13fc5b9015
transfer_cube,307,43,Global-time errors,97002,1,1,4.0,1a32f8826a8e5b96d6c22f1662f4eb86ce4ab995c460ca369cfc08fc68b7ea01,9e8f7722a4cecb6e2c0c99a1bd9b00d66fbbb35eec6553c8e7ffce2d4f2135c4
transfer_cube,307,43,Global-time errors,97003,1,1,4.0,1a32f8826a8e5b96d6c22f1662f4eb86ce4ab995c460ca369cfc08fc68b7ea01,a01d604d342b6fc5db2b82d34b56bd2c34612db272d6e202169300e550a2a3e2
transfer_cube,307,43,Global-time errors,97004,1,1,4.0,1a32f8826a8e5b96d6c22f1662f4eb86ce4ab995c460ca369cfc08fc68b7ea01,711ca1c880908ef795d67c5458bbb58a4a3d1e435ebe56db53f61e294eae7e1d
transfer_cube,307,43,Global-time errors,97005,1,1,4.0,1a32f8826a8e5b96d6c22f1662f4eb86ce4ab995c460ca369cfc08fc68b7ea01,c9412a84c6903d67de2027427c86770d5d29f6dbb7dcddf65f9bd86b6649e371
transfer_cube,307,43,Global-time errors,97006,0,0,1.0,1a32f8826a8e5b96d6c22f1662f4eb86ce4ab995c460ca369cfc08fc68b7ea01,e90d0e3ff596002b05e2336c130584c1aaf514dc537dc8562fadc513f2743d77
transfer_cube,307,43,Global-time errors,97007,1,1,4.0,1a32f8826a8e5b96d6c22f1662f4eb86ce4ab995c460ca369cfc08fc68b7ea01,168d07f7c4ec463879b9464c72b9c54cf4e9bafa42cd88db1e2c4244a618dbfb
transfer_cube,307,43,Global-time errors,97008,1,1,4.0,1a32f8826a8e5b96d6c22f1662f4eb86ce4ab995c460ca369cfc08fc68b7ea01,2efff60df638d2f2622fbf2d8d08b5a018ebec50c40e0c8e6f90431ede233ede
transfer_cube,307,43,Global-time errors,97009,1,1,4.0,1a32f8826a8e5b96d6c22f1662f4eb86ce4ab995c460ca369cfc08fc68b7ea01,ac8cfe5c13a6345c444c886e1acaf4238713e63cc796ed27afaec8336f4a136a
transfer_cube,307,43,Global-time errors,97010,1,1,4.0,1a32f8826a8e5b96d6c22f1662f4eb86ce4ab995c460ca369cfc08fc68b7ea01,d8bdcdd7ce15a20f076bba76a80837376398211ec65b28178fd0086beccc21f9
transfer_cube,307,43,Global-time errors,97011,1,1,4.0,1a32f8826a8e5b96d6c22f1662f4eb86ce4ab995c460ca369cfc08fc68b7ea01,b32afa228ca82fc38e3873a1f31f4022f0acdc40e1e7c05390f40ca85756b870
transfer_cube,307,43,Global-time errors,97012,1,1,4.0,1a32f8826a8e5b96d6c22f1662f4eb86ce4ab995c460ca369cfc08fc68b7ea01,18d4c47880899c180df843f2dbbdde8222769cf9e00e9af84661777c1235e33b
transfer_cube,307,43,Global-time errors,97013,0,0,2.0,1a32f8826a8e5b96d6c22f1662f4eb86ce4ab995c460ca369cfc08fc68b7ea01,bdcb43e0939e56935f41eebe43e5e09122f07ba5ea0fb3e41216d7dbab7225ab
transfer_cube,307,43,Global-time errors,97014,1,1,4.0,1a32f8826a8e5b96d6c22f1662f4eb86ce4ab995c460ca369cfc08fc68b7ea01,2f5723efe7a62d31da2a32904d2cba3e16aba75f5a956f4fefa879b1eab0d7be
transfer_cube,307,43,Global-time errors,97015,1,1,4.0,1a32f8826a8e5b96d6c22f1662f4eb86ce4ab995c460ca369cfc08fc68b7ea01,92c20191034f56d51cb92d9afe7fa3f7efdddf19514636efa4eaf19db925a336
transfer_cube,307,43,Global-time errors,97016,1,1,4.0,1a32f8826a8e5b96d6c22f1662f4eb86ce4ab995c460ca369cfc08fc68b7ea01,9da0e567c020bff9533bc144df1b2e73154ac3f6b863b799bb2a2658afcbdc0b
transfer_cube,307,43,Global-time errors,97017,1,1,4.0,1a32f8826a8e5b96d6c22f1662f4eb86ce4ab995c460ca369cfc08fc68b7ea01,425bf693c97d6bca9a55b5d04c3e57c35bfa8e08f36dfd7d9d139776587dc0f8
transfer_cube,307,43,Global-time errors,97018,1,1,4.0,1a32f8826a8e5b96d6c22f1662f4eb86ce4ab995c460ca369cfc08fc68b7ea01,4ccaf2d50f38a8db586040b85d49038f46bfae62287fe89e1fd24b1cc5498560
transfer_cube,307,43,Global-time errors,97019,1,1,4.0,1a32f8826a8e5b96d6c22f1662f4eb86ce4ab995c460ca369cfc08fc68b7ea01,af26a291fa5cbd57e35b42fcb63ad4f5c7acdbf3d042aa41a05a238d9af3ed9c
transfer_cube,307,43,No intermediate backtracking,97000,1,1,4.0,24f2ccfe6f8a26a954a6376bf03a455d9834ef60544dc533610fd48ce2b6378a,f8a0d7a20f7a77344834e8ea5f1789d5455d4c32bb71f1b9c0ecd5f92cad62ac
transfer_cube,307,43,No intermediate backtracking,97001,0,0,1.0,24f2ccfe6f8a26a954a6376bf03a455d9834ef60544dc533610fd48ce2b6378a,26e9dd28ceb84bd8c4dfc43ca37cd712d1bf77fdef41b3b1024193df6d8dfb62
transfer_cube,307,43,No intermediate backtracking,97002,1,1,4.0,24f2ccfe6f8a26a954a6376bf03a455d9834ef60544dc533610fd48ce2b6378a,c2401e8d557a4403e3bd1183eda1ba4ab5033a63c6d9a0a8a8564b773c9a152b
transfer_cube,307,43,No intermediate backtracking,97003,1,1,4.0,24f2ccfe6f8a26a954a6376bf03a455d9834ef60544dc533610fd48ce2b6378a,95cb6664e8cd5a0b8864ce4f06fedcfd2d37e814a2474e5ea9379a302ca82616
transfer_cube,307,43,No intermediate backtracking,97004,1,1,4.0,24f2ccfe6f8a26a954a6376bf03a455d9834ef60544dc533610fd48ce2b6378a,0e1f160ab34e8c64a916b1b71c0cc62ed0b15056bddb192aea346168cdc2fcf2
transfer_cube,307,43,No intermediate backtracking,97005,1,1,4.0,24f2ccfe6f8a26a954a6376bf03a455d9834ef60544dc533610fd48ce2b6378a,0ebf1463122fbefa9553a0eb679cfd1eb0a9605c0a7dcc79d5636be3320c3859
transfer_cube,307,43,No intermediate backtracking,97006,1,1,4.0,24f2ccfe6f8a26a954a6376bf03a455d9834ef60544dc533610fd48ce2b6378a,27fa11e1ca9cbb1d1e89c810217c94e90699da440d77b3aef689ce8dc862799e
transfer_cube,307,43,No intermediate backtracking,97007,1,1,4.0,24f2ccfe6f8a26a954a6376bf03a455d9834ef60544dc533610fd48ce2b6378a,2a487c3fb32a155e7943f70b8c14111f77c839549f7b642c7e2446aa1b2678b9
transfer_cube,307,43,No intermediate backtracking,97008,1,1,4.0,24f2ccfe6f8a26a954a6376bf03a455d9834ef60544dc533610fd48ce2b6378a,3194b372e45ed0e7f7af9668f7b9cb9ec79a5ee0ad1734407aaaee5da3f41c3d
transfer_cube,307,43,No intermediate backtracking,97009,1,1,4.0,24f2ccfe6f8a26a954a6376bf03a455d9834ef60544dc533610fd48ce2b6378a,7996ae8890f707cf956887152863911b115778dc503584e6841d2cb869a874ce
transfer_cube,307,43,No intermediate backtracking,97010,1,1,4.0,24f2ccfe6f8a26a954a6376bf03a455d9834ef60544dc533610fd48ce2b6378a,8cf0afd7b94723fd39be93d5ffe31ebe92df16bc8a572390d5922331587779c3
transfer_cube,307,43,No intermediate backtracking,97011,1,1,4.0,24f2ccfe6f8a26a954a6376bf03a455d9834ef60544dc533610fd48ce2b6378a,03b738cc54186a66545bccc2ceecc794476b8b7dfcf90c9c49463c870e7a83ed
transfer_cube,307,43,No intermediate backtracking,97012,1,1,4.0,24f2ccfe6f8a26a954a6376bf03a455d9834ef60544dc533610fd48ce2b6378a,4a7cba7bd758d7cd01512aa493c01054b52109dbd1258edb52357edda4705861
transfer_cube,307,43,No intermediate backtracking,97013,1,1,4.0,24f2ccfe6f8a26a954a6376bf03a455d9834ef60544dc533610fd48ce2b6378a,b269d741d31f3f696d1d328ffd66f7e38b7ad64b24679832661d463411732d88
transfer_cube,307,43,No intermediate backtracking,97014,1,1,4.0,24f2ccfe6f8a26a954a6376bf03a455d9834ef60544dc533610fd48ce2b6378a,bf046b5b727b43b9021c868cae11550a475147b067fdf910e02b1c14b26684c1
transfer_cube,307,43,No intermediate backtracking,97015,1,1,4.0,24f2ccfe6f8a26a954a6376bf03a455d9834ef60544dc533610fd48ce2b6378a,b0ada54042bef8d2dec3f2f67804e8b34b99b3a6f5e0ae46fd82df11f3732de9
transfer_cube,307,43,No intermediate backtracking,97016,1,1,4.0,24f2ccfe6f8a26a954a6376bf03a455d9834ef60544dc533610fd48ce2b6378a,bd44df4cea83599cdb2166d5cdd22fd513d9918a39289ae71beb6485190f8b9a
transfer_cube,307,43,No intermediate backtracking,97017,1,1,4.0,24f2ccfe6f8a26a954a6376bf03a455d9834ef60544dc533610fd48ce2b6378a,578801635ce4df8c9289a1d0f520b4a6b47b2b4c06c17882e5ab79c0785e9519
transfer_cube,307,43,No intermediate backtracking,97018,1,1,4.0,24f2ccfe6f8a26a954a6376bf03a455d9834ef60544dc533610fd48ce2b6378a,4b724481fa6734263b1bdd8ac6b4064b3121e389b91c4b535f886b428bad73b6
transfer_cube,307,43,No intermediate backtracking,97019,1,1,4.0,24f2ccfe6f8a26a954a6376bf03a455d9834ef60544dc533610fd48ce2b6378a,2d0fc2c33199c4c9fbd3f772900e1bb698095e4e1182e4b3f843e30774e611f3
transfer_cube,307,43,Gaussian CPU budget,97000,1,1,4.0,9a56d0ec0f2d007c3b755d66c83b134cdca1533150effca7b140892942210c2f,ac40982ca082a276f09a12f488ab745c334f9f019619239c4c197299de64d505
transfer_cube,307,43,Gaussian CPU budget,97001,1,1,4.0,9a56d0ec0f2d007c3b755d66c83b134cdca1533150effca7b140892942210c2f,e82ac51620c4b91cd63f177ebb42c14601bc0889e0be2ff4b0457b0de36348de
transfer_cube,307,43,Gaussian CPU budget,97002,1,1,4.0,9a56d0ec0f2d007c3b755d66c83b134cdca1533150effca7b140892942210c2f,01a68c06aaa5c06a43f358a1728232f63150109f9afa08e22f0129caeab3d4f2
transfer_cube,307,43,Gaussian CPU budget,97003,1,1,4.0,9a56d0ec0f2d007c3b755d66c83b134cdca1533150effca7b140892942210c2f,967bd58572a05cfb428c2dade7e07baf3609700264667de3c28908f22ddb0dcb
transfer_cube,307,43,Gaussian CPU budget,97004,1,1,4.0,9a56d0ec0f2d007c3b755d66c83b134cdca1533150effca7b140892942210c2f,1a862159d6e8d3920dc67a7532239f5456df2207184a931af0987c7c99f5afff
transfer_cube,307,43,Gaussian CPU budget,97005,1,1,4.0,9a56d0ec0f2d007c3b755d66c83b134cdca1533150effca7b140892942210c2f,c77e6f3c73e9a9e818c76a8823892afbcbe64f9572631f0ec95a24a739744614
transfer_cube,307,43,Gaussian CPU budget,97006,1,1,4.0,9a56d0ec0f2d007c3b755d66c83b134cdca1533150effca7b140892942210c2f,d9af95f17960da0147a8e98903f133ec6dd7b581dc6bea9bc7a7d6dd4130d9ec
transfer_cube,307,43,Gaussian CPU budget,97007,1,1,4.0,9a56d0ec0f2d007c3b755d66c83b134cdca1533150effca7b140892942210c2f,bd1ee8292dc91b8bfb5498d0c1ce00b9c17d376931738b94f77d03a4f8d6569a
transfer_cube,307,43,Gaussian CPU budget,97008,1,1,4.0,9a56d0ec0f2d007c3b755d66c83b134cdca1533150effca7b140892942210c2f,0d40a7e231d20d710692c45276bdcff0022916871c3b6c681350851f0c6dd815
transfer_cube,307,43,Gaussian CPU budget,97009,1,1,4.0,9a56d0ec0f2d007c3b755d66c83b134cdca1533150effca7b140892942210c2f,42a27da1dfa53f75abac0fb5f626713b832984122606e3798f51d4e8a0a61f80
transfer_cube,307,43,Gaussian CPU budget,97010,1,1,4.0,9a56d0ec0f2d007c3b755d66c83b134cdca1533150effca7b140892942210c2f,736673fc710c10a42bf8079f3dd923ccbe140f2b9f860a58124f51059317c17d
transfer_cube,307,43,Gaussian CPU budget,97011,1,1,4.0,9a56d0ec0f2d007c3b755d66c83b134cdca1533150effca7b140892942210c2f,8f3df7b4d8f6a87b98a0a466206cb5142f98e8312253637985168c3963971243
transfer_cube,307,43,Gaussian CPU budget,97012,1,1,4.0,9a56d0ec0f2d007c3b755d66c83b134cdca1533150effca7b140892942210c2f,92217f507152cc210d911745c793d8c7c54d3ba005761315cce3132929e8ace2
transfer_cube,307,43,Gaussian CPU budget,97013,1,1,4.0,9a56d0ec0f2d007c3b755d66c83b134cdca1533150effca7b140892942210c2f,0e86667ae743aa8c1e0403372fda6477c5cb45cee60e2f3b67a87894e9c4c9a5
transfer_cube,307,43,Gaussian CPU budget,97014,1,1,4.0,9a56d0ec0f2d007c3b755d66c83b134cdca1533150effca7b140892942210c2f,c6acd848c40a221397805232254e8d61174a9b7ac21b17305cb1705558ab3e1b
transfer_cube,307,43,Gaussian CPU budget,97015,1,1,4.0,9a56d0ec0f2d007c3b755d66c83b134cdca1533150effca7b140892942210c2f,42855f49e1c01769ae13f35f2cba90953d1099e8cf82165611eca63dd9489f3a
transfer_cube,307,43,Gaussian CPU budget,97016,1,1,4.0,9a56d0ec0f2d007c3b755d66c83b134cdca1533150effca7b140892942210c2f,bc1cdc0baf494024a9aea32db98f7ad5de4638fca448ec0574af1332bde915ae
transfer_cube,307,43,Gaussian CPU budget,97017,1,1,4.0,9a56d0ec0f2d007c3b755d66c83b134cdca1533150effca7b140892942210c2f,7b5abd2573d2faf49ed592d4e46621f8af37533726118253fc322601acfecd48
transfer_cube,307,43,Gaussian CPU budget,97018,1,1,4.0,9a56d0ec0f2d007c3b755d66c83b134cdca1533150effca7b140892942210c2f,e661690fbe794b3202581da79a23139d1fdc2ca506cc9fd79e2eb96dbb7d67f4
transfer_cube,307,43,Gaussian CPU budget,97019,1,1,4.0,9a56d0ec0f2d007c3b755d66c83b134cdca1533150effca7b140892942210c2f,e035ef1f2e475f4e94e6ba9c62531a34023fead13f974c1732a1ee5a4dc794f3
transfer_cube,401,17,Clean repeat,97000,0,0,1.0,8a428eb589911b2089ccfc5a375abd5c9b17ca2aee062adcc817d7880a916faa,20f655fa742d8bf091b7b456adb2d5f948e03ddf2b3ce1e8af71527ac4275464
transfer_cube,401,17,Clean repeat,97001,0,0,1.0,8a428eb589911b2089ccfc5a375abd5c9b17ca2aee062adcc817d7880a916faa,42177bec8843508086f13fca19037b0ca6e4ce08de316a3598c56cae05dd6f76
transfer_cube,401,17,Clean repeat,97002,1,1,4.0,8a428eb589911b2089ccfc5a375abd5c9b17ca2aee062adcc817d7880a916faa,6cbbffd115a13952bf993df47ff58f7933d4f6b0737418adb4aa2d7239496552
transfer_cube,401,17,Clean repeat,97003,1,1,4.0,8a428eb589911b2089ccfc5a375abd5c9b17ca2aee062adcc817d7880a916faa,74918158fe928c18301eac9725ba4dbc6ca858f4740be0f10cd395df52d49b18
transfer_cube,401,17,Clean repeat,97004,1,0,4.0,8a428eb589911b2089ccfc5a375abd5c9b17ca2aee062adcc817d7880a916faa,9f54a7d6ca83122d773fe5d2c786052576ea5c2e1b6996b9b93698b37d86095d
transfer_cube,401,17,Clean repeat,97005,1,1,4.0,8a428eb589911b2089ccfc5a375abd5c9b17ca2aee062adcc817d7880a916faa,d7b35528eb096fdd80069879f0b19ffd314773941b443532af458b0317e1dd6e
transfer_cube,401,17,Clean repeat,97006,0,0,0.0,8a428eb589911b2089ccfc5a375abd5c9b17ca2aee062adcc817d7880a916faa,f40bf5dcc1cbbb9db0e810d6a081dc9db4becc47cefeea832379fab9a40584df
transfer_cube,401,17,Clean repeat,97007,0,0,0.0,8a428eb589911b2089ccfc5a375abd5c9b17ca2aee062adcc817d7880a916faa,d466984af2637daa00ae7556c3eaf463037bc172d951ab00aa33927c01c0c8a4
transfer_cube,401,17,Clean repeat,97008,1,1,4.0,8a428eb589911b2089ccfc5a375abd5c9b17ca2aee062adcc817d7880a916faa,e949c9bf683320337b172d628e141d01d2115be927f5afefadbefce20c818457
transfer_cube,401,17,Clean repeat,97009,1,1,4.0,8a428eb589911b2089ccfc5a375abd5c9b17ca2aee062adcc817d7880a916faa,6165cbcfd14becf306197fedd892ed2e22444919b5a13570af615d4afb8740d1
transfer_cube,401,17,Clean repeat,97010,1,1,4.0,8a428eb589911b2089ccfc5a375abd5c9b17ca2aee062adcc817d7880a916faa,41ff0e2ef399d62ddd4ac67d7c8ba2d3dacbeaaee7ead861e96562012cc9285d
transfer_cube,401,17,Clean repeat,97011,1,1,4.0,8a428eb589911b2089ccfc5a375abd5c9b17ca2aee062adcc817d7880a916faa,ee292a198c1f85670898f0761937ea364baee770201d2a4af937002e4acc6c50
transfer_cube,401,17,Clean repeat,97012,1,1,4.0,8a428eb589911b2089ccfc5a375abd5c9b17ca2aee062adcc817d7880a916faa,475c8849996ecb3133dd60c6d9b46296ad64502a8f47a3e3387fefc684f7dc48
transfer_cube,401,17,Clean repeat,97013,0,0,1.0,8a428eb589911b2089ccfc5a375abd5c9b17ca2aee062adcc817d7880a916faa,2338bf115cfb737289e6d2e6a0381a96c5375358b206df46de431306c7413154
transfer_cube,401,17,Clean repeat,97014,0,0,0.0,8a428eb589911b2089ccfc5a375abd5c9b17ca2aee062adcc817d7880a916faa,c7eb2a20a60452fb8912dc88c290d2ec3f3acb13fb03d1495f2b5e0acf42e908
transfer_cube,401,17,Clean repeat,97015,1,1,4.0,8a428eb589911b2089ccfc5a375abd5c9b17ca2aee062adcc817d7880a916faa,90480a4c9182cee022b0e33ac28a28f161962c3e3605a897cc5e2c9abd2b0a61
transfer_cube,401,17,Clean repeat,97016,1,1,4.0,8a428eb589911b2089ccfc5a375abd5c9b17ca2aee062adcc817d7880a916faa,6c3bf51d379b015676c8d7c9fc1c40ac23531e8eda4e84bd9a0bd53303ac3d88
transfer_cube,401,17,Clean repeat,97017,0,0,2.0,8a428eb589911b2089ccfc5a375abd5c9b17ca2aee062adcc817d7880a916faa,039e766c96eabd6d57a27688e3a88adc4c1c148d86623a2df7306a67d60c8ae8
transfer_cube,401,17,Clean repeat,97018,0,0,2.0,8a428eb589911b2089ccfc5a375abd5c9b17ca2aee062adcc817d7880a916faa,c3fbc080e71a8d068198c00fb49b99f9533f5d16172e82d61ea1394ea6e06076
transfer_cube,401,17,Clean repeat,97019,0,0,1.0,8a428eb589911b2089ccfc5a375abd5c9b17ca2aee062adcc817d7880a916faa,63008bc8af572779c993b0fff801d4899b8d79b8f093efc49f20226fc1f45696
transfer_cube,401,17,SCANA-R,97000,1,1,4.0,06bda1f162b7e5bf0801939c49faaafddd5b2ce9d3098f8b65a3eb7b4165677c,0b8510df0bd48a8ed3b16ae62cb9fe6844c3e8e6e3b932274fe17a0311834ec6
transfer_cube,401,17,SCANA-R,97001,0,0,1.0,06bda1f162b7e5bf0801939c49faaafddd5b2ce9d3098f8b65a3eb7b4165677c,d73ff1ad304076ebbe04faaf472b9364eab0c72f7161d10ec56007bc3e5d34ea
transfer_cube,401,17,SCANA-R,97002,1,1,4.0,06bda1f162b7e5bf0801939c49faaafddd5b2ce9d3098f8b65a3eb7b4165677c,548b767ee7fb678c2319d168d58d00d707c92da59193e5df5a94cdaf1fa3268b
transfer_cube,401,17,SCANA-R,97003,1,1,4.0,06bda1f162b7e5bf0801939c49faaafddd5b2ce9d3098f8b65a3eb7b4165677c,c48541d2e09261d723879720b09f1de3c3bb35e694ddacd3244039534a9e738e
transfer_cube,401,17,SCANA-R,97004,1,1,4.0,06bda1f162b7e5bf0801939c49faaafddd5b2ce9d3098f8b65a3eb7b4165677c,512dd82398772fef0733333215d49e4772f25ed5bfc64820f435e1375a9ac6fb
transfer_cube,401,17,SCANA-R,97005,1,1,4.0,06bda1f162b7e5bf0801939c49faaafddd5b2ce9d3098f8b65a3eb7b4165677c,536884dee960232647b07b80f3482d57264b22437e3f2a6334897a45e4118b03
transfer_cube,401,17,SCANA-R,97006,0,0,2.0,06bda1f162b7e5bf0801939c49faaafddd5b2ce9d3098f8b65a3eb7b4165677c,21b10e3fc8975179d01471dcd41288494c7f31d8c0042fbe83707953954301ad
transfer_cube,401,17,SCANA-R,97007,1,1,4.0,06bda1f162b7e5bf0801939c49faaafddd5b2ce9d3098f8b65a3eb7b4165677c,9bf60b83a92f1af83904a50c7c382db83a1847dee8bc3b66ee3a04e11579fb54
transfer_cube,401,17,SCANA-R,97008,1,1,4.0,06bda1f162b7e5bf0801939c49faaafddd5b2ce9d3098f8b65a3eb7b4165677c,56f9c919f9e4a66f1772baa19ae65d080c08793955c840966f4744c2f12ff9d9
transfer_cube,401,17,SCANA-R,97009,1,1,4.0,06bda1f162b7e5bf0801939c49faaafddd5b2ce9d3098f8b65a3eb7b4165677c,e94f6375d77845c90b0ec53147e4b9d20c6062d3f6bba392cbf7a1eb4532807e
transfer_cube,401,17,SCANA-R,97010,1,1,4.0,06bda1f162b7e5bf0801939c49faaafddd5b2ce9d3098f8b65a3eb7b4165677c,a5000f41bed2fed806ff40b45a237c7ab61ef09103a26752ec7c41a2375571d8
transfer_cube,401,17,SCANA-R,97011,1,1,4.0,06bda1f162b7e5bf0801939c49faaafddd5b2ce9d3098f8b65a3eb7b4165677c,4b21b3e7dd7895883a120e5db63c857d57867bd13ad49e6d0761f8fcc5fb0d0a
transfer_cube,401,17,SCANA-R,97012,1,1,4.0,06bda1f162b7e5bf0801939c49faaafddd5b2ce9d3098f8b65a3eb7b4165677c,45d9ba781d3e30a461475f92f787066bbae34b4fa591a8fbb50c4c4d4787ade4
transfer_cube,401,17,SCANA-R,97013,0,0,2.0,06bda1f162b7e5bf0801939c49faaafddd5b2ce9d3098f8b65a3eb7b4165677c,eb21141c278a916365eb1045245e4ba0fdcfeaa63eea4e9bae269ff1503895bd
transfer_cube,401,17,SCANA-R,97014,1,1,4.0,06bda1f162b7e5bf0801939c49faaafddd5b2ce9d3098f8b65a3eb7b4165677c,8870a79b35dbf7cbfcbc397f7143c23a224bba7da3d02863dd4cbf9ac1809aad
transfer_cube,401,17,SCANA-R,97015,1,1,4.0,06bda1f162b7e5bf0801939c49faaafddd5b2ce9d3098f8b65a3eb7b4165677c,d228d5b969b6987db09b38951ddc8c9935bc5c6d5287c2838c71f80ae3ad0733
transfer_cube,401,17,SCANA-R,97016,1,1,4.0,06bda1f162b7e5bf0801939c49faaafddd5b2ce9d3098f8b65a3eb7b4165677c,4f0ee4e0e35616ba1eed529e80558c49f20b8d0934f8c5c13771d5191308ebab
transfer_cube,401,17,SCANA-R,97017,1,1,4.0,06bda1f162b7e5bf0801939c49faaafddd5b2ce9d3098f8b65a3eb7b4165677c,2f71b11320f0388bb6ba90147778e6137edb7f7d4a286552d0dc62508a6a7ee2
transfer_cube,401,17,SCANA-R,97018,1,1,4.0,06bda1f162b7e5bf0801939c49faaafddd5b2ce9d3098f8b65a3eb7b4165677c,b652fdb02727ef48d587d277b56509d094598d9eb98cae0278311ea38c1a4c9b
transfer_cube,401,17,SCANA-R,97019,1,1,4.0,06bda1f162b7e5bf0801939c49faaafddd5b2ce9d3098f8b65a3eb7b4165677c,26a611a0943aadb2ae819e1c134a493ba3cb40b9e8509ad5bfb641736343163e
transfer_cube,401,17,Gaussian recovery,97000,1,1,4.0,3e1ef99fdd972d21affb78cce6104d8967adf2ac08c635f761b4e4982fc16588,3ad44a4d84e50d0d50ad66c1c21d74c952ce319d291f4f06dfd6770401c291e8
transfer_cube,401,17,Gaussian recovery,97001,0,0,2.0,3e1ef99fdd972d21affb78cce6104d8967adf2ac08c635f761b4e4982fc16588,9f79925102eb763d2d9ea0ebd38393764451cf5596704ec52659a9709e710e50
transfer_cube,401,17,Gaussian recovery,97002,1,1,4.0,3e1ef99fdd972d21affb78cce6104d8967adf2ac08c635f761b4e4982fc16588,2cab3255caa693b9af24852b6a9409fe03973889cb3f01aab0201c834c358fa1
transfer_cube,401,17,Gaussian recovery,97003,1,1,4.0,3e1ef99fdd972d21affb78cce6104d8967adf2ac08c635f761b4e4982fc16588,d89db100c75108791a2a18a323fb273c2361e03a8dc51e50296309d686eb8a5d
transfer_cube,401,17,Gaussian recovery,97004,1,1,4.0,3e1ef99fdd972d21affb78cce6104d8967adf2ac08c635f761b4e4982fc16588,65af932221056cd1113bf528b9e548641eb8f34423fc37fe63fd4aeeb8f9defd
transfer_cube,401,17,Gaussian recovery,97005,1,1,4.0,3e1ef99fdd972d21affb78cce6104d8967adf2ac08c635f761b4e4982fc16588,2d94b4ce6baabdcacf4b2e36530ddde2d7870a0f7f0637e33a03be708deb53a2
transfer_cube,401,17,Gaussian recovery,97006,0,0,1.0,3e1ef99fdd972d21affb78cce6104d8967adf2ac08c635f761b4e4982fc16588,3786c120166513daae595453d37af7eeae9fef9e826972a52752b01138d1b76b
transfer_cube,401,17,Gaussian recovery,97007,0,0,1.0,3e1ef99fdd972d21affb78cce6104d8967adf2ac08c635f761b4e4982fc16588,b31ace75f691f3d31c2c331fc7322adcc5b899b9d05ff9028412e14223ae0b81
transfer_cube,401,17,Gaussian recovery,97008,1,1,4.0,3e1ef99fdd972d21affb78cce6104d8967adf2ac08c635f761b4e4982fc16588,7ab72bbc5cbc822eee83bef1dfb0bf396ba5ad4519b0688ddb63e1e5075ce6aa
transfer_cube,401,17,Gaussian recovery,97009,1,1,4.0,3e1ef99fdd972d21affb78cce6104d8967adf2ac08c635f761b4e4982fc16588,6f7fab50c27a2341422a86c3871ac325dcf8fd1097568af0b0aff8a6f4ecffc4
transfer_cube,401,17,Gaussian recovery,97010,1,1,4.0,3e1ef99fdd972d21affb78cce6104d8967adf2ac08c635f761b4e4982fc16588,9d3da16525694881c4ea2ea688b68a5eb0f8a5e117622b2fad048cbf22a52c8f
transfer_cube,401,17,Gaussian recovery,97011,1,1,4.0,3e1ef99fdd972d21affb78cce6104d8967adf2ac08c635f761b4e4982fc16588,dfab5c15b6ce45f9d39f36447ece6d46628e80e17c2c8ba7af9af680a8dc6418
transfer_cube,401,17,Gaussian recovery,97012,1,1,4.0,3e1ef99fdd972d21affb78cce6104d8967adf2ac08c635f761b4e4982fc16588,b829c7d39bcfe516b3456e2529571135979aad3655842ce0604b801cabf552ba
transfer_cube,401,17,Gaussian recovery,97013,0,0,1.0,3e1ef99fdd972d21affb78cce6104d8967adf2ac08c635f761b4e4982fc16588,f33546b534f0f23f06dc3c56b990be4a437c20d9d322638db7ab05306b719b3e
transfer_cube,401,17,Gaussian recovery,97014,1,1,4.0,3e1ef99fdd972d21affb78cce6104d8967adf2ac08c635f761b4e4982fc16588,5778d4aca3e155406c92b086c8da84951ffa850295f7572fdc790395023cb1b0
transfer_cube,401,17,Gaussian recovery,97015,1,1,4.0,3e1ef99fdd972d21affb78cce6104d8967adf2ac08c635f761b4e4982fc16588,0e577ec029cbd9a8f000fce27ec26c46a28798dbfceb2e4dd47881b9d9b1a3c3
transfer_cube,401,17,Gaussian recovery,97016,1,1,4.0,3e1ef99fdd972d21affb78cce6104d8967adf2ac08c635f761b4e4982fc16588,9181463e6f3d91348f6afcfada2f4a4d0809db57a273d161927d4c323742fb75
transfer_cube,401,17,Gaussian recovery,97017,1,1,4.0,3e1ef99fdd972d21affb78cce6104d8967adf2ac08c635f761b4e4982fc16588,330bf642edb7f6ef131d823ec46ce453ab17768606f5181a4378c94f3988b638
transfer_cube,401,17,Gaussian recovery,97018,1,1,4.0,3e1ef99fdd972d21affb78cce6104d8967adf2ac08c635f761b4e4982fc16588,6cdfe576483d5e12e492d236285f2fe475f80bf1af9548126fdbc3ccff05010a
transfer_cube,401,17,Gaussian recovery,97019,1,1,4.0,3e1ef99fdd972d21affb78cce6104d8967adf2ac08c635f761b4e4982fc16588,1da42c482412d5332beac05a00d14b17b7a52179c920263b4f2a7d72b8ba0dd6
transfer_cube,401,17,No cross-fitting,97000,1,1,4.0,391bf4fd2b93921d6fa697b58c718b6390886d91f79b2347face6a26f446858e,fc4f8711334024abfc850e32b261b13bdb8588bd6210fc578aabad73225cadd8
transfer_cube,401,17,No cross-fitting,97001,0,0,1.0,391bf4fd2b93921d6fa697b58c718b6390886d91f79b2347face6a26f446858e,b4371cfaf2319643cc152db1083338a396b671502f97102bf398e94781ffbbd0
transfer_cube,401,17,No cross-fitting,97002,1,1,4.0,391bf4fd2b93921d6fa697b58c718b6390886d91f79b2347face6a26f446858e,04209be4221c82182efbaabe835ff3c7db7bdc7a77267414d83a29073af89737
transfer_cube,401,17,No cross-fitting,97003,1,1,4.0,391bf4fd2b93921d6fa697b58c718b6390886d91f79b2347face6a26f446858e,b091bb60c2c877644bc2d3882297b664f75edc9a0d6ec54e3489937281c24726
transfer_cube,401,17,No cross-fitting,97004,1,1,4.0,391bf4fd2b93921d6fa697b58c718b6390886d91f79b2347face6a26f446858e,46f3d7ed4db699dabfb835b64af29eb4bd53d791ec08c531bef6caa1c4c042f4
transfer_cube,401,17,No cross-fitting,97005,1,1,4.0,391bf4fd2b93921d6fa697b58c718b6390886d91f79b2347face6a26f446858e,cd55b2e0083c201e55666b84f3d3907f74cb07b40875dfc672e72c2a7bb0b000
transfer_cube,401,17,No cross-fitting,97006,1,1,4.0,391bf4fd2b93921d6fa697b58c718b6390886d91f79b2347face6a26f446858e,0fea16aa05a8f4ff12c377beef978053259b77e8f8a29368acfdd88f55c4d809
transfer_cube,401,17,No cross-fitting,97007,1,1,4.0,391bf4fd2b93921d6fa697b58c718b6390886d91f79b2347face6a26f446858e,22180152b96346f268758c5a1fc34baab9268d2ab8f5b7f8d9ae85de7aecb614
transfer_cube,401,17,No cross-fitting,97008,1,1,4.0,391bf4fd2b93921d6fa697b58c718b6390886d91f79b2347face6a26f446858e,03feb59d6373580e00c6a87b6cb622a7ea83a30e0e314c235f25a73ce7d443ce
transfer_cube,401,17,No cross-fitting,97009,1,1,4.0,391bf4fd2b93921d6fa697b58c718b6390886d91f79b2347face6a26f446858e,bfd29b5c7b06efa98157f91b8077f6937bd0165ff1cb33405eb62dfce26d856b
transfer_cube,401,17,No cross-fitting,97010,1,1,4.0,391bf4fd2b93921d6fa697b58c718b6390886d91f79b2347face6a26f446858e,c19e7a80c201fec3312098f5813679c4d299a61187559fbb357eab4d019766a9
transfer_cube,401,17,No cross-fitting,97011,1,1,4.0,391bf4fd2b93921d6fa697b58c718b6390886d91f79b2347face6a26f446858e,b9619a40ca3aa853993eba7e4df40302b17bb2240a1a60595dcd7eb7f0ba212f
transfer_cube,401,17,No cross-fitting,97012,1,1,4.0,391bf4fd2b93921d6fa697b58c718b6390886d91f79b2347face6a26f446858e,6b2c38fc74777078d04052c6cb681fda2013b9cde97700a8263b8759015f8528
transfer_cube,401,17,No cross-fitting,97013,0,0,1.0,391bf4fd2b93921d6fa697b58c718b6390886d91f79b2347face6a26f446858e,823e35f040810dc3b9c470807ec5e56d960cf33f708935f1a87ff0a3fc3562b4
transfer_cube,401,17,No cross-fitting,97014,1,1,4.0,391bf4fd2b93921d6fa697b58c718b6390886d91f79b2347face6a26f446858e,85cf05fbe317599a500f203a3d60ea821330f98afa5374a80726760807485076
transfer_cube,401,17,No cross-fitting,97015,1,1,4.0,391bf4fd2b93921d6fa697b58c718b6390886d91f79b2347face6a26f446858e,1ec230d66bbff5aa7dc7051d11aba385665cd16b87880bb4acc0daec41804952
transfer_cube,401,17,No cross-fitting,97016,1,1,4.0,391bf4fd2b93921d6fa697b58c718b6390886d91f79b2347face6a26f446858e,b87d90b7c5998bbbe080bbb33ec0c54f80e92fde315eb30aae1daca20d927ac3
transfer_cube,401,17,No cross-fitting,97017,1,1,4.0,391bf4fd2b93921d6fa697b58c718b6390886d91f79b2347face6a26f446858e,0e960a430efa633d623340542a7460de004f6ea7902db080ce542a0c0de6b4e9
transfer_cube,401,17,No cross-fitting,97018,1,1,4.0,391bf4fd2b93921d6fa697b58c718b6390886d91f79b2347face6a26f446858e,faa3870313f0c3488054de6c89cb291cc15dafe5754131d7d69068b1eef839c4
transfer_cube,401,17,No cross-fitting,97019,1,1,4.0,391bf4fd2b93921d6fa697b58c718b6390886d91f79b2347face6a26f446858e,775cf09e28747f6d69986f3a460e313506c100e8a445dde332cec2263dcb9b86
transfer_cube,401,17,Global-time errors,97000,1,1,4.0,001eeac941b33e5911473104127c2895ca6b07ff84d7c5f5abd9a71b749eb931,e7f4c5e5e6c8ff7ab4d1f2e0b5d9f8b7d280b581086ea23652b96c6bf39bb2f4
transfer_cube,401,17,Global-time errors,97001,0,0,1.0,001eeac941b33e5911473104127c2895ca6b07ff84d7c5f5abd9a71b749eb931,be71700e056304b3f62f0f5309d27acf5d0b291c940aefa6f7ed2bb40f000c7f
transfer_cube,401,17,Global-time errors,97002,1,1,4.0,001eeac941b33e5911473104127c2895ca6b07ff84d7c5f5abd9a71b749eb931,b80d5ae945c930ea3e37b56ad3040011c3a3ad2da8c56767c20edeeb188cafb5
transfer_cube,401,17,Global-time errors,97003,1,1,4.0,001eeac941b33e5911473104127c2895ca6b07ff84d7c5f5abd9a71b749eb931,1232b17c0ebf6754d885174527d63d947cb174f78e7925cddded9b7ac235d11d
transfer_cube,401,17,Global-time errors,97004,0,0,0.0,001eeac941b33e5911473104127c2895ca6b07ff84d7c5f5abd9a71b749eb931,97e166c4bb34c33629c1606d6372d4cd2eeffb32062520d4248ce41a198924fd
transfer_cube,401,17,Global-time errors,97005,1,1,4.0,001eeac941b33e5911473104127c2895ca6b07ff84d7c5f5abd9a71b749eb931,778ae127106be35f6f96de8cd09739fec00ec278b74e70295e7b6b35b638bc74
transfer_cube,401,17,Global-time errors,97006,0,0,2.0,001eeac941b33e5911473104127c2895ca6b07ff84d7c5f5abd9a71b749eb931,36f100559af67a22412809399c9208aca0d17c8e2aad1fb069dbce76ce135b49
transfer_cube,401,17,Global-time errors,97007,1,1,4.0,001eeac941b33e5911473104127c2895ca6b07ff84d7c5f5abd9a71b749eb931,9654aa357f3a372ae511cca5e0d776018a00f62bbf7be87ab5e1733047f33903
transfer_cube,401,17,Global-time errors,97008,1,1,4.0,001eeac941b33e5911473104127c2895ca6b07ff84d7c5f5abd9a71b749eb931,24af64edf99197dbef3470f94e8d681f3a12102b95c373a4aa4670179ae17946
transfer_cube,401,17,Global-time errors,97009,1,1,4.0,001eeac941b33e5911473104127c2895ca6b07ff84d7c5f5abd9a71b749eb931,ce69ee852e54c9f5a5b716b7f926e8827c164022fe6c013d0fadfc5f62d95b54
transfer_cube,401,17,Global-time errors,97010,1,1,4.0,001eeac941b33e5911473104127c2895ca6b07ff84d7c5f5abd9a71b749eb931,7d115636b9859391551ab350cf076ddd0caa63af814f66dc4d1b97fbcb754fef
transfer_cube,401,17,Global-time errors,97011,0,0,2.0,001eeac941b33e5911473104127c2895ca6b07ff84d7c5f5abd9a71b749eb931,4c4ba8c701b0d363ff8b70bec4bab803831a7fd0d8beb73622a3c4c77b9fce06
transfer_cube,401,17,Global-time errors,97012,1,1,4.0,001eeac941b33e5911473104127c2895ca6b07ff84d7c5f5abd9a71b749eb931,0ce64c831f4aa414ef2883fffbdd107e95808c9b80f3d559a89ac0b893f6d468
transfer_cube,401,17,Global-time errors,97013,0,0,1.0,001eeac941b33e5911473104127c2895ca6b07ff84d7c5f5abd9a71b749eb931,28c2ba32dcb89faf2b4a63f5b9e96513b61180a49da4c1a3a3b27300e5a6dcd4
transfer_cube,401,17,Global-time errors,97014,1,1,4.0,001eeac941b33e5911473104127c2895ca6b07ff84d7c5f5abd9a71b749eb931,4f48a89860c28a53ebe923403c0df39b9324f0549ff9f51245578dd3b0ac45c9
transfer_cube,401,17,Global-time errors,97015,1,1,4.0,001eeac941b33e5911473104127c2895ca6b07ff84d7c5f5abd9a71b749eb931,66902df653be51700c5ab6f08c983111e6eb62ea5f268298db4fe110d6d77d57
transfer_cube,401,17,Global-time errors,97016,1,1,4.0,001eeac941b33e5911473104127c2895ca6b07ff84d7c5f5abd9a71b749eb931,13d8db55f6e93347945270174b22c922ab9273c9cb80c64571296050fd557f8b
transfer_cube,401,17,Global-time errors,97017,1,1,4.0,001eeac941b33e5911473104127c2895ca6b07ff84d7c5f5abd9a71b749eb931,0820c24c23206dd578e64d4bbe0beff9e003e6999cd44e305e43c0509c00c71f
transfer_cube,401,17,Global-time errors,97018,1,1,4.0,001eeac941b33e5911473104127c2895ca6b07ff84d7c5f5abd9a71b749eb931,a19d44bf882065ca2e9efa277004654f3276a0f2336cf93e922b0aa8f990b2cd
transfer_cube,401,17,Global-time errors,97019,0,0,0.0,001eeac941b33e5911473104127c2895ca6b07ff84d7c5f5abd9a71b749eb931,04fdb4efe75f0bf83174cf23d50d5256ee2155873839432c53047b5bc0943907
transfer_cube,401,17,No intermediate backtracking,97000,1,1,4.0,f2843b249da5fd08f17f860e70dd8fb9359afd827bb683dd637538c386cd9446,fd8ecbfd87bc68dc774f75815a1f975927f3020567f2d6abbec3faa0a4f4b7d5
transfer_cube,401,17,No intermediate backtracking,97001,0,0,1.0,f2843b249da5fd08f17f860e70dd8fb9359afd827bb683dd637538c386cd9446,09caec083c8fe0a2bba504f1071ac4924f78bddbce1a8dbfe90eb3dcbacdfbbc
transfer_cube,401,17,No intermediate backtracking,97002,1,1,4.0,f2843b249da5fd08f17f860e70dd8fb9359afd827bb683dd637538c386cd9446,523b8559ac58f584821f50b3b9e04934bef608a0259222ceb9a258343e4f681b
transfer_cube,401,17,No intermediate backtracking,97003,1,1,4.0,f2843b249da5fd08f17f860e70dd8fb9359afd827bb683dd637538c386cd9446,cc68c2a45939d1a53ce46d1aa95959c4f11d9ced24dc84afa96549ac943a5076
transfer_cube,401,17,No intermediate backtracking,97004,1,1,4.0,f2843b249da5fd08f17f860e70dd8fb9359afd827bb683dd637538c386cd9446,c48560f1bb7a5d04dd293b0750b5329a31b7eb0d5e02903ceddce61b607696f0
transfer_cube,401,17,No intermediate backtracking,97005,1,1,4.0,f2843b249da5fd08f17f860e70dd8fb9359afd827bb683dd637538c386cd9446,fdf34ae6b689d5a704ed58bf5565f80ae97c849ac45355b38f8cf6f87e3c8b93
transfer_cube,401,17,No intermediate backtracking,97006,1,1,4.0,f2843b249da5fd08f17f860e70dd8fb9359afd827bb683dd637538c386cd9446,07f1452e53e7a5f707f80f6a7d72066ddcf5908e0e6a37ed384edbaebea56d93
transfer_cube,401,17,No intermediate backtracking,97007,1,1,4.0,f2843b249da5fd08f17f860e70dd8fb9359afd827bb683dd637538c386cd9446,dcd03848e4c5f3eaa539d4505ff7c5b99529291c835afe92bdc7a00e7535ac24
transfer_cube,401,17,No intermediate backtracking,97008,1,1,4.0,f2843b249da5fd08f17f860e70dd8fb9359afd827bb683dd637538c386cd9446,fe3d760ef62baee62b3911001bba72a4c7b8d28049bc01e3154e4f73a7643f2e
transfer_cube,401,17,No intermediate backtracking,97009,1,1,4.0,f2843b249da5fd08f17f860e70dd8fb9359afd827bb683dd637538c386cd9446,12c4c02f477a04bdbd197ae6ef58de190ce5504d0ab69f89bed00d0bc380b8c3
transfer_cube,401,17,No intermediate backtracking,97010,1,1,4.0,f2843b249da5fd08f17f860e70dd8fb9359afd827bb683dd637538c386cd9446,051c8ceeba9186e92d8e5b1833ffd5f35c1cb444b30ee060050ad052133453d2
transfer_cube,401,17,No intermediate backtracking,97011,1,1,4.0,f2843b249da5fd08f17f860e70dd8fb9359afd827bb683dd637538c386cd9446,683a6a07bd995046751a8828ea2b41991758f5e6228d78e03a2141fe63aca1f9
transfer_cube,401,17,No intermediate backtracking,97012,1,1,4.0,f2843b249da5fd08f17f860e70dd8fb9359afd827bb683dd637538c386cd9446,0ae420ee021ffcfbb492f551cc4b845280bac2ce978a99ddd31a13f904b503d8
transfer_cube,401,17,No intermediate backtracking,97013,0,0,1.0,f2843b249da5fd08f17f860e70dd8fb9359afd827bb683dd637538c386cd9446,9f2d8b987cf7adfec1b74fe301c554441d920fcb5620402c3ca75db7b9f31d3a
transfer_cube,401,17,No intermediate backtracking,97014,1,1,4.0,f2843b249da5fd08f17f860e70dd8fb9359afd827bb683dd637538c386cd9446,91b2e91938dd8d8c185d86fcc94e027ec9d33fffefb568257af0c24a3cc4a43c
transfer_cube,401,17,No intermediate backtracking,97015,1,1,4.0,f2843b249da5fd08f17f860e70dd8fb9359afd827bb683dd637538c386cd9446,b006caa26856410ff9cef5be176fbc7db6d5d2d5ad9750ffe800d671588de348
transfer_cube,401,17,No intermediate backtracking,97016,1,1,4.0,f2843b249da5fd08f17f860e70dd8fb9359afd827bb683dd637538c386cd9446,61952ce9e59e6d1dd10ae78f69f885975deea377249d223ffe879614f9940400
transfer_cube,401,17,No intermediate backtracking,97017,1,1,4.0,f2843b249da5fd08f17f860e70dd8fb9359afd827bb683dd637538c386cd9446,41088e5a6d991d31d04c54458a35e9199a783ac9f0015005ac934b5c36933c19
transfer_cube,401,17,No intermediate backtracking,97018,1,1,4.0,f2843b249da5fd08f17f860e70dd8fb9359afd827bb683dd637538c386cd9446,f3ccc2c812bb76aa496f4f255119037375dd4e88dd4534b1b2c7dc955344c810
transfer_cube,401,17,No intermediate backtracking,97019,1,1,4.0,f2843b249da5fd08f17f860e70dd8fb9359afd827bb683dd637538c386cd9446,c9955600edf82c763998e320e3cedbe07634f604a0d171ece840703fa611c64a
transfer_cube,401,17,Gaussian CPU budget,97000,1,1,4.0,dcb3e3568fce7cee7dc39699f19ad406d3551effb3c34f6c34e94144e0b5a66c,5d6e196490dbd6fb11dd0e61ac038d9a6f194f921e8a61b7c8652752f3f2f1b4
transfer_cube,401,17,Gaussian CPU budget,97001,0,0,1.0,dcb3e3568fce7cee7dc39699f19ad406d3551effb3c34f6c34e94144e0b5a66c,e71634ea1cdf1d15c8f4f5b847dc5575f2b4c29b42f570a2fc21a88bd3e4338a
transfer_cube,401,17,Gaussian CPU budget,97002,1,1,4.0,dcb3e3568fce7cee7dc39699f19ad406d3551effb3c34f6c34e94144e0b5a66c,f59f551c0caf7f3a701a24cd92fb86c714ddde6c6064fb863ac5a52952a994b5
transfer_cube,401,17,Gaussian CPU budget,97003,1,1,4.0,dcb3e3568fce7cee7dc39699f19ad406d3551effb3c34f6c34e94144e0b5a66c,2614b3b28809185ce54cf8a08bee2b7fc1d926ee2b885d71e354573019152ef7
transfer_cube,401,17,Gaussian CPU budget,97004,1,1,4.0,dcb3e3568fce7cee7dc39699f19ad406d3551effb3c34f6c34e94144e0b5a66c,8646a36e70032cb74e726a8b1e2669778ec60d9af6f375d2f6a84d82c618b198
transfer_cube,401,17,Gaussian CPU budget,97005,1,1,4.0,dcb3e3568fce7cee7dc39699f19ad406d3551effb3c34f6c34e94144e0b5a66c,97b9ef8acba944fe198f8a2f3cda9b25a120b2c8ed7be3ba9da2dfeeea773583
transfer_cube,401,17,Gaussian CPU budget,97006,1,1,4.0,dcb3e3568fce7cee7dc39699f19ad406d3551effb3c34f6c34e94144e0b5a66c,1dcb5f8d0ffcdab66e099646a4b5722f5201ecb8770bb6b774ba15209d9ba7eb
transfer_cube,401,17,Gaussian CPU budget,97007,1,1,4.0,dcb3e3568fce7cee7dc39699f19ad406d3551effb3c34f6c34e94144e0b5a66c,1bd0eb3136123f023b3b5451bd605fcf709095f09ff5d6b593798add07887e48
transfer_cube,401,17,Gaussian CPU budget,97008,1,1,4.0,dcb3e3568fce7cee7dc39699f19ad406d3551effb3c34f6c34e94144e0b5a66c,520e35c9744c991a645672882d32a0929d7173e739b31a2f513dc13220a49273
transfer_cube,401,17,Gaussian CPU budget,97009,1,1,4.0,dcb3e3568fce7cee7dc39699f19ad406d3551effb3c34f6c34e94144e0b5a66c,67ec2d3b11603c0c41d927743b18974b8b9c6b81d2223cd9778e5e6fc71eb743
transfer_cube,401,17,Gaussian CPU budget,97010,1,1,4.0,dcb3e3568fce7cee7dc39699f19ad406d3551effb3c34f6c34e94144e0b5a66c,ce2dea07885bbd3d30745853de3c3d5949c5bcf9d47cbca31c97ccc67bb5463a
transfer_cube,401,17,Gaussian CPU budget,97011,1,1,4.0,dcb3e3568fce7cee7dc39699f19ad406d3551effb3c34f6c34e94144e0b5a66c,52a5f973810d6971f00253e515c03b64210b6230752ba4beadb8c86c06a54aa1
transfer_cube,401,17,Gaussian CPU budget,97012,1,1,4.0,dcb3e3568fce7cee7dc39699f19ad406d3551effb3c34f6c34e94144e0b5a66c,1e68ab44f4358ad18568d1c8cb8d4faeee012e75544732382a9153fa209cb367
transfer_cube,401,17,Gaussian CPU budget,97013,1,1,4.0,dcb3e3568fce7cee7dc39699f19ad406d3551effb3c34f6c34e94144e0b5a66c,47fe482204d723d23ff6e043b435149143362dca7528fe62039425e23a34b5cb
transfer_cube,401,17,Gaussian CPU budget,97014,1,1,4.0,dcb3e3568fce7cee7dc39699f19ad406d3551effb3c34f6c34e94144e0b5a66c,6721f883dafd287b5e260db1183e08df960ebdce04829a113e5a2261ab330acc
transfer_cube,401,17,Gaussian CPU budget,97015,1,1,4.0,dcb3e3568fce7cee7dc39699f19ad406d3551effb3c34f6c34e94144e0b5a66c,11c6a1a185d3829707c52afaf8d1070f55b567126da3e1376657ffbef2552930
transfer_cube,401,17,Gaussian CPU budget,97016,1,1,4.0,dcb3e3568fce7cee7dc39699f19ad406d3551effb3c34f6c34e94144e0b5a66c,80479c54c7aa14311efaf7f44f251e77cf0345f5988425ca80db1018256ed625
transfer_cube,401,17,Gaussian CPU budget,97017,1,1,4.0,dcb3e3568fce7cee7dc39699f19ad406d3551effb3c34f6c34e94144e0b5a66c,babdb068f36b2d6944bed5c8cbb896b8fdaed02b43f60991f2319c6e9be77489
transfer_cube,401,17,Gaussian CPU budget,97018,1,1,4.0,dcb3e3568fce7cee7dc39699f19ad406d3551effb3c34f6c34e94144e0b5a66c,666be0e6bef1d794fd987c649d63a8876f77d07bd3fb3ee93a2aafc2ed7ef361
transfer_cube,401,17,Gaussian CPU budget,97019,1,1,4.0,dcb3e3568fce7cee7dc39699f19ad406d3551effb3c34f6c34e94144e0b5a66c,ccb4ab80a329c6ed6ca967c2b89ea75412d609be47f098d88175ffc02a43f677
transfer_cube,401,29,Clean repeat,97000,0,0,2.0,7fd6a5ffe2df2152aab250264a480149868d2ca2e5265c67fec4b3f38b485112,b975b453530eed83a4fd57a6189885047aadfc6438af1f002c99ecf3317003b5
transfer_cube,401,29,Clean repeat,97001,0,0,2.0,7fd6a5ffe2df2152aab250264a480149868d2ca2e5265c67fec4b3f38b485112,b4d50ca602ec70e645176a9496f38ecb97376067dc2d016db052802980f9bffe
transfer_cube,401,29,Clean repeat,97002,1,1,4.0,7fd6a5ffe2df2152aab250264a480149868d2ca2e5265c67fec4b3f38b485112,b082f97e1a9220452256585e37b0c7c79987c09de2f30dc74ce0be36bdd61f8f
transfer_cube,401,29,Clean repeat,97003,1,1,4.0,7fd6a5ffe2df2152aab250264a480149868d2ca2e5265c67fec4b3f38b485112,9eebd000c4a663af826cab932b4e93040faf09bccf854006a9f60c2fcd238d56
transfer_cube,401,29,Clean repeat,97004,0,0,2.0,7fd6a5ffe2df2152aab250264a480149868d2ca2e5265c67fec4b3f38b485112,f6e1a2094849c10856921dd6f7e887b2a87081135191c56ef56c35dcbabae309
transfer_cube,401,29,Clean repeat,97005,1,1,4.0,7fd6a5ffe2df2152aab250264a480149868d2ca2e5265c67fec4b3f38b485112,60598da2fb4cac906b7189c96db96df1ba6b4ba24a031b9bb5017f3419250fdd
transfer_cube,401,29,Clean repeat,97006,0,0,0.0,7fd6a5ffe2df2152aab250264a480149868d2ca2e5265c67fec4b3f38b485112,2e47bce4209dd1a571dbab047f17d52c15bb4323cdc721935bee8f56a91f3aa1
transfer_cube,401,29,Clean repeat,97007,0,0,2.0,7fd6a5ffe2df2152aab250264a480149868d2ca2e5265c67fec4b3f38b485112,39fcbdde70badad9bffc4d91926b5a61849054f014f0b279aab0c6f3e5b42243
transfer_cube,401,29,Clean repeat,97008,0,0,2.0,7fd6a5ffe2df2152aab250264a480149868d2ca2e5265c67fec4b3f38b485112,5cadc9b204b2ce0e9417ac0c2c57d57bfe4e1593c91ef95eab72060f64c65f17
transfer_cube,401,29,Clean repeat,97009,0,0,2.0,7fd6a5ffe2df2152aab250264a480149868d2ca2e5265c67fec4b3f38b485112,dc7996e89a16d5f80d6cc6c7600d40b92facef080de844acbedf2c5f838f24c1
transfer_cube,401,29,Clean repeat,97010,0,0,2.0,7fd6a5ffe2df2152aab250264a480149868d2ca2e5265c67fec4b3f38b485112,240b4d94cbf67835d5f0791121cccb69c0a4e934b6fd4322201cf8c010bac1eb
transfer_cube,401,29,Clean repeat,97011,1,1,4.0,7fd6a5ffe2df2152aab250264a480149868d2ca2e5265c67fec4b3f38b485112,54f2846cd371d1b921e4557e90acb1b73c668b557062037d25a3d3d84669df7c
transfer_cube,401,29,Clean repeat,97012,1,1,4.0,7fd6a5ffe2df2152aab250264a480149868d2ca2e5265c67fec4b3f38b485112,30126d7ceace0bd20614bac9e109f7d22ba3f5ff97e7a63fa2155740231bd459
transfer_cube,401,29,Clean repeat,97013,1,1,4.0,7fd6a5ffe2df2152aab250264a480149868d2ca2e5265c67fec4b3f38b485112,472fb9771e38196f6e831a9b9fc718680c977c730089a7a68ec91a4b99b27671
transfer_cube,401,29,Clean repeat,97014,1,1,4.0,7fd6a5ffe2df2152aab250264a480149868d2ca2e5265c67fec4b3f38b485112,52bc20df45c338df4e367b86cc75cfca3652218ad2fbd093d1a0eb4b46226dc9
transfer_cube,401,29,Clean repeat,97015,1,1,4.0,7fd6a5ffe2df2152aab250264a480149868d2ca2e5265c67fec4b3f38b485112,192359a22adde28a45c72a5758395a345b7b13dc145acdb3d1376ae190b1419f
transfer_cube,401,29,Clean repeat,97016,1,1,4.0,7fd6a5ffe2df2152aab250264a480149868d2ca2e5265c67fec4b3f38b485112,dcebf86ad7faeaba545c3ba47e6c02aa955083d119e72dfc11532d27c116a6b6
transfer_cube,401,29,Clean repeat,97017,0,0,2.0,7fd6a5ffe2df2152aab250264a480149868d2ca2e5265c67fec4b3f38b485112,72ce29972170189d787b6f6cc1d08ba2bdf963dccdd15f18c9c263d04488160a
transfer_cube,401,29,Clean repeat,97018,0,0,2.0,7fd6a5ffe2df2152aab250264a480149868d2ca2e5265c67fec4b3f38b485112,f4502fc460f76610724759e80177eae654e0326793b0a7d3f418aab5f6fc4115
transfer_cube,401,29,Clean repeat,97019,0,0,2.0,7fd6a5ffe2df2152aab250264a480149868d2ca2e5265c67fec4b3f38b485112,42100962aeeae4fbfcd20d847c548959e388540be335bc7da74731cf83ab6ccd
transfer_cube,401,29,SCANA-R,97000,1,1,4.0,6d888f558daf6f6e9c6f5ba39388ff0acc1d8f87d3335fb01ce8780981404b39,98654869e67c8bb4a9106dac38d807885fb994af72934ec5dc583bf6d705c9b3
transfer_cube,401,29,SCANA-R,97001,0,0,1.0,6d888f558daf6f6e9c6f5ba39388ff0acc1d8f87d3335fb01ce8780981404b39,58d54e38089fc8753344fde0e2ab0d106186e693b5ac71904aa9545d6ee4fcbd
transfer_cube,401,29,SCANA-R,97002,1,1,4.0,6d888f558daf6f6e9c6f5ba39388ff0acc1d8f87d3335fb01ce8780981404b39,d0d0cd09ed34d4d7aa91aea3a74ef55ff7e0935ac07c5fb958cc412be8e1a252
transfer_cube,401,29,SCANA-R,97003,1,1,4.0,6d888f558daf6f6e9c6f5ba39388ff0acc1d8f87d3335fb01ce8780981404b39,160b8f2e8bee0456a760cbc0468c3cf81e417f2d06cd630091c90450b764a3c8
transfer_cube,401,29,SCANA-R,97004,1,1,4.0,6d888f558daf6f6e9c6f5ba39388ff0acc1d8f87d3335fb01ce8780981404b39,6c36f575d886f4e4fbb55d6c3d9b351c1c89d8cf35666972402ac35f941e2f8d
transfer_cube,401,29,SCANA-R,97005,1,1,4.0,6d888f558daf6f6e9c6f5ba39388ff0acc1d8f87d3335fb01ce8780981404b39,eb94cc9d6e9276538b82cd2b3b00c57acfd0f940385ec8d5cd3a99b52f453ddf
transfer_cube,401,29,SCANA-R,97006,1,1,4.0,6d888f558daf6f6e9c6f5ba39388ff0acc1d8f87d3335fb01ce8780981404b39,0a494921efddc10bcbdbc60215b4e851fc0042e4a09be48cc0c9af29e3d4948e
transfer_cube,401,29,SCANA-R,97007,1,1,4.0,6d888f558daf6f6e9c6f5ba39388ff0acc1d8f87d3335fb01ce8780981404b39,7aace988ba70c5ee010714997e7221a30a3da6f8569219aca2b4855c6d155a28
transfer_cube,401,29,SCANA-R,97008,1,1,4.0,6d888f558daf6f6e9c6f5ba39388ff0acc1d8f87d3335fb01ce8780981404b39,111468a49b4f3437e99dcd63558a80b266349f08d1449349ed8e20914aefc25e
transfer_cube,401,29,SCANA-R,97009,1,1,4.0,6d888f558daf6f6e9c6f5ba39388ff0acc1d8f87d3335fb01ce8780981404b39,4c0ad9d0a35e7075d16ec3392fb4016337078d71da8b68a659c4e71a0ceaa5c5
transfer_cube,401,29,SCANA-R,97010,1,1,4.0,6d888f558daf6f6e9c6f5ba39388ff0acc1d8f87d3335fb01ce8780981404b39,cbaa348b3ed527685deaa47a7e1c3f4642d16a55148f43c97678f15c3c145854
transfer_cube,401,29,SCANA-R,97011,1,1,4.0,6d888f558daf6f6e9c6f5ba39388ff0acc1d8f87d3335fb01ce8780981404b39,9998aae969409060cbf5a84a6a19e2b7e2dea6ec99074e5f9a9d62f5d71649be
transfer_cube,401,29,SCANA-R,97012,1,1,4.0,6d888f558daf6f6e9c6f5ba39388ff0acc1d8f87d3335fb01ce8780981404b39,ff15d75ab36e4ec41c7f6b55bd124c5c20007771b1fa6a3f3a82652767fcd298
transfer_cube,401,29,SCANA-R,97013,1,1,4.0,6d888f558daf6f6e9c6f5ba39388ff0acc1d8f87d3335fb01ce8780981404b39,3df3697c0fc8f4f22b827f3ee610b701f31305b0be2041adea7b2a3fce866508
transfer_cube,401,29,SCANA-R,97014,1,1,4.0,6d888f558daf6f6e9c6f5ba39388ff0acc1d8f87d3335fb01ce8780981404b39,635cc5993c79124f6e13e1059fcf201959a0627a02eb82cba38faccea99bb91d
transfer_cube,401,29,SCANA-R,97015,1,1,4.0,6d888f558daf6f6e9c6f5ba39388ff0acc1d8f87d3335fb01ce8780981404b39,b71cea96de62b8f6de15b76d4abc0b2ffac8656c81260a0a92b35cb60ecc3c6b
transfer_cube,401,29,SCANA-R,97016,1,1,4.0,6d888f558daf6f6e9c6f5ba39388ff0acc1d8f87d3335fb01ce8780981404b39,1c684de61b4e99bc0bd7e1f3f0a119c43cd22ce8a70b41724a6d2687ea88158b
transfer_cube,401,29,SCANA-R,97017,1,1,4.0,6d888f558daf6f6e9c6f5ba39388ff0acc1d8f87d3335fb01ce8780981404b39,d22ddc5b61d0a64991adc86abc9e51e86e9d50493d92f36b868ede667c5bf13d
transfer_cube,401,29,SCANA-R,97018,1,1,4.0,6d888f558daf6f6e9c6f5ba39388ff0acc1d8f87d3335fb01ce8780981404b39,4071ff8f481ba0c8ebb9ad2ed8957b420a3a5acec9b7091d2eb6e4c1b3304235
transfer_cube,401,29,SCANA-R,97019,1,1,4.0,6d888f558daf6f6e9c6f5ba39388ff0acc1d8f87d3335fb01ce8780981404b39,08459d0011e550298ffacd54f9d3d4ecfd363b6e016709c56fa2eb6c38a8e41a
transfer_cube,401,29,Gaussian recovery,97000,1,1,4.0,e1e498183ac28cdf6c6bf01b6a9990a0501b8399e0a56a642c6fd5ad23031bd8,63d55c1c9ad0be057b0557a6ba27f1b1065ba1372f370b6fb47a2345d75959b0
transfer_cube,401,29,Gaussian recovery,97001,0,0,1.0,e1e498183ac28cdf6c6bf01b6a9990a0501b8399e0a56a642c6fd5ad23031bd8,303044ce38472ce62e64dd5cda22b1420b3a15652253aae9f6b000098de5410b
transfer_cube,401,29,Gaussian recovery,97002,1,1,4.0,e1e498183ac28cdf6c6bf01b6a9990a0501b8399e0a56a642c6fd5ad23031bd8,3d833b323997b5980d4e4756a455c1c6e87cea2a8aba4d02f822d6b040d4b6b4
transfer_cube,401,29,Gaussian recovery,97003,1,1,4.0,e1e498183ac28cdf6c6bf01b6a9990a0501b8399e0a56a642c6fd5ad23031bd8,0d37475391190ed833871dbc411654c9b26bd6e2859385da7ba5ceae63079b59
transfer_cube,401,29,Gaussian recovery,97004,1,1,4.0,e1e498183ac28cdf6c6bf01b6a9990a0501b8399e0a56a642c6fd5ad23031bd8,9677aee4081935c303913492923568d301d87454c0799575846c365719b98e2c
transfer_cube,401,29,Gaussian recovery,97005,1,1,4.0,e1e498183ac28cdf6c6bf01b6a9990a0501b8399e0a56a642c6fd5ad23031bd8,70a164e0bb10d9d4c275445979eab449aefb1848ecd65cf91dd8e4ff38675747
transfer_cube,401,29,Gaussian recovery,97006,1,1,4.0,e1e498183ac28cdf6c6bf01b6a9990a0501b8399e0a56a642c6fd5ad23031bd8,73ca6f423041724698c130ca1809ea2f270a1eb6f3ec7e70e3e15ba32ed69163
transfer_cube,401,29,Gaussian recovery,97007,1,1,4.0,e1e498183ac28cdf6c6bf01b6a9990a0501b8399e0a56a642c6fd5ad23031bd8,b36ef199e6ff9cf0c3aec8aacf90a9de3351eb1f251ff93511b6ce5081ec5c1d
transfer_cube,401,29,Gaussian recovery,97008,1,1,4.0,e1e498183ac28cdf6c6bf01b6a9990a0501b8399e0a56a642c6fd5ad23031bd8,6aee0672597d1ee0ca185f57f9ee9cbeb58c492c719f43c83acd1cda57efed18
transfer_cube,401,29,Gaussian recovery,97009,1,1,4.0,e1e498183ac28cdf6c6bf01b6a9990a0501b8399e0a56a642c6fd5ad23031bd8,bc1c66e5a22f0b9f40c6f9d681a8ae0034210b99be92803c1fb714a439d2d4b8
transfer_cube,401,29,Gaussian recovery,97010,1,1,4.0,e1e498183ac28cdf6c6bf01b6a9990a0501b8399e0a56a642c6fd5ad23031bd8,23963cd1388c16b41b3bc9cfaa044a4397b6d813adee6be534fa68e4758b4ce5
transfer_cube,401,29,Gaussian recovery,97011,1,1,4.0,e1e498183ac28cdf6c6bf01b6a9990a0501b8399e0a56a642c6fd5ad23031bd8,caa78da8d9f43abcc53b392465045c1e94d221979d1952b0c7214978ab554c5e
transfer_cube,401,29,Gaussian recovery,97012,1,1,4.0,e1e498183ac28cdf6c6bf01b6a9990a0501b8399e0a56a642c6fd5ad23031bd8,2686e28f1bf6e214a79079c369632a56a871886b0f7f85077458c929347f29e5
transfer_cube,401,29,Gaussian recovery,97013,1,1,4.0,e1e498183ac28cdf6c6bf01b6a9990a0501b8399e0a56a642c6fd5ad23031bd8,f7b409ad4ee9be7c235bf672d5268111c5f3017b437b8d2c8e3b5ca870373325
transfer_cube,401,29,Gaussian recovery,97014,1,1,4.0,e1e498183ac28cdf6c6bf01b6a9990a0501b8399e0a56a642c6fd5ad23031bd8,6b96dd9dd971a8d6262f6ea4995730899fd2e42760045fd082bebd9c7d299f7a
transfer_cube,401,29,Gaussian recovery,97015,1,1,4.0,e1e498183ac28cdf6c6bf01b6a9990a0501b8399e0a56a642c6fd5ad23031bd8,9e7f5870acecd405f099e7aa48b9abab82ea14d79b0f0e1d03cfccf9e82f063a
transfer_cube,401,29,Gaussian recovery,97016,1,1,4.0,e1e498183ac28cdf6c6bf01b6a9990a0501b8399e0a56a642c6fd5ad23031bd8,2b4a136fbdf2e0f7aad199051c7b7079752b444e0379f35f3ff755bcb05f5a77
transfer_cube,401,29,Gaussian recovery,97017,1,1,4.0,e1e498183ac28cdf6c6bf01b6a9990a0501b8399e0a56a642c6fd5ad23031bd8,b09aff4b72ce610241843afc1d405fab796bf5094e8baefab9564be962b24a46
transfer_cube,401,29,Gaussian recovery,97018,1,1,4.0,e1e498183ac28cdf6c6bf01b6a9990a0501b8399e0a56a642c6fd5ad23031bd8,75f5a87097723e9d1ddfea7684e472179724ad1f58d9d48d1269e6db4fadcc5f
transfer_cube,401,29,Gaussian recovery,97019,1,1,4.0,e1e498183ac28cdf6c6bf01b6a9990a0501b8399e0a56a642c6fd5ad23031bd8,c538002ae63dd52a62c285969d8b62206e39b09a76d2037cc071eb0ec221d041
transfer_cube,401,29,No cross-fitting,97000,1,1,4.0,f25de5e238b10d9610ed43d2a6de9c6495f750cc7e1dc11ebea210d49fb2e88e,35732c905c1a29f5e2022a18517fe04b6345f91019b8a867cab5502aa5c5921c
transfer_cube,401,29,No cross-fitting,97001,0,0,1.0,f25de5e238b10d9610ed43d2a6de9c6495f750cc7e1dc11ebea210d49fb2e88e,87354ae31eaaa2189ad983fa323fc0a3c3f2ba4713ca03845c20c6934637a1c7
transfer_cube,401,29,No cross-fitting,97002,1,1,4.0,f25de5e238b10d9610ed43d2a6de9c6495f750cc7e1dc11ebea210d49fb2e88e,124967719edeba1b388c1a15672000511580eafffa74911ed7b116257787957f
transfer_cube,401,29,No cross-fitting,97003,1,1,4.0,f25de5e238b10d9610ed43d2a6de9c6495f750cc7e1dc11ebea210d49fb2e88e,e8a94abbf56f7b37578f7e8a3d1feeb37f85df477d0543e46c48d133057b16a8
transfer_cube,401,29,No cross-fitting,97004,1,1,4.0,f25de5e238b10d9610ed43d2a6de9c6495f750cc7e1dc11ebea210d49fb2e88e,07959c95efb5ee1cab355849d3c87c579a153919ab29325555402e9a9d86aafd
transfer_cube,401,29,No cross-fitting,97005,1,1,4.0,f25de5e238b10d9610ed43d2a6de9c6495f750cc7e1dc11ebea210d49fb2e88e,d649962726ef8a7654edf70d03cf238966b3301712c8d81ff6de553ddce733cd
transfer_cube,401,29,No cross-fitting,97006,1,1,4.0,f25de5e238b10d9610ed43d2a6de9c6495f750cc7e1dc11ebea210d49fb2e88e,a611743073fdf6e6cc9919ece440f1156b9abda90c0510b9c39cc5b19b85ba49
transfer_cube,401,29,No cross-fitting,97007,1,1,4.0,f25de5e238b10d9610ed43d2a6de9c6495f750cc7e1dc11ebea210d49fb2e88e,b2f0eacd18e5cc5d94db2d57e2f7607fcacf9a13df653977be5cefaf3db42945
transfer_cube,401,29,No cross-fitting,97008,1,1,4.0,f25de5e238b10d9610ed43d2a6de9c6495f750cc7e1dc11ebea210d49fb2e88e,06a63f122cf8e6995b221649e61965510cf83a39463087622ad37b64ed76286f
transfer_cube,401,29,No cross-fitting,97009,1,0,4.0,f25de5e238b10d9610ed43d2a6de9c6495f750cc7e1dc11ebea210d49fb2e88e,2bbb3049885f9e73a1c8851a7bfd672abf4cb59379c126b23ef56693d9303620
transfer_cube,401,29,No cross-fitting,97010,1,1,4.0,f25de5e238b10d9610ed43d2a6de9c6495f750cc7e1dc11ebea210d49fb2e88e,19b7ba0b1dc80c5f8b0965589fe260f7e185bcd5242719da3f698a5631faa54c
transfer_cube,401,29,No cross-fitting,97011,1,1,4.0,f25de5e238b10d9610ed43d2a6de9c6495f750cc7e1dc11ebea210d49fb2e88e,1206a43b221623556ab8b2d142da8ac546109d6d6f77f652953896e0dde3d944
transfer_cube,401,29,No cross-fitting,97012,1,1,4.0,f25de5e238b10d9610ed43d2a6de9c6495f750cc7e1dc11ebea210d49fb2e88e,a477f4c6a205af61166be44c9deea7662a3d8fe278f1b6d6b0a6900f616b6b1d
transfer_cube,401,29,No cross-fitting,97013,1,1,4.0,f25de5e238b10d9610ed43d2a6de9c6495f750cc7e1dc11ebea210d49fb2e88e,1343790fa873a780de655b3fb31cef8845bc0868b1345b1db6a9e6834ff8e691
transfer_cube,401,29,No cross-fitting,97014,1,1,4.0,f25de5e238b10d9610ed43d2a6de9c6495f750cc7e1dc11ebea210d49fb2e88e,42d8fcb1e8e32d32a7db3580651642fc18fe8126009a426ac28265154c60ffc3
transfer_cube,401,29,No cross-fitting,97015,1,1,4.0,f25de5e238b10d9610ed43d2a6de9c6495f750cc7e1dc11ebea210d49fb2e88e,b2deeed2238efda14f5d420d8acf39fa5f0fc15983562db37658fba250d324f0
transfer_cube,401,29,No cross-fitting,97016,1,1,4.0,f25de5e238b10d9610ed43d2a6de9c6495f750cc7e1dc11ebea210d49fb2e88e,f2fa0e6c45f812ebbce055b46d9a14fba84186f7c67043fa1ca6a37cab41039d
transfer_cube,401,29,No cross-fitting,97017,1,1,4.0,f25de5e238b10d9610ed43d2a6de9c6495f750cc7e1dc11ebea210d49fb2e88e,f1462ea01d0a357e3b1ab033ad2b8d2736f5115554675214ad8fff77aba666aa
transfer_cube,401,29,No cross-fitting,97018,1,1,4.0,f25de5e238b10d9610ed43d2a6de9c6495f750cc7e1dc11ebea210d49fb2e88e,0fd3617777df8c2aa138d281f7deed68f68da6b44d5f8a090630869443cae0e5
transfer_cube,401,29,No cross-fitting,97019,1,1,4.0,f25de5e238b10d9610ed43d2a6de9c6495f750cc7e1dc11ebea210d49fb2e88e,29640e252ca6c1251e69a791bdd14dc32310c38981a722f67c3c97560590103e
transfer_cube,401,29,Global-time errors,97000,1,1,4.0,4f1223cd4715951870e736c36c3ff3293df234ee8ca82a1b93bbdc8c995213f0,c34efa3263ac02eefbf8181fb7b6d2922efdbfa5612e4346a8ccbe61d768ee61
transfer_cube,401,29,Global-time errors,97001,0,0,2.0,4f1223cd4715951870e736c36c3ff3293df234ee8ca82a1b93bbdc8c995213f0,b0ba89fd9d6726c633c76330b8fb46399e5dbbcffbc0f9b66f2f2c3720be0f20
transfer_cube,401,29,Global-time errors,97002,1,1,4.0,4f1223cd4715951870e736c36c3ff3293df234ee8ca82a1b93bbdc8c995213f0,cdb530346cd6dca89214f294259d518f9df4320b889aeb88b7417ccbcb98ac22
transfer_cube,401,29,Global-time errors,97003,1,1,4.0,4f1223cd4715951870e736c36c3ff3293df234ee8ca82a1b93bbdc8c995213f0,0da08dae9727308aab83617ebf74cb7f285e0c5c5f8eaf0e10497629adacf6f0
transfer_cube,401,29,Global-time errors,97004,1,1,4.0,4f1223cd4715951870e736c36c3ff3293df234ee8ca82a1b93bbdc8c995213f0,16c213fa2f36cc44b37d5071a4ea3d8e67a7e276bdedc11a33521b8a2f30df8a
transfer_cube,401,29,Global-time errors,97005,1,1,4.0,4f1223cd4715951870e736c36c3ff3293df234ee8ca82a1b93bbdc8c995213f0,2e6104d9625f8891549f5e411a12313ea89495370e75579b448693d1c3dcfd6a
transfer_cube,401,29,Global-time errors,97006,1,1,4.0,4f1223cd4715951870e736c36c3ff3293df234ee8ca82a1b93bbdc8c995213f0,c4442d130387e1b57ea7307d65f31c09f051ad19a2288c5041ae76bac25509c5
transfer_cube,401,29,Global-time errors,97007,1,1,4.0,4f1223cd4715951870e736c36c3ff3293df234ee8ca82a1b93bbdc8c995213f0,405b648f7cf60551dc43da68b64e97344e6c4a2b4ef12ef96c402f8e9813cf26
transfer_cube,401,29,Global-time errors,97008,1,1,4.0,4f1223cd4715951870e736c36c3ff3293df234ee8ca82a1b93bbdc8c995213f0,38b4ac2778bf541c638eee604c338e7588d8e0055be204d27750bd16259c52f8
transfer_cube,401,29,Global-time errors,97009,1,1,4.0,4f1223cd4715951870e736c36c3ff3293df234ee8ca82a1b93bbdc8c995213f0,24cd3adb4fbf8689c76c479b14fe96e270a5009a0924aae6efe6a2c37d362225
transfer_cube,401,29,Global-time errors,97010,1,1,4.0,4f1223cd4715951870e736c36c3ff3293df234ee8ca82a1b93bbdc8c995213f0,9388577876452abb5c98d2a6090c0d696aaa3e12ccd504e460b55717054109be
transfer_cube,401,29,Global-time errors,97011,1,1,4.0,4f1223cd4715951870e736c36c3ff3293df234ee8ca82a1b93bbdc8c995213f0,31ef2dde91908f541d05c59371329004bdc1392be9c93e03893d14b917f9a8db
transfer_cube,401,29,Global-time errors,97012,1,1,4.0,4f1223cd4715951870e736c36c3ff3293df234ee8ca82a1b93bbdc8c995213f0,109bbafb564c192d0acaf7b726cc9d73426282067be1cf25dac35b5b2d57ff7d
transfer_cube,401,29,Global-time errors,97013,1,1,4.0,4f1223cd4715951870e736c36c3ff3293df234ee8ca82a1b93bbdc8c995213f0,90d405bc8df4b4208846b0569bfad23e1d1c18d433b70bad711a221715ec6543
transfer_cube,401,29,Global-time errors,97014,1,1,4.0,4f1223cd4715951870e736c36c3ff3293df234ee8ca82a1b93bbdc8c995213f0,30a4818e90473b1404477b968a914e56b5fe6d7153dc0012303014a564ddddaf
transfer_cube,401,29,Global-time errors,97015,1,1,4.0,4f1223cd4715951870e736c36c3ff3293df234ee8ca82a1b93bbdc8c995213f0,3565c56efe4dbb4717bf9ed5617a92c65d30cc5bc5e5c31650b265b5bf8faa2b
transfer_cube,401,29,Global-time errors,97016,1,1,4.0,4f1223cd4715951870e736c36c3ff3293df234ee8ca82a1b93bbdc8c995213f0,715bfd21888227f2c0ff4fb9299249d2edb613b7bc07ba9b4b3835701b4a8b39
transfer_cube,401,29,Global-time errors,97017,1,1,4.0,4f1223cd4715951870e736c36c3ff3293df234ee8ca82a1b93bbdc8c995213f0,d3bcdd8b19d3f2f5d8b3e042e5a0377eea8bd9971478bc5d6c8a0286d102d222
transfer_cube,401,29,Global-time errors,97018,1,1,4.0,4f1223cd4715951870e736c36c3ff3293df234ee8ca82a1b93bbdc8c995213f0,3f66ca3916e062fc88b3243c61e8772474adeb839ded0485a2e3702f237117e8
transfer_cube,401,29,Global-time errors,97019,1,1,4.0,4f1223cd4715951870e736c36c3ff3293df234ee8ca82a1b93bbdc8c995213f0,c222ff7620a4b41f10bc916bd09db66d0a858054c17cc8c113ac7bb4e479bb1c
transfer_cube,401,29,No intermediate backtracking,97000,1,1,4.0,6fd5efaeac53f554daef78610a0fa84ca16d63697097cf7933f16f594112d1f2,0027f5d3873e29bb86316584a4364a2fa3f22d8aa60ba1865823af86e1b3ee5c
transfer_cube,401,29,No intermediate backtracking,97001,0,0,1.0,6fd5efaeac53f554daef78610a0fa84ca16d63697097cf7933f16f594112d1f2,655241a2ffdeea63c3e7711dfd74d3b90d697211b19bcfd3c789269e99e28749
transfer_cube,401,29,No intermediate backtracking,97002,1,1,4.0,6fd5efaeac53f554daef78610a0fa84ca16d63697097cf7933f16f594112d1f2,41b83512b67e6d7f77db730d31a3f6210a765980f5e051b893b2cde0d30bcf27
transfer_cube,401,29,No intermediate backtracking,97003,1,1,4.0,6fd5efaeac53f554daef78610a0fa84ca16d63697097cf7933f16f594112d1f2,8e975bccfaf92b6aa37a0a7073841f996e07a583a3bc944b51a34a09108ebcab
transfer_cube,401,29,No intermediate backtracking,97004,1,1,4.0,6fd5efaeac53f554daef78610a0fa84ca16d63697097cf7933f16f594112d1f2,47f689d39c6e5ea3fdf2ceb896f394ad27ec892f5df2fdb80d43a2b6fb0c6180
transfer_cube,401,29,No intermediate backtracking,97005,1,1,4.0,6fd5efaeac53f554daef78610a0fa84ca16d63697097cf7933f16f594112d1f2,06da3c48bb78c9d0071a6f5debff85e3a9298889e93766c6766efc972a693d55
transfer_cube,401,29,No intermediate backtracking,97006,1,1,4.0,6fd5efaeac53f554daef78610a0fa84ca16d63697097cf7933f16f594112d1f2,a1e38de2541ce69bcee5bf582dc8c23cfcaf9a7ece6410a38a6349e0e5f0be27
transfer_cube,401,29,No intermediate backtracking,97007,1,1,4.0,6fd5efaeac53f554daef78610a0fa84ca16d63697097cf7933f16f594112d1f2,1b46e4ee82f230bd0d12b4eacff04ec77d992827e923490a3740c6ef21cc2bb6
transfer_cube,401,29,No intermediate backtracking,97008,1,1,4.0,6fd5efaeac53f554daef78610a0fa84ca16d63697097cf7933f16f594112d1f2,ae1296595bd412d4de82938f225d52c097c6572f55a4df6797c0fd09b39ce09a
transfer_cube,401,29,No intermediate backtracking,97009,1,1,4.0,6fd5efaeac53f554daef78610a0fa84ca16d63697097cf7933f16f594112d1f2,3301f4e11fb9c5a03b8a0ee15e20d5a57c969b3120db93389f16074cef9bff34
transfer_cube,401,29,No intermediate backtracking,97010,1,1,4.0,6fd5efaeac53f554daef78610a0fa84ca16d63697097cf7933f16f594112d1f2,263d677f8530c96433d1aa839a83bd84400c9d61ef837934bfc50901eea920b4
transfer_cube,401,29,No intermediate backtracking,97011,1,1,4.0,6fd5efaeac53f554daef78610a0fa84ca16d63697097cf7933f16f594112d1f2,2b13336ba96adb86e7b7f7ec4a728f34e4f32129cc17db1d4ffe6d245eec0fb4
transfer_cube,401,29,No intermediate backtracking,97012,1,1,4.0,6fd5efaeac53f554daef78610a0fa84ca16d63697097cf7933f16f594112d1f2,b0f0e67a7420f5f06606033b66edb5d29a5721ffebaa51dbe11efc1205892bca
transfer_cube,401,29,No intermediate backtracking,97013,1,1,4.0,6fd5efaeac53f554daef78610a0fa84ca16d63697097cf7933f16f594112d1f2,507bf8b0b2126a24ba1d1ffcee1696136d428f4e69eca94632e7910e337d52bb
transfer_cube,401,29,No intermediate backtracking,97014,1,1,4.0,6fd5efaeac53f554daef78610a0fa84ca16d63697097cf7933f16f594112d1f2,786f3df579aab43c3ccc185470536a37ccc45a3ac4730bebfca179e0452b686d
transfer_cube,401,29,No intermediate backtracking,97015,1,1,4.0,6fd5efaeac53f554daef78610a0fa84ca16d63697097cf7933f16f594112d1f2,0dd71dbe25fccd0a835f03b0e6e24f211310d88586c169ae4c16918b3aced684
transfer_cube,401,29,No intermediate backtracking,97016,1,1,4.0,6fd5efaeac53f554daef78610a0fa84ca16d63697097cf7933f16f594112d1f2,aa0b10228014ed09772ba85042a1f59c4019f28b889060ed19868addbc410b9d
transfer_cube,401,29,No intermediate backtracking,97017,1,1,4.0,6fd5efaeac53f554daef78610a0fa84ca16d63697097cf7933f16f594112d1f2,47e014ff950155af7b93b6c9c33ad301a186fb3aab2e354cd443586f6dfb4f4f
transfer_cube,401,29,No intermediate backtracking,97018,1,1,4.0,6fd5efaeac53f554daef78610a0fa84ca16d63697097cf7933f16f594112d1f2,b507e30889204bd964f980dea82cff57ad7e029a46427b29eb8066dfc4989332
transfer_cube,401,29,No intermediate backtracking,97019,1,1,4.0,6fd5efaeac53f554daef78610a0fa84ca16d63697097cf7933f16f594112d1f2,5e47240e1a850042d0167cdd29e2faa4387d9675bf83a544541b585c9564ba03
transfer_cube,401,29,Gaussian CPU budget,97000,1,1,4.0,9e1f4925ba6d8c7176089b8aeca022fd09567a7ae21b3579bad73b9a105505af,49010c952c9677fb97a93be73db59aa582dd6fbc334a0405b47384b9eb47ad2b
transfer_cube,401,29,Gaussian CPU budget,97001,0,0,1.0,9e1f4925ba6d8c7176089b8aeca022fd09567a7ae21b3579bad73b9a105505af,7cf3f99c33ccf8392c3e2c389e8bc2467d4e11998ffe271e1bd9a97cd540b627
transfer_cube,401,29,Gaussian CPU budget,97002,1,1,4.0,9e1f4925ba6d8c7176089b8aeca022fd09567a7ae21b3579bad73b9a105505af,acf996eaa0250d6b35b3d927320b6c0460d9d76fe5221a4945e9667a03c40b6f
transfer_cube,401,29,Gaussian CPU budget,97003,1,1,4.0,9e1f4925ba6d8c7176089b8aeca022fd09567a7ae21b3579bad73b9a105505af,81cd51cf395bdd42acc88773231df4ab5e95a09e2f2fbecf53074cc97729f385
transfer_cube,401,29,Gaussian CPU budget,97004,1,1,4.0,9e1f4925ba6d8c7176089b8aeca022fd09567a7ae21b3579bad73b9a105505af,7319079e540d9e345c51d268cde2086340aa11f9abcfa3618d88889a9a96ec63
transfer_cube,401,29,Gaussian CPU budget,97005,1,1,4.0,9e1f4925ba6d8c7176089b8aeca022fd09567a7ae21b3579bad73b9a105505af,f68108009608b1d51bd8271891e98b1df1c66ad9b5b84b3986269dd88027fce6
transfer_cube,401,29,Gaussian CPU budget,97006,1,1,4.0,9e1f4925ba6d8c7176089b8aeca022fd09567a7ae21b3579bad73b9a105505af,bc3f6e401a91e5f975b1f9cc49be954f56bb46ed1676ed8cdb4caa87500b6525
transfer_cube,401,29,Gaussian CPU budget,97007,1,1,4.0,9e1f4925ba6d8c7176089b8aeca022fd09567a7ae21b3579bad73b9a105505af,24e891d7517e93733b7ee402c6bb2ee78b56afe9a899117ba98d36286451e684
transfer_cube,401,29,Gaussian CPU budget,97008,1,1,4.0,9e1f4925ba6d8c7176089b8aeca022fd09567a7ae21b3579bad73b9a105505af,498c49f9a450c6e672cf0966a849ae03f334f3e9f3b0a4576011b86cab57f73d
transfer_cube,401,29,Gaussian CPU budget,97009,1,1,4.0,9e1f4925ba6d8c7176089b8aeca022fd09567a7ae21b3579bad73b9a105505af,98da549f719fc21954dd91f6ce1d88905e1b55c43b51264c8e05c3866bb7a422
transfer_cube,401,29,Gaussian CPU budget,97010,1,1,4.0,9e1f4925ba6d8c7176089b8aeca022fd09567a7ae21b3579bad73b9a105505af,32251284505d98f526f2fd2691eb1f9b38a01b24f0601e034924732da850da6c
transfer_cube,401,29,Gaussian CPU budget,97011,1,1,4.0,9e1f4925ba6d8c7176089b8aeca022fd09567a7ae21b3579bad73b9a105505af,11b69d23c08377edd43e3fb11b2aec8ac9638ce0b3815bfb320bc8acf97212f5
transfer_cube,401,29,Gaussian CPU budget,97012,1,1,4.0,9e1f4925ba6d8c7176089b8aeca022fd09567a7ae21b3579bad73b9a105505af,ac8d3205490c21b9ddfc981274bf465518c4d573ab9ae5c747f45ec7f74e52b0
transfer_cube,401,29,Gaussian CPU budget,97013,1,1,4.0,9e1f4925ba6d8c7176089b8aeca022fd09567a7ae21b3579bad73b9a105505af,b3e7efc105a32fc773bd4cdfa1e558761777f1c24e8f309fa97cf8642183e752
transfer_cube,401,29,Gaussian CPU budget,97014,1,1,4.0,9e1f4925ba6d8c7176089b8aeca022fd09567a7ae21b3579bad73b9a105505af,fde1a996f20e8d04122c9b46567c37e64665a76a22725e4b75e2284ae1cb3950
transfer_cube,401,29,Gaussian CPU budget,97015,1,1,4.0,9e1f4925ba6d8c7176089b8aeca022fd09567a7ae21b3579bad73b9a105505af,45c8b84cc2ed8f95cb6457b0ef0ddbe43af265fc10ae5f4ce0cf6a2a04896f72
transfer_cube,401,29,Gaussian CPU budget,97016,1,1,4.0,9e1f4925ba6d8c7176089b8aeca022fd09567a7ae21b3579bad73b9a105505af,e67d6cf3e3b8edca3d504334b2ca55de206509f90586e02800991c438df1f699
transfer_cube,401,29,Gaussian CPU budget,97017,1,1,4.0,9e1f4925ba6d8c7176089b8aeca022fd09567a7ae21b3579bad73b9a105505af,e8c8b3714e6065503e4a70150a193e7cb4ede379aa57722ca6d88e54ef980ea8
transfer_cube,401,29,Gaussian CPU budget,97018,1,1,4.0,9e1f4925ba6d8c7176089b8aeca022fd09567a7ae21b3579bad73b9a105505af,ec5e696d70927ae072354bb2b436c93ebf13320ed8d36dfd9dd76da806318d5d
transfer_cube,401,29,Gaussian CPU budget,97019,1,1,4.0,9e1f4925ba6d8c7176089b8aeca022fd09567a7ae21b3579bad73b9a105505af,104dfeb0f1f64f126dc53c2ce0502bdd19fee4c8e3a02b21957e6ae8948b77e2
transfer_cube,401,43,Clean repeat,97000,1,1,4.0,eef91df24dfab7d953af55867c9b6efe275a8186a15d03225fef6764f44f3a66,69dee059a28d6b663813be58f550cd8392d6abcd195de313130a09002e2a4971
transfer_cube,401,43,Clean repeat,97001,0,0,1.0,eef91df24dfab7d953af55867c9b6efe275a8186a15d03225fef6764f44f3a66,afc8bcc813cd5ace0970186ba3bc816ebb2c6c35b68f47045bcf5673b5a81a78
transfer_cube,401,43,Clean repeat,97002,1,1,4.0,eef91df24dfab7d953af55867c9b6efe275a8186a15d03225fef6764f44f3a66,efb13ddb2b9d6ecc205fc9b41078bb44bc6e1d22c3a0fc073414ee1ff008200e
transfer_cube,401,43,Clean repeat,97003,1,1,4.0,eef91df24dfab7d953af55867c9b6efe275a8186a15d03225fef6764f44f3a66,530a05fcefa095d5e1e238267c8cab349fec51d7d14a011429757678e669fbad
transfer_cube,401,43,Clean repeat,97004,1,1,4.0,eef91df24dfab7d953af55867c9b6efe275a8186a15d03225fef6764f44f3a66,9df794d4139dd5ccd7dc0a05d5c6ee3dac78ef975769bd6dce75e9d395532a18
transfer_cube,401,43,Clean repeat,97005,1,1,4.0,eef91df24dfab7d953af55867c9b6efe275a8186a15d03225fef6764f44f3a66,a3de95d4e3924344b39fb06fb9403a8a4f3f97c7b95d75bfe676d65d4873bbf7
transfer_cube,401,43,Clean repeat,97006,0,0,1.0,eef91df24dfab7d953af55867c9b6efe275a8186a15d03225fef6764f44f3a66,0e30c97cf7ad8f1bdba5711807a639377db7c789154a4eb4cfaa7a8e19ef6175
transfer_cube,401,43,Clean repeat,97007,1,1,4.0,eef91df24dfab7d953af55867c9b6efe275a8186a15d03225fef6764f44f3a66,43ec7d67cffb03860ed26e674f9e6c98addbc5dc45f3d1af2c6af39dd377ea73
transfer_cube,401,43,Clean repeat,97008,1,1,4.0,eef91df24dfab7d953af55867c9b6efe275a8186a15d03225fef6764f44f3a66,c3f0c5568b1c177b9d4b98b93696afad09534c3a61d0192836a3e074ea01ca68
transfer_cube,401,43,Clean repeat,97009,0,0,2.0,eef91df24dfab7d953af55867c9b6efe275a8186a15d03225fef6764f44f3a66,a982abbdada67bd2fb3b9ddf9369a937f5bab1b356730a9127e9898148405312
transfer_cube,401,43,Clean repeat,97010,1,1,4.0,eef91df24dfab7d953af55867c9b6efe275a8186a15d03225fef6764f44f3a66,e0e8a7c1e4ea1e02f52d9d7abeae1908537177647d1b20c28cfe8d20a2f59e16
transfer_cube,401,43,Clean repeat,97011,1,1,4.0,eef91df24dfab7d953af55867c9b6efe275a8186a15d03225fef6764f44f3a66,6f0c3563d7733fa9a89c71dfc5edd2fffe37aa25d34ca2ab31ac07fefe116860
transfer_cube,401,43,Clean repeat,97012,1,1,4.0,eef91df24dfab7d953af55867c9b6efe275a8186a15d03225fef6764f44f3a66,a57e58aa94a93bbe2d84fea57051ee6e925d1e73e58384636e9467d1152fc11a
transfer_cube,401,43,Clean repeat,97013,1,1,4.0,eef91df24dfab7d953af55867c9b6efe275a8186a15d03225fef6764f44f3a66,30a348810c0447eac7ad1197a1f6431f893dde285b2e3754c6d51b8f854ba452
transfer_cube,401,43,Clean repeat,97014,1,1,4.0,eef91df24dfab7d953af55867c9b6efe275a8186a15d03225fef6764f44f3a66,038ffc114203ebf22e24db91a9b108fbcd8705832ccddebb2a6a7cc940f7d1d5
transfer_cube,401,43,Clean repeat,97015,0,0,2.0,eef91df24dfab7d953af55867c9b6efe275a8186a15d03225fef6764f44f3a66,02641c547ed0decb3c915e96c54b70deca7fa5cdd651ac075bcfa136267aa6c9
transfer_cube,401,43,Clean repeat,97016,1,1,4.0,eef91df24dfab7d953af55867c9b6efe275a8186a15d03225fef6764f44f3a66,0732632860eeebc036404548ab22296d6861cef6a5c96ce05dcc2fc78dadf9e8
transfer_cube,401,43,Clean repeat,97017,1,1,4.0,eef91df24dfab7d953af55867c9b6efe275a8186a15d03225fef6764f44f3a66,178c357e7714d8b87a1cd3dbc54a9047d9080c8c3a2a2644dbc67eb62b78e129
transfer_cube,401,43,Clean repeat,97018,0,0,2.0,eef91df24dfab7d953af55867c9b6efe275a8186a15d03225fef6764f44f3a66,441f689607870de027191d671feb180aac8b68befee7926550670bf407e2aebd
transfer_cube,401,43,Clean repeat,97019,1,1,4.0,eef91df24dfab7d953af55867c9b6efe275a8186a15d03225fef6764f44f3a66,dec61813c0274b6fac4731432003ab5c21fe5d8eb5af28197c83e665b5e8c4c6
transfer_cube,401,43,SCANA-R,97000,1,1,4.0,55647c5caec9bd61a5066aa9e5b1a53770ea844d183f90a0058be62eab34336d,3298359c01b081b7a7ddc4725df6b2446c08bf7ec71869ec296ec88ae2968a7a
transfer_cube,401,43,SCANA-R,97001,0,0,2.0,55647c5caec9bd61a5066aa9e5b1a53770ea844d183f90a0058be62eab34336d,96b4bb09f5cb2f9bcbd7df50c966b2896dd46c0801866f8a3b9af01314d5202b
transfer_cube,401,43,SCANA-R,97002,1,1,4.0,55647c5caec9bd61a5066aa9e5b1a53770ea844d183f90a0058be62eab34336d,6e98d297a38d07c1900bf57cdc9db83586d0f865ecd48ad82159e9d6ef34dbe3
transfer_cube,401,43,SCANA-R,97003,1,1,4.0,55647c5caec9bd61a5066aa9e5b1a53770ea844d183f90a0058be62eab34336d,98620621c09448ed325644cd7d1b4f23e8b341684454e28341ffb51619a4c3ee
transfer_cube,401,43,SCANA-R,97004,1,1,4.0,55647c5caec9bd61a5066aa9e5b1a53770ea844d183f90a0058be62eab34336d,b47bc11dc793128b14c89e95c002af7262e660e6d9c1aa595d419f8594e8a26d
transfer_cube,401,43,SCANA-R,97005,1,1,4.0,55647c5caec9bd61a5066aa9e5b1a53770ea844d183f90a0058be62eab34336d,272d02baf14076312adbdfd2eb4ec797c5d94da625945eac7240cc62a8c4727f
transfer_cube,401,43,SCANA-R,97006,1,1,4.0,55647c5caec9bd61a5066aa9e5b1a53770ea844d183f90a0058be62eab34336d,76f9a7607c5e656e2fd77931ef3246236307bc6d87490261777fa01880a41500
transfer_cube,401,43,SCANA-R,97007,1,1,4.0,55647c5caec9bd61a5066aa9e5b1a53770ea844d183f90a0058be62eab34336d,8b13b30a7dea89c1ef14d567e3235342566143a671c85db65f65feb9d2e7b22d
transfer_cube,401,43,SCANA-R,97008,1,1,4.0,55647c5caec9bd61a5066aa9e5b1a53770ea844d183f90a0058be62eab34336d,f15b72833df4ffbbe49829aa1deafea56d6c5b626d38cbb1d7f4044dc4c6ee56
transfer_cube,401,43,SCANA-R,97009,1,1,4.0,55647c5caec9bd61a5066aa9e5b1a53770ea844d183f90a0058be62eab34336d,1cd04655083a030dc32aa4f08b2c3063289c1d8d1977f2f161a9170b3f4451f8
transfer_cube,401,43,SCANA-R,97010,1,1,4.0,55647c5caec9bd61a5066aa9e5b1a53770ea844d183f90a0058be62eab34336d,baaa4b315ecbad0ede39a6258e6f6535f27fdd0ee8f3269d87069b6e262a6eae
transfer_cube,401,43,SCANA-R,97011,1,1,4.0,55647c5caec9bd61a5066aa9e5b1a53770ea844d183f90a0058be62eab34336d,4e02f91354c00f73cf366812e0ef0e07ed6f60eb06dbe6d2ecd6de8a60ea8eb9
transfer_cube,401,43,SCANA-R,97012,1,1,4.0,55647c5caec9bd61a5066aa9e5b1a53770ea844d183f90a0058be62eab34336d,7adcb86b26e5d5fc8bd56837d54728c61b4360545e19eb549fbf9728b83d6227
transfer_cube,401,43,SCANA-R,97013,0,0,2.0,55647c5caec9bd61a5066aa9e5b1a53770ea844d183f90a0058be62eab34336d,4530c2bb5819e7c2a0200c5658c879d9ed0bb843f9ecc7017b9c9af16e934f21
transfer_cube,401,43,SCANA-R,97014,1,1,4.0,55647c5caec9bd61a5066aa9e5b1a53770ea844d183f90a0058be62eab34336d,74ff9564e6e624d48f00641fa9b26b9827302e34cbdd1a0a98ec9495902dc7f6
transfer_cube,401,43,SCANA-R,97015,1,1,4.0,55647c5caec9bd61a5066aa9e5b1a53770ea844d183f90a0058be62eab34336d,52c7692e49786555c2f0e29b6ed0fb9aff9bcd3618a7a6bf99e4747915040c7e
transfer_cube,401,43,SCANA-R,97016,1,1,4.0,55647c5caec9bd61a5066aa9e5b1a53770ea844d183f90a0058be62eab34336d,f92d624470102abf3e08d91df6cd4d4e54251d734885c66a3aeb9d3b2e8e5c89
transfer_cube,401,43,SCANA-R,97017,1,1,4.0,55647c5caec9bd61a5066aa9e5b1a53770ea844d183f90a0058be62eab34336d,b8940c5de4a1594d083036a1c3deffdd64163d3c7cd2a944394f6ec7d895cd6f
transfer_cube,401,43,SCANA-R,97018,1,1,4.0,55647c5caec9bd61a5066aa9e5b1a53770ea844d183f90a0058be62eab34336d,7b1ae8b87e1bcef37dd11aaad07bdbbf035010968c982655711a0dc3a4faac66
transfer_cube,401,43,SCANA-R,97019,1,1,4.0,55647c5caec9bd61a5066aa9e5b1a53770ea844d183f90a0058be62eab34336d,f0381f051d7055f56bcbed1a1a7692ddc03469a00cf2adeecca2d49f0678aff5
transfer_cube,401,43,Gaussian recovery,97000,1,1,4.0,f993dc7bfab56fa4f120a237dd1187caf0f9f0bcbec01d19dc3f3192a8ec146f,c4a36558a5c9ed10da88e468879291fa449bec65a015ca16a17b73f86b13b2ee
transfer_cube,401,43,Gaussian recovery,97001,0,0,1.0,f993dc7bfab56fa4f120a237dd1187caf0f9f0bcbec01d19dc3f3192a8ec146f,a30cce56dee71a0865662b1919d221fda5ce6b8c1ae4189b7daac71ed3a31b50
transfer_cube,401,43,Gaussian recovery,97002,1,1,4.0,f993dc7bfab56fa4f120a237dd1187caf0f9f0bcbec01d19dc3f3192a8ec146f,91e065a4bb69388696f98207029dd1668349ef3c2e0217d34687c17f8ef15296
transfer_cube,401,43,Gaussian recovery,97003,0,0,1.0,f993dc7bfab56fa4f120a237dd1187caf0f9f0bcbec01d19dc3f3192a8ec146f,1777b2d127af7111d106b53771f3a3fabd139e3c43bbe66b05199c902310ee63
transfer_cube,401,43,Gaussian recovery,97004,1,1,4.0,f993dc7bfab56fa4f120a237dd1187caf0f9f0bcbec01d19dc3f3192a8ec146f,01fe447b861b6db0ec1879d249b32b1eb5494076b352b78daa485cc2bbc2c80e
transfer_cube,401,43,Gaussian recovery,97005,1,1,4.0,f993dc7bfab56fa4f120a237dd1187caf0f9f0bcbec01d19dc3f3192a8ec146f,361c68545767dcf989a63c8a866086fc0cfe2a97ebfdd1214e105246783731c8
transfer_cube,401,43,Gaussian recovery,97006,1,1,4.0,f993dc7bfab56fa4f120a237dd1187caf0f9f0bcbec01d19dc3f3192a8ec146f,81e38966c470e27e02f8862e30033171127b0f9d3de1519f78eb9560c8bc14d9
transfer_cube,401,43,Gaussian recovery,97007,1,1,4.0,f993dc7bfab56fa4f120a237dd1187caf0f9f0bcbec01d19dc3f3192a8ec146f,3442f639b854b3cfc620d5c7d8424945b6fc73186bced64bbe4de9b5a6e293e8
transfer_cube,401,43,Gaussian recovery,97008,1,1,4.0,f993dc7bfab56fa4f120a237dd1187caf0f9f0bcbec01d19dc3f3192a8ec146f,feff6cd7a3b92676e8ca2ad250d4d8399fe9a4dc06054d9c18e012fb69041b2a
transfer_cube,401,43,Gaussian recovery,97009,1,1,4.0,f993dc7bfab56fa4f120a237dd1187caf0f9f0bcbec01d19dc3f3192a8ec146f,48d86e4e6c9ee3f831318961d8763451cf574dfe05f327b461747c2a1d799e28
transfer_cube,401,43,Gaussian recovery,97010,1,1,4.0,f993dc7bfab56fa4f120a237dd1187caf0f9f0bcbec01d19dc3f3192a8ec146f,2e1a8dba2149f8e19606c1fbfcea6ce0ae5c1840fa433da7048fe51cafd4c96d
transfer_cube,401,43,Gaussian recovery,97011,1,1,4.0,f993dc7bfab56fa4f120a237dd1187caf0f9f0bcbec01d19dc3f3192a8ec146f,b2f903693266550e2894ab1e3960a36faeb7f5f6e7477f22a27f2e97269d68e6
transfer_cube,401,43,Gaussian recovery,97012,1,1,4.0,f993dc7bfab56fa4f120a237dd1187caf0f9f0bcbec01d19dc3f3192a8ec146f,08e277b128db8908bd511f6269634c7890b0d79cd01ac8189fed569bcd48e75c
transfer_cube,401,43,Gaussian recovery,97013,0,0,2.0,f993dc7bfab56fa4f120a237dd1187caf0f9f0bcbec01d19dc3f3192a8ec146f,40ef00469e68dfab89624eb302721b95fcd30bfb28ee1f4f7490d6bdd9f7c12a
transfer_cube,401,43,Gaussian recovery,97014,0,0,2.0,f993dc7bfab56fa4f120a237dd1187caf0f9f0bcbec01d19dc3f3192a8ec146f,91d0202493f026fc303dfef56ef5ef4ba80ca8f76d058da843dda92935195760
transfer_cube,401,43,Gaussian recovery,97015,1,1,4.0,f993dc7bfab56fa4f120a237dd1187caf0f9f0bcbec01d19dc3f3192a8ec146f,4ff784419410e0a99867f6a740eafd8524a5d4439ce590715483f37894933326
transfer_cube,401,43,Gaussian recovery,97016,1,0,4.0,f993dc7bfab56fa4f120a237dd1187caf0f9f0bcbec01d19dc3f3192a8ec146f,f1fd0ce5cd5627311db91441f6dd10ebec8b1ec7d3382fb5cd22682981444801
transfer_cube,401,43,Gaussian recovery,97017,1,1,4.0,f993dc7bfab56fa4f120a237dd1187caf0f9f0bcbec01d19dc3f3192a8ec146f,d8f785845a485b80b20ecebd8ca9eecec3751d4988cbba93a3e03a8fe1d3d244
transfer_cube,401,43,Gaussian recovery,97018,0,0,2.0,f993dc7bfab56fa4f120a237dd1187caf0f9f0bcbec01d19dc3f3192a8ec146f,e27dbbe9cca3367814080451ef4694569eddc74a40b5805d7482151bdd51566e
transfer_cube,401,43,Gaussian recovery,97019,1,1,4.0,f993dc7bfab56fa4f120a237dd1187caf0f9f0bcbec01d19dc3f3192a8ec146f,9d915fa8abbf8c56ce1e0ca0dcbe456938a2fcb88e545dd1bb631406184d8b84
transfer_cube,401,43,No cross-fitting,97000,1,1,4.0,8472fd5b550cf91a305993d6d818f34c2cfada0ffe394c2cc689281120aef880,e0da4f00c4011b6ed07144d268c2b84aa673025f8fc412e8e8d59ccbe965addb
transfer_cube,401,43,No cross-fitting,97001,0,0,1.0,8472fd5b550cf91a305993d6d818f34c2cfada0ffe394c2cc689281120aef880,ee99c2b341e7185a478247e950e375d61cf36e8f4563c0ad472eba2726a45460
transfer_cube,401,43,No cross-fitting,97002,1,1,4.0,8472fd5b550cf91a305993d6d818f34c2cfada0ffe394c2cc689281120aef880,4e7db26a54fdae9a40c490215abbdd7dfe8785ad374184728555f1ab62e93ad9
transfer_cube,401,43,No cross-fitting,97003,1,1,4.0,8472fd5b550cf91a305993d6d818f34c2cfada0ffe394c2cc689281120aef880,dbe91b4619c08657c65f92ec04bcb60fd59d32034eba4170668dbbb1dfc0284d
transfer_cube,401,43,No cross-fitting,97004,1,1,4.0,8472fd5b550cf91a305993d6d818f34c2cfada0ffe394c2cc689281120aef880,37b80f897e5a2f7081818aa352b12b49dd8d47774695c87e7d68d5f5243edfc8
transfer_cube,401,43,No cross-fitting,97005,1,1,4.0,8472fd5b550cf91a305993d6d818f34c2cfada0ffe394c2cc689281120aef880,822ff3153f8080ec440b91a778899d7d142ebb2368461b7f0735b5f78c1631af
transfer_cube,401,43,No cross-fitting,97006,0,0,1.0,8472fd5b550cf91a305993d6d818f34c2cfada0ffe394c2cc689281120aef880,4ebe4c018d7ecac72cfa4c747b3f65af38bf5cd6660f9bf6556a74d70af78b53
transfer_cube,401,43,No cross-fitting,97007,0,0,2.0,8472fd5b550cf91a305993d6d818f34c2cfada0ffe394c2cc689281120aef880,fb10c678b02f279da4a1e69bf304c5f0193f15d1e36ae279b4abf3d48d33a85e
transfer_cube,401,43,No cross-fitting,97008,1,1,4.0,8472fd5b550cf91a305993d6d818f34c2cfada0ffe394c2cc689281120aef880,2179e80ebf4d8ef0795e2deb85c50b0d3556e39c02a5244c270b04187da58985
transfer_cube,401,43,No cross-fitting,97009,1,1,4.0,8472fd5b550cf91a305993d6d818f34c2cfada0ffe394c2cc689281120aef880,a32e94d593e81582652b95d57640b394ab4b4a63a0fa7600d30daf75ca61fdb8
transfer_cube,401,43,No cross-fitting,97010,1,1,4.0,8472fd5b550cf91a305993d6d818f34c2cfada0ffe394c2cc689281120aef880,77876a851c6e2cd8b62f50ee459f977e8466c85d6d90695f68301466d2acdd37
transfer_cube,401,43,No cross-fitting,97011,1,1,4.0,8472fd5b550cf91a305993d6d818f34c2cfada0ffe394c2cc689281120aef880,19331a917199214429a498ec083940c6013f601aaaddc5d943512a7a88d03e89
transfer_cube,401,43,No cross-fitting,97012,1,1,4.0,8472fd5b550cf91a305993d6d818f34c2cfada0ffe394c2cc689281120aef880,c0761b2c5fd8d8eb6eeb446504895fab3532353e13aebcfdd8db8dc8b68d5bdc
transfer_cube,401,43,No cross-fitting,97013,1,1,4.0,8472fd5b550cf91a305993d6d818f34c2cfada0ffe394c2cc689281120aef880,9df339be1eb66ab294c9c582003060d24985773c374393de4f6def86ba97ccb4
transfer_cube,401,43,No cross-fitting,97014,1,0,4.0,8472fd5b550cf91a305993d6d818f34c2cfada0ffe394c2cc689281120aef880,da87af85dba4f25dc6e8d838b9ad88502952f864f041e045d74b559f574ac1eb
transfer_cube,401,43,No cross-fitting,97015,1,1,4.0,8472fd5b550cf91a305993d6d818f34c2cfada0ffe394c2cc689281120aef880,194d15daf49f636b6df69c51313ec34e2759a2bb48e8184242d6f746babb3ae2
transfer_cube,401,43,No cross-fitting,97016,1,1,4.0,8472fd5b550cf91a305993d6d818f34c2cfada0ffe394c2cc689281120aef880,16ce3b42743e97c665002cf3d535b87bb1cfc74ca6a9a75402c9f8ef7bce1d9f
transfer_cube,401,43,No cross-fitting,97017,1,1,4.0,8472fd5b550cf91a305993d6d818f34c2cfada0ffe394c2cc689281120aef880,963c4799f945e6a8a254a34282924f155db5115a3f261ca5c313be0214d63e22
transfer_cube,401,43,No cross-fitting,97018,1,1,4.0,8472fd5b550cf91a305993d6d818f34c2cfada0ffe394c2cc689281120aef880,e87a8ab072da734bb3ba851d57fac39abeb3d2032946b0215809280ef0789fea
transfer_cube,401,43,No cross-fitting,97019,1,1,4.0,8472fd5b550cf91a305993d6d818f34c2cfada0ffe394c2cc689281120aef880,39fa023735c333f482dde0b0d76b8008c39961602d9ef53665f8cdb86f974ce3
transfer_cube,401,43,Global-time errors,97000,1,1,4.0,6f764cb3d85969c8a0f3167efc43a5ff7e6ee047b28e6a71744892489da926c3,e10012ce994b58442fb325ddd257a1fb262569452bedd0cc67d9a9c9b929a4da
transfer_cube,401,43,Global-time errors,97001,0,0,1.0,6f764cb3d85969c8a0f3167efc43a5ff7e6ee047b28e6a71744892489da926c3,8f19721cb74bd4c72c786deed4421a7016b971e426401bae512bed6c2b065e6d
transfer_cube,401,43,Global-time errors,97002,1,1,4.0,6f764cb3d85969c8a0f3167efc43a5ff7e6ee047b28e6a71744892489da926c3,9f33cce4802b1a1147bf591cac30f3a3cf445688cb046a65eb2e798ca9c63e1b
transfer_cube,401,43,Global-time errors,97003,1,1,4.0,6f764cb3d85969c8a0f3167efc43a5ff7e6ee047b28e6a71744892489da926c3,8cf70d5fd49666f30785693b41e380af358a5cde0d5b6b331533a39e53a3df8b
transfer_cube,401,43,Global-time errors,97004,1,1,4.0,6f764cb3d85969c8a0f3167efc43a5ff7e6ee047b28e6a71744892489da926c3,18cf1b3c5762ccd71ffc4ea17e84b5a1422aa8ed3e8e7e242912cb74593b8ef2
transfer_cube,401,43,Global-time errors,97005,1,1,4.0,6f764cb3d85969c8a0f3167efc43a5ff7e6ee047b28e6a71744892489da926c3,d7ad87ce7b9b6d6909408b9cc54a304b8295fa22cb23a5654571bf486b24fb1c
transfer_cube,401,43,Global-time errors,97006,0,0,1.0,6f764cb3d85969c8a0f3167efc43a5ff7e6ee047b28e6a71744892489da926c3,559d593b2a5d15ce44a68c398c251da29d799affcadaaf48fa88574d8fe8f465
transfer_cube,401,43,Global-time errors,97007,1,1,4.0,6f764cb3d85969c8a0f3167efc43a5ff7e6ee047b28e6a71744892489da926c3,8b74c6177c2ad729227e6e8c214fb85f90424b094ed11533e09a6dfd6e5f5217
transfer_cube,401,43,Global-time errors,97008,1,1,4.0,6f764cb3d85969c8a0f3167efc43a5ff7e6ee047b28e6a71744892489da926c3,dc1ccc2cc1a5a0b6625643766c43b50e3716ab589165cc1c0c3c66678a58cd19
transfer_cube,401,43,Global-time errors,97009,1,1,4.0,6f764cb3d85969c8a0f3167efc43a5ff7e6ee047b28e6a71744892489da926c3,e1f51c9c2dedc61bc41ff3bd7fd3d8cfa07cf75764fdc479b7501ef89b0e18aa
transfer_cube,401,43,Global-time errors,97010,1,1,4.0,6f764cb3d85969c8a0f3167efc43a5ff7e6ee047b28e6a71744892489da926c3,2e3884b93061389bbd2e6cd83bbc5bc5695c59b2e28b1dbbd649fbad47bb04f0
transfer_cube,401,43,Global-time errors,97011,1,1,4.0,6f764cb3d85969c8a0f3167efc43a5ff7e6ee047b28e6a71744892489da926c3,0700f1ca96f244a80f8c8f4726aa6206fda2544865bdba2ad30412ad3916f7c3
transfer_cube,401,43,Global-time errors,97012,1,1,4.0,6f764cb3d85969c8a0f3167efc43a5ff7e6ee047b28e6a71744892489da926c3,1549e5e07a92f79926058d7d47f67c28266e759d7808d77e069f0ff4609c4283
transfer_cube,401,43,Global-time errors,97013,1,1,4.0,6f764cb3d85969c8a0f3167efc43a5ff7e6ee047b28e6a71744892489da926c3,f4f0b99942cd655157d20a41f41890ed13ee1d82bc83d86852f4d80c769a801f
transfer_cube,401,43,Global-time errors,97014,1,1,4.0,6f764cb3d85969c8a0f3167efc43a5ff7e6ee047b28e6a71744892489da926c3,345243666532d9b13c1f820ce1c4168a6cd69697e332af7d31f8911822421814
transfer_cube,401,43,Global-time errors,97015,1,1,4.0,6f764cb3d85969c8a0f3167efc43a5ff7e6ee047b28e6a71744892489da926c3,6296c265ae71dab72ee97c155b7c31737e17da15820da3ed8d84574dd7474165
transfer_cube,401,43,Global-time errors,97016,1,1,4.0,6f764cb3d85969c8a0f3167efc43a5ff7e6ee047b28e6a71744892489da926c3,e44b2780d1297347d87bb2047bf3496e74231767f2d13cebe3850207e2c75a8e
transfer_cube,401,43,Global-time errors,97017,1,1,4.0,6f764cb3d85969c8a0f3167efc43a5ff7e6ee047b28e6a71744892489da926c3,f34c83067e63bd2c2749d0e878dd3caeecf5c73affeb9f23315f5f3c1ef2673e
transfer_cube,401,43,Global-time errors,97018,1,1,4.0,6f764cb3d85969c8a0f3167efc43a5ff7e6ee047b28e6a71744892489da926c3,0d3edfd7eb35a2db6194d6b3862869825c024836d7b6dcf0b66f66e9d03f74e7
transfer_cube,401,43,Global-time errors,97019,1,1,4.0,6f764cb3d85969c8a0f3167efc43a5ff7e6ee047b28e6a71744892489da926c3,82658fa188ec29dfded21152774bec0439a563935276ce251cc99ff676cad876
transfer_cube,401,43,No intermediate backtracking,97000,1,1,4.0,f3ab8c400aa5a166e4d9fe7f1bd6a3b1f2de4840f93629e2ecf957b176b3be31,38783d8dd6bbc5eab33f6b21ba8affbe65ac03e3c3b448a6df831b14486d03f6
transfer_cube,401,43,No intermediate backtracking,97001,0,0,2.0,f3ab8c400aa5a166e4d9fe7f1bd6a3b1f2de4840f93629e2ecf957b176b3be31,e9665e263a8c7027c1459f994c166da3d6424828af696141361f1ea5a4496254
transfer_cube,401,43,No intermediate backtracking,97002,1,1,4.0,f3ab8c400aa5a166e4d9fe7f1bd6a3b1f2de4840f93629e2ecf957b176b3be31,dcac57df09e5b2108eb94bc934c72078c250023dd73dbdabcac0703d5855e9b3
transfer_cube,401,43,No intermediate backtracking,97003,1,1,4.0,f3ab8c400aa5a166e4d9fe7f1bd6a3b1f2de4840f93629e2ecf957b176b3be31,cb530ed11038c3d2428cc960b68ebcee15c1db8afd2c22c670e52ec388c43f43
transfer_cube,401,43,No intermediate backtracking,97004,1,1,4.0,f3ab8c400aa5a166e4d9fe7f1bd6a3b1f2de4840f93629e2ecf957b176b3be31,d8424d5e49c6c3ae0d2fa938e4ac87b52525c156945712a535950fcafdbc6725
transfer_cube,401,43,No intermediate backtracking,97005,1,1,4.0,f3ab8c400aa5a166e4d9fe7f1bd6a3b1f2de4840f93629e2ecf957b176b3be31,8c6233215030ba1bacb757e6bc1d36c5545f0b05900c6359a33214d037a55a6d
transfer_cube,401,43,No intermediate backtracking,97006,1,1,4.0,f3ab8c400aa5a166e4d9fe7f1bd6a3b1f2de4840f93629e2ecf957b176b3be31,32b33bb6338ec23372e6e17eb3acb01b8ba0d10da15f92f8980584663f45ba38
transfer_cube,401,43,No intermediate backtracking,97007,1,1,4.0,f3ab8c400aa5a166e4d9fe7f1bd6a3b1f2de4840f93629e2ecf957b176b3be31,63660710969011369614f2f850bf398d582ccae8553d8e1242bf4649a785a147
transfer_cube,401,43,No intermediate backtracking,97008,1,1,4.0,f3ab8c400aa5a166e4d9fe7f1bd6a3b1f2de4840f93629e2ecf957b176b3be31,d3869cb0798d7930a935cf2440561ceb63f508dee5feb2240a1af6df06eff81e
transfer_cube,401,43,No intermediate backtracking,97009,1,1,4.0,f3ab8c400aa5a166e4d9fe7f1bd6a3b1f2de4840f93629e2ecf957b176b3be31,03579f5325f6fa46536c8075672e2cefd7408741e5f313c496ef46b853ebc3ab
transfer_cube,401,43,No intermediate backtracking,97010,1,1,4.0,f3ab8c400aa5a166e4d9fe7f1bd6a3b1f2de4840f93629e2ecf957b176b3be31,6051319376daeed4055634bd7d7bceed54bde5cb5c8f6d2fac24540644ab3498
transfer_cube,401,43,No intermediate backtracking,97011,1,1,4.0,f3ab8c400aa5a166e4d9fe7f1bd6a3b1f2de4840f93629e2ecf957b176b3be31,cf89f3fd813cb0c92f07ed56da798673577e0e83d6da8e8ca038eb17f3d2473b
transfer_cube,401,43,No intermediate backtracking,97012,1,1,4.0,f3ab8c400aa5a166e4d9fe7f1bd6a3b1f2de4840f93629e2ecf957b176b3be31,40324f30578602ed18e1aa7c270a796c065419a464caa830812fd1f9486b3380
transfer_cube,401,43,No intermediate backtracking,97013,0,0,2.0,f3ab8c400aa5a166e4d9fe7f1bd6a3b1f2de4840f93629e2ecf957b176b3be31,3a9c52eccb5287f076d241aec842fb6e594fd702cecc050ac09a83b7c4cbca63
transfer_cube,401,43,No intermediate backtracking,97014,1,1,4.0,f3ab8c400aa5a166e4d9fe7f1bd6a3b1f2de4840f93629e2ecf957b176b3be31,71538ae9c7a28909ad0c1d0053b0fba1be2051b7667a3324694ea20605710a0c
transfer_cube,401,43,No intermediate backtracking,97015,1,1,4.0,f3ab8c400aa5a166e4d9fe7f1bd6a3b1f2de4840f93629e2ecf957b176b3be31,593f11a57db9fe74821bb16f33c97e3e5ddabaa24738a9e02a76e438474dc633
transfer_cube,401,43,No intermediate backtracking,97016,1,1,4.0,f3ab8c400aa5a166e4d9fe7f1bd6a3b1f2de4840f93629e2ecf957b176b3be31,723c2e6512cd7d9e4e7a61e2f0fc2d477cceccb9ee4c4987264c5c2b6234ca52
transfer_cube,401,43,No intermediate backtracking,97017,1,1,4.0,f3ab8c400aa5a166e4d9fe7f1bd6a3b1f2de4840f93629e2ecf957b176b3be31,b68be2e7f827ec799ec0f2eb3e44a84eaf44ec665b1056e91c70f53cc74d709f
transfer_cube,401,43,No intermediate backtracking,97018,1,1,4.0,f3ab8c400aa5a166e4d9fe7f1bd6a3b1f2de4840f93629e2ecf957b176b3be31,b914325a0722510a249ad58b62cdd3df4344576d32e54982123fc1720515ae44
transfer_cube,401,43,No intermediate backtracking,97019,1,1,4.0,f3ab8c400aa5a166e4d9fe7f1bd6a3b1f2de4840f93629e2ecf957b176b3be31,8877c0d81633f924b0bb547ece698e14201a644de48cc15664b8c6416166ed24
transfer_cube,401,43,Gaussian CPU budget,97000,1,1,4.0,e16bcf7146a68dd35632f85c17f2e1e68fc74272df5697b149e4ae5a5a17850f,182ed20a14f45577e9d602fec74f5380835a7822ce5e47fff24e4fc6fc23f486
transfer_cube,401,43,Gaussian CPU budget,97001,1,1,4.0,e16bcf7146a68dd35632f85c17f2e1e68fc74272df5697b149e4ae5a5a17850f,a76f6a2d6c77c3946c6f63da88f3acb67dd096fa70a0bd1ffead59d4725074a3
transfer_cube,401,43,Gaussian CPU budget,97002,1,1,4.0,e16bcf7146a68dd35632f85c17f2e1e68fc74272df5697b149e4ae5a5a17850f,5fd25e4fcce81ef3769a81fb78d0c0f1b61793c6c966b428881b8ef7f6836eb4
transfer_cube,401,43,Gaussian CPU budget,97003,1,1,4.0,e16bcf7146a68dd35632f85c17f2e1e68fc74272df5697b149e4ae5a5a17850f,21e12b3a90f82fd9f8529ef94b8436856300ca8fa401a8cacbc4f628efd82eb2
transfer_cube,401,43,Gaussian CPU budget,97004,1,1,4.0,e16bcf7146a68dd35632f85c17f2e1e68fc74272df5697b149e4ae5a5a17850f,f9ee355148be0818d9f517806c1a6fb9247c88e0eff5e927297751c12a01b91d
transfer_cube,401,43,Gaussian CPU budget,97005,1,1,4.0,e16bcf7146a68dd35632f85c17f2e1e68fc74272df5697b149e4ae5a5a17850f,1359d8636025f30e45088cb5aa46be2864edd13fa6415538f3fc356cb60f3801
transfer_cube,401,43,Gaussian CPU budget,97006,1,1,4.0,e16bcf7146a68dd35632f85c17f2e1e68fc74272df5697b149e4ae5a5a17850f,e5947d439023ce04b6cbf728363de04cdc1d9694137cf9e2befe08cc600238a1
transfer_cube,401,43,Gaussian CPU budget,97007,1,1,4.0,e16bcf7146a68dd35632f85c17f2e1e68fc74272df5697b149e4ae5a5a17850f,551c7ff605241513d9c0b62f447ccb96a2050c56912d8a96df6098858ea8280e
transfer_cube,401,43,Gaussian CPU budget,97008,1,1,4.0,e16bcf7146a68dd35632f85c17f2e1e68fc74272df5697b149e4ae5a5a17850f,d0c422f6d2d8bfa18bbbc4baa0f936db48d6c3b11a84182ac0c11ec71c0f346d
transfer_cube,401,43,Gaussian CPU budget,97009,1,1,4.0,e16bcf7146a68dd35632f85c17f2e1e68fc74272df5697b149e4ae5a5a17850f,ff06a7a7b45eb56274bcee1138862d422c52b2a1f13d53f161786fef99630aec
transfer_cube,401,43,Gaussian CPU budget,97010,1,1,4.0,e16bcf7146a68dd35632f85c17f2e1e68fc74272df5697b149e4ae5a5a17850f,9edf87190cee9ef2cb77df9ac33f70b06d8f7c0e5dc6e51bef7a03c78fcafcad
transfer_cube,401,43,Gaussian CPU budget,97011,1,1,4.0,e16bcf7146a68dd35632f85c17f2e1e68fc74272df5697b149e4ae5a5a17850f,16d8cc12e6685eaa50fc133aca3a8435511347a681c89b5aae3ecafd93683db1
transfer_cube,401,43,Gaussian CPU budget,97012,1,1,4.0,e16bcf7146a68dd35632f85c17f2e1e68fc74272df5697b149e4ae5a5a17850f,c90d342f68d8df3b9a495b4dc7127f5455d200907700033e1089eb749e3e08bb
transfer_cube,401,43,Gaussian CPU budget,97013,1,1,4.0,e16bcf7146a68dd35632f85c17f2e1e68fc74272df5697b149e4ae5a5a17850f,14df0224a7aac05df6e1899229fa131bb9bdb1c8e55674e61f3ad076f103034f
transfer_cube,401,43,Gaussian CPU budget,97014,1,1,4.0,e16bcf7146a68dd35632f85c17f2e1e68fc74272df5697b149e4ae5a5a17850f,7bca9c0977936e1e4f26aaa8583756607434d8fd36defbebaa16ecda55a63e1f
transfer_cube,401,43,Gaussian CPU budget,97015,1,1,4.0,e16bcf7146a68dd35632f85c17f2e1e68fc74272df5697b149e4ae5a5a17850f,01598983d0607afb8c58d16eefb81e4e80bd9ecde4e463b425f52c097c4efb51
transfer_cube,401,43,Gaussian CPU budget,97016,1,1,4.0,e16bcf7146a68dd35632f85c17f2e1e68fc74272df5697b149e4ae5a5a17850f,e1154a9371989cb904f743fc6895aa20cff35a80e2fd5a5523c2d76e0411d46a
transfer_cube,401,43,Gaussian CPU budget,97017,1,1,4.0,e16bcf7146a68dd35632f85c17f2e1e68fc74272df5697b149e4ae5a5a17850f,8c90355fd20e783e2b07afca8414a94e3fc1d75d27fa4bc30d2a6ab3a8f907c1
transfer_cube,401,43,Gaussian CPU budget,97018,1,1,4.0,e16bcf7146a68dd35632f85c17f2e1e68fc74272df5697b149e4ae5a5a17850f,d97c71d78a623737258844927a03fe6bf1317aa635529f68b53cd9f055c50d31
transfer_cube,401,43,Gaussian CPU budget,97019,1,1,4.0,e16bcf7146a68dd35632f85c17f2e1e68fc74272df5697b149e4ae5a5a17850f,12c8fb51f3ef53d2fdb529a3b06000c75242f27a110aa9ee162d769dc72c2f06
transfer_cube,503,17,Clean repeat,97000,1,1,4.0,f80ac2372d28676f41dbe606b363d61c8de697e321a407553fbafd0591ad32a3,814652aca810fc69fda88f8f8679eb23ae2852bef2151609219dfc0282e0f00a
transfer_cube,503,17,Clean repeat,97001,0,0,0.0,f80ac2372d28676f41dbe606b363d61c8de697e321a407553fbafd0591ad32a3,cac81fce0401114451686e0ca14df0e2e16449e91ad2421236090a65960cba2b
transfer_cube,503,17,Clean repeat,97002,0,0,2.0,f80ac2372d28676f41dbe606b363d61c8de697e321a407553fbafd0591ad32a3,a3cfe8c2240b84aa7f1986d8c4ef3e37554bcd3349356a5447c8848abc112b73
transfer_cube,503,17,Clean repeat,97003,0,0,1.0,f80ac2372d28676f41dbe606b363d61c8de697e321a407553fbafd0591ad32a3,676110a996b402a58cb31d9e69caef5d0e0bc947735444fff54d3a9b3ad9e70b
transfer_cube,503,17,Clean repeat,97004,0,0,2.0,f80ac2372d28676f41dbe606b363d61c8de697e321a407553fbafd0591ad32a3,367ce4ae43c59e8a39e10385a4e6ad3ce50fdbc3d927233d4eec56e2cdf0ebbd
transfer_cube,503,17,Clean repeat,97005,0,0,2.0,f80ac2372d28676f41dbe606b363d61c8de697e321a407553fbafd0591ad32a3,14a886603f20eeb5a48f66dfadf4f58e59cef58c966f908095ea95d5f1ac8031
transfer_cube,503,17,Clean repeat,97006,1,1,4.0,f80ac2372d28676f41dbe606b363d61c8de697e321a407553fbafd0591ad32a3,231fd1919db71a916b87819e1af3dc7f34276348b2ac683caf6651830fe72222
transfer_cube,503,17,Clean repeat,97007,1,1,4.0,f80ac2372d28676f41dbe606b363d61c8de697e321a407553fbafd0591ad32a3,923540df242ed6cb4493318bf4dd229578c1da0f919f3f13b58c35f9f65042b6
transfer_cube,503,17,Clean repeat,97008,1,1,4.0,f80ac2372d28676f41dbe606b363d61c8de697e321a407553fbafd0591ad32a3,d2e8bf54a968e3f9606d717109335d3cd24ab09b4dc5b7d26849604234850fad
transfer_cube,503,17,Clean repeat,97009,1,1,4.0,f80ac2372d28676f41dbe606b363d61c8de697e321a407553fbafd0591ad32a3,bb889fff5279056bf086b18dd881ab88ef5f8ae6e0328eaefa73fe79827b95f8
transfer_cube,503,17,Clean repeat,97010,1,1,4.0,f80ac2372d28676f41dbe606b363d61c8de697e321a407553fbafd0591ad32a3,38e76024386de1736eec2445ae85341ad79b5eb0db7b053103afbfe47dab003b
transfer_cube,503,17,Clean repeat,97011,0,0,2.0,f80ac2372d28676f41dbe606b363d61c8de697e321a407553fbafd0591ad32a3,e985a45b9b3ace209823a0c8f46a694276382e2d1709703c57a9c985c5920703
transfer_cube,503,17,Clean repeat,97012,0,0,2.0,f80ac2372d28676f41dbe606b363d61c8de697e321a407553fbafd0591ad32a3,208cf90fb4b7d719aa5aeee56839f326d1727bd6c21cd6c430ea9f4f21acdd97
transfer_cube,503,17,Clean repeat,97013,0,0,0.0,f80ac2372d28676f41dbe606b363d61c8de697e321a407553fbafd0591ad32a3,6543aa3de46c3788c49a63a4754ad71d131bbf13e60ff23318e195fd271fecf3
transfer_cube,503,17,Clean repeat,97014,1,1,4.0,f80ac2372d28676f41dbe606b363d61c8de697e321a407553fbafd0591ad32a3,a6c2d425211a1108148ac14b5f87779f443aaebdc3fc8270c55e5b10c7398b99
transfer_cube,503,17,Clean repeat,97015,0,0,2.0,f80ac2372d28676f41dbe606b363d61c8de697e321a407553fbafd0591ad32a3,6dd48277fad5a7b668652ffe5abdc9f4b61f1f671e980288f6664be8eb6ea5df
transfer_cube,503,17,Clean repeat,97016,0,0,2.0,f80ac2372d28676f41dbe606b363d61c8de697e321a407553fbafd0591ad32a3,670f5df530505b69ed3cf9e64336b0e0b5b52ceda756302d49ce82f4e8a5029e
transfer_cube,503,17,Clean repeat,97017,0,0,2.0,f80ac2372d28676f41dbe606b363d61c8de697e321a407553fbafd0591ad32a3,b6fcfce983e70cf48f96808bd89856eb4119fdcecc0514ff5f0d22ad7e345e52
transfer_cube,503,17,Clean repeat,97018,0,0,0.0,f80ac2372d28676f41dbe606b363d61c8de697e321a407553fbafd0591ad32a3,72b779e548717c4020229aa71190ca5589570dd8a7617777dff1b83b3115f03c
transfer_cube,503,17,Clean repeat,97019,1,1,4.0,f80ac2372d28676f41dbe606b363d61c8de697e321a407553fbafd0591ad32a3,638a87441d3f75894a66c139453a60ef36e9068e01dfe7c1e7580f4b19050fc5
transfer_cube,503,17,SCANA-R,97000,1,1,4.0,a3a147ae86765428f2abb98071fbc5fd79103ed68f21cbead66cd657d6b65c73,8400301429de5a948a2702a42f01bdceebdd5877ea1951428f0228fc30926620
transfer_cube,503,17,SCANA-R,97001,0,0,2.0,a3a147ae86765428f2abb98071fbc5fd79103ed68f21cbead66cd657d6b65c73,b054327f5bf2532ae19b251e1bdd5fd982c70dbd51669e1c659ec6c2a4d55010
transfer_cube,503,17,SCANA-R,97002,1,1,4.0,a3a147ae86765428f2abb98071fbc5fd79103ed68f21cbead66cd657d6b65c73,b8b52c07043047defa6c3b96c9106acacc5d8168a2f86f959114b4fb540af7a8
transfer_cube,503,17,SCANA-R,97003,1,1,4.0,a3a147ae86765428f2abb98071fbc5fd79103ed68f21cbead66cd657d6b65c73,05b2f88fde85e576b28175735f0c4ba2c0f10e114da4fbdcb3214616e22bdbe4
transfer_cube,503,17,SCANA-R,97004,1,1,4.0,a3a147ae86765428f2abb98071fbc5fd79103ed68f21cbead66cd657d6b65c73,b1b0c39b20190307ec7adf41868977bab2707e1c20010554c37f1f5b115dd08d
transfer_cube,503,17,SCANA-R,97005,1,1,4.0,a3a147ae86765428f2abb98071fbc5fd79103ed68f21cbead66cd657d6b65c73,77c21ed64bf809eedf5562e9ab0a5c7adb813064945a445ff78522a4705459de
transfer_cube,503,17,SCANA-R,97006,1,1,4.0,a3a147ae86765428f2abb98071fbc5fd79103ed68f21cbead66cd657d6b65c73,3676f9455476b157b638039902bf53e67d57136930211a396e88f4ebe7206527
transfer_cube,503,17,SCANA-R,97007,1,1,4.0,a3a147ae86765428f2abb98071fbc5fd79103ed68f21cbead66cd657d6b65c73,59be045f4c3577d0a6921b1ceab7e87722f4cd3665f630641a95fefa0073e392
transfer_cube,503,17,SCANA-R,97008,1,1,4.0,a3a147ae86765428f2abb98071fbc5fd79103ed68f21cbead66cd657d6b65c73,816b5e14287185314416ff2cc8fa73f5fb80d4577314bc6ad3accbb0f31f5cd4
transfer_cube,503,17,SCANA-R,97009,1,1,4.0,a3a147ae86765428f2abb98071fbc5fd79103ed68f21cbead66cd657d6b65c73,9c996b267c5909cff62f62947bdfe3fb9b2be9d52bf5438f7beca11795742581
transfer_cube,503,17,SCANA-R,97010,1,1,4.0,a3a147ae86765428f2abb98071fbc5fd79103ed68f21cbead66cd657d6b65c73,4a8fc41a9250dde08abd80ba6d45216ee9cbfe6d586bfffb85cc92a8ea2686a5
transfer_cube,503,17,SCANA-R,97011,1,1,4.0,a3a147ae86765428f2abb98071fbc5fd79103ed68f21cbead66cd657d6b65c73,0a767304621b804c073cc8c70b0f4629f69d0fe4c9f4f61bc0f408e0a3789b26
transfer_cube,503,17,SCANA-R,97012,1,1,4.0,a3a147ae86765428f2abb98071fbc5fd79103ed68f21cbead66cd657d6b65c73,1227347e40a890f52e9a8066b9de1994954ae272a42f217b40b54a3f61ac5635
transfer_cube,503,17,SCANA-R,97013,1,1,4.0,a3a147ae86765428f2abb98071fbc5fd79103ed68f21cbead66cd657d6b65c73,34b132a16d87da1198ce64f393d03260aaa89c1293aa82789f0f792c1d790527
transfer_cube,503,17,SCANA-R,97014,1,1,4.0,a3a147ae86765428f2abb98071fbc5fd79103ed68f21cbead66cd657d6b65c73,0b5607974f3f95e31ddbcabae27fca2e048adcc71d90bff19c84d63dcda2e7f8
transfer_cube,503,17,SCANA-R,97015,1,1,4.0,a3a147ae86765428f2abb98071fbc5fd79103ed68f21cbead66cd657d6b65c73,e6be3e0d60ac82dc7695309576e80ae6a1085b9bfbcf4c8c579f2bb98a8b24c7
transfer_cube,503,17,SCANA-R,97016,1,1,4.0,a3a147ae86765428f2abb98071fbc5fd79103ed68f21cbead66cd657d6b65c73,b8c2b0069a68f688efb6ba2f5916617d11033193d1d7fffe584560e90d1509bc
transfer_cube,503,17,SCANA-R,97017,1,1,4.0,a3a147ae86765428f2abb98071fbc5fd79103ed68f21cbead66cd657d6b65c73,f7360d62f1494a7c4e93d60c030e0169d8435694e20910159465ab8c0218c750
transfer_cube,503,17,SCANA-R,97018,1,1,4.0,a3a147ae86765428f2abb98071fbc5fd79103ed68f21cbead66cd657d6b65c73,3f9714b99e9b1817f4bec67ee6dbc992f1529d253e5fb23647004121d432f337
transfer_cube,503,17,SCANA-R,97019,1,1,4.0,a3a147ae86765428f2abb98071fbc5fd79103ed68f21cbead66cd657d6b65c73,12445c02f520bd2d9c84d3819187d87236dd1a13eaf814c2aa2218ac6146d855
transfer_cube,503,17,Gaussian recovery,97000,1,1,4.0,e82383e91d9c8538e4b7a684e3402d1f2b14317d794790f342e332ba3c9bed02,5b15c1ab395f2e5029abf9632935d5bada83de11790b36e17c4b9113ffdbff5e
transfer_cube,503,17,Gaussian recovery,97001,0,0,0.0,e82383e91d9c8538e4b7a684e3402d1f2b14317d794790f342e332ba3c9bed02,e0512d98251653bf27765f601bdac254383648cdf3ad86deae2639afc486feb6
transfer_cube,503,17,Gaussian recovery,97002,1,1,4.0,e82383e91d9c8538e4b7a684e3402d1f2b14317d794790f342e332ba3c9bed02,2dace2d1fcd43908c5c86bb83f8f21a90e4d41889d1733e5e21c41d2cbcbe007
transfer_cube,503,17,Gaussian recovery,97003,1,1,4.0,e82383e91d9c8538e4b7a684e3402d1f2b14317d794790f342e332ba3c9bed02,8e937e6f9f9e10bf8556306efe6891fb7df9175bc5c5347913484f96c39c8562
transfer_cube,503,17,Gaussian recovery,97004,1,1,4.0,e82383e91d9c8538e4b7a684e3402d1f2b14317d794790f342e332ba3c9bed02,f8c96530c87824c08b1d5bbf473af9f6dba9e302255166928aa848c7e3428dc9
transfer_cube,503,17,Gaussian recovery,97005,1,1,4.0,e82383e91d9c8538e4b7a684e3402d1f2b14317d794790f342e332ba3c9bed02,7637c706d9a54b1c18d434439cb5a2752f7fd57f3a70c94824be7e5b9cf89155
transfer_cube,503,17,Gaussian recovery,97006,1,1,4.0,e82383e91d9c8538e4b7a684e3402d1f2b14317d794790f342e332ba3c9bed02,56f3ccb68d1f2cf525e38f0051b7a79ff1f49caa6086d593ce9c40602feb6a10
transfer_cube,503,17,Gaussian recovery,97007,1,1,4.0,e82383e91d9c8538e4b7a684e3402d1f2b14317d794790f342e332ba3c9bed02,68f131a71c9c538d381e919e55421564149fdef4b74bd6c689c5f83a66a9bfa2
transfer_cube,503,17,Gaussian recovery,97008,1,1,4.0,e82383e91d9c8538e4b7a684e3402d1f2b14317d794790f342e332ba3c9bed02,c09ec2c9a8cb55411d8c0a06878fb68f17f87512c87a5bc741adbe9cca4acb66
transfer_cube,503,17,Gaussian recovery,97009,1,1,4.0,e82383e91d9c8538e4b7a684e3402d1f2b14317d794790f342e332ba3c9bed02,4644c4a94e9a7450bac0f2ffef323a8cc3ddb1e2b1d1a1a83e2083c292bbdefe
transfer_cube,503,17,Gaussian recovery,97010,1,1,4.0,e82383e91d9c8538e4b7a684e3402d1f2b14317d794790f342e332ba3c9bed02,f776c0fc59d5a47569f7732905b55668a8bd1099a37a00ae4ecaa04bdf6130c5
transfer_cube,503,17,Gaussian recovery,97011,1,1,4.0,e82383e91d9c8538e4b7a684e3402d1f2b14317d794790f342e332ba3c9bed02,5b44ffa1bd44b42bc493e49d21483b58c48f73c41876ab4a56bbfc6eb6a3124e
transfer_cube,503,17,Gaussian recovery,97012,1,1,4.0,e82383e91d9c8538e4b7a684e3402d1f2b14317d794790f342e332ba3c9bed02,cebf9c6bce798450d527bda7a716bd06d9d86eab7bd9a121c8b158ce605a966e
transfer_cube,503,17,Gaussian recovery,97013,0,0,0.0,e82383e91d9c8538e4b7a684e3402d1f2b14317d794790f342e332ba3c9bed02,b6333aec4f46e35b2aa1d530d6cd36a46c265b17bf2b259e5cbd24a4ae1c40fd
transfer_cube,503,17,Gaussian recovery,97014,1,1,4.0,e82383e91d9c8538e4b7a684e3402d1f2b14317d794790f342e332ba3c9bed02,ff8f5a2bb6010c7efa3b100bef422feccb0672de6cb7e51a6e6f9e676eb3ecea
transfer_cube,503,17,Gaussian recovery,97015,1,1,4.0,e82383e91d9c8538e4b7a684e3402d1f2b14317d794790f342e332ba3c9bed02,4236fe9cea8946f93271f1dd88cc31e231c9f5dac98d029b2cd36410cbd4b768
transfer_cube,503,17,Gaussian recovery,97016,1,1,4.0,e82383e91d9c8538e4b7a684e3402d1f2b14317d794790f342e332ba3c9bed02,7dc04742c38713fa45716e0c75c7740aa3dae09720a450c585ce858a4cd7035a
transfer_cube,503,17,Gaussian recovery,97017,1,1,4.0,e82383e91d9c8538e4b7a684e3402d1f2b14317d794790f342e332ba3c9bed02,8756aa0da63b5192b0290bdc00ce1af4ca5e79aeed81cb5341620a48f7b9d77f
transfer_cube,503,17,Gaussian recovery,97018,1,1,4.0,e82383e91d9c8538e4b7a684e3402d1f2b14317d794790f342e332ba3c9bed02,de5fcc2c32705783e83206557c87ae90c16a2f702553e465c6e578269e7a7849
transfer_cube,503,17,Gaussian recovery,97019,1,1,4.0,e82383e91d9c8538e4b7a684e3402d1f2b14317d794790f342e332ba3c9bed02,43f7cecc671dc1b7848d14a681c19b64e689b7131c099fb8bbfc1c4241458b74
transfer_cube,503,17,No cross-fitting,97000,1,1,4.0,ed559ed97a7714f44fbb78feeaf555bb3d77563fac469ee814361facf3d49ce1,cc9478ec0eaa07b0add186ee95dd7b9e7bbafb315f79bfb980ffd3913f4fbf7c
transfer_cube,503,17,No cross-fitting,97001,0,0,1.0,ed559ed97a7714f44fbb78feeaf555bb3d77563fac469ee814361facf3d49ce1,262fe8f88c72fab14e2604b4f5cee8abed9ff5fe0784dd2cbfc789354fb7986b
transfer_cube,503,17,No cross-fitting,97002,1,1,4.0,ed559ed97a7714f44fbb78feeaf555bb3d77563fac469ee814361facf3d49ce1,9c625925ee0ace595c09f0e82bd0cf864a8cdb7fa5486cda99895fff728c373c
transfer_cube,503,17,No cross-fitting,97003,1,1,4.0,ed559ed97a7714f44fbb78feeaf555bb3d77563fac469ee814361facf3d49ce1,dd7eafbf9142f511c9ab14c4487d176853b4513a06ce2a2ce4db2d8940bf0ee1
transfer_cube,503,17,No cross-fitting,97004,1,1,4.0,ed559ed97a7714f44fbb78feeaf555bb3d77563fac469ee814361facf3d49ce1,1ac50676c45a19fcf4301304742dac45c0d3328a81daf4d22ea5fffd03b1dc13
transfer_cube,503,17,No cross-fitting,97005,1,1,4.0,ed559ed97a7714f44fbb78feeaf555bb3d77563fac469ee814361facf3d49ce1,2890f59174f766660246288c9109b065e6e03ba1623dee61a6e7af93c406c751
transfer_cube,503,17,No cross-fitting,97006,0,0,0.0,ed559ed97a7714f44fbb78feeaf555bb3d77563fac469ee814361facf3d49ce1,5272f0f75fe495336b870eb20ff81fd48187f65e24760fd13acd8bf5a6c90364
transfer_cube,503,17,No cross-fitting,97007,1,1,4.0,ed559ed97a7714f44fbb78feeaf555bb3d77563fac469ee814361facf3d49ce1,8243aa0b20bc2e18883ef0c5acf3233ca3362b1e3633f58735fa90403f598ba1
transfer_cube,503,17,No cross-fitting,97008,1,1,4.0,ed559ed97a7714f44fbb78feeaf555bb3d77563fac469ee814361facf3d49ce1,2b3112da9d014921ee86e7d692e54564631226f7eab438f9e987df30db79b9be
transfer_cube,503,17,No cross-fitting,97009,1,1,4.0,ed559ed97a7714f44fbb78feeaf555bb3d77563fac469ee814361facf3d49ce1,ec039a42cb4255197d204a095a803cd6281f4ce1de0b0faf9c8ec0d70ba75239
transfer_cube,503,17,No cross-fitting,97010,1,1,4.0,ed559ed97a7714f44fbb78feeaf555bb3d77563fac469ee814361facf3d49ce1,9f47aa78acd6aa0cf70dd38580582bee4896a22abd023416c8bdc77ea8328469
transfer_cube,503,17,No cross-fitting,97011,1,1,4.0,ed559ed97a7714f44fbb78feeaf555bb3d77563fac469ee814361facf3d49ce1,167b6902127bf9bf0d9b1c1bf394713f8072764f8d608e5e5da7ef44f992167f
transfer_cube,503,17,No cross-fitting,97012,1,1,4.0,ed559ed97a7714f44fbb78feeaf555bb3d77563fac469ee814361facf3d49ce1,4a7cd96cc23acfc19a811c53180e86e177a965c8aeb8d755055bdcc6ce14fe41
transfer_cube,503,17,No cross-fitting,97013,1,1,4.0,ed559ed97a7714f44fbb78feeaf555bb3d77563fac469ee814361facf3d49ce1,7883ceb12d1e1fb785ed6aff59810a8f096f4967023b4fd089f5e0171e064327
transfer_cube,503,17,No cross-fitting,97014,1,1,4.0,ed559ed97a7714f44fbb78feeaf555bb3d77563fac469ee814361facf3d49ce1,da4b2b48ff18e8e5b06b77ac25b32be965e369edfb486a67146413ac975d8808
transfer_cube,503,17,No cross-fitting,97015,1,1,4.0,ed559ed97a7714f44fbb78feeaf555bb3d77563fac469ee814361facf3d49ce1,f5c818593972866ea273c7cd27148fd755ce7709d7613652f052892f2a4351e7
transfer_cube,503,17,No cross-fitting,97016,1,1,4.0,ed559ed97a7714f44fbb78feeaf555bb3d77563fac469ee814361facf3d49ce1,9cb9b8d3f0ee5069dd3efce5719c764115769bd17ae661ab900b037b54b7f171
transfer_cube,503,17,No cross-fitting,97017,1,1,4.0,ed559ed97a7714f44fbb78feeaf555bb3d77563fac469ee814361facf3d49ce1,07edbe5a7a2cdfc30f63c90bac7409be37fe8d28e3fec37d55c95e59d06ed495
transfer_cube,503,17,No cross-fitting,97018,1,1,4.0,ed559ed97a7714f44fbb78feeaf555bb3d77563fac469ee814361facf3d49ce1,cfe2759424ff5a860b583fbd9cd0997e74498e2c95f0c897b6c26041a0eff072
transfer_cube,503,17,No cross-fitting,97019,1,1,4.0,ed559ed97a7714f44fbb78feeaf555bb3d77563fac469ee814361facf3d49ce1,28e772f5a367d9255888f352991289a245eb0bd768b1a1f81943a4e88c64d386
transfer_cube,503,17,Global-time errors,97000,1,1,4.0,041b503ab909fb87d8abeb1b1964e59c16004f4913db6f4b13b839b45eb776d2,dd44c22e21773e9c855e64924f6dd0af4690e0b5fd123849e61a59f27009f003
transfer_cube,503,17,Global-time errors,97001,0,0,1.0,041b503ab909fb87d8abeb1b1964e59c16004f4913db6f4b13b839b45eb776d2,c4186f83e99a2d3c5f100770e386a29109fedb04f3cf8f26633c2d8c6ddee559
transfer_cube,503,17,Global-time errors,97002,1,1,4.0,041b503ab909fb87d8abeb1b1964e59c16004f4913db6f4b13b839b45eb776d2,fa3158a7c4cbfd2b365287b69aa005c483bf4bff8b0249ce557f705cd8036247
transfer_cube,503,17,Global-time errors,97003,1,1,4.0,041b503ab909fb87d8abeb1b1964e59c16004f4913db6f4b13b839b45eb776d2,76965fe434c59499e8bd3b94c79972d8fb20fe4ff9f8fa26385b62f132f38370
transfer_cube,503,17,Global-time errors,97004,1,1,4.0,041b503ab909fb87d8abeb1b1964e59c16004f4913db6f4b13b839b45eb776d2,9614a64ac4f8340e9e1b0f898bb8ea11c872bcd2fcb724acda0582a7851aa869
transfer_cube,503,17,Global-time errors,97005,1,1,4.0,041b503ab909fb87d8abeb1b1964e59c16004f4913db6f4b13b839b45eb776d2,22751fbd16278c12360ccb1db935cb3678443a7be876ad328f9e3ade580659e7
transfer_cube,503,17,Global-time errors,97006,1,1,4.0,041b503ab909fb87d8abeb1b1964e59c16004f4913db6f4b13b839b45eb776d2,a37239d9d118d0e0e07501f5432a37ee8e6d1abf62074b28f3158ed36fecf09e
transfer_cube,503,17,Global-time errors,97007,1,1,4.0,041b503ab909fb87d8abeb1b1964e59c16004f4913db6f4b13b839b45eb776d2,8b7f8988bf103d360e660a88dfaabdcd94d7b1db2361fc8aefa43c8e8d3d61fe
transfer_cube,503,17,Global-time errors,97008,1,1,4.0,041b503ab909fb87d8abeb1b1964e59c16004f4913db6f4b13b839b45eb776d2,a093ae6ad018f406cac32620c04b8941c5fe8eaad58c1c2b49aacf84cbfff6e2
transfer_cube,503,17,Global-time errors,97009,1,1,4.0,041b503ab909fb87d8abeb1b1964e59c16004f4913db6f4b13b839b45eb776d2,7f0bfaed6278d5f61429658c34b0d562d8addef2521a4dc0a1e03ea7bbb6e7da
transfer_cube,503,17,Global-time errors,97010,1,1,4.0,041b503ab909fb87d8abeb1b1964e59c16004f4913db6f4b13b839b45eb776d2,59defafaf193bd6b816e1b357d70682585fbb4d3f1c3bef1257f4643e40851c1
transfer_cube,503,17,Global-time errors,97011,1,1,4.0,041b503ab909fb87d8abeb1b1964e59c16004f4913db6f4b13b839b45eb776d2,4815032c98533cf84ed046dd00fd0cbbf051f05b85a21663ea54fdf19660a565
transfer_cube,503,17,Global-time errors,97012,1,1,4.0,041b503ab909fb87d8abeb1b1964e59c16004f4913db6f4b13b839b45eb776d2,19287f4c917b5f3080045444fa9965db3e479cc2395bb358434b059ddf1152c0
transfer_cube,503,17,Global-time errors,97013,1,1,4.0,041b503ab909fb87d8abeb1b1964e59c16004f4913db6f4b13b839b45eb776d2,db89e9eecc6a5314716fa0410fffe0cd1ebf4ca752ba7e99bffced32e392dfc0
transfer_cube,503,17,Global-time errors,97014,1,1,4.0,041b503ab909fb87d8abeb1b1964e59c16004f4913db6f4b13b839b45eb776d2,15d05f1a404e6c77cfd9c6335d427424872355a8e51ca7abb06b7a844d262e05
transfer_cube,503,17,Global-time errors,97015,1,1,4.0,041b503ab909fb87d8abeb1b1964e59c16004f4913db6f4b13b839b45eb776d2,68f48dc85db970192c4fd2faa49604889e0167944790addd78d87a84d8406de2
transfer_cube,503,17,Global-time errors,97016,1,1,4.0,041b503ab909fb87d8abeb1b1964e59c16004f4913db6f4b13b839b45eb776d2,fbe8d3c72cdbc7423d6ca389ff88d4dbc6d5a7078aa15ce8f02f09907064143c
transfer_cube,503,17,Global-time errors,97017,1,1,4.0,041b503ab909fb87d8abeb1b1964e59c16004f4913db6f4b13b839b45eb776d2,af072bf61e59e24cdba49b7fc184dbbfc0b2de9e03ae7b27f183640352a9c0d1
transfer_cube,503,17,Global-time errors,97018,1,1,4.0,041b503ab909fb87d8abeb1b1964e59c16004f4913db6f4b13b839b45eb776d2,bd7154119bc47834151bb237e33bd9519a72d585e9d52e3035bcb7797e2e0c45
transfer_cube,503,17,Global-time errors,97019,1,1,4.0,041b503ab909fb87d8abeb1b1964e59c16004f4913db6f4b13b839b45eb776d2,b59bf66b62d90ba2290b44e2522b5ac11c1b048d3dd8ce1c7a4d0e155c7e5461
transfer_cube,503,17,No intermediate backtracking,97000,1,1,4.0,881076902bf13ca501935564f8e70d0bd0eed2c6554ad0834c3ba9b65294367b,e4675e66005a56818518e55a9661f726158abd2df560dc23cfcfae6c6dbeb829
transfer_cube,503,17,No intermediate backtracking,97001,0,0,2.0,881076902bf13ca501935564f8e70d0bd0eed2c6554ad0834c3ba9b65294367b,803245b6aa23b5f9abff8a92ce9571d2d12d4a97ef45350d201b850856d2ed73
transfer_cube,503,17,No intermediate backtracking,97002,1,0,4.0,881076902bf13ca501935564f8e70d0bd0eed2c6554ad0834c3ba9b65294367b,102e76bc62151dbb7b4952aec2abe1e31d1cd88d2e5578a6d2269e7f601489a1
transfer_cube,503,17,No intermediate backtracking,97003,1,1,4.0,881076902bf13ca501935564f8e70d0bd0eed2c6554ad0834c3ba9b65294367b,fdbbade5f028b6ae0b5a7c87c7b20e82441c3fb21d7d84f24a4cbd30dd7d2cf1
transfer_cube,503,17,No intermediate backtracking,97004,1,1,4.0,881076902bf13ca501935564f8e70d0bd0eed2c6554ad0834c3ba9b65294367b,8b56b80d2ac589dbeba073eff4536ddc9652eaf1d32845863cb8ec34cc60859d
transfer_cube,503,17,No intermediate backtracking,97005,1,1,4.0,881076902bf13ca501935564f8e70d0bd0eed2c6554ad0834c3ba9b65294367b,2dae2ca75566aafcf2f82b2a9f35175949ecce40fafbd0983b6ab90e0dc516d2
transfer_cube,503,17,No intermediate backtracking,97006,1,1,4.0,881076902bf13ca501935564f8e70d0bd0eed2c6554ad0834c3ba9b65294367b,052abdfaed385402ab2fcc1cc8dc8ce9f88beeb32f73131560162c6f1d807535
transfer_cube,503,17,No intermediate backtracking,97007,1,1,4.0,881076902bf13ca501935564f8e70d0bd0eed2c6554ad0834c3ba9b65294367b,0cacb9a96b73723bb1a7dc37834e4b2ddb82ba108bce4d398ac0d92eaddebf20
transfer_cube,503,17,No intermediate backtracking,97008,1,1,4.0,881076902bf13ca501935564f8e70d0bd0eed2c6554ad0834c3ba9b65294367b,4d1e23792032287dc5350fb43064acd4022ce3d2f9166d9edd89b46c27555348
transfer_cube,503,17,No intermediate backtracking,97009,1,1,4.0,881076902bf13ca501935564f8e70d0bd0eed2c6554ad0834c3ba9b65294367b,2b1f722176dd3334f6b6e31c6ed8f63ccb7b8924d733736bfb5c349f50437438
transfer_cube,503,17,No intermediate backtracking,97010,1,1,4.0,881076902bf13ca501935564f8e70d0bd0eed2c6554ad0834c3ba9b65294367b,ef463b674c3e827f625097e746dad5f5a3216a5a86d702ab8bdaeb8446306ade
transfer_cube,503,17,No intermediate backtracking,97011,1,1,4.0,881076902bf13ca501935564f8e70d0bd0eed2c6554ad0834c3ba9b65294367b,0afcd8c3cce31235abc66d89e99380afaa647223c9c7a15c221184454bcf8433
transfer_cube,503,17,No intermediate backtracking,97012,1,1,4.0,881076902bf13ca501935564f8e70d0bd0eed2c6554ad0834c3ba9b65294367b,15204165fb924cd47bf0881030a8425159878a1030a37847bf9d00186d905e72
transfer_cube,503,17,No intermediate backtracking,97013,1,1,4.0,881076902bf13ca501935564f8e70d0bd0eed2c6554ad0834c3ba9b65294367b,ef544766c22442db12bcc9b403fc99a75981798d4365c5918bb9354888516dbb
transfer_cube,503,17,No intermediate backtracking,97014,1,1,4.0,881076902bf13ca501935564f8e70d0bd0eed2c6554ad0834c3ba9b65294367b,d18d9d69a876583f92803d7a4fb9dfa3d6f4d33d8d4128b060c893e98b4ababb
transfer_cube,503,17,No intermediate backtracking,97015,1,1,4.0,881076902bf13ca501935564f8e70d0bd0eed2c6554ad0834c3ba9b65294367b,1d28bf9ec2d787b41ef071a0649f2cab5553199723bd0fed810563574f9e58b3
transfer_cube,503,17,No intermediate backtracking,97016,1,1,4.0,881076902bf13ca501935564f8e70d0bd0eed2c6554ad0834c3ba9b65294367b,ff62c55feabec58b6fe0b352b9fb7dc47767654cfde21e08f82cdbb14f20ac31
transfer_cube,503,17,No intermediate backtracking,97017,1,1,4.0,881076902bf13ca501935564f8e70d0bd0eed2c6554ad0834c3ba9b65294367b,522b95fe149acd2823981859a6368190baf852a3e1fe7ee3ecbb8e4e73e7549d
transfer_cube,503,17,No intermediate backtracking,97018,1,1,4.0,881076902bf13ca501935564f8e70d0bd0eed2c6554ad0834c3ba9b65294367b,f07d96728d2470b6986c383d81946a2112c20944b1c57369a17f9a6ec9b0a5e8
transfer_cube,503,17,No intermediate backtracking,97019,1,1,4.0,881076902bf13ca501935564f8e70d0bd0eed2c6554ad0834c3ba9b65294367b,758b58c68671c4ad6641c06fd35c80fde5f942efdd911e43b06b7363203b160c
transfer_cube,503,17,Gaussian CPU budget,97000,1,1,4.0,e2d971da4905360e2b19f7e9481cc0c680524ae4090de1d1644a4ba7f0504da1,8372d3c5aeb1d0791a5028e25290437c360847f4356c941622ed324c48321c78
transfer_cube,503,17,Gaussian CPU budget,97001,0,0,1.0,e2d971da4905360e2b19f7e9481cc0c680524ae4090de1d1644a4ba7f0504da1,a81b75533b7047dcccd9772e90365da411d0d08ff28d6ec241850b13e18c0a29
transfer_cube,503,17,Gaussian CPU budget,97002,1,1,4.0,e2d971da4905360e2b19f7e9481cc0c680524ae4090de1d1644a4ba7f0504da1,ea6896def23382eaab6112a4cd8cdb5d7932ddb28f1f213d294898807a7b340e
transfer_cube,503,17,Gaussian CPU budget,97003,1,1,4.0,e2d971da4905360e2b19f7e9481cc0c680524ae4090de1d1644a4ba7f0504da1,7034091d1cbdc1b036aea3ac25f61c88e37bd69aca7ecd2560b29d84dc996aa6
transfer_cube,503,17,Gaussian CPU budget,97004,1,1,4.0,e2d971da4905360e2b19f7e9481cc0c680524ae4090de1d1644a4ba7f0504da1,cddc2e795e7c0ae0fa1b5faa9f7622069a32f8e34699876eeefc7c10ef1c28e6
transfer_cube,503,17,Gaussian CPU budget,97005,1,1,4.0,e2d971da4905360e2b19f7e9481cc0c680524ae4090de1d1644a4ba7f0504da1,a8cf0b58f94e612c61dd9569ecd38aa013f74b7a73bc67d7cb2824903246d920
transfer_cube,503,17,Gaussian CPU budget,97006,1,1,4.0,e2d971da4905360e2b19f7e9481cc0c680524ae4090de1d1644a4ba7f0504da1,b68b754f30d0b39b5787374ad17e3e8df95f00a6a58f596c1282b4cb016c6657
transfer_cube,503,17,Gaussian CPU budget,97007,1,1,4.0,e2d971da4905360e2b19f7e9481cc0c680524ae4090de1d1644a4ba7f0504da1,cf37ba0b2b39396c6df7ee1fdbec9fdbd013205507d2f8f53574d149047e95b9
transfer_cube,503,17,Gaussian CPU budget,97008,1,1,4.0,e2d971da4905360e2b19f7e9481cc0c680524ae4090de1d1644a4ba7f0504da1,5b63d79f58b6c208ee9611369f8a1d361c63840f14d5160d10030ff9217ec065
transfer_cube,503,17,Gaussian CPU budget,97009,1,1,4.0,e2d971da4905360e2b19f7e9481cc0c680524ae4090de1d1644a4ba7f0504da1,200e91dcd0d3eb11656f28ba538e88123629d9efdfc94d6253b63c80e4e6caba
transfer_cube,503,17,Gaussian CPU budget,97010,1,1,4.0,e2d971da4905360e2b19f7e9481cc0c680524ae4090de1d1644a4ba7f0504da1,f53b4ffbfdeeed592c3fca5aa29fe85152d42b9aeb69ac33adb7043a05b7a592
transfer_cube,503,17,Gaussian CPU budget,97011,1,1,4.0,e2d971da4905360e2b19f7e9481cc0c680524ae4090de1d1644a4ba7f0504da1,7c723bc1965e45ce4926894c405d6e8911a381a0fe1ebc87102971d3f855d0a3
transfer_cube,503,17,Gaussian CPU budget,97012,1,1,4.0,e2d971da4905360e2b19f7e9481cc0c680524ae4090de1d1644a4ba7f0504da1,a2957cee361b3f6bb2e712c4e67ba544c27f91096ca709d0158efe902009ffb8
transfer_cube,503,17,Gaussian CPU budget,97013,1,1,4.0,e2d971da4905360e2b19f7e9481cc0c680524ae4090de1d1644a4ba7f0504da1,db6623b50a6803b50e19bfd56786e3a46cd7b1cb54bbc6a0090a65e1af2ac18e
transfer_cube,503,17,Gaussian CPU budget,97014,1,1,4.0,e2d971da4905360e2b19f7e9481cc0c680524ae4090de1d1644a4ba7f0504da1,509148c097e7c783548bacb64fa54de9be788499b59998ed7d41eae4103f99b2
transfer_cube,503,17,Gaussian CPU budget,97015,1,1,4.0,e2d971da4905360e2b19f7e9481cc0c680524ae4090de1d1644a4ba7f0504da1,aa7a07ee6eaf8d9c1d3e44d0f0ff30aa8839de4dd7cc2713830db53feeaaa8d0
transfer_cube,503,17,Gaussian CPU budget,97016,1,1,4.0,e2d971da4905360e2b19f7e9481cc0c680524ae4090de1d1644a4ba7f0504da1,226a417f250e4ea8f9912db602cfa80bfd2a89e175111bbd8422b24dfae0c38f
transfer_cube,503,17,Gaussian CPU budget,97017,1,1,4.0,e2d971da4905360e2b19f7e9481cc0c680524ae4090de1d1644a4ba7f0504da1,78fa068ad5c9c1dea755b272e1f5324089cead396907f531816704837a40d2e2
transfer_cube,503,17,Gaussian CPU budget,97018,1,1,4.0,e2d971da4905360e2b19f7e9481cc0c680524ae4090de1d1644a4ba7f0504da1,3a431a6ff9c381cdce38cd944c8b54200282146afea8a9b7f86efc7830941e66
transfer_cube,503,17,Gaussian CPU budget,97019,1,1,4.0,e2d971da4905360e2b19f7e9481cc0c680524ae4090de1d1644a4ba7f0504da1,cc9349caf6d7600e937a8602ef782d3fa552f5dc9237d11f81edafe52a22b154
transfer_cube,503,29,Clean repeat,97000,0,0,0.0,a61f846f2d2fadacb8f50d83687dc5908257b0b5f1ba5cff2638b864d70156ff,17ca4c88b5c608da15a943f39130bd29fa1e8640516d1150133bb6c36e641747
transfer_cube,503,29,Clean repeat,97001,0,0,2.0,a61f846f2d2fadacb8f50d83687dc5908257b0b5f1ba5cff2638b864d70156ff,f0e3f9a218595558779e499e4c37b068628a576c66666ecaec7754f4cd6d8bdd
transfer_cube,503,29,Clean repeat,97002,1,1,4.0,a61f846f2d2fadacb8f50d83687dc5908257b0b5f1ba5cff2638b864d70156ff,2944fd63255095b6725ae6987b1ef3c20d9fe779b5d5da715f354de0e7706580
transfer_cube,503,29,Clean repeat,97003,1,1,4.0,a61f846f2d2fadacb8f50d83687dc5908257b0b5f1ba5cff2638b864d70156ff,a3387d2dda9379b5346601a96b148adf7c8f2177d247941024b6ea9dd86aa635
transfer_cube,503,29,Clean repeat,97004,1,1,4.0,a61f846f2d2fadacb8f50d83687dc5908257b0b5f1ba5cff2638b864d70156ff,ce0efadfe3b9a71f38c413dcbc8d9a85c7a00b3d932554544b6c50b1be065d82
transfer_cube,503,29,Clean repeat,97005,1,1,4.0,a61f846f2d2fadacb8f50d83687dc5908257b0b5f1ba5cff2638b864d70156ff,3c27cd94b072d0449a74435dcd178c264b858ef4dd1190bb3896a3b0d88752a7
transfer_cube,503,29,Clean repeat,97006,0,0,0.0,a61f846f2d2fadacb8f50d83687dc5908257b0b5f1ba5cff2638b864d70156ff,9855f5e85655ff6b1b5ca324167c6a38f8a9223fd242165a3148643e83b18777
transfer_cube,503,29,Clean repeat,97007,0,0,1.0,a61f846f2d2fadacb8f50d83687dc5908257b0b5f1ba5cff2638b864d70156ff,d46a654f6e06b2165c1fb876d873665b8d75a149d7582cc1572a042711a103c9
transfer_cube,503,29,Clean repeat,97008,1,1,4.0,a61f846f2d2fadacb8f50d83687dc5908257b0b5f1ba5cff2638b864d70156ff,cfd9ea70f6c4b3b227556227cf3202cf4a3469c641e737a65603d64374cb3e95
transfer_cube,503,29,Clean repeat,97009,1,1,4.0,a61f846f2d2fadacb8f50d83687dc5908257b0b5f1ba5cff2638b864d70156ff,30e743a5f9d1e84de4025fbf6bac1f54dda226dc3089959bdf2271bed747b578
transfer_cube,503,29,Clean repeat,97010,1,1,4.0,a61f846f2d2fadacb8f50d83687dc5908257b0b5f1ba5cff2638b864d70156ff,d2fcc4f9d22cd049f402ae26c23891cfe918b45b9026ca3b152a5d02a8ee9a85
transfer_cube,503,29,Clean repeat,97011,1,1,4.0,a61f846f2d2fadacb8f50d83687dc5908257b0b5f1ba5cff2638b864d70156ff,b6a4a504d0b94ff1b8e9f7e5f2f751439e6b9960765f0c3257839c6bf2be84bc
transfer_cube,503,29,Clean repeat,97012,1,1,4.0,a61f846f2d2fadacb8f50d83687dc5908257b0b5f1ba5cff2638b864d70156ff,4361668944e2b4e165023103fed6e959cd4417b3a7969b772740812e58a40f48
transfer_cube,503,29,Clean repeat,97013,1,1,4.0,a61f846f2d2fadacb8f50d83687dc5908257b0b5f1ba5cff2638b864d70156ff,183b06f8148165bc54b50ac8509501884a238b3d0d1fd9f9de2a5e878a67ead7
transfer_cube,503,29,Clean repeat,97014,0,0,2.0,a61f846f2d2fadacb8f50d83687dc5908257b0b5f1ba5cff2638b864d70156ff,7b226b322439599e5b4b07c74c91171ddf3b1293872c8c2bc85d8479e4ec58c9
transfer_cube,503,29,Clean repeat,97015,1,1,4.0,a61f846f2d2fadacb8f50d83687dc5908257b0b5f1ba5cff2638b864d70156ff,1130bbbc34e677e36b517bfd1163f0ed2a338434a53334e0c9d181410f7b5529
transfer_cube,503,29,Clean repeat,97016,1,1,4.0,a61f846f2d2fadacb8f50d83687dc5908257b0b5f1ba5cff2638b864d70156ff,e2f12b39d557f753638715fe042cd9e4d2ce3b6cac156694ba22183cc1daf581
transfer_cube,503,29,Clean repeat,97017,1,1,4.0,a61f846f2d2fadacb8f50d83687dc5908257b0b5f1ba5cff2638b864d70156ff,f334c41f567671f805e6e7f770ea709806df87ed01aab322fb9475cfdda7c80a
transfer_cube,503,29,Clean repeat,97018,0,0,2.0,a61f846f2d2fadacb8f50d83687dc5908257b0b5f1ba5cff2638b864d70156ff,cf0647ccbba1960462356fb3a5097f0ae60b60125e2bcc6849427cba41708dd1
transfer_cube,503,29,Clean repeat,97019,1,1,4.0,a61f846f2d2fadacb8f50d83687dc5908257b0b5f1ba5cff2638b864d70156ff,3a98bd0dc66587ee9e3e4a391b82024e5f4cc5ca6c4ece449db4ef7dccfa4da1
transfer_cube,503,29,SCANA-R,97000,1,1,4.0,aeb13c73e26f4fa3ce4760aff0a0057727e8477a454f3e6cf5df49691835eeb5,2bca8b57c6465e2309f06b448a3e8afc37bc164cd693157cb6e5b50b84b70b12
transfer_cube,503,29,SCANA-R,97001,0,0,1.0,aeb13c73e26f4fa3ce4760aff0a0057727e8477a454f3e6cf5df49691835eeb5,750468f323d987ecb21950bb9582476734088bb26b6412fe7149868c73f90f8c
transfer_cube,503,29,SCANA-R,97002,1,1,4.0,aeb13c73e26f4fa3ce4760aff0a0057727e8477a454f3e6cf5df49691835eeb5,06d7d7cbd1abcfc53294fb16c5ef0fbc7badbb8e64bce75ef5064154dcba03ac
transfer_cube,503,29,SCANA-R,97003,1,1,4.0,aeb13c73e26f4fa3ce4760aff0a0057727e8477a454f3e6cf5df49691835eeb5,6ab6300b2e5491237e182209cec73a5d76593d3d160aba44efa436ede5b5a53e
transfer_cube,503,29,SCANA-R,97004,1,1,4.0,aeb13c73e26f4fa3ce4760aff0a0057727e8477a454f3e6cf5df49691835eeb5,45b9628f47fdfd9591331a655a9aef1af9ad6d9684c5f72345b04b516dd96595
transfer_cube,503,29,SCANA-R,97005,1,1,4.0,aeb13c73e26f4fa3ce4760aff0a0057727e8477a454f3e6cf5df49691835eeb5,a5c880ec06673e9b7fd2c329720a465486ad0ce5fec93bf26be6a29a7c1b2844
transfer_cube,503,29,SCANA-R,97006,1,1,4.0,aeb13c73e26f4fa3ce4760aff0a0057727e8477a454f3e6cf5df49691835eeb5,69a1c15437e7947c98f1433f93b24ed40255a503ea89fe47de4e94b2cda9cf08
transfer_cube,503,29,SCANA-R,97007,1,1,4.0,aeb13c73e26f4fa3ce4760aff0a0057727e8477a454f3e6cf5df49691835eeb5,dc6989d942311ba4d45e547f151bb44efd41e0c4b26e0dd46f2804632ad33ae1
transfer_cube,503,29,SCANA-R,97008,1,1,4.0,aeb13c73e26f4fa3ce4760aff0a0057727e8477a454f3e6cf5df49691835eeb5,9e0f5b7d0d3bebed98118e46fbad36044678535a004d1cdf0becbf3152735c7f
transfer_cube,503,29,SCANA-R,97009,1,1,4.0,aeb13c73e26f4fa3ce4760aff0a0057727e8477a454f3e6cf5df49691835eeb5,a20d3df947c24451e41c1362c3f21a3e4e357e27b0f2a4ea50c3469a72638b04
transfer_cube,503,29,SCANA-R,97010,1,1,4.0,aeb13c73e26f4fa3ce4760aff0a0057727e8477a454f3e6cf5df49691835eeb5,e8bad166add1ffbadbc87084b1ac76240f9b756d741d8a3fd8042b892ec8e888
transfer_cube,503,29,SCANA-R,97011,1,1,4.0,aeb13c73e26f4fa3ce4760aff0a0057727e8477a454f3e6cf5df49691835eeb5,a2c72396fc12133e7af76f786d41f16977df87d177884b1435006a010047b327
transfer_cube,503,29,SCANA-R,97012,1,1,4.0,aeb13c73e26f4fa3ce4760aff0a0057727e8477a454f3e6cf5df49691835eeb5,de2c812b3039bf0077a96ebd4a92435b2d2ab50863675b84f80c00347a722d13
transfer_cube,503,29,SCANA-R,97013,0,0,1.0,aeb13c73e26f4fa3ce4760aff0a0057727e8477a454f3e6cf5df49691835eeb5,2ac7c3264b98e78e18d12a6329881ee75bd7b5a2d3303ca69eb5ff7f11b094f7
transfer_cube,503,29,SCANA-R,97014,1,1,4.0,aeb13c73e26f4fa3ce4760aff0a0057727e8477a454f3e6cf5df49691835eeb5,4e128fd13a2b1ebfef21d4e6eb1194e5806595ca9b4204deed65cc77f5903c8e
transfer_cube,503,29,SCANA-R,97015,1,1,4.0,aeb13c73e26f4fa3ce4760aff0a0057727e8477a454f3e6cf5df49691835eeb5,d8c51a4f8162242bd9b081e8d2cce80219f2bbd57c1fbeec841d8c681dffb963
transfer_cube,503,29,SCANA-R,97016,1,1,4.0,aeb13c73e26f4fa3ce4760aff0a0057727e8477a454f3e6cf5df49691835eeb5,8c7b75afb5ca7a515a8ffa8f183de057d559fcfa4a523dcdfe6bc2661f2bf541
transfer_cube,503,29,SCANA-R,97017,1,1,4.0,aeb13c73e26f4fa3ce4760aff0a0057727e8477a454f3e6cf5df49691835eeb5,159302e791299d61f4ed7b7a86c1d5a11288bd521a32b8fba309ed8ae2063f17
transfer_cube,503,29,SCANA-R,97018,1,1,4.0,aeb13c73e26f4fa3ce4760aff0a0057727e8477a454f3e6cf5df49691835eeb5,b10e17044f767ed8265b159ff7418beaf87bbf8803dca3abfcac65e335a51f26
transfer_cube,503,29,SCANA-R,97019,1,1,4.0,aeb13c73e26f4fa3ce4760aff0a0057727e8477a454f3e6cf5df49691835eeb5,3aea25d8335760d45473bc4506c2641d103ff79650192e3c82f35fbe64e10f96
transfer_cube,503,29,Gaussian recovery,97000,0,0,1.0,c53f70d599188c279b30e7540c59053e66aad382c5560815753f5b96f4110187,25b7b9d05a42e683f756a1ef7efe39ac51ac2c1b86e3815690347887c78fa6c9
transfer_cube,503,29,Gaussian recovery,97001,0,0,1.0,c53f70d599188c279b30e7540c59053e66aad382c5560815753f5b96f4110187,557788ceb7d22b65ba93212a44cef50a6871dc8ff7ddf187ee694a74b6544001
transfer_cube,503,29,Gaussian recovery,97002,1,1,4.0,c53f70d599188c279b30e7540c59053e66aad382c5560815753f5b96f4110187,014484af0d3d4560cf5b2df3365a6b55e43ec083294fbab2672b8246ceb84dda
transfer_cube,503,29,Gaussian recovery,97003,1,1,4.0,c53f70d599188c279b30e7540c59053e66aad382c5560815753f5b96f4110187,2abc6b819493b6904ac91291285f202b2ac49a4eeb406603a31c38769e6e6c03
transfer_cube,503,29,Gaussian recovery,97004,1,1,4.0,c53f70d599188c279b30e7540c59053e66aad382c5560815753f5b96f4110187,f2288dd1e83fb89952681aa8720fb0210b9f2d2cb86f95144333813b9b492fee
transfer_cube,503,29,Gaussian recovery,97005,1,1,4.0,c53f70d599188c279b30e7540c59053e66aad382c5560815753f5b96f4110187,e453c08b4383154342b0b95199925774ad514384e650fc1a7cc5e1f999ee0b2e
transfer_cube,503,29,Gaussian recovery,97006,0,0,1.0,c53f70d599188c279b30e7540c59053e66aad382c5560815753f5b96f4110187,39d3ecc3a29b6e39a7cf7f8f945cbeb551fba6065bcc97863781e7be2e9f6bf5
transfer_cube,503,29,Gaussian recovery,97007,1,1,4.0,c53f70d599188c279b30e7540c59053e66aad382c5560815753f5b96f4110187,e81ca76e803c69a9c7707333d0bb2d1236da15ccd8c758608a74fdc14a211274
transfer_cube,503,29,Gaussian recovery,97008,1,1,4.0,c53f70d599188c279b30e7540c59053e66aad382c5560815753f5b96f4110187,44a2e0912c7d9b8fbb558f957c5c6b7065d0678ff826626de3aec9bc1dd0edcc
transfer_cube,503,29,Gaussian recovery,97009,1,1,4.0,c53f70d599188c279b30e7540c59053e66aad382c5560815753f5b96f4110187,ad089507f41f13acd9f10a9da66414efa53476235ab138bf8b60e5704eda409b
transfer_cube,503,29,Gaussian recovery,97010,1,1,4.0,c53f70d599188c279b30e7540c59053e66aad382c5560815753f5b96f4110187,550f7b231105ba98f6559c4d7cfc8ae9182310ae09b80257e285c330912f58ef
transfer_cube,503,29,Gaussian recovery,97011,1,1,4.0,c53f70d599188c279b30e7540c59053e66aad382c5560815753f5b96f4110187,f3d16fee2bfc3d2cf281049023f0430888bf87cc138909293fbcd2195c429c16
transfer_cube,503,29,Gaussian recovery,97012,1,1,4.0,c53f70d599188c279b30e7540c59053e66aad382c5560815753f5b96f4110187,88c15f18efddcaf99fe615ca35e18d1edf2013d234f530e043e992624a0bb253
transfer_cube,503,29,Gaussian recovery,97013,0,0,2.0,c53f70d599188c279b30e7540c59053e66aad382c5560815753f5b96f4110187,55c48cd0956900a426c612a0f65610536873cd369a8370c638204c2e5c90b78b
transfer_cube,503,29,Gaussian recovery,97014,1,1,4.0,c53f70d599188c279b30e7540c59053e66aad382c5560815753f5b96f4110187,4ad60f784cfd44a95e2eb696cf7c6727d36a25c44f63aa907d6d81ca1370adaf
transfer_cube,503,29,Gaussian recovery,97015,1,1,4.0,c53f70d599188c279b30e7540c59053e66aad382c5560815753f5b96f4110187,4fdcf6707803a76e37032ff0c757ff4177e5b90625c13ffaf7c572423fc4acdf
transfer_cube,503,29,Gaussian recovery,97016,1,1,4.0,c53f70d599188c279b30e7540c59053e66aad382c5560815753f5b96f4110187,7909f49c562a4f72422f55aec514b39f2ab4f59f1dfae883bb5c4507d42c6611
transfer_cube,503,29,Gaussian recovery,97017,1,1,4.0,c53f70d599188c279b30e7540c59053e66aad382c5560815753f5b96f4110187,8393c6d53db318003b045f500b59e4b2cd35f82c3767584df55b235e1c08fccf
transfer_cube,503,29,Gaussian recovery,97018,1,1,4.0,c53f70d599188c279b30e7540c59053e66aad382c5560815753f5b96f4110187,6c8adc5a9035bb74cf60a62acddd0e5c3a4f9b8627437c02a89c70f0cdee88c2
transfer_cube,503,29,Gaussian recovery,97019,1,1,4.0,c53f70d599188c279b30e7540c59053e66aad382c5560815753f5b96f4110187,0a0fbd8f0dec44dc78928ccc3d4b4bc60efc8c676ca315fb29522b4b604b9d8d
transfer_cube,503,29,No cross-fitting,97000,0,0,2.0,0d4c4c7abcb87134d96f954c0ef67f453e4da6d3e5a6b90769655ddf6c7200df,08ff6e2799e84bb995d150f3efe7cfab8c715af2b84c0271374d086eea7a4ebf
transfer_cube,503,29,No cross-fitting,97001,0,0,2.0,0d4c4c7abcb87134d96f954c0ef67f453e4da6d3e5a6b90769655ddf6c7200df,aa8be5de4effdafe22310079e8be95f3ebf3884b0aa739ac604a3b2c33e638bc
transfer_cube,503,29,No cross-fitting,97002,1,1,4.0,0d4c4c7abcb87134d96f954c0ef67f453e4da6d3e5a6b90769655ddf6c7200df,1e0e3847e08fe5ef3097ec1bdad6e2725d561defee10feb2bafa32e4f9c4c32a
transfer_cube,503,29,No cross-fitting,97003,1,1,4.0,0d4c4c7abcb87134d96f954c0ef67f453e4da6d3e5a6b90769655ddf6c7200df,a6d0f2a456b262ce2b35524f887b09363cb556da9f8540009da4320fd6add448
transfer_cube,503,29,No cross-fitting,97004,1,1,4.0,0d4c4c7abcb87134d96f954c0ef67f453e4da6d3e5a6b90769655ddf6c7200df,2225a7c47ca50f8288e45b84acae73c0c484f15b65d676f5285ecabf7205f067
transfer_cube,503,29,No cross-fitting,97005,1,1,4.0,0d4c4c7abcb87134d96f954c0ef67f453e4da6d3e5a6b90769655ddf6c7200df,e342a882ea554ae417dfe28a7bb2761ca34f471471c37601fc3053e2bdf00df6
transfer_cube,503,29,No cross-fitting,97006,0,0,1.0,0d4c4c7abcb87134d96f954c0ef67f453e4da6d3e5a6b90769655ddf6c7200df,d43a04ead85b4dee2bbbe58565a54684c7d09046a7c6a125082f586ad3d4f152
transfer_cube,503,29,No cross-fitting,97007,1,1,4.0,0d4c4c7abcb87134d96f954c0ef67f453e4da6d3e5a6b90769655ddf6c7200df,b512307759e24714ab3211259ae437a40210abd4d5b53740613ae32f74303e3e
transfer_cube,503,29,No cross-fitting,97008,1,1,4.0,0d4c4c7abcb87134d96f954c0ef67f453e4da6d3e5a6b90769655ddf6c7200df,b02c2a3c0db55f5a511267ba8a282e821995b6e1653e0ac387bcb4525b69485f
transfer_cube,503,29,No cross-fitting,97009,1,1,4.0,0d4c4c7abcb87134d96f954c0ef67f453e4da6d3e5a6b90769655ddf6c7200df,8522b577f1a4b71cee123cf28581c1e04b2dfda9155c06da4d97bba5f3cb9f40
transfer_cube,503,29,No cross-fitting,97010,1,1,4.0,0d4c4c7abcb87134d96f954c0ef67f453e4da6d3e5a6b90769655ddf6c7200df,30dec00970d0ee19af9da0dccb47e62035910e574889d4635bf1d3ad352c909f
transfer_cube,503,29,No cross-fitting,97011,1,1,4.0,0d4c4c7abcb87134d96f954c0ef67f453e4da6d3e5a6b90769655ddf6c7200df,3c61634bab02e5ff156c640c52b8dc2f2bf9a99d8205b4d6a44bf025e5141a64
transfer_cube,503,29,No cross-fitting,97012,1,1,4.0,0d4c4c7abcb87134d96f954c0ef67f453e4da6d3e5a6b90769655ddf6c7200df,8ca3edbf024977852f397d885e3a3c638886bd21b554dcb1338e686c4c38892a
transfer_cube,503,29,No cross-fitting,97013,0,0,2.0,0d4c4c7abcb87134d96f954c0ef67f453e4da6d3e5a6b90769655ddf6c7200df,fa9d101136c6e7f17014936e793acb99a0ee19ed0919d75b447f0e698118ee12
transfer_cube,503,29,No cross-fitting,97014,1,1,4.0,0d4c4c7abcb87134d96f954c0ef67f453e4da6d3e5a6b90769655ddf6c7200df,6899705c2624118f576948f51321205f5aff47222a95c550824d3e68b837b392
transfer_cube,503,29,No cross-fitting,97015,1,1,4.0,0d4c4c7abcb87134d96f954c0ef67f453e4da6d3e5a6b90769655ddf6c7200df,d3bc83a3adaccec28dbe7e3cd1c751b9674e224c22b40779d39a5c37780bd2b5
transfer_cube,503,29,No cross-fitting,97016,1,1,4.0,0d4c4c7abcb87134d96f954c0ef67f453e4da6d3e5a6b90769655ddf6c7200df,8b29b2d2ee06fe4874dd73c751e5a536a68a2fc4fb16d754df03a44e645d933c
transfer_cube,503,29,No cross-fitting,97017,1,1,4.0,0d4c4c7abcb87134d96f954c0ef67f453e4da6d3e5a6b90769655ddf6c7200df,f0738b62b1da8ff4304e6568bb452971ccaa4e697b4c2d0a142383fd0539d5ee
transfer_cube,503,29,No cross-fitting,97018,1,1,4.0,0d4c4c7abcb87134d96f954c0ef67f453e4da6d3e5a6b90769655ddf6c7200df,669568b09d0fa05f537594ebf97aa25061474c7eb390dcaa664b5ce58be5a9e6
transfer_cube,503,29,No cross-fitting,97019,1,1,4.0,0d4c4c7abcb87134d96f954c0ef67f453e4da6d3e5a6b90769655ddf6c7200df,29bfdbcd443ac9ea9d9f0d2387144f26106239fab3e73db700c111a3a671747e
transfer_cube,503,29,Global-time errors,97000,0,0,2.0,0bafca7301dcdf3379f232794484706250f654079089abc01511b842d536f6bf,69782f4ecfa686fc77f02c315988a0fdd584741ef0ccc87ef46adab21c13962e
transfer_cube,503,29,Global-time errors,97001,0,0,2.0,0bafca7301dcdf3379f232794484706250f654079089abc01511b842d536f6bf,81850cfdea490e5c478742f54db058646353b5b2ca44feb822de4933441441c0
transfer_cube,503,29,Global-time errors,97002,1,1,4.0,0bafca7301dcdf3379f232794484706250f654079089abc01511b842d536f6bf,6d8d218cdf98ee7571991a082d66cc878e159d23ab099c9600dca4eed2348d18
transfer_cube,503,29,Global-time errors,97003,1,1,4.0,0bafca7301dcdf3379f232794484706250f654079089abc01511b842d536f6bf,fb52b4e6fedda37f23636b495c831f69c41de6275fad86961ccddc9cfcb30159
transfer_cube,503,29,Global-time errors,97004,1,1,4.0,0bafca7301dcdf3379f232794484706250f654079089abc01511b842d536f6bf,343df5290bfb64c868f028d25db9179a328f95dc881dffc06e6109acf6dcf4a3
transfer_cube,503,29,Global-time errors,97005,1,1,4.0,0bafca7301dcdf3379f232794484706250f654079089abc01511b842d536f6bf,37ce4a73d7661f96cf590ad831aecccb7b37405c65630ad6935d1266fe2d2142
transfer_cube,503,29,Global-time errors,97006,0,0,2.0,0bafca7301dcdf3379f232794484706250f654079089abc01511b842d536f6bf,937c6b0c418553cf605a406826bd75ed96ac0f284ec1fef71201c2d06e56f077
transfer_cube,503,29,Global-time errors,97007,0,0,2.0,0bafca7301dcdf3379f232794484706250f654079089abc01511b842d536f6bf,addbdf1a3bca7736fc434d0ac659fce80b9b8329b18e25b53618a7b72c74a0c1
transfer_cube,503,29,Global-time errors,97008,1,1,4.0,0bafca7301dcdf3379f232794484706250f654079089abc01511b842d536f6bf,b51540681ac94b0b84806fad319d57e84bb58367059dab693a28f3fee6fa9603
transfer_cube,503,29,Global-time errors,97009,1,1,4.0,0bafca7301dcdf3379f232794484706250f654079089abc01511b842d536f6bf,5b374f2fa541baa96650ec780924b5e7e9d3108c87ba280a8d85ef6d2b3c1571
transfer_cube,503,29,Global-time errors,97010,1,1,4.0,0bafca7301dcdf3379f232794484706250f654079089abc01511b842d536f6bf,34bf61d859c2ec59878d195c2775f528e80ac2f3423f483aefaa72ca87c2f8a1
transfer_cube,503,29,Global-time errors,97011,0,0,2.0,0bafca7301dcdf3379f232794484706250f654079089abc01511b842d536f6bf,bd70f37c6ba5d7f6f8ee25e0328973788cd750f10fba5d79b5b29cfed0720cfa
transfer_cube,503,29,Global-time errors,97012,1,1,4.0,0bafca7301dcdf3379f232794484706250f654079089abc01511b842d536f6bf,d7ec3f811b2454d686d6a09fcfc95d9f5789ac0a828ce4d1eb86c91c979d4ae6
transfer_cube,503,29,Global-time errors,97013,0,0,2.0,0bafca7301dcdf3379f232794484706250f654079089abc01511b842d536f6bf,945dbadbd7f933984dad02b43e24f85f3496c51c16e986769d0e2e77b92db026
transfer_cube,503,29,Global-time errors,97014,0,0,2.0,0bafca7301dcdf3379f232794484706250f654079089abc01511b842d536f6bf,70ca8428bf95503686c97756d422ca3e4f8c8c6de783f307d78a66d46178d9e7
transfer_cube,503,29,Global-time errors,97015,0,0,2.0,0bafca7301dcdf3379f232794484706250f654079089abc01511b842d536f6bf,8766d067025ccebc1133a7d626965d9f4a3e660d41ef8e4f8fec8801e56168c5
transfer_cube,503,29,Global-time errors,97016,0,0,2.0,0bafca7301dcdf3379f232794484706250f654079089abc01511b842d536f6bf,58f659da161a7ebead7514dfeecf4db9f318f4a73abf21f10a2706676f5f00c1
transfer_cube,503,29,Global-time errors,97017,1,1,4.0,0bafca7301dcdf3379f232794484706250f654079089abc01511b842d536f6bf,cd2165159ba4f8f855251c58f2371502ea1969fbd7fad503db85d9f8580dfc88
transfer_cube,503,29,Global-time errors,97018,1,1,4.0,0bafca7301dcdf3379f232794484706250f654079089abc01511b842d536f6bf,97b305dd1b626957452a302265ab17505a8b7649f5c46cf3e99fd7160cb69c4f
transfer_cube,503,29,Global-time errors,97019,1,1,4.0,0bafca7301dcdf3379f232794484706250f654079089abc01511b842d536f6bf,27433839c9f190ad964122f172dcc317a5a179e9917adef5764ae37be384e656
transfer_cube,503,29,No intermediate backtracking,97000,1,1,4.0,d495d73f79b99e7f53015b783c2c4fc3883b4203e14f610a3ba05e62410ab70f,4e26a64378e960541cb6db2fba2f054e12f8c15a74e72de96c610ffe076a5d2f
transfer_cube,503,29,No intermediate backtracking,97001,0,0,1.0,d495d73f79b99e7f53015b783c2c4fc3883b4203e14f610a3ba05e62410ab70f,5b5ef70b5d1487ab1cf1aa244d9f3ee1f876274a40ad047c20bda348f44291d0
transfer_cube,503,29,No intermediate backtracking,97002,1,1,4.0,d495d73f79b99e7f53015b783c2c4fc3883b4203e14f610a3ba05e62410ab70f,13aba35fcc4e82f9a2c23a34994b70be2d7aebd4a60cca7a10777f84f5e19b8b
transfer_cube,503,29,No intermediate backtracking,97003,1,1,4.0,d495d73f79b99e7f53015b783c2c4fc3883b4203e14f610a3ba05e62410ab70f,af52ef2dd0a629f98a34e42eef1550cbfb88ea084b9b22f6f735aec429ec14bf
transfer_cube,503,29,No intermediate backtracking,97004,1,1,4.0,d495d73f79b99e7f53015b783c2c4fc3883b4203e14f610a3ba05e62410ab70f,a6627870530b51f0cafd572e80b335b116ce34f31d557ec1e174a1b0310a79bc
transfer_cube,503,29,No intermediate backtracking,97005,1,1,4.0,d495d73f79b99e7f53015b783c2c4fc3883b4203e14f610a3ba05e62410ab70f,905344b4f727045b5c6f061a1249310652c6792f16f7a428eb2f5a79568a770c
transfer_cube,503,29,No intermediate backtracking,97006,1,1,4.0,d495d73f79b99e7f53015b783c2c4fc3883b4203e14f610a3ba05e62410ab70f,a73a92b7634f74be2b49e1c3bbccaaf29f6c526e35a2fa1a909e385b4c409ffd
transfer_cube,503,29,No intermediate backtracking,97007,1,1,4.0,d495d73f79b99e7f53015b783c2c4fc3883b4203e14f610a3ba05e62410ab70f,abd74900b47b3463e7ef05783fca06937ad7a944b0716e21bbe3f7b093612e40
transfer_cube,503,29,No intermediate backtracking,97008,1,1,4.0,d495d73f79b99e7f53015b783c2c4fc3883b4203e14f610a3ba05e62410ab70f,fc33288ed19ad30fb4af161e1a65d9dbfc252ff3a47925b2a9340fa5d254c173
transfer_cube,503,29,No intermediate backtracking,97009,1,0,4.0,d495d73f79b99e7f53015b783c2c4fc3883b4203e14f610a3ba05e62410ab70f,36c2a853349c97e02fb683c3fa7753242904afa982dcc6cc56ef789b807721f1
transfer_cube,503,29,No intermediate backtracking,97010,1,1,4.0,d495d73f79b99e7f53015b783c2c4fc3883b4203e14f610a3ba05e62410ab70f,bdb659ab7206b551393400167fa3358fc9ee18bd17044d4f79053e386ad07f87
transfer_cube,503,29,No intermediate backtracking,97011,1,1,4.0,d495d73f79b99e7f53015b783c2c4fc3883b4203e14f610a3ba05e62410ab70f,99cef62d1cad6b5402381e67fc053df277207c49175fa21777079822f486145e
transfer_cube,503,29,No intermediate backtracking,97012,1,1,4.0,d495d73f79b99e7f53015b783c2c4fc3883b4203e14f610a3ba05e62410ab70f,56585ea335f965a62faf713da3279aa399a99990565c9dfd5b565450b8a006c7
transfer_cube,503,29,No intermediate backtracking,97013,0,0,1.0,d495d73f79b99e7f53015b783c2c4fc3883b4203e14f610a3ba05e62410ab70f,df4b583bf94c4ea4298a3d10f3dcd329b20e3f0e6463eecebf245fef71d1b71c
transfer_cube,503,29,No intermediate backtracking,97014,1,1,4.0,d495d73f79b99e7f53015b783c2c4fc3883b4203e14f610a3ba05e62410ab70f,770c2da940cdc58c4931d01b5bb3a2a814e675ef258e7af81441c561633e34da
transfer_cube,503,29,No intermediate backtracking,97015,1,1,4.0,d495d73f79b99e7f53015b783c2c4fc3883b4203e14f610a3ba05e62410ab70f,5db2002a02829586dd8804451f458cc50f51f8fdb5506675fcd6016180bb69dd
transfer_cube,503,29,No intermediate backtracking,97016,1,1,4.0,d495d73f79b99e7f53015b783c2c4fc3883b4203e14f610a3ba05e62410ab70f,07699cbfbd2e46ddd21e28047b8a1d57aeb7519501498fa80a999b4a7d02fa7b
transfer_cube,503,29,No intermediate backtracking,97017,1,1,4.0,d495d73f79b99e7f53015b783c2c4fc3883b4203e14f610a3ba05e62410ab70f,83c8c102752bcb987ae272de2e39ef06a3194381f72a4af9d924a7e78b96e8e4
transfer_cube,503,29,No intermediate backtracking,97018,1,1,4.0,d495d73f79b99e7f53015b783c2c4fc3883b4203e14f610a3ba05e62410ab70f,23b946bfe4c708fb4ba90f6e3cc54abc60ad2131397f86161c36cf3fbb5385eb
transfer_cube,503,29,No intermediate backtracking,97019,1,1,4.0,d495d73f79b99e7f53015b783c2c4fc3883b4203e14f610a3ba05e62410ab70f,9679403b36221629e996830a64f0d2ebf7dcedd6f021ae38062733996518cde5
transfer_cube,503,29,Gaussian CPU budget,97000,1,1,4.0,e1dfbf963f5e633152cf2145746cecdcf8ff6cc8e9153310adde47114a3f4834,1ef7b7bc403ac183eb53ffa00f34074b1517f4f62e7181809a1faf779be81dd8
transfer_cube,503,29,Gaussian CPU budget,97001,0,0,1.0,e1dfbf963f5e633152cf2145746cecdcf8ff6cc8e9153310adde47114a3f4834,e47f9e33e1deed8789e88f88ccd40471cd0a5adff93449a57f4892714fddc316
transfer_cube,503,29,Gaussian CPU budget,97002,1,1,4.0,e1dfbf963f5e633152cf2145746cecdcf8ff6cc8e9153310adde47114a3f4834,ce58509c484bb8823295173fe3a95246b9eb70f05e08a883a9ae58c6248e6d20
transfer_cube,503,29,Gaussian CPU budget,97003,1,1,4.0,e1dfbf963f5e633152cf2145746cecdcf8ff6cc8e9153310adde47114a3f4834,828992d0da232b53ea9e0898247de33301c9ee8a8b4c3ce7d7e68ca5f4a38086
transfer_cube,503,29,Gaussian CPU budget,97004,1,1,4.0,e1dfbf963f5e633152cf2145746cecdcf8ff6cc8e9153310adde47114a3f4834,4a2ceceb225dea315ce65d6125b3fcd1177fd8cface017ba930a6383f5442219
transfer_cube,503,29,Gaussian CPU budget,97005,1,1,4.0,e1dfbf963f5e633152cf2145746cecdcf8ff6cc8e9153310adde47114a3f4834,0195f2d60bb5ad5945b680b6777154c38b8f9b8799518e1708cf87b44a6ca898
transfer_cube,503,29,Gaussian CPU budget,97006,1,1,4.0,e1dfbf963f5e633152cf2145746cecdcf8ff6cc8e9153310adde47114a3f4834,ee7d4ef5cb8502105815724c6ded1fdfbeb7037da4e36b738fdc1c6b6834543f
transfer_cube,503,29,Gaussian CPU budget,97007,1,1,4.0,e1dfbf963f5e633152cf2145746cecdcf8ff6cc8e9153310adde47114a3f4834,1c35bdc49a0d38a7ccf9dcff669be1b9851c1a482e7f855b779f4523a7b34f3a
transfer_cube,503,29,Gaussian CPU budget,97008,1,1,4.0,e1dfbf963f5e633152cf2145746cecdcf8ff6cc8e9153310adde47114a3f4834,428315ffde273658fb4cf159bb1a42d75fa74ac3ea94302cfff8527dc47e3f6e
transfer_cube,503,29,Gaussian CPU budget,97009,1,1,4.0,e1dfbf963f5e633152cf2145746cecdcf8ff6cc8e9153310adde47114a3f4834,900bad99b45e571d9148d61f9ea8b294f23f6e51d840e87f17024bdb84a66093
transfer_cube,503,29,Gaussian CPU budget,97010,1,1,4.0,e1dfbf963f5e633152cf2145746cecdcf8ff6cc8e9153310adde47114a3f4834,644488879a0cea3819e01a604e48f40a17eabbc6e66ea15afe5cb335cb58b420
transfer_cube,503,29,Gaussian CPU budget,97011,1,1,4.0,e1dfbf963f5e633152cf2145746cecdcf8ff6cc8e9153310adde47114a3f4834,dfcf630b8ece9e67752ce80a31f53ed4e7e1f8bd15cae448f1d4f3412dbc87fd
transfer_cube,503,29,Gaussian CPU budget,97012,1,1,4.0,e1dfbf963f5e633152cf2145746cecdcf8ff6cc8e9153310adde47114a3f4834,a40d2b1f25e65ca6f6d7a3c9b4a72aa54c10a7f8bc4ebbb35801103e36dfb201
transfer_cube,503,29,Gaussian CPU budget,97013,1,1,4.0,e1dfbf963f5e633152cf2145746cecdcf8ff6cc8e9153310adde47114a3f4834,de17add52da2677c7f6f6e7bef82835ff8cc0bc2eaba0bd290d412c3f2c2d51a
transfer_cube,503,29,Gaussian CPU budget,97014,1,1,4.0,e1dfbf963f5e633152cf2145746cecdcf8ff6cc8e9153310adde47114a3f4834,fafabb45e1d978ec75352778e368b23f314958e84bf10dd6315fcc22e02e123d
transfer_cube,503,29,Gaussian CPU budget,97015,1,1,4.0,e1dfbf963f5e633152cf2145746cecdcf8ff6cc8e9153310adde47114a3f4834,42a4b63b134a20abf04c2520022807e715db5f12ad1bd7e60546669cf3d603cc
transfer_cube,503,29,Gaussian CPU budget,97016,1,1,4.0,e1dfbf963f5e633152cf2145746cecdcf8ff6cc8e9153310adde47114a3f4834,263873c268292abc8b0d3ed19946dc4d99c25f146703f8d36a23d11b586a7ddd
transfer_cube,503,29,Gaussian CPU budget,97017,1,1,4.0,e1dfbf963f5e633152cf2145746cecdcf8ff6cc8e9153310adde47114a3f4834,82af6643fe4434f271489e5cedcbf3ff6b2310caee51f3c5a47970f24a796b5b
transfer_cube,503,29,Gaussian CPU budget,97018,1,1,4.0,e1dfbf963f5e633152cf2145746cecdcf8ff6cc8e9153310adde47114a3f4834,47603e37a756c8ad0686b728e4fc8ffb502c5f6891f9982399a97c39df4f8bbc
transfer_cube,503,29,Gaussian CPU budget,97019,1,1,4.0,e1dfbf963f5e633152cf2145746cecdcf8ff6cc8e9153310adde47114a3f4834,bf984f29e6d813ce8c04c4fc392166c718ce03642aa483d76933df8241afff1f
transfer_cube,503,43,Clean repeat,97000,1,1,4.0,7a304599aa15d6791937f0101417d442546740b17cccc793a9e1f7544377e54f,5beabb078d8f622cda48f25aeefa368036c5e504d2f6712909d4d924e78b2f36
transfer_cube,503,43,Clean repeat,97001,0,0,1.0,7a304599aa15d6791937f0101417d442546740b17cccc793a9e1f7544377e54f,72dd780715c29311f93848f89d1b975a74cf7c4a42d3b1a3d869536748909e28
transfer_cube,503,43,Clean repeat,97002,1,1,4.0,7a304599aa15d6791937f0101417d442546740b17cccc793a9e1f7544377e54f,b24cece0ebb67ee608a953561ef0e7d937a5749b50b1179999fcbce9e3c7940b
transfer_cube,503,43,Clean repeat,97003,1,1,4.0,7a304599aa15d6791937f0101417d442546740b17cccc793a9e1f7544377e54f,b8b2e34294ebfc4405567270e401893887c441548a7dc13914cc63674a5de066
transfer_cube,503,43,Clean repeat,97004,1,1,4.0,7a304599aa15d6791937f0101417d442546740b17cccc793a9e1f7544377e54f,abe0758af334c0eb02f22a1075d23920accdfb7d27c8e8388fb68304289ed981
transfer_cube,503,43,Clean repeat,97005,1,1,4.0,7a304599aa15d6791937f0101417d442546740b17cccc793a9e1f7544377e54f,c8059ba5ad226986c684aefe0763b73725d84381dee3cbbcd471b9e683c356fc
transfer_cube,503,43,Clean repeat,97006,0,0,0.0,7a304599aa15d6791937f0101417d442546740b17cccc793a9e1f7544377e54f,47c35b655b11ba3a4b41f166fa9fae716bb73b1efb0c5556dc249d482df942e2
transfer_cube,503,43,Clean repeat,97007,1,1,4.0,7a304599aa15d6791937f0101417d442546740b17cccc793a9e1f7544377e54f,b1db4bf7c252399cd5e86c7f5680b153378d46059c4e22f136a47e954052232b
transfer_cube,503,43,Clean repeat,97008,1,1,4.0,7a304599aa15d6791937f0101417d442546740b17cccc793a9e1f7544377e54f,b42b8797f08129572ab977f2545ca4e8c76b689e7370a8fef5d29ce82927d396
transfer_cube,503,43,Clean repeat,97009,0,0,2.0,7a304599aa15d6791937f0101417d442546740b17cccc793a9e1f7544377e54f,7dfd0889b05f1dc183430f2c63481b4232df48cfd55d5ea5d9898b2ab8f1e884
transfer_cube,503,43,Clean repeat,97010,1,1,4.0,7a304599aa15d6791937f0101417d442546740b17cccc793a9e1f7544377e54f,2b8a60337c6eff50ddf6f8c3f37cc5ac94c51e66759a568475543e253706c56b
transfer_cube,503,43,Clean repeat,97011,0,0,2.0,7a304599aa15d6791937f0101417d442546740b17cccc793a9e1f7544377e54f,35a17295443768fe6bab263b1ba7ea568e9f6f2b54773e90b6dc417384cea7c8
transfer_cube,503,43,Clean repeat,97012,1,1,4.0,7a304599aa15d6791937f0101417d442546740b17cccc793a9e1f7544377e54f,b521526259a7fd7c2a0283881737d9a86dbfc7c940249a01ee305709ef0b020b
transfer_cube,503,43,Clean repeat,97013,0,0,2.0,7a304599aa15d6791937f0101417d442546740b17cccc793a9e1f7544377e54f,665eb44343ead0e9a7be4177d396a10d1f457625bbcacf11d90478948e709354
transfer_cube,503,43,Clean repeat,97014,0,0,2.0,7a304599aa15d6791937f0101417d442546740b17cccc793a9e1f7544377e54f,b988efc0ca0707ed2744a39af58aba2a4cce983f814e8bfe7a6cbf4c8f1db2f7
transfer_cube,503,43,Clean repeat,97015,0,0,2.0,7a304599aa15d6791937f0101417d442546740b17cccc793a9e1f7544377e54f,c55acd7b816fbec14ce26473223b95398e7e6087cafc69d7937a7464b88b7c1f
transfer_cube,503,43,Clean repeat,97016,1,1,4.0,7a304599aa15d6791937f0101417d442546740b17cccc793a9e1f7544377e54f,371b27cb2c3e026b0fd4540542241fc198393941478339cb4bf0fc2de98d9f78
transfer_cube,503,43,Clean repeat,97017,1,1,4.0,7a304599aa15d6791937f0101417d442546740b17cccc793a9e1f7544377e54f,5c3c5e2af8676cce2aae38b736f3b05b87eb68b8fd413476234b4a4440aeac42
transfer_cube,503,43,Clean repeat,97018,1,1,4.0,7a304599aa15d6791937f0101417d442546740b17cccc793a9e1f7544377e54f,a7d68d82cd746507178e4579035f17c19685c81511fdbf5eff6da8cfe36795fb
transfer_cube,503,43,Clean repeat,97019,1,1,4.0,7a304599aa15d6791937f0101417d442546740b17cccc793a9e1f7544377e54f,9b7ff9febd0668d22fea099a8728fbafb79de69c549db75ece4869c44361e636
transfer_cube,503,43,SCANA-R,97000,1,1,4.0,fc3826da9d9095c6cd0f3e05bc0ec22bb5e60fe7445b4833b0cf2bc686dcaf6c,68efc4ea16fc3e69efe74e52fb2f71309587dd6a71838eb544e6cf5c0e72f176
transfer_cube,503,43,SCANA-R,97001,0,0,1.0,fc3826da9d9095c6cd0f3e05bc0ec22bb5e60fe7445b4833b0cf2bc686dcaf6c,586bc653f5d7c42b9bea4fcfcd298f87da1cce25063a5e46fdffa644a953fc86
transfer_cube,503,43,SCANA-R,97002,1,1,4.0,fc3826da9d9095c6cd0f3e05bc0ec22bb5e60fe7445b4833b0cf2bc686dcaf6c,dff84a106b732366c4b7b7edab08845575ee0549f525c6dd713db5f9a1928a98
transfer_cube,503,43,SCANA-R,97003,1,1,4.0,fc3826da9d9095c6cd0f3e05bc0ec22bb5e60fe7445b4833b0cf2bc686dcaf6c,7abddd8f4a08d1261d4465f4de7c4550514c747f51adfffd8fb81c1679d299d6
transfer_cube,503,43,SCANA-R,97004,1,1,4.0,fc3826da9d9095c6cd0f3e05bc0ec22bb5e60fe7445b4833b0cf2bc686dcaf6c,30d84c182ce4616c539b21f0da369e2dbc8b05b26f213a4a6eb21999ad6912e4
transfer_cube,503,43,SCANA-R,97005,1,1,4.0,fc3826da9d9095c6cd0f3e05bc0ec22bb5e60fe7445b4833b0cf2bc686dcaf6c,efcfeeef3dc7e1c3a395640771d93f67ee87a4aa869fab5c2cb07ad334318cd4
transfer_cube,503,43,SCANA-R,97006,1,1,4.0,fc3826da9d9095c6cd0f3e05bc0ec22bb5e60fe7445b4833b0cf2bc686dcaf6c,a7934ad8e270ce0798676fa3b102b8214d6c9da44f568bdf14e0204e7e4c83f0
transfer_cube,503,43,SCANA-R,97007,1,1,4.0,fc3826da9d9095c6cd0f3e05bc0ec22bb5e60fe7445b4833b0cf2bc686dcaf6c,c1276877280201bacd60300b31d7ad6af3ff909c0035164e4d093ead500ec87c
transfer_cube,503,43,SCANA-R,97008,1,1,4.0,fc3826da9d9095c6cd0f3e05bc0ec22bb5e60fe7445b4833b0cf2bc686dcaf6c,e583eb91ce43b2f598383cd7cc202760a58e535062c5c2dbf0665a13cd3221fe
transfer_cube,503,43,SCANA-R,97009,1,1,4.0,fc3826da9d9095c6cd0f3e05bc0ec22bb5e60fe7445b4833b0cf2bc686dcaf6c,b2806ad7da114636504fa222eccf743cfbc9bf5ea8a882bf039e21b5a5de0464
transfer_cube,503,43,SCANA-R,97010,1,1,4.0,fc3826da9d9095c6cd0f3e05bc0ec22bb5e60fe7445b4833b0cf2bc686dcaf6c,543158c44c6b30b255b3cfd96ab73cbe0429d2cda96111e76c6e93e86961a745
transfer_cube,503,43,SCANA-R,97011,1,1,4.0,fc3826da9d9095c6cd0f3e05bc0ec22bb5e60fe7445b4833b0cf2bc686dcaf6c,949a7020bf6ef1156dd53c77f462f09dfd1751d4b4d91d749826994b11a44878
transfer_cube,503,43,SCANA-R,97012,1,1,4.0,fc3826da9d9095c6cd0f3e05bc0ec22bb5e60fe7445b4833b0cf2bc686dcaf6c,ca71e82e37ac8981f3c08321cf8f24965c8347c919652de8a2860302ac976445
transfer_cube,503,43,SCANA-R,97013,1,1,4.0,fc3826da9d9095c6cd0f3e05bc0ec22bb5e60fe7445b4833b0cf2bc686dcaf6c,28e5ef9a6937965bfc638707032118ddf15df8e055ccfbf56128b844b33d2e4a
transfer_cube,503,43,SCANA-R,97014,1,1,4.0,fc3826da9d9095c6cd0f3e05bc0ec22bb5e60fe7445b4833b0cf2bc686dcaf6c,d412ce7faa564ecb7aa1b82321e29fe6584dff82e033d05e71866975c6655819
transfer_cube,503,43,SCANA-R,97015,1,1,4.0,fc3826da9d9095c6cd0f3e05bc0ec22bb5e60fe7445b4833b0cf2bc686dcaf6c,798104743f817d400cda2f375d76618c7f616d35e39e16c93b05fc0244435836
transfer_cube,503,43,SCANA-R,97016,1,1,4.0,fc3826da9d9095c6cd0f3e05bc0ec22bb5e60fe7445b4833b0cf2bc686dcaf6c,82eb39e533649a570aa59b24508e4dd11883d934b67d1a535331328267b2c145
transfer_cube,503,43,SCANA-R,97017,1,1,4.0,fc3826da9d9095c6cd0f3e05bc0ec22bb5e60fe7445b4833b0cf2bc686dcaf6c,4683058121768953b8fd98be1efa55f821ac55fb1771aa5533425d8b5906ec1b
transfer_cube,503,43,SCANA-R,97018,1,1,4.0,fc3826da9d9095c6cd0f3e05bc0ec22bb5e60fe7445b4833b0cf2bc686dcaf6c,ed3e6593a39f3faae621018e35d12f1e274758f4e70a55fc2a877ad139c70e31
transfer_cube,503,43,SCANA-R,97019,1,1,4.0,fc3826da9d9095c6cd0f3e05bc0ec22bb5e60fe7445b4833b0cf2bc686dcaf6c,26ce25770eb8171c444b6c59226fe5adef9785fb9912ce45bb7a5206c9920977
transfer_cube,503,43,Gaussian recovery,97000,0,0,2.0,bda95b7d9d174d184803edfdae0140672137dc261fe43162ca144c66cc5661aa,985ed2f5c5471d15d557493f2b53d9134e1eb6dcd7d648ed7fc19880608da5c0
transfer_cube,503,43,Gaussian recovery,97001,0,0,1.0,bda95b7d9d174d184803edfdae0140672137dc261fe43162ca144c66cc5661aa,bf35fd894ad8dbeebe7428db5e8dd878abf0c1c30a0f6ae8bdfb5006752edcfc
transfer_cube,503,43,Gaussian recovery,97002,1,1,4.0,bda95b7d9d174d184803edfdae0140672137dc261fe43162ca144c66cc5661aa,60a742e66ef3daa65e7b4dd93b4924a709af3efdea8a89e4fdcd8cc02b4b2b47
transfer_cube,503,43,Gaussian recovery,97003,1,1,4.0,bda95b7d9d174d184803edfdae0140672137dc261fe43162ca144c66cc5661aa,c40a5b4a9f6e3ea5d588039575e26a33c04a63277b8a7cec1fc8ad0836a82149
transfer_cube,503,43,Gaussian recovery,97004,1,1,4.0,bda95b7d9d174d184803edfdae0140672137dc261fe43162ca144c66cc5661aa,61009fbe1fcccf61e99b80ed145ca09f6b3f02a507e6fb7f5bd75312eb46a551
transfer_cube,503,43,Gaussian recovery,97005,1,1,4.0,bda95b7d9d174d184803edfdae0140672137dc261fe43162ca144c66cc5661aa,421f5ad9961c04872cdb8a81b67e4751dd415e4ed40e7f3c1b8d8edb4e86c3e6
transfer_cube,503,43,Gaussian recovery,97006,0,0,2.0,bda95b7d9d174d184803edfdae0140672137dc261fe43162ca144c66cc5661aa,311177da35d5629c2abea779d19c8dc2b7dcad8386f7ed338b2b4d593e680fd3
transfer_cube,503,43,Gaussian recovery,97007,0,0,2.0,bda95b7d9d174d184803edfdae0140672137dc261fe43162ca144c66cc5661aa,1180ea2e42723c10d02911963c98a5748cacadbb7f1d8adc74b72aaf12753d16
transfer_cube,503,43,Gaussian recovery,97008,1,1,4.0,bda95b7d9d174d184803edfdae0140672137dc261fe43162ca144c66cc5661aa,774475732955fa48b810dca95f536f4de9fbcfbe9e5dc3c38a45a4a3fe336676
transfer_cube,503,43,Gaussian recovery,97009,1,1,4.0,bda95b7d9d174d184803edfdae0140672137dc261fe43162ca144c66cc5661aa,dfec30e262066809fde4802bdd5f329b5936c15b1aee0802f940726c00b81b6f
transfer_cube,503,43,Gaussian recovery,97010,1,1,4.0,bda95b7d9d174d184803edfdae0140672137dc261fe43162ca144c66cc5661aa,5a903e501d1bb89b103715df89925904beb3eef2a31fe6115bdefce30469f324
transfer_cube,503,43,Gaussian recovery,97011,1,1,4.0,bda95b7d9d174d184803edfdae0140672137dc261fe43162ca144c66cc5661aa,7db88c807c5f7cf5adf479ec968f11577f64d249dbade535c0679b62e8ace6b2
transfer_cube,503,43,Gaussian recovery,97012,1,1,4.0,bda95b7d9d174d184803edfdae0140672137dc261fe43162ca144c66cc5661aa,15801f792b163bf6c8ee88299b479b2956b2c6faa5f73300a829931f1c781da3
transfer_cube,503,43,Gaussian recovery,97013,1,1,4.0,bda95b7d9d174d184803edfdae0140672137dc261fe43162ca144c66cc5661aa,c6611f3b46f91c22e3102bc49491d6344ec5a7c76408dcbe0fde8659b754d273
transfer_cube,503,43,Gaussian recovery,97014,1,1,4.0,bda95b7d9d174d184803edfdae0140672137dc261fe43162ca144c66cc5661aa,92a0f3fce5f26ca2da45ee097981217cc7bae2f29094f5c199278783cf814931
transfer_cube,503,43,Gaussian recovery,97015,1,1,4.0,bda95b7d9d174d184803edfdae0140672137dc261fe43162ca144c66cc5661aa,4ea8703b1a3bb7585c486daca7e300ab70c5b6778dcb2d31b1bfca007919df0a
transfer_cube,503,43,Gaussian recovery,97016,1,1,4.0,bda95b7d9d174d184803edfdae0140672137dc261fe43162ca144c66cc5661aa,2e5d5844c3e1ba34ba560014e5223e75cc01b410a5e8f862c9d4ceb3594ce59c
transfer_cube,503,43,Gaussian recovery,97017,1,1,4.0,bda95b7d9d174d184803edfdae0140672137dc261fe43162ca144c66cc5661aa,be9be3f24679ab49c662a3e5030b7ff4b1b5ed632660fd6da37b9d3e3f5f99d4
transfer_cube,503,43,Gaussian recovery,97018,1,1,4.0,bda95b7d9d174d184803edfdae0140672137dc261fe43162ca144c66cc5661aa,934c194be124200402e7a7d25cbdd5312006113e3ddf537296806f502762d628
transfer_cube,503,43,Gaussian recovery,97019,1,1,4.0,bda95b7d9d174d184803edfdae0140672137dc261fe43162ca144c66cc5661aa,18c2c7f92c6b4f6a57cae6ef7899aa783e89ef4c44c050e023449ad87269ab61
transfer_cube,503,43,No cross-fitting,97000,1,1,4.0,3d21e989c4d7dc6cf98522c8dc4f64de8f19ccf9f47f832cda897dc0878c5d00,c3fad689ca62aca62cd518e38e9df0a3f408391f3a93b619b7557162c6ac99eb
transfer_cube,503,43,No cross-fitting,97001,0,0,1.0,3d21e989c4d7dc6cf98522c8dc4f64de8f19ccf9f47f832cda897dc0878c5d00,1eab1804d4e62ae1651b8ffee63805b4c56579256445fb131a3a3779fb759f12
transfer_cube,503,43,No cross-fitting,97002,1,1,4.0,3d21e989c4d7dc6cf98522c8dc4f64de8f19ccf9f47f832cda897dc0878c5d00,73c7ff9f6e94f11aacc80efbaaa8a73c09805d10a9efff3f7e265ec587d98d5d
transfer_cube,503,43,No cross-fitting,97003,1,1,4.0,3d21e989c4d7dc6cf98522c8dc4f64de8f19ccf9f47f832cda897dc0878c5d00,6a49c5bb7cca94033fea49a06a6d268565be853e6e3e1647448eee2ea42f552a
transfer_cube,503,43,No cross-fitting,97004,1,1,4.0,3d21e989c4d7dc6cf98522c8dc4f64de8f19ccf9f47f832cda897dc0878c5d00,2a0e55272faccce60847b7da454a15012fe799538036dc2b5a205465a23e0a6b
transfer_cube,503,43,No cross-fitting,97005,1,1,4.0,3d21e989c4d7dc6cf98522c8dc4f64de8f19ccf9f47f832cda897dc0878c5d00,a84c9c2dd97493d15d5bf48b91d8ecb108441d352ab709ef6330d3276f52d3e4
transfer_cube,503,43,No cross-fitting,97006,1,1,4.0,3d21e989c4d7dc6cf98522c8dc4f64de8f19ccf9f47f832cda897dc0878c5d00,78dec5d9ab665a98af1c90403189732a3809be876c2a359e45b3a87637394056
transfer_cube,503,43,No cross-fitting,97007,1,1,4.0,3d21e989c4d7dc6cf98522c8dc4f64de8f19ccf9f47f832cda897dc0878c5d00,8bc046f9ab1c26c197be822cb4609a16b59e34249544bf76fee246508ec02bfa
transfer_cube,503,43,No cross-fitting,97008,1,1,4.0,3d21e989c4d7dc6cf98522c8dc4f64de8f19ccf9f47f832cda897dc0878c5d00,b3e739893ab68cd4adecd714b999fb06973e92e21145eb68dbf65fe9175a014e
transfer_cube,503,43,No cross-fitting,97009,1,1,4.0,3d21e989c4d7dc6cf98522c8dc4f64de8f19ccf9f47f832cda897dc0878c5d00,134f1d93f2fd4e8c0c4cb0e808e527d9156e11a2bd17e19ddf06303e9fb7f583
transfer_cube,503,43,No cross-fitting,97010,1,1,4.0,3d21e989c4d7dc6cf98522c8dc4f64de8f19ccf9f47f832cda897dc0878c5d00,e2e97ca3a2c177c8be71ea1a3fe4d2b23de900dc4fce22396138af43cfd55d92
transfer_cube,503,43,No cross-fitting,97011,1,1,4.0,3d21e989c4d7dc6cf98522c8dc4f64de8f19ccf9f47f832cda897dc0878c5d00,94fdf2d6ecc816074e3f6144cd15e1bbb17da69461fdb153512096e4cdcbbe56
transfer_cube,503,43,No cross-fitting,97012,1,1,4.0,3d21e989c4d7dc6cf98522c8dc4f64de8f19ccf9f47f832cda897dc0878c5d00,e3012540bb682587bcbc698c37588345a7fcb3283d0d0830bf6d7fd09b3cbf14
transfer_cube,503,43,No cross-fitting,97013,1,1,4.0,3d21e989c4d7dc6cf98522c8dc4f64de8f19ccf9f47f832cda897dc0878c5d00,0c5771faac74621157c12246eba0c23678512368ec100668297eb2a5535a05be
transfer_cube,503,43,No cross-fitting,97014,1,1,4.0,3d21e989c4d7dc6cf98522c8dc4f64de8f19ccf9f47f832cda897dc0878c5d00,f6eef533776eb321ebb83b7394e09ceba916e6536b243eb6a547e68fca128bed
transfer_cube,503,43,No cross-fitting,97015,1,1,4.0,3d21e989c4d7dc6cf98522c8dc4f64de8f19ccf9f47f832cda897dc0878c5d00,139e09387f3e3ae51a66ce3dc1d433ac3a67230ed19a7f15b9f77624d7066b14
transfer_cube,503,43,No cross-fitting,97016,1,1,4.0,3d21e989c4d7dc6cf98522c8dc4f64de8f19ccf9f47f832cda897dc0878c5d00,25f9b4770e81dbfb8e876739f5b928b6ffdd8bf66d4ee5b661c598d27d1d81a1
transfer_cube,503,43,No cross-fitting,97017,1,1,4.0,3d21e989c4d7dc6cf98522c8dc4f64de8f19ccf9f47f832cda897dc0878c5d00,6dcc4929ca052a7dfae596e19aacb10ae05679cf2870a64333249dd2872677c9
transfer_cube,503,43,No cross-fitting,97018,1,1,4.0,3d21e989c4d7dc6cf98522c8dc4f64de8f19ccf9f47f832cda897dc0878c5d00,e5130f1bf37b35b5e42054b37368d66ecbacfea41d7754b488c6ca3909e1947d
transfer_cube,503,43,No cross-fitting,97019,1,1,4.0,3d21e989c4d7dc6cf98522c8dc4f64de8f19ccf9f47f832cda897dc0878c5d00,8e80a7acb854a5d1e7d608e5b424cc64aa29720d580ec51263583d47b1de941d
transfer_cube,503,43,Global-time errors,97000,1,1,4.0,dbff3894bca1e75fb02b9ddaf455c1d90d71825b6fda0f7bf0a3240def312437,83b0d23d8859a3b08156da32963b1e6dff8afda39d8c6ca68429ea12f3cda348
transfer_cube,503,43,Global-time errors,97001,0,0,1.0,dbff3894bca1e75fb02b9ddaf455c1d90d71825b6fda0f7bf0a3240def312437,c6f3be7a2d827748dc721a1ec45e3e8d756e0170bfea928955201848a4826060
transfer_cube,503,43,Global-time errors,97002,1,1,4.0,dbff3894bca1e75fb02b9ddaf455c1d90d71825b6fda0f7bf0a3240def312437,f082ba1f332c1af069e0d940ae07ce8bdd2b845df65d49b58da5f826064e569b
transfer_cube,503,43,Global-time errors,97003,1,1,4.0,dbff3894bca1e75fb02b9ddaf455c1d90d71825b6fda0f7bf0a3240def312437,48313990354f069eb31124f5fbd3b6d30a3b41a41e5b43c5e67e3d232e3e9d3b
transfer_cube,503,43,Global-time errors,97004,1,1,4.0,dbff3894bca1e75fb02b9ddaf455c1d90d71825b6fda0f7bf0a3240def312437,dd59a21196621564eda1841553827ce0fc3bd81bc0f806558dc1589fe185f3c0
transfer_cube,503,43,Global-time errors,97005,1,1,4.0,dbff3894bca1e75fb02b9ddaf455c1d90d71825b6fda0f7bf0a3240def312437,58949989f03bfc17c685a0702d64dd6c1752784956d81670c97c7ea2bf34a5be
transfer_cube,503,43,Global-time errors,97006,1,1,4.0,dbff3894bca1e75fb02b9ddaf455c1d90d71825b6fda0f7bf0a3240def312437,5a859e558b6d9fa815eff4f382007e05f905a5766c066158faf5ed29996d6e8f
transfer_cube,503,43,Global-time errors,97007,1,1,4.0,dbff3894bca1e75fb02b9ddaf455c1d90d71825b6fda0f7bf0a3240def312437,594f28af21a19a962db51d9ba24e77f7bf0451a33a22e6bdbf2657e0a4590b09
transfer_cube,503,43,Global-time errors,97008,1,1,4.0,dbff3894bca1e75fb02b9ddaf455c1d90d71825b6fda0f7bf0a3240def312437,f02c88dff8935ec6f7274f50b8adfa0f9875241a2dd500916560909ed70615c5
transfer_cube,503,43,Global-time errors,97009,1,1,4.0,dbff3894bca1e75fb02b9ddaf455c1d90d71825b6fda0f7bf0a3240def312437,05948fcd6a3772d50e97fd1ee90023263847d535131a9f18b18b062cfa91c96d
transfer_cube,503,43,Global-time errors,97010,1,1,4.0,dbff3894bca1e75fb02b9ddaf455c1d90d71825b6fda0f7bf0a3240def312437,75e0d2d69f75fd1d6f113d6d68f6000dff43266dfbded1a51e4227f5aa87d175
transfer_cube,503,43,Global-time errors,97011,1,1,4.0,dbff3894bca1e75fb02b9ddaf455c1d90d71825b6fda0f7bf0a3240def312437,a6646c6ef4a966c13815429f6d8df904243dcc427772113d587e8941ff6a8d45
transfer_cube,503,43,Global-time errors,97012,1,1,4.0,dbff3894bca1e75fb02b9ddaf455c1d90d71825b6fda0f7bf0a3240def312437,8d59c7c4fa051c89dadadc8adb5cd996fd9ce9db1a23d0f53d88d53170bccc3a
transfer_cube,503,43,Global-time errors,97013,1,1,4.0,dbff3894bca1e75fb02b9ddaf455c1d90d71825b6fda0f7bf0a3240def312437,63094123f898ddf560da369b20b30a8c3c49a71020c15d923fba8bbffcd36d54
transfer_cube,503,43,Global-time errors,97014,1,1,4.0,dbff3894bca1e75fb02b9ddaf455c1d90d71825b6fda0f7bf0a3240def312437,c0b7dca30f3b47f9972e3f791747e0bc339523d53963af33f5871f9407a6d2bc
transfer_cube,503,43,Global-time errors,97015,1,1,4.0,dbff3894bca1e75fb02b9ddaf455c1d90d71825b6fda0f7bf0a3240def312437,8be67fe67a09e3a457f7c769ada78d4a31c3d4febcef5d3ffc653f81a21375ec
transfer_cube,503,43,Global-time errors,97016,1,1,4.0,dbff3894bca1e75fb02b9ddaf455c1d90d71825b6fda0f7bf0a3240def312437,67966e8e1fded16868c145cbca637c2eec7dd080dd7aae6b080b0bbc6d4b46e6
transfer_cube,503,43,Global-time errors,97017,1,1,4.0,dbff3894bca1e75fb02b9ddaf455c1d90d71825b6fda0f7bf0a3240def312437,53ed6647a21c62726c701f39b074c12b281f91178319fd84592ff463e33586f6
transfer_cube,503,43,Global-time errors,97018,1,1,4.0,dbff3894bca1e75fb02b9ddaf455c1d90d71825b6fda0f7bf0a3240def312437,938039ad1d5ec8bfc9dcdb1d9702a0de6f6452b736c9270fa6504f4dd24c8e1a
transfer_cube,503,43,Global-time errors,97019,1,1,4.0,dbff3894bca1e75fb02b9ddaf455c1d90d71825b6fda0f7bf0a3240def312437,e4c5ee2a948c10f31ce5c8e7c1cac7045b03f6eed125a1b4987bf356b8dccfed
transfer_cube,503,43,No intermediate backtracking,97000,1,1,4.0,677cc7c41b9ef70b3db1c7ba66ecaa8cf00cad7e800f62a1123ecbc97634bc5d,64317609a8364a3cbf819be256138689fd6ce9bcd4c93ca4c1e21540fd37541a
transfer_cube,503,43,No intermediate backtracking,97001,0,0,1.0,677cc7c41b9ef70b3db1c7ba66ecaa8cf00cad7e800f62a1123ecbc97634bc5d,68a69f73ba4e83145e67304c52e66a53d2e1180a59e4f03d971b12222968e5ed
transfer_cube,503,43,No intermediate backtracking,97002,1,1,4.0,677cc7c41b9ef70b3db1c7ba66ecaa8cf00cad7e800f62a1123ecbc97634bc5d,f9082c7d9f64c400a6fc14dc7b0aa53ccd1b77278a91a82c2965079761934081
transfer_cube,503,43,No intermediate backtracking,97003,1,1,4.0,677cc7c41b9ef70b3db1c7ba66ecaa8cf00cad7e800f62a1123ecbc97634bc5d,0b5f48933be909c00190410e6d4e3528f18064de463dc43324235d42f106153d
transfer_cube,503,43,No intermediate backtracking,97004,1,1,4.0,677cc7c41b9ef70b3db1c7ba66ecaa8cf00cad7e800f62a1123ecbc97634bc5d,efb1e4f84852ed01a194185acfa17d40a8d117c7a1bfd488fcf40a6eb12bdc87
transfer_cube,503,43,No intermediate backtracking,97005,1,1,4.0,677cc7c41b9ef70b3db1c7ba66ecaa8cf00cad7e800f62a1123ecbc97634bc5d,c4471193fb26f91c37422f877e2f26d5455b41ad7e72e41ccf229d4658334188
transfer_cube,503,43,No intermediate backtracking,97006,1,1,4.0,677cc7c41b9ef70b3db1c7ba66ecaa8cf00cad7e800f62a1123ecbc97634bc5d,298da496cca89b5e40621abb6a54615b147035df6afbf631c009a499c44c09d0
transfer_cube,503,43,No intermediate backtracking,97007,1,1,4.0,677cc7c41b9ef70b3db1c7ba66ecaa8cf00cad7e800f62a1123ecbc97634bc5d,cc2cb6869ca5c75a6e046747c32f31142fb01f0eabf4cff3c0cb3564419ef62f
transfer_cube,503,43,No intermediate backtracking,97008,1,1,4.0,677cc7c41b9ef70b3db1c7ba66ecaa8cf00cad7e800f62a1123ecbc97634bc5d,2e39d934afccd62a2b18c52a7e2683fa93606c05703a81b8c56712faf18532e3
transfer_cube,503,43,No intermediate backtracking,97009,1,1,4.0,677cc7c41b9ef70b3db1c7ba66ecaa8cf00cad7e800f62a1123ecbc97634bc5d,4de0b7113b4a032c0ffa7e1a3ba1edd3167e76f06ba5d327f926c4a1522c89a5
transfer_cube,503,43,No intermediate backtracking,97010,1,1,4.0,677cc7c41b9ef70b3db1c7ba66ecaa8cf00cad7e800f62a1123ecbc97634bc5d,dca10fcd4278703a7121eabf3eea362fcc7fc7ee93f81b1903c024dc26d00697
transfer_cube,503,43,No intermediate backtracking,97011,1,1,4.0,677cc7c41b9ef70b3db1c7ba66ecaa8cf00cad7e800f62a1123ecbc97634bc5d,7fb86ec07a510ff7004767aaf869b991f6db78108a34ee2921e207d33f711425
transfer_cube,503,43,No intermediate backtracking,97012,1,1,4.0,677cc7c41b9ef70b3db1c7ba66ecaa8cf00cad7e800f62a1123ecbc97634bc5d,63cf46135ea6e1fd71876ed6f136356001168c22f7b409d2107de53759937f12
transfer_cube,503,43,No intermediate backtracking,97013,1,1,4.0,677cc7c41b9ef70b3db1c7ba66ecaa8cf00cad7e800f62a1123ecbc97634bc5d,cece60f6c752f99ef4015ce03ae80513773db761dcfdef92dac3971a5cfecd00
transfer_cube,503,43,No intermediate backtracking,97014,1,1,4.0,677cc7c41b9ef70b3db1c7ba66ecaa8cf00cad7e800f62a1123ecbc97634bc5d,765144bdd9bf0395533933baccac86314ce66c290ccdc3d5739e4074ee395bdd
transfer_cube,503,43,No intermediate backtracking,97015,1,1,4.0,677cc7c41b9ef70b3db1c7ba66ecaa8cf00cad7e800f62a1123ecbc97634bc5d,3fa058583bcb5f800bbe92d5f7ea4bde67e560aab4b16f5a2783e43d417679fa
transfer_cube,503,43,No intermediate backtracking,97016,1,1,4.0,677cc7c41b9ef70b3db1c7ba66ecaa8cf00cad7e800f62a1123ecbc97634bc5d,4cdbf19fd96a7ab6a0f2002977ae8587155a6ff8bf59789f903fb579b99722ef
transfer_cube,503,43,No intermediate backtracking,97017,1,1,4.0,677cc7c41b9ef70b3db1c7ba66ecaa8cf00cad7e800f62a1123ecbc97634bc5d,3d94b0a85040f412a7245c307aaf661a660700be2338cb3a1555f423acb8627a
transfer_cube,503,43,No intermediate backtracking,97018,1,1,4.0,677cc7c41b9ef70b3db1c7ba66ecaa8cf00cad7e800f62a1123ecbc97634bc5d,45742e218b83d03578fe3975adb9fdea13dbb120682b8b6071721b41affdcc84
transfer_cube,503,43,No intermediate backtracking,97019,1,1,4.0,677cc7c41b9ef70b3db1c7ba66ecaa8cf00cad7e800f62a1123ecbc97634bc5d,cd9b5e7d687b3551750c8b095a00b1a8a1c246fae3f04868c960bcdb208c2e18
transfer_cube,503,43,Gaussian CPU budget,97000,1,1,4.0,0e5c82747af1cbc870ed00af0f2df2a7b7141b166f915637922ea939a7cf70de,1d313a983de65b2f468dec46ff87141ca48dd8a22b1ef6842d6528a8a3d0bd74
transfer_cube,503,43,Gaussian CPU budget,97001,0,0,2.0,0e5c82747af1cbc870ed00af0f2df2a7b7141b166f915637922ea939a7cf70de,5988d23f8bfddc6b0949af7f69bf506df5060aa1afcc3b06dd7b992d1ee53e4c
transfer_cube,503,43,Gaussian CPU budget,97002,1,1,4.0,0e5c82747af1cbc870ed00af0f2df2a7b7141b166f915637922ea939a7cf70de,931c32222dec3893f84a31cb90a824591d826b6c08f96fbcf6328925bc2460ca
transfer_cube,503,43,Gaussian CPU budget,97003,1,1,4.0,0e5c82747af1cbc870ed00af0f2df2a7b7141b166f915637922ea939a7cf70de,6719c980c71a5c3aa07b1635ef4b27e0dfb3c754f2affd2f1355a77cc5008528
transfer_cube,503,43,Gaussian CPU budget,97004,1,1,4.0,0e5c82747af1cbc870ed00af0f2df2a7b7141b166f915637922ea939a7cf70de,0c037fce836dd74796df37b39e4daab3b189776cbe588434901afe93b22a1ea9
transfer_cube,503,43,Gaussian CPU budget,97005,1,1,4.0,0e5c82747af1cbc870ed00af0f2df2a7b7141b166f915637922ea939a7cf70de,84b563550a80e08f3802a2b025a758bd2f8d6102b3a5f74d5aa12a1164126496
transfer_cube,503,43,Gaussian CPU budget,97006,1,1,4.0,0e5c82747af1cbc870ed00af0f2df2a7b7141b166f915637922ea939a7cf70de,592f31499cc86c3d38e42547f90fb0f470b476886fc9acc55059190f6db55bd9
transfer_cube,503,43,Gaussian CPU budget,97007,1,1,4.0,0e5c82747af1cbc870ed00af0f2df2a7b7141b166f915637922ea939a7cf70de,34d2bc0035c40ef7d61d0ff6b23e37bfd03230eab9c65fc2b397abc3785baa24
transfer_cube,503,43,Gaussian CPU budget,97008,1,1,4.0,0e5c82747af1cbc870ed00af0f2df2a7b7141b166f915637922ea939a7cf70de,5571182d3db01e9170d575ae3093584540d455f7c49e077604db6e0d09343bff
transfer_cube,503,43,Gaussian CPU budget,97009,1,1,4.0,0e5c82747af1cbc870ed00af0f2df2a7b7141b166f915637922ea939a7cf70de,00cc35aaf63afca7b63aff485c02c94705369ceb58609616d5b8566b685fae8b
transfer_cube,503,43,Gaussian CPU budget,97010,1,1,4.0,0e5c82747af1cbc870ed00af0f2df2a7b7141b166f915637922ea939a7cf70de,4487facb95d7ce9eef7cb1549729e2737b90acbafca63386cc88618640abf794
transfer_cube,503,43,Gaussian CPU budget,97011,1,1,4.0,0e5c82747af1cbc870ed00af0f2df2a7b7141b166f915637922ea939a7cf70de,6de4ecd7b5d6b884eacf0f9d18337e1be2594d1a6fd7aae0b5ac8324d19e71f1
transfer_cube,503,43,Gaussian CPU budget,97012,1,1,4.0,0e5c82747af1cbc870ed00af0f2df2a7b7141b166f915637922ea939a7cf70de,fe219a43cd1fa1905b6ac292a6eb9336ef4fd01d42226b060dbb4379b17db965
transfer_cube,503,43,Gaussian CPU budget,97013,1,1,4.0,0e5c82747af1cbc870ed00af0f2df2a7b7141b166f915637922ea939a7cf70de,c2a7ad80ad33d6ee6b25ff1f0936b86758aa4307c62abb4708a28357254b9a2e
transfer_cube,503,43,Gaussian CPU budget,97014,1,1,4.0,0e5c82747af1cbc870ed00af0f2df2a7b7141b166f915637922ea939a7cf70de,ef0ce189c6fb50b2694ecac3b45e2da83692eb6ce35fafc07a731067eff6c09a
transfer_cube,503,43,Gaussian CPU budget,97015,1,1,4.0,0e5c82747af1cbc870ed00af0f2df2a7b7141b166f915637922ea939a7cf70de,079f63cec8092df5fca18ffd03cd2b44358ab3e40111614e4b2ecb2ea3434390
transfer_cube,503,43,Gaussian CPU budget,97016,1,1,4.0,0e5c82747af1cbc870ed00af0f2df2a7b7141b166f915637922ea939a7cf70de,7e383e1b28f19a9da27773a3dead90885fd06edcf7e8fd7314808fa50e1ef063
transfer_cube,503,43,Gaussian CPU budget,97017,1,1,4.0,0e5c82747af1cbc870ed00af0f2df2a7b7141b166f915637922ea939a7cf70de,1e8fa291428eaf1a83562461ff4895aa22263ae53f67c64c0d36f398b0b1978e
transfer_cube,503,43,Gaussian CPU budget,97018,1,1,4.0,0e5c82747af1cbc870ed00af0f2df2a7b7141b166f915637922ea939a7cf70de,c87864e6fdb63d956e03b7f7ca353940f05fa074379768ddf9c94d2ae3045696
transfer_cube,503,43,Gaussian CPU budget,97019,1,1,4.0,0e5c82747af1cbc870ed00af0f2df2a7b7141b166f915637922ea939a7cf70de,4ed0d448d72820d328ba1a5a492c957ea0d6506f261a3439db0d3dfb752fc2d7
insertion,101,17,Clean repeat,97000,1,1,4.0,4cdb8ea9b82ac011b59b6b269d6963f1187b779280c46db092b67c13f0c864b2,bbf87c6755fde5f218207782dae999cf9b8eb112385cc60ba79d644406ea469a
insertion,101,17,Clean repeat,97001,0,0,2.0,4cdb8ea9b82ac011b59b6b269d6963f1187b779280c46db092b67c13f0c864b2,17ec427351d256678adaa7efd05a5088e3069fcf73653ba93f2b704535714147
insertion,101,17,Clean repeat,97002,0,0,3.0,4cdb8ea9b82ac011b59b6b269d6963f1187b779280c46db092b67c13f0c864b2,631b025f268efb0efbee66503c72b6440adc1e7b086788dc036e4f8e23dd1bdf
insertion,101,17,Clean repeat,97003,0,0,2.0,4cdb8ea9b82ac011b59b6b269d6963f1187b779280c46db092b67c13f0c864b2,c911bcc52d1da3dbcf90aff31a035f305ded7ce579cfad4af803cde7d7a4bb8a
insertion,101,17,Clean repeat,97004,0,0,2.0,4cdb8ea9b82ac011b59b6b269d6963f1187b779280c46db092b67c13f0c864b2,55ce7278790d711764300397cea2e41ddfa052e03bfd69051cf9c7d6becdb7d2
insertion,101,17,Clean repeat,97005,0,0,2.0,4cdb8ea9b82ac011b59b6b269d6963f1187b779280c46db092b67c13f0c864b2,7ca4f05f8edaa080650e0aa9784523361844e68590c3c3cddd964e93987bc650
insertion,101,17,Clean repeat,97006,0,0,3.0,4cdb8ea9b82ac011b59b6b269d6963f1187b779280c46db092b67c13f0c864b2,ae689d1c1449d92785e3c92900787da567000020a87f2cab68109d6d5c3b6a0e
insertion,101,17,Clean repeat,97007,0,0,2.0,4cdb8ea9b82ac011b59b6b269d6963f1187b779280c46db092b67c13f0c864b2,fca610086fdbcb8f1115c4a79b66edbe08d92c7e42a0ddec1269044e135b7b6c
insertion,101,17,Clean repeat,97008,0,0,2.0,4cdb8ea9b82ac011b59b6b269d6963f1187b779280c46db092b67c13f0c864b2,4c3e4ccdcf409430bf695eebee59a7880262e36b252e2eee9a013e3b5b8e12b1
insertion,101,17,Clean repeat,97009,1,0,4.0,4cdb8ea9b82ac011b59b6b269d6963f1187b779280c46db092b67c13f0c864b2,77c203556df80fd1459d763637604f8e2ece4b95ac9871e7e5edf441e44e76fe
insertion,101,17,Clean repeat,97010,0,0,1.0,4cdb8ea9b82ac011b59b6b269d6963f1187b779280c46db092b67c13f0c864b2,90a6bcecf4e239eeca22ab64c56579f1accfb72c2d6605bef4950f9721a79300
insertion,101,17,Clean repeat,97011,0,0,2.0,4cdb8ea9b82ac011b59b6b269d6963f1187b779280c46db092b67c13f0c864b2,f7c89a33bacbab539dd7c07fd1cd7d3f2f12d9649a77860d256b1324c19dac67
insertion,101,17,Clean repeat,97012,0,0,2.0,4cdb8ea9b82ac011b59b6b269d6963f1187b779280c46db092b67c13f0c864b2,b585a075ca4ec711dd21239d6b2f870b2ba31706ae0d1633398d456cec34d29f
insertion,101,17,Clean repeat,97013,0,0,2.0,4cdb8ea9b82ac011b59b6b269d6963f1187b779280c46db092b67c13f0c864b2,a3aaf4c049561fcfca3e5b17991cbd708b2993957cb89d090e2e62b11b8aad95
insertion,101,17,Clean repeat,97014,0,0,3.0,4cdb8ea9b82ac011b59b6b269d6963f1187b779280c46db092b67c13f0c864b2,82cf90b7a6aebeeefc48881b019ebc5d25990d1e3af63573f63c883055620b90
insertion,101,17,Clean repeat,97015,0,0,2.0,4cdb8ea9b82ac011b59b6b269d6963f1187b779280c46db092b67c13f0c864b2,ca8653c8b4f53e0b8a65e480520673dd3c274873519e8116a807239154c53026
insertion,101,17,Clean repeat,97016,1,0,4.0,4cdb8ea9b82ac011b59b6b269d6963f1187b779280c46db092b67c13f0c864b2,3a395465ac8b8d1b893b1776c7e85468b508e2bd2e1ca05765cfa902f0406ef0
insertion,101,17,Clean repeat,97017,0,0,3.0,4cdb8ea9b82ac011b59b6b269d6963f1187b779280c46db092b67c13f0c864b2,25fa5b289a14f8a3161fb855594b98c550c443af44d615cf7cc98e4ebd8df7db
insertion,101,17,Clean repeat,97018,0,0,0.0,4cdb8ea9b82ac011b59b6b269d6963f1187b779280c46db092b67c13f0c864b2,dc49f77666ac5aa801d20e618500a24c56081901c5d94fe43964f2f641ed1b8c
insertion,101,17,Clean repeat,97019,1,0,4.0,4cdb8ea9b82ac011b59b6b269d6963f1187b779280c46db092b67c13f0c864b2,7777ed52eadb53dcffd1a2dbea9c7b609a4917533875b9a7f47d599ed8755c77
insertion,101,17,SCANA-R,97000,0,0,3.0,3c5a21dbcdf0e3dfd8d9b61fcddd6b8fb13431fc0d6cff81b25c368f602fb555,966c468ddf7fe729a9b2a22ad4c2ee37a36e2dec41d4eff0d20d7395caf4c607
insertion,101,17,SCANA-R,97001,0,0,3.0,3c5a21dbcdf0e3dfd8d9b61fcddd6b8fb13431fc0d6cff81b25c368f602fb555,bc4ca8000a049352e7fd5ce4721217b592847fbba24ffe96f9deed60424bb856
insertion,101,17,SCANA-R,97002,0,0,3.0,3c5a21dbcdf0e3dfd8d9b61fcddd6b8fb13431fc0d6cff81b25c368f602fb555,89b7e52c13391517921bd88e9776b30ffef081eb4064aab8cb47917c9da23858
insertion,101,17,SCANA-R,97003,0,0,1.0,3c5a21dbcdf0e3dfd8d9b61fcddd6b8fb13431fc0d6cff81b25c368f602fb555,3d91dac6bda101a133cc046af7364c665cf92c855fad85d4fa6ebcab3e269837
insertion,101,17,SCANA-R,97004,0,0,3.0,3c5a21dbcdf0e3dfd8d9b61fcddd6b8fb13431fc0d6cff81b25c368f602fb555,d361ea467b02092f6f028517b0d294f7727cd77714e1e7dd1e09a5ca16dfda14
insertion,101,17,SCANA-R,97005,1,1,4.0,3c5a21dbcdf0e3dfd8d9b61fcddd6b8fb13431fc0d6cff81b25c368f602fb555,2725a8141edd9c441d919d637fc9d169b2993b0c8c421128100d6111fbf7a02a
insertion,101,17,SCANA-R,97006,0,0,3.0,3c5a21dbcdf0e3dfd8d9b61fcddd6b8fb13431fc0d6cff81b25c368f602fb555,2ae231d681852304c99691e0488c706d639ca76ed2966f82f6ef615780c1f5e6
insertion,101,17,SCANA-R,97007,0,0,3.0,3c5a21dbcdf0e3dfd8d9b61fcddd6b8fb13431fc0d6cff81b25c368f602fb555,457fbc17f6d2f9b324f50f8f1a602dd64638d74a43ca5b4fa66ad2b9d67d32ea
insertion,101,17,SCANA-R,97008,1,1,4.0,3c5a21dbcdf0e3dfd8d9b61fcddd6b8fb13431fc0d6cff81b25c368f602fb555,9ef41ebcb09b0aad997a75e6392c55ae195728e0f5aa192ec72c707318d718ed
insertion,101,17,SCANA-R,97009,0,0,3.0,3c5a21dbcdf0e3dfd8d9b61fcddd6b8fb13431fc0d6cff81b25c368f602fb555,fb884c84578142f09b28a39f6c5cff78c8cbb05e3d9ba993fa1c8ebe7888d37c
insertion,101,17,SCANA-R,97010,1,1,4.0,3c5a21dbcdf0e3dfd8d9b61fcddd6b8fb13431fc0d6cff81b25c368f602fb555,887dfed408baae356e1a3c1d9de8045ff7f6e3184eecc4599bddbc174ce4ebeb
insertion,101,17,SCANA-R,97011,1,0,4.0,3c5a21dbcdf0e3dfd8d9b61fcddd6b8fb13431fc0d6cff81b25c368f602fb555,8fafcb6ee2b4278058b873f691fefa8d895db8679b60293ca471d3341b99f60b
insertion,101,17,SCANA-R,97012,0,0,3.0,3c5a21dbcdf0e3dfd8d9b61fcddd6b8fb13431fc0d6cff81b25c368f602fb555,d49b6d1ee00f2548a1260aa4554663410dadf6937336aca37e132e37238ff8ac
insertion,101,17,SCANA-R,97013,0,0,3.0,3c5a21dbcdf0e3dfd8d9b61fcddd6b8fb13431fc0d6cff81b25c368f602fb555,eeb718f931b5c1e0edb30a5851eb450fc84a4442ca165754e9d54da9970c195f
insertion,101,17,SCANA-R,97014,0,0,2.0,3c5a21dbcdf0e3dfd8d9b61fcddd6b8fb13431fc0d6cff81b25c368f602fb555,2f172e2e70d9a040da276f7df48811b8fae63d728260e6ae132f3ac32db58135
insertion,101,17,SCANA-R,97015,0,0,3.0,3c5a21dbcdf0e3dfd8d9b61fcddd6b8fb13431fc0d6cff81b25c368f602fb555,8176353a61b1e0c0ee8af1f5e2b6104bc1001af32b0fe0b1b9008f6d69511e1b
insertion,101,17,SCANA-R,97016,0,0,3.0,3c5a21dbcdf0e3dfd8d9b61fcddd6b8fb13431fc0d6cff81b25c368f602fb555,e9ef55a68a86a828f2188ee81b21c869f266b53dc8f319a0531dd803e2defcb0
insertion,101,17,SCANA-R,97017,0,0,3.0,3c5a21dbcdf0e3dfd8d9b61fcddd6b8fb13431fc0d6cff81b25c368f602fb555,3eaba6ec9de4a7382c797f969dfddb1fc96a5deffd2542c8c48ea1cff845e5bf
insertion,101,17,SCANA-R,97018,0,0,2.0,3c5a21dbcdf0e3dfd8d9b61fcddd6b8fb13431fc0d6cff81b25c368f602fb555,89b4b4a8a35c7e4916f8177ad17c242cdf2a8aba42db949d434a145beefab0f2
insertion,101,17,SCANA-R,97019,0,0,3.0,3c5a21dbcdf0e3dfd8d9b61fcddd6b8fb13431fc0d6cff81b25c368f602fb555,34955ced2d5b859d71e4a3fd39f218113617c16a440ebdc1390c4de81f2c1a6d
insertion,101,17,Gaussian recovery,97000,1,1,4.0,73fc88b1dcf50879ef5de7f07bd9632c1971515c026c862194323ec01d6928a8,409916345d96f94c99c16313d7678d74ce1e549fe10b4421fd7df57df1d0eaae
insertion,101,17,Gaussian recovery,97001,0,0,3.0,73fc88b1dcf50879ef5de7f07bd9632c1971515c026c862194323ec01d6928a8,ef11ab95f654c1618af9e403ff98ac409a4d6ed3eb5377169fcc54a6b5173b4d
insertion,101,17,Gaussian recovery,97002,0,0,2.0,73fc88b1dcf50879ef5de7f07bd9632c1971515c026c862194323ec01d6928a8,800617f4034ee93e3fdf4bb8f00fd73617d249eee3020a13d06e3e588e3d4525
insertion,101,17,Gaussian recovery,97003,1,0,4.0,73fc88b1dcf50879ef5de7f07bd9632c1971515c026c862194323ec01d6928a8,4a912ac7449dc4be12ffca10f018217ae3c9ec7a3760da7b76307b2f37c8ad3a
insertion,101,17,Gaussian recovery,97004,0,0,3.0,73fc88b1dcf50879ef5de7f07bd9632c1971515c026c862194323ec01d6928a8,f251910eeda29256c97e67bb8963233d801d5b7f991167d750c2be683ff4dba2
insertion,101,17,Gaussian recovery,97005,0,0,2.0,73fc88b1dcf50879ef5de7f07bd9632c1971515c026c862194323ec01d6928a8,31d5f3df3abfa02a0a25f09082f480a97176c67c20a08354ac87f15f559f44b4
insertion,101,17,Gaussian recovery,97006,0,0,3.0,73fc88b1dcf50879ef5de7f07bd9632c1971515c026c862194323ec01d6928a8,9d4778d9d8faeb5aedee6d18389f9e88488b3e0fb30a1eefa91b3e6059001a8e
insertion,101,17,Gaussian recovery,97007,0,0,3.0,73fc88b1dcf50879ef5de7f07bd9632c1971515c026c862194323ec01d6928a8,19744acee4b96c8e6a8f5d643c223abe79d0458c335b7b7bc5aa2c2e18cf7142
insertion,101,17,Gaussian recovery,97008,0,0,2.0,73fc88b1dcf50879ef5de7f07bd9632c1971515c026c862194323ec01d6928a8,f80a86176d13896b97983b8eb487d6ac14f5025de0687eec666e4e4db250ff42
insertion,101,17,Gaussian recovery,97009,0,0,3.0,73fc88b1dcf50879ef5de7f07bd9632c1971515c026c862194323ec01d6928a8,86edeaec0178b8f9c0ee1b9ee7ffe8a5dea7dcfe9e482ed5d6f684f70f98010d
insertion,101,17,Gaussian recovery,97010,0,0,1.0,73fc88b1dcf50879ef5de7f07bd9632c1971515c026c862194323ec01d6928a8,a9478425e9105c8ef11f1f6e03c81496a6598b29742aac1e2fa5b8a7fc89525e
insertion,101,17,Gaussian recovery,97011,0,0,3.0,73fc88b1dcf50879ef5de7f07bd9632c1971515c026c862194323ec01d6928a8,dfe7298b29a3059980e9fd1dd168229940414c57277f5969d69a94875513b495
insertion,101,17,Gaussian recovery,97012,1,1,4.0,73fc88b1dcf50879ef5de7f07bd9632c1971515c026c862194323ec01d6928a8,dfb439bff99a826854410d881eb1bd1f9528c666e051ee2e2db93e51954e4956
insertion,101,17,Gaussian recovery,97013,0,0,3.0,73fc88b1dcf50879ef5de7f07bd9632c1971515c026c862194323ec01d6928a8,0dcc58987e532f769868c64dbd6ba39a9d89c67af092fc0446dea7745dbeb102
insertion,101,17,Gaussian recovery,97014,0,0,3.0,73fc88b1dcf50879ef5de7f07bd9632c1971515c026c862194323ec01d6928a8,996b4e156b1d2f0125a75c114c2d0d75d2b2d96d063267d9cbb2e8f1b2c88075
insertion,101,17,Gaussian recovery,97015,0,0,3.0,73fc88b1dcf50879ef5de7f07bd9632c1971515c026c862194323ec01d6928a8,5f76339d9eabf833654c2483ec3c413c1c2ac04ac804b1ba89dc77f7129483c4
insertion,101,17,Gaussian recovery,97016,0,0,2.0,73fc88b1dcf50879ef5de7f07bd9632c1971515c026c862194323ec01d6928a8,7731f83eb5684b687441cd68c9a041af18e33a841aede0688164c0c5c83f88a6
insertion,101,17,Gaussian recovery,97017,0,0,3.0,73fc88b1dcf50879ef5de7f07bd9632c1971515c026c862194323ec01d6928a8,409ac85ad8996ba043adb92c99f86d3400be0bc657af015a71666ee4201dfe1b
insertion,101,17,Gaussian recovery,97018,0,0,3.0,73fc88b1dcf50879ef5de7f07bd9632c1971515c026c862194323ec01d6928a8,6e7f38881506c7ae6be6f75195284bc1e30451141bdd82a81dfcd77fa286c09d
insertion,101,17,Gaussian recovery,97019,1,1,4.0,73fc88b1dcf50879ef5de7f07bd9632c1971515c026c862194323ec01d6928a8,450bcd3e322c847270b1aee01c15185f1a2b14bf7d80ccef391a4d9f07444485
insertion,101,17,No cross-fitting,97000,1,1,4.0,129d430551d1df12903eb3a574d92c7e772b5ac2c0906be9134fe582b9882ca5,99519862d8bb87ab585c9d020e6c4faf990b75697d204fd31dc7beb6a52ed232
insertion,101,17,No cross-fitting,97001,0,0,2.0,129d430551d1df12903eb3a574d92c7e772b5ac2c0906be9134fe582b9882ca5,83f7b4f3216150675614fb87843e62db0d013c1d7b23292dc8f9d93d65e87447
insertion,101,17,No cross-fitting,97002,0,0,3.0,129d430551d1df12903eb3a574d92c7e772b5ac2c0906be9134fe582b9882ca5,7d20ba58e9cbacf946a0ff3f310da77dce21964e6819596a5576d64c95b5d6a2
insertion,101,17,No cross-fitting,97003,0,0,2.0,129d430551d1df12903eb3a574d92c7e772b5ac2c0906be9134fe582b9882ca5,c60c18f7d70da12e07ff0dd3e24981bbfc8eed821cee4a002d136d22f43b941f
insertion,101,17,No cross-fitting,97004,0,0,3.0,129d430551d1df12903eb3a574d92c7e772b5ac2c0906be9134fe582b9882ca5,3140cccd10aba03506107412b249ddb54fefafd4a7667126ac9ee637384ae902
insertion,101,17,No cross-fitting,97005,1,0,4.0,129d430551d1df12903eb3a574d92c7e772b5ac2c0906be9134fe582b9882ca5,397d841effc8506bbb8b73fe8f493d3639b97075310dc9efbed7f562da242309
insertion,101,17,No cross-fitting,97006,0,0,3.0,129d430551d1df12903eb3a574d92c7e772b5ac2c0906be9134fe582b9882ca5,01012f7f08ad273b5877d784e783351be8594034899aaf241c1a55810f787a1c
insertion,101,17,No cross-fitting,97007,0,0,2.0,129d430551d1df12903eb3a574d92c7e772b5ac2c0906be9134fe582b9882ca5,c67dc589ad3bdc8ec24cdf1b4aa413fd31059cb6cf02eab88849794ec4d2c88b
insertion,101,17,No cross-fitting,97008,1,1,4.0,129d430551d1df12903eb3a574d92c7e772b5ac2c0906be9134fe582b9882ca5,930f5ecab8cb8ec4166fe9c15bbb3cde47c5adb9f046c53db62b3a3666a47b53
insertion,101,17,No cross-fitting,97009,1,1,4.0,129d430551d1df12903eb3a574d92c7e772b5ac2c0906be9134fe582b9882ca5,0448be1b61c4385062f26c1d4cae08b1fd741be616f5c8588910cda49ed25bb0
insertion,101,17,No cross-fitting,97010,0,0,3.0,129d430551d1df12903eb3a574d92c7e772b5ac2c0906be9134fe582b9882ca5,95da7117dc154c66fa2b296fa74231f3dd8366d317b51ac6809306150fe6034c
insertion,101,17,No cross-fitting,97011,0,0,3.0,129d430551d1df12903eb3a574d92c7e772b5ac2c0906be9134fe582b9882ca5,223a6bccada18553cf9da317e0f9e98ccb1f0d395f874ef896257594e037fd4b
insertion,101,17,No cross-fitting,97012,0,0,3.0,129d430551d1df12903eb3a574d92c7e772b5ac2c0906be9134fe582b9882ca5,7b9b3a1908be90caaaa132358f4e35064eca3c3bf5539dda1b6d28b65b9c12fc
insertion,101,17,No cross-fitting,97013,0,0,3.0,129d430551d1df12903eb3a574d92c7e772b5ac2c0906be9134fe582b9882ca5,5e36584a0fa8febf8cada96f15dff41c6b9ed7f81a38461e77ec01ddd92f4b01
insertion,101,17,No cross-fitting,97014,0,0,3.0,129d430551d1df12903eb3a574d92c7e772b5ac2c0906be9134fe582b9882ca5,c51fbdcc64200b101be6851631e4387b9c465945edca7c2f5f840fb7bf4b188b
insertion,101,17,No cross-fitting,97015,1,1,4.0,129d430551d1df12903eb3a574d92c7e772b5ac2c0906be9134fe582b9882ca5,e0ac03bdf1a89f959e32dfae1eef6913f261228a7e9c588305e9481a29c53cd6
insertion,101,17,No cross-fitting,97016,1,1,4.0,129d430551d1df12903eb3a574d92c7e772b5ac2c0906be9134fe582b9882ca5,7b2f5e14c8809330f26bbce6f04dcc7a3dcbdc938f9ddac7f9b964a1e35ecb97
insertion,101,17,No cross-fitting,97017,0,0,2.0,129d430551d1df12903eb3a574d92c7e772b5ac2c0906be9134fe582b9882ca5,8191cd7ccfc48dffca202137a2b3cf49d0a5ca5c87eb7208fb75b4828110313b
insertion,101,17,No cross-fitting,97018,0,0,3.0,129d430551d1df12903eb3a574d92c7e772b5ac2c0906be9134fe582b9882ca5,4dddf007950c4ae201414d08e41af3704997b8ba6cae0c73ad73de56142a33ab
insertion,101,17,No cross-fitting,97019,1,1,4.0,129d430551d1df12903eb3a574d92c7e772b5ac2c0906be9134fe582b9882ca5,782eb1fd62837c2835b8a0e63a1e69ab1e19d75e50ba0fed4628931c2ca8dad0
insertion,101,17,Global-time errors,97000,1,1,4.0,f6360d91d115ade749c97bf5a1b9c39f83c3e2c8a07a5e6e70e09a53728258f3,c8c1dcd8fab98bb77cb6b0187aaecde6158ee74cf67294e44819d9435ca578ed
insertion,101,17,Global-time errors,97001,1,1,4.0,f6360d91d115ade749c97bf5a1b9c39f83c3e2c8a07a5e6e70e09a53728258f3,f22434dbb8905ec0124945f2415e52a27f46f88ca67d611b102ec88cf1ec2b4b
insertion,101,17,Global-time errors,97002,0,0,3.0,f6360d91d115ade749c97bf5a1b9c39f83c3e2c8a07a5e6e70e09a53728258f3,c928648e1c81ff045b3041aa3c930cd66adee3c5072828c6b8c867a4f14d48d9
insertion,101,17,Global-time errors,97003,0,0,2.0,f6360d91d115ade749c97bf5a1b9c39f83c3e2c8a07a5e6e70e09a53728258f3,cb25054938a4127be6a35aad14e27e62c7960402365c1b912d699712be09a8e5
insertion,101,17,Global-time errors,97004,0,0,2.0,f6360d91d115ade749c97bf5a1b9c39f83c3e2c8a07a5e6e70e09a53728258f3,4bc1389904c8fe6dd8751a3d8b21525904d7cf38d424b8c36960dd849e929aa0
insertion,101,17,Global-time errors,97005,1,1,4.0,f6360d91d115ade749c97bf5a1b9c39f83c3e2c8a07a5e6e70e09a53728258f3,0b9e2b42c6fcbadc3505f0c8cc355d548b4589a11c58b7070f17398f1d445fc3
insertion,101,17,Global-time errors,97006,1,1,4.0,f6360d91d115ade749c97bf5a1b9c39f83c3e2c8a07a5e6e70e09a53728258f3,e7f209c00105bc16a4c074f9acff39b3b7eed2bef5e8f908df0df01b68fa08af
insertion,101,17,Global-time errors,97007,1,1,4.0,f6360d91d115ade749c97bf5a1b9c39f83c3e2c8a07a5e6e70e09a53728258f3,7259204ea5389a804ca426733016e56652ca0f7a4d5ff1f84b2a87808d0bb079
insertion,101,17,Global-time errors,97008,1,1,4.0,f6360d91d115ade749c97bf5a1b9c39f83c3e2c8a07a5e6e70e09a53728258f3,13cb4d50dc7e8b9ced7feea05351f7c90697795af15b62ced747e4e34f43873f
insertion,101,17,Global-time errors,97009,0,0,3.0,f6360d91d115ade749c97bf5a1b9c39f83c3e2c8a07a5e6e70e09a53728258f3,ecbe6f8bc6e41b3a28fe76852cdd1ea9c0ac448b48eef39f96f26184e8ac6c6d
insertion,101,17,Global-time errors,97010,0,0,3.0,f6360d91d115ade749c97bf5a1b9c39f83c3e2c8a07a5e6e70e09a53728258f3,06ec7777fe269af63bf53dc4b34a9d1dc5f04c59810bbeb3d8d5585f173b24fa
insertion,101,17,Global-time errors,97011,0,0,3.0,f6360d91d115ade749c97bf5a1b9c39f83c3e2c8a07a5e6e70e09a53728258f3,23196d10f551b53c3663cac3904e34eb54097c32ab36c0596560efd3d104b2fb
insertion,101,17,Global-time errors,97012,0,0,3.0,f6360d91d115ade749c97bf5a1b9c39f83c3e2c8a07a5e6e70e09a53728258f3,20d4232522b07b8abc0c7cd7acc91661f0e3142f171c6f3351e1485fe34129e0
insertion,101,17,Global-time errors,97013,1,1,4.0,f6360d91d115ade749c97bf5a1b9c39f83c3e2c8a07a5e6e70e09a53728258f3,69cb5c0e20717c7bd6e805b84a2e742de0995f1ed97cf44e3b26f2d1616b56a7
insertion,101,17,Global-time errors,97014,0,0,3.0,f6360d91d115ade749c97bf5a1b9c39f83c3e2c8a07a5e6e70e09a53728258f3,1b5144e6e7c579d04ffe0d41a1447153cde54bf36cba5468662d0cba2f7b8a3e
insertion,101,17,Global-time errors,97015,1,1,4.0,f6360d91d115ade749c97bf5a1b9c39f83c3e2c8a07a5e6e70e09a53728258f3,09574fd0c976fbd4a62e5997e1332ecc77212653513ba6adcff0929874426ee0
insertion,101,17,Global-time errors,97016,0,0,2.0,f6360d91d115ade749c97bf5a1b9c39f83c3e2c8a07a5e6e70e09a53728258f3,5b112882be0eab0fe092bd031f4d28a2f26df56ef034dba7fd8dde8b917adc04
insertion,101,17,Global-time errors,97017,1,1,4.0,f6360d91d115ade749c97bf5a1b9c39f83c3e2c8a07a5e6e70e09a53728258f3,c1e6bf5bdcd77ec2b56bcafe4920ce08d2d41fb79a21a84aa9306571bf5565fe
insertion,101,17,Global-time errors,97018,0,0,3.0,f6360d91d115ade749c97bf5a1b9c39f83c3e2c8a07a5e6e70e09a53728258f3,86482e37038c490bc8d9efc7b2493e6e0598f8e4901056033057a54354287687
insertion,101,17,Global-time errors,97019,0,0,2.0,f6360d91d115ade749c97bf5a1b9c39f83c3e2c8a07a5e6e70e09a53728258f3,859a7d1733514c00a3542b2a2d684a0a6ecf063d0ff9a62ba152b2fd8810860b
insertion,101,17,No intermediate backtracking,97000,1,0,4.0,2ec5c18a39404bd67ba4b55d48fe7ffdba26c770df77cc06386e83c067e1cc59,cf7bdacafd1106854db5c380a5e522915a54359d5294e0fb396d377a3f482744
insertion,101,17,No intermediate backtracking,97001,0,0,3.0,2ec5c18a39404bd67ba4b55d48fe7ffdba26c770df77cc06386e83c067e1cc59,64397cc2fe0dfddc9139929c26ae2c6aa0a0bc1d0efb702308bc4f88ad3ed7d8
insertion,101,17,No intermediate backtracking,97002,1,0,4.0,2ec5c18a39404bd67ba4b55d48fe7ffdba26c770df77cc06386e83c067e1cc59,72c8929dad858122a59ea0fcfcaaf63e114fbd95e037047caed90f9ade24d13c
insertion,101,17,No intermediate backtracking,97003,0,0,3.0,2ec5c18a39404bd67ba4b55d48fe7ffdba26c770df77cc06386e83c067e1cc59,e7f39fcd64cc2fbcb5592ef7d68adb0ed5ae39512d2fafc92b58ab10195d5080
insertion,101,17,No intermediate backtracking,97004,0,0,2.0,2ec5c18a39404bd67ba4b55d48fe7ffdba26c770df77cc06386e83c067e1cc59,5364d3d4af989467d142944766b94e9c50ffcd0d571cffb950e10a8f07bfa32d
insertion,101,17,No intermediate backtracking,97005,0,0,2.0,2ec5c18a39404bd67ba4b55d48fe7ffdba26c770df77cc06386e83c067e1cc59,71865e4cca555aac5e6bf81fa09ee99a5a6876ede57f16e0ac09b1f6bbf07de7
insertion,101,17,No intermediate backtracking,97006,0,0,3.0,2ec5c18a39404bd67ba4b55d48fe7ffdba26c770df77cc06386e83c067e1cc59,c2b881d7ea3c2a393d716e63659d3cb5915d1abc46a8ab0c8ba3167bd56c9196
insertion,101,17,No intermediate backtracking,97007,0,0,2.0,2ec5c18a39404bd67ba4b55d48fe7ffdba26c770df77cc06386e83c067e1cc59,8e5631682df8bc949bf125e25af17cb38c168a6c61844748241bbbe10981c0c8
insertion,101,17,No intermediate backtracking,97008,1,0,4.0,2ec5c18a39404bd67ba4b55d48fe7ffdba26c770df77cc06386e83c067e1cc59,7ed198c6b1c05cd48cd59f1ccca93c5e3c6a57e6101fcc85700d2dac621e3ca2
insertion,101,17,No intermediate backtracking,97009,0,0,3.0,2ec5c18a39404bd67ba4b55d48fe7ffdba26c770df77cc06386e83c067e1cc59,566edd199dad6e11b1f95778e7bc77fe49cda2c2c54318a034e3fab1c61739e9
insertion,101,17,No intermediate backtracking,97010,1,0,4.0,2ec5c18a39404bd67ba4b55d48fe7ffdba26c770df77cc06386e83c067e1cc59,be5524e156d9272f895e20baf60f72d6baf1bfdb8385fa7733fd3a3aa9107ea6
insertion,101,17,No intermediate backtracking,97011,0,0,3.0,2ec5c18a39404bd67ba4b55d48fe7ffdba26c770df77cc06386e83c067e1cc59,6f4c690d2beea08e10472ec43902b86db1fa18a625da943b45ecba1a063f242e
insertion,101,17,No intermediate backtracking,97012,0,0,3.0,2ec5c18a39404bd67ba4b55d48fe7ffdba26c770df77cc06386e83c067e1cc59,b028df5e8fdf6030589d9dcf7cbfa4de7a4dc04948321f78c0f03c7895dbe733
insertion,101,17,No intermediate backtracking,97013,0,0,3.0,2ec5c18a39404bd67ba4b55d48fe7ffdba26c770df77cc06386e83c067e1cc59,88ebfc09d40958ff4f5196cf4a36f8cd2109dd5a27bbeb92f4cf531ca55cb533
insertion,101,17,No intermediate backtracking,97014,0,0,2.0,2ec5c18a39404bd67ba4b55d48fe7ffdba26c770df77cc06386e83c067e1cc59,a43b5ba8e241a8fdeaba728734732fa24fa2a209f4ed0470c50605153d484bd9
insertion,101,17,No intermediate backtracking,97015,0,0,3.0,2ec5c18a39404bd67ba4b55d48fe7ffdba26c770df77cc06386e83c067e1cc59,8e93c8aafed91a208ab902d941104100f15e733795c21a6fa460a46a4e5808b4
insertion,101,17,No intermediate backtracking,97016,1,0,4.0,2ec5c18a39404bd67ba4b55d48fe7ffdba26c770df77cc06386e83c067e1cc59,5a7909d460edcf0dd96f90fdca85f86e27ce94709648a8f6cb68ff1f840cbc57
insertion,101,17,No intermediate backtracking,97017,0,0,3.0,2ec5c18a39404bd67ba4b55d48fe7ffdba26c770df77cc06386e83c067e1cc59,ddec451fea64a2537070b922a847ea43eeac52172f34a0f2183588c5df0214f3
insertion,101,17,No intermediate backtracking,97018,0,0,2.0,2ec5c18a39404bd67ba4b55d48fe7ffdba26c770df77cc06386e83c067e1cc59,ee72460f04a2b3142be72f99871478ad836f2bc674095eb63fd438fc43fd651b
insertion,101,17,No intermediate backtracking,97019,0,0,2.0,2ec5c18a39404bd67ba4b55d48fe7ffdba26c770df77cc06386e83c067e1cc59,1bfb4110e0c97b0e15ae1c99bfc8334d2b09a15fe20f91ca18933a85a7e138a2
insertion,101,17,Gaussian CPU budget,97000,0,0,3.0,0d3b54c771296c9aa4ec88ce760d67a94efebad8c34ad1e1c8a82a75215109d8,6bb33f81a754ea707aec543a5f141d30e9b27e435657bdb00ceb7efc2cda318c
insertion,101,17,Gaussian CPU budget,97001,0,0,2.0,0d3b54c771296c9aa4ec88ce760d67a94efebad8c34ad1e1c8a82a75215109d8,445c9c91286d1b7900421e19f1c180c347bd6940ca2d5b1b24707ee5ca3b9932
insertion,101,17,Gaussian CPU budget,97002,1,1,4.0,0d3b54c771296c9aa4ec88ce760d67a94efebad8c34ad1e1c8a82a75215109d8,1dbd19cd0b68b810297518c211dad5ff416b920ee66182469972b7269a8a614d
insertion,101,17,Gaussian CPU budget,97003,0,0,3.0,0d3b54c771296c9aa4ec88ce760d67a94efebad8c34ad1e1c8a82a75215109d8,a29555587e1a9d72db84ee6288468fa40bda917f6ec9adda13ec182af1fb35cd
insertion,101,17,Gaussian CPU budget,97004,1,1,4.0,0d3b54c771296c9aa4ec88ce760d67a94efebad8c34ad1e1c8a82a75215109d8,4453b353379341503509faca7cc3a9f2e0fa7bf7178d4cadc3a3b1b9fc6dcebc
insertion,101,17,Gaussian CPU budget,97005,0,0,2.0,0d3b54c771296c9aa4ec88ce760d67a94efebad8c34ad1e1c8a82a75215109d8,4ceccedc4f68669ccaff77620cf7e1e6e14d9be1b6010bb4fd786e199603f8f1
insertion,101,17,Gaussian CPU budget,97006,1,1,4.0,0d3b54c771296c9aa4ec88ce760d67a94efebad8c34ad1e1c8a82a75215109d8,fc55f36a60363b594660ed35c2373a7960d6e86667500c4be80afb93444d8174
insertion,101,17,Gaussian CPU budget,97007,1,1,4.0,0d3b54c771296c9aa4ec88ce760d67a94efebad8c34ad1e1c8a82a75215109d8,5a96b39a9a9a6205d32128d915a03038bbcdfe6c81c68cc698afd2838ccde528
insertion,101,17,Gaussian CPU budget,97008,1,1,4.0,0d3b54c771296c9aa4ec88ce760d67a94efebad8c34ad1e1c8a82a75215109d8,1ec367f62227378998ffe300b1e110dc1ab5d1dde0c738f2dda9edeb542504dd
insertion,101,17,Gaussian CPU budget,97009,1,1,4.0,0d3b54c771296c9aa4ec88ce760d67a94efebad8c34ad1e1c8a82a75215109d8,132494df4734de9916dd9fab5ecc3c64880e40e536981a2518e355ad4891905a
insertion,101,17,Gaussian CPU budget,97010,0,0,3.0,0d3b54c771296c9aa4ec88ce760d67a94efebad8c34ad1e1c8a82a75215109d8,b4193b1a10b33388a500b973998fee9feda7d3a915a735e0ed4702a5bc57cb4a
insertion,101,17,Gaussian CPU budget,97011,1,0,4.0,0d3b54c771296c9aa4ec88ce760d67a94efebad8c34ad1e1c8a82a75215109d8,2b0412bc1710a5233e7872c329f1a3dea7b01aef311d16aa86395bedf7a35713
insertion,101,17,Gaussian CPU budget,97012,1,1,4.0,0d3b54c771296c9aa4ec88ce760d67a94efebad8c34ad1e1c8a82a75215109d8,0162641652a73c3903c161ca5445a180af20e40ab2a9f56a9b8cd7403a1d376c
insertion,101,17,Gaussian CPU budget,97013,0,0,2.0,0d3b54c771296c9aa4ec88ce760d67a94efebad8c34ad1e1c8a82a75215109d8,120106ce923c9a588d8e74773d321c56a6011e62db44c9a0230433e4deea08d4
insertion,101,17,Gaussian CPU budget,97014,0,0,3.0,0d3b54c771296c9aa4ec88ce760d67a94efebad8c34ad1e1c8a82a75215109d8,20a270467b22d199ab493fa2f935dbef25fa24c939ce766ca40de2d7a2ad94ac
insertion,101,17,Gaussian CPU budget,97015,1,1,4.0,0d3b54c771296c9aa4ec88ce760d67a94efebad8c34ad1e1c8a82a75215109d8,dff1802651dadd7248acead49d280bd58ef75fb5087e6ae3d4b953a54f948300
insertion,101,17,Gaussian CPU budget,97016,1,1,4.0,0d3b54c771296c9aa4ec88ce760d67a94efebad8c34ad1e1c8a82a75215109d8,60ac85551a8af202ff37f1144d7f836b6acbf6fc7799d38dd4121aeee5d6931f
insertion,101,17,Gaussian CPU budget,97017,1,1,4.0,0d3b54c771296c9aa4ec88ce760d67a94efebad8c34ad1e1c8a82a75215109d8,4367e43e88d54081d8ba5aa1f447747b5100af7d097ed80939cd3413b027fc9e
insertion,101,17,Gaussian CPU budget,97018,0,0,3.0,0d3b54c771296c9aa4ec88ce760d67a94efebad8c34ad1e1c8a82a75215109d8,559ea36a892e8621721c066dd69476f639dfd43cd32c4a35e3802a49a6641efb
insertion,101,17,Gaussian CPU budget,97019,1,1,4.0,0d3b54c771296c9aa4ec88ce760d67a94efebad8c34ad1e1c8a82a75215109d8,3b7d18a091bd8cccf66dd9d43e5a170a1d2f674b52c215a211cf3ad872b14f37
insertion,101,29,Clean repeat,97000,1,0,4.0,2d4b187000d701062f8e9d8f487bc142c6cc4bf390e2e0709ac14fd03beb00d2,191146f8b7f2e50a8c25c7fc54dbfe4495641836aef00a62325591ce12f84391
insertion,101,29,Clean repeat,97001,0,0,3.0,2d4b187000d701062f8e9d8f487bc142c6cc4bf390e2e0709ac14fd03beb00d2,245028919456aa9e993a514f346c0884d4847de2433a175aea4541046f5e9e4f
insertion,101,29,Clean repeat,97002,0,0,3.0,2d4b187000d701062f8e9d8f487bc142c6cc4bf390e2e0709ac14fd03beb00d2,54d3bb4bd4aa4cb40889226db9284f46c8a8daa8dff269293e478dab80bbd309
insertion,101,29,Clean repeat,97003,0,0,3.0,2d4b187000d701062f8e9d8f487bc142c6cc4bf390e2e0709ac14fd03beb00d2,012cf524f90643f1a669114b3b215b9abe65b323328d235ce2dffdfd1f2e1052
insertion,101,29,Clean repeat,97004,0,0,2.0,2d4b187000d701062f8e9d8f487bc142c6cc4bf390e2e0709ac14fd03beb00d2,40013df57fa74bf3c0956e892a6e0f584858c31ab14f3ee384df2db1cc4d5a4b
insertion,101,29,Clean repeat,97005,1,0,4.0,2d4b187000d701062f8e9d8f487bc142c6cc4bf390e2e0709ac14fd03beb00d2,2aaa34e2525de26e7ab186739023bf8ed647d122aa30aa34ca93bc873858e76c
insertion,101,29,Clean repeat,97006,1,0,4.0,2d4b187000d701062f8e9d8f487bc142c6cc4bf390e2e0709ac14fd03beb00d2,87c1e057c19817f55fadd5bd31e35ed305e0beebbd7e72faf738f151cd3587b0
insertion,101,29,Clean repeat,97007,0,0,3.0,2d4b187000d701062f8e9d8f487bc142c6cc4bf390e2e0709ac14fd03beb00d2,5cbaaf279419387a74200a5c60b7607bc3bf521e7216fb33c2425cebdf0663de
insertion,101,29,Clean repeat,97008,0,0,2.0,2d4b187000d701062f8e9d8f487bc142c6cc4bf390e2e0709ac14fd03beb00d2,3cb0fb2f0114d26819bf81a02ec8eee530e2f13c5724e7c180bd7bf4973bb09c
insertion,101,29,Clean repeat,97009,1,0,4.0,2d4b187000d701062f8e9d8f487bc142c6cc4bf390e2e0709ac14fd03beb00d2,12c671fd8cf6fbf5848df937ed5af610a9c6240b5d540e5a57f3f2f7e2d36c53
insertion,101,29,Clean repeat,97010,0,0,2.0,2d4b187000d701062f8e9d8f487bc142c6cc4bf390e2e0709ac14fd03beb00d2,95b92baf216f1ed435d8410d751a540ac0ab6068c44e14b353854727568b86a2
insertion,101,29,Clean repeat,97011,0,0,3.0,2d4b187000d701062f8e9d8f487bc142c6cc4bf390e2e0709ac14fd03beb00d2,a4c65e9731173ccc1ba561aada6dbcdcd5c9183f399dea031f85a569793f81a3
insertion,101,29,Clean repeat,97012,0,0,2.0,2d4b187000d701062f8e9d8f487bc142c6cc4bf390e2e0709ac14fd03beb00d2,9c0076e4ea76e2298cf3c3afa80223b4d40741da96192a19db1620f31efc3ded
insertion,101,29,Clean repeat,97013,0,0,3.0,2d4b187000d701062f8e9d8f487bc142c6cc4bf390e2e0709ac14fd03beb00d2,16c065990bf8c8d8b3e3816ae7c7e964dbc24d7101d52f6dcc2ca11c651a48da
insertion,101,29,Clean repeat,97014,0,0,2.0,2d4b187000d701062f8e9d8f487bc142c6cc4bf390e2e0709ac14fd03beb00d2,1bda4570fbdc31e529344fc80caa7957ef96251931e83491dabf38fff1933de3
insertion,101,29,Clean repeat,97015,0,0,3.0,2d4b187000d701062f8e9d8f487bc142c6cc4bf390e2e0709ac14fd03beb00d2,2543cf5590be9a983feb219441a0382dfc4fc914ebe78ae60ee955b4f4b647cc
insertion,101,29,Clean repeat,97016,0,0,2.0,2d4b187000d701062f8e9d8f487bc142c6cc4bf390e2e0709ac14fd03beb00d2,549839497af5bafe1bc043c4dd60bec198593f3b4f584076e833e5d66750e343
insertion,101,29,Clean repeat,97017,0,0,3.0,2d4b187000d701062f8e9d8f487bc142c6cc4bf390e2e0709ac14fd03beb00d2,a2c4f7d75b22c0d8c70c42b542e0fd2cd6eaa4f15d36ef8e0038afe45defba13
insertion,101,29,Clean repeat,97018,1,0,4.0,2d4b187000d701062f8e9d8f487bc142c6cc4bf390e2e0709ac14fd03beb00d2,970ea6c0c717ad2dc0d0c43013c33daffeac6cc95be8f056bf92989536857147
insertion,101,29,Clean repeat,97019,0,0,2.0,2d4b187000d701062f8e9d8f487bc142c6cc4bf390e2e0709ac14fd03beb00d2,2da111affdc09f134886627775718651ede9063f40347880492565ee83563218
insertion,101,29,SCANA-R,97000,1,1,4.0,e3815359069ed61a76072a3ea858585b420014ef3e98c191c84b9e867e3402b5,0655ac5c48ae707a7b0c185ff2ffae1db89e1e6ee3e92d18b38570f189bb524c
insertion,101,29,SCANA-R,97001,0,0,1.0,e3815359069ed61a76072a3ea858585b420014ef3e98c191c84b9e867e3402b5,6fdd1f059bb2f1c41dba59dd4704c64716d3e36a4b6c1e97207b39bbc5bfe615
insertion,101,29,SCANA-R,97002,1,0,4.0,e3815359069ed61a76072a3ea858585b420014ef3e98c191c84b9e867e3402b5,066fa3fc0183c2b5f56cb38a9853b3bf174be86a7d71413b050ed41ea174100e
insertion,101,29,SCANA-R,97003,0,0,3.0,e3815359069ed61a76072a3ea858585b420014ef3e98c191c84b9e867e3402b5,c144f95eb33c084bc4cd45be071d9bbe43b05b270285e4caedd7cd7b29724308
insertion,101,29,SCANA-R,97004,1,1,4.0,e3815359069ed61a76072a3ea858585b420014ef3e98c191c84b9e867e3402b5,96826f29b422204998659741d5446cad19e6918b7d75217ca9aaf239f1169782
insertion,101,29,SCANA-R,97005,1,1,4.0,e3815359069ed61a76072a3ea858585b420014ef3e98c191c84b9e867e3402b5,d3b7d926d3663b300749f2d1165b63c7cf44ac816627602178f566916b87e74f
insertion,101,29,SCANA-R,97006,1,1,4.0,e3815359069ed61a76072a3ea858585b420014ef3e98c191c84b9e867e3402b5,815db07140e8f39087450571d77903f4d3bffbb919922a1007c14ca24c188fad
insertion,101,29,SCANA-R,97007,0,0,2.0,e3815359069ed61a76072a3ea858585b420014ef3e98c191c84b9e867e3402b5,f5b45cc0d0efffba4935cda30b43d5847c60cdbc0468eea1f1af6f3665d5fa3f
insertion,101,29,SCANA-R,97008,1,1,4.0,e3815359069ed61a76072a3ea858585b420014ef3e98c191c84b9e867e3402b5,05c5d71c14eed3ebc30f765f339c1a5153fe888cd65792096d933a2fda2ab531
insertion,101,29,SCANA-R,97009,1,1,4.0,e3815359069ed61a76072a3ea858585b420014ef3e98c191c84b9e867e3402b5,1eaef975374bf023ad7924a598ccda42690eb5ae051b64e34cf07cb6f3be923d
insertion,101,29,SCANA-R,97010,0,0,3.0,e3815359069ed61a76072a3ea858585b420014ef3e98c191c84b9e867e3402b5,df85f48f054059578d80e884ef99779b5ea86ffb97ee18dd631c99270e0183d7
insertion,101,29,SCANA-R,97011,0,0,2.0,e3815359069ed61a76072a3ea858585b420014ef3e98c191c84b9e867e3402b5,e2397695496f4eae38bc456dbaf23aed31532231f6beffa5c9afa56ec933d12c
insertion,101,29,SCANA-R,97012,1,1,4.0,e3815359069ed61a76072a3ea858585b420014ef3e98c191c84b9e867e3402b5,d6c351994faafce6217ba613c03c43af6d8b0b19da2d58bcc42407aeb5d67765
insertion,101,29,SCANA-R,97013,0,0,2.0,e3815359069ed61a76072a3ea858585b420014ef3e98c191c84b9e867e3402b5,67bb5e3b8f285d1a89176fa9a9ca1a1d6203b4cce719ca7b46154a659adf7790
insertion,101,29,SCANA-R,97014,0,0,3.0,e3815359069ed61a76072a3ea858585b420014ef3e98c191c84b9e867e3402b5,89daa5bd017dd4226d65cf8718856517d36e137d8f9691f1a14188422625189a
insertion,101,29,SCANA-R,97015,1,1,4.0,e3815359069ed61a76072a3ea858585b420014ef3e98c191c84b9e867e3402b5,946258707cd102a769a67d5e165e8414ff70f25a5a235fec6e9d5073bcccc716
insertion,101,29,SCANA-R,97016,1,1,4.0,e3815359069ed61a76072a3ea858585b420014ef3e98c191c84b9e867e3402b5,07c885b45f9a8b68d0201ac75fcc2287930ca7ab1bc05ac2ba431f4487e666f1
insertion,101,29,SCANA-R,97017,1,1,4.0,e3815359069ed61a76072a3ea858585b420014ef3e98c191c84b9e867e3402b5,8725468cb217536bb137a8ab1b825fe7ca8d5f7885f59a67102d9b78740238fb
insertion,101,29,SCANA-R,97018,1,1,4.0,e3815359069ed61a76072a3ea858585b420014ef3e98c191c84b9e867e3402b5,0ac19beac04ac9140ac69797074176f386f18f4a1fe87083187a2d0c3cce9fd9
insertion,101,29,SCANA-R,97019,1,1,4.0,e3815359069ed61a76072a3ea858585b420014ef3e98c191c84b9e867e3402b5,82fe5ccc286cd79a76ae73bd7aad4284f400c54b32075a82afda6eea13b614a2
insertion,101,29,Gaussian recovery,97000,0,0,3.0,85bd99a6f5d52e731011a7b8ca565033181a5367de75c0e8f1f301034fcaab55,ebc00f2ee5bdbe492d8edfa8dc262533fde9a9c55f2f0d92e5244c981fe0f3f9
insertion,101,29,Gaussian recovery,97001,0,0,2.0,85bd99a6f5d52e731011a7b8ca565033181a5367de75c0e8f1f301034fcaab55,76f032295b11a6613c5ea708b08edff2a9b3cd8b377ac9a672f61eff7934be51
insertion,101,29,Gaussian recovery,97002,1,1,4.0,85bd99a6f5d52e731011a7b8ca565033181a5367de75c0e8f1f301034fcaab55,7350fe36a794ecd7171ea42bc587e06caf29d205ee44d317fec1ed9b8e054d52
insertion,101,29,Gaussian recovery,97003,1,1,4.0,85bd99a6f5d52e731011a7b8ca565033181a5367de75c0e8f1f301034fcaab55,b97a1a76c4816bd143908a1eec94733631279154ebada9b90d3d8be88947f4ba
insertion,101,29,Gaussian recovery,97004,0,0,2.0,85bd99a6f5d52e731011a7b8ca565033181a5367de75c0e8f1f301034fcaab55,8b93dfaff518345a176cc57b326c77edcea9a07332fc60ad6816b7158460fe88
insertion,101,29,Gaussian recovery,97005,0,0,2.0,85bd99a6f5d52e731011a7b8ca565033181a5367de75c0e8f1f301034fcaab55,7f2797c3beeaf8c9ef1d32ad362362e9c9586320d5abab9d0e349ed35adc80c7
insertion,101,29,Gaussian recovery,97006,1,1,4.0,85bd99a6f5d52e731011a7b8ca565033181a5367de75c0e8f1f301034fcaab55,42e64728a1e756b85e017732ca92fcd3c0b52efdc5d3dc891ac8057aa10ae887
insertion,101,29,Gaussian recovery,97007,0,0,2.0,85bd99a6f5d52e731011a7b8ca565033181a5367de75c0e8f1f301034fcaab55,3da3f29abdd93350a2b4cf956315a14cf9e6a9a62d519492916edb477b21d93d
insertion,101,29,Gaussian recovery,97008,0,0,2.0,85bd99a6f5d52e731011a7b8ca565033181a5367de75c0e8f1f301034fcaab55,7cd0ef2e745fbb8d207799060e5946365287f2a257717a89d4984490a5ddf300
insertion,101,29,Gaussian recovery,97009,1,1,4.0,85bd99a6f5d52e731011a7b8ca565033181a5367de75c0e8f1f301034fcaab55,b86b504ccb70f6b6f1f865f4f8b40abdc381504ba2ba70c2bdd92bdc26e48ec7
insertion,101,29,Gaussian recovery,97010,1,1,4.0,85bd99a6f5d52e731011a7b8ca565033181a5367de75c0e8f1f301034fcaab55,15ccee1943bed529aaa5012a3fc50867ac8946d543b8dcb1c3e01cd8604b45b9
insertion,101,29,Gaussian recovery,97011,1,1,4.0,85bd99a6f5d52e731011a7b8ca565033181a5367de75c0e8f1f301034fcaab55,c9a5cb999beddd4f12d09b5025c9592ef9f9196e0c40a14e569930533a3002e7
insertion,101,29,Gaussian recovery,97012,1,1,4.0,85bd99a6f5d52e731011a7b8ca565033181a5367de75c0e8f1f301034fcaab55,ce5b6739ba7f3d96a76de3fd26c163d7dd2e5597c7f5478075334438fcf7c9db
insertion,101,29,Gaussian recovery,97013,0,0,3.0,85bd99a6f5d52e731011a7b8ca565033181a5367de75c0e8f1f301034fcaab55,7adbe9fe0cd673d570bac056ddf071b5554a0d74605c043855cf62d4bd87279b
insertion,101,29,Gaussian recovery,97014,1,1,4.0,85bd99a6f5d52e731011a7b8ca565033181a5367de75c0e8f1f301034fcaab55,779bf36d745976dd146c2220e0b86c7cf5d30921606fe1dc93796923316fc2a6
insertion,101,29,Gaussian recovery,97015,1,1,4.0,85bd99a6f5d52e731011a7b8ca565033181a5367de75c0e8f1f301034fcaab55,775ee805d3f6c71d74a8a9a2eaba8d931a4d8f085b0aaaabc0db6d998527b04f
insertion,101,29,Gaussian recovery,97016,1,1,4.0,85bd99a6f5d52e731011a7b8ca565033181a5367de75c0e8f1f301034fcaab55,36496315a4384c712ad3a1d5b763320fd1ff0c0e7b7b24d7208623877f58ab93
insertion,101,29,Gaussian recovery,97017,0,0,2.0,85bd99a6f5d52e731011a7b8ca565033181a5367de75c0e8f1f301034fcaab55,bf44bbffd13e99e1f9baeeb1064f171a21b2fca1dcc06db5685dd1b1eff300c8
insertion,101,29,Gaussian recovery,97018,1,1,4.0,85bd99a6f5d52e731011a7b8ca565033181a5367de75c0e8f1f301034fcaab55,63b6e07b206266ae50e95eb171b8526a9f28b6be649b26cdb0dba5b614a4573e
insertion,101,29,Gaussian recovery,97019,0,0,2.0,85bd99a6f5d52e731011a7b8ca565033181a5367de75c0e8f1f301034fcaab55,453eb2f3baeb64db62d0dfdecc52d870b5e4eaedb7bb698a172233457b4d2549
insertion,101,29,No cross-fitting,97000,1,1,4.0,d283c42626d6140780cda4915776a2a994c2f302d2a8bc9cc2541d37e8de6997,2dd402070919c364fe4e968f16fad91ad1f41bd4da50c17a2c35021220fa421d
insertion,101,29,No cross-fitting,97001,0,0,2.0,d283c42626d6140780cda4915776a2a994c2f302d2a8bc9cc2541d37e8de6997,f1b00100bc1e260e064b247f2692329fe97849d57fe2d3b7628ee82cc581d9d5
insertion,101,29,No cross-fitting,97002,0,0,3.0,d283c42626d6140780cda4915776a2a994c2f302d2a8bc9cc2541d37e8de6997,1dd94ec2c131bb410110b77eaff96df980cbb5b5cd4700f828c3334a075fe538
insertion,101,29,No cross-fitting,97003,1,1,4.0,d283c42626d6140780cda4915776a2a994c2f302d2a8bc9cc2541d37e8de6997,d028e8391e0096fd57cdb8021d1bf643d0095f35adaf79d8c0fb55f0a999299e
insertion,101,29,No cross-fitting,97004,0,0,2.0,d283c42626d6140780cda4915776a2a994c2f302d2a8bc9cc2541d37e8de6997,7269d7c30cf59373c3967792252f019034a04c6c10f5cee5940f72710d6a6106
insertion,101,29,No cross-fitting,97005,1,1,4.0,d283c42626d6140780cda4915776a2a994c2f302d2a8bc9cc2541d37e8de6997,4c8782aef512d6a9ddd2b69755819c27e2f32e977de95c447507346466ce5593
insertion,101,29,No cross-fitting,97006,0,0,3.0,d283c42626d6140780cda4915776a2a994c2f302d2a8bc9cc2541d37e8de6997,fffad0a8c144eede10084d5ff0d7d6b4212b1fdb5b85953cf4f7e82e1e762276
insertion,101,29,No cross-fitting,97007,1,0,4.0,d283c42626d6140780cda4915776a2a994c2f302d2a8bc9cc2541d37e8de6997,2b45b3afa53483472cef39346abe049f7685e0dd87ae1d459774f331f2651bf7
insertion,101,29,No cross-fitting,97008,1,1,4.0,d283c42626d6140780cda4915776a2a994c2f302d2a8bc9cc2541d37e8de6997,e965ca0be2fc82c26961ef5ab14118f99b7151bde10d9680c413299a60dbf237
insertion,101,29,No cross-fitting,97009,1,1,4.0,d283c42626d6140780cda4915776a2a994c2f302d2a8bc9cc2541d37e8de6997,69966451a62a071ad3c88c8bb13cb78958d540a9a419a718ac026962a95976b0
insertion,101,29,No cross-fitting,97010,0,0,3.0,d283c42626d6140780cda4915776a2a994c2f302d2a8bc9cc2541d37e8de6997,567ddfbfb945345f1bdd0ce806a00b76e61a35def7632e083604022a5689b520
insertion,101,29,No cross-fitting,97011,0,0,3.0,d283c42626d6140780cda4915776a2a994c2f302d2a8bc9cc2541d37e8de6997,7dd529ca0534d764cc957e541b6175385935cc6ec0a6b9d0f32255969794a500
insertion,101,29,No cross-fitting,97012,0,0,3.0,d283c42626d6140780cda4915776a2a994c2f302d2a8bc9cc2541d37e8de6997,bacd8832a90c778c73628fbe5403b7d17a1727cbfb1ea93733a8fc2e7f00e26e
insertion,101,29,No cross-fitting,97013,0,0,2.0,d283c42626d6140780cda4915776a2a994c2f302d2a8bc9cc2541d37e8de6997,e320f0d2f186fab074b8412e554ffd3bab65629f3fef10eccec18d1a3e8a36ca
insertion,101,29,No cross-fitting,97014,0,0,3.0,d283c42626d6140780cda4915776a2a994c2f302d2a8bc9cc2541d37e8de6997,0663983107d70be8fc1c033b2e7bc68a31908865a044702a0123a75d01b487ca
insertion,101,29,No cross-fitting,97015,0,0,3.0,d283c42626d6140780cda4915776a2a994c2f302d2a8bc9cc2541d37e8de6997,d38bfc2f184e209e2982bfe2a78f1056668e949d09b437dd76958c1f22971730
insertion,101,29,No cross-fitting,97016,1,1,4.0,d283c42626d6140780cda4915776a2a994c2f302d2a8bc9cc2541d37e8de6997,7de0f0c93d503abfc68cd47cc76a17d614d545ef8e4b7b4373ee595bd5fc9303
insertion,101,29,No cross-fitting,97017,1,1,4.0,d283c42626d6140780cda4915776a2a994c2f302d2a8bc9cc2541d37e8de6997,d69536a6e2bc43daebb326cefd6ebf0978c2647b7c551d74be696dbfd3b82a22
insertion,101,29,No cross-fitting,97018,0,0,3.0,d283c42626d6140780cda4915776a2a994c2f302d2a8bc9cc2541d37e8de6997,79d2639942edfce752809c4f9daf6b62edecddd3d757687537574b5b1c0d709e
insertion,101,29,No cross-fitting,97019,1,1,4.0,d283c42626d6140780cda4915776a2a994c2f302d2a8bc9cc2541d37e8de6997,cde4cc3b7dfee7b0172837f3ceee40a2317a6e93eb8a7f8b0befd9452a9e42dc
insertion,101,29,Global-time errors,97000,1,1,4.0,1ebc01a82550fc6e89b618f936e1eebd0a69f1ad0367a1af6ea283fe420d2ad3,1657aee8d2b18a9839da2d8c9c7ec62e2fad9f064720404d6d7e3aaaaf842e75
insertion,101,29,Global-time errors,97001,0,0,1.0,1ebc01a82550fc6e89b618f936e1eebd0a69f1ad0367a1af6ea283fe420d2ad3,433bae51532dc6b17c1e871b835e5844f123a22ebdd0df315695d7885215e186
insertion,101,29,Global-time errors,97002,0,0,3.0,1ebc01a82550fc6e89b618f936e1eebd0a69f1ad0367a1af6ea283fe420d2ad3,ce10ce5624a7dca80d7e76e89ed3fb53e8e655ef218ce9aa0c85d52ac8296020
insertion,101,29,Global-time errors,97003,1,1,4.0,1ebc01a82550fc6e89b618f936e1eebd0a69f1ad0367a1af6ea283fe420d2ad3,ebb928ae78c7098a390f9a2556eee98882f9627f5a91cef165cc23aab34a74a7
insertion,101,29,Global-time errors,97004,0,0,2.0,1ebc01a82550fc6e89b618f936e1eebd0a69f1ad0367a1af6ea283fe420d2ad3,621f3367e1d8410604c83871fa82a1196ee439c42b972d77aa2f5fb0cbecc40b
insertion,101,29,Global-time errors,97005,0,0,2.0,1ebc01a82550fc6e89b618f936e1eebd0a69f1ad0367a1af6ea283fe420d2ad3,e68a51b26d0444cfdec332dc5b73e2e42f025ebfc7edc4af6859dcb3da002dfa
insertion,101,29,Global-time errors,97006,0,0,3.0,1ebc01a82550fc6e89b618f936e1eebd0a69f1ad0367a1af6ea283fe420d2ad3,839b12dbc537f8c3e48445027d2e357678ff7f85238ef2a541447c0dc74a461b
insertion,101,29,Global-time errors,97007,0,0,2.0,1ebc01a82550fc6e89b618f936e1eebd0a69f1ad0367a1af6ea283fe420d2ad3,51fa7c7cdd39ff89e33d77619415fec4d6113366cb6f9b19c747f20f9623c13d
insertion,101,29,Global-time errors,97008,1,1,4.0,1ebc01a82550fc6e89b618f936e1eebd0a69f1ad0367a1af6ea283fe420d2ad3,5be42433b1551a6c56fc8ef754899fe413f4b1078243ced9b9992724e3827589
insertion,101,29,Global-time errors,97009,1,1,4.0,1ebc01a82550fc6e89b618f936e1eebd0a69f1ad0367a1af6ea283fe420d2ad3,2d9e81108fb83c5527d8d2357f7e09613f9dc3c69a88ee9181b4305019870941
insertion,101,29,Global-time errors,97010,1,1,4.0,1ebc01a82550fc6e89b618f936e1eebd0a69f1ad0367a1af6ea283fe420d2ad3,23dc9638974258ededc49a7605a5ff1ac3465081e5909c7412338eb7b497a633
insertion,101,29,Global-time errors,97011,0,0,2.0,1ebc01a82550fc6e89b618f936e1eebd0a69f1ad0367a1af6ea283fe420d2ad3,958baba1d74e895d848fa6d4ccd8705ffc49078f61e2df1cb860ae2e0db16b7b
insertion,101,29,Global-time errors,97012,0,0,3.0,1ebc01a82550fc6e89b618f936e1eebd0a69f1ad0367a1af6ea283fe420d2ad3,e92bb67f76e468c708e9ffa51612fbf994ea5b2433c2aab37c6655caf568aa10
insertion,101,29,Global-time errors,97013,0,0,1.0,1ebc01a82550fc6e89b618f936e1eebd0a69f1ad0367a1af6ea283fe420d2ad3,753dfceaab5b5ec8810635a5d4ed1452e1c8e239369baba00d44930d478603f9
insertion,101,29,Global-time errors,97014,0,0,3.0,1ebc01a82550fc6e89b618f936e1eebd0a69f1ad0367a1af6ea283fe420d2ad3,322085f0050ba6f82eec258c08c72cd71f26534ed05d1940888db7cdaff306ea
insertion,101,29,Global-time errors,97015,1,1,4.0,1ebc01a82550fc6e89b618f936e1eebd0a69f1ad0367a1af6ea283fe420d2ad3,5a4c7c32957eb300c3c270cb66eee8eee38e564e2e57c71c461ab06a57a5cf0f
insertion,101,29,Global-time errors,97016,1,1,4.0,1ebc01a82550fc6e89b618f936e1eebd0a69f1ad0367a1af6ea283fe420d2ad3,7934f8b565dcdc84e32105cc547774834dae8bd9b110c07f83d0ad0a6c58ad4b
insertion,101,29,Global-time errors,97017,0,0,3.0,1ebc01a82550fc6e89b618f936e1eebd0a69f1ad0367a1af6ea283fe420d2ad3,5f9d097ec42e5f93dc1111852cdc8f4c43cb2ab622913635c3b14b9aa1385a22
insertion,101,29,Global-time errors,97018,1,1,4.0,1ebc01a82550fc6e89b618f936e1eebd0a69f1ad0367a1af6ea283fe420d2ad3,0d4e8c3ba1c7cf839ef48ef37ec1c18cb43d7562c626c8c7213f436d6e8a3165
insertion,101,29,Global-time errors,97019,1,1,4.0,1ebc01a82550fc6e89b618f936e1eebd0a69f1ad0367a1af6ea283fe420d2ad3,d4bc25862a22333b8b34a04a2ac3469b3dbc5be929b62cb942bab8172438cea9
insertion,101,29,No intermediate backtracking,97000,1,0,4.0,a9a35b42b2248976715e6d9475f2c9b1fc2becd51848792c6ffd1f2a46bd51b7,95187ef7791752d0bfa9f93a4dbd175428eadcbfe8333ab454a0770ce00583e1
insertion,101,29,No intermediate backtracking,97001,0,0,1.0,a9a35b42b2248976715e6d9475f2c9b1fc2becd51848792c6ffd1f2a46bd51b7,3fb51e197598bfe9d17eb0b545220ea6ead83a97737aff36593e8b574998e379
insertion,101,29,No intermediate backtracking,97002,0,0,3.0,a9a35b42b2248976715e6d9475f2c9b1fc2becd51848792c6ffd1f2a46bd51b7,ad9ca7f05167ecdab340d93cea6884fa49c70876ac7cce6b1552854eb8bca53d
insertion,101,29,No intermediate backtracking,97003,1,0,4.0,a9a35b42b2248976715e6d9475f2c9b1fc2becd51848792c6ffd1f2a46bd51b7,aac0cf972c73c9139f21b4e0df0d86903068563c3c8067b5595bc2f8588c330f
insertion,101,29,No intermediate backtracking,97004,0,0,2.0,a9a35b42b2248976715e6d9475f2c9b1fc2becd51848792c6ffd1f2a46bd51b7,7f7ce50b2b1794960dba6202d47afbb2e43535ac284b7523ccaa3684eee1bc71
insertion,101,29,No intermediate backtracking,97005,0,0,2.0,a9a35b42b2248976715e6d9475f2c9b1fc2becd51848792c6ffd1f2a46bd51b7,4d562745cdc18a20143fbd3eb9f8b680d53eb4ce8771a5e7ed04fafa49cd87c5
insertion,101,29,No intermediate backtracking,97006,0,0,3.0,a9a35b42b2248976715e6d9475f2c9b1fc2becd51848792c6ffd1f2a46bd51b7,a9e473ee657e90d7ede890a4dabcda76bd0cea4701983e81ccd091bbc77a1869
insertion,101,29,No intermediate backtracking,97007,0,0,2.0,a9a35b42b2248976715e6d9475f2c9b1fc2becd51848792c6ffd1f2a46bd51b7,0d998fc9ebd3fba16d18224abf5599b9bcbc0b70106bc7d172c7c52c98a25027
insertion,101,29,No intermediate backtracking,97008,0,0,2.0,a9a35b42b2248976715e6d9475f2c9b1fc2becd51848792c6ffd1f2a46bd51b7,07ccd1c3a97b78912e43b3f79964912fd7fb3e2656898f51bba7d596314c6712
insertion,101,29,No intermediate backtracking,97009,1,1,4.0,a9a35b42b2248976715e6d9475f2c9b1fc2becd51848792c6ffd1f2a46bd51b7,72593614ebf542c67bf74ad9a275548d378a0c672e29bdb611c49b110a8e9854
insertion,101,29,No intermediate backtracking,97010,0,0,3.0,a9a35b42b2248976715e6d9475f2c9b1fc2becd51848792c6ffd1f2a46bd51b7,04883f49e1e0dbff932267dfa3329e111b9dc97c2b0adf6d9d22b044736942f5
insertion,101,29,No intermediate backtracking,97011,0,0,2.0,a9a35b42b2248976715e6d9475f2c9b1fc2becd51848792c6ffd1f2a46bd51b7,d5df457dd1c3081cffa371d62cf3e9aa99928cb04aa8bc66cf585f805e7d79a0
insertion,101,29,No intermediate backtracking,97012,0,0,3.0,a9a35b42b2248976715e6d9475f2c9b1fc2becd51848792c6ffd1f2a46bd51b7,028d2f6fad0e334a5020943e2121f6db52d67a9eb22521c598b751ef2ddbdf06
insertion,101,29,No intermediate backtracking,97013,0,0,1.0,a9a35b42b2248976715e6d9475f2c9b1fc2becd51848792c6ffd1f2a46bd51b7,5fa7f3dfc1ebfb41a2ebf9a53fae2068c46d1aabc8c1dac1756ec947db38ba49
insertion,101,29,No intermediate backtracking,97014,0,0,3.0,a9a35b42b2248976715e6d9475f2c9b1fc2becd51848792c6ffd1f2a46bd51b7,51914749ebe5fe2ec09bfcd503b1a8a132f4480d7da2d8e64826320a9e74e64c
insertion,101,29,No intermediate backtracking,97015,0,0,3.0,a9a35b42b2248976715e6d9475f2c9b1fc2becd51848792c6ffd1f2a46bd51b7,d595bb4e743129be2e99172a7b6d289b917aec0bc1f836a8c99a56de749cd9b4
insertion,101,29,No intermediate backtracking,97016,1,0,4.0,a9a35b42b2248976715e6d9475f2c9b1fc2becd51848792c6ffd1f2a46bd51b7,42e91f98d7ee0e0dbbcf341c2f28e6493a6b9096c3475611636b740932ed840d
insertion,101,29,No intermediate backtracking,97017,0,0,3.0,a9a35b42b2248976715e6d9475f2c9b1fc2becd51848792c6ffd1f2a46bd51b7,cebac306fa671d76fe0d2754c8c366df2c5df1dbe337f31dd82b0663bd33602d
insertion,101,29,No intermediate backtracking,97018,0,0,3.0,a9a35b42b2248976715e6d9475f2c9b1fc2becd51848792c6ffd1f2a46bd51b7,4f0d069c907f8ed94bb1d5ae3ce32755836da405accd68c9684bc0ccb424a5ac
insertion,101,29,No intermediate backtracking,97019,1,1,4.0,a9a35b42b2248976715e6d9475f2c9b1fc2becd51848792c6ffd1f2a46bd51b7,bf92348331bc393589b282f3f8364b25c4dbbef84d34e85b7f393573c43b3e30
insertion,101,29,Gaussian CPU budget,97000,1,1,4.0,250a11d31eb21cd04eaa15893fff05169041ba7f21aa7c3adb76a6cde4a33e75,48faa9208440dacd5b3337b44a84effe7bba5a2206cb1ae8edd88022cc7d73f5
insertion,101,29,Gaussian CPU budget,97001,0,0,2.0,250a11d31eb21cd04eaa15893fff05169041ba7f21aa7c3adb76a6cde4a33e75,fbd351c68b08e05654737fbe1ef8b871b8dbc93e7c29fc4678e00cd9b2a66ae6
insertion,101,29,Gaussian CPU budget,97002,1,1,4.0,250a11d31eb21cd04eaa15893fff05169041ba7f21aa7c3adb76a6cde4a33e75,495465dca609ac167c5e9ad83765e637c34a0836fad2c6163ef5cecddc56f528
insertion,101,29,Gaussian CPU budget,97003,1,1,4.0,250a11d31eb21cd04eaa15893fff05169041ba7f21aa7c3adb76a6cde4a33e75,206cc2046faeaef2dda2b6d4c93abb7c912f575caaee199e5bc800baed3607e5
insertion,101,29,Gaussian CPU budget,97004,0,0,2.0,250a11d31eb21cd04eaa15893fff05169041ba7f21aa7c3adb76a6cde4a33e75,8efe03dde0d9a112580bba65188332288a3d228bbaffa96e2023831ef6834fb5
insertion,101,29,Gaussian CPU budget,97005,0,0,2.0,250a11d31eb21cd04eaa15893fff05169041ba7f21aa7c3adb76a6cde4a33e75,8bd5d642e6129db5709c32dea6dafe0efb2738163d5e2db60b144c02ffe1bdf5
insertion,101,29,Gaussian CPU budget,97006,0,0,2.0,250a11d31eb21cd04eaa15893fff05169041ba7f21aa7c3adb76a6cde4a33e75,6a8187895e74caec253b06e5e53bacdebca102d1b18d093e5fe4cbf6b2b51ddf
insertion,101,29,Gaussian CPU budget,97007,1,1,4.0,250a11d31eb21cd04eaa15893fff05169041ba7f21aa7c3adb76a6cde4a33e75,f189ae1ef7499ff61c65ceae925e60e12df91808cc6b626101a5c1439b0dc2af
insertion,101,29,Gaussian CPU budget,97008,1,1,4.0,250a11d31eb21cd04eaa15893fff05169041ba7f21aa7c3adb76a6cde4a33e75,4354ab3c85cd7a681605c0202eaca8522697a64df06a65e108b76ef05959608f
insertion,101,29,Gaussian CPU budget,97009,0,0,3.0,250a11d31eb21cd04eaa15893fff05169041ba7f21aa7c3adb76a6cde4a33e75,add17c82c87a71e2b91ab5b19e1fed7935afb10ee88aaab0918d96ec8f2b60e7
insertion,101,29,Gaussian CPU budget,97010,0,0,3.0,250a11d31eb21cd04eaa15893fff05169041ba7f21aa7c3adb76a6cde4a33e75,2d81ee82646cace86653718e5c54a9c0c8f854db40d05cf8cb8d00728c9b0f72
insertion,101,29,Gaussian CPU budget,97011,0,0,3.0,250a11d31eb21cd04eaa15893fff05169041ba7f21aa7c3adb76a6cde4a33e75,d6e664055d84be6826db49ef1e4f6e2d0ae4fa9dcdb91bbe36297da645055d1c
insertion,101,29,Gaussian CPU budget,97012,1,1,4.0,250a11d31eb21cd04eaa15893fff05169041ba7f21aa7c3adb76a6cde4a33e75,5e905df4ac7aa2f17d607811df21350e96497a5327761e451c9b1fa97a34307a
insertion,101,29,Gaussian CPU budget,97013,0,0,2.0,250a11d31eb21cd04eaa15893fff05169041ba7f21aa7c3adb76a6cde4a33e75,a85016b942a1b01a314e721f6044b03a8329a4f1361918b010285213a0cb2ad2
insertion,101,29,Gaussian CPU budget,97014,1,1,4.0,250a11d31eb21cd04eaa15893fff05169041ba7f21aa7c3adb76a6cde4a33e75,d8a0276bd32501d6f712df3b2e394896ef5ec82d9a6aca05042dc64d9529e4fe
insertion,101,29,Gaussian CPU budget,97015,1,1,4.0,250a11d31eb21cd04eaa15893fff05169041ba7f21aa7c3adb76a6cde4a33e75,82e56d2c3030493364924606f689555a51a19de9cccc93392f2ad0674d6f4e4c
insertion,101,29,Gaussian CPU budget,97016,1,1,4.0,250a11d31eb21cd04eaa15893fff05169041ba7f21aa7c3adb76a6cde4a33e75,3338e9d33b72961f29bef682402abedcf3550e372deda8e724713c23947635c3
insertion,101,29,Gaussian CPU budget,97017,0,0,3.0,250a11d31eb21cd04eaa15893fff05169041ba7f21aa7c3adb76a6cde4a33e75,efc8b89bdd0362c5a9122c5d283c77b97ae82865f50d93c28d41ca4a6fea56e2
insertion,101,29,Gaussian CPU budget,97018,1,1,4.0,250a11d31eb21cd04eaa15893fff05169041ba7f21aa7c3adb76a6cde4a33e75,665fc3c940d2588ab52134667c2a0441ddd59938052c4a98ff15d78ec89608b6
insertion,101,29,Gaussian CPU budget,97019,1,1,4.0,250a11d31eb21cd04eaa15893fff05169041ba7f21aa7c3adb76a6cde4a33e75,a34d4731e003cc26457e6a102c8dbab5eac57506ad58ebf74185d6f33c2be123
insertion,101,43,Clean repeat,97000,1,0,4.0,8fea6dd4b85be7e89c0c5537f09f4f28ccc07db331c576f5d7f04e782e8f3250,36544e04c7a0c42bb5a3d0189a9858c49a863f191eb13b77783175f7bfb8e8a5
insertion,101,43,Clean repeat,97001,0,0,3.0,8fea6dd4b85be7e89c0c5537f09f4f28ccc07db331c576f5d7f04e782e8f3250,95394407221a48e40987fa2d1f2bc1edd71d19d41b18206ad855b6b1981639c7
insertion,101,43,Clean repeat,97002,0,0,3.0,8fea6dd4b85be7e89c0c5537f09f4f28ccc07db331c576f5d7f04e782e8f3250,eabda48d70828a63b07099f1c5fd5f04f1352d609e2541bca64e7d1502f4fc82
insertion,101,43,Clean repeat,97003,0,0,3.0,8fea6dd4b85be7e89c0c5537f09f4f28ccc07db331c576f5d7f04e782e8f3250,b1c73f56a9e026a5dbad20db1d514807029f31f6d3387b8fba95d658191a00ef
insertion,101,43,Clean repeat,97004,0,0,3.0,8fea6dd4b85be7e89c0c5537f09f4f28ccc07db331c576f5d7f04e782e8f3250,5d7fe67ff30608963fd0a38b397dcac8834ad6549013188ee240ae60686a28ca
insertion,101,43,Clean repeat,97005,1,0,4.0,8fea6dd4b85be7e89c0c5537f09f4f28ccc07db331c576f5d7f04e782e8f3250,b2c0cb3b29f2ece52a8480ec46534062c91d3d3550ae5c51f796199acce373c7
insertion,101,43,Clean repeat,97006,0,0,3.0,8fea6dd4b85be7e89c0c5537f09f4f28ccc07db331c576f5d7f04e782e8f3250,8828589897a02845a183b6c3f770d307fd947ecbaf7f1df4fa847a9cefaeab64
insertion,101,43,Clean repeat,97007,1,0,4.0,8fea6dd4b85be7e89c0c5537f09f4f28ccc07db331c576f5d7f04e782e8f3250,63eaa6edcb56e2d85477b8bc305a65cc3c850f9591d0924ecb573841d97da443
insertion,101,43,Clean repeat,97008,1,0,4.0,8fea6dd4b85be7e89c0c5537f09f4f28ccc07db331c576f5d7f04e782e8f3250,0631208a0fa1eed4568335a2b2949f44f3fd0499e6c7c1e6dbce7417b93486c5
insertion,101,43,Clean repeat,97009,0,0,2.0,8fea6dd4b85be7e89c0c5537f09f4f28ccc07db331c576f5d7f04e782e8f3250,aee45d1f7aff7a43ac57479d0328b63b77e88d54f8ae745b233e53604ea189b4
insertion,101,43,Clean repeat,97010,0,0,2.0,8fea6dd4b85be7e89c0c5537f09f4f28ccc07db331c576f5d7f04e782e8f3250,bfbda6b80799f84f798da2aff3cd3478c973fa9e81f99168489cc043a18b70f0
insertion,101,43,Clean repeat,97011,0,0,3.0,8fea6dd4b85be7e89c0c5537f09f4f28ccc07db331c576f5d7f04e782e8f3250,bbb892260e345c6988e2ca49012f2bf8051d49a6199b863baff6f562a7630375
insertion,101,43,Clean repeat,97012,0,0,3.0,8fea6dd4b85be7e89c0c5537f09f4f28ccc07db331c576f5d7f04e782e8f3250,51948711b58276f1efe20d5905f61b84acc1e889f8d3554adfd856ad4673913e
insertion,101,43,Clean repeat,97013,0,0,1.0,8fea6dd4b85be7e89c0c5537f09f4f28ccc07db331c576f5d7f04e782e8f3250,828dc8b51c35237b028e760566f9f6c8258fb7422a4e2a8213c019ba369a2b9d
insertion,101,43,Clean repeat,97014,0,0,3.0,8fea6dd4b85be7e89c0c5537f09f4f28ccc07db331c576f5d7f04e782e8f3250,079ec5e5a37a65c22a31e1cf443304ac1c9d6181454b6e7dea85338363bc7b14
insertion,101,43,Clean repeat,97015,0,0,3.0,8fea6dd4b85be7e89c0c5537f09f4f28ccc07db331c576f5d7f04e782e8f3250,d92c1715653e93ff9c308fc6f7adf80589f6d0128cf2581dbede5b1c23dcb554
insertion,101,43,Clean repeat,97016,0,0,2.0,8fea6dd4b85be7e89c0c5537f09f4f28ccc07db331c576f5d7f04e782e8f3250,a1e93330e96ade6cc615f6e89ced5c8f1cd7d37826054b34527e56d9e45bf768
insertion,101,43,Clean repeat,97017,0,0,3.0,8fea6dd4b85be7e89c0c5537f09f4f28ccc07db331c576f5d7f04e782e8f3250,56f2823d31a295a1cc6a7f778a6af61b22880389f9b60f72f8404200a47faa4d
insertion,101,43,Clean repeat,97018,0,0,3.0,8fea6dd4b85be7e89c0c5537f09f4f28ccc07db331c576f5d7f04e782e8f3250,834efc5ff9b0e705ec9bef3510803865498e628af5c4e2d0142f2ad0f4250782
insertion,101,43,Clean repeat,97019,1,1,4.0,8fea6dd4b85be7e89c0c5537f09f4f28ccc07db331c576f5d7f04e782e8f3250,3daca33af5e4dcd74f61a0b36503f9d94ecc01a95bc53d3c3056cca3e60ac943
insertion,101,43,SCANA-R,97000,1,1,4.0,563f7175bbf2550fe2293e467ab956b3f0dafa0895a774ccb229560b991e6fa0,9a05e03c6efe61737de0d4d49e1434ae57f2f92617fe1af5fca14f694f8800e9
insertion,101,43,SCANA-R,97001,0,0,1.0,563f7175bbf2550fe2293e467ab956b3f0dafa0895a774ccb229560b991e6fa0,6b7388b705f6134c7ba3918380d63780b34c05b70a58d47d90f148fdc74c1a1e
insertion,101,43,SCANA-R,97002,1,1,4.0,563f7175bbf2550fe2293e467ab956b3f0dafa0895a774ccb229560b991e6fa0,821400e8a8b65dbd94bac0cdad83bfcf6b69a38a48760ffb673fcf0cc28805bd
insertion,101,43,SCANA-R,97003,0,0,3.0,563f7175bbf2550fe2293e467ab956b3f0dafa0895a774ccb229560b991e6fa0,feac43df32fed9a754badb67fb01043f33043d3630df376849c72a66e290e035
insertion,101,43,SCANA-R,97004,1,0,4.0,563f7175bbf2550fe2293e467ab956b3f0dafa0895a774ccb229560b991e6fa0,3eb91da1ef418cd8535a5f456c9785bc292ffab4c42da2730b899496406a5de3
insertion,101,43,SCANA-R,97005,1,1,4.0,563f7175bbf2550fe2293e467ab956b3f0dafa0895a774ccb229560b991e6fa0,6aee4a9d35e1f3cfb2b23d6a09f00854610c0edda2996d7069024452b3a64813
insertion,101,43,SCANA-R,97006,0,0,3.0,563f7175bbf2550fe2293e467ab956b3f0dafa0895a774ccb229560b991e6fa0,23dc3e77c9c6ee9c479303358cc062d143833dec79b39bfc3044aca53ba281df
insertion,101,43,SCANA-R,97007,0,0,3.0,563f7175bbf2550fe2293e467ab956b3f0dafa0895a774ccb229560b991e6fa0,ffee9ee7655c7838998cc16c191f3c0b325c06c4fdf8f2d4d76ccab01411b8de
insertion,101,43,SCANA-R,97008,1,1,4.0,563f7175bbf2550fe2293e467ab956b3f0dafa0895a774ccb229560b991e6fa0,2e0e8196aa485bdf59fd3ac3294e854741d5afd8a7c579cba40aabaf4c8f3863
insertion,101,43,SCANA-R,97009,1,1,4.0,563f7175bbf2550fe2293e467ab956b3f0dafa0895a774ccb229560b991e6fa0,285d1a267281e35d3797e606756e77d2f695842685062872f8983084043d5339
insertion,101,43,SCANA-R,97010,0,0,3.0,563f7175bbf2550fe2293e467ab956b3f0dafa0895a774ccb229560b991e6fa0,179606551a414b6aef40e80d46b7762da1d79dfa9e4450c8cd071e9b0552efe6
insertion,101,43,SCANA-R,97011,1,1,4.0,563f7175bbf2550fe2293e467ab956b3f0dafa0895a774ccb229560b991e6fa0,8f7fb7ad711ad63c06472e7a32a4798d8a0b6aef94bb5636dd4ca002aa4160e4
insertion,101,43,SCANA-R,97012,0,0,3.0,563f7175bbf2550fe2293e467ab956b3f0dafa0895a774ccb229560b991e6fa0,cbde57be9bd338b07648e8364e33ff146646e30cab8bfd0f7a6ce002ec0dc80b
insertion,101,43,SCANA-R,97013,1,1,4.0,563f7175bbf2550fe2293e467ab956b3f0dafa0895a774ccb229560b991e6fa0,2f35b075e557a141a68acf9826df414c9b9152412e4390f96fa4026169ee7e65
insertion,101,43,SCANA-R,97014,0,0,3.0,563f7175bbf2550fe2293e467ab956b3f0dafa0895a774ccb229560b991e6fa0,5dd97f599c5ab5cb52f8e92a480336504d2d6e8232a4d8f982cdbcc995d5ba6b
insertion,101,43,SCANA-R,97015,0,0,3.0,563f7175bbf2550fe2293e467ab956b3f0dafa0895a774ccb229560b991e6fa0,78aafae760761c2ed9f569a9daf1efef06ea399718f5dd3ac5c57ababb7897b2
insertion,101,43,SCANA-R,97016,1,1,4.0,563f7175bbf2550fe2293e467ab956b3f0dafa0895a774ccb229560b991e6fa0,5f82897f9d1c71b7c196b8bb7ab09eb83d8f18c71602a1a6ed5eb254d41ac5a9
insertion,101,43,SCANA-R,97017,1,1,4.0,563f7175bbf2550fe2293e467ab956b3f0dafa0895a774ccb229560b991e6fa0,a0e2db1aabc09b069703c825b89ce8cb257c5a5863c0b11ffafcaad0d6d81b9e
insertion,101,43,SCANA-R,97018,0,0,3.0,563f7175bbf2550fe2293e467ab956b3f0dafa0895a774ccb229560b991e6fa0,3c84a6aaef8d98e264ad07838be558f16d007ec4b67cafacbd62028e90e2e804
insertion,101,43,SCANA-R,97019,1,1,4.0,563f7175bbf2550fe2293e467ab956b3f0dafa0895a774ccb229560b991e6fa0,52c18115b8f07234bce98f7a5e7a608e0842b52d079099a0e2899d4e31c07d57
insertion,101,43,Gaussian recovery,97000,1,1,4.0,5ea12655fe8b1670fdbe26e52025115db80a7eb85616164d91b7b6c8d7c12e24,7b9e9b405e91346a1a2fc7a2ccdbc2f0620d95cc8dcb9594d09559a372b30326
insertion,101,43,Gaussian recovery,97001,0,0,3.0,5ea12655fe8b1670fdbe26e52025115db80a7eb85616164d91b7b6c8d7c12e24,cbe61e41713dcc067af094e85ec183ec595d5c83f182fa4efa46bce3dbdd2527
insertion,101,43,Gaussian recovery,97002,0,0,3.0,5ea12655fe8b1670fdbe26e52025115db80a7eb85616164d91b7b6c8d7c12e24,77274c340daf01b2e0d52728be8b862c182a1e415227939577c17b95f55a54ac
insertion,101,43,Gaussian recovery,97003,0,0,3.0,5ea12655fe8b1670fdbe26e52025115db80a7eb85616164d91b7b6c8d7c12e24,f69ecfc4a6b6aa42d4a50440d21a5a1b7a8ea5c3d88dec0d428afe811c7034b9
insertion,101,43,Gaussian recovery,97004,0,0,2.0,5ea12655fe8b1670fdbe26e52025115db80a7eb85616164d91b7b6c8d7c12e24,df0801ea3d14b7f5ab8409417a22591b0eb15e761d942c38021a0c9a5245d4fa
insertion,101,43,Gaussian recovery,97005,1,1,4.0,5ea12655fe8b1670fdbe26e52025115db80a7eb85616164d91b7b6c8d7c12e24,29b39250ca04a5c7e7bc14c9b6bd8a0593205d3587420cf5c671c1549077f5a8
insertion,101,43,Gaussian recovery,97006,1,1,4.0,5ea12655fe8b1670fdbe26e52025115db80a7eb85616164d91b7b6c8d7c12e24,ed6349073bfa1e89cc0002b77ea765a25d9105a9291d132899ac083e097ecc3c
insertion,101,43,Gaussian recovery,97007,1,1,4.0,5ea12655fe8b1670fdbe26e52025115db80a7eb85616164d91b7b6c8d7c12e24,e0e2fe4b26fc9d69f64d2409996cbe669b0d0772d19d661d615dd82614c9ecd9
insertion,101,43,Gaussian recovery,97008,1,1,4.0,5ea12655fe8b1670fdbe26e52025115db80a7eb85616164d91b7b6c8d7c12e24,9dde605c93a82e149636f590c01aec6ecef6fa0add0927b7b9d4e26d54dfb90a
insertion,101,43,Gaussian recovery,97009,1,1,4.0,5ea12655fe8b1670fdbe26e52025115db80a7eb85616164d91b7b6c8d7c12e24,b6b67d3cd4fff9c3f606043714d392a9a06dac3a471080ac70e8321a70e0b82b
insertion,101,43,Gaussian recovery,97010,0,0,3.0,5ea12655fe8b1670fdbe26e52025115db80a7eb85616164d91b7b6c8d7c12e24,6096bdbc7d0f36d57bd9da8609fcbd8c3e63e07f5d5bb04608a723f33ac03acf
insertion,101,43,Gaussian recovery,97011,0,0,3.0,5ea12655fe8b1670fdbe26e52025115db80a7eb85616164d91b7b6c8d7c12e24,14330dd1e5180bf0048c5046d1ba9289bfe5e9e53c6a31d6a808912d0c1d6a7f
insertion,101,43,Gaussian recovery,97012,0,0,3.0,5ea12655fe8b1670fdbe26e52025115db80a7eb85616164d91b7b6c8d7c12e24,1b680c471e30f964ce08e23a31076a2fa39f832c1a27f00e981ab14804ce0ebf
insertion,101,43,Gaussian recovery,97013,1,1,4.0,5ea12655fe8b1670fdbe26e52025115db80a7eb85616164d91b7b6c8d7c12e24,56ce5b20829d5c321221846146f392901a6c6bcbae347a595c20e26375463897
insertion,101,43,Gaussian recovery,97014,0,0,3.0,5ea12655fe8b1670fdbe26e52025115db80a7eb85616164d91b7b6c8d7c12e24,1d17e8ee7d3746da01708ef75afa5c24f4d6df395e060fb3dbe90e9a3e8f73fd
insertion,101,43,Gaussian recovery,97015,1,1,4.0,5ea12655fe8b1670fdbe26e52025115db80a7eb85616164d91b7b6c8d7c12e24,cad5cc8e2afb7741c5d4f097fbb9ec976234072a4a3a8045f8a98eb64459956e
insertion,101,43,Gaussian recovery,97016,1,1,4.0,5ea12655fe8b1670fdbe26e52025115db80a7eb85616164d91b7b6c8d7c12e24,528001e8a7e5f02fe6d94f50196755a66defeb9d0580e349a6112f729290b17c
insertion,101,43,Gaussian recovery,97017,0,0,2.0,5ea12655fe8b1670fdbe26e52025115db80a7eb85616164d91b7b6c8d7c12e24,e6bfcada5905a606364efbdd501a549b6ca863030a060f790f2c51aeef4d8982
insertion,101,43,Gaussian recovery,97018,1,1,4.0,5ea12655fe8b1670fdbe26e52025115db80a7eb85616164d91b7b6c8d7c12e24,57c30b8d05526845c149c6309cb3baf50ec94ca5994f44e001148bec0c0121ef
insertion,101,43,Gaussian recovery,97019,0,0,2.0,5ea12655fe8b1670fdbe26e52025115db80a7eb85616164d91b7b6c8d7c12e24,ee127fbe0b09796aebdb515ace03a9cf2aa9c4b45e3dc9473f154f98446d5777
insertion,101,43,No cross-fitting,97000,1,1,4.0,aa3e2ecc5a1c08282a2af7a353ee333f2b4b56c812ad91dafe222484247ab21f,242383d004b0e3926736a030a4c7a4778cfded8e6afab1746ef1da4aca427eab
insertion,101,43,No cross-fitting,97001,0,0,1.0,aa3e2ecc5a1c08282a2af7a353ee333f2b4b56c812ad91dafe222484247ab21f,0a61e49eaa574a1ff3c55ee6d03e925bbc810f827aa9d0a2d849c9ba40095808
insertion,101,43,No cross-fitting,97002,0,0,3.0,aa3e2ecc5a1c08282a2af7a353ee333f2b4b56c812ad91dafe222484247ab21f,ea8f13d7ab73d985f4faa652eeff3af6258ed5499779676b0a76d2c625c5125c
insertion,101,43,No cross-fitting,97003,1,1,4.0,aa3e2ecc5a1c08282a2af7a353ee333f2b4b56c812ad91dafe222484247ab21f,78d152edcc4dd2787676b33c30d69cdc3431c1edfe97c2f54261317cd31747c7
insertion,101,43,No cross-fitting,97004,1,1,4.0,aa3e2ecc5a1c08282a2af7a353ee333f2b4b56c812ad91dafe222484247ab21f,774368987c69b3b6534fbd1e9dc78a2cde9780403d1d81708a64190d239f0eb3
insertion,101,43,No cross-fitting,97005,1,1,4.0,aa3e2ecc5a1c08282a2af7a353ee333f2b4b56c812ad91dafe222484247ab21f,f61d9e8db6096cccb3c8901836c3880a520b58a9f4d74fb5a967a50ac4c66433
insertion,101,43,No cross-fitting,97006,0,0,3.0,aa3e2ecc5a1c08282a2af7a353ee333f2b4b56c812ad91dafe222484247ab21f,ad5266de199536c28e5efa73be91de94ec34d3d7efdf8f2f0e07a38b92ab4b86
insertion,101,43,No cross-fitting,97007,1,1,4.0,aa3e2ecc5a1c08282a2af7a353ee333f2b4b56c812ad91dafe222484247ab21f,40918ac0d1ca5b5b8c1d0a577349169bb0aec025dbe94b1766a1318695a82138
insertion,101,43,No cross-fitting,97008,1,1,4.0,aa3e2ecc5a1c08282a2af7a353ee333f2b4b56c812ad91dafe222484247ab21f,a8463788d55b6b9bac0ce25d094e16bb67497c70137ca8f89eb205391141655c
insertion,101,43,No cross-fitting,97009,0,0,3.0,aa3e2ecc5a1c08282a2af7a353ee333f2b4b56c812ad91dafe222484247ab21f,49b6c09268d8dc25e04b477fc6006fd7d1d646c0b36ed21156aba6ea89db79f6
insertion,101,43,No cross-fitting,97010,0,0,3.0,aa3e2ecc5a1c08282a2af7a353ee333f2b4b56c812ad91dafe222484247ab21f,3b6f06404e35a0fc940fcbfa2d0c3581c297c046301961a10cf3c319d739f915
insertion,101,43,No cross-fitting,97011,1,1,4.0,aa3e2ecc5a1c08282a2af7a353ee333f2b4b56c812ad91dafe222484247ab21f,51e2aa76fd2e5f9523e290a98f8faa68175e82102631d6cc6ad694a97603c8ac
insertion,101,43,No cross-fitting,97012,0,0,3.0,aa3e2ecc5a1c08282a2af7a353ee333f2b4b56c812ad91dafe222484247ab21f,447dc8238ee04b70f4432a950e5215262134f2015cd4bf1abd1a3c422596227f
insertion,101,43,No cross-fitting,97013,0,0,3.0,aa3e2ecc5a1c08282a2af7a353ee333f2b4b56c812ad91dafe222484247ab21f,febfd67786656a2631bfcd6b66e2bfc01ed435930d8f2898d304beeea48f7962
insertion,101,43,No cross-fitting,97014,0,0,3.0,aa3e2ecc5a1c08282a2af7a353ee333f2b4b56c812ad91dafe222484247ab21f,26a603c256445161e2c290371ff022048f6029d1a0e5b85206a0165194e39ee6
insertion,101,43,No cross-fitting,97015,1,1,4.0,aa3e2ecc5a1c08282a2af7a353ee333f2b4b56c812ad91dafe222484247ab21f,6a67efbcbf629c3bf18600305e24e497a437b10794d57eafdb9a0f7316a2fa7a
insertion,101,43,No cross-fitting,97016,0,0,2.0,aa3e2ecc5a1c08282a2af7a353ee333f2b4b56c812ad91dafe222484247ab21f,92bfeff75fa8d5d1bf64026a07abf20193fc54a1137acc1ff3bc1a8d42430743
insertion,101,43,No cross-fitting,97017,1,1,4.0,aa3e2ecc5a1c08282a2af7a353ee333f2b4b56c812ad91dafe222484247ab21f,479da5488c814cda68f37cb9ef2ffc04826be44f8dfc44438c008f54487552ab
insertion,101,43,No cross-fitting,97018,0,0,3.0,aa3e2ecc5a1c08282a2af7a353ee333f2b4b56c812ad91dafe222484247ab21f,b1f94769ecb5519a54dcfb5d71ddbb5e52eaf6908113ac758194b7c130e16434
insertion,101,43,No cross-fitting,97019,1,1,4.0,aa3e2ecc5a1c08282a2af7a353ee333f2b4b56c812ad91dafe222484247ab21f,d983ec2f3a5e14674f511a4f995562e45890579bdbf57c56826a51d95ebf1ff3
insertion,101,43,Global-time errors,97000,1,1,4.0,6b5ae302ce0d88acdbf1e1a92e78b2831509381d002f15608ab8ac1a3ed68681,976dbe99a63575b12db872a6e65911d95a5024ea6360430ef97674adad5e98c7
insertion,101,43,Global-time errors,97001,0,0,1.0,6b5ae302ce0d88acdbf1e1a92e78b2831509381d002f15608ab8ac1a3ed68681,b34ab282054d01b77bf24b96b83d5d5697e9361ecec1a291a1c20f4dd3f77771
insertion,101,43,Global-time errors,97002,0,0,3.0,6b5ae302ce0d88acdbf1e1a92e78b2831509381d002f15608ab8ac1a3ed68681,7cc1958a2d085de0e94e94d3688d3a08f367026938dff4335c4edc3d7b82daa9
insertion,101,43,Global-time errors,97003,1,1,4.0,6b5ae302ce0d88acdbf1e1a92e78b2831509381d002f15608ab8ac1a3ed68681,3448758cc7257da64573184bedc5bafa78012ff8e42f9a6f856e05eab5da9b4a
insertion,101,43,Global-time errors,97004,1,1,4.0,6b5ae302ce0d88acdbf1e1a92e78b2831509381d002f15608ab8ac1a3ed68681,356a39b46553debf7b71a79c54d684e2bf213b1b8540aa26f55266c2ec316ca0
insertion,101,43,Global-time errors,97005,1,1,4.0,6b5ae302ce0d88acdbf1e1a92e78b2831509381d002f15608ab8ac1a3ed68681,3dccb1f0d192d4a8c578d833211bb82f46f2dab08a533c8386ae4475e3a339f8
insertion,101,43,Global-time errors,97006,0,0,3.0,6b5ae302ce0d88acdbf1e1a92e78b2831509381d002f15608ab8ac1a3ed68681,6331f8203cf345aee21f0b0e4c6fdc44521e3689d50a9593275b5d1fa6dbc97e
insertion,101,43,Global-time errors,97007,0,0,3.0,6b5ae302ce0d88acdbf1e1a92e78b2831509381d002f15608ab8ac1a3ed68681,5e9cdc94caf8e8b88c358d4e8d05ddd93783d406c5788117f1362bfdc4769f9b
insertion,101,43,Global-time errors,97008,1,1,4.0,6b5ae302ce0d88acdbf1e1a92e78b2831509381d002f15608ab8ac1a3ed68681,1fff6613174bc826fb5f9b9bb7198bc0ce167450c45ed1108a624a766bfa44d3
insertion,101,43,Global-time errors,97009,1,1,4.0,6b5ae302ce0d88acdbf1e1a92e78b2831509381d002f15608ab8ac1a3ed68681,bd172e1a19cc835ec9b2a9f860770957f76fe0e8eb49f40ffcc3439050281c3f
insertion,101,43,Global-time errors,97010,0,0,3.0,6b5ae302ce0d88acdbf1e1a92e78b2831509381d002f15608ab8ac1a3ed68681,ff8ca89eca4a054dd8d0b27b138846cce25923f23d51fb3627560ae7a6740f06
insertion,101,43,Global-time errors,97011,0,0,3.0,6b5ae302ce0d88acdbf1e1a92e78b2831509381d002f15608ab8ac1a3ed68681,a51aee3e015aef7d856ca7d18d1d150662ab87d0207b772c1433b410567ddfb1
insertion,101,43,Global-time errors,97012,1,1,4.0,6b5ae302ce0d88acdbf1e1a92e78b2831509381d002f15608ab8ac1a3ed68681,209c14e221414c4cd9b0cd0be8ee43e3696ab0e33a47f3055237d6448e4802d3
insertion,101,43,Global-time errors,97013,1,1,4.0,6b5ae302ce0d88acdbf1e1a92e78b2831509381d002f15608ab8ac1a3ed68681,819dee29a47e916c99714305b5f14b9d333dc846c3e8cebcf6e52361da128d25
insertion,101,43,Global-time errors,97014,0,0,3.0,6b5ae302ce0d88acdbf1e1a92e78b2831509381d002f15608ab8ac1a3ed68681,70c03d5750e90690e8975c6c8ba2858bd79735511b7185cadcc097d2e4de8b8d
insertion,101,43,Global-time errors,97015,0,0,2.0,6b5ae302ce0d88acdbf1e1a92e78b2831509381d002f15608ab8ac1a3ed68681,156eab70bedc442a78d97afd8576aa2189e03c1999767c69788ee89ef9de8c58
insertion,101,43,Global-time errors,97016,0,0,2.0,6b5ae302ce0d88acdbf1e1a92e78b2831509381d002f15608ab8ac1a3ed68681,b9f3cbca841aa5f2198a3925bbc190d8581655bcecc06675fb3dba541664a7fa
insertion,101,43,Global-time errors,97017,1,1,4.0,6b5ae302ce0d88acdbf1e1a92e78b2831509381d002f15608ab8ac1a3ed68681,c5d1b9e209067590e703b358a6ce1303f17b19111b0769b41f6e00f4587640b6
insertion,101,43,Global-time errors,97018,1,1,4.0,6b5ae302ce0d88acdbf1e1a92e78b2831509381d002f15608ab8ac1a3ed68681,a608e62124c961a79344e4278086ce6ed217c245caa63a1301a3718d47cc4d22
insertion,101,43,Global-time errors,97019,1,1,4.0,6b5ae302ce0d88acdbf1e1a92e78b2831509381d002f15608ab8ac1a3ed68681,92094e2742dbd964c66bf419e3955f95aa1d7e07bb2a7ed12da4769740e07eb5
insertion,101,43,No intermediate backtracking,97000,1,1,4.0,6d2e239784bd08e1b0e5cb40853cf6d074414a8926b54087f00774d9bc5ea44d,c39ba0c4fb6f052926a1041e3ba3c7a080f670d036504f2891d1b29ba2f84e95
insertion,101,43,No intermediate backtracking,97001,0,0,1.0,6d2e239784bd08e1b0e5cb40853cf6d074414a8926b54087f00774d9bc5ea44d,b104cfb7295c5f0c9c077052ebc3aa579f3a43799635e28f4aea929b8a120abb
insertion,101,43,No intermediate backtracking,97002,0,0,3.0,6d2e239784bd08e1b0e5cb40853cf6d074414a8926b54087f00774d9bc5ea44d,bab09c4acb29de6c6d0c2d7be46e55a1064ccc604ab40edf32f79d172773d217
insertion,101,43,No intermediate backtracking,97003,1,0,4.0,6d2e239784bd08e1b0e5cb40853cf6d074414a8926b54087f00774d9bc5ea44d,bf010d4f83902958f51d3cf36ca43069aee68fc6f91d160f99fb3f1521c1e986
insertion,101,43,No intermediate backtracking,97004,1,1,4.0,6d2e239784bd08e1b0e5cb40853cf6d074414a8926b54087f00774d9bc5ea44d,eabeec66a6648b831acb87e1fabee741fdac47ba57c68eff4314d67d00e226d2
insertion,101,43,No intermediate backtracking,97005,1,1,4.0,6d2e239784bd08e1b0e5cb40853cf6d074414a8926b54087f00774d9bc5ea44d,da1dbc4ab0b06abe4c83c4d7dbd3b4124fe89c195a7e57577aa361265acb32bc
insertion,101,43,No intermediate backtracking,97006,0,0,3.0,6d2e239784bd08e1b0e5cb40853cf6d074414a8926b54087f00774d9bc5ea44d,fe0ee2747c3b81c4c14a1bbdb5755d46de117adb4a77bf2d9f95c409d174a1a2
insertion,101,43,No intermediate backtracking,97007,0,0,3.0,6d2e239784bd08e1b0e5cb40853cf6d074414a8926b54087f00774d9bc5ea44d,e2bdad4adc1595b8e2853ce6427ba20f16c0568b117c620754124b8364dd4f69
insertion,101,43,No intermediate backtracking,97008,1,1,4.0,6d2e239784bd08e1b0e5cb40853cf6d074414a8926b54087f00774d9bc5ea44d,4418ab1d678e679288d789b8b136bbba91272d97416b0cdfdf307eedbe736852
insertion,101,43,No intermediate backtracking,97009,0,0,3.0,6d2e239784bd08e1b0e5cb40853cf6d074414a8926b54087f00774d9bc5ea44d,1900f44088e1e534de594ead9d9282f23df00f48c9486122a1d488bde9cb7c98
insertion,101,43,No intermediate backtracking,97010,0,0,3.0,6d2e239784bd08e1b0e5cb40853cf6d074414a8926b54087f00774d9bc5ea44d,3bbf54eb4840e8064a89d4ea3c7277cad1824c3dd82cf6d3da1ca259ee6ae38a
insertion,101,43,No intermediate backtracking,97011,0,0,3.0,6d2e239784bd08e1b0e5cb40853cf6d074414a8926b54087f00774d9bc5ea44d,245360ad90128dde09cf0a9153784e411d651a40f43c0914089b1623449e558f
insertion,101,43,No intermediate backtracking,97012,0,0,3.0,6d2e239784bd08e1b0e5cb40853cf6d074414a8926b54087f00774d9bc5ea44d,f4e17df982241272beeeab372eb1c80df8dd69edaf92aadb7d6f4606aea70ae0
insertion,101,43,No intermediate backtracking,97013,0,0,2.0,6d2e239784bd08e1b0e5cb40853cf6d074414a8926b54087f00774d9bc5ea44d,2740cd8e7b899b84bc9897c1c071259746bc9f4a63cc2816df6b0ad13324ee08
insertion,101,43,No intermediate backtracking,97014,0,0,3.0,6d2e239784bd08e1b0e5cb40853cf6d074414a8926b54087f00774d9bc5ea44d,e91d0b7571318d4b868db657cc560d3c70415bc0d65c377b30c9604a146ad33d
insertion,101,43,No intermediate backtracking,97015,0,0,3.0,6d2e239784bd08e1b0e5cb40853cf6d074414a8926b54087f00774d9bc5ea44d,f9a5fa7dd1c8fdc0a0624d886b3ae125ca794558b34d9af765baa18915210118
insertion,101,43,No intermediate backtracking,97016,0,0,3.0,6d2e239784bd08e1b0e5cb40853cf6d074414a8926b54087f00774d9bc5ea44d,bc4027eccc42e71b2ee1dd84fed397488cbf8228399d0e04e59633af14564409
insertion,101,43,No intermediate backtracking,97017,0,0,3.0,6d2e239784bd08e1b0e5cb40853cf6d074414a8926b54087f00774d9bc5ea44d,eee950b8283bc951ae8a203dc585a51adc72ed52ec70e5bbbad6101c141c9094
insertion,101,43,No intermediate backtracking,97018,0,0,3.0,6d2e239784bd08e1b0e5cb40853cf6d074414a8926b54087f00774d9bc5ea44d,3b28a50d44f791a9410b83d7162741b120ced0f87f32af9870b9047eb61153d6
insertion,101,43,No intermediate backtracking,97019,1,1,4.0,6d2e239784bd08e1b0e5cb40853cf6d074414a8926b54087f00774d9bc5ea44d,e0b7fbebd0512eb46bc4f4a7aea39b23c531f8d31f5d380477a00ab28205cd96
insertion,101,43,Gaussian CPU budget,97000,0,0,2.0,1e283cd02a62c729c63166edaef79e522ed214d734df7a4e2863b8ed68a30b07,353b9cf1abb133b3a519e02747d71e7134d017458ef0e81ba790935b08e5fc30
insertion,101,43,Gaussian CPU budget,97001,0,0,2.0,1e283cd02a62c729c63166edaef79e522ed214d734df7a4e2863b8ed68a30b07,24245b51c437dedda516736960c5943d006f9404cc629e37e419d794bcd8f5e5
insertion,101,43,Gaussian CPU budget,97002,1,0,4.0,1e283cd02a62c729c63166edaef79e522ed214d734df7a4e2863b8ed68a30b07,d37a541bab9d6857ba75dde452b4cc4071296e255b9bd80c1e42d92b4750e03e
insertion,101,43,Gaussian CPU budget,97003,1,0,4.0,1e283cd02a62c729c63166edaef79e522ed214d734df7a4e2863b8ed68a30b07,8bbab82acc4b4c8a84e80b0814d614ac18de85f5f15400e4a7d53a244e6cbe22
insertion,101,43,Gaussian CPU budget,97004,1,0,4.0,1e283cd02a62c729c63166edaef79e522ed214d734df7a4e2863b8ed68a30b07,aa2f39bb1562e432d6000e834c60319d5e0adb1463760fb86896445a0b51b5bb
insertion,101,43,Gaussian CPU budget,97005,0,0,2.0,1e283cd02a62c729c63166edaef79e522ed214d734df7a4e2863b8ed68a30b07,979a5f7781c037f4918777e669b976e8e922cfaeac8134c191d4bc478ff07182
insertion,101,43,Gaussian CPU budget,97006,0,0,2.0,1e283cd02a62c729c63166edaef79e522ed214d734df7a4e2863b8ed68a30b07,576048026b446332dc32eda1d62bccb16a4ceba63b53bef3e61d42069846d625
insertion,101,43,Gaussian CPU budget,97007,1,0,4.0,1e283cd02a62c729c63166edaef79e522ed214d734df7a4e2863b8ed68a30b07,d8bb09f60479d7664d94eb423a8e645977533af80c538d4d62bac84e46f280a9
insertion,101,43,Gaussian CPU budget,97008,1,1,4.0,1e283cd02a62c729c63166edaef79e522ed214d734df7a4e2863b8ed68a30b07,ab7c9f32284f37ace9eba90f1a17a2d31797789c2656f16e3046487c79b55014
insertion,101,43,Gaussian CPU budget,97009,0,0,2.0,1e283cd02a62c729c63166edaef79e522ed214d734df7a4e2863b8ed68a30b07,0650af9ba9aeadf2dea762bbc556a881a6d95518aa0773057102352e7c11cb33
insertion,101,43,Gaussian CPU budget,97010,0,0,3.0,1e283cd02a62c729c63166edaef79e522ed214d734df7a4e2863b8ed68a30b07,8275a5302fed75b307d9ac66999d92936a8804703c8f3c991f207ac1338f5706
insertion,101,43,Gaussian CPU budget,97011,1,1,4.0,1e283cd02a62c729c63166edaef79e522ed214d734df7a4e2863b8ed68a30b07,6cfffd68c3f726c823ced605ff90380406870cd635540a49d35f613f8ad33176
insertion,101,43,Gaussian CPU budget,97012,1,1,4.0,1e283cd02a62c729c63166edaef79e522ed214d734df7a4e2863b8ed68a30b07,74e50560c304457a68674d3f9653cf0712a78f34774b443cec8dce06c66bdb4c
insertion,101,43,Gaussian CPU budget,97013,1,0,4.0,1e283cd02a62c729c63166edaef79e522ed214d734df7a4e2863b8ed68a30b07,32870c6d50192a1430946db001c0d069bcdbe6e11bd706fa3b3673bccb2b9385
insertion,101,43,Gaussian CPU budget,97014,0,0,3.0,1e283cd02a62c729c63166edaef79e522ed214d734df7a4e2863b8ed68a30b07,86c87d8f773f7c7c51f5b80229b762afa78433a1f68cd261500636decb042120
insertion,101,43,Gaussian CPU budget,97015,1,1,4.0,1e283cd02a62c729c63166edaef79e522ed214d734df7a4e2863b8ed68a30b07,2a854fbf6684af2c40ddce503c316f8aaec4af9903f5543e9e7dd426d2554b45
insertion,101,43,Gaussian CPU budget,97016,0,0,2.0,1e283cd02a62c729c63166edaef79e522ed214d734df7a4e2863b8ed68a30b07,43075f9a57e036d27506ba0777f172c418239d1ed6de9e52e0e8f466db624a48
insertion,101,43,Gaussian CPU budget,97017,0,0,2.0,1e283cd02a62c729c63166edaef79e522ed214d734df7a4e2863b8ed68a30b07,a7dce3b117f2c2b8cf01174a0a1417f0595d154f68b69db07a0f120ba6434da4
insertion,101,43,Gaussian CPU budget,97018,0,0,3.0,1e283cd02a62c729c63166edaef79e522ed214d734df7a4e2863b8ed68a30b07,34003c5c6379b18b222e0b5f8d46609f9972f1e9f6192c914dcd3fd76ab09721
insertion,101,43,Gaussian CPU budget,97019,1,1,4.0,1e283cd02a62c729c63166edaef79e522ed214d734df7a4e2863b8ed68a30b07,15012b282b55277bec0835203c506e6b1a747c69a420a5c7a19bfc6e8bd02b3c
insertion,211,17,Clean repeat,97000,0,0,3.0,7ae1281b238c35e083d1c65ff54cfef6e8208eaccaae23520fb91024a72ac34a,890d8dd751b99e8f580e9592e7ca4c2c4d83963491b06090d6b6b514d5fdd083
insertion,211,17,Clean repeat,97001,0,0,1.0,7ae1281b238c35e083d1c65ff54cfef6e8208eaccaae23520fb91024a72ac34a,8a58966222ac2079d01433af3478baae8b145a50b1636bfb04f7647e24992bc7
insertion,211,17,Clean repeat,97002,0,0,3.0,7ae1281b238c35e083d1c65ff54cfef6e8208eaccaae23520fb91024a72ac34a,8843c6bb077f3771c9d62e9d971ee3d6be4c2d210d9eadb3d269141759d3dab0
insertion,211,17,Clean repeat,97003,1,0,4.0,7ae1281b238c35e083d1c65ff54cfef6e8208eaccaae23520fb91024a72ac34a,d6fe43585f8f581573b812e78169f487d16108c2c722110dde786e834f553596
insertion,211,17,Clean repeat,97004,0,0,2.0,7ae1281b238c35e083d1c65ff54cfef6e8208eaccaae23520fb91024a72ac34a,977d73e0c52db947e567ad24016a3c97ddc091822ac1d690c9fdad3a9aaf78e9
insertion,211,17,Clean repeat,97005,1,0,4.0,7ae1281b238c35e083d1c65ff54cfef6e8208eaccaae23520fb91024a72ac34a,ae165507e6f076eccbe2952b829af4c4ad534a86be59669c4f8bcbb092686b94
insertion,211,17,Clean repeat,97006,1,1,4.0,7ae1281b238c35e083d1c65ff54cfef6e8208eaccaae23520fb91024a72ac34a,b679688eedfd2d6e5d18f34b0b6b73ca0cd1b50c52fab79cafd8a70bf3db4956
insertion,211,17,Clean repeat,97007,0,0,3.0,7ae1281b238c35e083d1c65ff54cfef6e8208eaccaae23520fb91024a72ac34a,62f4a7353b3aa0dbb031a9f991966d132ceb41a67d5d7c04cd17f94bf7dfb0cb
insertion,211,17,Clean repeat,97008,1,1,4.0,7ae1281b238c35e083d1c65ff54cfef6e8208eaccaae23520fb91024a72ac34a,1cba320cb9a2a92ed864480b87e2c0e29b236956c885ea6335c37eb33eeb9155
insertion,211,17,Clean repeat,97009,0,0,0.0,7ae1281b238c35e083d1c65ff54cfef6e8208eaccaae23520fb91024a72ac34a,50ef615a30fe91e2902bce326d0e0e8666818b8505d3f77e165d7b33beec0261
insertion,211,17,Clean repeat,97010,0,0,1.0,7ae1281b238c35e083d1c65ff54cfef6e8208eaccaae23520fb91024a72ac34a,d2dbd3137ec1aef2963df56a5ed7f930c7318cd148a4ac5e666e6af11e1fec23
insertion,211,17,Clean repeat,97011,0,0,3.0,7ae1281b238c35e083d1c65ff54cfef6e8208eaccaae23520fb91024a72ac34a,8ad41d392933ca440c458a0be2ba2ec1d14164d9d2bb7612145b5ca7f577888c
insertion,211,17,Clean repeat,97012,0,0,3.0,7ae1281b238c35e083d1c65ff54cfef6e8208eaccaae23520fb91024a72ac34a,a311b79f0749ee1e9e7d6e7957d6fd179fc3fcb6e6b192db6d05d741c67f6bb4
insertion,211,17,Clean repeat,97013,0,0,3.0,7ae1281b238c35e083d1c65ff54cfef6e8208eaccaae23520fb91024a72ac34a,a77ff17577a2d7d0077bed411f895b059f6b4aa697846b5ae312afdfb68b9cfe
insertion,211,17,Clean repeat,97014,0,0,3.0,7ae1281b238c35e083d1c65ff54cfef6e8208eaccaae23520fb91024a72ac34a,0972de32b9307c2f25c46720ee72b400082a6baeb9961c0c2c8a9cc6fb1c39c1
insertion,211,17,Clean repeat,97015,0,0,3.0,7ae1281b238c35e083d1c65ff54cfef6e8208eaccaae23520fb91024a72ac34a,312a1a5759ff554e17dbc6fae2b96dd7ab668149bbf4c31c1eaaedcd03afa470
insertion,211,17,Clean repeat,97016,1,0,4.0,7ae1281b238c35e083d1c65ff54cfef6e8208eaccaae23520fb91024a72ac34a,a02e7f56478df8c740f1e0f4ecfe2300c477428691c26fb4ebd28dcb4b656770
insertion,211,17,Clean repeat,97017,0,0,3.0,7ae1281b238c35e083d1c65ff54cfef6e8208eaccaae23520fb91024a72ac34a,120f4f0f2e98a1afe10d4006baa2608c6d91a4e76fc070fd9befe87b74630fb0
insertion,211,17,Clean repeat,97018,1,0,4.0,7ae1281b238c35e083d1c65ff54cfef6e8208eaccaae23520fb91024a72ac34a,561e5f3368c41fdf1f804a7355a0f69f81128730d7763408d68e3f670890d5d5
insertion,211,17,Clean repeat,97019,1,0,4.0,7ae1281b238c35e083d1c65ff54cfef6e8208eaccaae23520fb91024a72ac34a,6a8bd0315f5662623a96a83ee29b623d5ffe394d640e60fcdc942cc33c66aab9
insertion,211,17,SCANA-R,97000,0,0,3.0,edb140007ffb04efcf18d6ed63d294efdc5dd89c1e1a7196a1efe5b279c41b4e,4f6fde15ec91366e8a00910e3177b26055a9e739062ac9c1d6f3a94292ecd387
insertion,211,17,SCANA-R,97001,0,0,1.0,edb140007ffb04efcf18d6ed63d294efdc5dd89c1e1a7196a1efe5b279c41b4e,7efc2e5597f375a38edd77eb7950d16452c998ea5a138ca1d4ed891273e9ba83
insertion,211,17,SCANA-R,97002,1,1,4.0,edb140007ffb04efcf18d6ed63d294efdc5dd89c1e1a7196a1efe5b279c41b4e,099f91213db8085fc2ba5ae74a9bc192edb0f1f9481f06a3fd44d6cefe58d21c
insertion,211,17,SCANA-R,97003,1,1,4.0,edb140007ffb04efcf18d6ed63d294efdc5dd89c1e1a7196a1efe5b279c41b4e,eab6f2c0040d539f5f558b83ae5f1e8e59be41f52d81eb78bfc5f22ed3fc6284
insertion,211,17,SCANA-R,97004,0,0,3.0,edb140007ffb04efcf18d6ed63d294efdc5dd89c1e1a7196a1efe5b279c41b4e,3c75b68b66609ec7f9f01a4cec82259fba9b0c601e2470635bdb0d9476927e02
insertion,211,17,SCANA-R,97005,0,0,2.0,edb140007ffb04efcf18d6ed63d294efdc5dd89c1e1a7196a1efe5b279c41b4e,1a13c38e0a68a7386a12c86470b5b3deacfaab4da76b5745d7ac88d528308bf4
insertion,211,17,SCANA-R,97006,0,0,3.0,edb140007ffb04efcf18d6ed63d294efdc5dd89c1e1a7196a1efe5b279c41b4e,f2f49622c7e8409ef9df66856a487af18990fddc390a2d90a0bd408beada844b
insertion,211,17,SCANA-R,97007,1,1,4.0,edb140007ffb04efcf18d6ed63d294efdc5dd89c1e1a7196a1efe5b279c41b4e,db451a229fb72a76e9ace8d6814c81affe9364acbd66884042609c1b24460120
insertion,211,17,SCANA-R,97008,1,1,4.0,edb140007ffb04efcf18d6ed63d294efdc5dd89c1e1a7196a1efe5b279c41b4e,d15e36cfab1f156292e4600b09ec332ece548e129e9f88a6d0cedad99f44fd88
insertion,211,17,SCANA-R,97009,0,0,1.0,edb140007ffb04efcf18d6ed63d294efdc5dd89c1e1a7196a1efe5b279c41b4e,874f2a3afea7474001b0a7c1b1060cb62def20a13b46fd741de21cc60bc655dc
insertion,211,17,SCANA-R,97010,0,0,3.0,edb140007ffb04efcf18d6ed63d294efdc5dd89c1e1a7196a1efe5b279c41b4e,b9a46e2388fd68e17a9281a9c6e0893a43e91deabb32b213ad00fc4dc043503c
insertion,211,17,SCANA-R,97011,0,0,3.0,edb140007ffb04efcf18d6ed63d294efdc5dd89c1e1a7196a1efe5b279c41b4e,3787ab6ca4821e1239d4796c708f40900a5c25d66cd9399c306867ca37032b02
insertion,211,17,SCANA-R,97012,0,0,2.0,edb140007ffb04efcf18d6ed63d294efdc5dd89c1e1a7196a1efe5b279c41b4e,9ab72acde40ad2979b6367b874fc519df88fde51fa10b3b62f6bde38a9388c9f
insertion,211,17,SCANA-R,97013,0,0,1.0,edb140007ffb04efcf18d6ed63d294efdc5dd89c1e1a7196a1efe5b279c41b4e,e0f3f7bb48f971432a2b588729ac2b82472b541c1755bc4bb4559d24a7df9fab
insertion,211,17,SCANA-R,97014,0,0,2.0,edb140007ffb04efcf18d6ed63d294efdc5dd89c1e1a7196a1efe5b279c41b4e,af4c88eb85a568302c06a7c17d9dd865d86493a2ee3d8ee0354be7ad57795335
insertion,211,17,SCANA-R,97015,0,0,1.0,edb140007ffb04efcf18d6ed63d294efdc5dd89c1e1a7196a1efe5b279c41b4e,21661935585ea11537c391c0aad85ef6f2b1200a7c4f0e8caabade43b6cc4669
insertion,211,17,SCANA-R,97016,0,0,3.0,edb140007ffb04efcf18d6ed63d294efdc5dd89c1e1a7196a1efe5b279c41b4e,78772b0a9f8bae995b3ffb2af0ee88823d42036911134d5c1bc2507b6c3ff67d
insertion,211,17,SCANA-R,97017,1,0,4.0,edb140007ffb04efcf18d6ed63d294efdc5dd89c1e1a7196a1efe5b279c41b4e,9eeb9e5a20b4bb63e4bb2b31f71430505bfe293c649452265e1199a2f6e28905
insertion,211,17,SCANA-R,97018,0,0,3.0,edb140007ffb04efcf18d6ed63d294efdc5dd89c1e1a7196a1efe5b279c41b4e,abb84234520d1f6321959dc5fa62ecce7ebd8fbbcba7610a548fe347e561f32a
insertion,211,17,SCANA-R,97019,0,0,3.0,edb140007ffb04efcf18d6ed63d294efdc5dd89c1e1a7196a1efe5b279c41b4e,e676256ffa3870ed12667965d0d8f0ad3105f51120a7efbfd74b9f029ea62685
insertion,211,17,Gaussian recovery,97000,1,1,4.0,0fe431f720ac6d3ff65271d84e5f388e8843ec627ff40e66b4243bb21de8a464,3c774654e8a83abe0c5d6359e764fac5dad9a0bee4c0f2ee8322459753a8b0f3
insertion,211,17,Gaussian recovery,97001,0,0,1.0,0fe431f720ac6d3ff65271d84e5f388e8843ec627ff40e66b4243bb21de8a464,478b7d70e0370f36ef8116ff4dfdde18d4492fec4b9342d0425bd62f899b71b8
insertion,211,17,Gaussian recovery,97002,0,0,2.0,0fe431f720ac6d3ff65271d84e5f388e8843ec627ff40e66b4243bb21de8a464,ba716e1903421a08304bd8ed947b821a210485f9a8deaae757e097ca9af658b2
insertion,211,17,Gaussian recovery,97003,1,1,4.0,0fe431f720ac6d3ff65271d84e5f388e8843ec627ff40e66b4243bb21de8a464,a32f89642afc79ff944f6f3efb6559cd537664f7646b364efa2417bfb9083edb
insertion,211,17,Gaussian recovery,97004,1,1,4.0,0fe431f720ac6d3ff65271d84e5f388e8843ec627ff40e66b4243bb21de8a464,85fd3f2946412c128f78c5571c23bf8f2beec4fec679bca31a832352c24f6b94
insertion,211,17,Gaussian recovery,97005,1,1,4.0,0fe431f720ac6d3ff65271d84e5f388e8843ec627ff40e66b4243bb21de8a464,9f38ff1adddeb3a005951e5fc2154e8c89b1a442f1c7332d63457585a9d55745
insertion,211,17,Gaussian recovery,97006,0,0,3.0,0fe431f720ac6d3ff65271d84e5f388e8843ec627ff40e66b4243bb21de8a464,55fd307bbb852ba11345aba3279f5ed7ab5102e07cb26eddaee75ec8f24d9ef2
insertion,211,17,Gaussian recovery,97007,1,1,4.0,0fe431f720ac6d3ff65271d84e5f388e8843ec627ff40e66b4243bb21de8a464,2b5c1bd5c2f8a3f90b1eed20b041588f8b46ff6a9854f98e957b766d6c125cc9
insertion,211,17,Gaussian recovery,97008,1,1,4.0,0fe431f720ac6d3ff65271d84e5f388e8843ec627ff40e66b4243bb21de8a464,eb62ea2515ce7f743a3892a53291b9f787a77a5396ec661557987a45fff97860
insertion,211,17,Gaussian recovery,97009,0,0,3.0,0fe431f720ac6d3ff65271d84e5f388e8843ec627ff40e66b4243bb21de8a464,03754b97d023ca7ca3206df02cc972298490c8c48aeb44210a380aa27dcd7f68
insertion,211,17,Gaussian recovery,97010,0,0,3.0,0fe431f720ac6d3ff65271d84e5f388e8843ec627ff40e66b4243bb21de8a464,68555fd63e29805ac11b7b00ddef6cb39d7bd4fcc92bd8606de9c970cfd68341
insertion,211,17,Gaussian recovery,97011,0,0,3.0,0fe431f720ac6d3ff65271d84e5f388e8843ec627ff40e66b4243bb21de8a464,54a4ecc59a401abeafb52b5ad0d841950f4f514654b6c934d68e2198c612c28e
insertion,211,17,Gaussian recovery,97012,0,0,3.0,0fe431f720ac6d3ff65271d84e5f388e8843ec627ff40e66b4243bb21de8a464,1c5b0871d1e490cec96c2c82065891a8e37e622aeba543575d664246ac59cc54
insertion,211,17,Gaussian recovery,97013,0,0,1.0,0fe431f720ac6d3ff65271d84e5f388e8843ec627ff40e66b4243bb21de8a464,be3e27a9f0fc6c18c845fdfb9357111cd4b91db46d98d544ce544cc0b1dad297
insertion,211,17,Gaussian recovery,97014,0,0,1.0,0fe431f720ac6d3ff65271d84e5f388e8843ec627ff40e66b4243bb21de8a464,6673eff892efb33a8a8eaab1dabd9ca94a267a3ed32cb08854735c7da97ed9ed
insertion,211,17,Gaussian recovery,97015,1,0,4.0,0fe431f720ac6d3ff65271d84e5f388e8843ec627ff40e66b4243bb21de8a464,c2caa8eee464eecdb302f82b269edc6be555c4eb5101c8555131454f14d7bc1b
insertion,211,17,Gaussian recovery,97016,1,1,4.0,0fe431f720ac6d3ff65271d84e5f388e8843ec627ff40e66b4243bb21de8a464,5f47cb35d8bdca7a2525ff4faa28d99bc1354e4fd585a735cdc9fe9cb07ce267
insertion,211,17,Gaussian recovery,97017,0,0,3.0,0fe431f720ac6d3ff65271d84e5f388e8843ec627ff40e66b4243bb21de8a464,be49ab4a4852cca95e1fb7bcc08fdcf01859a03863d4521d50f879fd2a27f85a
insertion,211,17,Gaussian recovery,97018,1,0,4.0,0fe431f720ac6d3ff65271d84e5f388e8843ec627ff40e66b4243bb21de8a464,cb35353305018b1aff08a82ac1a78540c302279c17ba554195e854b32a62039a
insertion,211,17,Gaussian recovery,97019,1,0,4.0,0fe431f720ac6d3ff65271d84e5f388e8843ec627ff40e66b4243bb21de8a464,76efbe13fc925b2a84e77bd1db9fc97b818f59f8a73ccc0ad0c0e975ca89fa58
insertion,211,17,No cross-fitting,97000,1,1,4.0,a1b1f4669980b76845496f942efe1a6cd7c52324e9a1592f66048bd8460ca386,5bab327b715bff23a627fb32193905f1c24193646c0282853eae548d69e213c7
insertion,211,17,No cross-fitting,97001,0,0,0.0,a1b1f4669980b76845496f942efe1a6cd7c52324e9a1592f66048bd8460ca386,46212c24e54119b69462c7576417f77d6ca1b0d916003641329e6b16ac5e2eaf
insertion,211,17,No cross-fitting,97002,0,0,3.0,a1b1f4669980b76845496f942efe1a6cd7c52324e9a1592f66048bd8460ca386,9f13b48b2adbe9f5f8662808cbd74938ff2dcbd0d583f2cc5631a16ea5ca527c
insertion,211,17,No cross-fitting,97003,0,0,3.0,a1b1f4669980b76845496f942efe1a6cd7c52324e9a1592f66048bd8460ca386,5faa029682865e4d8cbc382ea77f4f7a2058cffdf2969b2ce7ce813726f20f77
insertion,211,17,No cross-fitting,97004,0,0,3.0,a1b1f4669980b76845496f942efe1a6cd7c52324e9a1592f66048bd8460ca386,361cebb50514df2bad8757cd9bf19c769b599a1d98d1bee1998bd0033479ce48
insertion,211,17,No cross-fitting,97005,1,1,4.0,a1b1f4669980b76845496f942efe1a6cd7c52324e9a1592f66048bd8460ca386,05ebf658b9e9806cd02b563e551fe1537330eb2b3f71d52704b659cf73465380
insertion,211,17,No cross-fitting,97006,1,1,4.0,a1b1f4669980b76845496f942efe1a6cd7c52324e9a1592f66048bd8460ca386,137828e33dacfcc4103428573db3daedd733fc0b0ac7451b0c7bbddb1314440a
insertion,211,17,No cross-fitting,97007,0,0,3.0,a1b1f4669980b76845496f942efe1a6cd7c52324e9a1592f66048bd8460ca386,f46f2ec52fb8e3d8472d7fc4d9381dba0775647a19a13a646c1c7a2c6719bd78
insertion,211,17,No cross-fitting,97008,1,1,4.0,a1b1f4669980b76845496f942efe1a6cd7c52324e9a1592f66048bd8460ca386,5d7b2be3c1da140276934a1b632650b59f29b254964ac5b6c53e79279fb3a90b
insertion,211,17,No cross-fitting,97009,0,0,1.0,a1b1f4669980b76845496f942efe1a6cd7c52324e9a1592f66048bd8460ca386,27e0152b85c1ac2242b2559367d4d01622e11416418506f0723ad71ff0b6a064
insertion,211,17,No cross-fitting,97010,0,0,3.0,a1b1f4669980b76845496f942efe1a6cd7c52324e9a1592f66048bd8460ca386,9f37106fe381bdb96c4b81438b4242dba2e19bbba457076d4e85fcc927893f27
insertion,211,17,No cross-fitting,97011,0,0,3.0,a1b1f4669980b76845496f942efe1a6cd7c52324e9a1592f66048bd8460ca386,064cbaa4b13ccaf03ca9d0f78d2232ccbcab02aaf3ed094880fab1b3ad51aec1
insertion,211,17,No cross-fitting,97012,0,0,3.0,a1b1f4669980b76845496f942efe1a6cd7c52324e9a1592f66048bd8460ca386,c58f927183a709c9a0a3a0c44b3805ae423e2e84560334a8a8f529283c31b894
insertion,211,17,No cross-fitting,97013,0,0,0.0,a1b1f4669980b76845496f942efe1a6cd7c52324e9a1592f66048bd8460ca386,38257255fd42968d98f120f9f8e3884726d3e84d50e59d535a725d03c23bb450
insertion,211,17,No cross-fitting,97014,1,1,4.0,a1b1f4669980b76845496f942efe1a6cd7c52324e9a1592f66048bd8460ca386,7dfab722c1ccbd2760f1792fd534055a4ebba0e049ea888aadf37f244b03e2c6
insertion,211,17,No cross-fitting,97015,1,1,4.0,a1b1f4669980b76845496f942efe1a6cd7c52324e9a1592f66048bd8460ca386,5387a5b8e37c6ba2c54ce0a082d2e5be8f3cfd7d0dbf7b738e0e6604f9a7f112
insertion,211,17,No cross-fitting,97016,1,1,4.0,a1b1f4669980b76845496f942efe1a6cd7c52324e9a1592f66048bd8460ca386,1627bdc542a18f11e3c1376e51d00fa3e74e0d08dc9ddb32c9cebb4d4a54c6aa
insertion,211,17,No cross-fitting,97017,0,0,3.0,a1b1f4669980b76845496f942efe1a6cd7c52324e9a1592f66048bd8460ca386,61264d0e4a2e5a6a735b39a8dc6437eae1a267a5aec7d569057a7450f4fc07d9
insertion,211,17,No cross-fitting,97018,1,1,4.0,a1b1f4669980b76845496f942efe1a6cd7c52324e9a1592f66048bd8460ca386,27938c9373f5b1854c65d1fc562c4988206eb3eecc355db6f3b3aaf7163033c5
insertion,211,17,No cross-fitting,97019,1,1,4.0,a1b1f4669980b76845496f942efe1a6cd7c52324e9a1592f66048bd8460ca386,126718d215840ab44ceba28bceb730f7ee55e0781926a5fe3e9d361e2afedb8d
insertion,211,17,Global-time errors,97000,0,0,3.0,1c06be9e717e23eceb134edb6bf9b047ea47ae164091e41733672fdfb98f2dd2,e38ffeaee928b3924dcd6a1fbc2d7eed16a84710d211bec0f730edfba31c99f8
insertion,211,17,Global-time errors,97001,0,0,1.0,1c06be9e717e23eceb134edb6bf9b047ea47ae164091e41733672fdfb98f2dd2,9ba7183504b5eb36183456cf176022d83f5d47ee1c4ddf1fd49c2af02682a7c2
insertion,211,17,Global-time errors,97002,0,0,3.0,1c06be9e717e23eceb134edb6bf9b047ea47ae164091e41733672fdfb98f2dd2,ed7c8c0ce8beeb8170e5c00e5437bafa06ae1cb7b0be72764c965dba52ff24ef
insertion,211,17,Global-time errors,97003,0,0,3.0,1c06be9e717e23eceb134edb6bf9b047ea47ae164091e41733672fdfb98f2dd2,dec53cf8e21c2428083771b00bf1b2c5151c60b07e97b22597bffb6c3120f057
insertion,211,17,Global-time errors,97004,0,0,3.0,1c06be9e717e23eceb134edb6bf9b047ea47ae164091e41733672fdfb98f2dd2,f2da57fc5d696d71d0ac9b18bda19615357301464b93f793f5bc5eeadb3d1035
insertion,211,17,Global-time errors,97005,1,0,4.0,1c06be9e717e23eceb134edb6bf9b047ea47ae164091e41733672fdfb98f2dd2,c7946b75ca928ea9a88ca3ed5c3ab22c5919d5e3c7a0a422f5b13fb89a2191ce
insertion,211,17,Global-time errors,97006,0,0,3.0,1c06be9e717e23eceb134edb6bf9b047ea47ae164091e41733672fdfb98f2dd2,6cfe7e7841a4d7298532fde5655a3e66acec595c32676acc90aae3dc2a4c0dad
insertion,211,17,Global-time errors,97007,0,0,3.0,1c06be9e717e23eceb134edb6bf9b047ea47ae164091e41733672fdfb98f2dd2,556b63d050d00dfe52416e80012f307f413c4c4ec48d7b5c52aeedcb30bcbf2d
insertion,211,17,Global-time errors,97008,0,0,2.0,1c06be9e717e23eceb134edb6bf9b047ea47ae164091e41733672fdfb98f2dd2,53f60f5348404027dc4432c6a742825680f7e859797999bbbc8c162f150f5beb
insertion,211,17,Global-time errors,97009,0,0,2.0,1c06be9e717e23eceb134edb6bf9b047ea47ae164091e41733672fdfb98f2dd2,a2ab439be312ccf68c86cf4e3d4102c58a3ec14c22d17f9d5f5f6c07c97386b8
insertion,211,17,Global-time errors,97010,1,1,4.0,1c06be9e717e23eceb134edb6bf9b047ea47ae164091e41733672fdfb98f2dd2,31ab7900dcd0e53b29f2ba793555b4cbbcce90e63ca07d125affc1f14a5d3875
insertion,211,17,Global-time errors,97011,0,0,3.0,1c06be9e717e23eceb134edb6bf9b047ea47ae164091e41733672fdfb98f2dd2,4ea6bbd9d99c9c26723fd6b9fe8183c72b710ea1f7b4a371f0384ee248124c8c
insertion,211,17,Global-time errors,97012,0,0,3.0,1c06be9e717e23eceb134edb6bf9b047ea47ae164091e41733672fdfb98f2dd2,4dfae322ecd692be50138dc3686f50a73d5cc5a830c1671a79c2f1d335a98790
insertion,211,17,Global-time errors,97013,0,0,1.0,1c06be9e717e23eceb134edb6bf9b047ea47ae164091e41733672fdfb98f2dd2,346af70ade0508f4dd1e6f460fd36f2808b1ed15a37869aa30ba1239f3935709
insertion,211,17,Global-time errors,97014,0,0,3.0,1c06be9e717e23eceb134edb6bf9b047ea47ae164091e41733672fdfb98f2dd2,a8088303fb4e1506cb16b6d1045f63ace15cdbbc7fa9a18ecd98b2fee4f673f0
insertion,211,17,Global-time errors,97015,0,0,3.0,1c06be9e717e23eceb134edb6bf9b047ea47ae164091e41733672fdfb98f2dd2,e7ac24643233fa38ee8daa49fde21b36d4e155f713f4f50b8c6dc0be61696a02
insertion,211,17,Global-time errors,97016,1,1,4.0,1c06be9e717e23eceb134edb6bf9b047ea47ae164091e41733672fdfb98f2dd2,cc05a572a692fd3ebe5425dde5ae00c8da2ffc9e765eb8ee42bc510a6087f28d
insertion,211,17,Global-time errors,97017,1,0,4.0,1c06be9e717e23eceb134edb6bf9b047ea47ae164091e41733672fdfb98f2dd2,aa98d629e123538c7c751b19c46c15836d898d9562787756a78c6a3abccdb06b
insertion,211,17,Global-time errors,97018,0,0,3.0,1c06be9e717e23eceb134edb6bf9b047ea47ae164091e41733672fdfb98f2dd2,ba1739035e5c58a24112d8ba315cb17fe53334e5f7228c1507f68572138f1c1b
insertion,211,17,Global-time errors,97019,1,0,4.0,1c06be9e717e23eceb134edb6bf9b047ea47ae164091e41733672fdfb98f2dd2,8f4d31248b62d68e596d9c32726bbc55527640ad0fba07402f57bb5b859895a0
insertion,211,17,No intermediate backtracking,97000,0,0,3.0,05496011489c9a18c4e19b6eb589ab73a1a3cff715de93b40ffac4e10fc2b45a,a827bc8820f313c25abbe03a69efd0207c0b6eedb27753dd2404a0f32869f357
insertion,211,17,No intermediate backtracking,97001,0,0,1.0,05496011489c9a18c4e19b6eb589ab73a1a3cff715de93b40ffac4e10fc2b45a,4f6ff87bc0e6d07366ed257c960ca32a7f11a8182aadcc02247c16231eb3af06
insertion,211,17,No intermediate backtracking,97002,0,0,3.0,05496011489c9a18c4e19b6eb589ab73a1a3cff715de93b40ffac4e10fc2b45a,01aacbcbd59f12c8064590467e04bf63a52547e494ed94c2ea7a44c532452f0e
insertion,211,17,No intermediate backtracking,97003,1,1,4.0,05496011489c9a18c4e19b6eb589ab73a1a3cff715de93b40ffac4e10fc2b45a,717405d4b0a4bf404fc224d84821cfa1a6d68e497ca2bef90f7780a099209a2a
insertion,211,17,No intermediate backtracking,97004,0,0,3.0,05496011489c9a18c4e19b6eb589ab73a1a3cff715de93b40ffac4e10fc2b45a,f85d717e74f982b89535acf66242de5ea509b3835e0447bd4511deb7bca3e0fd
insertion,211,17,No intermediate backtracking,97005,0,0,3.0,05496011489c9a18c4e19b6eb589ab73a1a3cff715de93b40ffac4e10fc2b45a,804b456b5e45f141dae3ba0dd0166148b72c826ca0a5dc0b204fd644a7942085
insertion,211,17,No intermediate backtracking,97006,0,0,2.0,05496011489c9a18c4e19b6eb589ab73a1a3cff715de93b40ffac4e10fc2b45a,e62b8f1ce9060576b26850921f3d2359166f9b194c6ffc9cce0935c5147ea4ca
insertion,211,17,No intermediate backtracking,97007,0,0,3.0,05496011489c9a18c4e19b6eb589ab73a1a3cff715de93b40ffac4e10fc2b45a,9161aa304a6ee79ce60f2b93137206c618c627b2ccd842f69055d2daf2e68690
insertion,211,17,No intermediate backtracking,97008,1,1,4.0,05496011489c9a18c4e19b6eb589ab73a1a3cff715de93b40ffac4e10fc2b45a,90b066de2c24cc5f740b2808d5be3d59025d7dd16fd58f8c3bf1c4582923ee71
insertion,211,17,No intermediate backtracking,97009,0,0,0.0,05496011489c9a18c4e19b6eb589ab73a1a3cff715de93b40ffac4e10fc2b45a,c7e4e34db86d8edc772b87cf61dd674791730e408794eaa122f5db5de5439e61
insertion,211,17,No intermediate backtracking,97010,0,0,3.0,05496011489c9a18c4e19b6eb589ab73a1a3cff715de93b40ffac4e10fc2b45a,5ea51ab1519b4f653ec6e5fd696294c33f796f71a9d8f3ceaa156b852d5a1295
insertion,211,17,No intermediate backtracking,97011,0,0,3.0,05496011489c9a18c4e19b6eb589ab73a1a3cff715de93b40ffac4e10fc2b45a,e5f27bec96177b765fb920fc8907160d41b33581eb425619437fc5c30ac25bff
insertion,211,17,No intermediate backtracking,97012,1,1,4.0,05496011489c9a18c4e19b6eb589ab73a1a3cff715de93b40ffac4e10fc2b45a,7668006a1a11998234ec8cb2ae71fe63f33f2e845755e4ba6d624cbf388db944
insertion,211,17,No intermediate backtracking,97013,0,0,2.0,05496011489c9a18c4e19b6eb589ab73a1a3cff715de93b40ffac4e10fc2b45a,80b2da2bb99c6122ecce88ec678a001155e35882887476a9ee6306ee2e515b56
insertion,211,17,No intermediate backtracking,97014,0,0,2.0,05496011489c9a18c4e19b6eb589ab73a1a3cff715de93b40ffac4e10fc2b45a,a235411dc51617c28cda393b13e76502fc83db928c91a8aa54120dc383ff6f57
insertion,211,17,No intermediate backtracking,97015,0,0,3.0,05496011489c9a18c4e19b6eb589ab73a1a3cff715de93b40ffac4e10fc2b45a,02ed6b0843a4c9e3e6b9fae6202ca99c63d5a2e45988e3bf87e776139c09862c
insertion,211,17,No intermediate backtracking,97016,0,0,3.0,05496011489c9a18c4e19b6eb589ab73a1a3cff715de93b40ffac4e10fc2b45a,7a9cbc74f63bf23b51c834ce23f2794224e4d0068717f4819bc186ad87365517
insertion,211,17,No intermediate backtracking,97017,1,0,4.0,05496011489c9a18c4e19b6eb589ab73a1a3cff715de93b40ffac4e10fc2b45a,c90970b5fcda09ccbeb2c7ae6a502ba74148d7b42a0e3d26980bfde8c540a7e8
insertion,211,17,No intermediate backtracking,97018,1,0,4.0,05496011489c9a18c4e19b6eb589ab73a1a3cff715de93b40ffac4e10fc2b45a,998560f0e27de632006a43a121a30cd601e3b81bee304668093ef647ab26ac2a
insertion,211,17,No intermediate backtracking,97019,1,0,4.0,05496011489c9a18c4e19b6eb589ab73a1a3cff715de93b40ffac4e10fc2b45a,0ea18fa0133c819a5c757e0168c399d9d76766754617ce43a7a2416cb2a762f6
insertion,211,17,Gaussian CPU budget,97000,1,1,4.0,88355d8a06a44b896b4574492fe504ef3d227146bffb021b0852bb77ab483f73,6d9d305b1a31bda3a9aede4396e1c435250f94091401f3aca902512efc35e753
insertion,211,17,Gaussian CPU budget,97001,0,0,3.0,88355d8a06a44b896b4574492fe504ef3d227146bffb021b0852bb77ab483f73,e27a5db04cec21a3b8f3d5d3224820ca974e6c8f2ec40f61a62c81a887c99265
insertion,211,17,Gaussian CPU budget,97002,1,1,4.0,88355d8a06a44b896b4574492fe504ef3d227146bffb021b0852bb77ab483f73,b5cac67c282dc361a1eb8bb2471de493a847b72e3ff912145ee2289f0224f4b5
insertion,211,17,Gaussian CPU budget,97003,0,0,3.0,88355d8a06a44b896b4574492fe504ef3d227146bffb021b0852bb77ab483f73,0e8a38c1cbfe6c10508a7c376348ef6b29a137640515e0ff60df879c68184749
insertion,211,17,Gaussian CPU budget,97004,1,1,4.0,88355d8a06a44b896b4574492fe504ef3d227146bffb021b0852bb77ab483f73,ffb70288f568fd44ffa3d957647364b22cccc313de9ed674253461cd38532b3b
insertion,211,17,Gaussian CPU budget,97005,0,0,2.0,88355d8a06a44b896b4574492fe504ef3d227146bffb021b0852bb77ab483f73,354dd29d6352d4625b5fda797d4e7f31fcdce7375b9cea96890838f583a6beb1
insertion,211,17,Gaussian CPU budget,97006,0,0,3.0,88355d8a06a44b896b4574492fe504ef3d227146bffb021b0852bb77ab483f73,d6df54132bfaccf34088d62b7b640a38793c638fa46e5fdc2eedb4c7be585e81
insertion,211,17,Gaussian CPU budget,97007,1,1,4.0,88355d8a06a44b896b4574492fe504ef3d227146bffb021b0852bb77ab483f73,8b68b54e0ca606326e63c14c7d95c16f8cc623c7e7aa0098834f791ee1c16226
insertion,211,17,Gaussian CPU budget,97008,1,1,4.0,88355d8a06a44b896b4574492fe504ef3d227146bffb021b0852bb77ab483f73,301eb74f1e926f7fa3ca00c33bfa1987869a29383d0f391441dd24d7c287e204
insertion,211,17,Gaussian CPU budget,97009,1,1,4.0,88355d8a06a44b896b4574492fe504ef3d227146bffb021b0852bb77ab483f73,b3d1fe05d34e3143f0670a79db6fd47e17709351ab2d0930c133175a5f3f3074
insertion,211,17,Gaussian CPU budget,97010,1,1,4.0,88355d8a06a44b896b4574492fe504ef3d227146bffb021b0852bb77ab483f73,ce26c5f1897582abeaf4b7f5a4c9306f0a9107fb14307031c4d138618de83b20
insertion,211,17,Gaussian CPU budget,97011,0,0,3.0,88355d8a06a44b896b4574492fe504ef3d227146bffb021b0852bb77ab483f73,51ac6f7dc42c5354e6d04ee88afc630f6eeac470713ee57841b96027b387fb9b
insertion,211,17,Gaussian CPU budget,97012,1,1,4.0,88355d8a06a44b896b4574492fe504ef3d227146bffb021b0852bb77ab483f73,8617f409d5f27704708929408d6b0756ffaee0459d0df09036a5fdce96c530ca
insertion,211,17,Gaussian CPU budget,97013,0,0,3.0,88355d8a06a44b896b4574492fe504ef3d227146bffb021b0852bb77ab483f73,d7e2f3ed095df600ca4cc285b970e617e380d1cbe85cd93464410a0991b609ae
insertion,211,17,Gaussian CPU budget,97014,0,0,3.0,88355d8a06a44b896b4574492fe504ef3d227146bffb021b0852bb77ab483f73,4f0b9c058744029a1ce67d8927ce386a2a8f276c8e9f91c58e46e2ba1f232036
insertion,211,17,Gaussian CPU budget,97015,1,1,4.0,88355d8a06a44b896b4574492fe504ef3d227146bffb021b0852bb77ab483f73,2644d978ddddf3b3a4907bd771ecb02c2745ba9569094e485387fad1739d8229
insertion,211,17,Gaussian CPU budget,97016,1,1,4.0,88355d8a06a44b896b4574492fe504ef3d227146bffb021b0852bb77ab483f73,0801bea3e7137e677d7f05df509bc6c22ead9477f327a1781516a412ff7cee76
insertion,211,17,Gaussian CPU budget,97017,1,1,4.0,88355d8a06a44b896b4574492fe504ef3d227146bffb021b0852bb77ab483f73,e867282d7963bb5a03bc0e7bb7f8fdc21bf5f2ad10d4a7fd0292334ea3eca1d1
insertion,211,17,Gaussian CPU budget,97018,0,0,3.0,88355d8a06a44b896b4574492fe504ef3d227146bffb021b0852bb77ab483f73,4534ae4d98276bee4b6b93d70165e5734cbd975cd75e602477536a7e2ee3b323
insertion,211,17,Gaussian CPU budget,97019,1,1,4.0,88355d8a06a44b896b4574492fe504ef3d227146bffb021b0852bb77ab483f73,76a7f1db4f992434d1a66b3b731d17d01a3c7ca4d5a9f45b8a25c5178d5eddc6
insertion,211,29,Clean repeat,97000,1,0,4.0,d5ea90aba3fb10d32d11492063dd7681997f2683db0027426f167ec762dcb67b,899fbc69b8a3f1e1df4828bf0fa5857af3aa6d2ce9eb56f172917f92a1b04fe2
insertion,211,29,Clean repeat,97001,0,0,3.0,d5ea90aba3fb10d32d11492063dd7681997f2683db0027426f167ec762dcb67b,3f1575924c5d8a86a3a3db15abab58bce4cb8ab6aa3643904888ee775b122351
insertion,211,29,Clean repeat,97002,1,0,4.0,d5ea90aba3fb10d32d11492063dd7681997f2683db0027426f167ec762dcb67b,d90a31cdee503486bbc1adcfb885f86ebca64b9d905a497867071d9126b6b5e0
insertion,211,29,Clean repeat,97003,0,0,0.0,d5ea90aba3fb10d32d11492063dd7681997f2683db0027426f167ec762dcb67b,1507d8f14942ff98e2294097f785f07d134eeb4f40e5b88ac33509b0c87160f4
insertion,211,29,Clean repeat,97004,0,0,3.0,d5ea90aba3fb10d32d11492063dd7681997f2683db0027426f167ec762dcb67b,8b4278918816c339d43062f4ab3b09186e91bcfc40f93635cfd984eb688eea43
insertion,211,29,Clean repeat,97005,1,0,4.0,d5ea90aba3fb10d32d11492063dd7681997f2683db0027426f167ec762dcb67b,f9868a0677b07df084e980a2a194627154b5acea913a0839460eeed26fb6d160
insertion,211,29,Clean repeat,97006,0,0,0.0,d5ea90aba3fb10d32d11492063dd7681997f2683db0027426f167ec762dcb67b,c02e40edf0726ae59338b324baec3021d35d78fdbc838c1e44c6788e0fedd1dd
insertion,211,29,Clean repeat,97007,0,0,2.0,d5ea90aba3fb10d32d11492063dd7681997f2683db0027426f167ec762dcb67b,921f812b6d20fe2b55c2e3f7186f42078e2ce451af3f68b40d8d36d566a19cfc
insertion,211,29,Clean repeat,97008,0,0,3.0,d5ea90aba3fb10d32d11492063dd7681997f2683db0027426f167ec762dcb67b,7542ffed544d0befca03d0f8334e66f724ade77ba8b24b02bdd0beefc04f6c00
insertion,211,29,Clean repeat,97009,1,0,4.0,d5ea90aba3fb10d32d11492063dd7681997f2683db0027426f167ec762dcb67b,35359f0978ee83d048c4107cba61015f3ac668d504a9009b5e6b9d7f91f3d806
insertion,211,29,Clean repeat,97010,0,0,0.0,d5ea90aba3fb10d32d11492063dd7681997f2683db0027426f167ec762dcb67b,2faa25576793cfc5d9051f2056cb55452e752e70edcfda9b0773fdf8ebf49491
insertion,211,29,Clean repeat,97011,0,0,3.0,d5ea90aba3fb10d32d11492063dd7681997f2683db0027426f167ec762dcb67b,28cd82d1c89043598bfa543d45c4efb11d4676bc3236856f8e38c5de6efa3b65
insertion,211,29,Clean repeat,97012,0,0,3.0,d5ea90aba3fb10d32d11492063dd7681997f2683db0027426f167ec762dcb67b,11521d8c333ac91bdd4dfbb0d76ae16a0cc9a92f710c046d7c98e505c1f825b0
insertion,211,29,Clean repeat,97013,0,0,1.0,d5ea90aba3fb10d32d11492063dd7681997f2683db0027426f167ec762dcb67b,37ef3f50285d20dffb3c1994cd0beb8f645ad7c3d8593e33ebcb0a0909286af3
insertion,211,29,Clean repeat,97014,0,0,0.0,d5ea90aba3fb10d32d11492063dd7681997f2683db0027426f167ec762dcb67b,c100cd37fd58c83913c5dfd9c1d42948d5ef17e870dde0603b9703f3b259b18f
insertion,211,29,Clean repeat,97015,1,0,4.0,d5ea90aba3fb10d32d11492063dd7681997f2683db0027426f167ec762dcb67b,8d58ced121066989dcfaba621e216bf685cd2917f1cb3fb42a344593011ee917
insertion,211,29,Clean repeat,97016,1,0,4.0,d5ea90aba3fb10d32d11492063dd7681997f2683db0027426f167ec762dcb67b,84c4fd2551760411ffb936688882a19a500e487c5139f5cc1fdf5d1c36fd7f28
insertion,211,29,Clean repeat,97017,0,0,3.0,d5ea90aba3fb10d32d11492063dd7681997f2683db0027426f167ec762dcb67b,db5184fb83a3411107f683710ed01821c3c560d7eeab095ddc47ae24474a593d
insertion,211,29,Clean repeat,97018,0,0,1.0,d5ea90aba3fb10d32d11492063dd7681997f2683db0027426f167ec762dcb67b,4f1283c8d33d6926e2270e530b46cfa2dfe10b54bf8b008735d85f07a3b90b7c
insertion,211,29,Clean repeat,97019,1,0,4.0,d5ea90aba3fb10d32d11492063dd7681997f2683db0027426f167ec762dcb67b,c02978fff29fe3f759e3014b13d5a8d590bbe45e80d592387ced0352adf77682
insertion,211,29,SCANA-R,97000,1,1,4.0,18ab200de12ef1d0f0960b92ba59bae79886db68337a8bc760c803d4eaebdfc9,17d2cdfe6f32809b0828c5509b69f8c20bd488b64d293c9b3cec901b4b744a4f
insertion,211,29,SCANA-R,97001,0,0,2.0,18ab200de12ef1d0f0960b92ba59bae79886db68337a8bc760c803d4eaebdfc9,004857ebfeaa54697f8a8e2441e28f653da34072905d78583f11194ce085b01f
insertion,211,29,SCANA-R,97002,0,0,3.0,18ab200de12ef1d0f0960b92ba59bae79886db68337a8bc760c803d4eaebdfc9,6b23c3466b314fca1b8f18e22b59e404bebaf66f766d1735d2bf48c7202c210c
insertion,211,29,SCANA-R,97003,0,0,2.0,18ab200de12ef1d0f0960b92ba59bae79886db68337a8bc760c803d4eaebdfc9,1dcdd1b9a9f4e6f572946d4a12662acfaca86230d89ffd5676ae91a4d4cba356
insertion,211,29,SCANA-R,97004,0,0,3.0,18ab200de12ef1d0f0960b92ba59bae79886db68337a8bc760c803d4eaebdfc9,8b22540c1bae993b05c41ecaee69fb48ee9f58eee6baf7dae85e1aa6a31fd2e7
insertion,211,29,SCANA-R,97005,1,1,4.0,18ab200de12ef1d0f0960b92ba59bae79886db68337a8bc760c803d4eaebdfc9,e725684b96cb981fea38ec682a937a9042667a48d91403d67c582cb529f2c2dc
insertion,211,29,SCANA-R,97006,0,0,3.0,18ab200de12ef1d0f0960b92ba59bae79886db68337a8bc760c803d4eaebdfc9,86a3e33a4b67c3535f937b322998996e9ca3a739d4c42a49bc4b7004964bfa90
insertion,211,29,SCANA-R,97007,0,0,3.0,18ab200de12ef1d0f0960b92ba59bae79886db68337a8bc760c803d4eaebdfc9,37d0ca3153acf51dc05e114fea5686c9750a58e2b937ecb7243eed744fb1812f
insertion,211,29,SCANA-R,97008,1,1,4.0,18ab200de12ef1d0f0960b92ba59bae79886db68337a8bc760c803d4eaebdfc9,af0e0800b1caf9616348c178c982b749b18bd490b9d1ac6588954d66bd5f0e80
insertion,211,29,SCANA-R,97009,1,1,4.0,18ab200de12ef1d0f0960b92ba59bae79886db68337a8bc760c803d4eaebdfc9,8f6ff7c426449d33a0a373a557e83b2380679911304c345e18922609170cc135
insertion,211,29,SCANA-R,97010,0,0,3.0,18ab200de12ef1d0f0960b92ba59bae79886db68337a8bc760c803d4eaebdfc9,9280235ea8a5717f7f33b0ac917ff3a6964ef742f89454989156c7bea6244877
insertion,211,29,SCANA-R,97011,1,1,4.0,18ab200de12ef1d0f0960b92ba59bae79886db68337a8bc760c803d4eaebdfc9,1e118f1016e3e4c7f37f15a4b7c9fb3cf29d7715de7daa1b6f3c6ed5a09ff026
insertion,211,29,SCANA-R,97012,1,1,4.0,18ab200de12ef1d0f0960b92ba59bae79886db68337a8bc760c803d4eaebdfc9,b23006ba5e9d7456e94388aa8a11c885a4a510bdcb3e8eaf5dcb8fbbd44a3eb6
insertion,211,29,SCANA-R,97013,0,0,2.0,18ab200de12ef1d0f0960b92ba59bae79886db68337a8bc760c803d4eaebdfc9,402eed615afb424410669f5c97ccee8247f26885d632b44b1d3ae328b2966be7
insertion,211,29,SCANA-R,97014,0,0,3.0,18ab200de12ef1d0f0960b92ba59bae79886db68337a8bc760c803d4eaebdfc9,1d6d19bc504fc362b4d421cd2a7488c98bc310f5dbec277d5b3f7f2b1b606eed
insertion,211,29,SCANA-R,97015,1,1,4.0,18ab200de12ef1d0f0960b92ba59bae79886db68337a8bc760c803d4eaebdfc9,32f0f2a77608aabe4b5facb84ef53808a905e97ecc12cb363c70309587efbf1b
insertion,211,29,SCANA-R,97016,1,1,4.0,18ab200de12ef1d0f0960b92ba59bae79886db68337a8bc760c803d4eaebdfc9,8e7d223f4be2b206f272e2660f6b0e9b7c30973b9e7b95b121de70d9049a1c99
insertion,211,29,SCANA-R,97017,1,1,4.0,18ab200de12ef1d0f0960b92ba59bae79886db68337a8bc760c803d4eaebdfc9,d6e2151a65575f67862097760917da8628546242b560f744fe3833a50f030951
insertion,211,29,SCANA-R,97018,1,1,4.0,18ab200de12ef1d0f0960b92ba59bae79886db68337a8bc760c803d4eaebdfc9,56cc8afc9a4fbf1d37577d7022b497af3cb7abc702b879ad1593994a436b9e69
insertion,211,29,SCANA-R,97019,1,1,4.0,18ab200de12ef1d0f0960b92ba59bae79886db68337a8bc760c803d4eaebdfc9,3ad24b9b42caabe759d6a229543fecb8e60380962217e971655c734516d1323c
insertion,211,29,Gaussian recovery,97000,1,1,4.0,5ee9e13645d4a4452347b195a9be3c42a40d72d617014d54917966f33594ca92,0744cf6b29f9aba4e4c678efdf0efe6aa11c9a4c5ea1a234d9275769286722b8
insertion,211,29,Gaussian recovery,97001,0,0,2.0,5ee9e13645d4a4452347b195a9be3c42a40d72d617014d54917966f33594ca92,3a4263c8215a21cf0d916bd709ca16e2f6d351209b30276c92d510e5716811ca
insertion,211,29,Gaussian recovery,97002,1,1,4.0,5ee9e13645d4a4452347b195a9be3c42a40d72d617014d54917966f33594ca92,5b17337db77700fb8423fd33f17f4edea6ef768261f40782b68f4d1e0f370bb4
insertion,211,29,Gaussian recovery,97003,0,0,2.0,5ee9e13645d4a4452347b195a9be3c42a40d72d617014d54917966f33594ca92,67922e021325a3b1b47cb6b49fae18deeb0d61f011201fece00aa56fd991c8dd
insertion,211,29,Gaussian recovery,97004,1,1,4.0,5ee9e13645d4a4452347b195a9be3c42a40d72d617014d54917966f33594ca92,e71a2fe92da66f0895727902a38ff80494cb9bc006f5638e4d5bf694710f011a
insertion,211,29,Gaussian recovery,97005,1,1,4.0,5ee9e13645d4a4452347b195a9be3c42a40d72d617014d54917966f33594ca92,670dac6e1c3125950e411c2e2ab07043f9e0dcbd3b352c3353be5d917600d102
insertion,211,29,Gaussian recovery,97006,0,0,3.0,5ee9e13645d4a4452347b195a9be3c42a40d72d617014d54917966f33594ca92,53ad79aa036f53f344c2e8ef2f5f310148a97a17fd592cca3ce119ebdfe08de6
insertion,211,29,Gaussian recovery,97007,0,0,3.0,5ee9e13645d4a4452347b195a9be3c42a40d72d617014d54917966f33594ca92,bd75593c455967d2c89098c340137704e4af403c25139351f14fb8b6ab54211c
insertion,211,29,Gaussian recovery,97008,0,0,2.0,5ee9e13645d4a4452347b195a9be3c42a40d72d617014d54917966f33594ca92,96f49a0b011c4c26fcdf968b0cf951e68d50541ed318a45c891ca173d6dea759
insertion,211,29,Gaussian recovery,97009,1,0,4.0,5ee9e13645d4a4452347b195a9be3c42a40d72d617014d54917966f33594ca92,46be8ce56e3675e5947798764cbf212f791fedc19cd079a9ccd10f3cb6693f12
insertion,211,29,Gaussian recovery,97010,0,0,3.0,5ee9e13645d4a4452347b195a9be3c42a40d72d617014d54917966f33594ca92,2e816f8590eb866697b0fc67240cec855750c36fef9c68a98b5257e82066c327
insertion,211,29,Gaussian recovery,97011,0,0,3.0,5ee9e13645d4a4452347b195a9be3c42a40d72d617014d54917966f33594ca92,0cc9603a8842656da258e079987bd0dede6af5eec9769c0be28cb4224375b56f
insertion,211,29,Gaussian recovery,97012,0,0,3.0,5ee9e13645d4a4452347b195a9be3c42a40d72d617014d54917966f33594ca92,6dbe64bb46198a4c0c65dd51f0e407afcf276f9e88856a1ec5c116c21ed50168
insertion,211,29,Gaussian recovery,97013,0,0,2.0,5ee9e13645d4a4452347b195a9be3c42a40d72d617014d54917966f33594ca92,348a41669f27a5997232c45fae0f73e54c373340c9c673a688833c552d839367
insertion,211,29,Gaussian recovery,97014,1,1,4.0,5ee9e13645d4a4452347b195a9be3c42a40d72d617014d54917966f33594ca92,2d9b84863189dcd4bd46d40328a3c41e633c5bd1b84ac38dd86a8da831da4e43
insertion,211,29,Gaussian recovery,97015,0,0,3.0,5ee9e13645d4a4452347b195a9be3c42a40d72d617014d54917966f33594ca92,9b644017383853ef296e67ab0a91ecba05cb75a5cc130a6c710b1cf896c609b1
insertion,211,29,Gaussian recovery,97016,1,1,4.0,5ee9e13645d4a4452347b195a9be3c42a40d72d617014d54917966f33594ca92,d4235b7039304d260f20ffc125e39c314afa323c0dab9e0f5ff7cc57f9ed9df7
insertion,211,29,Gaussian recovery,97017,0,0,3.0,5ee9e13645d4a4452347b195a9be3c42a40d72d617014d54917966f33594ca92,0cb42ceb5b6df3b318e358908b0951fe4f4101d6cc5d6fedc40d6c9bd6a790ff
insertion,211,29,Gaussian recovery,97018,1,1,4.0,5ee9e13645d4a4452347b195a9be3c42a40d72d617014d54917966f33594ca92,8a0550f16d2aea7b401f1eef2e153c42c447000519a2405f6a7b65a52933f977
insertion,211,29,Gaussian recovery,97019,1,1,4.0,5ee9e13645d4a4452347b195a9be3c42a40d72d617014d54917966f33594ca92,5de5630aa6954b5410cec3edca8f5fce8d7ca3167e07d6fe535bee81aa3b2eb3
insertion,211,29,No cross-fitting,97000,1,1,4.0,440679e7948c9a203944a27aa23d34c3c02b643cf36ed4ebcd34975aea586f86,48902f2580e6914d37b882297bd8ac2ab56e78c6832009cd27685db938605266
insertion,211,29,No cross-fitting,97001,0,0,0.0,440679e7948c9a203944a27aa23d34c3c02b643cf36ed4ebcd34975aea586f86,851aaf3abc719cd846196079a248296516bc54b9862b53cf2f5533bf621b4a39
insertion,211,29,No cross-fitting,97002,1,1,4.0,440679e7948c9a203944a27aa23d34c3c02b643cf36ed4ebcd34975aea586f86,40943ed672b034222e02388453ecb0ad52bbcfc7848091914d5cf52c062457d6
insertion,211,29,No cross-fitting,97003,0,0,3.0,440679e7948c9a203944a27aa23d34c3c02b643cf36ed4ebcd34975aea586f86,ecec30902f38108816745490d6e4ae8474d11bc632cb831e97f72d6e1020419d
insertion,211,29,No cross-fitting,97004,0,0,3.0,440679e7948c9a203944a27aa23d34c3c02b643cf36ed4ebcd34975aea586f86,63095efe18543400ce83557c1544b5e8652420e0087330c07c6665edafc360a9
insertion,211,29,No cross-fitting,97005,1,1,4.0,440679e7948c9a203944a27aa23d34c3c02b643cf36ed4ebcd34975aea586f86,c30331ada5e8d69d2f832d6d306e1477653a48a4712e4b13f7f738ff9aca6a08
insertion,211,29,No cross-fitting,97006,1,1,4.0,440679e7948c9a203944a27aa23d34c3c02b643cf36ed4ebcd34975aea586f86,7bfcbf29234b1dbf2ab438994ad67475b8afac79af7b3787e26615d179335adf
insertion,211,29,No cross-fitting,97007,1,1,4.0,440679e7948c9a203944a27aa23d34c3c02b643cf36ed4ebcd34975aea586f86,cef98e4da13433433517b8aa041813b8dfec9a4ce388d873a42f0795d5784569
insertion,211,29,No cross-fitting,97008,1,1,4.0,440679e7948c9a203944a27aa23d34c3c02b643cf36ed4ebcd34975aea586f86,4df01a308639cdfbdd5398eae044b8b8b409e8894de560221e00be3478a912e3
insertion,211,29,No cross-fitting,97009,1,1,4.0,440679e7948c9a203944a27aa23d34c3c02b643cf36ed4ebcd34975aea586f86,ef172a0a91658782b027a17ebff773dbcdbcf60087fad4aed794cd9c9f5ead04
insertion,211,29,No cross-fitting,97010,0,0,3.0,440679e7948c9a203944a27aa23d34c3c02b643cf36ed4ebcd34975aea586f86,0bdffb381796c8c9334a2c18f9dfb7806293db07b0006192907ffd903530299b
insertion,211,29,No cross-fitting,97011,1,1,4.0,440679e7948c9a203944a27aa23d34c3c02b643cf36ed4ebcd34975aea586f86,c85fd7f750213ff3f3898442d9ddbcd2580e9d102d6197b46042084f46a9b343
insertion,211,29,No cross-fitting,97012,1,1,4.0,440679e7948c9a203944a27aa23d34c3c02b643cf36ed4ebcd34975aea586f86,f4956254a5f4dbc1382b45726099165bf8ac0984da559eff874f67825cafeb14
insertion,211,29,No cross-fitting,97013,0,0,1.0,440679e7948c9a203944a27aa23d34c3c02b643cf36ed4ebcd34975aea586f86,56c530ce64b6d48f4c128cf0a09c87860a4ab694bc2637936ecb218924cbb352
insertion,211,29,No cross-fitting,97014,1,1,4.0,440679e7948c9a203944a27aa23d34c3c02b643cf36ed4ebcd34975aea586f86,94125cbf405b06aee3ba4e27ec1dfea34f4f0d4788be77bcf2dff73d768a4f50
insertion,211,29,No cross-fitting,97015,1,1,4.0,440679e7948c9a203944a27aa23d34c3c02b643cf36ed4ebcd34975aea586f86,6942d398b4fdfa31fda79b91da86c9ce277b618f46af8e3e83022486898ed4e9
insertion,211,29,No cross-fitting,97016,1,1,4.0,440679e7948c9a203944a27aa23d34c3c02b643cf36ed4ebcd34975aea586f86,0ec42e05b81cfb86c87a064ab3360963acc22a6c2e0c98394bdea4a0840db8fc
insertion,211,29,No cross-fitting,97017,1,0,4.0,440679e7948c9a203944a27aa23d34c3c02b643cf36ed4ebcd34975aea586f86,bb872052aa8f08737628aa508fe23c35e91dcfbe46edf42f1c5927ec9e229e39
insertion,211,29,No cross-fitting,97018,1,1,4.0,440679e7948c9a203944a27aa23d34c3c02b643cf36ed4ebcd34975aea586f86,accea7ce824ab399b22a250e7db5344fa196ff8d8073a0a6cfb64f8e75d97af6
insertion,211,29,No cross-fitting,97019,1,1,4.0,440679e7948c9a203944a27aa23d34c3c02b643cf36ed4ebcd34975aea586f86,41a91b108612a9953620616b18451ba33bd1146b9ecbd1ef78236e6febd5a3dc
insertion,211,29,Global-time errors,97000,1,1,4.0,0dc553758784c0fd6592ee1e9038f0ab0aaf761a2d9bf79c0dfcc4f3df971e79,a05f3be93c4274f48c9e1cacea43291d03e25b99f231fd5ac52780b9388823eb
insertion,211,29,Global-time errors,97001,0,0,2.0,0dc553758784c0fd6592ee1e9038f0ab0aaf761a2d9bf79c0dfcc4f3df971e79,19e44095651d5e9e8ab35248389fb06d7d2fb6b782db5f63b65086b288d76f0b
insertion,211,29,Global-time errors,97002,0,0,3.0,0dc553758784c0fd6592ee1e9038f0ab0aaf761a2d9bf79c0dfcc4f3df971e79,c8a561cd8846413f8766eab6b3c26759a0675fab9c4211cee8c37ad99fb30ca0
insertion,211,29,Global-time errors,97003,0,0,2.0,0dc553758784c0fd6592ee1e9038f0ab0aaf761a2d9bf79c0dfcc4f3df971e79,b94fb76fb13756c89fcbb537e6a7307f4ed64b86a79a93f09e48a74a983f5854
insertion,211,29,Global-time errors,97004,1,1,4.0,0dc553758784c0fd6592ee1e9038f0ab0aaf761a2d9bf79c0dfcc4f3df971e79,4deed4c60a3112940280334f127386d37eab9b4d9c450d21fab1ffdaee111373
insertion,211,29,Global-time errors,97005,1,1,4.0,0dc553758784c0fd6592ee1e9038f0ab0aaf761a2d9bf79c0dfcc4f3df971e79,045f4ae09295cc3ea12b42f309e372c1fc09b6b99d2b409b90c9ccfaf7e2ef63
insertion,211,29,Global-time errors,97006,0,0,3.0,0dc553758784c0fd6592ee1e9038f0ab0aaf761a2d9bf79c0dfcc4f3df971e79,cceab20a8143e6af0b0e676603b431db75ae65fcf2ac09f1f1c3c584aeda0756
insertion,211,29,Global-time errors,97007,1,1,4.0,0dc553758784c0fd6592ee1e9038f0ab0aaf761a2d9bf79c0dfcc4f3df971e79,1e16a641446b30f37514361c40647d01487a6f8242322ce8cf8e42af12630b3f
insertion,211,29,Global-time errors,97008,1,1,4.0,0dc553758784c0fd6592ee1e9038f0ab0aaf761a2d9bf79c0dfcc4f3df971e79,011bd1dde1ad9b0af460ef8afcaf642a8f953d941af24cfaca90ff03c304444c
insertion,211,29,Global-time errors,97009,1,1,4.0,0dc553758784c0fd6592ee1e9038f0ab0aaf761a2d9bf79c0dfcc4f3df971e79,e832a2e2318b630a17879caf17639959d96ec64643090c34d8f9d8338c8e1bd3
insertion,211,29,Global-time errors,97010,1,1,4.0,0dc553758784c0fd6592ee1e9038f0ab0aaf761a2d9bf79c0dfcc4f3df971e79,a491644942d86cfc8d17e26f246090aba36d1441bde00f42ac7e30c20dc4a696
insertion,211,29,Global-time errors,97011,0,0,3.0,0dc553758784c0fd6592ee1e9038f0ab0aaf761a2d9bf79c0dfcc4f3df971e79,d5141f5d754ce5112ba193d215301c340b6cd34482a9f2d7be77c12eab7c6483
insertion,211,29,Global-time errors,97012,0,0,3.0,0dc553758784c0fd6592ee1e9038f0ab0aaf761a2d9bf79c0dfcc4f3df971e79,7487887f9336634ca5009f253546bc4f9792a29f25032ff1fdf73bd014f702fb
insertion,211,29,Global-time errors,97013,0,0,1.0,0dc553758784c0fd6592ee1e9038f0ab0aaf761a2d9bf79c0dfcc4f3df971e79,b755599c306ccb8def108a109b8c099ac9a3225ee934512f1cda2a0e3aa68755
insertion,211,29,Global-time errors,97014,1,1,4.0,0dc553758784c0fd6592ee1e9038f0ab0aaf761a2d9bf79c0dfcc4f3df971e79,dd1818ac222d958a37056972a5c2210b9cbe1122ef29a2364d266d3f873886f8
insertion,211,29,Global-time errors,97015,0,0,3.0,0dc553758784c0fd6592ee1e9038f0ab0aaf761a2d9bf79c0dfcc4f3df971e79,88d031098d354a2bb88fd5248d4e56b5aeba75a6019b735b07ce59956093a1d8
insertion,211,29,Global-time errors,97016,1,1,4.0,0dc553758784c0fd6592ee1e9038f0ab0aaf761a2d9bf79c0dfcc4f3df971e79,28642c9cacb5df14bea0f09bf72983b1d61165e59b249bba5b44209de236dcb5
insertion,211,29,Global-time errors,97017,1,1,4.0,0dc553758784c0fd6592ee1e9038f0ab0aaf761a2d9bf79c0dfcc4f3df971e79,2346052512fea58a2da29f9a8a982860e486a81b2bf0e0db42de0adcdc58d0d0
insertion,211,29,Global-time errors,97018,0,0,3.0,0dc553758784c0fd6592ee1e9038f0ab0aaf761a2d9bf79c0dfcc4f3df971e79,c312bb877afd78f6ddacc80261d692f079a8a71d4512ab496886c338a5cacac1
insertion,211,29,Global-time errors,97019,1,1,4.0,0dc553758784c0fd6592ee1e9038f0ab0aaf761a2d9bf79c0dfcc4f3df971e79,c948caaa4290a755dac3b099b59e4e75f87ffd6fb305287c12a9e7a51267c556
insertion,211,29,No intermediate backtracking,97000,1,1,4.0,08cef30be32326b060ceb59eda9dd48d40ca0ec4ce61a20883ae3f5b0c3ddd06,b6f6f2d8bd1a905e229e78e6856cc533a096251bb323c976837513d8b205ac6b
insertion,211,29,No intermediate backtracking,97001,0,0,1.0,08cef30be32326b060ceb59eda9dd48d40ca0ec4ce61a20883ae3f5b0c3ddd06,dc8093112a8aec43957f5d81689aedb8d8339795b00897a6389986cdc136ab8e
insertion,211,29,No intermediate backtracking,97002,0,0,2.0,08cef30be32326b060ceb59eda9dd48d40ca0ec4ce61a20883ae3f5b0c3ddd06,3eccce6ca17f2e21455f8b4deaba63ca11e742a063a38276d0fb324a6abafbd6
insertion,211,29,No intermediate backtracking,97003,0,0,3.0,08cef30be32326b060ceb59eda9dd48d40ca0ec4ce61a20883ae3f5b0c3ddd06,eaecbda3e37bbad4ef4578aa072f0a21660ec50f01a0028f2c6104e9db762420
insertion,211,29,No intermediate backtracking,97004,1,1,4.0,08cef30be32326b060ceb59eda9dd48d40ca0ec4ce61a20883ae3f5b0c3ddd06,47d586d8792bbd1471e624ccd3bab35b513fc30240a45793739fbd065fcebd59
insertion,211,29,No intermediate backtracking,97005,1,1,4.0,08cef30be32326b060ceb59eda9dd48d40ca0ec4ce61a20883ae3f5b0c3ddd06,19c873e1ef429990065c4d58c8420edf937825a14dfe0e9a88037cb42f7de260
insertion,211,29,No intermediate backtracking,97006,0,0,2.0,08cef30be32326b060ceb59eda9dd48d40ca0ec4ce61a20883ae3f5b0c3ddd06,4631f856e2711dd443d8787b68dfab73183ced3d472511602a90454aeee44868
insertion,211,29,No intermediate backtracking,97007,1,1,4.0,08cef30be32326b060ceb59eda9dd48d40ca0ec4ce61a20883ae3f5b0c3ddd06,60fe4895dc4d205d18a07bb772d8e02ef05193c5842ea40a0a6f6fe33fb47d10
insertion,211,29,No intermediate backtracking,97008,1,1,4.0,08cef30be32326b060ceb59eda9dd48d40ca0ec4ce61a20883ae3f5b0c3ddd06,308eb3967e779aa40b16873809afee6c90c6a4ba4705e2137d0f93a09f199c35
insertion,211,29,No intermediate backtracking,97009,1,1,4.0,08cef30be32326b060ceb59eda9dd48d40ca0ec4ce61a20883ae3f5b0c3ddd06,4b2277c8ccad7bd5c3e7db58acb457654192966133a7c53180fc2f3359501d9d
insertion,211,29,No intermediate backtracking,97010,0,0,3.0,08cef30be32326b060ceb59eda9dd48d40ca0ec4ce61a20883ae3f5b0c3ddd06,48b659d67dfcd9f51f8a1b16bb4907990b082fd083d8b5edbc55f0b9583cf59a
insertion,211,29,No intermediate backtracking,97011,1,1,4.0,08cef30be32326b060ceb59eda9dd48d40ca0ec4ce61a20883ae3f5b0c3ddd06,3fec2773fdd80b03260c76de5c9754f5c75ba3a10e268daa868714460bd73e52
insertion,211,29,No intermediate backtracking,97012,1,1,4.0,08cef30be32326b060ceb59eda9dd48d40ca0ec4ce61a20883ae3f5b0c3ddd06,7ab3c7d056637050f58ffd3f619684c24e9e28858570bd769aef5209e22a4df5
insertion,211,29,No intermediate backtracking,97013,0,0,1.0,08cef30be32326b060ceb59eda9dd48d40ca0ec4ce61a20883ae3f5b0c3ddd06,cba897343ef4fcebf51b3532ecea2723751192ca11961bbea9ac062544dce1c1
insertion,211,29,No intermediate backtracking,97014,1,1,4.0,08cef30be32326b060ceb59eda9dd48d40ca0ec4ce61a20883ae3f5b0c3ddd06,4be5a26856824755be7baeea5aff7ecd1d96e7926228d0b304cae8713370c5b6
insertion,211,29,No intermediate backtracking,97015,0,0,3.0,08cef30be32326b060ceb59eda9dd48d40ca0ec4ce61a20883ae3f5b0c3ddd06,2ddcecd699b1fd49450e92128e7a9b3b5ef5b57dcbef855f0a6946383cae485d
insertion,211,29,No intermediate backtracking,97016,1,0,4.0,08cef30be32326b060ceb59eda9dd48d40ca0ec4ce61a20883ae3f5b0c3ddd06,f4de0cdb9c8688acd9c642fb22d2fc3a633f05fd7d9c2964258af3b0b7ddd966
insertion,211,29,No intermediate backtracking,97017,0,0,1.0,08cef30be32326b060ceb59eda9dd48d40ca0ec4ce61a20883ae3f5b0c3ddd06,dcc7b20849a1e1f97f7112cb6c16f04f31088b496dfa111e0b5a2f972ba55d84
insertion,211,29,No intermediate backtracking,97018,1,1,4.0,08cef30be32326b060ceb59eda9dd48d40ca0ec4ce61a20883ae3f5b0c3ddd06,f10cedd0c860f203dcfc49818721481897975b7fc1356042bf7534bf34482504
insertion,211,29,No intermediate backtracking,97019,1,1,4.0,08cef30be32326b060ceb59eda9dd48d40ca0ec4ce61a20883ae3f5b0c3ddd06,f25a47b352d146d12f1c2aacb7ac5fb63a358fda3a64e43cc83c7d071e6a9d6b
insertion,211,29,Gaussian CPU budget,97000,0,0,3.0,fbb603d6eaa61f9b89705075b28a0381cab62b0e7585e7a064cb889da8eb8a04,c0a0738d9c11b2f51715e9b7ac04ddbd032ff29603b0ccf386d9b3689f06bcde
insertion,211,29,Gaussian CPU budget,97001,0,0,3.0,fbb603d6eaa61f9b89705075b28a0381cab62b0e7585e7a064cb889da8eb8a04,6b8124b6ed73e798907248b892f14eeec2000db4b464ea9a896f0460452e644c
insertion,211,29,Gaussian CPU budget,97002,0,0,2.0,fbb603d6eaa61f9b89705075b28a0381cab62b0e7585e7a064cb889da8eb8a04,f339e874ea49fdf961051b587122093a7e13be1d340efad1bb3cc4cebca14b13
insertion,211,29,Gaussian CPU budget,97003,1,1,4.0,fbb603d6eaa61f9b89705075b28a0381cab62b0e7585e7a064cb889da8eb8a04,bf223f66e2a6ed1a1f59d4a7ffc3e6701f005da5ba6a5f0c00e93de0ff2ebdfc
insertion,211,29,Gaussian CPU budget,97004,1,1,4.0,fbb603d6eaa61f9b89705075b28a0381cab62b0e7585e7a064cb889da8eb8a04,9dd69a8a1d6b63de806ad2c246a38eb6ec71c48d61b2467d5c448a81623f12c0
insertion,211,29,Gaussian CPU budget,97005,1,1,4.0,fbb603d6eaa61f9b89705075b28a0381cab62b0e7585e7a064cb889da8eb8a04,dbd62feb217d7edfa8bd4dcbdebfc2c0740534ac40030b42c14f93e2cac633db
insertion,211,29,Gaussian CPU budget,97006,1,1,4.0,fbb603d6eaa61f9b89705075b28a0381cab62b0e7585e7a064cb889da8eb8a04,f9d9464f85d4ef15573c39181a16842e749d6a5755515125b89c8c3899172124
insertion,211,29,Gaussian CPU budget,97007,1,1,4.0,fbb603d6eaa61f9b89705075b28a0381cab62b0e7585e7a064cb889da8eb8a04,f2a87310e431e9a76f8acd1f9a1f08ab2e073c4f9fac95dc6a6c32db393b64ba
insertion,211,29,Gaussian CPU budget,97008,0,0,3.0,fbb603d6eaa61f9b89705075b28a0381cab62b0e7585e7a064cb889da8eb8a04,2d97f8b820a601bac92b25a308406e77217bc7f3ad8ffe5bd6665ffc6aa4af9e
insertion,211,29,Gaussian CPU budget,97009,1,1,4.0,fbb603d6eaa61f9b89705075b28a0381cab62b0e7585e7a064cb889da8eb8a04,8c005cec593e16abce2398c05989f71f69862a51c03cec04a39a4a92e9759570
insertion,211,29,Gaussian CPU budget,97010,0,0,3.0,fbb603d6eaa61f9b89705075b28a0381cab62b0e7585e7a064cb889da8eb8a04,8457c2bf27f53b6e9370d774c67ff92daaa29ea2c814f2a515ef1abc2aa8d64c
insertion,211,29,Gaussian CPU budget,97011,1,1,4.0,fbb603d6eaa61f9b89705075b28a0381cab62b0e7585e7a064cb889da8eb8a04,ea9822e3266ec75178893f5f18c7015d594f6745547a2f7d3707d73e7f921037
insertion,211,29,Gaussian CPU budget,97012,0,0,2.0,fbb603d6eaa61f9b89705075b28a0381cab62b0e7585e7a064cb889da8eb8a04,bf83c98606111cb24d80bb7ebe1fba44723c51794a4709bfa8fcb06eb83fc3bd
insertion,211,29,Gaussian CPU budget,97013,1,0,4.0,fbb603d6eaa61f9b89705075b28a0381cab62b0e7585e7a064cb889da8eb8a04,26b1f458d1cb2cfccb07787fc66f4ae626059b7cc67c12da1949e37cef3ea4c2
insertion,211,29,Gaussian CPU budget,97014,0,0,3.0,fbb603d6eaa61f9b89705075b28a0381cab62b0e7585e7a064cb889da8eb8a04,4432fb452d1570908f734f5c2d3e6182665633c34418b01f03d7cfbbcdcd2af7
insertion,211,29,Gaussian CPU budget,97015,1,1,4.0,fbb603d6eaa61f9b89705075b28a0381cab62b0e7585e7a064cb889da8eb8a04,0df4b09a34e8a8b6495dfcb19d2827fd2577024cffd8f304ab6ba7d7990e7ae0
insertion,211,29,Gaussian CPU budget,97016,0,0,3.0,fbb603d6eaa61f9b89705075b28a0381cab62b0e7585e7a064cb889da8eb8a04,42116f4dbfbdcbc667071c08c850537af12c39e08b228ca8a0bfdc6a189195c8
insertion,211,29,Gaussian CPU budget,97017,1,1,4.0,fbb603d6eaa61f9b89705075b28a0381cab62b0e7585e7a064cb889da8eb8a04,5ede1e7f0aa435584ecebd4f36ce9fb433c923800fc9d016d654ded18ec26237
insertion,211,29,Gaussian CPU budget,97018,1,1,4.0,fbb603d6eaa61f9b89705075b28a0381cab62b0e7585e7a064cb889da8eb8a04,5b64320cd9d8c06b45c9fb0f32a5e48a6fb45c29994449f8c4fb1b40d560245c
insertion,211,29,Gaussian CPU budget,97019,1,1,4.0,fbb603d6eaa61f9b89705075b28a0381cab62b0e7585e7a064cb889da8eb8a04,d28497696795e288589d2563b398ae0ca4112cf537da9f826d805bdc4bc4b712
insertion,211,43,Clean repeat,97000,1,0,4.0,a8e51c6058546a71d5a393c0cb3853295acb8c413bf074d9d342c8cd096a3e12,f39f75a7611e6d0174783e2c79d0c6fdce8eb27a175db2364fa97e81951fc2a8
insertion,211,43,Clean repeat,97001,0,0,1.0,a8e51c6058546a71d5a393c0cb3853295acb8c413bf074d9d342c8cd096a3e12,b930c79db50f87fe559192ed9737e0f2c0c0045d4b3abdbf89378a668344269f
insertion,211,43,Clean repeat,97002,1,0,4.0,a8e51c6058546a71d5a393c0cb3853295acb8c413bf074d9d342c8cd096a3e12,4871ec9f04471e7c11c7674951d5f277dfd43217fd5f5868f09447644ab601b2
insertion,211,43,Clean repeat,97003,0,0,3.0,a8e51c6058546a71d5a393c0cb3853295acb8c413bf074d9d342c8cd096a3e12,e4faea14b1f70e9633cf5c0a9b1d4b84ea6a93887e8777685295717d3cc97ee6
insertion,211,43,Clean repeat,97004,0,0,3.0,a8e51c6058546a71d5a393c0cb3853295acb8c413bf074d9d342c8cd096a3e12,fd3cb66d9c39c49ebef7330afddc55d90db073c2ddc023d1eb556e104a617031
insertion,211,43,Clean repeat,97005,1,1,4.0,a8e51c6058546a71d5a393c0cb3853295acb8c413bf074d9d342c8cd096a3e12,7cb1480d0ff625d58eb6e3884525bf8b28288c04d7d6f0426fef5b999f200a24
insertion,211,43,Clean repeat,97006,0,0,3.0,a8e51c6058546a71d5a393c0cb3853295acb8c413bf074d9d342c8cd096a3e12,b838ef1a0a75865f8b480709966725ef5b3b1b215220cba8a1a6a1794ce559dd
insertion,211,43,Clean repeat,97007,1,1,4.0,a8e51c6058546a71d5a393c0cb3853295acb8c413bf074d9d342c8cd096a3e12,6592017bd8bb3ac0fa2fb2b619d29f896ac45773bca5d201c465c0754bb13bed
insertion,211,43,Clean repeat,97008,0,0,3.0,a8e51c6058546a71d5a393c0cb3853295acb8c413bf074d9d342c8cd096a3e12,c8fb8e781a716eb715e5e03a5080128b8854f5ba623577889126b0573b264d40
insertion,211,43,Clean repeat,97009,1,1,4.0,a8e51c6058546a71d5a393c0cb3853295acb8c413bf074d9d342c8cd096a3e12,0be2095211a0edbad5b483d3c1a51949d242072bd2eb2716270110faf88a7559
insertion,211,43,Clean repeat,97010,0,0,3.0,a8e51c6058546a71d5a393c0cb3853295acb8c413bf074d9d342c8cd096a3e12,7e851e32bc8958a77848728abda096e986cb0d4491474f96ea63f3d87b8c5a4d
insertion,211,43,Clean repeat,97011,0,0,3.0,a8e51c6058546a71d5a393c0cb3853295acb8c413bf074d9d342c8cd096a3e12,78c2c65a87174f4f8b01aef64a87ab2fe2c64d678496e23b82aa9dfcea60eca4
insertion,211,43,Clean repeat,97012,0,0,3.0,a8e51c6058546a71d5a393c0cb3853295acb8c413bf074d9d342c8cd096a3e12,4acc3a927c096e59ad981a20ae1889e1e99bb1f7733ebde22c734b96b601e6cf
insertion,211,43,Clean repeat,97013,0,0,3.0,a8e51c6058546a71d5a393c0cb3853295acb8c413bf074d9d342c8cd096a3e12,9d4d664083210de17fe1fa4ca8e5be2ac43dcc15511e9e1390998d600fa99d9d
insertion,211,43,Clean repeat,97014,0,0,3.0,a8e51c6058546a71d5a393c0cb3853295acb8c413bf074d9d342c8cd096a3e12,cfeebe6ff51ef370f4cd3bb8efe04ded392e7eb07a1c21806be2f7ac337de521
insertion,211,43,Clean repeat,97015,0,0,3.0,a8e51c6058546a71d5a393c0cb3853295acb8c413bf074d9d342c8cd096a3e12,556dbbd9e82d1ea4ee330644a8cd0f2b1ec9bc1c4d715cfb2885b3411913f2b7
insertion,211,43,Clean repeat,97016,1,0,4.0,a8e51c6058546a71d5a393c0cb3853295acb8c413bf074d9d342c8cd096a3e12,d18fcaab7fcd5d0852671f66937889b5331fbdc987680bf586e4fa4ea4765bf4
insertion,211,43,Clean repeat,97017,0,0,3.0,a8e51c6058546a71d5a393c0cb3853295acb8c413bf074d9d342c8cd096a3e12,998006e839cf6ff27ddad0466258f42af0bcf45dfaa7575d755618d2b7a9c997
insertion,211,43,Clean repeat,97018,0,0,3.0,a8e51c6058546a71d5a393c0cb3853295acb8c413bf074d9d342c8cd096a3e12,dd82e13edafea6fc0c6e0002f995890a1589ec336981f7008171fc9ac5582e96
insertion,211,43,Clean repeat,97019,1,0,4.0,a8e51c6058546a71d5a393c0cb3853295acb8c413bf074d9d342c8cd096a3e12,ebe5040a398ec1dc2b9f0df267286b477f74d2cbff78fb7e1d084a3b5d9413ca
insertion,211,43,SCANA-R,97000,1,1,4.0,6842ce414a904e3bef8350398126e448b03dbfc24afe3be7c986fe80722a19a4,0019e16ecb7950bcbf10fc8520858ef3fc66734de954df0acdfb7044936de3fa
insertion,211,43,SCANA-R,97001,1,1,4.0,6842ce414a904e3bef8350398126e448b03dbfc24afe3be7c986fe80722a19a4,18ae126ee7a822aea25466f182804019572fb9c0b1101944b2fd91b6ffd4cfa5
insertion,211,43,SCANA-R,97002,1,1,4.0,6842ce414a904e3bef8350398126e448b03dbfc24afe3be7c986fe80722a19a4,b4d5adeea3dd1cd741385f30bce4e2692483ae0db83b60aad9cfb9fe9cbf24ee
insertion,211,43,SCANA-R,97003,0,0,3.0,6842ce414a904e3bef8350398126e448b03dbfc24afe3be7c986fe80722a19a4,1c4af31f26f2cd912f85d463315a56e5f6ae452db178722e8463e1db51a14611
insertion,211,43,SCANA-R,97004,1,1,4.0,6842ce414a904e3bef8350398126e448b03dbfc24afe3be7c986fe80722a19a4,1d0fa6fdde3066241366a025927bfe45671e4722300c87d710c6ace1d120c718
insertion,211,43,SCANA-R,97005,1,1,4.0,6842ce414a904e3bef8350398126e448b03dbfc24afe3be7c986fe80722a19a4,5dab62ec79742ec21d702603d7a92d5d1a0097955359a882db7c9257f070e6e1
insertion,211,43,SCANA-R,97006,1,1,4.0,6842ce414a904e3bef8350398126e448b03dbfc24afe3be7c986fe80722a19a4,cb4a24b87551ccc4696055ea7a76ec6c1b600eeebd3c33b9cec2ed9f9990a491
insertion,211,43,SCANA-R,97007,0,0,3.0,6842ce414a904e3bef8350398126e448b03dbfc24afe3be7c986fe80722a19a4,02bb92992b035a835aa88aa2a0bc260e64bc3eaee74e75559411dae8e7c4da1b
insertion,211,43,SCANA-R,97008,1,1,4.0,6842ce414a904e3bef8350398126e448b03dbfc24afe3be7c986fe80722a19a4,c999619014fb4ee7be1dc08fc5669d78bd9fbe35a3b92c091b1630b6e2b748b3
insertion,211,43,SCANA-R,97009,1,1,4.0,6842ce414a904e3bef8350398126e448b03dbfc24afe3be7c986fe80722a19a4,1eb17daa55938798da2a3acd697de7753e96dec6cb1731bc80e3ada7d07a8717
insertion,211,43,SCANA-R,97010,0,0,2.0,6842ce414a904e3bef8350398126e448b03dbfc24afe3be7c986fe80722a19a4,8b37f855b2e494bd7760fe536ae0462d24b79d2f66996fd0503240716843b83c
insertion,211,43,SCANA-R,97011,0,0,3.0,6842ce414a904e3bef8350398126e448b03dbfc24afe3be7c986fe80722a19a4,3abb4529838338965359f8f71ab18b33f5a659fcc1a017655862c0e44d666e4f
insertion,211,43,SCANA-R,97012,1,1,4.0,6842ce414a904e3bef8350398126e448b03dbfc24afe3be7c986fe80722a19a4,e62def2b5ea69954cfc8fea184d14d225ebd17a7d0e30d7bd08682156bd37766
insertion,211,43,SCANA-R,97013,1,1,4.0,6842ce414a904e3bef8350398126e448b03dbfc24afe3be7c986fe80722a19a4,e909c6dd994b7422bdb81ab94c3a451db472d369a744aa0cf1f055f31c3c184f
insertion,211,43,SCANA-R,97014,0,0,3.0,6842ce414a904e3bef8350398126e448b03dbfc24afe3be7c986fe80722a19a4,4ed611f417943b130ce06ead60fc6f248328051d1cfc6682e634512e9e3a0d68
insertion,211,43,SCANA-R,97015,1,1,4.0,6842ce414a904e3bef8350398126e448b03dbfc24afe3be7c986fe80722a19a4,d0668a378c8c0756f8b176c54728ce2c29a75cd9f960eab55722e66fc7e0a160
insertion,211,43,SCANA-R,97016,1,1,4.0,6842ce414a904e3bef8350398126e448b03dbfc24afe3be7c986fe80722a19a4,e6d20f26e9dfba658f79f27b3d80bd5276cb7877403070026511bc34a7a9df2d
insertion,211,43,SCANA-R,97017,1,1,4.0,6842ce414a904e3bef8350398126e448b03dbfc24afe3be7c986fe80722a19a4,d8ab86092744eac94a91250097f47b8c6a3186455715f7820a3f0a93ea7693ff
insertion,211,43,SCANA-R,97018,0,0,3.0,6842ce414a904e3bef8350398126e448b03dbfc24afe3be7c986fe80722a19a4,8fc768acc21edd748eebb7f505fd4c22e4f3c7843fe358e154d58838bfce18af
insertion,211,43,SCANA-R,97019,1,1,4.0,6842ce414a904e3bef8350398126e448b03dbfc24afe3be7c986fe80722a19a4,e4803a0df126327a8f9c1f8eab0150d8b99645138460607cea070216a6d36624
insertion,211,43,Gaussian recovery,97000,1,1,4.0,e50d54986c67f1be8306751fb986b53a1fb8b5ec968c32885c9ef660a158dab3,14f6dcb79e3f592e22e99bc0cc99bb274399fa60579dbfdcc6c55332fb270e5e
insertion,211,43,Gaussian recovery,97001,0,0,2.0,e50d54986c67f1be8306751fb986b53a1fb8b5ec968c32885c9ef660a158dab3,6f7643c00831f964dd400f2dc4dd06333345530d04121884cdbe2c99d4125f1a
insertion,211,43,Gaussian recovery,97002,0,0,3.0,e50d54986c67f1be8306751fb986b53a1fb8b5ec968c32885c9ef660a158dab3,75104238149878018b73ea31876ee13c2db4413902bab96309a3f56dec77d86a
insertion,211,43,Gaussian recovery,97003,0,0,1.0,e50d54986c67f1be8306751fb986b53a1fb8b5ec968c32885c9ef660a158dab3,b99354083ad7cacfa08a19776039fdb52307b35a53cc03f1f787f0a11b4dbe4e
insertion,211,43,Gaussian recovery,97004,0,0,2.0,e50d54986c67f1be8306751fb986b53a1fb8b5ec968c32885c9ef660a158dab3,dfc58433c58031e0cfefab60e3a6611eb833bdf438e2e530da4f24d3d602d3e4
insertion,211,43,Gaussian recovery,97005,1,1,4.0,e50d54986c67f1be8306751fb986b53a1fb8b5ec968c32885c9ef660a158dab3,2514aa722293b1231b56d291e506d8159b72b2831f72cbeeffae173370d1b857
insertion,211,43,Gaussian recovery,97006,0,0,3.0,e50d54986c67f1be8306751fb986b53a1fb8b5ec968c32885c9ef660a158dab3,f5eaf90d6543b4015c4688e6d8f4cfb87078c28fce0011875908e51b78a3b79e
insertion,211,43,Gaussian recovery,97007,0,0,3.0,e50d54986c67f1be8306751fb986b53a1fb8b5ec968c32885c9ef660a158dab3,e13a92142a63a7a1401d78497ff5df2728cfc27aaf42d056306e07bbc3861562
insertion,211,43,Gaussian recovery,97008,1,1,4.0,e50d54986c67f1be8306751fb986b53a1fb8b5ec968c32885c9ef660a158dab3,6e3a98e98e5976eeb62ba660d0391ba96ed3e38c8240d504994addadd430e2e5
insertion,211,43,Gaussian recovery,97009,1,1,4.0,e50d54986c67f1be8306751fb986b53a1fb8b5ec968c32885c9ef660a158dab3,0e026364d54fa424c9c0325926e8796bf36250c77fb7b154391c3bde45eba075
insertion,211,43,Gaussian recovery,97010,1,1,4.0,e50d54986c67f1be8306751fb986b53a1fb8b5ec968c32885c9ef660a158dab3,438a477c5b82692d8a514b0bfe7528e14ff991ccb3c43c2691c2d207c4fadd00
insertion,211,43,Gaussian recovery,97011,0,0,3.0,e50d54986c67f1be8306751fb986b53a1fb8b5ec968c32885c9ef660a158dab3,264c4d568771bb1c8cc2e6547b12fda46dad63484ea7ab5715fdc642177ace86
insertion,211,43,Gaussian recovery,97012,0,0,3.0,e50d54986c67f1be8306751fb986b53a1fb8b5ec968c32885c9ef660a158dab3,4a2e3e036945718ae3683b66f2c285a6580963c2884d17ecf013ae9d404d5433
insertion,211,43,Gaussian recovery,97013,0,0,2.0,e50d54986c67f1be8306751fb986b53a1fb8b5ec968c32885c9ef660a158dab3,f0e9458aeb0fcbd7daff8a5fdcf4989a916e2331ba10ecda77eafb2d1bd92aa1
insertion,211,43,Gaussian recovery,97014,0,0,3.0,e50d54986c67f1be8306751fb986b53a1fb8b5ec968c32885c9ef660a158dab3,e2ce90eb4d5af257b68e17b887609b7cd8c7182bde1c86873f884c2fffd2fd9a
insertion,211,43,Gaussian recovery,97015,0,0,3.0,e50d54986c67f1be8306751fb986b53a1fb8b5ec968c32885c9ef660a158dab3,904d2b74ae1e7eafc6b6acd778df208e98d99c0451816d299896c6394fe4df3c
insertion,211,43,Gaussian recovery,97016,1,1,4.0,e50d54986c67f1be8306751fb986b53a1fb8b5ec968c32885c9ef660a158dab3,87ea57843afee39525010b8ebdbe452ec0ef297157790c3095af9426e2ec681e
insertion,211,43,Gaussian recovery,97017,0,0,3.0,e50d54986c67f1be8306751fb986b53a1fb8b5ec968c32885c9ef660a158dab3,1f8992d1f8ee477ff05cf53b8abf20069d6e37a048614d0f8f223d5ca38210a9
insertion,211,43,Gaussian recovery,97018,0,0,3.0,e50d54986c67f1be8306751fb986b53a1fb8b5ec968c32885c9ef660a158dab3,bdd4298c33cdfa6c3e1db5ff57160f914de13ae89764d87e0c1173c81665bd45
insertion,211,43,Gaussian recovery,97019,1,0,4.0,e50d54986c67f1be8306751fb986b53a1fb8b5ec968c32885c9ef660a158dab3,a5f18044a315dcb86864e3ff6aedbfac884aaa13fbf5fc206f0db60cb1eeb8e5
insertion,211,43,No cross-fitting,97000,1,1,4.0,b8921633d9651145562d3704747a80783856d209cae6806dd8d4c47f46789e32,6cf4140cc0d8a1b5169f90f1bb8f6bbe999f68278758e636f85153178b20d9bd
insertion,211,43,No cross-fitting,97001,0,0,3.0,b8921633d9651145562d3704747a80783856d209cae6806dd8d4c47f46789e32,947f7289caa75816e5c7f7375b462d39428df3b0fa17ba816368695e1c57a5e0
insertion,211,43,No cross-fitting,97002,1,1,4.0,b8921633d9651145562d3704747a80783856d209cae6806dd8d4c47f46789e32,494206be8a7dab9f4f5dfedc77618fe7199426af4cf916af75076b2af00fe6e6
insertion,211,43,No cross-fitting,97003,1,0,4.0,b8921633d9651145562d3704747a80783856d209cae6806dd8d4c47f46789e32,e880f4f058395d01e56eb75e20a8bb73b2c03881bd5ead7ddab53961f660bcea
insertion,211,43,No cross-fitting,97004,1,1,4.0,b8921633d9651145562d3704747a80783856d209cae6806dd8d4c47f46789e32,735004c9749c99fa2826e26140af98034570b6ccb5b791e8365881c974593098
insertion,211,43,No cross-fitting,97005,1,1,4.0,b8921633d9651145562d3704747a80783856d209cae6806dd8d4c47f46789e32,78e7142d6b737916475a91d923f4cb5ca67fdfd4ca3b1369545daaee0a443a67
insertion,211,43,No cross-fitting,97006,1,1,4.0,b8921633d9651145562d3704747a80783856d209cae6806dd8d4c47f46789e32,0f79202076bd43b9c6470406652bbf9fb6c57020aaf79d2991d637cd8cacb58b
insertion,211,43,No cross-fitting,97007,1,1,4.0,b8921633d9651145562d3704747a80783856d209cae6806dd8d4c47f46789e32,1a117c78b7594800ecaa18e29c942dc62ac94ce6be6d0fcba80b9994fa97bea8
insertion,211,43,No cross-fitting,97008,0,0,3.0,b8921633d9651145562d3704747a80783856d209cae6806dd8d4c47f46789e32,e4bb4dcfcbc090ee3895727b222f1c24d316b271001d3085975c2c8c32dcf82c
insertion,211,43,No cross-fitting,97009,1,1,4.0,b8921633d9651145562d3704747a80783856d209cae6806dd8d4c47f46789e32,18ef7643d502197219bd58674720704d946b6a8feb2c3925bbb1a50096e8d1ae
insertion,211,43,No cross-fitting,97010,0,0,3.0,b8921633d9651145562d3704747a80783856d209cae6806dd8d4c47f46789e32,44333d1a89c6cc17aa19957eab96719eb032851ded9a118adc7782e170232718
insertion,211,43,No cross-fitting,97011,0,0,3.0,b8921633d9651145562d3704747a80783856d209cae6806dd8d4c47f46789e32,2d596e0d110488d1f4689cf1e28b34665877c02c451d8c1be1176b19b1381232
insertion,211,43,No cross-fitting,97012,1,1,4.0,b8921633d9651145562d3704747a80783856d209cae6806dd8d4c47f46789e32,4073a183234c0d956dcf08a1db37dd4220115d41ae821b420ef68a1056f2e886
insertion,211,43,No cross-fitting,97013,0,0,3.0,b8921633d9651145562d3704747a80783856d209cae6806dd8d4c47f46789e32,c535fcfef48646f1b705b59413da2996b3fe91f2f82d2821c83968c7d6be1a09
insertion,211,43,No cross-fitting,97014,1,1,4.0,b8921633d9651145562d3704747a80783856d209cae6806dd8d4c47f46789e32,581c8321126e6acaedebcab3edabb427733ae1f6dbf20e7aa2b27fa4a5219f9e
insertion,211,43,No cross-fitting,97015,1,1,4.0,b8921633d9651145562d3704747a80783856d209cae6806dd8d4c47f46789e32,5b6f4b41159b29b1e248ac3977595a157cb4489e9773238d0bb505b8d9824718
insertion,211,43,No cross-fitting,97016,1,1,4.0,b8921633d9651145562d3704747a80783856d209cae6806dd8d4c47f46789e32,5d5a16ae564c3368fd95cd930a84c183be27293e2de6974755fce263c704ee78
insertion,211,43,No cross-fitting,97017,1,1,4.0,b8921633d9651145562d3704747a80783856d209cae6806dd8d4c47f46789e32,d68a5fa13c19a8830744ebc7048997dca4e948ba703d801dcd25c773ebeab35a
insertion,211,43,No cross-fitting,97018,0,0,3.0,b8921633d9651145562d3704747a80783856d209cae6806dd8d4c47f46789e32,4aa45ab063040c73619ce3d8a168faac7d7377603c34ac305ec4d445faaabe91
insertion,211,43,No cross-fitting,97019,1,1,4.0,b8921633d9651145562d3704747a80783856d209cae6806dd8d4c47f46789e32,e24aca13fab6dc904807fd7efdf6b79e2269c047210eeec8183d827da215304e
insertion,211,43,Global-time errors,97000,1,1,4.0,76a6c0dde57f836d5f388de8125a85e0693e16aa4ec19263cb66abe3e13015c7,e8c3f0d8401c21516a8890f894261e32bb9e0236cc4edc9c5d79572843f4b5f2
insertion,211,43,Global-time errors,97001,0,0,3.0,76a6c0dde57f836d5f388de8125a85e0693e16aa4ec19263cb66abe3e13015c7,bc3ee674759be92d8503bb75d2f4aceb9b521141fe920d1ba06691f609bd21d9
insertion,211,43,Global-time errors,97002,0,0,3.0,76a6c0dde57f836d5f388de8125a85e0693e16aa4ec19263cb66abe3e13015c7,ca51795c5874f319fbf2c60102104ce2b1053e2419da13922bea5cf13fc0d094
insertion,211,43,Global-time errors,97003,0,0,3.0,76a6c0dde57f836d5f388de8125a85e0693e16aa4ec19263cb66abe3e13015c7,857bae327b9fc24c94499a4da1aecf0ed0edb8fc498337dd208a6112ca4b24ff
insertion,211,43,Global-time errors,97004,1,0,4.0,76a6c0dde57f836d5f388de8125a85e0693e16aa4ec19263cb66abe3e13015c7,56f1aff910ecd7ac1b264e94d91a65401d215c246352a7f40d11fc38e0d36197
insertion,211,43,Global-time errors,97005,1,1,4.0,76a6c0dde57f836d5f388de8125a85e0693e16aa4ec19263cb66abe3e13015c7,1b32f99e6b1ee026522f00d935f026b6d6ac47838e6fedac926cd16faf2b087d
insertion,211,43,Global-time errors,97006,0,0,3.0,76a6c0dde57f836d5f388de8125a85e0693e16aa4ec19263cb66abe3e13015c7,f727748161965901102c0ff9136773d4a8722714e83c92c0f9abf3ff0a4724e0
insertion,211,43,Global-time errors,97007,1,1,4.0,76a6c0dde57f836d5f388de8125a85e0693e16aa4ec19263cb66abe3e13015c7,a937b5957a659c972f573bde1895d49917cb0c526eea69fe245fef140fb652e5
insertion,211,43,Global-time errors,97008,1,1,4.0,76a6c0dde57f836d5f388de8125a85e0693e16aa4ec19263cb66abe3e13015c7,0332044825bd6a84e3057d4e487f28451b0643ebcf735810f635884c0e32c2c6
insertion,211,43,Global-time errors,97009,1,1,4.0,76a6c0dde57f836d5f388de8125a85e0693e16aa4ec19263cb66abe3e13015c7,da389bdf0cc0a2b749937bc06e1799cabe1e4ad984c9ca1a91ade3ec441903df
insertion,211,43,Global-time errors,97010,0,0,3.0,76a6c0dde57f836d5f388de8125a85e0693e16aa4ec19263cb66abe3e13015c7,c29a0e0952cf262b06bad821d0e629444b234c1997c0274df8fb4e7f4232f6ed
insertion,211,43,Global-time errors,97011,0,0,3.0,76a6c0dde57f836d5f388de8125a85e0693e16aa4ec19263cb66abe3e13015c7,5ffdb109af5b0e2d235d4f7c2cc8ad916950b78f473b9ab277f42594ac93e88b
insertion,211,43,Global-time errors,97012,0,0,3.0,76a6c0dde57f836d5f388de8125a85e0693e16aa4ec19263cb66abe3e13015c7,2db2db885c89b6e5971625c575033645a9a39c3dbd4c14af507419e5db8a84ae
insertion,211,43,Global-time errors,97013,0,0,3.0,76a6c0dde57f836d5f388de8125a85e0693e16aa4ec19263cb66abe3e13015c7,7c949c4157acecbd2490d6d65dd8ecf85c2e18853d9f7b89ba108a8093e656da
insertion,211,43,Global-time errors,97014,0,0,3.0,76a6c0dde57f836d5f388de8125a85e0693e16aa4ec19263cb66abe3e13015c7,ae5af6e042b7c4a4f21e5ac97e0c3830cbb3bf8b39a25a4c10892324eb844da7
insertion,211,43,Global-time errors,97015,1,1,4.0,76a6c0dde57f836d5f388de8125a85e0693e16aa4ec19263cb66abe3e13015c7,562327d44333d18f4443f9fc98332141919399f42b13afc24e53767f6232e623
insertion,211,43,Global-time errors,97016,1,1,4.0,76a6c0dde57f836d5f388de8125a85e0693e16aa4ec19263cb66abe3e13015c7,4d289e7fd4f14b2ce9c25357f10513c65c46ade1f42dc4008611a1d87c5188a3
insertion,211,43,Global-time errors,97017,1,0,4.0,76a6c0dde57f836d5f388de8125a85e0693e16aa4ec19263cb66abe3e13015c7,3bba47edd7fb3a59a00e70db39a7a8a3fc60220f84260f4eafe7cd45897d7833
insertion,211,43,Global-time errors,97018,0,0,3.0,76a6c0dde57f836d5f388de8125a85e0693e16aa4ec19263cb66abe3e13015c7,bda5b21a96cdc53b67f01c2fc18e67269191c0ca946aab057f1f832949b24094
insertion,211,43,Global-time errors,97019,1,1,4.0,76a6c0dde57f836d5f388de8125a85e0693e16aa4ec19263cb66abe3e13015c7,a190664fc64fea68614d120cfbb1088c78d4aa2f38fff28c04e8793de4e5eb3e
insertion,211,43,No intermediate backtracking,97000,1,1,4.0,82d5f0876fec037ff129249d0559a8ea8285bcd7820ec2a57989c648f2cc40d5,38fb1573473883d892e3f8b80d8476f088180a5dfdb336f89fb1a4a60269220f
insertion,211,43,No intermediate backtracking,97001,0,0,2.0,82d5f0876fec037ff129249d0559a8ea8285bcd7820ec2a57989c648f2cc40d5,2b1f784b72c4dafb511be37d23daef226195c0a595a10d7b0e9a43e85c98309f
insertion,211,43,No intermediate backtracking,97002,0,0,3.0,82d5f0876fec037ff129249d0559a8ea8285bcd7820ec2a57989c648f2cc40d5,2f12034d2ea319062d3351d141df6f0f9f3fa8391bc2b076e26efe2d5509028d
insertion,211,43,No intermediate backtracking,97003,0,0,3.0,82d5f0876fec037ff129249d0559a8ea8285bcd7820ec2a57989c648f2cc40d5,23a4c88a19d103c64aea3da849663f66c5fbbffea899c4953e9dc56de4d18cef
insertion,211,43,No intermediate backtracking,97004,0,0,2.0,82d5f0876fec037ff129249d0559a8ea8285bcd7820ec2a57989c648f2cc40d5,3698a9fb4308b2ae89864546054602ddbe212dc282661bbf3258b0d00d097d54
insertion,211,43,No intermediate backtracking,97005,1,1,4.0,82d5f0876fec037ff129249d0559a8ea8285bcd7820ec2a57989c648f2cc40d5,35cef8ee4ff6c689a14062908d3649c2b6910c547d033ba4342255f127d7e94c
insertion,211,43,No intermediate backtracking,97006,0,0,2.0,82d5f0876fec037ff129249d0559a8ea8285bcd7820ec2a57989c648f2cc40d5,96851ecc69e81c49142fe9cf80758ee73fb492b948c3a0536ad2dd82887bb9d7
insertion,211,43,No intermediate backtracking,97007,0,0,2.0,82d5f0876fec037ff129249d0559a8ea8285bcd7820ec2a57989c648f2cc40d5,ac0f47127a4e0d21688dc1fe9aa43fa453da17bac704487faab64437b3fc2a1f
insertion,211,43,No intermediate backtracking,97008,1,1,4.0,82d5f0876fec037ff129249d0559a8ea8285bcd7820ec2a57989c648f2cc40d5,74342d65c990258f1046473ead307f8904d181a9ee434cee2cf378dd61fabf51
insertion,211,43,No intermediate backtracking,97009,0,0,3.0,82d5f0876fec037ff129249d0559a8ea8285bcd7820ec2a57989c648f2cc40d5,ec90034fb11f069520f2ed0c7e202f373666334d642b128d48f0bd0a91e82a64
insertion,211,43,No intermediate backtracking,97010,1,1,4.0,82d5f0876fec037ff129249d0559a8ea8285bcd7820ec2a57989c648f2cc40d5,1b90c74a58507cb7b4d23e6521df9bd5833fd538d9e7b6356e765da7f7f0a04c
insertion,211,43,No intermediate backtracking,97011,0,0,3.0,82d5f0876fec037ff129249d0559a8ea8285bcd7820ec2a57989c648f2cc40d5,27cd78794c71afd2f4ab638f44eaeb5fc32db5621b4e2589d9a19ffed66bf99b
insertion,211,43,No intermediate backtracking,97012,0,0,2.0,82d5f0876fec037ff129249d0559a8ea8285bcd7820ec2a57989c648f2cc40d5,adcd61daa71411f10f0fe0e1ffb6917e5c682b22a9fa9a8db4b5f1a8cc2e4cad
insertion,211,43,No intermediate backtracking,97013,0,0,2.0,82d5f0876fec037ff129249d0559a8ea8285bcd7820ec2a57989c648f2cc40d5,d5aa75685af5d19262bbb00f275c5a83f0b94df5fc6ceb72a0f8b23cc113bb9d
insertion,211,43,No intermediate backtracking,97014,0,0,3.0,82d5f0876fec037ff129249d0559a8ea8285bcd7820ec2a57989c648f2cc40d5,dc188d9abd56f0428ee12726bd1c76ec23559cabe2cf4f8d55084ae4f4e6ab16
insertion,211,43,No intermediate backtracking,97015,1,1,4.0,82d5f0876fec037ff129249d0559a8ea8285bcd7820ec2a57989c648f2cc40d5,a0f234386da1c90a5c72a4781b6efe6138c593cdf3b57f1545ea76c3a1941c81
insertion,211,43,No intermediate backtracking,97016,0,0,2.0,82d5f0876fec037ff129249d0559a8ea8285bcd7820ec2a57989c648f2cc40d5,61f04d1ae179de9805d2a8be9598b0a163c833cac9d6f32d23fc607db1b9a78f
insertion,211,43,No intermediate backtracking,97017,0,0,2.0,82d5f0876fec037ff129249d0559a8ea8285bcd7820ec2a57989c648f2cc40d5,eca44646ae1b818d87900bb7835e65b0e2dcf58bed58acf461ba5eee74bc44cb
insertion,211,43,No intermediate backtracking,97018,0,0,3.0,82d5f0876fec037ff129249d0559a8ea8285bcd7820ec2a57989c648f2cc40d5,c69291abff869b2ea6d63e7e69b4bcf2fcef8a9a592fcd89c6d0b57e0df5cb78
insertion,211,43,No intermediate backtracking,97019,0,0,2.0,82d5f0876fec037ff129249d0559a8ea8285bcd7820ec2a57989c648f2cc40d5,6ab4649add879fbe80fb7e1607730b1b9131b7926e614b12ad7c4ae9897dd72b
insertion,211,43,Gaussian CPU budget,97000,1,1,4.0,eeacf35fe371b3dd1f97fe687fe00b00898db1882bd44e5e74e4a78e2f746152,a153cedf4c6e213670518dd79ef13d2744a0d22eef449cec2977348516f47f89
insertion,211,43,Gaussian CPU budget,97001,0,0,2.0,eeacf35fe371b3dd1f97fe687fe00b00898db1882bd44e5e74e4a78e2f746152,de8ab1087c511c6782b94a54bf4ba4fb9b77ec64d6cbec458e82b6cdf268b5c2
insertion,211,43,Gaussian CPU budget,97002,1,1,4.0,eeacf35fe371b3dd1f97fe687fe00b00898db1882bd44e5e74e4a78e2f746152,3b2167df1636304688c6f406f1ae4613aa654d65953c66b72aff5d3c35fee0c7
insertion,211,43,Gaussian CPU budget,97003,0,0,3.0,eeacf35fe371b3dd1f97fe687fe00b00898db1882bd44e5e74e4a78e2f746152,bb40418873e0dd513049c67bd8b6f00a49dd4d872cb68864779588a98d761ec6
insertion,211,43,Gaussian CPU budget,97004,0,0,2.0,eeacf35fe371b3dd1f97fe687fe00b00898db1882bd44e5e74e4a78e2f746152,3aa8bba24243119693d11eaae5db214a28bf76e84eec19cfa956105605d9e4e5
insertion,211,43,Gaussian CPU budget,97005,1,1,4.0,eeacf35fe371b3dd1f97fe687fe00b00898db1882bd44e5e74e4a78e2f746152,5e57330ee79ad808b7316c44890bc33d874424f323d9dcf2e03da58a2cbcd630
insertion,211,43,Gaussian CPU budget,97006,0,0,3.0,eeacf35fe371b3dd1f97fe687fe00b00898db1882bd44e5e74e4a78e2f746152,4f7b4d85711938158e0b97e67341d62d19ed3dfdd191596c79cdf8df900f3a44
insertion,211,43,Gaussian CPU budget,97007,1,1,4.0,eeacf35fe371b3dd1f97fe687fe00b00898db1882bd44e5e74e4a78e2f746152,370221587f4884a04a2dbdb10b16801a84a9e4b7857f7ae2c50da10548b89324
insertion,211,43,Gaussian CPU budget,97008,1,1,4.0,eeacf35fe371b3dd1f97fe687fe00b00898db1882bd44e5e74e4a78e2f746152,da274b3af348d5236e0294d04da0087bc82d7f60c10c6d1c060dfd6f3e650b57
insertion,211,43,Gaussian CPU budget,97009,1,1,4.0,eeacf35fe371b3dd1f97fe687fe00b00898db1882bd44e5e74e4a78e2f746152,d4188d8716c918fba3131a44afa4b6d3bddceac3a6c16dd68cf52fb0355d4cc1
insertion,211,43,Gaussian CPU budget,97010,1,1,4.0,eeacf35fe371b3dd1f97fe687fe00b00898db1882bd44e5e74e4a78e2f746152,f473472c52df2c00fec09889e23197ef16ee456ca3485145be359cbecd4cf531
insertion,211,43,Gaussian CPU budget,97011,1,1,4.0,eeacf35fe371b3dd1f97fe687fe00b00898db1882bd44e5e74e4a78e2f746152,1ffcee746495bd7bc32954a057fe19daa4ca6a51e00acb001ee9cf2c1486bab9
insertion,211,43,Gaussian CPU budget,97012,1,1,4.0,eeacf35fe371b3dd1f97fe687fe00b00898db1882bd44e5e74e4a78e2f746152,d78ba31c3ee83fb47376ff54cbcf8ffadef428d1eea1dac41af612ce26ec01a7
insertion,211,43,Gaussian CPU budget,97013,0,0,2.0,eeacf35fe371b3dd1f97fe687fe00b00898db1882bd44e5e74e4a78e2f746152,4da9e57b27535d35712438c4a263dc114ea1be5365442234ac2672a61a1a9f8d
insertion,211,43,Gaussian CPU budget,97014,0,0,3.0,eeacf35fe371b3dd1f97fe687fe00b00898db1882bd44e5e74e4a78e2f746152,b525f07ac982664cd2525f9adfd4dc602ab2b307c4fcbb43165702598ea33a9d
insertion,211,43,Gaussian CPU budget,97015,1,0,4.0,eeacf35fe371b3dd1f97fe687fe00b00898db1882bd44e5e74e4a78e2f746152,5ad4f8b12c479136e9befd7164a2ab432044cdd5bccd4d891b5c54a5991b1ea6
insertion,211,43,Gaussian CPU budget,97016,0,0,3.0,eeacf35fe371b3dd1f97fe687fe00b00898db1882bd44e5e74e4a78e2f746152,81513ae3e5ee766bd5dc4b8fdff8ed606a80666e680d537ec5dd8bf887982b44
insertion,211,43,Gaussian CPU budget,97017,1,1,4.0,eeacf35fe371b3dd1f97fe687fe00b00898db1882bd44e5e74e4a78e2f746152,851b5e44a64870ea724035a66fd4e5cad1071cf4acdbecd8ac5258b150c64bb3
insertion,211,43,Gaussian CPU budget,97018,0,0,3.0,eeacf35fe371b3dd1f97fe687fe00b00898db1882bd44e5e74e4a78e2f746152,efcfb297d0fb83742443d0d31e100bc5231a2c39021ff61f373fc1a25421d271
insertion,211,43,Gaussian CPU budget,97019,1,1,4.0,eeacf35fe371b3dd1f97fe687fe00b00898db1882bd44e5e74e4a78e2f746152,d92dc08ca0671501e65fec280be458d83b51a3d7e8966dea8f8643078943bf9e
insertion,307,17,Clean repeat,97000,0,0,3.0,20de741023667cfce537fae3c2ac2e2da5846e22317cb9a68662d6a43d2a3f3f,64ff46187a9833b1b1121be3232f5bbf052a5c3a69db221a8f8baeb751662656
insertion,307,17,Clean repeat,97001,0,0,2.0,20de741023667cfce537fae3c2ac2e2da5846e22317cb9a68662d6a43d2a3f3f,4afc23646605cc5c47e2c2943948dabd7ce084b3bf7d11af06d577ab6b2c8785
insertion,307,17,Clean repeat,97002,0,0,3.0,20de741023667cfce537fae3c2ac2e2da5846e22317cb9a68662d6a43d2a3f3f,2ceb1f169e68897f31ea8177da0e09ad8f302cad9a94f2a2eba838f2778569af
insertion,307,17,Clean repeat,97003,0,0,0.0,20de741023667cfce537fae3c2ac2e2da5846e22317cb9a68662d6a43d2a3f3f,f8f7d73d0c0c3bd22d67af4d52b984008b1c030ecbe42092cd3fdff23c1b2454
insertion,307,17,Clean repeat,97004,0,0,2.0,20de741023667cfce537fae3c2ac2e2da5846e22317cb9a68662d6a43d2a3f3f,4e6d309209447ee3541ea73d201e9e633913be93f1344d99f09a2f7910ff2308
insertion,307,17,Clean repeat,97005,0,0,2.0,20de741023667cfce537fae3c2ac2e2da5846e22317cb9a68662d6a43d2a3f3f,bbc2c53380cb4d98aa5df90286b600628aa469390811adc232895bc5902ca199
insertion,307,17,Clean repeat,97006,0,0,2.0,20de741023667cfce537fae3c2ac2e2da5846e22317cb9a68662d6a43d2a3f3f,003e28309862c58f8bfd0588747c891f3bc195927cc853915e88c95af9b682f5
insertion,307,17,Clean repeat,97007,0,0,3.0,20de741023667cfce537fae3c2ac2e2da5846e22317cb9a68662d6a43d2a3f3f,7a288f61a99c09d947cc98984ec366eb3f87ddf6cb85e43015561c74b885e2e1
insertion,307,17,Clean repeat,97008,1,0,4.0,20de741023667cfce537fae3c2ac2e2da5846e22317cb9a68662d6a43d2a3f3f,068b186ae64cecbb54188d94a0aced35a6fd0a593afdc3b581ddbb6b06f06b8c
insertion,307,17,Clean repeat,97009,0,0,3.0,20de741023667cfce537fae3c2ac2e2da5846e22317cb9a68662d6a43d2a3f3f,5994400eb4c1919f29544daf51cb97f5e08b785f31f30fd7bfc3b22e084c8b8f
insertion,307,17,Clean repeat,97010,0,0,3.0,20de741023667cfce537fae3c2ac2e2da5846e22317cb9a68662d6a43d2a3f3f,62aa897003511d9e42d1b8ce8584a9f4222618751586818d617e05cd29cc36c8
insertion,307,17,Clean repeat,97011,0,0,3.0,20de741023667cfce537fae3c2ac2e2da5846e22317cb9a68662d6a43d2a3f3f,1ba9db51f9bf758390f099cd6c5593db588999e38469d63a84a42ac45da9457b
insertion,307,17,Clean repeat,97012,0,0,2.0,20de741023667cfce537fae3c2ac2e2da5846e22317cb9a68662d6a43d2a3f3f,9db6f38b589e9febd667cd49ff63dbe860e1d9dc9b5fc0a1c4a51763e2ecd403
insertion,307,17,Clean repeat,97013,0,0,2.0,20de741023667cfce537fae3c2ac2e2da5846e22317cb9a68662d6a43d2a3f3f,2ef4b9d4ab98c21d276f80e33b1127a0c99cb4ae3c85510363ce9e7a0b2ac18c
insertion,307,17,Clean repeat,97014,0,0,0.0,20de741023667cfce537fae3c2ac2e2da5846e22317cb9a68662d6a43d2a3f3f,defd6d0dbd70df45fbdc69db6ab6038e133c2d5433c6a96c0564aecdb0293e8b
insertion,307,17,Clean repeat,97015,0,0,3.0,20de741023667cfce537fae3c2ac2e2da5846e22317cb9a68662d6a43d2a3f3f,21d14d63f2386a7e8303af2dfa5ee74f41a46da503871ffed5e0cc7583959663
insertion,307,17,Clean repeat,97016,0,0,0.0,20de741023667cfce537fae3c2ac2e2da5846e22317cb9a68662d6a43d2a3f3f,3a4e7f2a204a7b736f923ec9fe5921362908e606cba1d7cc554ba134c8114bea
insertion,307,17,Clean repeat,97017,0,0,3.0,20de741023667cfce537fae3c2ac2e2da5846e22317cb9a68662d6a43d2a3f3f,ef526f3537666a216e863a198919ca9380c1126a9204e3a80f05c6fa97fb6ff6
insertion,307,17,Clean repeat,97018,0,0,2.0,20de741023667cfce537fae3c2ac2e2da5846e22317cb9a68662d6a43d2a3f3f,e30e918a1da9ac24f837097b9fff1a1bbd8bf1bb223ede2a9700563adbc67e47
insertion,307,17,Clean repeat,97019,0,0,2.0,20de741023667cfce537fae3c2ac2e2da5846e22317cb9a68662d6a43d2a3f3f,d32cd4cb89a9b4c22f921d4091e8058ba3367041a18ae67dc2874cf8a38cdb17
insertion,307,17,SCANA-R,97000,0,0,3.0,7cbf999fd5325b7e2fd72b46a88a2acd7d5230174fd682a9caddec21091e7147,4247c80a2c6799d330f06bf4a52c2ef2e1ce8457c97596cc8edeece5bc502374
insertion,307,17,SCANA-R,97001,0,0,1.0,7cbf999fd5325b7e2fd72b46a88a2acd7d5230174fd682a9caddec21091e7147,40faa5aed018b29e9ac0b62b6db878ae62ff3c2d0639f560c84540fe664767d0
insertion,307,17,SCANA-R,97002,1,1,4.0,7cbf999fd5325b7e2fd72b46a88a2acd7d5230174fd682a9caddec21091e7147,a095977bffb836026e40a3b468202f9309ce0d98d044740290af573552b6dda1
insertion,307,17,SCANA-R,97003,1,1,4.0,7cbf999fd5325b7e2fd72b46a88a2acd7d5230174fd682a9caddec21091e7147,4b3b6d093eaa47b8dcae2e881e6faff5080015e08b84ca191f9aa724a873150b
insertion,307,17,SCANA-R,97004,1,0,4.0,7cbf999fd5325b7e2fd72b46a88a2acd7d5230174fd682a9caddec21091e7147,e9a2d9aca432782d4cf7ca76e0e127a6df8845bd8cb076ff6a557318e92316cb
insertion,307,17,SCANA-R,97005,0,0,2.0,7cbf999fd5325b7e2fd72b46a88a2acd7d5230174fd682a9caddec21091e7147,933c135d881cf640e1ec8da9037af800c50fa8283c974194ee2e8b7d341ff255
insertion,307,17,SCANA-R,97006,0,0,3.0,7cbf999fd5325b7e2fd72b46a88a2acd7d5230174fd682a9caddec21091e7147,8f53ff5dbc88be210d440f259a35fbe8026edba0a540b99fb33a888c62774d7b
insertion,307,17,SCANA-R,97007,0,0,3.0,7cbf999fd5325b7e2fd72b46a88a2acd7d5230174fd682a9caddec21091e7147,8db5c1d2acba5a2cd6ed96924b1ee6d1851305a7c5e6b3a127f0828d71f89c4f
insertion,307,17,SCANA-R,97008,1,1,4.0,7cbf999fd5325b7e2fd72b46a88a2acd7d5230174fd682a9caddec21091e7147,afb864153478d495df447b9510154604858914055b2d24a91bf539215312dff4
insertion,307,17,SCANA-R,97009,1,1,4.0,7cbf999fd5325b7e2fd72b46a88a2acd7d5230174fd682a9caddec21091e7147,41d5e657dbe908f9259f804a317cd488047b1650d59cb2278c23ee7cf1a5ccdd
insertion,307,17,SCANA-R,97010,1,1,4.0,7cbf999fd5325b7e2fd72b46a88a2acd7d5230174fd682a9caddec21091e7147,51d7cdc26af34ac71d968ed183226a88cf98e577e89e3b342e8584711110e866
insertion,307,17,SCANA-R,97011,1,1,4.0,7cbf999fd5325b7e2fd72b46a88a2acd7d5230174fd682a9caddec21091e7147,5678140d65f8202b6ef505b558044e156c4b7bea28273d3729483ff927a7544f
insertion,307,17,SCANA-R,97012,1,1,4.0,7cbf999fd5325b7e2fd72b46a88a2acd7d5230174fd682a9caddec21091e7147,f7e8169ad0199a7b9a583cec56840bf218d5ef0972a465505c746d1dd5504061
insertion,307,17,SCANA-R,97013,0,0,3.0,7cbf999fd5325b7e2fd72b46a88a2acd7d5230174fd682a9caddec21091e7147,230d215bde479fac34405b9d3eff7968dee9f32fa2c2ec0e16003f45b8110b64
insertion,307,17,SCANA-R,97014,0,0,2.0,7cbf999fd5325b7e2fd72b46a88a2acd7d5230174fd682a9caddec21091e7147,fe0aae23a2a1756e1e8f7552ea0427ed40ed5b31d5f56695ef55a842fad3143a
insertion,307,17,SCANA-R,97015,0,0,3.0,7cbf999fd5325b7e2fd72b46a88a2acd7d5230174fd682a9caddec21091e7147,d5c2fef25605329a1c055c97bd70cbf277bf039b9e8e0401b8703669d752f624
insertion,307,17,SCANA-R,97016,0,0,2.0,7cbf999fd5325b7e2fd72b46a88a2acd7d5230174fd682a9caddec21091e7147,cf48909d3184a39c6df5c631c654f37aa4269b7391af6d4efcbc745d418600f5
insertion,307,17,SCANA-R,97017,1,1,4.0,7cbf999fd5325b7e2fd72b46a88a2acd7d5230174fd682a9caddec21091e7147,b8b3546d96403b4bdc27d6c70503c36b3f82706cac25ef5338917eabec821ad2
insertion,307,17,SCANA-R,97018,0,0,3.0,7cbf999fd5325b7e2fd72b46a88a2acd7d5230174fd682a9caddec21091e7147,93c304360d58ccb7b9d342a51c93ccfb078fcb313e9c2b0335a38f4ad6f209a6
insertion,307,17,SCANA-R,97019,1,1,4.0,7cbf999fd5325b7e2fd72b46a88a2acd7d5230174fd682a9caddec21091e7147,937a004f75cce8d0bc2cbfdaea0db047152c28359629a16869d45222ac510328
insertion,307,17,Gaussian recovery,97000,0,0,3.0,76a9ae93d6f001e6430a9bb4c4984da12a562e0d41d1b67fb0a3a16057c138f3,4bc9c6128c20642dfc80eeba4623b24e51c18178cfbb4ffa7e4db2b4eadfd3c2
insertion,307,17,Gaussian recovery,97001,0,0,1.0,76a9ae93d6f001e6430a9bb4c4984da12a562e0d41d1b67fb0a3a16057c138f3,92524d0af7c567f416e47e46e49a27469dcc15fb863258273078505939581947
insertion,307,17,Gaussian recovery,97002,0,0,3.0,76a9ae93d6f001e6430a9bb4c4984da12a562e0d41d1b67fb0a3a16057c138f3,aabe52678f9a954f060998abb421775db9e9f1c6f464afa8897be47752771a99
insertion,307,17,Gaussian recovery,97003,0,0,3.0,76a9ae93d6f001e6430a9bb4c4984da12a562e0d41d1b67fb0a3a16057c138f3,8a2f2c7c4a33af11855d0eb8a95b77c1d78c201810f39700c9b9ee3405156c0e
insertion,307,17,Gaussian recovery,97004,0,0,3.0,76a9ae93d6f001e6430a9bb4c4984da12a562e0d41d1b67fb0a3a16057c138f3,cb023bfc204b288a2dbdb922b4ded4591e2114dc9e99be72ade6bf7bd8ecef72
insertion,307,17,Gaussian recovery,97005,1,0,4.0,76a9ae93d6f001e6430a9bb4c4984da12a562e0d41d1b67fb0a3a16057c138f3,61d315c8e805449b8f860dfaf3ef9331a5558a138e4346b37d2d52d31363ef01
insertion,307,17,Gaussian recovery,97006,1,0,4.0,76a9ae93d6f001e6430a9bb4c4984da12a562e0d41d1b67fb0a3a16057c138f3,750b8e5894ccfe74ec7b2a82f92c0420f16ab1fed695e1ac45e05494ca42f886
insertion,307,17,Gaussian recovery,97007,0,0,3.0,76a9ae93d6f001e6430a9bb4c4984da12a562e0d41d1b67fb0a3a16057c138f3,21e77de1e96101eb29426701571737cadf3f8e85f116c22bd77aebb73a41df1f
insertion,307,17,Gaussian recovery,97008,1,0,4.0,76a9ae93d6f001e6430a9bb4c4984da12a562e0d41d1b67fb0a3a16057c138f3,1667d3e7ec70035b672c8e25e9ab90362c0de337c70c26d71bb7fc706cdf7ed5
insertion,307,17,Gaussian recovery,97009,0,0,3.0,76a9ae93d6f001e6430a9bb4c4984da12a562e0d41d1b67fb0a3a16057c138f3,e670887a5f2146f65df4b9a7b7dff40c32c502357d1d0489ee0452195531292a
insertion,307,17,Gaussian recovery,97010,1,1,4.0,76a9ae93d6f001e6430a9bb4c4984da12a562e0d41d1b67fb0a3a16057c138f3,48f42477b891b27831f7bc670d73725dd5b2a91e725fa724c85c86f3f8a16994
insertion,307,17,Gaussian recovery,97011,0,0,3.0,76a9ae93d6f001e6430a9bb4c4984da12a562e0d41d1b67fb0a3a16057c138f3,6c75e8a340849c354f36f8dc3e4a4541cd28d5858cb24826a5a56427ebe110dc
insertion,307,17,Gaussian recovery,97012,0,0,3.0,76a9ae93d6f001e6430a9bb4c4984da12a562e0d41d1b67fb0a3a16057c138f3,5fad70166ef0a524a31978262e2c9f4098836521bfef64f386a12e3971237771
insertion,307,17,Gaussian recovery,97013,0,0,3.0,76a9ae93d6f001e6430a9bb4c4984da12a562e0d41d1b67fb0a3a16057c138f3,63ab99000aee238375fba714d05b67c4b55568baebd672e3f105589073b014e8
insertion,307,17,Gaussian recovery,97014,0,0,3.0,76a9ae93d6f001e6430a9bb4c4984da12a562e0d41d1b67fb0a3a16057c138f3,84765073ec0d96556e215fe52247f3dda42a7610e6000d952e053ae9f77bc6f9
insertion,307,17,Gaussian recovery,97015,1,0,4.0,76a9ae93d6f001e6430a9bb4c4984da12a562e0d41d1b67fb0a3a16057c138f3,ce1259fb3d7bdeaffc5caa33db7014ad152b17a65537936ed0eb1fb3c5c02c26
insertion,307,17,Gaussian recovery,97016,1,0,4.0,76a9ae93d6f001e6430a9bb4c4984da12a562e0d41d1b67fb0a3a16057c138f3,40dd6b925ead97c9b1d7092b3a07fb16268bd40dcc23732c50e57c0c732831bd
insertion,307,17,Gaussian recovery,97017,1,0,4.0,76a9ae93d6f001e6430a9bb4c4984da12a562e0d41d1b67fb0a3a16057c138f3,dcf186d9e63e9e2702e9fb9b975d13633cd654b12028967f98d07039a89c8936
insertion,307,17,Gaussian recovery,97018,0,0,3.0,76a9ae93d6f001e6430a9bb4c4984da12a562e0d41d1b67fb0a3a16057c138f3,bd6db69d126c51c9c6f3fa3c6ce1e3419626af8f8bb5d8b7eba9d9794213451a
insertion,307,17,Gaussian recovery,97019,1,0,4.0,76a9ae93d6f001e6430a9bb4c4984da12a562e0d41d1b67fb0a3a16057c138f3,7dc2680dd1dfbf36ca5593c0b7f1f9caf4e81b07bcbe599ac47a6af5682b9e53
insertion,307,17,No cross-fitting,97000,1,1,4.0,e0ef2dd31a003e7d4817247f2f398235e43a6c3ef5444fcc3808c854f3040136,77eef68f61ed6c6ea52f851bdd44c06acc9509257d102144baee457d68a70f55
insertion,307,17,No cross-fitting,97001,1,1,4.0,e0ef2dd31a003e7d4817247f2f398235e43a6c3ef5444fcc3808c854f3040136,1d0fcf61d0a3284be69594144d66e43d8d2a75e8f842b124d3576e769fbac97d
insertion,307,17,No cross-fitting,97002,1,1,4.0,e0ef2dd31a003e7d4817247f2f398235e43a6c3ef5444fcc3808c854f3040136,412aca4bd1908e77311baf962936c69d55aa334045e71ab293a19a3e9b6364e3
insertion,307,17,No cross-fitting,97003,0,0,2.0,e0ef2dd31a003e7d4817247f2f398235e43a6c3ef5444fcc3808c854f3040136,5dc8a33d8bf0052839d4bf9c35c661b566328e8720d034a159f123458120c058
insertion,307,17,No cross-fitting,97004,1,1,4.0,e0ef2dd31a003e7d4817247f2f398235e43a6c3ef5444fcc3808c854f3040136,0d3332748b75b2df9900c6bccad3cae3416aa1210956935c9c8eeb71a41f0a3c
insertion,307,17,No cross-fitting,97005,0,0,2.0,e0ef2dd31a003e7d4817247f2f398235e43a6c3ef5444fcc3808c854f3040136,b1345beba7a78244d146129902f0883e612994a202060c1016a2438e281588a5
insertion,307,17,No cross-fitting,97006,1,0,4.0,e0ef2dd31a003e7d4817247f2f398235e43a6c3ef5444fcc3808c854f3040136,80e30520b552a2b2630a4bbc16f6686cef1f7153b1cd63e2b3f7124b280d1c36
insertion,307,17,No cross-fitting,97007,1,0,4.0,e0ef2dd31a003e7d4817247f2f398235e43a6c3ef5444fcc3808c854f3040136,f7a27c10375653c92bc507b7549ae1218f3947c121d6e0f9f771b3e2cd5e4245
insertion,307,17,No cross-fitting,97008,1,1,4.0,e0ef2dd31a003e7d4817247f2f398235e43a6c3ef5444fcc3808c854f3040136,9e39d2e4b9b0e29efbe4b1c97dc0e28dad3bb925fe95d7bcbaa883ac6d0a2d57
insertion,307,17,No cross-fitting,97009,1,0,4.0,e0ef2dd31a003e7d4817247f2f398235e43a6c3ef5444fcc3808c854f3040136,358af06c39b7b9968ca937e4272d9233b352b877896bbe8a8298ea81a4272cbb
insertion,307,17,No cross-fitting,97010,1,1,4.0,e0ef2dd31a003e7d4817247f2f398235e43a6c3ef5444fcc3808c854f3040136,b53e7d5cd83eee33ea02f9833f11b8f932e596ed8700037c8052ba17952be6b1
insertion,307,17,No cross-fitting,97011,1,0,4.0,e0ef2dd31a003e7d4817247f2f398235e43a6c3ef5444fcc3808c854f3040136,8b75e714c24cf4ce9f618e1be3fa2e23d5564a36bba7c029f01058431d5e5faa
insertion,307,17,No cross-fitting,97012,0,0,2.0,e0ef2dd31a003e7d4817247f2f398235e43a6c3ef5444fcc3808c854f3040136,71f463bec313a526cc0f0f42384cd4f78ac497606d4cedd6e3f311e9c6b682c9
insertion,307,17,No cross-fitting,97013,1,1,4.0,e0ef2dd31a003e7d4817247f2f398235e43a6c3ef5444fcc3808c854f3040136,11d6eda4b3c9a3d43d3355bc2989a481a0f2808918b413f8360440720f99a57e
insertion,307,17,No cross-fitting,97014,0,0,2.0,e0ef2dd31a003e7d4817247f2f398235e43a6c3ef5444fcc3808c854f3040136,b1ac2c01f2e6375348ad9e38c3237f0ec238dfbb97e6fa1a92243c350bd32ec4
insertion,307,17,No cross-fitting,97015,1,0,4.0,e0ef2dd31a003e7d4817247f2f398235e43a6c3ef5444fcc3808c854f3040136,d7599e5eefbcc08c1941e5f71641db93f1f904b38b267b2626d61f7bcb529c58
insertion,307,17,No cross-fitting,97016,0,0,3.0,e0ef2dd31a003e7d4817247f2f398235e43a6c3ef5444fcc3808c854f3040136,8980142b16de0d961da247485bbbfab8b275fccb07748431f65a1cd2e7939e68
insertion,307,17,No cross-fitting,97017,1,1,4.0,e0ef2dd31a003e7d4817247f2f398235e43a6c3ef5444fcc3808c854f3040136,09e0be3d355961f695d2f766aa6bb5ff57d5d246b95f4b3a4ed934331ba0d4de
insertion,307,17,No cross-fitting,97018,0,0,3.0,e0ef2dd31a003e7d4817247f2f398235e43a6c3ef5444fcc3808c854f3040136,4ee5e775074541a2424303c11f89dd7532e10143dcb89e1321bc45128fda0299
insertion,307,17,No cross-fitting,97019,1,1,4.0,e0ef2dd31a003e7d4817247f2f398235e43a6c3ef5444fcc3808c854f3040136,58a3f6b5859adfd853de2e48f6fd8891ed52d2d73e051481dc6559c916f44705
insertion,307,17,Global-time errors,97000,0,0,3.0,c22cdd7593effd92053c1ddcf288a1fa0f8db8cb64008ebbb3634a2b5ddadd2a,3b20b6ede0d15093bb45399caadc2f8345b1f0a9c8394eeb228588dfb37182f3
insertion,307,17,Global-time errors,97001,0,0,3.0,c22cdd7593effd92053c1ddcf288a1fa0f8db8cb64008ebbb3634a2b5ddadd2a,9fb8cc5cbba7d34302237bcaeea650e505b9766e9e212ca6727d3a2816702787
insertion,307,17,Global-time errors,97002,1,1,4.0,c22cdd7593effd92053c1ddcf288a1fa0f8db8cb64008ebbb3634a2b5ddadd2a,875df511f3d1aecf9129d17432253723b9aeb1938f2c8f3647cc81f1f7520633
insertion,307,17,Global-time errors,97003,0,0,3.0,c22cdd7593effd92053c1ddcf288a1fa0f8db8cb64008ebbb3634a2b5ddadd2a,43f230ebd6e079f6dfc88903a3139e340f315c15609a593048e587316f3a391f
insertion,307,17,Global-time errors,97004,0,0,3.0,c22cdd7593effd92053c1ddcf288a1fa0f8db8cb64008ebbb3634a2b5ddadd2a,b7eaeee78f8800a4daacd99af0dfae32969def7bcac44cb96e29229a10ecea70
insertion,307,17,Global-time errors,97005,1,0,4.0,c22cdd7593effd92053c1ddcf288a1fa0f8db8cb64008ebbb3634a2b5ddadd2a,603982154360fd64cca530feed23dc5035fef730106dd856c5d3d7da56603807
insertion,307,17,Global-time errors,97006,1,1,4.0,c22cdd7593effd92053c1ddcf288a1fa0f8db8cb64008ebbb3634a2b5ddadd2a,c79cfd6ddaeab9af86325ab335e7c7a3fc31728415e549aab945bde26a291558
insertion,307,17,Global-time errors,97007,1,1,4.0,c22cdd7593effd92053c1ddcf288a1fa0f8db8cb64008ebbb3634a2b5ddadd2a,78581aec8cf8a22fb50bee438a5762ce7236064317f5c02edab716eaa8870e99
insertion,307,17,Global-time errors,97008,0,0,3.0,c22cdd7593effd92053c1ddcf288a1fa0f8db8cb64008ebbb3634a2b5ddadd2a,9718e27e2b617ac46fe6534f533be53785d11063ec71a9d2597942a26cc9fb28
insertion,307,17,Global-time errors,97009,0,0,3.0,c22cdd7593effd92053c1ddcf288a1fa0f8db8cb64008ebbb3634a2b5ddadd2a,47c8bbb56db3d32c4cb942f864ff7774d89f47d7d9a8da7af1f68858e02552aa
insertion,307,17,Global-time errors,97010,1,1,4.0,c22cdd7593effd92053c1ddcf288a1fa0f8db8cb64008ebbb3634a2b5ddadd2a,6e2a35faed98a2ea746fb1e238648564d30288b0b5ce194e8a73cf48979e2828
insertion,307,17,Global-time errors,97011,1,0,4.0,c22cdd7593effd92053c1ddcf288a1fa0f8db8cb64008ebbb3634a2b5ddadd2a,0db90fe3cdb4a7b40fb12bb070a899851e3b323f708af4e7bb63ba3d9cdaf36d
insertion,307,17,Global-time errors,97012,1,1,4.0,c22cdd7593effd92053c1ddcf288a1fa0f8db8cb64008ebbb3634a2b5ddadd2a,f8132d4714467f63c03b8bffc9aba5e57278ea7776a387f01ef3e7ca1c2c83a9
insertion,307,17,Global-time errors,97013,0,0,3.0,c22cdd7593effd92053c1ddcf288a1fa0f8db8cb64008ebbb3634a2b5ddadd2a,24b8b2825ad9f009811316ab8446004b3c5c79079dd5a05698287d4ee592285f
insertion,307,17,Global-time errors,97014,0,0,2.0,c22cdd7593effd92053c1ddcf288a1fa0f8db8cb64008ebbb3634a2b5ddadd2a,974f42d2252b734f3417c8cdd8882274fd6c3160e9473491522bc087f1940ebb
insertion,307,17,Global-time errors,97015,1,1,4.0,c22cdd7593effd92053c1ddcf288a1fa0f8db8cb64008ebbb3634a2b5ddadd2a,535d9c94d91ecc392c1de8b34081b65f8c94a3beea0704f48930047a2436312f
insertion,307,17,Global-time errors,97016,0,0,2.0,c22cdd7593effd92053c1ddcf288a1fa0f8db8cb64008ebbb3634a2b5ddadd2a,c7f055d7114a3ab68dd76c46825f12a389bc4346f127e0e5e00a0405c4fb84a3
insertion,307,17,Global-time errors,97017,1,1,4.0,c22cdd7593effd92053c1ddcf288a1fa0f8db8cb64008ebbb3634a2b5ddadd2a,39f14f98274fea046e3815d65b1b177ea6bb4730b9c9bfc579d3440025008665
insertion,307,17,Global-time errors,97018,0,0,3.0,c22cdd7593effd92053c1ddcf288a1fa0f8db8cb64008ebbb3634a2b5ddadd2a,6d7bd125ba07517dd340cff2a28e2632011829acf1bccd170008558440217651
insertion,307,17,Global-time errors,97019,1,1,4.0,c22cdd7593effd92053c1ddcf288a1fa0f8db8cb64008ebbb3634a2b5ddadd2a,5675d8e547090534dd91196cd8ccf6c69e0ee4ce8a229c674a7801d9185193f2
insertion,307,17,No intermediate backtracking,97000,0,0,3.0,081fb80d13aa070bd9460758d5c1703ddc12812e5dfbdfaaec9de07b305c6495,f41ef204237061edefc20699f8139d0006aa4f2d21b4829e5b8191e1c4c14e92
insertion,307,17,No intermediate backtracking,97001,0,0,1.0,081fb80d13aa070bd9460758d5c1703ddc12812e5dfbdfaaec9de07b305c6495,09f4ce7c0dd140f201ee563a3473f5bcab42eccabb6eacabff0d75e7b396c09a
insertion,307,17,No intermediate backtracking,97002,1,0,4.0,081fb80d13aa070bd9460758d5c1703ddc12812e5dfbdfaaec9de07b305c6495,6576a58e57850c0205a18660e030e34c868ded96b99d3309e3778541272d1719
insertion,307,17,No intermediate backtracking,97003,0,0,3.0,081fb80d13aa070bd9460758d5c1703ddc12812e5dfbdfaaec9de07b305c6495,998272faeef0de517d6f254a354b467a3140640d81490b6148b0974c860af418
insertion,307,17,No intermediate backtracking,97004,0,0,2.0,081fb80d13aa070bd9460758d5c1703ddc12812e5dfbdfaaec9de07b305c6495,a43f2051f33b08e3817cb297e13a13ebfe4cf5d1b1e0b7a684b0e4b0a6a14240
insertion,307,17,No intermediate backtracking,97005,0,0,2.0,081fb80d13aa070bd9460758d5c1703ddc12812e5dfbdfaaec9de07b305c6495,3bbfc0ff15e7eb58160bdf7613d63dd642667f47d51dbb3b7633dc4a6ceea0de
insertion,307,17,No intermediate backtracking,97006,0,0,3.0,081fb80d13aa070bd9460758d5c1703ddc12812e5dfbdfaaec9de07b305c6495,83ae532df0d114ad8142265a431b5890281e9cacd7e7f2863e62ff79887cabe2
insertion,307,17,No intermediate backtracking,97007,1,1,4.0,081fb80d13aa070bd9460758d5c1703ddc12812e5dfbdfaaec9de07b305c6495,6263b582fd699022a752fbf6a2edaf5e9ebb65b98ef79fb2ebbbf2a3a19ad7a4
insertion,307,17,No intermediate backtracking,97008,0,0,2.0,081fb80d13aa070bd9460758d5c1703ddc12812e5dfbdfaaec9de07b305c6495,9a8fb5d337c83d1c274c63a0cf1c9a89f47a6ae54a5c596555bfff8be4ed77bd
insertion,307,17,No intermediate backtracking,97009,0,0,2.0,081fb80d13aa070bd9460758d5c1703ddc12812e5dfbdfaaec9de07b305c6495,a2982fa3786449ced0e8fc1189dbec1d462e91b3af10c9ae4dc3008034bca23d
insertion,307,17,No intermediate backtracking,97010,0,0,2.0,081fb80d13aa070bd9460758d5c1703ddc12812e5dfbdfaaec9de07b305c6495,f9a06d547937821c4e8e1060386e241bfc09846d2295a454e517692c331c7dec
insertion,307,17,No intermediate backtracking,97011,1,0,4.0,081fb80d13aa070bd9460758d5c1703ddc12812e5dfbdfaaec9de07b305c6495,bcd6061eeb3876e5c656b8a0267c6499725ce95f4d3d69936f96e094b4feddb9
insertion,307,17,No intermediate backtracking,97012,0,0,3.0,081fb80d13aa070bd9460758d5c1703ddc12812e5dfbdfaaec9de07b305c6495,b8eda6a31431acad7972667445fbb0c7e11dc6de597c7625313b86d7f4734bef
insertion,307,17,No intermediate backtracking,97013,0,0,2.0,081fb80d13aa070bd9460758d5c1703ddc12812e5dfbdfaaec9de07b305c6495,ed6d75494bd448d76b88d7149e7d0232f80bf5c6cd3dd647df02ec836b2f769d
insertion,307,17,No intermediate backtracking,97014,0,0,1.0,081fb80d13aa070bd9460758d5c1703ddc12812e5dfbdfaaec9de07b305c6495,4ecf3d741ed59278f9aaa5d320011c2bfd86b6e126766f3e877a39499bb429b9
insertion,307,17,No intermediate backtracking,97015,1,0,4.0,081fb80d13aa070bd9460758d5c1703ddc12812e5dfbdfaaec9de07b305c6495,015fc94497c2c7e46dda905358ff0261a8e4f87e743b96a79cd529dcfcb01d77
insertion,307,17,No intermediate backtracking,97016,0,0,2.0,081fb80d13aa070bd9460758d5c1703ddc12812e5dfbdfaaec9de07b305c6495,1b0edc09021ae714f9690b92370c8b24f09db10f610de21bb990b467985cd150
insertion,307,17,No intermediate backtracking,97017,0,0,3.0,081fb80d13aa070bd9460758d5c1703ddc12812e5dfbdfaaec9de07b305c6495,cb6fea6e342ca08874e869b6a792f682b248eb89197796f53229dc75d91a503a
insertion,307,17,No intermediate backtracking,97018,0,0,3.0,081fb80d13aa070bd9460758d5c1703ddc12812e5dfbdfaaec9de07b305c6495,e7aaa957133edee905669afe0cb07b195e253f8aa056f16ab9d6d605f30dce24
insertion,307,17,No intermediate backtracking,97019,1,1,4.0,081fb80d13aa070bd9460758d5c1703ddc12812e5dfbdfaaec9de07b305c6495,3e5947176c4afb436f6e5c96a863c5f41ae3b1413bcc08d36add9a78d5325e7d
insertion,307,17,Gaussian CPU budget,97000,1,1,4.0,dd8893a42a1e4e4eff1ecdcfb0686554d0171ddbecb46e6c28d3e8c1a1f1f543,3ee0b178055af8501e6587d63f69d78629db2e42af10a3696e65ade77b2c93a9
insertion,307,17,Gaussian CPU budget,97001,0,0,2.0,dd8893a42a1e4e4eff1ecdcfb0686554d0171ddbecb46e6c28d3e8c1a1f1f543,9ccebd15cfa15f5ad7630eb886ba448071d974ef9fef277971a1adf194980f55
insertion,307,17,Gaussian CPU budget,97002,1,1,4.0,dd8893a42a1e4e4eff1ecdcfb0686554d0171ddbecb46e6c28d3e8c1a1f1f543,06d617429c62486ac29aae78598ac4ba950051d92745191a1b62593c212d9375
insertion,307,17,Gaussian CPU budget,97003,1,1,4.0,dd8893a42a1e4e4eff1ecdcfb0686554d0171ddbecb46e6c28d3e8c1a1f1f543,f43d901a680eaf460c1f227079f36ae8b1ca6bcd93049767f73bcb914470f20d
insertion,307,17,Gaussian CPU budget,97004,0,0,2.0,dd8893a42a1e4e4eff1ecdcfb0686554d0171ddbecb46e6c28d3e8c1a1f1f543,3bbf982152f12820db837ca241845458c48c6dc3dd265950103e189d813a70cd
insertion,307,17,Gaussian CPU budget,97005,0,0,2.0,dd8893a42a1e4e4eff1ecdcfb0686554d0171ddbecb46e6c28d3e8c1a1f1f543,922bf6c75a9de3e396307c8ad2ccf6ee990f65577309993d9b7980de6ffb5237
insertion,307,17,Gaussian CPU budget,97006,1,1,4.0,dd8893a42a1e4e4eff1ecdcfb0686554d0171ddbecb46e6c28d3e8c1a1f1f543,6e16d2402de1be2d4636b2266d7ab13fec83a4b7efa999c22cfaf95df6ee4741
insertion,307,17,Gaussian CPU budget,97007,1,0,4.0,dd8893a42a1e4e4eff1ecdcfb0686554d0171ddbecb46e6c28d3e8c1a1f1f543,3daf56c528396c0ea6ff2090061a5feef86a3282544de3502e4efad54f0bec80
insertion,307,17,Gaussian CPU budget,97008,0,0,2.0,dd8893a42a1e4e4eff1ecdcfb0686554d0171ddbecb46e6c28d3e8c1a1f1f543,4e771f5fe8030e3be5cd6f565e51c587a00093dad6679f6ab0d2c033a77a1e3a
insertion,307,17,Gaussian CPU budget,97009,1,1,4.0,dd8893a42a1e4e4eff1ecdcfb0686554d0171ddbecb46e6c28d3e8c1a1f1f543,f5483e56584ee261114ab1e1641d740ce3d888b9f4412e78c72bfbc201f088ee
insertion,307,17,Gaussian CPU budget,97010,0,0,2.0,dd8893a42a1e4e4eff1ecdcfb0686554d0171ddbecb46e6c28d3e8c1a1f1f543,7cec4372c47ed5044786a7551f0dbed006272597734853cbb476fcb466ba7444
insertion,307,17,Gaussian CPU budget,97011,0,0,2.0,dd8893a42a1e4e4eff1ecdcfb0686554d0171ddbecb46e6c28d3e8c1a1f1f543,c326c73dc094fb812aeab264cca6b119dcb1f274a00376fd1c3d1641e7c9e5d0
insertion,307,17,Gaussian CPU budget,97012,1,1,4.0,dd8893a42a1e4e4eff1ecdcfb0686554d0171ddbecb46e6c28d3e8c1a1f1f543,1dbbb2f40122aa54c2652480d81a55fd46401a9fe7c6a9be257d8b6da1dadec6
insertion,307,17,Gaussian CPU budget,97013,0,0,3.0,dd8893a42a1e4e4eff1ecdcfb0686554d0171ddbecb46e6c28d3e8c1a1f1f543,be943f423b899778225bf595647bd7e14d923b67f3f50fd4057956c9c3d6caba
insertion,307,17,Gaussian CPU budget,97014,1,1,4.0,dd8893a42a1e4e4eff1ecdcfb0686554d0171ddbecb46e6c28d3e8c1a1f1f543,08e90054371bd2acb063a85a50d7980e2a51f2850875008a6b14e5dec257835d
insertion,307,17,Gaussian CPU budget,97015,1,1,4.0,dd8893a42a1e4e4eff1ecdcfb0686554d0171ddbecb46e6c28d3e8c1a1f1f543,47b2cb779a18f8cc8fdd7433ccebf6fb7fca7b3714fdfecdd5c4242cce87aa44
insertion,307,17,Gaussian CPU budget,97016,1,1,4.0,dd8893a42a1e4e4eff1ecdcfb0686554d0171ddbecb46e6c28d3e8c1a1f1f543,87aaabad51493f072490f93e19938cf190e95aba913e1da498f098dcee35bddd
insertion,307,17,Gaussian CPU budget,97017,1,1,4.0,dd8893a42a1e4e4eff1ecdcfb0686554d0171ddbecb46e6c28d3e8c1a1f1f543,3d8e61802c45faf333bb90c3b9aca481a67757f003c99389b84c064bc90ece8d
insertion,307,17,Gaussian CPU budget,97018,1,1,4.0,dd8893a42a1e4e4eff1ecdcfb0686554d0171ddbecb46e6c28d3e8c1a1f1f543,ba19e80f27d8dff8cc6c3de3d1ab56a68b2fe66c79d827c529fa46d7f10728a2
insertion,307,17,Gaussian CPU budget,97019,1,0,4.0,dd8893a42a1e4e4eff1ecdcfb0686554d0171ddbecb46e6c28d3e8c1a1f1f543,701b6b81df8dc23a6d521e37dc46ff29e8b9a0c645bfd460a7ac2004168d6c21
insertion,307,29,Clean repeat,97000,0,0,3.0,3bf7706a012b1649cfe1b20eec22a39135fb449cac811a7521639d780d01af1f,0e9504ff08633dcb4bcc503bb9e7e897e2a823b354c54abb9ac7425d1b9c38a0
insertion,307,29,Clean repeat,97001,0,0,2.0,3bf7706a012b1649cfe1b20eec22a39135fb449cac811a7521639d780d01af1f,9e8ff3250d5dba030612ed92434138a58d5402f942b1e31572d0ad9529f33b35
insertion,307,29,Clean repeat,97002,1,0,4.0,3bf7706a012b1649cfe1b20eec22a39135fb449cac811a7521639d780d01af1f,de4e2498b902d09abc528dbfd3b9b241aa301fd7b7437d0f686ca36901efce66
insertion,307,29,Clean repeat,97003,0,0,0.0,3bf7706a012b1649cfe1b20eec22a39135fb449cac811a7521639d780d01af1f,848b2368f7b6e0aeb0b0b04f4eea06a3150a6403b7ada09bbf742177f612012f
insertion,307,29,Clean repeat,97004,1,1,4.0,3bf7706a012b1649cfe1b20eec22a39135fb449cac811a7521639d780d01af1f,fd499f5f7f66122944df40ea498800e8fcdb2ef72103e3bac715eb6360c7534c
insertion,307,29,Clean repeat,97005,0,0,2.0,3bf7706a012b1649cfe1b20eec22a39135fb449cac811a7521639d780d01af1f,ceaef29b503b2c189b77c7b14994d1fdd109ab4ca6e9ccf10c21fc2825d5ff80
insertion,307,29,Clean repeat,97006,0,0,3.0,3bf7706a012b1649cfe1b20eec22a39135fb449cac811a7521639d780d01af1f,20ad060e4f82206ec35df6406f8e9191580a1a6faad2ab515689e32a031ee373
insertion,307,29,Clean repeat,97007,1,1,4.0,3bf7706a012b1649cfe1b20eec22a39135fb449cac811a7521639d780d01af1f,4177e669a3a1472704688e223c93ed07580248343a6a28b462443295d6c637da
insertion,307,29,Clean repeat,97008,0,0,3.0,3bf7706a012b1649cfe1b20eec22a39135fb449cac811a7521639d780d01af1f,5147d99464b1322b6e9ed39e6298c42237568013b79a9c2c56629a42ba7916c8
insertion,307,29,Clean repeat,97009,1,1,4.0,3bf7706a012b1649cfe1b20eec22a39135fb449cac811a7521639d780d01af1f,bf37b6b7b7686596f5171d17d52314796d5a9f282d8b4a668043c485e206fe85
insertion,307,29,Clean repeat,97010,0,0,3.0,3bf7706a012b1649cfe1b20eec22a39135fb449cac811a7521639d780d01af1f,037e9d8d6fd8aa87697f276370a6f2080b74d38053b95b55a5f41cb16c852c8a
insertion,307,29,Clean repeat,97011,1,1,4.0,3bf7706a012b1649cfe1b20eec22a39135fb449cac811a7521639d780d01af1f,e55d8f90a4301b4a696a6f8d6a18013fac9ac735b9d71c8d6e3d1c14c93fdd09
insertion,307,29,Clean repeat,97012,1,0,4.0,3bf7706a012b1649cfe1b20eec22a39135fb449cac811a7521639d780d01af1f,0cfeb7b226a7724a0d3f1880b0d4909fdbdd98ee31fad427628ec5aed80553d1
insertion,307,29,Clean repeat,97013,0,0,2.0,3bf7706a012b1649cfe1b20eec22a39135fb449cac811a7521639d780d01af1f,836b449cb5b4ccdf6c69fb5a39347659d5e7e05db139c6432411c87484ab4781
insertion,307,29,Clean repeat,97014,0,0,2.0,3bf7706a012b1649cfe1b20eec22a39135fb449cac811a7521639d780d01af1f,f68c181fe7304bb78cb008eb1093b0f1a044a31a04558040511ae9acb5cac357
insertion,307,29,Clean repeat,97015,1,0,4.0,3bf7706a012b1649cfe1b20eec22a39135fb449cac811a7521639d780d01af1f,2488782e509bb60833bade16c0d9744e32b20e8d1e386fb11053d17022c4165c
insertion,307,29,Clean repeat,97016,0,0,2.0,3bf7706a012b1649cfe1b20eec22a39135fb449cac811a7521639d780d01af1f,d0a2c1b5582d1dafad0617da0a62c649e5c5d74bd9f0f65b6b3ced3f2013f90d
insertion,307,29,Clean repeat,97017,0,0,2.0,3bf7706a012b1649cfe1b20eec22a39135fb449cac811a7521639d780d01af1f,418701b4e71362e16fa1636517fd1c434beba6a1cd22fad825bd46ce01bd7ffd
insertion,307,29,Clean repeat,97018,0,0,3.0,3bf7706a012b1649cfe1b20eec22a39135fb449cac811a7521639d780d01af1f,5183d09ba6eabc587c372149689c42495aaf2ab43507bc60958bdef55049bede
insertion,307,29,Clean repeat,97019,1,0,4.0,3bf7706a012b1649cfe1b20eec22a39135fb449cac811a7521639d780d01af1f,62b39f37f1f92a26ea87381bf0d00e6005da027cad05f1d6f9aa7785c6480109
insertion,307,29,SCANA-R,97000,0,0,3.0,8dc0a048d8cab04d7bdcd740177e3263922c1a678aa5ac4ab59155e7d0eb7f9a,cf4409ff4980df91a322ee8c275570041d6c72fe925184bd5c801c97dd4164f1
insertion,307,29,SCANA-R,97001,0,0,2.0,8dc0a048d8cab04d7bdcd740177e3263922c1a678aa5ac4ab59155e7d0eb7f9a,499621558eaf8dba6cdaf47005f3a70debe1e8d8e38ecf0f4e79c70c662ed637
insertion,307,29,SCANA-R,97002,1,1,4.0,8dc0a048d8cab04d7bdcd740177e3263922c1a678aa5ac4ab59155e7d0eb7f9a,26f64fb128788d09daa639e54d030d9cdceec223e663c1b9504d5c18617ae5bd
insertion,307,29,SCANA-R,97003,0,0,2.0,8dc0a048d8cab04d7bdcd740177e3263922c1a678aa5ac4ab59155e7d0eb7f9a,9a4d7b85dca6ed2f227867777063a03b41330af4760c652d5db35e43afc4fd73
insertion,307,29,SCANA-R,97004,1,1,4.0,8dc0a048d8cab04d7bdcd740177e3263922c1a678aa5ac4ab59155e7d0eb7f9a,1b626d3216847fc9dd80523c8df655861fcfba2b301c79e5d627887efd2ddda2
insertion,307,29,SCANA-R,97005,1,1,4.0,8dc0a048d8cab04d7bdcd740177e3263922c1a678aa5ac4ab59155e7d0eb7f9a,c05b8911af93ac5bd7c2788ad7b66b56ab4b9eac93d1f55512bf50ad1dbd8ec3
insertion,307,29,SCANA-R,97006,1,1,4.0,8dc0a048d8cab04d7bdcd740177e3263922c1a678aa5ac4ab59155e7d0eb7f9a,6c4705e09ff4f371b867a4130c72ac903a92f8a3df1ff0bb974f71bf4348748c
insertion,307,29,SCANA-R,97007,1,1,4.0,8dc0a048d8cab04d7bdcd740177e3263922c1a678aa5ac4ab59155e7d0eb7f9a,6d734e9e06b7104aae2717c856f5aaa4afc23c631b38874bda64dc5b8b001552
insertion,307,29,SCANA-R,97008,1,1,4.0,8dc0a048d8cab04d7bdcd740177e3263922c1a678aa5ac4ab59155e7d0eb7f9a,2e49e1c52554069a529b55f4af3b88cf0caf31c6042020991e11b158d0ef94d0
insertion,307,29,SCANA-R,97009,0,0,3.0,8dc0a048d8cab04d7bdcd740177e3263922c1a678aa5ac4ab59155e7d0eb7f9a,4aec074410340484ff09690fdbbe19823996920353b3cdd9c885634cd116ac95
insertion,307,29,SCANA-R,97010,0,0,3.0,8dc0a048d8cab04d7bdcd740177e3263922c1a678aa5ac4ab59155e7d0eb7f9a,19408eed2ef3478a029d56d6726aa91e528280c09809d5321b41e2fefa9cba4f
insertion,307,29,SCANA-R,97011,1,1,4.0,8dc0a048d8cab04d7bdcd740177e3263922c1a678aa5ac4ab59155e7d0eb7f9a,9b786b196d3d7d9900e76d19031eeb8724bfdc528d56e835db36e370cf3c00e5
insertion,307,29,SCANA-R,97012,0,0,3.0,8dc0a048d8cab04d7bdcd740177e3263922c1a678aa5ac4ab59155e7d0eb7f9a,5f0218a86060b4ad4ecb2a50c40149ccff7bdee2c63840c99ea675a7ca78197f
insertion,307,29,SCANA-R,97013,0,0,1.0,8dc0a048d8cab04d7bdcd740177e3263922c1a678aa5ac4ab59155e7d0eb7f9a,139f786096b9a931275391cd8aab591e8321f4a3511c96673a8ce4cc2ffbe267
insertion,307,29,SCANA-R,97014,0,0,2.0,8dc0a048d8cab04d7bdcd740177e3263922c1a678aa5ac4ab59155e7d0eb7f9a,5484a6f1f9852f2f13df27e03dabe93de28a675fe904fbbcfe2087f2855d763d
insertion,307,29,SCANA-R,97015,0,0,3.0,8dc0a048d8cab04d7bdcd740177e3263922c1a678aa5ac4ab59155e7d0eb7f9a,22a07933e0406a5ba41945b800c0fa6c6c6e9c735f614a352579e7eae7186dc1
insertion,307,29,SCANA-R,97016,0,0,3.0,8dc0a048d8cab04d7bdcd740177e3263922c1a678aa5ac4ab59155e7d0eb7f9a,6808cc3b9e1961255a324eafd8ce504e57db8e2e1ff5d3fa54ededf3da10b702
insertion,307,29,SCANA-R,97017,0,0,3.0,8dc0a048d8cab04d7bdcd740177e3263922c1a678aa5ac4ab59155e7d0eb7f9a,18453624048eafb083fed1fb9a8183229e420a52735bed866a500f15a6e5e256
insertion,307,29,SCANA-R,97018,0,0,2.0,8dc0a048d8cab04d7bdcd740177e3263922c1a678aa5ac4ab59155e7d0eb7f9a,6b4ef0b2e92ecd447a2b81cbf4d28a8aa33037435ee7001354bf077b2b720834
insertion,307,29,SCANA-R,97019,1,1,4.0,8dc0a048d8cab04d7bdcd740177e3263922c1a678aa5ac4ab59155e7d0eb7f9a,bbf3173b1ff4c57e6ccc267c76223dde146abb91d746dd1ca17b2fa9cbd1a369
insertion,307,29,Gaussian recovery,97000,1,1,4.0,98ec9d4c8cd6d5aae94e0c472a99b88fa58b713508d7c7a95340d8581c45ef49,9b675429a671de2644e8d37ccf005f93be5d11dc636b7d24f36268fb1aaf0e84
insertion,307,29,Gaussian recovery,97001,0,0,2.0,98ec9d4c8cd6d5aae94e0c472a99b88fa58b713508d7c7a95340d8581c45ef49,84d586123664ce1941bfb4651e1e388f25eaa2bee10c675fe5b46b19d324eb03
insertion,307,29,Gaussian recovery,97002,1,1,4.0,98ec9d4c8cd6d5aae94e0c472a99b88fa58b713508d7c7a95340d8581c45ef49,17f6b1e992664fae6e19c8e8e46c6f8e087fafff0bbafe61aa45ad4962926be3
insertion,307,29,Gaussian recovery,97003,0,0,1.0,98ec9d4c8cd6d5aae94e0c472a99b88fa58b713508d7c7a95340d8581c45ef49,c0a9657e0ad24d4fd989015dad6cd23aa9a35206f93e13dabd58b9bc47187dac
insertion,307,29,Gaussian recovery,97004,1,1,4.0,98ec9d4c8cd6d5aae94e0c472a99b88fa58b713508d7c7a95340d8581c45ef49,5e5849deca4b7f6c9b6ad8e2d501fc2c9f203e20b9fbf2f21374304d501d1fa3
insertion,307,29,Gaussian recovery,97005,0,0,2.0,98ec9d4c8cd6d5aae94e0c472a99b88fa58b713508d7c7a95340d8581c45ef49,c963016abec7105232f9f7826479f3432d392873562e57e704d1c4cbff510cb3
insertion,307,29,Gaussian recovery,97006,1,1,4.0,98ec9d4c8cd6d5aae94e0c472a99b88fa58b713508d7c7a95340d8581c45ef49,7e313674fbf38e6c1950623d762ea34d2cc28168b7306f8e9a117a13e6e4a4ec
insertion,307,29,Gaussian recovery,97007,1,1,4.0,98ec9d4c8cd6d5aae94e0c472a99b88fa58b713508d7c7a95340d8581c45ef49,ed05d71358b3010ad82cb0a333840292ba0389372710347646417958c104f6ad
insertion,307,29,Gaussian recovery,97008,0,0,3.0,98ec9d4c8cd6d5aae94e0c472a99b88fa58b713508d7c7a95340d8581c45ef49,a0997f99764ede552cc379bfd67ec3ee3da03731597241377244713990c2d754
insertion,307,29,Gaussian recovery,97009,1,1,4.0,98ec9d4c8cd6d5aae94e0c472a99b88fa58b713508d7c7a95340d8581c45ef49,5db6e7442422a7653ff811d86c1e9828d146d8766c8290223950da658c759874
insertion,307,29,Gaussian recovery,97010,0,0,3.0,98ec9d4c8cd6d5aae94e0c472a99b88fa58b713508d7c7a95340d8581c45ef49,98283bff19e57b1b9a6de0dbfb793bdbc23806d9f62c588b8566007efd3d3ddd
insertion,307,29,Gaussian recovery,97011,1,1,4.0,98ec9d4c8cd6d5aae94e0c472a99b88fa58b713508d7c7a95340d8581c45ef49,ff2c87521bb4ad8de2b584c7317ad4925f91edc8c7a7d34b88f5ed2f9f99bed4
insertion,307,29,Gaussian recovery,97012,0,0,3.0,98ec9d4c8cd6d5aae94e0c472a99b88fa58b713508d7c7a95340d8581c45ef49,67e7e1f06b771161b80167c569e8b200d15f2f9fea2335bd01d48cd8c71ada7e
insertion,307,29,Gaussian recovery,97013,0,0,2.0,98ec9d4c8cd6d5aae94e0c472a99b88fa58b713508d7c7a95340d8581c45ef49,d3395b5d7a875d7a6fd390d2e1d3f01ba4166521fc00e2079709ec39741ca2f5
insertion,307,29,Gaussian recovery,97014,0,0,3.0,98ec9d4c8cd6d5aae94e0c472a99b88fa58b713508d7c7a95340d8581c45ef49,b3a5a59f863454a51c2eb345843500b00c375676db5013e2e3e6fc2638afa036
insertion,307,29,Gaussian recovery,97015,1,1,4.0,98ec9d4c8cd6d5aae94e0c472a99b88fa58b713508d7c7a95340d8581c45ef49,314ab93bea5517b8396e07e2f6a80539546c14a2279686a7c586100837daf7b9
insertion,307,29,Gaussian recovery,97016,1,1,4.0,98ec9d4c8cd6d5aae94e0c472a99b88fa58b713508d7c7a95340d8581c45ef49,47be7ca1822b7c88ab22b75a3224f1a12d62d7b3a9c62e4f48b25b1c6482b500
insertion,307,29,Gaussian recovery,97017,1,0,4.0,98ec9d4c8cd6d5aae94e0c472a99b88fa58b713508d7c7a95340d8581c45ef49,5a45d6015cefef875afbe000c9efb7e772e0ba3153b40533e2d26fe43bcf66b5
insertion,307,29,Gaussian recovery,97018,0,0,3.0,98ec9d4c8cd6d5aae94e0c472a99b88fa58b713508d7c7a95340d8581c45ef49,1c24dce163aa43e0e8eaccb5439085436a2f21c2c69bb78f04caf9f7ced94b5f
insertion,307,29,Gaussian recovery,97019,1,1,4.0,98ec9d4c8cd6d5aae94e0c472a99b88fa58b713508d7c7a95340d8581c45ef49,e81295a42cf663bd0e96228de4f6567a48e4c354e69255e71ecc5b853c206ac4
insertion,307,29,No cross-fitting,97000,1,1,4.0,d2eb67177fde31d418183a2bd5dc4ff775f6333af24237e184c56a63ca822b38,853b03a8acf70572ad4c1ddc1d6c64dc925e6f3d0e9298845ea7135d18350399
insertion,307,29,No cross-fitting,97001,0,0,2.0,d2eb67177fde31d418183a2bd5dc4ff775f6333af24237e184c56a63ca822b38,4fe897153e6ccc2a4ea74d79446b2a65929e8f3736fc83dde32a3a79b0ba7ad5
insertion,307,29,No cross-fitting,97002,1,1,4.0,d2eb67177fde31d418183a2bd5dc4ff775f6333af24237e184c56a63ca822b38,44f1fae2e7816ec6b20cfd2d3906ef6cd51b29a8a4fcb46ab8ac068853c5e118
insertion,307,29,No cross-fitting,97003,0,0,1.0,d2eb67177fde31d418183a2bd5dc4ff775f6333af24237e184c56a63ca822b38,5196e45a49dd41f4aafd976051f6d5de22bca58965ea7b475212bfd27bc8ffcf
insertion,307,29,No cross-fitting,97004,1,1,4.0,d2eb67177fde31d418183a2bd5dc4ff775f6333af24237e184c56a63ca822b38,8bf6c0d88f413b37f24e7452c9ae862e4ceabc9e99b1e5bd52e22e5e70ed445a
insertion,307,29,No cross-fitting,97005,0,0,3.0,d2eb67177fde31d418183a2bd5dc4ff775f6333af24237e184c56a63ca822b38,3c480fda4e18ec510ccac34a9db248b4ba1b3d3406ee463fc3024f321f56df84
insertion,307,29,No cross-fitting,97006,1,1,4.0,d2eb67177fde31d418183a2bd5dc4ff775f6333af24237e184c56a63ca822b38,e9793dc8409ceec503cdfaaa3a50cd86fa6f199eb6b36404f016aa93de9257a4
insertion,307,29,No cross-fitting,97007,1,1,4.0,d2eb67177fde31d418183a2bd5dc4ff775f6333af24237e184c56a63ca822b38,c5fa4fd8938125aaa22454cc1df2054a4e6de5f7e39e8f03e2e204366705d1c3
insertion,307,29,No cross-fitting,97008,1,1,4.0,d2eb67177fde31d418183a2bd5dc4ff775f6333af24237e184c56a63ca822b38,be81bb5982e1cbb08d244665c0dcd3edfa87c236b0dd7ea3816faa742ce67ee9
insertion,307,29,No cross-fitting,97009,1,1,4.0,d2eb67177fde31d418183a2bd5dc4ff775f6333af24237e184c56a63ca822b38,ccdd0d621038416bbe7b1f55901c77c437252d93ec199350fd1ed4be73632d7e
insertion,307,29,No cross-fitting,97010,0,0,3.0,d2eb67177fde31d418183a2bd5dc4ff775f6333af24237e184c56a63ca822b38,addfe6d041ff7560b99cb681dc14824e9cf711af5a4eb64ac49762a1c2412440
insertion,307,29,No cross-fitting,97011,1,0,4.0,d2eb67177fde31d418183a2bd5dc4ff775f6333af24237e184c56a63ca822b38,0b3c5733732de95924fd0bc64d8f0931d3065f24fe57397bdca567b2ed4d0607
insertion,307,29,No cross-fitting,97012,1,1,4.0,d2eb67177fde31d418183a2bd5dc4ff775f6333af24237e184c56a63ca822b38,233b544a41cc8b9f66c8eba55df8e9cdb064d179ad443fb8abe562a506e95b39
insertion,307,29,No cross-fitting,97013,0,0,2.0,d2eb67177fde31d418183a2bd5dc4ff775f6333af24237e184c56a63ca822b38,6bebc3c3ed8768f9f1548295e47b806c33c1d76a214cd22921d6c4cbc39a1efb
insertion,307,29,No cross-fitting,97014,0,0,2.0,d2eb67177fde31d418183a2bd5dc4ff775f6333af24237e184c56a63ca822b38,66a1c506550c93db419efc4edf685b428ca165e4f9f268338959c306aa9bfcc3
insertion,307,29,No cross-fitting,97015,1,1,4.0,d2eb67177fde31d418183a2bd5dc4ff775f6333af24237e184c56a63ca822b38,d0349bb3e85e6f779306d623112ccdf84112d057044f5518f34cd126e0238cb0
insertion,307,29,No cross-fitting,97016,0,0,3.0,d2eb67177fde31d418183a2bd5dc4ff775f6333af24237e184c56a63ca822b38,3b009076e69418055cd78e92a3604845e3c51ec01e982de6c0314390a6b062d2
insertion,307,29,No cross-fitting,97017,0,0,2.0,d2eb67177fde31d418183a2bd5dc4ff775f6333af24237e184c56a63ca822b38,524c073ea3b0a8f1ee10e8ae921cee73df13313d0a6439994e29953dfc21a3d9
insertion,307,29,No cross-fitting,97018,1,1,4.0,d2eb67177fde31d418183a2bd5dc4ff775f6333af24237e184c56a63ca822b38,745d5d1635018742c64705fca75eff85c0d95df70e5fe5fa7531b3cccddf5912
insertion,307,29,No cross-fitting,97019,0,0,2.0,d2eb67177fde31d418183a2bd5dc4ff775f6333af24237e184c56a63ca822b38,dd6ad039c439698bac2c18735c156c2b7275f61db433c45df3e67a77108d65ff
insertion,307,29,Global-time errors,97000,1,1,4.0,3d07976dd74bbc25041a4654856ab83161b3b873e99a726050d1696cfccc2a83,178f76c60cb82e4bf30532d6d49e552f076e5a25c1906616fc85c029e31f822d
insertion,307,29,Global-time errors,97001,0,0,2.0,3d07976dd74bbc25041a4654856ab83161b3b873e99a726050d1696cfccc2a83,1ba18529b818a34a2be26eabc63761a97d3af0f69f0a86db704f949c4a1b2fbc
insertion,307,29,Global-time errors,97002,1,1,4.0,3d07976dd74bbc25041a4654856ab83161b3b873e99a726050d1696cfccc2a83,c1f88ee6f0a93ccef8970d5ff2b6e4fd150fb84bfe18eee19c2cf5c0deba7f72
insertion,307,29,Global-time errors,97003,0,0,2.0,3d07976dd74bbc25041a4654856ab83161b3b873e99a726050d1696cfccc2a83,1359c034286372de2552775865bbda0c56f95b13b1d928760565ace91cbfa4cc
insertion,307,29,Global-time errors,97004,1,1,4.0,3d07976dd74bbc25041a4654856ab83161b3b873e99a726050d1696cfccc2a83,963646dd543e199159d163b874e43c301eb80268bda82f27114832188b0ed19a
insertion,307,29,Global-time errors,97005,0,0,2.0,3d07976dd74bbc25041a4654856ab83161b3b873e99a726050d1696cfccc2a83,07bffdb63a0ceeafcfe5a80b692f3ab431ddc5b054c08c12eeb84fea5b1bd1d5
insertion,307,29,Global-time errors,97006,0,0,3.0,3d07976dd74bbc25041a4654856ab83161b3b873e99a726050d1696cfccc2a83,d41b2654c815cb4885b471d66665947d8a434531c406ccf37721beb73026d88e
insertion,307,29,Global-time errors,97007,1,1,4.0,3d07976dd74bbc25041a4654856ab83161b3b873e99a726050d1696cfccc2a83,f9fd06f8608b62d18f32a490d6e363e6fb14004ff9fd07c75bfac1869eb0af7c
insertion,307,29,Global-time errors,97008,1,1,4.0,3d07976dd74bbc25041a4654856ab83161b3b873e99a726050d1696cfccc2a83,f582121547c77552566f3e1e42cac43f2f77c406912d15efe64d24e2602288e7
insertion,307,29,Global-time errors,97009,1,1,4.0,3d07976dd74bbc25041a4654856ab83161b3b873e99a726050d1696cfccc2a83,054172e263dd13bd1ad13104558d707d5dd552b0053e2974db0ccea27edeea54
insertion,307,29,Global-time errors,97010,0,0,3.0,3d07976dd74bbc25041a4654856ab83161b3b873e99a726050d1696cfccc2a83,815c3539b9a0580c602f2b5a80a14fbd9d27d64a563dd733be6f12887dbd1d68
insertion,307,29,Global-time errors,97011,1,1,4.0,3d07976dd74bbc25041a4654856ab83161b3b873e99a726050d1696cfccc2a83,10462e4f793f8bddef54077f8b331189524fac4defeece42902dc13922678806
insertion,307,29,Global-time errors,97012,0,0,3.0,3d07976dd74bbc25041a4654856ab83161b3b873e99a726050d1696cfccc2a83,c98967a74a79cba94a1346b084fd35905694612911f070e30ce99359e8cc0080
insertion,307,29,Global-time errors,97013,0,0,3.0,3d07976dd74bbc25041a4654856ab83161b3b873e99a726050d1696cfccc2a83,caebfcac3846a4c0d857ba19f8eb6a765e2bc756df6c165070116acf8b144b54
insertion,307,29,Global-time errors,97014,0,0,2.0,3d07976dd74bbc25041a4654856ab83161b3b873e99a726050d1696cfccc2a83,ce60d69dc19b3a27ee1a3c08563c4ca969b87e2ad9937239d4abfdfa9aa1f6bb
insertion,307,29,Global-time errors,97015,1,1,4.0,3d07976dd74bbc25041a4654856ab83161b3b873e99a726050d1696cfccc2a83,385e1c6b705a78be58b4c2294686ea2c7dc6178881c0a91afa0c202bee1014e9
insertion,307,29,Global-time errors,97016,1,1,4.0,3d07976dd74bbc25041a4654856ab83161b3b873e99a726050d1696cfccc2a83,c2b0d8ebbf74de19ef2dabb30c4f182cddae35832f580e1d9d01f0b564035f7e
insertion,307,29,Global-time errors,97017,0,0,3.0,3d07976dd74bbc25041a4654856ab83161b3b873e99a726050d1696cfccc2a83,90ee4e9b27ed56a4a2ffe6b10678a65e54f4fce1692ae1e734ae5f2cd4b05b60
insertion,307,29,Global-time errors,97018,0,0,2.0,3d07976dd74bbc25041a4654856ab83161b3b873e99a726050d1696cfccc2a83,36fe8149e8fdc1110003a851fe0d1776d6a5d2e688925328839e09d10b99c973
insertion,307,29,Global-time errors,97019,0,0,2.0,3d07976dd74bbc25041a4654856ab83161b3b873e99a726050d1696cfccc2a83,9dd35e84ea4a0af56dfe46def9bb4327447c51dbf304244773703352f5382adb
insertion,307,29,No intermediate backtracking,97000,0,0,3.0,63922d3df87c152c2c6546f5f82475e4e33c2334472ad108c02c60051d785547,537a154b5cf4f36f6e2cc92f063d754983531697af2bbd222f93ed4506f009fb
insertion,307,29,No intermediate backtracking,97001,0,0,2.0,63922d3df87c152c2c6546f5f82475e4e33c2334472ad108c02c60051d785547,a0b35ac9df7102607bc4d2924737ab2d21eaa599bfb1e4d28e0655c929549d0a
insertion,307,29,No intermediate backtracking,97002,1,0,4.0,63922d3df87c152c2c6546f5f82475e4e33c2334472ad108c02c60051d785547,8b945ab41e44c19ce0c9a5e578a21bf2dbf19f43f4b48955adf382c6dd813eb3
insertion,307,29,No intermediate backtracking,97003,0,0,2.0,63922d3df87c152c2c6546f5f82475e4e33c2334472ad108c02c60051d785547,411af87e5e2bab3a3fb905e9c200f36fc87493d220f7361f4a12d1821b405d0c
insertion,307,29,No intermediate backtracking,97004,1,0,4.0,63922d3df87c152c2c6546f5f82475e4e33c2334472ad108c02c60051d785547,1abce84f039c7b7f23038937f00ee815c15467bff11cd1a4e15e2d33465998e7
insertion,307,29,No intermediate backtracking,97005,0,0,2.0,63922d3df87c152c2c6546f5f82475e4e33c2334472ad108c02c60051d785547,c0ecf4da05b3eb16687a2fa0b5e196da552625c0467ec16f416b42f1bba9851c
insertion,307,29,No intermediate backtracking,97006,0,0,3.0,63922d3df87c152c2c6546f5f82475e4e33c2334472ad108c02c60051d785547,c57a666779bf2499107ad54d5a74d3a9c0f21fd4df298044d4f62b443cd63f7e
insertion,307,29,No intermediate backtracking,97007,1,1,4.0,63922d3df87c152c2c6546f5f82475e4e33c2334472ad108c02c60051d785547,db0015fe91614996459703d3f40920999dec54218cad6ebef157b4a8e2a5e08a
insertion,307,29,No intermediate backtracking,97008,0,0,2.0,63922d3df87c152c2c6546f5f82475e4e33c2334472ad108c02c60051d785547,d534fef6911ffd907ae4653efd83464df099e7310dc1cc1e475f2e2afc015b50
insertion,307,29,No intermediate backtracking,97009,1,0,4.0,63922d3df87c152c2c6546f5f82475e4e33c2334472ad108c02c60051d785547,ceb1a99c49b9c755e18e3d8311123e8495e7b80971d0163bc9bcc8f93f594d19
insertion,307,29,No intermediate backtracking,97010,0,0,3.0,63922d3df87c152c2c6546f5f82475e4e33c2334472ad108c02c60051d785547,e3b9619215a3189a4c7497f32fba5925ec03b0a718c0c719bbc132828000e9e1
insertion,307,29,No intermediate backtracking,97011,1,1,4.0,63922d3df87c152c2c6546f5f82475e4e33c2334472ad108c02c60051d785547,3bd482ac43f896d0f052f67e65eae9aeeaaecee7ba3fdc1df1ffe2ad4a4004a8
insertion,307,29,No intermediate backtracking,97012,0,0,3.0,63922d3df87c152c2c6546f5f82475e4e33c2334472ad108c02c60051d785547,538f0a0e4b3c4e0097b591a882b8d261fe753eef2a313e4944140d0759159742
insertion,307,29,No intermediate backtracking,97013,0,0,2.0,63922d3df87c152c2c6546f5f82475e4e33c2334472ad108c02c60051d785547,dfa618478cc0fc6f3c0625e06fe39a5113ca95643d45f63f741d9ec15ccbe7b5
insertion,307,29,No intermediate backtracking,97014,0,0,3.0,63922d3df87c152c2c6546f5f82475e4e33c2334472ad108c02c60051d785547,fc1b88a92f9601be2e71be33240d8f9dc8c900e3f1ff10434ff13c26e366dcbf
insertion,307,29,No intermediate backtracking,97015,1,0,4.0,63922d3df87c152c2c6546f5f82475e4e33c2334472ad108c02c60051d785547,cb3533382f51b63af22b2d0598fd82a31ef9530c26cf9afff8461800faf93073
insertion,307,29,No intermediate backtracking,97016,0,0,3.0,63922d3df87c152c2c6546f5f82475e4e33c2334472ad108c02c60051d785547,7f7bb2b5349c08e24b618861ffdf9fa61ee7506feecbbd746cdd0c90412d927e
insertion,307,29,No intermediate backtracking,97017,0,0,2.0,63922d3df87c152c2c6546f5f82475e4e33c2334472ad108c02c60051d785547,9ad539eba90fcdb42f6a49a9a4e9afd5ddd7cd4c385204712b5821f1c78df68c
insertion,307,29,No intermediate backtracking,97018,0,0,2.0,63922d3df87c152c2c6546f5f82475e4e33c2334472ad108c02c60051d785547,fdb76e75080d8cbd33f5332da7ea613b7e54a2caedcaf61d5451582459915bd9
insertion,307,29,No intermediate backtracking,97019,1,0,4.0,63922d3df87c152c2c6546f5f82475e4e33c2334472ad108c02c60051d785547,b47adae0a19d81b6d22914c20dc7c7e6ed92f546e792e6b263e56d7ff53a860a
insertion,307,29,Gaussian CPU budget,97000,0,0,3.0,d84a989d2794db1f5299937f439f3d102cd7522b9d7c105060351bce2be80100,73fa9a6914d9a85d495ac9b0050047b106d8b3225748446083d90a55542d1890
insertion,307,29,Gaussian CPU budget,97001,1,0,4.0,d84a989d2794db1f5299937f439f3d102cd7522b9d7c105060351bce2be80100,0aa34d5e23b78b17e6cb340ef687f38e958f9a25f79ad82d251def056c701c92
insertion,307,29,Gaussian CPU budget,97002,1,1,4.0,d84a989d2794db1f5299937f439f3d102cd7522b9d7c105060351bce2be80100,79839d6f8b3095aa9f4f7e59bb26cea26cd0ed0b57f70dabd9042195347b91e7
insertion,307,29,Gaussian CPU budget,97003,1,0,4.0,d84a989d2794db1f5299937f439f3d102cd7522b9d7c105060351bce2be80100,1c6efaa10516a76953eb77145b9e5c629d7caffde7fc14403c51d6cb42f1e82a
insertion,307,29,Gaussian CPU budget,97004,0,0,3.0,d84a989d2794db1f5299937f439f3d102cd7522b9d7c105060351bce2be80100,6ddb42bdfd2586e6fac3b5fb74637b3c2aef465b61dca8df2bab00cbe1dda8f5
insertion,307,29,Gaussian CPU budget,97005,1,0,4.0,d84a989d2794db1f5299937f439f3d102cd7522b9d7c105060351bce2be80100,7f5e4744559e9d8dadea8d1c5da556f5ec1ac094ce78366a952a920c06585da3
insertion,307,29,Gaussian CPU budget,97006,0,0,2.0,d84a989d2794db1f5299937f439f3d102cd7522b9d7c105060351bce2be80100,974d58dcd5efb68d9853a92300982560dcda1f0f70bbb0b63fbf5032ed519d2f
insertion,307,29,Gaussian CPU budget,97007,1,1,4.0,d84a989d2794db1f5299937f439f3d102cd7522b9d7c105060351bce2be80100,a6fd28e7bc61b0e3442961df1b428a1dde3ebad5ffdecddbe1867a8a2fa65fc7
insertion,307,29,Gaussian CPU budget,97008,1,1,4.0,d84a989d2794db1f5299937f439f3d102cd7522b9d7c105060351bce2be80100,96e11aae4d475b190018a6d6c874e52758f0f91a0df439fd742ea76de2265d6a
insertion,307,29,Gaussian CPU budget,97009,0,0,3.0,d84a989d2794db1f5299937f439f3d102cd7522b9d7c105060351bce2be80100,94d96dbeb5d0f9a0469037f4d1db2d518955fa46eb6656491a6bb5d9849a92fa
insertion,307,29,Gaussian CPU budget,97010,0,0,3.0,d84a989d2794db1f5299937f439f3d102cd7522b9d7c105060351bce2be80100,cdf017cc01313f12a025d790ef0c5d2b2ab74f54b3f316b543d4d20e880c2398
insertion,307,29,Gaussian CPU budget,97011,1,1,4.0,d84a989d2794db1f5299937f439f3d102cd7522b9d7c105060351bce2be80100,ccbfbbe6139c1f9f9dc8016e1cff46763f99bb1b24c0a4268957dc61796766ae
insertion,307,29,Gaussian CPU budget,97012,1,1,4.0,d84a989d2794db1f5299937f439f3d102cd7522b9d7c105060351bce2be80100,5cb6556c46b88218d52168ce4941f4012f73a064c2d3c21920c4fb9b440e5031
insertion,307,29,Gaussian CPU budget,97013,0,0,3.0,d84a989d2794db1f5299937f439f3d102cd7522b9d7c105060351bce2be80100,cf8d15eae1588a12e987e241ff5717dcfcc4c1ca078607ae82616ea179f3a60e
insertion,307,29,Gaussian CPU budget,97014,0,0,3.0,d84a989d2794db1f5299937f439f3d102cd7522b9d7c105060351bce2be80100,75bd652ec9a651d31c2ca1f7350b4af997ac9ffa215c96ca871f25e1d9ab484a
insertion,307,29,Gaussian CPU budget,97015,1,1,4.0,d84a989d2794db1f5299937f439f3d102cd7522b9d7c105060351bce2be80100,186e64b80ec08e11bafbcc50f7d1e938de96f5b21525f6573459073245be3981
insertion,307,29,Gaussian CPU budget,97016,1,1,4.0,d84a989d2794db1f5299937f439f3d102cd7522b9d7c105060351bce2be80100,77ff1d0a13238d9b25e54d157da455eff50d2f64accd955002dca0ed377f4727
insertion,307,29,Gaussian CPU budget,97017,1,0,4.0,d84a989d2794db1f5299937f439f3d102cd7522b9d7c105060351bce2be80100,52758229e9ed3ec9229a17562df8de7c10105e7c64536501a01303e735009b45
insertion,307,29,Gaussian CPU budget,97018,1,0,4.0,d84a989d2794db1f5299937f439f3d102cd7522b9d7c105060351bce2be80100,18044b6bfe9769a8b6a7562e017b37c4dd81a4707cc676b5f859b18df6b5ee97
insertion,307,29,Gaussian CPU budget,97019,0,0,2.0,d84a989d2794db1f5299937f439f3d102cd7522b9d7c105060351bce2be80100,541f8c2e91fdb4fe8b4da51cbf9b2f6a03a2cc4f7628ac6e76211de05536da0d
insertion,307,43,Clean repeat,97000,1,0,4.0,c5d04b4db2543e6a4abeb0aca59923cc8e705925c888436acb629b41e7ea6ee1,8a417f3da32943b1dd70a1e9152be6d23a6e1caf5bb910bedbc254ca32567a07
insertion,307,43,Clean repeat,97001,0,0,3.0,c5d04b4db2543e6a4abeb0aca59923cc8e705925c888436acb629b41e7ea6ee1,92396f8f80e5dba367b4346073ae223661addf94a168521347fea20a3305adc5
insertion,307,43,Clean repeat,97002,1,1,4.0,c5d04b4db2543e6a4abeb0aca59923cc8e705925c888436acb629b41e7ea6ee1,8393ba3b6a4af8464b8f71a19ad8a9ade966a7a360fab17c8a3d2cc9f769f432
insertion,307,43,Clean repeat,97003,0,0,2.0,c5d04b4db2543e6a4abeb0aca59923cc8e705925c888436acb629b41e7ea6ee1,71c6f7746bfdc47c7ed9c9dc83ae504f2cc4deb1ee941a64431cbbaef8ef0b30
insertion,307,43,Clean repeat,97004,0,0,2.0,c5d04b4db2543e6a4abeb0aca59923cc8e705925c888436acb629b41e7ea6ee1,186a2e28063f0e1ebc5b455b14dc9305189aaf92e45b007ba7874841afd8f297
insertion,307,43,Clean repeat,97005,0,0,2.0,c5d04b4db2543e6a4abeb0aca59923cc8e705925c888436acb629b41e7ea6ee1,571467d0076f26c8fbd24afb99b468793e42813fd2b67787917d7b0f1451c60b
insertion,307,43,Clean repeat,97006,1,1,4.0,c5d04b4db2543e6a4abeb0aca59923cc8e705925c888436acb629b41e7ea6ee1,598347a3d24db7344ff6a8a34543104807f64d7e42c191fc5b1888d16e2a83ec
insertion,307,43,Clean repeat,97007,0,0,2.0,c5d04b4db2543e6a4abeb0aca59923cc8e705925c888436acb629b41e7ea6ee1,bd89f3bcfedd1523ffef371a8cb66c0236314c8c7b1b9c663f85173e5e3b4b9d
insertion,307,43,Clean repeat,97008,1,1,4.0,c5d04b4db2543e6a4abeb0aca59923cc8e705925c888436acb629b41e7ea6ee1,5dcd4e10fd4ea11f665dbcbaef2def98f7f5948b02058a064078ca5294ce4765
insertion,307,43,Clean repeat,97009,0,0,3.0,c5d04b4db2543e6a4abeb0aca59923cc8e705925c888436acb629b41e7ea6ee1,22df3f07e3120ffda7e8fb56b5fbd94187a91d59e5592d6d96a534de35bdfc64
insertion,307,43,Clean repeat,97010,0,0,3.0,c5d04b4db2543e6a4abeb0aca59923cc8e705925c888436acb629b41e7ea6ee1,ee97d27e9213ddafb803cf5c8a61eca5588dae264cbabce02f820a2c96a4e02e
insertion,307,43,Clean repeat,97011,0,0,3.0,c5d04b4db2543e6a4abeb0aca59923cc8e705925c888436acb629b41e7ea6ee1,790f9444bf7df06dd51c0764f47409bcff7b954dcc94377895062ad2d20c54fe
insertion,307,43,Clean repeat,97012,0,0,3.0,c5d04b4db2543e6a4abeb0aca59923cc8e705925c888436acb629b41e7ea6ee1,d3b4717ca2f233c8e5dd8918b5c73599d6c5fa27f3ee6d2f13d83192926e7778
insertion,307,43,Clean repeat,97013,0,0,3.0,c5d04b4db2543e6a4abeb0aca59923cc8e705925c888436acb629b41e7ea6ee1,065fff85ba6274682add8f0bd86457758461f6109140ecfd25557c226e656b68
insertion,307,43,Clean repeat,97014,0,0,2.0,c5d04b4db2543e6a4abeb0aca59923cc8e705925c888436acb629b41e7ea6ee1,d4840b483cf3bdd1a823b1f30c986053d996142c2e7206e241daf095a909de20
insertion,307,43,Clean repeat,97015,0,0,3.0,c5d04b4db2543e6a4abeb0aca59923cc8e705925c888436acb629b41e7ea6ee1,096597bc2b264615c5e525a707d46b7c31ab1c4ef4e273690917e13c63450cbe
insertion,307,43,Clean repeat,97016,1,0,4.0,c5d04b4db2543e6a4abeb0aca59923cc8e705925c888436acb629b41e7ea6ee1,a98ffa2aff307ddb037ece5558e419440237b0eaa6ed919f142947cbdfb71e3a
insertion,307,43,Clean repeat,97017,1,0,4.0,c5d04b4db2543e6a4abeb0aca59923cc8e705925c888436acb629b41e7ea6ee1,1f9aa18f1cdb5e1315a34613b8dc8897465adac84194b524f964d56814751383
insertion,307,43,Clean repeat,97018,0,0,3.0,c5d04b4db2543e6a4abeb0aca59923cc8e705925c888436acb629b41e7ea6ee1,faac06ac830431a8bdc00a567abe016eac0e92ea01a72731c06687a38530dbb6
insertion,307,43,Clean repeat,97019,1,0,4.0,c5d04b4db2543e6a4abeb0aca59923cc8e705925c888436acb629b41e7ea6ee1,04203bce37296f597e9e728d77e5825981e1f0097bfe0a652a914ca4f7e572b5
insertion,307,43,SCANA-R,97000,1,1,4.0,219af275598b32fd628980f6b10b73276dcf77e06f89777e48bae948dd4185d2,fa47363658836d87a87666ef3d66c60834ed049ba9489c011f4efbb79bb110ed
insertion,307,43,SCANA-R,97001,1,1,4.0,219af275598b32fd628980f6b10b73276dcf77e06f89777e48bae948dd4185d2,e9a27381c77adecd4a7b05a12a183479782fffaf6534fd8749f91c7736f9ef47
insertion,307,43,SCANA-R,97002,1,1,4.0,219af275598b32fd628980f6b10b73276dcf77e06f89777e48bae948dd4185d2,9f7eab6f6d024046be8e214efcc4755a5df975f8743a783fdb8904c673409aa5
insertion,307,43,SCANA-R,97003,0,0,3.0,219af275598b32fd628980f6b10b73276dcf77e06f89777e48bae948dd4185d2,4b6c2103a3590060137f97a045e94a14da69b885e65140e8971a786059aaf6f6
insertion,307,43,SCANA-R,97004,1,0,4.0,219af275598b32fd628980f6b10b73276dcf77e06f89777e48bae948dd4185d2,b0c97dba3a59119f48e3415ec828021d1c7eb5850645b2a3727d89a927fd3d3c
insertion,307,43,SCANA-R,97005,1,1,4.0,219af275598b32fd628980f6b10b73276dcf77e06f89777e48bae948dd4185d2,6c7fde0e931ca02b602513895597a9d5c4db7762108637106d2ded3f9dbf81d0
insertion,307,43,SCANA-R,97006,1,1,4.0,219af275598b32fd628980f6b10b73276dcf77e06f89777e48bae948dd4185d2,21922fbea308ee47179f6cd7d1457d0fe819a4f44e3886c0fa2b43c821107f0e
insertion,307,43,SCANA-R,97007,0,0,2.0,219af275598b32fd628980f6b10b73276dcf77e06f89777e48bae948dd4185d2,246bec6f8ee435ab169a50ae3d42c83657f1f267c3ebab25c19767f32dbfdc96
insertion,307,43,SCANA-R,97008,1,1,4.0,219af275598b32fd628980f6b10b73276dcf77e06f89777e48bae948dd4185d2,3e479aa5ce680c75c3d2a77a29604bf6c1c483d349bf756c250cbb8c823e1ec1
insertion,307,43,SCANA-R,97009,1,1,4.0,219af275598b32fd628980f6b10b73276dcf77e06f89777e48bae948dd4185d2,82125146c79484c11085a0611abee2666be010cf289a67c22c5dead2c6b47afb
insertion,307,43,SCANA-R,97010,1,1,4.0,219af275598b32fd628980f6b10b73276dcf77e06f89777e48bae948dd4185d2,def0de06a5a09ff10480297f30bf8b7c55bda83983bedb7508dc6672c01bf326
insertion,307,43,SCANA-R,97011,1,1,4.0,219af275598b32fd628980f6b10b73276dcf77e06f89777e48bae948dd4185d2,f468b3a0187c4c3bd0f5a9010cf1bc2912efbae75a514524af530f9c28fd6fe5
insertion,307,43,SCANA-R,97012,1,1,4.0,219af275598b32fd628980f6b10b73276dcf77e06f89777e48bae948dd4185d2,cf6ed9d0082cdcd0f07151eb29a20dfdf7ee6fdeed1ce3cf230f75538e5ec215
insertion,307,43,SCANA-R,97013,1,1,4.0,219af275598b32fd628980f6b10b73276dcf77e06f89777e48bae948dd4185d2,8b8043782f3c67ba0dd991c4295eff678a1b8beb48669132ee3560c0f1efd69e
insertion,307,43,SCANA-R,97014,0,0,3.0,219af275598b32fd628980f6b10b73276dcf77e06f89777e48bae948dd4185d2,f3ece130ba13ea887e8434a381c2a022121da30b7156483d6201b4aad0731be1
insertion,307,43,SCANA-R,97015,1,1,4.0,219af275598b32fd628980f6b10b73276dcf77e06f89777e48bae948dd4185d2,316aeb8f0b85b461df6aad98562340c6edfc5a264672fd686ee39a4fef9e4f61
insertion,307,43,SCANA-R,97016,1,1,4.0,219af275598b32fd628980f6b10b73276dcf77e06f89777e48bae948dd4185d2,8db1bdca6854aa1402d70a3b8f3dccdb6b2bb3ae13dd0ccff1a55309638c60bb
insertion,307,43,SCANA-R,97017,0,0,3.0,219af275598b32fd628980f6b10b73276dcf77e06f89777e48bae948dd4185d2,60401ec1b1cac64ad987f6cf4f7921e4d7dc164351e31863012da065b59310a4
insertion,307,43,SCANA-R,97018,1,1,4.0,219af275598b32fd628980f6b10b73276dcf77e06f89777e48bae948dd4185d2,de3fa637aa0f405a87248e1458d5b57557ada3e7d9512cb8865f8ea60ce96ea8
insertion,307,43,SCANA-R,97019,1,1,4.0,219af275598b32fd628980f6b10b73276dcf77e06f89777e48bae948dd4185d2,3e20d0853138af37abfea25e3fcd2361a316de6f225b010cfe408685b6f6032a
insertion,307,43,Gaussian recovery,97000,1,1,4.0,b1332779b5ac4c450a84f221ae7c067097cafce2b68a1808048718f10eb42bb4,e588dd22f7001799953beb6375892ad6453487ded5fcf1438f4eea3c804f4e71
insertion,307,43,Gaussian recovery,97001,0,0,1.0,b1332779b5ac4c450a84f221ae7c067097cafce2b68a1808048718f10eb42bb4,5659c21f23dc179f444111f6b1cfa4e35751843ede44feb879baaa5b6310d94e
insertion,307,43,Gaussian recovery,97002,0,0,3.0,b1332779b5ac4c450a84f221ae7c067097cafce2b68a1808048718f10eb42bb4,2bd926cd87730ff87c95781d4272e5211d65e426a165a6ad91c5300af72781ac
insertion,307,43,Gaussian recovery,97003,0,0,3.0,b1332779b5ac4c450a84f221ae7c067097cafce2b68a1808048718f10eb42bb4,27ac97058cf092b2c5182449ad7d233e1a0cfb324293707ddaf0e18bbcb6fe4c
insertion,307,43,Gaussian recovery,97004,0,0,2.0,b1332779b5ac4c450a84f221ae7c067097cafce2b68a1808048718f10eb42bb4,e9c707f51f6b51018f1979d2d68ccad7a2ea984bfc219efd64b14ef6ffbdd9a6
insertion,307,43,Gaussian recovery,97005,1,1,4.0,b1332779b5ac4c450a84f221ae7c067097cafce2b68a1808048718f10eb42bb4,1043903cccf3818e1b7748b9a2cdf91760efedc90e84c790c7c6129317fd0e61
insertion,307,43,Gaussian recovery,97006,0,0,3.0,b1332779b5ac4c450a84f221ae7c067097cafce2b68a1808048718f10eb42bb4,a16494fdbe24dc2800bb7d0f8c0f895987ecbf4ffa25f6ceb97b13a3ea7f518e
insertion,307,43,Gaussian recovery,97007,0,0,3.0,b1332779b5ac4c450a84f221ae7c067097cafce2b68a1808048718f10eb42bb4,d7252abaf2c72a6f197e64953d0338bec6a990a680937ecf18bd83d23413c4ab
insertion,307,43,Gaussian recovery,97008,0,0,2.0,b1332779b5ac4c450a84f221ae7c067097cafce2b68a1808048718f10eb42bb4,bfc55bf2b1a12d8e6cb6afcadbd7e007bae06a64eaf350e979bcd38298013421
insertion,307,43,Gaussian recovery,97009,1,1,4.0,b1332779b5ac4c450a84f221ae7c067097cafce2b68a1808048718f10eb42bb4,327f7c3f34adddaf72ecd096e4c1566964ab18e29a5a5593403043a486be3bc1
insertion,307,43,Gaussian recovery,97010,0,0,2.0,b1332779b5ac4c450a84f221ae7c067097cafce2b68a1808048718f10eb42bb4,07c4875398443a22f40becbedb8a98322b0ce7b04be3b8ecd4861c0ac5629ef4
insertion,307,43,Gaussian recovery,97011,0,0,3.0,b1332779b5ac4c450a84f221ae7c067097cafce2b68a1808048718f10eb42bb4,69e23340e9ad00c4ad9afaff094ef9aa81a5e1b5789b53ecd6a1e2da6fec08f7
insertion,307,43,Gaussian recovery,97012,0,0,3.0,b1332779b5ac4c450a84f221ae7c067097cafce2b68a1808048718f10eb42bb4,b2efaf4349bb916d04168e3007876f222dab50702539eeabab8aaf6f59b2626c
insertion,307,43,Gaussian recovery,97013,1,1,4.0,b1332779b5ac4c450a84f221ae7c067097cafce2b68a1808048718f10eb42bb4,21faf198042eaf6d39dfbbc2e2642717f0ef19c450b0b9dbb972648dc4d8811d
insertion,307,43,Gaussian recovery,97014,0,0,3.0,b1332779b5ac4c450a84f221ae7c067097cafce2b68a1808048718f10eb42bb4,95c4320ecdad19d0630d8b00bd4a977ccdd5abca027d5ec5c4582e66e3ee583b
insertion,307,43,Gaussian recovery,97015,0,0,3.0,b1332779b5ac4c450a84f221ae7c067097cafce2b68a1808048718f10eb42bb4,b069f0d6aef1dbbc679ecfb74fe5ec9373cd831c3487dd93c544e51e8f4bc3ca
insertion,307,43,Gaussian recovery,97016,0,0,3.0,b1332779b5ac4c450a84f221ae7c067097cafce2b68a1808048718f10eb42bb4,c972a98a58576838f71a2e7f3bdb4245568b3419cea80de68d72dc8527290039
insertion,307,43,Gaussian recovery,97017,1,1,4.0,b1332779b5ac4c450a84f221ae7c067097cafce2b68a1808048718f10eb42bb4,152e6aac6baeab4e8f47d9c63764fd38738b28131ac3eeb6f40acfab012bf673
insertion,307,43,Gaussian recovery,97018,0,0,3.0,b1332779b5ac4c450a84f221ae7c067097cafce2b68a1808048718f10eb42bb4,ab4819c19fdd430904e262dded3c2d742c34a345992b5aeb3d1ee4956f77cd6f
insertion,307,43,Gaussian recovery,97019,1,1,4.0,b1332779b5ac4c450a84f221ae7c067097cafce2b68a1808048718f10eb42bb4,766c51e218d2cdef72ea9b131e6a77c8c8ed81536997049820dfe4abfcdbbc75
insertion,307,43,No cross-fitting,97000,0,0,2.0,e3adf9a5fc0579ae67d0eabdb349fec444913f52fc2ca945926ad593239e0c06,9147a22b8c51123c43bbbb6b2c3b4bc886141a5fbc451c107d4765b7438267a9
insertion,307,43,No cross-fitting,97001,1,0,4.0,e3adf9a5fc0579ae67d0eabdb349fec444913f52fc2ca945926ad593239e0c06,f73b4917adba60a9421718fdab78181026c9567db93f97fe4b62ffb45d7e43a6
insertion,307,43,No cross-fitting,97002,1,1,4.0,e3adf9a5fc0579ae67d0eabdb349fec444913f52fc2ca945926ad593239e0c06,bc358261a78e3151503d19a5310facbf875a5ce591a3ab7f31fbac63acc58a8e
insertion,307,43,No cross-fitting,97003,1,0,4.0,e3adf9a5fc0579ae67d0eabdb349fec444913f52fc2ca945926ad593239e0c06,74437779126d4c50181969c9ff24284ce9863efdfef14c6fc541160c15c723c9
insertion,307,43,No cross-fitting,97004,0,0,2.0,e3adf9a5fc0579ae67d0eabdb349fec444913f52fc2ca945926ad593239e0c06,a55a873c3d3cfdf79753da8b580e50c7de03485ceede71c0853f420f3a81af48
insertion,307,43,No cross-fitting,97005,1,1,4.0,e3adf9a5fc0579ae67d0eabdb349fec444913f52fc2ca945926ad593239e0c06,5052b064a1d9f8768886b1d462a101678de114f3ad3ba1eab4cb2ae0047c13c2
insertion,307,43,No cross-fitting,97006,1,1,4.0,e3adf9a5fc0579ae67d0eabdb349fec444913f52fc2ca945926ad593239e0c06,51b864fb6bbaf9e654cc064d92033802141bc3811b84f9790be1a316a84da853
insertion,307,43,No cross-fitting,97007,1,0,4.0,e3adf9a5fc0579ae67d0eabdb349fec444913f52fc2ca945926ad593239e0c06,d978811c1655c4206e879678e9f3b92ffcaf477dc3e8845d00da91ae72821d81
insertion,307,43,No cross-fitting,97008,1,1,4.0,e3adf9a5fc0579ae67d0eabdb349fec444913f52fc2ca945926ad593239e0c06,48e495d6570c5c499d1515151464c3a39504b66ae329c44507070ff515958a48
insertion,307,43,No cross-fitting,97009,1,1,4.0,e3adf9a5fc0579ae67d0eabdb349fec444913f52fc2ca945926ad593239e0c06,97ce7b04c76eb37d7baecd7abd04bf0a3b80a22f6e5de0e253988bb01b0d5ce6
insertion,307,43,No cross-fitting,97010,1,1,4.0,e3adf9a5fc0579ae67d0eabdb349fec444913f52fc2ca945926ad593239e0c06,e4e44dea438be81c7f384fdfc0101e70b44fd044f69cd3f002ae64034ceaaa9a
insertion,307,43,No cross-fitting,97011,1,0,4.0,e3adf9a5fc0579ae67d0eabdb349fec444913f52fc2ca945926ad593239e0c06,f1c80e93aa5ea6a48dba498bd9ad28021509513d07b0f415c6a35c5e98a9244a
insertion,307,43,No cross-fitting,97012,0,0,3.0,e3adf9a5fc0579ae67d0eabdb349fec444913f52fc2ca945926ad593239e0c06,1914284793d100afdd11b94bbef204947c045db05c958993228752cb49583827
insertion,307,43,No cross-fitting,97013,1,1,4.0,e3adf9a5fc0579ae67d0eabdb349fec444913f52fc2ca945926ad593239e0c06,8890e1ebaa0b9a67b58a1e1c62e4e8351cef76c90567dfcabb90e5262790ae07
insertion,307,43,No cross-fitting,97014,0,0,3.0,e3adf9a5fc0579ae67d0eabdb349fec444913f52fc2ca945926ad593239e0c06,56f02f93d18584afec7cb23ad38f5c7333ac3f4c5fe027ea9f874e573df88a32
insertion,307,43,No cross-fitting,97015,1,0,4.0,e3adf9a5fc0579ae67d0eabdb349fec444913f52fc2ca945926ad593239e0c06,778bae91f6f8337d2dfc246cd033b7f4bf880585d76e764cd2fb5a83d7ddf9b2
insertion,307,43,No cross-fitting,97016,1,0,4.0,e3adf9a5fc0579ae67d0eabdb349fec444913f52fc2ca945926ad593239e0c06,0c23578509913285b868594601b6c905935bb074bd643fe03a4202ffe79a3192
insertion,307,43,No cross-fitting,97017,1,0,4.0,e3adf9a5fc0579ae67d0eabdb349fec444913f52fc2ca945926ad593239e0c06,a1dbbe3cd567b4feb55ea2b3c11316840fdf9f4f1ce371c45b2f8bc3a01feaef
insertion,307,43,No cross-fitting,97018,0,0,3.0,e3adf9a5fc0579ae67d0eabdb349fec444913f52fc2ca945926ad593239e0c06,af455c4f240747f0fbb9673dd20911486ce3f38a50a739fe18dcd3a698051864
insertion,307,43,No cross-fitting,97019,1,1,4.0,e3adf9a5fc0579ae67d0eabdb349fec444913f52fc2ca945926ad593239e0c06,e4fa5a49b4813e1fa6caecfa699f2252fb760c96b48ef5c5dfe14e246a220d83
insertion,307,43,Global-time errors,97000,1,1,4.0,ccd30187434aec42275fcbec0d1c9afc9aaa99df96f4520c242852f137e430a5,ef482ba2e53084977107c693202388ba2cdecf63799f03608f1bbe1036be3f9f
insertion,307,43,Global-time errors,97001,0,0,2.0,ccd30187434aec42275fcbec0d1c9afc9aaa99df96f4520c242852f137e430a5,eeefb4679831e14b8b6860e4ff43e28f69c948728833b2ea518e337f9ad71be0
insertion,307,43,Global-time errors,97002,1,1,4.0,ccd30187434aec42275fcbec0d1c9afc9aaa99df96f4520c242852f137e430a5,71f70bb5e18085465caad501b197c7759ccf435a68fa9eb9aeb8e40f4ec31cc2
insertion,307,43,Global-time errors,97003,0,0,3.0,ccd30187434aec42275fcbec0d1c9afc9aaa99df96f4520c242852f137e430a5,cc3921bf73a0228b1272b70cd26723948e1e6350520c8bb7c1bbc2a2e076db46
insertion,307,43,Global-time errors,97004,1,0,4.0,ccd30187434aec42275fcbec0d1c9afc9aaa99df96f4520c242852f137e430a5,66a00c05b06a7cb33c86af62d99cbbe63808a5f229e99f0e7121336fdac89eae
insertion,307,43,Global-time errors,97005,1,0,4.0,ccd30187434aec42275fcbec0d1c9afc9aaa99df96f4520c242852f137e430a5,801e520c43df3f0ce7015c03537cd3879fd96e6b76bd0d46fe19b1d79300aadb
insertion,307,43,Global-time errors,97006,1,1,4.0,ccd30187434aec42275fcbec0d1c9afc9aaa99df96f4520c242852f137e430a5,368d66e347856a7deae87410ec7efdae96f3d9ca19e4ad6e77897835bf472e0b
insertion,307,43,Global-time errors,97007,0,0,3.0,ccd30187434aec42275fcbec0d1c9afc9aaa99df96f4520c242852f137e430a5,a80f6e66b6de09cd505511e150d61d85038b4b1927aedc6e02fc73d98cfa2c11
insertion,307,43,Global-time errors,97008,1,1,4.0,ccd30187434aec42275fcbec0d1c9afc9aaa99df96f4520c242852f137e430a5,a6ebdc0190171e4e7a35b8c88143369f24023b073b7b7ec4cfb6fbf763cfcb74
insertion,307,43,Global-time errors,97009,1,1,4.0,ccd30187434aec42275fcbec0d1c9afc9aaa99df96f4520c242852f137e430a5,8f0d44aca40244da8476e29cc0d8b858e80fc03fea351bed4e2d058f7ee820b2
insertion,307,43,Global-time errors,97010,0,0,2.0,ccd30187434aec42275fcbec0d1c9afc9aaa99df96f4520c242852f137e430a5,54c94e42230adeb4ebc22d4e4470fac8d01f9823fcc69fa71d31b3940a009b2a
insertion,307,43,Global-time errors,97011,0,0,3.0,ccd30187434aec42275fcbec0d1c9afc9aaa99df96f4520c242852f137e430a5,e8ddd3572759bcce05f8ad29e906a1c13b87dd74b1f06356c02c3720a6d99bfb
insertion,307,43,Global-time errors,97012,0,0,3.0,ccd30187434aec42275fcbec0d1c9afc9aaa99df96f4520c242852f137e430a5,3b2aee32e1ed1e63fdae09cd8ad628cfb805041ed20df05a68527b4ec3d16c48
insertion,307,43,Global-time errors,97013,0,0,2.0,ccd30187434aec42275fcbec0d1c9afc9aaa99df96f4520c242852f137e430a5,aafc2c26f937aaebccf67929faffe16f59579daa21caf89edf17893f483ff9b1
insertion,307,43,Global-time errors,97014,0,0,3.0,ccd30187434aec42275fcbec0d1c9afc9aaa99df96f4520c242852f137e430a5,122d7fe570bd4cbc2026b000de491f9cc38fad0c5574380a493ff2ff0789d483
insertion,307,43,Global-time errors,97015,0,0,3.0,ccd30187434aec42275fcbec0d1c9afc9aaa99df96f4520c242852f137e430a5,6e62945a68bdbf55621e07c74b996eebc27c1908f47f2f601b87ee97acea054e
insertion,307,43,Global-time errors,97016,1,1,4.0,ccd30187434aec42275fcbec0d1c9afc9aaa99df96f4520c242852f137e430a5,95ed7277563b7cbe2009e5ce6655789a58919310acdc3723e169a17505aa4103
insertion,307,43,Global-time errors,97017,0,0,3.0,ccd30187434aec42275fcbec0d1c9afc9aaa99df96f4520c242852f137e430a5,5931227cf3ef7a01ac7d68c8a9e31c76733c178dfbde019267ced44a94bbe1ef
insertion,307,43,Global-time errors,97018,0,0,3.0,ccd30187434aec42275fcbec0d1c9afc9aaa99df96f4520c242852f137e430a5,379c5b28117e82c848d80baae4dd0c04fdc52c0da41ae0b9a7133e1f7b72090d
insertion,307,43,Global-time errors,97019,1,1,4.0,ccd30187434aec42275fcbec0d1c9afc9aaa99df96f4520c242852f137e430a5,8da2d8a04428727400747839ac418dc45edfd83e427bd619f2f82a0a6b05c81b
insertion,307,43,No intermediate backtracking,97000,1,1,4.0,88ded15f843bfdba377762ccdf9fde06f57971a4d113d170d4062acb3ef3e6bb,eeb113f865dd23fa1749b97c7538a4b57e0747d825d4148b5399e924030cf1ef
insertion,307,43,No intermediate backtracking,97001,1,1,4.0,88ded15f843bfdba377762ccdf9fde06f57971a4d113d170d4062acb3ef3e6bb,5a27c50a60654a556b2ef939213e148ed54fc8d8f10d64312f11612b267ee629
insertion,307,43,No intermediate backtracking,97002,0,0,3.0,88ded15f843bfdba377762ccdf9fde06f57971a4d113d170d4062acb3ef3e6bb,07b27bd61c84d65051cbdc38219af11db3592debbbc96d9c406ceff11cfaa2e3
insertion,307,43,No intermediate backtracking,97003,1,0,4.0,88ded15f843bfdba377762ccdf9fde06f57971a4d113d170d4062acb3ef3e6bb,22eadd4c473dd2621b7866d5f72773eb2da81929fc6012613513e2773c07a1ba
insertion,307,43,No intermediate backtracking,97004,0,0,2.0,88ded15f843bfdba377762ccdf9fde06f57971a4d113d170d4062acb3ef3e6bb,bf62b8dd7d360da23402410d9b7dee7153d5cfa7158799751264c53a561168d7
insertion,307,43,No intermediate backtracking,97005,1,0,4.0,88ded15f843bfdba377762ccdf9fde06f57971a4d113d170d4062acb3ef3e6bb,6e98bf211e133387dd01d5026ea2c4119af62fddc3a7f08eac04576f39160b2c
insertion,307,43,No intermediate backtracking,97006,0,0,3.0,88ded15f843bfdba377762ccdf9fde06f57971a4d113d170d4062acb3ef3e6bb,5199fd239a01eb1573b182b1762db6a2527d82a5151b787ea6f8e9578c4fb8b7
insertion,307,43,No intermediate backtracking,97007,0,0,3.0,88ded15f843bfdba377762ccdf9fde06f57971a4d113d170d4062acb3ef3e6bb,99bd82cd7becfc9542ebf1f4197a59061ea558021784dcbc16812bbd71f903d0
insertion,307,43,No intermediate backtracking,97008,0,0,3.0,88ded15f843bfdba377762ccdf9fde06f57971a4d113d170d4062acb3ef3e6bb,7f9d3a2e408e862e238e640baeb81395339d249fbc0b59f83a04d917b76ac6bf
insertion,307,43,No intermediate backtracking,97009,0,0,2.0,88ded15f843bfdba377762ccdf9fde06f57971a4d113d170d4062acb3ef3e6bb,6db3a1db29a1410f39b86749004ce060e24e018842f5125b9008767f084307c4
insertion,307,43,No intermediate backtracking,97010,1,1,4.0,88ded15f843bfdba377762ccdf9fde06f57971a4d113d170d4062acb3ef3e6bb,a7f2cedca1d7f84f461119a90d0ffaac8c0356194a9226886e66b26279fb8117
insertion,307,43,No intermediate backtracking,97011,0,0,3.0,88ded15f843bfdba377762ccdf9fde06f57971a4d113d170d4062acb3ef3e6bb,84fe12620bd2c88748d68ee88b48f7d6bb6fbc4a4723ef47d8a93b80f5d9ca7d
insertion,307,43,No intermediate backtracking,97012,0,0,3.0,88ded15f843bfdba377762ccdf9fde06f57971a4d113d170d4062acb3ef3e6bb,2e67f7e65344f9fbc44728d24e12dca5066dff088b43f5b5f36209300573a788
insertion,307,43,No intermediate backtracking,97013,1,1,4.0,88ded15f843bfdba377762ccdf9fde06f57971a4d113d170d4062acb3ef3e6bb,82d8f391cddb1d6937632038854316f6570cb1b262fa89c7945b217987d466a5
insertion,307,43,No intermediate backtracking,97014,0,0,3.0,88ded15f843bfdba377762ccdf9fde06f57971a4d113d170d4062acb3ef3e6bb,904a8d491cf8b22acefa76ac9d93125eeab800ac81bcc6c6b5088bf1b9c3f81f
insertion,307,43,No intermediate backtracking,97015,1,1,4.0,88ded15f843bfdba377762ccdf9fde06f57971a4d113d170d4062acb3ef3e6bb,4bb7b203d05f8a305bd942c924b2f56e45308772610c79343e4fc2b8d188fca5
insertion,307,43,No intermediate backtracking,97016,1,1,4.0,88ded15f843bfdba377762ccdf9fde06f57971a4d113d170d4062acb3ef3e6bb,8240a10c7692afa285ff136f8e7d4cb5c232f652cf2c677119af6f4dffd7c100
insertion,307,43,No intermediate backtracking,97017,0,0,3.0,88ded15f843bfdba377762ccdf9fde06f57971a4d113d170d4062acb3ef3e6bb,e0e21d3484e8fbb0c12e21fac645c9c0db765fa98c179ef49db0e430bf8fd73c
insertion,307,43,No intermediate backtracking,97018,0,0,3.0,88ded15f843bfdba377762ccdf9fde06f57971a4d113d170d4062acb3ef3e6bb,b6f1c8f3009bdc5381e058be48d012541196a763f81a7e82862461e335020299
insertion,307,43,No intermediate backtracking,97019,1,1,4.0,88ded15f843bfdba377762ccdf9fde06f57971a4d113d170d4062acb3ef3e6bb,a939e1a5dab8d62e4c6045c4b45058bfcf175c3781c4863541e438f13b391a53
insertion,307,43,Gaussian CPU budget,97000,1,1,4.0,728fec9df0e04fcdc582dd23123ad3f8468d1b09ac28d8648236128a426b52d7,64794fe006bb7939b0f68becc4ed33c7ffd36f56e39591d6013567067e477592
insertion,307,43,Gaussian CPU budget,97001,0,0,2.0,728fec9df0e04fcdc582dd23123ad3f8468d1b09ac28d8648236128a426b52d7,270965c48c814caccaa8d092c914482ad1aa41c9e39739da6a1a258b527dd383
insertion,307,43,Gaussian CPU budget,97002,1,1,4.0,728fec9df0e04fcdc582dd23123ad3f8468d1b09ac28d8648236128a426b52d7,e09f8f496a072936f0b7e4d9f9bffd7451eb7c35c2cdef7a5fe62fd4845eec4e
insertion,307,43,Gaussian CPU budget,97003,0,0,3.0,728fec9df0e04fcdc582dd23123ad3f8468d1b09ac28d8648236128a426b52d7,5b299eb1a82f82658a56f63c32d1fa6c696ded4c47718e841a4376e5fdec501e
insertion,307,43,Gaussian CPU budget,97004,1,1,4.0,728fec9df0e04fcdc582dd23123ad3f8468d1b09ac28d8648236128a426b52d7,c1c432ef02c2577f109bf916f938a6f8506aa05c362bf43554449e16ad5d341a
insertion,307,43,Gaussian CPU budget,97005,0,0,2.0,728fec9df0e04fcdc582dd23123ad3f8468d1b09ac28d8648236128a426b52d7,a91b77ae850d5c764d3af091897161e612cc75cccad77ca23edaa0748219faaa
insertion,307,43,Gaussian CPU budget,97006,1,1,4.0,728fec9df0e04fcdc582dd23123ad3f8468d1b09ac28d8648236128a426b52d7,8871eee6becd486aa63f8522a389e9dbaa2b80d00885acdb8b207c05d7186e12
insertion,307,43,Gaussian CPU budget,97007,1,1,4.0,728fec9df0e04fcdc582dd23123ad3f8468d1b09ac28d8648236128a426b52d7,51b57038ceacfb719de304b612508ef3d54535bd678884d7472a0071820b94da
insertion,307,43,Gaussian CPU budget,97008,0,0,2.0,728fec9df0e04fcdc582dd23123ad3f8468d1b09ac28d8648236128a426b52d7,0d3e6147e2a9e1f84d64f45900e563cc380dda905899d8b5fee8b693b01fca10
insertion,307,43,Gaussian CPU budget,97009,0,0,2.0,728fec9df0e04fcdc582dd23123ad3f8468d1b09ac28d8648236128a426b52d7,0cdbdd81798cd2fbf46b8a4fc9b07a0dd1b0be5d5f9dde7724de292ce77226bc
insertion,307,43,Gaussian CPU budget,97010,0,0,3.0,728fec9df0e04fcdc582dd23123ad3f8468d1b09ac28d8648236128a426b52d7,c0c6ebeb85cc5315e2f8642fbeb8b610401158d5de69f18a16ae83459aad2e9a
insertion,307,43,Gaussian CPU budget,97011,1,1,4.0,728fec9df0e04fcdc582dd23123ad3f8468d1b09ac28d8648236128a426b52d7,6f49172ae8737d9f1eb50530ea1c37bc8953ce3b8aa7ea33165a538bd9b61bc1
insertion,307,43,Gaussian CPU budget,97012,1,1,4.0,728fec9df0e04fcdc582dd23123ad3f8468d1b09ac28d8648236128a426b52d7,a42fdbc34cb1012b77338b6d69f5785f4aef9d674c2d78f79c26ebc97bdc1eb7
insertion,307,43,Gaussian CPU budget,97013,0,0,2.0,728fec9df0e04fcdc582dd23123ad3f8468d1b09ac28d8648236128a426b52d7,8a2a6f702ab0eceabe32352d2f91d0311509ce42c38ba2aa6146052032cb8c17
insertion,307,43,Gaussian CPU budget,97014,0,0,3.0,728fec9df0e04fcdc582dd23123ad3f8468d1b09ac28d8648236128a426b52d7,c23a9db65ef95ebaf071e092952576818057e3e5f84be69a914ae2bf84bbacff
insertion,307,43,Gaussian CPU budget,97015,1,1,4.0,728fec9df0e04fcdc582dd23123ad3f8468d1b09ac28d8648236128a426b52d7,52172b9c9ce337245bb8c953d6cac4c9ab6c71e794836c27838485b219052354
insertion,307,43,Gaussian CPU budget,97016,1,1,4.0,728fec9df0e04fcdc582dd23123ad3f8468d1b09ac28d8648236128a426b52d7,b2715430832edefa85935ce418b50390db651d221f34d55362625844bece8520
insertion,307,43,Gaussian CPU budget,97017,1,1,4.0,728fec9df0e04fcdc582dd23123ad3f8468d1b09ac28d8648236128a426b52d7,09f2a1f69bdef585c1f84d91fb0b3a3125c25cfbad5ac1c67981be9e0cc57268
insertion,307,43,Gaussian CPU budget,97018,1,1,4.0,728fec9df0e04fcdc582dd23123ad3f8468d1b09ac28d8648236128a426b52d7,a723d5ce33b7b24b2fc1db687290d2863e5eaeef727a02362b3299f7ee8a873a
insertion,307,43,Gaussian CPU budget,97019,1,1,4.0,728fec9df0e04fcdc582dd23123ad3f8468d1b09ac28d8648236128a426b52d7,cb50cbc679d3bfbd41b822e7cb5e7a4436cdad9a6ad488f5dd7eba42a4805115
insertion,401,17,Clean repeat,97000,0,0,3.0,b5d89abd858fd1d40ca8bd93e7de4344493158dc5388549207bb19295eeed9e9,0d839b629400f153648d119af8f47598600a8d53bdab439d988d3eb0ab674b3f
insertion,401,17,Clean repeat,97001,1,1,4.0,b5d89abd858fd1d40ca8bd93e7de4344493158dc5388549207bb19295eeed9e9,3617e0f8bc18aaa67739d18ccc3e89a48eb9c4db2a920f5100fb9255e1b2b685
insertion,401,17,Clean repeat,97002,0,0,2.0,b5d89abd858fd1d40ca8bd93e7de4344493158dc5388549207bb19295eeed9e9,c12048f40a8aaffeb35e9e7e2c0028331bea2eead42c589666864a59b04a5e9d
insertion,401,17,Clean repeat,97003,0,0,2.0,b5d89abd858fd1d40ca8bd93e7de4344493158dc5388549207bb19295eeed9e9,d8c60671234820e0b888430b492aedb3152995358e9b5b5ba21f40dccf3a5355
insertion,401,17,Clean repeat,97004,1,1,4.0,b5d89abd858fd1d40ca8bd93e7de4344493158dc5388549207bb19295eeed9e9,66c8c7a13cdaca45dd22cbbfb03eab595695df89cce917e192b6923e731c122c
insertion,401,17,Clean repeat,97005,0,0,3.0,b5d89abd858fd1d40ca8bd93e7de4344493158dc5388549207bb19295eeed9e9,b9631aabfac7ed155803d0576e15a067de29c794a55926350af2549d18fde576
insertion,401,17,Clean repeat,97006,1,1,4.0,b5d89abd858fd1d40ca8bd93e7de4344493158dc5388549207bb19295eeed9e9,66b9fe0c7e5b1fee765a18535a48dac00b9b10ec0f4134c08c0ec88a5a2838ca
insertion,401,17,Clean repeat,97007,1,1,4.0,b5d89abd858fd1d40ca8bd93e7de4344493158dc5388549207bb19295eeed9e9,9619ffdda3ffca7cc5cc1da8c92ed5ca0106d9ba3d766600154b86f7bf525360
insertion,401,17,Clean repeat,97008,1,1,4.0,b5d89abd858fd1d40ca8bd93e7de4344493158dc5388549207bb19295eeed9e9,dfb3ce717b459288096e4f46083744b7b9b3b45ffaa9bf9769756c186f932e6c
insertion,401,17,Clean repeat,97009,0,0,0.0,b5d89abd858fd1d40ca8bd93e7de4344493158dc5388549207bb19295eeed9e9,3c7a2e12c8811df40d6837efa6e80ae2bd76e49a48217458e4456c3996dcc67b
insertion,401,17,Clean repeat,97010,1,1,4.0,b5d89abd858fd1d40ca8bd93e7de4344493158dc5388549207bb19295eeed9e9,b035a56024631514a47e4677cbe02a8760ae7d480578316d0eb436e3680f23e7
insertion,401,17,Clean repeat,97011,0,0,3.0,b5d89abd858fd1d40ca8bd93e7de4344493158dc5388549207bb19295eeed9e9,7db75a986344cadfe090e5b8b0cb2212027772b317f51b0aaa774cd29d84ce61
insertion,401,17,Clean repeat,97012,0,0,3.0,b5d89abd858fd1d40ca8bd93e7de4344493158dc5388549207bb19295eeed9e9,7ae2dd0ff0aa99bc3c5e51978d2660bdcfc73e9624e4004f9e52625789bc78f2
insertion,401,17,Clean repeat,97013,0,0,2.0,b5d89abd858fd1d40ca8bd93e7de4344493158dc5388549207bb19295eeed9e9,6d293c91586de5071ff35f6d09963a4d9a3f4b83f73f4f55b1b8fdd2aae5869d
insertion,401,17,Clean repeat,97014,0,0,2.0,b5d89abd858fd1d40ca8bd93e7de4344493158dc5388549207bb19295eeed9e9,8c7f2daa40b11db0773712f485f25f3dbb47290b42865d3aae808ac5fe91e3db
insertion,401,17,Clean repeat,97015,0,0,3.0,b5d89abd858fd1d40ca8bd93e7de4344493158dc5388549207bb19295eeed9e9,956f18f56cf8d40577bdfb4fde3a5461ae658127b4559af403f013f5012c5d88
insertion,401,17,Clean repeat,97016,0,0,2.0,b5d89abd858fd1d40ca8bd93e7de4344493158dc5388549207bb19295eeed9e9,0e71e4d3b19461048d0ba3cb695797b68e85fbe0f4364047510cf826bece5659
insertion,401,17,Clean repeat,97017,0,0,2.0,b5d89abd858fd1d40ca8bd93e7de4344493158dc5388549207bb19295eeed9e9,64f65132b43e8a3874a7fd715063415cd0144ab8df1e1b1997e54d5cb878d17b
insertion,401,17,Clean repeat,97018,0,0,3.0,b5d89abd858fd1d40ca8bd93e7de4344493158dc5388549207bb19295eeed9e9,44680071501c166f3c3b25e087a4b3b2b3ef2772f5eed64476a8de8fe36199bf
insertion,401,17,Clean repeat,97019,0,0,2.0,b5d89abd858fd1d40ca8bd93e7de4344493158dc5388549207bb19295eeed9e9,ae06929844220f7408a07db196664a6f90dfd9b62c2ed8269258169ca0d73951
insertion,401,17,SCANA-R,97000,1,1,4.0,174c6170b7cd73353aa9184c6aac0ca349ed377d6697711a4e6a4478b55f24ab,1903064a45be469ca28ddd6e19163da996d1448be49a2b7563d582eb0d4c841e
insertion,401,17,SCANA-R,97001,0,0,3.0,174c6170b7cd73353aa9184c6aac0ca349ed377d6697711a4e6a4478b55f24ab,a2d2606bd45297fa39ce1e06aaaffa64190dd65065fa7f8ee598f33870d63abe
insertion,401,17,SCANA-R,97002,0,0,3.0,174c6170b7cd73353aa9184c6aac0ca349ed377d6697711a4e6a4478b55f24ab,67f6f36873ecfcdaab900feb1aefdd615ae9ac5504807d5ee9a15ecd3954a226
insertion,401,17,SCANA-R,97003,1,1,4.0,174c6170b7cd73353aa9184c6aac0ca349ed377d6697711a4e6a4478b55f24ab,51342906bedc5c85ffb709727ffb3f709f481b34440354b3e5a20226c9905d97
insertion,401,17,SCANA-R,97004,0,0,2.0,174c6170b7cd73353aa9184c6aac0ca349ed377d6697711a4e6a4478b55f24ab,6c6a5bbfa77f93201bf0fa9476573d0e0ccac3360cba4451216ccde7ed31b9ca
insertion,401,17,SCANA-R,97005,1,1,4.0,174c6170b7cd73353aa9184c6aac0ca349ed377d6697711a4e6a4478b55f24ab,15e6fef0bfc5dac2f63c84596a021b1e3d591db0e4feb40442ed8330a63b3784
insertion,401,17,SCANA-R,97006,1,1,4.0,174c6170b7cd73353aa9184c6aac0ca349ed377d6697711a4e6a4478b55f24ab,012dbacbe0da808da065632880c64ce9e7132c7db6e8c3e3ad4288ea24111588
insertion,401,17,SCANA-R,97007,0,0,3.0,174c6170b7cd73353aa9184c6aac0ca349ed377d6697711a4e6a4478b55f24ab,cd4931dbd1f579f061fc136f9d371a3563c474ef0abdfc950f0e365083edff03
insertion,401,17,SCANA-R,97008,1,1,4.0,174c6170b7cd73353aa9184c6aac0ca349ed377d6697711a4e6a4478b55f24ab,a58bfea8b06c288e6d0f71acc4c5a02af165169abb1e0dbfd9755a952cae9639
insertion,401,17,SCANA-R,97009,1,1,4.0,174c6170b7cd73353aa9184c6aac0ca349ed377d6697711a4e6a4478b55f24ab,94e2ab1c7986d19ebf133d5373fb2b3dd53c5854ecb53b7340a0b6d220b8d541
insertion,401,17,SCANA-R,97010,1,1,4.0,174c6170b7cd73353aa9184c6aac0ca349ed377d6697711a4e6a4478b55f24ab,4438ea1a915eef1558c9022b255159c81152dba5e7c54866b167ac1df9aa60ac
insertion,401,17,SCANA-R,97011,1,1,4.0,174c6170b7cd73353aa9184c6aac0ca349ed377d6697711a4e6a4478b55f24ab,b76bbfd979be81e2207d099743a20ca28f3f631dea638a93cad4ad8661bf076e
insertion,401,17,SCANA-R,97012,0,0,3.0,174c6170b7cd73353aa9184c6aac0ca349ed377d6697711a4e6a4478b55f24ab,4bb57eb80c4f0149c7dd92fe043441cdfbd10074f6dea32f6933c20b3086b12b
insertion,401,17,SCANA-R,97013,0,0,2.0,174c6170b7cd73353aa9184c6aac0ca349ed377d6697711a4e6a4478b55f24ab,b310f42685b5149ea1f11213b4b1ec2227fa6cbca14f1e24e608d56fb65f7cd9
insertion,401,17,SCANA-R,97014,0,0,3.0,174c6170b7cd73353aa9184c6aac0ca349ed377d6697711a4e6a4478b55f24ab,4508683f5ea98d8016f4a091e40a7a81e452ff43577978128cbc1d443ac2909a
insertion,401,17,SCANA-R,97015,0,0,3.0,174c6170b7cd73353aa9184c6aac0ca349ed377d6697711a4e6a4478b55f24ab,0cf50af8506c06a7af951bf30bbe8aa5beb48beaeb4932c8a257565814578195
insertion,401,17,SCANA-R,97016,1,1,4.0,174c6170b7cd73353aa9184c6aac0ca349ed377d6697711a4e6a4478b55f24ab,233e184122a08d622c6f3c7b6da96bd472269b7230c787f82b710f02e4ad9fb2
insertion,401,17,SCANA-R,97017,0,0,3.0,174c6170b7cd73353aa9184c6aac0ca349ed377d6697711a4e6a4478b55f24ab,8b1b677b90ce4caf90bcf59b7893860ec7b55344e9d483b09d644a5014a273b1
insertion,401,17,SCANA-R,97018,0,0,3.0,174c6170b7cd73353aa9184c6aac0ca349ed377d6697711a4e6a4478b55f24ab,a96a64dc46d59cac508e65eae7c15ead98452c396a8d8e9486ca8c52843d1f8c
insertion,401,17,SCANA-R,97019,0,0,2.0,174c6170b7cd73353aa9184c6aac0ca349ed377d6697711a4e6a4478b55f24ab,48de1395cafc2108b4d04951fecc50f06ce3a7eac9da186871142dc5a7544182
insertion,401,17,Gaussian recovery,97000,1,1,4.0,6130cea422648c5489fd052195d318f3c5180dde0866b24bc18b15baa5fc6083,e418833ee26d270fa5094f82e8c1d88a5fbe7ac6df773dcac105fc6f0f639b40
insertion,401,17,Gaussian recovery,97001,1,1,4.0,6130cea422648c5489fd052195d318f3c5180dde0866b24bc18b15baa5fc6083,d3131d464deef498a6af0cd029d7f44ef276f49f5ae8eb73c648b62dc30af774
insertion,401,17,Gaussian recovery,97002,1,1,4.0,6130cea422648c5489fd052195d318f3c5180dde0866b24bc18b15baa5fc6083,e5dd68edee4fe545a5c50008069ad7f13fd2ce4e43952fcab926ab9f91c52d1a
insertion,401,17,Gaussian recovery,97003,0,0,3.0,6130cea422648c5489fd052195d318f3c5180dde0866b24bc18b15baa5fc6083,aa0161edeabd94fe5a646a7f3483fc0a73f60d7463190bb6173557c60bf36f23
insertion,401,17,Gaussian recovery,97004,0,0,2.0,6130cea422648c5489fd052195d318f3c5180dde0866b24bc18b15baa5fc6083,0fe1420d1fcbf64e9e977ede8d73c1d62c85673a91aae90803fc6917506e75d8
insertion,401,17,Gaussian recovery,97005,0,0,2.0,6130cea422648c5489fd052195d318f3c5180dde0866b24bc18b15baa5fc6083,f89bf74437eb67448a31141444673dd0103975bf755bcce0ccac11fdf4528cc5
insertion,401,17,Gaussian recovery,97006,0,0,3.0,6130cea422648c5489fd052195d318f3c5180dde0866b24bc18b15baa5fc6083,a2f798808a8ff7582d1d65df73b1da9146185f2545e0e56d7a0f72b0b0877240
insertion,401,17,Gaussian recovery,97007,1,1,4.0,6130cea422648c5489fd052195d318f3c5180dde0866b24bc18b15baa5fc6083,ad90a037d5f5507813d00ecc615691605b1729e6b48f3adc85736d43affbbdc1
insertion,401,17,Gaussian recovery,97008,0,0,2.0,6130cea422648c5489fd052195d318f3c5180dde0866b24bc18b15baa5fc6083,fc0dffa040880244c4c6c63772d457f32eaa147f53b2b1c26ae84b76797a6318
insertion,401,17,Gaussian recovery,97009,1,1,4.0,6130cea422648c5489fd052195d318f3c5180dde0866b24bc18b15baa5fc6083,a32b6c469025228062fedb170ba8ce2ad930b27678907b4a131b2c8ae3953ccc
insertion,401,17,Gaussian recovery,97010,1,1,4.0,6130cea422648c5489fd052195d318f3c5180dde0866b24bc18b15baa5fc6083,5d631eae39497295b53cffdd981ea97788ecce10754fafa7a887b29d29bf8ae3
insertion,401,17,Gaussian recovery,97011,0,0,3.0,6130cea422648c5489fd052195d318f3c5180dde0866b24bc18b15baa5fc6083,b3bf518f08897e9d1e92181d293d003aa05c012a56f8bebe1596c7eb32f0d06f
insertion,401,17,Gaussian recovery,97012,0,0,3.0,6130cea422648c5489fd052195d318f3c5180dde0866b24bc18b15baa5fc6083,c922f4a9e4d7a1c47795d4b8a8d7b8022ded90225e1a6eeb8f722bfa26b4266f
insertion,401,17,Gaussian recovery,97013,1,1,4.0,6130cea422648c5489fd052195d318f3c5180dde0866b24bc18b15baa5fc6083,9f9e94b887b0497a7678149d1ce66d1ee41171db5bf53404ee9d0f21eca7eecc
insertion,401,17,Gaussian recovery,97014,0,0,3.0,6130cea422648c5489fd052195d318f3c5180dde0866b24bc18b15baa5fc6083,b0e8eb69b6ea8b12516b59dfe0478c6e1ef7ad4b6bb5b56fa9d053ed1b247f3c
insertion,401,17,Gaussian recovery,97015,1,1,4.0,6130cea422648c5489fd052195d318f3c5180dde0866b24bc18b15baa5fc6083,06dffb4fd88d8e193af3ec4cfd292ece355b63a4f37e4c3a0b16950d40f48f9a
insertion,401,17,Gaussian recovery,97016,0,0,3.0,6130cea422648c5489fd052195d318f3c5180dde0866b24bc18b15baa5fc6083,778b8a80ee1d5e059506975ca78f8be9ee49aec37509c3d014feddd9a8642f4c
insertion,401,17,Gaussian recovery,97017,0,0,3.0,6130cea422648c5489fd052195d318f3c5180dde0866b24bc18b15baa5fc6083,72d892a443a171cedb4714e5e4f12529a000180e331b8fe94cc84f449bc8c31a
insertion,401,17,Gaussian recovery,97018,0,0,3.0,6130cea422648c5489fd052195d318f3c5180dde0866b24bc18b15baa5fc6083,6325699fd8a7c78325813766e727baa58008aa9cfc3e4301f2901c85825b8ac1
insertion,401,17,Gaussian recovery,97019,0,0,2.0,6130cea422648c5489fd052195d318f3c5180dde0866b24bc18b15baa5fc6083,7a67c5c4caec7ce7df1bdad91fd53fed4a408355968830ad8ed853d619ce9911
insertion,401,17,No cross-fitting,97000,0,0,3.0,dd1e1b75776484b0459be5ad7ec46545d6eb5a7923bbda056c51ece3add82be4,c5a75e5259ac9d014cfeb8217d830fecc5694b84edac0fefa22b5f32b0cf2044
insertion,401,17,No cross-fitting,97001,0,0,3.0,dd1e1b75776484b0459be5ad7ec46545d6eb5a7923bbda056c51ece3add82be4,685cad0ab8c4b8f170132038b77879f633eb61740e194c5dddd5936749575884
insertion,401,17,No cross-fitting,97002,1,1,4.0,dd1e1b75776484b0459be5ad7ec46545d6eb5a7923bbda056c51ece3add82be4,7a8927eb0f2721963b011d94014290d2b782a0fc9ebc1e7ee5d86054f24997a7
insertion,401,17,No cross-fitting,97003,0,0,2.0,dd1e1b75776484b0459be5ad7ec46545d6eb5a7923bbda056c51ece3add82be4,e62f8a67bea2994afe306407bc960cab36260852c8485c30e760368d3b946e30
insertion,401,17,No cross-fitting,97004,0,0,2.0,dd1e1b75776484b0459be5ad7ec46545d6eb5a7923bbda056c51ece3add82be4,c78e820a9df47fc5afc6fc552e5c085969dd128ec3714f255315d957c47964f2
insertion,401,17,No cross-fitting,97005,1,1,4.0,dd1e1b75776484b0459be5ad7ec46545d6eb5a7923bbda056c51ece3add82be4,2c7f110284827ff753d528c3d4693989aeeb4187416e69a9bd2fd0aa36ec875d
insertion,401,17,No cross-fitting,97006,1,1,4.0,dd1e1b75776484b0459be5ad7ec46545d6eb5a7923bbda056c51ece3add82be4,3d7835c53856e95ed700281d00eddd8f40211d83f3996d6d0c69a85b6bc5671a
insertion,401,17,No cross-fitting,97007,0,0,3.0,dd1e1b75776484b0459be5ad7ec46545d6eb5a7923bbda056c51ece3add82be4,3e0a92bce8d75914d4005c58dacfe190fc68f19f32483b5cff5531801f055f91
insertion,401,17,No cross-fitting,97008,1,1,4.0,dd1e1b75776484b0459be5ad7ec46545d6eb5a7923bbda056c51ece3add82be4,d630d2765b1071e1f963ff3320bfc22d8a7a9357c893805d93c14c996783d1e8
insertion,401,17,No cross-fitting,97009,1,1,4.0,dd1e1b75776484b0459be5ad7ec46545d6eb5a7923bbda056c51ece3add82be4,e47a54a4eaceae2a1e95670bd597c3bbb32f6b1de19a1fbbd6b1af23fb0a35c2
insertion,401,17,No cross-fitting,97010,0,0,3.0,dd1e1b75776484b0459be5ad7ec46545d6eb5a7923bbda056c51ece3add82be4,5fb29cac3d6d3bf4ca4e573cbc0deb7592761e726fb3a4c28986f4293e510aa2
insertion,401,17,No cross-fitting,97011,0,0,3.0,dd1e1b75776484b0459be5ad7ec46545d6eb5a7923bbda056c51ece3add82be4,daceb0f2726775b4d9ed6817672d3004ab739df989795d86c005db397ed79060
insertion,401,17,No cross-fitting,97012,1,1,4.0,dd1e1b75776484b0459be5ad7ec46545d6eb5a7923bbda056c51ece3add82be4,482b434faa9ab721161ffbe73f63914bb4451d805e8a15854a6f3c1d5665908b
insertion,401,17,No cross-fitting,97013,1,1,4.0,dd1e1b75776484b0459be5ad7ec46545d6eb5a7923bbda056c51ece3add82be4,97202c452dbe22ded260d58b70eecac311597cc12e338a74f84be68f89fbb7c6
insertion,401,17,No cross-fitting,97014,1,1,4.0,dd1e1b75776484b0459be5ad7ec46545d6eb5a7923bbda056c51ece3add82be4,20b19f0df5a447fc452946fba4260c95620ffc0756d7dddd52f19781a52e2205
insertion,401,17,No cross-fitting,97015,1,1,4.0,dd1e1b75776484b0459be5ad7ec46545d6eb5a7923bbda056c51ece3add82be4,339fad006221c66001ae2c8cd34410a9f3ee8292c90c975d71cc3d3c28de840c
insertion,401,17,No cross-fitting,97016,1,1,4.0,dd1e1b75776484b0459be5ad7ec46545d6eb5a7923bbda056c51ece3add82be4,490a85e72c0a7441cbebfd00c0e1fcc6bc0b86dffc714a0d2d34cc9e403f385c
insertion,401,17,No cross-fitting,97017,0,0,2.0,dd1e1b75776484b0459be5ad7ec46545d6eb5a7923bbda056c51ece3add82be4,08b0e78e0acfb8c8be4f741124d3f71fd4a9f07924c3469113e2aea02753e908
insertion,401,17,No cross-fitting,97018,0,0,3.0,dd1e1b75776484b0459be5ad7ec46545d6eb5a7923bbda056c51ece3add82be4,d1b710d29ed5580bbfe33b393f02b53c2bf21cdc4433173d415d61254a3bf30c
insertion,401,17,No cross-fitting,97019,1,1,4.0,dd1e1b75776484b0459be5ad7ec46545d6eb5a7923bbda056c51ece3add82be4,d56fe86336c529d4b788377d33df756074cd99a602b90a9f6f2b76326f7fc7b0
insertion,401,17,Global-time errors,97000,0,0,3.0,01788052470847e522dbeda0df86c903b7e9b6b1599f281abcdc11855fdabd28,b27b27e03de232bad8487f9a7ce46e9c2677ec97a698290b8be04d64b0a5c0c6
insertion,401,17,Global-time errors,97001,0,0,2.0,01788052470847e522dbeda0df86c903b7e9b6b1599f281abcdc11855fdabd28,0b3dfdc125ad1a8c773dc54d50af6024e1d8b235b4eaa9a2424c994a205ef4e1
insertion,401,17,Global-time errors,97002,1,1,4.0,01788052470847e522dbeda0df86c903b7e9b6b1599f281abcdc11855fdabd28,f6a532483aec6a305c8c13ca3dec99814fcc303178cda4e8b2cad28727a17d74
insertion,401,17,Global-time errors,97003,1,1,4.0,01788052470847e522dbeda0df86c903b7e9b6b1599f281abcdc11855fdabd28,c0d06935c5747a324a8e33dca99762f2026d137d2312ae3ec90f887e822fe7f9
insertion,401,17,Global-time errors,97004,0,0,2.0,01788052470847e522dbeda0df86c903b7e9b6b1599f281abcdc11855fdabd28,26564275da268b9696e372aa24bd8cb4f64fe87c3492e6b4368708de7696fec7
insertion,401,17,Global-time errors,97005,1,1,4.0,01788052470847e522dbeda0df86c903b7e9b6b1599f281abcdc11855fdabd28,e59163fed536536fedd0a0ba59c2111b0596fddd72e07d2cd611504de7491ed3
insertion,401,17,Global-time errors,97006,1,1,4.0,01788052470847e522dbeda0df86c903b7e9b6b1599f281abcdc11855fdabd28,f1f78c0ddc6af156b5fb6a7a0a923f1378aa0f72f1d92508a99f74edfea2800f
insertion,401,17,Global-time errors,97007,0,0,3.0,01788052470847e522dbeda0df86c903b7e9b6b1599f281abcdc11855fdabd28,655e84cb5def3b6dae467daa5cc8edc5dde7cbe0ad2936f818d52b81965662b3
insertion,401,17,Global-time errors,97008,1,1,4.0,01788052470847e522dbeda0df86c903b7e9b6b1599f281abcdc11855fdabd28,dc4848617afcb80107a52da0c415e8ac5e17066f665ab3becc7aca6cbe3bb12e
insertion,401,17,Global-time errors,97009,1,1,4.0,01788052470847e522dbeda0df86c903b7e9b6b1599f281abcdc11855fdabd28,413aa730160ae850e75d7867dc863ac29c987176e47f6d9b7353982f19fd6149
insertion,401,17,Global-time errors,97010,1,1,4.0,01788052470847e522dbeda0df86c903b7e9b6b1599f281abcdc11855fdabd28,dd8b0be093eb93cfd4b297d7285a1c57c02604c5e33814d684d9cc36be126bf3
insertion,401,17,Global-time errors,97011,1,1,4.0,01788052470847e522dbeda0df86c903b7e9b6b1599f281abcdc11855fdabd28,7229eff5750e603690d65c022accbad1b7a0dcac419ea08d42d251149a7e1d9f
insertion,401,17,Global-time errors,97012,0,0,3.0,01788052470847e522dbeda0df86c903b7e9b6b1599f281abcdc11855fdabd28,d3e51ebf9dd1e9bdc0153790aca3e4d0d89641c937f53951d653be6809600ed1
insertion,401,17,Global-time errors,97013,0,0,3.0,01788052470847e522dbeda0df86c903b7e9b6b1599f281abcdc11855fdabd28,7e68d5f54aec0fd98aa812d98d70b00d557ba90fbf6bf628eec9eb9b17e51439
insertion,401,17,Global-time errors,97014,1,1,4.0,01788052470847e522dbeda0df86c903b7e9b6b1599f281abcdc11855fdabd28,a6726a320b03dd0fe0402da46c4a6f27e76ac676344f4c0bf59065979f27484b
insertion,401,17,Global-time errors,97015,1,1,4.0,01788052470847e522dbeda0df86c903b7e9b6b1599f281abcdc11855fdabd28,f334943c6a5f672ba4fd3aee79c2fe1d1974f89431e94d78cf6d1349549d73e3
insertion,401,17,Global-time errors,97016,1,1,4.0,01788052470847e522dbeda0df86c903b7e9b6b1599f281abcdc11855fdabd28,8a2c4efe89bed8cf07b5a6d24b588cbe8c4a4df2e8e84b811ef4c331f819c450
insertion,401,17,Global-time errors,97017,1,1,4.0,01788052470847e522dbeda0df86c903b7e9b6b1599f281abcdc11855fdabd28,6211aba25d22cfa5833cfce201bc09a7c24c1321122b90ecb3a7a305c96f5068
insertion,401,17,Global-time errors,97018,0,0,3.0,01788052470847e522dbeda0df86c903b7e9b6b1599f281abcdc11855fdabd28,fef9a425497723b91e3f238722c95130dcb8c75e5310264f5447132f9306056a
insertion,401,17,Global-time errors,97019,0,0,2.0,01788052470847e522dbeda0df86c903b7e9b6b1599f281abcdc11855fdabd28,b9dc55667f5e74374046910f97a8f00a702b2bad22ff6efc256a3b18dbf56737
insertion,401,17,No intermediate backtracking,97000,1,1,4.0,4df69521eb3a60808705503b78be638b500cfd7f51b4799826ead34dd7bdd3c5,9f0593f5489d14913fa1772c7ee933c664f9f8098e2e195edb0aeb750c605726
insertion,401,17,No intermediate backtracking,97001,0,0,3.0,4df69521eb3a60808705503b78be638b500cfd7f51b4799826ead34dd7bdd3c5,154d7fc69218bb939e0e04bfedf628a8d1ff7bdae7a81813c496bfc10d05cd62
insertion,401,17,No intermediate backtracking,97002,0,0,3.0,4df69521eb3a60808705503b78be638b500cfd7f51b4799826ead34dd7bdd3c5,42e82df5f4166c6af101cbbbe296fb141d23625e71377ad738c5a15fd508090a
insertion,401,17,No intermediate backtracking,97003,1,1,4.0,4df69521eb3a60808705503b78be638b500cfd7f51b4799826ead34dd7bdd3c5,fb2dbd9ed309c097762c2a8753f6f4ae51e802a3a37e13612136bd1961193ea7
insertion,401,17,No intermediate backtracking,97004,0,0,2.0,4df69521eb3a60808705503b78be638b500cfd7f51b4799826ead34dd7bdd3c5,82ba9ce5149aff7607468eaae16bc7a911b5b04e5001b47f3affdf258b6f7ac3
insertion,401,17,No intermediate backtracking,97005,0,0,3.0,4df69521eb3a60808705503b78be638b500cfd7f51b4799826ead34dd7bdd3c5,d891d2a8e8e351dfb28763d1f8ec86157f8453b9182d7201aa039e464fd9aa36
insertion,401,17,No intermediate backtracking,97006,1,1,4.0,4df69521eb3a60808705503b78be638b500cfd7f51b4799826ead34dd7bdd3c5,b2e7540cbb9b4862e51f68c11f975e36e9835b4c77ff7aa4748b7080b2a9bee5
insertion,401,17,No intermediate backtracking,97007,1,1,4.0,4df69521eb3a60808705503b78be638b500cfd7f51b4799826ead34dd7bdd3c5,8f0b49995c6c2bd3085da0c26acc53aa4b598231980987ccaa5e7711cb94100a
insertion,401,17,No intermediate backtracking,97008,1,1,4.0,4df69521eb3a60808705503b78be638b500cfd7f51b4799826ead34dd7bdd3c5,551344993bf709d2024533d86b7d855bd51c6ca9d2263000177dae8bc30c294a
insertion,401,17,No intermediate backtracking,97009,1,1,4.0,4df69521eb3a60808705503b78be638b500cfd7f51b4799826ead34dd7bdd3c5,75af9e5a1ce9f83cfeb0ca26afb21fd09550cdeee8891b4ede57e283f8ab7851
insertion,401,17,No intermediate backtracking,97010,1,1,4.0,4df69521eb3a60808705503b78be638b500cfd7f51b4799826ead34dd7bdd3c5,63b0efe5073709c27d578bb3a5224f88c79627bd2f3bd74756f55410f3724922
insertion,401,17,No intermediate backtracking,97011,0,0,3.0,4df69521eb3a60808705503b78be638b500cfd7f51b4799826ead34dd7bdd3c5,4ec2173c26c021d58b9e3aa53f9255b3094995cb21f26b6aaf6b0d325d40e7a4
insertion,401,17,No intermediate backtracking,97012,0,0,3.0,4df69521eb3a60808705503b78be638b500cfd7f51b4799826ead34dd7bdd3c5,48ab6610ad52ac803e090ff2cdc997e78e8ffbfd720a8dd50cb399eae1bc2f23
insertion,401,17,No intermediate backtracking,97013,0,0,2.0,4df69521eb3a60808705503b78be638b500cfd7f51b4799826ead34dd7bdd3c5,6cd646f44392fb4aa433cfe9752557c3612832e8a5c5690f5564f38b6dc60cf7
insertion,401,17,No intermediate backtracking,97014,0,0,3.0,4df69521eb3a60808705503b78be638b500cfd7f51b4799826ead34dd7bdd3c5,1de324155b215868139f7b433f3e50a053b2dc19dc4914c49f8478049130a42d
insertion,401,17,No intermediate backtracking,97015,0,0,3.0,4df69521eb3a60808705503b78be638b500cfd7f51b4799826ead34dd7bdd3c5,7899b04bf4e88914021e0f729ed3399f0610e029023996aec300e53e42daa671
insertion,401,17,No intermediate backtracking,97016,0,0,3.0,4df69521eb3a60808705503b78be638b500cfd7f51b4799826ead34dd7bdd3c5,67c010f9bfbfbbb1c4c0faa1c1a9792f4d61580c56775aaa1cb7d57c49f0abf0
insertion,401,17,No intermediate backtracking,97017,1,1,4.0,4df69521eb3a60808705503b78be638b500cfd7f51b4799826ead34dd7bdd3c5,2dfcdbb0d78b8653288771c56fc676b0b43733a74cfe45c164b27325d89e4f8a
insertion,401,17,No intermediate backtracking,97018,0,0,3.0,4df69521eb3a60808705503b78be638b500cfd7f51b4799826ead34dd7bdd3c5,fbca9784275467b41cdf70f59d2dae43d2024a49c0da48d7d0e93088bff42d09
insertion,401,17,No intermediate backtracking,97019,0,0,2.0,4df69521eb3a60808705503b78be638b500cfd7f51b4799826ead34dd7bdd3c5,1791d0ff5d71862c3ed49fc5446c588e986a5c5561a005dc8fdc52bf2fa28705
insertion,401,17,Gaussian CPU budget,97000,1,1,4.0,37a0e5d59d84d469af1573704c601d24de781cc9b8d4d850c2bda8cae0737872,71217149b6cda30835e94cb34f0504eba342a6602b62066529a3f67b3cf58b1d
insertion,401,17,Gaussian CPU budget,97001,1,1,4.0,37a0e5d59d84d469af1573704c601d24de781cc9b8d4d850c2bda8cae0737872,0ed85fbf7ae8813b807d81de77a9d720245bf770f2ca592e06b9662b17491872
insertion,401,17,Gaussian CPU budget,97002,1,1,4.0,37a0e5d59d84d469af1573704c601d24de781cc9b8d4d850c2bda8cae0737872,4848bf5a3e9b1d907f83cfc044c1eb406150123f8569d6903cda582ecb8352b4
insertion,401,17,Gaussian CPU budget,97003,0,0,3.0,37a0e5d59d84d469af1573704c601d24de781cc9b8d4d850c2bda8cae0737872,7a6e6e10db8ce04685213c39f0972dac140f2ce34b5d63da57f7939991bbc2ce
insertion,401,17,Gaussian CPU budget,97004,0,0,2.0,37a0e5d59d84d469af1573704c601d24de781cc9b8d4d850c2bda8cae0737872,965838ff35781213e9b25407617c1c0e11dd1008cac3e139f27a071696963f47
insertion,401,17,Gaussian CPU budget,97005,0,0,2.0,37a0e5d59d84d469af1573704c601d24de781cc9b8d4d850c2bda8cae0737872,ddfbbd3ff678460eb2928ed737c7acd1b98ec948c590e868c19062e522959f66
insertion,401,17,Gaussian CPU budget,97006,0,0,3.0,37a0e5d59d84d469af1573704c601d24de781cc9b8d4d850c2bda8cae0737872,7d488e8dd2da36fb08d82d7dc26cd8d0d6267e4df291ff3871498fff0c8285b2
insertion,401,17,Gaussian CPU budget,97007,1,1,4.0,37a0e5d59d84d469af1573704c601d24de781cc9b8d4d850c2bda8cae0737872,a0b1eb96c3e451ce2d8f55189c3704bb9be90e8c455b187d9288b28fb0e1b4ac
insertion,401,17,Gaussian CPU budget,97008,0,0,2.0,37a0e5d59d84d469af1573704c601d24de781cc9b8d4d850c2bda8cae0737872,295dca0f193411b77d2ccf620ca35844c6a88ef97395ae8da36a4ae8a2ec47aa
insertion,401,17,Gaussian CPU budget,97009,1,1,4.0,37a0e5d59d84d469af1573704c601d24de781cc9b8d4d850c2bda8cae0737872,906b0e0eee0e7336f542962d8b8eedab2fa869b87c4ab70d50c997bb00c6b35d
insertion,401,17,Gaussian CPU budget,97010,1,1,4.0,37a0e5d59d84d469af1573704c601d24de781cc9b8d4d850c2bda8cae0737872,716d6abceec8e1a77e54c6d21897c76283c05c89515684b10bda0cf4f262a165
insertion,401,17,Gaussian CPU budget,97011,0,0,3.0,37a0e5d59d84d469af1573704c601d24de781cc9b8d4d850c2bda8cae0737872,812426cac7d0c6c7e2aae245ab8d8a681b0b67703a3c4c4d0e4439b94f9d8223
insertion,401,17,Gaussian CPU budget,97012,0,0,3.0,37a0e5d59d84d469af1573704c601d24de781cc9b8d4d850c2bda8cae0737872,356a2581a8b0613b74dce64a0cbbfe5ed254b603cf18f87030454f4898145aa0
insertion,401,17,Gaussian CPU budget,97013,1,1,4.0,37a0e5d59d84d469af1573704c601d24de781cc9b8d4d850c2bda8cae0737872,ca55b287f06a5167d5d70deb1280291375eec4a4490078115ef1a673f95f1181
insertion,401,17,Gaussian CPU budget,97014,0,0,3.0,37a0e5d59d84d469af1573704c601d24de781cc9b8d4d850c2bda8cae0737872,2ff48da553ff9f92ce5ec915f4c42e755afc9aa27556eb6d6e42b3c580239311
insertion,401,17,Gaussian CPU budget,97015,1,1,4.0,37a0e5d59d84d469af1573704c601d24de781cc9b8d4d850c2bda8cae0737872,b4ec8b6feaa2104e4c65f0d80660ec6b26d9917bf163e8503437a97216f6bc0b
insertion,401,17,Gaussian CPU budget,97016,0,0,3.0,37a0e5d59d84d469af1573704c601d24de781cc9b8d4d850c2bda8cae0737872,b687ade739d80e0df3f54009e925f64b234a40a80340f62dd6b1c07380ad15b3
insertion,401,17,Gaussian CPU budget,97017,0,0,3.0,37a0e5d59d84d469af1573704c601d24de781cc9b8d4d850c2bda8cae0737872,1e2a82bf8dc3993caaec9c1392c4d4cdad54bbc01bad95ddc52b1bad0d74fb63
insertion,401,17,Gaussian CPU budget,97018,0,0,3.0,37a0e5d59d84d469af1573704c601d24de781cc9b8d4d850c2bda8cae0737872,cd1ed24bd269f3e4fc9682d526f5aefc72cd7bd2bd7090b43901c3f08ac31865
insertion,401,17,Gaussian CPU budget,97019,0,0,2.0,37a0e5d59d84d469af1573704c601d24de781cc9b8d4d850c2bda8cae0737872,91a06a185cfed0ecb9f0a3eeefaf5805e0456548152070b72fdbf677b679510d
insertion,401,29,Clean repeat,97000,1,0,4.0,467be2c2345742c113fdcf3f73d883b21f6eaebd20528f9d37a86c635196dc31,3a5b6de28e9c2a3b6fd37521d37efa88eb937a31eae603424b278c36bf4ca3a4
insertion,401,29,Clean repeat,97001,0,0,3.0,467be2c2345742c113fdcf3f73d883b21f6eaebd20528f9d37a86c635196dc31,b7cd937f3077dfb7c7d5ad2143380682b8af1e7abe0a1769868b2aedb64dba12
insertion,401,29,Clean repeat,97002,0,0,3.0,467be2c2345742c113fdcf3f73d883b21f6eaebd20528f9d37a86c635196dc31,50c03e632e13feff49b979875dd16e82da3b651cacdc09f8d14b8e056119ee24
insertion,401,29,Clean repeat,97003,0,0,3.0,467be2c2345742c113fdcf3f73d883b21f6eaebd20528f9d37a86c635196dc31,23a32b9cb4430f1a1ff4e8440fd3f1d6c10c02e4bb5300187d99150f10b24a65
insertion,401,29,Clean repeat,97004,0,0,2.0,467be2c2345742c113fdcf3f73d883b21f6eaebd20528f9d37a86c635196dc31,2109e4c7197037fba04e5e19dcbba1c660329405024f6b7de7ab72dd6cb95580
insertion,401,29,Clean repeat,97005,0,0,2.0,467be2c2345742c113fdcf3f73d883b21f6eaebd20528f9d37a86c635196dc31,853fc36f96a58aa9d13a2a72c9175cd2c2a2cee74e856254d2cf3fee1b1fbc03
insertion,401,29,Clean repeat,97006,0,0,2.0,467be2c2345742c113fdcf3f73d883b21f6eaebd20528f9d37a86c635196dc31,9ace84f85516eca445490f2ea76578225cf4e91dc8a2ad811a8d7e2a616c9ccf
insertion,401,29,Clean repeat,97007,0,0,2.0,467be2c2345742c113fdcf3f73d883b21f6eaebd20528f9d37a86c635196dc31,5f66a0cb89bcdd6b9224a23b7350fd0c1fa84ad92ff91d2bd22ee4fd681da368
insertion,401,29,Clean repeat,97008,1,1,4.0,467be2c2345742c113fdcf3f73d883b21f6eaebd20528f9d37a86c635196dc31,ead89e09a8e2777679bf867d0ce4119f12023d8000069b693e4bb782cf4701ea
insertion,401,29,Clean repeat,97009,1,0,4.0,467be2c2345742c113fdcf3f73d883b21f6eaebd20528f9d37a86c635196dc31,cbf3971cf9d986483cf7b062d93773dca8452e3ccbc664d364e65b8f3740b29f
insertion,401,29,Clean repeat,97010,0,0,3.0,467be2c2345742c113fdcf3f73d883b21f6eaebd20528f9d37a86c635196dc31,4d83ffb3728edf35098e7e4c4aa5a6cd6e7511e76951e73b81310bd7d07c5a4f
insertion,401,29,Clean repeat,97011,0,0,3.0,467be2c2345742c113fdcf3f73d883b21f6eaebd20528f9d37a86c635196dc31,df4a0d3ee8cb0d1c52a28fa7fce85d31ea50104aa1b887ea87cce36b6f9eb400
insertion,401,29,Clean repeat,97012,0,0,3.0,467be2c2345742c113fdcf3f73d883b21f6eaebd20528f9d37a86c635196dc31,27ee6526ab94021baf6c6115895d53287825fd1ed7f91b010231595a10942657
insertion,401,29,Clean repeat,97013,1,1,4.0,467be2c2345742c113fdcf3f73d883b21f6eaebd20528f9d37a86c635196dc31,8b687cfe8c1d67ad81e063f019152eb08afc10927e8bc185023cac5dac040a24
insertion,401,29,Clean repeat,97014,0,0,3.0,467be2c2345742c113fdcf3f73d883b21f6eaebd20528f9d37a86c635196dc31,5ec7317dd0098430e747e36d99d049d1e38b503bdaac64263fd73a79da33af0c
insertion,401,29,Clean repeat,97015,0,0,3.0,467be2c2345742c113fdcf3f73d883b21f6eaebd20528f9d37a86c635196dc31,6518f87f162c43369ed3c7693a1308e462d1c45ea89d68ccbd2e9aa4a91a1e8e
insertion,401,29,Clean repeat,97016,1,0,4.0,467be2c2345742c113fdcf3f73d883b21f6eaebd20528f9d37a86c635196dc31,5da3496a7aaef8005166b1171f0e82c9093dfdf12b9d6d50680a06d9b5884dd2
insertion,401,29,Clean repeat,97017,0,0,3.0,467be2c2345742c113fdcf3f73d883b21f6eaebd20528f9d37a86c635196dc31,ad73689b0f60b78a96273ca7c83bcd56890f68d9b37a0cc7cb6026e232473896
insertion,401,29,Clean repeat,97018,0,0,3.0,467be2c2345742c113fdcf3f73d883b21f6eaebd20528f9d37a86c635196dc31,86e4550d012e83b34679a0c3479a2c4de0ae5b75998eb98b8de3dcea55750536
insertion,401,29,Clean repeat,97019,0,0,2.0,467be2c2345742c113fdcf3f73d883b21f6eaebd20528f9d37a86c635196dc31,5a9341e4ba73079b0358d0ffec1a35abab5987964547d845c8a1f93727ab54bf
insertion,401,29,SCANA-R,97000,1,1,4.0,1e8c9c7b35cf135d7191f726037e947d175b0c886f47fb479558d1c66ac9406c,749c6e5a1a394f91dd5bf9b69f54289b13d6fb13c7d62a3e869e32cee4750312
insertion,401,29,SCANA-R,97001,0,0,3.0,1e8c9c7b35cf135d7191f726037e947d175b0c886f47fb479558d1c66ac9406c,8ab314556a08aa4524357e6382710d9321a0a2ab123c26cd0586de12e2e3478f
insertion,401,29,SCANA-R,97002,1,1,4.0,1e8c9c7b35cf135d7191f726037e947d175b0c886f47fb479558d1c66ac9406c,5f7ce0ba6327a9795b50e52f57772eb5fe4a67e686134c997ec7c8c74fe550c3
insertion,401,29,SCANA-R,97003,1,1,4.0,1e8c9c7b35cf135d7191f726037e947d175b0c886f47fb479558d1c66ac9406c,566d598c8256f7adcd1f3e802b37dfcc0a773b461e8ea76a60c2209cfee18e6d
insertion,401,29,SCANA-R,97004,0,0,2.0,1e8c9c7b35cf135d7191f726037e947d175b0c886f47fb479558d1c66ac9406c,9f5590b75ec125bf77c41bd3b7d260f98bb46273e817be46e84592e7d7d1bcca
insertion,401,29,SCANA-R,97005,0,0,2.0,1e8c9c7b35cf135d7191f726037e947d175b0c886f47fb479558d1c66ac9406c,ffd832ee8e7a4e03070d37831b8a073a5c0251bcfc9ffc79575b7de787e9db4d
insertion,401,29,SCANA-R,97006,1,0,4.0,1e8c9c7b35cf135d7191f726037e947d175b0c886f47fb479558d1c66ac9406c,8eb40a01f2977259fa14886614f51e0e7e954e5db6a396ff3f4723135575a61f
insertion,401,29,SCANA-R,97007,0,0,3.0,1e8c9c7b35cf135d7191f726037e947d175b0c886f47fb479558d1c66ac9406c,22ad9744b539a38d3604d4f113aedc07f99b5f7e37cfae8283d5a9263fec5c30
insertion,401,29,SCANA-R,97008,1,1,4.0,1e8c9c7b35cf135d7191f726037e947d175b0c886f47fb479558d1c66ac9406c,a69f3de119b31dab214b74159a4a102bbf8c6267f0f596e1d76bf241f4f0fa67
insertion,401,29,SCANA-R,97009,1,0,4.0,1e8c9c7b35cf135d7191f726037e947d175b0c886f47fb479558d1c66ac9406c,75997464a8bc00f3bcdd53b0b15ca56b343c57b676f035d24dff1145d5ce198a
insertion,401,29,SCANA-R,97010,1,1,4.0,1e8c9c7b35cf135d7191f726037e947d175b0c886f47fb479558d1c66ac9406c,b5d1002994bc8de751cccc38e07253389e0e92d8117768707926cbef1e2ee4a8
insertion,401,29,SCANA-R,97011,0,0,3.0,1e8c9c7b35cf135d7191f726037e947d175b0c886f47fb479558d1c66ac9406c,a7afa2c89e84d4e9772bd89ec78014cda6ca2c17cc2e358118447378a01b93e6
insertion,401,29,SCANA-R,97012,0,0,3.0,1e8c9c7b35cf135d7191f726037e947d175b0c886f47fb479558d1c66ac9406c,d50a2e926561829719e545ede944ff8235379f9933f93a66a0cc1a97a0b39f3c
insertion,401,29,SCANA-R,97013,1,1,4.0,1e8c9c7b35cf135d7191f726037e947d175b0c886f47fb479558d1c66ac9406c,e3fa2785515c44114f1d30451bcc1fdafb5363a0f3bc502e4558d56154baa575
insertion,401,29,SCANA-R,97014,1,1,4.0,1e8c9c7b35cf135d7191f726037e947d175b0c886f47fb479558d1c66ac9406c,2f15cf14f35e2c881480d4aa256c0099c3ee3185a80634a09043447b3cdbca5d
insertion,401,29,SCANA-R,97015,0,0,3.0,1e8c9c7b35cf135d7191f726037e947d175b0c886f47fb479558d1c66ac9406c,70b2e3a3e0ae5629f90f86a0cd9257c37b830ea558fe537cf20728c57d2ad554
insertion,401,29,SCANA-R,97016,0,0,2.0,1e8c9c7b35cf135d7191f726037e947d175b0c886f47fb479558d1c66ac9406c,c0e814efe501df822595da830082b6a01136c42d7688f1f21c7688c57a8c48e0
insertion,401,29,SCANA-R,97017,0,0,3.0,1e8c9c7b35cf135d7191f726037e947d175b0c886f47fb479558d1c66ac9406c,6fc075957c5dd11fddbfba79d0425355f66c1911c8457c184bc3df28b2584a92
insertion,401,29,SCANA-R,97018,0,0,3.0,1e8c9c7b35cf135d7191f726037e947d175b0c886f47fb479558d1c66ac9406c,6ea2321ddea8e8774288996c4ed3cf8281bb176e8a7e56ea8617588faddf1ef1
insertion,401,29,SCANA-R,97019,1,1,4.0,1e8c9c7b35cf135d7191f726037e947d175b0c886f47fb479558d1c66ac9406c,79ef769f9a22463196d5f4bfd1adde6071aef78bc0cd3b0b468c089229cc1b15
insertion,401,29,Gaussian recovery,97000,1,0,4.0,bdaa601b092d1b5e25bfdfde0d4b38a683587a2cd83bc954fd55e24f1dec4263,558fd9a79e782b83cc78ac0a7972891f2d4d10653c2a91607e4cc3c8a0a449ec
insertion,401,29,Gaussian recovery,97001,0,0,3.0,bdaa601b092d1b5e25bfdfde0d4b38a683587a2cd83bc954fd55e24f1dec4263,da06fcfbe0f7804f03b258c05541b8948e86606b316027dc9b1ccbdf73ba9ea4
insertion,401,29,Gaussian recovery,97002,0,0,2.0,bdaa601b092d1b5e25bfdfde0d4b38a683587a2cd83bc954fd55e24f1dec4263,1c54041b37723782ec746e0e600ffca0fa1bbaba61c02e405cb00ec10aa58148
insertion,401,29,Gaussian recovery,97003,1,0,4.0,bdaa601b092d1b5e25bfdfde0d4b38a683587a2cd83bc954fd55e24f1dec4263,797bb0c2f3d00692ad232798101e229f2771ab68d50e46eb9b8504f326485f5b
insertion,401,29,Gaussian recovery,97004,0,0,3.0,bdaa601b092d1b5e25bfdfde0d4b38a683587a2cd83bc954fd55e24f1dec4263,29a8a15782d9b4a707dda0103872504ccc667e7d1d6a8f609fd97df53e59e504
insertion,401,29,Gaussian recovery,97005,1,1,4.0,bdaa601b092d1b5e25bfdfde0d4b38a683587a2cd83bc954fd55e24f1dec4263,e8547bd6d84fa461dde51e36a6ac404a833264b8acd29685938a229b5402f299
insertion,401,29,Gaussian recovery,97006,0,0,3.0,bdaa601b092d1b5e25bfdfde0d4b38a683587a2cd83bc954fd55e24f1dec4263,f6cbb6c58914d43f6a00cbd39ac47a74fa98169679c424a7eeeafdb7d7b599f2
insertion,401,29,Gaussian recovery,97007,0,0,3.0,bdaa601b092d1b5e25bfdfde0d4b38a683587a2cd83bc954fd55e24f1dec4263,1bf4da5d94df8e704a52d88edfe87b04f8e95a4fa7157a5d8a2bc65a0833116b
insertion,401,29,Gaussian recovery,97008,1,1,4.0,bdaa601b092d1b5e25bfdfde0d4b38a683587a2cd83bc954fd55e24f1dec4263,e59016451e7114b0802e51363004e56971075721108746c9cffe033e4b039e0e
insertion,401,29,Gaussian recovery,97009,1,0,4.0,bdaa601b092d1b5e25bfdfde0d4b38a683587a2cd83bc954fd55e24f1dec4263,9600094d8b282cd30c97ed386af178f56a8247ee943f676a509f51dae04f2520
insertion,401,29,Gaussian recovery,97010,0,0,2.0,bdaa601b092d1b5e25bfdfde0d4b38a683587a2cd83bc954fd55e24f1dec4263,d8055357766da53889a51b68c0138b2d55a5b88c05109b0b0736eb049c1a93bb
insertion,401,29,Gaussian recovery,97011,0,0,3.0,bdaa601b092d1b5e25bfdfde0d4b38a683587a2cd83bc954fd55e24f1dec4263,04a5c9e6380a74d66c33b10d94dcd704ec8f273c315180f8ec6c846369102960
insertion,401,29,Gaussian recovery,97012,0,0,2.0,bdaa601b092d1b5e25bfdfde0d4b38a683587a2cd83bc954fd55e24f1dec4263,a2d1a8083dbfefabb059b7c3a90480274e1fbf63bb0d42183d1d1cf904e6be4f
insertion,401,29,Gaussian recovery,97013,1,0,4.0,bdaa601b092d1b5e25bfdfde0d4b38a683587a2cd83bc954fd55e24f1dec4263,b28be37590c72c883e7b94e1dec49009eb747957572cf7eae9e23645875a8d64
insertion,401,29,Gaussian recovery,97014,0,0,3.0,bdaa601b092d1b5e25bfdfde0d4b38a683587a2cd83bc954fd55e24f1dec4263,fded8bfa3a7c9d349520e7471448628f2a1f770b4e4b324fb37974cc5d3d831e
insertion,401,29,Gaussian recovery,97015,0,0,2.0,bdaa601b092d1b5e25bfdfde0d4b38a683587a2cd83bc954fd55e24f1dec4263,828c819a091e703da8f20cc8eeb420f319cd29f63ccc2ea53b7b0f8d9b2967af
insertion,401,29,Gaussian recovery,97016,1,0,4.0,bdaa601b092d1b5e25bfdfde0d4b38a683587a2cd83bc954fd55e24f1dec4263,43b8ca27039cc4782ed8cafac2b14783d8e1a35fd25bf993d9180ada76c89f7e
insertion,401,29,Gaussian recovery,97017,0,0,3.0,bdaa601b092d1b5e25bfdfde0d4b38a683587a2cd83bc954fd55e24f1dec4263,afaf37739cabd68cb8878dfa21c4f424f3bdd71a782dc3a4d2616061632408fb
insertion,401,29,Gaussian recovery,97018,0,0,3.0,bdaa601b092d1b5e25bfdfde0d4b38a683587a2cd83bc954fd55e24f1dec4263,1982204fd1a6ab5823e4d2e9a83d42a51aa9fc11e45eef740cba3280ab549259
insertion,401,29,Gaussian recovery,97019,1,0,4.0,bdaa601b092d1b5e25bfdfde0d4b38a683587a2cd83bc954fd55e24f1dec4263,e8817cddcfb4b8c65fd6fdf6ff7b3d64d9c67fc88364082ad171fc88033c2a78
insertion,401,29,No cross-fitting,97000,1,1,4.0,f4f888c718f11d05c44540390ae3b32712524a298faad495bfa0f1b2e732753b,169dc19179640ec9ea1022158f75d07ab15e45f6fdd357778a18a77bcf270b11
insertion,401,29,No cross-fitting,97001,0,0,1.0,f4f888c718f11d05c44540390ae3b32712524a298faad495bfa0f1b2e732753b,d7e97982f3466ec4a7ced2ed617466b727ed463ac923765e5feaaf2731625afb
insertion,401,29,No cross-fitting,97002,1,1,4.0,f4f888c718f11d05c44540390ae3b32712524a298faad495bfa0f1b2e732753b,fabd756c1a9adc0a7adec9f8ee2493245ed4a683fc84b3c6d18d3849a135396a
insertion,401,29,No cross-fitting,97003,1,1,4.0,f4f888c718f11d05c44540390ae3b32712524a298faad495bfa0f1b2e732753b,5e4997d3ca8e4bf3b4a65df0db02719e58ca4d7ac3c70bb2bc43f926f0ef9b7e
insertion,401,29,No cross-fitting,97004,1,1,4.0,f4f888c718f11d05c44540390ae3b32712524a298faad495bfa0f1b2e732753b,cec2a403a2b415a978f05bd458fb06d134053539bfd1701e14400febf84f95da
insertion,401,29,No cross-fitting,97005,0,0,3.0,f4f888c718f11d05c44540390ae3b32712524a298faad495bfa0f1b2e732753b,0849bc91cf872ec060c461db08456aa6eb1b09aa55848abc13700566e6083c15
insertion,401,29,No cross-fitting,97006,1,1,4.0,f4f888c718f11d05c44540390ae3b32712524a298faad495bfa0f1b2e732753b,8f2bffd67f228ebb9cd7888b0cfb66c5df1d254be1c0a693ae0fc4bc3ca4c03e
insertion,401,29,No cross-fitting,97007,0,0,3.0,f4f888c718f11d05c44540390ae3b32712524a298faad495bfa0f1b2e732753b,ee83556016bb00ce6250b922584fa4e60a7b5d008acb093c76b839befe58a85b
insertion,401,29,No cross-fitting,97008,1,1,4.0,f4f888c718f11d05c44540390ae3b32712524a298faad495bfa0f1b2e732753b,a5f9019f6028d442db38eb9b68015aef5cb626511c45357512516898a85ebbbd
insertion,401,29,No cross-fitting,97009,1,1,4.0,f4f888c718f11d05c44540390ae3b32712524a298faad495bfa0f1b2e732753b,77817fb5438159d1a7a7204783dc48c649007344f289db1d197377197aa28e87
insertion,401,29,No cross-fitting,97010,1,1,4.0,f4f888c718f11d05c44540390ae3b32712524a298faad495bfa0f1b2e732753b,b19be4d2721e5b9fab8f28e5ee36d5d52250e8d028f423b1972b4e5eb099982c
insertion,401,29,No cross-fitting,97011,1,1,4.0,f4f888c718f11d05c44540390ae3b32712524a298faad495bfa0f1b2e732753b,8f82f3678a34e5dbf15bffd7a77f106f35e608ac034fc0655e87a18626554b9e
insertion,401,29,No cross-fitting,97012,1,1,4.0,f4f888c718f11d05c44540390ae3b32712524a298faad495bfa0f1b2e732753b,aec95e4f374325a53a00b590a23edb114d365add4a9ea47968e31df226818969
insertion,401,29,No cross-fitting,97013,0,0,3.0,f4f888c718f11d05c44540390ae3b32712524a298faad495bfa0f1b2e732753b,4db078d8cd890c26f8f39c411d33aae00946d114e32c4c076304f07dc6f23149
insertion,401,29,No cross-fitting,97014,1,1,4.0,f4f888c718f11d05c44540390ae3b32712524a298faad495bfa0f1b2e732753b,223df483703088151adbdb699fd62af6ef165ec738d5d48939c2bf3d0a114498
insertion,401,29,No cross-fitting,97015,1,1,4.0,f4f888c718f11d05c44540390ae3b32712524a298faad495bfa0f1b2e732753b,a50d0271cb970c4481dee6261c28a6001c9dc16c75411f2ddd8754154c8dc48e
insertion,401,29,No cross-fitting,97016,1,1,4.0,f4f888c718f11d05c44540390ae3b32712524a298faad495bfa0f1b2e732753b,011c897bc4f61ea1bb9a6162e74a086fd33783ffbdd66d0659a69e2299d2269a
insertion,401,29,No cross-fitting,97017,1,0,4.0,f4f888c718f11d05c44540390ae3b32712524a298faad495bfa0f1b2e732753b,7df5f0c816123fc8c1aed9602f3a2ae71ee82b0cfd17779a6141f95fb98781df
insertion,401,29,No cross-fitting,97018,1,1,4.0,f4f888c718f11d05c44540390ae3b32712524a298faad495bfa0f1b2e732753b,8ce8839f1bea92be5b1aaf41489f6eb7b4079f095f722b4e68395fc13bf80f5b
insertion,401,29,No cross-fitting,97019,1,1,4.0,f4f888c718f11d05c44540390ae3b32712524a298faad495bfa0f1b2e732753b,34d7daa9e0ba63777461bf05d0e61828192f9afd45bb01223c0c3f520bd1e37d
insertion,401,29,Global-time errors,97000,0,0,3.0,10ae4e4387f53f256c3419e67221d20d682d3e50dcb3d950a130e2aec57b95c8,7c8240b82d11e539660f1aeb00039abe3d5cb7e32a7b17e99a53163337c3af21
insertion,401,29,Global-time errors,97001,0,0,1.0,10ae4e4387f53f256c3419e67221d20d682d3e50dcb3d950a130e2aec57b95c8,7663f023613e428edb7df9c8d36e0c561d28241c48a866e2230293daf6d5f960
insertion,401,29,Global-time errors,97002,1,1,4.0,10ae4e4387f53f256c3419e67221d20d682d3e50dcb3d950a130e2aec57b95c8,4410fca6983375a0cb4cb9495c89e1d2676d4d1cd6bb828d3f2b39a319995baa
insertion,401,29,Global-time errors,97003,1,1,4.0,10ae4e4387f53f256c3419e67221d20d682d3e50dcb3d950a130e2aec57b95c8,71fc57b6e419c2d794da3cf8d69eeddf5269e4ab04fd9e1f6429a3bd5714a80e
insertion,401,29,Global-time errors,97004,0,0,2.0,10ae4e4387f53f256c3419e67221d20d682d3e50dcb3d950a130e2aec57b95c8,b677b3c976961fedfec53fad72d011f5c7272ff5bb0ac165233faca16ef2d5ef
insertion,401,29,Global-time errors,97005,1,1,4.0,10ae4e4387f53f256c3419e67221d20d682d3e50dcb3d950a130e2aec57b95c8,77855d2d7231c55b5773d286d251ea46feb39392079f207597612913d0ad68ce
insertion,401,29,Global-time errors,97006,1,1,4.0,10ae4e4387f53f256c3419e67221d20d682d3e50dcb3d950a130e2aec57b95c8,50e2ecb39fe56a078829017167c4dde1fa74416d2db2fc43bc6063edd7d44661
insertion,401,29,Global-time errors,97007,0,0,3.0,10ae4e4387f53f256c3419e67221d20d682d3e50dcb3d950a130e2aec57b95c8,e69f0b0af983a196dfb4aca7ea32bc69624b24dc470df9f710635505a0b5f4bb
insertion,401,29,Global-time errors,97008,1,1,4.0,10ae4e4387f53f256c3419e67221d20d682d3e50dcb3d950a130e2aec57b95c8,2ac07a0bb612fc30f075bbcd8c4a2c91b93fdec1c46e58ea653a1ce2ccc11477
insertion,401,29,Global-time errors,97009,1,1,4.0,10ae4e4387f53f256c3419e67221d20d682d3e50dcb3d950a130e2aec57b95c8,165ea418319d409c93d51776abb0235e41f78cfcc48890f7ec77647e953a600d
insertion,401,29,Global-time errors,97010,1,1,4.0,10ae4e4387f53f256c3419e67221d20d682d3e50dcb3d950a130e2aec57b95c8,b1006512b2c0b5046a07a7b46764c6befec76fc0a1a33d30b638730ce06025e1
insertion,401,29,Global-time errors,97011,0,0,3.0,10ae4e4387f53f256c3419e67221d20d682d3e50dcb3d950a130e2aec57b95c8,0ce8303929281726b86650b7a297381fea39a5ef46eeea217cf214562d899c4a
insertion,401,29,Global-time errors,97012,1,1,4.0,10ae4e4387f53f256c3419e67221d20d682d3e50dcb3d950a130e2aec57b95c8,cf46a90ff04370352c2d0f652d4e1c3d94cf39362a677666c1bd327ef90add7f
insertion,401,29,Global-time errors,97013,1,1,4.0,10ae4e4387f53f256c3419e67221d20d682d3e50dcb3d950a130e2aec57b95c8,7349f6b0dcc0ed7dfdab647f02685d56ba995304fcd83e8f6b2ae6cc9eeb0b6a
insertion,401,29,Global-time errors,97014,0,0,2.0,10ae4e4387f53f256c3419e67221d20d682d3e50dcb3d950a130e2aec57b95c8,5b7950f8f249b4b53b3f3798d5b3f24d46a008afd1baf88bced31828d965bc9c
insertion,401,29,Global-time errors,97015,1,1,4.0,10ae4e4387f53f256c3419e67221d20d682d3e50dcb3d950a130e2aec57b95c8,5da766057218f6087ff4c8814c8d9a9a9a350a0a0e609c2730ee1392f0d7a286
insertion,401,29,Global-time errors,97016,1,1,4.0,10ae4e4387f53f256c3419e67221d20d682d3e50dcb3d950a130e2aec57b95c8,4d5fefd9ffffd006d4ab16b71c5d51a0a89a5d19c8b90fe9633a356ae94e43b6
insertion,401,29,Global-time errors,97017,0,0,3.0,10ae4e4387f53f256c3419e67221d20d682d3e50dcb3d950a130e2aec57b95c8,f5f4db78d747f362313399a9440d92f45dea2d744c57663b932a826bc34ad6e6
insertion,401,29,Global-time errors,97018,0,0,3.0,10ae4e4387f53f256c3419e67221d20d682d3e50dcb3d950a130e2aec57b95c8,d28ea76199285ab33f98bf942991a4d618c06b7084fdfb2787ccbf557fc77e7d
insertion,401,29,Global-time errors,97019,1,1,4.0,10ae4e4387f53f256c3419e67221d20d682d3e50dcb3d950a130e2aec57b95c8,7bffbeb8a79608f7ab228e83513c861d7338aa139508ffad9975c35965ba74bd
insertion,401,29,No intermediate backtracking,97000,1,0,4.0,b1d92469a845abf576d71416657b701e5fc1fa01cf31f006a1bb04e4dde51972,05ce4251545e1e977b169af12d8628ed8cd1c9c58ea0bb25053ead73c517fa4e
insertion,401,29,No intermediate backtracking,97001,0,0,2.0,b1d92469a845abf576d71416657b701e5fc1fa01cf31f006a1bb04e4dde51972,2fa62ee0dbdef92db55cff4b9011ee43de9ab44c6c258e9ef50bacaa2f438521
insertion,401,29,No intermediate backtracking,97002,0,0,3.0,b1d92469a845abf576d71416657b701e5fc1fa01cf31f006a1bb04e4dde51972,edf7c5ba7fa9f4ae2cb652452b00fde18a3dd761b0e04d584fe4c452007c05f6
insertion,401,29,No intermediate backtracking,97003,1,0,4.0,b1d92469a845abf576d71416657b701e5fc1fa01cf31f006a1bb04e4dde51972,3ba877bbf1c0c6bff638fc41f16bf94fd04f7bbdde8129f29fa09a96eb9943ed
insertion,401,29,No intermediate backtracking,97004,0,0,3.0,b1d92469a845abf576d71416657b701e5fc1fa01cf31f006a1bb04e4dde51972,ac0413f7a54d37aa210ac2083c58f1ee444816fc932ce4b6d62f3a4a938a1df0
insertion,401,29,No intermediate backtracking,97005,0,0,2.0,b1d92469a845abf576d71416657b701e5fc1fa01cf31f006a1bb04e4dde51972,41e891d66dd2e6adb82a2b205e9593aabda6a44c8018d16edb945139e7644320
insertion,401,29,No intermediate backtracking,97006,0,0,3.0,b1d92469a845abf576d71416657b701e5fc1fa01cf31f006a1bb04e4dde51972,ec506a83f23b3154f4a4ea6f7f8ed6b075249ecf936dc4e89b2255351c49c679
insertion,401,29,No intermediate backtracking,97007,0,0,3.0,b1d92469a845abf576d71416657b701e5fc1fa01cf31f006a1bb04e4dde51972,d21e53a414b418e8fd8c61d8a2172bad1a4347445113c08e1514fc54109c134e
insertion,401,29,No intermediate backtracking,97008,1,1,4.0,b1d92469a845abf576d71416657b701e5fc1fa01cf31f006a1bb04e4dde51972,e0393b40986c1da1da8e31fb871c98f9e675c0d43994fb8ff8fd436c30289b74
insertion,401,29,No intermediate backtracking,97009,0,0,3.0,b1d92469a845abf576d71416657b701e5fc1fa01cf31f006a1bb04e4dde51972,94f5f56df19fb9b215d26bb537c0add000cedf35a407da101abe9275eed8fa65
insertion,401,29,No intermediate backtracking,97010,0,0,3.0,b1d92469a845abf576d71416657b701e5fc1fa01cf31f006a1bb04e4dde51972,b7a3dcc50f8c180af973c5c97d78781c1795be5d68d50d739160a472f40ae33b
insertion,401,29,No intermediate backtracking,97011,1,0,4.0,b1d92469a845abf576d71416657b701e5fc1fa01cf31f006a1bb04e4dde51972,5780dccfceb4ba2c9fb3d4807d439b8ad6479b3710f312df7ca68ddf9da1620a
insertion,401,29,No intermediate backtracking,97012,0,0,3.0,b1d92469a845abf576d71416657b701e5fc1fa01cf31f006a1bb04e4dde51972,a6c511c46b8aa5789d2aec68510dbb898de7788733a14b5eae84fe96f8dd2a85
insertion,401,29,No intermediate backtracking,97013,0,0,2.0,b1d92469a845abf576d71416657b701e5fc1fa01cf31f006a1bb04e4dde51972,58934ae2d6c9a3d624023af5f19c43fdb3040367adaae2c0790bc26a96ddfb44
insertion,401,29,No intermediate backtracking,97014,0,0,3.0,b1d92469a845abf576d71416657b701e5fc1fa01cf31f006a1bb04e4dde51972,67996f8ae9f06195ab5fa9d1bdde5e82a195c8036cd96d822f16c61cfdb610cd
insertion,401,29,No intermediate backtracking,97015,0,0,3.0,b1d92469a845abf576d71416657b701e5fc1fa01cf31f006a1bb04e4dde51972,938166cfaba19308c62453015379608d4b557e0a6a654e1125e1b8755f72fe77
insertion,401,29,No intermediate backtracking,97016,0,0,2.0,b1d92469a845abf576d71416657b701e5fc1fa01cf31f006a1bb04e4dde51972,06d6393f33b82be9a76ddd5ef912c3dc97a6bb50638953c3e03d12bd7f6648a5
insertion,401,29,No intermediate backtracking,97017,0,0,3.0,b1d92469a845abf576d71416657b701e5fc1fa01cf31f006a1bb04e4dde51972,a93925235b9a4b6658ce58fe0f1e0e4795c014a7cf58fdb081f68fb7fa7ff07d
insertion,401,29,No intermediate backtracking,97018,0,0,3.0,b1d92469a845abf576d71416657b701e5fc1fa01cf31f006a1bb04e4dde51972,1e9b8b505fc32ff438a7bf5098eb8d0d85c09eb05d6f3a07a4a0030b1ef4029a
insertion,401,29,No intermediate backtracking,97019,1,0,4.0,b1d92469a845abf576d71416657b701e5fc1fa01cf31f006a1bb04e4dde51972,327b8a0117e6e3dd0367f0d743fe17b031e7f8e15dd30a6388426081303eff89
insertion,401,29,Gaussian CPU budget,97000,1,0,4.0,062cab7c18481cda3918ebfeedd9222dd277e0b8b2177ec0a95941a110ed540a,aece64e46e6e61b8db0e3fd4b798c86eb7132bbda87faac109903f91eec311b2
insertion,401,29,Gaussian CPU budget,97001,0,0,3.0,062cab7c18481cda3918ebfeedd9222dd277e0b8b2177ec0a95941a110ed540a,aafdb534612c69f0c5ac99527555472a48e687200d6af6fd63a575a190eb462e
insertion,401,29,Gaussian CPU budget,97002,0,0,2.0,062cab7c18481cda3918ebfeedd9222dd277e0b8b2177ec0a95941a110ed540a,49053ad22ea65e1f54eaeb4b7c5cbf278d301e4e9ee37806cf2dad84bff945f1
insertion,401,29,Gaussian CPU budget,97003,1,0,4.0,062cab7c18481cda3918ebfeedd9222dd277e0b8b2177ec0a95941a110ed540a,cbf2d9c60225c968880618ac813cd60e50feaaf99355fcf165ec752f7441c4bc
insertion,401,29,Gaussian CPU budget,97004,0,0,3.0,062cab7c18481cda3918ebfeedd9222dd277e0b8b2177ec0a95941a110ed540a,29a8a15782d9b4a707dda0103872504ccc667e7d1d6a8f609fd97df53e59e504
insertion,401,29,Gaussian CPU budget,97005,1,1,4.0,062cab7c18481cda3918ebfeedd9222dd277e0b8b2177ec0a95941a110ed540a,18ebfa0ed7f342b05e2d9be6802cb1e3c294721642e8b10bd35dab57cdf86537
insertion,401,29,Gaussian CPU budget,97006,0,0,3.0,062cab7c18481cda3918ebfeedd9222dd277e0b8b2177ec0a95941a110ed540a,9af0b4ba3fc574b49b6e3de8fb67007fffcc4f2491babb4574120198e5ff366d
insertion,401,29,Gaussian CPU budget,97007,0,0,3.0,062cab7c18481cda3918ebfeedd9222dd277e0b8b2177ec0a95941a110ed540a,61077b86cc3b3a92c3719e97f48896b1be34260993cae5cf65423672b3070c12
insertion,401,29,Gaussian CPU budget,97008,1,1,4.0,062cab7c18481cda3918ebfeedd9222dd277e0b8b2177ec0a95941a110ed540a,a35ac8191e02a341aa021bd048f938f17917c5f5ea17f73ae70fbd8cef6678d2
insertion,401,29,Gaussian CPU budget,97009,1,0,4.0,062cab7c18481cda3918ebfeedd9222dd277e0b8b2177ec0a95941a110ed540a,a774e0cb7f53fc7dcebad1f935004a3c34667118585d963cb3294c8df18b1dd5
insertion,401,29,Gaussian CPU budget,97010,0,0,2.0,062cab7c18481cda3918ebfeedd9222dd277e0b8b2177ec0a95941a110ed540a,9321daecbea361d2c08e986c11cfe00f4e418105614fad597169f175551c0833
insertion,401,29,Gaussian CPU budget,97011,0,0,3.0,062cab7c18481cda3918ebfeedd9222dd277e0b8b2177ec0a95941a110ed540a,4135397f2b0eb33d5aa8540d5eb757abfd068b4954f3383c3608a140a9350eaf
insertion,401,29,Gaussian CPU budget,97012,0,0,2.0,062cab7c18481cda3918ebfeedd9222dd277e0b8b2177ec0a95941a110ed540a,956a5285359c95f16cb318a538a9f42ebd726617cb8818a9cb144cad4b6f31ff
insertion,401,29,Gaussian CPU budget,97013,1,0,4.0,062cab7c18481cda3918ebfeedd9222dd277e0b8b2177ec0a95941a110ed540a,08fd2fc1453949c120ff2f95065c1a351cb56e7a335523609a7673e428feb0ae
insertion,401,29,Gaussian CPU budget,97014,0,0,3.0,062cab7c18481cda3918ebfeedd9222dd277e0b8b2177ec0a95941a110ed540a,e09d4781f11b1e8db9db61e6f6f33d0673dc4a9b91bea462e5015ff9813331a6
insertion,401,29,Gaussian CPU budget,97015,0,0,2.0,062cab7c18481cda3918ebfeedd9222dd277e0b8b2177ec0a95941a110ed540a,026ad6d521dadb37ad8757ab24cce2b8c45d6478818cfb6c8367f0f65a14f4f3
insertion,401,29,Gaussian CPU budget,97016,1,0,4.0,062cab7c18481cda3918ebfeedd9222dd277e0b8b2177ec0a95941a110ed540a,39d78855be285961c9ab43722bc6909fa64e0de41ba61fa29eff1e45620ca8c5
insertion,401,29,Gaussian CPU budget,97017,0,0,3.0,062cab7c18481cda3918ebfeedd9222dd277e0b8b2177ec0a95941a110ed540a,3af913b7b1eb5505b3e684553944953157d90d1be7362623824a35e39eb9e91d
insertion,401,29,Gaussian CPU budget,97018,0,0,3.0,062cab7c18481cda3918ebfeedd9222dd277e0b8b2177ec0a95941a110ed540a,178414538dec208ecaece97e6322216447c8bddd8366d7f93c313dc406f0e102
insertion,401,29,Gaussian CPU budget,97019,1,0,4.0,062cab7c18481cda3918ebfeedd9222dd277e0b8b2177ec0a95941a110ed540a,28d015b577b5f12dbc60851b1e0736108aa09bc7fd6e17a27e1b251a3900c29d
insertion,401,43,Clean repeat,97000,0,0,3.0,1e3dba8f7de6424e8769357ef64da0456f037c246ca74e9d01b98df0ba633edc,3a7cfb3d209f0a29a41542b00ca77969d5513abfef57d2d66412e6fb286b35bb
insertion,401,43,Clean repeat,97001,0,0,1.0,1e3dba8f7de6424e8769357ef64da0456f037c246ca74e9d01b98df0ba633edc,761b0cddc947bdfce736d066e54277b98b604d17f895bea12dcd5e831b14b949
insertion,401,43,Clean repeat,97002,1,0,4.0,1e3dba8f7de6424e8769357ef64da0456f037c246ca74e9d01b98df0ba633edc,e79a80cc29b8629f29f126784b5f0a24e5d99c6eb71c51574df4fbbb5b4e5de7
insertion,401,43,Clean repeat,97003,0,0,0.0,1e3dba8f7de6424e8769357ef64da0456f037c246ca74e9d01b98df0ba633edc,cc3c7bcbba2b9edd97bb564ab0de588ae4c6eb6f8887c0ffcd0f263c75c9562f
insertion,401,43,Clean repeat,97004,1,1,4.0,1e3dba8f7de6424e8769357ef64da0456f037c246ca74e9d01b98df0ba633edc,42ba7be55bed568a282a59971e83e4f616e05b037ab15344de607fbc225a89c2
insertion,401,43,Clean repeat,97005,1,1,4.0,1e3dba8f7de6424e8769357ef64da0456f037c246ca74e9d01b98df0ba633edc,5390fdf2fb144478d3296f781856140e23d51d2c5db179c89749ef8164e89055
insertion,401,43,Clean repeat,97006,0,0,2.0,1e3dba8f7de6424e8769357ef64da0456f037c246ca74e9d01b98df0ba633edc,79382a5487671df61c852d9baa1872ab74786e68788abc432f3a2831bff93a60
insertion,401,43,Clean repeat,97007,1,0,4.0,1e3dba8f7de6424e8769357ef64da0456f037c246ca74e9d01b98df0ba633edc,6a60089a6f1bd818365e6d97758211b511a0876394a5e184fb0166f1eaf2ebbc
insertion,401,43,Clean repeat,97008,1,1,4.0,1e3dba8f7de6424e8769357ef64da0456f037c246ca74e9d01b98df0ba633edc,a1f4b24489aa9c50bfbe42aefecf41601f1539d626a01b6c33864fd4eece60b9
insertion,401,43,Clean repeat,97009,0,0,3.0,1e3dba8f7de6424e8769357ef64da0456f037c246ca74e9d01b98df0ba633edc,7398f758c56c90bdbe4811509a3ea9467eadca7dbc71856581ad9de11cc129cf
insertion,401,43,Clean repeat,97010,0,0,3.0,1e3dba8f7de6424e8769357ef64da0456f037c246ca74e9d01b98df0ba633edc,783edaaaf02e19f1047bdee9f69c5b2fad7b2093abee937a63033b8c897fc7d9
insertion,401,43,Clean repeat,97011,0,0,3.0,1e3dba8f7de6424e8769357ef64da0456f037c246ca74e9d01b98df0ba633edc,cbc68320e92293e5942de650ef63c500058edc6287e573b616dc5149976f6099
insertion,401,43,Clean repeat,97012,0,0,3.0,1e3dba8f7de6424e8769357ef64da0456f037c246ca74e9d01b98df0ba633edc,f527f635e5b0ac5f41a8db50f3e6ca4e6f01d1f4003430603946560363a4af5a
insertion,401,43,Clean repeat,97013,0,0,1.0,1e3dba8f7de6424e8769357ef64da0456f037c246ca74e9d01b98df0ba633edc,277d3ce104eb63eaaff242e96b49fbf4128d003330b1c5485b188eae532eaa71
insertion,401,43,Clean repeat,97014,0,0,1.0,1e3dba8f7de6424e8769357ef64da0456f037c246ca74e9d01b98df0ba633edc,308b1d24b170e31b764691558c9b25cf7b2f9ccc213793f0cb66fa3a1caf1054
insertion,401,43,Clean repeat,97015,1,0,4.0,1e3dba8f7de6424e8769357ef64da0456f037c246ca74e9d01b98df0ba633edc,6dbf48f50ca07622d3300788ddc2b8835ce8a160a0305145dd716db5bf2763de
insertion,401,43,Clean repeat,97016,1,1,4.0,1e3dba8f7de6424e8769357ef64da0456f037c246ca74e9d01b98df0ba633edc,01d4e7715d08ee3a3e003c385a5ef7a79f45f7df855180dfb6c116f25d21a9aa
insertion,401,43,Clean repeat,97017,0,0,2.0,1e3dba8f7de6424e8769357ef64da0456f037c246ca74e9d01b98df0ba633edc,ae8b9fd25fb81c9ecf9aeaabfefa003b62255945090d088876dfad299ae8ccaa
insertion,401,43,Clean repeat,97018,0,0,2.0,1e3dba8f7de6424e8769357ef64da0456f037c246ca74e9d01b98df0ba633edc,1d826ec37e8a0580db6eca21262f98b0f7645ef63919b1c056eb12dd8b2e66a7
insertion,401,43,Clean repeat,97019,1,0,4.0,1e3dba8f7de6424e8769357ef64da0456f037c246ca74e9d01b98df0ba633edc,7fe419612c3c02f76b3b6ec5ec651401114edd01814b5cf707f39aeb329410a5
insertion,401,43,SCANA-R,97000,0,0,3.0,979275dc3fe28b437b3a31b872f7c967ad817b79e057d3eb1a3bcc1610dd92c5,00de02890700553019182f6e895cdf3f5cebad82994f5c110ceceecde61e2782
insertion,401,43,SCANA-R,97001,0,0,3.0,979275dc3fe28b437b3a31b872f7c967ad817b79e057d3eb1a3bcc1610dd92c5,7becd308c339591ea7d4c702bdbfd0bf92be8c97008d998084c8cd4b6737c885
insertion,401,43,SCANA-R,97002,0,0,3.0,979275dc3fe28b437b3a31b872f7c967ad817b79e057d3eb1a3bcc1610dd92c5,a8798e1f583567adacf0a76626bf5659de93b1964429b0b78c474f93b88b68ae
insertion,401,43,SCANA-R,97003,1,1,4.0,979275dc3fe28b437b3a31b872f7c967ad817b79e057d3eb1a3bcc1610dd92c5,b34d16cc9cf8aad1101182b5308d280bdb8f539d430b41775e94247679a940fc
insertion,401,43,SCANA-R,97004,1,1,4.0,979275dc3fe28b437b3a31b872f7c967ad817b79e057d3eb1a3bcc1610dd92c5,24c26b0deb8d72544012272b9f33163b620fc58267f8dc6f5c6f5492a3285712
insertion,401,43,SCANA-R,97005,1,1,4.0,979275dc3fe28b437b3a31b872f7c967ad817b79e057d3eb1a3bcc1610dd92c5,6b4fc7171ef6bc2626acef4659c4182fd6da3d2c023d961245999fb88db54ffd
insertion,401,43,SCANA-R,97006,1,1,4.0,979275dc3fe28b437b3a31b872f7c967ad817b79e057d3eb1a3bcc1610dd92c5,9d407ca9e13968b2c9a897be00617381691eb31af2f60e544c918e907bf230bf
insertion,401,43,SCANA-R,97007,1,1,4.0,979275dc3fe28b437b3a31b872f7c967ad817b79e057d3eb1a3bcc1610dd92c5,622df6477997e87a5733fd4ef22b73a2969c7f3ec30ea33c00f5e1eeaaa0f06d
insertion,401,43,SCANA-R,97008,1,1,4.0,979275dc3fe28b437b3a31b872f7c967ad817b79e057d3eb1a3bcc1610dd92c5,c2d9980d8d2a08d79a86d5bd932ad56e34129b2cf83df547cf669bdf3d250724
insertion,401,43,SCANA-R,97009,1,1,4.0,979275dc3fe28b437b3a31b872f7c967ad817b79e057d3eb1a3bcc1610dd92c5,1c4c7c68e73d6d652b7a49dd5253760a545a87f0a82d128e25c2c2ef2b624042
insertion,401,43,SCANA-R,97010,0,0,3.0,979275dc3fe28b437b3a31b872f7c967ad817b79e057d3eb1a3bcc1610dd92c5,aacdd58c44eb972271656e5f917f0ffb4c8657023e83f71f19edd603af69629e
insertion,401,43,SCANA-R,97011,0,0,3.0,979275dc3fe28b437b3a31b872f7c967ad817b79e057d3eb1a3bcc1610dd92c5,dab514e53f495b769832ef8cab49de0472efc979fbdd0cae83bfb5ed27770680
insertion,401,43,SCANA-R,97012,0,0,3.0,979275dc3fe28b437b3a31b872f7c967ad817b79e057d3eb1a3bcc1610dd92c5,33b25e014985c07a36e87d5310ccf5e77e55cf3c2f9c76b0bf8c60de666fd40a
insertion,401,43,SCANA-R,97013,0,0,3.0,979275dc3fe28b437b3a31b872f7c967ad817b79e057d3eb1a3bcc1610dd92c5,08a1cda0ee5112ce9811887af725fcb83b9182e09c781f37b8764bbf48ad14d8
insertion,401,43,SCANA-R,97014,0,0,3.0,979275dc3fe28b437b3a31b872f7c967ad817b79e057d3eb1a3bcc1610dd92c5,34e503e6f0663cd122bd4a7750cbb00a03a682507d3602c93bcb3ab6c79e011e
insertion,401,43,SCANA-R,97015,1,1,4.0,979275dc3fe28b437b3a31b872f7c967ad817b79e057d3eb1a3bcc1610dd92c5,aa604c32c0e8da99949d1fb73e6d8d0321d3fa146b4ba34f137b9cd41bd591e8
insertion,401,43,SCANA-R,97016,1,1,4.0,979275dc3fe28b437b3a31b872f7c967ad817b79e057d3eb1a3bcc1610dd92c5,2997bc5e93dee8dab547bcce535dacc48d133461390a60723d218ecefe083d18
insertion,401,43,SCANA-R,97017,1,1,4.0,979275dc3fe28b437b3a31b872f7c967ad817b79e057d3eb1a3bcc1610dd92c5,6e349e417fda52f3b0551431926980ca92f8c9a67531b448a20eb8b81b6abff8
insertion,401,43,SCANA-R,97018,0,0,3.0,979275dc3fe28b437b3a31b872f7c967ad817b79e057d3eb1a3bcc1610dd92c5,e733157c2f5881425e90227f30b29f29325eba48caf6ddeda7af933546869002
insertion,401,43,SCANA-R,97019,1,1,4.0,979275dc3fe28b437b3a31b872f7c967ad817b79e057d3eb1a3bcc1610dd92c5,0cb1ba712fb332673e673dd5e3db418d25b0b9407a9a47c1ed699eaafcb581db
insertion,401,43,Gaussian recovery,97000,0,0,3.0,23d31ed2fab18d4615cb10637b7cf75ce534d53ae2106abcd89eaa9934a1331e,b3667bf85a13893715423168928e924661adb7af20de25633d832996fd2fb343
insertion,401,43,Gaussian recovery,97001,0,0,2.0,23d31ed2fab18d4615cb10637b7cf75ce534d53ae2106abcd89eaa9934a1331e,dd26d550205355bb0dda56de33bb1f06a9ec9129ab60de5b983b19252b2c4260
insertion,401,43,Gaussian recovery,97002,1,0,4.0,23d31ed2fab18d4615cb10637b7cf75ce534d53ae2106abcd89eaa9934a1331e,9465467cbf3857becf97d67bde104481ba3435e76ada7b9ec44a16c5246bdba2
insertion,401,43,Gaussian recovery,97003,0,0,3.0,23d31ed2fab18d4615cb10637b7cf75ce534d53ae2106abcd89eaa9934a1331e,7bec5d8f185bd28305e37aabfeedafcb4b23150c1064d11906f8c462e06c4907
insertion,401,43,Gaussian recovery,97004,0,0,3.0,23d31ed2fab18d4615cb10637b7cf75ce534d53ae2106abcd89eaa9934a1331e,5df91d5a1c3c29fb47eac1e44f168e1a705813825078566d59f14c019bba56c7
insertion,401,43,Gaussian recovery,97005,0,0,3.0,23d31ed2fab18d4615cb10637b7cf75ce534d53ae2106abcd89eaa9934a1331e,262c333e6bd2a5df881885fb046c98f98e34ab35c70189ea67c3a986bf05f377
insertion,401,43,Gaussian recovery,97006,0,0,3.0,23d31ed2fab18d4615cb10637b7cf75ce534d53ae2106abcd89eaa9934a1331e,c6db4b4182495a8913d6274285f3d8bfba1c70c8c80cc4ce7107aaf19637a35b
insertion,401,43,Gaussian recovery,97007,1,1,4.0,23d31ed2fab18d4615cb10637b7cf75ce534d53ae2106abcd89eaa9934a1331e,07bbf8e72365e34b1ebc41ce85af83e7916be23f534b9f871591eebe5f18d42a
insertion,401,43,Gaussian recovery,97008,0,0,3.0,23d31ed2fab18d4615cb10637b7cf75ce534d53ae2106abcd89eaa9934a1331e,cf1b3e0ac96f0ece1eb8a95c97288cd81aef8b7434c65af949d4dfdc78a522cb
insertion,401,43,Gaussian recovery,97009,1,0,4.0,23d31ed2fab18d4615cb10637b7cf75ce534d53ae2106abcd89eaa9934a1331e,bcc6636e84fe94475fb00d7915a9175f31ba05316bcf5b16ac887e8d0f2a6741
insertion,401,43,Gaussian recovery,97010,0,0,2.0,23d31ed2fab18d4615cb10637b7cf75ce534d53ae2106abcd89eaa9934a1331e,91e6842daf63608a18bf1c02528084a976e1136867d0c66d80cea3eacee7efa1
insertion,401,43,Gaussian recovery,97011,0,0,3.0,23d31ed2fab18d4615cb10637b7cf75ce534d53ae2106abcd89eaa9934a1331e,3258393504e2164a17f143163c78f67d94f60a8deaaa274bb66c825b6e46a815
insertion,401,43,Gaussian recovery,97012,0,0,3.0,23d31ed2fab18d4615cb10637b7cf75ce534d53ae2106abcd89eaa9934a1331e,3551a336434f5ba83c11f2aa3767f967bd903413101b565d99ba67490a82da7f
insertion,401,43,Gaussian recovery,97013,0,0,1.0,23d31ed2fab18d4615cb10637b7cf75ce534d53ae2106abcd89eaa9934a1331e,bf8da89ca0de47db1b2828afbdc8b122de99e2b636a0dd22f5da48eb4388394c
insertion,401,43,Gaussian recovery,97014,0,0,3.0,23d31ed2fab18d4615cb10637b7cf75ce534d53ae2106abcd89eaa9934a1331e,97da265ec925df6c831103897e5886d2ea8381cb1d9d802d540b0a66881a442e
insertion,401,43,Gaussian recovery,97015,0,0,3.0,23d31ed2fab18d4615cb10637b7cf75ce534d53ae2106abcd89eaa9934a1331e,70598cb5acebf3e3e80a1147de3a6e5831df4d92adabbb7cfc5feaf897520a05
insertion,401,43,Gaussian recovery,97016,1,0,4.0,23d31ed2fab18d4615cb10637b7cf75ce534d53ae2106abcd89eaa9934a1331e,e07c0e7564dc24f08f38b0de0e23c1445d99862a9a8cacbc06d08575df3831be
insertion,401,43,Gaussian recovery,97017,0,0,3.0,23d31ed2fab18d4615cb10637b7cf75ce534d53ae2106abcd89eaa9934a1331e,3c48ff3d3e4ce623fb39661ea088a4ec6fa44241d08485246c3526b026764024
insertion,401,43,Gaussian recovery,97018,0,0,3.0,23d31ed2fab18d4615cb10637b7cf75ce534d53ae2106abcd89eaa9934a1331e,76461500b985d03ee56b8b40fb3a5e644f6cc2e3f320fbbaa3eb331686d950a4
insertion,401,43,Gaussian recovery,97019,1,0,4.0,23d31ed2fab18d4615cb10637b7cf75ce534d53ae2106abcd89eaa9934a1331e,3d33a2dc849372e6145556deea43708eb09874d1cee23456506d630124c7a5d5
insertion,401,43,No cross-fitting,97000,1,1,4.0,7c5579b37aef01ef3d0fce792f514996e21d573796b14f5b45a748fe598c23fd,002eed9a1ee11676948f0cc0e9cfe1fa4c47da16b077f3ec72e2e36975ab21e1
insertion,401,43,No cross-fitting,97001,1,1,4.0,7c5579b37aef01ef3d0fce792f514996e21d573796b14f5b45a748fe598c23fd,ddb10f563e484b14f7c68f7260331c9d3bb68cd34ff03a4c3b3bcec007eec2c3
insertion,401,43,No cross-fitting,97002,0,0,3.0,7c5579b37aef01ef3d0fce792f514996e21d573796b14f5b45a748fe598c23fd,91c2e88c3a4798df02c598671ec3e67efd4a913054d5a8bf59b8c240194ce7e7
insertion,401,43,No cross-fitting,97003,1,0,4.0,7c5579b37aef01ef3d0fce792f514996e21d573796b14f5b45a748fe598c23fd,ba152c1dcd7b70e278e86d7397fb418edcc549225a6b8105d234dd9343cf14ed
insertion,401,43,No cross-fitting,97004,1,1,4.0,7c5579b37aef01ef3d0fce792f514996e21d573796b14f5b45a748fe598c23fd,b1288079e6af6b3ec17d17a5deb27680717fa1fe31a99053ce908a42c2e78374
insertion,401,43,No cross-fitting,97005,1,1,4.0,7c5579b37aef01ef3d0fce792f514996e21d573796b14f5b45a748fe598c23fd,74bbe817a4a39cc62748e358bb8a83c9254f3768957d473cc94b31ca79b187f7
insertion,401,43,No cross-fitting,97006,0,0,3.0,7c5579b37aef01ef3d0fce792f514996e21d573796b14f5b45a748fe598c23fd,cf221434179bdb46d45ce6d4c6f15a2fc4d2a6e84ec011ae20d5fe203b734a48
insertion,401,43,No cross-fitting,97007,0,0,3.0,7c5579b37aef01ef3d0fce792f514996e21d573796b14f5b45a748fe598c23fd,9797e99233c5acef3818a247b257b946c34c41f9a8cc6d338ad0a42897f874ee
insertion,401,43,No cross-fitting,97008,0,0,3.0,7c5579b37aef01ef3d0fce792f514996e21d573796b14f5b45a748fe598c23fd,bce2158c4b98acaf6098c672f6ffdcee1d127a05f6812ace0df2d0dc33376172
insertion,401,43,No cross-fitting,97009,0,0,3.0,7c5579b37aef01ef3d0fce792f514996e21d573796b14f5b45a748fe598c23fd,8c688d4426c606593c77414c187fdbf81bc3be152013f06ab06f56da6c6ae05f
insertion,401,43,No cross-fitting,97010,0,0,3.0,7c5579b37aef01ef3d0fce792f514996e21d573796b14f5b45a748fe598c23fd,4d18159045c152a93eac2c4a4563b145d5c637264c4cc50355ad9939705c3700
insertion,401,43,No cross-fitting,97011,0,0,3.0,7c5579b37aef01ef3d0fce792f514996e21d573796b14f5b45a748fe598c23fd,2f07c02b6242476cc3e7a455e872032f45c7bc0740dee62662a4b82ba647fac6
insertion,401,43,No cross-fitting,97012,0,0,3.0,7c5579b37aef01ef3d0fce792f514996e21d573796b14f5b45a748fe598c23fd,134384b25d9fe1eb6fecfb81e5c683efe6e75988218c25bc45f699a70acc5649
insertion,401,43,No cross-fitting,97013,1,1,4.0,7c5579b37aef01ef3d0fce792f514996e21d573796b14f5b45a748fe598c23fd,56e61da6fbcdc4f0afce620abe0e2337abc69c67009271070472d36092cca25c
insertion,401,43,No cross-fitting,97014,1,1,4.0,7c5579b37aef01ef3d0fce792f514996e21d573796b14f5b45a748fe598c23fd,794167270f47719d8e81a1d7468172cd3b5b516b9cabc9bd4661d17a8b9189ee
insertion,401,43,No cross-fitting,97015,0,0,3.0,7c5579b37aef01ef3d0fce792f514996e21d573796b14f5b45a748fe598c23fd,2c9bd019a63fa78e1673eacd2a4cad83180dbc48c507aa07c0c37a21d8cb34ae
insertion,401,43,No cross-fitting,97016,1,1,4.0,7c5579b37aef01ef3d0fce792f514996e21d573796b14f5b45a748fe598c23fd,58a7fbd6ff18543822e5419687fe994a38b8e4234bc8118e4becf3ba0f889389
insertion,401,43,No cross-fitting,97017,1,0,4.0,7c5579b37aef01ef3d0fce792f514996e21d573796b14f5b45a748fe598c23fd,d58851200dcf34526105de44dcc3ea4b3a343bc48ab33359980973665164f280
insertion,401,43,No cross-fitting,97018,0,0,3.0,7c5579b37aef01ef3d0fce792f514996e21d573796b14f5b45a748fe598c23fd,3f9956066cfe4b281fe7e9691417d76e578607cd5975f8226a5ef2fee64b46b5
insertion,401,43,No cross-fitting,97019,1,0,4.0,7c5579b37aef01ef3d0fce792f514996e21d573796b14f5b45a748fe598c23fd,2c2df3a0fcc9d28638251b37686eab59e0368161fd6605da03182e8be48c12d9
insertion,401,43,Global-time errors,97000,1,1,4.0,61c28ac6ab991051a96d455d78eddc49193d8c9304225797a7c836a8d69c1bf5,3894d47d95d78acb590be9e3cbb4aacf049902ee9cb591bb5b61cd6d31aff14f
insertion,401,43,Global-time errors,97001,0,0,1.0,61c28ac6ab991051a96d455d78eddc49193d8c9304225797a7c836a8d69c1bf5,b87320ed474e3b4a4ab06ea1ee399b1ccf1ee6e04c14bd30a5c6c82c22cc525d
insertion,401,43,Global-time errors,97002,1,1,4.0,61c28ac6ab991051a96d455d78eddc49193d8c9304225797a7c836a8d69c1bf5,4fc3d9577af9c2e313fd69a25cf654b049d797061aa351ebf9524838488a9c88
insertion,401,43,Global-time errors,97003,1,1,4.0,61c28ac6ab991051a96d455d78eddc49193d8c9304225797a7c836a8d69c1bf5,3f36b1c37334fb76a882f1d83205f413ec94569bcee5a40ac0fe82164553f09f
insertion,401,43,Global-time errors,97004,1,1,4.0,61c28ac6ab991051a96d455d78eddc49193d8c9304225797a7c836a8d69c1bf5,394b11d9c53e33e522eaf3c12973c630751c11d89570799aa51f4db7e5719fae
insertion,401,43,Global-time errors,97005,1,1,4.0,61c28ac6ab991051a96d455d78eddc49193d8c9304225797a7c836a8d69c1bf5,fb7bcb580f72bd3fb918008920a6e73e83c3e1af6034a31e7bd0f7df930fbeed
insertion,401,43,Global-time errors,97006,1,1,4.0,61c28ac6ab991051a96d455d78eddc49193d8c9304225797a7c836a8d69c1bf5,de9b4b88d67d5ef2c55ad88ef99d2dc7e011d566f85ce4ca39311dc84bc18705
insertion,401,43,Global-time errors,97007,1,1,4.0,61c28ac6ab991051a96d455d78eddc49193d8c9304225797a7c836a8d69c1bf5,2df71fd467eb3c70b2519b16758dc9e37b8db2225324affbddff64b8a938569d
insertion,401,43,Global-time errors,97008,1,1,4.0,61c28ac6ab991051a96d455d78eddc49193d8c9304225797a7c836a8d69c1bf5,017dc395ae61acdca9461f560109d4f43c2a6dccc0ec406825f769b7153cf05f
insertion,401,43,Global-time errors,97009,1,1,4.0,61c28ac6ab991051a96d455d78eddc49193d8c9304225797a7c836a8d69c1bf5,e3d3db87529f5320c5149667546bc7bec8b777fac1ca220dc424fb3371086e2f
insertion,401,43,Global-time errors,97010,0,0,3.0,61c28ac6ab991051a96d455d78eddc49193d8c9304225797a7c836a8d69c1bf5,87ec867e7882c22c1b8ae551c3f50a8b50bcb557aa8a5d73d9605056140a39bc
insertion,401,43,Global-time errors,97011,1,1,4.0,61c28ac6ab991051a96d455d78eddc49193d8c9304225797a7c836a8d69c1bf5,c4cd530d542ad03e4eac8d403e7c8d8c2174840a1d9ae585df11b3737ed03f46
insertion,401,43,Global-time errors,97012,1,1,4.0,61c28ac6ab991051a96d455d78eddc49193d8c9304225797a7c836a8d69c1bf5,c1224dc03072d36b540d247de26cfc878d31087fbe14b887c720b9d3126f7c3c
insertion,401,43,Global-time errors,97013,0,0,1.0,61c28ac6ab991051a96d455d78eddc49193d8c9304225797a7c836a8d69c1bf5,2a431d9bcd1402d8ee2cdac3ad65a1714b8df691b285e876c86f8229e013b5a3
insertion,401,43,Global-time errors,97014,1,1,4.0,61c28ac6ab991051a96d455d78eddc49193d8c9304225797a7c836a8d69c1bf5,6423431b3ba662a15298460d812559ee160fcf5fba259c33f5b80134186f1275
insertion,401,43,Global-time errors,97015,0,0,3.0,61c28ac6ab991051a96d455d78eddc49193d8c9304225797a7c836a8d69c1bf5,f0004370a29eea90e4f7aab968b1c6601b8a807b03e487477247de1c6a0e5b39
insertion,401,43,Global-time errors,97016,1,1,4.0,61c28ac6ab991051a96d455d78eddc49193d8c9304225797a7c836a8d69c1bf5,11e9f6b332a6425eedfc9aa7ba661a65353982d9c5f9b2b111f786f7fbc4bece
insertion,401,43,Global-time errors,97017,0,0,3.0,61c28ac6ab991051a96d455d78eddc49193d8c9304225797a7c836a8d69c1bf5,b72d4b4484762a2b291388461b158caf2d25c6b99aaef75f0e028308db54019d
insertion,401,43,Global-time errors,97018,0,0,3.0,61c28ac6ab991051a96d455d78eddc49193d8c9304225797a7c836a8d69c1bf5,ca8629a44706fcb3ea0fe07da74a9135b78ac3111a3d340d5ec1b1baa770aab7
insertion,401,43,Global-time errors,97019,0,0,3.0,61c28ac6ab991051a96d455d78eddc49193d8c9304225797a7c836a8d69c1bf5,e408be67d3f0b0baabff03799cf0ada5343b11b23357e1102d288ba3f99616e4
insertion,401,43,No intermediate backtracking,97000,1,1,4.0,0bd8898241080c26a5f9fd268df649debc402cd663bb63977be5bdd72f7b3bb5,f3bbeaec6d12ce2a69f57ed3691a0138ae8d90fb94cda5759d141e43ac95c18c
insertion,401,43,No intermediate backtracking,97001,0,0,1.0,0bd8898241080c26a5f9fd268df649debc402cd663bb63977be5bdd72f7b3bb5,7ae18d1a3df700478d38cf8f3798e59dbb2640dce487816f909a0a590bc1ef7d
insertion,401,43,No intermediate backtracking,97002,0,0,3.0,0bd8898241080c26a5f9fd268df649debc402cd663bb63977be5bdd72f7b3bb5,f6690b8779ec0807dfd393395496023ab7e8461431218332f982bc4aceacc16f
insertion,401,43,No intermediate backtracking,97003,1,0,4.0,0bd8898241080c26a5f9fd268df649debc402cd663bb63977be5bdd72f7b3bb5,1f36dfaee8f489ae96f92d4d80df032da208d6c12bae607f1b81a45919ad9458
insertion,401,43,No intermediate backtracking,97004,1,1,4.0,0bd8898241080c26a5f9fd268df649debc402cd663bb63977be5bdd72f7b3bb5,bcf1b0e90006a867a86e6811361aa7b39265460f78c07115bb73a1719ffde7ae
insertion,401,43,No intermediate backtracking,97005,0,0,2.0,0bd8898241080c26a5f9fd268df649debc402cd663bb63977be5bdd72f7b3bb5,cabc35c0f28c75a14b63cd243990ef5b56cd3f5237e4b0fe0f366b3b13c05f52
insertion,401,43,No intermediate backtracking,97006,0,0,3.0,0bd8898241080c26a5f9fd268df649debc402cd663bb63977be5bdd72f7b3bb5,521e6b237725e1155f2b5618fc56575f42d6abe8ff5c14f8847e55cdde0cd387
insertion,401,43,No intermediate backtracking,97007,0,0,3.0,0bd8898241080c26a5f9fd268df649debc402cd663bb63977be5bdd72f7b3bb5,08519975bb4b5ce96e2c3d0334dbc87e69e8f6186094cc98f3e6d6b4650bb51b
insertion,401,43,No intermediate backtracking,97008,0,0,2.0,0bd8898241080c26a5f9fd268df649debc402cd663bb63977be5bdd72f7b3bb5,5f26def77735c75f812e2eccec00caaa2fc4bf73af5199539b7c618dc3b079c6
insertion,401,43,No intermediate backtracking,97009,0,0,3.0,0bd8898241080c26a5f9fd268df649debc402cd663bb63977be5bdd72f7b3bb5,a553098f4e0acec2cf648cb6bebe46bc1ef8a62436fc451bd5043e28c180b67b
insertion,401,43,No intermediate backtracking,97010,1,1,4.0,0bd8898241080c26a5f9fd268df649debc402cd663bb63977be5bdd72f7b3bb5,c1db9b9f6d4b1a45bf2cfa4a1d916236f9acdbbebe9d240f117ba5ed6ca9e058
insertion,401,43,No intermediate backtracking,97011,0,0,2.0,0bd8898241080c26a5f9fd268df649debc402cd663bb63977be5bdd72f7b3bb5,2774da02a509eb9eab298f30620b5cfe20a339254da3537355f73f4d52868d42
insertion,401,43,No intermediate backtracking,97012,0,0,3.0,0bd8898241080c26a5f9fd268df649debc402cd663bb63977be5bdd72f7b3bb5,4611d2763d820f5b702a03c7f1b243d2d893f9a9c0396799aaff2d1401616cd2
insertion,401,43,No intermediate backtracking,97013,0,0,1.0,0bd8898241080c26a5f9fd268df649debc402cd663bb63977be5bdd72f7b3bb5,0deabfe62e72c91346f48869938c24365a19b8ef796d7c5bb02fa44e7a314338
insertion,401,43,No intermediate backtracking,97014,0,0,3.0,0bd8898241080c26a5f9fd268df649debc402cd663bb63977be5bdd72f7b3bb5,fd20fa9df8ea7e1cdca5dd2759d26fdbbf6eda48311051f2b6b99c4d601ff0fc
insertion,401,43,No intermediate backtracking,97015,1,1,4.0,0bd8898241080c26a5f9fd268df649debc402cd663bb63977be5bdd72f7b3bb5,4f64dd27eacbd7d0793a33c3036823bacfc5b4a50118703e0ee36785f1616966
insertion,401,43,No intermediate backtracking,97016,1,1,4.0,0bd8898241080c26a5f9fd268df649debc402cd663bb63977be5bdd72f7b3bb5,506d72c80576a0ce51140f1cb96e1da76aaed5ad3b06cdb058fa51e6f5485efe
insertion,401,43,No intermediate backtracking,97017,0,0,3.0,0bd8898241080c26a5f9fd268df649debc402cd663bb63977be5bdd72f7b3bb5,d4a4588561f0d13fbde63b882f7e9f17333b4ecbf8c18ab3a17ea7d14d9205af
insertion,401,43,No intermediate backtracking,97018,0,0,3.0,0bd8898241080c26a5f9fd268df649debc402cd663bb63977be5bdd72f7b3bb5,fd1a364e8ad2a389b63b83c8b7fd03b39844247f959fc9493f1002d8af43f373
insertion,401,43,No intermediate backtracking,97019,0,0,2.0,0bd8898241080c26a5f9fd268df649debc402cd663bb63977be5bdd72f7b3bb5,dc696c05c2dac274a89d58b094c93002b54d7f9858a0f913ffd7bf57d0773ee3
insertion,401,43,Gaussian CPU budget,97000,0,0,3.0,2bed78aec0feda107a75ffd8b833111ed8c515aeaf672be1ba0b0612e7409a74,dad3fadc19cfb88dd02b6905f567d5990ec61d860aabcfdb63e2a590e1b834fe
insertion,401,43,Gaussian CPU budget,97001,0,0,2.0,2bed78aec0feda107a75ffd8b833111ed8c515aeaf672be1ba0b0612e7409a74,1b74e097b6b73ff75d34bf409e2c94f07b9933641a2ca520158f6fbd15929917
insertion,401,43,Gaussian CPU budget,97002,1,0,4.0,2bed78aec0feda107a75ffd8b833111ed8c515aeaf672be1ba0b0612e7409a74,7c767350928102d58344bf3be72b2bdb8153a4a7a06c02a6c30eb0ab1448d909
insertion,401,43,Gaussian CPU budget,97003,0,0,3.0,2bed78aec0feda107a75ffd8b833111ed8c515aeaf672be1ba0b0612e7409a74,c2df3a7cfd8e44d8299668aab8d28689850b04b404a86536f3be74bce76f373d
insertion,401,43,Gaussian CPU budget,97004,0,0,3.0,2bed78aec0feda107a75ffd8b833111ed8c515aeaf672be1ba0b0612e7409a74,1f5720c5d41cad715a507ad47dfa30350737d56160cc59ca9281ee4eeb2c8d2f
insertion,401,43,Gaussian CPU budget,97005,0,0,3.0,2bed78aec0feda107a75ffd8b833111ed8c515aeaf672be1ba0b0612e7409a74,12c5286255230fd35ae32edf717aff862700b13b78c98f66e860c1d7e58f7a7a
insertion,401,43,Gaussian CPU budget,97006,0,0,3.0,2bed78aec0feda107a75ffd8b833111ed8c515aeaf672be1ba0b0612e7409a74,c3e51e439701d97842bc04d0938f6907ff0d2b7bc594bbd2958ca83719dc6de2
insertion,401,43,Gaussian CPU budget,97007,1,1,4.0,2bed78aec0feda107a75ffd8b833111ed8c515aeaf672be1ba0b0612e7409a74,f89d81ed34b5cfd3e2eda61fa146f60d5e7f14d42d58a85fb63449b0466a183b
insertion,401,43,Gaussian CPU budget,97008,0,0,3.0,2bed78aec0feda107a75ffd8b833111ed8c515aeaf672be1ba0b0612e7409a74,c23a791f66ac763f11c19b6856d806a7581dd9d63ecabde0522919767f80dddc
insertion,401,43,Gaussian CPU budget,97009,1,0,4.0,2bed78aec0feda107a75ffd8b833111ed8c515aeaf672be1ba0b0612e7409a74,e0199072a001ac48cf3caf170ace3327d34ce68238807c816a33010a02cbfed4
insertion,401,43,Gaussian CPU budget,97010,0,0,2.0,2bed78aec0feda107a75ffd8b833111ed8c515aeaf672be1ba0b0612e7409a74,d6ee7d3d9a6bf173732564ecbeb5a09858e04d63b2dc287fe05a6214b2be2479
insertion,401,43,Gaussian CPU budget,97011,0,0,3.0,2bed78aec0feda107a75ffd8b833111ed8c515aeaf672be1ba0b0612e7409a74,2c3bf48c96c5c17bec8e2d363855bad422ac6748f728d277e965baa263726164
insertion,401,43,Gaussian CPU budget,97012,0,0,3.0,2bed78aec0feda107a75ffd8b833111ed8c515aeaf672be1ba0b0612e7409a74,640640908f7ee7d7eff175957bd6a3e90f45db3c519459829b736394ff5633a8
insertion,401,43,Gaussian CPU budget,97013,0,0,1.0,2bed78aec0feda107a75ffd8b833111ed8c515aeaf672be1ba0b0612e7409a74,6875286df84aecc65b790ae7310b64fec502718b30c34de180bc730c8f347c60
insertion,401,43,Gaussian CPU budget,97014,0,0,3.0,2bed78aec0feda107a75ffd8b833111ed8c515aeaf672be1ba0b0612e7409a74,bf9b4780d3ce37988b6b9aaeeab66f6039d245b6b7c450f79380ec62d0b6b00d
insertion,401,43,Gaussian CPU budget,97015,0,0,3.0,2bed78aec0feda107a75ffd8b833111ed8c515aeaf672be1ba0b0612e7409a74,d5d54688b6475eb00333c880ea5386af6f4a8a234609c9e9e1033e901ed183b9
insertion,401,43,Gaussian CPU budget,97016,1,0,4.0,2bed78aec0feda107a75ffd8b833111ed8c515aeaf672be1ba0b0612e7409a74,cfdda571b48dc995a049bc600f001a278b816996e24a34291033b8633bd1e3e1
insertion,401,43,Gaussian CPU budget,97017,0,0,3.0,2bed78aec0feda107a75ffd8b833111ed8c515aeaf672be1ba0b0612e7409a74,044d790243eb35ffff2beca39b495f9eed4ee85bf558f22b750e191ff2e206d1
insertion,401,43,Gaussian CPU budget,97018,0,0,3.0,2bed78aec0feda107a75ffd8b833111ed8c515aeaf672be1ba0b0612e7409a74,26796065a108ceff0be04407edc1b33276e01ebe80bf8f8c2723e798fea6bb06
insertion,401,43,Gaussian CPU budget,97019,1,0,4.0,2bed78aec0feda107a75ffd8b833111ed8c515aeaf672be1ba0b0612e7409a74,c8007169cac53080be7ea2da8a533d6941336e5e068297dad52f67c1c21abed8
insertion,503,17,Clean repeat,97000,0,0,3.0,1783705df27a3a049aaf0a1ae01a641814d5c56c270299c263307bc54acf97cc,84c6f524af46da6844ad51d153896e4bd54358f784fb990dff3b14363dd8e3b1
insertion,503,17,Clean repeat,97001,0,0,2.0,1783705df27a3a049aaf0a1ae01a641814d5c56c270299c263307bc54acf97cc,ffd38f5db0ab542bf93659917007e191e173a34fc84572aceec71ef8d489edf1
insertion,503,17,Clean repeat,97002,1,0,4.0,1783705df27a3a049aaf0a1ae01a641814d5c56c270299c263307bc54acf97cc,c6d0d714825c29d91e1f49f79db917f5900dbaacdc407c932fe44d6ac6992be5
insertion,503,17,Clean repeat,97003,0,0,2.0,1783705df27a3a049aaf0a1ae01a641814d5c56c270299c263307bc54acf97cc,51a092b32cb8ca34bbba4b5159c10a3c6152e345191faecbaeebd6a4b440e5a5
insertion,503,17,Clean repeat,97004,0,0,3.0,1783705df27a3a049aaf0a1ae01a641814d5c56c270299c263307bc54acf97cc,2164a28a3e88c3e6df412cbdf2098480c2bf26e27ac3f3eb2f37265c8f76b664
insertion,503,17,Clean repeat,97005,0,0,3.0,1783705df27a3a049aaf0a1ae01a641814d5c56c270299c263307bc54acf97cc,cb4549d1641bd75c27465623a551846931d2adbe76ecb1777fca48c31490eb84
insertion,503,17,Clean repeat,97006,0,0,2.0,1783705df27a3a049aaf0a1ae01a641814d5c56c270299c263307bc54acf97cc,033e8fa3b61d81765f2e300251ca77e67824c47710b12a911f662e4bf9c64a46
insertion,503,17,Clean repeat,97007,0,0,3.0,1783705df27a3a049aaf0a1ae01a641814d5c56c270299c263307bc54acf97cc,1900c654d637c4591f207a4627d02caca94b06956be8ed84608722611932f939
insertion,503,17,Clean repeat,97008,0,0,3.0,1783705df27a3a049aaf0a1ae01a641814d5c56c270299c263307bc54acf97cc,1d5b7c06a615a0625098783cc9b17ea5c9327e7e7a8c83f108216ec83b984b6f
insertion,503,17,Clean repeat,97009,1,0,4.0,1783705df27a3a049aaf0a1ae01a641814d5c56c270299c263307bc54acf97cc,a7194665e63a180c49ac6e8585fb9d3f1669fcce0f7bc7702e24224ba883970f
insertion,503,17,Clean repeat,97010,0,0,2.0,1783705df27a3a049aaf0a1ae01a641814d5c56c270299c263307bc54acf97cc,0b2c5502d39ea6b0afdb2b8fc6cbc8c9f2d5ea2f30252c8791cf8c54717ffaa6
insertion,503,17,Clean repeat,97011,0,0,2.0,1783705df27a3a049aaf0a1ae01a641814d5c56c270299c263307bc54acf97cc,5c5dd13377aae5993f41be86ae4a69663324f5b9fe5759c863d703722486a20e
insertion,503,17,Clean repeat,97012,0,0,2.0,1783705df27a3a049aaf0a1ae01a641814d5c56c270299c263307bc54acf97cc,e55c86d3853a49979e789de4fb93fdf41a09422fa89af968f8010a24ee4a969d
insertion,503,17,Clean repeat,97013,0,0,3.0,1783705df27a3a049aaf0a1ae01a641814d5c56c270299c263307bc54acf97cc,31705d2f4e492268e2a1ddb3f806d502980d55bba95bf96075a00ee7e66a62f1
insertion,503,17,Clean repeat,97014,0,0,2.0,1783705df27a3a049aaf0a1ae01a641814d5c56c270299c263307bc54acf97cc,a45cc34d8fcf4581f43b90bc2bbe1e2b7173fae3550e1fe3ca6d891c6ed32e33
insertion,503,17,Clean repeat,97015,0,0,2.0,1783705df27a3a049aaf0a1ae01a641814d5c56c270299c263307bc54acf97cc,c92fa3339a07328ce9e1620f03cab9768c04e9759af98a4d9b4a41ccb911232e
insertion,503,17,Clean repeat,97016,0,0,3.0,1783705df27a3a049aaf0a1ae01a641814d5c56c270299c263307bc54acf97cc,974f5800fa0668e6d6d64799f7f4df32d4336fa1958d19e6c4601920e6b693e4
insertion,503,17,Clean repeat,97017,0,0,2.0,1783705df27a3a049aaf0a1ae01a641814d5c56c270299c263307bc54acf97cc,bd39e87adb83c7692732478bc86d119fb4ba88eb8730c2e60314b26b8598f206
insertion,503,17,Clean repeat,97018,0,0,2.0,1783705df27a3a049aaf0a1ae01a641814d5c56c270299c263307bc54acf97cc,1306078d2f15e0103676a63319e22d210ed296d425e0216f48e84584098de9cc
insertion,503,17,Clean repeat,97019,0,0,2.0,1783705df27a3a049aaf0a1ae01a641814d5c56c270299c263307bc54acf97cc,65d3ab2d8a5d546d2a19237d514f53ca873d1f6e2982f4333cfb19f922c4f05b
insertion,503,17,SCANA-R,97000,1,0,4.0,db5b4378c875064097196d7f259a8cc51a345cdc358d1d7ec878cf31e5aa3aa6,e6fbdb9fb926c888592ffc620b6a742e2b288060c38771c88a45573b9f08e2a0
insertion,503,17,SCANA-R,97001,0,0,3.0,db5b4378c875064097196d7f259a8cc51a345cdc358d1d7ec878cf31e5aa3aa6,a003325f308521b79b6d7e214ae23b385d2802c8502e673c27301f919b646e00
insertion,503,17,SCANA-R,97002,1,1,4.0,db5b4378c875064097196d7f259a8cc51a345cdc358d1d7ec878cf31e5aa3aa6,ca8b63bfc02a352531d827f49057e3dfe561808def792a21c6ea76c8872a148f
insertion,503,17,SCANA-R,97003,0,0,3.0,db5b4378c875064097196d7f259a8cc51a345cdc358d1d7ec878cf31e5aa3aa6,6bdfa9caa907e258feb81be2486736d5a8929265463cc1b35f3299cc8e9bf1f1
insertion,503,17,SCANA-R,97004,1,1,4.0,db5b4378c875064097196d7f259a8cc51a345cdc358d1d7ec878cf31e5aa3aa6,c29724df5d5e825e45506d5ef27cf8a383d296258456417a6800366670052bc3
insertion,503,17,SCANA-R,97005,0,0,3.0,db5b4378c875064097196d7f259a8cc51a345cdc358d1d7ec878cf31e5aa3aa6,08ebd4369a2186376baed25df312bea270d3226036ec7a3d814e7aeea35d71af
insertion,503,17,SCANA-R,97006,1,1,4.0,db5b4378c875064097196d7f259a8cc51a345cdc358d1d7ec878cf31e5aa3aa6,aed19917fa87fd1dcfc2f4dc1e045076b4a98bf87a4d2f53e7742cc3958b34db
insertion,503,17,SCANA-R,97007,1,1,4.0,db5b4378c875064097196d7f259a8cc51a345cdc358d1d7ec878cf31e5aa3aa6,8ccbffbac38175bd57c1559985b7b3348eda69c1867b759446d9e495ea568f45
insertion,503,17,SCANA-R,97008,1,1,4.0,db5b4378c875064097196d7f259a8cc51a345cdc358d1d7ec878cf31e5aa3aa6,038769140a0241d42fbffc08c5e0b5016cc56e36551c4b22079a6d1082ab04a4
insertion,503,17,SCANA-R,97009,1,1,4.0,db5b4378c875064097196d7f259a8cc51a345cdc358d1d7ec878cf31e5aa3aa6,c59bab8765c494793dc960ef9ce5994eab736faa68a81b57cba6d443b8ee807b
insertion,503,17,SCANA-R,97010,1,1,4.0,db5b4378c875064097196d7f259a8cc51a345cdc358d1d7ec878cf31e5aa3aa6,2b988cdbbef7377ed61449fc41cc775a6f42d9005d4fea1ce176a24b2aa62cbb
insertion,503,17,SCANA-R,97011,0,0,3.0,db5b4378c875064097196d7f259a8cc51a345cdc358d1d7ec878cf31e5aa3aa6,7b210d2fa1a39a7aa98e3695bb9339eb1e1c74ba339bac85baea01f492c6ce2e
insertion,503,17,SCANA-R,97012,0,0,3.0,db5b4378c875064097196d7f259a8cc51a345cdc358d1d7ec878cf31e5aa3aa6,6fc95c40fde901cce9e0cb9d4faf5e9bd4b77617d0265d9cac59931a66fefe34
insertion,503,17,SCANA-R,97013,0,0,3.0,db5b4378c875064097196d7f259a8cc51a345cdc358d1d7ec878cf31e5aa3aa6,c36dcdeb97241b37d9eff61d12c263d81fd9334aafb7aae0365094b8cc44b7a2
insertion,503,17,SCANA-R,97014,0,0,3.0,db5b4378c875064097196d7f259a8cc51a345cdc358d1d7ec878cf31e5aa3aa6,0204cadeab3bfd634e2367d3a233abd13804e62a085997ff12e192b40e5d98c8
insertion,503,17,SCANA-R,97015,0,0,3.0,db5b4378c875064097196d7f259a8cc51a345cdc358d1d7ec878cf31e5aa3aa6,a0661e427db445e08f223fa4b2515bad02649084fb11e102233ec581cddb95b5
insertion,503,17,SCANA-R,97016,1,1,4.0,db5b4378c875064097196d7f259a8cc51a345cdc358d1d7ec878cf31e5aa3aa6,cde97dcb603d85afaf0fce7016cb594eb264946558dcb728446a7a813fe2c3f2
insertion,503,17,SCANA-R,97017,0,0,2.0,db5b4378c875064097196d7f259a8cc51a345cdc358d1d7ec878cf31e5aa3aa6,c24c3ec0300dc6d64b94fd9f4d962a07a2013f59ebe2d5c93eaf4d53941c5341
insertion,503,17,SCANA-R,97018,1,1,4.0,db5b4378c875064097196d7f259a8cc51a345cdc358d1d7ec878cf31e5aa3aa6,7585e43b5e2bd227236f960508000ab2af8dc92dbaa0588ce767580e87b3c462
insertion,503,17,SCANA-R,97019,1,0,4.0,db5b4378c875064097196d7f259a8cc51a345cdc358d1d7ec878cf31e5aa3aa6,bec7cd19ffa9d089ed3faf7326b111a995695c19d86a5db59bc237155be70d44
insertion,503,17,Gaussian recovery,97000,0,0,3.0,58ce7333558323e0cc1f8cdc4e79419ff5d08bd94486222b41b90a4f0fc7384a,37a7b547774e1aab5fcb2da21a8d9c348ab9e6679c73914d4416c8b8dd20b94d
insertion,503,17,Gaussian recovery,97001,1,1,4.0,58ce7333558323e0cc1f8cdc4e79419ff5d08bd94486222b41b90a4f0fc7384a,d12e60ca70fa8a3353074eedc6140dc2ca45eafc63fad4f06b7addf460460ecf
insertion,503,17,Gaussian recovery,97002,0,0,3.0,58ce7333558323e0cc1f8cdc4e79419ff5d08bd94486222b41b90a4f0fc7384a,c4911ba9327f8fa5f72075d63c116dd90748c1530f5075698e217bad30fe0df3
insertion,503,17,Gaussian recovery,97003,1,0,4.0,58ce7333558323e0cc1f8cdc4e79419ff5d08bd94486222b41b90a4f0fc7384a,91726a9148035f4ef5e96344108764eeb850d1b6de5b2fd1bbfd9de9f236312d
insertion,503,17,Gaussian recovery,97004,1,1,4.0,58ce7333558323e0cc1f8cdc4e79419ff5d08bd94486222b41b90a4f0fc7384a,a27c08789e0c29c6e3e2f6932a36a858a80447cf5ce329bf0ce43be4894fd2c6
insertion,503,17,Gaussian recovery,97005,0,0,3.0,58ce7333558323e0cc1f8cdc4e79419ff5d08bd94486222b41b90a4f0fc7384a,d674bfca1d4e8966412fc3cc2185998e24664807e4a26950a4d3bdae2671537b
insertion,503,17,Gaussian recovery,97006,0,0,3.0,58ce7333558323e0cc1f8cdc4e79419ff5d08bd94486222b41b90a4f0fc7384a,a5cca5221f31c6be0e7a3e4f88f4604edd1ce454d1e7030601275d998aff0e40
insertion,503,17,Gaussian recovery,97007,0,0,3.0,58ce7333558323e0cc1f8cdc4e79419ff5d08bd94486222b41b90a4f0fc7384a,f1510d41bb5b9176381e0c49acc464b4f3669bc9c6884425b39174d44a1125cc
insertion,503,17,Gaussian recovery,97008,1,1,4.0,58ce7333558323e0cc1f8cdc4e79419ff5d08bd94486222b41b90a4f0fc7384a,07d7bc23e6c8a0d112432bf7b6f390db1d872ba88993dc00eeec7dcd34c6cbe3
insertion,503,17,Gaussian recovery,97009,0,0,3.0,58ce7333558323e0cc1f8cdc4e79419ff5d08bd94486222b41b90a4f0fc7384a,3b79e3fe7dcca65b2ed4d28833cb4fdc30a4b74aa95c8d7569466269f28325db
insertion,503,17,Gaussian recovery,97010,0,0,3.0,58ce7333558323e0cc1f8cdc4e79419ff5d08bd94486222b41b90a4f0fc7384a,3ecfa5d3f36e38f84d6132006d2d9fa4349ef276e8f62f21957ee14b62ef8ddd
insertion,503,17,Gaussian recovery,97011,0,0,3.0,58ce7333558323e0cc1f8cdc4e79419ff5d08bd94486222b41b90a4f0fc7384a,8812755b9f7a04be746969774e3f310d1cea5a440779337de74bff33fee61d10
insertion,503,17,Gaussian recovery,97012,0,0,3.0,58ce7333558323e0cc1f8cdc4e79419ff5d08bd94486222b41b90a4f0fc7384a,494adaea0cc0066ec8af54eabe35269076c2c06fc370e3ddb2c6971f305692d1
insertion,503,17,Gaussian recovery,97013,1,1,4.0,58ce7333558323e0cc1f8cdc4e79419ff5d08bd94486222b41b90a4f0fc7384a,4b596c755f83cf3034d1ca9a3d8dc2c2185610fa104adb9e96e28485c684b805
insertion,503,17,Gaussian recovery,97014,0,0,3.0,58ce7333558323e0cc1f8cdc4e79419ff5d08bd94486222b41b90a4f0fc7384a,a50536351d2ca8652de077d13c062635d92cce88f3f15289d510a3c5d5244a1e
insertion,503,17,Gaussian recovery,97015,1,1,4.0,58ce7333558323e0cc1f8cdc4e79419ff5d08bd94486222b41b90a4f0fc7384a,9941b2462abd2447c3e8a274fdce23bee66ca11605a0b221478c756eb9f76c43
insertion,503,17,Gaussian recovery,97016,0,0,3.0,58ce7333558323e0cc1f8cdc4e79419ff5d08bd94486222b41b90a4f0fc7384a,0a99604235feff5864664d4b2887a4e9304ca7a15d1a438812a505061f050db7
insertion,503,17,Gaussian recovery,97017,1,0,4.0,58ce7333558323e0cc1f8cdc4e79419ff5d08bd94486222b41b90a4f0fc7384a,80a7c293b877d6f0ef2ccd7d6577ec77d71584757e8f8596a28d88ffbbf5456f
insertion,503,17,Gaussian recovery,97018,1,1,4.0,58ce7333558323e0cc1f8cdc4e79419ff5d08bd94486222b41b90a4f0fc7384a,c3c7828d4e04122de081de22dd905eccf2bc090dcf8bc2dbbb6354f8e42dd6ce
insertion,503,17,Gaussian recovery,97019,0,0,2.0,58ce7333558323e0cc1f8cdc4e79419ff5d08bd94486222b41b90a4f0fc7384a,127cfc4a729095d95a5c5112cc112316b40c1888accafa0d7d4c2dc022b80c28
insertion,503,17,No cross-fitting,97000,0,0,3.0,59064c5656e73cff9ac2b7f87cbe7cd36f571038a9741b5380e9e218bda7727c,8ab6fb730771adb702decfad67caaf577aaeb5ce66120b9fcfc06ed119bd3c59
insertion,503,17,No cross-fitting,97001,0,0,3.0,59064c5656e73cff9ac2b7f87cbe7cd36f571038a9741b5380e9e218bda7727c,fc46feb9162a57d954d5457964731c63cdca6ba0e7cdca1a9bb98013c35d72e4
insertion,503,17,No cross-fitting,97002,1,1,4.0,59064c5656e73cff9ac2b7f87cbe7cd36f571038a9741b5380e9e218bda7727c,dc6c0d0a0aafb50812f539bdad9d86e646f7fe6d70c78736cce949415c40a35f
insertion,503,17,No cross-fitting,97003,0,0,3.0,59064c5656e73cff9ac2b7f87cbe7cd36f571038a9741b5380e9e218bda7727c,bc7e82c9b42e02c36e502acc881cfbb0c38ea75e7f13c8af78b8d4d928ef5501
insertion,503,17,No cross-fitting,97004,1,1,4.0,59064c5656e73cff9ac2b7f87cbe7cd36f571038a9741b5380e9e218bda7727c,b86b18d3fc742bb1ab135462a705b284a23e2430fa73228a4aa3df3d82da5422
insertion,503,17,No cross-fitting,97005,1,1,4.0,59064c5656e73cff9ac2b7f87cbe7cd36f571038a9741b5380e9e218bda7727c,93bb76adef67ac6e1bbeb6a863500dff6a1af7414035c9e171f1b95d45e3c7a4
insertion,503,17,No cross-fitting,97006,1,1,4.0,59064c5656e73cff9ac2b7f87cbe7cd36f571038a9741b5380e9e218bda7727c,349ade2a023e446a89683ce4b3a5ecc1e134e2de4127d7a3f0b93273ff04eb32
insertion,503,17,No cross-fitting,97007,1,1,4.0,59064c5656e73cff9ac2b7f87cbe7cd36f571038a9741b5380e9e218bda7727c,8122d0d566da1792a78cea1980cdaa25510dbb5058b9292c9fe638d5c82e86c5
insertion,503,17,No cross-fitting,97008,1,1,4.0,59064c5656e73cff9ac2b7f87cbe7cd36f571038a9741b5380e9e218bda7727c,4c1bf7c0b9bd46dc2a2ca195e8d786384dc4a93cef0713d54583abeb35b7cc2f
insertion,503,17,No cross-fitting,97009,1,0,4.0,59064c5656e73cff9ac2b7f87cbe7cd36f571038a9741b5380e9e218bda7727c,26685ce839eb33f066c30493f1420618bd5c8496eea4fe1a39a0a86458704239
insertion,503,17,No cross-fitting,97010,1,1,4.0,59064c5656e73cff9ac2b7f87cbe7cd36f571038a9741b5380e9e218bda7727c,5aabea93b3d72e90fbf145909cf40627c3e3ce58b2e3b4f70798e97592de84e4
insertion,503,17,No cross-fitting,97011,1,1,4.0,59064c5656e73cff9ac2b7f87cbe7cd36f571038a9741b5380e9e218bda7727c,a89e77775ce764cec838e95793588eaa6f938accae67aa35394fbf2bfd3283bd
insertion,503,17,No cross-fitting,97012,1,1,4.0,59064c5656e73cff9ac2b7f87cbe7cd36f571038a9741b5380e9e218bda7727c,91bf71efba121439b1ad58b7dbc0b3a8231f7a7b77139412a3db745bcf58bfe7
insertion,503,17,No cross-fitting,97013,1,0,4.0,59064c5656e73cff9ac2b7f87cbe7cd36f571038a9741b5380e9e218bda7727c,4d173b98db0d014bb2824359b0a332375d0fc9988f9377ac076d366ecbdc10fb
insertion,503,17,No cross-fitting,97014,1,1,4.0,59064c5656e73cff9ac2b7f87cbe7cd36f571038a9741b5380e9e218bda7727c,5c4c042205ec2ace84c342f087c623c0743b4caf429a8a61ed83ee26045378b2
insertion,503,17,No cross-fitting,97015,1,1,4.0,59064c5656e73cff9ac2b7f87cbe7cd36f571038a9741b5380e9e218bda7727c,4ec4241fe9060db8975f4aa237ba4d9b4a210692161d101088206cf5c4583776
insertion,503,17,No cross-fitting,97016,1,1,4.0,59064c5656e73cff9ac2b7f87cbe7cd36f571038a9741b5380e9e218bda7727c,ee6f407f7e8e8d8cec5b4364cf1486423af43b40f279db75f05d2858645a0dfb
insertion,503,17,No cross-fitting,97017,0,0,2.0,59064c5656e73cff9ac2b7f87cbe7cd36f571038a9741b5380e9e218bda7727c,f4ad2f342bdf08432f5147e300688216c6ce09c4be6749f1b8b4df0396996449
insertion,503,17,No cross-fitting,97018,1,1,4.0,59064c5656e73cff9ac2b7f87cbe7cd36f571038a9741b5380e9e218bda7727c,d57a1b97198a29ec0873edc1433a17bc802a159aae7c1536b605551976c86b0d
insertion,503,17,No cross-fitting,97019,1,1,4.0,59064c5656e73cff9ac2b7f87cbe7cd36f571038a9741b5380e9e218bda7727c,3610a7e0ae42506016119e2d42c97d9804715a99190148744a01e5a20af6b06d
insertion,503,17,Global-time errors,97000,1,0,4.0,2fbd37b7ed9163593a24421a4667c9988f406d66f90a5dd5dc36615cc9d7a0f4,88501c6a6ce5b12c04d21af31bb1569fb451daa078b6312f84f94d7372a5dee8
insertion,503,17,Global-time errors,97001,0,0,1.0,2fbd37b7ed9163593a24421a4667c9988f406d66f90a5dd5dc36615cc9d7a0f4,802ec4a8efdf87cf029756b3ac4f48c6e4f015c7f4d658138c2ef7fb532c4e41
insertion,503,17,Global-time errors,97002,0,0,2.0,2fbd37b7ed9163593a24421a4667c9988f406d66f90a5dd5dc36615cc9d7a0f4,cc14a10421232d1066eab4c81aecf59d501131e5abf1edd861b731afc489e620
insertion,503,17,Global-time errors,97003,1,1,4.0,2fbd37b7ed9163593a24421a4667c9988f406d66f90a5dd5dc36615cc9d7a0f4,733e6716936252ef9f9d4ec3c7da5388cad0c44cd24d570cc2300b01adc3e2f6
insertion,503,17,Global-time errors,97004,0,0,3.0,2fbd37b7ed9163593a24421a4667c9988f406d66f90a5dd5dc36615cc9d7a0f4,9b7a5c95113ad2ed711f3fb13a90d7f3aaff23a6bac02523739c86b8967b3ad7
insertion,503,17,Global-time errors,97005,1,1,4.0,2fbd37b7ed9163593a24421a4667c9988f406d66f90a5dd5dc36615cc9d7a0f4,7dcc83fb149a54065e618be9950c9f087296ee16feb0ab66c89463ca68c9bf70
insertion,503,17,Global-time errors,97006,0,0,3.0,2fbd37b7ed9163593a24421a4667c9988f406d66f90a5dd5dc36615cc9d7a0f4,377984c7d09a458a03b0b6a3ede1335f3bce64d2aec25db990bea00fa5f54973
insertion,503,17,Global-time errors,97007,0,0,2.0,2fbd37b7ed9163593a24421a4667c9988f406d66f90a5dd5dc36615cc9d7a0f4,cc5afc11e816dbc51f83eb9a9f036291ba9b21c5001ccd154be782c5416aebaf
insertion,503,17,Global-time errors,97008,0,0,2.0,2fbd37b7ed9163593a24421a4667c9988f406d66f90a5dd5dc36615cc9d7a0f4,406ff1028db2c3baca0b20270444f04ad1ad6a25cce23594305e791c04cc086e
insertion,503,17,Global-time errors,97009,1,1,4.0,2fbd37b7ed9163593a24421a4667c9988f406d66f90a5dd5dc36615cc9d7a0f4,143fddcc5dafdf1833050af1042966e57badbe9ec35ccdf5161819667f2cf447
insertion,503,17,Global-time errors,97010,1,1,4.0,2fbd37b7ed9163593a24421a4667c9988f406d66f90a5dd5dc36615cc9d7a0f4,61e1435c1fdb5266a519c9a49abff3de9ced1302c2695f3ea6c57667cd408818
insertion,503,17,Global-time errors,97011,0,0,2.0,2fbd37b7ed9163593a24421a4667c9988f406d66f90a5dd5dc36615cc9d7a0f4,fdffb778a44e07d9a39e1e4a91e1ab33d0560720f155db2d45d44c495a56c425
insertion,503,17,Global-time errors,97012,0,0,2.0,2fbd37b7ed9163593a24421a4667c9988f406d66f90a5dd5dc36615cc9d7a0f4,0f66bf324c50884042305695b3ddf91bcbf24a5c5f6b545fa7fcb661a3e704e1
insertion,503,17,Global-time errors,97013,0,0,2.0,2fbd37b7ed9163593a24421a4667c9988f406d66f90a5dd5dc36615cc9d7a0f4,bdb97c36c2e24c85add5ec266cd5fe2c6c0aa2e18312822028acf07865d5c1f1
insertion,503,17,Global-time errors,97014,1,1,4.0,2fbd37b7ed9163593a24421a4667c9988f406d66f90a5dd5dc36615cc9d7a0f4,1bee9dbeb36f7f6f6c665d5c2c643863a5dec040f592162f0c5db0b5980fdb9d
insertion,503,17,Global-time errors,97015,0,0,2.0,2fbd37b7ed9163593a24421a4667c9988f406d66f90a5dd5dc36615cc9d7a0f4,7f3a68434cd3122170d7cc5f65f509e5c58988890b383c06994e9de9ac9d5601
insertion,503,17,Global-time errors,97016,0,0,2.0,2fbd37b7ed9163593a24421a4667c9988f406d66f90a5dd5dc36615cc9d7a0f4,52490845f3fa8beb54d4c2a29e845b76f722da31ca5afb16935054c6a2ad9d53
insertion,503,17,Global-time errors,97017,0,0,2.0,2fbd37b7ed9163593a24421a4667c9988f406d66f90a5dd5dc36615cc9d7a0f4,b84f1aee1e08c982b91cc2ec9c86b7ebeb0e09fb2f05a0bffb1f8b60666b31b4
insertion,503,17,Global-time errors,97018,1,1,4.0,2fbd37b7ed9163593a24421a4667c9988f406d66f90a5dd5dc36615cc9d7a0f4,f41c233cd51272613d7f6267d9305d3049f2f98da1896cd9f05f24f0888a9c5e
insertion,503,17,Global-time errors,97019,0,0,2.0,2fbd37b7ed9163593a24421a4667c9988f406d66f90a5dd5dc36615cc9d7a0f4,6e5294d927d1ee612589cb1049dc9196e62378048e941f38ed5a666b2b8e53f9
insertion,503,17,No intermediate backtracking,97000,1,1,4.0,ff1787f7c9ee4abe925b4292c0fc9cd1799e5925092079898ea8b84fcc28be46,318e29ee6a3b1d27b9a6909735b59de927ad3b31cbe02a117f10773cee5ce59a
insertion,503,17,No intermediate backtracking,97001,1,1,4.0,ff1787f7c9ee4abe925b4292c0fc9cd1799e5925092079898ea8b84fcc28be46,f5eb3c67397adfcf3355735f91bbdbb6f966798fb0f73b5d26c6f2a33c31f74f
insertion,503,17,No intermediate backtracking,97002,0,0,2.0,ff1787f7c9ee4abe925b4292c0fc9cd1799e5925092079898ea8b84fcc28be46,95e3d477e78b517ea0de4ef21b77ac120c8f222f1010571187248d807d0bf838
insertion,503,17,No intermediate backtracking,97003,1,0,4.0,ff1787f7c9ee4abe925b4292c0fc9cd1799e5925092079898ea8b84fcc28be46,fd00d671abbc15b2cbc410626b55622efcd4ff69d4ddae2e40297c74cc7ea7b2
insertion,503,17,No intermediate backtracking,97004,1,1,4.0,ff1787f7c9ee4abe925b4292c0fc9cd1799e5925092079898ea8b84fcc28be46,4b2cc79bdfacdb10a031d11ff1b3163b6f7ae28162ec7b5fe7810fde6e31e64e
insertion,503,17,No intermediate backtracking,97005,0,0,3.0,ff1787f7c9ee4abe925b4292c0fc9cd1799e5925092079898ea8b84fcc28be46,86db30fa677d6e84464539bbbd0bd910dc907a44438fbaed932497f4f84fd5b2
insertion,503,17,No intermediate backtracking,97006,0,0,3.0,ff1787f7c9ee4abe925b4292c0fc9cd1799e5925092079898ea8b84fcc28be46,923fa9e1a94d8b145f7c9eab5af7cbef061b34deba4f466a1a65e4aa7441c876
insertion,503,17,No intermediate backtracking,97007,0,0,3.0,ff1787f7c9ee4abe925b4292c0fc9cd1799e5925092079898ea8b84fcc28be46,d860e7b25447619fdd0852805fe271e436f03718f6fb1a656ac09adf0a54f772
insertion,503,17,No intermediate backtracking,97008,0,0,3.0,ff1787f7c9ee4abe925b4292c0fc9cd1799e5925092079898ea8b84fcc28be46,6cc733bd5ca70714a030d2dbadaa974bbc622be5cb5ea0b2e2c33a3be75c8a95
insertion,503,17,No intermediate backtracking,97009,1,1,4.0,ff1787f7c9ee4abe925b4292c0fc9cd1799e5925092079898ea8b84fcc28be46,1fab61bed6c0c6035ea3e738e445bd4da68c2e6c59c87b9697cbc67498d5497b
insertion,503,17,No intermediate backtracking,97010,0,0,2.0,ff1787f7c9ee4abe925b4292c0fc9cd1799e5925092079898ea8b84fcc28be46,752f53fb2bb62264ae57488cadb08395f6cb8e7e630c6363150d93860932945c
insertion,503,17,No intermediate backtracking,97011,1,1,4.0,ff1787f7c9ee4abe925b4292c0fc9cd1799e5925092079898ea8b84fcc28be46,2bec6c597dc408421cdb8e803fc76be923587a06d6c90100cdfeaf0e8c522232
insertion,503,17,No intermediate backtracking,97012,1,0,4.0,ff1787f7c9ee4abe925b4292c0fc9cd1799e5925092079898ea8b84fcc28be46,7fa9a375dfff1e0b0287e84f3c454d39a15fed266825de3452e395d5a44179fb
insertion,503,17,No intermediate backtracking,97013,0,0,2.0,ff1787f7c9ee4abe925b4292c0fc9cd1799e5925092079898ea8b84fcc28be46,06c14efd1693a2142c88e2a2da5b5f5f02c617c8b62f839aaeb2ab0b62f714f3
insertion,503,17,No intermediate backtracking,97014,0,0,3.0,ff1787f7c9ee4abe925b4292c0fc9cd1799e5925092079898ea8b84fcc28be46,c93fdbb63af68ae36d761e6ed586f8e7cf8eca817d6a340e2524e63a09795b1a
insertion,503,17,No intermediate backtracking,97015,0,0,1.0,ff1787f7c9ee4abe925b4292c0fc9cd1799e5925092079898ea8b84fcc28be46,c37ff10af22993ed26be3acd5f8337abb411dd89ac6baa9b3145b3b71118a68b
insertion,503,17,No intermediate backtracking,97016,1,1,4.0,ff1787f7c9ee4abe925b4292c0fc9cd1799e5925092079898ea8b84fcc28be46,a94822a98d2b1393a5df4f966002612679f69fae47260b2b7cd2a67ead0fabef
insertion,503,17,No intermediate backtracking,97017,0,0,2.0,ff1787f7c9ee4abe925b4292c0fc9cd1799e5925092079898ea8b84fcc28be46,168607caa2911657f7d69403551c35e470edb9bc7e0c64c601154265452cdca8
insertion,503,17,No intermediate backtracking,97018,0,0,3.0,ff1787f7c9ee4abe925b4292c0fc9cd1799e5925092079898ea8b84fcc28be46,f9bb32b14ff88d1e799804fe134bd7261de440514432b365be1c82c8bfd13076
insertion,503,17,No intermediate backtracking,97019,0,0,2.0,ff1787f7c9ee4abe925b4292c0fc9cd1799e5925092079898ea8b84fcc28be46,e24a702074900e955bfdb48a582ae2c730f53e4c7f044e85bf13b1f9e4fbb90e
insertion,503,17,Gaussian CPU budget,97000,1,1,4.0,ab24acd226d401abf8596f01884d1ac8b713a922e7a90ad7fc5ac5bf45be7d45,9d214bef41c3279bc12ad375d05a8b4d316eb7e6082d3ab40ebb475482c48c9c
insertion,503,17,Gaussian CPU budget,97001,1,1,4.0,ab24acd226d401abf8596f01884d1ac8b713a922e7a90ad7fc5ac5bf45be7d45,8c0f09f5c9eefcca476aef309d7a8a7edefa717c7f10b20338535c9fff945d91
insertion,503,17,Gaussian CPU budget,97002,1,1,4.0,ab24acd226d401abf8596f01884d1ac8b713a922e7a90ad7fc5ac5bf45be7d45,97904def0be7082f435c75c567775b995fa618ae5e728a4b0bddd15524cccf9e
insertion,503,17,Gaussian CPU budget,97003,0,0,3.0,ab24acd226d401abf8596f01884d1ac8b713a922e7a90ad7fc5ac5bf45be7d45,b7e227b26540fffcfc36fff46048af767523e656a59c4780f9200e6fe1a87f9e
insertion,503,17,Gaussian CPU budget,97004,1,1,4.0,ab24acd226d401abf8596f01884d1ac8b713a922e7a90ad7fc5ac5bf45be7d45,a3afaf17021b118c6acefd626fae02c4a5b9dd9e3026b7b0b063a7db28667c44
insertion,503,17,Gaussian CPU budget,97005,1,1,4.0,ab24acd226d401abf8596f01884d1ac8b713a922e7a90ad7fc5ac5bf45be7d45,c558a4ee7cc4635138b78ad810ef18b664ccd6f31162fd488790647682bf2e65
insertion,503,17,Gaussian CPU budget,97006,1,1,4.0,ab24acd226d401abf8596f01884d1ac8b713a922e7a90ad7fc5ac5bf45be7d45,5322d74a15819731e6884580d6456f7a518a85117342ededb74f9e586d9a3fb1
insertion,503,17,Gaussian CPU budget,97007,0,0,2.0,ab24acd226d401abf8596f01884d1ac8b713a922e7a90ad7fc5ac5bf45be7d45,493e603e9b58f1ca77500dad363f5cd1b8d5332bc75d2a394d23abf213f4735f
insertion,503,17,Gaussian CPU budget,97008,1,1,4.0,ab24acd226d401abf8596f01884d1ac8b713a922e7a90ad7fc5ac5bf45be7d45,174180172f9dc1403e50bdeb07e2436bd479b3406b2627414bbe846c4e0c6cb8
insertion,503,17,Gaussian CPU budget,97009,1,1,4.0,ab24acd226d401abf8596f01884d1ac8b713a922e7a90ad7fc5ac5bf45be7d45,a6724840c8dbfa99e6e03546b9031a6e39cc9e3456eaf2b70675ad663c9326d4
insertion,503,17,Gaussian CPU budget,97010,1,1,4.0,ab24acd226d401abf8596f01884d1ac8b713a922e7a90ad7fc5ac5bf45be7d45,32aec2e573b18ba55f2c8af674e8e342cc68b26eeb2336985cc5f35b9edfb897
insertion,503,17,Gaussian CPU budget,97011,0,0,2.0,ab24acd226d401abf8596f01884d1ac8b713a922e7a90ad7fc5ac5bf45be7d45,e4f93d14651e7f6f2581e7db24197c53a63cf18b6b4f0ada5d27ac7bc17e85b1
insertion,503,17,Gaussian CPU budget,97012,1,1,4.0,ab24acd226d401abf8596f01884d1ac8b713a922e7a90ad7fc5ac5bf45be7d45,8c32ad5ca3f64e58514f792d521ba799902e69a3a6bb1eb25cf2feaabb56d532
insertion,503,17,Gaussian CPU budget,97013,1,1,4.0,ab24acd226d401abf8596f01884d1ac8b713a922e7a90ad7fc5ac5bf45be7d45,ef97192af019c3b1aa1a0e624137ddc4207f88526edda202aea8360b168f421c
insertion,503,17,Gaussian CPU budget,97014,0,0,3.0,ab24acd226d401abf8596f01884d1ac8b713a922e7a90ad7fc5ac5bf45be7d45,0e73aec37c638d494b9d0f130a37161add043a41bd85cc4da1f9803dec164ca7
insertion,503,17,Gaussian CPU budget,97015,1,1,4.0,ab24acd226d401abf8596f01884d1ac8b713a922e7a90ad7fc5ac5bf45be7d45,3be61ab6fee307236a48226e43acaf651c16f83ed9f57a9df44b7a5276bfebc4
insertion,503,17,Gaussian CPU budget,97016,1,1,4.0,ab24acd226d401abf8596f01884d1ac8b713a922e7a90ad7fc5ac5bf45be7d45,a0f08b0750eecf80bb3777701fa4433be7e3b9df25092f4d1e4db80b4f587361
insertion,503,17,Gaussian CPU budget,97017,1,1,4.0,ab24acd226d401abf8596f01884d1ac8b713a922e7a90ad7fc5ac5bf45be7d45,8a110cfe459d6dfaee10ba9018d168b8c9ff8dd66041b5e3e9d526bf8d7f816f
insertion,503,17,Gaussian CPU budget,97018,0,0,3.0,ab24acd226d401abf8596f01884d1ac8b713a922e7a90ad7fc5ac5bf45be7d45,3f09bd8dca20ce7efaa974993b8dc4fbe57b9fe5ce14cceb683b365cb7c24c20
insertion,503,17,Gaussian CPU budget,97019,0,0,2.0,ab24acd226d401abf8596f01884d1ac8b713a922e7a90ad7fc5ac5bf45be7d45,96f6eb31aa63491bf5ab38a432d0a17685958599a28d63493c0d9eb53e69d2fb
insertion,503,29,Clean repeat,97000,1,1,4.0,0eeab932c9210038cc9dc24cec8f06416b29631845c6b9d927c93b8e95abf2e2,5207abf0f894c96647f196445e7d636f261ec0c481771e0a8486f4083b7affd3
insertion,503,29,Clean repeat,97001,1,1,4.0,0eeab932c9210038cc9dc24cec8f06416b29631845c6b9d927c93b8e95abf2e2,2e897197cf98d8ff68c205f605ab7e5a782ce32b2855824c260af179767b8210
insertion,503,29,Clean repeat,97002,0,0,3.0,0eeab932c9210038cc9dc24cec8f06416b29631845c6b9d927c93b8e95abf2e2,9a1d3df8e23e42326f2619e1cc86231f8d95f83cbe5826475b1d4504c154b1a7
insertion,503,29,Clean repeat,97003,1,0,4.0,0eeab932c9210038cc9dc24cec8f06416b29631845c6b9d927c93b8e95abf2e2,809b65dac55371f94d95380d9e582c3537ea4ed9075cab53b69cc37355ef4fff
insertion,503,29,Clean repeat,97004,1,1,4.0,0eeab932c9210038cc9dc24cec8f06416b29631845c6b9d927c93b8e95abf2e2,e9ae1b60d9229c4cfb25262c4b62c38829f498077422271e4d21e1f4624d51ee
insertion,503,29,Clean repeat,97005,1,1,4.0,0eeab932c9210038cc9dc24cec8f06416b29631845c6b9d927c93b8e95abf2e2,11380360997d4799be1dbd1a9eb3a62a29aef390be035bfe8f4cdca65b080d4a
insertion,503,29,Clean repeat,97006,0,0,3.0,0eeab932c9210038cc9dc24cec8f06416b29631845c6b9d927c93b8e95abf2e2,ca770f261c677a3cce517bf9cd6ced74cd7e833ca1439cff6f1da49cda356963
insertion,503,29,Clean repeat,97007,1,0,4.0,0eeab932c9210038cc9dc24cec8f06416b29631845c6b9d927c93b8e95abf2e2,c6253c822972c0bca13eb50ec72d0768162236afa2a3556f76adb3c260764ed1
insertion,503,29,Clean repeat,97008,1,1,4.0,0eeab932c9210038cc9dc24cec8f06416b29631845c6b9d927c93b8e95abf2e2,a7c7b8b30fd63ec5b5285870c825510951d08ce7f5d1b26b89ade32de43863cf
insertion,503,29,Clean repeat,97009,1,0,4.0,0eeab932c9210038cc9dc24cec8f06416b29631845c6b9d927c93b8e95abf2e2,b3aa761b49d32576a02d0233fc0ab379dd82ed360a08d602cdd32e0e5ccf7b4f
insertion,503,29,Clean repeat,97010,1,1,4.0,0eeab932c9210038cc9dc24cec8f06416b29631845c6b9d927c93b8e95abf2e2,7139be8838badb3c50a635ac6da15ed58530b868590ed2e94577e3ffb95ee99b
insertion,503,29,Clean repeat,97011,0,0,3.0,0eeab932c9210038cc9dc24cec8f06416b29631845c6b9d927c93b8e95abf2e2,21a2c341aa551ee015107a56b0ee7bffabafa1c4500ffb72ddab015dfc948725
insertion,503,29,Clean repeat,97012,0,0,3.0,0eeab932c9210038cc9dc24cec8f06416b29631845c6b9d927c93b8e95abf2e2,1618495d665928a2b777d7fa336fce9d31c1d135403538bd52155b1822d1015e
insertion,503,29,Clean repeat,97013,0,0,2.0,0eeab932c9210038cc9dc24cec8f06416b29631845c6b9d927c93b8e95abf2e2,15685d92c17a0376a797f98f677004d5ffe665e09a59ae634591330730048435
insertion,503,29,Clean repeat,97014,0,0,3.0,0eeab932c9210038cc9dc24cec8f06416b29631845c6b9d927c93b8e95abf2e2,ce958bd6e58ac019f535fabe4d8e535e7a640fbeb9dc61d19b012c76960131fb
insertion,503,29,Clean repeat,97015,0,0,3.0,0eeab932c9210038cc9dc24cec8f06416b29631845c6b9d927c93b8e95abf2e2,09369bfd37b43f92acc43a4a14244f90e5bf4050b31a7700f06bdfad9b753fba
insertion,503,29,Clean repeat,97016,0,0,3.0,0eeab932c9210038cc9dc24cec8f06416b29631845c6b9d927c93b8e95abf2e2,714c7cf8029c4a872c00f9fb8a0a212cf174e3c844bc7c173a47153e1ed54649
insertion,503,29,Clean repeat,97017,0,0,3.0,0eeab932c9210038cc9dc24cec8f06416b29631845c6b9d927c93b8e95abf2e2,03354cd63e9524f2372fc91d76dcf932eb85b01a8f61fc9f1264310d019d5395
insertion,503,29,Clean repeat,97018,0,0,3.0,0eeab932c9210038cc9dc24cec8f06416b29631845c6b9d927c93b8e95abf2e2,25889b13cf671b9a8a9271e1ba83ffcb54445ee94a229c024781cb8b1008fd06
insertion,503,29,Clean repeat,97019,0,0,3.0,0eeab932c9210038cc9dc24cec8f06416b29631845c6b9d927c93b8e95abf2e2,725eaa5f2815998d4ee9a6184b03cf42ffd1a10fb54fc67a8aa91f2e9c5dc063
insertion,503,29,SCANA-R,97000,1,0,4.0,1dabdf33ff884d8b505df9eead1203606ead3e24faf0d8e40beb4f9c19d4a8a1,f171b557090d00bdbcdf4e93adb80e8c2b022c069c8351e0f28f8338e58900dd
insertion,503,29,SCANA-R,97001,0,0,2.0,1dabdf33ff884d8b505df9eead1203606ead3e24faf0d8e40beb4f9c19d4a8a1,e024ce9b8a430452e55014dbe09907b773682655575200e1683f09c98be7454a
insertion,503,29,SCANA-R,97002,0,0,3.0,1dabdf33ff884d8b505df9eead1203606ead3e24faf0d8e40beb4f9c19d4a8a1,81737e11a9d06fdc32616cfc494345fc2f383729586f2aad802a20b4c303bff3
insertion,503,29,SCANA-R,97003,0,0,3.0,1dabdf33ff884d8b505df9eead1203606ead3e24faf0d8e40beb4f9c19d4a8a1,fd9c5707ae9d96baf3695246fe173fc3bde2277e08f553db222078ff6c84ec8f
insertion,503,29,SCANA-R,97004,1,1,4.0,1dabdf33ff884d8b505df9eead1203606ead3e24faf0d8e40beb4f9c19d4a8a1,38061a7d74ef0b76901654f9d95430ffd7884830be921850712b127931429ca0
insertion,503,29,SCANA-R,97005,1,0,4.0,1dabdf33ff884d8b505df9eead1203606ead3e24faf0d8e40beb4f9c19d4a8a1,a30a9106b9b042507940583f2e747bcddbb7ff6b891a8ffc53d1be2cc345016f
insertion,503,29,SCANA-R,97006,0,0,3.0,1dabdf33ff884d8b505df9eead1203606ead3e24faf0d8e40beb4f9c19d4a8a1,24253186993ef1f6f67a520c2986d5f7fd569affbf6c848e94d0d0408bcac8b2
insertion,503,29,SCANA-R,97007,0,0,3.0,1dabdf33ff884d8b505df9eead1203606ead3e24faf0d8e40beb4f9c19d4a8a1,010eca67a0f55a20bc7a9ce85bb848e489d3526b4e4a355327c9a95e474491bc
insertion,503,29,SCANA-R,97008,1,1,4.0,1dabdf33ff884d8b505df9eead1203606ead3e24faf0d8e40beb4f9c19d4a8a1,137cea4695a99de74224bff7e95f4b3e8940d94b9ef750e3bb91af5888f9cd0d
insertion,503,29,SCANA-R,97009,1,1,4.0,1dabdf33ff884d8b505df9eead1203606ead3e24faf0d8e40beb4f9c19d4a8a1,ac6c429f3676b54240903f9c430f673e4e4f16dfea408da838fc5984a29346d1
insertion,503,29,SCANA-R,97010,0,0,3.0,1dabdf33ff884d8b505df9eead1203606ead3e24faf0d8e40beb4f9c19d4a8a1,f2f26a419d2c2f608bf08f72f4e08be0aa661e2ac90f7efc31b61dd23d621cc3
insertion,503,29,SCANA-R,97011,0,0,3.0,1dabdf33ff884d8b505df9eead1203606ead3e24faf0d8e40beb4f9c19d4a8a1,c11c9735f5ec74ffa509ff583d68c7ae0521e50dab595118f965de6dd4c76c17
insertion,503,29,SCANA-R,97012,0,0,3.0,1dabdf33ff884d8b505df9eead1203606ead3e24faf0d8e40beb4f9c19d4a8a1,d328d6702f8770fd635a848a2ee343e9b7c9db87b0ac915397286906ed379093
insertion,503,29,SCANA-R,97013,0,0,3.0,1dabdf33ff884d8b505df9eead1203606ead3e24faf0d8e40beb4f9c19d4a8a1,a3309c347d76c2666f8aaf6992cb9ca59678072eacd13fc3554641d07b371193
insertion,503,29,SCANA-R,97014,0,0,3.0,1dabdf33ff884d8b505df9eead1203606ead3e24faf0d8e40beb4f9c19d4a8a1,0a3b127bc29ebd4dc78b5010f90fde481c394d5f98336e850da594d49e6ba518
insertion,503,29,SCANA-R,97015,0,0,3.0,1dabdf33ff884d8b505df9eead1203606ead3e24faf0d8e40beb4f9c19d4a8a1,e024f52daeeda0f7df9c6355c79cc2a053781840a4ecd0f18dc5cef43183c492
insertion,503,29,SCANA-R,97016,0,0,3.0,1dabdf33ff884d8b505df9eead1203606ead3e24faf0d8e40beb4f9c19d4a8a1,6bde22e909e5d53e10b4790a7e4a57e5828a464dbb3483f0ff648509521bd557
insertion,503,29,SCANA-R,97017,0,0,3.0,1dabdf33ff884d8b505df9eead1203606ead3e24faf0d8e40beb4f9c19d4a8a1,51819fce2c223b11a0cf3b0f0be878f20076bd9a5af98836e62d25140bcdfc2d
insertion,503,29,SCANA-R,97018,0,0,3.0,1dabdf33ff884d8b505df9eead1203606ead3e24faf0d8e40beb4f9c19d4a8a1,5e4ad05e9a7213679794291b0d1cd13f997b9555943b5b6835541d8f3597b03b
insertion,503,29,SCANA-R,97019,1,1,4.0,1dabdf33ff884d8b505df9eead1203606ead3e24faf0d8e40beb4f9c19d4a8a1,841d3eb043c58a4edfe2199664216665ca35aa2b72d2d48cb0fe75f910bbb623
insertion,503,29,Gaussian recovery,97000,1,0,4.0,01935b07b018400ca200528954eb708dc6cac4ff75ad166f9cae04671dffe57a,747d17f850515f2d36a06a88b380786c4709731dad0b7634e8ddca90adb7ee2b
insertion,503,29,Gaussian recovery,97001,0,0,2.0,01935b07b018400ca200528954eb708dc6cac4ff75ad166f9cae04671dffe57a,c28664f9a43b877c22a0d4d6631f0abefc28e031f62fab59a51f1df0a500eab0
insertion,503,29,Gaussian recovery,97002,0,0,3.0,01935b07b018400ca200528954eb708dc6cac4ff75ad166f9cae04671dffe57a,0f784425ae83371ab690aa94b7aa9b0ad1c5e1eb806d11f8f19bdd74425d3dd8
insertion,503,29,Gaussian recovery,97003,0,0,2.0,01935b07b018400ca200528954eb708dc6cac4ff75ad166f9cae04671dffe57a,1f7097bcca172db248b1a9e62a91f97b85a2c237aabf56b465f350db250cf35a
insertion,503,29,Gaussian recovery,97004,0,0,2.0,01935b07b018400ca200528954eb708dc6cac4ff75ad166f9cae04671dffe57a,ea6606cbbe0399512653969badbee40bd95e09e97cbee0827abfa0a176a483c2
insertion,503,29,Gaussian recovery,97005,0,0,2.0,01935b07b018400ca200528954eb708dc6cac4ff75ad166f9cae04671dffe57a,19384ddbed3b9e3fb1b8df03662643bbd6a1cb655a539fbe727ba91a5b8762be
insertion,503,29,Gaussian recovery,97006,0,0,3.0,01935b07b018400ca200528954eb708dc6cac4ff75ad166f9cae04671dffe57a,ea8c1b331fa40206ba2529d0de6a707bc0d11cd197b8ccebd3ddc81ae24f954e
insertion,503,29,Gaussian recovery,97007,1,1,4.0,01935b07b018400ca200528954eb708dc6cac4ff75ad166f9cae04671dffe57a,2ed133288af9fce1f259f2d0868f3b04cefc39b448afb5494da8671ef14ef5c4
insertion,503,29,Gaussian recovery,97008,1,1,4.0,01935b07b018400ca200528954eb708dc6cac4ff75ad166f9cae04671dffe57a,39877f3fce66ead31000905b0210cc0b2eae07ffe62fb2b252fbfff2e414f000
insertion,503,29,Gaussian recovery,97009,1,0,4.0,01935b07b018400ca200528954eb708dc6cac4ff75ad166f9cae04671dffe57a,2f6570f790b2e4ef2512bd42d1f5e050909fa7724ad99681a9c3f7a77e91d719
insertion,503,29,Gaussian recovery,97010,0,0,3.0,01935b07b018400ca200528954eb708dc6cac4ff75ad166f9cae04671dffe57a,e5596ed8a29671718656fa38d90f91cca62e6ff753e854a36bd5b1276132fb78
insertion,503,29,Gaussian recovery,97011,0,0,3.0,01935b07b018400ca200528954eb708dc6cac4ff75ad166f9cae04671dffe57a,b9f673cce5b500194d16b65a2c9a694db13019c26d01bd7db94fdbefa3616290
insertion,503,29,Gaussian recovery,97012,0,0,3.0,01935b07b018400ca200528954eb708dc6cac4ff75ad166f9cae04671dffe57a,29e1071f69e78732a075f2ea13adccdd9d44c16e16e69f3e9179628c11a6fe0d
insertion,503,29,Gaussian recovery,97013,0,0,3.0,01935b07b018400ca200528954eb708dc6cac4ff75ad166f9cae04671dffe57a,9aa307d4c3859fd27b43a5b397a853f13be465b6926cd0aef41e593db7b0cf7a
insertion,503,29,Gaussian recovery,97014,0,0,3.0,01935b07b018400ca200528954eb708dc6cac4ff75ad166f9cae04671dffe57a,01f05593567ae2bb002f597fc5343e10fef6b794e76f08b83b0faaf523d048da
insertion,503,29,Gaussian recovery,97015,0,0,3.0,01935b07b018400ca200528954eb708dc6cac4ff75ad166f9cae04671dffe57a,cd4125fc324722d28ef4dcd6ef9390d7ebc0e1630e8ee77490c455d2b35b3bb1
insertion,503,29,Gaussian recovery,97016,0,0,3.0,01935b07b018400ca200528954eb708dc6cac4ff75ad166f9cae04671dffe57a,85d605cf5db6de565c2836a9a0312f0423736804ad413cfefd2189705543fcbe
insertion,503,29,Gaussian recovery,97017,0,0,3.0,01935b07b018400ca200528954eb708dc6cac4ff75ad166f9cae04671dffe57a,b1823025954abc29fc204fd6390a52236fbde8e37c5d4c42bde2b9cdcf569308
insertion,503,29,Gaussian recovery,97018,0,0,3.0,01935b07b018400ca200528954eb708dc6cac4ff75ad166f9cae04671dffe57a,a19f567d58987cf5f6fb48b38d0b3ebf9879a9d00b6fd91b990c80b3b8c4fae4
insertion,503,29,Gaussian recovery,97019,1,0,4.0,01935b07b018400ca200528954eb708dc6cac4ff75ad166f9cae04671dffe57a,92e6674010db070530b5510fa391ef5bfbf22b4e384df30ef6cc4d596c78c9fb
insertion,503,29,No cross-fitting,97000,1,0,4.0,282bb2b34a120e884314869b826bab74ae1f28116ca64c4850d5a03fbbbe37a6,84df13b827528aeb54b2cb334c198de9b62d92b1d0895072783650120aa1d0d2
insertion,503,29,No cross-fitting,97001,0,0,3.0,282bb2b34a120e884314869b826bab74ae1f28116ca64c4850d5a03fbbbe37a6,478370563747efa092007e528985b0f3ee8461f57f42b89c9d0d7b6ef18f78a0
insertion,503,29,No cross-fitting,97002,0,0,3.0,282bb2b34a120e884314869b826bab74ae1f28116ca64c4850d5a03fbbbe37a6,5e8450f9924c59ee30c4bcd674e28424b97089ff72727cac87b5f5bd513c026e
insertion,503,29,No cross-fitting,97003,0,0,3.0,282bb2b34a120e884314869b826bab74ae1f28116ca64c4850d5a03fbbbe37a6,98dd3fde368bfcb6ae8b51b691c7d9145ac2827acff270c232935f087ee69f41
insertion,503,29,No cross-fitting,97004,1,1,4.0,282bb2b34a120e884314869b826bab74ae1f28116ca64c4850d5a03fbbbe37a6,3ee8234330e4ff3b920c41c904b8339b3523141cdca10dd098100741429793b1
insertion,503,29,No cross-fitting,97005,1,1,4.0,282bb2b34a120e884314869b826bab74ae1f28116ca64c4850d5a03fbbbe37a6,63250e76bf875e7bc2522dc8cd1e5b4242f07c6f5e08e8a5226be2312e576246
insertion,503,29,No cross-fitting,97006,0,0,3.0,282bb2b34a120e884314869b826bab74ae1f28116ca64c4850d5a03fbbbe37a6,b3e668297f8620f924d1a187751e943dd4fa250d46b552bc9d3d3d273a3b3254
insertion,503,29,No cross-fitting,97007,1,1,4.0,282bb2b34a120e884314869b826bab74ae1f28116ca64c4850d5a03fbbbe37a6,80849597cde36e2b05672e789b5fcab4d5c2b8b8b661128893c9eafde49c0f63
insertion,503,29,No cross-fitting,97008,1,1,4.0,282bb2b34a120e884314869b826bab74ae1f28116ca64c4850d5a03fbbbe37a6,7c1f986cec4000032652353e6db93b2d45d8c353ffb93b8d49242b39b66b6f87
insertion,503,29,No cross-fitting,97009,1,1,4.0,282bb2b34a120e884314869b826bab74ae1f28116ca64c4850d5a03fbbbe37a6,2ec88c68974541131de85d2cbecccb4fad67c3e0704b2d7cfd54ac62d6efaf92
insertion,503,29,No cross-fitting,97010,1,1,4.0,282bb2b34a120e884314869b826bab74ae1f28116ca64c4850d5a03fbbbe37a6,d846d9cd66439a75b5359cba459545db3fa497092c3379d8cca2af1dcc95a6d9
insertion,503,29,No cross-fitting,97011,0,0,3.0,282bb2b34a120e884314869b826bab74ae1f28116ca64c4850d5a03fbbbe37a6,e8140ff33ceed9805ac7174a2d9b4e6736aac68b5ef5ab5f9a8ed37de6f0ffcc
insertion,503,29,No cross-fitting,97012,0,0,3.0,282bb2b34a120e884314869b826bab74ae1f28116ca64c4850d5a03fbbbe37a6,d6fbc05e60e2b3d34871e9b8d6f7951afa609c5cdbba31ec5ce236aed78c4faa
insertion,503,29,No cross-fitting,97013,0,0,2.0,282bb2b34a120e884314869b826bab74ae1f28116ca64c4850d5a03fbbbe37a6,c8415a24810f568ecb7be0cb305d89c2acffe77a11a63afa030b1aca767127dc
insertion,503,29,No cross-fitting,97014,0,0,3.0,282bb2b34a120e884314869b826bab74ae1f28116ca64c4850d5a03fbbbe37a6,9073a1e2a13c89442a2a5c96deb3cec3c5947a1ff40ae89374ba9dad443d15d1
insertion,503,29,No cross-fitting,97015,0,0,3.0,282bb2b34a120e884314869b826bab74ae1f28116ca64c4850d5a03fbbbe37a6,2a02755db2785a1ab9a7f04a47c4c5557b76450eef8b812ee5374b31f77e122d
insertion,503,29,No cross-fitting,97016,1,0,4.0,282bb2b34a120e884314869b826bab74ae1f28116ca64c4850d5a03fbbbe37a6,3c7044e8867f3d2bceca0be60ebd64aed0eff69c7906429fcac0b7ffb2589eaa
insertion,503,29,No cross-fitting,97017,0,0,3.0,282bb2b34a120e884314869b826bab74ae1f28116ca64c4850d5a03fbbbe37a6,1002d9081d5c75ea427d0b9898ad61869e304a6203b065f24839521475c83bc0
insertion,503,29,No cross-fitting,97018,0,0,3.0,282bb2b34a120e884314869b826bab74ae1f28116ca64c4850d5a03fbbbe37a6,5a4aa4ccbe26a6c2886881bbb830e086ebd43c9668b120f32736fd741a37d501
insertion,503,29,No cross-fitting,97019,0,0,3.0,282bb2b34a120e884314869b826bab74ae1f28116ca64c4850d5a03fbbbe37a6,9be36a21e5b30a618f8b4d40d4ccfcc7e07ac72ef4043484038993a44363ac28
insertion,503,29,Global-time errors,97000,0,0,2.0,9afb95c83bf9d4b2b5d8493d4fc59bb5599ca049b07090e8d5df4208b8ababc2,76bb90ded784e0b474e1239009514ec0c7a6e573e956399b9efd474349c24d6b
insertion,503,29,Global-time errors,97001,0,0,3.0,9afb95c83bf9d4b2b5d8493d4fc59bb5599ca049b07090e8d5df4208b8ababc2,acfed44c80a8ae67ca4f04f470689d8ac06ca53312915608df1b219935c12cbc
insertion,503,29,Global-time errors,97002,0,0,3.0,9afb95c83bf9d4b2b5d8493d4fc59bb5599ca049b07090e8d5df4208b8ababc2,f7d3a5c5ace88d86947010ebe7abaffeff1b61b72edfb6aae33cc382077c1f62
insertion,503,29,Global-time errors,97003,1,1,4.0,9afb95c83bf9d4b2b5d8493d4fc59bb5599ca049b07090e8d5df4208b8ababc2,7f1fda9a514797b7dd41c97195910bdac006cec141674e48ff2f70d238ef95fd
insertion,503,29,Global-time errors,97004,1,1,4.0,9afb95c83bf9d4b2b5d8493d4fc59bb5599ca049b07090e8d5df4208b8ababc2,899e97a5909380d96be6f403408f3b317354417c5d8e0fd1ac7195ab1fcaf726
insertion,503,29,Global-time errors,97005,1,1,4.0,9afb95c83bf9d4b2b5d8493d4fc59bb5599ca049b07090e8d5df4208b8ababc2,830a8b9810b3fe11a2726ac2221e95cc68352656c052ed6edef27f5d7ecc87ce
insertion,503,29,Global-time errors,97006,0,0,3.0,9afb95c83bf9d4b2b5d8493d4fc59bb5599ca049b07090e8d5df4208b8ababc2,6cb7fa8e1ee9898676364f45af4505ab803bb411ce333e5cfc886b0d21f98102
insertion,503,29,Global-time errors,97007,0,0,3.0,9afb95c83bf9d4b2b5d8493d4fc59bb5599ca049b07090e8d5df4208b8ababc2,89acc1b2b977f75d1b8f542cdfc8bbbb5ed87a3df69c73c68e25a71f8c3566a4
insertion,503,29,Global-time errors,97008,1,1,4.0,9afb95c83bf9d4b2b5d8493d4fc59bb5599ca049b07090e8d5df4208b8ababc2,b25a402119269fbe56a67dbed1d6244e4fec37760e3d6cade51bd7122e330655
insertion,503,29,Global-time errors,97009,0,0,3.0,9afb95c83bf9d4b2b5d8493d4fc59bb5599ca049b07090e8d5df4208b8ababc2,43f7da6c8b9478f4f0175c8f71aef78a1feb5c8ca430f9f52845b1375168a56d
insertion,503,29,Global-time errors,97010,0,0,3.0,9afb95c83bf9d4b2b5d8493d4fc59bb5599ca049b07090e8d5df4208b8ababc2,7073fa40f859caccdc1258a1a6727a39fb3cd1e1b3d77d4df2c6226578424cb5
insertion,503,29,Global-time errors,97011,0,0,3.0,9afb95c83bf9d4b2b5d8493d4fc59bb5599ca049b07090e8d5df4208b8ababc2,845437ef65c81b902941904d5ed5ba875788e08b434d992dedfd8771d5bf8c1e
insertion,503,29,Global-time errors,97012,0,0,3.0,9afb95c83bf9d4b2b5d8493d4fc59bb5599ca049b07090e8d5df4208b8ababc2,cdac3b36fb5601cd4edd2e7da138962bde6a2c89bfa0f9e59d01be86afbeaa8c
insertion,503,29,Global-time errors,97013,0,0,3.0,9afb95c83bf9d4b2b5d8493d4fc59bb5599ca049b07090e8d5df4208b8ababc2,405e26de3cd861763e788db4af4b419701a60abe7975d167d070aced747cc7a3
insertion,503,29,Global-time errors,97014,0,0,3.0,9afb95c83bf9d4b2b5d8493d4fc59bb5599ca049b07090e8d5df4208b8ababc2,fe9e378be3012247215aeece4a90034a6f729980a8b402481ff7e8038333f0f5
insertion,503,29,Global-time errors,97015,0,0,3.0,9afb95c83bf9d4b2b5d8493d4fc59bb5599ca049b07090e8d5df4208b8ababc2,5203fbe2b0f5ed41bcbf95f3db9a85e88ccaec7f6605f6ae3f9d8d48b6116b24
insertion,503,29,Global-time errors,97016,0,0,3.0,9afb95c83bf9d4b2b5d8493d4fc59bb5599ca049b07090e8d5df4208b8ababc2,9c628a88bc15f2c9c456eb2b85364f11acee75d95e29b20b8eb3a04618a8a243
insertion,503,29,Global-time errors,97017,1,1,4.0,9afb95c83bf9d4b2b5d8493d4fc59bb5599ca049b07090e8d5df4208b8ababc2,18ef1d0fcdaf6b956ab4b495d0ea8316a99cb34fb470d2779f04f22e00153738
insertion,503,29,Global-time errors,97018,0,0,3.0,9afb95c83bf9d4b2b5d8493d4fc59bb5599ca049b07090e8d5df4208b8ababc2,1480c55b152e2e45c214d2da91c2fd7bac9eb4b91f604653428f573f1d0c0f58
insertion,503,29,Global-time errors,97019,1,1,4.0,9afb95c83bf9d4b2b5d8493d4fc59bb5599ca049b07090e8d5df4208b8ababc2,7aa25bb380c661326f6b780896254893c1cf6f6325ac149db7e9d16b4e206f3d
insertion,503,29,No intermediate backtracking,97000,1,0,4.0,9d579b411427d4d4c663666e67864b2d41a2a76749ae3379df579eb80c5bc268,cf59922e7598ed97b62c01d60c3bc8b0029a7eca862b4163a9ea8933b3997def
insertion,503,29,No intermediate backtracking,97001,0,0,1.0,9d579b411427d4d4c663666e67864b2d41a2a76749ae3379df579eb80c5bc268,35c692999fdf6b41e3df2d12c13fd3d41a1c478fb727d41ef00151afbfaa10ae
insertion,503,29,No intermediate backtracking,97002,0,0,3.0,9d579b411427d4d4c663666e67864b2d41a2a76749ae3379df579eb80c5bc268,3563077a6c1dcd1ab366441c89f6db1fe943a26ce671efcadb148ba7154ec9d6
insertion,503,29,No intermediate backtracking,97003,0,0,3.0,9d579b411427d4d4c663666e67864b2d41a2a76749ae3379df579eb80c5bc268,b89bd56ed1a88c4b233f23334a06027e2079776fb34c8e119741ada37253d4e7
insertion,503,29,No intermediate backtracking,97004,1,0,4.0,9d579b411427d4d4c663666e67864b2d41a2a76749ae3379df579eb80c5bc268,889fc636ab191297a7546ce018c8ebd9e788c659fc91dda39a617662c0c9aaa7
insertion,503,29,No intermediate backtracking,97005,1,1,4.0,9d579b411427d4d4c663666e67864b2d41a2a76749ae3379df579eb80c5bc268,b5957e6b0f5ef517d629eba006ca5c22ee40861ca2e6cd1b08ce316681e5079e
insertion,503,29,No intermediate backtracking,97006,0,0,3.0,9d579b411427d4d4c663666e67864b2d41a2a76749ae3379df579eb80c5bc268,570eaf6705ffc707769633ea1e7acbf5aec4f9f43ea27f01b5447a9c290e17d2
insertion,503,29,No intermediate backtracking,97007,1,0,4.0,9d579b411427d4d4c663666e67864b2d41a2a76749ae3379df579eb80c5bc268,e2b13218178222c81956c215e4691b22a9bb452335caa08a48670e40d848e134
insertion,503,29,No intermediate backtracking,97008,1,1,4.0,9d579b411427d4d4c663666e67864b2d41a2a76749ae3379df579eb80c5bc268,21caa45fe7d619bdeab4d23edb6780b891c4014f2df6865e09712e95b43634a8
insertion,503,29,No intermediate backtracking,97009,1,0,4.0,9d579b411427d4d4c663666e67864b2d41a2a76749ae3379df579eb80c5bc268,d863d64f6843bdee4082de170342e576c0dd224cd639ba046deb77f0847e3b7a
insertion,503,29,No intermediate backtracking,97010,0,0,3.0,9d579b411427d4d4c663666e67864b2d41a2a76749ae3379df579eb80c5bc268,5d45f65aa8bfbeeb30c13776c795b35244123bd6917f8a8ced6669c9c105ae71
insertion,503,29,No intermediate backtracking,97011,0,0,3.0,9d579b411427d4d4c663666e67864b2d41a2a76749ae3379df579eb80c5bc268,4415da61b34515e1a2d6de7571d2c3b0a8ab0852437447aa67ebaa560c898d35
insertion,503,29,No intermediate backtracking,97012,0,0,2.0,9d579b411427d4d4c663666e67864b2d41a2a76749ae3379df579eb80c5bc268,b95d3ebaa0283afaeb4ffda69a5e6f652cd3a6f2528727caea361aec23d907e4
insertion,503,29,No intermediate backtracking,97013,0,0,1.0,9d579b411427d4d4c663666e67864b2d41a2a76749ae3379df579eb80c5bc268,b6c30e3bbf28a012e8c5aa0e1a106758acd9225726b708a2f5c5db592205f4d7
insertion,503,29,No intermediate backtracking,97014,0,0,2.0,9d579b411427d4d4c663666e67864b2d41a2a76749ae3379df579eb80c5bc268,3d748c577afdb585c464451c77bcb0122cb7d089320a38d7e2c70fe2c4a50873
insertion,503,29,No intermediate backtracking,97015,0,0,3.0,9d579b411427d4d4c663666e67864b2d41a2a76749ae3379df579eb80c5bc268,a75c1e7c9836fc585992a55aa20be3a08563e9a143479e0db91ada419c478ebf
insertion,503,29,No intermediate backtracking,97016,0,0,3.0,9d579b411427d4d4c663666e67864b2d41a2a76749ae3379df579eb80c5bc268,5eaa57664c3bbd001a5b83d91aa8a1eff57abaf02cdb3dc41cfd2d1fec17e71b
insertion,503,29,No intermediate backtracking,97017,1,0,4.0,9d579b411427d4d4c663666e67864b2d41a2a76749ae3379df579eb80c5bc268,25da39905245f711d688c64b3d262d7bfbfde0a7ecd574ac11bcca7aac75479f
insertion,503,29,No intermediate backtracking,97018,0,0,3.0,9d579b411427d4d4c663666e67864b2d41a2a76749ae3379df579eb80c5bc268,60256fce96cabe32fa8950902f7d21f1712a19e42b027a710b444e10f21a1463
insertion,503,29,No intermediate backtracking,97019,1,0,4.0,9d579b411427d4d4c663666e67864b2d41a2a76749ae3379df579eb80c5bc268,7ff3773be6067c69182b8b2d78a781a2da803f57051c990c0340bcfdb3da601f
insertion,503,29,Gaussian CPU budget,97000,1,1,4.0,545b60fcb23799e59e434525a091222a7e1557dc57a65350983d196651dfe890,a895bc6fe0b9bfad15a829c539701a98c88abcfc3218d68e898bb11b68edefdc
insertion,503,29,Gaussian CPU budget,97001,0,0,3.0,545b60fcb23799e59e434525a091222a7e1557dc57a65350983d196651dfe890,be40805ea14205f6139ceb08d209dd123e759346a96aa71fa6a03fbc98a3c16b
insertion,503,29,Gaussian CPU budget,97002,1,1,4.0,545b60fcb23799e59e434525a091222a7e1557dc57a65350983d196651dfe890,e7228446f5027618a683027cefda49b27838dcf911c50fd16b7d43535b77eae0
insertion,503,29,Gaussian CPU budget,97003,0,0,3.0,545b60fcb23799e59e434525a091222a7e1557dc57a65350983d196651dfe890,a6c4e37724ac763b1c6a4dc9d06f34c32319c46cf0a5d4538d4e8e3d7906b148
insertion,503,29,Gaussian CPU budget,97004,0,0,2.0,545b60fcb23799e59e434525a091222a7e1557dc57a65350983d196651dfe890,2a3d399cd35ebe061dbb73e74757c5e1885ae990526d4659a5e4325f97d746d4
insertion,503,29,Gaussian CPU budget,97005,0,0,2.0,545b60fcb23799e59e434525a091222a7e1557dc57a65350983d196651dfe890,7f1ec7b3987d1069e95aa78882a1ee2158d75b4abe8370d792a0e274a164822c
insertion,503,29,Gaussian CPU budget,97006,1,1,4.0,545b60fcb23799e59e434525a091222a7e1557dc57a65350983d196651dfe890,78fa8e7d8be6a8e8925fd1c1fc18eed271e8059710f56fe9f4cc2bc887792267
insertion,503,29,Gaussian CPU budget,97007,1,1,4.0,545b60fcb23799e59e434525a091222a7e1557dc57a65350983d196651dfe890,75bfa9c0c46066b01ce11be2c632079baaf4c4375cc9876e27762c5ddfd1f773
insertion,503,29,Gaussian CPU budget,97008,1,1,4.0,545b60fcb23799e59e434525a091222a7e1557dc57a65350983d196651dfe890,4e8cbd03f72ebca70f85dcd693ab281bbb5c34505200ca13454bf91f47472da9
insertion,503,29,Gaussian CPU budget,97009,1,1,4.0,545b60fcb23799e59e434525a091222a7e1557dc57a65350983d196651dfe890,9ad020e00f5d20a2d200ef9826f46cd702d82343ecb9cd1d2db65edaf6d08f22
insertion,503,29,Gaussian CPU budget,97010,0,0,3.0,545b60fcb23799e59e434525a091222a7e1557dc57a65350983d196651dfe890,69cd015de0a21dbd427acf1faa2c0a28199cf80582cd5dab4fcbb3fc451a38a5
insertion,503,29,Gaussian CPU budget,97011,0,0,3.0,545b60fcb23799e59e434525a091222a7e1557dc57a65350983d196651dfe890,51d243fea08d453a89556bad8aee034bd951f8d800dddfd1df04a76c8918e814
insertion,503,29,Gaussian CPU budget,97012,1,1,4.0,545b60fcb23799e59e434525a091222a7e1557dc57a65350983d196651dfe890,0ce08ce89b345fb39f9c856c80286ae203efd93dadeca69ea310551f35979e5a
insertion,503,29,Gaussian CPU budget,97013,0,0,2.0,545b60fcb23799e59e434525a091222a7e1557dc57a65350983d196651dfe890,8f0833cf385ff4f61dfc65c3ca62da3d9f51af87079c0cc45ac13209991d3fcb
insertion,503,29,Gaussian CPU budget,97014,0,0,3.0,545b60fcb23799e59e434525a091222a7e1557dc57a65350983d196651dfe890,77862d17c51f314806dfe167fec898fba37eb41efa78cc44995f4f45533555ad
insertion,503,29,Gaussian CPU budget,97015,1,1,4.0,545b60fcb23799e59e434525a091222a7e1557dc57a65350983d196651dfe890,4ca231993f5986db4bdaa390b15e0f92a21b8c9b1115897ecbbf6cab125cd4db
insertion,503,29,Gaussian CPU budget,97016,1,1,4.0,545b60fcb23799e59e434525a091222a7e1557dc57a65350983d196651dfe890,77309279ecfef6dd9ff886e02fb8d43fb998bbf2620a4a7aa480e5a8a95b1094
insertion,503,29,Gaussian CPU budget,97017,1,1,4.0,545b60fcb23799e59e434525a091222a7e1557dc57a65350983d196651dfe890,da9989407b2c7a70e5d5a3d4352faedfaa4585cc77d734f47ca25d77da23e798
insertion,503,29,Gaussian CPU budget,97018,1,1,4.0,545b60fcb23799e59e434525a091222a7e1557dc57a65350983d196651dfe890,3e3387a7e9ca160efed5919926785321da2a169d6f4eeba412eb7d51124a346c
insertion,503,29,Gaussian CPU budget,97019,1,1,4.0,545b60fcb23799e59e434525a091222a7e1557dc57a65350983d196651dfe890,ff583709c336e13faab544697903dcf468a91b25267a4635b5f8be34b442865b
insertion,503,43,Clean repeat,97000,0,0,2.0,0def848b509efdedd9a5ed93b36386a062aabf726d074d392f3f32691a0e0b66,7c9248dd66cec6931fdf2551c2602f5510dadae2e220ead7c5243700791e2588
insertion,503,43,Clean repeat,97001,1,1,4.0,0def848b509efdedd9a5ed93b36386a062aabf726d074d392f3f32691a0e0b66,67c6f05f7e5f2f6af834e1f61266ad3f8e16d92c57d6b7001297261253a7b986
insertion,503,43,Clean repeat,97002,0,0,3.0,0def848b509efdedd9a5ed93b36386a062aabf726d074d392f3f32691a0e0b66,01b00e0af05839a4f4a4c0885f6cf2003ca6fa215ac2b09f96302c85246cbb5d
insertion,503,43,Clean repeat,97003,1,1,4.0,0def848b509efdedd9a5ed93b36386a062aabf726d074d392f3f32691a0e0b66,bdf53ed59ee429b5a51c338f8e815b1e05a7985034e752393140e08e7b2baa15
insertion,503,43,Clean repeat,97004,0,0,3.0,0def848b509efdedd9a5ed93b36386a062aabf726d074d392f3f32691a0e0b66,11426264af7ee5dc9a69718b4349ffe0b331f0d3f4e227769d2b9b7f46428cf8
insertion,503,43,Clean repeat,97005,1,1,4.0,0def848b509efdedd9a5ed93b36386a062aabf726d074d392f3f32691a0e0b66,b292a7992b9ddbb825a1c855af6cebad481ade667dee05db16261edbb6ccfd9a
insertion,503,43,Clean repeat,97006,0,0,2.0,0def848b509efdedd9a5ed93b36386a062aabf726d074d392f3f32691a0e0b66,f4e74681f2547f3c28a043a2c3b9419bfd126a92d2c23cd6bb67273d64c0dbf9
insertion,503,43,Clean repeat,97007,0,0,2.0,0def848b509efdedd9a5ed93b36386a062aabf726d074d392f3f32691a0e0b66,66e39eb34444c386ac16fa30030b3e4108fa2d7a358f4bdd21e3b2900392df84
insertion,503,43,Clean repeat,97008,1,1,4.0,0def848b509efdedd9a5ed93b36386a062aabf726d074d392f3f32691a0e0b66,3effc282040fec70167e32e6ad47a24243d8d92faeee398275f46bd729de5ed8
insertion,503,43,Clean repeat,97009,1,1,4.0,0def848b509efdedd9a5ed93b36386a062aabf726d074d392f3f32691a0e0b66,0e6006271227f9912e17f33d430f402781391cf05e98f1a9cd0fdb7ca1cd1844
insertion,503,43,Clean repeat,97010,0,0,1.0,0def848b509efdedd9a5ed93b36386a062aabf726d074d392f3f32691a0e0b66,6fa79bab2dc493eb30168e63970a06a5d6795f01f96f5a31176e11aa642a929c
insertion,503,43,Clean repeat,97011,1,1,4.0,0def848b509efdedd9a5ed93b36386a062aabf726d074d392f3f32691a0e0b66,7bcee857546e45eb672b9444512a1e9c72a9f553d7fb38effe1598e0f107b8c4
insertion,503,43,Clean repeat,97012,0,0,2.0,0def848b509efdedd9a5ed93b36386a062aabf726d074d392f3f32691a0e0b66,5f905493bf3fc7d2cb6f2c57b43d5d469ffc30a69152eca65cbed3c187fb16ef
insertion,503,43,Clean repeat,97013,0,0,3.0,0def848b509efdedd9a5ed93b36386a062aabf726d074d392f3f32691a0e0b66,96eb7e215a9513f657e723828f37a2b49f099d48f0912e29374b8ce8a727e1ca
insertion,503,43,Clean repeat,97014,0,0,2.0,0def848b509efdedd9a5ed93b36386a062aabf726d074d392f3f32691a0e0b66,4c1edb3231b58a9d66ca02fcb0672ae4b18ae35826aba465ba84aa2dc869371d
insertion,503,43,Clean repeat,97015,0,0,3.0,0def848b509efdedd9a5ed93b36386a062aabf726d074d392f3f32691a0e0b66,eec87e52c76fa0ff1a95592521206447467be7109f1a14c82eefa1d493e54d4d
insertion,503,43,Clean repeat,97016,1,0,4.0,0def848b509efdedd9a5ed93b36386a062aabf726d074d392f3f32691a0e0b66,51b7b662d7d79f371c3edea1068dfcbdd0cb962bcaa9a7c35982c48038fc9acd
insertion,503,43,Clean repeat,97017,1,0,4.0,0def848b509efdedd9a5ed93b36386a062aabf726d074d392f3f32691a0e0b66,48134bb8658ebc154b8e324e4c5f43745ed6da3bd6636dfaa91bfb9c018cac68
insertion,503,43,Clean repeat,97018,0,0,2.0,0def848b509efdedd9a5ed93b36386a062aabf726d074d392f3f32691a0e0b66,60f7978bdabe6553d58b00f8264ac2a0d6b3896b946353155e75c24d0522caa9
insertion,503,43,Clean repeat,97019,1,1,4.0,0def848b509efdedd9a5ed93b36386a062aabf726d074d392f3f32691a0e0b66,e72a95019cc02bea9b0a9624aaf8da1ae631fffa4d605e300743b806196374a8
insertion,503,43,SCANA-R,97000,1,1,4.0,742f74e476bac825b2932eec75abfbc12fd02bd8796b87e8f8d979cbd6a446c4,196d005c0fd4d433c22e8e718f2aff626ac62d17d8253ad2d00e915098658314
insertion,503,43,SCANA-R,97001,0,0,2.0,742f74e476bac825b2932eec75abfbc12fd02bd8796b87e8f8d979cbd6a446c4,6154cb13f12f5c6f47d4f272c024d2f4592ad3cc44d65a15010341fd539e6e02
insertion,503,43,SCANA-R,97002,1,1,4.0,742f74e476bac825b2932eec75abfbc12fd02bd8796b87e8f8d979cbd6a446c4,98f63bab8d8eaae19a147913012dc4b5b9ca8c76ff88106c6215f8df2256481b
insertion,503,43,SCANA-R,97003,1,1,4.0,742f74e476bac825b2932eec75abfbc12fd02bd8796b87e8f8d979cbd6a446c4,49d4bd240633cedb4cfef589f3ad09504cea39e9276a54bf64a32f86630b771b
insertion,503,43,SCANA-R,97004,1,1,4.0,742f74e476bac825b2932eec75abfbc12fd02bd8796b87e8f8d979cbd6a446c4,d199d2ea03fa1a72b80b673f8f186cd35b1384d1fc67fa764d3cfa90141fc844
insertion,503,43,SCANA-R,97005,0,0,3.0,742f74e476bac825b2932eec75abfbc12fd02bd8796b87e8f8d979cbd6a446c4,07b98bbcc8849ed7aa1a5a9c69b4e557ef0e98f337119479980fa9f27e133ed3
insertion,503,43,SCANA-R,97006,0,0,3.0,742f74e476bac825b2932eec75abfbc12fd02bd8796b87e8f8d979cbd6a446c4,adec32b25c48afcebc8accd13e216ecbc60fa4987083575f6ed8d4f2ebe536b0
insertion,503,43,SCANA-R,97007,0,0,3.0,742f74e476bac825b2932eec75abfbc12fd02bd8796b87e8f8d979cbd6a446c4,8a7db3c587d87a9dc1a73dcbd5166f0829a24594ad21790b7ab3b851ea722451
insertion,503,43,SCANA-R,97008,1,1,4.0,742f74e476bac825b2932eec75abfbc12fd02bd8796b87e8f8d979cbd6a446c4,31b6aa40103b80f3cb1f81fa8a84f93932c47e6cd4a9305cda24ae3a9ae9f0c6
insertion,503,43,SCANA-R,97009,1,0,4.0,742f74e476bac825b2932eec75abfbc12fd02bd8796b87e8f8d979cbd6a446c4,60b011a075c1522d85325d03a56ae22289d9693293859d4134dbcb4fcaa9c2cc
insertion,503,43,SCANA-R,97010,0,0,2.0,742f74e476bac825b2932eec75abfbc12fd02bd8796b87e8f8d979cbd6a446c4,a9ba07d22fafd07ea3f5909a6de563f08c5cda9ae3c292260ed7bd0f0807f8a2
insertion,503,43,SCANA-R,97011,1,1,4.0,742f74e476bac825b2932eec75abfbc12fd02bd8796b87e8f8d979cbd6a446c4,5b653fd737b4ecc0d90dca76254cd2f8b143e8c274ce21a0af9d33e0348e21d6
insertion,503,43,SCANA-R,97012,0,0,2.0,742f74e476bac825b2932eec75abfbc12fd02bd8796b87e8f8d979cbd6a446c4,6944b44fccc9d2e5d54c45b5d7b64b0498af57ea9410a7dc072b4f7c1630078c
insertion,503,43,SCANA-R,97013,0,0,2.0,742f74e476bac825b2932eec75abfbc12fd02bd8796b87e8f8d979cbd6a446c4,3e17fca8c4d714dd6843ae26dfdbdec2decc3148cc78abad9c6265a4a243e8f3
insertion,503,43,SCANA-R,97014,0,0,3.0,742f74e476bac825b2932eec75abfbc12fd02bd8796b87e8f8d979cbd6a446c4,951479e3553c7881d3bf3a8d1ffe3b2f0ce2bf4e16158fb8db8e2ef8b0b052a1
insertion,503,43,SCANA-R,97015,1,1,4.0,742f74e476bac825b2932eec75abfbc12fd02bd8796b87e8f8d979cbd6a446c4,8863a532dbaeb3de3957e023a708d069f7c073bb720d3710b31a7af2c4fb37e2
insertion,503,43,SCANA-R,97016,0,0,3.0,742f74e476bac825b2932eec75abfbc12fd02bd8796b87e8f8d979cbd6a446c4,3c85f452e9aa91bc08d6ef8698a40fad89da16500a0cc9c87421715c3162415b
insertion,503,43,SCANA-R,97017,1,1,4.0,742f74e476bac825b2932eec75abfbc12fd02bd8796b87e8f8d979cbd6a446c4,02e5be538d2719978ffad02688969aeb93dd5ca999435f1933371f09ed44eb56
insertion,503,43,SCANA-R,97018,0,0,3.0,742f74e476bac825b2932eec75abfbc12fd02bd8796b87e8f8d979cbd6a446c4,5b395edc7da9bbea10aa8d6c89243fe2121660f4f5ef174d272c9c81d0d9fd57
insertion,503,43,SCANA-R,97019,1,1,4.0,742f74e476bac825b2932eec75abfbc12fd02bd8796b87e8f8d979cbd6a446c4,261628d5256126f5b9502629042d3a0f998ce557e82e3a8a66968f3680c78fd2
insertion,503,43,Gaussian recovery,97000,1,1,4.0,e4f51e5728d561f17a092ef5bd6890a81ae3f2ccdc5ddbd7f64e3396746edf6c,fb773596517449db8b82b64651b5b2445b02739024ca56832f6f130da8d7cd7f
insertion,503,43,Gaussian recovery,97001,0,0,2.0,e4f51e5728d561f17a092ef5bd6890a81ae3f2ccdc5ddbd7f64e3396746edf6c,29c32548b15638362b4a8da5f04bc8bde14f77f79e813b862924c418c7594774
insertion,503,43,Gaussian recovery,97002,0,0,3.0,e4f51e5728d561f17a092ef5bd6890a81ae3f2ccdc5ddbd7f64e3396746edf6c,3da6070ff2ce681e21881dc31099e8af8714e2c19728bc6047efb282a41dd73e
insertion,503,43,Gaussian recovery,97003,0,0,3.0,e4f51e5728d561f17a092ef5bd6890a81ae3f2ccdc5ddbd7f64e3396746edf6c,9c58a9c4d8787126df142a45b44a2e58431bc83a9f2cb5adaa701cc158f4b142
insertion,503,43,Gaussian recovery,97004,0,0,3.0,e4f51e5728d561f17a092ef5bd6890a81ae3f2ccdc5ddbd7f64e3396746edf6c,3194f9961b72e16b73d6b402c7e5104f341818c12a0ed1808d190de2b54a83de
insertion,503,43,Gaussian recovery,97005,0,0,3.0,e4f51e5728d561f17a092ef5bd6890a81ae3f2ccdc5ddbd7f64e3396746edf6c,52f915362b0bca37f693d39568e1f1175f770d86b9a3758e8c65b44b7c15f867
insertion,503,43,Gaussian recovery,97006,1,0,4.0,e4f51e5728d561f17a092ef5bd6890a81ae3f2ccdc5ddbd7f64e3396746edf6c,c8af7c123aaf67743d421ef628f1ed53e87f253452cab37b2f36da6f068e0c59
insertion,503,43,Gaussian recovery,97007,1,1,4.0,e4f51e5728d561f17a092ef5bd6890a81ae3f2ccdc5ddbd7f64e3396746edf6c,a6f06b75cd6dcce8fa4cb66475a813f81f4029ac752f0ebedb4b44173977bcb2
insertion,503,43,Gaussian recovery,97008,0,0,2.0,e4f51e5728d561f17a092ef5bd6890a81ae3f2ccdc5ddbd7f64e3396746edf6c,9a6f0cffeeca8a064f063d7790cde4b7292a1c435833d2e210167ad04d6e8acf
insertion,503,43,Gaussian recovery,97009,1,1,4.0,e4f51e5728d561f17a092ef5bd6890a81ae3f2ccdc5ddbd7f64e3396746edf6c,e0de7618222c7721db62ebfd783a12d517950e320088f528b23fcbac38660f3f
insertion,503,43,Gaussian recovery,97010,0,0,2.0,e4f51e5728d561f17a092ef5bd6890a81ae3f2ccdc5ddbd7f64e3396746edf6c,4bbb88e5494b6c489516ce22a571becef592d3d239169982128aacf4503f1528
insertion,503,43,Gaussian recovery,97011,0,0,3.0,e4f51e5728d561f17a092ef5bd6890a81ae3f2ccdc5ddbd7f64e3396746edf6c,9d2270722a592bf1c7a14efb4e6ccb0fb3b3b281bc095913a99a3da55b89c373
insertion,503,43,Gaussian recovery,97012,0,0,3.0,e4f51e5728d561f17a092ef5bd6890a81ae3f2ccdc5ddbd7f64e3396746edf6c,39725a6c3343ca64a022247af71da708803e76a57a8bb39b15ac80ff6d563f95
insertion,503,43,Gaussian recovery,97013,0,0,2.0,e4f51e5728d561f17a092ef5bd6890a81ae3f2ccdc5ddbd7f64e3396746edf6c,2a4b17936929a9d55c971a2df0e2c0e155ade24cfca4387e8b056f38133b7ec6
insertion,503,43,Gaussian recovery,97014,0,0,3.0,e4f51e5728d561f17a092ef5bd6890a81ae3f2ccdc5ddbd7f64e3396746edf6c,4d548c5014710177cf85a960f040697f0abf59b874f07196c205f92cb32cc899
insertion,503,43,Gaussian recovery,97015,1,1,4.0,e4f51e5728d561f17a092ef5bd6890a81ae3f2ccdc5ddbd7f64e3396746edf6c,b9ad4fc9e714e65d5ab8f3c816467bed68a51410e5bda11f15a0acf7e26c1960
insertion,503,43,Gaussian recovery,97016,0,0,3.0,e4f51e5728d561f17a092ef5bd6890a81ae3f2ccdc5ddbd7f64e3396746edf6c,8071ef518a048b5543095e4cadf32b65f8d92135f09504c265f251a9c3b3743c
insertion,503,43,Gaussian recovery,97017,1,1,4.0,e4f51e5728d561f17a092ef5bd6890a81ae3f2ccdc5ddbd7f64e3396746edf6c,eb89e0ed3770476aadb153353a502d1f59df33dc53a00ecfd2abea961eec04ec
insertion,503,43,Gaussian recovery,97018,0,0,3.0,e4f51e5728d561f17a092ef5bd6890a81ae3f2ccdc5ddbd7f64e3396746edf6c,9769201efcbac84c390708263236ada4b5a15922bd4741a8771dfd05ab36601d
insertion,503,43,Gaussian recovery,97019,0,0,2.0,e4f51e5728d561f17a092ef5bd6890a81ae3f2ccdc5ddbd7f64e3396746edf6c,4208377812281e452af53a3c9c823cedfb24166df51eac0dda410e9136c50d3f
insertion,503,43,No cross-fitting,97000,0,0,3.0,c675a95d26811f288a8026b15c3ff42e3d5e60a8d465da01453e176a12bf3cb6,688f27d361ca55677b3aec84db30e15e4f3ece0ed545dda551ddd43c5617539b
insertion,503,43,No cross-fitting,97001,0,0,1.0,c675a95d26811f288a8026b15c3ff42e3d5e60a8d465da01453e176a12bf3cb6,c95d8c6e517fd859ca701fc15d770e69b39177e9c6d9f6ebecddab5fcf93d9cd
insertion,503,43,No cross-fitting,97002,1,1,4.0,c675a95d26811f288a8026b15c3ff42e3d5e60a8d465da01453e176a12bf3cb6,8d3c38c5740bc97968f2f038b24e1c2c288e74cc386b5658e7df093e1429c033
insertion,503,43,No cross-fitting,97003,1,1,4.0,c675a95d26811f288a8026b15c3ff42e3d5e60a8d465da01453e176a12bf3cb6,f6009c790de7923b86454150155e319061cda87bc4a641f83aba259d1cfb3201
insertion,503,43,No cross-fitting,97004,1,1,4.0,c675a95d26811f288a8026b15c3ff42e3d5e60a8d465da01453e176a12bf3cb6,e8505953ad53a02c099a6de36f9868b6734c30d3a7ede026ce03e1bae95adb45
insertion,503,43,No cross-fitting,97005,1,1,4.0,c675a95d26811f288a8026b15c3ff42e3d5e60a8d465da01453e176a12bf3cb6,d45b29f405bebb9513659c1b9b04852422ed913182be3f143972d1e6b9eceb3c
insertion,503,43,No cross-fitting,97006,0,0,3.0,c675a95d26811f288a8026b15c3ff42e3d5e60a8d465da01453e176a12bf3cb6,b3d854e4ef9eb21f3ff8cd8aa9a75006890724557de9d054bacd7ba5923623ce
insertion,503,43,No cross-fitting,97007,1,1,4.0,c675a95d26811f288a8026b15c3ff42e3d5e60a8d465da01453e176a12bf3cb6,4402102484639a5f1a9ae66357a82a4c6a00dd8c8f7d11b963179efd81998ce0
insertion,503,43,No cross-fitting,97008,1,1,4.0,c675a95d26811f288a8026b15c3ff42e3d5e60a8d465da01453e176a12bf3cb6,f4160a1acc81f8e34bcca6cf68299743dd8996e257bc65bec862817c31206b9b
insertion,503,43,No cross-fitting,97009,0,0,3.0,c675a95d26811f288a8026b15c3ff42e3d5e60a8d465da01453e176a12bf3cb6,00c294830d9e2bfcf45816cd05ed3a51b830ab1c08852ac5515d5e1ccca11e17
insertion,503,43,No cross-fitting,97010,0,0,2.0,c675a95d26811f288a8026b15c3ff42e3d5e60a8d465da01453e176a12bf3cb6,850dc9d2d489a9ca97285a4646888317bb728ec3bd530f3df160ba7dffe2d7b3
insertion,503,43,No cross-fitting,97011,1,1,4.0,c675a95d26811f288a8026b15c3ff42e3d5e60a8d465da01453e176a12bf3cb6,09602a9a21019c3366ae5ed69cc9c006954b4d969c132be7eed43dd22e1a7b4a
insertion,503,43,No cross-fitting,97012,0,0,2.0,c675a95d26811f288a8026b15c3ff42e3d5e60a8d465da01453e176a12bf3cb6,2d0c3691ae13fa5c261bd7a42a7d9b5031f3018d2b4a1baaac703b531868ee4d
insertion,503,43,No cross-fitting,97013,0,0,1.0,c675a95d26811f288a8026b15c3ff42e3d5e60a8d465da01453e176a12bf3cb6,7706d99aa6bcb0ade53fd3bd7775928b6e8a1a9aa24019d62dfa863e09067ff9
insertion,503,43,No cross-fitting,97014,0,0,3.0,c675a95d26811f288a8026b15c3ff42e3d5e60a8d465da01453e176a12bf3cb6,80e3e102c18ea94da434b83167124934ece46c9ee679c59f071319c609f1cdf3
insertion,503,43,No cross-fitting,97015,0,0,3.0,c675a95d26811f288a8026b15c3ff42e3d5e60a8d465da01453e176a12bf3cb6,5f74e6b39493df8db7418bd766ee56037a23990f5473d38544949afe7eb1b0af
insertion,503,43,No cross-fitting,97016,1,1,4.0,c675a95d26811f288a8026b15c3ff42e3d5e60a8d465da01453e176a12bf3cb6,73231512cdac6f2a57f5bcaac7e8c5a3aec4e9d6436d85e6bb8aa6731d696afc
insertion,503,43,No cross-fitting,97017,0,0,3.0,c675a95d26811f288a8026b15c3ff42e3d5e60a8d465da01453e176a12bf3cb6,3de963a98e41cb13806d65d8f139ad9f018822060dec7694d903cea2b914d060
insertion,503,43,No cross-fitting,97018,0,0,3.0,c675a95d26811f288a8026b15c3ff42e3d5e60a8d465da01453e176a12bf3cb6,ab41ce7ee955deab1bcbcf4a3cf19192b6f22d6034008be86246dcf006fd6ac7
insertion,503,43,No cross-fitting,97019,0,0,2.0,c675a95d26811f288a8026b15c3ff42e3d5e60a8d465da01453e176a12bf3cb6,20b1f197bad4d4c1c137ee6d33ff6b7f216e961a3fc35eb358545203e7a97594
insertion,503,43,Global-time errors,97000,1,1,4.0,d114a8cc185d5ceae1903b564cf9c3d4d951462a570050497de595a40d2ac3d8,236a228196d477444c56d1b10b561324ac13c773afd024a69a4a52099832ea4f
insertion,503,43,Global-time errors,97001,0,0,1.0,d114a8cc185d5ceae1903b564cf9c3d4d951462a570050497de595a40d2ac3d8,c4590d2bc8ca7a86e02ef73a7c10e1ec938eaa4b4bbf965e13c52b6737397102
insertion,503,43,Global-time errors,97002,1,1,4.0,d114a8cc185d5ceae1903b564cf9c3d4d951462a570050497de595a40d2ac3d8,17219d48e2ff89feb8e89dfd47aa52b6cf20f85a9a55946a206990870882cfb1
insertion,503,43,Global-time errors,97003,0,0,3.0,d114a8cc185d5ceae1903b564cf9c3d4d951462a570050497de595a40d2ac3d8,2152438cc4059bba2fdd82693a4ef2930c627c827e4b776ad5f08fb5d91cca8b
insertion,503,43,Global-time errors,97004,1,1,4.0,d114a8cc185d5ceae1903b564cf9c3d4d951462a570050497de595a40d2ac3d8,a4867cd46d7d02373f46fa192e23888cb3c2351a61b72b63e0fe142a82a17416
insertion,503,43,Global-time errors,97005,1,1,4.0,d114a8cc185d5ceae1903b564cf9c3d4d951462a570050497de595a40d2ac3d8,3400a0e73b68f2c7ef3088fbfd1d479e51b4ea6930c87e8974cdc4e16fba4381
insertion,503,43,Global-time errors,97006,0,0,3.0,d114a8cc185d5ceae1903b564cf9c3d4d951462a570050497de595a40d2ac3d8,859b76b962aa432dda3060a982a4b22a034799cd9be5c87941a4e632b4dd2e84
insertion,503,43,Global-time errors,97007,0,0,3.0,d114a8cc185d5ceae1903b564cf9c3d4d951462a570050497de595a40d2ac3d8,2005578c6382ca92bddc61906d5b401358f003a7e4f4cb9e5c3cf5aa89b4edec
insertion,503,43,Global-time errors,97008,1,1,4.0,d114a8cc185d5ceae1903b564cf9c3d4d951462a570050497de595a40d2ac3d8,dfb4dda5025b37553f8228b7727092d3271621facbee0498b2b307046a2c4d38
insertion,503,43,Global-time errors,97009,1,1,4.0,d114a8cc185d5ceae1903b564cf9c3d4d951462a570050497de595a40d2ac3d8,423429fc68c3f88a5ce96e27d47f9b4c9c5bb19f3a38982a4d4dc3e27ce4f4ed
insertion,503,43,Global-time errors,97010,0,0,2.0,d114a8cc185d5ceae1903b564cf9c3d4d951462a570050497de595a40d2ac3d8,edd224701e783f0344a021f2cad709de5478486bc03a7ea9e2a6f34321a1482f
insertion,503,43,Global-time errors,97011,0,0,3.0,d114a8cc185d5ceae1903b564cf9c3d4d951462a570050497de595a40d2ac3d8,6a189355029d7be378f6cb693adc7037e9c6ef284b886c9fa5ea8fcb4aa3d33d
insertion,503,43,Global-time errors,97012,0,0,3.0,d114a8cc185d5ceae1903b564cf9c3d4d951462a570050497de595a40d2ac3d8,f333b323360119572eddb34805399566f3632b7742461946130d1fafac301fe5
insertion,503,43,Global-time errors,97013,0,0,3.0,d114a8cc185d5ceae1903b564cf9c3d4d951462a570050497de595a40d2ac3d8,d66c460539490451fc7dd8533481a4119075c5adad3188677a1b4f10107294ee
insertion,503,43,Global-time errors,97014,1,1,4.0,d114a8cc185d5ceae1903b564cf9c3d4d951462a570050497de595a40d2ac3d8,b9be58c455528aceff19db7df1ff44e300bc84bf7082a07ede37c564f3c0ee05
insertion,503,43,Global-time errors,97015,0,0,3.0,d114a8cc185d5ceae1903b564cf9c3d4d951462a570050497de595a40d2ac3d8,f8aecb1436b37d10149352bfed9ef217a8360cbbe4cbf835622c2a5aeff87b9a
insertion,503,43,Global-time errors,97016,1,1,4.0,d114a8cc185d5ceae1903b564cf9c3d4d951462a570050497de595a40d2ac3d8,a0d56722717d15962a8205d43f7c8642325587a56198ac0d536021fb31da1c1f
insertion,503,43,Global-time errors,97017,1,1,4.0,d114a8cc185d5ceae1903b564cf9c3d4d951462a570050497de595a40d2ac3d8,f344581e644bc266d6e09854ed8181558af050f49c8c6fdf4dcc4d21bb749ca5
insertion,503,43,Global-time errors,97018,0,0,3.0,d114a8cc185d5ceae1903b564cf9c3d4d951462a570050497de595a40d2ac3d8,0383cc14bf4f33ba1a5672289e2c9583e310c996e794f9491564045854240f61
insertion,503,43,Global-time errors,97019,0,0,2.0,d114a8cc185d5ceae1903b564cf9c3d4d951462a570050497de595a40d2ac3d8,7369975592b173e8ba3e6ef1a8f1d5f6343a90fcb07dbd73f2baa0b710a3388c
insertion,503,43,No intermediate backtracking,97000,1,1,4.0,ac1bce01dd0b12998562e3fbd3535026664e3b5bac456fe47f72431e5268bcf3,8e3e8cb5460aa8c6aecbcfde48eb1d08ff71b356a228ac7248917ac4d7cbec00
insertion,503,43,No intermediate backtracking,97001,0,0,1.0,ac1bce01dd0b12998562e3fbd3535026664e3b5bac456fe47f72431e5268bcf3,faf43b893c9cf7e17d23ae50f881c83cc9caa5722fa9da95cc00fda16b44ffc1
insertion,503,43,No intermediate backtracking,97002,0,0,3.0,ac1bce01dd0b12998562e3fbd3535026664e3b5bac456fe47f72431e5268bcf3,9a9f3fd32d855d8e7a58a8e99e6ca2695f79e9216593b598f9cc7f2b25eeaf7d
insertion,503,43,No intermediate backtracking,97003,0,0,3.0,ac1bce01dd0b12998562e3fbd3535026664e3b5bac456fe47f72431e5268bcf3,ee15a240192749676a9aecf1c9d75fa8c7d5ff97cf76d0b1bdadf907b0f7d7d9
insertion,503,43,No intermediate backtracking,97004,0,0,3.0,ac1bce01dd0b12998562e3fbd3535026664e3b5bac456fe47f72431e5268bcf3,a2f9d97cde71bf6ae290d18c6f21d52fdc5a7994c6f0ba339e6ee3cd09be7d0a
insertion,503,43,No intermediate backtracking,97005,0,0,3.0,ac1bce01dd0b12998562e3fbd3535026664e3b5bac456fe47f72431e5268bcf3,c5493cd9f2b6e93dc89e3b67dda0d837ff210c4511c0ca0fdb3ae2eda22323cc
insertion,503,43,No intermediate backtracking,97006,0,0,3.0,ac1bce01dd0b12998562e3fbd3535026664e3b5bac456fe47f72431e5268bcf3,f339d8b6ec740e50d651550acefffb9fdb6a2e7a5087f864db1dbf9989cd408b
insertion,503,43,No intermediate backtracking,97007,1,1,4.0,ac1bce01dd0b12998562e3fbd3535026664e3b5bac456fe47f72431e5268bcf3,53151891e2cc7a86e4b9fef773ce3a06b04fe80f3090c0510c8b2613404357de
insertion,503,43,No intermediate backtracking,97008,0,0,3.0,ac1bce01dd0b12998562e3fbd3535026664e3b5bac456fe47f72431e5268bcf3,21c58e8b63aec8c6e83985afc70aa60ef59c66bb4a280b3a077eef2fea43066a
insertion,503,43,No intermediate backtracking,97009,0,0,3.0,ac1bce01dd0b12998562e3fbd3535026664e3b5bac456fe47f72431e5268bcf3,afa4eb23a37d066751b5beb436dc7c35bcf56b1dd5abdb9c1ecfdaa196b8a44b
insertion,503,43,No intermediate backtracking,97010,0,0,3.0,ac1bce01dd0b12998562e3fbd3535026664e3b5bac456fe47f72431e5268bcf3,f8c4e19e160b16f17684d5c00d0ae6f1d9f601f7d4f9d97bc6b2b5c733142f69
insertion,503,43,No intermediate backtracking,97011,0,0,3.0,ac1bce01dd0b12998562e3fbd3535026664e3b5bac456fe47f72431e5268bcf3,0f8ea1bb9d3e815b884b5dd6f8fb258f4aab635814ceb047ee56c620d4930887
insertion,503,43,No intermediate backtracking,97012,0,0,2.0,ac1bce01dd0b12998562e3fbd3535026664e3b5bac456fe47f72431e5268bcf3,afcfebcb976e816b467f4c5b9e2399b8c279d8ef844343be7c6377e6b9f39fb2
insertion,503,43,No intermediate backtracking,97013,0,0,2.0,ac1bce01dd0b12998562e3fbd3535026664e3b5bac456fe47f72431e5268bcf3,92a77252e91adaa0e5c2703128b2c34b9bd5b4dd54e5108dbb539a2d52ee2ef8
insertion,503,43,No intermediate backtracking,97014,0,0,3.0,ac1bce01dd0b12998562e3fbd3535026664e3b5bac456fe47f72431e5268bcf3,8e54748e83b3c7c4dec6a3d51975cf88b7601993a3e2e0650fb28fecdadadd5b
insertion,503,43,No intermediate backtracking,97015,1,1,4.0,ac1bce01dd0b12998562e3fbd3535026664e3b5bac456fe47f72431e5268bcf3,d4e770c78adab30e18e5d2a5431dc9a274f5d7025344d30c4f782911a5ebb6d3
insertion,503,43,No intermediate backtracking,97016,0,0,3.0,ac1bce01dd0b12998562e3fbd3535026664e3b5bac456fe47f72431e5268bcf3,864ec132ab90c142b581fa758c1d986e226b6887834a8ad632920a09db50f0e5
insertion,503,43,No intermediate backtracking,97017,0,0,1.0,ac1bce01dd0b12998562e3fbd3535026664e3b5bac456fe47f72431e5268bcf3,98ce3082227aa2b4baab2e36bffcf53c4d66cfe0c673f589c187967665e0244b
insertion,503,43,No intermediate backtracking,97018,0,0,2.0,ac1bce01dd0b12998562e3fbd3535026664e3b5bac456fe47f72431e5268bcf3,02b0d226962048dde43044b13a1102e7453942474f6a29e399f9121c0b1a68d6
insertion,503,43,No intermediate backtracking,97019,0,0,3.0,ac1bce01dd0b12998562e3fbd3535026664e3b5bac456fe47f72431e5268bcf3,f8c876c57871c1d08d9adb883973b8f4a503adbdfccac836a67f996acbffde92
insertion,503,43,Gaussian CPU budget,97000,1,1,4.0,2c204b049fa3ae38a970f86736347cd0a7c301690aff74caa48eef015c7e6c27,147629e1d64b2c970880c49d14a1f2dd584a46d661ca2d9eb8e897ab494c0466
insertion,503,43,Gaussian CPU budget,97001,0,0,3.0,2c204b049fa3ae38a970f86736347cd0a7c301690aff74caa48eef015c7e6c27,cf04de06380bdbe04e498f2cc4ca414c4fe6e293ae010420da9aa801d94a8d65
insertion,503,43,Gaussian CPU budget,97002,0,0,3.0,2c204b049fa3ae38a970f86736347cd0a7c301690aff74caa48eef015c7e6c27,f36d53342b487232abeee46194db6d23e26341c8b2ac775be35ffd79fdc6ff4d
insertion,503,43,Gaussian CPU budget,97003,0,0,3.0,2c204b049fa3ae38a970f86736347cd0a7c301690aff74caa48eef015c7e6c27,dccfb7a8dad256228f0538b1671355998a849193b675d65ef264b9a9c827adf3
insertion,503,43,Gaussian CPU budget,97004,1,1,4.0,2c204b049fa3ae38a970f86736347cd0a7c301690aff74caa48eef015c7e6c27,afbc8bd95ca9f676dd9b85cbfa7f937627369f5f4db389cb50aa47c887c5670d
insertion,503,43,Gaussian CPU budget,97005,1,1,4.0,2c204b049fa3ae38a970f86736347cd0a7c301690aff74caa48eef015c7e6c27,534ede34e35683d9f5ba4880a4f9d9748c6e3caaa1e81c7c520f249c1be74386
insertion,503,43,Gaussian CPU budget,97006,0,0,3.0,2c204b049fa3ae38a970f86736347cd0a7c301690aff74caa48eef015c7e6c27,f054910ebcac2c29ae7c9f08f99d03cc3de5a4ee5f96155627d3930b65506574
insertion,503,43,Gaussian CPU budget,97007,0,0,3.0,2c204b049fa3ae38a970f86736347cd0a7c301690aff74caa48eef015c7e6c27,700a605cdaed0beea5bcf4a070c29688adde7798e3935fb316982d1d2afcaf15
insertion,503,43,Gaussian CPU budget,97008,1,1,4.0,2c204b049fa3ae38a970f86736347cd0a7c301690aff74caa48eef015c7e6c27,946f3acc43d6a1b3ff1eb651ebd436492547704eef8ca075e4a2524010eb7ccd
insertion,503,43,Gaussian CPU budget,97009,1,1,4.0,2c204b049fa3ae38a970f86736347cd0a7c301690aff74caa48eef015c7e6c27,0466ad0d9fc21abc4ea8933c4e115ca64cbc42576b7aac1ececaef5f3fec3ea2
insertion,503,43,Gaussian CPU budget,97010,1,1,4.0,2c204b049fa3ae38a970f86736347cd0a7c301690aff74caa48eef015c7e6c27,70af38497184f433c84e0a1aaf67fe4863cf39115f1bd6547297bc4f5a702d94
insertion,503,43,Gaussian CPU budget,97011,0,0,3.0,2c204b049fa3ae38a970f86736347cd0a7c301690aff74caa48eef015c7e6c27,25c2b7f20dff50215c939690c57cf4b8b9b44f903b6f2beb1ad47bc8e039bdb4
insertion,503,43,Gaussian CPU budget,97012,1,1,4.0,2c204b049fa3ae38a970f86736347cd0a7c301690aff74caa48eef015c7e6c27,6483168f4401c6b3025a5ece2d638b6b4efc8bfb5dd034cbdc9520f690089cf4
insertion,503,43,Gaussian CPU budget,97013,0,0,3.0,2c204b049fa3ae38a970f86736347cd0a7c301690aff74caa48eef015c7e6c27,a7e93d1e9c9b57b4d8b205813f36693e35b9c402001d80c88e8e52edd98bdee3
insertion,503,43,Gaussian CPU budget,97014,0,0,3.0,2c204b049fa3ae38a970f86736347cd0a7c301690aff74caa48eef015c7e6c27,54b769a7f355e62efde2b06a132979b9d2d71ede13429a11f186ac7b5d697f7a
insertion,503,43,Gaussian CPU budget,97015,1,1,4.0,2c204b049fa3ae38a970f86736347cd0a7c301690aff74caa48eef015c7e6c27,e52f48a04e36db2ec33bcbac963b291bed8e243cbfa5fbec288bedad73be012c
insertion,503,43,Gaussian CPU budget,97016,1,1,4.0,2c204b049fa3ae38a970f86736347cd0a7c301690aff74caa48eef015c7e6c27,c2d0dcfba6d9ae3dcf24c67e6709cf4e9ede7261e2708b49eb8f9a0ff94c4a04
insertion,503,43,Gaussian CPU budget,97017,1,1,4.0,2c204b049fa3ae38a970f86736347cd0a7c301690aff74caa48eef015c7e6c27,e233acfe85b193245f88d54d8b9aef39eff4446619ded6ec07e57edcfe37b727
insertion,503,43,Gaussian CPU budget,97018,0,0,3.0,2c204b049fa3ae38a970f86736347cd0a7c301690aff74caa48eef015c7e6c27,a37da52cf98fb0946a792fc5d00f1cf803e195863965b8f458f9224e6d31875a
insertion,503,43,Gaussian CPU budget,97019,1,1,4.0,2c204b049fa3ae38a970f86736347cd0a7c301690aff74caa48eef015c7e6c27,45cf4057c5cd70a1f807f6b1e46ff5f35f45d6f52b1d0ba11253be8b37525435
