task,method,seed,layout,condition,success,terminal_success,action_step_rms,prediction_noise_rms,checkpoint_sha256,rollout_sha256,reach_reward_1,first_reward_1,reach_reward_2,first_reward_2,reach_reward_3,first_reward_3,reach_reward_4,first_reward_4
transfer_cube,Calibrated recovery,7,96000,nominal,1,1,0.014340159483253956,0.0,75e203ce75e689d3ebafd0b45d33570755c5ee40690f52fb2deecf847101aaaa,11602a600ac4848173732598d5a9c0c7708ae9aea467c78d9b2d53abfb91f2fc,1,163,1,163,1,291,1,291
transfer_cube,Calibrated recovery,7,96000,observation_noise,0,0,0.07377462089061737,0.07681871192529797,75e203ce75e689d3ebafd0b45d33570755c5ee40690f52fb2deecf847101aaaa,dc77daae9b10d31fed295ae45b6b1209b8a31875f05636bed00dd9993c6bfbb8,0,-1,0,-1,0,-1,0,-1
transfer_cube,Calibrated recovery,7,96000,noise_joints,0,0,0.07373388856649399,0.07651793111115694,75e203ce75e689d3ebafd0b45d33570755c5ee40690f52fb2deecf847101aaaa,38b897595d4c9654b7558f3fde4dd1fba1e405e7ebca051d533aae8ef3204e94,0,-1,0,-1,0,-1,0,-1
transfer_cube,Calibrated recovery,7,96000,noise_objects,1,1,0.014752425253391266,0.0039340428612194955,75e203ce75e689d3ebafd0b45d33570755c5ee40690f52fb2deecf847101aaaa,9e36fffb0ebc5054f914db2071fb45d61d9775e53a392f302e3639cac928eaec,1,163,1,166,1,289,1,289
transfer_cube,Calibrated recovery,7,96000,noise_low_support,0,0,0.07334745675325394,0.07157356112729758,75e203ce75e689d3ebafd0b45d33570755c5ee40690f52fb2deecf847101aaaa,80c8137ec0908e2fcd1478a9280f3e5233b13a9ab51c947aca3caf24e7a852c6,0,-1,0,-1,0,-1,0,-1
transfer_cube,Calibrated recovery,7,96000,noise_supported,0,0,0.07106996327638626,0.010375454351014923,75e203ce75e689d3ebafd0b45d33570755c5ee40690f52fb2deecf847101aaaa,e0dcf8e23ce4b0f82a1ff1b8aefcbf19b9119ac57e20031ea2c6f76c98e5587d,1,158,1,159,0,-1,0,-1
transfer_cube,Calibrated recovery,7,96000,replan_1,0,0,0.018265778198838234,0.0,75e203ce75e689d3ebafd0b45d33570755c5ee40690f52fb2deecf847101aaaa,cc125f056f59a2e17069198ba234078e33e9082b328522343a4febb9d7547e8b,1,108,0,-1,0,-1,0,-1
transfer_cube,Calibrated recovery,7,96000,replan_1_ensemble,1,1,0.008640047504776713,0.0,75e203ce75e689d3ebafd0b45d33570755c5ee40690f52fb2deecf847101aaaa,acbb30bd936ad31120013950457dffd61c9f51c8177ca29aff57f9c07bfb75a8,1,171,1,171,1,294,1,294
transfer_cube,Calibrated recovery,7,96000,replan_16,1,1,0.013598020188510418,0.0,75e203ce75e689d3ebafd0b45d33570755c5ee40690f52fb2deecf847101aaaa,50c15d27a709861927a27ccb66de4c2f063cf64bb046d96dcbc1878cdfcacdc9,1,156,1,160,1,289,1,289
transfer_cube,Calibrated recovery,7,96001,nominal,1,1,0.013322314247488976,0.0,75e203ce75e689d3ebafd0b45d33570755c5ee40690f52fb2deecf847101aaaa,51998d155f4c5a8db3318cf57a2f8f7c33ac4eb287907615294897a13bb47af4,1,163,1,169,1,291,1,291
transfer_cube,Calibrated recovery,7,96001,observation_noise,0,0,0.0684894546866417,0.09585860781371594,75e203ce75e689d3ebafd0b45d33570755c5ee40690f52fb2deecf847101aaaa,d170574911c1c7593266faedea25e030bc14a413ae915868e46ffa670ec5bb03,0,-1,0,-1,0,-1,0,-1
transfer_cube,Calibrated recovery,7,96001,noise_joints,0,0,0.06984560936689377,0.08971622470766306,75e203ce75e689d3ebafd0b45d33570755c5ee40690f52fb2deecf847101aaaa,0aa4abedf1dcb47eccb1596a769d9cabbcb57c8c651bd3154ed6c858d736982b,0,-1,0,-1,0,-1,0,-1
transfer_cube,Calibrated recovery,7,96001,noise_objects,1,1,0.013479763641953468,0.004029907131334767,75e203ce75e689d3ebafd0b45d33570755c5ee40690f52fb2deecf847101aaaa,b536913762c92f3fe4a615b43f1ef58e5434a63494f841790dc4d2f66a2be1b4,1,165,1,169,1,290,1,290
transfer_cube,Calibrated recovery,7,96001,noise_low_support,0,0,0.06764092296361923,0.09450771720148624,75e203ce75e689d3ebafd0b45d33570755c5ee40690f52fb2deecf847101aaaa,02634cad33c68ae1df9765885cc830572989f95d7cba14da7316f569a111727e,0,-1,0,-1,0,-1,0,-1
transfer_cube,Calibrated recovery,7,96001,noise_supported,1,0,0.027169929817318916,0.01358730550389737,75e203ce75e689d3ebafd0b45d33570755c5ee40690f52fb2deecf847101aaaa,7dc7496d109a2257e05288a8555b4a19c99b9478ffc9db5fc276cfd7db6a28fe,1,165,1,169,1,293,1,293
transfer_cube,Calibrated recovery,7,96001,replan_1,1,1,0.010687499307096004,0.0,75e203ce75e689d3ebafd0b45d33570755c5ee40690f52fb2deecf847101aaaa,773df9c666d66694d30f5ae7b06b947590f194d5fca77ffbc3ee8bb6d15f70ab,1,159,1,160,1,293,1,293
transfer_cube,Calibrated recovery,7,96001,replan_1_ensemble,1,1,0.008607929856805297,0.0,75e203ce75e689d3ebafd0b45d33570755c5ee40690f52fb2deecf847101aaaa,9fdde08f7c409cd0271dec082a2594abc54bbfb4b7ab8fd626768493c174b406,1,167,1,169,1,295,1,295
transfer_cube,Calibrated recovery,7,96001,replan_16,1,1,0.01328713446855545,0.0,75e203ce75e689d3ebafd0b45d33570755c5ee40690f52fb2deecf847101aaaa,a3e7b96c4297fc3ac55fca2bab79ed11f614f3893383e4823339ff302345d9e4,1,158,1,159,1,224,1,224
transfer_cube,Calibrated recovery,7,96002,nominal,1,1,0.013442886993288994,0.0,75e203ce75e689d3ebafd0b45d33570755c5ee40690f52fb2deecf847101aaaa,4b9204433f73ce3d2c63777e35b086b09ffd2989445377552ef3a23bb99be400,1,166,1,168,1,291,1,291
transfer_cube,Calibrated recovery,7,96002,observation_noise,0,0,0.07035190612077713,0.08868720661848783,75e203ce75e689d3ebafd0b45d33570755c5ee40690f52fb2deecf847101aaaa,e1d2d4745263b929361254b1fb37c395652fc6171aa3615f40a740e6721ea12a,0,-1,0,-1,0,-1,0,-1
transfer_cube,Calibrated recovery,7,96002,noise_joints,0,0,0.07042503356933594,0.08839152365922928,75e203ce75e689d3ebafd0b45d33570755c5ee40690f52fb2deecf847101aaaa,004331e6ac8f99380ed7a58e97480000fde7a1f1721d4b116d0568d55a310444,0,-1,0,-1,0,-1,0,-1
transfer_cube,Calibrated recovery,7,96002,noise_objects,1,1,0.013575058430433273,0.003417258910485543,75e203ce75e689d3ebafd0b45d33570755c5ee40690f52fb2deecf847101aaaa,64970aa7a0985949d36097f5847f799b27c9daafab09e7d98f6f74a887feef55,1,166,1,168,1,291,1,291
transfer_cube,Calibrated recovery,7,96002,noise_low_support,0,0,0.06938814371824265,0.08436715397983789,75e203ce75e689d3ebafd0b45d33570755c5ee40690f52fb2deecf847101aaaa,2e57db3c845c713aa6f7249b7e26feecfc103b7f90e465d9032923bdb0801de8,0,-1,0,-1,0,-1,0,-1
transfer_cube,Calibrated recovery,7,96002,noise_supported,1,1,0.01600463315844536,0.010867080008611084,75e203ce75e689d3ebafd0b45d33570755c5ee40690f52fb2deecf847101aaaa,1070b06e8416321878656ebfe3991843ffae74538918819bcf3d08c0567b816d,1,155,1,155,1,235,1,235
transfer_cube,Calibrated recovery,7,96002,replan_1,1,1,0.009143494069576263,0.0,75e203ce75e689d3ebafd0b45d33570755c5ee40690f52fb2deecf847101aaaa,38595226136413093c668ed9fd01f7b21c6f19cb3d75fddce01635f0b7cc13c2,1,158,1,158,1,294,1,294
transfer_cube,Calibrated recovery,7,96002,replan_1_ensemble,1,1,0.008661275869525047,0.0,75e203ce75e689d3ebafd0b45d33570755c5ee40690f52fb2deecf847101aaaa,d15de7eda7927f52ca1e6c1b8ee6633bbf3102850d4f61f5992ab551d858797c,1,169,1,172,1,295,1,295
transfer_cube,Calibrated recovery,7,96002,replan_16,1,1,0.013466011732816696,0.0,75e203ce75e689d3ebafd0b45d33570755c5ee40690f52fb2deecf847101aaaa,05ea179b11dd721c890fa89649b526fd99fb7e11eea4367cb4d825485976e5f3,1,158,1,159,1,224,1,224
transfer_cube,Calibrated recovery,7,96003,nominal,0,0,0.0568300299346447,0.0,75e203ce75e689d3ebafd0b45d33570755c5ee40690f52fb2deecf847101aaaa,0d1d62e5d25adb2c95dfaed61fb6c89508f211ebd3ee7a4a0f3347cb4c162446,1,137,0,-1,0,-1,0,-1
transfer_cube,Calibrated recovery,7,96003,observation_noise,0,0,0.0672522485256195,0.07913054485805332,75e203ce75e689d3ebafd0b45d33570755c5ee40690f52fb2deecf847101aaaa,64a366de939e9bb6fc8fb6ad1eaff3b43ffc997c8c48bda53af0de5dbacd9bad,0,-1,0,-1,0,-1,0,-1
transfer_cube,Calibrated recovery,7,96003,noise_joints,0,0,0.06738025695085526,0.0789355260040611,75e203ce75e689d3ebafd0b45d33570755c5ee40690f52fb2deecf847101aaaa,6ce6aacbfe86e0a38b2d661485c727723184c97b981cd69689b3717de8b8639a,0,-1,0,-1,0,-1,0,-1
transfer_cube,Calibrated recovery,7,96003,noise_objects,0,0,0.05516828969120979,0.0033292426029220223,75e203ce75e689d3ebafd0b45d33570755c5ee40690f52fb2deecf847101aaaa,0de80676ca438e8a31e03239838ed1f44a39b8e8df0c44fb63eaafac488f8fa8,1,136,0,-1,0,-1,0,-1
transfer_cube,Calibrated recovery,7,96003,noise_low_support,0,0,0.06704329699277878,0.07828392248600721,75e203ce75e689d3ebafd0b45d33570755c5ee40690f52fb2deecf847101aaaa,9b1583666285b6de2081667a47b9adf969845624a21efdf6da353f9e9f21953f,1,122,0,-1,0,-1,0,-1
transfer_cube,Calibrated recovery,7,96003,noise_supported,0,0,0.05686022713780403,0.011821791832335293,75e203ce75e689d3ebafd0b45d33570755c5ee40690f52fb2deecf847101aaaa,6c27a5b35d86c9efbfd027d8e3a58343d213a43c8f1e7e7a021e370c3e0926c0,1,128,0,-1,0,-1,0,-1
transfer_cube,Calibrated recovery,7,96003,replan_1,0,0,0.013642385601997375,0.0,75e203ce75e689d3ebafd0b45d33570755c5ee40690f52fb2deecf847101aaaa,ce867cf932963f326beacc2db12ed1796c6c626a2e368249959dc72fa0fe3b7d,0,-1,0,-1,0,-1,0,-1
transfer_cube,Calibrated recovery,7,96003,replan_1_ensemble,0,0,0.010098974863973553,0.0,75e203ce75e689d3ebafd0b45d33570755c5ee40690f52fb2deecf847101aaaa,247a0f1898b389909184b517f6abfa4279646f93ae472462cec8b0ca7b980823,1,142,0,-1,0,-1,0,-1
transfer_cube,Calibrated recovery,7,96003,replan_16,0,0,0.053216513246297836,0.0,75e203ce75e689d3ebafd0b45d33570755c5ee40690f52fb2deecf847101aaaa,f56d78aac42977ab76a9a581cd66fc0264710c86246eb4fd3b26ec667fb3737b,1,137,1,166,0,-1,0,-1
transfer_cube,Calibrated recovery,7,96004,nominal,1,1,0.01468709297478199,0.0,75e203ce75e689d3ebafd0b45d33570755c5ee40690f52fb2deecf847101aaaa,5b19031723849a292ae29032af8e21c3061a36e3f5d25919e33fd891cd3cfdf8,1,160,1,160,1,285,1,285
transfer_cube,Calibrated recovery,7,96004,observation_noise,0,0,0.0694618672132492,0.08641238559037447,75e203ce75e689d3ebafd0b45d33570755c5ee40690f52fb2deecf847101aaaa,489ac9ca7fbf0e4dba47e2e4b71f4dca5b0eb4ace718c7c60bbfed62468dda00,0,-1,0,-1,0,-1,0,-1
transfer_cube,Calibrated recovery,7,96004,noise_joints,0,0,0.06926710158586502,0.08888159152120352,75e203ce75e689d3ebafd0b45d33570755c5ee40690f52fb2deecf847101aaaa,ec70cfafda12b0cb4a928bb1561cbcb99e1906be72f149124dcb1311a2ea2234,1,182,1,186,0,-1,0,-1
transfer_cube,Calibrated recovery,7,96004,noise_objects,1,1,0.015363072976469994,0.003240358030889183,75e203ce75e689d3ebafd0b45d33570755c5ee40690f52fb2deecf847101aaaa,aa925c68a91c1aa3bafd001b730890a4a1f3473e1df83cf86cfdc6348bbdbec5,1,156,1,157,1,288,1,288
transfer_cube,Calibrated recovery,7,96004,noise_low_support,0,0,0.08142347633838654,0.06537085410178406,75e203ce75e689d3ebafd0b45d33570755c5ee40690f52fb2deecf847101aaaa,858c855c0aaffe83d17d58222f61dbb8a6db6306b5f3418ad5e3076dfca7dd7c,0,-1,0,-1,0,-1,0,-1
transfer_cube,Calibrated recovery,7,96004,noise_supported,1,1,0.020779835060238838,0.01230041699949652,75e203ce75e689d3ebafd0b45d33570755c5ee40690f52fb2deecf847101aaaa,018e99528092936a87c24f080e093f4634c0865cdab761ccbf5551139fba81c4,1,158,1,158,1,287,1,287
transfer_cube,Calibrated recovery,7,96004,replan_1,0,0,0.011550324968993664,0.0,75e203ce75e689d3ebafd0b45d33570755c5ee40690f52fb2deecf847101aaaa,4839e7e597cde791a7e4beb36d01c6539aaf7681f0e1559b473418fe06095396,0,-1,0,-1,0,-1,0,-1
transfer_cube,Calibrated recovery,7,96004,replan_1_ensemble,1,1,0.00959804014021953,0.0,75e203ce75e689d3ebafd0b45d33570755c5ee40690f52fb2deecf847101aaaa,449ac08700f97b151c82bdf4c2ca192c801b98ac4f0b7173ea9fef5ca34aa0f0,1,164,1,165,1,287,1,287
transfer_cube,Calibrated recovery,7,96004,replan_16,1,1,0.01413282472640276,0.0,75e203ce75e689d3ebafd0b45d33570755c5ee40690f52fb2deecf847101aaaa,1b610729c584272f7e362a2fd740b2411a571d6149b9a5494cd380addadd5171,1,158,1,160,1,289,1,289
transfer_cube,Calibrated recovery,7,96005,nominal,1,1,0.014697331003844738,0.0,75e203ce75e689d3ebafd0b45d33570755c5ee40690f52fb2deecf847101aaaa,1774ba2925f77847b01f9d6d24ae4b63da9151dbc93eab51011a004345af359b,1,166,1,166,1,291,1,291
transfer_cube,Calibrated recovery,7,96005,observation_noise,0,0,0.05970066413283348,0.0773430697247386,75e203ce75e689d3ebafd0b45d33570755c5ee40690f52fb2deecf847101aaaa,9003ae3cf1f64a44b0993f5b7c8cd3d79343c0f1cd57e24fd3b6e4175381bf5b,0,-1,0,-1,0,-1,0,-1
transfer_cube,Calibrated recovery,7,96005,noise_joints,0,0,0.05985395610332489,0.07701007418334484,75e203ce75e689d3ebafd0b45d33570755c5ee40690f52fb2deecf847101aaaa,b6938258b23a375ae88ce264d49954a9723e5e73e3d54c3bb3671ed8d2250ced,0,-1,0,-1,0,-1,0,-1
transfer_cube,Calibrated recovery,7,96005,noise_objects,1,1,0.015036851167678833,0.0037454327708110213,75e203ce75e689d3ebafd0b45d33570755c5ee40690f52fb2deecf847101aaaa,4c7ce6c415d6ac3ecb609aceeb00cd1b81f41716fb2c70b761e9f3a830f73e30,1,168,1,168,1,291,1,291
transfer_cube,Calibrated recovery,7,96005,noise_low_support,0,0,0.05938589200377464,0.07384014886221849,75e203ce75e689d3ebafd0b45d33570755c5ee40690f52fb2deecf847101aaaa,a4bfb7440bfc97df6118755d35d28f93f72c08effba2536eb9934ad8980b9d48,0,-1,0,-1,0,-1,0,-1
transfer_cube,Calibrated recovery,7,96005,noise_supported,0,0,0.042651813477277756,0.01403522097505629,75e203ce75e689d3ebafd0b45d33570755c5ee40690f52fb2deecf847101aaaa,3926495b3b755024cdecfadea5dd1444dbfa28800aa89a98f6820c8cfc86c3fd,1,164,1,166,0,-1,0,-1
transfer_cube,Calibrated recovery,7,96005,replan_1,0,0,0.011285369284451008,0.0,75e203ce75e689d3ebafd0b45d33570755c5ee40690f52fb2deecf847101aaaa,d97267bc66f543bc2286f1a2c6abec98f903747c9eb4a8dd070b5c7758ba8a82,0,-1,0,-1,0,-1,0,-1
transfer_cube,Calibrated recovery,7,96005,replan_1_ensemble,1,1,0.00901300082243866,0.0,75e203ce75e689d3ebafd0b45d33570755c5ee40690f52fb2deecf847101aaaa,5a787f9de5ce84f627c69c3a37cf442e701e45582208f76acc388cb7649f6946,1,160,1,177,1,293,1,293
transfer_cube,Calibrated recovery,7,96005,replan_16,1,1,0.014321389608085155,0.0,75e203ce75e689d3ebafd0b45d33570755c5ee40690f52fb2deecf847101aaaa,9146bb24372e598b3219b4d14207cc3aff925ddc2b5b8e5eb7c249010c546494,1,159,1,159,1,287,1,287
transfer_cube,Calibrated recovery,7,96006,nominal,1,1,0.014316625893115997,0.0,75e203ce75e689d3ebafd0b45d33570755c5ee40690f52fb2deecf847101aaaa,8eca584029ebd6c73065eddfe66c15675369edc5936ed943b35191e6ad2cbc8f,1,160,1,165,1,289,1,289
transfer_cube,Calibrated recovery,7,96006,observation_noise,0,0,0.06900603324174881,0.08273519043810666,75e203ce75e689d3ebafd0b45d33570755c5ee40690f52fb2deecf847101aaaa,64b4032965fb4613f013301e562ac24d82ecbd034d73b63bd98f77a59950cabe,1,94,1,104,0,-1,0,-1
transfer_cube,Calibrated recovery,7,96006,noise_joints,0,0,0.06540302187204361,0.08178410944528877,75e203ce75e689d3ebafd0b45d33570755c5ee40690f52fb2deecf847101aaaa,bc9a284715302fea36b8450877d30af1c934cc40b0ba44f05e88006ded13608b,1,94,0,-1,0,-1,0,-1
transfer_cube,Calibrated recovery,7,96006,noise_objects,1,1,0.014493969269096851,0.0035327667894307522,75e203ce75e689d3ebafd0b45d33570755c5ee40690f52fb2deecf847101aaaa,0ec90b5d79b5825d4ab36abbc8fe269dbcebff0c68bce28ed0928ad6e8bad46c,1,160,1,160,1,288,1,288
transfer_cube,Calibrated recovery,7,96006,noise_low_support,0,0,0.0651966780424118,0.07553105196915567,75e203ce75e689d3ebafd0b45d33570755c5ee40690f52fb2deecf847101aaaa,8d779d25b372374b750606f40d606b6e2c3c5f6659dcd2f98d63ba95a6befe90,1,94,1,105,0,-1,0,-1
transfer_cube,Calibrated recovery,7,96006,noise_supported,0,0,0.04822709411382675,0.012212071218527853,75e203ce75e689d3ebafd0b45d33570755c5ee40690f52fb2deecf847101aaaa,b89e1e15d5fa72270d29d8ea4da6ae916e9ea25a0fdaac62969827ae426a0a04,1,145,1,149,0,-1,0,-1
transfer_cube,Calibrated recovery,7,96006,replan_1,0,0,0.009716996923089027,0.0,75e203ce75e689d3ebafd0b45d33570755c5ee40690f52fb2deecf847101aaaa,56335a38d41b1173b3fe09b6430c9a0b1b7104399aabb61b6b4147b1946e5610,0,-1,0,-1,0,-1,0,-1
transfer_cube,Calibrated recovery,7,96006,replan_1_ensemble,1,1,0.009066618019050428,0.0,75e203ce75e689d3ebafd0b45d33570755c5ee40690f52fb2deecf847101aaaa,657a53e582ef590e9db6a08d1425b430277e5233e233de69cc6696d3b5d92c18,1,164,1,174,1,287,1,287
transfer_cube,Calibrated recovery,7,96006,replan_16,1,1,0.014580442570149899,0.0,75e203ce75e689d3ebafd0b45d33570755c5ee40690f52fb2deecf847101aaaa,18ff3d0ce7e1fdc00efc12d28c3c9d025421dbe0271b4dcaa36a76a07f633304,1,157,1,157,1,288,1,288
transfer_cube,Calibrated recovery,7,96007,nominal,1,1,0.014411521144211292,0.0,75e203ce75e689d3ebafd0b45d33570755c5ee40690f52fb2deecf847101aaaa,245fb93dce48aeaea278877d6f6957c7bdf36794bb95974a45dbd2256c9fdb77,1,155,1,156,1,287,1,287
transfer_cube,Calibrated recovery,7,96007,observation_noise,0,0,0.0709543451666832,0.07379511680454015,75e203ce75e689d3ebafd0b45d33570755c5ee40690f52fb2deecf847101aaaa,308e9376a4c26b8a71f337194c28a30cfae19030066347685998ef0f9d864ea2,0,-1,0,-1,0,-1,0,-1
transfer_cube,Calibrated recovery,7,96007,noise_joints,0,0,0.07096448540687561,0.07393884697929025,75e203ce75e689d3ebafd0b45d33570755c5ee40690f52fb2deecf847101aaaa,09258c4a5f489c157eaca69610907437446168912c117fb5287b8606512be2e3,0,-1,0,-1,0,-1,0,-1
transfer_cube,Calibrated recovery,7,96007,noise_objects,1,1,0.014729080721735954,0.0041644626704510305,75e203ce75e689d3ebafd0b45d33570755c5ee40690f52fb2deecf847101aaaa,07e363f6d16e1d157069faedd44eed24a36107156cedf14af8e50f131602f5fa,1,149,1,160,1,286,1,286
transfer_cube,Calibrated recovery,7,96007,noise_low_support,0,0,0.07091228663921356,0.07087801417335868,75e203ce75e689d3ebafd0b45d33570755c5ee40690f52fb2deecf847101aaaa,7fb868f60ece4f0d15d451f9ad20982ff91780712800fde9e92a292b8fd62627,0,-1,0,-1,0,-1,0,-1
transfer_cube,Calibrated recovery,7,96007,noise_supported,1,1,0.019362054765224457,0.012206574706360697,75e203ce75e689d3ebafd0b45d33570755c5ee40690f52fb2deecf847101aaaa,3a446088dbd858250d4163350ceb2634aa933ca007de1dd72567c7eaa6618d64,1,149,1,157,1,237,1,237
transfer_cube,Calibrated recovery,7,96007,replan_1,0,0,0.009860188700258732,0.0,75e203ce75e689d3ebafd0b45d33570755c5ee40690f52fb2deecf847101aaaa,9b152ad0400990a8797461e9de708b61ac0ebdab09a8d08097084162e4d8b99f,0,-1,0,-1,0,-1,0,-1
transfer_cube,Calibrated recovery,7,96007,replan_1_ensemble,1,1,0.00929846990261412,0.0,75e203ce75e689d3ebafd0b45d33570755c5ee40690f52fb2deecf847101aaaa,befec057ce6f5945b30a7a5058135f1adf4b31d2faba962d7aa11645e4a61bdb,1,168,1,170,1,290,1,290
transfer_cube,Calibrated recovery,7,96007,replan_16,1,1,0.014078699052333832,0.0,75e203ce75e689d3ebafd0b45d33570755c5ee40690f52fb2deecf847101aaaa,34e43b7e37af4758d29d7ab5905e0a275bd8f3138d881dba397b88f95d731807,1,155,1,160,1,288,1,288
transfer_cube,Calibrated recovery,7,96008,nominal,1,1,0.014113808050751686,0.0,75e203ce75e689d3ebafd0b45d33570755c5ee40690f52fb2deecf847101aaaa,d22fa4e80c8ca7d26758f43c800e4c0e7642056cdc171a95097e77e61623a19f,1,157,1,157,1,288,1,288
transfer_cube,Calibrated recovery,7,96008,observation_noise,0,0,0.06340277194976807,0.07738918247632683,75e203ce75e689d3ebafd0b45d33570755c5ee40690f52fb2deecf847101aaaa,4134bf6defdbea104288bc063d064eec7b8bac576d52627061e99d9e7941cd9a,0,-1,0,-1,0,-1,0,-1
transfer_cube,Calibrated recovery,7,96008,noise_joints,0,0,0.06335020065307617,0.07740102212876082,75e203ce75e689d3ebafd0b45d33570755c5ee40690f52fb2deecf847101aaaa,701f4605c305921ce3943305df683fba985c0c9cd3f6d2acef1de9977d936c6f,0,-1,0,-1,0,-1,0,-1
transfer_cube,Calibrated recovery,7,96008,noise_objects,1,1,0.014363156631588936,0.004057274417718872,75e203ce75e689d3ebafd0b45d33570755c5ee40690f52fb2deecf847101aaaa,267b3596c5b2c46485525fbf8da0dd8cb1ed4c6d42c25e0bc133fe68ffef8dec,1,157,1,157,1,287,1,287
transfer_cube,Calibrated recovery,7,96008,noise_low_support,0,0,0.06327753514051437,0.07685478965868242,75e203ce75e689d3ebafd0b45d33570755c5ee40690f52fb2deecf847101aaaa,0e5f65dc3bba77eaa38f6905bf0c7a67cb70634b7761fa79133284d0132105e2,0,-1,0,-1,0,-1,0,-1
transfer_cube,Calibrated recovery,7,96008,noise_supported,1,1,0.017233001068234444,0.011345695927739144,75e203ce75e689d3ebafd0b45d33570755c5ee40690f52fb2deecf847101aaaa,d4100f6d833fd4a54d70b8dc876883bfad07b0451610707f4f7a211465ed1ea9,1,149,1,150,1,282,1,282
transfer_cube,Calibrated recovery,7,96008,replan_1,0,0,0.01006754208356142,0.0,75e203ce75e689d3ebafd0b45d33570755c5ee40690f52fb2deecf847101aaaa,f94c1fd178aef85cb0daba7b8f02d26710dd07faea38fdd736238d28e47eba2e,0,-1,0,-1,0,-1,0,-1
transfer_cube,Calibrated recovery,7,96008,replan_1_ensemble,1,1,0.009222745534215298,0.0,75e203ce75e689d3ebafd0b45d33570755c5ee40690f52fb2deecf847101aaaa,a4969d76f8b5866cce6b672f15150ba3cead01b60f9d1a730b9669ab1f2aea8a,1,165,1,169,1,288,1,288
transfer_cube,Calibrated recovery,7,96008,replan_16,1,1,0.013502158224582672,0.0,75e203ce75e689d3ebafd0b45d33570755c5ee40690f52fb2deecf847101aaaa,30a5b28a1f2cf6ca762e1e01046517a12c8cb9deafa6fc406e5e0921584959da,1,157,1,157,1,288,1,288
transfer_cube,Calibrated recovery,7,96009,nominal,1,1,0.014022314921021461,0.0,75e203ce75e689d3ebafd0b45d33570755c5ee40690f52fb2deecf847101aaaa,53555f7faaa6d5d43a99566ee0a46c190bf58d154ed892b6f6842ec6f3d61024,1,160,1,160,1,291,1,291
transfer_cube,Calibrated recovery,7,96009,observation_noise,0,0,0.06592050194740295,0.09330707106739283,75e203ce75e689d3ebafd0b45d33570755c5ee40690f52fb2deecf847101aaaa,093e0c16922de4812d2b81f71490818a37dd9f6ca0f27afabdd3ef0e09f56165,0,-1,0,-1,0,-1,0,-1
transfer_cube,Calibrated recovery,7,96009,noise_joints,0,0,0.06813985109329224,0.09644904050044716,75e203ce75e689d3ebafd0b45d33570755c5ee40690f52fb2deecf847101aaaa,f417d50bbc079787ec83aca7454811c244cea746615713bf8b411b26ec873c5f,0,-1,0,-1,0,-1,0,-1
transfer_cube,Calibrated recovery,7,96009,noise_objects,1,1,0.01423158310353756,0.003760548254358582,75e203ce75e689d3ebafd0b45d33570755c5ee40690f52fb2deecf847101aaaa,cf3c7bbf2fef1001268e4743ec8234f11c705a1a60898002579ffbd5291f5b93,1,161,1,161,1,291,1,291
transfer_cube,Calibrated recovery,7,96009,noise_low_support,0,0,0.06474446505308151,0.09130866556428373,75e203ce75e689d3ebafd0b45d33570755c5ee40690f52fb2deecf847101aaaa,2913b142165f26e0ddba03e18296ce73d5c99bdd03e64686968c971994644acc,0,-1,0,-1,0,-1,0,-1
transfer_cube,Calibrated recovery,7,96009,noise_supported,1,1,0.019371390342712402,0.012651498159393669,75e203ce75e689d3ebafd0b45d33570755c5ee40690f52fb2deecf847101aaaa,dadc493fa49e2c013b17afa998f33bfe8b70b0c555d641723d98858ac92bbab4,1,152,1,152,1,282,1,282
transfer_cube,Calibrated recovery,7,96009,replan_1,0,0,0.010093559511005878,0.0,75e203ce75e689d3ebafd0b45d33570755c5ee40690f52fb2deecf847101aaaa,136673715e69ecff6402a91c9db00a80abfafdf1a2b8cb89853890b49f68feec,0,-1,0,-1,0,-1,0,-1
transfer_cube,Calibrated recovery,7,96009,replan_1_ensemble,1,1,0.009069986893236274,0.0,75e203ce75e689d3ebafd0b45d33570755c5ee40690f52fb2deecf847101aaaa,46d5cd21d3a67374dc4982416daa4d81d935135ee16f3940e22d21b759c06985,1,162,1,173,1,292,1,292
transfer_cube,Calibrated recovery,7,96009,replan_16,1,1,0.013534493744373322,0.0,75e203ce75e689d3ebafd0b45d33570755c5ee40690f52fb2deecf847101aaaa,fa34edfbeab9906eead5949f4f9fc8d1acbf219134e19f601877866f2e034719,1,158,1,159,1,287,1,287
transfer_cube,Calibrated recovery,7,96010,nominal,1,1,0.013007688336074352,0.0,75e203ce75e689d3ebafd0b45d33570755c5ee40690f52fb2deecf847101aaaa,9005a0222861318f01915235d6ab5896a7e723e96d096021080c67d593c5e508,1,159,1,165,1,290,1,290
transfer_cube,Calibrated recovery,7,96010,observation_noise,0,0,0.07070925831794739,0.08130918070673943,75e203ce75e689d3ebafd0b45d33570755c5ee40690f52fb2deecf847101aaaa,0f652a87cb7b8f7387151f8d6bbf9845d00dc5128e4280bb902a106d6927664f,0,-1,0,-1,0,-1,0,-1
transfer_cube,Calibrated recovery,7,96010,noise_joints,0,0,0.07020292431116104,0.08170284802094102,75e203ce75e689d3ebafd0b45d33570755c5ee40690f52fb2deecf847101aaaa,0819b948b260478040176787bfdfc8afb1ab29e9d4aeb8b29799d7cf9e8773e1,0,-1,0,-1,0,-1,0,-1
transfer_cube,Calibrated recovery,7,96010,noise_objects,1,1,0.013371923007071018,0.003790219030342996,75e203ce75e689d3ebafd0b45d33570755c5ee40690f52fb2deecf847101aaaa,d8d42f9fd6f714436f026aaeceb27d8814375da9f66e70a9e3687aecabfa5c24,1,159,1,162,1,289,1,289
transfer_cube,Calibrated recovery,7,96010,noise_low_support,0,0,0.0698108971118927,0.07855115259531885,75e203ce75e689d3ebafd0b45d33570755c5ee40690f52fb2deecf847101aaaa,a608286ca5e82a7e1b24a5687dfc26f62893188a0d30dc92020a13c77eb5d314,0,-1,0,-1,0,-1,0,-1
transfer_cube,Calibrated recovery,7,96010,noise_supported,1,1,0.01707342267036438,0.012288592685945333,75e203ce75e689d3ebafd0b45d33570755c5ee40690f52fb2deecf847101aaaa,1b018ef7e69b3c0d7dd4189efebf229c9bb4c95e010e05cce6c1e5b1ab51ccc9,1,163,1,163,1,285,1,285
transfer_cube,Calibrated recovery,7,96010,replan_1,0,0,0.009783055633306503,0.0,75e203ce75e689d3ebafd0b45d33570755c5ee40690f52fb2deecf847101aaaa,9c3911952c8ff4ef44562283a086679d734dd5baaa569f553a4508129265b353,0,-1,0,-1,0,-1,0,-1
transfer_cube,Calibrated recovery,7,96010,replan_1_ensemble,1,1,0.008722815314360468,0.0,75e203ce75e689d3ebafd0b45d33570755c5ee40690f52fb2deecf847101aaaa,da0ac35ef84b534f75d9dbd51d7da43ba4e7323a468d0642331a758dbe77bdaf,1,166,1,170,1,291,1,291
transfer_cube,Calibrated recovery,7,96010,replan_16,1,1,0.012945540249347687,0.0,75e203ce75e689d3ebafd0b45d33570755c5ee40690f52fb2deecf847101aaaa,73b2765bbe711018a49874696827f8c8434734adf4bb199f5dd14142545b1603,1,158,1,159,1,290,1,290
transfer_cube,Calibrated recovery,7,96011,nominal,1,1,0.01326342299580574,0.0,75e203ce75e689d3ebafd0b45d33570755c5ee40690f52fb2deecf847101aaaa,6dec08a193faa577d556a3e80501ee3909fd1dd76bdfb9616fbeb2b9f838fb8b,1,162,1,168,1,291,1,291
transfer_cube,Calibrated recovery,7,96011,observation_noise,0,0,0.06049693375825882,0.0738416260574013,75e203ce75e689d3ebafd0b45d33570755c5ee40690f52fb2deecf847101aaaa,cca0128dbd1f7c3379c43ce3eba8706ec770c687ab24048b31ff1958d1fae66d,0,-1,0,-1,0,-1,0,-1
transfer_cube,Calibrated recovery,7,96011,noise_joints,0,0,0.06089380383491516,0.07358559966087341,75e203ce75e689d3ebafd0b45d33570755c5ee40690f52fb2deecf847101aaaa,140f70bb7a4af01ce69eeb5972df17f3dfe7df5ddcf9c5f546d6f1c05093338a,0,-1,0,-1,0,-1,0,-1
transfer_cube,Calibrated recovery,7,96011,noise_objects,1,1,0.013652474619448185,0.003969362318748608,75e203ce75e689d3ebafd0b45d33570755c5ee40690f52fb2deecf847101aaaa,fad4a7675beedccd87fc4ce1309c90503330e4266fe19237a9b94a794fe501df,1,162,1,168,1,292,1,292
transfer_cube,Calibrated recovery,7,96011,noise_low_support,0,0,0.05976328253746033,0.07017171947751194,75e203ce75e689d3ebafd0b45d33570755c5ee40690f52fb2deecf847101aaaa,5a20dd97b4b2316d94fcf14c24c9a69bf5427aac2b4714872ed146ddf6a26d75,0,-1,0,-1,0,-1,0,-1
transfer_cube,Calibrated recovery,7,96011,noise_supported,1,1,0.01891423389315605,0.012756871264427901,75e203ce75e689d3ebafd0b45d33570755c5ee40690f52fb2deecf847101aaaa,01cb9a5ba0010d5a298816ddcdb17b77fd4353db40e3897fcfd5217190c95707,1,162,1,168,1,241,1,241
transfer_cube,Calibrated recovery,7,96011,replan_1,0,0,0.0182000994682312,0.0,75e203ce75e689d3ebafd0b45d33570755c5ee40690f52fb2deecf847101aaaa,cfedfdf39a76c89b1c9c3a1c25e70a1899fdd62458fd3d3b4918e199134d0039,1,161,0,-1,0,-1,0,-1
transfer_cube,Calibrated recovery,7,96011,replan_1_ensemble,1,1,0.008638375427304348,0.0,75e203ce75e689d3ebafd0b45d33570755c5ee40690f52fb2deecf847101aaaa,c82a8314b90ddeda88bf788562db812618a5a2b298bb3c44e1e1da00323782a5,1,166,1,177,1,294,1,294
transfer_cube,Calibrated recovery,7,96011,replan_16,1,1,0.013152922503650188,0.0,75e203ce75e689d3ebafd0b45d33570755c5ee40690f52fb2deecf847101aaaa,396f27b3bda06f22c3f8436a7a3548f1606fe2088bba0c1f65c695e7a0ede357,1,158,1,159,1,289,1,289
transfer_cube,Calibrated recovery,7,96012,nominal,1,1,0.01435121987015009,0.0,75e203ce75e689d3ebafd0b45d33570755c5ee40690f52fb2deecf847101aaaa,6220030cf27de38e1aaa2c94cd8ca31ce0b65fbe7d707894a2d48c3ea7cd6151,1,154,1,160,1,286,1,286
transfer_cube,Calibrated recovery,7,96012,observation_noise,0,0,0.07054104655981064,0.08679310850799084,75e203ce75e689d3ebafd0b45d33570755c5ee40690f52fb2deecf847101aaaa,56d3ac0efd8060fdcd683f8fd2287cf985dcc87c97c546796edb56fda63204ad,1,117,0,-1,0,-1,0,-1
transfer_cube,Calibrated recovery,7,96012,noise_joints,0,0,0.07044903188943863,0.08689152538776397,75e203ce75e689d3ebafd0b45d33570755c5ee40690f52fb2deecf847101aaaa,a12b811648ecaeb039202bf3ac3cdd005ce587e281a8b4a4bc772fe84d6764a4,0,-1,0,-1,0,-1,0,-1
transfer_cube,Calibrated recovery,7,96012,noise_objects,1,1,0.014550798572599888,0.003596259779878892,75e203ce75e689d3ebafd0b45d33570755c5ee40690f52fb2deecf847101aaaa,59fe731851bd78054d1394faa03e47f85451001ac87fc60b8c4beaabd9c947af,1,153,1,160,1,287,1,287
transfer_cube,Calibrated recovery,7,96012,noise_low_support,0,0,0.08962666243314743,0.03674181083581061,75e203ce75e689d3ebafd0b45d33570755c5ee40690f52fb2deecf847101aaaa,87a6c73c032bc164c162e1054fb6157085cfe6a99d90bd6482c5603fbf54c30d,1,120,0,-1,0,-1,0,-1
transfer_cube,Calibrated recovery,7,96012,noise_supported,0,0,0.04504469037055969,0.014741331064142287,75e203ce75e689d3ebafd0b45d33570755c5ee40690f52fb2deecf847101aaaa,7b4a114481fded538ae6d2b6daa783f8207febbf89629a1f05bd77b8bf180055,1,142,1,152,0,-1,0,-1
transfer_cube,Calibrated recovery,7,96012,replan_1,0,0,0.009917902760207653,0.0,75e203ce75e689d3ebafd0b45d33570755c5ee40690f52fb2deecf847101aaaa,5b34182a7eeca868bb2dbcd1379d3d7156d3ca510372cf0a3579223abfef9794,0,-1,0,-1,0,-1,0,-1
transfer_cube,Calibrated recovery,7,96012,replan_1_ensemble,1,1,0.009221944558716957,0.0,75e203ce75e689d3ebafd0b45d33570755c5ee40690f52fb2deecf847101aaaa,9a16266526209450a9c5b9f0a3312c5042385df3d44826ea2124b5e198188ceb,1,168,1,171,1,291,1,291
transfer_cube,Calibrated recovery,7,96012,replan_16,1,1,0.013951713219285011,0.0,75e203ce75e689d3ebafd0b45d33570755c5ee40690f52fb2deecf847101aaaa,600f50d1e655a49a563b04d2199ab3624e682c1335bfbd5a96a8aa246bbaacae,1,158,1,158,1,290,1,290
transfer_cube,Calibrated recovery,7,96013,nominal,1,1,0.013031333684921265,0.0,75e203ce75e689d3ebafd0b45d33570755c5ee40690f52fb2deecf847101aaaa,d4be27dc70b125f84fa54dc7429a9759a57e36b22dc6c2643ac2d149b52a4eea,1,158,1,158,1,290,1,290
transfer_cube,Calibrated recovery,7,96013,observation_noise,0,0,0.08323424309492111,0.06253410554374568,75e203ce75e689d3ebafd0b45d33570755c5ee40690f52fb2deecf847101aaaa,7445d857e31f2b3d6b26cb340f4d30d2aa7c1a274301f6067ea6955114f0878e,0,-1,0,-1,0,-1,0,-1
transfer_cube,Calibrated recovery,7,96013,noise_joints,0,0,0.06851164251565933,0.08999528175219894,75e203ce75e689d3ebafd0b45d33570755c5ee40690f52fb2deecf847101aaaa,2774633e7c2e965d48765b14b04081ad63cb0db21f3db6c38177fe5cce85f4fd,0,-1,0,-1,0,-1,0,-1
transfer_cube,Calibrated recovery,7,96013,noise_objects,1,1,0.013207209296524525,0.003663550093770027,75e203ce75e689d3ebafd0b45d33570755c5ee40690f52fb2deecf847101aaaa,fedb020985acbedfffe4fc88d817bae0c2785b26bc8139439991f6287ad623c7,1,160,1,160,1,290,1,290
transfer_cube,Calibrated recovery,7,96013,noise_low_support,0,0,0.06452567875385284,0.08844527359120548,75e203ce75e689d3ebafd0b45d33570755c5ee40690f52fb2deecf847101aaaa,90b9c1a48e5d73d0ec021f4e26bb6021e3b5ab8de86680251cc666020a48e982,0,-1,0,-1,0,-1,0,-1
transfer_cube,Calibrated recovery,7,96013,noise_supported,1,1,0.016540605574846268,0.011102092838846146,75e203ce75e689d3ebafd0b45d33570755c5ee40690f52fb2deecf847101aaaa,8500ec46d5affc416ab865c5d2d2c6b8a456a99f032280314bc0a71d82dc74ac,1,155,1,158,1,282,1,282
transfer_cube,Calibrated recovery,7,96013,replan_1,0,0,0.009765119291841984,0.0,75e203ce75e689d3ebafd0b45d33570755c5ee40690f52fb2deecf847101aaaa,1af25e0e992dcab56229e7e5812469cfccf553a0c3e2ad8ac9c2fcd088ba80c9,0,-1,0,-1,0,-1,0,-1
transfer_cube,Calibrated recovery,7,96013,replan_1_ensemble,1,1,0.00865340052281023,0.0,75e203ce75e689d3ebafd0b45d33570755c5ee40690f52fb2deecf847101aaaa,def1a514346f3730d8d32cc1f989ea8db7202f954ccb0ff68e328c39a081e8c2,1,167,1,172,1,291,1,291
transfer_cube,Calibrated recovery,7,96013,replan_16,1,1,0.012927255593240261,0.0,75e203ce75e689d3ebafd0b45d33570755c5ee40690f52fb2deecf847101aaaa,dda5ba21a683a3d204edb7650bb818b244be44f0155d88528911119c21d24075,1,156,1,157,1,290,1,290
transfer_cube,Calibrated recovery,7,96014,nominal,1,1,0.012999395839869976,0.0,75e203ce75e689d3ebafd0b45d33570755c5ee40690f52fb2deecf847101aaaa,212b38d936898662800499b397eb0b67cfe81333dd3108e777c4af0134b7f16e,1,157,1,158,1,289,1,289
transfer_cube,Calibrated recovery,7,96014,observation_noise,0,0,0.06607311964035034,0.0865842112712562,75e203ce75e689d3ebafd0b45d33570755c5ee40690f52fb2deecf847101aaaa,02bf83e6117ba3bcdbbcd00b12d0bd3f777d2454235a7acff03fd98b15e1f01d,0,-1,0,-1,0,-1,0,-1
transfer_cube,Calibrated recovery,7,96014,noise_joints,0,0,0.06559023261070251,0.08647659916430711,75e203ce75e689d3ebafd0b45d33570755c5ee40690f52fb2deecf847101aaaa,c1b00964888ea247bc8d2c2f9bcb4eb67ad829135a01cef49ab163d22bc043c1,0,-1,0,-1,0,-1,0,-1
transfer_cube,Calibrated recovery,7,96014,noise_objects,1,1,0.01353407371789217,0.003597547172103077,75e203ce75e689d3ebafd0b45d33570755c5ee40690f52fb2deecf847101aaaa,d657d1be75e097c6fb06df80c1f6d45663a819c7a8854a0fb6894e2e831ca25c,1,155,1,163,1,289,1,289
transfer_cube,Calibrated recovery,7,96014,noise_low_support,0,0,0.07003963738679886,0.07636935488320887,75e203ce75e689d3ebafd0b45d33570755c5ee40690f52fb2deecf847101aaaa,ac403a042b6abd73f1687e8d884a34fd3d4f8e425b1f1024d4eec9652c6f1f46,0,-1,0,-1,0,-1,0,-1
transfer_cube,Calibrated recovery,7,96014,noise_supported,1,1,0.018218843266367912,0.01271102573722601,75e203ce75e689d3ebafd0b45d33570755c5ee40690f52fb2deecf847101aaaa,1d947b66c991250f5cd21e6fd248e793f7eb640214065b606b11c2807f9f205a,1,148,1,148,1,225,1,225
transfer_cube,Calibrated recovery,7,96014,replan_1,0,0,0.009835257194936275,0.0,75e203ce75e689d3ebafd0b45d33570755c5ee40690f52fb2deecf847101aaaa,f5902d4aeaaa56695681ece2e7c9f5119854222198284d9ed554ce10138e832a,0,-1,0,-1,0,-1,0,-1
transfer_cube,Calibrated recovery,7,96014,replan_1_ensemble,1,1,0.008735504774083061,0.0,75e203ce75e689d3ebafd0b45d33570755c5ee40690f52fb2deecf847101aaaa,edccdead6a982d4442cf8782102b1f7c9f28f364a3ba19d004c95dfc37372808,1,169,1,172,1,291,1,291
transfer_cube,Calibrated recovery,7,96014,replan_16,1,1,0.012928470969200134,0.0,75e203ce75e689d3ebafd0b45d33570755c5ee40690f52fb2deecf847101aaaa,85e272ef89b8cc2e8241c28f4279c47eb92c362d02db914b0d0c09ea8b7b41fe,1,157,1,157,1,289,1,289
transfer_cube,Calibrated recovery,7,96015,nominal,1,1,0.013358978554606438,0.0,75e203ce75e689d3ebafd0b45d33570755c5ee40690f52fb2deecf847101aaaa,0d756f3198a720a076fc74f96cd298ceae046d2dcff058afa47b42d57af461b8,1,162,1,168,1,290,1,290
transfer_cube,Calibrated recovery,7,96015,observation_noise,0,0,0.061548925936222076,0.06791660524904727,75e203ce75e689d3ebafd0b45d33570755c5ee40690f52fb2deecf847101aaaa,a690cf732eeca730d9a70940ba32654b9b1ce497df483d5443113606ac0e9de5,0,-1,0,-1,0,-1,0,-1
transfer_cube,Calibrated recovery,7,96015,noise_joints,0,0,0.06163947656750679,0.0704467203374952,75e203ce75e689d3ebafd0b45d33570755c5ee40690f52fb2deecf847101aaaa,501718c5f06b45835dc90cfef50d7da8d4067bc980ba98a01007943d4274ed60,0,-1,0,-1,0,-1,0,-1
transfer_cube,Calibrated recovery,7,96015,noise_objects,1,1,0.013689698651432991,0.0044356998696457595,75e203ce75e689d3ebafd0b45d33570755c5ee40690f52fb2deecf847101aaaa,a59cd0a8c6313fb13dcd87a4315a7efa37cab79127a221403dbc0babf6185d7d,1,162,1,163,1,290,1,290
transfer_cube,Calibrated recovery,7,96015,noise_low_support,0,0,0.06087560951709747,0.06713042839430272,75e203ce75e689d3ebafd0b45d33570755c5ee40690f52fb2deecf847101aaaa,7752c7f84fce55f657f4e2c9d2d8c6251f9a8a9c385f98c26c1575f7b7c3dbf5,1,105,1,105,0,-1,0,-1
transfer_cube,Calibrated recovery,7,96015,noise_supported,1,1,0.0169488787651062,0.011927269902080297,75e203ce75e689d3ebafd0b45d33570755c5ee40690f52fb2deecf847101aaaa,a7333ffb6a70710f066eff92389ad23d08f7fca18f964c8ee8b15ff5e9caf69c,1,152,1,152,1,221,1,221
transfer_cube,Calibrated recovery,7,96015,replan_1,1,1,0.011605645529925823,0.0,75e203ce75e689d3ebafd0b45d33570755c5ee40690f52fb2deecf847101aaaa,a78c525db1e2b6deeadbf7e0cce14a4cde0801e77b36a5460d1816171bd99539,1,159,1,164,1,291,1,291
transfer_cube,Calibrated recovery,7,96015,replan_1_ensemble,1,1,0.008502313823246087,0.0,75e203ce75e689d3ebafd0b45d33570755c5ee40690f52fb2deecf847101aaaa,681dcb33838e41f3eeaf853883e38a1f20ec4e541f7daa35b71f8d452b76875e,1,174,1,175,1,294,1,294
transfer_cube,Calibrated recovery,7,96015,replan_16,1,1,0.013233371078968048,0.0,75e203ce75e689d3ebafd0b45d33570755c5ee40690f52fb2deecf847101aaaa,6c2a7d1a5f85cf26554602eb4e0b7c6c608bd282402bd4e4db8bade2dba690c1,1,157,1,159,1,224,1,224
transfer_cube,Calibrated recovery,7,96016,nominal,1,1,0.013110660947859287,0.0,75e203ce75e689d3ebafd0b45d33570755c5ee40690f52fb2deecf847101aaaa,837f17e50d735b86ab50e8f673a6fb3f624f6a51eb0e8c4fec11d9542619d6ed,1,158,1,166,1,290,1,290
transfer_cube,Calibrated recovery,7,96016,observation_noise,0,0,0.0649266242980957,0.07115175988525152,75e203ce75e689d3ebafd0b45d33570755c5ee40690f52fb2deecf847101aaaa,cc285333ea9b9868038f2a2eaf4ada9760774943c726938325767974c452d5a7,0,-1,0,-1,0,-1,0,-1
transfer_cube,Calibrated recovery,7,96016,noise_joints,0,0,0.06460816413164139,0.07073854112997652,75e203ce75e689d3ebafd0b45d33570755c5ee40690f52fb2deecf847101aaaa,715c0200523762fc46dc20915ec40cf1faf47c1fb3c21a00c32bb2dfc5541ee4,0,-1,0,-1,0,-1,0,-1
transfer_cube,Calibrated recovery,7,96016,noise_objects,1,1,0.013500167988240719,0.0041784415661823004,75e203ce75e689d3ebafd0b45d33570755c5ee40690f52fb2deecf847101aaaa,a8a24df14b4d3f430a28bb4b46a17ddf414ded0f60f8f1d968eb4523306bfd89,1,158,1,158,1,289,1,289
transfer_cube,Calibrated recovery,7,96016,noise_low_support,0,0,0.06414582580327988,0.0678277650102973,75e203ce75e689d3ebafd0b45d33570755c5ee40690f52fb2deecf847101aaaa,35c96f9346800922b6ee7914f275cb6e65b6ccf35ff191bb520c369442cc31af,0,-1,0,-1,0,-1,0,-1
transfer_cube,Calibrated recovery,7,96016,noise_supported,1,1,0.01670720987021923,0.0110215919977054,75e203ce75e689d3ebafd0b45d33570755c5ee40690f52fb2deecf847101aaaa,73d86504e67f35c17a977d19e147f5eb64c8da9dffe1c8eca633009f36a09115,1,157,1,161,1,235,1,235
transfer_cube,Calibrated recovery,7,96016,replan_1,1,0,0.008026818744838238,0.0,75e203ce75e689d3ebafd0b45d33570755c5ee40690f52fb2deecf847101aaaa,89f970fb0de255c81fb5f61bb6770a7b51af79bc3237ccd433be4865053e0140,1,171,1,182,1,260,1,260
transfer_cube,Calibrated recovery,7,96016,replan_1_ensemble,1,1,0.008600298167784055,0.0,75e203ce75e689d3ebafd0b45d33570755c5ee40690f52fb2deecf847101aaaa,a86b43650a55ec081cc34f35ee27aa7233ed22d2c7a30368623491929a794bf3,1,169,1,175,1,292,1,292
transfer_cube,Calibrated recovery,7,96016,replan_16,1,1,0.012907375581562519,0.0,75e203ce75e689d3ebafd0b45d33570755c5ee40690f52fb2deecf847101aaaa,c4d97517f428e709172fd6cbc7a3cf730993abccf15a4f69a510cdd6d34911c4,1,156,1,157,1,290,1,290
transfer_cube,Calibrated recovery,7,96017,nominal,1,1,0.013539289124310017,0.0,75e203ce75e689d3ebafd0b45d33570755c5ee40690f52fb2deecf847101aaaa,4c90526a656c27cc7dc1c372aec49aca3af7ae929154ab0d8c2c87cb214905bc,1,163,1,168,1,291,1,291
transfer_cube,Calibrated recovery,7,96017,observation_noise,0,0,0.07069862633943558,0.1037602330558002,75e203ce75e689d3ebafd0b45d33570755c5ee40690f52fb2deecf847101aaaa,214aa10b0ec27b82eda6213157c62b1e31b425980ff13c1bcf260e4467e60b2a,0,-1,0,-1,0,-1,0,-1
transfer_cube,Calibrated recovery,7,96017,noise_joints,0,0,0.0709504559636116,0.10321092750877142,75e203ce75e689d3ebafd0b45d33570755c5ee40690f52fb2deecf847101aaaa,bf6b5793dc2e2a32b00b4fd46ad120bffbf7f742b83b0b7e7855fa9201437ebc,0,-1,0,-1,0,-1,0,-1
transfer_cube,Calibrated recovery,7,96017,noise_objects,1,1,0.013821039348840714,0.00422260828432627,75e203ce75e689d3ebafd0b45d33570755c5ee40690f52fb2deecf847101aaaa,0412649beaa85fe66ff71ce98d9efec4aa1dc5678b07c325d7a8900e22a0ce1b,1,162,1,163,1,291,1,291
transfer_cube,Calibrated recovery,7,96017,noise_low_support,0,0,0.0710291787981987,0.099912409898825,75e203ce75e689d3ebafd0b45d33570755c5ee40690f52fb2deecf847101aaaa,ab3a10dd4ae00ce57e20df6d49b2c001edde8247fc290cf59f32524cc770a871,0,-1,0,-1,0,-1,0,-1
transfer_cube,Calibrated recovery,7,96017,noise_supported,1,1,0.01770097389817238,0.012515817140229046,75e203ce75e689d3ebafd0b45d33570755c5ee40690f52fb2deecf847101aaaa,588d92397578ca5c4510ea1e9bc8a7e6ed8dff234d1ef5d96c2243be862b6079,1,157,1,169,1,256,1,256
transfer_cube,Calibrated recovery,7,96017,replan_1,0,0,0.01125066727399826,0.0,75e203ce75e689d3ebafd0b45d33570755c5ee40690f52fb2deecf847101aaaa,075d69d7e4b8f84b68a47dfa719dbda38b4dca9aced320fa22cf77c7f325983a,1,160,0,-1,0,-1,0,-1
transfer_cube,Calibrated recovery,7,96017,replan_1_ensemble,1,1,0.008735937509773,0.0,75e203ce75e689d3ebafd0b45d33570755c5ee40690f52fb2deecf847101aaaa,d2c1ad9ecc502a2df0902e68412e9c2c7800eaaa1fd868a8c57affb30a056dc6,1,165,1,183,1,296,1,296
transfer_cube,Calibrated recovery,7,96017,replan_16,1,1,0.013544831424951553,0.0,75e203ce75e689d3ebafd0b45d33570755c5ee40690f52fb2deecf847101aaaa,20a2c0ac179f7426fe50aba85d0ed631e43970507544fa47da611c50cc5badd3,1,159,1,159,1,224,1,224
transfer_cube,Calibrated recovery,7,96018,nominal,1,1,0.018313676118850708,0.0,75e203ce75e689d3ebafd0b45d33570755c5ee40690f52fb2deecf847101aaaa,0f0a2df83e709dcb59edb96680683cd993e0207d67c2bde123338651c51dc2d8,1,155,1,160,1,280,1,280
transfer_cube,Calibrated recovery,7,96018,observation_noise,0,0,0.06458127498626709,0.0922220410592854,75e203ce75e689d3ebafd0b45d33570755c5ee40690f52fb2deecf847101aaaa,ce1e64f4ad7504f09c4f32aea2339676a27ef092dac36584a1411e39330a3453,0,-1,0,-1,0,-1,0,-1
transfer_cube,Calibrated recovery,7,96018,noise_joints,0,0,0.06439372152090073,0.09174973890185356,75e203ce75e689d3ebafd0b45d33570755c5ee40690f52fb2deecf847101aaaa,802c4aae2c885d457248f37a773a10ecc644bde245168a0434523d853f126cba,0,-1,0,-1,0,-1,0,-1
transfer_cube,Calibrated recovery,7,96018,noise_objects,1,1,0.01724397763609886,0.003869924088357948,75e203ce75e689d3ebafd0b45d33570755c5ee40690f52fb2deecf847101aaaa,9a6ff8c83a544f9f5fb157b910db83d1526b2b11a22ae365b0cea7261fc91655,1,157,1,160,1,281,1,281
transfer_cube,Calibrated recovery,7,96018,noise_low_support,0,0,0.06396155059337616,0.08925774303264916,75e203ce75e689d3ebafd0b45d33570755c5ee40690f52fb2deecf847101aaaa,983336b0328d441242bb02950bdb8607c6bc88deb11f8291d39387a7ebe1c635,0,-1,0,-1,0,-1,0,-1
transfer_cube,Calibrated recovery,7,96018,noise_supported,0,0,0.051412515342235565,0.010899155782535672,75e203ce75e689d3ebafd0b45d33570755c5ee40690f52fb2deecf847101aaaa,d31bf4ace1261533d793e17d0036390c92aaa2921d1362e353bf1e636b15a7f3,1,147,1,157,0,-1,0,-1
transfer_cube,Calibrated recovery,7,96018,replan_1,1,1,0.012713972479104996,0.0,75e203ce75e689d3ebafd0b45d33570755c5ee40690f52fb2deecf847101aaaa,73ca30c7f2334723e9a44691a3d6be905ead8fde8bebfa37706c57d3b6e29a0d,1,129,1,159,1,220,1,220
transfer_cube,Calibrated recovery,7,96018,replan_1_ensemble,1,1,0.008929750795486175,0.0,75e203ce75e689d3ebafd0b45d33570755c5ee40690f52fb2deecf847101aaaa,acb2427964e7bf3974998e5d7519c4237d0fc056ca133b0c664c2d8a95784027,1,169,1,169,1,293,1,293
transfer_cube,Calibrated recovery,7,96018,replan_16,1,1,0.014005806297063828,0.0,75e203ce75e689d3ebafd0b45d33570755c5ee40690f52fb2deecf847101aaaa,308ac953a3c653c4e0c3924757fc37902c2f88f62b106f0971ca35507569eace,1,155,1,156,1,290,1,290
transfer_cube,Calibrated recovery,7,96019,nominal,1,1,0.012975634075701237,0.0,75e203ce75e689d3ebafd0b45d33570755c5ee40690f52fb2deecf847101aaaa,317deb7ff8b00896b93e9b4c0265ba1e638cc57a0e38fba4de90cd72006db1b1,1,158,1,158,1,290,1,290
transfer_cube,Calibrated recovery,7,96019,observation_noise,0,0,0.06580650061368942,0.09069806446321309,75e203ce75e689d3ebafd0b45d33570755c5ee40690f52fb2deecf847101aaaa,08a9440b2c4c307a2ff062b7a78afef3bd87d8e305f71766a29269f1d7ef0642,0,-1,0,-1,0,-1,0,-1
transfer_cube,Calibrated recovery,7,96019,noise_joints,0,0,0.06582390516996384,0.0902819237485528,75e203ce75e689d3ebafd0b45d33570755c5ee40690f52fb2deecf847101aaaa,35331d4105f6a9b90629a36232d553b518334b91d9e633ca1b241773083b6e1e,0,-1,0,-1,0,-1,0,-1
transfer_cube,Calibrated recovery,7,96019,noise_objects,1,1,0.013315878808498383,0.0044613780884537844,75e203ce75e689d3ebafd0b45d33570755c5ee40690f52fb2deecf847101aaaa,1aa344997a325c7e39db1b5ce41e7fe47d8b9a5464823b2d4fecf4a005050a10,1,160,1,160,1,290,1,290
transfer_cube,Calibrated recovery,7,96019,noise_low_support,0,0,0.06574231386184692,0.09183766017784364,75e203ce75e689d3ebafd0b45d33570755c5ee40690f52fb2deecf847101aaaa,c71e0193895e8fb9bc70cc0d668b12542e90842eb00e356450afc1f5ce47dcfe,0,-1,0,-1,0,-1,0,-1
transfer_cube,Calibrated recovery,7,96019,noise_supported,1,1,0.017992764711380005,0.011637691408395767,75e203ce75e689d3ebafd0b45d33570755c5ee40690f52fb2deecf847101aaaa,14b856ce7ab2ee1a9223c44549f43db00026f00b0140ee083a79227a64d4690c,1,161,1,161,1,235,1,235
transfer_cube,Calibrated recovery,7,96019,replan_1,1,0,0.013934176415205002,0.0,75e203ce75e689d3ebafd0b45d33570755c5ee40690f52fb2deecf847101aaaa,4db781bd079169da48c024d7488fb859b80fdc8c49c7e1932054441ed7e743dc,1,148,1,172,1,231,1,231
transfer_cube,Calibrated recovery,7,96019,replan_1_ensemble,1,1,0.008547055324618847,0.0,75e203ce75e689d3ebafd0b45d33570755c5ee40690f52fb2deecf847101aaaa,a7010f8d2787e8231fab1ae1c8b342fcb712d2fbe4951eda913eb186d23967d8,1,172,1,173,1,293,1,293
transfer_cube,Calibrated recovery,7,96019,replan_16,1,1,0.012829660438001156,0.0,75e203ce75e689d3ebafd0b45d33570755c5ee40690f52fb2deecf847101aaaa,abb11a9755fa2534c5cba848028860063f1973ddd7dbe0939b329940c100c2c2,1,157,1,159,1,290,1,290
transfer_cube,Calibrated recovery,11,96000,nominal,1,1,0.014735856093466282,0.0,7aa82396673b410466e396b9c263567fd8fb8b405824b610fba314a070d94029,1a863463d005c8a5d7220d7b4676113abf0cfeb14c92afafd6993569bd3ac4af,1,149,1,159,1,223,1,223
transfer_cube,Calibrated recovery,11,96000,observation_noise,0,0,0.07393334805965424,0.0769582443870604,7aa82396673b410466e396b9c263567fd8fb8b405824b610fba314a070d94029,785d34ccc9e4b313b3ea44d2f8a107e329816cf25d78460e71d77f6787519e0b,0,-1,0,-1,0,-1,0,-1
transfer_cube,Calibrated recovery,11,96000,noise_joints,0,0,0.0739697590470314,0.07689880915917456,7aa82396673b410466e396b9c263567fd8fb8b405824b610fba314a070d94029,1dc16d8b52a213f9359cc87607e9ae4b5c30bf258523f2aa23286c817c9fea15,0,-1,0,-1,0,-1,0,-1
transfer_cube,Calibrated recovery,11,96000,noise_objects,1,1,0.014950228855013847,0.0037843001098372044,7aa82396673b410466e396b9c263567fd8fb8b405824b610fba314a070d94029,17442650a131adf92007188c33a62d8d58598cd5162bb11e3201a8d095fafd05,1,146,1,148,1,220,1,220
transfer_cube,Calibrated recovery,11,96000,noise_low_support,0,0,0.07415821403265,0.07277539691887797,7aa82396673b410466e396b9c263567fd8fb8b405824b610fba314a070d94029,e725b3742408a2edba21c09d4cf2ae6ffd9b3c19b7a8a4e7cb6bf8d1c219b937,0,-1,0,-1,0,-1,0,-1
transfer_cube,Calibrated recovery,11,96000,noise_supported,1,0,0.04523821920156479,0.013602266218513251,7aa82396673b410466e396b9c263567fd8fb8b405824b610fba314a070d94029,c1f4f0cfdf86809e455196b58a5fa54c0a3c2fa909be293036fd3b578e964093,1,148,1,160,1,234,1,234
transfer_cube,Calibrated recovery,11,96000,replan_1,0,0,0.0040681916289031506,0.0,7aa82396673b410466e396b9c263567fd8fb8b405824b610fba314a070d94029,8f06500e06bcb83053f5dc0ef76cb7e4dc168d56b287fa668d6555b221e6c42a,0,-1,0,-1,0,-1,0,-1
transfer_cube,Calibrated recovery,11,96000,replan_1_ensemble,1,1,0.008840624293110827,0.0,7aa82396673b410466e396b9c263567fd8fb8b405824b610fba314a070d94029,4aeebbb8b667614674c87eac54203430c0fac3919985f851d37d0e33416066e5,1,154,1,162,1,231,1,231
transfer_cube,Calibrated recovery,11,96000,replan_16,1,1,0.01343175396323204,0.0,7aa82396673b410466e396b9c263567fd8fb8b405824b610fba314a070d94029,47377b792551cda770e0186a24c396b281ff459544093796e04cf7adabffe278,1,142,1,156,1,289,1,289
transfer_cube,Calibrated recovery,11,96001,nominal,1,1,0.012960180640220642,0.0,7aa82396673b410466e396b9c263567fd8fb8b405824b610fba314a070d94029,2a9445aff891c65078b7d45b706f9c051b7faa24149afc1941bc2248a51e5f37,1,154,1,154,1,291,1,291
transfer_cube,Calibrated recovery,11,96001,observation_noise,0,0,0.07754300534725189,0.09212353484705091,7aa82396673b410466e396b9c263567fd8fb8b405824b610fba314a070d94029,e9c8addba41975731ea07543705af3d0f11049ffc4fbac861e48f2bc4dad836d,0,-1,0,-1,0,-1,0,-1
transfer_cube,Calibrated recovery,11,96001,noise_joints,0,0,0.07766658812761307,0.09244653748348355,7aa82396673b410466e396b9c263567fd8fb8b405824b610fba314a070d94029,f93f7f1af58b53004f02487ed46afd2ba577dc37876fcf21688fd0f17817febf,0,-1,0,-1,0,-1,0,-1
transfer_cube,Calibrated recovery,11,96001,noise_objects,1,1,0.013274558819830418,0.003964872708311304,7aa82396673b410466e396b9c263567fd8fb8b405824b610fba314a070d94029,cecc6c8b67c6cbeb6460d37a3c2d6a0372f288e4326966c2b24122841de467ef,1,155,1,159,1,290,1,290
transfer_cube,Calibrated recovery,11,96001,noise_low_support,0,0,0.07718338072299957,0.09312151331454516,7aa82396673b410466e396b9c263567fd8fb8b405824b610fba314a070d94029,b95b09a89858fe0474f4c28069b56ba32dabe1086dc46435b89cc8e2d4e59b40,0,-1,0,-1,0,-1,0,-1
transfer_cube,Calibrated recovery,11,96001,noise_supported,0,0,0.0828416645526886,0.009224473535723518,7aa82396673b410466e396b9c263567fd8fb8b405824b610fba314a070d94029,5008de1d2a0c1c398980eae3a60fe4472f0b5f3b16623a7e8d4a35fdd24249aa,1,159,1,160,0,-1,0,-1
transfer_cube,Calibrated recovery,11,96001,replan_1,0,0,0.005202210042625666,0.0,7aa82396673b410466e396b9c263567fd8fb8b405824b610fba314a070d94029,6b127f87ee0eefd7dfe659e303a7272cce13a6ba5373009d2d46074194b5d1cd,0,-1,0,-1,0,-1,0,-1
transfer_cube,Calibrated recovery,11,96001,replan_1_ensemble,1,1,0.008733412685484039,0.0,7aa82396673b410466e396b9c263567fd8fb8b405824b610fba314a070d94029,42ff380007a680fe4ebfa4f6d857c5e5739e3e6585d94acf65028b647a11e037,1,168,1,170,1,294,1,294
transfer_cube,Calibrated recovery,11,96001,replan_16,1,1,0.013060739263892174,0.0,7aa82396673b410466e396b9c263567fd8fb8b405824b610fba314a070d94029,ee9c081b56b4307c506ec0ba48f60ea082d97232aab5b5fd9f5104400edab2cd,1,157,1,160,1,290,1,290
transfer_cube,Calibrated recovery,11,96002,nominal,1,1,0.013119356706738472,0.0,7aa82396673b410466e396b9c263567fd8fb8b405824b610fba314a070d94029,fcd131b70c524e3335441b2f34e11d047e2458a4615d838ac2db2a5c89608501,1,154,1,154,1,292,1,292
transfer_cube,Calibrated recovery,11,96002,observation_noise,0,0,0.07659107446670532,0.10040502015501261,7aa82396673b410466e396b9c263567fd8fb8b405824b610fba314a070d94029,035d7fd4d2a94fb3d9c8fcf2f133d1706edcc23f62aab30334a2645b1da99161,0,-1,0,-1,0,-1,0,-1
transfer_cube,Calibrated recovery,11,96002,noise_joints,0,0,0.07650382071733475,0.09942202340811492,7aa82396673b410466e396b9c263567fd8fb8b405824b610fba314a070d94029,c59db2751bd24aabac5c8110d440314415b8b113cd8459c54236dba68710bde7,0,-1,0,-1,0,-1,0,-1
transfer_cube,Calibrated recovery,11,96002,noise_objects,1,1,0.01346428319811821,0.0033624969486845658,7aa82396673b410466e396b9c263567fd8fb8b405824b610fba314a070d94029,9fae0080cac20a9e5d5171ab4709a25f3e528cd3c14ed60067da88eeaa210453,1,153,1,154,1,290,1,290
transfer_cube,Calibrated recovery,11,96002,noise_low_support,0,0,0.07508540153503418,0.09399063647724688,7aa82396673b410466e396b9c263567fd8fb8b405824b610fba314a070d94029,e6cad794856b31826d43c3004a3eda46768a0a598f8da345119becce2356bf1f,0,-1,0,-1,0,-1,0,-1
transfer_cube,Calibrated recovery,11,96002,noise_supported,1,1,0.01761535182595253,0.01089118495117873,7aa82396673b410466e396b9c263567fd8fb8b405824b610fba314a070d94029,b380e0c8b0cdac00516140a538b3b7eb87a85e7d3ce63d31c625d156a511172d,1,150,1,153,1,290,1,290
transfer_cube,Calibrated recovery,11,96002,replan_1,0,0,0.005211402662098408,0.0,7aa82396673b410466e396b9c263567fd8fb8b405824b610fba314a070d94029,0f1645e24063327ac8057a2ad202a7da6fd9a0f45e74f1679cbd277cd86d7abe,0,-1,0,-1,0,-1,0,-1
transfer_cube,Calibrated recovery,11,96002,replan_1_ensemble,1,1,0.008771747145805192,0.0,7aa82396673b410466e396b9c263567fd8fb8b405824b610fba314a070d94029,06dbede60dd1cf3e99a2bcd01e79ef2b7bae2bbd99cc8e4c3ad9d585be0698fa,1,170,1,172,1,294,1,294
transfer_cube,Calibrated recovery,11,96002,replan_16,1,1,0.013193588703870773,0.0,7aa82396673b410466e396b9c263567fd8fb8b405824b610fba314a070d94029,038538ac50e8289b806098992656b35762d20d29222a27b20b6c04979eda78d5,1,155,1,160,1,289,1,289
transfer_cube,Calibrated recovery,11,96003,nominal,0,0,0.048944469541311264,0.0,7aa82396673b410466e396b9c263567fd8fb8b405824b610fba314a070d94029,473e0da247577501aaeac2121f4b6ac1ab30521e877cbbc214319eddee7bca7d,1,122,0,-1,0,-1,0,-1
transfer_cube,Calibrated recovery,11,96003,observation_noise,0,0,0.07413432002067566,0.0839555530436337,7aa82396673b410466e396b9c263567fd8fb8b405824b610fba314a070d94029,6ca4520db25d5d9755f10e317482a597dfc4d6840ee8d4a5723d0f2e0632ccd8,1,115,0,-1,0,-1,0,-1
transfer_cube,Calibrated recovery,11,96003,noise_joints,0,0,0.07102808356285095,0.08264658588916063,7aa82396673b410466e396b9c263567fd8fb8b405824b610fba314a070d94029,fd0b0805c682dd806e97731b63adfeda0afab7aaa08791f57ac9edeedb9718ff,1,114,1,118,0,-1,0,-1
transfer_cube,Calibrated recovery,11,96003,noise_objects,0,0,0.0493646003305912,0.0035668763681314885,7aa82396673b410466e396b9c263567fd8fb8b405824b610fba314a070d94029,bb90c9f5e7973062df814677150378d1989516c2992b677e4ea2588f5f63aa7a,1,122,0,-1,0,-1,0,-1
transfer_cube,Calibrated recovery,11,96003,noise_low_support,0,0,0.07361152023077011,0.08183502306230367,7aa82396673b410466e396b9c263567fd8fb8b405824b610fba314a070d94029,0815b08419f7f5d860ccc69d101d375e3933f034f65358c3a77ac4522b9b1719,1,114,0,-1,0,-1,0,-1
transfer_cube,Calibrated recovery,11,96003,noise_supported,0,0,0.04940422996878624,0.013911487148143352,7aa82396673b410466e396b9c263567fd8fb8b405824b610fba314a070d94029,d188ae42abde7f0c8ce19cf3250699d3bf619693c46e4b32884cd0bfd38f9ace,1,120,0,-1,0,-1,0,-1
transfer_cube,Calibrated recovery,11,96003,replan_1,0,0,0.0031498128082603216,0.0,7aa82396673b410466e396b9c263567fd8fb8b405824b610fba314a070d94029,aba2a4e7eaddee22b4ed84634c2cdcdf28b99dbd20f95c63401ce11e5374e1dc,0,-1,0,-1,0,-1,0,-1
transfer_cube,Calibrated recovery,11,96003,replan_1_ensemble,0,0,0.010270353330585085,0.0,7aa82396673b410466e396b9c263567fd8fb8b405824b610fba314a070d94029,51cfa9e0086ec4aa4969f89db68a8afad0f387d93ae58d8fbf2f0bd3b0241e2b,1,139,0,-1,0,-1,0,-1
transfer_cube,Calibrated recovery,11,96003,replan_16,0,0,0.05569075793027878,0.0,7aa82396673b410466e396b9c263567fd8fb8b405824b610fba314a070d94029,6ed04db700d8e17eb69e245337d0c22ca409ced0fc24f649c9c9c11255162b3a,1,125,0,-1,0,-1,0,-1
transfer_cube,Calibrated recovery,11,96004,nominal,1,1,0.014532053843140602,0.0,7aa82396673b410466e396b9c263567fd8fb8b405824b610fba314a070d94029,9a4496490b9b1fb87310b9baccff41fdb1d6f28094bc210d5daf1c90d82ec491,1,158,1,160,1,289,1,289
transfer_cube,Calibrated recovery,11,96004,observation_noise,0,0,0.07435129582881927,0.09266091542318464,7aa82396673b410466e396b9c263567fd8fb8b405824b610fba314a070d94029,1719355e469f405346aafc119f794b517e0eced8db390439b50f0eccfb5a2c35,0,-1,0,-1,0,-1,0,-1
transfer_cube,Calibrated recovery,11,96004,noise_joints,0,0,0.07367757707834244,0.091862888392061,7aa82396673b410466e396b9c263567fd8fb8b405824b610fba314a070d94029,8e765add28091dd39c170c6c2d4ea8d6263754f69fd17a7821534c2e60bd3062,0,-1,0,-1,0,-1,0,-1
transfer_cube,Calibrated recovery,11,96004,noise_objects,0,0,0.04154615104198456,0.003323274255963042,7aa82396673b410466e396b9c263567fd8fb8b405824b610fba314a070d94029,db977ca056c13ee135c78adab41afc989c81ad929f5ee16741d4ad52a31fe248,0,-1,0,-1,0,-1,0,-1
transfer_cube,Calibrated recovery,11,96004,noise_low_support,0,0,0.0723356381058693,0.09253797949291766,7aa82396673b410466e396b9c263567fd8fb8b405824b610fba314a070d94029,b90cb5616bded6b5e950b33aeac77159e48f98cd6eccd5b61ab7e39b9f2952a3,0,-1,0,-1,0,-1,0,-1
transfer_cube,Calibrated recovery,11,96004,noise_supported,0,0,0.0458313524723053,0.01895487300120294,7aa82396673b410466e396b9c263567fd8fb8b405824b610fba314a070d94029,a175565cee6ac8afe633277d47aed37be76a45c8b480f3af262bee648ccaa269,0,-1,0,-1,0,-1,0,-1
transfer_cube,Calibrated recovery,11,96004,replan_1,0,0,0.01219122763723135,0.0,7aa82396673b410466e396b9c263567fd8fb8b405824b610fba314a070d94029,20367f1932727b7404eb8413445c614cfde8a4e904bfb836382e77c0422ac786,0,-1,0,-1,0,-1,0,-1
transfer_cube,Calibrated recovery,11,96004,replan_1_ensemble,1,1,0.009469428130337403,0.0,7aa82396673b410466e396b9c263567fd8fb8b405824b610fba314a070d94029,94d08d89ad453632da0ba926ebe6df9bf696ddb6b464f584051943cd195d3107,1,171,1,175,1,291,1,291
transfer_cube,Calibrated recovery,11,96004,replan_16,1,1,0.01426287367939949,0.0,7aa82396673b410466e396b9c263567fd8fb8b405824b610fba314a070d94029,872a050e896be3970a2f0bb382fb3ab28e727fc069baee0ce517b65a2a19eaf9,1,158,1,158,1,288,1,288
transfer_cube,Calibrated recovery,11,96005,nominal,1,1,0.013998591341078281,0.0,7aa82396673b410466e396b9c263567fd8fb8b405824b610fba314a070d94029,6c673fc434ab2de01b2ef9a18578bc07e8f83bb0dcf120b13f4b44a2e184d940,1,152,1,152,1,291,1,291
transfer_cube,Calibrated recovery,11,96005,observation_noise,0,0,0.06969103217124939,0.07243852872401475,7aa82396673b410466e396b9c263567fd8fb8b405824b610fba314a070d94029,416c942c50b1e9cbd7dd5c835905c357bb2e05370f085ce3660dec7a24fc7cb7,0,-1,0,-1,0,-1,0,-1
transfer_cube,Calibrated recovery,11,96005,noise_joints,0,0,0.06973227858543396,0.07198058338835836,7aa82396673b410466e396b9c263567fd8fb8b405824b610fba314a070d94029,286a7df114323532ca3c8f8de3baa2148e60634adf6411ba6ab2f6580cfe4622,0,-1,0,-1,0,-1,0,-1
transfer_cube,Calibrated recovery,11,96005,noise_objects,1,1,0.014304622076451778,0.0036481330788228662,7aa82396673b410466e396b9c263567fd8fb8b405824b610fba314a070d94029,eb4f96dbaab13babec1a0c9e2e8d7b3fc8cbb03a92d513522a2b1d10b9d7c17d,1,153,1,153,1,289,1,289
transfer_cube,Calibrated recovery,11,96005,noise_low_support,0,0,0.06816697865724564,0.06896071617724374,7aa82396673b410466e396b9c263567fd8fb8b405824b610fba314a070d94029,b21c797ccafb1782e4735199a66a8d763308a5490ef510d39f54f3bf3c9b7703,0,-1,0,-1,0,-1,0,-1
transfer_cube,Calibrated recovery,11,96005,noise_supported,1,1,0.023077886551618576,0.013479944760911166,7aa82396673b410466e396b9c263567fd8fb8b405824b610fba314a070d94029,3697b4ca7570fc6a11204eeeffa8c427ac751b001f3aab51e635c5f0ede742f1,1,146,1,152,1,275,1,275
transfer_cube,Calibrated recovery,11,96005,replan_1,0,0,0.005248416215181351,0.0,7aa82396673b410466e396b9c263567fd8fb8b405824b610fba314a070d94029,a774a0a94bd5102461d16e12e309662db3153e015ce6bd74b57e5d464c9036bb,0,-1,0,-1,0,-1,0,-1
transfer_cube,Calibrated recovery,11,96005,replan_1_ensemble,0,0,0.007001198239204158,0.0,7aa82396673b410466e396b9c263567fd8fb8b405824b610fba314a070d94029,837dbeb7aa36a4b70890636e8a638ac1567f85063ff5b53c3007a0ec9de86012,0,-1,0,-1,0,-1,0,-1
transfer_cube,Calibrated recovery,11,96005,replan_16,1,1,0.013701731339097023,0.0,7aa82396673b410466e396b9c263567fd8fb8b405824b610fba314a070d94029,087cb56572174a9f51adbeec3a4411900914e9b989d490962bc8821f667bf7aa,1,153,1,154,1,289,1,289
transfer_cube,Calibrated recovery,11,96006,nominal,1,1,0.014240959659218788,0.0,7aa82396673b410466e396b9c263567fd8fb8b405824b610fba314a070d94029,39ebcd148b7b7ee061db3a10eeda0c781a0f73e2e716a2dd73cf08cdf2e748f2,1,150,1,153,1,290,1,290
transfer_cube,Calibrated recovery,11,96006,observation_noise,0,0,0.07466758787631989,0.034465048224883506,7aa82396673b410466e396b9c263567fd8fb8b405824b610fba314a070d94029,17fd9d65f73f00f41a8e5512ef1b1dd0e17d13d58b00b3c412ecf17d000c1890,1,104,1,129,0,-1,0,-1
transfer_cube,Calibrated recovery,11,96006,noise_joints,0,0,0.07350271940231323,0.0775072236545384,7aa82396673b410466e396b9c263567fd8fb8b405824b610fba314a070d94029,d931f17086b5fd3c59a3891d7a7ab95027604b52c976f79ec47a6fb337ff64f7,1,104,0,-1,0,-1,0,-1
transfer_cube,Calibrated recovery,11,96006,noise_objects,1,1,0.014334485866129398,0.0031982689001597464,7aa82396673b410466e396b9c263567fd8fb8b405824b610fba314a070d94029,8b75b0d73224f9e86f6bd4f8f634d425ef64fbfab78bfa14aff799dc8254777f,1,149,1,163,1,292,1,292
transfer_cube,Calibrated recovery,11,96006,noise_low_support,0,0,0.06573396176099777,0.08268673137528822,7aa82396673b410466e396b9c263567fd8fb8b405824b610fba314a070d94029,f570c2317a09cb3f26fcad19fd2229a5412db65ae0c41ba06fa6c82a693ed5a9,1,94,1,123,0,-1,0,-1
transfer_cube,Calibrated recovery,11,96006,noise_supported,0,0,0.04372779652476311,0.014781295717693866,7aa82396673b410466e396b9c263567fd8fb8b405824b610fba314a070d94029,843bdfc166e795fd23af11e5b196e9d494ce5147855de19d327d8d88cae5d9ef,1,142,1,144,0,-1,0,-1
transfer_cube,Calibrated recovery,11,96006,replan_1,0,0,0.0036293966695666313,0.0,7aa82396673b410466e396b9c263567fd8fb8b405824b610fba314a070d94029,50b9b2b41f5aaed73fff0e2cdd39211fa1734babbeb3b5bcaec3b731084ba465,0,-1,0,-1,0,-1,0,-1
transfer_cube,Calibrated recovery,11,96006,replan_1_ensemble,1,1,0.009128937536645032,0.0,7aa82396673b410466e396b9c263567fd8fb8b405824b610fba314a070d94029,4379c5acb9d35f4fdbdf36c06e011ee554bf5e07661502d6dd4ddbb407123f68,1,163,1,174,1,290,1,290
transfer_cube,Calibrated recovery,11,96006,replan_16,1,1,0.013600865378975868,0.0,7aa82396673b410466e396b9c263567fd8fb8b405824b610fba314a070d94029,f66c5e9ac109431fd8c98d8b89006d67c67350df933299dedabbe2eedfc6a439,1,149,1,160,1,291,1,291
transfer_cube,Calibrated recovery,11,96007,nominal,0,0,0.04649921506643295,0.0,7aa82396673b410466e396b9c263567fd8fb8b405824b610fba314a070d94029,698c804bfca03d766f0a9c65a06c4992b5f75353648aacc06045eb715c6eda89,1,130,1,143,0,-1,0,-1
transfer_cube,Calibrated recovery,11,96007,observation_noise,0,0,0.07657404243946075,0.08492386680096388,7aa82396673b410466e396b9c263567fd8fb8b405824b610fba314a070d94029,5f84e508437383cc4c7dd3ba891aacd35daeaf4804a84aa10f7a0cd200d98035,1,121,1,126,0,-1,0,-1
transfer_cube,Calibrated recovery,11,96007,noise_joints,0,0,0.10748188942670822,0.05059580269706203,7aa82396673b410466e396b9c263567fd8fb8b405824b610fba314a070d94029,4989cfd4a2d4aa0c2390c56182fefee10c0db227bd6feadff673a2811b7b6ced,1,121,0,-1,0,-1,0,-1
transfer_cube,Calibrated recovery,11,96007,noise_objects,1,1,0.016849346458911896,0.0038330786529695614,7aa82396673b410466e396b9c263567fd8fb8b405824b610fba314a070d94029,0715da54c52c9d45d503c59d6f8164d6193bf707cefebd5b8a63795ee0ba6a27,1,129,1,150,1,287,1,287
transfer_cube,Calibrated recovery,11,96007,noise_low_support,0,0,0.07398279756307602,0.07805703635327518,7aa82396673b410466e396b9c263567fd8fb8b405824b610fba314a070d94029,8610b738f9a34fe8260dcce7f60e27ff15894c48a481419deb664ec9135eb4a0,1,121,1,122,0,-1,0,-1
transfer_cube,Calibrated recovery,11,96007,noise_supported,0,0,0.04480656608939171,0.014953736448660493,7aa82396673b410466e396b9c263567fd8fb8b405824b610fba314a070d94029,5b4d2492a48f35471f263f66303c9ed79663b33f5b25a473fa883ea913236765,1,137,1,161,0,-1,0,-1
transfer_cube,Calibrated recovery,11,96007,replan_1,0,0,0.0034378627315163612,0.0,7aa82396673b410466e396b9c263567fd8fb8b405824b610fba314a070d94029,9ad7098db466a3ae944d7885b2c3e1eb75b691ae113fd682730e9937d2270839,0,-1,0,-1,0,-1,0,-1
transfer_cube,Calibrated recovery,11,96007,replan_1_ensemble,1,1,0.009443829257702967,0.0,7aa82396673b410466e396b9c263567fd8fb8b405824b610fba314a070d94029,368718883c84fa7b75fbe7b1b660fa701ff34aa4f40443dfec95c228f074fd25,1,167,1,170,1,290,1,290
transfer_cube,Calibrated recovery,11,96007,replan_16,1,1,0.01455526240170002,0.0,7aa82396673b410466e396b9c263567fd8fb8b405824b610fba314a070d94029,b33f62b77d0211daa53277cda8480835855b433a8a57894f4507a7551fec6f8a,1,129,1,134,1,290,1,290
transfer_cube,Calibrated recovery,11,96008,nominal,1,1,0.01355727668851614,0.0,7aa82396673b410466e396b9c263567fd8fb8b405824b610fba314a070d94029,dfd75497a0b3bbc5527f5cf536700299b00aeb8c5e002fff7c670359335ec9ee,1,159,1,163,1,291,1,291
transfer_cube,Calibrated recovery,11,96008,observation_noise,0,0,0.06776890158653259,0.07502535261213779,7aa82396673b410466e396b9c263567fd8fb8b405824b610fba314a070d94029,8d927d155cb37a7236e37be69028502a287cff67273f856c81454ff1d60f56b0,0,-1,0,-1,0,-1,0,-1
transfer_cube,Calibrated recovery,11,96008,noise_joints,0,0,0.06906674057245255,0.07481498654931784,7aa82396673b410466e396b9c263567fd8fb8b405824b610fba314a070d94029,196a5352bfff98dad9c890a1e2b2a6f273e80fc48f6e631cf954a5131ebe56ec,0,-1,0,-1,0,-1,0,-1
transfer_cube,Calibrated recovery,11,96008,noise_objects,1,1,0.013951180502772331,0.00417655247845687,7aa82396673b410466e396b9c263567fd8fb8b405824b610fba314a070d94029,027756d27b9d58195af325f5b757b5fa19ef711ec18e4d17e51784322dc5ca97,1,158,1,161,1,290,1,290
transfer_cube,Calibrated recovery,11,96008,noise_low_support,0,0,0.06814245879650116,0.07017508895427454,7aa82396673b410466e396b9c263567fd8fb8b405824b610fba314a070d94029,19afed7afa8a6f558407dc9f315fa7e29054974fa68afa0597f6dd474440f104,0,-1,0,-1,0,-1,0,-1
transfer_cube,Calibrated recovery,11,96008,noise_supported,1,1,0.020124664530158043,0.011337244044989347,7aa82396673b410466e396b9c263567fd8fb8b405824b610fba314a070d94029,451f47803603098abd7cd0046a7ad0d1e4cba70b5f3bc46d7f61dce5c3ffd846,1,146,1,148,1,221,1,221
transfer_cube,Calibrated recovery,11,96008,replan_1,0,0,0.01088380441069603,0.0,7aa82396673b410466e396b9c263567fd8fb8b405824b610fba314a070d94029,b7904b690da6ce575e03b44cf2c80b12f0d3f53e3dc0d590831a29711d5e7226,0,-1,0,-1,0,-1,0,-1
transfer_cube,Calibrated recovery,11,96008,replan_1_ensemble,1,1,0.009088625336052156,0.0,7aa82396673b410466e396b9c263567fd8fb8b405824b610fba314a070d94029,3aed0dd1712e545a783a77322b7c33ec3b530c401637a272b4f6534c43acaaae,1,170,1,174,1,291,1,291
transfer_cube,Calibrated recovery,11,96008,replan_16,1,1,0.013524619862437248,0.0,7aa82396673b410466e396b9c263567fd8fb8b405824b610fba314a070d94029,1bb32a675188053783d8c11f32a40a4aa2a8ff0190eb446bc5ba18be6473e4d6,1,156,1,158,1,290,1,290
transfer_cube,Calibrated recovery,11,96009,nominal,1,1,0.013235602527856827,0.0,7aa82396673b410466e396b9c263567fd8fb8b405824b610fba314a070d94029,56e5c4b609bf79d90b5cbc80f706d40ad8bd2bb2d485799566df598be4594597,1,153,1,154,1,292,1,292
transfer_cube,Calibrated recovery,11,96009,observation_noise,0,0,0.07468102872371674,0.09271539984270931,7aa82396673b410466e396b9c263567fd8fb8b405824b610fba314a070d94029,f679aa84a484232367d2d01cc2eb36a1b1e6ab15e6b9b05181d701fd47a9848a,0,-1,0,-1,0,-1,0,-1
transfer_cube,Calibrated recovery,11,96009,noise_joints,0,0,0.07394945621490479,0.09344025989994406,7aa82396673b410466e396b9c263567fd8fb8b405824b610fba314a070d94029,bf70c54e70dd4135e7ae38e2b825201b6d4b9c1372c645a5a532f5dff37c47bc,0,-1,0,-1,0,-1,0,-1
transfer_cube,Calibrated recovery,11,96009,noise_objects,1,1,0.013533568941056728,0.0038548913202248515,7aa82396673b410466e396b9c263567fd8fb8b405824b610fba314a070d94029,a07e6f58cb26600492fbed090c11da9cd5e8b9201161f3697e34f17bd09ccc7f,1,153,1,153,1,289,1,289
transfer_cube,Calibrated recovery,11,96009,noise_low_support,0,0,0.07532928138971329,0.08774692279286683,7aa82396673b410466e396b9c263567fd8fb8b405824b610fba314a070d94029,9613ebb74ad91064acc67c6288ad54f9aad915f40e1c17c5e5558f086dd3547e,0,-1,0,-1,0,-1,0,-1
transfer_cube,Calibrated recovery,11,96009,noise_supported,1,1,0.02013665996491909,0.012884050635620951,7aa82396673b410466e396b9c263567fd8fb8b405824b610fba314a070d94029,e6ac8ed5fc0898aa8247c949b60cba5b08e2d3729d3cafc8b18be1d88332dd73,1,143,1,152,1,220,1,220
transfer_cube,Calibrated recovery,11,96009,replan_1,0,0,0.005309219006448984,0.0,7aa82396673b410466e396b9c263567fd8fb8b405824b610fba314a070d94029,644a3a667ec2a23d527bc81dc3d0df5d251c0949ed9a1f14d1fc66759df49776,0,-1,0,-1,0,-1,0,-1
transfer_cube,Calibrated recovery,11,96009,replan_1_ensemble,0,0,0.010937182637853697,0.0,7aa82396673b410466e396b9c263567fd8fb8b405824b610fba314a070d94029,57441e358d644fc23b609312c39cbc22de345c5098215bedefb4e3123d48e620,1,165,1,172,0,-1,0,-1
transfer_cube,Calibrated recovery,11,96009,replan_16,1,1,0.013197745196521282,0.0,7aa82396673b410466e396b9c263567fd8fb8b405824b610fba314a070d94029,f10a42584d4f7ee7486e8b67b350b6c5271d1a2e6be7ea747338c5c887c2f4cb,1,154,1,154,1,290,1,290
transfer_cube,Calibrated recovery,11,96010,nominal,1,1,0.012708554975688457,0.0,7aa82396673b410466e396b9c263567fd8fb8b405824b610fba314a070d94029,382363dcf78e2104cbd66bc8508e8aa8031bfdc54eae781afa24cd03854701b6,1,155,1,162,1,292,1,292
transfer_cube,Calibrated recovery,11,96010,observation_noise,0,0,0.07607737183570862,0.08968438684940339,7aa82396673b410466e396b9c263567fd8fb8b405824b610fba314a070d94029,017cef67682d97be03f913ea9a3a8f16a2044d210f2e8161fbce4bd9652c4755,0,-1,0,-1,0,-1,0,-1
transfer_cube,Calibrated recovery,11,96010,noise_joints,0,0,0.07525254786014557,0.08389626000076532,7aa82396673b410466e396b9c263567fd8fb8b405824b610fba314a070d94029,27143f0d8c92110ea7afe1663637eaf05b01bcd7ca55a0398114035f1e428845,0,-1,0,-1,0,-1,0,-1
transfer_cube,Calibrated recovery,11,96010,noise_objects,1,1,0.013036971911787987,0.0038153536641038956,7aa82396673b410466e396b9c263567fd8fb8b405824b610fba314a070d94029,fae735db6da8c5b38aa70183984ec2916128543ff5017796325ade47918a28cc,1,154,1,161,1,293,1,293
transfer_cube,Calibrated recovery,11,96010,noise_low_support,0,0,0.08404231071472168,0.0890512290270999,7aa82396673b410466e396b9c263567fd8fb8b405824b610fba314a070d94029,4766baf08f1153851cd4b5d096dc95ff6e8beed86ca2e35dd181125debff85f0,0,-1,0,-1,0,-1,0,-1
transfer_cube,Calibrated recovery,11,96010,noise_supported,1,1,0.01737091690301895,0.012303489230107515,7aa82396673b410466e396b9c263567fd8fb8b405824b610fba314a070d94029,fbd3677bd942ce52079f83fc23f8a01c2ebeda886f8685d8b56a3cd3efa777a4,1,164,1,164,1,290,1,290
transfer_cube,Calibrated recovery,11,96010,replan_1,0,0,0.0051429616287350655,0.0,7aa82396673b410466e396b9c263567fd8fb8b405824b610fba314a070d94029,ddfd750688d8aec547944973780ac8e346a3af1edc2002e84d9a49f653640115,0,-1,0,-1,0,-1,0,-1
transfer_cube,Calibrated recovery,11,96010,replan_1_ensemble,1,1,0.008714786129158743,0.0,7aa82396673b410466e396b9c263567fd8fb8b405824b610fba314a070d94029,48209dab086f80ed115513bc67a2ff7fb6571dea1ad6d260bac594699ccee757,1,166,1,170,1,294,1,294
transfer_cube,Calibrated recovery,11,96010,replan_16,1,1,0.01287898514419794,0.0,7aa82396673b410466e396b9c263567fd8fb8b405824b610fba314a070d94029,b3f839d3c7f1ff26b8ceb49db7d851017d9476b0f612d4c6825356727404d140,1,155,1,161,1,290,1,290
transfer_cube,Calibrated recovery,11,96011,nominal,1,1,0.012813261710107327,0.0,7aa82396673b410466e396b9c263567fd8fb8b405824b610fba314a070d94029,5fc172acc6686fd389dc347547409efcdc9af96e41e87bf466207581291460fc,1,154,1,154,1,291,1,291
transfer_cube,Calibrated recovery,11,96011,observation_noise,0,0,0.060914069414138794,0.06260731177404523,7aa82396673b410466e396b9c263567fd8fb8b405824b610fba314a070d94029,78a2f15d043dfeff8f5dceae7ea67ef2ca356bba029ca6f61228734e8baf21ac,0,-1,0,-1,0,-1,0,-1
transfer_cube,Calibrated recovery,11,96011,noise_joints,0,0,0.06377468258142471,0.05966112723574042,7aa82396673b410466e396b9c263567fd8fb8b405824b610fba314a070d94029,f345437374ca2ced1176ee73d653c5c9bc77335b50dc67ae85a2a45d092a4968,0,-1,0,-1,0,-1,0,-1
transfer_cube,Calibrated recovery,11,96011,noise_objects,1,1,0.013054476119577885,0.003798418596852571,7aa82396673b410466e396b9c263567fd8fb8b405824b610fba314a070d94029,6879380f3e586493c0a73df7c8a0d681988f419d4e24de09544aa757e7d61367,1,154,1,154,1,293,1,293
transfer_cube,Calibrated recovery,11,96011,noise_low_support,0,0,0.060952041298151016,0.06155537285842001,7aa82396673b410466e396b9c263567fd8fb8b405824b610fba314a070d94029,0cad2fe87ed3e7d3bde89e3b9d60cabe4dbc3dd38b8328dc8b3c8f9e97a2acb9,1,153,1,153,0,-1,0,-1
transfer_cube,Calibrated recovery,11,96011,noise_supported,1,1,0.017330121248960495,0.011987824691459537,7aa82396673b410466e396b9c263567fd8fb8b405824b610fba314a070d94029,a17fa09440da30465ad1591f112878b8dacd17d6d1ee1b139787600ee9fcd761,1,151,1,153,1,291,1,291
transfer_cube,Calibrated recovery,11,96011,replan_1,0,0,0.0052378252148628235,0.0,7aa82396673b410466e396b9c263567fd8fb8b405824b610fba314a070d94029,541a572cd0f8414aff8d71f10f7219516fa0a37e9a47767a2375cb31f227245b,0,-1,0,-1,0,-1,0,-1
transfer_cube,Calibrated recovery,11,96011,replan_1_ensemble,1,1,0.008718420350699599,0.0,7aa82396673b410466e396b9c263567fd8fb8b405824b610fba314a070d94029,28371111b7041bed52a55789f5f9277e5a2c7ad024641d1e022f5d4c3f56d61d,1,166,1,170,1,294,1,294
transfer_cube,Calibrated recovery,11,96011,replan_16,1,1,0.012976828962564468,0.0,7aa82396673b410466e396b9c263567fd8fb8b405824b610fba314a070d94029,284dfa00e701bbf94cd7a562641cc5003316ae86fed5f89eded34073ba452079,1,155,1,160,1,290,1,290
transfer_cube,Calibrated recovery,11,96012,nominal,1,1,0.01608516275882721,0.0,7aa82396673b410466e396b9c263567fd8fb8b405824b610fba314a070d94029,57c5e373ba271489c7e2f53eddc43a7e8bc3b28633fa4a07efde9eafcddb6176,1,145,1,160,1,221,1,221
transfer_cube,Calibrated recovery,11,96012,observation_noise,0,0,0.07089253515005112,0.07326926194131374,7aa82396673b410466e396b9c263567fd8fb8b405824b610fba314a070d94029,d88df8d8c7d2ffe3ef8459c1148b626cdb48d66fbc4da4cb1c35a34625e00254,1,110,0,-1,0,-1,0,-1
transfer_cube,Calibrated recovery,11,96012,noise_joints,0,0,0.092377670109272,0.05415290579985595,7aa82396673b410466e396b9c263567fd8fb8b405824b610fba314a070d94029,ac30abaf5a910312abc2d1d78c6c7bd09fb4b84a6ccfc2fdfec941a1735c11ac,1,113,0,-1,0,-1,0,-1
transfer_cube,Calibrated recovery,11,96012,noise_objects,1,1,0.016549481078982353,0.003667891861696262,7aa82396673b410466e396b9c263567fd8fb8b405824b610fba314a070d94029,d92078141294fb1c63b5cc743da362faee25be4da7aa85aa04f4df144ed9a4a5,1,129,1,135,1,287,1,287
transfer_cube,Calibrated recovery,11,96012,noise_low_support,0,0,0.07571768760681152,0.07552920036017895,7aa82396673b410466e396b9c263567fd8fb8b405824b610fba314a070d94029,a0ac297e5371f94a43a2a7308fe5a592a37500a9ce33be55e709e4ac662f1af7,1,114,0,-1,0,-1,0,-1
transfer_cube,Calibrated recovery,11,96012,noise_supported,0,0,0.04632331058382988,0.019797906149178743,7aa82396673b410466e396b9c263567fd8fb8b405824b610fba314a070d94029,726cc1196540be83b8ceb13b33e499959262113567ac4b387c23bba6f677837d,1,139,1,139,0,-1,0,-1
transfer_cube,Calibrated recovery,11,96012,replan_1,0,0,0.003467993577942252,0.0,7aa82396673b410466e396b9c263567fd8fb8b405824b610fba314a070d94029,dde4ad43cc2c9bedf307a3dbeb884b8d85f4f119373983eae53d77ea7d52f7b9,0,-1,0,-1,0,-1,0,-1
transfer_cube,Calibrated recovery,11,96012,replan_1_ensemble,1,1,0.009388480239524747,0.0,7aa82396673b410466e396b9c263567fd8fb8b405824b610fba314a070d94029,2d8e121a4199a1aa71320e20d44ce9b45a7b2e88c734d60670a733eb59c15ff7,1,168,1,169,1,290,1,290
transfer_cube,Calibrated recovery,11,96012,replan_16,1,1,0.013696251437067986,0.0,7aa82396673b410466e396b9c263567fd8fb8b405824b610fba314a070d94029,834a6ba06c4378de1ba560cf638bb19656dd5d71112b3a520a31ad26ae519511,1,141,1,163,1,290,1,290
transfer_cube,Calibrated recovery,11,96013,nominal,1,1,0.012701313011348248,0.0,7aa82396673b410466e396b9c263567fd8fb8b405824b610fba314a070d94029,7c632ed3e85272c26e93a0f068cc19ed359dc71be2fef5f248bdb828246d92d7,1,154,1,154,1,292,1,292
transfer_cube,Calibrated recovery,11,96013,observation_noise,0,0,0.06842704862356186,0.08910140803083777,7aa82396673b410466e396b9c263567fd8fb8b405824b610fba314a070d94029,cd859b0ba73b80544b40ddd28d5a9664b031088a7d9525f953837accfb8b8bad,0,-1,0,-1,0,-1,0,-1
transfer_cube,Calibrated recovery,11,96013,noise_joints,0,0,0.06864430755376816,0.08909623881801963,7aa82396673b410466e396b9c263567fd8fb8b405824b610fba314a070d94029,6b73c551564354f0063b7528d6153b13fb926792b21f7502642fe2ca139a5541,0,-1,0,-1,0,-1,0,-1
transfer_cube,Calibrated recovery,11,96013,noise_objects,1,1,0.013047986663877964,0.0035095391038339587,7aa82396673b410466e396b9c263567fd8fb8b405824b610fba314a070d94029,dad9dd67856305cfc3b49522e1e229bcd82f9a02c56fc70b482972d2a07af3ba,1,155,1,155,1,292,1,292
transfer_cube,Calibrated recovery,11,96013,noise_low_support,0,0,0.06769771128892899,0.08736893048509956,7aa82396673b410466e396b9c263567fd8fb8b405824b610fba314a070d94029,11fb092c5f5b1213b3c2a4d5c2609bb9f8b0b00cabedb4ed1106636b3ae6c2d7,0,-1,0,-1,0,-1,0,-1
transfer_cube,Calibrated recovery,11,96013,noise_supported,1,1,0.017079485580325127,0.010835254015401006,7aa82396673b410466e396b9c263567fd8fb8b405824b610fba314a070d94029,c4e1b4eda378daf337515f30cc15ee9f5f5439d9ded39254fddf723de359c326,1,154,1,162,1,241,1,241
transfer_cube,Calibrated recovery,11,96013,replan_1,0,0,0.0050923749804496765,0.0,7aa82396673b410466e396b9c263567fd8fb8b405824b610fba314a070d94029,b2e0cafb1b41179ae65933e6afbf0cead34eafb0f85783ab2b031e4caf647df4,0,-1,0,-1,0,-1,0,-1
transfer_cube,Calibrated recovery,11,96013,replan_1_ensemble,1,1,0.008695568457707803,0.0,7aa82396673b410466e396b9c263567fd8fb8b405824b610fba314a070d94029,c3b3eb2294ce98d2572a0522770cb0572178246152be794d99dda711da951202,1,168,1,169,1,294,1,294
transfer_cube,Calibrated recovery,11,96013,replan_16,1,1,0.012848181650042534,0.0,7aa82396673b410466e396b9c263567fd8fb8b405824b610fba314a070d94029,88a6dd4df84078a29922f6f051f405211c428c6d23ea030662f2a8d309604476,1,155,1,158,1,290,1,290
transfer_cube,Calibrated recovery,11,96014,nominal,1,1,0.012716340832412243,0.0,7aa82396673b410466e396b9c263567fd8fb8b405824b610fba314a070d94029,e41cf798ab2d59a9e6e7eeae1c2208e966a13894fe46df02b7a006e35e1a24fa,1,155,1,162,1,292,1,292
transfer_cube,Calibrated recovery,11,96014,observation_noise,0,0,0.07331527024507523,0.08955393655225635,7aa82396673b410466e396b9c263567fd8fb8b405824b610fba314a070d94029,68082f3dbd07279228be26acb76532a91f75303ebbec55eb9f2ccf7cea6d2262,0,-1,0,-1,0,-1,0,-1
transfer_cube,Calibrated recovery,11,96014,noise_joints,0,0,0.07324032485485077,0.08889473704621195,7aa82396673b410466e396b9c263567fd8fb8b405824b610fba314a070d94029,a935e9b03871bb4cd2974596921dae1f1dff3aaf650cae3797d1ed0b158ce4e2,0,-1,0,-1,0,-1,0,-1
transfer_cube,Calibrated recovery,11,96014,noise_objects,1,1,0.01309010200202465,0.0036248937575146557,7aa82396673b410466e396b9c263567fd8fb8b405824b610fba314a070d94029,2b45511d3551fc4c1bf7ea9b158234ea471b07cf87d5ea8edb58c66e942628eb,1,155,1,162,1,293,1,293
transfer_cube,Calibrated recovery,11,96014,noise_low_support,0,0,0.07830987125635147,0.08638159405905753,7aa82396673b410466e396b9c263567fd8fb8b405824b610fba314a070d94029,7dd67b01f54a82bbb9983aa17716984b5101b4847131ca647ee28007a6b397bb,0,-1,0,-1,0,-1,0,-1
transfer_cube,Calibrated recovery,11,96014,noise_supported,0,0,0.05200253799557686,0.016080392152071,7aa82396673b410466e396b9c263567fd8fb8b405824b610fba314a070d94029,5c8e0814d099323a4dbd11280393e5cc825bf7876cbef81af345291ebff14c28,1,138,1,143,0,-1,0,-1
transfer_cube,Calibrated recovery,11,96014,replan_1,0,0,0.005052960943430662,0.0,7aa82396673b410466e396b9c263567fd8fb8b405824b610fba314a070d94029,2d79c98f34fca2a5b54e28b0bab5d93f6008dcfde30324e0391f47540ea4f05c,0,-1,0,-1,0,-1,0,-1
transfer_cube,Calibrated recovery,11,96014,replan_1_ensemble,1,1,0.008719889701870421,0.0,7aa82396673b410466e396b9c263567fd8fb8b405824b610fba314a070d94029,13a5eba7244f294dab3d32bf872e4de7f515d40f7ca32aaccfd3bb1736056c88,1,168,1,170,1,294,1,294
transfer_cube,Calibrated recovery,11,96014,replan_16,1,1,0.012854274362325668,0.0,7aa82396673b410466e396b9c263567fd8fb8b405824b610fba314a070d94029,cfe7200022b065ac4671f48799bfbe5da783c521459b014e40db7aa833ef54bf,1,157,1,161,1,290,1,290
transfer_cube,Calibrated recovery,11,96015,nominal,1,1,0.012841717340052128,0.0,7aa82396673b410466e396b9c263567fd8fb8b405824b610fba314a070d94029,33fff17d0805e223177e4a45858074a8f02bfb8f41e5931989f8dac1b03722b5,1,154,1,154,1,292,1,292
transfer_cube,Calibrated recovery,11,96015,observation_noise,0,0,0.06042816489934921,0.06315237522590905,7aa82396673b410466e396b9c263567fd8fb8b405824b610fba314a070d94029,7a361cf828a69b200a9a3399876e7846187a9dad862ea0b2bd73288b847fa94d,0,-1,0,-1,0,-1,0,-1
transfer_cube,Calibrated recovery,11,96015,noise_joints,0,0,0.05832802504301071,0.0579130178829655,7aa82396673b410466e396b9c263567fd8fb8b405824b610fba314a070d94029,73f39c88242a7642de1bfdf292c1f99578db437db2c02d3c91aff2ae40fcb0a9,0,-1,0,-1,0,-1,0,-1
transfer_cube,Calibrated recovery,11,96015,noise_objects,1,1,0.013243547640740871,0.004401590808993205,7aa82396673b410466e396b9c263567fd8fb8b405824b610fba314a070d94029,7c4d78ee5e0bc2385e7ac986408199d05b06cbc103bd71baa37a9d230c38380c,1,157,1,159,1,293,1,293
transfer_cube,Calibrated recovery,11,96015,noise_low_support,0,0,0.1017041951417923,0.037206584814557575,7aa82396673b410466e396b9c263567fd8fb8b405824b610fba314a070d94029,4cb2232962296fe3f8aacf6a9b55d946bfa2779ddc5579b2a09156b31c088d1e,1,170,1,171,0,-1,0,-1
transfer_cube,Calibrated recovery,11,96015,noise_supported,1,1,0.0163055881857872,0.011257539642974735,7aa82396673b410466e396b9c263567fd8fb8b405824b610fba314a070d94029,485ffd1e771b88cdcdaebd1ddcbb4eeeed431c651861430c39db74259f34b3d8,1,145,1,145,1,246,1,246
transfer_cube,Calibrated recovery,11,96015,replan_1,0,0,0.005060374736785889,0.0,7aa82396673b410466e396b9c263567fd8fb8b405824b610fba314a070d94029,aff6a79fbf1daa66871dd7a7d63db952ba3dd60edcc44a6ee6a95c4c003a6554,0,-1,0,-1,0,-1,0,-1
transfer_cube,Calibrated recovery,11,96015,replan_1_ensemble,1,1,0.00871868601355804,0.0,7aa82396673b410466e396b9c263567fd8fb8b405824b610fba314a070d94029,e5a5601059f6d318a65a4cb56da3719b4ac60d1cb49785c59c5d90d981a3d23c,1,163,1,163,1,294,1,294
transfer_cube,Calibrated recovery,11,96015,replan_16,1,1,0.012926965020596981,0.0,7aa82396673b410466e396b9c263567fd8fb8b405824b610fba314a070d94029,f87e99a3a1473b762ca9de042ea4486beaf33a3ef98eec80ec08b2a443569e88,1,155,1,158,1,290,1,290
transfer_cube,Calibrated recovery,11,96016,nominal,1,1,0.01274692453444004,0.0,7aa82396673b410466e396b9c263567fd8fb8b405824b610fba314a070d94029,fe4ea068e4285b0112f4f641f29fec7bf7509a2e7730863eddcdf1b9f2c85a12,1,154,1,154,1,292,1,292
transfer_cube,Calibrated recovery,11,96016,observation_noise,0,0,0.09186314046382904,0.03451765561127104,7aa82396673b410466e396b9c263567fd8fb8b405824b610fba314a070d94029,d407cf170120c93985fb2bd29750161b0422bac17fb12092791faccee8774c5b,0,-1,0,-1,0,-1,0,-1
transfer_cube,Calibrated recovery,11,96016,noise_joints,0,0,0.09914782643318176,0.03092967764940113,7aa82396673b410466e396b9c263567fd8fb8b405824b610fba314a070d94029,2c33a3e97a87d7df8a093378563eec018681b4e76de14838fc120ddf1af10e02,0,-1,0,-1,0,-1,0,-1
transfer_cube,Calibrated recovery,11,96016,noise_objects,1,1,0.013147592544555664,0.004158054990693927,7aa82396673b410466e396b9c263567fd8fb8b405824b610fba314a070d94029,c0d27e13a22964c895318a3c8b9bb0dd2284519acd2c3b413cb03f38d18a5a47,1,154,1,154,1,291,1,291
transfer_cube,Calibrated recovery,11,96016,noise_low_support,0,0,0.10757557302713394,0.019343752801069057,7aa82396673b410466e396b9c263567fd8fb8b405824b610fba314a070d94029,3dd1428ea546164c36f93c670789e69c528a05167db49d5167d085ca5268ba37,0,-1,0,-1,0,-1,0,-1
transfer_cube,Calibrated recovery,11,96016,noise_supported,1,1,0.017881149426102638,0.010424442016519606,7aa82396673b410466e396b9c263567fd8fb8b405824b610fba314a070d94029,5aef7dc463ca28fa74bdf96f887c61cc75db7949e0c4d82129ea2754c587d66f,1,147,1,147,1,216,1,216
transfer_cube,Calibrated recovery,11,96016,replan_1,0,0,0.004970512818545103,0.0,7aa82396673b410466e396b9c263567fd8fb8b405824b610fba314a070d94029,d6aafa4ff3b7099fdcbe582d31f0af4855907aed349f93c6d5b149d741410768,0,-1,0,-1,0,-1,0,-1
transfer_cube,Calibrated recovery,11,96016,replan_1_ensemble,1,1,0.008699503619465865,0.0,7aa82396673b410466e396b9c263567fd8fb8b405824b610fba314a070d94029,acd8bd15f3ba7ecf8d839041cd0392d1499f103a75dae602bd7b15a9bf858b2a,1,165,1,169,1,293,1,293
transfer_cube,Calibrated recovery,11,96016,replan_16,1,1,0.012825231067836285,0.0,7aa82396673b410466e396b9c263567fd8fb8b405824b610fba314a070d94029,b1cdac5fad9ed4e95fe78d8c91ddce53d95edfbee36da09c26a00cf47a463103,1,155,1,161,1,290,1,290
transfer_cube,Calibrated recovery,11,96017,nominal,1,1,0.013288591988384724,0.0,7aa82396673b410466e396b9c263567fd8fb8b405824b610fba314a070d94029,2c40bdb2ab31be1e523fc4f5b576b81119acee12c76375d2c64603abe7ebeaec,1,154,1,154,1,289,1,289
transfer_cube,Calibrated recovery,11,96017,observation_noise,0,0,0.08181027323007584,0.1214234559237957,7aa82396673b410466e396b9c263567fd8fb8b405824b610fba314a070d94029,f4f52c59162c2cd1a9c39eab0d87e52f1ed6716772bb42f86b715ef9c419123c,0,-1,0,-1,0,-1,0,-1
transfer_cube,Calibrated recovery,11,96017,noise_joints,0,0,0.08206609636545181,0.12150001358240843,7aa82396673b410466e396b9c263567fd8fb8b405824b610fba314a070d94029,47c3f29e727bb466e91671654075e9309e25f187c6e2219af21fa85504c6cc66,0,-1,0,-1,0,-1,0,-1
transfer_cube,Calibrated recovery,11,96017,noise_objects,1,1,0.013619507662951946,0.004187297216849402,7aa82396673b410466e396b9c263567fd8fb8b405824b610fba314a070d94029,342b820668d821162e46444fceeab516aa534bcbb0919ebce7ed5dddef02ed33,1,154,1,154,1,290,1,290
transfer_cube,Calibrated recovery,11,96017,noise_low_support,0,0,0.07852675765752792,0.10891970538068563,7aa82396673b410466e396b9c263567fd8fb8b405824b610fba314a070d94029,0e7d9e77fde8abf591bfd1dded3d42dadcf7388140f58207a67c88e1d310f76b,0,-1,0,-1,0,-1,0,-1
transfer_cube,Calibrated recovery,11,96017,noise_supported,1,1,0.017562847584486008,0.012447604755870999,7aa82396673b410466e396b9c263567fd8fb8b405824b610fba314a070d94029,8e1b64418aa7ff8a393a26956990c0e00b6f17586e3c69d85bfce0c99b8738c1,1,152,1,153,1,261,1,261
transfer_cube,Calibrated recovery,11,96017,replan_1,0,0,0.005233427509665489,0.0,7aa82396673b410466e396b9c263567fd8fb8b405824b610fba314a070d94029,94631a8f4f775844083df48f2e157d073d7114791aed8bf95ccbc2e52c252266,0,-1,0,-1,0,-1,0,-1
transfer_cube,Calibrated recovery,11,96017,replan_1_ensemble,1,1,0.008843172345615786,0.0,7aa82396673b410466e396b9c263567fd8fb8b405824b610fba314a070d94029,5e16af8d7aa884855a89682027997d92a4f454c3a03c5ac46d37b2cf82c0701f,1,172,1,180,1,295,1,295
transfer_cube,Calibrated recovery,11,96017,replan_16,1,1,0.013273727148771286,0.0,7aa82396673b410466e396b9c263567fd8fb8b405824b610fba314a070d94029,df741a3891a84ecf2b0465dede96f18207711136b4e883734e3619cfc4fb5a34,1,155,1,160,1,290,1,290
transfer_cube,Calibrated recovery,11,96018,nominal,1,1,0.01564805395901203,0.0,7aa82396673b410466e396b9c263567fd8fb8b405824b610fba314a070d94029,f87bfbe892a232812cffce309f2991791192940a21049adaff1771662d873727,1,143,1,143,1,288,1,288
transfer_cube,Calibrated recovery,11,96018,observation_noise,0,0,0.07026548683643341,0.08492081861011684,7aa82396673b410466e396b9c263567fd8fb8b405824b610fba314a070d94029,3e8968a2863289e8f171ea32f1e5540b2df5ce1d670239bd4cedb5b78d9ef2de,1,86,0,-1,0,-1,0,-1
transfer_cube,Calibrated recovery,11,96018,noise_joints,0,0,0.07005368173122406,0.0844995049573481,7aa82396673b410466e396b9c263567fd8fb8b405824b610fba314a070d94029,5370217cee8e08cc75909cbfba7e35c39bd88a39c64047500b2411f6f7236b02,1,86,0,-1,0,-1,0,-1
transfer_cube,Calibrated recovery,11,96018,noise_objects,1,1,0.015961531549692154,0.0036072943947510795,7aa82396673b410466e396b9c263567fd8fb8b405824b610fba314a070d94029,6089b87f27a32e87e00cea6a1e73283e81657e6e6085d9b92be83ab0b208d8f6,1,144,1,157,1,220,1,220
transfer_cube,Calibrated recovery,11,96018,noise_low_support,0,0,0.0702323168516159,0.0832104996778071,7aa82396673b410466e396b9c263567fd8fb8b405824b610fba314a070d94029,d6cb4cba9f7e3911afcac3e25f04918436f4b5efaf84b63a712bcf297b7d8306,1,86,0,-1,0,-1,0,-1
transfer_cube,Calibrated recovery,11,96018,noise_supported,1,1,0.016763607040047646,0.009727118578739464,7aa82396673b410466e396b9c263567fd8fb8b405824b610fba314a070d94029,b5697fda76863acc1feefb2bb9a7a84bd2bb44c9e784757230a58b8792d6398f,1,122,1,128,1,228,1,228
transfer_cube,Calibrated recovery,11,96018,replan_1,0,0,0.0035179981496185064,0.0,7aa82396673b410466e396b9c263567fd8fb8b405824b610fba314a070d94029,4f4a5dfd54247fc9eb53f72f692f3bb1a99cc0775824af021a6cab6f5c210f64,0,-1,0,-1,0,-1,0,-1
transfer_cube,Calibrated recovery,11,96018,replan_1_ensemble,1,1,0.009186700332932077,0.0,7aa82396673b410466e396b9c263567fd8fb8b405824b610fba314a070d94029,0e0d28531c6b1202cb2979b7dba9ab049bc9fbdbd53453176b853d0be06ddd3e,1,167,1,167,1,291,1,291
transfer_cube,Calibrated recovery,11,96018,replan_16,1,1,0.013523788191378117,0.0,7aa82396673b410466e396b9c263567fd8fb8b405824b610fba314a070d94029,cdd34cfa1455eafbf14fd877e0d5842f8465cffa48ed720dd999ca410ee642fb,1,144,1,155,1,289,1,289
transfer_cube,Calibrated recovery,11,96019,nominal,1,1,0.013631622307002544,0.0,7aa82396673b410466e396b9c263567fd8fb8b405824b610fba314a070d94029,f60db9133277c2a3da202e9be88d7d2388b46e035793302878f05f22c591497e,1,153,1,167,1,223,1,223
transfer_cube,Calibrated recovery,11,96019,observation_noise,0,0,0.07988987863063812,0.08287545275408775,7aa82396673b410466e396b9c263567fd8fb8b405824b610fba314a070d94029,49af3d4c04244f3cd3f9efc979d29b9707ee6eb2998e3dd887bed05bb0a45441,1,130,1,130,0,-1,0,-1
transfer_cube,Calibrated recovery,11,96019,noise_joints,0,0,0.07248681038618088,0.08730311342980712,7aa82396673b410466e396b9c263567fd8fb8b405824b610fba314a070d94029,3ad3946c2dce3a6bcf1b0c691862c7293d7db81b0e551e930fde94b7e32d6141,1,107,0,-1,0,-1,0,-1
transfer_cube,Calibrated recovery,11,96019,noise_objects,1,1,0.013561426661908627,0.004350127422949299,7aa82396673b410466e396b9c263567fd8fb8b405824b610fba314a070d94029,f06caf086c8e8812e3781cda141a0f4bbc53222c7081f129af48a8d1c144ee72,1,156,1,156,1,221,1,221
transfer_cube,Calibrated recovery,11,96019,noise_low_support,0,0,0.07428095489740372,0.08637613254832104,7aa82396673b410466e396b9c263567fd8fb8b405824b610fba314a070d94029,15483baa5b32b3e9d56920a98a4b734d88e8b9c00cea82296bb1f4f81114c367,0,-1,0,-1,0,-1,0,-1
transfer_cube,Calibrated recovery,11,96019,noise_supported,1,1,0.020264314487576485,0.011174810854718088,7aa82396673b410466e396b9c263567fd8fb8b405824b610fba314a070d94029,f8fce61d1592ab887c6991e0826e46ee38a3091cabcabf994298948072bfec61,1,153,1,159,1,265,1,265
transfer_cube,Calibrated recovery,11,96019,replan_1,0,0,0.004451571963727474,0.0,7aa82396673b410466e396b9c263567fd8fb8b405824b610fba314a070d94029,30a151ba201861de07f585b9deb5d61bd93b326f4f46980077b20b0bb9c6f639,0,-1,0,-1,0,-1,0,-1
transfer_cube,Calibrated recovery,11,96019,replan_1_ensemble,1,1,0.008760639864906137,0.0,7aa82396673b410466e396b9c263567fd8fb8b405824b610fba314a070d94029,f04a3990d1b69afe4a39038ce5a30e776e943634aa634b0729a3447e5f4bf281,1,166,1,166,1,292,1,292
transfer_cube,Calibrated recovery,11,96019,replan_16,1,1,0.01275166217237711,0.0,7aa82396673b410466e396b9c263567fd8fb8b405824b610fba314a070d94029,be0e86b2b0f8ccdd021362de3f9b2a651e3438748353b1a84988d50ff37e905b,1,155,1,155,1,290,1,290
transfer_cube,Calibrated recovery,23,96000,nominal,1,1,0.0140342703089118,0.0,37c48d712f1b0e6201d0dc8a336fca63a6adeeb87ddedb64860e77b5736f584c,bdaf7c7236cb0ccb9fa108bc0bb9f70a9a0ce912d695d8504aaca875ec477e5e,1,143,1,143,1,289,1,289
transfer_cube,Calibrated recovery,23,96000,observation_noise,0,0,0.07650907337665558,0.07773275412619114,37c48d712f1b0e6201d0dc8a336fca63a6adeeb87ddedb64860e77b5736f584c,bfe383d85133b68fa392480ab85362d755f59e3642486273f433d2955d4b8e2a,0,-1,0,-1,0,-1,0,-1
transfer_cube,Calibrated recovery,23,96000,noise_joints,0,0,0.07591614872217178,0.07685175036080182,37c48d712f1b0e6201d0dc8a336fca63a6adeeb87ddedb64860e77b5736f584c,c617daf6602e9bc767f460d5419d5fef364bdc38acdf934326d2b4dedee98c38,0,-1,0,-1,0,-1,0,-1
transfer_cube,Calibrated recovery,23,96000,noise_objects,1,1,0.01444042194634676,0.003910093227168545,37c48d712f1b0e6201d0dc8a336fca63a6adeeb87ddedb64860e77b5736f584c,b512e75de7c0c0c3cc52b92d50c19872526d0b44a1151f13c19862e168d638a8,1,143,1,143,1,289,1,289
transfer_cube,Calibrated recovery,23,96000,noise_low_support,0,0,0.07736784964799881,0.07525549099314958,37c48d712f1b0e6201d0dc8a336fca63a6adeeb87ddedb64860e77b5736f584c,8950063032b630031d69e9f45ed5c746690176e9f5a8c6d3aa17dd62eb67cf19,0,-1,0,-1,0,-1,0,-1
transfer_cube,Calibrated recovery,23,96000,noise_supported,1,1,0.02018187940120697,0.01294847896322608,37c48d712f1b0e6201d0dc8a336fca63a6adeeb87ddedb64860e77b5736f584c,d4ecbaeb95d6061525f18f2f2a6963a5b2c0e6d8af263036da7f4ce7f8a7f842,1,124,1,129,1,222,1,222
transfer_cube,Calibrated recovery,23,96000,replan_1,0,0,0.01821586862206459,0.0,37c48d712f1b0e6201d0dc8a336fca63a6adeeb87ddedb64860e77b5736f584c,8d24a3982422f088809469897d042af70ca351d17ca37e3d2ca1fd14ccb6c3af,0,-1,0,-1,0,-1,0,-1
transfer_cube,Calibrated recovery,23,96000,replan_1_ensemble,1,1,0.008845944729651339,0.0,37c48d712f1b0e6201d0dc8a336fca63a6adeeb87ddedb64860e77b5736f584c,1b196cb69264292ee93d35799474fcd92988130341546ce1c9d967e6a3e46cec,1,148,1,148,1,291,1,291
transfer_cube,Calibrated recovery,23,96000,replan_16,1,1,0.013448112644255161,0.0,37c48d712f1b0e6201d0dc8a336fca63a6adeeb87ddedb64860e77b5736f584c,5f787b8856496c6926bfebe310e60632ec18d1f9525ebd0bf330bf0035872c04,1,149,1,151,1,290,1,290
transfer_cube,Calibrated recovery,23,96001,nominal,1,1,0.013157910667359829,0.0,37c48d712f1b0e6201d0dc8a336fca63a6adeeb87ddedb64860e77b5736f584c,635e6948343df6812f3051f7f00becb06272b9b0a80181877935c7b356c0aa13,1,148,1,153,1,288,1,288
transfer_cube,Calibrated recovery,23,96001,observation_noise,0,0,0.10710988938808441,0.02810375586981536,37c48d712f1b0e6201d0dc8a336fca63a6adeeb87ddedb64860e77b5736f584c,cbfa1037e821e37589432be5f807d61934836d6403c6fab3158f3382a4e2da9e,0,-1,0,-1,0,-1,0,-1
transfer_cube,Calibrated recovery,23,96001,noise_joints,0,0,0.07326386868953705,0.08948025159537792,37c48d712f1b0e6201d0dc8a336fca63a6adeeb87ddedb64860e77b5736f584c,db7bf24be8f86016d8d4eac3ffe35ca369e124f6dae828ee930a31c425dfd94d,0,-1,0,-1,0,-1,0,-1
transfer_cube,Calibrated recovery,23,96001,noise_objects,1,1,0.013508182018995285,0.004103192372131161,37c48d712f1b0e6201d0dc8a336fca63a6adeeb87ddedb64860e77b5736f584c,16bb963a1b5cb94fc6a1f2a5a602c3ce08b0d04ba464678b22ea03d83cc001d0,1,147,1,153,1,288,1,288
transfer_cube,Calibrated recovery,23,96001,noise_low_support,0,0,0.10401611030101776,0.031319123121720624,37c48d712f1b0e6201d0dc8a336fca63a6adeeb87ddedb64860e77b5736f584c,d5bbf2c47bac3ccc4f328f1d5dcc70d5e359eedba769fa9541e6ce39362cff9e,0,-1,0,-1,0,-1,0,-1
transfer_cube,Calibrated recovery,23,96001,noise_supported,0,0,0.0515521764755249,0.019747783532366156,37c48d712f1b0e6201d0dc8a336fca63a6adeeb87ddedb64860e77b5736f584c,4806c83a654eec2cab0a891c03bb7e867070b5af42b3545a75b33a1c927e9699,1,128,1,128,0,-1,0,-1
transfer_cube,Calibrated recovery,23,96001,replan_1,1,0,0.014070224948227406,0.0,37c48d712f1b0e6201d0dc8a336fca63a6adeeb87ddedb64860e77b5736f584c,2df45e6ab99b8dff795704df274b0eec27cf15c438bfd6a91eea79aa6a795faf,1,150,1,151,1,289,1,289
transfer_cube,Calibrated recovery,23,96001,replan_1_ensemble,1,1,0.008731628804603177,0.0,37c48d712f1b0e6201d0dc8a336fca63a6adeeb87ddedb64860e77b5736f584c,9f452b99094a37c34decf8fb3a0b047c220f462201247718a05856cbd802c66d,1,153,1,157,1,288,1,288
transfer_cube,Calibrated recovery,23,96001,replan_16,1,1,0.013005578890442848,0.0,37c48d712f1b0e6201d0dc8a336fca63a6adeeb87ddedb64860e77b5736f584c,bf521929ce9dfa08bd59dfd3ff64a36ba9f5d69d8cba7fafbd26517e2d98ee99,1,156,1,156,1,289,1,289
transfer_cube,Calibrated recovery,23,96002,nominal,1,1,0.013251380994915962,0.0,37c48d712f1b0e6201d0dc8a336fca63a6adeeb87ddedb64860e77b5736f584c,528923678d95594d43eb904304b4f9708c094d8fffcd9983b0255e72b9f44569,1,148,1,153,1,288,1,288
transfer_cube,Calibrated recovery,23,96002,observation_noise,0,0,0.0754072517156601,0.09435037311166525,37c48d712f1b0e6201d0dc8a336fca63a6adeeb87ddedb64860e77b5736f584c,d53d2c71b6f19f5f1d24ed1eff453a44fa3c9072e5bdb7ec05a4b80dc3caf180,0,-1,0,-1,0,-1,0,-1
transfer_cube,Calibrated recovery,23,96002,noise_joints,0,0,0.10010648518800735,0.05786246665142244,37c48d712f1b0e6201d0dc8a336fca63a6adeeb87ddedb64860e77b5736f584c,10f9d9a008181c7dc9609e30d31fd5531b8b5a6418b28724144453f0aaffb61f,0,-1,0,-1,0,-1,0,-1
transfer_cube,Calibrated recovery,23,96002,noise_objects,1,1,0.013550286181271076,0.0034852628654334695,37c48d712f1b0e6201d0dc8a336fca63a6adeeb87ddedb64860e77b5736f584c,f4ab916f7a438570782b7da1c146b4f298626e0e90606660c41413703f5260da,1,147,1,147,1,288,1,288
transfer_cube,Calibrated recovery,23,96002,noise_low_support,0,0,0.07199244946241379,0.09622996785677969,37c48d712f1b0e6201d0dc8a336fca63a6adeeb87ddedb64860e77b5736f584c,ce7d4629d306c1c514788626bfcd6ee4895e16b2bb338fb5dc08dc7dba409e47,0,-1,0,-1,0,-1,0,-1
transfer_cube,Calibrated recovery,23,96002,noise_supported,1,1,0.016896527260541916,0.01133664047345519,37c48d712f1b0e6201d0dc8a336fca63a6adeeb87ddedb64860e77b5736f584c,b7b293e8d03c2f44987c62079366fbcd9c14e7a21f5d8bcb808fde58959a54f6,1,142,1,142,1,286,1,286
transfer_cube,Calibrated recovery,23,96002,replan_1,1,0,0.0129200778901577,0.0,37c48d712f1b0e6201d0dc8a336fca63a6adeeb87ddedb64860e77b5736f584c,4dd5b3c5bd5c43e594dfb38d6da078cc0605b21f6013ef40909ad4e92b97c433,1,149,1,151,1,289,1,289
transfer_cube,Calibrated recovery,23,96002,replan_1_ensemble,1,1,0.00873095239312007,0.0,37c48d712f1b0e6201d0dc8a336fca63a6adeeb87ddedb64860e77b5736f584c,f2fc8697ae0bee129487b4cf08d32ef635e6b32c1c2bb20c7e8c6a7a855cfc91,1,153,1,157,1,289,1,289
transfer_cube,Calibrated recovery,23,96002,replan_16,1,1,0.013218394480645657,0.0,37c48d712f1b0e6201d0dc8a336fca63a6adeeb87ddedb64860e77b5736f584c,9dc46d7e782d24db97e42e78933a370dbdb50a22262d810396f9aae8f47242a2,1,155,1,156,1,289,1,289
transfer_cube,Calibrated recovery,23,96003,nominal,0,0,0.052113648504018784,0.0,37c48d712f1b0e6201d0dc8a336fca63a6adeeb87ddedb64860e77b5736f584c,436d952c754c30f91f559c99e976c6c37e347c279881c1d8eebbd5d1b0c72ae5,1,133,0,-1,0,-1,0,-1
transfer_cube,Calibrated recovery,23,96003,observation_noise,0,0,0.07705763727426529,0.0936879375204444,37c48d712f1b0e6201d0dc8a336fca63a6adeeb87ddedb64860e77b5736f584c,394b700b7f0b4b745772da1ee68d48591b8e4a4206bbbc14f66e44a5b4934d95,1,105,0,-1,0,-1,0,-1
transfer_cube,Calibrated recovery,23,96003,noise_joints,0,0,0.07255689799785614,0.07869277333840728,37c48d712f1b0e6201d0dc8a336fca63a6adeeb87ddedb64860e77b5736f584c,6eeb61f5f1518beb960a27b102fb1d383bea314a445adfba0dfa3e52f24e0fe3,1,105,1,112,0,-1,0,-1
transfer_cube,Calibrated recovery,23,96003,noise_objects,0,0,0.05216122418642044,0.003506676214747131,37c48d712f1b0e6201d0dc8a336fca63a6adeeb87ddedb64860e77b5736f584c,fa9e235bdaf6092d6ebc340e61f7c64293babdbeb8c031e97f84cf057453a857,1,133,1,140,0,-1,0,-1
transfer_cube,Calibrated recovery,23,96003,noise_low_support,0,0,0.09553012251853943,0.05514674158490379,37c48d712f1b0e6201d0dc8a336fca63a6adeeb87ddedb64860e77b5736f584c,d70fa99e5e7421b0d76c512e20b1e093d886fa5e7907ea9c912e02ae9e19444d,1,109,1,123,0,-1,0,-1
transfer_cube,Calibrated recovery,23,96003,noise_supported,0,0,0.05273718014359474,0.014536280876491219,37c48d712f1b0e6201d0dc8a336fca63a6adeeb87ddedb64860e77b5736f584c,4288d90966ee064d608b9646c48cd959aa7bdd7c28c5befd8ceae78bd505c3c0,1,124,0,-1,0,-1,0,-1
transfer_cube,Calibrated recovery,23,96003,replan_1,0,0,0.017233457416296005,0.0,37c48d712f1b0e6201d0dc8a336fca63a6adeeb87ddedb64860e77b5736f584c,5ec4dcb2cde7d879239874b51e70b7ce1df4cbfdc73f339b31c1cd3237f626ce,0,-1,0,-1,0,-1,0,-1
transfer_cube,Calibrated recovery,23,96003,replan_1_ensemble,0,0,0.009511816384655371,0.0,37c48d712f1b0e6201d0dc8a336fca63a6adeeb87ddedb64860e77b5736f584c,52520ec4e00bc6bae7d3fea8f80162c365364022f98acb9ee3cec6a8acc5be97,0,-1,0,-1,0,-1,0,-1
transfer_cube,Calibrated recovery,23,96003,replan_16,0,0,0.050061944872140884,0.0,37c48d712f1b0e6201d0dc8a336fca63a6adeeb87ddedb64860e77b5736f584c,4ec9aa60a6f27e8f5acc6671697b7117647ad7810e46654c0231e208f25c1545,1,148,0,-1,0,-1,0,-1
transfer_cube,Calibrated recovery,23,96004,nominal,0,0,0.043700382113456726,0.0,37c48d712f1b0e6201d0dc8a336fca63a6adeeb87ddedb64860e77b5736f584c,3f9265f18c013878f0aa36d23720ce0261293296b603b3ea25d437608069a928,0,-1,0,-1,0,-1,0,-1
transfer_cube,Calibrated recovery,23,96004,observation_noise,0,0,0.07029537856578827,0.08657105244696141,37c48d712f1b0e6201d0dc8a336fca63a6adeeb87ddedb64860e77b5736f584c,e9becf99e1dd044f43f84948c3310a5f38cc45af9685f75dd40dd14b009a7024,0,-1,0,-1,0,-1,0,-1
transfer_cube,Calibrated recovery,23,96004,noise_joints,0,0,0.11254658550024033,0.02929532632275368,37c48d712f1b0e6201d0dc8a336fca63a6adeeb87ddedb64860e77b5736f584c,6e415cefd0d7344153fd2053a04dcfce86994aef7b8cc8b7c07e0c22d26bb0c1,0,-1,0,-1,0,-1,0,-1
transfer_cube,Calibrated recovery,23,96004,noise_objects,0,0,0.0429345965385437,0.003641625696327537,37c48d712f1b0e6201d0dc8a336fca63a6adeeb87ddedb64860e77b5736f584c,6e38d5eb9de5a2a72bcdb591ada38498077a95dfa8dabc2f1b94cbd4ff3d00db,1,143,1,146,0,-1,0,-1
transfer_cube,Calibrated recovery,23,96004,noise_low_support,0,0,0.11191938817501068,0.025252909737973825,37c48d712f1b0e6201d0dc8a336fca63a6adeeb87ddedb64860e77b5736f584c,3eed356bc11103b1c32a2e10b01d3371d074ff764c569e91e9eed099707c6aef,0,-1,0,-1,0,-1,0,-1
transfer_cube,Calibrated recovery,23,96004,noise_supported,0,0,0.055922746658325195,0.01880732038989663,37c48d712f1b0e6201d0dc8a336fca63a6adeeb87ddedb64860e77b5736f584c,63c217b2e3283799935fe3fc8355bd202b03348f6e0502a4a72bf78610458d69,1,133,0,-1,0,-1,0,-1
transfer_cube,Calibrated recovery,23,96004,replan_1,1,0,0.016924943774938583,0.0,37c48d712f1b0e6201d0dc8a336fca63a6adeeb87ddedb64860e77b5736f584c,b60f88c33c017d588484536a9bf15ee528b288ecb9cee30110aa766f59332980,1,165,1,165,1,287,1,287
transfer_cube,Calibrated recovery,23,96004,replan_1_ensemble,1,1,0.009219853527790199,0.0,37c48d712f1b0e6201d0dc8a336fca63a6adeeb87ddedb64860e77b5736f584c,c5f6720a890e9ebe37bd27e6fa8fbf8fc868384533249782ce7972ee36d42e63,1,154,1,160,1,288,1,288
transfer_cube,Calibrated recovery,23,96004,replan_16,1,1,0.014668410643935204,0.0,37c48d712f1b0e6201d0dc8a336fca63a6adeeb87ddedb64860e77b5736f584c,1200493e9c0b3c5be0c4a92e3343b2f5322e5cf44b791ebbf4239c7edbd671d5,1,156,1,156,1,287,1,287
transfer_cube,Calibrated recovery,23,96005,nominal,1,1,0.013814743608236313,0.0,37c48d712f1b0e6201d0dc8a336fca63a6adeeb87ddedb64860e77b5736f584c,dd6f9ad090128ebbfe722b3a299536cb3275b90fe9504d671fd9d95e99b97d80,1,147,1,152,1,287,1,287
transfer_cube,Calibrated recovery,23,96005,observation_noise,0,0,0.06716363877058029,0.08064638229086996,37c48d712f1b0e6201d0dc8a336fca63a6adeeb87ddedb64860e77b5736f584c,4da983a38c29791eabbe230a11eef9a54ca9e8abf3dd715c3a98bbcf353ec484,0,-1,0,-1,0,-1,0,-1
transfer_cube,Calibrated recovery,23,96005,noise_joints,0,0,0.10665338486433029,0.03596892229514197,37c48d712f1b0e6201d0dc8a336fca63a6adeeb87ddedb64860e77b5736f584c,941004c28d20efc6f10e1db0bfb13d77e0b5fb8663880354d6e8085b84a09d90,0,-1,0,-1,0,-1,0,-1
transfer_cube,Calibrated recovery,23,96005,noise_objects,1,1,0.014042009599506855,0.003558513066964224,37c48d712f1b0e6201d0dc8a336fca63a6adeeb87ddedb64860e77b5736f584c,f4c43d0cc13c2ad1ed148f4067679f40fc97b3499cfab12ad5ae545cf3839e39,1,150,1,152,1,285,1,285
transfer_cube,Calibrated recovery,23,96005,noise_low_support,0,0,0.06981955468654633,0.07595990675850771,37c48d712f1b0e6201d0dc8a336fca63a6adeeb87ddedb64860e77b5736f584c,6a966273188dc6ce4701d59a88692f5f76815be43f5ea2f0b187cabcaa73729e,0,-1,0,-1,0,-1,0,-1
transfer_cube,Calibrated recovery,23,96005,noise_supported,0,0,0.04183289781212807,0.017319014398381113,37c48d712f1b0e6201d0dc8a336fca63a6adeeb87ddedb64860e77b5736f584c,a3d1faa417e56875c8d22d1e38c35af0b72b4193c7975fe3cd3a85dc06ac12e1,1,143,1,143,0,-1,0,-1
transfer_cube,Calibrated recovery,23,96005,replan_1,1,0,0.012771849520504475,0.0,37c48d712f1b0e6201d0dc8a336fca63a6adeeb87ddedb64860e77b5736f584c,2017c23832848bb0cabc194e009134bfc2cadf18bac2743240df14e253dd5448,1,146,1,146,1,287,1,287
transfer_cube,Calibrated recovery,23,96005,replan_1_ensemble,1,1,0.008783480300678064,0.0,37c48d712f1b0e6201d0dc8a336fca63a6adeeb87ddedb64860e77b5736f584c,f94c33b93290ff2a5e3297f9501b9f8cfbfa458d7035b05efb92dad576eb227b,1,151,1,156,1,289,1,289
transfer_cube,Calibrated recovery,23,96005,replan_16,1,1,0.014009235426783562,0.0,37c48d712f1b0e6201d0dc8a336fca63a6adeeb87ddedb64860e77b5736f584c,36a0f241c25177ce965989116ce0526d6bc6f32222dcfb313d8878113162ef20,1,155,1,156,1,289,1,289
transfer_cube,Calibrated recovery,23,96006,nominal,1,1,0.014201538637280464,0.0,37c48d712f1b0e6201d0dc8a336fca63a6adeeb87ddedb64860e77b5736f584c,efc52a47810e9f49f8d83c384f389ddfee552db160877b75d6c87246a9928613,1,144,1,144,1,288,1,288
transfer_cube,Calibrated recovery,23,96006,observation_noise,0,0,0.07070145756006241,0.0878016209602356,37c48d712f1b0e6201d0dc8a336fca63a6adeeb87ddedb64860e77b5736f584c,2424d8172d5f603eb55168891a8b43dba7409b2695557e2193c9ecccaa66416d,1,108,1,108,0,-1,0,-1
transfer_cube,Calibrated recovery,23,96006,noise_joints,0,0,0.06917458772659302,0.08990070567466318,37c48d712f1b0e6201d0dc8a336fca63a6adeeb87ddedb64860e77b5736f584c,2e1e4048965a8bf032643969c0c0c05854c5f7167501f35ff70f3ce1d4107b79,1,40,0,-1,0,-1,0,-1
transfer_cube,Calibrated recovery,23,96006,noise_objects,1,1,0.014398425817489624,0.0033174784504808484,37c48d712f1b0e6201d0dc8a336fca63a6adeeb87ddedb64860e77b5736f584c,4d742bc23df893e56b7b201719fde1bdf1c8bca2a3a49fe9f366117a0911eb5f,1,145,1,149,1,289,1,289
transfer_cube,Calibrated recovery,23,96006,noise_low_support,0,0,0.10274022072553635,0.0277120142548938,37c48d712f1b0e6201d0dc8a336fca63a6adeeb87ddedb64860e77b5736f584c,ea17fcc4001ad6f0876f0d96672d3c3ca2a83146c30600eb22c29fe77e746d2f,1,32,0,-1,0,-1,0,-1
transfer_cube,Calibrated recovery,23,96006,noise_supported,1,1,0.020751791074872017,0.013320565428584815,37c48d712f1b0e6201d0dc8a336fca63a6adeeb87ddedb64860e77b5736f584c,1fed95423f633e460ff88297b7e9013d91a71db613756cd255d74625e4e53e83,1,133,1,136,1,242,1,242
transfer_cube,Calibrated recovery,23,96006,replan_1,0,0,0.015484130941331387,0.0,37c48d712f1b0e6201d0dc8a336fca63a6adeeb87ddedb64860e77b5736f584c,dadc6a1af36d2f2cc1213771677734577bc242247b1c741eebdcda10307435f4,0,-1,0,-1,0,-1,0,-1
transfer_cube,Calibrated recovery,23,96006,replan_1_ensemble,1,1,0.008809587261696956,0.0,37c48d712f1b0e6201d0dc8a336fca63a6adeeb87ddedb64860e77b5736f584c,cddf85f613e80e3c59f9da998f815e5fbf8c17c04f1754558ae6c3f6f698aff2,1,147,1,154,1,287,1,287
transfer_cube,Calibrated recovery,23,96006,replan_16,1,1,0.014286795631051064,0.0,37c48d712f1b0e6201d0dc8a336fca63a6adeeb87ddedb64860e77b5736f584c,b111eeabe1528cda712517da3d6a02f559e187806f525e15fe8222142639e763,1,154,1,157,1,289,1,289
transfer_cube,Calibrated recovery,23,96007,nominal,1,1,0.015660278499126434,0.0,37c48d712f1b0e6201d0dc8a336fca63a6adeeb87ddedb64860e77b5736f584c,877536d7a3bc533197ba5fd0c18d30afbebf163f1e5f6ced78006b70e46add0d,1,132,1,145,1,287,1,287
transfer_cube,Calibrated recovery,23,96007,observation_noise,0,0,0.07175836712121964,0.07263349251821637,37c48d712f1b0e6201d0dc8a336fca63a6adeeb87ddedb64860e77b5736f584c,f8ed234ae0feb7384c992f6109fee4ba04d027080be611cc41b5fcbe7f89d96f,1,116,1,127,0,-1,0,-1
transfer_cube,Calibrated recovery,23,96007,noise_joints,0,0,0.08942622691392899,0.05413438102114014,37c48d712f1b0e6201d0dc8a336fca63a6adeeb87ddedb64860e77b5736f584c,039183d9b5489c1fa55c080b28d50f07196117cbbeb6a22d3e721787888707b6,1,115,1,124,0,-1,0,-1
transfer_cube,Calibrated recovery,23,96007,noise_objects,1,1,0.0159453134983778,0.0037955801386851816,37c48d712f1b0e6201d0dc8a336fca63a6adeeb87ddedb64860e77b5736f584c,bcc01fc3968b0ddb76e4d5c362dbcce54b639965792f9d4a392547ebc3191be7,1,127,1,131,1,289,1,289
transfer_cube,Calibrated recovery,23,96007,noise_low_support,0,0,0.07412083446979523,0.08307923123240471,37c48d712f1b0e6201d0dc8a336fca63a6adeeb87ddedb64860e77b5736f584c,45e11ffbe4b1ba92ab59647d3ff227bebca7380009f691c260ada50b319344b9,1,113,1,114,0,-1,0,-1
transfer_cube,Calibrated recovery,23,96007,noise_supported,0,0,0.049607228487730026,0.015327653710264712,37c48d712f1b0e6201d0dc8a336fca63a6adeeb87ddedb64860e77b5736f584c,3f87c70de8917f057f2d74611ce226168f28e9ed30447e90b9194d50f2204b8e,0,-1,0,-1,0,-1,0,-1
transfer_cube,Calibrated recovery,23,96007,replan_1,0,0,0.015223422087728977,0.0,37c48d712f1b0e6201d0dc8a336fca63a6adeeb87ddedb64860e77b5736f584c,1809954b2adbf705308e37ef6303e57e948b69d7cdd75cd5264e164a71ad38cf,0,-1,0,-1,0,-1,0,-1
transfer_cube,Calibrated recovery,23,96007,replan_1_ensemble,0,0,0.009853299189552732,0.0,37c48d712f1b0e6201d0dc8a336fca63a6adeeb87ddedb64860e77b5736f584c,fdd6afff7e507507280be056963bd114835e5bab1829a11f29a81882dc89b51b,1,140,1,147,0,-1,0,-1
transfer_cube,Calibrated recovery,23,96007,replan_16,0,0,0.04795699194073677,0.0,37c48d712f1b0e6201d0dc8a336fca63a6adeeb87ddedb64860e77b5736f584c,7e201233fd42dfd86636e74d33d24409fb4db07d1d00d1768bef74f43263456f,1,145,1,155,0,-1,0,-1
transfer_cube,Calibrated recovery,23,96008,nominal,1,1,0.013800024054944515,0.0,37c48d712f1b0e6201d0dc8a336fca63a6adeeb87ddedb64860e77b5736f584c,a03d0125f43834096153235e05de0b6705355237d86f92cd8bf708ccb69e01c1,1,146,1,147,1,288,1,288
transfer_cube,Calibrated recovery,23,96008,observation_noise,0,0,0.09252531081438065,0.047549687529099174,37c48d712f1b0e6201d0dc8a336fca63a6adeeb87ddedb64860e77b5736f584c,2cdb4fdd835949ba1ad349bd55adc6011f326d89deccab17c0cd866b51dc8a15,0,-1,0,-1,0,-1,0,-1
transfer_cube,Calibrated recovery,23,96008,noise_joints,0,0,0.0622100830078125,0.08804456295445562,37c48d712f1b0e6201d0dc8a336fca63a6adeeb87ddedb64860e77b5736f584c,75a14987ca3295b22ce885d3154df8d5ba4a14a95b96cdad22fa568ea405fbed,1,137,1,137,0,-1,0,-1
transfer_cube,Calibrated recovery,23,96008,noise_objects,1,1,0.014148619957268238,0.004029611956793815,37c48d712f1b0e6201d0dc8a336fca63a6adeeb87ddedb64860e77b5736f584c,7208ffb56c5d407c5f4a7d1c2c4e88047d992c411cc5a41c5a064060725da27c,1,143,1,145,1,287,1,287
transfer_cube,Calibrated recovery,23,96008,noise_low_support,0,0,0.06529124081134796,0.07740329704043689,37c48d712f1b0e6201d0dc8a336fca63a6adeeb87ddedb64860e77b5736f584c,81149943ebfbaf94f887284cbd41aa577e510396610e65454ba9b02d25353813,1,141,1,141,0,-1,0,-1
transfer_cube,Calibrated recovery,23,96008,noise_supported,0,0,0.043583944439888,0.01582731932401657,37c48d712f1b0e6201d0dc8a336fca63a6adeeb87ddedb64860e77b5736f584c,25a9f51c16376d694d659e75368ab75932a0289388d443e8fb87e9fb2bf9e017,1,132,1,147,0,-1,0,-1
transfer_cube,Calibrated recovery,23,96008,replan_1,0,0,0.01713547110557556,0.0,37c48d712f1b0e6201d0dc8a336fca63a6adeeb87ddedb64860e77b5736f584c,0e26ea7f9bb265222303d10550ee685c009dacfec9028332692f00818c2dd99d,1,168,1,174,0,-1,0,-1
transfer_cube,Calibrated recovery,23,96008,replan_1_ensemble,1,1,0.008973837359239109,0.0,37c48d712f1b0e6201d0dc8a336fca63a6adeeb87ddedb64860e77b5736f584c,1e6ffaa679aa31f40ac208c853afb92ad5e725ea71af94cc7ad0e2fee6e140e6,1,153,1,159,1,287,1,287
transfer_cube,Calibrated recovery,23,96008,replan_16,1,1,0.013760826550424099,0.0,37c48d712f1b0e6201d0dc8a336fca63a6adeeb87ddedb64860e77b5736f584c,ad978672bbf752aa86303567d466710fbeaacf31e2fba5ac169e724bc0dcdb5c,1,156,1,158,1,288,1,288
transfer_cube,Calibrated recovery,23,96009,nominal,1,1,0.013252343982458115,0.0,37c48d712f1b0e6201d0dc8a336fca63a6adeeb87ddedb64860e77b5736f584c,dca1db38eb6c4d2e66a0796f684822201b67955f49604c4f28c9dfebb6b1536f,1,146,1,152,1,287,1,287
transfer_cube,Calibrated recovery,23,96009,observation_noise,0,0,0.07172089070081711,0.08652983105741441,37c48d712f1b0e6201d0dc8a336fca63a6adeeb87ddedb64860e77b5736f584c,2f51e6abb04b2be8b4c244c0fce5752002d1cb93972dc48b0e8f6d8d2fe5e324,0,-1,0,-1,0,-1,0,-1
transfer_cube,Calibrated recovery,23,96009,noise_joints,0,0,0.07020870596170425,0.08645273227244615,37c48d712f1b0e6201d0dc8a336fca63a6adeeb87ddedb64860e77b5736f584c,3a64f6e481a0ff6589ab7105aced65f7db4f2b4d7e47eb7040f424b9f0ae052a,0,-1,0,-1,0,-1,0,-1
transfer_cube,Calibrated recovery,23,96009,noise_objects,1,1,0.013703458942472935,0.0038886064843973145,37c48d712f1b0e6201d0dc8a336fca63a6adeeb87ddedb64860e77b5736f584c,080926f68e46b5845e6c36484f04ebea09d0824712f6043ae3528cae4dce1062,1,145,1,145,1,285,1,285
transfer_cube,Calibrated recovery,23,96009,noise_low_support,0,0,0.07052482664585114,0.07617046277504415,37c48d712f1b0e6201d0dc8a336fca63a6adeeb87ddedb64860e77b5736f584c,b04f69c4b812f30e8fc812de83fbdc02719b66d30df320fc822f235404f3af12,0,-1,0,-1,0,-1,0,-1
transfer_cube,Calibrated recovery,23,96009,noise_supported,1,1,0.017691874876618385,0.012285425858572126,37c48d712f1b0e6201d0dc8a336fca63a6adeeb87ddedb64860e77b5736f584c,9f1ccb966bb9acb0156e1e2228303ddb258da0c3afbfdb4ca603b15bc51a0e6b,1,139,1,139,1,232,1,232
transfer_cube,Calibrated recovery,23,96009,replan_1,1,0,0.018141264095902443,0.0,37c48d712f1b0e6201d0dc8a336fca63a6adeeb87ddedb64860e77b5736f584c,9a2e8d078b631b6dc1b211fd3a2b81d0cb95fb1f1b7f3d3eb2cfbf50415477cd,1,143,1,145,1,289,1,289
transfer_cube,Calibrated recovery,23,96009,replan_1_ensemble,1,1,0.008868984362005927,0.0,37c48d712f1b0e6201d0dc8a336fca63a6adeeb87ddedb64860e77b5736f584c,2c99325d06573ad7eaf344b95c047236d82dc41e9d6d64b7d9cfd843ed6ce15d,1,151,1,151,1,288,1,288
transfer_cube,Calibrated recovery,23,96009,replan_16,1,1,0.01325959898531437,0.0,37c48d712f1b0e6201d0dc8a336fca63a6adeeb87ddedb64860e77b5736f584c,237e6403ca5bc240a79152d7f7d859769b20a9b158d99b5ca816ca9f1b2c762a,1,154,1,156,1,289,1,289
transfer_cube,Calibrated recovery,23,96010,nominal,1,1,0.013116407208144665,0.0,37c48d712f1b0e6201d0dc8a336fca63a6adeeb87ddedb64860e77b5736f584c,33b44b57212c4fae194a88a2eb0475c37f1144a3e5f4b338ccf6c56e9ee52df5,1,149,1,152,1,288,1,288
transfer_cube,Calibrated recovery,23,96010,observation_noise,0,0,0.07806867361068726,0.08694664111360907,37c48d712f1b0e6201d0dc8a336fca63a6adeeb87ddedb64860e77b5736f584c,8d68c514222c8893fbe0142b978169fed8dd52ae92a13d2ac9988c6d15498837,0,-1,0,-1,0,-1,0,-1
transfer_cube,Calibrated recovery,23,96010,noise_joints,0,0,0.0776132270693779,0.07684480553492903,37c48d712f1b0e6201d0dc8a336fca63a6adeeb87ddedb64860e77b5736f584c,67238d35cd7eb027b7bd0437e356c7b589205ec5b7ef46bf4766bcdfa128af33,0,-1,0,-1,0,-1,0,-1
transfer_cube,Calibrated recovery,23,96010,noise_objects,1,1,0.013448945246636868,0.003881047427421436,37c48d712f1b0e6201d0dc8a336fca63a6adeeb87ddedb64860e77b5736f584c,3dd0e1b82851c7ae5bc754072d536623b2c9ca1c6773f043c00d386cf4b4710c,1,150,1,153,1,289,1,289
transfer_cube,Calibrated recovery,23,96010,noise_low_support,0,0,0.1010579913854599,0.021121272449090612,37c48d712f1b0e6201d0dc8a336fca63a6adeeb87ddedb64860e77b5736f584c,f54300d148403eeac336e6a60a768592bfb517820d7149b90be9b6a5103ce057,0,-1,0,-1,0,-1,0,-1
transfer_cube,Calibrated recovery,23,96010,noise_supported,1,1,0.018241042271256447,0.01337300251238048,37c48d712f1b0e6201d0dc8a336fca63a6adeeb87ddedb64860e77b5736f584c,304d0188b7d3bda3df9a02ae09249aac2fdbbd5d952156f1777789d2c472ba92,1,147,1,147,1,232,1,232
transfer_cube,Calibrated recovery,23,96010,replan_1,1,0,0.01238460186868906,0.0,37c48d712f1b0e6201d0dc8a336fca63a6adeeb87ddedb64860e77b5736f584c,ff5afceae70deb2ec8603bf3d19d66d149ac3c5368edc19bdcdde2f38a752a68,1,155,1,158,1,288,1,288
transfer_cube,Calibrated recovery,23,96010,replan_1_ensemble,1,1,0.008772624409508073,0.0,37c48d712f1b0e6201d0dc8a336fca63a6adeeb87ddedb64860e77b5736f584c,99478226385f74e5ee03f3934e0cfc769d921b69c05326679cad38f1bc262a95,1,153,1,158,1,288,1,288
transfer_cube,Calibrated recovery,23,96010,replan_16,1,1,0.012737814337015152,0.0,37c48d712f1b0e6201d0dc8a336fca63a6adeeb87ddedb64860e77b5736f584c,bafc212973e94803b03820d33feb71fbeb7612a2e0b5a1a5373162790a289c53,1,154,1,156,1,289,1,289
transfer_cube,Calibrated recovery,23,96011,nominal,1,1,0.01305459812283516,0.0,37c48d712f1b0e6201d0dc8a336fca63a6adeeb87ddedb64860e77b5736f584c,c8cf8d1c8f560ca8f550d4d2fe7250a80e89136e1167b0ed98835a82449afc47,1,147,1,153,1,288,1,288
transfer_cube,Calibrated recovery,23,96011,observation_noise,0,0,0.06608329713344574,0.07197010019794106,37c48d712f1b0e6201d0dc8a336fca63a6adeeb87ddedb64860e77b5736f584c,62dca12a64de16dc3624eb39fcb8d48d9552f35b00e664c15a5598a566906f90,0,-1,0,-1,0,-1,0,-1
transfer_cube,Calibrated recovery,23,96011,noise_joints,0,0,0.06621730327606201,0.07246427503414452,37c48d712f1b0e6201d0dc8a336fca63a6adeeb87ddedb64860e77b5736f584c,8da2a465c9d2dd7b56dd6384f87660468b9247d6f1565326d2e58d4651abea05,0,-1,0,-1,0,-1,0,-1
transfer_cube,Calibrated recovery,23,96011,noise_objects,1,1,0.013397806324064732,0.004059631779091433,37c48d712f1b0e6201d0dc8a336fca63a6adeeb87ddedb64860e77b5736f584c,513518e454261d7ee6a4f2bf637f1b840cf3017619e0ae7e7f21747689d056be,1,148,1,152,1,289,1,289
transfer_cube,Calibrated recovery,23,96011,noise_low_support,0,0,0.06334682554006577,0.06394175828434527,37c48d712f1b0e6201d0dc8a336fca63a6adeeb87ddedb64860e77b5736f584c,62fb74460e3c064302b21f07df1a4aa38308578841c57f32171451656966c74d,0,-1,0,-1,0,-1,0,-1
transfer_cube,Calibrated recovery,23,96011,noise_supported,1,1,0.0186819676309824,0.013451670403592289,37c48d712f1b0e6201d0dc8a336fca63a6adeeb87ddedb64860e77b5736f584c,d95207032c8b659eb0cdf9f7157bfd26616096e48231afe2e7067694919e5378,1,147,1,151,1,287,1,287
transfer_cube,Calibrated recovery,23,96011,replan_1,1,0,0.012631963938474655,0.0,37c48d712f1b0e6201d0dc8a336fca63a6adeeb87ddedb64860e77b5736f584c,91411445cfac29354105f03ac0f6a1ddc46a6b7f2f4da7f478fd07b593332104,1,150,1,151,1,289,1,289
transfer_cube,Calibrated recovery,23,96011,replan_1_ensemble,1,1,0.008746911202023056,0.0,37c48d712f1b0e6201d0dc8a336fca63a6adeeb87ddedb64860e77b5736f584c,649de2dad49f83c280a1eba5ef4032d996178f623c18a44b410507bb98d7935b,1,152,1,154,1,289,1,289
transfer_cube,Calibrated recovery,23,96011,replan_16,1,1,0.012866092845797539,0.0,37c48d712f1b0e6201d0dc8a336fca63a6adeeb87ddedb64860e77b5736f584c,8ea03c94b12722f23d7f5e5d69baf02534aaa956090f61602c0af2737356a859,1,154,1,155,1,289,1,289
transfer_cube,Calibrated recovery,23,96012,nominal,1,1,0.014649671502411366,0.0,37c48d712f1b0e6201d0dc8a336fca63a6adeeb87ddedb64860e77b5736f584c,0be4b4e38b11ad77dbbd1c6819b1d785027c6589c3eb7c28153cd34bbfb6b601,1,132,1,152,1,289,1,289
transfer_cube,Calibrated recovery,23,96012,observation_noise,0,0,0.08169648051261902,0.09548073478043079,37c48d712f1b0e6201d0dc8a336fca63a6adeeb87ddedb64860e77b5736f584c,501c7166abc43b0021fff007a5eee960ebc1377a442d74ce48a0cfc5d9c5b587,0,-1,0,-1,0,-1,0,-1
transfer_cube,Calibrated recovery,23,96012,noise_joints,0,0,0.09857236593961716,0.04408441884399508,37c48d712f1b0e6201d0dc8a336fca63a6adeeb87ddedb64860e77b5736f584c,126ef3ab0a00649beb25a33e21fc73aa4373b4ae5853294c4f65e91c3ee156c7,1,64,0,-1,0,-1,0,-1
transfer_cube,Calibrated recovery,23,96012,noise_objects,1,1,0.01530534029006958,0.00350588933652034,37c48d712f1b0e6201d0dc8a336fca63a6adeeb87ddedb64860e77b5736f584c,b0887670dab24d92aa785704003244c93676052e187cb58a1bf6c709672798fb,1,128,1,131,1,285,1,285
transfer_cube,Calibrated recovery,23,96012,noise_low_support,0,0,0.09733208268880844,0.05975845757144271,37c48d712f1b0e6201d0dc8a336fca63a6adeeb87ddedb64860e77b5736f584c,35255faa54b5ef41b123fff60ec0781635f56b2beac7df58a978ca795a36c531,1,64,1,114,0,-1,0,-1
transfer_cube,Calibrated recovery,23,96012,noise_supported,0,0,0.05275456979870796,0.01612807810306549,37c48d712f1b0e6201d0dc8a336fca63a6adeeb87ddedb64860e77b5736f584c,2d0942026700d8cbf945b7cccc58c7d885c5ce736d5792d6391ed03e0e150b44,1,129,1,130,0,-1,0,-1
transfer_cube,Calibrated recovery,23,96012,replan_1,0,0,0.013536292128264904,0.0,37c48d712f1b0e6201d0dc8a336fca63a6adeeb87ddedb64860e77b5736f584c,781c9f4e040330190a292d9870ab0551b6246f39d22d137f502eab3d8982bf47,0,-1,0,-1,0,-1,0,-1
transfer_cube,Calibrated recovery,23,96012,replan_1_ensemble,1,1,0.008939827284466118,0.0,37c48d712f1b0e6201d0dc8a336fca63a6adeeb87ddedb64860e77b5736f584c,2533c3252bf0ce76e3ee1c72b80e8ea9398dc0a7438ebe1341e8781b8389afd7,1,142,1,152,1,286,1,286
transfer_cube,Calibrated recovery,23,96012,replan_16,1,1,0.014177457429468632,0.0,37c48d712f1b0e6201d0dc8a336fca63a6adeeb87ddedb64860e77b5736f584c,c6a730f9e9b7ee4a9b600473d077f7a55233b83e161a53b0ef86ef990d7bc943,1,144,1,154,1,288,1,288
transfer_cube,Calibrated recovery,23,96013,nominal,1,1,0.01308993250131607,0.0,37c48d712f1b0e6201d0dc8a336fca63a6adeeb87ddedb64860e77b5736f584c,db8f6d9e2e4028bfae60dcef0c3700ea4ef9fe97292e2ee38ab2e759f4efa16c,1,148,1,152,1,288,1,288
transfer_cube,Calibrated recovery,23,96013,observation_noise,0,0,0.08345258980989456,0.045010502695513425,37c48d712f1b0e6201d0dc8a336fca63a6adeeb87ddedb64860e77b5736f584c,ecf2f8cefbf876efbb141013de4dc9c399076ade78a94a61efeb35f596af35c0,0,-1,0,-1,0,-1,0,-1
transfer_cube,Calibrated recovery,23,96013,noise_joints,0,0,0.073771171271801,0.09626262728124857,37c48d712f1b0e6201d0dc8a336fca63a6adeeb87ddedb64860e77b5736f584c,996afd66aebb1e07592f45cdbbbe42b1085723edce52afa5c4279149afb23d6d,0,-1,0,-1,0,-1,0,-1
transfer_cube,Calibrated recovery,23,96013,noise_objects,1,1,0.013431287370622158,0.0037317523785168304,37c48d712f1b0e6201d0dc8a336fca63a6adeeb87ddedb64860e77b5736f584c,04b0bcdaeeebed92065d6928df43f3d16222b394fb3ec1bfa3ff9dd3ae036c8c,1,148,1,153,1,289,1,289
transfer_cube,Calibrated recovery,23,96013,noise_low_support,0,0,0.0689421072602272,0.08228368327952922,37c48d712f1b0e6201d0dc8a336fca63a6adeeb87ddedb64860e77b5736f584c,6739ae8decbf800990e0d49b7b60726cb30ae9742a45f2b0a12e16cee05a166c,0,-1,0,-1,0,-1,0,-1
transfer_cube,Calibrated recovery,23,96013,noise_supported,1,1,0.01764622889459133,0.01185965800192207,37c48d712f1b0e6201d0dc8a336fca63a6adeeb87ddedb64860e77b5736f584c,13256606261aab72792263ef031833777e24d0e708aedea2bf41856b96899674,1,144,1,152,1,240,1,240
transfer_cube,Calibrated recovery,23,96013,replan_1,1,0,0.019125981256365776,0.0,37c48d712f1b0e6201d0dc8a336fca63a6adeeb87ddedb64860e77b5736f584c,c74b0b852ed1fcf394227db5ad402b789f85b75f568a0065251476cf605f792f,1,155,1,159,1,288,1,288
transfer_cube,Calibrated recovery,23,96013,replan_1_ensemble,1,1,0.008748564794317421,0.0,37c48d712f1b0e6201d0dc8a336fca63a6adeeb87ddedb64860e77b5736f584c,3a68b0f66da5bd53766862f619ee5576471665bd2b70b64cdb73d6e45ad4b14a,1,150,1,157,1,288,1,288
transfer_cube,Calibrated recovery,23,96013,replan_16,1,1,0.012696715071797371,0.0,37c48d712f1b0e6201d0dc8a336fca63a6adeeb87ddedb64860e77b5736f584c,e2ede288e5048780e60d34b13fa35e2c2d60d0271b1fc0da67365e875c1cd1f6,1,154,1,156,1,289,1,289
transfer_cube,Calibrated recovery,23,96014,nominal,1,1,0.01317182183265686,0.0,37c48d712f1b0e6201d0dc8a336fca63a6adeeb87ddedb64860e77b5736f584c,49cfce0427bc71062bc8bd428666dc0a387fd6a7d52c457f2be3344d9d6a41a6,1,149,1,152,1,288,1,288
transfer_cube,Calibrated recovery,23,96014,observation_noise,0,0,0.0951421707868576,0.04398461159260478,37c48d712f1b0e6201d0dc8a336fca63a6adeeb87ddedb64860e77b5736f584c,f810806ed9e67efbea931f75235e3ffead767e8fdb52ec087bc0b203d82f5b4a,1,100,1,100,0,-1,0,-1
transfer_cube,Calibrated recovery,23,96014,noise_joints,0,0,0.06985928118228912,0.09640399619936943,37c48d712f1b0e6201d0dc8a336fca63a6adeeb87ddedb64860e77b5736f584c,90c50e1ad190ef76b41d4643702c3123b4c53ecdc17036cff6dc49a2778f2411,1,100,1,100,0,-1,0,-1
transfer_cube,Calibrated recovery,23,96014,noise_objects,1,1,0.013583113439381123,0.0037969215447083114,37c48d712f1b0e6201d0dc8a336fca63a6adeeb87ddedb64860e77b5736f584c,b5578bec852b397358cbb39e954c733005d75a8113c545d349f755eb163ad2f1,1,147,1,151,1,288,1,288
transfer_cube,Calibrated recovery,23,96014,noise_low_support,0,0,0.07979246228933334,0.07188680999330245,37c48d712f1b0e6201d0dc8a336fca63a6adeeb87ddedb64860e77b5736f584c,9b38b7bfa60a213379bfc8bba1c68ed9d21f2555878b58a95378057275b4bd1d,1,99,1,100,0,-1,0,-1
transfer_cube,Calibrated recovery,23,96014,noise_supported,1,0,0.02999279275536537,0.01432814097031951,37c48d712f1b0e6201d0dc8a336fca63a6adeeb87ddedb64860e77b5736f584c,9fc0a50168f474f664dd359184b3bc3c6c2cb275299ac95d7a13c52ca46c6228,1,136,1,136,1,226,1,226
transfer_cube,Calibrated recovery,23,96014,replan_1,1,0,0.012148204259574413,0.0,37c48d712f1b0e6201d0dc8a336fca63a6adeeb87ddedb64860e77b5736f584c,e344beb33e84c5d86c6a125e928f21d4b0e7785599c7f9ede3b932e6f001c7c4,1,158,1,161,1,287,1,287
transfer_cube,Calibrated recovery,23,96014,replan_1_ensemble,1,1,0.008763849244210541,0.0,37c48d712f1b0e6201d0dc8a336fca63a6adeeb87ddedb64860e77b5736f584c,f663db1e61b766c1aee284c452079232a323466cdca200f68d34a60f853bf16d,1,150,1,158,1,288,1,288
transfer_cube,Calibrated recovery,23,96014,replan_16,1,1,0.012730464339256287,0.0,37c48d712f1b0e6201d0dc8a336fca63a6adeeb87ddedb64860e77b5736f584c,02dbb88a1833da5956c52a8e26aa44616f65032cd92b496d9087c7ad63493309,1,155,1,156,1,289,1,289
transfer_cube,Calibrated recovery,23,96015,nominal,1,1,0.013240623287856579,0.0,37c48d712f1b0e6201d0dc8a336fca63a6adeeb87ddedb64860e77b5736f584c,fd34f98b3fa776da5e951ee5dc976ae5f13c0df92275ae772f03dcdf6f5c76d0,1,148,1,153,1,289,1,289
transfer_cube,Calibrated recovery,23,96015,observation_noise,0,0,0.06524375081062317,0.0804728072322905,37c48d712f1b0e6201d0dc8a336fca63a6adeeb87ddedb64860e77b5736f584c,b01fdf2043005f8de9256e482531aedba6a968df32415a5a2e8ec8a815d124e9,0,-1,0,-1,0,-1,0,-1
transfer_cube,Calibrated recovery,23,96015,noise_joints,0,0,0.06531649827957153,0.0771465294715017,37c48d712f1b0e6201d0dc8a336fca63a6adeeb87ddedb64860e77b5736f584c,428df18007ab2478bb6961c16885e86e019252c050861e6c92e9ceea12927529,0,-1,0,-1,0,-1,0,-1
transfer_cube,Calibrated recovery,23,96015,noise_objects,1,1,0.013553273864090443,0.004513277919031679,37c48d712f1b0e6201d0dc8a336fca63a6adeeb87ddedb64860e77b5736f584c,4ad53c5b99d9cbc0d80c37d06716942454817663e9a797b8751e61442cc40a63,1,149,1,150,1,287,1,287
transfer_cube,Calibrated recovery,23,96015,noise_low_support,0,0,0.08140140026807785,0.04911016296362505,37c48d712f1b0e6201d0dc8a336fca63a6adeeb87ddedb64860e77b5736f584c,bd403676dc50a5726ca68ca7ebdb181f6f9945e8ab018956c1e2ac4fe5a96454,0,-1,0,-1,0,-1,0,-1
transfer_cube,Calibrated recovery,23,96015,noise_supported,1,1,0.018064893782138824,0.01210727421566844,37c48d712f1b0e6201d0dc8a336fca63a6adeeb87ddedb64860e77b5736f584c,06f2b11b89be98daa7b875a9f995c6955fadf891cea0dee2746fa0afeb3c2ee3,1,144,1,144,1,227,1,227
transfer_cube,Calibrated recovery,23,96015,replan_1,1,0,0.014511541463434696,0.0,37c48d712f1b0e6201d0dc8a336fca63a6adeeb87ddedb64860e77b5736f584c,12fb9d854d854ecba5b79c93aca968477fd712944ecd54b17165009d0ba0815a,1,149,1,153,1,286,1,286
transfer_cube,Calibrated recovery,23,96015,replan_1_ensemble,1,1,0.008735056555853297,0.0,37c48d712f1b0e6201d0dc8a336fca63a6adeeb87ddedb64860e77b5736f584c,54a03bcb72689d187e4c310a749a7625269ba0946ac92c0e507cacfc8f899783,1,152,1,157,1,288,1,288
transfer_cube,Calibrated recovery,23,96015,replan_16,1,1,0.012848271057009697,0.0,37c48d712f1b0e6201d0dc8a336fca63a6adeeb87ddedb64860e77b5736f584c,d058b0eadce22b40cfef3a5a9af5ef1d145aff810b3026f33d214a95467c77ef,1,155,1,156,1,288,1,288
transfer_cube,Calibrated recovery,23,96016,nominal,1,1,0.013088013045489788,0.0,37c48d712f1b0e6201d0dc8a336fca63a6adeeb87ddedb64860e77b5736f584c,456ee6b76cd7c6eb88e307a7c3f5e89cd3f4f9ded971dd6e3fb0ac5216a6fd03,1,148,1,153,1,288,1,288
transfer_cube,Calibrated recovery,23,96016,observation_noise,0,0,0.07467976957559586,0.08351407969370485,37c48d712f1b0e6201d0dc8a336fca63a6adeeb87ddedb64860e77b5736f584c,062e76fd2d78fc9c87aeb99502ee2524c7daf95874c2678b63425b29321f4a05,0,-1,0,-1,0,-1,0,-1
transfer_cube,Calibrated recovery,23,96016,noise_joints,0,0,0.07478909194469452,0.08052061880007386,37c48d712f1b0e6201d0dc8a336fca63a6adeeb87ddedb64860e77b5736f584c,e9cb885e83110fecfbeb41662d2df4cc63928108cf5270e26643e386611990d3,1,211,1,214,0,-1,0,-1
transfer_cube,Calibrated recovery,23,96016,noise_objects,1,1,0.013495294377207756,0.004338214594172314,37c48d712f1b0e6201d0dc8a336fca63a6adeeb87ddedb64860e77b5736f584c,b395845cbe5450350327b7c82ab10f75231c77190b1312cb08d27448eefaab4e,1,150,1,153,1,287,1,287
transfer_cube,Calibrated recovery,23,96016,noise_low_support,0,0,0.06922297924757004,0.07660394362173975,37c48d712f1b0e6201d0dc8a336fca63a6adeeb87ddedb64860e77b5736f584c,c3fed1e26cd570d06728e2ac2e1eb83b021b37fd84aeeb0294536af1ede0736a,1,190,1,190,0,-1,0,-1
transfer_cube,Calibrated recovery,23,96016,noise_supported,1,1,0.018363207578659058,0.011580002796836197,37c48d712f1b0e6201d0dc8a336fca63a6adeeb87ddedb64860e77b5736f584c,8e937a520bab5849715aac231d2a6c48e73c25e3eb49faf7011d832da181d98f,1,140,1,146,1,282,1,282
transfer_cube,Calibrated recovery,23,96016,replan_1,1,0,0.013202473521232605,0.0,37c48d712f1b0e6201d0dc8a336fca63a6adeeb87ddedb64860e77b5736f584c,95e807e59c73fab840fe3c82689545451eb81c771e7ce6f32d9fc8b28750d2ea,1,155,1,158,1,287,1,287
transfer_cube,Calibrated recovery,23,96016,replan_1_ensemble,1,1,0.008733200044741877,0.0,37c48d712f1b0e6201d0dc8a336fca63a6adeeb87ddedb64860e77b5736f584c,09d3b1ec8fc1a6864d3344b82fa6bd27b2c00746bc855847cbe94451d3d99e31,1,150,1,157,1,288,1,288
transfer_cube,Calibrated recovery,23,96016,replan_16,1,1,0.012666243128478527,0.0,37c48d712f1b0e6201d0dc8a336fca63a6adeeb87ddedb64860e77b5736f584c,27c90867c973e31eec37c54de38ffbd8b96d7596c7868817dadcc2d522d6dbe0,1,153,1,156,1,289,1,289
transfer_cube,Calibrated recovery,23,96017,nominal,1,1,0.013272580690681934,0.0,37c48d712f1b0e6201d0dc8a336fca63a6adeeb87ddedb64860e77b5736f584c,b1ffaa9ff831fb3469f3eea2caa73fd889c57664600cc5326f97572435fa4733,1,149,1,153,1,289,1,289
transfer_cube,Calibrated recovery,23,96017,observation_noise,0,0,0.07972680032253265,0.11899844208732248,37c48d712f1b0e6201d0dc8a336fca63a6adeeb87ddedb64860e77b5736f584c,7f4ac068b2fc321b571f0668c9ec9f39700ac9331fb54f17c41d2ceec8a75d48,0,-1,0,-1,0,-1,0,-1
transfer_cube,Calibrated recovery,23,96017,noise_joints,0,0,0.0790596753358841,0.1155597923696041,37c48d712f1b0e6201d0dc8a336fca63a6adeeb87ddedb64860e77b5736f584c,f8490ab6038d75fc8e74bc1ef36348255869f8ff7dd4a81662567b83a2c21ddc,0,-1,0,-1,0,-1,0,-1
transfer_cube,Calibrated recovery,23,96017,noise_objects,1,1,0.013697635382413864,0.0044218236790038645,37c48d712f1b0e6201d0dc8a336fca63a6adeeb87ddedb64860e77b5736f584c,95cc327eb589ca22b99902659a8e8db81e1fabf03a0e283645d7c5212fc518b9,1,146,1,146,1,288,1,288
transfer_cube,Calibrated recovery,23,96017,noise_low_support,0,0,0.07971129566431046,0.11501696254126728,37c48d712f1b0e6201d0dc8a336fca63a6adeeb87ddedb64860e77b5736f584c,68bdb18be30c94c27da72dd2d4d503989f4ce11f621d94f691f3472d210c67ae,0,-1,0,-1,0,-1,0,-1
transfer_cube,Calibrated recovery,23,96017,noise_supported,1,1,0.018121974542737007,0.012211710801348091,37c48d712f1b0e6201d0dc8a336fca63a6adeeb87ddedb64860e77b5736f584c,9863dbc2b6ccd8af751e8dc687d90494588e2f9c330c1512c4534a4e8d3b75cb,1,143,1,143,1,226,1,226
transfer_cube,Calibrated recovery,23,96017,replan_1,1,1,0.0111119095236063,0.0,37c48d712f1b0e6201d0dc8a336fca63a6adeeb87ddedb64860e77b5736f584c,f72b1b2cce748a6104493358f0d9d87a2fc099d3547bb2e81fc30f4e2e63a3c2,1,148,1,148,1,282,1,282
transfer_cube,Calibrated recovery,23,96017,replan_1_ensemble,1,1,0.008736745335351534,0.0,37c48d712f1b0e6201d0dc8a336fca63a6adeeb87ddedb64860e77b5736f584c,907185a1e2af121472aaacb4271751ff5a43c1cda6137d1dd595c1b675fb2430,1,153,1,156,1,289,1,289
transfer_cube,Calibrated recovery,23,96017,replan_16,1,1,0.013342560268938541,0.0,37c48d712f1b0e6201d0dc8a336fca63a6adeeb87ddedb64860e77b5736f584c,6860b15be495b33e286c1a0329a3ff499df332131b50b71fae6e3627994de0af,1,156,1,156,1,289,1,289
transfer_cube,Calibrated recovery,23,96018,nominal,1,1,0.014608084224164486,0.0,37c48d712f1b0e6201d0dc8a336fca63a6adeeb87ddedb64860e77b5736f584c,8fcde5bc0b4b35ae566c7904572c80ceb94afd81d69948854f53fbefc722dd4a,1,141,1,150,1,289,1,289
transfer_cube,Calibrated recovery,23,96018,observation_noise,0,0,0.09475947171449661,0.03231067455817538,37c48d712f1b0e6201d0dc8a336fca63a6adeeb87ddedb64860e77b5736f584c,dae7863b9516d44a9090575d6e57bee074c76938e6be1a8bfcd0149da8f46a60,1,84,1,88,0,-1,0,-1
transfer_cube,Calibrated recovery,23,96018,noise_joints,0,0,0.06933900713920593,0.09088387144729496,37c48d712f1b0e6201d0dc8a336fca63a6adeeb87ddedb64860e77b5736f584c,2ed700cc67d48fd9a37814fdd7f577ea25c98b2e8935e1890d09f86b5f6df422,1,82,0,-1,0,-1,0,-1
transfer_cube,Calibrated recovery,23,96018,noise_objects,1,1,0.01482856459915638,0.0034315426897956057,37c48d712f1b0e6201d0dc8a336fca63a6adeeb87ddedb64860e77b5736f584c,53808f6a357b358fa5c02fe616cb8f222572cdfb69f319d0ef0e929b1953d25a,1,147,1,151,1,289,1,289
transfer_cube,Calibrated recovery,23,96018,noise_low_support,0,0,0.0929994285106659,0.032248112123998,37c48d712f1b0e6201d0dc8a336fca63a6adeeb87ddedb64860e77b5736f584c,d93b14de52fd6442ef91a1df42962e172e33025eb9da206d32c609b0f1f7fea4,1,82,0,-1,0,-1,0,-1
transfer_cube,Calibrated recovery,23,96018,noise_supported,1,1,0.017353544011712074,0.010668247351422905,37c48d712f1b0e6201d0dc8a336fca63a6adeeb87ddedb64860e77b5736f584c,5207b641eeae7b9c674df1e32f88a4428e982adc6d99bd4fc98b8181fbf7d503,1,131,1,142,1,289,1,289
transfer_cube,Calibrated recovery,23,96018,replan_1,0,0,0.01260851789265871,0.0,37c48d712f1b0e6201d0dc8a336fca63a6adeeb87ddedb64860e77b5736f584c,5ab2b68c050505bba295adb95102f3cfff54bbf5c5bceb048608973657186030,0,-1,0,-1,0,-1,0,-1
transfer_cube,Calibrated recovery,23,96018,replan_1_ensemble,1,1,0.008756921677336563,0.0,37c48d712f1b0e6201d0dc8a336fca63a6adeeb87ddedb64860e77b5736f584c,ab15cd3267099e45223257fb36c2c9f893e586d26ec0eacaf780b0e0214afb56,1,148,1,151,1,284,1,284
transfer_cube,Calibrated recovery,23,96018,replan_16,1,1,0.014104640111327171,0.0,37c48d712f1b0e6201d0dc8a336fca63a6adeeb87ddedb64860e77b5736f584c,a6470c660dc399ccd3102acec5004799bc65e9913178459d9b143331565284c9,1,145,1,149,1,289,1,289
transfer_cube,Calibrated recovery,23,96019,nominal,1,1,0.013107026927173138,0.0,37c48d712f1b0e6201d0dc8a336fca63a6adeeb87ddedb64860e77b5736f584c,9e913423e7bcc32bc67668bdfc2a96c05d2b791fd2a13562672d0e1f56565591,1,148,1,154,1,288,1,288
transfer_cube,Calibrated recovery,23,96019,observation_noise,0,0,0.09728702157735825,0.05194599401205778,37c48d712f1b0e6201d0dc8a336fca63a6adeeb87ddedb64860e77b5736f584c,5a529002ead4ecb63d7c0b82af088fcbe6cebaf32c3eb788c4352c15cf14301e,1,110,1,110,0,-1,0,-1
transfer_cube,Calibrated recovery,23,96019,noise_joints,0,0,0.06701194494962692,0.08562580748461186,37c48d712f1b0e6201d0dc8a336fca63a6adeeb87ddedb64860e77b5736f584c,e811fad7b7bc11cf70bad136558d2cc0a8a87c0ed4697335b331127cad9fa461,1,111,0,-1,0,-1,0,-1
transfer_cube,Calibrated recovery,23,96019,noise_objects,1,1,0.013436970300972462,0.004405860119732097,37c48d712f1b0e6201d0dc8a336fca63a6adeeb87ddedb64860e77b5736f584c,f7ce9d4e88c1d20e5dc5e710b240c28c9a7c083188e078585bd4f4ce3ad66b35,1,148,1,154,1,287,1,287
transfer_cube,Calibrated recovery,23,96019,noise_low_support,0,0,0.06976911425590515,0.1030040279647801,37c48d712f1b0e6201d0dc8a336fca63a6adeeb87ddedb64860e77b5736f584c,0e17e3dc942121f849d8fcb7d9331520257f385202e6d2f39e3728a7f8c05139,1,111,1,112,0,-1,0,-1
transfer_cube,Calibrated recovery,23,96019,noise_supported,1,1,0.0190256480127573,0.012095612394623458,37c48d712f1b0e6201d0dc8a336fca63a6adeeb87ddedb64860e77b5736f584c,875baaf7dd8ec875ec18a89b60f42a4a334371c09f8e3ec4990e3906d9910492,1,151,1,151,1,217,1,217
transfer_cube,Calibrated recovery,23,96019,replan_1,0,0,0.013029315508902073,0.0,37c48d712f1b0e6201d0dc8a336fca63a6adeeb87ddedb64860e77b5736f584c,8fcc334f9d0377cef5c8e8b413be3317c65f970e95dfa4f13faecaf638d9167b,0,-1,0,-1,0,-1,0,-1
transfer_cube,Calibrated recovery,23,96019,replan_1_ensemble,1,1,0.008759638873317247,0.0,37c48d712f1b0e6201d0dc8a336fca63a6adeeb87ddedb64860e77b5736f584c,5a1dddc12b3b00845e440b2c0b0a4568c0a7fb0fac50a60f50f32d6b7df22fe8,1,150,1,159,1,288,1,288
transfer_cube,Calibrated recovery,23,96019,replan_16,1,1,0.012659232132136822,0.0,37c48d712f1b0e6201d0dc8a336fca63a6adeeb87ddedb64860e77b5736f584c,40ee367c08cc819021a07b3b763e9a40ba67234888d2b75f7ecce34e4b652e44,1,152,1,155,1,288,1,288
transfer_cube,Calibrated recovery,31,96000,nominal,1,1,0.013850925490260124,0.0,fe539fc53faf8a4d9f0565de74277dbc2a3d21c53a0a44c28df54d7f4bd40d7b,9fcef0cddb9a64195e152ba20f042daf82ec9a342d73b08747f063d745217c7b,1,152,1,152,1,284,1,284
transfer_cube,Calibrated recovery,31,96000,observation_noise,0,0,0.06914995610713959,0.08207129861228168,fe539fc53faf8a4d9f0565de74277dbc2a3d21c53a0a44c28df54d7f4bd40d7b,58c227b57771a820a8c9cbe64fb8c677e873bb65ba81ced91fbd2df838d0f667,0,-1,0,-1,0,-1,0,-1
transfer_cube,Calibrated recovery,31,96000,noise_joints,0,0,0.0690542608499527,0.08195726243779063,fe539fc53faf8a4d9f0565de74277dbc2a3d21c53a0a44c28df54d7f4bd40d7b,84c495e57c2ef013ec76de2e1ad8043f3dcd65998a847377fbc5741ce2939d10,0,-1,0,-1,0,-1,0,-1
transfer_cube,Calibrated recovery,31,96000,noise_objects,1,1,0.014164515770971775,0.0038406517857220023,fe539fc53faf8a4d9f0565de74277dbc2a3d21c53a0a44c28df54d7f4bd40d7b,113fca55b2af8fe6bad2766f66ef3b52558cc0034d156cdcc7f0d434f5249d88,1,152,1,152,1,285,1,285
transfer_cube,Calibrated recovery,31,96000,noise_low_support,0,0,0.06708813458681107,0.07227003069128841,fe539fc53faf8a4d9f0565de74277dbc2a3d21c53a0a44c28df54d7f4bd40d7b,0e50f8fffec7c4708d7e870e7b485065fb70c3876b83643842bdac7f61fc5366,0,-1,0,-1,0,-1,0,-1
transfer_cube,Calibrated recovery,31,96000,noise_supported,0,0,0.044807396829128265,0.016591675537638365,fe539fc53faf8a4d9f0565de74277dbc2a3d21c53a0a44c28df54d7f4bd40d7b,df7f576cd2fc0c4bbe319614710358314d75d4b312c9a173c9151bc28e39da50,1,141,1,141,0,-1,0,-1
transfer_cube,Calibrated recovery,31,96000,replan_1,0,0,0.022550687193870544,0.0,fe539fc53faf8a4d9f0565de74277dbc2a3d21c53a0a44c28df54d7f4bd40d7b,18be5bbe532410a90ec06ce0e2cfa0d118aab17817190562812b09d343451446,0,-1,0,-1,0,-1,0,-1
transfer_cube,Calibrated recovery,31,96000,replan_1_ensemble,1,1,0.008917083028536199,0.0,fe539fc53faf8a4d9f0565de74277dbc2a3d21c53a0a44c28df54d7f4bd40d7b,057df8a16bc89c700aab3e85fa6a1cb4a5e03e785d9de7708cb6b9145f55639f,1,152,1,152,1,285,1,285
transfer_cube,Calibrated recovery,31,96000,replan_16,1,1,0.013592922128736973,0.0,fe539fc53faf8a4d9f0565de74277dbc2a3d21c53a0a44c28df54d7f4bd40d7b,b52688e43ea2a324a5993c42d369bdc8a34f4914bdc9b7c0704c94470b8df5ad,1,151,1,154,1,285,1,285
transfer_cube,Calibrated recovery,31,96001,nominal,1,1,0.015004818327724934,0.0,fe539fc53faf8a4d9f0565de74277dbc2a3d21c53a0a44c28df54d7f4bd40d7b,71f9ff2b4dffa89b54e834b2ccd05a6fff6e65166a440504b6a82ece8e461fa8,1,158,1,160,1,218,1,218
transfer_cube,Calibrated recovery,31,96001,observation_noise,0,0,0.07171288877725601,0.09891051732003689,fe539fc53faf8a4d9f0565de74277dbc2a3d21c53a0a44c28df54d7f4bd40d7b,54447a0d25fa4279104c5658aaf9ef6bf8b191dd9e4ec358741de91ce35faba2,0,-1,0,-1,0,-1,0,-1
transfer_cube,Calibrated recovery,31,96001,noise_joints,0,0,0.07172456383705139,0.09850541703402996,fe539fc53faf8a4d9f0565de74277dbc2a3d21c53a0a44c28df54d7f4bd40d7b,aebc683244fb4be0f47aadb0a1f3b7c8ef57670beaca32e4f65351f514edae40,0,-1,0,-1,0,-1,0,-1
transfer_cube,Calibrated recovery,31,96001,noise_objects,1,1,0.014034556224942207,0.004027749506640248,fe539fc53faf8a4d9f0565de74277dbc2a3d21c53a0a44c28df54d7f4bd40d7b,7103a76ca188986bd31fe4a54831059541276c7d6d9c759c6787143baf21b8da,1,157,1,160,1,224,1,224
transfer_cube,Calibrated recovery,31,96001,noise_low_support,0,0,0.08433502167463303,0.04325344497672631,fe539fc53faf8a4d9f0565de74277dbc2a3d21c53a0a44c28df54d7f4bd40d7b,34eec53af84f2f6e336a182ce55f4984b05f148a432c7373af051369d7cc1c20,1,77,0,-1,0,-1,0,-1
transfer_cube,Calibrated recovery,31,96001,noise_supported,1,1,0.018318278715014458,0.01302389063872397,fe539fc53faf8a4d9f0565de74277dbc2a3d21c53a0a44c28df54d7f4bd40d7b,3e233e5e46d6703204d4a74f050fa50e93ace5578a8bc802c5475cc66d748752,1,156,1,156,1,217,1,217
transfer_cube,Calibrated recovery,31,96001,replan_1,0,0,0.021907715126872063,0.0,fe539fc53faf8a4d9f0565de74277dbc2a3d21c53a0a44c28df54d7f4bd40d7b,3c81e537dfc60378cd3bf9c632f7f0753b1f71c4e9134a44bee7548b649be244,1,167,0,-1,0,-1,0,-1
transfer_cube,Calibrated recovery,31,96001,replan_1_ensemble,1,1,0.008762764129354748,0.0,fe539fc53faf8a4d9f0565de74277dbc2a3d21c53a0a44c28df54d7f4bd40d7b,a89cfee9b54d82a4331322a76f05bc139279817951b62bc76226ecf4d7a74c47,1,161,1,165,1,223,1,223
transfer_cube,Calibrated recovery,31,96001,replan_16,1,1,0.013248130679130554,0.0,fe539fc53faf8a4d9f0565de74277dbc2a3d21c53a0a44c28df54d7f4bd40d7b,869aa3efd76bfd66846a347e6d5a7bb59de25ef8726e2927762b42a115865e65,1,155,1,157,1,287,1,287
transfer_cube,Calibrated recovery,31,96002,nominal,1,1,0.013721325434744358,0.0,fe539fc53faf8a4d9f0565de74277dbc2a3d21c53a0a44c28df54d7f4bd40d7b,529521d74c672868b20846ee637466f5dd1ad1ebe752c2c52869b998dab1e561,1,161,1,162,1,218,1,218
transfer_cube,Calibrated recovery,31,96002,observation_noise,0,0,0.06853362172842026,0.09129064712673425,fe539fc53faf8a4d9f0565de74277dbc2a3d21c53a0a44c28df54d7f4bd40d7b,40aa8f8bfb9dd7e5db9b0a532a9054b6f235801935ad6120f34797bd72c34d87,0,-1,0,-1,0,-1,0,-1
transfer_cube,Calibrated recovery,31,96002,noise_joints,0,0,0.06858460605144501,0.0914937575161457,fe539fc53faf8a4d9f0565de74277dbc2a3d21c53a0a44c28df54d7f4bd40d7b,98a9a2f5266f1bdd5c78a2d6e59770929008c756a1ef54b463a9f1fcc2bccb78,0,-1,0,-1,0,-1,0,-1
transfer_cube,Calibrated recovery,31,96002,noise_objects,1,1,0.013989875093102455,0.00354507626965642,fe539fc53faf8a4d9f0565de74277dbc2a3d21c53a0a44c28df54d7f4bd40d7b,0eef9d4f0e714b7521723390e2ee822961f21d75259f974709b851d27daa4471,1,157,1,162,1,218,1,218
transfer_cube,Calibrated recovery,31,96002,noise_low_support,0,0,0.06815649569034576,0.08963141314685345,fe539fc53faf8a4d9f0565de74277dbc2a3d21c53a0a44c28df54d7f4bd40d7b,6f62e6a0ba0f08c5bcccd4a70df63a9dfdf9d30fd9cba9773917adab61d27675,0,-1,0,-1,0,-1,0,-1
transfer_cube,Calibrated recovery,31,96002,noise_supported,1,1,0.01820448599755764,0.011550604426302015,fe539fc53faf8a4d9f0565de74277dbc2a3d21c53a0a44c28df54d7f4bd40d7b,7480b08a7ba1b1828ca42ed9e26a2597394de642c9570f40cf50319e0234cd57,1,162,1,162,1,219,1,219
transfer_cube,Calibrated recovery,31,96002,replan_1,1,1,0.009372333064675331,0.0,fe539fc53faf8a4d9f0565de74277dbc2a3d21c53a0a44c28df54d7f4bd40d7b,b3747fb2e6e9c3592d32db69173c2e39b4dd38d9fd156389d1d4c262aa5e3ddb,1,167,1,169,1,293,1,293
transfer_cube,Calibrated recovery,31,96002,replan_1_ensemble,1,1,0.008732849782088409,0.0,fe539fc53faf8a4d9f0565de74277dbc2a3d21c53a0a44c28df54d7f4bd40d7b,ccd4a8e9a5ecbcd2c03cbf4f98136c1964bb15af5a7d6d587d0a27128b51635a,1,161,1,164,1,222,1,222
transfer_cube,Calibrated recovery,31,96002,replan_16,1,1,0.013364709913730621,0.0,fe539fc53faf8a4d9f0565de74277dbc2a3d21c53a0a44c28df54d7f4bd40d7b,7d671f4caa1f0be82246b35dee72e243eecac9dbb4b95ea37574f1610ee308f5,1,155,1,155,1,241,1,241
transfer_cube,Calibrated recovery,31,96003,nominal,0,0,0.0563824288547039,0.0,fe539fc53faf8a4d9f0565de74277dbc2a3d21c53a0a44c28df54d7f4bd40d7b,4d270810780149fc14f6fa082d626b32b0fc2f428bd709f23c85cedc116c6c43,1,131,0,-1,0,-1,0,-1
transfer_cube,Calibrated recovery,31,96003,observation_noise,0,0,0.069331593811512,0.0870429283194244,fe539fc53faf8a4d9f0565de74277dbc2a3d21c53a0a44c28df54d7f4bd40d7b,a0c05bd666973339d45a9d9dc5503cae6fa7058e78fadf992d9d9285b3380eb5,0,-1,0,-1,0,-1,0,-1
transfer_cube,Calibrated recovery,31,96003,noise_joints,0,0,0.06920935958623886,0.0867485181428492,fe539fc53faf8a4d9f0565de74277dbc2a3d21c53a0a44c28df54d7f4bd40d7b,edba9a3191e314960917823d0bc36a1c1bf17e841b7ed4fbe4e9206032756586,0,-1,0,-1,0,-1,0,-1
transfer_cube,Calibrated recovery,31,96003,noise_objects,0,0,0.05668509379029274,0.0036616095062345267,fe539fc53faf8a4d9f0565de74277dbc2a3d21c53a0a44c28df54d7f4bd40d7b,e05433e5b2929979a3b7bb87375baf3f3e389b7766f4962884cbe9489978dd8b,1,130,0,-1,0,-1,0,-1
transfer_cube,Calibrated recovery,31,96003,noise_low_support,0,0,0.06957831233739853,0.08646132125519217,fe539fc53faf8a4d9f0565de74277dbc2a3d21c53a0a44c28df54d7f4bd40d7b,52e4fb43ea03c7e4f1f10bfcdab78b875d0851bef6d8c55920683a67ee4a229e,0,-1,0,-1,0,-1,0,-1
transfer_cube,Calibrated recovery,31,96003,noise_supported,0,0,0.05305235832929611,0.016668283259496094,fe539fc53faf8a4d9f0565de74277dbc2a3d21c53a0a44c28df54d7f4bd40d7b,9fdb71ffb06b67bffadbb18130ddbea43a9698c9dee7d981372488de162c16da,1,139,0,-1,0,-1,0,-1
transfer_cube,Calibrated recovery,31,96003,replan_1,0,0,0.018011081963777542,0.0,fe539fc53faf8a4d9f0565de74277dbc2a3d21c53a0a44c28df54d7f4bd40d7b,00a46e6349209ba97ef7a5194e48fcfd45f5682b6ab2e7bb18ce8b696f344033,0,-1,0,-1,0,-1,0,-1
transfer_cube,Calibrated recovery,31,96003,replan_1_ensemble,0,0,0.009746877681229636,0.0,fe539fc53faf8a4d9f0565de74277dbc2a3d21c53a0a44c28df54d7f4bd40d7b,d2fafd8c969700ae44f8547ba73c3fce6acb182a2ca969438fd6290650b4d8b5,0,-1,0,-1,0,-1,0,-1
transfer_cube,Calibrated recovery,31,96003,replan_16,0,0,0.05443777143955231,0.0,fe539fc53faf8a4d9f0565de74277dbc2a3d21c53a0a44c28df54d7f4bd40d7b,745d5f1f597cb30177ca2c9846ae38dcb170a342ced41f0e4053fbb954c3cc47,1,141,0,-1,0,-1,0,-1
transfer_cube,Calibrated recovery,31,96004,nominal,1,1,0.014716224744915962,0.0,fe539fc53faf8a4d9f0565de74277dbc2a3d21c53a0a44c28df54d7f4bd40d7b,ec28a12291c4f5a7356353edcbc59e9aa12833bd24926f6bfa8bd50a1e7fe85f,1,160,1,160,1,231,1,231
transfer_cube,Calibrated recovery,31,96004,observation_noise,0,0,0.06591211259365082,0.09298640940338374,fe539fc53faf8a4d9f0565de74277dbc2a3d21c53a0a44c28df54d7f4bd40d7b,df5ca824df47e8d18167ff2af387c1e46fefa7f28f01133f3b8bc2812ece78be,0,-1,0,-1,0,-1,0,-1
transfer_cube,Calibrated recovery,31,96004,noise_joints,0,0,0.06584815680980682,0.09294369669631124,fe539fc53faf8a4d9f0565de74277dbc2a3d21c53a0a44c28df54d7f4bd40d7b,72a9207afe0422b7d35a17fc8bc7fcc58795667574e8fbdc431aadccde98fb22,0,-1,0,-1,0,-1,0,-1
transfer_cube,Calibrated recovery,31,96004,noise_objects,1,1,0.015117056667804718,0.00329036571085453,fe539fc53faf8a4d9f0565de74277dbc2a3d21c53a0a44c28df54d7f4bd40d7b,e4c2169bc62437e2a0c63980aa15964ffab8baadd6ddb44c04a8521024e0f0fb,1,158,1,158,1,230,1,230
transfer_cube,Calibrated recovery,31,96004,noise_low_support,0,0,0.06529843807220459,0.09009369895793498,fe539fc53faf8a4d9f0565de74277dbc2a3d21c53a0a44c28df54d7f4bd40d7b,86b9998e350037cf7339ebbb891d09aa0be7627b28ed3a96138f205799532d55,0,-1,0,-1,0,-1,0,-1
transfer_cube,Calibrated recovery,31,96004,noise_supported,0,0,0.052605342119932175,0.017621712451800706,fe539fc53faf8a4d9f0565de74277dbc2a3d21c53a0a44c28df54d7f4bd40d7b,9fd668e7b103f5d77b02c5d9ed8111cd5118a1bf50236de3044b7705ed6df2a3,1,157,1,157,0,-1,0,-1
transfer_cube,Calibrated recovery,31,96004,replan_1,0,0,0.008660929277539253,0.0,fe539fc53faf8a4d9f0565de74277dbc2a3d21c53a0a44c28df54d7f4bd40d7b,83ab9a7e9d0b97083f4ce11da1c432b8956e285df08b7650ea04837d31bce9d1,0,-1,0,-1,0,-1,0,-1
transfer_cube,Calibrated recovery,31,96004,replan_1_ensemble,1,1,0.009066640840067796,0.0,fe539fc53faf8a4d9f0565de74277dbc2a3d21c53a0a44c28df54d7f4bd40d7b,8b4735cdb36ab46ba030bac673e375c3ed2e3abd9eddf693d372755a0b35da86,1,163,1,168,1,287,1,287
transfer_cube,Calibrated recovery,31,96004,replan_16,1,1,0.014168577268719673,0.0,fe539fc53faf8a4d9f0565de74277dbc2a3d21c53a0a44c28df54d7f4bd40d7b,500d18bfc3ea35820b73903609b655ce7bcfcacb685507b2d352795431241275,1,159,1,163,1,288,1,288
transfer_cube,Calibrated recovery,31,96005,nominal,1,1,0.014220276847481728,0.0,fe539fc53faf8a4d9f0565de74277dbc2a3d21c53a0a44c28df54d7f4bd40d7b,8675bd0b0fada8f8ce867f4f43d39c9ebfe7c2a77f8045593d54c390ea0508da,1,156,1,160,1,220,1,220
transfer_cube,Calibrated recovery,31,96005,observation_noise,0,0,0.06606526672840118,0.074556117169559,fe539fc53faf8a4d9f0565de74277dbc2a3d21c53a0a44c28df54d7f4bd40d7b,63fa16d3b2792838126683267b143ebf5834d51c7ba01a26d04c08639f67634b,0,-1,0,-1,0,-1,0,-1
transfer_cube,Calibrated recovery,31,96005,noise_joints,0,0,0.06648408621549606,0.07402070960029959,fe539fc53faf8a4d9f0565de74277dbc2a3d21c53a0a44c28df54d7f4bd40d7b,0febb56976f5a205bccdd80147c10348153a8a898482519898e5b0807e423005,0,-1,0,-1,0,-1,0,-1
transfer_cube,Calibrated recovery,31,96005,noise_objects,1,1,0.014387081377208233,0.003469558439683169,fe539fc53faf8a4d9f0565de74277dbc2a3d21c53a0a44c28df54d7f4bd40d7b,e34e0910a3565ff7cd634f9070f111b5224330e640977d3524e6ecd729427173,1,156,1,160,1,217,1,217
transfer_cube,Calibrated recovery,31,96005,noise_low_support,0,0,0.06742487847805023,0.07404457649798132,fe539fc53faf8a4d9f0565de74277dbc2a3d21c53a0a44c28df54d7f4bd40d7b,3a58b147cb83efa8569c189d162a9ed8c4fa7344a8f15d70baf44285a53ed2c0,0,-1,0,-1,0,-1,0,-1
transfer_cube,Calibrated recovery,31,96005,noise_supported,0,0,0.05508170649409294,0.016417374685406685,fe539fc53faf8a4d9f0565de74277dbc2a3d21c53a0a44c28df54d7f4bd40d7b,16feebda4293943b3cbf8b0355e57206966c8009d28f41970b355a86eca83f58,1,163,1,163,0,-1,0,-1
transfer_cube,Calibrated recovery,31,96005,replan_1,1,0,0.013311520218849182,0.0,fe539fc53faf8a4d9f0565de74277dbc2a3d21c53a0a44c28df54d7f4bd40d7b,0aae61ef2ccffc7e3309e858f6495a182431321dd5a13e95354ce068a9f07f4d,1,155,1,162,1,236,1,236
transfer_cube,Calibrated recovery,31,96005,replan_1_ensemble,1,1,0.008841636727715492,0.0,fe539fc53faf8a4d9f0565de74277dbc2a3d21c53a0a44c28df54d7f4bd40d7b,12df2d8e8ee7142f6b8a4e9ce3f77e3ae29e24bc6933c4ddfc778ecb3b756e8a,1,156,1,161,1,221,1,221
transfer_cube,Calibrated recovery,31,96005,replan_16,1,1,0.013759516179561615,0.0,fe539fc53faf8a4d9f0565de74277dbc2a3d21c53a0a44c28df54d7f4bd40d7b,b3b845acf4cf5fa7b74c43be39e87c72c5d562c95e0b27147d50a1b9a4cd5dc9,1,157,1,157,1,241,1,241
transfer_cube,Calibrated recovery,31,96006,nominal,1,1,0.014689503237605095,0.0,fe539fc53faf8a4d9f0565de74277dbc2a3d21c53a0a44c28df54d7f4bd40d7b,8cd365bfeed6c06731b145b2f78e42c2fac4eb3a191e0aad8733aba4a8333251,1,150,1,154,1,286,1,286
transfer_cube,Calibrated recovery,31,96006,observation_noise,0,0,0.07808347046375275,0.08806925896555186,fe539fc53faf8a4d9f0565de74277dbc2a3d21c53a0a44c28df54d7f4bd40d7b,f88a0d33904b57b8f7a7cb1b3527f275ce2de6816ee382ab1a3ea060f6d2386b,1,96,1,96,0,-1,0,-1
transfer_cube,Calibrated recovery,31,96006,noise_joints,0,0,0.0681641697883606,0.09074721372220665,fe539fc53faf8a4d9f0565de74277dbc2a3d21c53a0a44c28df54d7f4bd40d7b,859ff53556ec6a7ab60ac440f34c4064b06d995e994eac95140c99af122f7ea2,1,96,0,-1,0,-1,0,-1
transfer_cube,Calibrated recovery,31,96006,noise_objects,1,1,0.015115656889975071,0.003347912607714534,fe539fc53faf8a4d9f0565de74277dbc2a3d21c53a0a44c28df54d7f4bd40d7b,4f44783cfa76fa4ba3a403a65818e78c490eec3ba1d7d4ea6b8a4c9f45835e62,1,150,1,153,1,289,1,289
transfer_cube,Calibrated recovery,31,96006,noise_low_support,0,0,0.07054081559181213,0.08572442155098542,fe539fc53faf8a4d9f0565de74277dbc2a3d21c53a0a44c28df54d7f4bd40d7b,f247aa290aba5f9ccf4a2f50568fdf2cdaa342d48c40d2dfd0ea0b1c53c63f40,1,104,1,116,0,-1,0,-1
transfer_cube,Calibrated recovery,31,96006,noise_supported,1,1,0.021679410710930824,0.015223374050110578,fe539fc53faf8a4d9f0565de74277dbc2a3d21c53a0a44c28df54d7f4bd40d7b,aac269e61a65c3991ce77a6326c8ba08a5d326cf3fc66e9bf7758573de21fd54,1,138,1,138,1,285,1,285
transfer_cube,Calibrated recovery,31,96006,replan_1,0,0,0.009555269032716751,0.0,fe539fc53faf8a4d9f0565de74277dbc2a3d21c53a0a44c28df54d7f4bd40d7b,3d22cce7ba5d880e9167322603a506ae6d892ee2c61f0611c7fde37842983f47,0,-1,0,-1,0,-1,0,-1
transfer_cube,Calibrated recovery,31,96006,replan_1_ensemble,1,1,0.009076778180681522,0.0,fe539fc53faf8a4d9f0565de74277dbc2a3d21c53a0a44c28df54d7f4bd40d7b,6f7c8ffe5b58807578b54f359b44ff4cdabbb20a7aeb20821008050b77f35fba,1,152,1,167,1,283,1,283
transfer_cube,Calibrated recovery,31,96006,replan_16,1,1,0.013698883354663849,0.0,fe539fc53faf8a4d9f0565de74277dbc2a3d21c53a0a44c28df54d7f4bd40d7b,e3da95047774d803336b4a6c32946051350a6596a823e3e4c175323ec83d471a,1,153,1,153,1,287,1,287
transfer_cube,Calibrated recovery,31,96007,nominal,1,1,0.015603361651301384,0.0,fe539fc53faf8a4d9f0565de74277dbc2a3d21c53a0a44c28df54d7f4bd40d7b,be8434ccddb4dcdddfb5c2de8087a8244a733781c8af2c1278478130b3a4a9d7,1,143,1,149,1,278,1,278
transfer_cube,Calibrated recovery,31,96007,observation_noise,0,0,0.07077639549970627,0.08434597082436085,fe539fc53faf8a4d9f0565de74277dbc2a3d21c53a0a44c28df54d7f4bd40d7b,122cab739aea47503a3a80e0540563c778b52856f5ff267bd227c0bed90589b0,0,-1,0,-1,0,-1,0,-1
transfer_cube,Calibrated recovery,31,96007,noise_joints,0,0,0.07066041976213455,0.08423034459352494,fe539fc53faf8a4d9f0565de74277dbc2a3d21c53a0a44c28df54d7f4bd40d7b,e78ca3aa0989c2d67ca049d84d0738f7ad9fecd636746ae38bece39975418bdf,0,-1,0,-1,0,-1,0,-1
transfer_cube,Calibrated recovery,31,96007,noise_objects,1,1,0.016228612512350082,0.0038288953551091254,fe539fc53faf8a4d9f0565de74277dbc2a3d21c53a0a44c28df54d7f4bd40d7b,82fdb3493f6a7623b9614eed7595c5597702b2d59b055b040fbffd19ce175f0a,1,139,1,141,1,282,1,282
transfer_cube,Calibrated recovery,31,96007,noise_low_support,0,0,0.07024621218442917,0.08079900123178958,fe539fc53faf8a4d9f0565de74277dbc2a3d21c53a0a44c28df54d7f4bd40d7b,9e4fc8a76a68cc9f4c891911da29b831f61ec70584e9bc959c8e68f11faee30b,0,-1,0,-1,0,-1,0,-1
transfer_cube,Calibrated recovery,31,96007,noise_supported,0,0,0.07532893121242523,0.010420872772301663,fe539fc53faf8a4d9f0565de74277dbc2a3d21c53a0a44c28df54d7f4bd40d7b,0925170c7776614bb333eb16393c2e8f62d41d2bee5d9b21c94c51d3bc2f1c06,1,146,1,154,0,-1,0,-1
transfer_cube,Calibrated recovery,31,96007,replan_1,0,0,0.018094222992658615,0.0,fe539fc53faf8a4d9f0565de74277dbc2a3d21c53a0a44c28df54d7f4bd40d7b,1a46b3d3eaea551f402217e9b4701424468526df61956201e760e6b81fd8c079,0,-1,0,-1,0,-1,0,-1
transfer_cube,Calibrated recovery,31,96007,replan_1_ensemble,1,1,0.009409495394044969,0.0,fe539fc53faf8a4d9f0565de74277dbc2a3d21c53a0a44c28df54d7f4bd40d7b,b4d2368c5170ca0afc0077cf0b5a8c2fefc2ec8b97890f204a281be05553ab7f,1,146,1,170,1,282,1,282
transfer_cube,Calibrated recovery,31,96007,replan_16,1,1,0.01410998310893774,0.0,fe539fc53faf8a4d9f0565de74277dbc2a3d21c53a0a44c28df54d7f4bd40d7b,d67dc0b9085db98d77ae56588991d62d2c14db4b1bfec10a5e5a8a118c3bc11c,1,146,1,148,1,285,1,285
transfer_cube,Calibrated recovery,31,96008,nominal,1,1,0.014905985444784164,0.0,fe539fc53faf8a4d9f0565de74277dbc2a3d21c53a0a44c28df54d7f4bd40d7b,fcc7aaa9d166b4323d418d27bb5ae93dbf4fba6b2fd00fac2a6172e1b42ecce8,1,158,1,163,1,227,1,227
transfer_cube,Calibrated recovery,31,96008,observation_noise,0,0,0.06269147247076035,0.08228745991364121,fe539fc53faf8a4d9f0565de74277dbc2a3d21c53a0a44c28df54d7f4bd40d7b,800af03c897523e1b263ba54275b2b572fb72f60fb22104b6a4ea7e257cb11f9,0,-1,0,-1,0,-1,0,-1
transfer_cube,Calibrated recovery,31,96008,noise_joints,0,0,0.0628732219338417,0.08221779750660062,fe539fc53faf8a4d9f0565de74277dbc2a3d21c53a0a44c28df54d7f4bd40d7b,07854a2438d6242e6f79e29a1a88c0c44d5e59bc5042528cc2bce53489c31602,0,-1,0,-1,0,-1,0,-1
transfer_cube,Calibrated recovery,31,96008,noise_objects,1,1,0.01578814908862114,0.00416800613515079,fe539fc53faf8a4d9f0565de74277dbc2a3d21c53a0a44c28df54d7f4bd40d7b,4ca7ac8275d83d44ea96becbae1fa0d86f2186a225fc97c5a63b672610566323,1,163,1,163,1,226,1,226
transfer_cube,Calibrated recovery,31,96008,noise_low_support,0,0,0.0632074624300003,0.08163698436779669,fe539fc53faf8a4d9f0565de74277dbc2a3d21c53a0a44c28df54d7f4bd40d7b,c4253e70366c2bab60e5581c318034fbe37a3bf71f8b3f53b9e5a9c8ffb91c2f,0,-1,0,-1,0,-1,0,-1
transfer_cube,Calibrated recovery,31,96008,noise_supported,1,1,0.018236415460705757,0.011933291042223572,fe539fc53faf8a4d9f0565de74277dbc2a3d21c53a0a44c28df54d7f4bd40d7b,90598697be9933247f6e02442234769b1030a3d31c5b0b6e3437c3afb87bedfa,1,149,1,149,1,281,1,281
transfer_cube,Calibrated recovery,31,96008,replan_1,0,0,0.008823373354971409,0.0,fe539fc53faf8a4d9f0565de74277dbc2a3d21c53a0a44c28df54d7f4bd40d7b,adc32b896bdff4693ed845e7939abbab9a89905264bc89486d7b6124e57fcf2e,0,-1,0,-1,0,-1,0,-1
transfer_cube,Calibrated recovery,31,96008,replan_1_ensemble,1,1,0.008932539247292395,0.0,fe539fc53faf8a4d9f0565de74277dbc2a3d21c53a0a44c28df54d7f4bd40d7b,eb343748e59bf4d421ea8b283e9e319195db0becda7323466b663c2d803ee442,1,160,1,166,1,286,1,286
transfer_cube,Calibrated recovery,31,96008,replan_16,1,1,0.01353413239121437,0.0,fe539fc53faf8a4d9f0565de74277dbc2a3d21c53a0a44c28df54d7f4bd40d7b,813c7c28e11568829d92342978e8038bf5b26bb6b4ceaed2ad40ed4c4d9cca75,1,158,1,158,1,288,1,288
transfer_cube,Calibrated recovery,31,96009,nominal,1,1,0.01489121001213789,0.0,fe539fc53faf8a4d9f0565de74277dbc2a3d21c53a0a44c28df54d7f4bd40d7b,fbc17b0d469fc8c34da39aaa43fd38d3eb917476be7d3b91e6735e30149deeaa,1,156,1,156,1,222,1,222
transfer_cube,Calibrated recovery,31,96009,observation_noise,0,0,0.0666767880320549,0.09669343743473291,fe539fc53faf8a4d9f0565de74277dbc2a3d21c53a0a44c28df54d7f4bd40d7b,1a85491754829e36ebe1c3ab21f2d4d73673bbfa362f77bc97198fa4b78e28c3,0,-1,0,-1,0,-1,0,-1
transfer_cube,Calibrated recovery,31,96009,noise_joints,0,0,0.06682240962982178,0.09775197044946253,fe539fc53faf8a4d9f0565de74277dbc2a3d21c53a0a44c28df54d7f4bd40d7b,b53429d7393b2c17c555a6feaa0a15b35534a8ad921dd710c75e9b80791e564a,0,-1,0,-1,0,-1,0,-1
transfer_cube,Calibrated recovery,31,96009,noise_objects,1,1,0.015403098426759243,0.003814734102343209,fe539fc53faf8a4d9f0565de74277dbc2a3d21c53a0a44c28df54d7f4bd40d7b,2cf453f65c963b0f1aa9df204914801f3309166ee8179b41bd3b16369a80aa94,1,158,1,161,1,219,1,219
transfer_cube,Calibrated recovery,31,96009,noise_low_support,0,0,0.06936179846525192,0.09611153338570148,fe539fc53faf8a4d9f0565de74277dbc2a3d21c53a0a44c28df54d7f4bd40d7b,82f815308ad5e6da2c676f4883146888f1cefa5156c06a653466fe0fb630c533,0,-1,0,-1,0,-1,0,-1
transfer_cube,Calibrated recovery,31,96009,noise_supported,1,1,0.02129765786230564,0.012860704702325166,fe539fc53faf8a4d9f0565de74277dbc2a3d21c53a0a44c28df54d7f4bd40d7b,92e4ee67fd5f8dfb1ce8b1f1404802b9bceb47c72b6fda3eaa9ab97c11792ad9,1,148,1,148,1,217,1,217
transfer_cube,Calibrated recovery,31,96009,replan_1,1,1,0.012181062251329422,0.0,fe539fc53faf8a4d9f0565de74277dbc2a3d21c53a0a44c28df54d7f4bd40d7b,28a89948cc54b2f163ab44881cc7bd868d72cc9a7be7a464ba0c49f7550bf3ab,1,165,1,174,1,279,1,279
transfer_cube,Calibrated recovery,31,96009,replan_1_ensemble,1,1,0.008871145397181235,0.0,fe539fc53faf8a4d9f0565de74277dbc2a3d21c53a0a44c28df54d7f4bd40d7b,dc3bc67f7a6205f7ee38dbc1a2698ca911fc8e85696f44bca47a5de8c29b36b7,1,157,1,165,1,224,1,224
transfer_cube,Calibrated recovery,31,96009,replan_16,1,1,0.013223479501903057,0.0,fe539fc53faf8a4d9f0565de74277dbc2a3d21c53a0a44c28df54d7f4bd40d7b,d306bc892aa95a94e5950c45fd51f73d601e4f3b44fd2369e73f41fd60eb658d,1,156,1,157,1,225,1,225
transfer_cube,Calibrated recovery,31,96010,nominal,1,1,0.014824243262410164,0.0,fe539fc53faf8a4d9f0565de74277dbc2a3d21c53a0a44c28df54d7f4bd40d7b,5b51aff4d049148d343c6157864a22859ca2e80463c23069f104bd6c8203efda,1,156,1,164,1,223,1,223
transfer_cube,Calibrated recovery,31,96010,observation_noise,0,0,0.07217763364315033,0.0930305734090507,fe539fc53faf8a4d9f0565de74277dbc2a3d21c53a0a44c28df54d7f4bd40d7b,c6f2048ea7e960accd828dce43d1491e928376fa724df48f358783a4b183f67d,0,-1,0,-1,0,-1,0,-1
transfer_cube,Calibrated recovery,31,96010,noise_joints,0,0,0.07177625596523285,0.09340137565508484,fe539fc53faf8a4d9f0565de74277dbc2a3d21c53a0a44c28df54d7f4bd40d7b,51f52f55d62b5875fd53f4e2b78678c85658685d7ae571a7ee4525d481e1984d,0,-1,0,-1,0,-1,0,-1
transfer_cube,Calibrated recovery,31,96010,noise_objects,1,1,0.01508678961545229,0.0040341681824065745,fe539fc53faf8a4d9f0565de74277dbc2a3d21c53a0a44c28df54d7f4bd40d7b,b5f24077ee1e77b3ac34b738537c5e17a1caea4ca79fc598c88590d0694c8165,1,156,1,156,1,221,1,221
transfer_cube,Calibrated recovery,31,96010,noise_low_support,0,0,0.07031547278165817,0.08960008632391692,fe539fc53faf8a4d9f0565de74277dbc2a3d21c53a0a44c28df54d7f4bd40d7b,b3fa099c9c850a0cf4786a24fedc27c3e530da01d57c654c265da4432db08277,0,-1,0,-1,0,-1,0,-1
transfer_cube,Calibrated recovery,31,96010,noise_supported,1,1,0.018104583024978638,0.012534301113337278,fe539fc53faf8a4d9f0565de74277dbc2a3d21c53a0a44c28df54d7f4bd40d7b,9ed0ae06829c6040d2e8539d581ed770712358ea7de7f1f8474e454f1c23f843,1,156,1,156,1,217,1,217
transfer_cube,Calibrated recovery,31,96010,replan_1,0,0,0.009200195781886578,0.0,fe539fc53faf8a4d9f0565de74277dbc2a3d21c53a0a44c28df54d7f4bd40d7b,a8e9196f495648133f00f5af597e4baa253c3821260022f592c81887049e4ba0,0,-1,0,-1,0,-1,0,-1
transfer_cube,Calibrated recovery,31,96010,replan_1_ensemble,1,1,0.008750711096805397,0.0,fe539fc53faf8a4d9f0565de74277dbc2a3d21c53a0a44c28df54d7f4bd40d7b,84739e5fcfd168b0036b93a8c84e4bc72f41c664e0f8a370d0e594bbe09489e8,1,159,1,167,1,223,1,223
transfer_cube,Calibrated recovery,31,96010,replan_16,1,1,0.012969006784260273,0.0,fe539fc53faf8a4d9f0565de74277dbc2a3d21c53a0a44c28df54d7f4bd40d7b,e28b355718d0a4268e295a12d0c9b2bd29fe22ebdd6121f07b34d3ca1795939c,1,156,1,157,1,287,1,287
transfer_cube,Calibrated recovery,31,96011,nominal,1,1,0.013414484448730946,0.0,fe539fc53faf8a4d9f0565de74277dbc2a3d21c53a0a44c28df54d7f4bd40d7b,a097f9def194369773010ed966efc6ed5837b942732e9362bb452bca1b464f9f,1,157,1,163,1,221,1,221
transfer_cube,Calibrated recovery,31,96011,observation_noise,0,0,0.06360667198896408,0.0748595214728266,fe539fc53faf8a4d9f0565de74277dbc2a3d21c53a0a44c28df54d7f4bd40d7b,e0bfb18c54c2dc9056ee8b3cb3bc3ee9248d05f9311239fe5be5d3e4bd3a53de,0,-1,0,-1,0,-1,0,-1
transfer_cube,Calibrated recovery,31,96011,noise_joints,0,0,0.07238664478063583,0.043099152716749814,fe539fc53faf8a4d9f0565de74277dbc2a3d21c53a0a44c28df54d7f4bd40d7b,06d0e5e85fb75e333e734bb791525fe439e03fa38f678c1e734072b14264c439,0,-1,0,-1,0,-1,0,-1
transfer_cube,Calibrated recovery,31,96011,noise_objects,1,1,0.014137359336018562,0.00421156432130374,fe539fc53faf8a4d9f0565de74277dbc2a3d21c53a0a44c28df54d7f4bd40d7b,c96f66a2075f00d2d876c6c507c38fde1e4bbc13943d57f1c90b195e2513bd22,1,161,1,163,1,217,1,217
transfer_cube,Calibrated recovery,31,96011,noise_low_support,0,0,0.06281482428312302,0.07240785939153284,fe539fc53faf8a4d9f0565de74277dbc2a3d21c53a0a44c28df54d7f4bd40d7b,c2f9bed5f9a68382982bf048d2d1d8d9bad17c5321fae894231f01b0f5f4944b,0,-1,0,-1,0,-1,0,-1
transfer_cube,Calibrated recovery,31,96011,noise_supported,1,1,0.019427357241511345,0.013510785200633108,fe539fc53faf8a4d9f0565de74277dbc2a3d21c53a0a44c28df54d7f4bd40d7b,75685b35dbd1e564a69008f1651ae8227465bbdfd40b2f0015f9e6e48b6fd3d2,1,152,1,152,1,284,1,284
transfer_cube,Calibrated recovery,31,96011,replan_1,0,0,0.02131672576069832,0.0,fe539fc53faf8a4d9f0565de74277dbc2a3d21c53a0a44c28df54d7f4bd40d7b,55ab2f210172dcfe1bc07903111b2e7f9c072c30a3857b825d2a9372dd2e691b,0,-1,0,-1,0,-1,0,-1
transfer_cube,Calibrated recovery,31,96011,replan_1_ensemble,1,1,0.008727438249569137,0.0,fe539fc53faf8a4d9f0565de74277dbc2a3d21c53a0a44c28df54d7f4bd40d7b,eb4e9c157ee0ede8fb0fb9ec076f8e36a955559297f2e9de809a9688d943a6eb,1,162,1,166,1,223,1,223
transfer_cube,Calibrated recovery,31,96011,replan_16,1,1,0.013109241612255573,0.0,fe539fc53faf8a4d9f0565de74277dbc2a3d21c53a0a44c28df54d7f4bd40d7b,581eb7611447766eff338d38e9c186f7c521942b9109b717e82fbcc4ada4a96f,1,155,1,157,1,287,1,287
transfer_cube,Calibrated recovery,31,96012,nominal,1,1,0.015510208904743195,0.0,fe539fc53faf8a4d9f0565de74277dbc2a3d21c53a0a44c28df54d7f4bd40d7b,ec8af46446cf51a69173f069f204537e3653136b9ab96e7340bcfa0f07224f61,1,146,1,149,1,284,1,284
transfer_cube,Calibrated recovery,31,96012,observation_noise,0,0,0.07353861629962921,0.09653273399919271,fe539fc53faf8a4d9f0565de74277dbc2a3d21c53a0a44c28df54d7f4bd40d7b,db833b9ab1a211251df84055b9e1af21a4782ab8b9b5ea2fbe0cc15a351dbe59,1,114,0,-1,0,-1,0,-1
transfer_cube,Calibrated recovery,31,96012,noise_joints,0,0,0.07367602735757828,0.09665428843349218,fe539fc53faf8a4d9f0565de74277dbc2a3d21c53a0a44c28df54d7f4bd40d7b,40002d9d3e97273bcdbbd21b80350aca1c2d7bac867f8dab0e4c18ed15a07318,1,114,0,-1,0,-1,0,-1
transfer_cube,Calibrated recovery,31,96012,noise_objects,1,1,0.015346041880548,0.003631451237597503,fe539fc53faf8a4d9f0565de74277dbc2a3d21c53a0a44c28df54d7f4bd40d7b,4efa914d8908916126ae2df39a029b701ada94651c87fe2642d3bc9544382a72,1,145,1,149,1,281,1,281
transfer_cube,Calibrated recovery,31,96012,noise_low_support,0,0,0.07281681895256042,0.09473203038796782,fe539fc53faf8a4d9f0565de74277dbc2a3d21c53a0a44c28df54d7f4bd40d7b,5d07b1140dd5bf686b02295b46294253c90e6b4458ca10254c24e17e42d0fed7,1,114,0,-1,0,-1,0,-1
transfer_cube,Calibrated recovery,31,96012,noise_supported,1,1,0.019541766494512558,0.014525302271358669,fe539fc53faf8a4d9f0565de74277dbc2a3d21c53a0a44c28df54d7f4bd40d7b,a07ddbb5a7785b65c70a436662805c3824ae5b5679402d47fe1385aff4dfe59d,1,135,1,141,1,283,1,283
transfer_cube,Calibrated recovery,31,96012,replan_1,0,0,0.01827004738152027,0.0,fe539fc53faf8a4d9f0565de74277dbc2a3d21c53a0a44c28df54d7f4bd40d7b,8a922a6c338aa525570d2d1a9faeb5130c7cf9cd7841a5c5339b0a54954135b8,0,-1,0,-1,0,-1,0,-1
transfer_cube,Calibrated recovery,31,96012,replan_1_ensemble,1,1,0.009372082574312837,0.0,fe539fc53faf8a4d9f0565de74277dbc2a3d21c53a0a44c28df54d7f4bd40d7b,db3ee5a279575c0385f342c34c0e12e42b9d26696b0578321944ed2159822317,1,152,1,170,1,281,1,281
transfer_cube,Calibrated recovery,31,96012,replan_16,1,1,0.01396095473319292,0.0,fe539fc53faf8a4d9f0565de74277dbc2a3d21c53a0a44c28df54d7f4bd40d7b,c79b8f291f9a2547eeb41e6d384905aae68738735906432169bc738650490780,1,151,1,151,1,286,1,286
transfer_cube,Calibrated recovery,31,96013,nominal,1,1,0.014759120531380177,0.0,fe539fc53faf8a4d9f0565de74277dbc2a3d21c53a0a44c28df54d7f4bd40d7b,1acc56d27dec95f9e0e2834104cdaa3e509a6c84bb0ef1b4d60b0add8edeefef,1,156,1,164,1,222,1,222
transfer_cube,Calibrated recovery,31,96013,observation_noise,0,0,0.06540602445602417,0.0965286061540246,fe539fc53faf8a4d9f0565de74277dbc2a3d21c53a0a44c28df54d7f4bd40d7b,7f1f46cbc26ab66df1a0096790db5d2a64a14dc7986388d0e3371ab4608f0990,0,-1,0,-1,0,-1,0,-1
transfer_cube,Calibrated recovery,31,96013,noise_joints,0,0,0.06548254936933517,0.09741874800994993,fe539fc53faf8a4d9f0565de74277dbc2a3d21c53a0a44c28df54d7f4bd40d7b,ea7e37f5b582488b9a2e6fa6f2f583e50c71b9054d836835cece1bd7693c4ab0,1,178,0,-1,0,-1,0,-1
transfer_cube,Calibrated recovery,31,96013,noise_objects,1,1,0.013706120662391186,0.004101323764771223,fe539fc53faf8a4d9f0565de74277dbc2a3d21c53a0a44c28df54d7f4bd40d7b,880fa8ad73d7ce860e67d9d2abb0402c73e325ea70f6f8a21b4a6639a718b8a2,1,157,1,162,1,224,1,224
transfer_cube,Calibrated recovery,31,96013,noise_low_support,0,0,0.06455056369304657,0.0964635518938303,fe539fc53faf8a4d9f0565de74277dbc2a3d21c53a0a44c28df54d7f4bd40d7b,ef909f89d37d6d3567a6cfb8dd3908b423af4c9d8f801639ba337e785924ed5b,0,-1,0,-1,0,-1,0,-1
transfer_cube,Calibrated recovery,31,96013,noise_supported,1,1,0.017842818051576614,0.012080726819112897,fe539fc53faf8a4d9f0565de74277dbc2a3d21c53a0a44c28df54d7f4bd40d7b,eb1c933cca93f29918d83afc192c0be64f3cbd813d375c6af08d7ef1436d0b8d,1,162,1,168,1,216,1,216
transfer_cube,Calibrated recovery,31,96013,replan_1,0,0,0.00933145172894001,0.0,fe539fc53faf8a4d9f0565de74277dbc2a3d21c53a0a44c28df54d7f4bd40d7b,0c2d501384aeb38a6ad6f215e653fdc32cf1da0ae8ea1e89f6ad4dd4e1e5281a,0,-1,0,-1,0,-1,0,-1
transfer_cube,Calibrated recovery,31,96013,replan_1_ensemble,1,1,0.008805122457253145,0.0,fe539fc53faf8a4d9f0565de74277dbc2a3d21c53a0a44c28df54d7f4bd40d7b,b0f92b0228c8f891016192979f9c31ca70e2a3fa963f21a39ded0b142d43d2cc,1,159,1,167,1,285,1,285
transfer_cube,Calibrated recovery,31,96013,replan_16,1,1,0.012952934019267559,0.0,fe539fc53faf8a4d9f0565de74277dbc2a3d21c53a0a44c28df54d7f4bd40d7b,e2cf3a04e9504d6e4047a76579acce94113fa31025c5e2c64e32b452e52cfa06,1,155,1,157,1,287,1,287
transfer_cube,Calibrated recovery,31,96014,nominal,1,1,0.013312666676938534,0.0,fe539fc53faf8a4d9f0565de74277dbc2a3d21c53a0a44c28df54d7f4bd40d7b,19573c6f214b2d365d712a07eb60506f42f1b3a4f6b5f949f18db7d697192bfb,1,156,1,164,1,223,1,223
transfer_cube,Calibrated recovery,31,96014,observation_noise,0,0,0.07008985430002213,0.0948087146691978,fe539fc53faf8a4d9f0565de74277dbc2a3d21c53a0a44c28df54d7f4bd40d7b,1a8b08569e26dcf885de7a4582ccf0b9f8eb51ea8ee310dfd266edce1940fc6c,1,108,0,-1,0,-1,0,-1
transfer_cube,Calibrated recovery,31,96014,noise_joints,0,0,0.07004750519990921,0.09407361712306737,fe539fc53faf8a4d9f0565de74277dbc2a3d21c53a0a44c28df54d7f4bd40d7b,e575b226d554ad809163daac07c50388b8ac8cc5cc74c6e4e91ae341be85b5ce,0,-1,0,-1,0,-1,0,-1
transfer_cube,Calibrated recovery,31,96014,noise_objects,1,1,0.01523741427809,0.0038111348252277823,fe539fc53faf8a4d9f0565de74277dbc2a3d21c53a0a44c28df54d7f4bd40d7b,abf62ab8b102c3022f0cceddb8b9a5b2373e98e9ed8169fe42d0aed54d88d52a,1,155,1,156,1,222,1,222
transfer_cube,Calibrated recovery,31,96014,noise_low_support,0,0,0.0703577920794487,0.09439577569253743,fe539fc53faf8a4d9f0565de74277dbc2a3d21c53a0a44c28df54d7f4bd40d7b,594021ba22ecbd8cca76f269cd9b3fbc0a050c051229f815fd83ce58acbd5849,0,-1,0,-1,0,-1,0,-1
transfer_cube,Calibrated recovery,31,96014,noise_supported,1,1,0.019038591533899307,0.014021615772508085,fe539fc53faf8a4d9f0565de74277dbc2a3d21c53a0a44c28df54d7f4bd40d7b,ba6f437831a62a8a6b3e4cfe41f722f4c387e883b1be994f33ff39ef0dde64f7,1,139,1,139,1,240,1,240
transfer_cube,Calibrated recovery,31,96014,replan_1,0,0,0.009229166433215141,0.0,fe539fc53faf8a4d9f0565de74277dbc2a3d21c53a0a44c28df54d7f4bd40d7b,7bf29591f33d72eb164d21a6b3fb923e21d05efd2c61e93f6fc5faf22031af6b,0,-1,0,-1,0,-1,0,-1
transfer_cube,Calibrated recovery,31,96014,replan_1_ensemble,1,1,0.008786907293377945,0.0,fe539fc53faf8a4d9f0565de74277dbc2a3d21c53a0a44c28df54d7f4bd40d7b,f3e1d79d5a30127454fa5ba2b6780b8a36f6b1eed33907b22f92133266413dc1,1,159,1,166,1,222,1,222
transfer_cube,Calibrated recovery,31,96014,replan_16,1,1,0.01295394729822874,0.0,fe539fc53faf8a4d9f0565de74277dbc2a3d21c53a0a44c28df54d7f4bd40d7b,3c631483b9b9c90ffe75429017b1003af025503e3a1ccf375adb7b9f32faa7f0,1,155,1,157,1,287,1,287
transfer_cube,Calibrated recovery,31,96015,nominal,1,1,0.013476072810590267,0.0,fe539fc53faf8a4d9f0565de74277dbc2a3d21c53a0a44c28df54d7f4bd40d7b,54497e1598c9f5d5fb59f43644ccc4ad4212ade75d6f8ca41b811e2691f84cf7,1,157,1,164,1,225,1,225
transfer_cube,Calibrated recovery,31,96015,observation_noise,0,0,0.06721850484609604,0.07393038846552372,fe539fc53faf8a4d9f0565de74277dbc2a3d21c53a0a44c28df54d7f4bd40d7b,50fc1775f0839fc8eb11795192d480d1c1d69c2639417ffed1ade3e0a861d803,0,-1,0,-1,0,-1,0,-1
transfer_cube,Calibrated recovery,31,96015,noise_joints,0,0,0.06559378653764725,0.07914379088208079,fe539fc53faf8a4d9f0565de74277dbc2a3d21c53a0a44c28df54d7f4bd40d7b,1d129251c3d5749a640168e2e90abd7266ef9e59e997383a6f3727c85f2d101f,0,-1,0,-1,0,-1,0,-1
transfer_cube,Calibrated recovery,31,96015,noise_objects,1,1,0.013948283158242702,0.004643146056914702,fe539fc53faf8a4d9f0565de74277dbc2a3d21c53a0a44c28df54d7f4bd40d7b,077c5acacf9211f4b0fd81e598a23c4fb363a28d446430b54e9696afabab637d,1,157,1,160,1,287,1,287
transfer_cube,Calibrated recovery,31,96015,noise_low_support,0,0,0.06480090320110321,0.07621565747074782,fe539fc53faf8a4d9f0565de74277dbc2a3d21c53a0a44c28df54d7f4bd40d7b,4ff2b85dd808101d40d34822eccf3a0755fb4f37d84a03e3e6bc76b09f743064,0,-1,0,-1,0,-1,0,-1
transfer_cube,Calibrated recovery,31,96015,noise_supported,1,1,0.017439143732190132,0.012471660077571868,fe539fc53faf8a4d9f0565de74277dbc2a3d21c53a0a44c28df54d7f4bd40d7b,4346adc16e18b3c9665fd270aaf7f2451551c79e0eed93f87e48434f50fc5b2a,1,156,1,156,1,231,1,231
transfer_cube,Calibrated recovery,31,96015,replan_1,0,0,0.022287102416157722,0.0,fe539fc53faf8a4d9f0565de74277dbc2a3d21c53a0a44c28df54d7f4bd40d7b,a43c777b6a823597844a6d13746fb743f1b17804055b0516bce5566de16bec52,0,-1,0,-1,0,-1,0,-1
transfer_cube,Calibrated recovery,31,96015,replan_1_ensemble,1,1,0.008730423325843702,0.0,fe539fc53faf8a4d9f0565de74277dbc2a3d21c53a0a44c28df54d7f4bd40d7b,2f088c02ae94549a0fb198170d5f64d7fb54949029f965a79914732c4d23acc2,1,160,1,167,1,284,1,284
transfer_cube,Calibrated recovery,31,96015,replan_16,1,1,0.013200928457081318,0.0,fe539fc53faf8a4d9f0565de74277dbc2a3d21c53a0a44c28df54d7f4bd40d7b,3adfc31ea8130a604d26e920e9778e4be604649396535254d5d7cd038b9a212e,1,157,1,157,1,288,1,288
transfer_cube,Calibrated recovery,31,96016,nominal,1,1,0.013471635989844799,0.0,fe539fc53faf8a4d9f0565de74277dbc2a3d21c53a0a44c28df54d7f4bd40d7b,91534acd40ee5b0d6f20f39a291a25ec6eb3c2e7b562478082a67dc702bec811,1,156,1,156,1,222,1,222
transfer_cube,Calibrated recovery,31,96016,observation_noise,0,0,0.06851903349161148,0.07744890877977013,fe539fc53faf8a4d9f0565de74277dbc2a3d21c53a0a44c28df54d7f4bd40d7b,9134c10dcf81b7eda4919a1a38296e9fdfd9f8185e9a3a4ef0ff9c7144aad5d2,0,-1,0,-1,0,-1,0,-1
transfer_cube,Calibrated recovery,31,96016,noise_joints,0,0,0.06864973157644272,0.077014085277915,fe539fc53faf8a4d9f0565de74277dbc2a3d21c53a0a44c28df54d7f4bd40d7b,1c784a6961438edaf5ca5ac36f74ac802d413e86d34ee3408e927c51c1cadfb8,0,-1,0,-1,0,-1,0,-1
transfer_cube,Calibrated recovery,31,96016,noise_objects,1,1,0.013603338971734047,0.004293602117686532,fe539fc53faf8a4d9f0565de74277dbc2a3d21c53a0a44c28df54d7f4bd40d7b,ffcd482ac3d45aa89ad7bd9de6f43e5a54d506053dd48c1eda3d975f9c8e557e,1,156,1,156,1,225,1,225
transfer_cube,Calibrated recovery,31,96016,noise_low_support,0,0,0.06953983008861542,0.07548402738757432,fe539fc53faf8a4d9f0565de74277dbc2a3d21c53a0a44c28df54d7f4bd40d7b,6404818f0b078b4285b5f11c24454ec1ba4a1388674e065a53375d478a395732,0,-1,0,-1,0,-1,0,-1
transfer_cube,Calibrated recovery,31,96016,noise_supported,1,1,0.017358794808387756,0.011575292753987014,fe539fc53faf8a4d9f0565de74277dbc2a3d21c53a0a44c28df54d7f4bd40d7b,1581755c88e5d1187f1ebbd86f405b5d58717e05d6e67ccf984177c180a0dbe6,1,156,1,157,1,224,1,224
transfer_cube,Calibrated recovery,31,96016,replan_1,0,0,0.009519517421722412,0.0,fe539fc53faf8a4d9f0565de74277dbc2a3d21c53a0a44c28df54d7f4bd40d7b,bc42a3b035e52542fefef47c8536a7743e70768d6e2e46f870b72a98125372d0,0,-1,0,-1,0,-1,0,-1
transfer_cube,Calibrated recovery,31,96016,replan_1_ensemble,1,1,0.008776214550914345,0.0,fe539fc53faf8a4d9f0565de74277dbc2a3d21c53a0a44c28df54d7f4bd40d7b,e0f41cd0084c19bbd59f0058407ced379f451ee98cb94bb5fd17a9755c50d4d9,1,159,1,168,1,285,1,285
transfer_cube,Calibrated recovery,31,96016,replan_16,1,1,0.012946192175149918,0.0,fe539fc53faf8a4d9f0565de74277dbc2a3d21c53a0a44c28df54d7f4bd40d7b,e420866125373853b05d727c451476d6a114c118f273aac78f3c89d34b33e2c2,1,157,1,157,1,287,1,287
transfer_cube,Calibrated recovery,31,96017,nominal,1,1,0.015090517699718475,0.0,fe539fc53faf8a4d9f0565de74277dbc2a3d21c53a0a44c28df54d7f4bd40d7b,a16635399b43fd828ba93bf4a2c58bb9a4e12b112ff879f929186581f5d3e1f3,1,158,1,162,1,219,1,219
transfer_cube,Calibrated recovery,31,96017,observation_noise,0,0,0.07665498554706573,0.11395002096891403,fe539fc53faf8a4d9f0565de74277dbc2a3d21c53a0a44c28df54d7f4bd40d7b,e35e9619e3c7c7100eff46f63dcf177ba91971215bfc1e9325818079d9da3702,0,-1,0,-1,0,-1,0,-1
transfer_cube,Calibrated recovery,31,96017,noise_joints,0,0,0.07673832029104233,0.11389247108250856,fe539fc53faf8a4d9f0565de74277dbc2a3d21c53a0a44c28df54d7f4bd40d7b,06ad32d8753e2cfe64feb7f16af2413ea23835a610e0ed79822b2ac5b4b6cf28,0,-1,0,-1,0,-1,0,-1
transfer_cube,Calibrated recovery,31,96017,noise_objects,1,1,0.013891211710870266,0.004213739783735946,fe539fc53faf8a4d9f0565de74277dbc2a3d21c53a0a44c28df54d7f4bd40d7b,5ccfca7792ea43b88164fc94a4f6a98568185f79f3bd66a09bfc5853abbc59e3,1,157,1,164,1,219,1,219
transfer_cube,Calibrated recovery,31,96017,noise_low_support,0,0,0.07635600119829178,0.11149908011779189,fe539fc53faf8a4d9f0565de74277dbc2a3d21c53a0a44c28df54d7f4bd40d7b,525a84a002c033559f8db5fbf2018974bad1e47dfb25a0ebce194ad3cd673cd4,0,-1,0,-1,0,-1,0,-1
transfer_cube,Calibrated recovery,31,96017,noise_supported,1,1,0.01803755760192871,0.013403572626411914,fe539fc53faf8a4d9f0565de74277dbc2a3d21c53a0a44c28df54d7f4bd40d7b,a15847c5e185e148292905ec448c6502b5bc80033d911e3823bd9db89d657b0f,1,152,1,155,1,225,1,225
transfer_cube,Calibrated recovery,31,96017,replan_1,1,1,0.009744714945554733,0.0,fe539fc53faf8a4d9f0565de74277dbc2a3d21c53a0a44c28df54d7f4bd40d7b,4044dd80f1fc50947a1ea91fa5305cf08c80c85d90339744641b2fb25f7eb339,1,162,1,162,1,288,1,288
transfer_cube,Calibrated recovery,31,96017,replan_1_ensemble,1,1,0.008755931426379324,0.0,fe539fc53faf8a4d9f0565de74277dbc2a3d21c53a0a44c28df54d7f4bd40d7b,63dff90ec62db865d1f767532e31811dd31750fd6610381623fbcb3fe3ced74c,1,160,1,164,1,222,1,222
transfer_cube,Calibrated recovery,31,96017,replan_16,1,1,0.01343945600092411,0.0,fe539fc53faf8a4d9f0565de74277dbc2a3d21c53a0a44c28df54d7f4bd40d7b,f8e84ceb11bab3ea1eb9e961d81722044cbdf9400e6a7dc1aace3539411cf4de,1,155,1,157,1,241,1,241
transfer_cube,Calibrated recovery,31,96018,nominal,1,1,0.014838019385933876,0.0,fe539fc53faf8a4d9f0565de74277dbc2a3d21c53a0a44c28df54d7f4bd40d7b,c0aab61cf129d434aa2629d5c7ea4606130e90631c9f5b47cf0467dc01745175,1,144,1,144,1,287,1,287
transfer_cube,Calibrated recovery,31,96018,observation_noise,0,0,0.06961193680763245,0.0976544817443937,fe539fc53faf8a4d9f0565de74277dbc2a3d21c53a0a44c28df54d7f4bd40d7b,b2a9b8ba1cd22fcf1071281e18f2f472bcb72ae5ad768e408de57831263f1c88,0,-1,0,-1,0,-1,0,-1
transfer_cube,Calibrated recovery,31,96018,noise_joints,0,0,0.06958837807178497,0.09752211440354586,fe539fc53faf8a4d9f0565de74277dbc2a3d21c53a0a44c28df54d7f4bd40d7b,d62e12290f453e7038e5e292367f86c0c646a8ba0c14542ce55a13285851924e,0,-1,0,-1,0,-1,0,-1
transfer_cube,Calibrated recovery,31,96018,noise_objects,1,1,0.01551103312522173,0.00332068832940422,fe539fc53faf8a4d9f0565de74277dbc2a3d21c53a0a44c28df54d7f4bd40d7b,186a126d6f34cbc07fede24339ad7329eeed63beed3c89e54449e6515652f833,1,145,1,149,1,285,1,285
transfer_cube,Calibrated recovery,31,96018,noise_low_support,0,0,0.06950505822896957,0.09462973379995673,fe539fc53faf8a4d9f0565de74277dbc2a3d21c53a0a44c28df54d7f4bd40d7b,7c4842e0cac604961f712f0d00d9b998cc47276cec3ddfddb650e00ae3bea9ea,0,-1,0,-1,0,-1,0,-1
transfer_cube,Calibrated recovery,31,96018,noise_supported,0,0,0.049771107733249664,0.013828003825619817,fe539fc53faf8a4d9f0565de74277dbc2a3d21c53a0a44c28df54d7f4bd40d7b,c9cb89498f99d66a8cd9442e59777cadfce08ef179f5eab3fc34fd47dc6bb49f,1,141,1,141,0,-1,0,-1
transfer_cube,Calibrated recovery,31,96018,replan_1,0,0,0.01916036568582058,0.0,fe539fc53faf8a4d9f0565de74277dbc2a3d21c53a0a44c28df54d7f4bd40d7b,f2f76eb7f7c15c5a726ebe1d86c5b86af714ee4f670a21112baba5b06d01d7f8,0,-1,0,-1,0,-1,0,-1
transfer_cube,Calibrated recovery,31,96018,replan_1_ensemble,1,1,0.00924739318356977,0.0,fe539fc53faf8a4d9f0565de74277dbc2a3d21c53a0a44c28df54d7f4bd40d7b,a01fa38f3eea3f07e75dad44c5bf4720be22b52fb0f33ea05b8350c0ae8016c0,1,149,1,167,1,283,1,283
transfer_cube,Calibrated recovery,31,96018,replan_16,1,1,0.013623104430735111,0.0,fe539fc53faf8a4d9f0565de74277dbc2a3d21c53a0a44c28df54d7f4bd40d7b,56586c3a6b9ba9568c3ff1c6fdeeee14d1877eaaea4fd60b2ce1c8a42f6782b2,1,149,1,151,1,286,1,286
transfer_cube,Calibrated recovery,31,96019,nominal,1,1,0.01327374204993248,0.0,fe539fc53faf8a4d9f0565de74277dbc2a3d21c53a0a44c28df54d7f4bd40d7b,51e388246b01e1153b3ca990d41ce0fb87b72016f24d2dea19ae302899df6cb1,1,152,1,157,1,225,1,225
transfer_cube,Calibrated recovery,31,96019,observation_noise,0,0,0.07072959095239639,0.0980460317619145,fe539fc53faf8a4d9f0565de74277dbc2a3d21c53a0a44c28df54d7f4bd40d7b,d349bd6841c531ecafeb77b00aa5f35af7c208deb3a07bef4407de1f6c13c6bd,0,-1,0,-1,0,-1,0,-1
transfer_cube,Calibrated recovery,31,96019,noise_joints,0,0,0.07088872045278549,0.09842069604899734,fe539fc53faf8a4d9f0565de74277dbc2a3d21c53a0a44c28df54d7f4bd40d7b,172e8ac4292aae5d6f17e5c45cf496ae24e3f6a4b3eabf9f3cff50b59564b77e,0,-1,0,-1,0,-1,0,-1
transfer_cube,Calibrated recovery,31,96019,noise_objects,1,1,0.013516865670681,0.004164609857834876,fe539fc53faf8a4d9f0565de74277dbc2a3d21c53a0a44c28df54d7f4bd40d7b,a1ca4e0b4c7b2070a42d220cd4d640be429a03ec019671386f50f85c57e0ccde,1,152,1,157,1,286,1,286
transfer_cube,Calibrated recovery,31,96019,noise_low_support,0,0,0.07066159695386887,0.09568378845928237,fe539fc53faf8a4d9f0565de74277dbc2a3d21c53a0a44c28df54d7f4bd40d7b,2a2c7950eba070b7d2fdb6153ec22c599e89d351c1075fe136512768799e0bb0,0,-1,0,-1,0,-1,0,-1
transfer_cube,Calibrated recovery,31,96019,noise_supported,1,1,0.016891812905669212,0.01254886361770332,fe539fc53faf8a4d9f0565de74277dbc2a3d21c53a0a44c28df54d7f4bd40d7b,8562b483cccf89ca7fde89a4f7ec0d72797fe1b0e404cee6eb401f7463f8eeef,1,164,1,164,1,287,1,287
transfer_cube,Calibrated recovery,31,96019,replan_1,0,0,0.010045395232737064,0.0,fe539fc53faf8a4d9f0565de74277dbc2a3d21c53a0a44c28df54d7f4bd40d7b,8c014c965730e5eb53cf4583242d0ec2ed1ba5abcc755154351d9dbca1228676,0,-1,0,-1,0,-1,0,-1
transfer_cube,Calibrated recovery,31,96019,replan_1_ensemble,1,1,0.008790204709490075,0.0,fe539fc53faf8a4d9f0565de74277dbc2a3d21c53a0a44c28df54d7f4bd40d7b,1f9362bf3cf7990ca645606ff9e448a11d71aa7e52ddf443a5f21c4686890094,1,157,1,171,1,285,1,285
transfer_cube,Calibrated recovery,31,96019,replan_16,1,1,0.012780556455254555,0.0,fe539fc53faf8a4d9f0565de74277dbc2a3d21c53a0a44c28df54d7f4bd40d7b,9833d6b04f3daf8b7bbc14d30486aac2a60c644123e13528b12bf5af490ff7d5,1,154,1,158,1,288,1,288
transfer_cube,Calibrated recovery,47,96000,nominal,1,1,0.014088970609009266,0.0,ca16771856a10229d6f212cca0c1ab91fefa2a3104e1a4745e0c3b1e86976cfa,401bc0d5ef24f7f19c94d019d590fb9ae6b7348513f179b37bcc026fb3c90cec,1,158,1,158,1,287,1,287
transfer_cube,Calibrated recovery,47,96000,observation_noise,0,0,0.0747370570898056,0.07134667936712503,ca16771856a10229d6f212cca0c1ab91fefa2a3104e1a4745e0c3b1e86976cfa,55a672f8d8eead70e4450960beb474b7b094e83539ed0d9ee00c96b7f3d9d6e5,0,-1,0,-1,0,-1,0,-1
transfer_cube,Calibrated recovery,47,96000,noise_joints,0,0,0.07455965876579285,0.07159541183151305,ca16771856a10229d6f212cca0c1ab91fefa2a3104e1a4745e0c3b1e86976cfa,9d63fe306b669f02825829a4ec4ccacdd97c4a5a83e5a69f0e7f58a05c3adff2,0,-1,0,-1,0,-1,0,-1
transfer_cube,Calibrated recovery,47,96000,noise_objects,1,1,0.014466271735727787,0.003909514399711042,ca16771856a10229d6f212cca0c1ab91fefa2a3104e1a4745e0c3b1e86976cfa,3d5e8c7fcddd3ad012a84c7112a9f5298592cb850e3275ea0b470dd375e597d4,1,158,1,158,1,287,1,287
transfer_cube,Calibrated recovery,47,96000,noise_low_support,0,0,0.07431852072477341,0.07423234189860523,ca16771856a10229d6f212cca0c1ab91fefa2a3104e1a4745e0c3b1e86976cfa,ed27caa8d82d81661110c327a9f38382fe01a0c1b0a78cfc495559461460dfd9,0,-1,0,-1,0,-1,0,-1
transfer_cube,Calibrated recovery,47,96000,noise_supported,0,0,0.034446872770786285,0.014996125786565244,ca16771856a10229d6f212cca0c1ab91fefa2a3104e1a4745e0c3b1e86976cfa,b7c1ff220c49175c88c00a731c89729d40ca187bc5e17e4334fdb58c6ee31c15,1,147,1,147,0,-1,0,-1
transfer_cube,Calibrated recovery,47,96000,replan_1,1,1,0.010633370839059353,0.0,ca16771856a10229d6f212cca0c1ab91fefa2a3104e1a4745e0c3b1e86976cfa,535c251873ec37cd9ed9ec41487d2224ea510e3536c81e2a9f60d3a445c6c85d,1,145,1,164,1,219,1,219
transfer_cube,Calibrated recovery,47,96000,replan_1_ensemble,1,1,0.00894532360808618,0.0,ca16771856a10229d6f212cca0c1ab91fefa2a3104e1a4745e0c3b1e86976cfa,b9df1972f1e032bfd4a7062a73cb93f5503878e3ee85415fe5ab3aeaba3b3da1,1,160,1,161,1,288,1,288
transfer_cube,Calibrated recovery,47,96000,replan_16,1,1,0.014011227525770664,0.0,ca16771856a10229d6f212cca0c1ab91fefa2a3104e1a4745e0c3b1e86976cfa,8d268278e026cd5a4080ac01cd98f6edca4a46e199baf8a641c63a23a39c4e57,1,153,1,157,1,288,1,288
transfer_cube,Calibrated recovery,47,96001,nominal,1,1,0.013105875812470913,0.0,ca16771856a10229d6f212cca0c1ab91fefa2a3104e1a4745e0c3b1e86976cfa,25f7f756f45642cfb5f429f8b33bdb49ca9ea80461ce966acb52f9b07690a792,1,158,1,161,1,221,1,221
transfer_cube,Calibrated recovery,47,96001,observation_noise,0,0,0.06870727241039276,0.09489351946860553,ca16771856a10229d6f212cca0c1ab91fefa2a3104e1a4745e0c3b1e86976cfa,5983727d2f1e438551f818956fd87ecfd955fef39f88dd5ccf7fa3d7c296ac67,0,-1,0,-1,0,-1,0,-1
transfer_cube,Calibrated recovery,47,96001,noise_joints,0,0,0.06874050945043564,0.09469625880941748,ca16771856a10229d6f212cca0c1ab91fefa2a3104e1a4745e0c3b1e86976cfa,54a2c711b9b0a848010272ae1fa58e2bc7597d379086dd5d6a951f016879d2ec,0,-1,0,-1,0,-1,0,-1
transfer_cube,Calibrated recovery,47,96001,noise_objects,1,1,0.013451148755848408,0.003970034997910261,ca16771856a10229d6f212cca0c1ab91fefa2a3104e1a4745e0c3b1e86976cfa,6423932a9e0076388ec6846daa0f8aa0eca64e6ed97ec8d936a8c42edd691d00,1,158,1,161,1,221,1,221
transfer_cube,Calibrated recovery,47,96001,noise_low_support,0,0,0.06802558153867722,0.09244581651873887,ca16771856a10229d6f212cca0c1ab91fefa2a3104e1a4745e0c3b1e86976cfa,f27d55ed930d4b3c59305ac7d9e7d479bbf7ba0f11f4e28fc67870c3d30559d8,0,-1,0,-1,0,-1,0,-1
transfer_cube,Calibrated recovery,47,96001,noise_supported,1,1,0.01851210556924343,0.013332899562083184,ca16771856a10229d6f212cca0c1ab91fefa2a3104e1a4745e0c3b1e86976cfa,9112f37eda40bb54577e6f1883792b2983124cd02b4000ee79b93f0d7d51984e,1,161,1,161,1,288,1,288
transfer_cube,Calibrated recovery,47,96001,replan_1,0,0,0.012022389099001884,0.0,ca16771856a10229d6f212cca0c1ab91fefa2a3104e1a4745e0c3b1e86976cfa,a63c1a59c5e7f4980afa33bf66d0e626ad470706886498a722dacacfb49f6cc6,0,-1,0,-1,0,-1,0,-1
transfer_cube,Calibrated recovery,47,96001,replan_1_ensemble,1,1,0.008748227014802044,0.0,ca16771856a10229d6f212cca0c1ab91fefa2a3104e1a4745e0c3b1e86976cfa,2a6d38d121eb2f1b86c0b0ac00e32c04a9e3e2fd6c02e0d6735738a7090d715d,1,169,1,172,1,231,1,231
transfer_cube,Calibrated recovery,47,96001,replan_16,1,1,0.012915478087961674,0.0,ca16771856a10229d6f212cca0c1ab91fefa2a3104e1a4745e0c3b1e86976cfa,8803d59b7b08393e4c6d5fdaec496527c04a090ed45c61c8b117e09f321a5633,1,160,1,161,1,222,1,222
transfer_cube,Calibrated recovery,47,96002,nominal,1,1,0.013344047591090202,0.0,ca16771856a10229d6f212cca0c1ab91fefa2a3104e1a4745e0c3b1e86976cfa,8338dd38e00a358cbbf68d8899f8685a8b759f733f98fa65bd694b2f773f8f4e,1,160,1,161,1,288,1,288
transfer_cube,Calibrated recovery,47,96002,observation_noise,0,0,0.0694049671292305,0.08943483193404972,ca16771856a10229d6f212cca0c1ab91fefa2a3104e1a4745e0c3b1e86976cfa,40d30154a6e71498a6c8ad5360a20757b1f3c7d0a87702f97abe8d3d585f2619,0,-1,0,-1,0,-1,0,-1
transfer_cube,Calibrated recovery,47,96002,noise_joints,0,0,0.06994006782770157,0.08801559173502028,ca16771856a10229d6f212cca0c1ab91fefa2a3104e1a4745e0c3b1e86976cfa,e473c02978e670af91b63ed5dbbdf0169c362a57c3085db3a336c3276215d2b7,0,-1,0,-1,0,-1,0,-1
transfer_cube,Calibrated recovery,47,96002,noise_objects,1,1,0.013707077130675316,0.0034829088265541943,ca16771856a10229d6f212cca0c1ab91fefa2a3104e1a4745e0c3b1e86976cfa,7d3dcbbfe9ec2f3677878bfac79126b1cd7abb164516907a63204092d6756617,1,162,1,162,1,221,1,221
transfer_cube,Calibrated recovery,47,96002,noise_low_support,0,0,0.06811463832855225,0.08369879698380828,ca16771856a10229d6f212cca0c1ab91fefa2a3104e1a4745e0c3b1e86976cfa,95059e5da36772c50e25548791854de3ee7ccf3e6d9728a58eea871e7cf63aa2,0,-1,0,-1,0,-1,0,-1
transfer_cube,Calibrated recovery,47,96002,noise_supported,1,1,0.017130529507994652,0.010723595996387303,ca16771856a10229d6f212cca0c1ab91fefa2a3104e1a4745e0c3b1e86976cfa,2841b82f327ba4aa34873ebf5e1cd38212b2d0fb5efabc7a436defab10b3ebf1,1,153,1,154,1,211,1,211
transfer_cube,Calibrated recovery,47,96002,replan_1,0,0,0.012137657962739468,0.0,ca16771856a10229d6f212cca0c1ab91fefa2a3104e1a4745e0c3b1e86976cfa,3e913ec44dda7ddc09fe7610f3bdd082dd551ccb7851553cb435d599dae7461a,0,-1,0,-1,0,-1,0,-1
transfer_cube,Calibrated recovery,47,96002,replan_1_ensemble,1,1,0.008665210800460193,0.0,ca16771856a10229d6f212cca0c1ab91fefa2a3104e1a4745e0c3b1e86976cfa,d2dcfc2fdded71eccf5ddd78e215aea51fe31b1bf68c8fc2fa9809677e19be3f,1,169,1,171,1,230,1,230
transfer_cube,Calibrated recovery,47,96002,replan_16,1,1,0.013048012740910053,0.0,ca16771856a10229d6f212cca0c1ab91fefa2a3104e1a4745e0c3b1e86976cfa,c5dd41e3b5b6a3885cac57fc1c3964756add981abf7692dd511f51d6c5031036,1,160,1,161,1,226,1,226
transfer_cube,Calibrated recovery,47,96003,nominal,0,0,0.04745028167963028,0.0,ca16771856a10229d6f212cca0c1ab91fefa2a3104e1a4745e0c3b1e86976cfa,d3a0587522b3a62d437b92d5b7a6ad4053703093807c82852f0dfa584ca6b5f3,1,120,0,-1,0,-1,0,-1
transfer_cube,Calibrated recovery,47,96003,observation_noise,0,0,0.0647512674331665,0.07971577105112373,ca16771856a10229d6f212cca0c1ab91fefa2a3104e1a4745e0c3b1e86976cfa,f38a7883ac9b906fe430877a9d69f01b42e6a8699eb6ae5a19f47eb9178618e7,1,65,0,-1,0,-1,0,-1
transfer_cube,Calibrated recovery,47,96003,noise_joints,0,0,0.06799159198999405,0.06960860419087112,ca16771856a10229d6f212cca0c1ab91fefa2a3104e1a4745e0c3b1e86976cfa,2404c172ca156c2af97b409e4c62adab1cef7dcce13a6c49dc59906fcc4f18f8,1,65,0,-1,0,-1,0,-1
transfer_cube,Calibrated recovery,47,96003,noise_objects,0,0,0.049352195113897324,0.0032439010869711638,ca16771856a10229d6f212cca0c1ab91fefa2a3104e1a4745e0c3b1e86976cfa,978ec1c2494cfc42228934d6a5c4608742c68a92d7f346ea4e959b913be00191,1,119,1,150,0,-1,0,-1
transfer_cube,Calibrated recovery,47,96003,noise_low_support,0,0,0.06499949842691422,0.07899392304942011,ca16771856a10229d6f212cca0c1ab91fefa2a3104e1a4745e0c3b1e86976cfa,f368eafbf0cb909f0015a840dab6fca910d4ab6ee30bd2dc03ee68fdb6640659,1,65,0,-1,0,-1,0,-1
transfer_cube,Calibrated recovery,47,96003,noise_supported,0,0,0.05060713365674019,0.012328975731506944,ca16771856a10229d6f212cca0c1ab91fefa2a3104e1a4745e0c3b1e86976cfa,b2e2bb6043a28412cf3e1095f881d800d60cdd5029910f2017a2c1f679ee295b,1,113,0,-1,0,-1,0,-1
transfer_cube,Calibrated recovery,47,96003,replan_1,0,0,0.011724317446351051,0.0,ca16771856a10229d6f212cca0c1ab91fefa2a3104e1a4745e0c3b1e86976cfa,5d0163f4359f3b16361e6ef5295d009038c7dd9c77d9d158a4c8d829247f5236,1,130,0,-1,0,-1,0,-1
transfer_cube,Calibrated recovery,47,96003,replan_1_ensemble,0,0,0.009530459380488635,0.0,ca16771856a10229d6f212cca0c1ab91fefa2a3104e1a4745e0c3b1e86976cfa,59eb39b14e512e703c948254ab82f8f3e2ce6558202d08c7ddbf4d1946e69203,1,132,0,-1,0,-1,0,-1
transfer_cube,Calibrated recovery,47,96003,replan_16,0,0,0.04711216688156128,0.0,ca16771856a10229d6f212cca0c1ab91fefa2a3104e1a4745e0c3b1e86976cfa,ab74277ed2fc8d7d7d098f5283140e8ccae41c82d1a73c88915131da76186dac,1,125,0,-1,0,-1,0,-1
transfer_cube,Calibrated recovery,47,96004,nominal,1,1,0.01636967435479164,0.0,ca16771856a10229d6f212cca0c1ab91fefa2a3104e1a4745e0c3b1e86976cfa,37ccc4b2044f7b697bf75b9c3c06365fcf4a913dc6594d519e2023dc3e146053,1,155,1,160,1,226,1,226
transfer_cube,Calibrated recovery,47,96004,observation_noise,0,0,0.06813891977071762,0.10068476613610983,ca16771856a10229d6f212cca0c1ab91fefa2a3104e1a4745e0c3b1e86976cfa,c786e05edb5318b25f5a3a38cfbe7c2d32b4b62f44af9d09888417fa3be7de0b,0,-1,0,-1,0,-1,0,-1
transfer_cube,Calibrated recovery,47,96004,noise_joints,0,0,0.06806938350200653,0.10087902668863535,ca16771856a10229d6f212cca0c1ab91fefa2a3104e1a4745e0c3b1e86976cfa,2f37fe168da4f1f525e32c3004a061c4f629b2e98281a85bc200246ff1455e9d,0,-1,0,-1,0,-1,0,-1
transfer_cube,Calibrated recovery,47,96004,noise_objects,0,0,0.040405284613370895,0.0037191378173884004,ca16771856a10229d6f212cca0c1ab91fefa2a3104e1a4745e0c3b1e86976cfa,acca2bbbaa275890b73613d5e5d54afdec226cb82c87c1c6d9f2e3958fcb55e5,1,156,1,160,0,-1,0,-1
transfer_cube,Calibrated recovery,47,96004,noise_low_support,0,0,0.06856846809387207,0.09185048166662454,ca16771856a10229d6f212cca0c1ab91fefa2a3104e1a4745e0c3b1e86976cfa,a6426a3f8535dbad86ef8ef796c4a3989559a14f0614b8d153a3270954c1ebcd,0,-1,0,-1,0,-1,0,-1
transfer_cube,Calibrated recovery,47,96004,noise_supported,1,0,0.019506698474287987,0.01237405217718333,ca16771856a10229d6f212cca0c1ab91fefa2a3104e1a4745e0c3b1e86976cfa,a2e8c18e72ce395712ec067497765d30e42a4bfd49543c058c9b57f8cebeef66,1,158,1,158,1,286,1,286
transfer_cube,Calibrated recovery,47,96004,replan_1,0,0,0.012092639692127705,0.0,ca16771856a10229d6f212cca0c1ab91fefa2a3104e1a4745e0c3b1e86976cfa,8a79da7da26e74d2f9f6e8c34d7ab76b1413bc9a8b1344a105ea837cafd5f530,0,-1,0,-1,0,-1,0,-1
transfer_cube,Calibrated recovery,47,96004,replan_1_ensemble,0,0,0.009748702906137323,0.0,ca16771856a10229d6f212cca0c1ab91fefa2a3104e1a4745e0c3b1e86976cfa,c0050ff5b20f1da43d7a5f1465f7b9d3f81b4a2d777617776a018cb9715212e4,1,162,1,173,0,-1,0,-1
transfer_cube,Calibrated recovery,47,96004,replan_16,1,1,0.014378552325069904,0.0,ca16771856a10229d6f212cca0c1ab91fefa2a3104e1a4745e0c3b1e86976cfa,a6321df93a029aec41e9d3eba79b5e9195a6f15e9fb57cf6c1d10e844deeb6a3,1,156,1,156,1,286,1,286
transfer_cube,Calibrated recovery,47,96005,nominal,1,1,0.014153899624943733,0.0,ca16771856a10229d6f212cca0c1ab91fefa2a3104e1a4745e0c3b1e86976cfa,bf3e09685b8299b6efa8a6a329a3e5cf0d0ea5559262ca7196f22564f7ba36f7,1,161,1,161,1,284,1,284
transfer_cube,Calibrated recovery,47,96005,observation_noise,0,0,0.06632832437753677,0.07445936936885118,ca16771856a10229d6f212cca0c1ab91fefa2a3104e1a4745e0c3b1e86976cfa,24d5afa85f3a64b23b20c363a4c4c6d1c3b7433ad12d215f450117efdecf7b75,0,-1,0,-1,0,-1,0,-1
transfer_cube,Calibrated recovery,47,96005,noise_joints,0,0,0.06639024615287781,0.0743642065115273,ca16771856a10229d6f212cca0c1ab91fefa2a3104e1a4745e0c3b1e86976cfa,37a9f9a5eb08d34cc832f9d2ab1513dda02bcbcc075f20afcc0021c0f0825d7d,0,-1,0,-1,0,-1,0,-1
transfer_cube,Calibrated recovery,47,96005,noise_objects,1,1,0.0145261837169528,0.003543054014444351,ca16771856a10229d6f212cca0c1ab91fefa2a3104e1a4745e0c3b1e86976cfa,77a86bf886fad01896b566c237109b4dfb151e7b1bb999358ce99c9034b9d7c8,1,160,1,160,1,284,1,284
transfer_cube,Calibrated recovery,47,96005,noise_low_support,0,0,0.06578698009252548,0.07173228766070679,ca16771856a10229d6f212cca0c1ab91fefa2a3104e1a4745e0c3b1e86976cfa,1816e7048d80561cf99e26dc54bbecdd4d53fe4291f45cbfdd7d5f991f986af9,0,-1,0,-1,0,-1,0,-1
transfer_cube,Calibrated recovery,47,96005,noise_supported,0,0,0.045909326523542404,0.01611656480934471,ca16771856a10229d6f212cca0c1ab91fefa2a3104e1a4745e0c3b1e86976cfa,bfc81de353e4e4e47a44c6ead7df555ef4915ab7079387cf8bf98b5a0ac3f652,1,151,1,153,0,-1,0,-1
transfer_cube,Calibrated recovery,47,96005,replan_1,0,0,0.01225313637405634,0.0,ca16771856a10229d6f212cca0c1ab91fefa2a3104e1a4745e0c3b1e86976cfa,6f3ccd22a90348113da9a3c6595415968d920378451771879e28aa81067e6b3c,0,-1,0,-1,0,-1,0,-1
transfer_cube,Calibrated recovery,47,96005,replan_1_ensemble,1,1,0.009041725170092309,0.0,ca16771856a10229d6f212cca0c1ab91fefa2a3104e1a4745e0c3b1e86976cfa,43475ad9aacb6444fc60e7f7b4b12bae1bd393d8153e143dfa695ad3e94e7431,1,167,1,172,1,289,1,289
transfer_cube,Calibrated recovery,47,96005,replan_16,1,1,0.013759100809693336,0.0,ca16771856a10229d6f212cca0c1ab91fefa2a3104e1a4745e0c3b1e86976cfa,49441216ff3645dfbf96c4716dc5773cbe558892b22a2d6e7e184e82b5ef69bb,1,159,1,159,1,229,1,229
transfer_cube,Calibrated recovery,47,96006,nominal,1,1,0.014866841025650501,0.0,ca16771856a10229d6f212cca0c1ab91fefa2a3104e1a4745e0c3b1e86976cfa,4f8afecc5a3d7aadbe81fbaee6201e626a63fab819cf74a663dc4e29eaf69b60,1,145,1,156,1,224,1,224
transfer_cube,Calibrated recovery,47,96006,observation_noise,0,0,0.06545037776231766,0.08969534426927567,ca16771856a10229d6f212cca0c1ab91fefa2a3104e1a4745e0c3b1e86976cfa,ae2ab9d9b2addb2de66ba393fc3528d67123a1399684d8c0bd06f22e2994cf16,1,98,1,101,0,-1,0,-1
transfer_cube,Calibrated recovery,47,96006,noise_joints,0,0,0.06626462191343307,0.09201756537891924,ca16771856a10229d6f212cca0c1ab91fefa2a3104e1a4745e0c3b1e86976cfa,e29005126bbb24718bb2d2a6e64dd5d6c772b9c69a37c7b427f6abc4a84788e9,1,98,1,101,0,-1,0,-1
transfer_cube,Calibrated recovery,47,96006,noise_objects,1,1,0.014766024425625801,0.0032861463027074934,ca16771856a10229d6f212cca0c1ab91fefa2a3104e1a4745e0c3b1e86976cfa,aa0c7087c9073478c3764129b711a87204f543f8751f74346ec4ad992829564a,1,150,1,155,1,234,1,234
transfer_cube,Calibrated recovery,47,96006,noise_low_support,0,0,0.06959939002990723,0.08627844306640327,ca16771856a10229d6f212cca0c1ab91fefa2a3104e1a4745e0c3b1e86976cfa,05450bf13ccdefb487b384fbf83db1fd20d91c6389b99f0a7b6fb403e7401b73,1,98,1,101,0,-1,0,-1
transfer_cube,Calibrated recovery,47,96006,noise_supported,0,0,0.04805169627070427,0.011122373412363232,ca16771856a10229d6f212cca0c1ab91fefa2a3104e1a4745e0c3b1e86976cfa,5fe330e85675b54a0e6e49a82d8dfdd6d16d1d3f6e43c04bf0b0311d38137bc3,1,134,1,147,0,-1,0,-1
transfer_cube,Calibrated recovery,47,96006,replan_1,0,0,0.009213102981448174,0.0,ca16771856a10229d6f212cca0c1ab91fefa2a3104e1a4745e0c3b1e86976cfa,aba75216343adeb3135a9d3f4aeb1837028d978fc395383811709e75d435f8ac,0,-1,0,-1,0,-1,0,-1
transfer_cube,Calibrated recovery,47,96006,replan_1_ensemble,1,1,0.008851676358057102,0.0,ca16771856a10229d6f212cca0c1ab91fefa2a3104e1a4745e0c3b1e86976cfa,7f2544dc7e56aa6510b3e9345994de00c06d4ca4b8203d2511740cdf5c2f875a,1,151,1,168,1,220,1,220
transfer_cube,Calibrated recovery,47,96006,replan_16,1,1,0.013642409816384315,0.0,ca16771856a10229d6f212cca0c1ab91fefa2a3104e1a4745e0c3b1e86976cfa,d06d7c42bfe8da0c59e41dd1b36c951761dbd9bc9bb4c4a9c1f24a65cf2b4ce9,1,152,1,159,1,288,1,288
transfer_cube,Calibrated recovery,47,96007,nominal,0,0,0.04028544947504997,0.0,ca16771856a10229d6f212cca0c1ab91fefa2a3104e1a4745e0c3b1e86976cfa,b615c26b363256325cc2aabfec0ada6ecca52b5069bafbd11731c88df863cb05,1,142,1,160,0,-1,0,-1
transfer_cube,Calibrated recovery,47,96007,observation_noise,0,0,0.07127890735864639,0.08212349930778146,ca16771856a10229d6f212cca0c1ab91fefa2a3104e1a4745e0c3b1e86976cfa,a58dacbfc4333e9e24028ccf6b94ef9aef3411aedd2beaf0812061cf6619e7bf,1,116,1,123,0,-1,0,-1
transfer_cube,Calibrated recovery,47,96007,noise_joints,0,0,0.06815168261528015,0.076854088883847,ca16771856a10229d6f212cca0c1ab91fefa2a3104e1a4745e0c3b1e86976cfa,7bb45bc0e538ac1870a6bb41c7ee72d215d72335420d6d871526182bde0e49d4,1,116,0,-1,0,-1,0,-1
transfer_cube,Calibrated recovery,47,96007,noise_objects,0,0,0.04050062596797943,0.0037228763790335506,ca16771856a10229d6f212cca0c1ab91fefa2a3104e1a4745e0c3b1e86976cfa,a9eb2eae0f834d439c65cf56b45a7f4badcf77d163ae5dffb4059c2e6629653f,1,143,1,161,0,-1,0,-1
transfer_cube,Calibrated recovery,47,96007,noise_low_support,0,0,0.07402623444795609,0.07133291787467896,ca16771856a10229d6f212cca0c1ab91fefa2a3104e1a4745e0c3b1e86976cfa,a7e1e90cc072d391bfb1282961791638c9e64aaa6a87cc1b4a4a185862bf6d49,1,69,0,-1,0,-1,0,-1
transfer_cube,Calibrated recovery,47,96007,noise_supported,0,0,0.033704452216625214,0.01266623537056148,ca16771856a10229d6f212cca0c1ab91fefa2a3104e1a4745e0c3b1e86976cfa,335f5889f8e522510e8ea8cb8d91e5d7aab15fd809f1b74bd09cd86643fa7e9c,1,144,1,153,0,-1,0,-1
transfer_cube,Calibrated recovery,47,96007,replan_1,1,1,0.009180000983178616,0.0,ca16771856a10229d6f212cca0c1ab91fefa2a3104e1a4745e0c3b1e86976cfa,24a56e5b07dad69b7920b0095900193372ad35796447ec43f06f6d05726881c9,1,162,1,164,1,268,1,268
transfer_cube,Calibrated recovery,47,96007,replan_1_ensemble,1,1,0.009328998463127187,0.0,ca16771856a10229d6f212cca0c1ab91fefa2a3104e1a4745e0c3b1e86976cfa,72c5d10dff760e4f46711bc3b625259445519690dd79da418a9733441a7034d5,1,149,1,163,1,287,1,287
transfer_cube,Calibrated recovery,47,96007,replan_16,1,1,0.0141630033031106,0.0,ca16771856a10229d6f212cca0c1ab91fefa2a3104e1a4745e0c3b1e86976cfa,0960f5c8873533d03624d2dc8f65556a04715eeae1cf64b53af2ddc061ea6ca9,1,154,1,155,1,288,1,288
transfer_cube,Calibrated recovery,47,96008,nominal,1,1,0.014857156202197075,0.0,ca16771856a10229d6f212cca0c1ab91fefa2a3104e1a4745e0c3b1e86976cfa,f059a5633c8762eb7d8bf308a743fe99d4822c3480f8386b4692a0b1d5ea24b0,1,155,1,161,1,220,1,220
transfer_cube,Calibrated recovery,47,96008,observation_noise,0,0,0.05981413275003433,0.07686030292883515,ca16771856a10229d6f212cca0c1ab91fefa2a3104e1a4745e0c3b1e86976cfa,1985689b0d636275407738aa90bb4542f4a585c7df04dd64c0fb396a24ce7f63,1,152,1,170,0,-1,0,-1
transfer_cube,Calibrated recovery,47,96008,noise_joints,0,0,0.06752673536539078,0.05628387767530512,ca16771856a10229d6f212cca0c1ab91fefa2a3104e1a4745e0c3b1e86976cfa,07648dce28217b26e03862a2310392fb95c80518814f1ebea94a58608e9a5ab0,1,137,1,137,0,-1,0,-1
transfer_cube,Calibrated recovery,47,96008,noise_objects,1,1,0.015071902424097061,0.004038325003348291,ca16771856a10229d6f212cca0c1ab91fefa2a3104e1a4745e0c3b1e86976cfa,388fe032d6cb57cb30307464487639970a69c25ae4cb5d92af28dc4c2ff62b1a,1,155,1,155,1,223,1,223
transfer_cube,Calibrated recovery,47,96008,noise_low_support,0,0,0.06876157224178314,0.07431605615885928,ca16771856a10229d6f212cca0c1ab91fefa2a3104e1a4745e0c3b1e86976cfa,245cf1c701492d0991e141c334f4dde1f41b0298073ea33d8229a8b535f26c4e,0,-1,0,-1,0,-1,0,-1
transfer_cube,Calibrated recovery,47,96008,noise_supported,1,1,0.01717103086411953,0.011028232094831765,ca16771856a10229d6f212cca0c1ab91fefa2a3104e1a4745e0c3b1e86976cfa,8246a694db61b7d1f20097521dcbd9d939a91505fceb76cdf01c3267bdb0495d,1,153,1,153,1,288,1,288
transfer_cube,Calibrated recovery,47,96008,replan_1,0,0,0.010824705474078655,0.0,ca16771856a10229d6f212cca0c1ab91fefa2a3104e1a4745e0c3b1e86976cfa,8a13aa252e22490cb5b1ef6e32ef9839f733893ad81705aa7124db9bb20d4c8f,0,-1,0,-1,0,-1,0,-1
transfer_cube,Calibrated recovery,47,96008,replan_1_ensemble,1,1,0.009030734388757438,0.0,ca16771856a10229d6f212cca0c1ab91fefa2a3104e1a4745e0c3b1e86976cfa,8b5250a3b713424c1677f5157c79016e3911f5ac584e16e9ee4a8d4614c21eb7,1,162,1,176,1,231,1,231
transfer_cube,Calibrated recovery,47,96008,replan_16,1,1,0.013670387677848339,0.0,ca16771856a10229d6f212cca0c1ab91fefa2a3104e1a4745e0c3b1e86976cfa,bf1b5453cd0d4c0cf72a6c7b1ff61bada4efce0c28877b779073bf9fada4cddd,1,156,1,159,1,287,1,287
transfer_cube,Calibrated recovery,47,96009,nominal,1,1,0.013706943951547146,0.0,ca16771856a10229d6f212cca0c1ab91fefa2a3104e1a4745e0c3b1e86976cfa,bc0a3f5dbce5d73783c39491ad58f3e081f1b69ff10e0e8c1010b72909052b0b,1,160,1,160,1,288,1,288
transfer_cube,Calibrated recovery,47,96009,observation_noise,0,0,0.06516142934560776,0.10051888396963476,ca16771856a10229d6f212cca0c1ab91fefa2a3104e1a4745e0c3b1e86976cfa,23198b860774d9d5294e363230c66ccbbb4bcbf6471b559b862ea64dc4533b03,1,153,1,153,0,-1,0,-1
transfer_cube,Calibrated recovery,47,96009,noise_joints,0,0,0.06743225455284119,0.09164036369882524,ca16771856a10229d6f212cca0c1ab91fefa2a3104e1a4745e0c3b1e86976cfa,99a2371691675890eed14bd44266fd2ea8fa487f465ff8dc43b5835abce9ec3a,0,-1,0,-1,0,-1,0,-1
transfer_cube,Calibrated recovery,47,96009,noise_objects,1,1,0.013990784995257854,0.0039516638027271254,ca16771856a10229d6f212cca0c1ab91fefa2a3104e1a4745e0c3b1e86976cfa,590793b816d6e0b8d6952822a0256fe54664fec0cc8783851216411f02dfcb1a,1,159,1,160,1,285,1,285
transfer_cube,Calibrated recovery,47,96009,noise_low_support,0,0,0.06569629907608032,0.09680392254143953,ca16771856a10229d6f212cca0c1ab91fefa2a3104e1a4745e0c3b1e86976cfa,34dc4c02c608b53ae56dc3582a6a7974db0c0890cdb4820e2687b0d989fb10b9,0,-1,0,-1,0,-1,0,-1
transfer_cube,Calibrated recovery,47,96009,noise_supported,1,1,0.018820708617568016,0.012288324371911585,ca16771856a10229d6f212cca0c1ab91fefa2a3104e1a4745e0c3b1e86976cfa,9685604b2e9d7738f0a582c596e617f3df8317e3f46956bd6acab856fd68b154,1,147,1,147,1,283,1,283
transfer_cube,Calibrated recovery,47,96009,replan_1,0,0,0.01199614442884922,0.0,ca16771856a10229d6f212cca0c1ab91fefa2a3104e1a4745e0c3b1e86976cfa,057f2a68977281468010e072d64f6d20403c165ff8855ae4e8c388110526c6e8,0,-1,0,-1,0,-1,0,-1
transfer_cube,Calibrated recovery,47,96009,replan_1_ensemble,1,1,0.00908061450636918,0.0,ca16771856a10229d6f212cca0c1ab91fefa2a3104e1a4745e0c3b1e86976cfa,8e9aa17c49cf11782ab619e4525e8443e35ebef63e8758c68f92e31e68d8294a,1,166,1,171,1,230,1,230
transfer_cube,Calibrated recovery,47,96009,replan_16,1,1,0.013323714025318623,0.0,ca16771856a10229d6f212cca0c1ab91fefa2a3104e1a4745e0c3b1e86976cfa,6cfd0148363dbf42033da5fa36a0fcf4bf08265e8a56f71c80548bd899caad18,1,157,1,159,1,224,1,224
transfer_cube,Calibrated recovery,47,96010,nominal,1,1,0.013789455406367779,0.0,ca16771856a10229d6f212cca0c1ab91fefa2a3104e1a4745e0c3b1e86976cfa,045db98231452d3e35117c27de356b361516ea123079d68fec15c8f32d761f57,1,158,1,163,1,222,1,222
transfer_cube,Calibrated recovery,47,96010,observation_noise,0,0,0.07145330309867859,0.08839521547779441,ca16771856a10229d6f212cca0c1ab91fefa2a3104e1a4745e0c3b1e86976cfa,93a7b5b0e9b839cdf7a8ccda8da0de3c8e6c7053978e83a0adeda2784f1439f4,0,-1,0,-1,0,-1,0,-1
transfer_cube,Calibrated recovery,47,96010,noise_joints,0,0,0.0730048343539238,0.08656595820561051,ca16771856a10229d6f212cca0c1ab91fefa2a3104e1a4745e0c3b1e86976cfa,bbc8c259654e3a5a29d8979250b660aa4f601d6f2df6d2b5e11de90069bd2cc9,0,-1,0,-1,0,-1,0,-1
transfer_cube,Calibrated recovery,47,96010,noise_objects,1,1,0.014106710441410542,0.0037921662256121635,ca16771856a10229d6f212cca0c1ab91fefa2a3104e1a4745e0c3b1e86976cfa,88cc8b3fecefb48a2f5f2894adda88762aff9fde69f4128a309bf2897bf51f7b,1,158,1,160,1,222,1,222
transfer_cube,Calibrated recovery,47,96010,noise_low_support,0,0,0.07306459546089172,0.07479061626829207,ca16771856a10229d6f212cca0c1ab91fefa2a3104e1a4745e0c3b1e86976cfa,57f6565fe727043ab4d2e1bcbae4cb05a6164daef385a6ae4d24e31bfac5abac,0,-1,0,-1,0,-1,0,-1
transfer_cube,Calibrated recovery,47,96010,noise_supported,1,1,0.0169561505317688,0.012416716460138559,ca16771856a10229d6f212cca0c1ab91fefa2a3104e1a4745e0c3b1e86976cfa,c15b2820be101eb280128706d32cae0c16ddb81dc5d13a669ab9df1b6c0b2743,1,165,1,166,1,289,1,289
transfer_cube,Calibrated recovery,47,96010,replan_1,0,0,0.012051531113684177,0.0,ca16771856a10229d6f212cca0c1ab91fefa2a3104e1a4745e0c3b1e86976cfa,d29330e7f4d8ac10323a5301e21d9ee8d8c6f1bdb7883ec1213c5ab3b708ae05,0,-1,0,-1,0,-1,0,-1
transfer_cube,Calibrated recovery,47,96010,replan_1_ensemble,1,1,0.008833851662237116,0.0,ca16771856a10229d6f212cca0c1ab91fefa2a3104e1a4745e0c3b1e86976cfa,b801a9960bf3476fc54cbd6772168b7b3db6ef3c8f19f927867cfd972e6b82dc,1,167,1,170,1,230,1,230
transfer_cube,Calibrated recovery,47,96010,replan_16,1,1,0.012729380279779434,0.0,ca16771856a10229d6f212cca0c1ab91fefa2a3104e1a4745e0c3b1e86976cfa,0c7254a6e599c7d20dccfc398d5ca3d61f7ee69d175d9ec368ba63c9227d936e,1,158,1,159,1,226,1,226
transfer_cube,Calibrated recovery,47,96011,nominal,1,1,0.013988306745886803,0.0,ca16771856a10229d6f212cca0c1ab91fefa2a3104e1a4745e0c3b1e86976cfa,cc4475ba9b375b6eabe45e5aec9f4a517063ae2bb668291ba0846068a00d4da1,1,160,1,161,1,221,1,221
transfer_cube,Calibrated recovery,47,96011,observation_noise,0,0,0.05925380811095238,0.07061708468943834,ca16771856a10229d6f212cca0c1ab91fefa2a3104e1a4745e0c3b1e86976cfa,2839cfee29177c2db858b349952ac4f72d065675261f421983456d317d613243,0,-1,0,-1,0,-1,0,-1
transfer_cube,Calibrated recovery,47,96011,noise_joints,0,0,0.06325911730527878,0.06948815114796161,ca16771856a10229d6f212cca0c1ab91fefa2a3104e1a4745e0c3b1e86976cfa,814e8c260d8ac33ea03ee5cdf3699e4dfbb0a784ee63dfd589b01b2232f46e75,0,-1,0,-1,0,-1,0,-1
transfer_cube,Calibrated recovery,47,96011,noise_objects,1,1,0.013364226557314396,0.003959634348284453,ca16771856a10229d6f212cca0c1ab91fefa2a3104e1a4745e0c3b1e86976cfa,a3745fa56c5bbaf055dd2bad7c11aa12378671a2747f3db40037f4652b610a46,1,160,1,160,1,229,1,229
transfer_cube,Calibrated recovery,47,96011,noise_low_support,0,0,0.058289725333452225,0.06573069312144071,ca16771856a10229d6f212cca0c1ab91fefa2a3104e1a4745e0c3b1e86976cfa,045896571e6ba717e407126510e17d998216581c7228819dce01c3120bd28aaf,0,-1,0,-1,0,-1,0,-1
transfer_cube,Calibrated recovery,47,96011,noise_supported,1,1,0.018187593668699265,0.012199740186333656,ca16771856a10229d6f212cca0c1ab91fefa2a3104e1a4745e0c3b1e86976cfa,21dd1195b1414a510ac99abb3528b9730f2f1b3d9dc9adafbbb51b4cc41e4108,1,162,1,162,1,286,1,286
transfer_cube,Calibrated recovery,47,96011,replan_1,0,0,0.012708533555269241,0.0,ca16771856a10229d6f212cca0c1ab91fefa2a3104e1a4745e0c3b1e86976cfa,59306e98ae0e9747b202a2e0c563b6291fed8a1a8bafb98f552551e44e625805,0,-1,0,-1,0,-1,0,-1
transfer_cube,Calibrated recovery,47,96011,replan_1_ensemble,1,1,0.008792344812892944,0.0,ca16771856a10229d6f212cca0c1ab91fefa2a3104e1a4745e0c3b1e86976cfa,cfef4fdd14c4ff74a369fdb73d32a11d6f618a9a466af90c9d1c35e57a9bba4f,1,168,1,173,1,231,1,231
transfer_cube,Calibrated recovery,47,96011,replan_16,1,1,0.013212610967457294,0.0,ca16771856a10229d6f212cca0c1ab91fefa2a3104e1a4745e0c3b1e86976cfa,d6faa66ef057f9d9883f31cd802a18b2299d18467c0ea0c93532fda2cdf9e6b3,1,159,1,161,1,221,1,221
transfer_cube,Calibrated recovery,47,96012,nominal,0,0,0.03908037021756172,0.0,ca16771856a10229d6f212cca0c1ab91fefa2a3104e1a4745e0c3b1e86976cfa,b02ac3489707c6f9df47b129f7627d7d0323a4f2441b89f9479f7d8a09249467,1,147,1,153,0,-1,0,-1
transfer_cube,Calibrated recovery,47,96012,observation_noise,0,0,0.0679854303598404,0.09126169059425593,ca16771856a10229d6f212cca0c1ab91fefa2a3104e1a4745e0c3b1e86976cfa,d50eafbba7c82b4f0943defed11f9b21405b373459e3274ebfe3836d9339a6ab,1,100,1,115,0,-1,0,-1
transfer_cube,Calibrated recovery,47,96012,noise_joints,0,0,0.0642596185207367,0.08883189968764782,ca16771856a10229d6f212cca0c1ab91fefa2a3104e1a4745e0c3b1e86976cfa,fb5600100038d85d24bee41f1a316ebb6b8d2c10698e84eb4782209325cd25a2,1,100,1,115,0,-1,0,-1
transfer_cube,Calibrated recovery,47,96012,noise_objects,0,0,0.040395911782979965,0.0033447249507298693,ca16771856a10229d6f212cca0c1ab91fefa2a3104e1a4745e0c3b1e86976cfa,85ac5da647332d75c7a78dcf73738ca11e223f228fcd7e7d95e5e50a5479283e,1,151,1,159,0,-1,0,-1
transfer_cube,Calibrated recovery,47,96012,noise_low_support,0,0,0.06803872436285019,0.0875185202434659,ca16771856a10229d6f212cca0c1ab91fefa2a3104e1a4745e0c3b1e86976cfa,0b0ef70af02b9ccb7d7fa7530456e4fe587c329ac7542b3537b8d4e720daa7b4,1,66,1,66,0,-1,0,-1
transfer_cube,Calibrated recovery,47,96012,noise_supported,0,0,0.04497704282402992,0.014427804346196354,ca16771856a10229d6f212cca0c1ab91fefa2a3104e1a4745e0c3b1e86976cfa,fde7fc26e2048d11e4ef62a4c10d5c6c25b573c86e9e9765619a2ed593ab7005,1,146,1,152,0,-1,0,-1
transfer_cube,Calibrated recovery,47,96012,replan_1,1,1,0.009129347279667854,0.0,ca16771856a10229d6f212cca0c1ab91fefa2a3104e1a4745e0c3b1e86976cfa,5ed99c02700dfa5d77ed3659a8d0110f898624ae8541ce5f0d66b022f7b8629b,1,162,1,166,1,270,1,270
transfer_cube,Calibrated recovery,47,96012,replan_1_ensemble,1,1,0.009320887338452748,0.0,ca16771856a10229d6f212cca0c1ab91fefa2a3104e1a4745e0c3b1e86976cfa,7cf4da298e38d337c53a7a4067dc1a87a7d34d3eec7dfba453f1cb50d42aa7c2,1,151,1,163,1,287,1,287
transfer_cube,Calibrated recovery,47,96012,replan_16,1,1,0.013976679183542728,0.0,ca16771856a10229d6f212cca0c1ab91fefa2a3104e1a4745e0c3b1e86976cfa,82a04be15cff5b4c5f7088daae0ed39dd7f35388b593c0df998c7656cd42fa9b,1,151,1,155,1,287,1,287
transfer_cube,Calibrated recovery,47,96013,nominal,1,1,0.01374061033129692,0.0,ca16771856a10229d6f212cca0c1ab91fefa2a3104e1a4745e0c3b1e86976cfa,02715db5e25c8b151d4f31eca6dc659d85f2e7f210fa070cd56eb20e098789c3,1,160,1,163,1,222,1,222
transfer_cube,Calibrated recovery,47,96013,observation_noise,0,0,0.06695548444986343,0.08310790825635195,ca16771856a10229d6f212cca0c1ab91fefa2a3104e1a4745e0c3b1e86976cfa,d07f02ba7d5e5b58296e25bfd2ab3d5717ff192d3ab20fa027f07a5e54fc8da7,0,-1,0,-1,0,-1,0,-1
transfer_cube,Calibrated recovery,47,96013,noise_joints,0,0,0.06758958101272583,0.036988164062495346,ca16771856a10229d6f212cca0c1ab91fefa2a3104e1a4745e0c3b1e86976cfa,99dc8ea04fb0fb4b27a90a64821fd865d6f6272c06914046b85c0266e03d4bb7,0,-1,0,-1,0,-1,0,-1
transfer_cube,Calibrated recovery,47,96013,noise_objects,1,1,0.01312966737896204,0.003768821591511369,ca16771856a10229d6f212cca0c1ab91fefa2a3104e1a4745e0c3b1e86976cfa,9877c068d3dfefbacf4fe94ae4165acd40cf85b5a4500200f6a25233e58d3dcd,1,161,1,163,1,289,1,289
transfer_cube,Calibrated recovery,47,96013,noise_low_support,0,0,0.07487602531909943,0.048046562736562916,ca16771856a10229d6f212cca0c1ab91fefa2a3104e1a4745e0c3b1e86976cfa,ded96f4fb7b3672c9cc479b8324f94170df3917d93221369b4508668a5149cfa,0,-1,0,-1,0,-1,0,-1
transfer_cube,Calibrated recovery,47,96013,noise_supported,0,0,0.03480887785553932,0.012250809646211565,ca16771856a10229d6f212cca0c1ab91fefa2a3104e1a4745e0c3b1e86976cfa,9e4503f552ff59815c14ed6cb1353200c92c2133b086494f531a1947e805670f,1,158,1,158,0,-1,0,-1
transfer_cube,Calibrated recovery,47,96013,replan_1,0,0,0.012680299580097198,0.0,ca16771856a10229d6f212cca0c1ab91fefa2a3104e1a4745e0c3b1e86976cfa,832ca8a2efaead0d990d0ecf0d9fc16cfe91f1d1bad96289f37a49a2a0fdcd0f,0,-1,0,-1,0,-1,0,-1
transfer_cube,Calibrated recovery,47,96013,replan_1_ensemble,1,1,0.008791778756710878,0.0,ca16771856a10229d6f212cca0c1ab91fefa2a3104e1a4745e0c3b1e86976cfa,80a661854bf0b9b26e28b07e9d150c3c3a9652dc29f23f2f1659e4d4433a4313,1,166,1,174,1,290,1,290
transfer_cube,Calibrated recovery,47,96013,replan_16,1,1,0.01270387601107359,0.0,ca16771856a10229d6f212cca0c1ab91fefa2a3104e1a4745e0c3b1e86976cfa,5caacd56032cc2d8095ba538d6101fda2caafa4be1e3d6baa55dcdf24bbf1bfb,1,159,1,159,1,289,1,289
transfer_cube,Calibrated recovery,47,96014,nominal,1,1,0.01381971500813961,0.0,ca16771856a10229d6f212cca0c1ab91fefa2a3104e1a4745e0c3b1e86976cfa,2d289a96a194fc164882e2c6adf0ec60b5864a395014d83fe4655452d2e02e9f,1,160,1,163,1,222,1,222
transfer_cube,Calibrated recovery,47,96014,observation_noise,0,0,0.0683317556977272,0.0916862689703703,ca16771856a10229d6f212cca0c1ab91fefa2a3104e1a4745e0c3b1e86976cfa,981c8cb382cbad11d310048cf6a646ff464b17100910cd60f73c9f251f5cfe03,1,103,1,103,0,-1,0,-1
transfer_cube,Calibrated recovery,47,96014,noise_joints,0,0,0.0700196921825409,0.07895004564896226,ca16771856a10229d6f212cca0c1ab91fefa2a3104e1a4745e0c3b1e86976cfa,a74baa659031d2254126ceecf02c89dfc0cf9e4e611c229ae3b22a31f962c077,1,105,1,105,0,-1,0,-1
transfer_cube,Calibrated recovery,47,96014,noise_objects,1,1,0.013552285730838776,0.003759909406071529,ca16771856a10229d6f212cca0c1ab91fefa2a3104e1a4745e0c3b1e86976cfa,48c2b1390d69909773f9c7b78ba9ada1f2a928232a3d1e231fc0c08c3cf6518e,1,155,1,155,1,218,1,218
transfer_cube,Calibrated recovery,47,96014,noise_low_support,0,0,0.06643524020910263,0.08246046184562146,ca16771856a10229d6f212cca0c1ab91fefa2a3104e1a4745e0c3b1e86976cfa,ba58f69e00dc67375b76f2dbdd761cead2801f2bb4b5da6a651b3d3bd152e583,1,105,1,105,0,-1,0,-1
transfer_cube,Calibrated recovery,47,96014,noise_supported,0,0,0.06159748509526253,0.011938576023530913,ca16771856a10229d6f212cca0c1ab91fefa2a3104e1a4745e0c3b1e86976cfa,49bfd353442d19c947cfc9548629f10faa8fe1cd366d017458c2bacee60c6d08,1,143,1,143,0,-1,0,-1
transfer_cube,Calibrated recovery,47,96014,replan_1,0,0,0.011626621708273888,0.0,ca16771856a10229d6f212cca0c1ab91fefa2a3104e1a4745e0c3b1e86976cfa,6bf05322954a8522d01d0cae5bf02c79a2a0208e0b7c27e07d1fb259b307797e,0,-1,0,-1,0,-1,0,-1
transfer_cube,Calibrated recovery,47,96014,replan_1_ensemble,1,1,0.008841572497343622,0.0,ca16771856a10229d6f212cca0c1ab91fefa2a3104e1a4745e0c3b1e86976cfa,1dc50e1b3aeab7fcc60712ad263c16d35d845b420e5009daacc911b8797a92b8,1,165,1,174,1,289,1,289
transfer_cube,Calibrated recovery,47,96014,replan_16,1,1,0.012718399055302143,0.0,ca16771856a10229d6f212cca0c1ab91fefa2a3104e1a4745e0c3b1e86976cfa,a4eb8d54c60a7e2d126a3328df253f72380d86bf9ff2fee2cca52b594e14d7c6,1,157,1,158,1,289,1,289
transfer_cube,Calibrated recovery,47,96015,nominal,1,1,0.013661479577422142,0.0,ca16771856a10229d6f212cca0c1ab91fefa2a3104e1a4745e0c3b1e86976cfa,c70a11769596f58e99a04d48d8e9a91ba40a5c09a19b9e6ce2d62926f70f11da,1,158,1,163,1,221,1,221
transfer_cube,Calibrated recovery,47,96015,observation_noise,0,0,0.05589856952428818,0.06661189822480082,ca16771856a10229d6f212cca0c1ab91fefa2a3104e1a4745e0c3b1e86976cfa,6f25de350c6c71f1a327a521757e6fc5d321a20555368b3a6d2abb72a462efa4,0,-1,0,-1,0,-1,0,-1
transfer_cube,Calibrated recovery,47,96015,noise_joints,0,0,0.06109784170985222,0.0738586934003979,ca16771856a10229d6f212cca0c1ab91fefa2a3104e1a4745e0c3b1e86976cfa,04da891911432d633ed14ea3b202d980dac985c7736397fab22bf7ddaebd3648,0,-1,0,-1,0,-1,0,-1
transfer_cube,Calibrated recovery,47,96015,noise_objects,1,1,0.013552947901189327,0.0043819095403887336,ca16771856a10229d6f212cca0c1ab91fefa2a3104e1a4745e0c3b1e86976cfa,2e781e1fe9109ef88da407133279415f7c999e7c8d98f6e4c8ed8fe5a350813a,1,158,1,158,1,220,1,220
transfer_cube,Calibrated recovery,47,96015,noise_low_support,0,0,0.0661308541893959,0.035154954758036185,ca16771856a10229d6f212cca0c1ab91fefa2a3104e1a4745e0c3b1e86976cfa,ec8649f0bc733be26846d99a0b1496cb3ee9db16848e591f46ed292a607b3717,1,105,0,-1,0,-1,0,-1
transfer_cube,Calibrated recovery,47,96015,noise_supported,1,1,0.016610056161880493,0.011774309277534485,ca16771856a10229d6f212cca0c1ab91fefa2a3104e1a4745e0c3b1e86976cfa,732278cbf7bef8f7a4fb3abc1e55b9290f5a8a399ad8cb5aebd42e789b57dfcd,1,147,1,147,1,285,1,285
transfer_cube,Calibrated recovery,47,96015,replan_1,0,0,0.018827496096491814,0.0,ca16771856a10229d6f212cca0c1ab91fefa2a3104e1a4745e0c3b1e86976cfa,710581a34ee4f4ea6c7c9f8bb8c9b40b082afb6074f7b7d0a22647531da001aa,1,192,0,-1,0,-1,0,-1
transfer_cube,Calibrated recovery,47,96015,replan_1_ensemble,1,1,0.008714852334330756,0.0,ca16771856a10229d6f212cca0c1ab91fefa2a3104e1a4745e0c3b1e86976cfa,bf7348fbf9e66242fd1bd36bcbb58adb3171093ba69194a33cd624cedb8e0c89,1,166,1,166,1,290,1,290
transfer_cube,Calibrated recovery,47,96015,replan_16,1,1,0.012886758893728256,0.0,ca16771856a10229d6f212cca0c1ab91fefa2a3104e1a4745e0c3b1e86976cfa,55eee8738d1a4696d173a5a12e58444445583cd2c272baaa6b7f8f08cc49d026,1,160,1,163,1,289,1,289
transfer_cube,Calibrated recovery,47,96016,nominal,1,1,0.012976959347724915,0.0,ca16771856a10229d6f212cca0c1ab91fefa2a3104e1a4745e0c3b1e86976cfa,6d604ae9a0b9920040cca88828ddd2ef27f9e569c4c1a21dbdf499f23abd6bfa,1,157,1,163,1,223,1,223
transfer_cube,Calibrated recovery,47,96016,observation_noise,0,0,0.06356894969940186,0.07393897229805589,ca16771856a10229d6f212cca0c1ab91fefa2a3104e1a4745e0c3b1e86976cfa,6680f1e6280e758a1fbe3e44dd12130cc24724468e6f8420c8d358cb57d5ad4d,0,-1,0,-1,0,-1,0,-1
transfer_cube,Calibrated recovery,47,96016,noise_joints,0,0,0.0664970800280571,0.07329549051821233,ca16771856a10229d6f212cca0c1ab91fefa2a3104e1a4745e0c3b1e86976cfa,e32e5a79d63af44365e3c5f31c197ca1bfbb324f1826b27f9a85212c1cc8483a,1,156,1,167,0,-1,0,-1
transfer_cube,Calibrated recovery,47,96016,noise_objects,1,1,0.013158662244677544,0.004149459895561449,ca16771856a10229d6f212cca0c1ab91fefa2a3104e1a4745e0c3b1e86976cfa,9475dfba669780e363434fa72c373507852dab3c6557041eb5a835e95a05337f,1,156,1,162,1,226,1,226
transfer_cube,Calibrated recovery,47,96016,noise_low_support,0,0,0.06756904721260071,0.06722280012443661,ca16771856a10229d6f212cca0c1ab91fefa2a3104e1a4745e0c3b1e86976cfa,5214eb6911a6beb44308948ecca1abd84c8c01c2c6f14e0cba2742bd5139a808,0,-1,0,-1,0,-1,0,-1
transfer_cube,Calibrated recovery,47,96016,noise_supported,1,1,0.016505353152751923,0.010311608286574483,ca16771856a10229d6f212cca0c1ab91fefa2a3104e1a4745e0c3b1e86976cfa,692de6b40eb3c5d23273928359dedf66d67bd692e503005fa2fb9996bfb7e113,1,154,1,155,1,221,1,221
transfer_cube,Calibrated recovery,47,96016,replan_1,0,0,0.012493889778852463,0.0,ca16771856a10229d6f212cca0c1ab91fefa2a3104e1a4745e0c3b1e86976cfa,585387f8c4e92ce301d0fbe2272383e02734d36d429a6f5fa2e989308fe3096e,0,-1,0,-1,0,-1,0,-1
transfer_cube,Calibrated recovery,47,96016,replan_1_ensemble,1,1,0.008743831524495918,0.0,ca16771856a10229d6f212cca0c1ab91fefa2a3104e1a4745e0c3b1e86976cfa,c5fbefe00d381e8991b5d35618e66e8023e4a9efb510b90668b3d8d6c295464a,1,163,1,171,1,289,1,289
transfer_cube,Calibrated recovery,47,96016,replan_16,1,1,0.012709499336779118,0.0,ca16771856a10229d6f212cca0c1ab91fefa2a3104e1a4745e0c3b1e86976cfa,26ce2d18ff1680e7e6bbb5c9cacad8830fb46eb1c2e24b51c760c645864eb7cb,1,158,1,159,1,289,1,289
transfer_cube,Calibrated recovery,47,96017,nominal,1,1,0.01351043488830328,0.0,ca16771856a10229d6f212cca0c1ab91fefa2a3104e1a4745e0c3b1e86976cfa,c0cabc48b9523e84750e62a03944fc8e05bf872d70f635773e3f6c9734463687,1,160,1,161,1,288,1,288
transfer_cube,Calibrated recovery,47,96017,observation_noise,0,0,0.07006847858428955,0.09549155733548105,ca16771856a10229d6f212cca0c1ab91fefa2a3104e1a4745e0c3b1e86976cfa,a5d2f75a506c56de7c99e42e00a7d06aa6786da68b3273facb57321b5295ce1e,0,-1,0,-1,0,-1,0,-1
transfer_cube,Calibrated recovery,47,96017,noise_joints,0,0,0.07298456877470016,0.10404562326148152,ca16771856a10229d6f212cca0c1ab91fefa2a3104e1a4745e0c3b1e86976cfa,6e452481419070c11d51af9671893903727e84ab5217d39756f3343b48da4991,0,-1,0,-1,0,-1,0,-1
transfer_cube,Calibrated recovery,47,96017,noise_objects,1,1,0.013803787529468536,0.0041651890682987865,ca16771856a10229d6f212cca0c1ab91fefa2a3104e1a4745e0c3b1e86976cfa,6fc3778daee4bd85fb21aef0d329c6f678158861a032efba8563b61ce611e26b,1,161,1,161,1,226,1,226
transfer_cube,Calibrated recovery,47,96017,noise_low_support,0,0,0.0753290206193924,0.09326916741672903,ca16771856a10229d6f212cca0c1ab91fefa2a3104e1a4745e0c3b1e86976cfa,cf0d54a19679bc927fe5371c7d5517b931f80183431f33d26a5b13b72648ce56,0,-1,0,-1,0,-1,0,-1
transfer_cube,Calibrated recovery,47,96017,noise_supported,1,0,0.03437818959355354,0.011182994646951556,ca16771856a10229d6f212cca0c1ab91fefa2a3104e1a4745e0c3b1e86976cfa,f0ed51f23de99991834331f72279458017a6e9cb9812852a829f81a9826f8f5c,1,155,1,160,1,218,1,218
transfer_cube,Calibrated recovery,47,96017,replan_1,0,0,0.01223053876310587,0.0,ca16771856a10229d6f212cca0c1ab91fefa2a3104e1a4745e0c3b1e86976cfa,97b70c2b77468ee085b1214018ad1d1c0c062fb1fafd06a55bf28bc5392ad993,0,-1,0,-1,0,-1,0,-1
transfer_cube,Calibrated recovery,47,96017,replan_1_ensemble,1,1,0.008707616543690243,0.0,ca16771856a10229d6f212cca0c1ab91fefa2a3104e1a4745e0c3b1e86976cfa,f373fa2a1bacfb1fd5794bbf40a0505e69ca94de361cbed2d3458211523799ee,1,169,1,169,1,230,1,230
transfer_cube,Calibrated recovery,47,96017,replan_16,1,1,0.013135821558535099,0.0,ca16771856a10229d6f212cca0c1ab91fefa2a3104e1a4745e0c3b1e86976cfa,34e0260c94991d4516d8a0e191c532948f9c4b56e52fe5b14f08cf552321ccae,1,160,1,161,1,223,1,223
transfer_cube,Calibrated recovery,47,96018,nominal,0,0,0.04869018867611885,0.0,ca16771856a10229d6f212cca0c1ab91fefa2a3104e1a4745e0c3b1e86976cfa,72127452569954b9310ea4edc7be5042fe0fc2559c57aea0df4fd0ecf96c6abe,1,153,1,158,0,-1,0,-1
transfer_cube,Calibrated recovery,47,96018,observation_noise,0,0,0.06150658056139946,0.08357338635250926,ca16771856a10229d6f212cca0c1ab91fefa2a3104e1a4745e0c3b1e86976cfa,d7e30567f2c3bce8ae79dbabc21223383ed846b379d1e356a569b4233c693fe7,1,81,0,-1,0,-1,0,-1
transfer_cube,Calibrated recovery,47,96018,noise_joints,0,0,0.060574132949113846,0.08459356911480427,ca16771856a10229d6f212cca0c1ab91fefa2a3104e1a4745e0c3b1e86976cfa,26857005c8f68e7490a02bc039c538e130930814286d08165eb965bcf07a71a0,1,81,0,-1,0,-1,0,-1
transfer_cube,Calibrated recovery,47,96018,noise_objects,0,0,0.04798370599746704,0.0031141113786725327,ca16771856a10229d6f212cca0c1ab91fefa2a3104e1a4745e0c3b1e86976cfa,7b1aa3bdf141973566ce2f32b184ad4c5bffd0ead0f9d8eda58d158c3e2e2e83,1,151,1,152,0,-1,0,-1
transfer_cube,Calibrated recovery,47,96018,noise_low_support,0,0,0.060677118599414825,0.08471877333708107,ca16771856a10229d6f212cca0c1ab91fefa2a3104e1a4745e0c3b1e86976cfa,4d01ec62cfbcfc341f5536db5b627509d333e5363ebf9c935582acb86ca570cf,1,81,0,-1,0,-1,0,-1
transfer_cube,Calibrated recovery,47,96018,noise_supported,0,0,0.04150388762354851,0.010484767104499042,ca16771856a10229d6f212cca0c1ab91fefa2a3104e1a4745e0c3b1e86976cfa,2d30441a6ae5f2d1c2f4c0282f085050b8957969e000510551d4540136024261,1,146,1,152,0,-1,0,-1
transfer_cube,Calibrated recovery,47,96018,replan_1,1,1,0.009325237944722176,0.0,ca16771856a10229d6f212cca0c1ab91fefa2a3104e1a4745e0c3b1e86976cfa,e2a9cf657f6d7b293bf592454637f95cc588c9e4a0049d66e28b7c49f0f64a32,1,151,1,153,1,276,1,276
transfer_cube,Calibrated recovery,47,96018,replan_1_ensemble,1,1,0.009181526087264216,0.0,ca16771856a10229d6f212cca0c1ab91fefa2a3104e1a4745e0c3b1e86976cfa,cb12d9c15e14fb8d0ed2e52fce53fa177011d5b73d6b2c3e996dc408f9abfda8,1,155,1,161,1,286,1,286
transfer_cube,Calibrated recovery,47,96018,replan_16,1,1,0.014205805957317352,0.0,ca16771856a10229d6f212cca0c1ab91fefa2a3104e1a4745e0c3b1e86976cfa,8f7755688f7d144d4212af027f93dd87a074465fbac32ed94a664229840e2f0a,1,152,1,158,1,287,1,287
transfer_cube,Calibrated recovery,47,96019,nominal,1,1,0.012949831783771515,0.0,ca16771856a10229d6f212cca0c1ab91fefa2a3104e1a4745e0c3b1e86976cfa,676356c16b079db4a3913c7434a0f1dafc82f9daaf640a985457d4484d256a10,1,158,1,159,1,288,1,288
transfer_cube,Calibrated recovery,47,96019,observation_noise,0,0,0.06369123607873917,0.09339179194997996,ca16771856a10229d6f212cca0c1ab91fefa2a3104e1a4745e0c3b1e86976cfa,c6522615b0c1a396f6235c91d9022b32f1029803744a5b23c4c1cecea4d3f09b,1,135,0,-1,0,-1,0,-1
transfer_cube,Calibrated recovery,47,96019,noise_joints,0,0,0.06346152722835541,0.09054287737235427,ca16771856a10229d6f212cca0c1ab91fefa2a3104e1a4745e0c3b1e86976cfa,ce54cb45ac2da728a47ab09f4805e6af8fb8e1cfaf77ec751b72d235f292e169,1,135,1,151,0,-1,0,-1
transfer_cube,Calibrated recovery,47,96019,noise_objects,1,1,0.013297670520842075,0.004128211744828149,ca16771856a10229d6f212cca0c1ab91fefa2a3104e1a4745e0c3b1e86976cfa,e551f06438e163dddbb5e75cabab3d2303e596c494957b406f95634b6322dc8a,1,155,1,159,1,287,1,287
transfer_cube,Calibrated recovery,47,96019,noise_low_support,0,0,0.07480069249868393,0.0670846839315891,ca16771856a10229d6f212cca0c1ab91fefa2a3104e1a4745e0c3b1e86976cfa,09f0edd5ace4e710cb5f966b7b648beabf7bea9bf3ad02ebac700c963afdd372,0,-1,0,-1,0,-1,0,-1
transfer_cube,Calibrated recovery,47,96019,noise_supported,1,1,0.018249284476041794,0.012049019085243345,ca16771856a10229d6f212cca0c1ab91fefa2a3104e1a4745e0c3b1e86976cfa,deac5479f97910eb57d93edba9f21ac3e6c517e091e7e9e11c46e62c57789b31,1,154,1,155,1,229,1,229
transfer_cube,Calibrated recovery,47,96019,replan_1,1,1,0.007942991331219673,0.0,ca16771856a10229d6f212cca0c1ab91fefa2a3104e1a4745e0c3b1e86976cfa,d0036861177520c3adb4ca543245f7a27aa3eca956f4113297811bdcfb9e3b3c,1,165,1,165,1,296,1,296
transfer_cube,Calibrated recovery,47,96019,replan_1_ensemble,1,1,0.008772684719359065,0.0,ca16771856a10229d6f212cca0c1ab91fefa2a3104e1a4745e0c3b1e86976cfa,8f897e42b6c0f8f2a5d3a87e07e8f15d789101b9cab8029e9264a23f64a5f485,1,160,1,168,1,288,1,288
transfer_cube,Calibrated recovery,47,96019,replan_16,1,1,0.012782273814082146,0.0,ca16771856a10229d6f212cca0c1ab91fefa2a3104e1a4745e0c3b1e86976cfa,9fea7d45729b9c907932017c917d78215ba520d903cfa0e47ad76da118778e97,1,157,1,157,1,289,1,289
transfer_cube,Gaussian recovery,7,96000,nominal,1,1,0.013079670257866383,0.0,29d61090c0d0fbb0f550341080b03b1e41d69086231e79f78988eb8d2e5ac6b2,7fc166c54bdc2558ad912e2d0559826fa78e9ea14ee6e37941ec115315f48c23,1,154,1,157,1,291,1,291
transfer_cube,Gaussian recovery,7,96000,observation_noise,1,1,0.015233383513987064,0.009563576779328287,29d61090c0d0fbb0f550341080b03b1e41d69086231e79f78988eb8d2e5ac6b2,cde122dc2f2980eb7f86a06247b5dab9ef4354211e4b08210c4fd63f8680b149,1,157,1,160,1,219,1,219
transfer_cube,Gaussian recovery,7,96000,noise_joints,1,1,0.014607243239879608,0.008233030007686467,29d61090c0d0fbb0f550341080b03b1e41d69086231e79f78988eb8d2e5ac6b2,e44122962a4b974e2dc62ca3cad24ef95094c6a9da011ecd18bfff0cd5b5fd83,1,156,1,160,1,218,1,218
transfer_cube,Gaussian recovery,7,96000,noise_objects,1,1,0.013584631495177746,0.003658502367325127,29d61090c0d0fbb0f550341080b03b1e41d69086231e79f78988eb8d2e5ac6b2,9eb597899cfd2a61364f6559644bac677d8711b0a6e220293c967bdd9f8352e6,1,157,1,157,1,290,1,290
transfer_cube,Gaussian recovery,7,96000,noise_low_support,1,1,0.014414853416383266,0.005777768379484769,29d61090c0d0fbb0f550341080b03b1e41d69086231e79f78988eb8d2e5ac6b2,026d589933e5923680398f0a4ff2ccf404c201c4bf5d67ae5b62523949c47458,1,155,1,160,1,268,1,268
transfer_cube,Gaussian recovery,7,96000,noise_supported,1,1,0.013986000791192055,0.006993580004200339,29d61090c0d0fbb0f550341080b03b1e41d69086231e79f78988eb8d2e5ac6b2,56b26b4d7d60dc7918ccc71dc5470eb5797bf4dbedee9f93ae87532a4f1ef275,1,153,1,157,1,287,1,287
transfer_cube,Gaussian recovery,7,96000,replan_1,0,0,0.05916065350174904,0.0,29d61090c0d0fbb0f550341080b03b1e41d69086231e79f78988eb8d2e5ac6b2,e353d3a90df9c1d4864136d227f34e570879cce0e757aeb8abde731f53e35ad4,0,-1,0,-1,0,-1,0,-1
transfer_cube,Gaussian recovery,7,96000,replan_1_ensemble,1,1,0.008872535832940174,0.0,29d61090c0d0fbb0f550341080b03b1e41d69086231e79f78988eb8d2e5ac6b2,8c1e36ad7cdc2c3159c2c1f1f361ced1f18f77da93e15aaa1eefd86328384ad3,1,156,1,161,1,294,1,294
transfer_cube,Gaussian recovery,7,96000,replan_16,1,1,0.012791432440280914,0.0,29d61090c0d0fbb0f550341080b03b1e41d69086231e79f78988eb8d2e5ac6b2,669470c08871e6b6f0d1dc9122825faa7ed8b0c28b8ed12ecf4cf7a95b1d3b8b,1,154,1,157,1,290,1,290
transfer_cube,Gaussian recovery,7,96001,nominal,1,1,0.013000903651118279,0.0,29d61090c0d0fbb0f550341080b03b1e41d69086231e79f78988eb8d2e5ac6b2,a1608b52a31ccbc72db56c100b9318e7a3491d86d9210f9ddf145716dcd3fc59,1,157,1,166,1,224,1,224
transfer_cube,Gaussian recovery,7,96001,observation_noise,1,1,0.014858391135931015,0.010178771298378707,29d61090c0d0fbb0f550341080b03b1e41d69086231e79f78988eb8d2e5ac6b2,0242b5aa28606d6b631cf36bf4c4a7fed6a88440363e915190f1ef095ca6b384,1,145,1,145,1,244,1,244
transfer_cube,Gaussian recovery,7,96001,noise_joints,1,1,0.014535441063344479,0.009057460878975689,29d61090c0d0fbb0f550341080b03b1e41d69086231e79f78988eb8d2e5ac6b2,c93e4652879a26b302edce373e998c3963c59477e0938ffcf711d83d97db1c36,1,144,1,144,1,221,1,221
transfer_cube,Gaussian recovery,7,96001,noise_objects,1,1,0.013134692795574665,0.003649395503452979,29d61090c0d0fbb0f550341080b03b1e41d69086231e79f78988eb8d2e5ac6b2,249188d1708511fdaa2c63f2232fccc02bd134453c2500aed6dec348329f14c7,1,156,1,160,1,217,1,217
transfer_cube,Gaussian recovery,7,96001,noise_low_support,1,1,0.013708189129829407,0.006512378494953737,29d61090c0d0fbb0f550341080b03b1e41d69086231e79f78988eb8d2e5ac6b2,0df2cca0f564843709875798b0dcedec12a0b43918bc077923a7a738cc744c0b,1,152,1,152,1,219,1,219
transfer_cube,Gaussian recovery,7,96001,noise_supported,1,1,0.014039933681488037,0.006999500340316445,29d61090c0d0fbb0f550341080b03b1e41d69086231e79f78988eb8d2e5ac6b2,e77b76db9ac112b3bf7290a2580c047348f7966dc16e090025e96b4e0c692149,1,147,1,148,1,217,1,217
transfer_cube,Gaussian recovery,7,96001,replan_1,0,0,0.045988161116838455,0.0,29d61090c0d0fbb0f550341080b03b1e41d69086231e79f78988eb8d2e5ac6b2,cce294e4d064f1007f4bf33c221adc6d9c1b154bab04fe2eed33c0d4b8c83814,0,-1,0,-1,0,-1,0,-1
transfer_cube,Gaussian recovery,7,96001,replan_1_ensemble,1,1,0.008828048354892351,0.0,29d61090c0d0fbb0f550341080b03b1e41d69086231e79f78988eb8d2e5ac6b2,5442d3d7ce3518b93d4d90581897471fcda8b20f8b4ddad2ab462f2839e21a2d,1,158,1,166,1,228,1,228
transfer_cube,Gaussian recovery,7,96001,replan_16,1,1,0.012381098233163357,0.0,29d61090c0d0fbb0f550341080b03b1e41d69086231e79f78988eb8d2e5ac6b2,68be8adb275164274c6ed703a8fed26136fb5b231cfbad94e23bf6b14fdf90f1,1,153,1,153,1,290,1,290
transfer_cube,Gaussian recovery,7,96002,nominal,1,1,0.013460744172334671,0.0,29d61090c0d0fbb0f550341080b03b1e41d69086231e79f78988eb8d2e5ac6b2,1456cee63ff67ad66b39ebfe968c406d11f87d155570ce081eb7928f83763075,1,154,1,157,1,223,1,223
transfer_cube,Gaussian recovery,7,96002,observation_noise,1,1,0.014813479036092758,0.008825559166725725,29d61090c0d0fbb0f550341080b03b1e41d69086231e79f78988eb8d2e5ac6b2,92146173f2c45304548f5325b3d4f403c5f9f3011bd8768639b228c392721a2e,1,144,1,144,1,211,1,211
transfer_cube,Gaussian recovery,7,96002,noise_joints,1,1,0.01467262115329504,0.008359180788975209,29d61090c0d0fbb0f550341080b03b1e41d69086231e79f78988eb8d2e5ac6b2,06500621f53c9953d99ad43b7e1ff13852ec2f3a63e44fdcfcc82e89a59dfecf,1,155,1,155,1,211,1,211
transfer_cube,Gaussian recovery,7,96002,noise_objects,1,1,0.013461724855005741,0.0031704384088516234,29d61090c0d0fbb0f550341080b03b1e41d69086231e79f78988eb8d2e5ac6b2,116aafc25579c29163c5d0be7777b1c55a2a9f2b2771e3a5a448a372cc35b1ce,1,154,1,155,1,228,1,228
transfer_cube,Gaussian recovery,7,96002,noise_low_support,1,1,0.014262253418564796,0.006292578937136568,29d61090c0d0fbb0f550341080b03b1e41d69086231e79f78988eb8d2e5ac6b2,3c8f7661fc70b37801724d650786d7aa00b38bb13e650b0965285a1ced678fde,1,163,1,166,1,252,1,252
transfer_cube,Gaussian recovery,7,96002,noise_supported,1,1,0.013644500635564327,0.0066230325028300285,29d61090c0d0fbb0f550341080b03b1e41d69086231e79f78988eb8d2e5ac6b2,6143e08af5f6a64d4e96bbfa386c5635feef80176b96ddf943651826bd42274e,1,153,1,155,1,239,1,239
transfer_cube,Gaussian recovery,7,96002,replan_1,0,0,0.04611973091959953,0.0,29d61090c0d0fbb0f550341080b03b1e41d69086231e79f78988eb8d2e5ac6b2,76b764e1c608c4ef123e32a93518999f9a19064816b538cd2a9138864e724368,0,-1,0,-1,0,-1,0,-1
transfer_cube,Gaussian recovery,7,96002,replan_1_ensemble,1,1,0.008866627261712914,0.0,29d61090c0d0fbb0f550341080b03b1e41d69086231e79f78988eb8d2e5ac6b2,061fc8f348855dbebb6d0f58bcd919132ddafa7fcea8d90c41afe2a50fec2db4,1,160,1,168,1,228,1,228
transfer_cube,Gaussian recovery,7,96002,replan_16,1,1,0.01248918380588293,0.0,29d61090c0d0fbb0f550341080b03b1e41d69086231e79f78988eb8d2e5ac6b2,e07f064a4fd744ef133d54ed3c6ef15bd151b4ed915c7795961b029115f22033,1,153,1,153,1,290,1,290
transfer_cube,Gaussian recovery,7,96003,nominal,0,0,0.041214827448129654,0.0,29d61090c0d0fbb0f550341080b03b1e41d69086231e79f78988eb8d2e5ac6b2,e9782cba129849adefe0770695041715f5337a26c8ee76c2e1083fe4a1ccface,1,131,1,141,0,-1,0,-1
transfer_cube,Gaussian recovery,7,96003,observation_noise,0,0,0.05553298816084862,0.011378303179517388,29d61090c0d0fbb0f550341080b03b1e41d69086231e79f78988eb8d2e5ac6b2,dafab80001584737bdd8b0a919e4f2d02baa4e451fec896881b31d6eba0385b6,1,122,1,132,0,-1,0,-1
transfer_cube,Gaussian recovery,7,96003,noise_joints,0,0,0.05118319392204285,0.011004982376471161,29d61090c0d0fbb0f550341080b03b1e41d69086231e79f78988eb8d2e5ac6b2,b5ee63908d8720452931ea51ad86e8d3f19992aff6e0100a62f1615525e25165,1,130,1,139,0,-1,0,-1
transfer_cube,Gaussian recovery,7,96003,noise_objects,0,0,0.039546847343444824,0.0028981598233804107,29d61090c0d0fbb0f550341080b03b1e41d69086231e79f78988eb8d2e5ac6b2,d383459a02c613e3e5458f7f01cffc64473d38610c6cc774379b087131edc16c,1,138,1,152,0,-1,0,-1
transfer_cube,Gaussian recovery,7,96003,noise_low_support,0,0,0.051199425011873245,0.007703722870792263,29d61090c0d0fbb0f550341080b03b1e41d69086231e79f78988eb8d2e5ac6b2,363a5ee2fe708fd243b0e6f8414c319e76a5d9515d8ffec2a7c75c1bbf5e2456,1,130,1,141,0,-1,0,-1
transfer_cube,Gaussian recovery,7,96003,noise_supported,0,0,0.043999798595905304,0.007479082271456719,29d61090c0d0fbb0f550341080b03b1e41d69086231e79f78988eb8d2e5ac6b2,7cffe4a87944ca7366178239cc9bc759870a038a6f18b5d779d9869bb638dddd,1,134,1,142,0,-1,0,-1
transfer_cube,Gaussian recovery,7,96003,replan_1,0,0,0.02664821967482567,0.0,29d61090c0d0fbb0f550341080b03b1e41d69086231e79f78988eb8d2e5ac6b2,31d1a77551bcf5f970a706696a9eccce97ad036fb9718bf4d6d9948226941092,0,-1,0,-1,0,-1,0,-1
transfer_cube,Gaussian recovery,7,96003,replan_1_ensemble,0,0,0.009564276491812478,0.0,29d61090c0d0fbb0f550341080b03b1e41d69086231e79f78988eb8d2e5ac6b2,65979ab738195c7a367911d12306b7238dea63b721b79a8a9004fb59b7f7ea2e,0,-1,0,-1,0,-1,0,-1
transfer_cube,Gaussian recovery,7,96003,replan_16,0,0,0.04370260238647461,0.0,29d61090c0d0fbb0f550341080b03b1e41d69086231e79f78988eb8d2e5ac6b2,07ce75eb6729b9cec30c16d9ed2291ffe80551eeb7cf8698cf217c8a7f5636df,1,131,0,-1,0,-1,0,-1
transfer_cube,Gaussian recovery,7,96004,nominal,1,1,0.01570155657827854,0.0,29d61090c0d0fbb0f550341080b03b1e41d69086231e79f78988eb8d2e5ac6b2,a3bf030f5f8b98380da859922fd96aeb16ca0fd3136fbfe6d36edf9666af2bdf,1,157,1,161,1,286,1,286
transfer_cube,Gaussian recovery,7,96004,observation_noise,0,0,0.04929507151246071,0.014688784573227167,29d61090c0d0fbb0f550341080b03b1e41d69086231e79f78988eb8d2e5ac6b2,adf0c245cc0a2da46720b77afc47bc7b29b182a33e413bb10c87e98bee60e475,1,146,1,146,0,-1,0,-1
transfer_cube,Gaussian recovery,7,96004,noise_joints,1,1,0.02180624008178711,0.011758490479551256,29d61090c0d0fbb0f550341080b03b1e41d69086231e79f78988eb8d2e5ac6b2,84e73bf7ec1a2e0d6c146526ec423be2b50d4b55d531921e0bd4e2694fdf7c2b,1,153,1,153,1,290,1,290
transfer_cube,Gaussian recovery,7,96004,noise_objects,1,1,0.018532905727624893,0.003436911460594274,29d61090c0d0fbb0f550341080b03b1e41d69086231e79f78988eb8d2e5ac6b2,11b01ddbfd3260ddb6226a5642df288d75d43020e8c47ef7293a2ddfdcb57c6e,1,154,1,154,1,282,1,282
transfer_cube,Gaussian recovery,7,96004,noise_low_support,1,1,0.022027678787708282,0.008850974005181343,29d61090c0d0fbb0f550341080b03b1e41d69086231e79f78988eb8d2e5ac6b2,9e05e5de651842d194ce90601a5d692e2f75557c5b8ece77f263161e979df32a,1,152,1,153,1,284,1,284
transfer_cube,Gaussian recovery,7,96004,noise_supported,1,1,0.018333211541175842,0.007947575657162816,29d61090c0d0fbb0f550341080b03b1e41d69086231e79f78988eb8d2e5ac6b2,d78e0620811a71cf1a64d80b23285cb8863e3963232adac7a9a2b83077351445,1,154,1,156,1,290,1,290
transfer_cube,Gaussian recovery,7,96004,replan_1,0,0,0.010597296059131622,0.0,29d61090c0d0fbb0f550341080b03b1e41d69086231e79f78988eb8d2e5ac6b2,763bd20fb7a114e09a62f0f0d3ccdf1349c2eb502ae63c82f4d42a38f119a504,0,-1,0,-1,0,-1,0,-1
transfer_cube,Gaussian recovery,7,96004,replan_1_ensemble,1,1,0.009470117548233558,0.0,29d61090c0d0fbb0f550341080b03b1e41d69086231e79f78988eb8d2e5ac6b2,d0db56d9adcd1435213e15907ba3b7214d049ed789d67fba21e39eed46635893,1,157,1,161,1,285,1,285
transfer_cube,Gaussian recovery,7,96004,replan_16,1,1,0.013658063486218452,0.0,29d61090c0d0fbb0f550341080b03b1e41d69086231e79f78988eb8d2e5ac6b2,86edd0f590012857127a24dd6a34dd54c18b2ece55cb850e34aefa53e556241e,1,156,1,162,1,287,1,287
transfer_cube,Gaussian recovery,7,96005,nominal,1,1,0.014641428366303444,0.0,29d61090c0d0fbb0f550341080b03b1e41d69086231e79f78988eb8d2e5ac6b2,77018d1439670ccb257fe241565edf79c8a1b8acb03bbd9d0352f9b02087c979,1,151,1,160,1,221,1,221
transfer_cube,Gaussian recovery,7,96005,observation_noise,1,1,0.01684921607375145,0.010889108586125075,29d61090c0d0fbb0f550341080b03b1e41d69086231e79f78988eb8d2e5ac6b2,79dc92ecb17a021d8f9739bdf6af50aeb2067ea4bd824fd8b7883f0b7426cc0b,1,146,1,155,1,223,1,223
transfer_cube,Gaussian recovery,7,96005,noise_joints,1,1,0.015497238375246525,0.010293254321441054,29d61090c0d0fbb0f550341080b03b1e41d69086231e79f78988eb8d2e5ac6b2,674ba4fc15e3963d6f4c5dd9df598d88f97fa3a1f8b7c684ef7b5d744623d433,1,143,1,143,1,222,1,222
transfer_cube,Gaussian recovery,7,96005,noise_objects,1,1,0.014955271035432816,0.0034567325818352403,29d61090c0d0fbb0f550341080b03b1e41d69086231e79f78988eb8d2e5ac6b2,8a48672ea680539333209db35ba6e028ce728c6315994319fd5930b2d7cf4807,1,153,1,160,1,224,1,224
transfer_cube,Gaussian recovery,7,96005,noise_low_support,1,1,0.015018587931990623,0.005330436101357919,29d61090c0d0fbb0f550341080b03b1e41d69086231e79f78988eb8d2e5ac6b2,6ca971cf397bcb4a71cfdd658e162d17ed62f83f292298e8db21b263845a491e,1,151,1,155,1,235,1,235
transfer_cube,Gaussian recovery,7,96005,noise_supported,1,1,0.015428662300109863,0.00785508219152689,29d61090c0d0fbb0f550341080b03b1e41d69086231e79f78988eb8d2e5ac6b2,731362e6f3d6fbf38309922affb6b922223d50ec2a514888d7ae891950202f59,1,149,1,149,1,230,1,230
transfer_cube,Gaussian recovery,7,96005,replan_1,0,0,0.027962910011410713,0.0,29d61090c0d0fbb0f550341080b03b1e41d69086231e79f78988eb8d2e5ac6b2,46ae9fa53594eea26ebbbde8381237f22fd4c28cd0012d8fd9c9de3db03af374,0,-1,0,-1,0,-1,0,-1
transfer_cube,Gaussian recovery,7,96005,replan_1_ensemble,1,1,0.009086137753884688,0.0,29d61090c0d0fbb0f550341080b03b1e41d69086231e79f78988eb8d2e5ac6b2,8ef30a31afeabe7c85ca5aefcf3992d232368b11190cb849fec52cc51fa2ae33,1,150,1,167,1,224,1,224
transfer_cube,Gaussian recovery,7,96005,replan_16,1,1,0.013106275349855423,0.0,29d61090c0d0fbb0f550341080b03b1e41d69086231e79f78988eb8d2e5ac6b2,7a731a61c21128006e02890090c21d42fd448e9ba7de2653593b35ee52136496,1,150,1,157,1,290,1,290
transfer_cube,Gaussian recovery,7,96006,nominal,1,1,0.013703632168471813,0.0,29d61090c0d0fbb0f550341080b03b1e41d69086231e79f78988eb8d2e5ac6b2,0e2f1f807ae68f7a32679081a3565623b0514e110409a09aa2bc2e16a1668cf6,1,152,1,152,1,289,1,289
transfer_cube,Gaussian recovery,7,96006,observation_noise,1,1,0.015393727459013462,0.010128349005244673,29d61090c0d0fbb0f550341080b03b1e41d69086231e79f78988eb8d2e5ac6b2,fd2936fca1a44f5170501f0ac889fc1c20de8464d36e84f2a7971824ec3a2c66,1,153,1,158,1,285,1,285
transfer_cube,Gaussian recovery,7,96006,noise_joints,1,1,0.015599380247294903,0.009932085813488811,29d61090c0d0fbb0f550341080b03b1e41d69086231e79f78988eb8d2e5ac6b2,85c4fc7e3147c73acbe47c19711f08db7ba31a606c20c5c84a82fb27bd3a0db0,1,154,1,157,1,235,1,235
transfer_cube,Gaussian recovery,7,96006,noise_objects,1,1,0.013787772506475449,0.003170463142450899,29d61090c0d0fbb0f550341080b03b1e41d69086231e79f78988eb8d2e5ac6b2,d863ae935ff61f958b55ac4b85122969b0c7e1cfe0066c8357170c6f36fa0b17,1,150,1,158,1,290,1,290
transfer_cube,Gaussian recovery,7,96006,noise_low_support,1,1,0.014283663593232632,0.006598590698486078,29d61090c0d0fbb0f550341080b03b1e41d69086231e79f78988eb8d2e5ac6b2,338aeb4775ca78531166bdf1206a11cdd07c4d4262697de8ec4857ba80574c59,1,155,1,157,1,236,1,236
transfer_cube,Gaussian recovery,7,96006,noise_supported,1,1,0.014961713925004005,0.0071046269498765465,29d61090c0d0fbb0f550341080b03b1e41d69086231e79f78988eb8d2e5ac6b2,cc2171d9c2927b354ea3773d2a44ca1af47b8675368401d08177043555c6363d,1,149,1,158,1,287,1,287
transfer_cube,Gaussian recovery,7,96006,replan_1,0,0,0.012958083301782608,0.0,29d61090c0d0fbb0f550341080b03b1e41d69086231e79f78988eb8d2e5ac6b2,45c4d747663ba229d6123e77995af9d37e976cb248cf30810cbaf56a20f5c49f,0,-1,0,-1,0,-1,0,-1
transfer_cube,Gaussian recovery,7,96006,replan_1_ensemble,1,1,0.00907057697354887,0.0,29d61090c0d0fbb0f550341080b03b1e41d69086231e79f78988eb8d2e5ac6b2,77f0f5e2a7ef0c5517fb2c595b5eaf002caa5166fb3fb5dd039a2adac90880e9,1,155,1,158,1,287,1,287
transfer_cube,Gaussian recovery,7,96006,replan_16,1,1,0.01341073028743267,0.0,29d61090c0d0fbb0f550341080b03b1e41d69086231e79f78988eb8d2e5ac6b2,5249018c2ff9a3d43005038e1f4eda28de20f69e0cdd01159cdc8237bf8b1c0c,1,156,1,156,1,288,1,288
transfer_cube,Gaussian recovery,7,96007,nominal,1,1,0.013829980045557022,0.0,29d61090c0d0fbb0f550341080b03b1e41d69086231e79f78988eb8d2e5ac6b2,2fa8602383e4ba4cbf995dd9d310c97589ab9252cc63c214fe3a211a7727df97,1,147,1,152,1,287,1,287
transfer_cube,Gaussian recovery,7,96007,observation_noise,1,1,0.01632661558687687,0.009550212351605296,29d61090c0d0fbb0f550341080b03b1e41d69086231e79f78988eb8d2e5ac6b2,4c8311ced6bc4c9955811312a46cb27880f3de178b882addde829b655c872db5,1,138,1,150,1,260,1,260
transfer_cube,Gaussian recovery,7,96007,noise_joints,1,1,0.015916232019662857,0.008741677508223801,29d61090c0d0fbb0f550341080b03b1e41d69086231e79f78988eb8d2e5ac6b2,ad09cd68071c8cad05a01f6401a19b6a04d39692b6a2c1334f55130999caec09,1,143,1,148,1,282,1,282
transfer_cube,Gaussian recovery,7,96007,noise_objects,1,1,0.014087746851146221,0.0034832251345505937,29d61090c0d0fbb0f550341080b03b1e41d69086231e79f78988eb8d2e5ac6b2,5fc1b270f2a951b4d57db78f6f3812945e64bca7338505a3db40201d377d39a6,1,144,1,151,1,286,1,286
transfer_cube,Gaussian recovery,7,96007,noise_low_support,1,1,0.015472345054149628,0.006216650502174161,29d61090c0d0fbb0f550341080b03b1e41d69086231e79f78988eb8d2e5ac6b2,9ae75ec88beadd2dbd141b5cf720150cdc5e9f6bb487ed27adc2a34e2753317d,1,144,1,152,1,287,1,287
transfer_cube,Gaussian recovery,7,96007,noise_supported,1,1,0.014949269592761993,0.0071356292674317956,29d61090c0d0fbb0f550341080b03b1e41d69086231e79f78988eb8d2e5ac6b2,316d232be3126d1b8f2815590d959eb35b5fb5f2a7d5bba37b1fe3bac4afed4a,1,140,1,150,1,286,1,286
transfer_cube,Gaussian recovery,7,96007,replan_1,0,0,0.0409228540956974,0.0,29d61090c0d0fbb0f550341080b03b1e41d69086231e79f78988eb8d2e5ac6b2,9b0d3035c6e5276d79599f58bddaff41259e37ff656081cf9b07dc0c101b59b5,0,-1,0,-1,0,-1,0,-1
transfer_cube,Gaussian recovery,7,96007,replan_1_ensemble,1,1,0.009376583042827081,0.0,29d61090c0d0fbb0f550341080b03b1e41d69086231e79f78988eb8d2e5ac6b2,e8ec440a600d339f195dc507efd858459f057c29e8be9355beb37c8f6889bea2,1,152,1,161,1,287,1,287
transfer_cube,Gaussian recovery,7,96007,replan_16,1,1,0.013341126032173634,0.0,29d61090c0d0fbb0f550341080b03b1e41d69086231e79f78988eb8d2e5ac6b2,b8b99f6aec6c38a2b19d2bfdf26d6beab85e5d1acb491a34e57738b2c29c6489,1,151,1,156,1,288,1,288
transfer_cube,Gaussian recovery,7,96008,nominal,1,1,0.01438901387155056,0.0,29d61090c0d0fbb0f550341080b03b1e41d69086231e79f78988eb8d2e5ac6b2,8cd6516df74569dad1ce1e236a788bc91d2be930922b280ba4b1c41cd87b2b08,1,156,1,156,1,285,1,285
transfer_cube,Gaussian recovery,7,96008,observation_noise,1,1,0.0176995936781168,0.009895846773870289,29d61090c0d0fbb0f550341080b03b1e41d69086231e79f78988eb8d2e5ac6b2,c7c6c21caca4a9a61d82113450e151fb9e1d2276cb0b345dc03171ffc25e8d37,1,143,1,147,1,206,1,206
transfer_cube,Gaussian recovery,7,96008,noise_joints,1,0,0.027620915323495865,0.009175791419111193,29d61090c0d0fbb0f550341080b03b1e41d69086231e79f78988eb8d2e5ac6b2,be18b740e4bb9b8991b267840d9e41ef0a2752da182ace93202321db0626f24b,1,140,1,140,1,214,1,214
transfer_cube,Gaussian recovery,7,96008,noise_objects,1,1,0.016174079850316048,0.003981350107351318,29d61090c0d0fbb0f550341080b03b1e41d69086231e79f78988eb8d2e5ac6b2,567b06decc2680366d519571a897a1c67104b9ca025413a8aa2e6192dca90335,1,156,1,157,1,284,1,284
transfer_cube,Gaussian recovery,7,96008,noise_low_support,1,1,0.015788018703460693,0.006482269188181817,29d61090c0d0fbb0f550341080b03b1e41d69086231e79f78988eb8d2e5ac6b2,932cc33191e8f68d2f86602624c307d3e2714dd24232fbf901453ec8a9ac0334,1,141,1,141,1,282,1,282
transfer_cube,Gaussian recovery,7,96008,noise_supported,1,1,0.015247529372572899,0.006889825263060629,29d61090c0d0fbb0f550341080b03b1e41d69086231e79f78988eb8d2e5ac6b2,cc8426bad6400e98a8af9fc9f866eaeb514afaa7e24af74802ffadf7f93bf747,1,155,1,155,1,280,1,280
transfer_cube,Gaussian recovery,7,96008,replan_1,0,0,0.010509287007153034,0.0,29d61090c0d0fbb0f550341080b03b1e41d69086231e79f78988eb8d2e5ac6b2,f7b2b2a6bc9541168bf207a34fa4ac3be119203f86b52831f1ff27a7a05be7af,0,-1,0,-1,0,-1,0,-1
transfer_cube,Gaussian recovery,7,96008,replan_1_ensemble,1,1,0.0092644614281967,0.0,29d61090c0d0fbb0f550341080b03b1e41d69086231e79f78988eb8d2e5ac6b2,c9240ab98b610266b71e635875bc3e22f0b781e598b5bf0da94b09e56dd1a726,1,157,1,162,1,284,1,284
transfer_cube,Gaussian recovery,7,96008,replan_16,1,1,0.013151032850146294,0.0,29d61090c0d0fbb0f550341080b03b1e41d69086231e79f78988eb8d2e5ac6b2,30d43dcabaa6d38fea60a3986b291fbcd55e14be47a06a0de8aeb55a37adae2d,1,156,1,162,1,287,1,287
transfer_cube,Gaussian recovery,7,96009,nominal,1,1,0.01361093483865261,0.0,29d61090c0d0fbb0f550341080b03b1e41d69086231e79f78988eb8d2e5ac6b2,4c59c1633c44d77de77b88159263ece53f6e3b255114baa91feeafb1e3a3b7b2,1,148,1,160,1,219,1,219
transfer_cube,Gaussian recovery,7,96009,observation_noise,1,1,0.015650419518351555,0.010176301039755344,29d61090c0d0fbb0f550341080b03b1e41d69086231e79f78988eb8d2e5ac6b2,6c95c4528d6982f41d14408223fb3652cd5d6af507faa623faad01bed23b4dd3,1,151,1,159,1,288,1,288
transfer_cube,Gaussian recovery,7,96009,noise_joints,1,1,0.015376635827124119,0.009441585741005837,29d61090c0d0fbb0f550341080b03b1e41d69086231e79f78988eb8d2e5ac6b2,0c6a2c24caae13b26a29cda906772512136bac167b2354c59bd40fe1492579d6,1,150,1,160,1,290,1,290
transfer_cube,Gaussian recovery,7,96009,noise_objects,1,1,0.013857726007699966,0.0035355588613310827,29d61090c0d0fbb0f550341080b03b1e41d69086231e79f78988eb8d2e5ac6b2,429beaa796e35e86ee973ac1897f8c4849ee6489743809df1827df535f3879b8,1,150,1,160,1,217,1,217
transfer_cube,Gaussian recovery,7,96009,noise_low_support,1,1,0.01470828615128994,0.00616695518780034,29d61090c0d0fbb0f550341080b03b1e41d69086231e79f78988eb8d2e5ac6b2,bb2647362490fedc88ed12d6b3c0ba5aa7d138a5881c3e1920900b76fc475be0,1,145,1,145,1,243,1,243
transfer_cube,Gaussian recovery,7,96009,noise_supported,1,1,0.014795412309467793,0.007782086599618197,29d61090c0d0fbb0f550341080b03b1e41d69086231e79f78988eb8d2e5ac6b2,5785fe6f035862f265daa4437457c6370f47c227cdb0236bb8d4a58e4d638896,1,150,1,159,1,248,1,248
transfer_cube,Gaussian recovery,7,96009,replan_1,0,0,0.018476663157343864,0.0,29d61090c0d0fbb0f550341080b03b1e41d69086231e79f78988eb8d2e5ac6b2,e25222f6c841f7a2307ec69440b67e433bb88fb6268d0b7499ddec5aa667cd7c,0,-1,0,-1,0,-1,0,-1
transfer_cube,Gaussian recovery,7,96009,replan_1_ensemble,1,1,0.009179959708005723,0.0,29d61090c0d0fbb0f550341080b03b1e41d69086231e79f78988eb8d2e5ac6b2,4bb6d565de748afeb7dda38fe0374c79b7dc3a6b0f1decb5863c7f255da72200,1,151,1,166,1,291,1,291
transfer_cube,Gaussian recovery,7,96009,replan_16,1,1,0.012660548090934753,0.0,29d61090c0d0fbb0f550341080b03b1e41d69086231e79f78988eb8d2e5ac6b2,269fac46332a04621d5708aeae895821407344919b5e5d1a12dcf571914bd6be,1,153,1,158,1,289,1,289
transfer_cube,Gaussian recovery,7,96010,nominal,1,1,0.012521781027317047,0.0,29d61090c0d0fbb0f550341080b03b1e41d69086231e79f78988eb8d2e5ac6b2,df0a62386a75e4243ee358826a4d788ad1b08b05ce5a698f6e3f3ae1dc3c11fc,1,156,1,166,1,291,1,291
transfer_cube,Gaussian recovery,7,96010,observation_noise,1,1,0.017309196293354034,0.010305943530984223,29d61090c0d0fbb0f550341080b03b1e41d69086231e79f78988eb8d2e5ac6b2,9de96ca1b06337eb807d724ae38092d98cc327273ff53b23170a203654e17182,1,160,1,160,1,281,1,281
transfer_cube,Gaussian recovery,7,96010,noise_joints,1,1,0.017079055309295654,0.00997322735376656,29d61090c0d0fbb0f550341080b03b1e41d69086231e79f78988eb8d2e5ac6b2,9aee427aa6aaf3858be9d247bb67d3c2215928d0e6972a92c79616bee70fe5c2,1,160,1,160,1,282,1,282
transfer_cube,Gaussian recovery,7,96010,noise_objects,1,1,0.012815221212804317,0.0034246926568448546,29d61090c0d0fbb0f550341080b03b1e41d69086231e79f78988eb8d2e5ac6b2,f35d516fcceb6e669ab351017da34e22726a0a813813a988d0d194ee300cf5f4,1,151,1,162,1,291,1,291
transfer_cube,Gaussian recovery,7,96010,noise_low_support,1,1,0.014442396350204945,0.006245199868426425,29d61090c0d0fbb0f550341080b03b1e41d69086231e79f78988eb8d2e5ac6b2,6e520d4eda318f6ca741492dcf2d0eaf3bc6e3857afc633a4e613564556a012b,1,158,1,158,1,285,1,285
transfer_cube,Gaussian recovery,7,96010,noise_supported,1,1,0.014435654506087303,0.007004949352703988,29d61090c0d0fbb0f550341080b03b1e41d69086231e79f78988eb8d2e5ac6b2,634df6502f7ece85c88ad72253a9fcaf8d9badf7eb51b0cf998c99ac24998138,1,159,1,159,1,285,1,285
transfer_cube,Gaussian recovery,7,96010,replan_1,0,0,0.020318415015935898,0.0,29d61090c0d0fbb0f550341080b03b1e41d69086231e79f78988eb8d2e5ac6b2,bb21ba33aa74fd4e0ed380f21bffb5feb097df912a0b46143d6afb942a3d13a0,0,-1,0,-1,0,-1,0,-1
transfer_cube,Gaussian recovery,7,96010,replan_1_ensemble,1,1,0.008847730626322214,0.0,29d61090c0d0fbb0f550341080b03b1e41d69086231e79f78988eb8d2e5ac6b2,609ccced37a193ab75ee3a0fe01888b94931d58ea8412b26aa63586df8b8f146,1,157,1,170,1,292,1,292
transfer_cube,Gaussian recovery,7,96010,replan_16,1,1,0.012188062071800232,0.0,29d61090c0d0fbb0f550341080b03b1e41d69086231e79f78988eb8d2e5ac6b2,dcba427c145de166788ee2f8b70deb2ec93231237742189fd3367721362ee75b,1,154,1,154,1,289,1,289
transfer_cube,Gaussian recovery,7,96011,nominal,1,1,0.012676037847995758,0.0,29d61090c0d0fbb0f550341080b03b1e41d69086231e79f78988eb8d2e5ac6b2,b3bd13059b38ffeb47f673946c0643b54d4b69c0bc226b09b8b6c21a3352de60,1,155,1,160,1,223,1,223
transfer_cube,Gaussian recovery,7,96011,observation_noise,1,1,0.014511237852275372,0.008929037298075855,29d61090c0d0fbb0f550341080b03b1e41d69086231e79f78988eb8d2e5ac6b2,a996a42c5f30ed188840062160b635d8b22be393933a888f83449fc6e225c312,1,157,1,159,1,243,1,243
transfer_cube,Gaussian recovery,7,96011,noise_joints,1,1,0.014219910837709904,0.00838942005764693,29d61090c0d0fbb0f550341080b03b1e41d69086231e79f78988eb8d2e5ac6b2,638d9a0075baea79a8dd28a3fc2798d1ce86ad10ac3216f04e082d50d4b53391,1,155,1,160,1,243,1,243
transfer_cube,Gaussian recovery,7,96011,noise_objects,1,1,0.01338194403797388,0.0034653940761927514,29d61090c0d0fbb0f550341080b03b1e41d69086231e79f78988eb8d2e5ac6b2,2e07028ddf38f53620afdc4a72571b842928d93c02d2571ebc6361e678406651,1,157,1,158,1,222,1,222
transfer_cube,Gaussian recovery,7,96011,noise_low_support,1,1,0.014130378141999245,0.004874172337877098,29d61090c0d0fbb0f550341080b03b1e41d69086231e79f78988eb8d2e5ac6b2,7bb5af0be54f6ece2452af9b9b9428032adea9c30eeb2b4b4dc3cfd0b34ef2a0,1,154,1,162,1,221,1,221
transfer_cube,Gaussian recovery,7,96011,noise_supported,1,1,0.013509114272892475,0.007270787223242223,29d61090c0d0fbb0f550341080b03b1e41d69086231e79f78988eb8d2e5ac6b2,48f93865faf45072465241ca3a62671547716799e7e06c3103ea40799b71490e,1,160,1,160,1,218,1,218
transfer_cube,Gaussian recovery,7,96011,replan_1,0,0,0.04456060379743576,0.0,29d61090c0d0fbb0f550341080b03b1e41d69086231e79f78988eb8d2e5ac6b2,75da77b5c0e5c471bedf88379eb395cfbf50788f990989f3e8361c1240fad70e,0,-1,0,-1,0,-1,0,-1
transfer_cube,Gaussian recovery,7,96011,replan_1_ensemble,1,1,0.008858629814887985,0.0,29d61090c0d0fbb0f550341080b03b1e41d69086231e79f78988eb8d2e5ac6b2,63c0906a881a6fb332487779e23ff27e9e82b5ff41ee64bb1d92f403f166ff59,1,159,1,173,1,228,1,228
transfer_cube,Gaussian recovery,7,96011,replan_16,1,1,0.012257634662091732,0.0,29d61090c0d0fbb0f550341080b03b1e41d69086231e79f78988eb8d2e5ac6b2,e577d3fe945a347694d6d2b13b294f4c1222ae4b91083aaea728e9aea27cabb7,1,153,1,153,1,290,1,290
transfer_cube,Gaussian recovery,7,96012,nominal,1,1,0.013803253881633282,0.0,29d61090c0d0fbb0f550341080b03b1e41d69086231e79f78988eb8d2e5ac6b2,e8bbed27d938cc7f839a763c2ae419d55ee49d26da191350999059fa6627bc3a,1,152,1,157,1,287,1,287
transfer_cube,Gaussian recovery,7,96012,observation_noise,1,1,0.016089322045445442,0.010701794056221842,29d61090c0d0fbb0f550341080b03b1e41d69086231e79f78988eb8d2e5ac6b2,bf4bd2df12d67c2f8c88fb1a960d9f59dea9a2d4d17acd65680be9dffe5b8fff,1,144,1,144,1,243,1,243
transfer_cube,Gaussian recovery,7,96012,noise_joints,1,1,0.016166292130947113,0.010034589595161379,29d61090c0d0fbb0f550341080b03b1e41d69086231e79f78988eb8d2e5ac6b2,f880eb4c2c64e282f5b16948761cd38e8a802b2f50b3bd9cb1411cd08b4087bc,1,148,1,151,1,244,1,244
transfer_cube,Gaussian recovery,7,96012,noise_objects,1,1,0.014069809578359127,0.003190422023180872,29d61090c0d0fbb0f550341080b03b1e41d69086231e79f78988eb8d2e5ac6b2,69688a63384762649f592093ad1cca18e88839197fdc7d62a9e62040d033d201,1,152,1,153,1,288,1,288
transfer_cube,Gaussian recovery,7,96012,noise_low_support,1,1,0.015635896474123,0.007325351192848757,29d61090c0d0fbb0f550341080b03b1e41d69086231e79f78988eb8d2e5ac6b2,d8b38cdfeb859416c3b86cd9d228d7cbdc42a87ff23a36013db16da044ec39e7,1,148,1,157,1,283,1,283
transfer_cube,Gaussian recovery,7,96012,noise_supported,1,1,0.014838771894574165,0.007730538239702583,29d61090c0d0fbb0f550341080b03b1e41d69086231e79f78988eb8d2e5ac6b2,2cff82d32371d731df2f662cd2186513bced65cc070f0c565eb1e2d9bcf38e9f,1,148,1,150,1,285,1,285
transfer_cube,Gaussian recovery,7,96012,replan_1,0,0,0.04081936553120613,0.0,29d61090c0d0fbb0f550341080b03b1e41d69086231e79f78988eb8d2e5ac6b2,12bdaafd25dde9ed52f602418dfdb8093f08fb7094ab168c48a398b8ad132824,0,-1,0,-1,0,-1,0,-1
transfer_cube,Gaussian recovery,7,96012,replan_1_ensemble,1,1,0.00935815484796022,0.0,29d61090c0d0fbb0f550341080b03b1e41d69086231e79f78988eb8d2e5ac6b2,0063de6fbbac69dd717431a144764933501a22f59ab9e05366390c32f88a7056,1,154,1,161,1,287,1,287
transfer_cube,Gaussian recovery,7,96012,replan_16,1,1,0.013259741477668285,0.0,29d61090c0d0fbb0f550341080b03b1e41d69086231e79f78988eb8d2e5ac6b2,4a22b4d4fec9106b1e477d2a5262e010494cd90f1365376599fb0f820040285f,1,152,1,154,1,288,1,288
transfer_cube,Gaussian recovery,7,96013,nominal,1,1,0.012429778464138508,0.0,29d61090c0d0fbb0f550341080b03b1e41d69086231e79f78988eb8d2e5ac6b2,ce052b1ba4dbcd897840a37d87b41f6317addffbcdb40a40b8b30d20b44fc59b,1,152,1,152,1,291,1,291
transfer_cube,Gaussian recovery,7,96013,observation_noise,1,1,0.014492577873170376,0.010236099250614644,29d61090c0d0fbb0f550341080b03b1e41d69086231e79f78988eb8d2e5ac6b2,ff428a7deeda634e7bd4cc425735168673479c4b440472079c9206501df95505,1,156,1,156,1,284,1,284
transfer_cube,Gaussian recovery,7,96013,noise_joints,1,1,0.01437435019761324,0.009274575740564615,29d61090c0d0fbb0f550341080b03b1e41d69086231e79f78988eb8d2e5ac6b2,d29200f058e4f30c2db75966ad6cd3b3677e3e926471195c442406d98164289e,1,155,1,158,1,236,1,236
transfer_cube,Gaussian recovery,7,96013,noise_objects,1,1,0.01253880001604557,0.0031357727001886816,29d61090c0d0fbb0f550341080b03b1e41d69086231e79f78988eb8d2e5ac6b2,fb0f5c0043528cd4f7248ee4e2bcf51a23645fabe482ebd0f74144b2e1ea2f01,1,152,1,155,1,292,1,292
transfer_cube,Gaussian recovery,7,96013,noise_low_support,1,1,0.013869179412722588,0.006231700298958458,29d61090c0d0fbb0f550341080b03b1e41d69086231e79f78988eb8d2e5ac6b2,df0d8fa06e6e61c7074626939b7a745c6f2b223f2a531a6e3d0aec45c194cb60,1,154,1,158,1,235,1,235
transfer_cube,Gaussian recovery,7,96013,noise_supported,1,1,0.013186642900109291,0.006846409924328327,29d61090c0d0fbb0f550341080b03b1e41d69086231e79f78988eb8d2e5ac6b2,9ab5ce29a4f3ffd1a6f49f34b514b4ab0fdc1cac7a3f8c8dfe228d5abd92b9d9,1,155,1,155,1,289,1,289
transfer_cube,Gaussian recovery,7,96013,replan_1,0,0,0.032272011041641235,0.0,29d61090c0d0fbb0f550341080b03b1e41d69086231e79f78988eb8d2e5ac6b2,aa3a8ec819c7f49df79cf374267ee931a0f156e520c78f0f5a1dbf74ca8e2a0c,0,-1,0,-1,0,-1,0,-1
transfer_cube,Gaussian recovery,7,96013,replan_1_ensemble,1,1,0.008780700978125635,0.0,29d61090c0d0fbb0f550341080b03b1e41d69086231e79f78988eb8d2e5ac6b2,32cef70909f49ab203bde85197cef0d6c0d536fa95ac5a78db3eb6b2e00196bc,1,155,1,170,1,292,1,292
transfer_cube,Gaussian recovery,7,96013,replan_16,1,1,0.012120123952627182,0.0,29d61090c0d0fbb0f550341080b03b1e41d69086231e79f78988eb8d2e5ac6b2,c79975245d54814d3fc303c95052f9e2d8d241db1106a6e06dedbdaa8620aad6,1,154,1,154,1,289,1,289
transfer_cube,Gaussian recovery,7,96014,nominal,1,1,0.012541882693767548,0.0,29d61090c0d0fbb0f550341080b03b1e41d69086231e79f78988eb8d2e5ac6b2,4e185c49efb1052114e34ee5b639a3a0e79e0dbae713e0f4f136e553d4b79c50,1,153,1,155,1,290,1,290
transfer_cube,Gaussian recovery,7,96014,observation_noise,1,1,0.014793417416512966,0.009740622998215258,29d61090c0d0fbb0f550341080b03b1e41d69086231e79f78988eb8d2e5ac6b2,386d804ab654904881efafc4a7b00ab27db9659bbcd7570ae512bd5c3584cc69,1,148,1,153,1,286,1,286
transfer_cube,Gaussian recovery,7,96014,noise_joints,1,1,0.014747429639101028,0.008925059353932738,29d61090c0d0fbb0f550341080b03b1e41d69086231e79f78988eb8d2e5ac6b2,a0d3408bdc9825b1d5568b4a61c047618f4580cbbc528c3f03292519fd74114c,1,151,1,153,1,284,1,284
transfer_cube,Gaussian recovery,7,96014,noise_objects,1,1,0.012852299027144909,0.0032180879125371575,29d61090c0d0fbb0f550341080b03b1e41d69086231e79f78988eb8d2e5ac6b2,c26910b4a5ff69f314887a9438dcde571f41682ba2f2414c9c8fed547efd2d3e,1,149,1,155,1,291,1,291
transfer_cube,Gaussian recovery,7,96014,noise_low_support,1,1,0.014400998130440712,0.006427074878010899,29d61090c0d0fbb0f550341080b03b1e41d69086231e79f78988eb8d2e5ac6b2,ead7860e6bc232486f53d9be02fc69bd1772204994f0df1f1b34da0dc3f7c216,1,152,1,152,1,236,1,236
transfer_cube,Gaussian recovery,7,96014,noise_supported,1,1,0.013356043957173824,0.007069331652019173,29d61090c0d0fbb0f550341080b03b1e41d69086231e79f78988eb8d2e5ac6b2,2c42a9b2cc7fcd72f7d27ae9b6902b3deba978dc75daa197f63ba815028d04d1,1,151,1,156,1,289,1,289
transfer_cube,Gaussian recovery,7,96014,replan_1,0,0,0.01917416602373123,0.0,29d61090c0d0fbb0f550341080b03b1e41d69086231e79f78988eb8d2e5ac6b2,230c0451d008394b84e9af23aff5cbf902a4e9bb7af2de3d570b619a0613f6ac,0,-1,0,-1,0,-1,0,-1
transfer_cube,Gaussian recovery,7,96014,replan_1_ensemble,1,1,0.008831124588683998,0.0,29d61090c0d0fbb0f550341080b03b1e41d69086231e79f78988eb8d2e5ac6b2,c46274ce3513decdf6671c3ef0f81c41bec85e06fd9bf005c0babceab45aee05,1,156,1,169,1,291,1,291
transfer_cube,Gaussian recovery,7,96014,replan_16,1,1,0.012215734459459782,0.0,29d61090c0d0fbb0f550341080b03b1e41d69086231e79f78988eb8d2e5ac6b2,4d985a3aabce19e0912880c3bb505d19f7dd4724208f83a97f93f683d526a4fd,1,154,1,154,1,289,1,289
transfer_cube,Gaussian recovery,7,96015,nominal,1,1,0.013568625785410404,0.0,29d61090c0d0fbb0f550341080b03b1e41d69086231e79f78988eb8d2e5ac6b2,7acda060dffa146b84068dc92031f57fa1bc3840339e244706f884795b078328,1,153,1,160,1,222,1,222
transfer_cube,Gaussian recovery,7,96015,observation_noise,1,1,0.014215719886124134,0.009950331379659474,29d61090c0d0fbb0f550341080b03b1e41d69086231e79f78988eb8d2e5ac6b2,13b1af2171ef9a94312657f0d29bd8c079acd7c989cea33cff80da28ee497fdd,1,166,1,166,1,285,1,285
transfer_cube,Gaussian recovery,7,96015,noise_joints,1,1,0.014011803083121777,0.008755803792737424,29d61090c0d0fbb0f550341080b03b1e41d69086231e79f78988eb8d2e5ac6b2,31089298b0b29d88050ca2e8e5cd9a8ec5f7123dcbf77666e91aaa365af49ebd,1,166,1,166,1,220,1,220
transfer_cube,Gaussian recovery,7,96015,noise_objects,1,1,0.013917909003794193,0.0039013113162945957,29d61090c0d0fbb0f550341080b03b1e41d69086231e79f78988eb8d2e5ac6b2,98114a945935ac3a2aa0aa5cd08da2b95ea5b16480f64f11509b6fa5f6f511d9,1,155,1,161,1,221,1,221
transfer_cube,Gaussian recovery,7,96015,noise_low_support,1,1,0.013567586429417133,0.005089838165149558,29d61090c0d0fbb0f550341080b03b1e41d69086231e79f78988eb8d2e5ac6b2,d8013341293ce632671553f6ee090012db838e090a1f6ecfebc02dbb30aac6fa,1,166,1,167,1,219,1,219
transfer_cube,Gaussian recovery,7,96015,noise_supported,1,1,0.01363659743219614,0.007834566491656005,29d61090c0d0fbb0f550341080b03b1e41d69086231e79f78988eb8d2e5ac6b2,522ae3761a02f980a576c171114e42f3c8dd9dcf5e2aaf962b6edd0aab9d80ee,1,157,1,161,1,222,1,222
transfer_cube,Gaussian recovery,7,96015,replan_1,0,0,0.04854295402765274,0.0,29d61090c0d0fbb0f550341080b03b1e41d69086231e79f78988eb8d2e5ac6b2,c35f797419501b2e1d3c04805385394dec69fdf026bc0e26d12d6490117b65bc,0,-1,0,-1,0,-1,0,-1
transfer_cube,Gaussian recovery,7,96015,replan_1_ensemble,1,1,0.008706643593660957,0.0,29d61090c0d0fbb0f550341080b03b1e41d69086231e79f78988eb8d2e5ac6b2,6129f579b23fbabbd8a259fae3df64b1bbfd2d97b25e51f92d650f61210534ff,1,158,1,169,1,227,1,227
transfer_cube,Gaussian recovery,7,96015,replan_16,1,1,0.012377065606415272,0.0,29d61090c0d0fbb0f550341080b03b1e41d69086231e79f78988eb8d2e5ac6b2,872a5b629138012769fed1f2e8cb4ecd953a17e42780fef0a18568e39144601c,1,153,1,153,1,221,1,221
transfer_cube,Gaussian recovery,7,96016,nominal,1,1,0.01239696890115738,0.0,29d61090c0d0fbb0f550341080b03b1e41d69086231e79f78988eb8d2e5ac6b2,be7201f7a7f9d54c7e5ff325b9c707231184aa04bf46cfbe5f8f141d30333493,1,154,1,156,1,291,1,291
transfer_cube,Gaussian recovery,7,96016,observation_noise,1,1,0.014816238544881344,0.008905740678310394,29d61090c0d0fbb0f550341080b03b1e41d69086231e79f78988eb8d2e5ac6b2,09a10fd73526c0f8d3d85f8a5b5dcd44082367c43cf59fbe1ef42b4ab3ef4df1,1,150,1,150,1,219,1,219
transfer_cube,Gaussian recovery,7,96016,noise_joints,1,1,0.013913124799728394,0.007632576874457299,29d61090c0d0fbb0f550341080b03b1e41d69086231e79f78988eb8d2e5ac6b2,1c1568a9f432d2d21f5e43f691f6123927639747fc5137857020d97ce8bea57f,1,151,1,151,1,290,1,290
transfer_cube,Gaussian recovery,7,96016,noise_objects,1,1,0.012676374055445194,0.003676370079629123,29d61090c0d0fbb0f550341080b03b1e41d69086231e79f78988eb8d2e5ac6b2,9dbd42d9887fd9cedeaa01e45ecfd677742f995bc9361c847222ce4c78252c84,1,152,1,162,1,289,1,289
transfer_cube,Gaussian recovery,7,96016,noise_low_support,1,1,0.013148616999387741,0.004628937181551009,29d61090c0d0fbb0f550341080b03b1e41d69086231e79f78988eb8d2e5ac6b2,c8a6f630677294c0ca9dd19df440540e352df20bf0c4ea5dd4cd30d0de0ea715,1,150,1,150,1,289,1,289
transfer_cube,Gaussian recovery,7,96016,noise_supported,1,1,0.013346978463232517,0.0064131878688931465,29d61090c0d0fbb0f550341080b03b1e41d69086231e79f78988eb8d2e5ac6b2,0f2ccc5893730ce23eab479acc72e4464448a529446066ebb1a9112e003879e8,1,150,1,151,1,232,1,232
transfer_cube,Gaussian recovery,7,96016,replan_1,0,0,0.0430796816945076,0.0,29d61090c0d0fbb0f550341080b03b1e41d69086231e79f78988eb8d2e5ac6b2,076a7194ed8eb0e6c106643108fa922955b407009382f735147ec0cb14202f2c,0,-1,0,-1,0,-1,0,-1
transfer_cube,Gaussian recovery,7,96016,replan_1_ensemble,1,1,0.008708291723237695,0.0,29d61090c0d0fbb0f550341080b03b1e41d69086231e79f78988eb8d2e5ac6b2,fb83fdeefc9bfa0fde93d5326bb5ed611fd57c29ebabb81bd69bb0cffee25f82,1,155,1,169,1,293,1,293
transfer_cube,Gaussian recovery,7,96016,replan_16,1,1,0.012113288044929504,0.0,29d61090c0d0fbb0f550341080b03b1e41d69086231e79f78988eb8d2e5ac6b2,7fc58b620534bff5c41b3df57f97521da7a3abd6243c67da9b42a683b6160135,1,152,1,152,1,290,1,290
transfer_cube,Gaussian recovery,7,96017,nominal,1,1,0.013642936944961548,0.0,29d61090c0d0fbb0f550341080b03b1e41d69086231e79f78988eb8d2e5ac6b2,77bb62cf1ce3501d231028f53254583f17339df5ae37a4be07b620faabf7cf0a,1,153,1,153,1,223,1,223
transfer_cube,Gaussian recovery,7,96017,observation_noise,1,1,0.017001772299408913,0.010765066472813486,29d61090c0d0fbb0f550341080b03b1e41d69086231e79f78988eb8d2e5ac6b2,b5271b3511702d7c982e52f80c3b12b81f71471f1814e6edf085c08e944c764d,1,155,1,162,1,227,1,227
transfer_cube,Gaussian recovery,7,96017,noise_joints,1,1,0.015913523733615875,0.010013143415562809,29d61090c0d0fbb0f550341080b03b1e41d69086231e79f78988eb8d2e5ac6b2,895939cae36312cfb32ac7f0ab766eb4bde8b0e4c0eb231fa9627eb2cd352bb1,1,157,1,170,1,227,1,227
transfer_cube,Gaussian recovery,7,96017,noise_objects,1,1,0.014384131878614426,0.003993028075201437,29d61090c0d0fbb0f550341080b03b1e41d69086231e79f78988eb8d2e5ac6b2,1ce1141c7692966799826d59b44a2f2d861510bcf902ea341a3db19d7b4b042b,1,156,1,171,1,222,1,222
transfer_cube,Gaussian recovery,7,96017,noise_low_support,1,1,0.014937479048967361,0.007667196773691103,29d61090c0d0fbb0f550341080b03b1e41d69086231e79f78988eb8d2e5ac6b2,5b7a173406c89a1fedd79cf18ef8fb05ab60430eaca52c3ca7f345b27b922744,1,156,1,167,1,227,1,227
transfer_cube,Gaussian recovery,7,96017,noise_supported,1,1,0.014994385652244091,0.007508669118396938,29d61090c0d0fbb0f550341080b03b1e41d69086231e79f78988eb8d2e5ac6b2,f99e38b7fc33149af0aea5e5bdfe996c1e9959b240d9c33f3007721f582eef8b,1,157,1,161,1,257,1,257
transfer_cube,Gaussian recovery,7,96017,replan_1,0,0,0.04143199324607849,0.0,29d61090c0d0fbb0f550341080b03b1e41d69086231e79f78988eb8d2e5ac6b2,d6e611e2a9d756f10f07da14a8d012e83d5cd464b4e91b1197a766ceaae21d96,0,-1,0,-1,0,-1,0,-1
transfer_cube,Gaussian recovery,7,96017,replan_1_ensemble,1,1,0.008923425976123826,0.0,29d61090c0d0fbb0f550341080b03b1e41d69086231e79f78988eb8d2e5ac6b2,ecca29248d5e2d2a8ab51242c4ed0cc4a7c9121d02691f97fcead61de97ee121,1,162,1,166,1,229,1,229
transfer_cube,Gaussian recovery,7,96017,replan_16,1,1,0.012552187778055668,0.0,29d61090c0d0fbb0f550341080b03b1e41d69086231e79f78988eb8d2e5ac6b2,3ae779175d64cba510bfee28fa212af326668beeedd536c9452ba706951cb0d8,1,152,1,154,1,290,1,290
transfer_cube,Gaussian recovery,7,96018,nominal,1,1,0.013890577480196953,0.0,29d61090c0d0fbb0f550341080b03b1e41d69086231e79f78988eb8d2e5ac6b2,68584c8748d6332c32a695344592e25d257984466b3b1a03347570a70b563d12,1,151,1,157,1,287,1,287
transfer_cube,Gaussian recovery,7,96018,observation_noise,0,0,0.025581607595086098,0.010628781262785197,29d61090c0d0fbb0f550341080b03b1e41d69086231e79f78988eb8d2e5ac6b2,2732c51d83e06f32f4c7db27ba18aa76de925756efb7977567bf8b4957855fbe,1,151,1,157,0,-1,0,-1
transfer_cube,Gaussian recovery,7,96018,noise_joints,1,1,0.017058782279491425,0.009525458428543061,29d61090c0d0fbb0f550341080b03b1e41d69086231e79f78988eb8d2e5ac6b2,26fb2366ba16b3dc475c5ab0353934cf1584982116d87a78f7cc86722d6bffce,1,151,1,156,1,279,1,279
transfer_cube,Gaussian recovery,7,96018,noise_objects,1,1,0.014280090108513832,0.003406322609516792,29d61090c0d0fbb0f550341080b03b1e41d69086231e79f78988eb8d2e5ac6b2,998b1e8f4c2d892232b2812019b15703aea016c986e6632af51518b754b98a9a,1,148,1,157,1,288,1,288
transfer_cube,Gaussian recovery,7,96018,noise_low_support,1,1,0.016190797090530396,0.007247238641430159,29d61090c0d0fbb0f550341080b03b1e41d69086231e79f78988eb8d2e5ac6b2,9a78cc8a8214e9479f4c989b1adbf78733219dac39bcc6790eac00fd5918a553,1,149,1,156,1,275,1,275
transfer_cube,Gaussian recovery,7,96018,noise_supported,1,1,0.014383631758391857,0.007049599571619183,29d61090c0d0fbb0f550341080b03b1e41d69086231e79f78988eb8d2e5ac6b2,f7f23c52b47f2f70ae9c7027a5bacda52228728ed8b5c7ec6a9a75113c66d4e5,1,147,1,157,1,288,1,288
transfer_cube,Gaussian recovery,7,96018,replan_1,0,0,0.04108425974845886,0.0,29d61090c0d0fbb0f550341080b03b1e41d69086231e79f78988eb8d2e5ac6b2,2d43a4b8dabb71d5caafd963c5f5bc39d6e180d27ab7ad3265b39470d19d926e,0,-1,0,-1,0,-1,0,-1
transfer_cube,Gaussian recovery,7,96018,replan_1_ensemble,1,1,0.009250492506276395,0.0,29d61090c0d0fbb0f550341080b03b1e41d69086231e79f78988eb8d2e5ac6b2,240491c7974990f3fbd5a6f7f84da7254b17bc94daa2970f9e3ad85fbc89e0bf,1,150,1,161,1,288,1,288
transfer_cube,Gaussian recovery,7,96018,replan_16,1,1,0.013412917964160442,0.0,29d61090c0d0fbb0f550341080b03b1e41d69086231e79f78988eb8d2e5ac6b2,76746e21d368ef421600ff5ff0a0452d993e6d42326ebd318c301da2653a5550,1,150,1,157,1,289,1,289
transfer_cube,Gaussian recovery,7,96019,nominal,1,1,0.012374565936625004,0.0,29d61090c0d0fbb0f550341080b03b1e41d69086231e79f78988eb8d2e5ac6b2,aca351ba3405f0de39fc9144408a109adcabc2094e058832ad634f5973b7aafe,1,152,1,152,1,292,1,292
transfer_cube,Gaussian recovery,7,96019,observation_noise,1,1,0.014748837798833847,0.010202777502126992,29d61090c0d0fbb0f550341080b03b1e41d69086231e79f78988eb8d2e5ac6b2,8eddd5cef858f19782d04678bb493cc852ddd7027bd6c78292da4eefacfcd1aa,1,161,1,162,1,289,1,289
transfer_cube,Gaussian recovery,7,96019,noise_joints,1,1,0.01454850658774376,0.008867317223921417,29d61090c0d0fbb0f550341080b03b1e41d69086231e79f78988eb8d2e5ac6b2,642a7219993db65c97767c069eab406d26ee71f9301bb6eed68370576228306c,1,157,1,157,1,293,1,293
transfer_cube,Gaussian recovery,7,96019,noise_objects,1,1,0.012575339525938034,0.0041067454579751935,29d61090c0d0fbb0f550341080b03b1e41d69086231e79f78988eb8d2e5ac6b2,77e2a372d396a351885cc1933500dd0fc043f7a1415a120796b62b7bcc874eff,1,152,1,152,1,290,1,290
transfer_cube,Gaussian recovery,7,96019,noise_low_support,1,1,0.014076738618314266,0.006820247232972179,29d61090c0d0fbb0f550341080b03b1e41d69086231e79f78988eb8d2e5ac6b2,e0af9f2d91da3e5450ac63fbc4c67d9e688509cd33704f28b76b97b54bfc70d4,1,151,1,151,1,219,1,219
transfer_cube,Gaussian recovery,7,96019,noise_supported,1,1,0.013211681507527828,0.006884405328892171,29d61090c0d0fbb0f550341080b03b1e41d69086231e79f78988eb8d2e5ac6b2,c4cc1220dfacdc9ab12b70ac2f6ca6f0087c50b478c55ebe982ed60f6eb7a5dc,1,158,1,159,1,294,1,294
transfer_cube,Gaussian recovery,7,96019,replan_1,0,0,0.04949381202459335,0.0,29d61090c0d0fbb0f550341080b03b1e41d69086231e79f78988eb8d2e5ac6b2,155dae71f5f5d70a1aab3f0ce51a25a6d653a49d358ae613bd5d86ebaa0bf94a,0,-1,0,-1,0,-1,0,-1
transfer_cube,Gaussian recovery,7,96019,replan_1_ensemble,1,1,0.008647210775916733,0.0,29d61090c0d0fbb0f550341080b03b1e41d69086231e79f78988eb8d2e5ac6b2,2fdf512cde3206b6c969266a833f3ce1d890171ad49c6055d618ffe930a4ee38,1,156,1,166,1,294,1,294
transfer_cube,Gaussian recovery,7,96019,replan_16,1,1,0.012205589562654495,0.0,29d61090c0d0fbb0f550341080b03b1e41d69086231e79f78988eb8d2e5ac6b2,f28b68a1f1b1f6ac8eb99db4ac0e1016781d37032e59e0b79d15719c57795ba5,1,154,1,159,1,291,1,291
transfer_cube,Gaussian recovery,11,96000,nominal,1,1,0.013192384503781796,0.0,da016bfe5526c8303a53e59fb1a41df493e63c45a3a4e9226b7ca0bc2249e460,3b4a76b5addc9d8ba5be8b5507aed7759ca1e56ca0df95cbbe21ddfc46d09393,1,153,1,153,1,292,1,292
transfer_cube,Gaussian recovery,11,96000,observation_noise,1,1,0.015096942894160748,0.009789228644222022,da016bfe5526c8303a53e59fb1a41df493e63c45a3a4e9226b7ca0bc2249e460,5770b168e1b7e1efa2d74b0d3284ff3221ee8fc2703303ce19b6da3e77b1a7e0,1,145,1,145,1,292,1,292
transfer_cube,Gaussian recovery,11,96000,noise_joints,1,1,0.014959488995373249,0.008858895818702877,da016bfe5526c8303a53e59fb1a41df493e63c45a3a4e9226b7ca0bc2249e460,0c5f054987049988fbd761aca057a22f91667d8a0d03d1c726f013d957375bca,1,143,1,158,1,257,1,257
transfer_cube,Gaussian recovery,11,96000,noise_objects,1,1,0.013407832942903042,0.003313390036346391,da016bfe5526c8303a53e59fb1a41df493e63c45a3a4e9226b7ca0bc2249e460,8a0891e8ec7f1ff17ecbc32f376815fb3f8fcb48ed4a24efa562604bfe2d487e,1,148,1,152,1,291,1,291
transfer_cube,Gaussian recovery,11,96000,noise_low_support,1,1,0.014254533685743809,0.005966976712225005,da016bfe5526c8303a53e59fb1a41df493e63c45a3a4e9226b7ca0bc2249e460,bcc7eb851bd239bf5176a41c60b51275cba26ec7a815014b81365fb4c0e432fa,1,150,1,150,1,272,1,272
transfer_cube,Gaussian recovery,11,96000,noise_supported,1,1,0.01403677649796009,0.006418646858073771,da016bfe5526c8303a53e59fb1a41df493e63c45a3a4e9226b7ca0bc2249e460,d858494b7db6508a0285488609e5b34163822ec527505936a78ddaa8ba7c183f,1,145,1,150,1,241,1,241
transfer_cube,Gaussian recovery,11,96000,replan_1,1,1,0.020457755774259567,0.0,da016bfe5526c8303a53e59fb1a41df493e63c45a3a4e9226b7ca0bc2249e460,ce2c02ecef7ffc2ad3067e2bd78f5d2ed95ada12451cdcf374cd8c490006bc27,1,140,1,151,1,270,1,270
transfer_cube,Gaussian recovery,11,96000,replan_1_ensemble,1,1,0.008841185482889504,0.0,da016bfe5526c8303a53e59fb1a41df493e63c45a3a4e9226b7ca0bc2249e460,2917a54937a3a27b179eb5374d8cefd35dac3c809d4b0d94561aa63ac1543abf,1,148,1,149,1,240,1,240
transfer_cube,Gaussian recovery,11,96000,replan_16,1,1,0.013035929761826992,0.0,da016bfe5526c8303a53e59fb1a41df493e63c45a3a4e9226b7ca0bc2249e460,dcb760f8a41ff0afc1a4cddf29c2ff54c7d9890a47b2d5068c8e5caa3bb793dc,1,154,1,154,1,293,1,293
transfer_cube,Gaussian recovery,11,96001,nominal,1,1,0.012966200709342957,0.0,da016bfe5526c8303a53e59fb1a41df493e63c45a3a4e9226b7ca0bc2249e460,7203272cb12e7663ae22200150a485f0f47aff7f18e2a65b3bcf3f08ca784bbf,1,151,1,153,1,227,1,227
transfer_cube,Gaussian recovery,11,96001,observation_noise,1,1,0.015401910990476608,0.009636200848035514,da016bfe5526c8303a53e59fb1a41df493e63c45a3a4e9226b7ca0bc2249e460,ecdcb530284698ccda765bda54eb59a7da6826c92072e2c2bb5f09ea698a18a8,1,145,1,148,1,289,1,289
transfer_cube,Gaussian recovery,11,96001,noise_joints,1,1,0.01459826435893774,0.008534893593750894,da016bfe5526c8303a53e59fb1a41df493e63c45a3a4e9226b7ca0bc2249e460,b0e3450286f8307b7266ab685ec19a620b7b091945fee708876b587e9e3c07c7,1,145,1,148,1,292,1,292
transfer_cube,Gaussian recovery,11,96001,noise_objects,1,1,0.013441338203847408,0.0035221906437072903,da016bfe5526c8303a53e59fb1a41df493e63c45a3a4e9226b7ca0bc2249e460,489ed7f41654edc16ecc2076f1c5bc2de2942ff059de4b99a153eb7670ac5ed4,1,152,1,153,1,220,1,220
transfer_cube,Gaussian recovery,11,96001,noise_low_support,1,1,0.013872019946575165,0.005653824414475821,da016bfe5526c8303a53e59fb1a41df493e63c45a3a4e9226b7ca0bc2249e460,30c3380eaf09051d1f93e6c3665f9b2d17e26b28d0e7bd53d79cb6de84807658,1,153,1,154,1,297,1,297
transfer_cube,Gaussian recovery,11,96001,noise_supported,1,1,0.013849688693881035,0.006833465516101569,da016bfe5526c8303a53e59fb1a41df493e63c45a3a4e9226b7ca0bc2249e460,1a331818e4524210b1ea4e4933834db78cf8ae6f982447068c8bd335eb68f4a3,1,147,1,148,1,292,1,292
transfer_cube,Gaussian recovery,11,96001,replan_1,1,1,0.017202498391270638,0.0,da016bfe5526c8303a53e59fb1a41df493e63c45a3a4e9226b7ca0bc2249e460,4c41b5488f1d33134b07ee1f795d7aaccd717a0e63fdcd60b9e33712385720c4,1,154,1,159,1,226,1,226
transfer_cube,Gaussian recovery,11,96001,replan_1_ensemble,1,1,0.008810795286114746,0.0,da016bfe5526c8303a53e59fb1a41df493e63c45a3a4e9226b7ca0bc2249e460,287133a47807e769155348fa012de1b0dc3d7e2a420b24d87f468f95eac713ab,1,154,1,169,1,295,1,295
transfer_cube,Gaussian recovery,11,96001,replan_16,1,1,0.012443146668374538,0.0,da016bfe5526c8303a53e59fb1a41df493e63c45a3a4e9226b7ca0bc2249e460,af34d734fec6376d7009756e10a065993470b379989e6cf61e64c794bc3e1a77,1,154,1,154,1,293,1,293
transfer_cube,Gaussian recovery,11,96002,nominal,1,1,0.014064488001167774,0.0,da016bfe5526c8303a53e59fb1a41df493e63c45a3a4e9226b7ca0bc2249e460,e3922a02ca9b11eb1fda93a7be3e75d95908aaeb01c97abc6fba020ea1bb1527,1,152,1,152,1,224,1,224
transfer_cube,Gaussian recovery,11,96002,observation_noise,1,1,0.015182209201157093,0.008503485955297947,da016bfe5526c8303a53e59fb1a41df493e63c45a3a4e9226b7ca0bc2249e460,257cc09089cdec54271976cd44256a307346a86cc1313a861d6718f0cd555046,1,151,1,156,1,237,1,237
transfer_cube,Gaussian recovery,11,96002,noise_joints,1,1,0.014737283810973167,0.00805242508649826,da016bfe5526c8303a53e59fb1a41df493e63c45a3a4e9226b7ca0bc2249e460,f33083c79e24f2f7340a383e5f5c3cfa5f0181a71194ebe092783a0a4d422f4f,1,150,1,154,1,228,1,228
transfer_cube,Gaussian recovery,11,96002,noise_objects,1,1,0.014486048370599747,0.0029733199696056543,da016bfe5526c8303a53e59fb1a41df493e63c45a3a4e9226b7ca0bc2249e460,4a2a7a72b3cec0e982c45f8f7b7a227b8b09a311d2fa5e8b7bce58e1da9105da,1,149,1,153,1,229,1,229
transfer_cube,Gaussian recovery,11,96002,noise_low_support,1,1,0.0149746835231781,0.0056219242443330585,da016bfe5526c8303a53e59fb1a41df493e63c45a3a4e9226b7ca0bc2249e460,ac313a3c0a27e029236904fafd523af47c901aec39ed8b273d47570d9dcb2d08,1,153,1,154,1,225,1,225
transfer_cube,Gaussian recovery,11,96002,noise_supported,1,1,0.014787244610488415,0.006351866102777421,da016bfe5526c8303a53e59fb1a41df493e63c45a3a4e9226b7ca0bc2249e460,91fb3064689abacc646ee2508ea912e0cfd6679c9ee426eb52d7ee3a1cc2560f,1,152,1,153,1,229,1,229
transfer_cube,Gaussian recovery,11,96002,replan_1,1,1,0.016141215339303017,0.0,da016bfe5526c8303a53e59fb1a41df493e63c45a3a4e9226b7ca0bc2249e460,bc05cc9f6890ec394cbbde0e5fed058d34b117ad59895174436d1322167ca2ce,1,150,1,151,1,232,1,232
transfer_cube,Gaussian recovery,11,96002,replan_1_ensemble,0,0,0.009554853069224153,0.0,da016bfe5526c8303a53e59fb1a41df493e63c45a3a4e9226b7ca0bc2249e460,42db9fa058808373d6e8688c6fb3f21871a78a679abf5b3764f67fc72b038c10,0,-1,0,-1,0,-1,0,-1
transfer_cube,Gaussian recovery,11,96002,replan_16,1,1,0.012536773458123207,0.0,da016bfe5526c8303a53e59fb1a41df493e63c45a3a4e9226b7ca0bc2249e460,9b34dc54b50dc0d04e42b1a97543b895c33db7cf0d3ef3a48bb090dfcc16c40e,1,154,1,154,1,292,1,292
transfer_cube,Gaussian recovery,11,96003,nominal,0,0,0.04768111929297447,0.0,da016bfe5526c8303a53e59fb1a41df493e63c45a3a4e9226b7ca0bc2249e460,6f9c218711919287d6dce01b01bb3918845fdb69dd3d20b849358fa743bb097c,1,148,0,-1,0,-1,0,-1
transfer_cube,Gaussian recovery,11,96003,observation_noise,0,0,0.04720533639192581,0.016389695168472825,da016bfe5526c8303a53e59fb1a41df493e63c45a3a4e9226b7ca0bc2249e460,fdf3eb98e5e12d3162be60e3ed4a0d549e79831b2bfb240de90a3c0af5437180,0,-1,0,-1,0,-1,0,-1
transfer_cube,Gaussian recovery,11,96003,noise_joints,0,0,0.04821890592575073,0.015629836064763366,da016bfe5526c8303a53e59fb1a41df493e63c45a3a4e9226b7ca0bc2249e460,3ff8b8a8f7587047732a8e99381a376c893aea22e8d84bb74603557f198c7da2,0,-1,0,-1,0,-1,0,-1
transfer_cube,Gaussian recovery,11,96003,noise_objects,0,0,0.04750901833176613,0.0033509186783339828,da016bfe5526c8303a53e59fb1a41df493e63c45a3a4e9226b7ca0bc2249e460,0594025b89e21a9a47c1ccd1bfb9f9bf8b46aaaf8945104d1ff68776455bbbc6,1,148,0,-1,0,-1,0,-1
transfer_cube,Gaussian recovery,11,96003,noise_low_support,0,0,0.04478437080979347,0.012130675140069798,da016bfe5526c8303a53e59fb1a41df493e63c45a3a4e9226b7ca0bc2249e460,028a1e7362e9fc95ac4c06e72a761ed279507ede384c6607cb205296a9ad8ac1,0,-1,0,-1,0,-1,0,-1
transfer_cube,Gaussian recovery,11,96003,noise_supported,0,0,0.04885263368487358,0.009274929384700955,da016bfe5526c8303a53e59fb1a41df493e63c45a3a4e9226b7ca0bc2249e460,222efd17c8483d46116fdfc22957b69effaa19462e67ebb9aafe0ef4f15c0e84,0,-1,0,-1,0,-1,0,-1
transfer_cube,Gaussian recovery,11,96003,replan_1,0,0,0.009157000109553337,0.0,da016bfe5526c8303a53e59fb1a41df493e63c45a3a4e9226b7ca0bc2249e460,1460b4a1e314a3cdabaeccde1cfd31d085e07ea8d2e49a6d8721163bc0bcb893,0,-1,0,-1,0,-1,0,-1
transfer_cube,Gaussian recovery,11,96003,replan_1_ensemble,0,0,0.007707773727636226,0.0,da016bfe5526c8303a53e59fb1a41df493e63c45a3a4e9226b7ca0bc2249e460,e9f6567412778c4afe8f8af0abd659434ddeb54903e7e7ca6093cecbedd0a65a,0,-1,0,-1,0,-1,0,-1
transfer_cube,Gaussian recovery,11,96003,replan_16,0,0,0.049392834305763245,0.0,da016bfe5526c8303a53e59fb1a41df493e63c45a3a4e9226b7ca0bc2249e460,fd35288479d9ed6f9daae1535a4c74fffda3e95ae8de761e3785b0a70942c76d,1,142,0,-1,0,-1,0,-1
transfer_cube,Gaussian recovery,11,96004,nominal,0,0,0.034438058733940125,0.0,da016bfe5526c8303a53e59fb1a41df493e63c45a3a4e9226b7ca0bc2249e460,3028593152a94e2307eeec5455a055b5e150f2b093ac705a41725e46b205d5bf,1,162,0,-1,0,-1,0,-1
transfer_cube,Gaussian recovery,11,96004,observation_noise,1,1,0.029583074152469635,0.011813049986958504,da016bfe5526c8303a53e59fb1a41df493e63c45a3a4e9226b7ca0bc2249e460,3be789cd2244aa3f8720d82083cb17c086b2dc6a5c35ba4d81a56377a5e7c734,1,163,1,166,1,236,1,236
transfer_cube,Gaussian recovery,11,96004,noise_joints,0,0,0.03905930370092392,0.01267244759015739,da016bfe5526c8303a53e59fb1a41df493e63c45a3a4e9226b7ca0bc2249e460,7edd51840ec04dbc94c3ed9fd83c827ff0fca47f323e4705d93e05c9f7e551f5,1,163,1,166,0,-1,0,-1
transfer_cube,Gaussian recovery,11,96004,noise_objects,0,0,0.041786886751651764,0.0034689790284028275,da016bfe5526c8303a53e59fb1a41df493e63c45a3a4e9226b7ca0bc2249e460,844a12f1f9d194a7c7322536f8cb3da84221410fb902c808b3ce8d61a00b981b,0,-1,0,-1,0,-1,0,-1
transfer_cube,Gaussian recovery,11,96004,noise_low_support,1,1,0.023348964750766754,0.006825278930773493,da016bfe5526c8303a53e59fb1a41df493e63c45a3a4e9226b7ca0bc2249e460,a97e3e4b4df21c5cdfe700f9468ebfd62f47317c4ed284f3f147dae955b9abf6,1,161,1,161,1,288,1,288
transfer_cube,Gaussian recovery,11,96004,noise_supported,1,1,0.02167540043592453,0.007826626100577414,da016bfe5526c8303a53e59fb1a41df493e63c45a3a4e9226b7ca0bc2249e460,6193fcc3e047a5fe2602e485b98d0f1c0466732a6f6ae6deab3bd91d74c62e4e,1,170,1,176,1,285,1,285
transfer_cube,Gaussian recovery,11,96004,replan_1,0,0,0.008645117282867432,0.0,da016bfe5526c8303a53e59fb1a41df493e63c45a3a4e9226b7ca0bc2249e460,72dff879158c8337c1f2a4b1692284886e3b32bcddfa94533cfe9967bbe3caf7,0,-1,0,-1,0,-1,0,-1
transfer_cube,Gaussian recovery,11,96004,replan_1_ensemble,0,0,0.007535576533498594,0.0,da016bfe5526c8303a53e59fb1a41df493e63c45a3a4e9226b7ca0bc2249e460,556e6c4cb82c0eae52f760fbef036c50ccec020e5a6e50f2f450ecefc53e24db,0,-1,0,-1,0,-1,0,-1
transfer_cube,Gaussian recovery,11,96004,replan_16,1,1,0.014577450230717659,0.0,da016bfe5526c8303a53e59fb1a41df493e63c45a3a4e9226b7ca0bc2249e460,4488eb311d66c91b1e2fbe644221b7283a13f4482f437e7007e6b6021e8413ed,1,156,1,165,1,290,1,290
transfer_cube,Gaussian recovery,11,96005,nominal,1,1,0.015213132835924625,0.0,da016bfe5526c8303a53e59fb1a41df493e63c45a3a4e9226b7ca0bc2249e460,cc707b8779f15c5bc6ac4cdfe73117261d3a9a5624c9023f1d55e9671f64cc5b,1,152,1,152,1,229,1,229
transfer_cube,Gaussian recovery,11,96005,observation_noise,1,1,0.01683945581316948,0.00903869024477899,da016bfe5526c8303a53e59fb1a41df493e63c45a3a4e9226b7ca0bc2249e460,11d6b1bb4c86fe1cdd423fab61350242ac442b8b9c452a4d4a475c9cc3066357,1,154,1,154,1,227,1,227
transfer_cube,Gaussian recovery,11,96005,noise_joints,1,0,0.01701958477497101,0.008675193497911095,da016bfe5526c8303a53e59fb1a41df493e63c45a3a4e9226b7ca0bc2249e460,c0ad264c830cb92718ca7d384a7837667964e4db3760717864392c0fc1a1af57,1,153,1,153,1,222,1,222
transfer_cube,Gaussian recovery,11,96005,noise_objects,1,1,0.0152926379814744,0.0032229581673163922,da016bfe5526c8303a53e59fb1a41df493e63c45a3a4e9226b7ca0bc2249e460,a2ac8695450b2e4194cdd6eeb3f737dc5d40db1d47bcb8036140d55d8e97696a,1,153,1,160,1,223,1,223
transfer_cube,Gaussian recovery,11,96005,noise_low_support,1,1,0.015881581231951714,0.00447751229541609,da016bfe5526c8303a53e59fb1a41df493e63c45a3a4e9226b7ca0bc2249e460,12d82b0733b9da7db7f408f7549dadbcc153261b0cbbd6709436bba517a795cd,1,153,1,153,1,226,1,226
transfer_cube,Gaussian recovery,11,96005,noise_supported,1,1,0.01594310812652111,0.007222720137797296,da016bfe5526c8303a53e59fb1a41df493e63c45a3a4e9226b7ca0bc2249e460,0af8482765a15f73d9c317ae9828cedb633108d3c599a073e365f30e04450c32,1,154,1,154,1,227,1,227
transfer_cube,Gaussian recovery,11,96005,replan_1,0,0,0.006048088427633047,0.0,da016bfe5526c8303a53e59fb1a41df493e63c45a3a4e9226b7ca0bc2249e460,26b834cdb30c8bcb85ff12cba4022664a166261898438dc80f60884fcbe2df1b,0,-1,0,-1,0,-1,0,-1
transfer_cube,Gaussian recovery,11,96005,replan_1_ensemble,0,0,0.007756239509864586,0.0,da016bfe5526c8303a53e59fb1a41df493e63c45a3a4e9226b7ca0bc2249e460,fb97c2e3df17aa3214ce735a657d92903b935eb3318b666ba0923fde1310ac3f,0,-1,0,-1,0,-1,0,-1
transfer_cube,Gaussian recovery,11,96005,replan_16,1,1,0.013174530118703842,0.0,da016bfe5526c8303a53e59fb1a41df493e63c45a3a4e9226b7ca0bc2249e460,d40d1d813918c14b271257cb474ccec85331e626be5db31eb0557188a4274017,1,154,1,159,1,292,1,292
transfer_cube,Gaussian recovery,11,96006,nominal,1,1,0.015451513230800629,0.0,da016bfe5526c8303a53e59fb1a41df493e63c45a3a4e9226b7ca0bc2249e460,505bd6635cf66964a9603901bf49676cafe1393861727e8e3c6396d004730243,1,158,1,162,1,280,1,280
transfer_cube,Gaussian recovery,11,96006,observation_noise,1,1,0.01615157537162304,0.009160088142380118,da016bfe5526c8303a53e59fb1a41df493e63c45a3a4e9226b7ca0bc2249e460,e41624487f266db2c84d3ee6944acd80ba0904692322a354cfa417728717df15,1,155,1,160,1,219,1,219
transfer_cube,Gaussian recovery,11,96006,noise_joints,0,0,0.04157794639468193,0.011441975650377571,da016bfe5526c8303a53e59fb1a41df493e63c45a3a4e9226b7ca0bc2249e460,106043588ba2b0846f7737dad149ea4f1fe18cd10570235fbf523aaae86ec62f,1,161,0,-1,0,-1,0,-1
transfer_cube,Gaussian recovery,11,96006,noise_objects,1,1,0.015193459577858448,0.0029105453263036907,da016bfe5526c8303a53e59fb1a41df493e63c45a3a4e9226b7ca0bc2249e460,b6dad4f64f3b2dc9af4716f58f8b5d26d4313264de25dcc3170f99d2f327be96,1,157,1,162,1,281,1,281
transfer_cube,Gaussian recovery,11,96006,noise_low_support,1,1,0.015180239453911781,0.005605023423340754,da016bfe5526c8303a53e59fb1a41df493e63c45a3a4e9226b7ca0bc2249e460,abda417be7f4450361184ef9b4970b4dab6c9aa3918fd41507f75f773ce9179c,1,157,1,164,1,287,1,287
transfer_cube,Gaussian recovery,11,96006,noise_supported,1,1,0.016230681911110878,0.007125301356427372,da016bfe5526c8303a53e59fb1a41df493e63c45a3a4e9226b7ca0bc2249e460,edca7abaa46d7b1de40530c07d8cec72ed333eebcea1e19ebc8d89ac0a0477de,1,156,1,156,1,277,1,277
transfer_cube,Gaussian recovery,11,96006,replan_1,0,0,0.011143584735691547,0.0,da016bfe5526c8303a53e59fb1a41df493e63c45a3a4e9226b7ca0bc2249e460,e769d9a801e8def9fc6c87e83b664b6cb6f122f583b8c2ed7e1c8f71c75a2647,0,-1,0,-1,0,-1,0,-1
transfer_cube,Gaussian recovery,11,96006,replan_1_ensemble,0,0,0.0077924761812625,0.0,da016bfe5526c8303a53e59fb1a41df493e63c45a3a4e9226b7ca0bc2249e460,559cec1f618c723ad2307749bc3e64ba20c7ed2bb5c7310e92d28f02fe2c2633,0,-1,0,-1,0,-1,0,-1
transfer_cube,Gaussian recovery,11,96006,replan_16,1,1,0.014110369607806206,0.0,da016bfe5526c8303a53e59fb1a41df493e63c45a3a4e9226b7ca0bc2249e460,6047acecd1efa4830eeaf8b873884403525fa1bbbfec9e9f099f27b59d625347,1,162,1,163,1,290,1,290
transfer_cube,Gaussian recovery,11,96007,nominal,1,1,0.014777600765228271,0.0,da016bfe5526c8303a53e59fb1a41df493e63c45a3a4e9226b7ca0bc2249e460,0ab0f685eee1bf3ae8fb22c276616c3b20ef2de7357f8c9ce2422f7feeb893c2,1,154,1,157,1,286,1,286
transfer_cube,Gaussian recovery,11,96007,observation_noise,0,0,0.04468577355146408,0.013057913156226278,da016bfe5526c8303a53e59fb1a41df493e63c45a3a4e9226b7ca0bc2249e460,23af3445846999c73cb0eafea3b4288a837f7f10a3562753ef91f70e88397c0d,1,152,0,-1,0,-1,0,-1
transfer_cube,Gaussian recovery,11,96007,noise_joints,0,0,0.043587736785411835,0.01227358574513346,da016bfe5526c8303a53e59fb1a41df493e63c45a3a4e9226b7ca0bc2249e460,cbd46fe8d03f8b3fee853e969aa86646861de7f8a1828f755200d1f16f6ea06a,1,152,0,-1,0,-1,0,-1
transfer_cube,Gaussian recovery,11,96007,noise_objects,1,1,0.014971381984651089,0.0031196972716134043,da016bfe5526c8303a53e59fb1a41df493e63c45a3a4e9226b7ca0bc2249e460,6d3546fc7eda8dc8b07e53c2c24530b82a57464148f010fc58a062a27c17050f,1,150,1,154,1,285,1,285
transfer_cube,Gaussian recovery,11,96007,noise_low_support,0,0,0.04487937316298485,0.008651793486205862,da016bfe5526c8303a53e59fb1a41df493e63c45a3a4e9226b7ca0bc2249e460,ab38dfc925a6c1bbfa48d354b5e1921d07b9a0995044211cd6166f9551a5275a,1,153,0,-1,0,-1,0,-1
transfer_cube,Gaussian recovery,11,96007,noise_supported,1,1,0.015051878988742828,0.006747444551438093,da016bfe5526c8303a53e59fb1a41df493e63c45a3a4e9226b7ca0bc2249e460,c916ae7787bdb343acd6fdca0bdddf11c451d4ae581c92e8d5f646710636c65f,1,140,1,150,1,283,1,283
transfer_cube,Gaussian recovery,11,96007,replan_1,0,0,0.010259510017931461,0.0,da016bfe5526c8303a53e59fb1a41df493e63c45a3a4e9226b7ca0bc2249e460,bb42dc052bfdb9716b15a8207c3e0721b79ea599911e215d8eff828ecea17335,0,-1,0,-1,0,-1,0,-1
transfer_cube,Gaussian recovery,11,96007,replan_1_ensemble,0,0,0.007809311328897572,0.0,da016bfe5526c8303a53e59fb1a41df493e63c45a3a4e9226b7ca0bc2249e460,db664d5288d2301d9b0f3555a4d42d7aecd05dc44fa1345936316d22b781f360,0,-1,0,-1,0,-1,0,-1
transfer_cube,Gaussian recovery,11,96007,replan_16,1,1,0.014183378778398037,0.0,da016bfe5526c8303a53e59fb1a41df493e63c45a3a4e9226b7ca0bc2249e460,f2232bc9f18b02cd9691dd06ba9078463df887ea5d2fa12571d30b65b17d3deb,1,155,1,162,1,291,1,291
transfer_cube,Gaussian recovery,11,96008,nominal,0,0,0.028684398159384727,0.0,da016bfe5526c8303a53e59fb1a41df493e63c45a3a4e9226b7ca0bc2249e460,3f566f25ae9b037beaee1561b9b91516b6c3cb9d7fcc02aa420623fc28f96a58,1,155,1,157,0,-1,0,-1
transfer_cube,Gaussian recovery,11,96008,observation_noise,0,0,0.032799750566482544,0.010441192628350108,da016bfe5526c8303a53e59fb1a41df493e63c45a3a4e9226b7ca0bc2249e460,d6f6592444d3009c84038b4cd1bf9d4c7791015b9d7b0ab83b8682ed5232635e,1,157,0,-1,0,-1,0,-1
transfer_cube,Gaussian recovery,11,96008,noise_joints,1,1,0.015714693814516068,0.007951977024786174,da016bfe5526c8303a53e59fb1a41df493e63c45a3a4e9226b7ca0bc2249e460,c41aee05039ea2f494b68fd53beb4e11ead1fdd90f7d107aed19d006ab8a081f,1,161,1,164,1,282,1,282
transfer_cube,Gaussian recovery,11,96008,noise_objects,0,0,0.03308334946632385,0.0035127905861008914,da016bfe5526c8303a53e59fb1a41df493e63c45a3a4e9226b7ca0bc2249e460,1a85bed4542bc935bec5642cb145f69983574081efa2610a869c305892940ee8,0,-1,0,-1,0,-1,0,-1
transfer_cube,Gaussian recovery,11,96008,noise_low_support,0,0,0.02900579571723938,0.006884931136555679,da016bfe5526c8303a53e59fb1a41df493e63c45a3a4e9226b7ca0bc2249e460,b5c53148e7764d3b9743a9ae6928bb964e478e53968091c1e484004833977e30,1,153,1,154,0,-1,0,-1
transfer_cube,Gaussian recovery,11,96008,noise_supported,1,1,0.016102056950330734,0.0070865304302424196,da016bfe5526c8303a53e59fb1a41df493e63c45a3a4e9226b7ca0bc2249e460,e5f9e52545c41cd0eb3dd17c3d656c9b50e843cc7b5ecbacd5f305e9f2934a32,1,164,1,164,1,280,1,280
transfer_cube,Gaussian recovery,11,96008,replan_1,0,0,0.008405866101384163,0.0,da016bfe5526c8303a53e59fb1a41df493e63c45a3a4e9226b7ca0bc2249e460,0c9b84de105d97468aff85ad27dcc2773797fd0cb2c96dc39ed2e2c90aec642e,0,-1,0,-1,0,-1,0,-1
transfer_cube,Gaussian recovery,11,96008,replan_1_ensemble,0,0,0.00767994550408439,0.0,da016bfe5526c8303a53e59fb1a41df493e63c45a3a4e9226b7ca0bc2249e460,389c78deb84753da053195deeb9b3d724a8849a67d72580d796b4ce749a00f11,0,-1,0,-1,0,-1,0,-1
transfer_cube,Gaussian recovery,11,96008,replan_16,1,1,0.01370464451611042,0.0,da016bfe5526c8303a53e59fb1a41df493e63c45a3a4e9226b7ca0bc2249e460,6375d6b8ffc80c0e1fb8b97fe46dc1f3cbe6cc6f6f5bef1379ba92e0ac08b6e3,1,161,1,166,1,290,1,290
transfer_cube,Gaussian recovery,11,96009,nominal,1,1,0.014011026360094547,0.0,da016bfe5526c8303a53e59fb1a41df493e63c45a3a4e9226b7ca0bc2249e460,291f4b0f928b92eb7bafc858ca92cc58efff15f2c697409111289a64fc0dda6a,1,154,1,160,1,227,1,227
transfer_cube,Gaussian recovery,11,96009,observation_noise,1,1,0.015687106177210808,0.009761536060832441,da016bfe5526c8303a53e59fb1a41df493e63c45a3a4e9226b7ca0bc2249e460,85c0ff75bf51892187aee03ab27876121582b8415575f293923d306b444c342d,1,155,1,159,1,260,1,260
transfer_cube,Gaussian recovery,11,96009,noise_joints,1,1,0.015322758816182613,0.00893042053328827,da016bfe5526c8303a53e59fb1a41df493e63c45a3a4e9226b7ca0bc2249e460,c4aa34df04b7907062ae0de79b45b627f20ce9f0c6bf36fc46113b7053297a5d,1,154,1,160,1,236,1,236
transfer_cube,Gaussian recovery,11,96009,noise_objects,1,1,0.014021920040249825,0.003342421127599664,da016bfe5526c8303a53e59fb1a41df493e63c45a3a4e9226b7ca0bc2249e460,11758f3ba3d3bc503d848e5ca35febfc3666abc23785edabcd55f23e5f4e2b45,1,150,1,160,1,249,1,249
transfer_cube,Gaussian recovery,11,96009,noise_low_support,1,1,0.014832079410552979,0.005660146333684679,da016bfe5526c8303a53e59fb1a41df493e63c45a3a4e9226b7ca0bc2249e460,4e21fd7f58667081bfbe6bde300f6e7dd9bf519028b59ef97f88090e2cb3c84b,1,154,1,160,1,227,1,227
transfer_cube,Gaussian recovery,11,96009,noise_supported,1,1,0.014733351767063141,0.0076218613819219174,da016bfe5526c8303a53e59fb1a41df493e63c45a3a4e9226b7ca0bc2249e460,cdec2a90cde7b3d7fe6ed68bd3ab76fb5fc4a47b09332e43df1f4f9b650e18e3,1,158,1,161,1,287,1,287
transfer_cube,Gaussian recovery,11,96009,replan_1,0,0,0.006575132720172405,0.0,da016bfe5526c8303a53e59fb1a41df493e63c45a3a4e9226b7ca0bc2249e460,a7fc8201ce5e3e0e4e684b2b3de4a39be77ab2fd544cc9568f811f4516ddbb70,0,-1,0,-1,0,-1,0,-1
transfer_cube,Gaussian recovery,11,96009,replan_1_ensemble,0,0,0.007765088923208465,0.0,da016bfe5526c8303a53e59fb1a41df493e63c45a3a4e9226b7ca0bc2249e460,b5e01dad7db323d0e3dd4aa4f998616a927be9c5139c055683f6f67c602321ff,0,-1,0,-1,0,-1,0,-1
transfer_cube,Gaussian recovery,11,96009,replan_16,1,1,0.012865012511610985,0.0,da016bfe5526c8303a53e59fb1a41df493e63c45a3a4e9226b7ca0bc2249e460,108aecc47c7753cdf5a50187ea2eb1dd178c17aad37c259b266e39121ce23403,1,153,1,159,1,292,1,292
transfer_cube,Gaussian recovery,11,96010,nominal,1,1,0.0128643112257123,0.0,da016bfe5526c8303a53e59fb1a41df493e63c45a3a4e9226b7ca0bc2249e460,4c78094b45c1654ec5ed69ba89942a5e5e108035d3a95d3e5a498629aca29200,1,154,1,154,1,289,1,289
transfer_cube,Gaussian recovery,11,96010,observation_noise,1,1,0.015268798917531967,0.009340131282806396,da016bfe5526c8303a53e59fb1a41df493e63c45a3a4e9226b7ca0bc2249e460,577deeaa7cc349870221c95a7281861b5a390b590e5ddc48324a768ee9309b8b,1,159,1,163,1,288,1,288
transfer_cube,Gaussian recovery,11,96010,noise_joints,1,1,0.015182550065219402,0.009104028842411935,da016bfe5526c8303a53e59fb1a41df493e63c45a3a4e9226b7ca0bc2249e460,0f42bc94311d30e625e959a96b73de9b9d1e16a7485177f87ff2672901d9a7e5,1,161,1,164,1,287,1,287
transfer_cube,Gaussian recovery,11,96010,noise_objects,1,1,0.013111108914017677,0.0033423649228643626,da016bfe5526c8303a53e59fb1a41df493e63c45a3a4e9226b7ca0bc2249e460,f33e7df6d7afa1a325bb9533b2d440909cfb8fd962e3e5d0052f6638ee90f350,1,152,1,161,1,290,1,290
transfer_cube,Gaussian recovery,11,96010,noise_low_support,1,1,0.014024889096617699,0.0058195110954693515,da016bfe5526c8303a53e59fb1a41df493e63c45a3a4e9226b7ca0bc2249e460,a2f0d36aadd472f1a730ebc84d5908305684c2be1032bfe6c02de3731abf05ad,1,153,1,154,1,291,1,291
transfer_cube,Gaussian recovery,11,96010,noise_supported,1,1,0.01396410446614027,0.0060700779920443895,da016bfe5526c8303a53e59fb1a41df493e63c45a3a4e9226b7ca0bc2249e460,c2dc7b74567775bc2e7da067bfd391e39a0019dd92ca48199af6258437cd734c,1,159,1,160,1,285,1,285
transfer_cube,Gaussian recovery,11,96010,replan_1,0,0,0.00823841243982315,0.0,da016bfe5526c8303a53e59fb1a41df493e63c45a3a4e9226b7ca0bc2249e460,910172518f701801e0be84900dfe38801e8984bcbc6c35cc6b780ca53fed563f,0,-1,0,-1,0,-1,0,-1
transfer_cube,Gaussian recovery,11,96010,replan_1_ensemble,0,0,0.008406091843166642,0.0,da016bfe5526c8303a53e59fb1a41df493e63c45a3a4e9226b7ca0bc2249e460,832a5fbffbea33c89257ca2579ae85cffbfa1bb10d3a45961eb15c3bef7be2e7,0,-1,0,-1,0,-1,0,-1
transfer_cube,Gaussian recovery,11,96010,replan_16,1,1,0.012639611028134823,0.0,da016bfe5526c8303a53e59fb1a41df493e63c45a3a4e9226b7ca0bc2249e460,6d3c316327afe757d88f6ebc09c6c0d965163f9fe91adff8af9ee094bce360e9,1,154,1,158,1,292,1,292
transfer_cube,Gaussian recovery,11,96011,nominal,1,1,0.012803826481103897,0.0,da016bfe5526c8303a53e59fb1a41df493e63c45a3a4e9226b7ca0bc2249e460,d950b925489c3e40f945657450e4d4f6fa4d226846e48c63611e01cf18ed8bb3,1,152,1,154,1,249,1,249
transfer_cube,Gaussian recovery,11,96011,observation_noise,1,1,0.014985508285462856,0.0083658448420465,da016bfe5526c8303a53e59fb1a41df493e63c45a3a4e9226b7ca0bc2249e460,62ee072d403e5f2e4cda6ca89ddce8a1778f64b80e3ad5b25c46023b419726dc,1,153,1,153,1,296,1,296
transfer_cube,Gaussian recovery,11,96011,noise_joints,1,1,0.014705970883369446,0.007755481628701091,da016bfe5526c8303a53e59fb1a41df493e63c45a3a4e9226b7ca0bc2249e460,47f89a515b3ec520c171268c6bcfff73d5fc197e623b93edb998a3106f1fd979,1,154,1,154,1,294,1,294
transfer_cube,Gaussian recovery,11,96011,noise_objects,1,1,0.013603130355477333,0.0032198791165137662,da016bfe5526c8303a53e59fb1a41df493e63c45a3a4e9226b7ca0bc2249e460,1050664810e9a3e03af585abd3adb5904bc71bd40eecd9c59942ad31e258cc44,1,152,1,154,1,225,1,225
transfer_cube,Gaussian recovery,11,96011,noise_low_support,1,1,0.013834097422659397,0.003950116502528545,da016bfe5526c8303a53e59fb1a41df493e63c45a3a4e9226b7ca0bc2249e460,3ae73d51ccdc89e3508df2980ac3c71127b964fe72d06de7c56e96939151a524,1,153,1,153,1,297,1,297
transfer_cube,Gaussian recovery,11,96011,noise_supported,1,1,0.013961976394057274,0.007148318830877543,da016bfe5526c8303a53e59fb1a41df493e63c45a3a4e9226b7ca0bc2249e460,24cd1460e1accdc474f1e69fb7e252be5c16b71d7dbced1546ad3feafed8ab5c,1,153,1,153,1,289,1,289
transfer_cube,Gaussian recovery,11,96011,replan_1,1,1,0.016172561794519424,0.0,da016bfe5526c8303a53e59fb1a41df493e63c45a3a4e9226b7ca0bc2249e460,033eadfffc6887d7c945c330a1e1ae7d4bd32b660d1795587c7323b9b8c40889,1,153,1,164,1,227,1,227
transfer_cube,Gaussian recovery,11,96011,replan_1_ensemble,0,0,0.009251393425732635,0.0,da016bfe5526c8303a53e59fb1a41df493e63c45a3a4e9226b7ca0bc2249e460,5630cafb740b9bcd27be6518ee0ecb3db8f0bda11c38701748952e09a03ee027,0,-1,0,-1,0,-1,0,-1
transfer_cube,Gaussian recovery,11,96011,replan_16,1,1,0.012433973141014576,0.0,da016bfe5526c8303a53e59fb1a41df493e63c45a3a4e9226b7ca0bc2249e460,3cc8b58c6c4dae0386e7f34c988db93fd3048856d81038859896438a73caf16a,1,154,1,160,1,291,1,291
transfer_cube,Gaussian recovery,11,96012,nominal,1,1,0.014482670463621616,0.0,da016bfe5526c8303a53e59fb1a41df493e63c45a3a4e9226b7ca0bc2249e460,0a1fd62304899109ca6cf9aa02b56bf3dded6a1e73f0e631efa77240178d7793,1,156,1,157,1,287,1,287
transfer_cube,Gaussian recovery,11,96012,observation_noise,1,1,0.016850465908646584,0.010293216030113399,da016bfe5526c8303a53e59fb1a41df493e63c45a3a4e9226b7ca0bc2249e460,1ed00d1c23483daad7a6d7082d1e613e2e7e357aa8677601b35c95c5d1a0708b,1,148,1,155,1,287,1,287
transfer_cube,Gaussian recovery,11,96012,noise_joints,1,1,0.016304949298501015,0.009701604857109487,da016bfe5526c8303a53e59fb1a41df493e63c45a3a4e9226b7ca0bc2249e460,f9997984e5463732eb517e6fa07113017f15df48b421c1b559005c86c22e4b14,1,146,1,151,1,285,1,285
transfer_cube,Gaussian recovery,11,96012,noise_objects,1,1,0.01502485852688551,0.003120801826589741,da016bfe5526c8303a53e59fb1a41df493e63c45a3a4e9226b7ca0bc2249e460,cf8b7285877347af86269fa61bd8464241c559e1ade3cd1070d64d262aacf22b,1,153,1,157,1,285,1,285
transfer_cube,Gaussian recovery,11,96012,noise_low_support,1,1,0.016145600005984306,0.00730261693650391,da016bfe5526c8303a53e59fb1a41df493e63c45a3a4e9226b7ca0bc2249e460,9be163dc6531f89ae715bc05bdb1531f29173e0111943028c7f442a92389153a,1,148,1,157,1,290,1,290
transfer_cube,Gaussian recovery,11,96012,noise_supported,1,1,0.01570351980626583,0.0074895160947926346,da016bfe5526c8303a53e59fb1a41df493e63c45a3a4e9226b7ca0bc2249e460,20ac18a6eb4bee0dbb58b60dad946ee3a75cfa1d6cd4e3694b2bff0f1b667fee,1,150,1,157,1,285,1,285
transfer_cube,Gaussian recovery,11,96012,replan_1,0,0,0.010142954997718334,0.0,da016bfe5526c8303a53e59fb1a41df493e63c45a3a4e9226b7ca0bc2249e460,941c4c5199dc0f2f1a38d71a450527ab3a872119638a03a970e49f3d07d9fc8b,0,-1,0,-1,0,-1,0,-1
transfer_cube,Gaussian recovery,11,96012,replan_1_ensemble,0,0,0.007824929935101884,0.0,da016bfe5526c8303a53e59fb1a41df493e63c45a3a4e9226b7ca0bc2249e460,7b51b63a1a87ad0e983add3da7b89cc7121daa33c051b83e566eee1bfb6499c6,0,-1,0,-1,0,-1,0,-1
transfer_cube,Gaussian recovery,11,96012,replan_16,1,1,0.013977457769215107,0.0,da016bfe5526c8303a53e59fb1a41df493e63c45a3a4e9226b7ca0bc2249e460,5bcdc9c7dd520c83b970a139ff575b6a97c63624b6b6318f6292a2ebb8cd5f86,1,155,1,155,1,291,1,291
transfer_cube,Gaussian recovery,11,96013,nominal,1,1,0.012823212891817093,0.0,da016bfe5526c8303a53e59fb1a41df493e63c45a3a4e9226b7ca0bc2249e460,85da670bb061039a5f03d5c0aaa58ee373a6a8101a591c78acba98a1220976e5,1,153,1,154,1,289,1,289
transfer_cube,Gaussian recovery,11,96013,observation_noise,1,1,0.014512298628687859,0.009075132466387003,da016bfe5526c8303a53e59fb1a41df493e63c45a3a4e9226b7ca0bc2249e460,f61d7edcb3a1b6036f8c25acb295017023e78a39ff9ceff28d8ac378feb6cd32,1,154,1,154,1,286,1,286
transfer_cube,Gaussian recovery,11,96013,noise_joints,1,1,0.014571117237210274,0.008190483143553138,da016bfe5526c8303a53e59fb1a41df493e63c45a3a4e9226b7ca0bc2249e460,c8baf768bbb934741f4853c68d5bac6b0eafeddb86d6b5af5e76b6bbf48342e4,1,154,1,154,1,282,1,282
transfer_cube,Gaussian recovery,11,96013,noise_objects,1,1,0.012883215211331844,0.0032216552912723274,da016bfe5526c8303a53e59fb1a41df493e63c45a3a4e9226b7ca0bc2249e460,f4d190c4ab2f950169a434eaff3d37467463f9ffd64a1a5d2c32a2ed0efdc97e,1,153,1,154,1,290,1,290
transfer_cube,Gaussian recovery,11,96013,noise_low_support,1,1,0.01396528072655201,0.005427614799700677,da016bfe5526c8303a53e59fb1a41df493e63c45a3a4e9226b7ca0bc2249e460,abb2c525a6268bb162627cbb2951f7e978281a7c678c96528d4d8ee9224b0df7,1,153,1,154,1,285,1,285
transfer_cube,Gaussian recovery,11,96013,noise_supported,1,1,0.013251496478915215,0.006666331714950502,da016bfe5526c8303a53e59fb1a41df493e63c45a3a4e9226b7ca0bc2249e460,71fa8e6844663bd1f3f0e1ec5fe0356af6ddb8f1ce35b7d3e2de88d171e13fc9,1,155,1,156,1,292,1,292
transfer_cube,Gaussian recovery,11,96013,replan_1,0,0,0.009401110000908375,0.0,da016bfe5526c8303a53e59fb1a41df493e63c45a3a4e9226b7ca0bc2249e460,c094dd2550977c6408295a295184a0c2b65a8aa5434539066b8af8a72d07a198,0,-1,0,-1,0,-1,0,-1
transfer_cube,Gaussian recovery,11,96013,replan_1_ensemble,0,0,0.008683604205876085,0.0,da016bfe5526c8303a53e59fb1a41df493e63c45a3a4e9226b7ca0bc2249e460,f86c10ec725cc119a5b82fb0e061b8128a061fb9050cfe292735db63efa0ab7f,0,-1,0,-1,0,-1,0,-1
transfer_cube,Gaussian recovery,11,96013,replan_16,1,1,0.012569911777973175,0.0,da016bfe5526c8303a53e59fb1a41df493e63c45a3a4e9226b7ca0bc2249e460,9bdc9cd1a6c6ff9ac21ee016ec9fd19ec50faf93524df3b5a0bcf6d21d092cac,1,155,1,158,1,292,1,292
transfer_cube,Gaussian recovery,11,96014,nominal,1,1,0.012938196770846844,0.0,da016bfe5526c8303a53e59fb1a41df493e63c45a3a4e9226b7ca0bc2249e460,8fa5e8a03944d6afa3f2f7ec4843f4bf3a68030bec7fcec1a372e48d5656657f,1,154,1,154,1,289,1,289
transfer_cube,Gaussian recovery,11,96014,observation_noise,1,1,0.015373644419014454,0.009487960180267692,da016bfe5526c8303a53e59fb1a41df493e63c45a3a4e9226b7ca0bc2249e460,0c0f9c17722b8ee690a045c4128d87bdaa673c01398431e59d4562d4dd03406e,1,151,1,156,1,276,1,276
transfer_cube,Gaussian recovery,11,96014,noise_joints,1,1,0.015186174772679806,0.008674477823078633,da016bfe5526c8303a53e59fb1a41df493e63c45a3a4e9226b7ca0bc2249e460,4bc58db4a86e3e66c4b2fe46114b649be2d775b3daa36a1575f4486cdff4b51c,1,153,1,153,1,276,1,276
transfer_cube,Gaussian recovery,11,96014,noise_objects,1,1,0.013281394727528095,0.003147279251134023,da016bfe5526c8303a53e59fb1a41df493e63c45a3a4e9226b7ca0bc2249e460,ee326f9c1fc894a5fa645903deace88a2c2109ff0b6ae1a3ac59920f9203897a,1,152,1,162,1,289,1,289
transfer_cube,Gaussian recovery,11,96014,noise_low_support,1,1,0.014100149273872375,0.005600251492578537,da016bfe5526c8303a53e59fb1a41df493e63c45a3a4e9226b7ca0bc2249e460,77021e509b93b234de1d4f253a32c948b5c7104c7934fbaf2d38adb0692b3fc9,1,153,1,156,1,276,1,276
transfer_cube,Gaussian recovery,11,96014,noise_supported,1,1,0.0146327568218112,0.0069713006773963575,da016bfe5526c8303a53e59fb1a41df493e63c45a3a4e9226b7ca0bc2249e460,fcc429f4cb7ae7d7e30c74cf8ce88be03771fa8459404fd91e61034b36276087,1,157,1,157,1,289,1,289
transfer_cube,Gaussian recovery,11,96014,replan_1,0,0,0.00840774830430746,0.0,da016bfe5526c8303a53e59fb1a41df493e63c45a3a4e9226b7ca0bc2249e460,5ba9f268738f51b4024acf2fe5c0908596c8cf41afa0cb3566b2ef93cf680cec,0,-1,0,-1,0,-1,0,-1
transfer_cube,Gaussian recovery,11,96014,replan_1_ensemble,0,0,0.00827627664720216,0.0,da016bfe5526c8303a53e59fb1a41df493e63c45a3a4e9226b7ca0bc2249e460,46d953291e77bd4f586c9d7ad17d3d99c0ded0607282b822d9d42f52203a7d51,0,-1,0,-1,0,-1,0,-1
transfer_cube,Gaussian recovery,11,96014,replan_16,1,1,0.012711266055703163,0.0,da016bfe5526c8303a53e59fb1a41df493e63c45a3a4e9226b7ca0bc2249e460,381407355e891404fc71d76dfd06acee8c21af6e8465a57efd85ca909aa8bfd5,1,155,1,158,1,291,1,291
transfer_cube,Gaussian recovery,11,96015,nominal,1,1,0.013000121340155602,0.0,da016bfe5526c8303a53e59fb1a41df493e63c45a3a4e9226b7ca0bc2249e460,1801721593e287375d40791e2c36c9406dc1accbfb44f281be46906920e3d04c,1,149,1,154,1,293,1,293
transfer_cube,Gaussian recovery,11,96015,observation_noise,1,1,0.014319393783807755,0.009075704119168223,da016bfe5526c8303a53e59fb1a41df493e63c45a3a4e9226b7ca0bc2249e460,5b50c6572f5b6f60aa8f3a36ffb3d13358bf15fe7024a54354cb38da3a6a7943,1,156,1,156,1,281,1,281
transfer_cube,Gaussian recovery,11,96015,noise_joints,1,1,0.013950610533356667,0.007544483998790383,da016bfe5526c8303a53e59fb1a41df493e63c45a3a4e9226b7ca0bc2249e460,e8de16478cf56ae4c844fe5855d614a8ade00539eac5b27ec84cb48346375ac9,1,156,1,156,1,284,1,284
transfer_cube,Gaussian recovery,11,96015,noise_objects,1,1,0.013375431299209595,0.0037697723612654956,da016bfe5526c8303a53e59fb1a41df493e63c45a3a4e9226b7ca0bc2249e460,204646ea5a08632db51b4ecdffc0bac603063df143a7cc3eebdd6ccf038c016b,1,153,1,156,1,290,1,290
transfer_cube,Gaussian recovery,11,96015,noise_low_support,1,1,0.013834482058882713,0.004128682613445562,da016bfe5526c8303a53e59fb1a41df493e63c45a3a4e9226b7ca0bc2249e460,c1edfecb82e13e29e3d9e1ca5afe60f71b11e374c993c0b80a5bf583bbfdc949,1,153,1,154,1,287,1,287
transfer_cube,Gaussian recovery,11,96015,noise_supported,1,1,0.01355892326682806,0.007564317677170038,da016bfe5526c8303a53e59fb1a41df493e63c45a3a4e9226b7ca0bc2249e460,40bac73cb81de51d8a37575eaa7a77379b2286a12994d55825a59543990a3081,1,152,1,156,1,288,1,288
transfer_cube,Gaussian recovery,11,96015,replan_1,1,1,0.01837998814880848,0.0,da016bfe5526c8303a53e59fb1a41df493e63c45a3a4e9226b7ca0bc2249e460,dc878879425e5f1ed72e0f94d7c39f746c73f9730241c5d9ad8bdb9b02fd389d,1,150,1,163,1,217,1,217
transfer_cube,Gaussian recovery,11,96015,replan_1_ensemble,1,1,0.008730636262763845,0.0,da016bfe5526c8303a53e59fb1a41df493e63c45a3a4e9226b7ca0bc2249e460,ae0cf4d5cf22c09da6b00e33de9e62f0a8dbf40e925785ef6c41d4c9002d6f91,1,151,1,171,1,292,1,292
transfer_cube,Gaussian recovery,11,96015,replan_16,1,1,0.012432516552507877,0.0,da016bfe5526c8303a53e59fb1a41df493e63c45a3a4e9226b7ca0bc2249e460,ca4d7c43e094e2cd6af3c91357881d7c15f7f42e2011d34fe229fc3b22c0f40b,1,152,1,154,1,292,1,292
transfer_cube,Gaussian recovery,11,96016,nominal,1,1,0.012813970446586609,0.0,da016bfe5526c8303a53e59fb1a41df493e63c45a3a4e9226b7ca0bc2249e460,1a5fb7ebabfb40efe41cae92a08601047476f013a2d8cb586c656fdd5e577d8f,1,153,1,156,1,289,1,289
transfer_cube,Gaussian recovery,11,96016,observation_noise,1,1,0.014212881214916706,0.00828076973091811,da016bfe5526c8303a53e59fb1a41df493e63c45a3a4e9226b7ca0bc2249e460,9c93dfb7b1bfbdba8ace964825e2144c347c66e14338fcdadb89d5ac471fd541,1,152,1,156,1,285,1,285
transfer_cube,Gaussian recovery,11,96016,noise_joints,1,1,0.013842431828379631,0.007154734688811004,da016bfe5526c8303a53e59fb1a41df493e63c45a3a4e9226b7ca0bc2249e460,e49ca3d5a24434f8e10a9ed62cc8cf049d2e7c50b01552a8f628519aaa593ca0,1,152,1,156,1,287,1,287
transfer_cube,Gaussian recovery,11,96016,noise_objects,1,1,0.013130087405443192,0.0033654757379554213,da016bfe5526c8303a53e59fb1a41df493e63c45a3a4e9226b7ca0bc2249e460,cf01cd0efbab94f82fb61165ddd427792a50157d1ae630f23d0158374c61ac08,1,154,1,154,1,288,1,288
transfer_cube,Gaussian recovery,11,96016,noise_low_support,1,1,0.013351721689105034,0.003785732444084715,da016bfe5526c8303a53e59fb1a41df493e63c45a3a4e9226b7ca0bc2249e460,31ee75bcf7185eeeb412328176093f0f06372a05d5161cce09041d17c890a82a,1,154,1,154,1,287,1,287
transfer_cube,Gaussian recovery,11,96016,noise_supported,1,1,0.013766391202807426,0.006583488949108869,da016bfe5526c8303a53e59fb1a41df493e63c45a3a4e9226b7ca0bc2249e460,293fa51845e90ad33742a4281ee038964bdc9089929d88dadb95492688b8b7e0,1,151,1,156,1,288,1,288
transfer_cube,Gaussian recovery,11,96016,replan_1,0,0,0.018881790339946747,0.0,da016bfe5526c8303a53e59fb1a41df493e63c45a3a4e9226b7ca0bc2249e460,271c90de427131ca6661cfc26096d659936b09bea00c3905116fb8dcf702414d,0,-1,0,-1,0,-1,0,-1
transfer_cube,Gaussian recovery,11,96016,replan_1_ensemble,0,0,0.008996229705130667,0.0,da016bfe5526c8303a53e59fb1a41df493e63c45a3a4e9226b7ca0bc2249e460,f88eccb9dd2b81bfc85eb8b4117182b334ef8f130605394d64e898fb9fb91b2e,0,-1,0,-1,0,-1,0,-1
transfer_cube,Gaussian recovery,11,96016,replan_16,1,1,0.0125184440985322,0.0,da016bfe5526c8303a53e59fb1a41df493e63c45a3a4e9226b7ca0bc2249e460,9802d988634d8a0163e5efaac45872305b512dd958b8a904c979218d88e25bb7,1,153,1,160,1,293,1,293
transfer_cube,Gaussian recovery,11,96017,nominal,1,1,0.013926259241998196,0.0,da016bfe5526c8303a53e59fb1a41df493e63c45a3a4e9226b7ca0bc2249e460,e6b99011ea21a0e43bd99a457cb4cbef621694f2afec6f83b4f6de5eae5a717a,1,151,1,153,1,227,1,227
transfer_cube,Gaussian recovery,11,96017,observation_noise,1,1,0.016712777316570282,0.010563926445320249,da016bfe5526c8303a53e59fb1a41df493e63c45a3a4e9226b7ca0bc2249e460,dfc6384ddd444fb202d0716832d4a86e1027e2251586cb976084912d705c602e,1,154,1,154,1,222,1,222
transfer_cube,Gaussian recovery,11,96017,noise_joints,1,1,0.01572864130139351,0.009678185805678368,da016bfe5526c8303a53e59fb1a41df493e63c45a3a4e9226b7ca0bc2249e460,a853344a63b961db829ebf9a975f33003523873e5b2657bde6089278d82dc88e,1,154,1,154,1,227,1,227
transfer_cube,Gaussian recovery,11,96017,noise_objects,1,1,0.01465337723493576,0.0035589650116162374,da016bfe5526c8303a53e59fb1a41df493e63c45a3a4e9226b7ca0bc2249e460,a7f53902f319dc81e52b16ab98291dd2f4da3757c00037f6ed92d49cd2ac1704,1,152,1,154,1,227,1,227
transfer_cube,Gaussian recovery,11,96017,noise_low_support,1,1,0.01575530134141445,0.006961220734374365,da016bfe5526c8303a53e59fb1a41df493e63c45a3a4e9226b7ca0bc2249e460,e48a0bf59a64ecc8db866a86efb2089a4af33faa0cca2f448ff6b32a149aca4f,1,153,1,153,1,223,1,223
transfer_cube,Gaussian recovery,11,96017,noise_supported,1,1,0.014886605553328991,0.00714890901464969,da016bfe5526c8303a53e59fb1a41df493e63c45a3a4e9226b7ca0bc2249e460,dc0d1ce686e0c004e712bda3439f770c5ca90588257951297dd75af3ace64fd2,1,153,1,154,1,228,1,228
transfer_cube,Gaussian recovery,11,96017,replan_1,0,0,0.014818315394222736,0.0,da016bfe5526c8303a53e59fb1a41df493e63c45a3a4e9226b7ca0bc2249e460,5088737b718962dbcc8862710d122a7e0e74c8d9a5c7a1bd5ad3589c5879ef44,0,-1,0,-1,0,-1,0,-1
transfer_cube,Gaussian recovery,11,96017,replan_1_ensemble,0,0,0.00896831988601207,0.0,da016bfe5526c8303a53e59fb1a41df493e63c45a3a4e9226b7ca0bc2249e460,906d166afac0448aead9e670c541755f2ee825d48e234e61d48ec0bf734675f8,0,-1,0,-1,0,-1,0,-1
transfer_cube,Gaussian recovery,11,96017,replan_16,1,1,0.012623006477952003,0.0,da016bfe5526c8303a53e59fb1a41df493e63c45a3a4e9226b7ca0bc2249e460,b432e743e2d60c47c9fdaaafe1d0d48a67013ad5ba682b7211ec4713e40cbf1f,1,154,1,154,1,291,1,291
transfer_cube,Gaussian recovery,11,96018,nominal,1,1,0.013818668201565742,0.0,da016bfe5526c8303a53e59fb1a41df493e63c45a3a4e9226b7ca0bc2249e460,7b8d4fa3e44d7336d3916260945220b740e0cc761993df2a817f64f20dc0c091,1,152,1,157,1,290,1,290
transfer_cube,Gaussian recovery,11,96018,observation_noise,1,1,0.01666562631726265,0.009377395906485618,da016bfe5526c8303a53e59fb1a41df493e63c45a3a4e9226b7ca0bc2249e460,bdcff8deef61fa76773899a2eede35bd739f1021229ad8f98abfeadcd9400516,1,147,1,156,1,293,1,293
transfer_cube,Gaussian recovery,11,96018,noise_joints,1,1,0.016078442335128784,0.00858446295838803,da016bfe5526c8303a53e59fb1a41df493e63c45a3a4e9226b7ca0bc2249e460,e3c4e6d71234acb1b6bff5664f03002c8962a466261d6e392fc93c6b10429e6b,1,148,1,156,1,292,1,292
transfer_cube,Gaussian recovery,11,96018,noise_objects,1,1,0.014287181198596954,0.00302628587000072,da016bfe5526c8303a53e59fb1a41df493e63c45a3a4e9226b7ca0bc2249e460,a9ad5230bf66a8bb118749be58d7a1394784cb02e62113b4a07012446d1cc809,1,147,1,153,1,289,1,289
transfer_cube,Gaussian recovery,11,96018,noise_low_support,1,1,0.016513710841536522,0.006120856099150842,da016bfe5526c8303a53e59fb1a41df493e63c45a3a4e9226b7ca0bc2249e460,d2c9170834c3e950d4d75a4ad68401213c23661111e61a5cada0775d64aea3d0,1,154,1,157,1,288,1,288
transfer_cube,Gaussian recovery,11,96018,noise_supported,1,1,0.014422822743654251,0.00639358326792717,da016bfe5526c8303a53e59fb1a41df493e63c45a3a4e9226b7ca0bc2249e460,188bd4e901862caa1b07e0e44b3f78994ba6643aa82ec89c49eb36201b4ff163,1,145,1,153,1,291,1,291
transfer_cube,Gaussian recovery,11,96018,replan_1,0,0,0.017352765426039696,0.0,da016bfe5526c8303a53e59fb1a41df493e63c45a3a4e9226b7ca0bc2249e460,7f08b9f4da1689b066eb244973a10d0634b16981f55defc6a2069cad11443e59,0,-1,0,-1,0,-1,0,-1
transfer_cube,Gaussian recovery,11,96018,replan_1_ensemble,0,0,0.007964242514646546,0.0,da016bfe5526c8303a53e59fb1a41df493e63c45a3a4e9226b7ca0bc2249e460,3786210bb8f6a85877d85cfdd12823a6fd64c724a9a214423541e7b3f0f67fe3,0,-1,0,-1,0,-1,0,-1
transfer_cube,Gaussian recovery,11,96018,replan_16,1,1,0.013562382198870182,0.0,da016bfe5526c8303a53e59fb1a41df493e63c45a3a4e9226b7ca0bc2249e460,0bd52b0499d5e1f059e2c9f422fcc5c1af00c11376ece25636a564ecd782c651,1,152,1,158,1,292,1,292
transfer_cube,Gaussian recovery,11,96019,nominal,1,1,0.012795872054994106,0.0,da016bfe5526c8303a53e59fb1a41df493e63c45a3a4e9226b7ca0bc2249e460,99a6623b2868f5d6f080c4c217f5e67c9db1f1f9ecf913be7d6cf63d51c307e5,1,152,1,156,1,289,1,289
transfer_cube,Gaussian recovery,11,96019,observation_noise,1,1,0.01480189524590969,0.009467190001159906,da016bfe5526c8303a53e59fb1a41df493e63c45a3a4e9226b7ca0bc2249e460,11db6b245da6803a5dfa42a893b66e58b1e0a139b4f56a89772cdc8b30c3d79c,1,156,1,163,1,284,1,284
transfer_cube,Gaussian recovery,11,96019,noise_joints,1,1,0.014655794017016888,0.008725131258834153,da016bfe5526c8303a53e59fb1a41df493e63c45a3a4e9226b7ca0bc2249e460,b09d255d542a632c90a0f7f78c33c3d859988c41b135373aef9b08c01f922b5a,1,152,1,157,1,227,1,227
transfer_cube,Gaussian recovery,11,96019,noise_objects,1,1,0.013037493452429771,0.003668206150177866,da016bfe5526c8303a53e59fb1a41df493e63c45a3a4e9226b7ca0bc2249e460,865badacdb26cb00b24e34c07d2cdeea2dbfc3ef1b7caae53f26082508dd729f,1,154,1,154,1,288,1,288
transfer_cube,Gaussian recovery,11,96019,noise_low_support,1,1,0.014340979047119617,0.00622945863444329,da016bfe5526c8303a53e59fb1a41df493e63c45a3a4e9226b7ca0bc2249e460,871dff919314b696f7fb83ab8e559c6e1572e99a6bce67455068e059be05a955,1,155,1,157,1,281,1,281
transfer_cube,Gaussian recovery,11,96019,noise_supported,1,1,0.013468782417476177,0.006258407267741859,da016bfe5526c8303a53e59fb1a41df493e63c45a3a4e9226b7ca0bc2249e460,cefbbc8dceed78357d777fe9de7ef5ebc57c025f6d18b46e5d3ecff8846103d3,1,155,1,168,1,293,1,293
transfer_cube,Gaussian recovery,11,96019,replan_1,0,0,0.020176200196146965,0.0,da016bfe5526c8303a53e59fb1a41df493e63c45a3a4e9226b7ca0bc2249e460,0d1cce3f8ea86c63eaa67be3a59fc14820377a42c45bdb498de2664da1eb4edc,0,-1,0,-1,0,-1,0,-1
transfer_cube,Gaussian recovery,11,96019,replan_1_ensemble,0,0,0.009113793402361972,0.0,da016bfe5526c8303a53e59fb1a41df493e63c45a3a4e9226b7ca0bc2249e460,40ee5a5a871847dc37de87b34f9767ab61555ea6a5d6be014425d6095d1bb1fe,0,-1,0,-1,0,-1,0,-1
transfer_cube,Gaussian recovery,11,96019,replan_16,1,1,0.012494971975684166,0.0,da016bfe5526c8303a53e59fb1a41df493e63c45a3a4e9226b7ca0bc2249e460,cedb308264bf8ce1d9d3574d23ca1ccb69acf881dc93528b49d976664ee036be,1,156,1,159,1,293,1,293
transfer_cube,Gaussian recovery,23,96000,nominal,1,1,0.014890896156430244,0.0,e064702986ccc9d7d6b7fda0d554a6af6759091a5dfddbeed05a092d6147bf89,f2731fe5084d4d76b2e7d3e6ca83bb18ff28c28266c4e16fdc37ecd9d4db7a91,1,147,1,149,1,227,1,227
transfer_cube,Gaussian recovery,23,96000,observation_noise,1,1,0.016294335946440697,0.009533479893580079,e064702986ccc9d7d6b7fda0d554a6af6759091a5dfddbeed05a092d6147bf89,9c2b4a282a8557c7c68b28117501a6dca0bb23a5688033f7f1ec05660bb4f190,1,146,1,146,1,293,1,293
transfer_cube,Gaussian recovery,23,96000,noise_joints,1,1,0.01610109768807888,0.008439018556382507,e064702986ccc9d7d6b7fda0d554a6af6759091a5dfddbeed05a092d6147bf89,23a029326532576b1f44ce5bd0c05aa856ff2acf8cf59131a531e97662b0e8d3,1,148,1,149,1,295,1,295
transfer_cube,Gaussian recovery,23,96000,noise_objects,1,1,0.014685340225696564,0.0036288590781623498,e064702986ccc9d7d6b7fda0d554a6af6759091a5dfddbeed05a092d6147bf89,2682349a35ce337ea6a8c5cac73a2463d685fccb52e9f0c2e872211e779cb3d4,1,147,1,147,1,240,1,240
transfer_cube,Gaussian recovery,23,96000,noise_low_support,1,1,0.015346468426287174,0.005431874960195273,e064702986ccc9d7d6b7fda0d554a6af6759091a5dfddbeed05a092d6147bf89,d62305454c68714a1318eebc82f1430060aba1262f03c33b95bb55cbdbff44c5,1,149,1,149,1,295,1,295
transfer_cube,Gaussian recovery,23,96000,noise_supported,1,1,0.015072125010192394,0.007023596921935677,e064702986ccc9d7d6b7fda0d554a6af6759091a5dfddbeed05a092d6147bf89,1f1e4bef53a9d915e4fa40f37a0e533b726e5967223eeb0f5acac6fd50619300,1,146,1,146,1,221,1,221
transfer_cube,Gaussian recovery,23,96000,replan_1,0,0,0.020425591617822647,0.0,e064702986ccc9d7d6b7fda0d554a6af6759091a5dfddbeed05a092d6147bf89,a8393d7e85b2e1d9a3f730675a81f87de114295881ec75be01e0b0b77acac6cb,1,113,0,-1,0,-1,0,-1
transfer_cube,Gaussian recovery,23,96000,replan_1_ensemble,1,1,0.009105225367754946,0.0,e064702986ccc9d7d6b7fda0d554a6af6759091a5dfddbeed05a092d6147bf89,55b05225bf0562de6b184ebe3974554db58684345b78ad800c071835bd96e62c,1,144,1,155,1,232,1,232
transfer_cube,Gaussian recovery,23,96000,replan_16,1,1,0.013272959738969803,0.0,e064702986ccc9d7d6b7fda0d554a6af6759091a5dfddbeed05a092d6147bf89,20f126825847d3c35a4db0cfcf0cfd8120c82ef38bd2008209e9d54e8ff42b38,1,150,1,150,1,229,1,229
transfer_cube,Gaussian recovery,23,96001,nominal,1,1,0.013579423539340496,0.0,e064702986ccc9d7d6b7fda0d554a6af6759091a5dfddbeed05a092d6147bf89,0223ab73b021aee7b5e04dfccd744aa197390291a4cee4bf396582f85561e46d,1,144,1,148,1,221,1,221
transfer_cube,Gaussian recovery,23,96001,observation_noise,1,1,0.015120870433747768,0.01035182885825634,e064702986ccc9d7d6b7fda0d554a6af6759091a5dfddbeed05a092d6147bf89,7896b3311f9bc4c90a8388582256a42979a8ec9780c7886e490b63216d306481,1,142,1,145,1,281,1,281
transfer_cube,Gaussian recovery,23,96001,noise_joints,1,1,0.014729534275829792,0.009099457999691368,e064702986ccc9d7d6b7fda0d554a6af6759091a5dfddbeed05a092d6147bf89,16b17c6238c76a8821a3192f5721611b83b808c624d2e2fe4e396e24db6d4244,1,143,1,146,1,292,1,292
transfer_cube,Gaussian recovery,23,96001,noise_objects,1,1,0.013906794600188732,0.003661006056936458,e064702986ccc9d7d6b7fda0d554a6af6759091a5dfddbeed05a092d6147bf89,ce9c66b028f4e2c5728e61a7ba311c0b04abac42d1306ea5acaeb2583606e552,1,146,1,148,1,218,1,218
transfer_cube,Gaussian recovery,23,96001,noise_low_support,1,1,0.014222151599824429,0.006153607370797545,e064702986ccc9d7d6b7fda0d554a6af6759091a5dfddbeed05a092d6147bf89,893108131cb9d081c5eaf979fcc781638613704f5d6bc213a35e2a81148c7cdc,1,145,1,147,1,230,1,230
transfer_cube,Gaussian recovery,23,96001,noise_supported,1,1,0.013729761354625225,0.007253660270944238,e064702986ccc9d7d6b7fda0d554a6af6759091a5dfddbeed05a092d6147bf89,cbbf6395dc8af05132ad08221b0cf2776176b12e167a3d3871de02f12af5ac8c,1,142,1,143,1,290,1,290
transfer_cube,Gaussian recovery,23,96001,replan_1,1,1,0.018216140568256378,0.0,e064702986ccc9d7d6b7fda0d554a6af6759091a5dfddbeed05a092d6147bf89,6aa3eadc96326431dee560dde41162f37ff189ad4dcb02a474069384253bc6eb,1,146,1,146,1,291,1,291
transfer_cube,Gaussian recovery,23,96001,replan_1_ensemble,1,1,0.00888610194571929,0.0,e064702986ccc9d7d6b7fda0d554a6af6759091a5dfddbeed05a092d6147bf89,1068bc97edd1eafb4689686ec249f5b5d34fbf936b6f57aeeaaff2d241ba094d,1,145,1,154,1,225,1,225
transfer_cube,Gaussian recovery,23,96001,replan_16,1,1,0.013054681941866875,0.0,e064702986ccc9d7d6b7fda0d554a6af6759091a5dfddbeed05a092d6147bf89,24833f667fa9ec5af792a7497955e4f1693df54fc8b5d71a9a38477dffb4355f,1,147,1,151,1,218,1,218
transfer_cube,Gaussian recovery,23,96002,nominal,1,1,0.013129163533449173,0.0,e064702986ccc9d7d6b7fda0d554a6af6759091a5dfddbeed05a092d6147bf89,c012a47064812fff2f5851be1866542ee44dc8373f8a8c59dadcca3eabd2a49f,1,144,1,144,1,232,1,232
transfer_cube,Gaussian recovery,23,96002,observation_noise,1,1,0.0148681765422225,0.009166997266002,e064702986ccc9d7d6b7fda0d554a6af6759091a5dfddbeed05a092d6147bf89,0936b1d1f5630f7e8cb05799b6271d8d9ed8a2a1bf2dcec7e5c778154caeb011,1,141,1,141,1,222,1,222
transfer_cube,Gaussian recovery,23,96002,noise_joints,1,1,0.014734032563865185,0.00883219414856285,e064702986ccc9d7d6b7fda0d554a6af6759091a5dfddbeed05a092d6147bf89,13d76d688549084f7ea335090170934a1c71030de69de171620d8e44b5ee9cc3,1,142,1,148,1,240,1,240
transfer_cube,Gaussian recovery,23,96002,noise_objects,1,1,0.01342263538390398,0.0030498963070567696,e064702986ccc9d7d6b7fda0d554a6af6759091a5dfddbeed05a092d6147bf89,76b2a48625985418018f390abcf40788a70b793b56675c565a977feaf80fe5cf,1,144,1,144,1,221,1,221
transfer_cube,Gaussian recovery,23,96002,noise_low_support,1,1,0.014753337949514389,0.006457253533881158,e064702986ccc9d7d6b7fda0d554a6af6759091a5dfddbeed05a092d6147bf89,766a1638d92a218a827a17a155d4d08afd7b32c3107fd5c7a44c9ee848ad188d,1,146,1,148,1,220,1,220
transfer_cube,Gaussian recovery,23,96002,noise_supported,1,1,0.014616250991821289,0.0066105869831517335,e064702986ccc9d7d6b7fda0d554a6af6759091a5dfddbeed05a092d6147bf89,cfecd6c43c171975a56c5c96081ed8fb9858b2f479dd0e9c671856e14c686f34,1,140,1,140,1,222,1,222
transfer_cube,Gaussian recovery,23,96002,replan_1,1,1,0.01816645637154579,0.0,e064702986ccc9d7d6b7fda0d554a6af6759091a5dfddbeed05a092d6147bf89,38eecfb244d47210a6f487b5e9af956771e443b0ed5aa4aee18256925b0a77aa,1,150,1,151,1,293,1,293
transfer_cube,Gaussian recovery,23,96002,replan_1_ensemble,1,1,0.008897315469321824,0.0,e064702986ccc9d7d6b7fda0d554a6af6759091a5dfddbeed05a092d6147bf89,a41f47702e4924f851987d798e3c20b4648cf2c7bf36c39fbd0c5023df2b6194,1,146,1,155,1,225,1,225
transfer_cube,Gaussian recovery,23,96002,replan_16,1,1,0.01309389341622591,0.0,e064702986ccc9d7d6b7fda0d554a6af6759091a5dfddbeed05a092d6147bf89,23bfeb9e74c23c2e7b3ce01049d2ae0cc49e59fd1b711330e5e023eee4965071,1,148,1,148,1,217,1,217
transfer_cube,Gaussian recovery,23,96003,nominal,0,0,0.043940361589193344,0.0,e064702986ccc9d7d6b7fda0d554a6af6759091a5dfddbeed05a092d6147bf89,3930264d3a7bd438c8ba864af7afd2c3faa058f07301247a1812b48a7745f9cd,0,-1,0,-1,0,-1,0,-1
transfer_cube,Gaussian recovery,23,96003,observation_noise,0,0,0.04515845328569412,0.011970209209248423,e064702986ccc9d7d6b7fda0d554a6af6759091a5dfddbeed05a092d6147bf89,fadd7da337535446c812a46e0600418df91247b383be32c200a8ea72afae9a5e,0,-1,0,-1,0,-1,0,-1
transfer_cube,Gaussian recovery,23,96003,noise_joints,0,0,0.044859178364276886,0.01141859460156411,e064702986ccc9d7d6b7fda0d554a6af6759091a5dfddbeed05a092d6147bf89,a1174690457a17c7e760498b65984f2ad4ab51cf25fd1eb3e8cde2152f19ebf4,0,-1,0,-1,0,-1,0,-1
transfer_cube,Gaussian recovery,23,96003,noise_objects,0,0,0.04466767981648445,0.003164943705778569,e064702986ccc9d7d6b7fda0d554a6af6759091a5dfddbeed05a092d6147bf89,228ba43ec0faba20e7ada212936a982dcd444b4af76baa5d99590ea45fdb45a8,0,-1,0,-1,0,-1,0,-1
transfer_cube,Gaussian recovery,23,96003,noise_low_support,0,0,0.04593955725431442,0.009279572829254902,e064702986ccc9d7d6b7fda0d554a6af6759091a5dfddbeed05a092d6147bf89,5587a6ade41c2617800786aabb310a12848bd45f0e18441a599d7d81b0c9123d,0,-1,0,-1,0,-1,0,-1
transfer_cube,Gaussian recovery,23,96003,noise_supported,0,0,0.044216521084308624,0.0074703342490829525,e064702986ccc9d7d6b7fda0d554a6af6759091a5dfddbeed05a092d6147bf89,aeb27eefd0a49bfb0e15ce7b8bc5109e3dc9cd92d7584cfac664c3b9f073998b,0,-1,0,-1,0,-1,0,-1
transfer_cube,Gaussian recovery,23,96003,replan_1,0,0,0.01745782606303692,0.0,e064702986ccc9d7d6b7fda0d554a6af6759091a5dfddbeed05a092d6147bf89,07a63894315e2b1e0da89f47a44752c7f34cfc09c703ae06cc77eeb4b9405b90,0,-1,0,-1,0,-1,0,-1
transfer_cube,Gaussian recovery,23,96003,replan_1_ensemble,0,0,0.009305750681945127,0.0,e064702986ccc9d7d6b7fda0d554a6af6759091a5dfddbeed05a092d6147bf89,975b0b384199aed41f0f5da379f56c688ee40d1ffa51a0cc5789aaf5a9bbe8e4,0,-1,0,-1,0,-1,0,-1
transfer_cube,Gaussian recovery,23,96003,replan_16,0,0,0.034059666097164154,0.0,e064702986ccc9d7d6b7fda0d554a6af6759091a5dfddbeed05a092d6147bf89,aabc2c08e8e7f2b35825e5958195068509a412f10c4ce7ec556f1a6a61a683ba,1,129,0,-1,0,-1,0,-1
transfer_cube,Gaussian recovery,23,96004,nominal,1,1,0.015162135474383831,0.0,e064702986ccc9d7d6b7fda0d554a6af6759091a5dfddbeed05a092d6147bf89,82568fe19bbde9c64228c59d20c63032a8a59a01380cd250771a1852d72e3e43,1,144,1,144,1,286,1,286
transfer_cube,Gaussian recovery,23,96004,observation_noise,1,1,0.017446205019950867,0.01149980952963233,e064702986ccc9d7d6b7fda0d554a6af6759091a5dfddbeed05a092d6147bf89,05eb3c9277ca4e3b1ab03ec525ecc5e67dca06f2abe78b7f7c44dc09ebac3c7e,1,144,1,144,1,290,1,290
transfer_cube,Gaussian recovery,23,96004,noise_joints,1,1,0.01706550642848015,0.010922804935835301,e064702986ccc9d7d6b7fda0d554a6af6759091a5dfddbeed05a092d6147bf89,ba6be9c387c443caa60514003a68f997bd62f43577a268694bd44ae0e6bb713f,1,144,1,144,1,288,1,288
transfer_cube,Gaussian recovery,23,96004,noise_objects,1,1,0.015530259348452091,0.003266424392350018,e064702986ccc9d7d6b7fda0d554a6af6759091a5dfddbeed05a092d6147bf89,2a06726876ef0e9b51400199f6934e3bc11eab309064b25809366755fce9b4a7,1,145,1,145,1,289,1,289
transfer_cube,Gaussian recovery,23,96004,noise_low_support,1,1,0.016697701066732407,0.007689978139533196,e064702986ccc9d7d6b7fda0d554a6af6759091a5dfddbeed05a092d6147bf89,da3955f1da3de3fc4a1ada1dc97e90d1d6233ad3248a61a09370b57c2bf20f2e,1,145,1,147,1,291,1,291
transfer_cube,Gaussian recovery,23,96004,noise_supported,1,1,0.016517825424671173,0.008202461232431233,e064702986ccc9d7d6b7fda0d554a6af6759091a5dfddbeed05a092d6147bf89,812270c58ea7d54002ba4a0f983273d17280b1ba1776bf99459786519bec7f6f,1,142,1,144,1,234,1,234
transfer_cube,Gaussian recovery,23,96004,replan_1,0,0,0.016881801187992096,0.0,e064702986ccc9d7d6b7fda0d554a6af6759091a5dfddbeed05a092d6147bf89,0a85f2953725ab90fc445835a95fed6991ac59b8692dd76cbb4707cbb80f6a2b,0,-1,0,-1,0,-1,0,-1
transfer_cube,Gaussian recovery,23,96004,replan_1_ensemble,1,1,0.009427092332897246,0.0,e064702986ccc9d7d6b7fda0d554a6af6759091a5dfddbeed05a092d6147bf89,9a3bbd07c72e79160d15359a8b387d2cbc070eec3f8f63793fb6c191492a18cb,1,153,1,153,1,277,1,277
transfer_cube,Gaussian recovery,23,96004,replan_16,1,1,0.014466597698628902,0.0,e064702986ccc9d7d6b7fda0d554a6af6759091a5dfddbeed05a092d6147bf89,1b2e85e99a0c5eba85a50d0a6ca281394412376421f81dd4133092baaba3d797,1,152,1,152,1,284,1,284
transfer_cube,Gaussian recovery,23,96005,nominal,1,0,0.014278077520430088,0.0,e064702986ccc9d7d6b7fda0d554a6af6759091a5dfddbeed05a092d6147bf89,42a5228eb9273c22a2a0e2412d16b2b915211a07b488b889be996698d57c758b,1,143,1,144,1,221,1,221
transfer_cube,Gaussian recovery,23,96005,observation_noise,1,1,0.015393156558275223,0.010263942545279861,e064702986ccc9d7d6b7fda0d554a6af6759091a5dfddbeed05a092d6147bf89,2d9360a3b36a492869cc33d1e27ea301416fdd825fcb3985571eaa7693cafd03,1,145,1,145,1,292,1,292
transfer_cube,Gaussian recovery,23,96005,noise_joints,1,1,0.015334464609622955,0.009765342455357312,e064702986ccc9d7d6b7fda0d554a6af6759091a5dfddbeed05a092d6147bf89,bd32c15da6b08dac82e51bc4ee817ba9676c6232465f12ce7eb1c132c4c02ae3,1,145,1,152,1,224,1,224
transfer_cube,Gaussian recovery,23,96005,noise_objects,1,1,0.013746794313192368,0.003158957614796236,e064702986ccc9d7d6b7fda0d554a6af6759091a5dfddbeed05a092d6147bf89,3c72eea803a7d6e424bf601f90e4ef051d1114141d5f570893d378865f9316cf,1,144,1,144,1,226,1,226
transfer_cube,Gaussian recovery,23,96005,noise_low_support,1,1,0.014684072695672512,0.005112132511567324,e064702986ccc9d7d6b7fda0d554a6af6759091a5dfddbeed05a092d6147bf89,9565ca02d4256079f4a5414aedbb171fd8107a83b5627512185fb0ba9e54d877,1,145,1,152,1,225,1,225
transfer_cube,Gaussian recovery,23,96005,noise_supported,1,1,0.014452792704105377,0.007495485381223261,e064702986ccc9d7d6b7fda0d554a6af6759091a5dfddbeed05a092d6147bf89,969440f32dc67d27a7bb0107b8b696895e7b809956e23c9133e4f62175f430e5,1,144,1,146,1,233,1,233
transfer_cube,Gaussian recovery,23,96005,replan_1,1,1,0.01798754371702671,0.0,e064702986ccc9d7d6b7fda0d554a6af6759091a5dfddbeed05a092d6147bf89,d457cdf6f92552d84a8f949eeba30f5e7e5a8197c75fa8a4370d3b3bfee01f2c,1,149,1,149,1,294,1,294
transfer_cube,Gaussian recovery,23,96005,replan_1_ensemble,1,1,0.009077944814197724,0.0,e064702986ccc9d7d6b7fda0d554a6af6759091a5dfddbeed05a092d6147bf89,7003a1ace6b4f476d045b55e9f32c670c20183c16c77f3cc155aa4bde98c2655,1,146,1,161,1,230,1,230
transfer_cube,Gaussian recovery,23,96005,replan_16,1,1,0.012927141040563583,0.0,e064702986ccc9d7d6b7fda0d554a6af6759091a5dfddbeed05a092d6147bf89,c6de681c66fcc921f1cd2736b065322a72f99d9a528051a896d47e741569a1ed,1,146,1,146,1,289,1,289
transfer_cube,Gaussian recovery,23,96006,nominal,1,1,0.014653521589934826,0.0,e064702986ccc9d7d6b7fda0d554a6af6759091a5dfddbeed05a092d6147bf89,23290893a5e34b241120e0ae17d1e50938f7ae12a433a762e234f8164d836ae2,1,143,1,150,1,289,1,289
transfer_cube,Gaussian recovery,23,96006,observation_noise,1,1,0.0159559715539217,0.009317103419452905,e064702986ccc9d7d6b7fda0d554a6af6759091a5dfddbeed05a092d6147bf89,4573e4930b9d52a35d678d5abdb7cb435190d4660db738c75a3e9de69e306fdd,1,146,1,146,1,288,1,288
transfer_cube,Gaussian recovery,23,96006,noise_joints,1,1,0.015937108546495438,0.009101801500655711,e064702986ccc9d7d6b7fda0d554a6af6759091a5dfddbeed05a092d6147bf89,063aaf095a8d82190d6319390ada8b9114417addd8c63d25cbb0c17739496349,1,148,1,149,1,288,1,288
transfer_cube,Gaussian recovery,23,96006,noise_objects,1,1,0.014684759080410004,0.0031083205447066577,e064702986ccc9d7d6b7fda0d554a6af6759091a5dfddbeed05a092d6147bf89,d73a5584a8669ba4dc0d1dd9e1a12c2c2800aff005b030beae7e4781a59f193f,1,142,1,149,1,287,1,287
transfer_cube,Gaussian recovery,23,96006,noise_low_support,1,1,0.015229306183755398,0.005515387819614261,e064702986ccc9d7d6b7fda0d554a6af6759091a5dfddbeed05a092d6147bf89,593344a0c1a69b8ee33e3e601c7b4d70e7bbbaf47b63e8a90e29e98e61a680be,1,144,1,149,1,289,1,289
transfer_cube,Gaussian recovery,23,96006,noise_supported,1,1,0.015445584431290627,0.0070994444563984875,e064702986ccc9d7d6b7fda0d554a6af6759091a5dfddbeed05a092d6147bf89,336d9755c3bf4f8382b16000ba7d23edcc41b9b15e720e0689e10edca497233f,1,142,1,144,1,289,1,289
transfer_cube,Gaussian recovery,23,96006,replan_1,0,0,0.017416317015886307,0.0,e064702986ccc9d7d6b7fda0d554a6af6759091a5dfddbeed05a092d6147bf89,99b7926d92cacc6877d76417c43f6cb3c5322178aaaa1912cf7032bac6e57eaa,0,-1,0,-1,0,-1,0,-1
transfer_cube,Gaussian recovery,23,96006,replan_1_ensemble,1,1,0.009146583683367317,0.0,e064702986ccc9d7d6b7fda0d554a6af6759091a5dfddbeed05a092d6147bf89,3da887bfad06743e046eae87d5e32d7a9833fbe5948f9c9c5286cb27a838273f,1,145,1,150,1,284,1,284
transfer_cube,Gaussian recovery,23,96006,replan_16,1,1,0.014258982613682747,0.0,e064702986ccc9d7d6b7fda0d554a6af6759091a5dfddbeed05a092d6147bf89,d174f37e72aa1b0db52dc9d7032da7678846eafd8bbe7b4b5a16b825406612b8,1,153,1,159,1,290,1,290
transfer_cube,Gaussian recovery,23,96007,nominal,1,1,0.014840221963822842,0.0,e064702986ccc9d7d6b7fda0d554a6af6759091a5dfddbeed05a092d6147bf89,4340570851c23d2b3fbf975021268c5325ca0a1569135f9b182eee52ec0af703,1,138,1,144,1,290,1,290
transfer_cube,Gaussian recovery,23,96007,observation_noise,0,0,0.04326491802930832,0.013168433518148958,e064702986ccc9d7d6b7fda0d554a6af6759091a5dfddbeed05a092d6147bf89,90339bb6ac2399951971da06fcfc85ac2c5a8ee8f3a87ce97e2ee8c94f721c70,0,-1,0,-1,0,-1,0,-1
transfer_cube,Gaussian recovery,23,96007,noise_joints,0,0,0.042810484766960144,0.012449956461787225,e064702986ccc9d7d6b7fda0d554a6af6759091a5dfddbeed05a092d6147bf89,81109c0915d860a4c1ba09d2a1f5bab7d886ece8ebd17a1d6a43e3b00476f48f,0,-1,0,-1,0,-1,0,-1
transfer_cube,Gaussian recovery,23,96007,noise_objects,1,1,0.015511973761022091,0.0034012403251836077,e064702986ccc9d7d6b7fda0d554a6af6759091a5dfddbeed05a092d6147bf89,43a46bae8811f838e6eb7331473cc4055a9a0ed9b8bf30695301e1e7591b424c,1,139,1,144,1,289,1,289
transfer_cube,Gaussian recovery,23,96007,noise_low_support,0,0,0.04127005487680435,0.00895138039777521,e064702986ccc9d7d6b7fda0d554a6af6759091a5dfddbeed05a092d6147bf89,7b033676ff8f407662408a4b17f348530f2cc5b421395f850dba0e5ef7581542,1,140,1,154,0,-1,0,-1
transfer_cube,Gaussian recovery,23,96007,noise_supported,0,0,0.04187112674117088,0.007578749456442892,e064702986ccc9d7d6b7fda0d554a6af6759091a5dfddbeed05a092d6147bf89,3f0b8f1c0f57dd416905280187e0426c148112fbbc3bcd735a1de252d5574bb9,0,-1,0,-1,0,-1,0,-1
transfer_cube,Gaussian recovery,23,96007,replan_1,0,0,0.017550526186823845,0.0,e064702986ccc9d7d6b7fda0d554a6af6759091a5dfddbeed05a092d6147bf89,cdac511c99479f020008b62496dd4fa961509c888b2f7d8dcfba4f366e168fb8,0,-1,0,-1,0,-1,0,-1
transfer_cube,Gaussian recovery,23,96007,replan_1_ensemble,0,0,0.009478725112985696,0.0,e064702986ccc9d7d6b7fda0d554a6af6759091a5dfddbeed05a092d6147bf89,1e1530b9e31d3b763f288106728b7894b249d25739a00824cee0a37cb9b4adba,1,137,0,-1,0,-1,0,-1
transfer_cube,Gaussian recovery,23,96007,replan_16,1,1,0.01405511237680912,0.0,e064702986ccc9d7d6b7fda0d554a6af6759091a5dfddbeed05a092d6147bf89,23fcb3f2660a7e00516de3c92df6e15f5d0309eae104eac58afd271c00a008b9,1,151,1,154,1,290,1,290
transfer_cube,Gaussian recovery,23,96008,nominal,1,1,0.01464423444122076,0.0,e064702986ccc9d7d6b7fda0d554a6af6759091a5dfddbeed05a092d6147bf89,b6f3fb4401b538b9b506a8919f17d6bf56b88d875bf85aeafac9cc18ce71a12b,1,145,1,145,1,284,1,284
transfer_cube,Gaussian recovery,23,96008,observation_noise,1,1,0.01737877167761326,0.011035939939320087,e064702986ccc9d7d6b7fda0d554a6af6759091a5dfddbeed05a092d6147bf89,cfa14adcec4af3adf89c3fa59607cbc50fbf44c5119c9bd596040cd0060df658,1,143,1,144,1,284,1,284
transfer_cube,Gaussian recovery,23,96008,noise_joints,1,1,0.016517939046025276,0.009661838449537753,e064702986ccc9d7d6b7fda0d554a6af6759091a5dfddbeed05a092d6147bf89,c608d436b486a5deff81cef82e58ce4bb27037553df8fbef3ba05df0d67d376e,1,143,1,144,1,286,1,286
transfer_cube,Gaussian recovery,23,96008,noise_objects,1,1,0.015182792209088802,0.0036929254850838335,e064702986ccc9d7d6b7fda0d554a6af6759091a5dfddbeed05a092d6147bf89,38067f0c3faf29fcd402fbd7b5c66237d5c1cb499bfc91f160d4228bb73367f2,1,146,1,153,1,288,1,288
transfer_cube,Gaussian recovery,23,96008,noise_low_support,1,1,0.015272576361894608,0.005994421256455098,e064702986ccc9d7d6b7fda0d554a6af6759091a5dfddbeed05a092d6147bf89,3c63f29850d22903876932166f4f8e7056fac514c3f958c6ee18de8de28d9456,1,144,1,145,1,290,1,290
transfer_cube,Gaussian recovery,23,96008,noise_supported,1,1,0.01714455336332321,0.00780065112747252,e064702986ccc9d7d6b7fda0d554a6af6759091a5dfddbeed05a092d6147bf89,cdd287f933f531d29de5a2f51a80307d2e6c6d6d5320bfb4b3208717f4fec5e5,1,145,1,145,1,281,1,281
transfer_cube,Gaussian recovery,23,96008,replan_1,0,0,0.01723170466721058,0.0,e064702986ccc9d7d6b7fda0d554a6af6759091a5dfddbeed05a092d6147bf89,995de033402dc114e7808f6ac35a8486d3a9986410da2b1a8c6c987335d1dd89,0,-1,0,-1,0,-1,0,-1
transfer_cube,Gaussian recovery,23,96008,replan_1_ensemble,1,1,0.009585658170125405,0.0,e064702986ccc9d7d6b7fda0d554a6af6759091a5dfddbeed05a092d6147bf89,0ea0cb462d46092455a07df08639d006f9c9bd84d6983ea58b65cc17d8759664,1,151,1,157,1,290,1,290
transfer_cube,Gaussian recovery,23,96008,replan_16,1,1,0.013814539648592472,0.0,e064702986ccc9d7d6b7fda0d554a6af6759091a5dfddbeed05a092d6147bf89,452c8ea47ddbaeeb0ca34d5ee2c5bbe0388f705f0d938f83687cf36ea06cb24a,1,150,1,152,1,286,1,286
transfer_cube,Gaussian recovery,23,96009,nominal,1,1,0.013274463824927807,0.0,e064702986ccc9d7d6b7fda0d554a6af6759091a5dfddbeed05a092d6147bf89,3e99a035169cac7b28da85ef5328a6675ff31167038325b38b3ff9352a0107c4,1,142,1,152,1,291,1,291
transfer_cube,Gaussian recovery,23,96009,observation_noise,1,1,0.015872186049818993,0.010692542414180934,e064702986ccc9d7d6b7fda0d554a6af6759091a5dfddbeed05a092d6147bf89,e527b2c76bb0a1e8e75c94fa86884329a36210017ac6a246c45c076ff703f992,1,141,1,152,1,225,1,225
transfer_cube,Gaussian recovery,23,96009,noise_joints,1,1,0.015358115546405315,0.00947311005089432,e064702986ccc9d7d6b7fda0d554a6af6759091a5dfddbeed05a092d6147bf89,9c11a0aebe243ce1519bb714a11564f3a9ce81b30dc94ccab2a27f8fe569e760,1,145,1,152,1,230,1,230
transfer_cube,Gaussian recovery,23,96009,noise_objects,1,1,0.014259589836001396,0.003571363769005984,e064702986ccc9d7d6b7fda0d554a6af6759091a5dfddbeed05a092d6147bf89,33ec8b9c7f2462ee5a7a92c17d41e2cff0e377b78f184e9a1e04121fe8e936b7,1,140,1,144,1,223,1,223
transfer_cube,Gaussian recovery,23,96009,noise_low_support,1,1,0.014427266083657742,0.005948744556517341,e064702986ccc9d7d6b7fda0d554a6af6759091a5dfddbeed05a092d6147bf89,d364e66fc8b24aef9bd46f49f2cef38cd2629d17846e66410cdddc239550bfd1,1,141,1,145,1,296,1,296
transfer_cube,Gaussian recovery,23,96009,noise_supported,1,1,0.014978866092860699,0.007914140312932432,e064702986ccc9d7d6b7fda0d554a6af6759091a5dfddbeed05a092d6147bf89,fbe34338ad6a45893fadd5aedf869f9072e0b6bd64b55a749a1d11ae007d4465,1,142,1,149,1,229,1,229
transfer_cube,Gaussian recovery,23,96009,replan_1,0,0,0.01830425299704075,0.0,e064702986ccc9d7d6b7fda0d554a6af6759091a5dfddbeed05a092d6147bf89,5f9e342880de85deb26f889bc13da47e92eb6c38f6565f2573b9b3ca87abd6d7,1,135,1,146,0,-1,0,-1
transfer_cube,Gaussian recovery,23,96009,replan_1_ensemble,1,1,0.009156288534261581,0.0,e064702986ccc9d7d6b7fda0d554a6af6759091a5dfddbeed05a092d6147bf89,77d48f3c8326405a3d029f774afc596aeada4db35297c28644642e2702297f84,1,145,1,145,1,294,1,294
transfer_cube,Gaussian recovery,23,96009,replan_16,1,1,0.012732203118503094,0.0,e064702986ccc9d7d6b7fda0d554a6af6759091a5dfddbeed05a092d6147bf89,3c3c685d780ece1bbac0ac87c4f4e7e0d04ac2d6748af6e38b312991061b4b12,1,143,1,151,1,289,1,289
transfer_cube,Gaussian recovery,23,96010,nominal,1,1,0.013033568859100342,0.0,e064702986ccc9d7d6b7fda0d554a6af6759091a5dfddbeed05a092d6147bf89,a6128c916c137183a2bf4e03072328636ba3675ae2a5994e70346bdf71c33032,1,143,1,144,1,291,1,291
transfer_cube,Gaussian recovery,23,96010,observation_noise,1,1,0.01617232896387577,0.011102859526872635,e064702986ccc9d7d6b7fda0d554a6af6759091a5dfddbeed05a092d6147bf89,a516583b333575f3803b00cc5b554ec2e9d6110f1e2dc38bcc8b29ce3b804ea3,1,148,1,158,1,223,1,223
transfer_cube,Gaussian recovery,23,96010,noise_joints,1,1,0.015853960067033768,0.010604086457751691,e064702986ccc9d7d6b7fda0d554a6af6759091a5dfddbeed05a092d6147bf89,69d2770d8983170e9c0f0aa6a717abef93d27b1d5e520d282dcdfd32b8451ee4,1,148,1,153,1,225,1,225
transfer_cube,Gaussian recovery,23,96010,noise_objects,1,1,0.013320263475179672,0.0033686593815218657,e064702986ccc9d7d6b7fda0d554a6af6759091a5dfddbeed05a092d6147bf89,fcfd34b2043bb3352f40ac0affd65c92dd927ce9356792e4f351f3a363fce036,1,144,1,152,1,291,1,291
transfer_cube,Gaussian recovery,23,96010,noise_low_support,1,1,0.015158124268054962,0.006646965220134007,e064702986ccc9d7d6b7fda0d554a6af6759091a5dfddbeed05a092d6147bf89,fa9b34eb3e0bb1c8b2643e661517dcea7cc8abcd886c491e6a2734f0412fae4d,1,145,1,152,1,223,1,223
transfer_cube,Gaussian recovery,23,96010,noise_supported,1,1,0.01481986790895462,0.007325533577241004,e064702986ccc9d7d6b7fda0d554a6af6759091a5dfddbeed05a092d6147bf89,7bc26c05c6ae6c6e4831db2cf9c79b40392769f98971cdb6f18f037114541489,1,143,1,153,1,225,1,225
transfer_cube,Gaussian recovery,23,96010,replan_1,0,0,0.022284191101789474,0.0,e064702986ccc9d7d6b7fda0d554a6af6759091a5dfddbeed05a092d6147bf89,7c6dd9424181f0ab13362415359fa4d2f79aef5f8384559e4891b81f4bcdfaea,1,147,1,154,0,-1,0,-1
transfer_cube,Gaussian recovery,23,96010,replan_1_ensemble,1,1,0.008970634872107862,0.0,e064702986ccc9d7d6b7fda0d554a6af6759091a5dfddbeed05a092d6147bf89,3677b855bfb9192b61288436078de8c535f6b1826073aad045f2a5c82eb75b64,1,146,1,150,1,293,1,293
transfer_cube,Gaussian recovery,23,96010,replan_16,1,1,0.012554247863590717,0.0,e064702986ccc9d7d6b7fda0d554a6af6759091a5dfddbeed05a092d6147bf89,7932ca222c8e149fc81ea9f25672c741178b1dc099502c1f1004d5c9d9e52677,1,144,1,159,1,290,1,290
transfer_cube,Gaussian recovery,23,96011,nominal,1,0,0.013820088468492031,0.0,e064702986ccc9d7d6b7fda0d554a6af6759091a5dfddbeed05a092d6147bf89,30521724004b0b1af3921915e002451f9b626804a7bf981f6851ad5a230d2567,1,143,1,144,1,223,1,223
transfer_cube,Gaussian recovery,23,96011,observation_noise,1,1,0.015437256544828415,0.008901611478067934,e064702986ccc9d7d6b7fda0d554a6af6759091a5dfddbeed05a092d6147bf89,cfd667827ffcb6627b169df52b6c42b156f35d4bdf62ca3adf51b30e52adfc77,1,146,1,148,1,228,1,228
transfer_cube,Gaussian recovery,23,96011,noise_joints,1,1,0.014201097190380096,0.00788645021384582,e064702986ccc9d7d6b7fda0d554a6af6759091a5dfddbeed05a092d6147bf89,fb105a937ad3d3411668575c983ec256d0c6dfdae5c2a76c6900c1e6edd2688b,1,143,1,152,1,295,1,295
transfer_cube,Gaussian recovery,23,96011,noise_objects,1,1,0.014041012153029442,0.0035958687693346293,e064702986ccc9d7d6b7fda0d554a6af6759091a5dfddbeed05a092d6147bf89,7ef7045c1fdc987e4ded7861d5108567cfbc7eca4cd5fb6122e618007fd40523,1,143,1,148,1,222,1,222
transfer_cube,Gaussian recovery,23,96011,noise_low_support,1,1,0.013644267804920673,0.004490975158114452,e064702986ccc9d7d6b7fda0d554a6af6759091a5dfddbeed05a092d6147bf89,a592e7f1b886b5a759da1a08573044cbba269139dab41b1363a4b89934331668,1,144,1,152,1,224,1,224
transfer_cube,Gaussian recovery,23,96011,noise_supported,1,1,0.014862572774291039,0.007516563422977924,e064702986ccc9d7d6b7fda0d554a6af6759091a5dfddbeed05a092d6147bf89,3eb48fda17a14ab4cbe1cf4d4a82c60201e3a63470fa45550d61b698bfc8073e,1,143,1,143,1,224,1,224
transfer_cube,Gaussian recovery,23,96011,replan_1,0,0,0.0185525082051754,0.0,e064702986ccc9d7d6b7fda0d554a6af6759091a5dfddbeed05a092d6147bf89,e2eafbcb5e888ebe7737837646f4fbefe5eba1ff7f005e4907a438e585b4318b,1,149,0,-1,0,-1,0,-1
transfer_cube,Gaussian recovery,23,96011,replan_1_ensemble,1,1,0.008938321019268308,0.0,e064702986ccc9d7d6b7fda0d554a6af6759091a5dfddbeed05a092d6147bf89,68b56cfc42ccecd1e65075d43352cc75666dbf99b105bdbd0494861fbf2adcb0,1,147,1,161,1,229,1,229
transfer_cube,Gaussian recovery,23,96011,replan_16,1,1,0.012367094866931438,0.0,e064702986ccc9d7d6b7fda0d554a6af6759091a5dfddbeed05a092d6147bf89,6c6239ae912c57e207c19210915d436977eae939964897080e4d2974dcfb6724,1,146,1,148,1,226,1,226
transfer_cube,Gaussian recovery,23,96012,nominal,1,1,0.014622440561652184,0.0,e064702986ccc9d7d6b7fda0d554a6af6759091a5dfddbeed05a092d6147bf89,0fb063dd82fa5469ad5071f30f10116093485a9df5a0887cf7746a1898447cc3,1,137,1,144,1,290,1,290
transfer_cube,Gaussian recovery,23,96012,observation_noise,0,0,0.04697492718696594,0.013249008664861322,e064702986ccc9d7d6b7fda0d554a6af6759091a5dfddbeed05a092d6147bf89,acc03990a616d345600fa71ba2c0cc953ea8d87f6f458377cec43c77c9367621,1,128,1,143,0,-1,0,-1
transfer_cube,Gaussian recovery,23,96012,noise_joints,0,0,0.043042849749326706,0.013710798006504774,e064702986ccc9d7d6b7fda0d554a6af6759091a5dfddbeed05a092d6147bf89,1258ea05d6fa157febf3f0d79fe5b494dc00413d35ff1ac61773f20a4116ecd3,1,133,1,146,0,-1,0,-1
transfer_cube,Gaussian recovery,23,96012,noise_objects,1,1,0.014962255023419857,0.0033421387101407163,e064702986ccc9d7d6b7fda0d554a6af6759091a5dfddbeed05a092d6147bf89,51f1cf8bd36fbf9b4f961af91968d34eb71b3bd7d3e1c2bab79b32a72329ce85,1,142,1,144,1,290,1,290
transfer_cube,Gaussian recovery,23,96012,noise_low_support,1,1,0.016150034964084625,0.006497587813064456,e064702986ccc9d7d6b7fda0d554a6af6759091a5dfddbeed05a092d6147bf89,d7eda18e1872012b6b0685f8aeb395b09b63c3b531469f43f960dd8f67a22219,1,134,1,144,1,291,1,291
transfer_cube,Gaussian recovery,23,96012,noise_supported,1,1,0.015578145161271095,0.00807561576133594,e064702986ccc9d7d6b7fda0d554a6af6759091a5dfddbeed05a092d6147bf89,4ccff9e9a3bbdbfd6e43c3ee75520da1016d497d195a6c2d85171f5dfa418a6a,1,128,1,130,1,285,1,285
transfer_cube,Gaussian recovery,23,96012,replan_1,0,0,0.017567142844200134,0.0,e064702986ccc9d7d6b7fda0d554a6af6759091a5dfddbeed05a092d6147bf89,396c56cd10cd312a042c2be6cfdba583c98efd74e020582fcc26ec01a6424d63,0,-1,0,-1,0,-1,0,-1
transfer_cube,Gaussian recovery,23,96012,replan_1_ensemble,0,0,0.008994206293548034,0.0,e064702986ccc9d7d6b7fda0d554a6af6759091a5dfddbeed05a092d6147bf89,76cc9cbe9a1b0048ddad64a3b4bfeb873aaec03fa203e9be9529be1992b61f45,1,137,1,155,0,-1,0,-1
transfer_cube,Gaussian recovery,23,96012,replan_16,1,1,0.013861340470612049,0.0,e064702986ccc9d7d6b7fda0d554a6af6759091a5dfddbeed05a092d6147bf89,0c82f0ad174309cdf7c022e472a1e620286907e698de486a7d8a05ade4db8a3d,1,150,1,154,1,290,1,290
transfer_cube,Gaussian recovery,23,96013,nominal,1,1,0.012992157600820065,0.0,e064702986ccc9d7d6b7fda0d554a6af6759091a5dfddbeed05a092d6147bf89,c455ab793c3e20c85d27b450d1086dec2787511bd108292a88f914ae19f92455,1,143,1,152,1,291,1,291
transfer_cube,Gaussian recovery,23,96013,observation_noise,1,1,0.014845865778625011,0.009655451872386039,e064702986ccc9d7d6b7fda0d554a6af6759091a5dfddbeed05a092d6147bf89,992425b00a8c68eb773b09d3ba8cbbdff75cb7a035909ba111a927fef57cd989,1,140,1,145,1,238,1,238
transfer_cube,Gaussian recovery,23,96013,noise_joints,1,1,0.014521458186209202,0.008698981357738375,e064702986ccc9d7d6b7fda0d554a6af6759091a5dfddbeed05a092d6147bf89,8d0f40f4031dd0cdde2d87cc7109366c7342810b9e279282f294029b05fc33b1,1,140,1,145,1,238,1,238
transfer_cube,Gaussian recovery,23,96013,noise_objects,1,1,0.013321112841367722,0.0032383318775100634,e064702986ccc9d7d6b7fda0d554a6af6759091a5dfddbeed05a092d6147bf89,91d9cffd5fa43f27a7916a287fff958bff414763f68c6a4bf5988c980578e8da,1,143,1,152,1,291,1,291
transfer_cube,Gaussian recovery,23,96013,noise_low_support,1,1,0.013965952210128307,0.005879399066325277,e064702986ccc9d7d6b7fda0d554a6af6759091a5dfddbeed05a092d6147bf89,6d6740de9714b151a4299d0a0fd4668822bb0654c5912d5b49e0617603e115c0,1,143,1,143,1,295,1,295
transfer_cube,Gaussian recovery,23,96013,noise_supported,1,1,0.013795765116810799,0.00690179716097191,e064702986ccc9d7d6b7fda0d554a6af6759091a5dfddbeed05a092d6147bf89,2bd6d76a56d5813ef9039f4151ff127e06667a985ccbb714d6e1f82fa2eb437b,1,137,1,152,1,291,1,291
transfer_cube,Gaussian recovery,23,96013,replan_1,0,0,0.029874933883547783,0.0,e064702986ccc9d7d6b7fda0d554a6af6759091a5dfddbeed05a092d6147bf89,898755fd187e19a1a141f6c7111f9fac760d5e01adc6cbe40077f6144d6b1d80,1,148,1,151,0,-1,0,-1
transfer_cube,Gaussian recovery,23,96013,replan_1_ensemble,1,1,0.00892529804933954,0.0,e064702986ccc9d7d6b7fda0d554a6af6759091a5dfddbeed05a092d6147bf89,32f47ad9ab1710e51303c925afa602b0dca6636ef7d38bdc45193b4b05f144c4,1,145,1,161,1,293,1,293
transfer_cube,Gaussian recovery,23,96013,replan_16,1,1,0.012501043267548084,0.0,e064702986ccc9d7d6b7fda0d554a6af6759091a5dfddbeed05a092d6147bf89,437f66ba7332a8ace5729d424b2ec84205e2c325f460944d6cfa6d8261be01c2,1,146,1,148,1,290,1,290
transfer_cube,Gaussian recovery,23,96014,nominal,1,1,0.013096346519887447,0.0,e064702986ccc9d7d6b7fda0d554a6af6759091a5dfddbeed05a092d6147bf89,88956d20feec90102c3c571c20377c6de8e7770b2de67ff29a9d0447aad17330,1,143,1,143,1,290,1,290
transfer_cube,Gaussian recovery,23,96014,observation_noise,1,1,0.014898553490638733,0.009684346932917833,e064702986ccc9d7d6b7fda0d554a6af6759091a5dfddbeed05a092d6147bf89,d95a0acf8a55ac88271e14ccbb8ed42abfdd9746a06f01f90c55c1903b9243d7,1,144,1,144,1,290,1,290
transfer_cube,Gaussian recovery,23,96014,noise_joints,1,1,0.014812837354838848,0.0091218829061836,e064702986ccc9d7d6b7fda0d554a6af6759091a5dfddbeed05a092d6147bf89,f734e486e9e9c0f9056619fb230e60715cf39f57e7f2e9b23552b263b09d43ca,1,145,1,146,1,288,1,288
transfer_cube,Gaussian recovery,23,96014,noise_objects,1,1,0.01336674764752388,0.003228768039261922,e064702986ccc9d7d6b7fda0d554a6af6759091a5dfddbeed05a092d6147bf89,482745544a120b29f7af17f668173bd567c3b4bc2a094dfe16f1233db6f0b1b8,1,143,1,148,1,290,1,290
transfer_cube,Gaussian recovery,23,96014,noise_low_support,1,1,0.01413791999220848,0.006010094533558004,e064702986ccc9d7d6b7fda0d554a6af6759091a5dfddbeed05a092d6147bf89,0ceab040790fccaf2b71460256ba69c9c2f00dc5aea05d78aca9496ee9a4ae72,1,146,1,152,1,289,1,289
transfer_cube,Gaussian recovery,23,96014,noise_supported,1,1,0.014120169915258884,0.00707052402663976,e064702986ccc9d7d6b7fda0d554a6af6759091a5dfddbeed05a092d6147bf89,3759e86e4a644d207cf72d0f6ed580f876105ed054cfcad3eb95c4da446d41fb,1,146,1,146,1,291,1,291
transfer_cube,Gaussian recovery,23,96014,replan_1,0,0,0.023113910108804703,0.0,e064702986ccc9d7d6b7fda0d554a6af6759091a5dfddbeed05a092d6147bf89,8396277b52e91b794ccd1621174222a93717d17e4298dae11e2425c0178f4f1a,1,154,1,167,0,-1,0,-1
transfer_cube,Gaussian recovery,23,96014,replan_1_ensemble,1,1,0.008972796527696704,0.0,e064702986ccc9d7d6b7fda0d554a6af6759091a5dfddbeed05a092d6147bf89,e4c0232971152f04eb1e74efe40148bfaf7f04cce891fb6493f6007d14a29f84,1,147,1,154,1,292,1,292
transfer_cube,Gaussian recovery,23,96014,replan_16,1,1,0.012625331990420818,0.0,e064702986ccc9d7d6b7fda0d554a6af6759091a5dfddbeed05a092d6147bf89,11a547c891fe348ee90c7e774013b4339cdd31447f353a5f309b261b6e2527ec,1,147,1,158,1,290,1,290
transfer_cube,Gaussian recovery,23,96015,nominal,1,1,0.013755829073488712,0.0,e064702986ccc9d7d6b7fda0d554a6af6759091a5dfddbeed05a092d6147bf89,afda8f3982ab3999c3780120ca80d2842d0eac97b23383b67da8d7f100ea7466,1,143,1,148,1,222,1,222
transfer_cube,Gaussian recovery,23,96015,observation_noise,1,1,0.015479423105716705,0.009585907994769514,e064702986ccc9d7d6b7fda0d554a6af6759091a5dfddbeed05a092d6147bf89,260a8c782cb58a031209c901655322506626eae8e8f5d2fd2f47ac9645f41008,1,152,1,152,1,225,1,225
transfer_cube,Gaussian recovery,23,96015,noise_joints,1,1,0.01490473747253418,0.008281872277148068,e064702986ccc9d7d6b7fda0d554a6af6759091a5dfddbeed05a092d6147bf89,3b6a3915580115ba9f92a355dee0d0f1c8c916c53ccfff67c4c55601abefc8c9,1,152,1,152,1,224,1,224
transfer_cube,Gaussian recovery,23,96015,noise_objects,1,1,0.013955673202872276,0.0037964735738933086,e064702986ccc9d7d6b7fda0d554a6af6759091a5dfddbeed05a092d6147bf89,73d80c975c042ee269902f0d300cb735935ecf0a66c589e4d2d18ed25bf3686b,1,146,1,146,1,222,1,222
transfer_cube,Gaussian recovery,23,96015,noise_low_support,1,1,0.014699435792863369,0.005338457281723095,e064702986ccc9d7d6b7fda0d554a6af6759091a5dfddbeed05a092d6147bf89,20cb2b740cf2fc4abe9c376f8f135d0e01e0b1d58430d7d94739dd7fbbebbf68,1,145,1,152,1,221,1,221
transfer_cube,Gaussian recovery,23,96015,noise_supported,1,1,0.014457780867815018,0.007491389149799943,e064702986ccc9d7d6b7fda0d554a6af6759091a5dfddbeed05a092d6147bf89,4f106d6e72307854713976f1ecc0e1dc9e2bee207fd38a0156425d76d20ba9fc,1,150,1,151,1,221,1,221
transfer_cube,Gaussian recovery,23,96015,replan_1,1,1,0.01838081143796444,0.0,e064702986ccc9d7d6b7fda0d554a6af6759091a5dfddbeed05a092d6147bf89,91ea5a675772e6fddf99aa9ebed8f08a1f3b17c02951ab2a979c4a21e1c14188,1,141,1,143,1,293,1,293
transfer_cube,Gaussian recovery,23,96015,replan_1_ensemble,1,1,0.008998573883813834,0.0,e064702986ccc9d7d6b7fda0d554a6af6759091a5dfddbeed05a092d6147bf89,518af153926dd83a1d3ccf555b455ec91a7a5f43b75afd2f37efffda6e4dd833,1,142,1,164,1,226,1,226
transfer_cube,Gaussian recovery,23,96015,replan_16,1,1,0.012423024512827396,0.0,e064702986ccc9d7d6b7fda0d554a6af6759091a5dfddbeed05a092d6147bf89,b95a7e8d5ddd22d246e06c2a8abb3a83f50443ac1158716685fea7fdcbc842db,1,147,1,157,1,223,1,223
transfer_cube,Gaussian recovery,23,96016,nominal,1,1,0.01375420019030571,0.0,e064702986ccc9d7d6b7fda0d554a6af6759091a5dfddbeed05a092d6147bf89,b3a6d4fb2d4fb3f56f05649ca1738b2a18dafe026dc462bd62f1025ccebeb25f,1,142,1,155,1,225,1,225
transfer_cube,Gaussian recovery,23,96016,observation_noise,1,1,0.014810782857239246,0.00924200113862753,e064702986ccc9d7d6b7fda0d554a6af6759091a5dfddbeed05a092d6147bf89,017606e929d5ef3ed2e0412f0cfdd47a989d175fb76328b81ec8f75acf4707ab,1,145,1,147,1,231,1,231
transfer_cube,Gaussian recovery,23,96016,noise_joints,1,1,0.01451096311211586,0.008383206664584577,e064702986ccc9d7d6b7fda0d554a6af6759091a5dfddbeed05a092d6147bf89,d7212cade36d8fd74383ab48bf2601d13984a8b05a5407e30ad7dc14d1f02070,1,142,1,147,1,224,1,224
transfer_cube,Gaussian recovery,23,96016,noise_objects,1,1,0.014214493334293365,0.0036708817386534066,e064702986ccc9d7d6b7fda0d554a6af6759091a5dfddbeed05a092d6147bf89,4f4b0e2be66d3baf015914285ea075112f92147ca4c7369c720682425c30abfc,1,144,1,156,1,225,1,225
transfer_cube,Gaussian recovery,23,96016,noise_low_support,1,1,0.014227801002562046,0.005114570514997467,e064702986ccc9d7d6b7fda0d554a6af6759091a5dfddbeed05a092d6147bf89,89997bd57ddb2dfbd525d235a60b937bfb9373cb3958be61f7ffe0ed88205f26,1,140,1,155,1,218,1,218
transfer_cube,Gaussian recovery,23,96016,noise_supported,1,1,0.013874166645109653,0.006843211478553712,e064702986ccc9d7d6b7fda0d554a6af6759091a5dfddbeed05a092d6147bf89,16a98142063b48ef1efa78ce3cd2a5b80bd81ec427d353ea4063227bdd77e98b,1,145,1,146,1,224,1,224
transfer_cube,Gaussian recovery,23,96016,replan_1,0,0,0.018451008945703506,0.0,e064702986ccc9d7d6b7fda0d554a6af6759091a5dfddbeed05a092d6147bf89,2a7d18884118bbc83c504173f29977bd7f5aea99e7ff2cad1ad4662163edfb0e,1,144,1,169,0,-1,0,-1
transfer_cube,Gaussian recovery,23,96016,replan_1_ensemble,1,1,0.008913859088825757,0.0,e064702986ccc9d7d6b7fda0d554a6af6759091a5dfddbeed05a092d6147bf89,89ab9bd7e50e5a8189d863c1aabca0d441ec007fa46da67b982b5bf37a8f61ab,1,143,1,162,1,226,1,226
transfer_cube,Gaussian recovery,23,96016,replan_16,1,1,0.012468100525438786,0.0,e064702986ccc9d7d6b7fda0d554a6af6759091a5dfddbeed05a092d6147bf89,cf43eeff6eea08d200308df2f7bbdccc223d00b889057b2f410d24b6d97ee0b3,1,146,1,154,1,290,1,290
transfer_cube,Gaussian recovery,23,96017,nominal,1,1,0.013947476632893085,0.0,e064702986ccc9d7d6b7fda0d554a6af6759091a5dfddbeed05a092d6147bf89,4aab4742438b390b27d6886eb18ec9f63aac44133f3b06c14f1513fd86f2defa,1,144,1,144,1,222,1,222
transfer_cube,Gaussian recovery,23,96017,observation_noise,1,1,0.015828033909201622,0.009981443118304014,e064702986ccc9d7d6b7fda0d554a6af6759091a5dfddbeed05a092d6147bf89,b707d389d5ab3ee2401c3ffbfb12e7ae6ca69bbd40045289e6c33d8fc5630ae9,1,142,1,152,1,218,1,218
transfer_cube,Gaussian recovery,23,96017,noise_joints,1,1,0.015967030078172684,0.009286663327366114,e064702986ccc9d7d6b7fda0d554a6af6759091a5dfddbeed05a092d6147bf89,7321833a02beac214b992709640f9d1acb4ddc0bf5cdbc3b0d3902dd0148a4f4,1,141,1,141,1,232,1,232
transfer_cube,Gaussian recovery,23,96017,noise_objects,1,1,0.014000832103192806,0.0038137802050914617,e064702986ccc9d7d6b7fda0d554a6af6759091a5dfddbeed05a092d6147bf89,576d2a50986119a0bc9a9529d7938b5cb60653e5412086981397a821b3f15927,1,145,1,148,1,223,1,223
transfer_cube,Gaussian recovery,23,96017,noise_low_support,1,1,0.015191670507192612,0.007258275180938654,e064702986ccc9d7d6b7fda0d554a6af6759091a5dfddbeed05a092d6147bf89,8ec9d84f6cfa991111719bb08920045d51e235609a78fd97d4c5a160a39aedc7,1,144,1,144,1,224,1,224
transfer_cube,Gaussian recovery,23,96017,noise_supported,1,1,0.01453972514718771,0.006842225845903158,e064702986ccc9d7d6b7fda0d554a6af6759091a5dfddbeed05a092d6147bf89,5df63f928530d1b858d617c458b41c4b6222030241c4c9f717a7536148262b67,1,147,1,150,1,218,1,218
transfer_cube,Gaussian recovery,23,96017,replan_1,1,1,0.01821424625813961,0.0,e064702986ccc9d7d6b7fda0d554a6af6759091a5dfddbeed05a092d6147bf89,ff34167b0e93ae0dbd9a0d3fe5c2a754686ebe12cecee5ea114114e05c252780,1,148,1,148,1,295,1,295
transfer_cube,Gaussian recovery,23,96017,replan_1_ensemble,1,1,0.008929171388472662,0.0,e064702986ccc9d7d6b7fda0d554a6af6759091a5dfddbeed05a092d6147bf89,fdb77e820f120e642b5f1e522e7583ac815eee8b3a3812c87bd2030a9f681e06,1,146,1,150,1,227,1,227
transfer_cube,Gaussian recovery,23,96017,replan_16,1,1,0.012525978498160839,0.0,e064702986ccc9d7d6b7fda0d554a6af6759091a5dfddbeed05a092d6147bf89,8a4bd71f17bdc8b214ebdd4c4e5ad0baf17ddd94e3f06095bbe28007ccd9ae53,1,150,1,151,1,217,1,217
transfer_cube,Gaussian recovery,23,96018,nominal,1,1,0.014695215970277786,0.0,e064702986ccc9d7d6b7fda0d554a6af6759091a5dfddbeed05a092d6147bf89,e9da28242c596a40a4934465f25e928bfe9388fbc88e7e2d68a23e9f9a4d54c5,1,139,1,144,1,289,1,289
transfer_cube,Gaussian recovery,23,96018,observation_noise,1,1,0.017439482733607292,0.00919419376179576,e064702986ccc9d7d6b7fda0d554a6af6759091a5dfddbeed05a092d6147bf89,d7703da2d96a8b93c88f21e032869ef29ae55fb44edce2eacaf7c1148cee88b0,1,147,1,150,1,295,1,295
transfer_cube,Gaussian recovery,23,96018,noise_joints,1,1,0.01711198128759861,0.008444407554343343,e064702986ccc9d7d6b7fda0d554a6af6759091a5dfddbeed05a092d6147bf89,d559b3e564ca4e7e77e02f42d90f1ab017a2d59284812f49b34c9a1a0cc0a9d7,1,145,1,150,1,294,1,294
transfer_cube,Gaussian recovery,23,96018,noise_objects,1,1,0.015021046623587608,0.0032800523657351734,e064702986ccc9d7d6b7fda0d554a6af6759091a5dfddbeed05a092d6147bf89,c6fe56f2ab43948abea9fb4a7574bbac1237873f6f87f4fd68517d22c8aac536,1,139,1,144,1,289,1,289
transfer_cube,Gaussian recovery,23,96018,noise_low_support,1,1,0.016665061935782433,0.006019042954721954,e064702986ccc9d7d6b7fda0d554a6af6759091a5dfddbeed05a092d6147bf89,0c20c3080f7b87fa2680b14875cadc07bdbd675658132d489b334123577dcde8,1,144,1,150,1,291,1,291
transfer_cube,Gaussian recovery,23,96018,noise_supported,1,1,0.015309342183172703,0.006487050331197679,e064702986ccc9d7d6b7fda0d554a6af6759091a5dfddbeed05a092d6147bf89,704079cbfa9933bbf1107ea563765dcd31f1aa7e9884264d1723502ed5390dfa,1,140,1,144,1,294,1,294
transfer_cube,Gaussian recovery,23,96018,replan_1,0,0,0.017500875517725945,0.0,e064702986ccc9d7d6b7fda0d554a6af6759091a5dfddbeed05a092d6147bf89,3b71ab07d13fe9d98cf1adbdc2016f221526abb9c5d7abd8e9c5d4f5824b50ac,0,-1,0,-1,0,-1,0,-1
transfer_cube,Gaussian recovery,23,96018,replan_1_ensemble,1,1,0.009268481823753985,0.0,e064702986ccc9d7d6b7fda0d554a6af6759091a5dfddbeed05a092d6147bf89,681ddc99627afd51d325df6bc7157b6fae7ed47445996a3c7f2a10cdb33b29c8,1,137,1,160,1,291,1,291
transfer_cube,Gaussian recovery,23,96018,replan_16,1,1,0.013859814964234829,0.0,e064702986ccc9d7d6b7fda0d554a6af6759091a5dfddbeed05a092d6147bf89,43ad072284e904871b651b683c4dab0f642d3720f360e645430e6111f7750132,1,147,1,155,1,293,1,293
transfer_cube,Gaussian recovery,23,96019,nominal,1,1,0.014085817150771618,0.0,e064702986ccc9d7d6b7fda0d554a6af6759091a5dfddbeed05a092d6147bf89,c624582f66fd0b1618f31cd30ca8034bc945534edbb5ea31366e41730c95bfe1,1,147,1,155,1,225,1,225
transfer_cube,Gaussian recovery,23,96019,observation_noise,1,1,0.015523640438914299,0.010881312270648778,e064702986ccc9d7d6b7fda0d554a6af6759091a5dfddbeed05a092d6147bf89,e8ba9adf2e719fbed71c755f504f8a1c8b5802926eb1ca47ba5dfc8f50fd2633,1,144,1,147,1,282,1,282
transfer_cube,Gaussian recovery,23,96019,noise_joints,1,1,0.01538050826638937,0.009591375160962343,e064702986ccc9d7d6b7fda0d554a6af6759091a5dfddbeed05a092d6147bf89,10fd0b4ac86b1907823f6870d3aa457764c9986757da3d4cea01215253e47066,1,143,1,147,1,218,1,218
transfer_cube,Gaussian recovery,23,96019,noise_objects,1,1,0.01400178112089634,0.004146030797855928,e064702986ccc9d7d6b7fda0d554a6af6759091a5dfddbeed05a092d6147bf89,a8a88ae3e831df0ee0306e3babba49c7f9007e7055a289e5dad16de05150306a,1,146,1,146,1,221,1,221
transfer_cube,Gaussian recovery,23,96019,noise_low_support,1,1,0.015408315695822239,0.007094862279918743,e064702986ccc9d7d6b7fda0d554a6af6759091a5dfddbeed05a092d6147bf89,be8f20358151c3989c7cb028f09073f65f6cf909d577760e3e1eb40efb2466b4,1,140,1,147,1,217,1,217
transfer_cube,Gaussian recovery,23,96019,noise_supported,1,1,0.014731677249073982,0.007345916931517422,e064702986ccc9d7d6b7fda0d554a6af6759091a5dfddbeed05a092d6147bf89,bfeee6e011a8c9721da653d0af03ab435734c0080b7cbdcdb1b6448cf99acf24,1,146,1,154,1,222,1,222
transfer_cube,Gaussian recovery,23,96019,replan_1,1,1,0.018277304247021675,0.0,e064702986ccc9d7d6b7fda0d554a6af6759091a5dfddbeed05a092d6147bf89,0e3799f46858fbf53e3d10dca5411fe96d9615381d66b34a47ec6f9a14407369,1,141,1,148,1,285,1,285
transfer_cube,Gaussian recovery,23,96019,replan_1_ensemble,1,1,0.008984056534453796,0.0,e064702986ccc9d7d6b7fda0d554a6af6759091a5dfddbeed05a092d6147bf89,d38a34eb334073ed15bdf5c280dd0f6bf0faee2739ebe667ae8891e51d05cf0a,1,146,1,157,1,227,1,227
transfer_cube,Gaussian recovery,23,96019,replan_16,1,1,0.012878171168267727,0.0,e064702986ccc9d7d6b7fda0d554a6af6759091a5dfddbeed05a092d6147bf89,4a90f2261d051c6de63a17866208fba6e72dd3c325ca363bfe55579d26afe966,1,151,1,158,1,224,1,224
transfer_cube,Gaussian recovery,31,96000,nominal,1,1,0.012970534153282642,0.0,7ba04ca1a93a8035d9d77b34ab0b366b7c7cdf10e8fb00b95f4282511e860627,08cf5259aeab8f74e7a647fb1f138108221ec9fdbb68dccdd0b5fdbb19e29dc9,1,161,1,161,1,288,1,288
transfer_cube,Gaussian recovery,31,96000,observation_noise,1,1,0.015328644774854183,0.009552840990945697,7ba04ca1a93a8035d9d77b34ab0b366b7c7cdf10e8fb00b95f4282511e860627,6fb19476f2faa7ecb12e3cbd835ffee69906513590f33bf9bf80b7ea72b12c48,1,159,1,160,1,289,1,289
transfer_cube,Gaussian recovery,31,96000,noise_joints,1,1,0.014842591248452663,0.008331380728632211,7ba04ca1a93a8035d9d77b34ab0b366b7c7cdf10e8fb00b95f4282511e860627,c020a727ae10c16aedb50fd8f92fb79d3b0e71c6476a4c8c3dc9c9808b906c66,1,160,1,160,1,291,1,291
transfer_cube,Gaussian recovery,31,96000,noise_objects,1,1,0.013529522344470024,0.003721968848258257,7ba04ca1a93a8035d9d77b34ab0b366b7c7cdf10e8fb00b95f4282511e860627,5866ea9ab0ad6d384af538b68298653efb49b5f4cb3d9679d80262774bc93c9d,1,161,1,161,1,289,1,289
transfer_cube,Gaussian recovery,31,96000,noise_low_support,1,1,0.014214091934263706,0.004869584924308583,7ba04ca1a93a8035d9d77b34ab0b366b7c7cdf10e8fb00b95f4282511e860627,a6d80997802b5d12f3e0a994c2212343316f077411f4cbbd4a5fa60226541a76,1,162,1,162,1,292,1,292
transfer_cube,Gaussian recovery,31,96000,noise_supported,1,1,0.014197072945535183,0.007148685259744525,7ba04ca1a93a8035d9d77b34ab0b366b7c7cdf10e8fb00b95f4282511e860627,228fee3cf4de360f61028df9f740d08309d91255cb3f67c08057166feeec7fd6,1,159,1,159,1,286,1,286
transfer_cube,Gaussian recovery,31,96000,replan_1,0,0,0.02904108539223671,0.0,7ba04ca1a93a8035d9d77b34ab0b366b7c7cdf10e8fb00b95f4282511e860627,c147e17bece3df9a4c6bdb68993d59db1c2b81c658c384754006d2fcc262d014,0,-1,0,-1,0,-1,0,-1
transfer_cube,Gaussian recovery,31,96000,replan_1_ensemble,1,1,0.00886462437025112,0.0,7ba04ca1a93a8035d9d77b34ab0b366b7c7cdf10e8fb00b95f4282511e860627,04a9ce2f7844ea328f96390aa14791c61d27201234ae47471ce969eb499c001e,1,166,1,166,1,288,1,288
transfer_cube,Gaussian recovery,31,96000,replan_16,1,1,0.012872325256466866,0.0,7ba04ca1a93a8035d9d77b34ab0b366b7c7cdf10e8fb00b95f4282511e860627,94d68e309b241200cec55b0c5e0a6708a131f6ade93a9c98d956569d8703eb54,1,156,1,156,1,289,1,289
transfer_cube,Gaussian recovery,31,96001,nominal,1,1,0.013890287838876247,0.0,7ba04ca1a93a8035d9d77b34ab0b366b7c7cdf10e8fb00b95f4282511e860627,3644ad18fc428c317741e1b4827352b3e52c669b9cc09d0e41059aa6495de7a1,1,161,1,162,1,219,1,219
transfer_cube,Gaussian recovery,31,96001,observation_noise,1,1,0.01540831197053194,0.009375480627641082,7ba04ca1a93a8035d9d77b34ab0b366b7c7cdf10e8fb00b95f4282511e860627,8a2f54df87a1b30ea55679659a88e22f048951e4c06a77167579c72e7e2c5a33,1,145,1,146,1,288,1,288
transfer_cube,Gaussian recovery,31,96001,noise_joints,1,1,0.015388485975563526,0.008519433201290666,7ba04ca1a93a8035d9d77b34ab0b366b7c7cdf10e8fb00b95f4282511e860627,80f0b4f0ad9d09264b0a15ae5a483cdc4ad7f684ed66dfaf5e0019f952bc8546,1,145,1,145,1,289,1,289
transfer_cube,Gaussian recovery,31,96001,noise_objects,1,1,0.013266869820654392,0.0037054361344780774,7ba04ca1a93a8035d9d77b34ab0b366b7c7cdf10e8fb00b95f4282511e860627,a2634955ebad6f92efc531e53ba27ceec7551a3b82a9af771d5c96cf5794056d,1,157,1,170,1,217,1,217
transfer_cube,Gaussian recovery,31,96001,noise_low_support,1,1,0.01456617284566164,0.005772267400752753,7ba04ca1a93a8035d9d77b34ab0b366b7c7cdf10e8fb00b95f4282511e860627,ef9aa38d5d35a0bfea7d5302132e25d5610786646f103a739e8a1ffd4b11fc48,1,148,1,151,1,214,1,214
transfer_cube,Gaussian recovery,31,96001,noise_supported,1,1,0.013900901190936565,0.007289939078036696,7ba04ca1a93a8035d9d77b34ab0b366b7c7cdf10e8fb00b95f4282511e860627,3160ecec8b6c0b9ba64f83dd0f959464c5b0c6f9ff690ae196a64ddec8ffd443,1,151,1,151,1,217,1,217
transfer_cube,Gaussian recovery,31,96001,replan_1,1,1,0.014140734449028969,0.0,7ba04ca1a93a8035d9d77b34ab0b366b7c7cdf10e8fb00b95f4282511e860627,16f4d39639859fb6c6dd814d770b3f769d693a739e5fa28b8eafd64dcae3f3d3,1,156,1,167,1,224,1,224
transfer_cube,Gaussian recovery,31,96001,replan_1_ensemble,1,1,0.009089184699307662,0.0,7ba04ca1a93a8035d9d77b34ab0b366b7c7cdf10e8fb00b95f4282511e860627,3013fbcff6a594d8fd2a30c7f6528b8cf2ffb941f1163a94aa7c23b5723d7c9f,1,158,1,168,1,288,1,288
transfer_cube,Gaussian recovery,31,96001,replan_16,1,1,0.012445765547454357,0.0,7ba04ca1a93a8035d9d77b34ab0b366b7c7cdf10e8fb00b95f4282511e860627,26804024a743b20ea3ff8e3961a4a88ea9ddd8ed374f8911417c2b2408ca2ae0,1,155,1,162,1,219,1,219
transfer_cube,Gaussian recovery,31,96002,nominal,1,1,0.014000575989484787,0.0,7ba04ca1a93a8035d9d77b34ab0b366b7c7cdf10e8fb00b95f4282511e860627,5d31ae6c11a2c5357edb3b43970d11902c7cae4b18c16f0c94b77f01369f11c8,1,157,1,160,1,221,1,221
transfer_cube,Gaussian recovery,31,96002,observation_noise,1,1,0.015485539101064205,0.009268998014740647,7ba04ca1a93a8035d9d77b34ab0b366b7c7cdf10e8fb00b95f4282511e860627,3a7377a16840501fced3bc36f02c5c13cb984dd22545d0ea75f42dab6450c915,1,151,1,157,1,209,1,209
transfer_cube,Gaussian recovery,31,96002,noise_joints,1,1,0.014977164566516876,0.008600389356724919,7ba04ca1a93a8035d9d77b34ab0b366b7c7cdf10e8fb00b95f4282511e860627,125f438b75baf16f1aa900b081e9520e24f7548ce3e520adfd23d94c8c236a1d,1,151,1,157,1,208,1,208
transfer_cube,Gaussian recovery,31,96002,noise_objects,1,1,0.013279835693538189,0.0031866450875531883,7ba04ca1a93a8035d9d77b34ab0b366b7c7cdf10e8fb00b95f4282511e860627,a4407cc2cea8549057bc5db2ce8182bfb94b7f7fa2a136b561a9bce4170ae742,1,155,1,165,1,218,1,218
transfer_cube,Gaussian recovery,31,96002,noise_low_support,1,1,0.014608277007937431,0.005806181864172686,7ba04ca1a93a8035d9d77b34ab0b366b7c7cdf10e8fb00b95f4282511e860627,f808f645f29484d59efe59df03961d92c5bc6c0018bebb5b4a4b87dd8757da8d,1,149,1,149,1,215,1,215
transfer_cube,Gaussian recovery,31,96002,noise_supported,1,1,0.013770869933068752,0.006682010539807379,7ba04ca1a93a8035d9d77b34ab0b366b7c7cdf10e8fb00b95f4282511e860627,b6e676f3b2e11301e0044ec8912840f5bb0598acf6242a81f24e944ba0186b00,1,154,1,154,1,218,1,218
transfer_cube,Gaussian recovery,31,96002,replan_1,1,1,0.014361551031470299,0.0,7ba04ca1a93a8035d9d77b34ab0b366b7c7cdf10e8fb00b95f4282511e860627,ff83248a675887771439cac523a0aa4d429f9c5a8c3fd08ef4b461b648d8feed,1,155,1,166,1,230,1,230
transfer_cube,Gaussian recovery,31,96002,replan_1_ensemble,1,1,0.009241740139710332,0.0,7ba04ca1a93a8035d9d77b34ab0b366b7c7cdf10e8fb00b95f4282511e860627,5de7a68675a6b945e4a6a4bac2f8e0a7d64fec5218a198866fa7d063fb2b62aa,1,161,1,170,1,225,1,225
transfer_cube,Gaussian recovery,31,96002,replan_16,1,1,0.012537789531052113,0.0,7ba04ca1a93a8035d9d77b34ab0b366b7c7cdf10e8fb00b95f4282511e860627,a790349d6b4611936f9f5862afc861a1cb61da61bbc400b02f5c4807881e59aa,1,160,1,162,1,289,1,289
transfer_cube,Gaussian recovery,31,96003,nominal,0,0,0.04167553409934044,0.0,7ba04ca1a93a8035d9d77b34ab0b366b7c7cdf10e8fb00b95f4282511e860627,1c9c325e513775bdd3561e08ee749080a6e1e67e0ddc516be4aad25d8e223e86,1,153,0,-1,0,-1,0,-1
transfer_cube,Gaussian recovery,31,96003,observation_noise,0,0,0.04218166321516037,0.013663484756834805,7ba04ca1a93a8035d9d77b34ab0b366b7c7cdf10e8fb00b95f4282511e860627,6b16d928411832f8ea99e5f673380f87c3cfea335a7b0ceab1e229da9a8b81a2,1,149,0,-1,0,-1,0,-1
transfer_cube,Gaussian recovery,31,96003,noise_joints,0,0,0.042398352175951004,0.013207844104617833,7ba04ca1a93a8035d9d77b34ab0b366b7c7cdf10e8fb00b95f4282511e860627,c01922428a0e1533d41aae9f03903365fd704221022b44c5d6530095e7539c5a,1,148,0,-1,0,-1,0,-1
transfer_cube,Gaussian recovery,31,96003,noise_objects,0,0,0.041784320026636124,0.003109324472025037,7ba04ca1a93a8035d9d77b34ab0b366b7c7cdf10e8fb00b95f4282511e860627,317f57e38e6f37116fbb610b605e035f1a6bffda9cce2c7080470f521274a84d,1,153,0,-1,0,-1,0,-1
transfer_cube,Gaussian recovery,31,96003,noise_low_support,0,0,0.04219278693199158,0.009327664097654634,7ba04ca1a93a8035d9d77b34ab0b366b7c7cdf10e8fb00b95f4282511e860627,3f60e180f1e5f5805cdf16e5f34b391db1b6ee79107b08e2d1d9e475133ba9bf,1,141,0,-1,0,-1,0,-1
transfer_cube,Gaussian recovery,31,96003,noise_supported,0,0,0.04193953797221184,0.008030431703664362,7ba04ca1a93a8035d9d77b34ab0b366b7c7cdf10e8fb00b95f4282511e860627,f75a6ccedeb23edfc16f97ab65ca75d4e374a20846bc5c3232c8f2162c96a5b7,1,152,0,-1,0,-1,0,-1
transfer_cube,Gaussian recovery,31,96003,replan_1,0,0,0.040378399193286896,0.0,7ba04ca1a93a8035d9d77b34ab0b366b7c7cdf10e8fb00b95f4282511e860627,55b62c667b6391413e5b6b58fe82e776063ddfdaa701cf58af82d5a982a49279,0,-1,0,-1,0,-1,0,-1
transfer_cube,Gaussian recovery,31,96003,replan_1_ensemble,0,0,0.012093920352246273,0.0,7ba04ca1a93a8035d9d77b34ab0b366b7c7cdf10e8fb00b95f4282511e860627,91b7981c50563ea5e8e9b98ec4839600f75cdda492b2c970cbe8392b064981ce,0,-1,0,-1,0,-1,0,-1
transfer_cube,Gaussian recovery,31,96003,replan_16,0,0,0.03900414705276489,0.0,7ba04ca1a93a8035d9d77b34ab0b366b7c7cdf10e8fb00b95f4282511e860627,9bcfdcce84e4277552b79c6a23d201052bd06d8c2de6ba93b623bded33795926,1,143,0,-1,0,-1,0,-1
transfer_cube,Gaussian recovery,31,96004,nominal,0,0,0.038207657635211945,0.0,7ba04ca1a93a8035d9d77b34ab0b366b7c7cdf10e8fb00b95f4282511e860627,5a97c527aa24ca841b55fe13f09df9ac59ea060181e5aa6598b09306bc629901,1,164,1,166,0,-1,0,-1
transfer_cube,Gaussian recovery,31,96004,observation_noise,0,0,0.039452724158763885,0.013194450000301004,7ba04ca1a93a8035d9d77b34ab0b366b7c7cdf10e8fb00b95f4282511e860627,d420adaf650939aa6e497125618303ac371bfaac578e17ff5f7d539ecba48d5c,1,156,1,156,0,-1,0,-1
transfer_cube,Gaussian recovery,31,96004,noise_joints,0,0,0.042853932827711105,0.01378205742686987,7ba04ca1a93a8035d9d77b34ab0b366b7c7cdf10e8fb00b95f4282511e860627,6dd0d95b9bac700fd222aae4bc074d1b02fd4109962d480b827a6b63c3e0e28d,1,158,1,161,0,-1,0,-1
transfer_cube,Gaussian recovery,31,96004,noise_objects,0,0,0.03932690992951393,0.0034742706129327417,7ba04ca1a93a8035d9d77b34ab0b366b7c7cdf10e8fb00b95f4282511e860627,2df933868447422314073bc83cce91e3c8434c0f948b2e7a548e7e41d45d7a39,1,167,1,168,0,-1,0,-1
transfer_cube,Gaussian recovery,31,96004,noise_low_support,1,1,0.01765047013759613,0.00758056397375185,7ba04ca1a93a8035d9d77b34ab0b366b7c7cdf10e8fb00b95f4282511e860627,cbc265d4db4975021568b4ecf029caf268b6cc94951e798928bde6193527203c,1,156,1,156,1,287,1,287
transfer_cube,Gaussian recovery,31,96004,noise_supported,0,0,0.040849197655916214,0.007970537249930203,7ba04ca1a93a8035d9d77b34ab0b366b7c7cdf10e8fb00b95f4282511e860627,f70ad3672be075507de98a6bba6fb11df9285fe7ae93bfe40eb402f8cfbfa74e,1,159,1,159,0,-1,0,-1
transfer_cube,Gaussian recovery,31,96004,replan_1,0,0,0.03894450142979622,0.0,7ba04ca1a93a8035d9d77b34ab0b366b7c7cdf10e8fb00b95f4282511e860627,a8c538a2a903d805d92861365917820d98f486b2d9c68a853f5fbd89cff069b0,0,-1,0,-1,0,-1,0,-1
transfer_cube,Gaussian recovery,31,96004,replan_1_ensemble,0,0,0.012458660444287162,0.0,7ba04ca1a93a8035d9d77b34ab0b366b7c7cdf10e8fb00b95f4282511e860627,c86e262a68ea2ba2255f55f7db36e153a0c17af99d7fc79a0fccc787b4a61ef2,1,168,1,172,0,-1,0,-1
transfer_cube,Gaussian recovery,31,96004,replan_16,1,1,0.014705004170536995,0.0,7ba04ca1a93a8035d9d77b34ab0b366b7c7cdf10e8fb00b95f4282511e860627,0cb13a86e9ce83f46affdc70a0d8855ac67f4bcf9836b84ec1fd161ea3663ff4,1,162,1,163,1,284,1,284
transfer_cube,Gaussian recovery,31,96005,nominal,0,0,0.040238093584775925,0.0,7ba04ca1a93a8035d9d77b34ab0b366b7c7cdf10e8fb00b95f4282511e860627,92e5cf17f9e9c05af298f35add05dea273fe4ee4205dfc67f8455a4721d762af,1,163,1,165,0,-1,0,-1
transfer_cube,Gaussian recovery,31,96005,observation_noise,0,0,0.04332776740193367,0.012864111517556011,7ba04ca1a93a8035d9d77b34ab0b366b7c7cdf10e8fb00b95f4282511e860627,8618a2ca20853bf561185fa1cf2e2c59051cfa1144642d1b8661832c3e2214bc,1,149,1,152,0,-1,0,-1
transfer_cube,Gaussian recovery,31,96005,noise_joints,0,0,0.04433773085474968,0.011215576422400772,7ba04ca1a93a8035d9d77b34ab0b366b7c7cdf10e8fb00b95f4282511e860627,4fe711e4f5f59ac660146a9cb174cc5667e43eab6ea5aab31a4e5851e44fb2cd,1,148,1,157,0,-1,0,-1
transfer_cube,Gaussian recovery,31,96005,noise_objects,0,0,0.045672811567783356,0.0034103561629308388,7ba04ca1a93a8035d9d77b34ab0b366b7c7cdf10e8fb00b95f4282511e860627,21e9bb554141ddb0e71f98774bc3ead761c135d30b480367ee6c1d3b940557e9,1,156,1,159,0,-1,0,-1
transfer_cube,Gaussian recovery,31,96005,noise_low_support,0,0,0.06017860397696495,0.005718970725574764,7ba04ca1a93a8035d9d77b34ab0b366b7c7cdf10e8fb00b95f4282511e860627,6ab1bddb512a347ef545a733e01710177371d6a29a164412401b06b56902b76e,1,154,1,154,0,-1,0,-1
transfer_cube,Gaussian recovery,31,96005,noise_supported,0,0,0.060861047357320786,0.005402888171156519,7ba04ca1a93a8035d9d77b34ab0b366b7c7cdf10e8fb00b95f4282511e860627,527b47f39976c943305fbdea0e1ca7d964beb7b1c1bccd2ee398def7f48b5723,1,156,1,157,0,-1,0,-1
transfer_cube,Gaussian recovery,31,96005,replan_1,0,0,0.02995469607412815,0.0,7ba04ca1a93a8035d9d77b34ab0b366b7c7cdf10e8fb00b95f4282511e860627,2535016a7ada7a73dfd870909a0de0304b7f47a1169e4025ea3d013923c0878b,1,161,1,167,0,-1,0,-1
transfer_cube,Gaussian recovery,31,96005,replan_1_ensemble,1,1,0.00973519630997339,0.0,7ba04ca1a93a8035d9d77b34ab0b366b7c7cdf10e8fb00b95f4282511e860627,0ce8ad9d1bbe326fd681d437ed49d7a1c6b06adce5e82e450c1bd91a82460f8d,1,170,1,171,1,226,1,226
transfer_cube,Gaussian recovery,31,96005,replan_16,1,1,0.013566458597779274,0.0,7ba04ca1a93a8035d9d77b34ab0b366b7c7cdf10e8fb00b95f4282511e860627,3a4d4cd6566092c312e0105f54d41abe5eb8fc372757061fa480384b5f41f41f,1,162,1,162,1,218,1,218
transfer_cube,Gaussian recovery,31,96006,nominal,0,0,0.039155326783657074,0.0,7ba04ca1a93a8035d9d77b34ab0b366b7c7cdf10e8fb00b95f4282511e860627,4deafb3e643cfeae81313cd9d1630934425026113669d60d4535b5b618b77cc2,1,177,1,177,0,-1,0,-1
transfer_cube,Gaussian recovery,31,96006,observation_noise,0,0,0.04002394154667854,0.012865882888436318,7ba04ca1a93a8035d9d77b34ab0b366b7c7cdf10e8fb00b95f4282511e860627,0b17e3b1d215d2da12bfa431c6bd9cfea71bbce5e669528fa9b29198e9c51bb0,1,159,1,159,0,-1,0,-1
transfer_cube,Gaussian recovery,31,96006,noise_joints,0,0,0.03969763219356537,0.012267078042495995,7ba04ca1a93a8035d9d77b34ab0b366b7c7cdf10e8fb00b95f4282511e860627,dc8cf1322c1507db9c21ee1d7be4cb03bf790653244daeddbf78b48a68ba36bf,1,180,1,180,0,-1,0,-1
transfer_cube,Gaussian recovery,31,96006,noise_objects,0,0,0.03929903730750084,0.002946338508045301,7ba04ca1a93a8035d9d77b34ab0b366b7c7cdf10e8fb00b95f4282511e860627,80bef948c2b497484be3cc54c9b6c4d7025bb69065de5f7068de6c1780fa4d5b,1,159,1,177,0,-1,0,-1
transfer_cube,Gaussian recovery,31,96006,noise_low_support,0,0,0.039802439510822296,0.009283879224967677,7ba04ca1a93a8035d9d77b34ab0b366b7c7cdf10e8fb00b95f4282511e860627,cc2db9052a059611ebb16f9ccafea12f22588ae883872fa454a96363524ef3a3,1,159,1,174,0,-1,0,-1
transfer_cube,Gaussian recovery,31,96006,noise_supported,0,0,0.03939802572131157,0.007484064339660108,7ba04ca1a93a8035d9d77b34ab0b366b7c7cdf10e8fb00b95f4282511e860627,656e148214feb8dcbffc95aff02bc0f1ba58b6382bfb050af8b4e8e448f04168,1,181,1,181,0,-1,0,-1
transfer_cube,Gaussian recovery,31,96006,replan_1,0,0,0.04049474000930786,0.0,7ba04ca1a93a8035d9d77b34ab0b366b7c7cdf10e8fb00b95f4282511e860627,a33e5ead651978f61f8a9227cbdb2134c93d1ffecfb542e6b73dbea08348cb94,0,-1,0,-1,0,-1,0,-1
transfer_cube,Gaussian recovery,31,96006,replan_1_ensemble,0,0,0.013706924107288765,0.0,7ba04ca1a93a8035d9d77b34ab0b366b7c7cdf10e8fb00b95f4282511e860627,d7a6e0ad9bc19a498a032a1aab8bccc5e5b00b352c66a06edc8e83931c83bc0d,1,182,1,182,0,-1,0,-1
transfer_cube,Gaussian recovery,31,96006,replan_16,0,0,0.04415734112262726,0.0,7ba04ca1a93a8035d9d77b34ab0b366b7c7cdf10e8fb00b95f4282511e860627,1c3223896cb82e12c0f4461e773eff40277d9dcb3acaf86a0e977a7459b64193,1,166,1,166,0,-1,0,-1
transfer_cube,Gaussian recovery,31,96007,nominal,0,0,0.039850328117609024,0.0,7ba04ca1a93a8035d9d77b34ab0b366b7c7cdf10e8fb00b95f4282511e860627,3055eb5d72a4125e175057fe5c516afe828ccd288758fbe060a6598eb20f1049,1,166,1,166,0,-1,0,-1
transfer_cube,Gaussian recovery,31,96007,observation_noise,0,0,0.0411226749420166,0.010578297479078173,7ba04ca1a93a8035d9d77b34ab0b366b7c7cdf10e8fb00b95f4282511e860627,e3e93e816b2f2fe497c14aede8106d1c73c0f42328dd8f1384fd66486eb460a1,1,140,1,163,0,-1,0,-1
transfer_cube,Gaussian recovery,31,96007,noise_joints,0,0,0.04228605329990387,0.009935481508728116,7ba04ca1a93a8035d9d77b34ab0b366b7c7cdf10e8fb00b95f4282511e860627,59cc08e36677008752dcb20ff306267950d73b1c97a400ef36fbde5cb3fd6911,1,138,1,151,0,-1,0,-1
transfer_cube,Gaussian recovery,31,96007,noise_objects,0,0,0.03971031308174133,0.003391364272683859,7ba04ca1a93a8035d9d77b34ab0b366b7c7cdf10e8fb00b95f4282511e860627,fffd37f137570e622577171c9f1ac84c5e83f6d2c48478a4c04415cd58b6712d,1,157,1,173,0,-1,0,-1
transfer_cube,Gaussian recovery,31,96007,noise_low_support,0,0,0.04192458838224411,0.007497580489143729,7ba04ca1a93a8035d9d77b34ab0b366b7c7cdf10e8fb00b95f4282511e860627,dfa66ce9f0381bb11ae3dbe1d889b4ce3ed24d2dfd7b4dcff779730c1692fea9,1,139,1,159,0,-1,0,-1
transfer_cube,Gaussian recovery,31,96007,noise_supported,0,0,0.04113321378827095,0.007404485999140889,7ba04ca1a93a8035d9d77b34ab0b366b7c7cdf10e8fb00b95f4282511e860627,8d76713405a901743d4727383803dbab0dddb86372b4a25660d4821a3439df06,1,145,1,158,0,-1,0,-1
transfer_cube,Gaussian recovery,31,96007,replan_1,0,0,0.04257525876164436,0.0,7ba04ca1a93a8035d9d77b34ab0b366b7c7cdf10e8fb00b95f4282511e860627,731914decee0928412c63734dc987cd0892893137412e99d8bc229ca4fa0790e,0,-1,0,-1,0,-1,0,-1
transfer_cube,Gaussian recovery,31,96007,replan_1_ensemble,0,0,0.013691880461121237,0.0,7ba04ca1a93a8035d9d77b34ab0b366b7c7cdf10e8fb00b95f4282511e860627,8f6d4e83fb920c0f91cb5c107933fb209754ccfe3297a4f566a12aff8079f4d4,1,160,1,179,0,-1,0,-1
transfer_cube,Gaussian recovery,31,96007,replan_16,0,0,0.02989790588617325,0.0,7ba04ca1a93a8035d9d77b34ab0b366b7c7cdf10e8fb00b95f4282511e860627,ff6168f8070e83a42cf7153c249cd8d57521bc2ccc9781aff12c0129e74e9eb9,1,151,1,158,0,-1,0,-1
transfer_cube,Gaussian recovery,31,96008,nominal,0,0,0.03646954894065857,0.0,7ba04ca1a93a8035d9d77b34ab0b366b7c7cdf10e8fb00b95f4282511e860627,4f155aa3b10f6c008888e23f793ffc3d2c09368f1db40145b77e28478beecb4d,1,161,1,163,0,-1,0,-1
transfer_cube,Gaussian recovery,31,96008,observation_noise,0,0,0.04022999852895737,0.013079662662930787,7ba04ca1a93a8035d9d77b34ab0b366b7c7cdf10e8fb00b95f4282511e860627,520e68e25da7acd20b9a81809a948ab0ef8184be24fb00dc3239c1ceba87a220,1,149,1,151,0,-1,0,-1
transfer_cube,Gaussian recovery,31,96008,noise_joints,0,0,0.061194032430648804,0.007951288927724818,7ba04ca1a93a8035d9d77b34ab0b366b7c7cdf10e8fb00b95f4282511e860627,46862bef7836da72a104f7a9004a5ae7afaa0f74131f6383d2106f6b1019d4c9,1,149,1,151,0,-1,0,-1
transfer_cube,Gaussian recovery,31,96008,noise_objects,0,0,0.03681046515703201,0.0037367293704301118,7ba04ca1a93a8035d9d77b34ab0b366b7c7cdf10e8fb00b95f4282511e860627,4f90ef2a92b46603014758fed3773a829480a24feec5e700b25262d9c23db4e2,1,164,1,165,0,-1,0,-1
transfer_cube,Gaussian recovery,31,96008,noise_low_support,0,0,0.03571182116866112,0.009984237368425965,7ba04ca1a93a8035d9d77b34ab0b366b7c7cdf10e8fb00b95f4282511e860627,f4274d133a9043032328f14dab07ed178858a5d5cdfada1eae36755d85c3f4bc,1,155,1,157,0,-1,0,-1
transfer_cube,Gaussian recovery,31,96008,noise_supported,1,1,0.01684318110346794,0.006937143574468792,7ba04ca1a93a8035d9d77b34ab0b366b7c7cdf10e8fb00b95f4282511e860627,18ad43344794d07eead831f9d9dbdae2e4aeb2d26cf49be1ab110341fe2a4666,1,162,1,163,1,283,1,283
transfer_cube,Gaussian recovery,31,96008,replan_1,0,0,0.042885180562734604,0.0,7ba04ca1a93a8035d9d77b34ab0b366b7c7cdf10e8fb00b95f4282511e860627,a63a96021cb914be54e3106898f5ff72116af232582ff16667d1d9c1dc78141c,0,-1,0,-1,0,-1,0,-1
transfer_cube,Gaussian recovery,31,96008,replan_1_ensemble,0,0,0.014378666595382195,0.0,7ba04ca1a93a8035d9d77b34ab0b366b7c7cdf10e8fb00b95f4282511e860627,6c61ca5c86da7dc293ab5ad1cc6b5afdb8640f35c08ef345d4884a57f1556e5f,1,168,0,-1,0,-1,0,-1
transfer_cube,Gaussian recovery,31,96008,replan_16,1,1,0.013884435407817364,0.0,7ba04ca1a93a8035d9d77b34ab0b366b7c7cdf10e8fb00b95f4282511e860627,98b0d3d6c14b90335e57f880c1a097f5f6bc14f469c4109d07c4c253249fcac7,1,162,1,163,1,288,1,288
transfer_cube,Gaussian recovery,31,96009,nominal,0,0,0.03896820545196533,0.0,7ba04ca1a93a8035d9d77b34ab0b366b7c7cdf10e8fb00b95f4282511e860627,e2caa90dded2aba6f4745e5812964eaa8e436f66345fdbeedb176c696962be8f,1,155,1,158,0,-1,0,-1
transfer_cube,Gaussian recovery,31,96009,observation_noise,1,1,0.01858251728117466,0.0107112375786528,7ba04ca1a93a8035d9d77b34ab0b366b7c7cdf10e8fb00b95f4282511e860627,09dade138b82cd482c9d689b31b82cfcfe8091491486ea1596ffb29b6405a972,1,154,1,154,1,233,1,233
transfer_cube,Gaussian recovery,31,96009,noise_joints,0,0,0.04015623405575752,0.012705862023867667,7ba04ca1a93a8035d9d77b34ab0b366b7c7cdf10e8fb00b95f4282511e860627,fa86cbc06f14214ecfb36b7b0028b86d35f668db63e0148eeba609d2fc51d687,1,155,1,157,0,-1,0,-1
transfer_cube,Gaussian recovery,31,96009,noise_objects,0,0,0.038365304470062256,0.0036084778991062193,7ba04ca1a93a8035d9d77b34ab0b366b7c7cdf10e8fb00b95f4282511e860627,e68754f3d5c6315657d73c68359d8c1911d23bf513b2e94d453e04b27716e8f7,1,150,1,161,0,-1,0,-1
transfer_cube,Gaussian recovery,31,96009,noise_low_support,0,0,0.06934041529893875,0.0050052750991017095,7ba04ca1a93a8035d9d77b34ab0b366b7c7cdf10e8fb00b95f4282511e860627,15fb2331c860a4929851d12ff32486027a05749cb889feeb5b8f7891322788e0,1,150,1,154,0,-1,0,-1
transfer_cube,Gaussian recovery,31,96009,noise_supported,0,0,0.059319332242012024,0.006692831178806955,7ba04ca1a93a8035d9d77b34ab0b366b7c7cdf10e8fb00b95f4282511e860627,b7c9bec68e52f95f0bce1edf4bf66097a5e57061a267267d7c506a7ae7ad11a6,1,158,1,162,0,-1,0,-1
transfer_cube,Gaussian recovery,31,96009,replan_1,0,0,0.02835322543978691,0.0,7ba04ca1a93a8035d9d77b34ab0b366b7c7cdf10e8fb00b95f4282511e860627,690394edddfe24ed68f6c59b4b596a42714c7dda1a37dbe9315d48df4a9648d1,1,168,1,168,0,-1,0,-1
transfer_cube,Gaussian recovery,31,96009,replan_1_ensemble,0,0,0.012219801795958702,0.0,7ba04ca1a93a8035d9d77b34ab0b366b7c7cdf10e8fb00b95f4282511e860627,00224c594935d757a46d90097a053fbc3b09deb139e10188fd20924909546a96,1,156,1,158,0,-1,0,-1
transfer_cube,Gaussian recovery,31,96009,replan_16,1,1,0.013292817398905754,0.0,7ba04ca1a93a8035d9d77b34ab0b366b7c7cdf10e8fb00b95f4282511e860627,ad9bd310d2014d45ecf2d3d78f8661e499e1392b2156996852c386ca99c9a8c8,1,153,1,159,1,229,1,229
transfer_cube,Gaussian recovery,31,96010,nominal,1,1,0.014174711890518665,0.0,7ba04ca1a93a8035d9d77b34ab0b366b7c7cdf10e8fb00b95f4282511e860627,447dbf2c66fedf2ce4386b2253c7731485294c99e91d437f0bc81aaf19618826,1,161,1,164,1,218,1,218
transfer_cube,Gaussian recovery,31,96010,observation_noise,1,1,0.015571088530123234,0.010462984815239907,7ba04ca1a93a8035d9d77b34ab0b366b7c7cdf10e8fb00b95f4282511e860627,88e4e570e0e70cf4ecf3cabb9d80c477f290dbd00ed3987f2fca8735df818299,1,161,1,164,1,282,1,282
transfer_cube,Gaussian recovery,31,96010,noise_joints,1,1,0.01537566352635622,0.009877575566060842,7ba04ca1a93a8035d9d77b34ab0b366b7c7cdf10e8fb00b95f4282511e860627,257afc49177a918c8e13c94a7d52a29193be4077754ff915de291c51c811c761,1,164,1,164,1,284,1,284
transfer_cube,Gaussian recovery,31,96010,noise_objects,1,1,0.013470026664435863,0.0035172264161519706,7ba04ca1a93a8035d9d77b34ab0b366b7c7cdf10e8fb00b95f4282511e860627,3237aebbbc94d3275de86fa21af804a85b36395f85b2000772f466d99a3b6703,1,159,1,165,1,221,1,221
transfer_cube,Gaussian recovery,31,96010,noise_low_support,1,1,0.014370392076671124,0.006241314694925677,7ba04ca1a93a8035d9d77b34ab0b366b7c7cdf10e8fb00b95f4282511e860627,fed75679d5ab84957496540d3c8a48b56ba5920fddac08f7b411fee3046eebaf,1,160,1,164,1,287,1,287
transfer_cube,Gaussian recovery,31,96010,noise_supported,1,1,0.014353151433169842,0.006971336686983704,7ba04ca1a93a8035d9d77b34ab0b366b7c7cdf10e8fb00b95f4282511e860627,405c4ae9f269a5fd8c00d2ef51d438679e7622439b08908a11374a133063f7bc,1,159,1,159,1,217,1,217
transfer_cube,Gaussian recovery,31,96010,replan_1,1,1,0.014267274178564548,0.0,7ba04ca1a93a8035d9d77b34ab0b366b7c7cdf10e8fb00b95f4282511e860627,61e0635cdc2554a8276ee3ea0fb2221bbb59efeea9cbf9eb51d0c622187bd9b1,1,167,1,176,1,275,1,275
transfer_cube,Gaussian recovery,31,96010,replan_1_ensemble,1,1,0.009195541996615446,0.0,7ba04ca1a93a8035d9d77b34ab0b366b7c7cdf10e8fb00b95f4282511e860627,575a04d36e05101492873a90ffeae6be4c5051fdf27fda185d8dcfeecf6dbb0b,1,161,1,175,1,219,1,219
transfer_cube,Gaussian recovery,31,96010,replan_16,1,1,0.01246269978582859,0.0,7ba04ca1a93a8035d9d77b34ab0b366b7c7cdf10e8fb00b95f4282511e860627,dba750113f5d89d9143fbc56a49877349c28f579c1143f56595b0eb90456e2f4,1,158,1,158,1,288,1,288
transfer_cube,Gaussian recovery,31,96011,nominal,1,1,0.013896302320063114,0.0,7ba04ca1a93a8035d9d77b34ab0b366b7c7cdf10e8fb00b95f4282511e860627,5ae961de6dc713c08ea8e87c5b150752b71836eee5b9d9f15968b51a76dc419c,1,157,1,162,1,219,1,219
transfer_cube,Gaussian recovery,31,96011,observation_noise,1,1,0.015679098665714264,0.008909261766821146,7ba04ca1a93a8035d9d77b34ab0b366b7c7cdf10e8fb00b95f4282511e860627,c2d4b658aecf3189bf12ae292f86f11b4bb1904ad907cd7c3c456fd91ead642a,1,150,1,154,1,225,1,225
transfer_cube,Gaussian recovery,31,96011,noise_joints,1,1,0.015448072925209999,0.008196008887607605,7ba04ca1a93a8035d9d77b34ab0b366b7c7cdf10e8fb00b95f4282511e860627,4b31a0cadc98e31df8345cf7016ff74ad577a48088748ef9b07ca653813275a6,1,149,1,154,1,215,1,215
transfer_cube,Gaussian recovery,31,96011,noise_objects,1,1,0.013312552124261856,0.0037277576408814637,7ba04ca1a93a8035d9d77b34ab0b366b7c7cdf10e8fb00b95f4282511e860627,931f7c93e0c173bc7e1ef5ca3af60c36063f099639ec463d4921708280f02a23,1,162,1,162,1,218,1,218
transfer_cube,Gaussian recovery,31,96011,noise_low_support,1,1,0.014340502209961414,0.00410787547196378,7ba04ca1a93a8035d9d77b34ab0b366b7c7cdf10e8fb00b95f4282511e860627,d44bd3c18ecda9a35e767af9581bd1fddc3d0717933bad7b42673cf23d3d259e,1,152,1,152,1,226,1,226
transfer_cube,Gaussian recovery,31,96011,noise_supported,1,1,0.014693882316350937,0.007748461561277509,7ba04ca1a93a8035d9d77b34ab0b366b7c7cdf10e8fb00b95f4282511e860627,2d14212ca20dcc908a331df892d9d0b19a7be31ddbb7a38484e26b343b8971b6,1,157,1,157,1,226,1,226
transfer_cube,Gaussian recovery,31,96011,replan_1,1,1,0.014052283950150013,0.0,7ba04ca1a93a8035d9d77b34ab0b366b7c7cdf10e8fb00b95f4282511e860627,8bda2bc534140e81c93e331093c891479c2cb6159bd62f12abf575c9653ac18d,1,158,1,170,1,220,1,220
transfer_cube,Gaussian recovery,31,96011,replan_1_ensemble,1,1,0.00920428086107852,0.0,7ba04ca1a93a8035d9d77b34ab0b366b7c7cdf10e8fb00b95f4282511e860627,82c75df2e686b07fa5040697c0b7e7316da484e257fba1b42281d8d6a292304f,1,159,1,171,1,222,1,222
transfer_cube,Gaussian recovery,31,96011,replan_16,1,1,0.012413594871759415,0.0,7ba04ca1a93a8035d9d77b34ab0b366b7c7cdf10e8fb00b95f4282511e860627,4d8380257e8196d1910eb4587de935c979c16cbc46971c583d72da544b88110e,1,155,1,164,1,220,1,220
transfer_cube,Gaussian recovery,31,96012,nominal,0,0,0.039647702127695084,0.0,7ba04ca1a93a8035d9d77b34ab0b366b7c7cdf10e8fb00b95f4282511e860627,788a3923217a9d93b6162b5a122ab99e1c88fd81ac29623a515716145fc7bcba,1,154,1,173,0,-1,0,-1
transfer_cube,Gaussian recovery,31,96012,observation_noise,0,0,0.03983459994196892,0.012635740940459073,7ba04ca1a93a8035d9d77b34ab0b366b7c7cdf10e8fb00b95f4282511e860627,8c76614650a2d341d9da28837d64d6536bf652877129da26d2ce2af7157b087a,0,-1,0,-1,0,-1,0,-1
transfer_cube,Gaussian recovery,31,96012,noise_joints,0,0,0.0400850847363472,0.012092480529099702,7ba04ca1a93a8035d9d77b34ab0b366b7c7cdf10e8fb00b95f4282511e860627,89ded7e17059be13cfddac6df24c859ed336c5431b696e9dd57e067d1796813e,1,153,0,-1,0,-1,0,-1
transfer_cube,Gaussian recovery,31,96012,noise_objects,0,0,0.0404241643846035,0.003280366374820005,7ba04ca1a93a8035d9d77b34ab0b366b7c7cdf10e8fb00b95f4282511e860627,fd396820598460b9e76b29342cfd23ed33785dc814de845f75705ca64c25582a,1,159,1,166,0,-1,0,-1
transfer_cube,Gaussian recovery,31,96012,noise_low_support,0,0,0.039595626294612885,0.009310607721563429,7ba04ca1a93a8035d9d77b34ab0b366b7c7cdf10e8fb00b95f4282511e860627,b24444a1139f621f6c4fd3301f659bd8be3b206a6ad4974ac6a3d942d4f29fb1,1,160,1,170,0,-1,0,-1
transfer_cube,Gaussian recovery,31,96012,noise_supported,0,0,0.040695104748010635,0.0081229373277165,7ba04ca1a93a8035d9d77b34ab0b366b7c7cdf10e8fb00b95f4282511e860627,bcf9e235bc9e41ac1c49c9c3f64e8666fb7acc6271451c4e6a17b21d108819e8,1,160,1,177,0,-1,0,-1
transfer_cube,Gaussian recovery,31,96012,replan_1,0,0,0.0425431989133358,0.0,7ba04ca1a93a8035d9d77b34ab0b366b7c7cdf10e8fb00b95f4282511e860627,5b00ef0efcd7203593d59f2e71fc259d038a2c251339dbfb36074107a9a193e3,0,-1,0,-1,0,-1,0,-1
transfer_cube,Gaussian recovery,31,96012,replan_1_ensemble,0,0,0.013786712417692613,0.0,7ba04ca1a93a8035d9d77b34ab0b366b7c7cdf10e8fb00b95f4282511e860627,56cab47b215ea56d1ee3b6904ba9d89264395922d6adc7807146867ac9f4169c,1,163,0,-1,0,-1,0,-1
transfer_cube,Gaussian recovery,31,96012,replan_16,1,1,0.014015049673616886,0.0,7ba04ca1a93a8035d9d77b34ab0b366b7c7cdf10e8fb00b95f4282511e860627,d9f1ea848d5d4fcc20338f3a5a0d4229a5740e79351d93f87a6bf542933709de,1,155,1,164,1,287,1,287
transfer_cube,Gaussian recovery,31,96013,nominal,1,1,0.013879767619073391,0.0,7ba04ca1a93a8035d9d77b34ab0b366b7c7cdf10e8fb00b95f4282511e860627,8a8ead302bbb44a278d54c7e38291ac89bfcc8eece3e53d21e2829304d4c8862,1,159,1,159,1,219,1,219
transfer_cube,Gaussian recovery,31,96013,observation_noise,1,1,0.015605602413415909,0.009535757233388722,7ba04ca1a93a8035d9d77b34ab0b366b7c7cdf10e8fb00b95f4282511e860627,95c10f15b33087801f5175fa3fc1885a802a72a788becc61aaa909556e7078ff,1,149,1,155,1,225,1,225
transfer_cube,Gaussian recovery,31,96013,noise_joints,1,1,0.01573983207345009,0.008563102958723902,7ba04ca1a93a8035d9d77b34ab0b366b7c7cdf10e8fb00b95f4282511e860627,772eb2dd9555aa3347331aae949ff190e989142d37ba4a88fb34fff5d7eba22e,1,151,1,151,1,223,1,223
transfer_cube,Gaussian recovery,31,96013,noise_objects,1,1,0.012992797419428825,0.0035980861552525312,7ba04ca1a93a8035d9d77b34ab0b366b7c7cdf10e8fb00b95f4282511e860627,0aa01b1390d57b7e7821770c513756212c8b54e812f59ad118e429440e0b4a93,1,160,1,165,1,285,1,285
transfer_cube,Gaussian recovery,31,96013,noise_low_support,1,1,0.014589221216738224,0.005672131188330241,7ba04ca1a93a8035d9d77b34ab0b366b7c7cdf10e8fb00b95f4282511e860627,a0a9406c262098a9b00d465a6effee42c42531bc8b5a275bf99e8068b7573ce4,1,149,1,151,1,218,1,218
transfer_cube,Gaussian recovery,31,96013,noise_supported,1,1,0.01400663610547781,0.0068858898850157856,7ba04ca1a93a8035d9d77b34ab0b366b7c7cdf10e8fb00b95f4282511e860627,68b78330609694081ea3e04bb5896bf795289a7ea3398dda5f5cc40c9bd9c5d4,1,160,1,162,1,233,1,233
transfer_cube,Gaussian recovery,31,96013,replan_1,1,1,0.014135693199932575,0.0,7ba04ca1a93a8035d9d77b34ab0b366b7c7cdf10e8fb00b95f4282511e860627,4d5d4ad5e109575fab4083992ff7e010612f1da5af001ca4893af3b2352f75f1,1,164,1,174,1,275,1,275
transfer_cube,Gaussian recovery,31,96013,replan_1_ensemble,1,1,0.009057452622260905,0.0,7ba04ca1a93a8035d9d77b34ab0b366b7c7cdf10e8fb00b95f4282511e860627,ba974de0fcaaf296e068547b56034d0003b7823e9f93475d3b4de79983eb3805,1,161,1,174,1,284,1,284
transfer_cube,Gaussian recovery,31,96013,replan_16,1,1,0.012377901002764702,0.0,7ba04ca1a93a8035d9d77b34ab0b366b7c7cdf10e8fb00b95f4282511e860627,35bcd118653db1a8ebf88326d01fa7f301c6d6eab02a4019c0aebc16d3e1a16c,1,157,1,158,1,289,1,289
transfer_cube,Gaussian recovery,31,96014,nominal,1,1,0.014132395386695862,0.0,7ba04ca1a93a8035d9d77b34ab0b366b7c7cdf10e8fb00b95f4282511e860627,07b2584642f70a2dfa9e70438a0b99162e3ed31075680f37032865b68e26e430,1,158,1,159,1,218,1,218
transfer_cube,Gaussian recovery,31,96014,observation_noise,1,1,0.01538840215653181,0.010079128937795757,7ba04ca1a93a8035d9d77b34ab0b366b7c7cdf10e8fb00b95f4282511e860627,1be02108dff3219b1109007bcb70fd65cdc1d31bce767dde784e093e6e7117af,1,152,1,156,1,217,1,217
transfer_cube,Gaussian recovery,31,96014,noise_joints,1,1,0.015343517996370792,0.009281456302851439,7ba04ca1a93a8035d9d77b34ab0b366b7c7cdf10e8fb00b95f4282511e860627,873277414fa7e44622b4251b6597bd6c4aa50b8dbded2c1c651dc21f3e8c96bb,1,156,1,159,1,217,1,217
transfer_cube,Gaussian recovery,31,96014,noise_objects,1,1,0.014331063255667686,0.0034727436385583134,7ba04ca1a93a8035d9d77b34ab0b366b7c7cdf10e8fb00b95f4282511e860627,92dea3fa5a66ba8d85f5da1aad671b52238c1ae1a01f75374e136bfa47937712,1,155,1,165,1,219,1,219
transfer_cube,Gaussian recovery,31,96014,noise_low_support,1,1,0.014206011779606342,0.006016825555125251,7ba04ca1a93a8035d9d77b34ab0b366b7c7cdf10e8fb00b95f4282511e860627,2da72999f3b621d3077f4eef89ee94bbbf066c01245228c9059cc564302de029,1,161,1,162,1,284,1,284
transfer_cube,Gaussian recovery,31,96014,noise_supported,1,1,0.014613160863518715,0.007422122610732913,7ba04ca1a93a8035d9d77b34ab0b366b7c7cdf10e8fb00b95f4282511e860627,291be539742220e8c66faac2ceb0c5e6a0c2cb2effcac6c4693dd9c6e286c37f,1,153,1,165,1,217,1,217
transfer_cube,Gaussian recovery,31,96014,replan_1,1,1,0.014527074061334133,0.0,7ba04ca1a93a8035d9d77b34ab0b366b7c7cdf10e8fb00b95f4282511e860627,a716ab1b9a352f742611eefdc7fc60c0ed468d49300ce2587c13f806495ace5c,1,166,1,174,1,275,1,275
transfer_cube,Gaussian recovery,31,96014,replan_1_ensemble,1,1,0.009175157662236606,0.0,7ba04ca1a93a8035d9d77b34ab0b366b7c7cdf10e8fb00b95f4282511e860627,b45265af6fb3e56d366a5ae7d0acdb886ce9d6954e52418fa916171c4b3fc850,1,161,1,175,1,219,1,219
transfer_cube,Gaussian recovery,31,96014,replan_16,1,1,0.012485361658036709,0.0,7ba04ca1a93a8035d9d77b34ab0b366b7c7cdf10e8fb00b95f4282511e860627,abc2038c547a8a8fca37469b0c8d5eb96d17825806bf69876d58da94ccacdda0,1,157,1,158,1,289,1,289
transfer_cube,Gaussian recovery,31,96015,nominal,1,1,0.012801664881408215,0.0,7ba04ca1a93a8035d9d77b34ab0b366b7c7cdf10e8fb00b95f4282511e860627,7af65512d2dbe9187e429ff4404c378b78fa64afbf2a30b533892da703f7ce02,1,159,1,159,1,288,1,288
transfer_cube,Gaussian recovery,31,96015,observation_noise,1,1,0.014877988956868649,0.009744893182069064,7ba04ca1a93a8035d9d77b34ab0b366b7c7cdf10e8fb00b95f4282511e860627,f074fea516e97d74b7e017ef3a061778c9f1971b31b2eba314d6effde098b936,1,157,1,157,1,212,1,212
transfer_cube,Gaussian recovery,31,96015,noise_joints,1,1,0.014620382338762283,0.008210675870068372,7ba04ca1a93a8035d9d77b34ab0b366b7c7cdf10e8fb00b95f4282511e860627,214b5cf82eda03ab4b50370d2ec1ee3d86bf3520b1526ce8d917b1f4bfed3bc7,1,159,1,159,1,278,1,278
transfer_cube,Gaussian recovery,31,96015,noise_objects,1,1,0.013208761811256409,0.004085994304623455,7ba04ca1a93a8035d9d77b34ab0b366b7c7cdf10e8fb00b95f4282511e860627,eebaeba556bca66d54e76c7cc53c4f539a5cfe29295cab340c1cc3c2a5bc1173,1,159,1,159,1,288,1,288
transfer_cube,Gaussian recovery,31,96015,noise_low_support,1,1,0.01416725479066372,0.00440492460373207,7ba04ca1a93a8035d9d77b34ab0b366b7c7cdf10e8fb00b95f4282511e860627,85828fa7d1d6cfeb8455d13d6ef0ba70af2d5c4ec2c537821e12685eed1a7436,1,155,1,157,1,217,1,217
transfer_cube,Gaussian recovery,31,96015,noise_supported,1,1,0.01355541218072176,0.007860370860435069,7ba04ca1a93a8035d9d77b34ab0b366b7c7cdf10e8fb00b95f4282511e860627,4b47979bf1cf4363d9c832fdb6f32db1f9468f13005fdf69af352903e00f7681,1,159,1,159,1,286,1,286
transfer_cube,Gaussian recovery,31,96015,replan_1,1,1,0.013330754823982716,0.0,7ba04ca1a93a8035d9d77b34ab0b366b7c7cdf10e8fb00b95f4282511e860627,dc8ea8f03c920199cb595cf5d2f84d97879afec743a5801eaa55381b2aee8d14,1,158,1,162,1,288,1,288
transfer_cube,Gaussian recovery,31,96015,replan_1_ensemble,1,1,0.008945560808522796,0.0,7ba04ca1a93a8035d9d77b34ab0b366b7c7cdf10e8fb00b95f4282511e860627,724d3fd5cb970bdce69c06b732d8f25b7287befa4edbc0fe3bf9be4118377d1f,1,160,1,170,1,288,1,288
transfer_cube,Gaussian recovery,31,96015,replan_16,1,1,0.01238279789686203,0.0,7ba04ca1a93a8035d9d77b34ab0b366b7c7cdf10e8fb00b95f4282511e860627,40f82937d812c44b4ed7ec28356681006579dde857be478bff7b64afd1bc3b01,1,156,1,162,1,289,1,289
transfer_cube,Gaussian recovery,31,96016,nominal,1,1,0.012921161018311977,0.0,7ba04ca1a93a8035d9d77b34ab0b366b7c7cdf10e8fb00b95f4282511e860627,67d872d72d067ae38925fe9c38a674a3df3be06746dc10fa438bbfcf0b64c5d2,1,158,1,159,1,286,1,286
transfer_cube,Gaussian recovery,31,96016,observation_noise,1,1,0.014552636072039604,0.008334598913788795,7ba04ca1a93a8035d9d77b34ab0b366b7c7cdf10e8fb00b95f4282511e860627,f75af2e81181f593e325b5296ed8d7b4dad2c1a5f259d4286771d631e7fdb21b,1,156,1,159,1,286,1,286
transfer_cube,Gaussian recovery,31,96016,noise_joints,1,1,0.014277524314820766,0.007018210790120065,7ba04ca1a93a8035d9d77b34ab0b366b7c7cdf10e8fb00b95f4282511e860627,0de79d87c21b32439243fe8665d19d7c17803fb9e68d2964ae784fdf8bbe18be,1,157,1,159,1,286,1,286
transfer_cube,Gaussian recovery,31,96016,noise_objects,1,1,0.013086843304336071,0.003605430395109579,7ba04ca1a93a8035d9d77b34ab0b366b7c7cdf10e8fb00b95f4282511e860627,5dd6265368efce974785808075b37484d3efe184da5cb06b6839f1aba0020c34,1,158,1,159,1,287,1,287
transfer_cube,Gaussian recovery,31,96016,noise_low_support,1,1,0.013805159367620945,0.0040330643713241444,7ba04ca1a93a8035d9d77b34ab0b366b7c7cdf10e8fb00b95f4282511e860627,4056d4c9148cb7ce27ca6438bd1ba39b9cd00be740f49415c19d5c34998b5fe3,1,158,1,159,1,218,1,218
transfer_cube,Gaussian recovery,31,96016,noise_supported,1,1,0.01370207592844963,0.006769705598708242,7ba04ca1a93a8035d9d77b34ab0b366b7c7cdf10e8fb00b95f4282511e860627,3b4dbfa27301808a8c376eeac95471642f7ac39005d828d43f1845a9e51e9fa3,1,156,1,159,1,289,1,289
transfer_cube,Gaussian recovery,31,96016,replan_1,1,1,0.014155498705804348,0.0,7ba04ca1a93a8035d9d77b34ab0b366b7c7cdf10e8fb00b95f4282511e860627,786501fa04ce2c6adc4c45e6c2fac7e3d6a61a92834351a1347f8d5107daebe2,1,165,1,174,1,275,1,275
transfer_cube,Gaussian recovery,31,96016,replan_1_ensemble,1,1,0.009006565787322904,0.0,7ba04ca1a93a8035d9d77b34ab0b366b7c7cdf10e8fb00b95f4282511e860627,f0efaa1daa457eeba3a00fcaa7b9300b64976760cdff27d40b1d506abcaa7460,1,161,1,174,1,284,1,284
transfer_cube,Gaussian recovery,31,96016,replan_16,1,1,0.01232495903968811,0.0,7ba04ca1a93a8035d9d77b34ab0b366b7c7cdf10e8fb00b95f4282511e860627,21e1532cc6c1d5453a7cfa935570b0118ce1ba1a64ab1012f8680603446a0a57,1,156,1,158,1,289,1,289
transfer_cube,Gaussian recovery,31,96017,nominal,1,1,0.014297367073595524,0.0,7ba04ca1a93a8035d9d77b34ab0b366b7c7cdf10e8fb00b95f4282511e860627,6f6c9c934e1c2162054cda5a2cefed1544ad41a19f87280c901593e94dbc2699,1,162,1,162,1,222,1,222
transfer_cube,Gaussian recovery,31,96017,observation_noise,1,1,0.017481429502367973,0.009543410995975136,7ba04ca1a93a8035d9d77b34ab0b366b7c7cdf10e8fb00b95f4282511e860627,5437734499bc85e0d10a3c3fc6cdf9630e0ba5c45172a85ec20cf4808275e147,1,155,1,157,1,285,1,285
transfer_cube,Gaussian recovery,31,96017,noise_joints,1,0,0.016093533486127853,0.008715836619958282,7ba04ca1a93a8035d9d77b34ab0b366b7c7cdf10e8fb00b95f4282511e860627,bd97b7467375aa73e11a0b0ae231c5b860a14e310839bd3732fc97616c8ce2fc,1,163,1,165,1,214,1,214
transfer_cube,Gaussian recovery,31,96017,noise_objects,1,1,0.014138425700366497,0.003842845328617841,7ba04ca1a93a8035d9d77b34ab0b366b7c7cdf10e8fb00b95f4282511e860627,a4fa3186c7266729127e92ac8ec8a2535939bf9db9c7633dc34ea6df8541dc4e,1,155,1,165,1,223,1,223
transfer_cube,Gaussian recovery,31,96017,noise_low_support,1,1,0.018689772114157677,0.006632354548200965,7ba04ca1a93a8035d9d77b34ab0b366b7c7cdf10e8fb00b95f4282511e860627,600cd907f2d1460f73f0664f4606260e681d3581e59f7d1f712317f9f7e5d538,1,166,1,172,1,287,1,287
transfer_cube,Gaussian recovery,31,96017,noise_supported,1,1,0.014262503944337368,0.00718983132392168,7ba04ca1a93a8035d9d77b34ab0b366b7c7cdf10e8fb00b95f4282511e860627,5f5a4cf67ead35f8ec3df073d79d2bd19713faea72765b0d2fe2f76c992ab58a,1,156,1,161,1,225,1,225
transfer_cube,Gaussian recovery,31,96017,replan_1,1,1,0.015055263414978981,0.0,7ba04ca1a93a8035d9d77b34ab0b366b7c7cdf10e8fb00b95f4282511e860627,7aae0f510aaf750a33122cf2ba197664ca7edfc7609c8b320163a6995209b322,1,155,1,155,1,217,1,217
transfer_cube,Gaussian recovery,31,96017,replan_1_ensemble,1,1,0.009294764505824915,0.0,7ba04ca1a93a8035d9d77b34ab0b366b7c7cdf10e8fb00b95f4282511e860627,3c5632610423823f8f89f15d8ee442f1abb7821ea91c5b3fd04973494753efbd,1,159,1,169,1,225,1,225
transfer_cube,Gaussian recovery,31,96017,replan_16,1,1,0.012592405080795288,0.0,7ba04ca1a93a8035d9d77b34ab0b366b7c7cdf10e8fb00b95f4282511e860627,689a37530c2c21eb33d2347847810d98c4c591b255f7c7aa1ed74e75cb1b6e02,1,161,1,162,1,289,1,289
transfer_cube,Gaussian recovery,31,96018,nominal,1,1,0.014292221516370773,0.0,7ba04ca1a93a8035d9d77b34ab0b366b7c7cdf10e8fb00b95f4282511e860627,b43029e714c7fd32abab3afc8ab1c2ef0276fc23c5193b6127dcc747e7fdbaae,1,160,1,166,1,284,1,284
transfer_cube,Gaussian recovery,31,96018,observation_noise,1,1,0.016260482370853424,0.00917844167444855,7ba04ca1a93a8035d9d77b34ab0b366b7c7cdf10e8fb00b95f4282511e860627,141d7825e4565b0c869821318ae2331480faf177ad1b4403c5368acf8283b4a6,1,157,1,157,1,287,1,287
transfer_cube,Gaussian recovery,31,96018,noise_joints,1,0,0.019004913046956062,0.00866859806701541,7ba04ca1a93a8035d9d77b34ab0b366b7c7cdf10e8fb00b95f4282511e860627,b5c93699a3dab747fbef3d94da1e135c44a1fba0ed58e978ef4529f5b185cf73,1,152,1,162,1,299,1,299
transfer_cube,Gaussian recovery,31,96018,noise_objects,1,1,0.014429942704737186,0.0032065205450635403,7ba04ca1a93a8035d9d77b34ab0b366b7c7cdf10e8fb00b95f4282511e860627,c53132413343a37fed29e14486acb89bfe39a690f4d479de864c17d68b5db688,1,164,1,167,1,282,1,282
transfer_cube,Gaussian recovery,31,96018,noise_low_support,0,0,0.022916121408343315,0.0077435568027431146,7ba04ca1a93a8035d9d77b34ab0b366b7c7cdf10e8fb00b95f4282511e860627,15a06dc5194fc109ef527f82648a723a66689adcdb5a48aa29c454a446a163bd,1,160,1,166,0,-1,0,-1
transfer_cube,Gaussian recovery,31,96018,noise_supported,1,1,0.014509673230350018,0.006564182962756604,7ba04ca1a93a8035d9d77b34ab0b366b7c7cdf10e8fb00b95f4282511e860627,1151cd1a9c9455b1e86d7513ce1bef27da5f142707e0171e028b92806320c8a1,1,166,1,167,1,286,1,286
transfer_cube,Gaussian recovery,31,96018,replan_1,0,0,0.029857009649276733,0.0,7ba04ca1a93a8035d9d77b34ab0b366b7c7cdf10e8fb00b95f4282511e860627,eb74cc9e8a9966dc78972e27a7dfdb2abcf9d12992ff4d42bd026a1834ef05c9,1,161,1,181,0,-1,0,-1
transfer_cube,Gaussian recovery,31,96018,replan_1_ensemble,1,1,0.009300417212979663,0.0,7ba04ca1a93a8035d9d77b34ab0b366b7c7cdf10e8fb00b95f4282511e860627,1a17315187b46416c5de25c5a8377373817aa27dba93010760974239a2864825,1,166,1,174,1,281,1,281
transfer_cube,Gaussian recovery,31,96018,replan_16,1,1,0.013395952060818672,0.0,7ba04ca1a93a8035d9d77b34ab0b366b7c7cdf10e8fb00b95f4282511e860627,82722549eb6afb8a2d20aaa5c47ee260be378bb6391e50192fe870824630f4fc,1,157,1,161,1,289,1,289
transfer_cube,Gaussian recovery,31,96019,nominal,1,1,0.012936679646372795,0.0,7ba04ca1a93a8035d9d77b34ab0b366b7c7cdf10e8fb00b95f4282511e860627,ccda582f44b0a432265c7d20574e593671b4afc342f9eb9b211b9cc679a5d5db,1,160,1,168,1,224,1,224
transfer_cube,Gaussian recovery,31,96019,observation_noise,1,1,0.015152143314480782,0.010375264785252511,7ba04ca1a93a8035d9d77b34ab0b366b7c7cdf10e8fb00b95f4282511e860627,9684087968fc66cbd5c707332c74ebb04dc9a2f8c05c0da4d29cc319c06d79dd,1,153,1,156,1,286,1,286
transfer_cube,Gaussian recovery,31,96019,noise_joints,1,0,0.015161867253482342,0.009234637131448835,7ba04ca1a93a8035d9d77b34ab0b366b7c7cdf10e8fb00b95f4282511e860627,2febdd662c34fab2a4e5bc228feed49932c292586fc9aae6a195d147be2a2f06,1,152,1,152,1,282,1,282
transfer_cube,Gaussian recovery,31,96019,noise_objects,1,1,0.013231467455625534,0.0036325036408379674,7ba04ca1a93a8035d9d77b34ab0b366b7c7cdf10e8fb00b95f4282511e860627,3d6dfd97922066211cc38335b2e6ba16f1f7273170878ad26e2e700266bf6687,1,160,1,168,1,284,1,284
transfer_cube,Gaussian recovery,31,96019,noise_low_support,1,1,0.01456094067543745,0.006555466111458372,7ba04ca1a93a8035d9d77b34ab0b366b7c7cdf10e8fb00b95f4282511e860627,bbceb60c636d458cfa6730235aa07938bfed6a4037275c5691c1ffe2894285f0,1,159,1,159,1,282,1,282
transfer_cube,Gaussian recovery,31,96019,noise_supported,1,1,0.013764680363237858,0.006957235275767744,7ba04ca1a93a8035d9d77b34ab0b366b7c7cdf10e8fb00b95f4282511e860627,dc90b9a0e38bf2414c1bd9de7569b70d30f6710ecf001a64c60d15c980c2c771,1,157,1,165,1,288,1,288
transfer_cube,Gaussian recovery,31,96019,replan_1,1,1,0.014845783822238445,0.0,7ba04ca1a93a8035d9d77b34ab0b366b7c7cdf10e8fb00b95f4282511e860627,d0ed305af5ded81bb538d40f2e14b4b21ef1b7f7f2fecea8c51c7d05b0785b30,1,163,1,177,1,280,1,280
transfer_cube,Gaussian recovery,31,96019,replan_1_ensemble,1,1,0.008960955660503738,0.0,7ba04ca1a93a8035d9d77b34ab0b366b7c7cdf10e8fb00b95f4282511e860627,f9b9d6562adba6ba14a2ec80c0d1e8c84071e48cfee5e0a6a3530695ac36bd42,1,163,1,176,1,285,1,285
transfer_cube,Gaussian recovery,31,96019,replan_16,1,1,0.012386582791805267,0.0,7ba04ca1a93a8035d9d77b34ab0b366b7c7cdf10e8fb00b95f4282511e860627,9a3a630b74d9a468cf3ab7ddf426aa592221789fd8f846c888d79c2fe836fd2b,1,156,1,158,1,289,1,289
transfer_cube,Gaussian recovery,47,96000,nominal,1,1,0.014548744075000286,0.0,55872580bf6ff4d749641c211eb2c65a709b7a11a28f1fcad8ae1dcc26e7b8f8,fe46540e463a054763786adc6ab570842b351dca6a2b550ee373824bcca65aa6,1,162,1,162,1,287,1,287
transfer_cube,Gaussian recovery,47,96000,observation_noise,1,1,0.016775798052549362,0.010087193120270968,55872580bf6ff4d749641c211eb2c65a709b7a11a28f1fcad8ae1dcc26e7b8f8,7c098862160d8dccec31a652f9d15642756d2a07d5f3de665124056a0486b86e,1,161,1,162,1,288,1,288
transfer_cube,Gaussian recovery,47,96000,noise_joints,1,1,0.016098732128739357,0.009049902928527444,55872580bf6ff4d749641c211eb2c65a709b7a11a28f1fcad8ae1dcc26e7b8f8,4181ebf85e844e2a572dcdcd3a902ebebab8e5b58d66946696dd78eb0d7945cf,1,160,1,162,1,290,1,290
transfer_cube,Gaussian recovery,47,96000,noise_objects,1,1,0.015288037247955799,0.0034192228887695818,55872580bf6ff4d749641c211eb2c65a709b7a11a28f1fcad8ae1dcc26e7b8f8,f2ea2abfc5d04b964949a35709d733df1a8a9f04a189c89ecab94acb88fb5a94,1,160,1,160,1,287,1,287
transfer_cube,Gaussian recovery,47,96000,noise_low_support,1,1,0.015631942078471184,0.005733148500439711,55872580bf6ff4d749641c211eb2c65a709b7a11a28f1fcad8ae1dcc26e7b8f8,37e7f95701ae93b3dfde3e900f5312ed37b491517a772975772570a8ddaf9a40,1,160,1,171,1,235,1,235
transfer_cube,Gaussian recovery,47,96000,noise_supported,1,1,0.015615887939929962,0.007488083830103278,55872580bf6ff4d749641c211eb2c65a709b7a11a28f1fcad8ae1dcc26e7b8f8,568f0531eaa41c42e7c0e4221f8693a3d4e53b48923daa73a054a3a82edbace5,1,158,1,160,1,284,1,284
transfer_cube,Gaussian recovery,47,96000,replan_1,1,1,0.015293790958821774,0.0,55872580bf6ff4d749641c211eb2c65a709b7a11a28f1fcad8ae1dcc26e7b8f8,dcb9f53f290f6298aa7e76ff022536a7af879aa68dec5e4221f6e2411e95355e,1,148,1,148,1,229,1,229
transfer_cube,Gaussian recovery,47,96000,replan_1_ensemble,1,1,0.00896645297402135,0.0,55872580bf6ff4d749641c211eb2c65a709b7a11a28f1fcad8ae1dcc26e7b8f8,2585085ac219a91abd99161f178b10b28765873e9b40dbb871fcb94ddd85f6bd,1,161,1,164,1,224,1,224
transfer_cube,Gaussian recovery,47,96000,replan_16,1,1,0.013933494687080383,0.0,55872580bf6ff4d749641c211eb2c65a709b7a11a28f1fcad8ae1dcc26e7b8f8,f36c59fc49d7c9be82bc623d7a4588bf531d251f1620af7e32eafdf0e4e0c59b,1,160,1,160,1,289,1,289
transfer_cube,Gaussian recovery,47,96001,nominal,1,1,0.014215861447155476,0.0,55872580bf6ff4d749641c211eb2c65a709b7a11a28f1fcad8ae1dcc26e7b8f8,de447876b4c42dcef80a7557f20c28d7e1be2fc778837214ede4d2eb4e774512,1,164,1,164,1,289,1,289
transfer_cube,Gaussian recovery,47,96001,observation_noise,1,1,0.014933401718735695,0.010905334744602441,55872580bf6ff4d749641c211eb2c65a709b7a11a28f1fcad8ae1dcc26e7b8f8,f5fd6f84475a0d3b5fcdc79acca29d5abb9e04e221555f2d8fe3d1e1608675b1,1,155,1,157,1,288,1,288
transfer_cube,Gaussian recovery,47,96001,noise_joints,1,1,0.014909597113728523,0.009957850058563054,55872580bf6ff4d749641c211eb2c65a709b7a11a28f1fcad8ae1dcc26e7b8f8,823ecac9cb87322b7a1951b48ba3fda5819454f22f0371b9e287ed1739635dde,1,151,1,157,1,290,1,290
transfer_cube,Gaussian recovery,47,96001,noise_objects,1,1,0.013810565695166588,0.003371503581875004,55872580bf6ff4d749641c211eb2c65a709b7a11a28f1fcad8ae1dcc26e7b8f8,81bc1c268023f6610621f0f519f86d249fef844d7f2b224a398b47a378c89a49,1,165,1,172,1,288,1,288
transfer_cube,Gaussian recovery,47,96001,noise_low_support,1,1,0.014113450422883034,0.006330554630840197,55872580bf6ff4d749641c211eb2c65a709b7a11a28f1fcad8ae1dcc26e7b8f8,2f5e830bb4f888a1b86cee35cdbb08c5538f7366424f6b970f081d2fb3f0577b,1,154,1,158,1,293,1,293
transfer_cube,Gaussian recovery,47,96001,noise_supported,1,1,0.014306538738310337,0.007277487493120134,55872580bf6ff4d749641c211eb2c65a709b7a11a28f1fcad8ae1dcc26e7b8f8,82bd470c5df20aa233e2841795b7aa9f368cce016acba0978002e26d48dc106c,1,159,1,159,1,290,1,290
transfer_cube,Gaussian recovery,47,96001,replan_1,1,1,0.015001536346971989,0.0,55872580bf6ff4d749641c211eb2c65a709b7a11a28f1fcad8ae1dcc26e7b8f8,d0f85197f433f4db979071ff47552dd32b01669d74e8dc885a889dd47aa38e9e,1,158,1,158,1,237,1,237
transfer_cube,Gaussian recovery,47,96001,replan_1_ensemble,0,0,0.009589465848766264,0.0,55872580bf6ff4d749641c211eb2c65a709b7a11a28f1fcad8ae1dcc26e7b8f8,7d39d50a6ce571ad511ced9f4b0fd2c7453fcc0a66f1c2e810d7dbffa12eef5e,0,-1,0,-1,0,-1,0,-1
transfer_cube,Gaussian recovery,47,96001,replan_16,1,1,0.012776595540344715,0.0,55872580bf6ff4d749641c211eb2c65a709b7a11a28f1fcad8ae1dcc26e7b8f8,345cb9d8275a49d8aaf5afecf7846094260851aaa40a3b390602851dec8c731c,1,161,1,161,1,289,1,289
transfer_cube,Gaussian recovery,47,96002,nominal,1,1,0.014636144042015076,0.0,55872580bf6ff4d749641c211eb2c65a709b7a11a28f1fcad8ae1dcc26e7b8f8,966f46cdee585e02ad75d99288ca68031b6e47b3a583f78f34e273a5f4de67a8,1,165,1,166,1,289,1,289
transfer_cube,Gaussian recovery,47,96002,observation_noise,1,1,0.015110398642718792,0.008447145642712713,55872580bf6ff4d749641c211eb2c65a709b7a11a28f1fcad8ae1dcc26e7b8f8,c701dfc486058943a9142687b5eea3964d623093c3c083d2a7414698f17b3fd1,1,150,1,150,1,290,1,290
transfer_cube,Gaussian recovery,47,96002,noise_joints,1,1,0.015243202447891235,0.008149705028627068,55872580bf6ff4d749641c211eb2c65a709b7a11a28f1fcad8ae1dcc26e7b8f8,a258a59124867f2cf64eae13c2fa531182bfba2fad663e1ea1b5361a564f778c,1,153,1,161,1,289,1,289
transfer_cube,Gaussian recovery,47,96002,noise_objects,1,1,0.014060836285352707,0.0029946538305375726,55872580bf6ff4d749641c211eb2c65a709b7a11a28f1fcad8ae1dcc26e7b8f8,3ab58354ea592d65c40b1989c2212bed5953a741300c9c7d7efc1393cd940b06,1,164,1,164,1,291,1,291
transfer_cube,Gaussian recovery,47,96002,noise_low_support,1,1,0.014750753529369831,0.006071978003601544,55872580bf6ff4d749641c211eb2c65a709b7a11a28f1fcad8ae1dcc26e7b8f8,3d0125636ea58e91fadcb2907b41931d20c984366d134b3f8aa6a29d23584893,1,152,1,154,1,291,1,291
transfer_cube,Gaussian recovery,47,96002,noise_supported,0,0,0.04371720924973488,0.00819272976834327,55872580bf6ff4d749641c211eb2c65a709b7a11a28f1fcad8ae1dcc26e7b8f8,de4a0e3342f4518ae4e85808431b282a70188b17520957545f4de41115ddd496,1,145,1,163,0,-1,0,-1
transfer_cube,Gaussian recovery,47,96002,replan_1,1,1,0.015415533445775509,0.0,55872580bf6ff4d749641c211eb2c65a709b7a11a28f1fcad8ae1dcc26e7b8f8,0343a4c26ff0aca664c643b4303b777e8ad3ec75d3fd2795742201d0a424c3fa,1,157,1,159,1,231,1,231
transfer_cube,Gaussian recovery,47,96002,replan_1_ensemble,0,0,0.009388055860264586,0.0,55872580bf6ff4d749641c211eb2c65a709b7a11a28f1fcad8ae1dcc26e7b8f8,422e8044d2f8fa0a17f7c0bc35899d4297a065e40da1534fb0da6942d677a88d,0,-1,0,-1,0,-1,0,-1
transfer_cube,Gaussian recovery,47,96002,replan_16,1,1,0.01291561871767044,0.0,55872580bf6ff4d749641c211eb2c65a709b7a11a28f1fcad8ae1dcc26e7b8f8,255c290e0a7f2fd02d8676fdcdba1b9af387ac5c0ba3028da04bcd18678c2c45,1,161,1,161,1,289,1,289
transfer_cube,Gaussian recovery,47,96003,nominal,0,0,0.04148394614458084,0.0,55872580bf6ff4d749641c211eb2c65a709b7a11a28f1fcad8ae1dcc26e7b8f8,6c70bdb63cd1b567d75d2e7e3a43c1c697db47094af2e24062c542711f944885,1,132,0,-1,0,-1,0,-1
transfer_cube,Gaussian recovery,47,96003,observation_noise,0,0,0.042267922312021255,0.014052532780915498,55872580bf6ff4d749641c211eb2c65a709b7a11a28f1fcad8ae1dcc26e7b8f8,7f1ba1881c5c224472df568fd0d1b356e1b4886929cb31a555f012cdef5ed023,1,135,0,-1,0,-1,0,-1
transfer_cube,Gaussian recovery,47,96003,noise_joints,0,0,0.042267829179763794,0.012193793249316513,55872580bf6ff4d749641c211eb2c65a709b7a11a28f1fcad8ae1dcc26e7b8f8,0f88ffb5220b5c4295461642bfac6fe7a8b438552549824287ae68b28603b093,1,132,0,-1,0,-1,0,-1
transfer_cube,Gaussian recovery,47,96003,noise_objects,0,0,0.04206990823149681,0.00347046063747257,55872580bf6ff4d749641c211eb2c65a709b7a11a28f1fcad8ae1dcc26e7b8f8,f546e1841a87911d6fda0733c301f17f2954503f365dbad0bc4c93cf7dd39939,1,139,0,-1,0,-1,0,-1
transfer_cube,Gaussian recovery,47,96003,noise_low_support,0,0,0.0435122549533844,0.00926496170111932,55872580bf6ff4d749641c211eb2c65a709b7a11a28f1fcad8ae1dcc26e7b8f8,cf57041d3a063cd27f46ccc2e71f1c26cba941cc47eff60b994697df128b1332,1,132,0,-1,0,-1,0,-1
transfer_cube,Gaussian recovery,47,96003,noise_supported,0,0,0.039248138666152954,0.008461902015842498,55872580bf6ff4d749641c211eb2c65a709b7a11a28f1fcad8ae1dcc26e7b8f8,a75dd9ea8f35034112b30f3879a57b481dc1e872c22aa514898fb3dc0d781023,1,139,1,175,0,-1,0,-1
transfer_cube,Gaussian recovery,47,96003,replan_1,0,0,0.013752597384154797,0.0,55872580bf6ff4d749641c211eb2c65a709b7a11a28f1fcad8ae1dcc26e7b8f8,d7820816f8cdd69f147b8bbf5efa508230d2ffd5476cb747d81bad18fe6ce800,0,-1,0,-1,0,-1,0,-1
transfer_cube,Gaussian recovery,47,96003,replan_1_ensemble,0,0,0.009040904095577904,0.0,55872580bf6ff4d749641c211eb2c65a709b7a11a28f1fcad8ae1dcc26e7b8f8,5b4ffe669ac2e2e77683c591a9cea99f485c7b9e44a5a1d0330679dd4ade953a,0,-1,0,-1,0,-1,0,-1
transfer_cube,Gaussian recovery,47,96003,replan_16,0,0,0.03455088287591934,0.0,55872580bf6ff4d749641c211eb2c65a709b7a11a28f1fcad8ae1dcc26e7b8f8,cc278e2c9d010905ee5d32c2b86f31618c03332dadc6bb98c730eeabd647d616,1,136,0,-1,0,-1,0,-1
transfer_cube,Gaussian recovery,47,96004,nominal,1,1,0.01631789095699787,0.0,55872580bf6ff4d749641c211eb2c65a709b7a11a28f1fcad8ae1dcc26e7b8f8,990c8c706937cb6d355050f6c1899d8016c3f9b431993bb88685d5b0e4f8d3c7,1,151,1,151,1,283,1,283
transfer_cube,Gaussian recovery,47,96004,observation_noise,0,0,0.03721572086215019,0.013305985326878727,55872580bf6ff4d749641c211eb2c65a709b7a11a28f1fcad8ae1dcc26e7b8f8,1089f3bb2dd7038787e13de6536bacac01de0aa4eb5b9a20d2bf9e02c45b641b,1,153,0,-1,0,-1,0,-1
transfer_cube,Gaussian recovery,47,96004,noise_joints,0,0,0.03646508976817131,0.013127554529346526,55872580bf6ff4d749641c211eb2c65a709b7a11a28f1fcad8ae1dcc26e7b8f8,2be20ae76a5612568681dd10e616f70df5763d2004fe67ee8e8dcfafee838efc,0,-1,0,-1,0,-1,0,-1
transfer_cube,Gaussian recovery,47,96004,noise_objects,1,1,0.017090866342186928,0.0031227760505862534,55872580bf6ff4d749641c211eb2c65a709b7a11a28f1fcad8ae1dcc26e7b8f8,11bacf6ee16d7ead8e4b72cd4df69fefad2d4c385319151bf03b16febba04c70,1,162,1,164,1,282,1,282
transfer_cube,Gaussian recovery,47,96004,noise_low_support,0,0,0.03711084648966789,0.011083172087091952,55872580bf6ff4d749641c211eb2c65a709b7a11a28f1fcad8ae1dcc26e7b8f8,0bdcfd6917b7207995259cee741b6250d35bec7bc96e8b89cd56da759de95322,0,-1,0,-1,0,-1,0,-1
transfer_cube,Gaussian recovery,47,96004,noise_supported,0,0,0.06775400787591934,0.0043768608169921204,55872580bf6ff4d749641c211eb2c65a709b7a11a28f1fcad8ae1dcc26e7b8f8,fdff280b0db53943cb8d7b4572d0a9cfeb34e7226c03ca1500efcacb629658ba,1,145,1,158,0,-1,0,-1
transfer_cube,Gaussian recovery,47,96004,replan_1,0,0,0.01500819344073534,0.0,55872580bf6ff4d749641c211eb2c65a709b7a11a28f1fcad8ae1dcc26e7b8f8,a80e5ad80d2f5cd6fa4b6e1b332b400888daf7fe5286160bcb9a59205d77f5c5,0,-1,0,-1,0,-1,0,-1
transfer_cube,Gaussian recovery,47,96004,replan_1_ensemble,0,0,0.00890443131919361,0.0,55872580bf6ff4d749641c211eb2c65a709b7a11a28f1fcad8ae1dcc26e7b8f8,31fbecd2b04e80344e936ecbbce699aa7491740b1a5b33282e755e5056f866f8,0,-1,0,-1,0,-1,0,-1
transfer_cube,Gaussian recovery,47,96004,replan_16,1,1,0.014532927423715591,0.0,55872580bf6ff4d749641c211eb2c65a709b7a11a28f1fcad8ae1dcc26e7b8f8,7fd8f4ce6278eff8816d5779d25b562b72ca6559b2aa0ee1807b039a29853169,1,163,1,164,1,285,1,285
transfer_cube,Gaussian recovery,47,96005,nominal,0,0,0.04486750438809395,0.0,55872580bf6ff4d749641c211eb2c65a709b7a11a28f1fcad8ae1dcc26e7b8f8,dc1fc589a0f96bbebcd7e12f5acdff64899b367dcbf8bd930898c040062aaed7,0,-1,0,-1,0,-1,0,-1
transfer_cube,Gaussian recovery,47,96005,observation_noise,1,0,0.0258228350430727,0.010901960837654769,55872580bf6ff4d749641c211eb2c65a709b7a11a28f1fcad8ae1dcc26e7b8f8,12ea17cce8ec1cba86e3b6b2de2b4824d1e3a913136d28a278a243e8ca0d8a01,1,137,1,170,1,236,1,236
transfer_cube,Gaussian recovery,47,96005,noise_joints,0,0,0.0353253148496151,0.01329000636935234,55872580bf6ff4d749641c211eb2c65a709b7a11a28f1fcad8ae1dcc26e7b8f8,435bb3c56beaa31d352c08173b4357549ffb031b18c6296acf7ea2a03af6037b,1,129,1,155,0,-1,0,-1
transfer_cube,Gaussian recovery,47,96005,noise_objects,0,0,0.045399948954582214,0.0028287129604723303,55872580bf6ff4d749641c211eb2c65a709b7a11a28f1fcad8ae1dcc26e7b8f8,557676d87299d595728d4302933d6a6e7bbb7a7a92f7af9cc85f65517f624502,0,-1,0,-1,0,-1,0,-1
transfer_cube,Gaussian recovery,47,96005,noise_low_support,1,1,0.016666876152157784,0.005157086944091133,55872580bf6ff4d749641c211eb2c65a709b7a11a28f1fcad8ae1dcc26e7b8f8,353ba11d0cd39903f935561d043bf3c70ceeb6912738a844b585d185f0b8cb3c,1,130,1,136,1,282,1,282
transfer_cube,Gaussian recovery,47,96005,noise_supported,0,0,0.04861351475119591,0.008204718662891537,55872580bf6ff4d749641c211eb2c65a709b7a11a28f1fcad8ae1dcc26e7b8f8,54b4fbff13d6500d2c00daabccfa5158c8261b36218d8dab8357a8c02c9c5ab6,0,-1,0,-1,0,-1,0,-1
transfer_cube,Gaussian recovery,47,96005,replan_1,0,0,0.032931938767433167,0.0,55872580bf6ff4d749641c211eb2c65a709b7a11a28f1fcad8ae1dcc26e7b8f8,35db269ff7e0473daf2e5d0a13e3407fc847a395b6d8a49d81b2bb9214ef13da,0,-1,0,-1,0,-1,0,-1
transfer_cube,Gaussian recovery,47,96005,replan_1_ensemble,0,0,0.008328224226742632,0.0,55872580bf6ff4d749641c211eb2c65a709b7a11a28f1fcad8ae1dcc26e7b8f8,cbd499748312fd8a57d0d7e44cb0e63dcb38bd2b678211ea7d5c6f09db1ed32a,0,-1,0,-1,0,-1,0,-1
transfer_cube,Gaussian recovery,47,96005,replan_16,1,1,0.013758826069533825,0.0,55872580bf6ff4d749641c211eb2c65a709b7a11a28f1fcad8ae1dcc26e7b8f8,655e48105def823f19e658926121fec3b8200cab6aa36bd1646491dbf533d24b,1,157,1,157,1,289,1,289
transfer_cube,Gaussian recovery,47,96006,nominal,1,1,0.014996780082583427,0.0,55872580bf6ff4d749641c211eb2c65a709b7a11a28f1fcad8ae1dcc26e7b8f8,8590bbd32bab9e0466786eb09ef9f79bbdebeaf138d7f4a55b5f404c7a7f7803,1,164,1,166,1,287,1,287
transfer_cube,Gaussian recovery,47,96006,observation_noise,0,0,0.04285043478012085,0.015329700000584125,55872580bf6ff4d749641c211eb2c65a709b7a11a28f1fcad8ae1dcc26e7b8f8,2918b56389003f55e943cf0769284d345435f0416549e6b95eccb8dede179001,1,178,1,180,0,-1,0,-1
transfer_cube,Gaussian recovery,47,96006,noise_joints,0,0,0.05193164199590683,0.010012047524505761,55872580bf6ff4d749641c211eb2c65a709b7a11a28f1fcad8ae1dcc26e7b8f8,f7aa65620a0f2e9d4762f3336a73e4aa8bba78e9bdd502264f1e5f3f513ed3b8,1,179,1,179,0,-1,0,-1
transfer_cube,Gaussian recovery,47,96006,noise_objects,1,1,0.014557682909071445,0.0029542423936072737,55872580bf6ff4d749641c211eb2c65a709b7a11a28f1fcad8ae1dcc26e7b8f8,8fd7ba9bf0ecc5ca7e495f5b71324deba15cbe480a7d17acca2c9b5b6fc44c59,1,164,1,164,1,287,1,287
transfer_cube,Gaussian recovery,47,96006,noise_low_support,0,0,0.04191911593079567,0.010078816290042597,55872580bf6ff4d749641c211eb2c65a709b7a11a28f1fcad8ae1dcc26e7b8f8,ca85dcd377373b432cd28029318fba9e6835e6e124cd6360a81f84a5103ffffa,1,169,1,174,0,-1,0,-1
transfer_cube,Gaussian recovery,47,96006,noise_supported,0,0,0.04291914030909538,0.008248727899044753,55872580bf6ff4d749641c211eb2c65a709b7a11a28f1fcad8ae1dcc26e7b8f8,db76446acfac8938dec177f108a7b0b2e9c5175d96465d28784f249d797c577f,1,164,1,178,0,-1,0,-1
transfer_cube,Gaussian recovery,47,96006,replan_1,0,0,0.013503612019121647,0.0,55872580bf6ff4d749641c211eb2c65a709b7a11a28f1fcad8ae1dcc26e7b8f8,befdce62a8388c4275402ad5d33a5f33912c5e3af21b0bea678e3b61d87d5384,0,-1,0,-1,0,-1,0,-1
transfer_cube,Gaussian recovery,47,96006,replan_1_ensemble,0,0,0.008992703515350734,0.0,55872580bf6ff4d749641c211eb2c65a709b7a11a28f1fcad8ae1dcc26e7b8f8,f86b0d06706487fbd56255f09f10d6932014f1a5f236c64cea40cb3aad5c8bb7,0,-1,0,-1,0,-1,0,-1
transfer_cube,Gaussian recovery,47,96006,replan_16,1,1,0.01417984813451767,0.0,55872580bf6ff4d749641c211eb2c65a709b7a11a28f1fcad8ae1dcc26e7b8f8,cc0f9f8ee02aa0b058e8a31a26c52fe1b98d98df9b337db224099194211902ee,1,164,1,164,1,223,1,223
transfer_cube,Gaussian recovery,47,96007,nominal,0,0,0.04305579885840416,0.0,55872580bf6ff4d749641c211eb2c65a709b7a11a28f1fcad8ae1dcc26e7b8f8,478ea6cd1fdb438c5f81152e1b44ac658fbfe6b9cbe9345085a6191e2b990075,1,161,1,163,0,-1,0,-1
transfer_cube,Gaussian recovery,47,96007,observation_noise,0,0,0.04322700574994087,0.011049074809998274,55872580bf6ff4d749641c211eb2c65a709b7a11a28f1fcad8ae1dcc26e7b8f8,eaa651ad025ad653e2b565516472a0195bf0d48c38275eebe985e33849aaa684,1,158,1,177,0,-1,0,-1
transfer_cube,Gaussian recovery,47,96007,noise_joints,0,0,0.042963698506355286,0.011840472382027655,55872580bf6ff4d749641c211eb2c65a709b7a11a28f1fcad8ae1dcc26e7b8f8,36642de1f6b598fc17ee7884d2a05883018b45f95f8f161d02dbd8f2e5e41eaf,1,159,1,169,0,-1,0,-1
transfer_cube,Gaussian recovery,47,96007,noise_objects,1,1,0.015613524243235588,0.0032193096581613644,55872580bf6ff4d749641c211eb2c65a709b7a11a28f1fcad8ae1dcc26e7b8f8,90fb3adf620250d9bb916e0829422a2c84d40527f17144c0585a6f902c305b10,1,163,1,165,1,288,1,288
transfer_cube,Gaussian recovery,47,96007,noise_low_support,0,0,0.04009498655796051,0.007478775636991486,55872580bf6ff4d749641c211eb2c65a709b7a11a28f1fcad8ae1dcc26e7b8f8,8a1defadb753fb40166d0ecf6a171915c86bf54d93bf92e5c51bcc54fcb9f210,1,169,1,169,0,-1,0,-1
transfer_cube,Gaussian recovery,47,96007,noise_supported,1,1,0.01607925072312355,0.007010567632969469,55872580bf6ff4d749641c211eb2c65a709b7a11a28f1fcad8ae1dcc26e7b8f8,a6ff993c7ea7547b57bbb09736c901d7ee62aacc9b4e06cb2bfff106685a09fe,1,161,1,163,1,223,1,223
transfer_cube,Gaussian recovery,47,96007,replan_1,0,0,0.02222960628569126,0.0,55872580bf6ff4d749641c211eb2c65a709b7a11a28f1fcad8ae1dcc26e7b8f8,a21e5fe071c36caf579f928f05b92943cb42590dcf0776d94d8f6ac6fb571c98,1,188,1,188,0,-1,0,-1
transfer_cube,Gaussian recovery,47,96007,replan_1_ensemble,0,0,0.009439717952638952,0.0,55872580bf6ff4d749641c211eb2c65a709b7a11a28f1fcad8ae1dcc26e7b8f8,8be0b0892db022da84a9ce707d271f74cd3d0a8275abb6945fc81abd0f0d250a,0,-1,0,-1,0,-1,0,-1
transfer_cube,Gaussian recovery,47,96007,replan_16,1,1,0.014237402938306332,0.0,55872580bf6ff4d749641c211eb2c65a709b7a11a28f1fcad8ae1dcc26e7b8f8,7084df80bdaf11ed8f034525d46eaf0efe43761e8d0d5e50aac36df8f695d727,1,158,1,161,1,289,1,289
transfer_cube,Gaussian recovery,47,96008,nominal,1,1,0.015901852399110794,0.0,55872580bf6ff4d749641c211eb2c65a709b7a11a28f1fcad8ae1dcc26e7b8f8,46f4663199732dbb14e98087bba0534d5c4afd3f4013a9bd570f67771b459d2c,1,156,1,165,1,217,1,217
transfer_cube,Gaussian recovery,47,96008,observation_noise,1,1,0.01736479066312313,0.01012298778630793,55872580bf6ff4d749641c211eb2c65a709b7a11a28f1fcad8ae1dcc26e7b8f8,0b3cf1ede34b826e6a9129d3565a7da66f38acb952859b5779f87fabcb076a28,1,152,1,164,1,282,1,282
transfer_cube,Gaussian recovery,47,96008,noise_joints,1,1,0.016694871708750725,0.00877568120136857,55872580bf6ff4d749641c211eb2c65a709b7a11a28f1fcad8ae1dcc26e7b8f8,fc6beee0e92478d3add50a3e76a4372cec5a2d944fdf29468f191fde775426b6,1,151,1,151,1,217,1,217
transfer_cube,Gaussian recovery,47,96008,noise_objects,0,0,0.03586222231388092,0.0036639937188010663,55872580bf6ff4d749641c211eb2c65a709b7a11a28f1fcad8ae1dcc26e7b8f8,0e30e7c2fe88adc9edafc0c9a5f9c43833ef72f1a3161d314e5a0b1717b0cf15,1,146,1,168,0,-1,0,-1
transfer_cube,Gaussian recovery,47,96008,noise_low_support,1,1,0.01625363528728485,0.006707911470057297,55872580bf6ff4d749641c211eb2c65a709b7a11a28f1fcad8ae1dcc26e7b8f8,96151c82f7126bbac4f67104e80e739da29cef9b008b3fbebd777a6836554599,1,155,1,164,1,218,1,218
transfer_cube,Gaussian recovery,47,96008,noise_supported,0,0,0.04831836372613907,0.00849650017451495,55872580bf6ff4d749641c211eb2c65a709b7a11a28f1fcad8ae1dcc26e7b8f8,1c7827d6e6577dfcdf7df3ccbc070917b9f3898d1d1dbb14d53e3e4213702dd9,1,149,1,167,0,-1,0,-1
transfer_cube,Gaussian recovery,47,96008,replan_1,0,0,0.015128345228731632,0.0,55872580bf6ff4d749641c211eb2c65a709b7a11a28f1fcad8ae1dcc26e7b8f8,b3bfa2a402f91129942f5d75f9efbea6b15444660f42d5d7b61503c06ce84fee,0,-1,0,-1,0,-1,0,-1
transfer_cube,Gaussian recovery,47,96008,replan_1_ensemble,0,0,0.009102540115996106,0.0,55872580bf6ff4d749641c211eb2c65a709b7a11a28f1fcad8ae1dcc26e7b8f8,8b9630a2c09db1de69acbaa61e4762d532e49b38b70e4945c78d580d931b8f2d,0,-1,0,-1,0,-1,0,-1
transfer_cube,Gaussian recovery,47,96008,replan_16,1,1,0.013894446194171906,0.0,55872580bf6ff4d749641c211eb2c65a709b7a11a28f1fcad8ae1dcc26e7b8f8,e573df0e355fc34c83bfd0574e66da8fcb81ca853575d574a794a8ef669dd4a5,1,161,1,165,1,286,1,286
transfer_cube,Gaussian recovery,47,96009,nominal,0,0,0.04691251739859581,0.0,55872580bf6ff4d749641c211eb2c65a709b7a11a28f1fcad8ae1dcc26e7b8f8,e19515cc6312cf22956701915780c7f38518dddfaaec5ebd224ecb38e27b1d15,0,-1,0,-1,0,-1,0,-1
transfer_cube,Gaussian recovery,47,96009,observation_noise,1,1,0.01650679111480713,0.010674410737119616,55872580bf6ff4d749641c211eb2c65a709b7a11a28f1fcad8ae1dcc26e7b8f8,0c7e5841d8a6569753b158b5400220e5121a9efb6e4abe2c9e9db0bbd887c1b1,1,140,1,162,1,232,1,232
transfer_cube,Gaussian recovery,47,96009,noise_joints,1,1,0.015682945027947426,0.00949603228829801,55872580bf6ff4d749641c211eb2c65a709b7a11a28f1fcad8ae1dcc26e7b8f8,f9efed67710b0c9402d1b6879622ee7bc6ff77f9c142b5e0a0366650c7154785,1,156,1,156,1,288,1,288
transfer_cube,Gaussian recovery,47,96009,noise_objects,0,0,0.053044985979795456,0.0024356585362693296,55872580bf6ff4d749641c211eb2c65a709b7a11a28f1fcad8ae1dcc26e7b8f8,a52c5b2860308e09885691f6fbf886f91847cc580bb1a81d725f9b42fd758f70,0,-1,0,-1,0,-1,0,-1
transfer_cube,Gaussian recovery,47,96009,noise_low_support,1,1,0.015369982458651066,0.006124888012418523,55872580bf6ff4d749641c211eb2c65a709b7a11a28f1fcad8ae1dcc26e7b8f8,4acda7cdc6d3313646dda4061ef580a8ed2e6f55020746215336171f88633e28,1,151,1,162,1,290,1,290
transfer_cube,Gaussian recovery,47,96009,noise_supported,0,0,0.05368344113230705,0.007346474707592279,55872580bf6ff4d749641c211eb2c65a709b7a11a28f1fcad8ae1dcc26e7b8f8,0fe234d03a3935784812b3ca9557c0dcfcded7b7edec4e74014332b73ac7c315,0,-1,0,-1,0,-1,0,-1
transfer_cube,Gaussian recovery,47,96009,replan_1,0,0,0.02911481447517872,0.0,55872580bf6ff4d749641c211eb2c65a709b7a11a28f1fcad8ae1dcc26e7b8f8,2557effa32f63770494df54a92c448232892fa547d41f2a11088073d86a66d6b,0,-1,0,-1,0,-1,0,-1
transfer_cube,Gaussian recovery,47,96009,replan_1_ensemble,0,0,0.008771070885450965,0.0,55872580bf6ff4d749641c211eb2c65a709b7a11a28f1fcad8ae1dcc26e7b8f8,1f1088de2a16869b1bf4e733cd7e40aa5e8286bc26014205b084859153da9ee3,0,-1,0,-1,0,-1,0,-1
transfer_cube,Gaussian recovery,47,96009,replan_16,1,1,0.013299994170665741,0.0,55872580bf6ff4d749641c211eb2c65a709b7a11a28f1fcad8ae1dcc26e7b8f8,178658261dcd07899b36598a60e838996bc2a41b41ab3dd82bd4e47fe11c58bb,1,157,1,162,1,289,1,289
transfer_cube,Gaussian recovery,47,96010,nominal,1,1,0.014766626991331577,0.0,55872580bf6ff4d749641c211eb2c65a709b7a11a28f1fcad8ae1dcc26e7b8f8,bb7524b2a4a23ad7c32bb1021cb1c358a7d8f92868ef6777f6c98c2f193ee415,1,165,1,172,1,289,1,289
transfer_cube,Gaussian recovery,47,96010,observation_noise,0,0,0.032704830169677734,0.015041200108826161,55872580bf6ff4d749641c211eb2c65a709b7a11a28f1fcad8ae1dcc26e7b8f8,8b51f3d327071b85996575cee9502436e932bb12b7cc99d8118e5b6c98c12410,1,147,1,163,0,-1,0,-1
transfer_cube,Gaussian recovery,47,96010,noise_joints,1,1,0.017096061259508133,0.010951595969963819,55872580bf6ff4d749641c211eb2c65a709b7a11a28f1fcad8ae1dcc26e7b8f8,bfa9591f7ad3b2039ce6a898b95751c9cb53b8484985e5581fd950d4a2c74677,1,162,1,167,1,284,1,284
transfer_cube,Gaussian recovery,47,96010,noise_objects,1,1,0.01479324884712696,0.003209599396213889,55872580bf6ff4d749641c211eb2c65a709b7a11a28f1fcad8ae1dcc26e7b8f8,96ee0f01dc1ada2032ce1461186205cdf05b6f03bc44fae83b3814aa2de7c8b8,1,164,1,166,1,291,1,291
transfer_cube,Gaussian recovery,47,96010,noise_low_support,1,1,0.014989197254180908,0.006633220005460317,55872580bf6ff4d749641c211eb2c65a709b7a11a28f1fcad8ae1dcc26e7b8f8,ec9c49f21133685ddb78ac7562ad936f9a00fa42156e8a0ee43f6bd02dbb8a82,1,158,1,158,1,288,1,288
transfer_cube,Gaussian recovery,47,96010,noise_supported,0,0,0.05298459902405739,0.007909372625872492,55872580bf6ff4d749641c211eb2c65a709b7a11a28f1fcad8ae1dcc26e7b8f8,a0481e116bc312f9032efd6e31f966d26a432694458809cadd47a0e8c5e96156,0,-1,0,-1,0,-1,0,-1
transfer_cube,Gaussian recovery,47,96010,replan_1,0,0,0.019673079252243042,0.0,55872580bf6ff4d749641c211eb2c65a709b7a11a28f1fcad8ae1dcc26e7b8f8,571a32f94c487b8251f936db37c9c1c4999c47e38adc44b88f8d3a2f8b3af2b4,1,159,1,159,0,-1,0,-1
transfer_cube,Gaussian recovery,47,96010,replan_1_ensemble,0,0,0.009652776780111255,0.0,55872580bf6ff4d749641c211eb2c65a709b7a11a28f1fcad8ae1dcc26e7b8f8,9e863c27316a3bb3876f752e97193b0e9ab3f5450518694a8daad20bcde6aa9c,0,-1,0,-1,0,-1,0,-1
transfer_cube,Gaussian recovery,47,96010,replan_16,1,1,0.01275110524147749,0.0,55872580bf6ff4d749641c211eb2c65a709b7a11a28f1fcad8ae1dcc26e7b8f8,ba5c420e309efeb29e1c17a41a3cf222d4469f560c855847cdcc8141f1732932,1,161,1,162,1,289,1,289
transfer_cube,Gaussian recovery,47,96011,nominal,1,1,0.014360317960381508,0.0,55872580bf6ff4d749641c211eb2c65a709b7a11a28f1fcad8ae1dcc26e7b8f8,ecc13672fb86d0f32ca53af06543e9c9acc18927cd1e076f1538371ce2535123,1,162,1,164,1,290,1,290
transfer_cube,Gaussian recovery,47,96011,observation_noise,0,0,0.05372500792145729,0.014598497627303005,55872580bf6ff4d749641c211eb2c65a709b7a11a28f1fcad8ae1dcc26e7b8f8,bb75de42c8d644eecdae3b9e054d73ca7d150211b65efefcc3d069dc5720a8b4,0,-1,0,-1,0,-1,0,-1
transfer_cube,Gaussian recovery,47,96011,noise_joints,0,0,0.051393795758485794,0.0143517576623708,55872580bf6ff4d749641c211eb2c65a709b7a11a28f1fcad8ae1dcc26e7b8f8,9680ebe27f414d85677bd802d01a41f41790ba5ed3054b5a2a6bbf7885432656,0,-1,0,-1,0,-1,0,-1
transfer_cube,Gaussian recovery,47,96011,noise_objects,1,1,0.015195968560874462,0.0034216025774367153,55872580bf6ff4d749641c211eb2c65a709b7a11a28f1fcad8ae1dcc26e7b8f8,cc6d4ed118db4aaad0124e565d83e7d39204135b7a4c0a3b78161c131bad7644,1,163,1,164,1,289,1,289
transfer_cube,Gaussian recovery,47,96011,noise_low_support,1,1,0.01560891605913639,0.0048614985277527015,55872580bf6ff4d749641c211eb2c65a709b7a11a28f1fcad8ae1dcc26e7b8f8,3df3bf69c2be54cec1225c47262e8d9ec44d6059c3ad4c49746e6d1a1f520b00,1,141,1,150,1,292,1,292
transfer_cube,Gaussian recovery,47,96011,noise_supported,0,0,0.052879899740219116,0.007577237985096872,55872580bf6ff4d749641c211eb2c65a709b7a11a28f1fcad8ae1dcc26e7b8f8,2198af35900c54968d42a64d648fc25af0566645cebbf415ac228ff3061f67ea,0,-1,0,-1,0,-1,0,-1
transfer_cube,Gaussian recovery,47,96011,replan_1,1,1,0.01507181953638792,0.0,55872580bf6ff4d749641c211eb2c65a709b7a11a28f1fcad8ae1dcc26e7b8f8,762b5dec406bab8cb2f56e70bec770b901344dc1d4b1a1202ffdfd960f986e41,1,162,1,165,1,236,1,236
transfer_cube,Gaussian recovery,47,96011,replan_1_ensemble,0,0,0.009553417406733735,0.0,55872580bf6ff4d749641c211eb2c65a709b7a11a28f1fcad8ae1dcc26e7b8f8,3b69a8ed6df5e1f2b8f7aa91016252de8e9ea8f892732be1d7b2355834e17b69,0,-1,0,-1,0,-1,0,-1
transfer_cube,Gaussian recovery,47,96011,replan_16,1,1,0.012720262631773949,0.0,55872580bf6ff4d749641c211eb2c65a709b7a11a28f1fcad8ae1dcc26e7b8f8,83aa299cd436f3c9f19731ddcc498c0f23bce8467e8bec0a0297d0909d599d26,1,161,1,161,1,289,1,289
transfer_cube,Gaussian recovery,47,96012,nominal,0,0,0.04189218580722809,0.0,55872580bf6ff4d749641c211eb2c65a709b7a11a28f1fcad8ae1dcc26e7b8f8,66c58c29db9618a04cceb9a01848ce6ba2c0dd0859744d0fb3e90c6a3489b067,1,162,1,163,0,-1,0,-1
transfer_cube,Gaussian recovery,47,96012,observation_noise,0,0,0.04316774755716324,0.014531382834538817,55872580bf6ff4d749641c211eb2c65a709b7a11a28f1fcad8ae1dcc26e7b8f8,1f7f92352073d18f37b0197bd5f7f68f82e5265ebbbcf1e67f57063521fba403,1,166,1,169,0,-1,0,-1
transfer_cube,Gaussian recovery,47,96012,noise_joints,0,0,0.04093823581933975,0.012728045391850174,55872580bf6ff4d749641c211eb2c65a709b7a11a28f1fcad8ae1dcc26e7b8f8,b21f642fa56aadc62f682d7812dcfc50a59faa4869cccef63654524b68c556b4,1,163,1,163,0,-1,0,-1
transfer_cube,Gaussian recovery,47,96012,noise_objects,1,1,0.01641940139234066,0.003011940338765271,55872580bf6ff4d749641c211eb2c65a709b7a11a28f1fcad8ae1dcc26e7b8f8,e92e20fe946a0d6c4aa21e867d598735df26572b62256ae2fb9eb541be395d5b,1,163,1,168,1,286,1,286
transfer_cube,Gaussian recovery,47,96012,noise_low_support,0,0,0.03806043043732643,0.009488784030545504,55872580bf6ff4d749641c211eb2c65a709b7a11a28f1fcad8ae1dcc26e7b8f8,153393c6350ab45bc88aef54e77aa91d7b0679c5ccfb40d0ce05fb628e4095c9,0,-1,0,-1,0,-1,0,-1
transfer_cube,Gaussian recovery,47,96012,noise_supported,1,1,0.019604433327913284,0.00791560891782865,55872580bf6ff4d749641c211eb2c65a709b7a11a28f1fcad8ae1dcc26e7b8f8,932e3cd600abb1f044163acc21c644a25b924c570019b9ee8be941981a2576a9,1,164,1,166,1,283,1,283
transfer_cube,Gaussian recovery,47,96012,replan_1,1,1,0.014982271008193493,0.0,55872580bf6ff4d749641c211eb2c65a709b7a11a28f1fcad8ae1dcc26e7b8f8,c6e168ebb3f61b0b028f06620e14c6cd21c9f720de6698cea6a2ef3eea5ff163,1,181,1,181,1,224,1,224
transfer_cube,Gaussian recovery,47,96012,replan_1_ensemble,0,0,0.009607204976799776,0.0,55872580bf6ff4d749641c211eb2c65a709b7a11a28f1fcad8ae1dcc26e7b8f8,3f2f42fd763d782607a1afa9b5396d64626bcc8ea0e6ce45abaadf135c2c9ed0,0,-1,0,-1,0,-1,0,-1
transfer_cube,Gaussian recovery,47,96012,replan_16,1,1,0.01412951573729515,0.0,55872580bf6ff4d749641c211eb2c65a709b7a11a28f1fcad8ae1dcc26e7b8f8,4212e9db9c22c4220ae4f768802a6fda4c3b74c1a863a90104b7ea6999199190,1,160,1,175,1,290,1,290
transfer_cube,Gaussian recovery,47,96013,nominal,1,1,0.014212527312338352,0.0,55872580bf6ff4d749641c211eb2c65a709b7a11a28f1fcad8ae1dcc26e7b8f8,5d3b5760d1d290db8027741054b52dcfc3fb9c9bff34e61a0a54d35847416ef5,1,163,1,166,1,288,1,288
transfer_cube,Gaussian recovery,47,96013,observation_noise,1,1,0.016477495431900024,0.010730754863470793,55872580bf6ff4d749641c211eb2c65a709b7a11a28f1fcad8ae1dcc26e7b8f8,ff5d0eb602dcc0a20d5b75235daa01e83420a078d3525e0f7d2b999d91e65c6f,1,162,1,164,1,286,1,286
transfer_cube,Gaussian recovery,47,96013,noise_joints,1,1,0.015832290053367615,0.01004735239315778,55872580bf6ff4d749641c211eb2c65a709b7a11a28f1fcad8ae1dcc26e7b8f8,8db385eee7363afd22348c01fcad37af319e7ae80a83db11cf810e07d86a4ec9,1,157,1,159,1,283,1,283
transfer_cube,Gaussian recovery,47,96013,noise_objects,1,1,0.017282212153077126,0.0035085603554034605,55872580bf6ff4d749641c211eb2c65a709b7a11a28f1fcad8ae1dcc26e7b8f8,8be24d3e6b1938433e59be60f71f847226b2a40c70ac69bdfca9d07a52ffdb5a,1,149,1,156,1,228,1,228
transfer_cube,Gaussian recovery,47,96013,noise_low_support,1,1,0.015307147055864334,0.006806923859985545,55872580bf6ff4d749641c211eb2c65a709b7a11a28f1fcad8ae1dcc26e7b8f8,7fe40350e9d28d907e8f07e635b817b24575a7dc9245c2a675c3925396228123,1,157,1,168,1,283,1,283
transfer_cube,Gaussian recovery,47,96013,noise_supported,1,1,0.016184546053409576,0.007069743080064654,55872580bf6ff4d749641c211eb2c65a709b7a11a28f1fcad8ae1dcc26e7b8f8,22e114b9baa6f19bb9acdca8f441298a48ba58e2642bf02d160b8bd25f308e59,1,168,1,172,1,288,1,288
transfer_cube,Gaussian recovery,47,96013,replan_1,1,1,0.014937974512577057,0.0,55872580bf6ff4d749641c211eb2c65a709b7a11a28f1fcad8ae1dcc26e7b8f8,4e5d11b227bb20852a89cebb0eedc1dcb9b4008235243468e08e9b915fd96f7b,1,174,1,185,1,231,1,231
transfer_cube,Gaussian recovery,47,96013,replan_1_ensemble,0,0,0.009826275214138987,0.0,55872580bf6ff4d749641c211eb2c65a709b7a11a28f1fcad8ae1dcc26e7b8f8,425126535eb2a6264e99ece438ff071953470795443a0c9907dc873e949fca28,0,-1,0,-1,0,-1,0,-1
transfer_cube,Gaussian recovery,47,96013,replan_16,1,1,0.012703802436590195,0.0,55872580bf6ff4d749641c211eb2c65a709b7a11a28f1fcad8ae1dcc26e7b8f8,57418389c90a586af68ceae8088ff004f8052439ce21a215c00fc70b9e06e5b1,1,161,1,169,1,289,1,289
transfer_cube,Gaussian recovery,47,96014,nominal,1,1,0.014680064283311367,0.0,55872580bf6ff4d749641c211eb2c65a709b7a11a28f1fcad8ae1dcc26e7b8f8,6bfe0873ea2b3600446957d010bbeff21370a4b1c51ffcccff4b5e66086beb35,1,164,1,172,1,288,1,288
transfer_cube,Gaussian recovery,47,96014,observation_noise,1,1,0.016584157943725586,0.01084008785430342,55872580bf6ff4d749641c211eb2c65a709b7a11a28f1fcad8ae1dcc26e7b8f8,5372ec1f525d86925fb0531a2bd05b2ac7b847cb9ff7a4d3ad9c96d5d7b63bb5,1,154,1,154,1,280,1,280
transfer_cube,Gaussian recovery,47,96014,noise_joints,1,1,0.016484418883919716,0.009843325370457023,55872580bf6ff4d749641c211eb2c65a709b7a11a28f1fcad8ae1dcc26e7b8f8,064af5f137573cbaa6ee7c5bf981941b25ff356494454c602c9b50b03972639e,1,157,1,164,1,217,1,217
transfer_cube,Gaussian recovery,47,96014,noise_objects,1,1,0.014055794104933739,0.0032875678210984916,55872580bf6ff4d749641c211eb2c65a709b7a11a28f1fcad8ae1dcc26e7b8f8,574e8c6896ac78ccdbdcfec6565394c61f4e3476726f63e5d2011dfe4f31be58,1,160,1,166,1,285,1,285
transfer_cube,Gaussian recovery,47,96014,noise_low_support,1,1,0.01545132789760828,0.0070753479859558864,55872580bf6ff4d749641c211eb2c65a709b7a11a28f1fcad8ae1dcc26e7b8f8,00b71d9dcc846b73c98c01ec4f5161b07d4bee04872795a5daa55422cffca2b7,1,157,1,164,1,282,1,282
transfer_cube,Gaussian recovery,47,96014,noise_supported,1,1,0.015772707760334015,0.007432698304764927,55872580bf6ff4d749641c211eb2c65a709b7a11a28f1fcad8ae1dcc26e7b8f8,5d0b887a4f712b35f7442eea6d0c5909beffea9ac7d390422b6ca5ba33fc9862,1,150,1,164,1,285,1,285
transfer_cube,Gaussian recovery,47,96014,replan_1,0,0,0.020047767087817192,0.0,55872580bf6ff4d749641c211eb2c65a709b7a11a28f1fcad8ae1dcc26e7b8f8,945425cacd5793ec690d8849dcdce5549ddb2d3e7b991cf2496bbb5278cb859a,1,158,1,158,0,-1,0,-1
transfer_cube,Gaussian recovery,47,96014,replan_1_ensemble,0,0,0.009686327667969613,0.0,55872580bf6ff4d749641c211eb2c65a709b7a11a28f1fcad8ae1dcc26e7b8f8,7b059d80bc6e7c56528699e087507bd47334f7ab51b4e06250191310118ee659,0,-1,0,-1,0,-1,0,-1
transfer_cube,Gaussian recovery,47,96014,replan_16,1,1,0.012796403840184212,0.0,55872580bf6ff4d749641c211eb2c65a709b7a11a28f1fcad8ae1dcc26e7b8f8,6d827e6b074629cdf7577ff3a735ddac877c23bd24206bea5162f584f6ddd053,1,161,1,169,1,289,1,289
transfer_cube,Gaussian recovery,47,96015,nominal,1,1,0.013551352545619011,0.0,55872580bf6ff4d749641c211eb2c65a709b7a11a28f1fcad8ae1dcc26e7b8f8,8a6de4423754590dc3e55ec42421bbf50620208bfc303009d500037751d2a9af,1,161,1,166,1,288,1,288
transfer_cube,Gaussian recovery,47,96015,observation_noise,1,1,0.014865453355014324,0.009769668933004141,55872580bf6ff4d749641c211eb2c65a709b7a11a28f1fcad8ae1dcc26e7b8f8,0b6d7610cc2876efcdc279bb820579c8387dcf8fa8c87cbe5675473953f1be9d,1,158,1,158,1,279,1,279
transfer_cube,Gaussian recovery,47,96015,noise_joints,1,1,0.014889892190694809,0.008846674226224422,55872580bf6ff4d749641c211eb2c65a709b7a11a28f1fcad8ae1dcc26e7b8f8,c331ef033a08bb2f8945a8e99b96ecf0fe58df01c2434388d44090d5da07f869,1,158,1,158,1,280,1,280
transfer_cube,Gaussian recovery,47,96015,noise_objects,1,1,0.013556916266679764,0.0036058403074275703,55872580bf6ff4d749641c211eb2c65a709b7a11a28f1fcad8ae1dcc26e7b8f8,a80a329395cc6ec19f1547199b0680469f2e3ae6e007ece27b1aae81bdd215dc,1,159,1,159,1,288,1,288
transfer_cube,Gaussian recovery,47,96015,noise_low_support,1,1,0.014248172752559185,0.005249052579965791,55872580bf6ff4d749641c211eb2c65a709b7a11a28f1fcad8ae1dcc26e7b8f8,264000fdbc789347f12b5ac56d76da638c1c36bfae8be652fe9b4ffb2a32a67a,1,161,1,165,1,283,1,283
transfer_cube,Gaussian recovery,47,96015,noise_supported,1,1,0.014181624166667461,0.007409323265310377,55872580bf6ff4d749641c211eb2c65a709b7a11a28f1fcad8ae1dcc26e7b8f8,8c1cb2cc93e05c631524290507613106535e8524f0ca86c7212e780caeaacc40,1,159,1,168,1,286,1,286
transfer_cube,Gaussian recovery,47,96015,replan_1,1,1,0.014576972462236881,0.0,55872580bf6ff4d749641c211eb2c65a709b7a11a28f1fcad8ae1dcc26e7b8f8,e7388dc1c7dc59f730b7fa83746b2744fb29ec49d3e1a35bdd85bd91c3ed1f01,1,157,1,157,1,286,1,286
transfer_cube,Gaussian recovery,47,96015,replan_1_ensemble,0,0,0.01405976684377357,0.0,55872580bf6ff4d749641c211eb2c65a709b7a11a28f1fcad8ae1dcc26e7b8f8,dd57f2a993d8a388d68e2b558b92f6772f0be07ddafeadd8d8936daffc138c84,0,-1,0,-1,0,-1,0,-1
transfer_cube,Gaussian recovery,47,96015,replan_16,1,1,0.012764492072165012,0.0,55872580bf6ff4d749641c211eb2c65a709b7a11a28f1fcad8ae1dcc26e7b8f8,6aa1311c4b0129d57a555bf1aa1f4ff40869dc6cfd5af9963cc1ba6d73da777b,1,161,1,161,1,289,1,289
transfer_cube,Gaussian recovery,47,96016,nominal,1,1,0.013784339651465416,0.0,55872580bf6ff4d749641c211eb2c65a709b7a11a28f1fcad8ae1dcc26e7b8f8,76f575ee50361696020192ec601345c9181b9d089cc02bc534522d938edac1ae,1,166,1,166,1,287,1,287
transfer_cube,Gaussian recovery,47,96016,observation_noise,1,1,0.014580661430954933,0.00898379367776215,55872580bf6ff4d749641c211eb2c65a709b7a11a28f1fcad8ae1dcc26e7b8f8,eca2e941f0b56174bae6a4716b66ba5e5b5e5873be2ffc7c804d24665c4a5eaa,1,157,1,158,1,287,1,287
transfer_cube,Gaussian recovery,47,96016,noise_joints,1,1,0.014473263174295425,0.008185867913998663,55872580bf6ff4d749641c211eb2c65a709b7a11a28f1fcad8ae1dcc26e7b8f8,da52dfecc077b8daffa9cc87ef38a7c23f817625177d79a3db47be61e774e1c4,1,158,1,158,1,287,1,287
transfer_cube,Gaussian recovery,47,96016,noise_objects,1,1,0.01385015994310379,0.0034087361115962265,55872580bf6ff4d749641c211eb2c65a709b7a11a28f1fcad8ae1dcc26e7b8f8,208bdc6435d8a956300042d0229aa3ba961cc3ed3671278166c92f0c1c7e6535,1,162,1,163,1,288,1,288
transfer_cube,Gaussian recovery,47,96016,noise_low_support,1,1,0.01423066109418869,0.0049173986399546265,55872580bf6ff4d749641c211eb2c65a709b7a11a28f1fcad8ae1dcc26e7b8f8,ea28b6723b96e216b3466b6213dccdc29bd7ede59587d057c7a5926d97708374,1,161,1,164,1,286,1,286
transfer_cube,Gaussian recovery,47,96016,noise_supported,1,1,0.01402813196182251,0.006692324746400118,55872580bf6ff4d749641c211eb2c65a709b7a11a28f1fcad8ae1dcc26e7b8f8,e86eb74e0e5ac12e81c812919c6611093cebd5dfec64de27f853a8a28507b66d,1,158,1,158,1,287,1,287
transfer_cube,Gaussian recovery,47,96016,replan_1,1,1,0.014417651109397411,0.0,55872580bf6ff4d749641c211eb2c65a709b7a11a28f1fcad8ae1dcc26e7b8f8,0576fe74726877233aab8fa404ae27469aa59cc458efa56d27a2e74a490d939f,1,166,1,169,1,280,1,280
transfer_cube,Gaussian recovery,47,96016,replan_1_ensemble,0,0,0.010109928379310722,0.0,55872580bf6ff4d749641c211eb2c65a709b7a11a28f1fcad8ae1dcc26e7b8f8,bb4a2f0b154a9493b1098dbbd2d7032d4095d67d892db67bf73309b354bbc499,0,-1,0,-1,0,-1,0,-1
transfer_cube,Gaussian recovery,47,96016,replan_16,1,1,0.012712379917502403,0.0,55872580bf6ff4d749641c211eb2c65a709b7a11a28f1fcad8ae1dcc26e7b8f8,213cbe1d0d2121b362aa9386701a55b3aa0c2e7e7eb642312a55a20e927f37da,1,160,1,169,1,289,1,289
transfer_cube,Gaussian recovery,47,96017,nominal,1,1,0.01524664368480444,0.0,55872580bf6ff4d749641c211eb2c65a709b7a11a28f1fcad8ae1dcc26e7b8f8,1682257f86a568f571948d3a4dc1b94fca397260337274176b5b9e72f3797c67,1,165,1,169,1,289,1,289
transfer_cube,Gaussian recovery,47,96017,observation_noise,1,1,0.014864581637084484,0.01071008167695254,55872580bf6ff4d749641c211eb2c65a709b7a11a28f1fcad8ae1dcc26e7b8f8,57ed6e5f93dc0fd3aeb7682b06661a2a599814dc07262384b168bb69f8062445,1,153,1,161,1,218,1,218
transfer_cube,Gaussian recovery,47,96017,noise_joints,1,1,0.014657753519713879,0.010217493358068168,55872580bf6ff4d749641c211eb2c65a709b7a11a28f1fcad8ae1dcc26e7b8f8,d2171066c754e3928ff9ca90d63adcb317bb814a56bb5cef2be435bdd8042a24,1,160,1,160,1,217,1,217
transfer_cube,Gaussian recovery,47,96017,noise_objects,1,1,0.014347156509757042,0.0035846163786482066,55872580bf6ff4d749641c211eb2c65a709b7a11a28f1fcad8ae1dcc26e7b8f8,7a8282ed52ca0a14f226ee88a50a24ee97630446a4259f76f422cb8b13fe1c5b,1,162,1,162,1,290,1,290
transfer_cube,Gaussian recovery,47,96017,noise_low_support,1,1,0.014897383749485016,0.007503069375816267,55872580bf6ff4d749641c211eb2c65a709b7a11a28f1fcad8ae1dcc26e7b8f8,8cb51d03c637b23ec564f07f55dbc81cefcd27656d1e5496077b7b3bddc765f9,1,155,1,161,1,219,1,219
transfer_cube,Gaussian recovery,47,96017,noise_supported,1,1,0.015798212960362434,0.007284216717816889,55872580bf6ff4d749641c211eb2c65a709b7a11a28f1fcad8ae1dcc26e7b8f8,dd39a00c4e11d8d2e2fdd6525f5826e16d727657cc0d5bb05eb887a4b0b5f6ab,1,157,1,169,1,289,1,289
transfer_cube,Gaussian recovery,47,96017,replan_1,1,1,0.015578215010464191,0.0,55872580bf6ff4d749641c211eb2c65a709b7a11a28f1fcad8ae1dcc26e7b8f8,8f39175dd6467173d591899a41369521cb74dd4a8680d0d7775a246f9310d4e3,1,158,1,159,1,230,1,230
transfer_cube,Gaussian recovery,47,96017,replan_1_ensemble,0,0,0.009174341500460951,0.0,55872580bf6ff4d749641c211eb2c65a709b7a11a28f1fcad8ae1dcc26e7b8f8,b30eaa995a9ad78942334cc307e3465bcf5191a20065500504210378977dd325,0,-1,0,-1,0,-1,0,-1
transfer_cube,Gaussian recovery,47,96017,replan_16,1,1,0.013027637265622616,0.0,55872580bf6ff4d749641c211eb2c65a709b7a11a28f1fcad8ae1dcc26e7b8f8,b638788be80715bfa0d530521862eafbd09e95ee86bd17a56bce46d416822633,1,161,1,161,1,290,1,290
transfer_cube,Gaussian recovery,47,96018,nominal,1,1,0.01484433002769947,0.0,55872580bf6ff4d749641c211eb2c65a709b7a11a28f1fcad8ae1dcc26e7b8f8,ce2442988a12c09792495ca2996fb5d1abc1f2b7d60df3f864a41c88d997ec1e,1,160,1,160,1,225,1,225
transfer_cube,Gaussian recovery,47,96018,observation_noise,1,1,0.016688192263245583,0.010390683845616876,55872580bf6ff4d749641c211eb2c65a709b7a11a28f1fcad8ae1dcc26e7b8f8,f3f07394f4e279d7be34879d5f6585fff51fc52d3c61a0daaf89934e5cf261ee,1,153,1,158,1,284,1,284
transfer_cube,Gaussian recovery,47,96018,noise_joints,1,1,0.016244687139987946,0.009476225855760276,55872580bf6ff4d749641c211eb2c65a709b7a11a28f1fcad8ae1dcc26e7b8f8,c88531baf124cf8d27c8aff14d7e59d6c8ed0cd03bdc96ea55fe242b2c0c1cb5,1,158,1,160,1,284,1,284
transfer_cube,Gaussian recovery,47,96018,noise_objects,1,1,0.015415530651807785,0.0029327218420803548,55872580bf6ff4d749641c211eb2c65a709b7a11a28f1fcad8ae1dcc26e7b8f8,fd16ef784181083e1036e752775980f4c1c913406a134a0a3d607a09452e949b,1,160,1,160,1,224,1,224
transfer_cube,Gaussian recovery,47,96018,noise_low_support,1,1,0.01620834693312645,0.007268184803542681,55872580bf6ff4d749641c211eb2c65a709b7a11a28f1fcad8ae1dcc26e7b8f8,cb16257d72aec1c4724c5c18356a0e090950536aa937d55d7f17afbd2ba1eab0,1,157,1,160,1,283,1,283
transfer_cube,Gaussian recovery,47,96018,noise_supported,1,1,0.01568770222365856,0.006919424589723349,55872580bf6ff4d749641c211eb2c65a709b7a11a28f1fcad8ae1dcc26e7b8f8,57cac50170ff92bdc1aa70028bbb7cbdc1f6193085ec798d76d91a33e87f434a,1,160,1,160,1,285,1,285
transfer_cube,Gaussian recovery,47,96018,replan_1,1,1,0.014190873131155968,0.0,55872580bf6ff4d749641c211eb2c65a709b7a11a28f1fcad8ae1dcc26e7b8f8,928f9dbf43e10d99a62df910629f0565ab74bcdbc884846422d311bd75eedd4f,1,162,1,173,1,225,1,225
transfer_cube,Gaussian recovery,47,96018,replan_1_ensemble,1,1,0.009311011423784717,0.0,55872580bf6ff4d749641c211eb2c65a709b7a11a28f1fcad8ae1dcc26e7b8f8,ce6b93b5119c930e30677201550d3ce6ad841798686dce248fe88c405522f49c,1,162,1,169,1,287,1,287
transfer_cube,Gaussian recovery,47,96018,replan_16,1,1,0.013955996371805668,0.0,55872580bf6ff4d749641c211eb2c65a709b7a11a28f1fcad8ae1dcc26e7b8f8,86fa894e7a2389f1df2c11e345ae22f591250a1ad042dbcfe83788d81df7d1f3,1,158,1,158,1,288,1,288
transfer_cube,Gaussian recovery,47,96019,nominal,1,1,0.01330355554819107,0.0,55872580bf6ff4d749641c211eb2c65a709b7a11a28f1fcad8ae1dcc26e7b8f8,d95a189927ed7017b6f54473668f117e2ee0e2fb218574fbd9ed6fc98408b18e,1,160,1,167,1,288,1,288
transfer_cube,Gaussian recovery,47,96019,observation_noise,1,1,0.01550369244068861,0.010836276127956807,55872580bf6ff4d749641c211eb2c65a709b7a11a28f1fcad8ae1dcc26e7b8f8,6b86d271deeeaedfbdbf05065890b04421a7dc28e9d3ee204c1806490fdc695b,1,161,1,164,1,280,1,280
transfer_cube,Gaussian recovery,47,96019,noise_joints,1,1,0.015496521256864071,0.00948878736468032,55872580bf6ff4d749641c211eb2c65a709b7a11a28f1fcad8ae1dcc26e7b8f8,03536b1d441e3d655ccb9af5ade3d036c5e4548cb3263ad47a40c985c269a4aa,1,160,1,164,1,283,1,283
transfer_cube,Gaussian recovery,47,96019,noise_objects,1,1,0.013309337198734283,0.0034946931875310836,55872580bf6ff4d749641c211eb2c65a709b7a11a28f1fcad8ae1dcc26e7b8f8,58bba452540dd8693bb1cc2b33ca4ce40a056ff48647f945b1e9e10f10d53ec4,1,162,1,166,1,285,1,285
transfer_cube,Gaussian recovery,47,96019,noise_low_support,1,1,0.014429488219320774,0.007596448160620639,55872580bf6ff4d749641c211eb2c65a709b7a11a28f1fcad8ae1dcc26e7b8f8,6b4612dbe30aec06d655e36655d0ea77801303bba970843602e8b32268aab5f5,1,159,1,159,1,282,1,282
transfer_cube,Gaussian recovery,47,96019,noise_supported,1,1,0.014355278573930264,0.006866302117705345,55872580bf6ff4d749641c211eb2c65a709b7a11a28f1fcad8ae1dcc26e7b8f8,3f35c954117df8adce42abf03e9e1ee0132bc74d81e68871903b2cbb1aad962a,1,163,1,164,1,286,1,286
transfer_cube,Gaussian recovery,47,96019,replan_1,1,1,0.01424490287899971,0.0,55872580bf6ff4d749641c211eb2c65a709b7a11a28f1fcad8ae1dcc26e7b8f8,4bf0ae54ac8d7de5fbe5863761aff9e9200e767c874f65c8dc99fe31e6bcae1a,1,157,1,173,1,224,1,224
transfer_cube,Gaussian recovery,47,96019,replan_1_ensemble,1,1,0.008952586626095813,0.0,55872580bf6ff4d749641c211eb2c65a709b7a11a28f1fcad8ae1dcc26e7b8f8,015056adfa25ce2ed7cba99723fb0222bdf72134a6aa346d4ba118392a3c92f9,1,165,1,173,1,287,1,287
transfer_cube,Gaussian recovery,47,96019,replan_16,1,1,0.012791718356311321,0.0,55872580bf6ff4d749641c211eb2c65a709b7a11a28f1fcad8ae1dcc26e7b8f8,3f317d0cdc4d5ff08ef4332708ddab75b26d0fd66764cca09a887f6968f1a9a4,1,158,1,160,1,290,1,290
insertion,Calibrated recovery,7,96000,nominal,0,0,0.021714499220252037,0.0,30d3eb367b19df3e18a199ef8cb8fb7991f39c4789a78338ee79b7aba8a23153,7686842f78bd0ac5cde5f53dcc7558646c5bbf40c2dc0b749f8c2ae49eb10979,1,218,1,218,0,-1,0,-1
insertion,Calibrated recovery,7,96000,observation_noise,0,0,0.01623975671827793,0.009590446511283516,30d3eb367b19df3e18a199ef8cb8fb7991f39c4789a78338ee79b7aba8a23153,4f90d0aa2ffdbac4431f1ceadefe7e87b5b80731d3a650450781433b9a28d7a7,1,214,1,230,0,-1,0,-1
insertion,Calibrated recovery,7,96000,noise_joints,0,0,0.015624025836586952,0.0037677094899117945,30d3eb367b19df3e18a199ef8cb8fb7991f39c4789a78338ee79b7aba8a23153,1ff0ec81cc2155be45c9a2c17edc52205c876a4886015452c2be9e944575514d,1,219,1,225,1,337,0,-1
insertion,Calibrated recovery,7,96000,noise_objects,0,0,0.024569572880864143,0.008797590378671885,30d3eb367b19df3e18a199ef8cb8fb7991f39c4789a78338ee79b7aba8a23153,8cea656087139fd26177d1cc1fb7c5fa94645a3e5e533fda7a28f6a5305d34c1,1,211,1,227,0,-1,0,-1
insertion,Calibrated recovery,7,96000,noise_low_support,0,0,0.021714499220252037,0.0,30d3eb367b19df3e18a199ef8cb8fb7991f39c4789a78338ee79b7aba8a23153,cd06ed39fd86cf5108515b930333a8a0538ded5417cbe8d69da9474651b03d0a,1,218,1,218,0,-1,0,-1
insertion,Calibrated recovery,7,96000,noise_supported,0,0,0.01623975671827793,0.009590446511283516,30d3eb367b19df3e18a199ef8cb8fb7991f39c4789a78338ee79b7aba8a23153,4f90d0aa2ffdbac4431f1ceadefe7e87b5b80731d3a650450781433b9a28d7a7,1,214,1,230,0,-1,0,-1
insertion,Calibrated recovery,7,96000,replan_1,0,0,0.006190546788275242,0.0,30d3eb367b19df3e18a199ef8cb8fb7991f39c4789a78338ee79b7aba8a23153,2971ac9b5d83e621567f10a9b291271e9f4b765ed03c62e11b24c259adea58e6,0,-1,0,-1,0,-1,0,-1
insertion,Calibrated recovery,7,96000,replan_1_ensemble,0,0,0.008257047025478475,0.0,30d3eb367b19df3e18a199ef8cb8fb7991f39c4789a78338ee79b7aba8a23153,ae69dc435502d3f94ad41aef374dacb44893ea10fca8c3d381222b3b317203db,1,217,1,219,1,339,0,-1
insertion,Calibrated recovery,7,96000,replan_16,1,1,0.01554243266582489,0.0,30d3eb367b19df3e18a199ef8cb8fb7991f39c4789a78338ee79b7aba8a23153,dbc0a3adffa7e12d0c9c3d235ff933a004b78851d9dc4627c026da9a0b8548cf,1,228,1,235,1,382,1,382
insertion,Calibrated recovery,7,96001,nominal,0,0,0.014957757666707039,0.0,30d3eb367b19df3e18a199ef8cb8fb7991f39c4789a78338ee79b7aba8a23153,aa3a77f4b37a0e39337025f2a07be7885afcafab32ae37d205a9ebed662fa1b6,1,217,1,219,1,305,0,-1
insertion,Calibrated recovery,7,96001,observation_noise,1,1,0.01488308236002922,0.009623165829107166,30d3eb367b19df3e18a199ef8cb8fb7991f39c4789a78338ee79b7aba8a23153,f80dfa8029ff0d170d7a862dcdbc1db4aa499e0bdcbc73018670d54d431dfd30,1,209,1,214,1,334,1,334
insertion,Calibrated recovery,7,96001,noise_joints,1,0,0.015015887096524239,0.0039999596378766,30d3eb367b19df3e18a199ef8cb8fb7991f39c4789a78338ee79b7aba8a23153,0ab011743be0efa5b61abaa61de1cfdfc87f5225ce5b4f73e4f9bc35d359fe3d,1,213,1,220,1,305,1,305
insertion,Calibrated recovery,7,96001,noise_objects,1,1,0.015011133626103401,0.008586434531025589,30d3eb367b19df3e18a199ef8cb8fb7991f39c4789a78338ee79b7aba8a23153,f881bb02eeb15a1a2fb1f183191779af6fbe8ad6ee89f1ac059003a27a9cc73e,1,209,1,214,1,322,1,322
insertion,Calibrated recovery,7,96001,noise_low_support,0,0,0.014957757666707039,0.0,30d3eb367b19df3e18a199ef8cb8fb7991f39c4789a78338ee79b7aba8a23153,7b92715383fa8870b6098f3d00d37d5a70dd456c8992714037756b104c80be99,1,217,1,219,1,305,0,-1
insertion,Calibrated recovery,7,96001,noise_supported,1,1,0.01488308236002922,0.009623165829107166,30d3eb367b19df3e18a199ef8cb8fb7991f39c4789a78338ee79b7aba8a23153,f80dfa8029ff0d170d7a862dcdbc1db4aa499e0bdcbc73018670d54d431dfd30,1,209,1,214,1,334,1,334
insertion,Calibrated recovery,7,96001,replan_1,0,0,0.00541224330663681,0.0,30d3eb367b19df3e18a199ef8cb8fb7991f39c4789a78338ee79b7aba8a23153,91cd1b60abc731914a0f4b7c1c469ac3efeee4e13a9cebad71d018471078ad1c,0,-1,0,-1,0,-1,0,-1
insertion,Calibrated recovery,7,96001,replan_1_ensemble,0,0,0.008075237997637623,0.0,30d3eb367b19df3e18a199ef8cb8fb7991f39c4789a78338ee79b7aba8a23153,461621dac4d0fa0c87ad05245515541776fbb10f30227925710d7e0c4c38df0b,1,218,1,220,1,320,0,-1
insertion,Calibrated recovery,7,96001,replan_16,0,0,0.013675656169652939,0.0,30d3eb367b19df3e18a199ef8cb8fb7991f39c4789a78338ee79b7aba8a23153,435affc617879c16c9b01699a8fae309d523e33618bf2fc2b62f5b78a23604c8,1,211,1,213,1,323,0,-1
insertion,Calibrated recovery,7,96002,nominal,0,0,0.016070779412984848,0.0,30d3eb367b19df3e18a199ef8cb8fb7991f39c4789a78338ee79b7aba8a23153,9c4178383f8371743b2d5312ac7ae4f7cc2c8fd363838fc7e89587453bd2e057,1,212,1,217,1,341,0,-1
insertion,Calibrated recovery,7,96002,observation_noise,0,0,0.024752521887421608,0.010388814772013574,30d3eb367b19df3e18a199ef8cb8fb7991f39c4789a78338ee79b7aba8a23153,e80bf3d1891f3ff1c3ef1f49eace22d509b55ce3272597196a6f53e4f3891516,1,216,1,216,0,-1,0,-1
insertion,Calibrated recovery,7,96002,noise_joints,0,0,0.0185201708227396,0.0041268496797420085,30d3eb367b19df3e18a199ef8cb8fb7991f39c4789a78338ee79b7aba8a23153,67b21fd285f1402b889f4e85c44fa0a5b5df136d0375d8117fb596c1083f70f0,1,212,1,212,0,-1,0,-1
insertion,Calibrated recovery,7,96002,noise_objects,0,0,0.02062338963150978,0.00902386120520532,30d3eb367b19df3e18a199ef8cb8fb7991f39c4789a78338ee79b7aba8a23153,cb3599a59adbadf532de88116931bd4be4de8c9ed83025d8684dbf2be3772d60,1,216,1,217,0,-1,0,-1
insertion,Calibrated recovery,7,96002,noise_low_support,0,0,0.016070779412984848,0.0,30d3eb367b19df3e18a199ef8cb8fb7991f39c4789a78338ee79b7aba8a23153,2d1153ae7f4668afe61b9791a4d3fbedf445379703307c6b1f7eb3fb086408ed,1,212,1,217,1,341,0,-1
insertion,Calibrated recovery,7,96002,noise_supported,0,0,0.024752521887421608,0.010388814772013574,30d3eb367b19df3e18a199ef8cb8fb7991f39c4789a78338ee79b7aba8a23153,e80bf3d1891f3ff1c3ef1f49eace22d509b55ce3272597196a6f53e4f3891516,1,216,1,216,0,-1,0,-1
insertion,Calibrated recovery,7,96002,replan_1,0,0,0.012126276269555092,0.0,30d3eb367b19df3e18a199ef8cb8fb7991f39c4789a78338ee79b7aba8a23153,cfcb8681846e60dae862667c9150a0432a81af52184b5b12e6d0dcbfbbba5b64,0,-1,0,-1,0,-1,0,-1
insertion,Calibrated recovery,7,96002,replan_1_ensemble,1,1,0.00819527670451365,0.0,30d3eb367b19df3e18a199ef8cb8fb7991f39c4789a78338ee79b7aba8a23153,37531a51bb0667dc69f7d906c5863449bcf348122c1fb09db569f0d5efc04147,1,212,1,219,1,391,1,391
insertion,Calibrated recovery,7,96002,replan_16,0,0,0.015065448358654976,0.0,30d3eb367b19df3e18a199ef8cb8fb7991f39c4789a78338ee79b7aba8a23153,821755dd73dc71813fec39f73d6553b2b8640fd7a3d02484ad1ad318f38d831a,1,217,1,220,1,329,0,-1
insertion,Calibrated recovery,7,96003,nominal,0,0,0.013879703357815742,0.0,30d3eb367b19df3e18a199ef8cb8fb7991f39c4789a78338ee79b7aba8a23153,c871f994ab0e0092325eec0cf0d24046b415521674ed4c5673ce7b4a9c0add83,1,200,1,217,1,324,0,-1
insertion,Calibrated recovery,7,96003,observation_noise,0,0,0.015371840447187424,0.010427783038467168,30d3eb367b19df3e18a199ef8cb8fb7991f39c4789a78338ee79b7aba8a23153,3c66ec91910e7b92588d092429c1875271b521a0c85e4aa8f59e174cf83dd9c6,1,203,1,217,1,320,0,-1
insertion,Calibrated recovery,7,96003,noise_joints,0,0,0.014183633960783482,0.0038180409278720617,30d3eb367b19df3e18a199ef8cb8fb7991f39c4789a78338ee79b7aba8a23153,df0acfdff493adf7adb2c49c02dc720a9126ae4a482b4cbd5f9bc70dac25be27,1,203,1,218,1,325,0,-1
insertion,Calibrated recovery,7,96003,noise_objects,0,0,0.015103382058441639,0.009436131038237363,30d3eb367b19df3e18a199ef8cb8fb7991f39c4789a78338ee79b7aba8a23153,da15343d383e67fcddeba23fc210c1f407aaab1b445a36f1ae99200710268a06,1,200,1,204,1,317,0,-1
insertion,Calibrated recovery,7,96003,noise_low_support,0,0,0.013879703357815742,0.0,30d3eb367b19df3e18a199ef8cb8fb7991f39c4789a78338ee79b7aba8a23153,a249f830c3ce5975d9d5a095526e7140c319bb0773f4a1b9d3c4e2403432ef24,1,200,1,217,1,324,0,-1
insertion,Calibrated recovery,7,96003,noise_supported,0,0,0.015371840447187424,0.010427783038467168,30d3eb367b19df3e18a199ef8cb8fb7991f39c4789a78338ee79b7aba8a23153,3c66ec91910e7b92588d092429c1875271b521a0c85e4aa8f59e174cf83dd9c6,1,203,1,217,1,320,0,-1
insertion,Calibrated recovery,7,96003,replan_1,0,0,0.0053183953277766705,0.0,30d3eb367b19df3e18a199ef8cb8fb7991f39c4789a78338ee79b7aba8a23153,d5e89336bbbd73bc138b32a384834f683c032949bf6ef8fe9ce941dd7873fa2f,0,-1,0,-1,0,-1,0,-1
insertion,Calibrated recovery,7,96003,replan_1_ensemble,0,0,0.008697888322244302,0.0,30d3eb367b19df3e18a199ef8cb8fb7991f39c4789a78338ee79b7aba8a23153,361fc3b275c02f7399b819f5e5e4ded581804ed1433a2ed20717b054c27a29b9,1,200,1,217,1,330,0,-1
insertion,Calibrated recovery,7,96003,replan_16,0,0,0.013530271127820015,0.0,30d3eb367b19df3e18a199ef8cb8fb7991f39c4789a78338ee79b7aba8a23153,9df8e7447d44a271fa8617916bdb9a6db27ab6ef9fd29b7260c5e0e8ee3d502c,1,203,1,218,1,331,0,-1
insertion,Calibrated recovery,7,96004,nominal,0,0,0.014013170264661312,0.0,30d3eb367b19df3e18a199ef8cb8fb7991f39c4789a78338ee79b7aba8a23153,46d132fc7bdcc3d08e222c12cb85967ba2208d864d995080939a2b3e3eed9c9f,1,218,1,220,1,302,0,-1
insertion,Calibrated recovery,7,96004,observation_noise,1,1,0.014821800403296947,0.010057800752110779,30d3eb367b19df3e18a199ef8cb8fb7991f39c4789a78338ee79b7aba8a23153,33eade55b0c8a95223f64c824ecaf4deafbf9592285acb35e9121f250c684e94,1,216,1,218,1,341,1,341
insertion,Calibrated recovery,7,96004,noise_joints,0,0,0.014222468249499798,0.003648489313200116,30d3eb367b19df3e18a199ef8cb8fb7991f39c4789a78338ee79b7aba8a23153,cef95d0e64c09bcba61136a499a0e5ba75b3e4857d1f5e1922cb69542658f358,1,216,1,220,1,309,0,-1
insertion,Calibrated recovery,7,96004,noise_objects,0,0,0.01452250313013792,0.009248327200766652,30d3eb367b19df3e18a199ef8cb8fb7991f39c4789a78338ee79b7aba8a23153,c2a8781cbaf585f37fa77c7c164caba5dad1f3378a176912dca29c4955024335,1,219,1,220,1,325,0,-1
insertion,Calibrated recovery,7,96004,noise_low_support,0,0,0.014013170264661312,0.0,30d3eb367b19df3e18a199ef8cb8fb7991f39c4789a78338ee79b7aba8a23153,6c91edeb95c2de8e1cab8e96c20c9d86c38e7e38fdb22c9c85f0d47259ffb6f9,1,218,1,220,1,302,0,-1
insertion,Calibrated recovery,7,96004,noise_supported,1,1,0.014821800403296947,0.010057800752110779,30d3eb367b19df3e18a199ef8cb8fb7991f39c4789a78338ee79b7aba8a23153,33eade55b0c8a95223f64c824ecaf4deafbf9592285acb35e9121f250c684e94,1,216,1,218,1,341,1,341
insertion,Calibrated recovery,7,96004,replan_1,0,0,0.009528648108243942,0.0,30d3eb367b19df3e18a199ef8cb8fb7991f39c4789a78338ee79b7aba8a23153,10071e658c038190a2219c06ee468cf9ca8594049ba78bca7315c88b934fae41,1,222,1,223,0,-1,0,-1
insertion,Calibrated recovery,7,96004,replan_1_ensemble,0,0,0.00789887853977694,0.0,30d3eb367b19df3e18a199ef8cb8fb7991f39c4789a78338ee79b7aba8a23153,7800a16b623a2546f75d4de3a13483ab831bd645ea908291d2bfe9f9019867c9,1,223,1,224,1,307,0,-1
insertion,Calibrated recovery,7,96004,replan_16,0,0,0.013581003062427044,0.0,30d3eb367b19df3e18a199ef8cb8fb7991f39c4789a78338ee79b7aba8a23153,f6ef50d3870ef8f3a65b24df85043028cfa7e1bb302d77266679219f58119f78,1,220,1,224,1,321,0,-1
insertion,Calibrated recovery,7,96005,nominal,0,0,0.046425703912973404,0.0,30d3eb367b19df3e18a199ef8cb8fb7991f39c4789a78338ee79b7aba8a23153,28819d9fa7a02e205e78be976695f1417a3262beb7d93f74504569677267bf31,0,-1,0,-1,0,-1,0,-1
insertion,Calibrated recovery,7,96005,observation_noise,0,0,0.04658322408795357,0.009320027688518166,30d3eb367b19df3e18a199ef8cb8fb7991f39c4789a78338ee79b7aba8a23153,3de8833c6c20957d0394234c87f07dda517fc7659361cc515f1903ac92e46e9f,0,-1,0,-1,0,-1,0,-1
insertion,Calibrated recovery,7,96005,noise_joints,0,0,0.06457497924566269,0.0020437823437168844,30d3eb367b19df3e18a199ef8cb8fb7991f39c4789a78338ee79b7aba8a23153,b0167b8705e3b7401cb55b0cd9a651323cdbb4c99dd6de372535a000aa18b1bb,0,-1,0,-1,0,-1,0,-1
insertion,Calibrated recovery,7,96005,noise_objects,0,0,0.04277487099170685,0.007936432674759998,30d3eb367b19df3e18a199ef8cb8fb7991f39c4789a78338ee79b7aba8a23153,9980b6f3d8d35712b609ebe9aeb4123432e27f2c51992d0e4026541894fb5e6d,0,-1,0,-1,0,-1,0,-1
insertion,Calibrated recovery,7,96005,noise_low_support,0,0,0.046425703912973404,0.0,30d3eb367b19df3e18a199ef8cb8fb7991f39c4789a78338ee79b7aba8a23153,c42e573668fd6585131c4780bd74e8739aa7c8470b99950296817ae389d5c216,0,-1,0,-1,0,-1,0,-1
insertion,Calibrated recovery,7,96005,noise_supported,0,0,0.04658322408795357,0.009320027688518166,30d3eb367b19df3e18a199ef8cb8fb7991f39c4789a78338ee79b7aba8a23153,3de8833c6c20957d0394234c87f07dda517fc7659361cc515f1903ac92e46e9f,0,-1,0,-1,0,-1,0,-1
insertion,Calibrated recovery,7,96005,replan_1,0,0,0.005299370735883713,0.0,30d3eb367b19df3e18a199ef8cb8fb7991f39c4789a78338ee79b7aba8a23153,556f03c5fd30a75fc1a86b1b5717561e3a5ccceb86b4779f32f6589666152262,0,-1,0,-1,0,-1,0,-1
insertion,Calibrated recovery,7,96005,replan_1_ensemble,0,0,0.009088592529006656,0.0,30d3eb367b19df3e18a199ef8cb8fb7991f39c4789a78338ee79b7aba8a23153,04a56eac76914f5df63af61d8306d2f5eb4f3cb005a2afe3bd1b84f083340da2,0,-1,0,-1,0,-1,0,-1
insertion,Calibrated recovery,7,96005,replan_16,0,0,0.059129126369953156,0.0,30d3eb367b19df3e18a199ef8cb8fb7991f39c4789a78338ee79b7aba8a23153,9b9f3ae259e4ff1060b0b396612fb297b78c8031a9af21c89fe999db5a733f89,0,-1,0,-1,0,-1,0,-1
insertion,Calibrated recovery,7,96006,nominal,1,1,0.015263182111084461,0.0,30d3eb367b19df3e18a199ef8cb8fb7991f39c4789a78338ee79b7aba8a23153,3a33d4a4ac1f16d2e5de90f8f691aac9d95b74bf9858217e989da8914d589baf,1,223,1,228,1,322,1,322
insertion,Calibrated recovery,7,96006,observation_noise,1,1,0.015696361660957336,0.010567554924637079,30d3eb367b19df3e18a199ef8cb8fb7991f39c4789a78338ee79b7aba8a23153,8186a265f0fa1f0de7337781772beba1dfdeb0451ecbaca92a09eb341e9704d9,1,215,1,225,1,327,1,327
insertion,Calibrated recovery,7,96006,noise_joints,1,1,0.015174353495240211,0.003660820493241772,30d3eb367b19df3e18a199ef8cb8fb7991f39c4789a78338ee79b7aba8a23153,dccbabe15541234973f15c3b02a88c7976934549df1fa69145202bf4b2fe04b6,1,221,1,221,1,341,1,341
insertion,Calibrated recovery,7,96006,noise_objects,0,0,0.015379554592072964,0.009325119333807379,30d3eb367b19df3e18a199ef8cb8fb7991f39c4789a78338ee79b7aba8a23153,10e8c062128f8ce9bd895272769a48da33fd5b080754689b3510523768a63352,1,216,1,227,1,318,0,-1
insertion,Calibrated recovery,7,96006,noise_low_support,1,1,0.015263182111084461,0.0,30d3eb367b19df3e18a199ef8cb8fb7991f39c4789a78338ee79b7aba8a23153,c74d3efbcbc957994207d5e1093b5a3c1c4b4c3e0d2b8a3c6d603d3b212f4a1b,1,223,1,228,1,322,1,322
insertion,Calibrated recovery,7,96006,noise_supported,1,1,0.015696361660957336,0.010567554924637079,30d3eb367b19df3e18a199ef8cb8fb7991f39c4789a78338ee79b7aba8a23153,8186a265f0fa1f0de7337781772beba1dfdeb0451ecbaca92a09eb341e9704d9,1,215,1,225,1,327,1,327
insertion,Calibrated recovery,7,96006,replan_1,1,1,0.007460547145456076,0.0,30d3eb367b19df3e18a199ef8cb8fb7991f39c4789a78338ee79b7aba8a23153,42fb13181feaded5a2e560ce81454b840888eb30fc50f4bf7408551ded603a6f,1,232,1,232,1,285,1,285
insertion,Calibrated recovery,7,96006,replan_1_ensemble,1,1,0.008133995020866472,0.0,30d3eb367b19df3e18a199ef8cb8fb7991f39c4789a78338ee79b7aba8a23153,aab3ec66d57c02a7c2c8fcb1c7a182362ae18480e9594791e76891a25e4436a7,1,226,1,226,1,331,1,331
insertion,Calibrated recovery,7,96006,replan_16,1,1,0.015118102543056011,0.0,30d3eb367b19df3e18a199ef8cb8fb7991f39c4789a78338ee79b7aba8a23153,5ef2bbd2893091b196586fd8e1ec7d4e78c7a69305d6817d8d398313b92bfc57,1,224,1,225,1,337,1,337
insertion,Calibrated recovery,7,96007,nominal,1,1,0.013595325872302055,0.0,30d3eb367b19df3e18a199ef8cb8fb7991f39c4789a78338ee79b7aba8a23153,091fbc8cb59f2b6b57b9b7fdf780ddd9225818e6c9a25a3ad13f057cf61c1a92,1,213,1,214,1,306,1,363
insertion,Calibrated recovery,7,96007,observation_noise,1,1,0.014593618921935558,0.010218441165052354,30d3eb367b19df3e18a199ef8cb8fb7991f39c4789a78338ee79b7aba8a23153,91142e0f68db011af646ea3d7da1d1dc84b578d4a2164d4b43f3e54e35e1e5f4,1,209,1,215,1,350,1,350
insertion,Calibrated recovery,7,96007,noise_joints,1,1,0.013576430268585682,0.0036347355204634367,30d3eb367b19df3e18a199ef8cb8fb7991f39c4789a78338ee79b7aba8a23153,627bea2f73a0fbbc8791da100b304cd6c169bc5cf0945497beb0f0c867420936,1,213,1,213,1,336,1,336
insertion,Calibrated recovery,7,96007,noise_objects,1,1,0.014636270701885223,0.009767669741995633,30d3eb367b19df3e18a199ef8cb8fb7991f39c4789a78338ee79b7aba8a23153,a9c83d879c882deaf3638d2798031c6683d23e72288f92e8123e03cf5871c4a8,1,210,1,215,1,328,1,340
insertion,Calibrated recovery,7,96007,noise_low_support,1,1,0.013595325872302055,0.0,30d3eb367b19df3e18a199ef8cb8fb7991f39c4789a78338ee79b7aba8a23153,a35d4747dd39900acffec680aab9d69baff0775988daf7ab3f0c8fc3c6b6bebd,1,213,1,214,1,306,1,363
insertion,Calibrated recovery,7,96007,noise_supported,1,1,0.014593618921935558,0.010218441165052354,30d3eb367b19df3e18a199ef8cb8fb7991f39c4789a78338ee79b7aba8a23153,91142e0f68db011af646ea3d7da1d1dc84b578d4a2164d4b43f3e54e35e1e5f4,1,209,1,215,1,350,1,350
insertion,Calibrated recovery,7,96007,replan_1,1,1,0.00690209586173296,0.0,30d3eb367b19df3e18a199ef8cb8fb7991f39c4789a78338ee79b7aba8a23153,7e1a9927dcc1391f3cd38998b0039b1db9d4b16a83ab757881f9d745639c7f64,1,212,1,219,1,391,1,391
insertion,Calibrated recovery,7,96007,replan_1_ensemble,0,0,0.008010900185593795,0.0,30d3eb367b19df3e18a199ef8cb8fb7991f39c4789a78338ee79b7aba8a23153,c98b0d4ab80a03aa6730293f41cc88cfb3ed3d21b22a30f2820f0d6f7c6bce2b,1,207,1,220,1,320,0,-1
insertion,Calibrated recovery,7,96007,replan_16,1,1,0.013542269356548786,0.0,30d3eb367b19df3e18a199ef8cb8fb7991f39c4789a78338ee79b7aba8a23153,eda9d5410ca94d8f048c15412c9a1cb9382ecd58f1accabdbca507f5237f01f3,1,212,1,213,1,324,1,324
insertion,Calibrated recovery,7,96008,nominal,1,1,0.013558290898799896,0.0,30d3eb367b19df3e18a199ef8cb8fb7991f39c4789a78338ee79b7aba8a23153,03de87e52a3634d1511cdfd468ab95d3f691498158b20a655348580f57f7237d,1,220,1,220,1,325,1,325
insertion,Calibrated recovery,7,96008,observation_noise,0,0,0.017345335334539413,0.009863068675622344,30d3eb367b19df3e18a199ef8cb8fb7991f39c4789a78338ee79b7aba8a23153,0656c963d2bd4b8171968cd6e8f97e333d01bd9ef48e234d7dfb8ee865f64867,1,217,1,224,1,294,0,-1
insertion,Calibrated recovery,7,96008,noise_joints,1,1,0.01373309176415205,0.004033698008861393,30d3eb367b19df3e18a199ef8cb8fb7991f39c4789a78338ee79b7aba8a23153,b48e3274bff1b3ebcd8afa8da4bfcc65c220d43be7c0057cfceafadaa287d6ee,1,220,1,220,1,321,1,321
insertion,Calibrated recovery,7,96008,noise_objects,0,0,0.017512207850813866,0.00895173012278974,30d3eb367b19df3e18a199ef8cb8fb7991f39c4789a78338ee79b7aba8a23153,0cefd2723065b706454b726dcdea265ba3892c0549b1268fdf2e25d19d793950,1,213,1,216,1,292,0,-1
insertion,Calibrated recovery,7,96008,noise_low_support,1,1,0.013558290898799896,0.0,30d3eb367b19df3e18a199ef8cb8fb7991f39c4789a78338ee79b7aba8a23153,6d848e70a0a32327e85550b9c139e913f5090807bd253d5d199c94085f630c46,1,220,1,220,1,325,1,325
insertion,Calibrated recovery,7,96008,noise_supported,0,0,0.017345335334539413,0.009863068675622344,30d3eb367b19df3e18a199ef8cb8fb7991f39c4789a78338ee79b7aba8a23153,0656c963d2bd4b8171968cd6e8f97e333d01bd9ef48e234d7dfb8ee865f64867,1,217,1,224,1,294,0,-1
insertion,Calibrated recovery,7,96008,replan_1,0,0,0.007516466546803713,0.0,30d3eb367b19df3e18a199ef8cb8fb7991f39c4789a78338ee79b7aba8a23153,f7a4f846ad4f5f30ac7275da225d614ec8c368d217545fe3a2827f4b2e2f90a2,1,218,1,219,1,287,0,-1
insertion,Calibrated recovery,7,96008,replan_1_ensemble,1,1,0.008328045755952368,0.0,30d3eb367b19df3e18a199ef8cb8fb7991f39c4789a78338ee79b7aba8a23153,021093ba792d260118d7d42679c8f7889e68b11a3aeed634d5a7230175acfdbe,1,222,1,226,1,330,1,330
insertion,Calibrated recovery,7,96008,replan_16,1,1,0.013283554464578629,0.0,30d3eb367b19df3e18a199ef8cb8fb7991f39c4789a78338ee79b7aba8a23153,b959ec00461dce18bbd3deb4695f52ba53673e2a35942bed713e9d4383ed8374,1,220,1,220,1,332,1,336
insertion,Calibrated recovery,7,96009,nominal,1,1,0.013387372717261314,0.0,30d3eb367b19df3e18a199ef8cb8fb7991f39c4789a78338ee79b7aba8a23153,371303895e6774af724f2059a135064edc652a61bc73f745e616d3b71b105730,1,207,1,215,1,354,1,354
insertion,Calibrated recovery,7,96009,observation_noise,1,1,0.014661367051303387,0.009255687915720045,30d3eb367b19df3e18a199ef8cb8fb7991f39c4789a78338ee79b7aba8a23153,fe6a400f82d3f2d56df2f0a1996adc0de1fc88856442779e995815552f061ba5,1,208,1,215,1,361,1,361
insertion,Calibrated recovery,7,96009,noise_joints,1,1,0.013810868375003338,0.003480365222785622,30d3eb367b19df3e18a199ef8cb8fb7991f39c4789a78338ee79b7aba8a23153,d4e1476d4642621c281c3ac1bc6fa6c9c6a47f1b60a0c9dcb7293168a331eedf,1,207,1,217,1,362,1,362
insertion,Calibrated recovery,7,96009,noise_objects,0,0,0.014218656346201897,0.00844817360630259,30d3eb367b19df3e18a199ef8cb8fb7991f39c4789a78338ee79b7aba8a23153,b716d984436e5196ab0ee35eed8fbe58d10732112ad63ab0499c61ebe5a8d82f,1,211,1,217,1,331,0,-1
insertion,Calibrated recovery,7,96009,noise_low_support,1,1,0.013387372717261314,0.0,30d3eb367b19df3e18a199ef8cb8fb7991f39c4789a78338ee79b7aba8a23153,1743dc5b235d878e702765fe74bd66739caf76b4be1147160a042318db98991c,1,207,1,215,1,354,1,354
insertion,Calibrated recovery,7,96009,noise_supported,1,1,0.014661367051303387,0.009255687915720045,30d3eb367b19df3e18a199ef8cb8fb7991f39c4789a78338ee79b7aba8a23153,fe6a400f82d3f2d56df2f0a1996adc0de1fc88856442779e995815552f061ba5,1,208,1,215,1,361,1,361
insertion,Calibrated recovery,7,96009,replan_1,0,0,0.012195361778140068,0.0,30d3eb367b19df3e18a199ef8cb8fb7991f39c4789a78338ee79b7aba8a23153,be5c9b22f50e812c69368cf1149ef6b9bfe2856dd2d51af2ffc4a6f67387448b,0,-1,0,-1,0,-1,0,-1
insertion,Calibrated recovery,7,96009,replan_1_ensemble,1,1,0.008333261572869758,0.0,30d3eb367b19df3e18a199ef8cb8fb7991f39c4789a78338ee79b7aba8a23153,7899b132edd6782276f953ed342372658f222c66e3bf7f92492ed99d8c493eb1,1,207,1,216,1,351,1,351
insertion,Calibrated recovery,7,96009,replan_16,1,1,0.013644866645336151,0.0,30d3eb367b19df3e18a199ef8cb8fb7991f39c4789a78338ee79b7aba8a23153,eb1194081d8b8c168dcaae67d925eb3407b2ab00e34b69bcf08070959bc785e5,1,214,1,225,1,357,1,357
insertion,Calibrated recovery,7,96010,nominal,0,0,0.013845614157617092,0.0,30d3eb367b19df3e18a199ef8cb8fb7991f39c4789a78338ee79b7aba8a23153,2a53e374975ed383c4234b11a5f10bbf9cb79cf104c0625f990e02c1bcaca7d1,1,228,1,228,1,292,0,-1
insertion,Calibrated recovery,7,96010,observation_noise,0,0,0.018955625593662262,0.009985677879303694,30d3eb367b19df3e18a199ef8cb8fb7991f39c4789a78338ee79b7aba8a23153,525d351a1195e6c016035f5013212c337f3daf348ad73d8eb509062ccca92e2a,1,218,1,228,1,284,0,-1
insertion,Calibrated recovery,7,96010,noise_joints,0,0,0.01800941489636898,0.003673081323504448,30d3eb367b19df3e18a199ef8cb8fb7991f39c4789a78338ee79b7aba8a23153,c638cc889103c1843a28c34558b3d2121f1d958d1d532f25e73b8c0e884f7a04,1,227,1,227,1,284,0,-1
insertion,Calibrated recovery,7,96010,noise_objects,0,0,0.018880734220147133,0.008808324597775936,30d3eb367b19df3e18a199ef8cb8fb7991f39c4789a78338ee79b7aba8a23153,a81fe54d19a8a42b043808329a1d864d0c248b3971427c76806bd5c43cc76472,1,224,1,224,1,279,0,-1
insertion,Calibrated recovery,7,96010,noise_low_support,0,0,0.013845614157617092,0.0,30d3eb367b19df3e18a199ef8cb8fb7991f39c4789a78338ee79b7aba8a23153,eeea0cffa55a3f5bf358bd3990cc57277dcc5229693af4e52c8920a08d5028d9,1,228,1,228,1,292,0,-1
insertion,Calibrated recovery,7,96010,noise_supported,0,0,0.018955625593662262,0.009985677879303694,30d3eb367b19df3e18a199ef8cb8fb7991f39c4789a78338ee79b7aba8a23153,525d351a1195e6c016035f5013212c337f3daf348ad73d8eb509062ccca92e2a,1,218,1,228,1,284,0,-1
insertion,Calibrated recovery,7,96010,replan_1,0,0,0.012382453307509422,0.0,30d3eb367b19df3e18a199ef8cb8fb7991f39c4789a78338ee79b7aba8a23153,3a57e3ecbef5c4f3b9f494f2e25aebaf66d2231d72c1d82e4f9958c0ffc752cf,0,-1,0,-1,0,-1,0,-1
insertion,Calibrated recovery,7,96010,replan_1_ensemble,0,0,0.007951871432412275,0.0,30d3eb367b19df3e18a199ef8cb8fb7991f39c4789a78338ee79b7aba8a23153,1eac534c4f5f1b607bba4bc185d6f884a3bd8b62e18c82108695ff7ecb508b4b,1,231,1,233,1,288,0,-1
insertion,Calibrated recovery,7,96010,replan_16,0,0,0.013772012665867805,0.0,30d3eb367b19df3e18a199ef8cb8fb7991f39c4789a78338ee79b7aba8a23153,fd16e4d6c4cc217c2056e3b8a3bc0f878e4bd7974d5da6ad133419dee885a076,1,217,1,221,1,315,0,-1
insertion,Calibrated recovery,7,96011,nominal,0,0,0.01357206329703331,0.0,30d3eb367b19df3e18a199ef8cb8fb7991f39c4789a78338ee79b7aba8a23153,94061f911d644f51f9a1a19046ae0be0d5a43bd87fa9d131df8915b087b187b5,1,219,1,221,1,308,0,-1
insertion,Calibrated recovery,7,96011,observation_noise,0,0,0.014673695899546146,0.009816527296788991,30d3eb367b19df3e18a199ef8cb8fb7991f39c4789a78338ee79b7aba8a23153,d7b6a234896d4e8c116f585c778d5984f7b58d78ffbc5ce0caa04bde113010b2,1,219,1,219,1,301,0,-1
insertion,Calibrated recovery,7,96011,noise_joints,0,0,0.013839703984558582,0.0033900364441797138,30d3eb367b19df3e18a199ef8cb8fb7991f39c4789a78338ee79b7aba8a23153,4750514a3596c109c7184ca82ccc21e81148a23dadeb1ad0b22afe62b868c4e3,1,221,1,221,1,309,0,-1
insertion,Calibrated recovery,7,96011,noise_objects,0,0,0.017984211444854736,0.00909194148145616,30d3eb367b19df3e18a199ef8cb8fb7991f39c4789a78338ee79b7aba8a23153,43d85717a71c069e5245f080e4f8d3238a73410d43808397b68c6bfd71695b61,1,219,1,219,1,284,0,-1
insertion,Calibrated recovery,7,96011,noise_low_support,0,0,0.01357206329703331,0.0,30d3eb367b19df3e18a199ef8cb8fb7991f39c4789a78338ee79b7aba8a23153,f1fc8bd23b835f7a7ab17de254b7949418615acb83517d55e756c61187c39081,1,219,1,221,1,308,0,-1
insertion,Calibrated recovery,7,96011,noise_supported,0,0,0.014673695899546146,0.009816527296788991,30d3eb367b19df3e18a199ef8cb8fb7991f39c4789a78338ee79b7aba8a23153,d7b6a234896d4e8c116f585c778d5984f7b58d78ffbc5ce0caa04bde113010b2,1,219,1,219,1,301,0,-1
insertion,Calibrated recovery,7,96011,replan_1,0,0,0.012827117927372456,0.0,30d3eb367b19df3e18a199ef8cb8fb7991f39c4789a78338ee79b7aba8a23153,9f5d3f1ba11d859311a32a4e1f80e8643e5e80e71cbe0ecf86fc72caf99e60de,0,-1,0,-1,0,-1,0,-1
insertion,Calibrated recovery,7,96011,replan_1_ensemble,0,0,0.00798213110769312,0.0,30d3eb367b19df3e18a199ef8cb8fb7991f39c4789a78338ee79b7aba8a23153,fbd57c73480ce218a446ff6f8242cfeda34fe72051abfbf9115c576902dcc53e,1,213,1,228,1,326,0,-1
insertion,Calibrated recovery,7,96011,replan_16,0,0,0.013660394586622715,0.0,30d3eb367b19df3e18a199ef8cb8fb7991f39c4789a78338ee79b7aba8a23153,ccc424e17a7503d6090bf36bc1bb927c7ca94ed95250cd344ce9158c582fe03b,1,217,1,217,1,319,0,-1
insertion,Calibrated recovery,7,96012,nominal,1,1,0.01320125162601471,0.0,30d3eb367b19df3e18a199ef8cb8fb7991f39c4789a78338ee79b7aba8a23153,4482113cb5cf101df819de2b2e607dafe40620499c37cac5267998f5b00ecf75,1,214,1,218,1,334,1,334
insertion,Calibrated recovery,7,96012,observation_noise,0,0,0.014733160845935345,0.01010084997396916,30d3eb367b19df3e18a199ef8cb8fb7991f39c4789a78338ee79b7aba8a23153,b82dde59227413bc9c95494c45ab87c4f0dbe7ab9888d37ad6e31de8d018176c,1,214,1,214,1,338,0,-1
insertion,Calibrated recovery,7,96012,noise_joints,1,1,0.01416491623967886,0.0037935099541209637,30d3eb367b19df3e18a199ef8cb8fb7991f39c4789a78338ee79b7aba8a23153,76afcae37ffe6ddef018e233b7765dad1dc492ff8f427e3962a6dd6a2ab2db86,1,215,1,219,1,329,1,329
insertion,Calibrated recovery,7,96012,noise_objects,0,0,0.013781058602035046,0.008839682291727513,30d3eb367b19df3e18a199ef8cb8fb7991f39c4789a78338ee79b7aba8a23153,a1d324b9b9e70108ab1f13263bad42ce4a8cd5764801c028bfb5d13a60a920bf,1,217,1,218,1,336,0,-1
insertion,Calibrated recovery,7,96012,noise_low_support,1,1,0.01320125162601471,0.0,30d3eb367b19df3e18a199ef8cb8fb7991f39c4789a78338ee79b7aba8a23153,d527b27d7392abd47e450bf22982ad71bb49276cf7fc597b4b810f4a1e67eee2,1,214,1,218,1,334,1,334
insertion,Calibrated recovery,7,96012,noise_supported,0,0,0.014733160845935345,0.01010084997396916,30d3eb367b19df3e18a199ef8cb8fb7991f39c4789a78338ee79b7aba8a23153,b82dde59227413bc9c95494c45ab87c4f0dbe7ab9888d37ad6e31de8d018176c,1,214,1,214,1,338,0,-1
insertion,Calibrated recovery,7,96012,replan_1,1,1,0.007320984732359648,0.0,30d3eb367b19df3e18a199ef8cb8fb7991f39c4789a78338ee79b7aba8a23153,8564c345030b5bc53a12f78a9d17edb55a492536e4d77a46afe2e6abf18ff838,1,215,1,217,1,287,1,355
insertion,Calibrated recovery,7,96012,replan_1_ensemble,0,0,0.007996421242561499,0.0,30d3eb367b19df3e18a199ef8cb8fb7991f39c4789a78338ee79b7aba8a23153,c97193909525d7726fd9536d340a80bec839b89f723b46cfccb32248d2d07df3,1,222,1,223,1,331,0,-1
insertion,Calibrated recovery,7,96012,replan_16,1,1,0.013140994124114513,0.0,30d3eb367b19df3e18a199ef8cb8fb7991f39c4789a78338ee79b7aba8a23153,c24f6ed041b14413184afe3dd13fa6f5e29c3e8a4bb044d9a845ec21e207067d,1,213,1,214,1,332,1,334
insertion,Calibrated recovery,7,96013,nominal,1,1,0.012487204745411873,0.0,30d3eb367b19df3e18a199ef8cb8fb7991f39c4789a78338ee79b7aba8a23153,6a5159969bb2f842b4b32b17cf7f10b27ac8e042135c8ac23c52465cf05dcd56,1,209,1,218,1,343,1,343
insertion,Calibrated recovery,7,96013,observation_noise,1,1,0.014024573378264904,0.010425599827431142,30d3eb367b19df3e18a199ef8cb8fb7991f39c4789a78338ee79b7aba8a23153,07344ef8be2aee19e24711f46660d984d23ce62fd3059ce939fd2610e2e70a0e,1,211,1,211,1,336,1,336
insertion,Calibrated recovery,7,96013,noise_joints,1,1,0.012955287471413612,0.003839670279994607,30d3eb367b19df3e18a199ef8cb8fb7991f39c4789a78338ee79b7aba8a23153,3c10f575dad35f5344a87763087ff53163c668c2a6e1a994c0a229e65b75cb3b,1,208,1,218,1,339,1,339
insertion,Calibrated recovery,7,96013,noise_objects,1,1,0.013607148081064224,0.009586892530787736,30d3eb367b19df3e18a199ef8cb8fb7991f39c4789a78338ee79b7aba8a23153,0241a679c96e1086c4786e047fd8f6d14c187b8b36faca1262500c3b45e0c1ae,1,211,1,220,1,337,1,337
insertion,Calibrated recovery,7,96013,noise_low_support,1,1,0.012487204745411873,0.0,30d3eb367b19df3e18a199ef8cb8fb7991f39c4789a78338ee79b7aba8a23153,daa4d5fff811b3e23b7a84af88454da2ecfb948200b9148db1a2ff8a4441a919,1,209,1,218,1,343,1,343
insertion,Calibrated recovery,7,96013,noise_supported,1,1,0.014024573378264904,0.010425599827431142,30d3eb367b19df3e18a199ef8cb8fb7991f39c4789a78338ee79b7aba8a23153,07344ef8be2aee19e24711f46660d984d23ce62fd3059ce939fd2610e2e70a0e,1,211,1,211,1,336,1,336
insertion,Calibrated recovery,7,96013,replan_1,0,0,0.00516833271831274,0.0,30d3eb367b19df3e18a199ef8cb8fb7991f39c4789a78338ee79b7aba8a23153,b3c8c772ab97576f797b502e972a076b1d736eb79225a24d1b53114a9d99dbf0,0,-1,0,-1,0,-1,0,-1
insertion,Calibrated recovery,7,96013,replan_1_ensemble,1,1,0.007802297262556691,0.0,30d3eb367b19df3e18a199ef8cb8fb7991f39c4789a78338ee79b7aba8a23153,3130b69d64980def1132bc163c2f598201633442e5891651386302308c8f28db,1,208,1,222,1,370,1,370
insertion,Calibrated recovery,7,96013,replan_16,1,1,0.01243160106241703,0.0,30d3eb367b19df3e18a199ef8cb8fb7991f39c4789a78338ee79b7aba8a23153,2cff44e7d985d7c0ef027e3f17d238739f1a5e81b3debbd73e193802a6dff560,1,209,1,224,1,344,1,344
insertion,Calibrated recovery,7,96014,nominal,1,1,0.012433817610144615,0.0,30d3eb367b19df3e18a199ef8cb8fb7991f39c4789a78338ee79b7aba8a23153,ed667eceb0194fb3d355e4e80e13b3eead11f6f12a9c9a13c2a64e17189ae6ff,1,209,1,218,1,339,1,339
insertion,Calibrated recovery,7,96014,observation_noise,0,0,0.014113749377429485,0.010369178294204175,30d3eb367b19df3e18a199ef8cb8fb7991f39c4789a78338ee79b7aba8a23153,ab9b3fc5cd86a51b6437a2a7b645f03724f395da0a42fe9cfbf259b6c7e9f815,1,212,1,216,1,282,0,-1
insertion,Calibrated recovery,7,96014,noise_joints,1,1,0.012577206827700138,0.0034822956554125995,30d3eb367b19df3e18a199ef8cb8fb7991f39c4789a78338ee79b7aba8a23153,34eb6e7204a35811e6ddb9d7f03cd8f9176a3f8bddedc1b2c073df0b5e86a8bc,1,210,1,210,1,341,1,341
insertion,Calibrated recovery,7,96014,noise_objects,0,0,0.013980134390294552,0.009818345899693668,30d3eb367b19df3e18a199ef8cb8fb7991f39c4789a78338ee79b7aba8a23153,f90677212c04ee0d8e0472c65ba773b92fdaa73be554c0b1c5e677f96d2394a3,1,207,1,216,1,281,0,-1
insertion,Calibrated recovery,7,96014,noise_low_support,1,1,0.012433817610144615,0.0,30d3eb367b19df3e18a199ef8cb8fb7991f39c4789a78338ee79b7aba8a23153,63f6bfb558b27e86cce971ef3623e844f9eec2cf05db1447b21dea5d41a4524e,1,209,1,218,1,339,1,339
insertion,Calibrated recovery,7,96014,noise_supported,0,0,0.014113749377429485,0.010369178294204175,30d3eb367b19df3e18a199ef8cb8fb7991f39c4789a78338ee79b7aba8a23153,ab9b3fc5cd86a51b6437a2a7b645f03724f395da0a42fe9cfbf259b6c7e9f815,1,212,1,216,1,282,0,-1
insertion,Calibrated recovery,7,96014,replan_1,0,0,0.005211896263062954,0.0,30d3eb367b19df3e18a199ef8cb8fb7991f39c4789a78338ee79b7aba8a23153,437032bbe9f7fb0e33de2b19d6dc11f717824b30a1f05f8f7de6446f8a074434,0,-1,0,-1,0,-1,0,-1
insertion,Calibrated recovery,7,96014,replan_1_ensemble,1,1,0.007753323418082528,0.0,30d3eb367b19df3e18a199ef8cb8fb7991f39c4789a78338ee79b7aba8a23153,4eed1e135282cb9393670453afc5d9714ed378a7db501bf30d629da99cc3f5b2,1,209,1,221,1,372,1,372
insertion,Calibrated recovery,7,96014,replan_16,1,1,0.012396457605063915,0.0,30d3eb367b19df3e18a199ef8cb8fb7991f39c4789a78338ee79b7aba8a23153,fa24a675c60294f9c0584bf683d5e8f8b8c44b7650b55fd3801170a9fe6541ef,1,211,1,220,1,343,1,343
insertion,Calibrated recovery,7,96015,nominal,1,1,0.01474705059081316,0.0,30d3eb367b19df3e18a199ef8cb8fb7991f39c4789a78338ee79b7aba8a23153,306331fe0822061a6d45c81c022126d929abb3dd2e9e841399b1e70ebf17bc75,1,205,1,219,1,335,1,335
insertion,Calibrated recovery,7,96015,observation_noise,1,1,0.01555496547371149,0.00997257246170193,30d3eb367b19df3e18a199ef8cb8fb7991f39c4789a78338ee79b7aba8a23153,2439ab32afcfc822da01456481153955d61c9dffbdbe71549a2f95fad40a7882,1,219,1,221,1,361,1,361
insertion,Calibrated recovery,7,96015,noise_joints,1,1,0.015173536725342274,0.0036174433934502304,30d3eb367b19df3e18a199ef8cb8fb7991f39c4789a78338ee79b7aba8a23153,523f59e08cc13db080f94e0be8e6c8bfcfeca972a0b2d1e615fee856bb5f9f6e,1,205,1,213,1,325,1,325
insertion,Calibrated recovery,7,96015,noise_objects,0,0,0.01552144531160593,0.00941863089799881,30d3eb367b19df3e18a199ef8cb8fb7991f39c4789a78338ee79b7aba8a23153,6de22ac26674b2a819ffe93f79e5f88c43a1fd35f7dd781fd942a1816ac09b65,1,219,1,222,1,332,0,-1
insertion,Calibrated recovery,7,96015,noise_low_support,1,1,0.01474705059081316,0.0,30d3eb367b19df3e18a199ef8cb8fb7991f39c4789a78338ee79b7aba8a23153,8fbb326f2b758fa50cd373dc4b517c9fce2b28540dbbe4a3090d865c5cc1cfe7,1,205,1,219,1,335,1,335
insertion,Calibrated recovery,7,96015,noise_supported,1,1,0.01555496547371149,0.00997257246170193,30d3eb367b19df3e18a199ef8cb8fb7991f39c4789a78338ee79b7aba8a23153,2439ab32afcfc822da01456481153955d61c9dffbdbe71549a2f95fad40a7882,1,219,1,221,1,361,1,361
insertion,Calibrated recovery,7,96015,replan_1,0,0,0.012653099372982979,0.0,30d3eb367b19df3e18a199ef8cb8fb7991f39c4789a78338ee79b7aba8a23153,28850bc14a895e70e23af10354310fc8d9a2daa0dd65d55c67a40fa120a7c90f,0,-1,0,-1,0,-1,0,-1
insertion,Calibrated recovery,7,96015,replan_1_ensemble,1,1,0.008198574014330329,0.0,30d3eb367b19df3e18a199ef8cb8fb7991f39c4789a78338ee79b7aba8a23153,81455d47a4e281e78b620087f26304e3c1361cb0e268a585ebfe3c1232425501,1,203,1,219,1,360,1,360
insertion,Calibrated recovery,7,96015,replan_16,1,1,0.014255697838962078,0.0,30d3eb367b19df3e18a199ef8cb8fb7991f39c4789a78338ee79b7aba8a23153,b33dbe1b2efd0f6fbb5708350f35770a598888d5453a64c95fd448d1534f2a54,1,202,1,202,1,333,1,333
insertion,Calibrated recovery,7,96016,nominal,1,1,0.012128112837672234,0.0,30d3eb367b19df3e18a199ef8cb8fb7991f39c4789a78338ee79b7aba8a23153,ccb8875b92098108ee3c82b66c99a025cebefbe57b430e735fbdbd6e2e6a8371,1,213,1,214,1,321,1,338
insertion,Calibrated recovery,7,96016,observation_noise,0,0,0.013832594268023968,0.010567498644813895,30d3eb367b19df3e18a199ef8cb8fb7991f39c4789a78338ee79b7aba8a23153,cf0415a042766169553ded5642770d7b5ef792170ca094f4fcc3811d7e59603d,1,212,1,218,1,345,0,-1
insertion,Calibrated recovery,7,96016,noise_joints,0,0,0.012409391812980175,0.003596275544259697,30d3eb367b19df3e18a199ef8cb8fb7991f39c4789a78338ee79b7aba8a23153,6e96080791fbe21129169a59d98aa754074ac81e644bd04a96b59e6e23d47ad4,1,211,1,214,1,320,0,-1
insertion,Calibrated recovery,7,96016,noise_objects,0,0,0.013605017215013504,0.009771978366188705,30d3eb367b19df3e18a199ef8cb8fb7991f39c4789a78338ee79b7aba8a23153,6a383992e04115a7496aba3388d40b31f82948dda87f173e474478d4f69dbeaf,1,211,1,218,1,339,0,-1
insertion,Calibrated recovery,7,96016,noise_low_support,1,1,0.012128112837672234,0.0,30d3eb367b19df3e18a199ef8cb8fb7991f39c4789a78338ee79b7aba8a23153,a62b5fdb41ee4545d17e6f651189c0f80dd52972515eacaecd399a547ae50e3f,1,213,1,214,1,321,1,338
insertion,Calibrated recovery,7,96016,noise_supported,0,0,0.013832594268023968,0.010567498644813895,30d3eb367b19df3e18a199ef8cb8fb7991f39c4789a78338ee79b7aba8a23153,cf0415a042766169553ded5642770d7b5ef792170ca094f4fcc3811d7e59603d,1,212,1,218,1,345,0,-1
insertion,Calibrated recovery,7,96016,replan_1,0,0,0.011518343351781368,0.0,30d3eb367b19df3e18a199ef8cb8fb7991f39c4789a78338ee79b7aba8a23153,2590e36bc0faddb842fbcf6dd2dcb48b34d9fd230b740589a959ca77916f6bb3,0,-1,0,-1,0,-1,0,-1
insertion,Calibrated recovery,7,96016,replan_1_ensemble,1,1,0.007590357751427579,0.0,30d3eb367b19df3e18a199ef8cb8fb7991f39c4789a78338ee79b7aba8a23153,86cf3c289b93edfd66884f226164f065af348cd72cbb824223d06261cfdc0785,1,211,1,218,1,346,1,350
insertion,Calibrated recovery,7,96016,replan_16,1,1,0.012108100578188896,0.0,30d3eb367b19df3e18a199ef8cb8fb7991f39c4789a78338ee79b7aba8a23153,2702dcee15222cbce312cf9950c9a8be003e46d92f0e58ee075aa8edbb0bc1a1,1,209,1,214,1,332,1,339
insertion,Calibrated recovery,7,96017,nominal,1,1,0.01322014071047306,0.0,30d3eb367b19df3e18a199ef8cb8fb7991f39c4789a78338ee79b7aba8a23153,a4a03a9dcf675964e469d9f1c04f9176b998e368168df5af5a89a376353d4268,1,212,1,218,1,353,1,357
insertion,Calibrated recovery,7,96017,observation_noise,1,0,0.01426451001316309,0.009305150401778518,30d3eb367b19df3e18a199ef8cb8fb7991f39c4789a78338ee79b7aba8a23153,fb14c1ad8a7a3e821016b33d8d0aa8d6e2f193d07bc06125e4484c2230f11bd8,1,216,1,216,1,381,1,381
insertion,Calibrated recovery,7,96017,noise_joints,1,1,0.013630758039653301,0.003793655895860866,30d3eb367b19df3e18a199ef8cb8fb7991f39c4789a78338ee79b7aba8a23153,759ace0030f6cbe2a80ea04c93c6a4e8fed30b194add24df6cb9e06857d9a4a0,1,218,1,221,1,343,1,358
insertion,Calibrated recovery,7,96017,noise_objects,1,0,0.013852239586412907,0.008067478134762496,30d3eb367b19df3e18a199ef8cb8fb7991f39c4789a78338ee79b7aba8a23153,bede547341c54a60db9babcce81f742109941f29a6cfd937f0b721d1f09076ad,1,215,1,215,1,368,1,379
insertion,Calibrated recovery,7,96017,noise_low_support,1,1,0.01322014071047306,0.0,30d3eb367b19df3e18a199ef8cb8fb7991f39c4789a78338ee79b7aba8a23153,4c99898251a6b0a47999e416e819e634b167315273a623500769b54f77169e59,1,212,1,218,1,353,1,357
insertion,Calibrated recovery,7,96017,noise_supported,1,0,0.01426451001316309,0.009305150401778518,30d3eb367b19df3e18a199ef8cb8fb7991f39c4789a78338ee79b7aba8a23153,fb14c1ad8a7a3e821016b33d8d0aa8d6e2f193d07bc06125e4484c2230f11bd8,1,216,1,216,1,381,1,381
insertion,Calibrated recovery,7,96017,replan_1,0,0,0.012650636024773121,0.0,30d3eb367b19df3e18a199ef8cb8fb7991f39c4789a78338ee79b7aba8a23153,749321022e42da4786575575e4b6908040c0e5861c91404528b27300e4c95ca9,0,-1,0,-1,0,-1,0,-1
insertion,Calibrated recovery,7,96017,replan_1_ensemble,1,1,0.008086154106073537,0.0,30d3eb367b19df3e18a199ef8cb8fb7991f39c4789a78338ee79b7aba8a23153,a2e66239c458dc8178cdbf886d4447b5a718b3d35a96e29a0c7a6d07f3cc442f,1,213,1,226,1,356,1,356
insertion,Calibrated recovery,7,96017,replan_16,1,1,0.013493380509316921,0.0,30d3eb367b19df3e18a199ef8cb8fb7991f39c4789a78338ee79b7aba8a23153,00d2ea92867c6752873a5a3d306d5f1c442a6c5573e7ac1268cf9f43b232a7e4,1,214,1,220,1,332,1,346
insertion,Calibrated recovery,7,96018,nominal,1,1,0.012885059230029583,0.0,30d3eb367b19df3e18a199ef8cb8fb7991f39c4789a78338ee79b7aba8a23153,513ca440fd63d01b0990a46957ad1b0b4d49dd0c00e417c5f89d5fdd3a1534c8,1,215,1,221,1,330,1,330
insertion,Calibrated recovery,7,96018,observation_noise,1,0,0.014332304708659649,0.010224321146961302,30d3eb367b19df3e18a199ef8cb8fb7991f39c4789a78338ee79b7aba8a23153,c1dd5d035118c35f0ee05d30f5ae0e129469bd0b5f8f6481e5d6b99aed091860,1,218,1,220,1,349,1,349
insertion,Calibrated recovery,7,96018,noise_joints,1,1,0.013276353478431702,0.003414073972962797,30d3eb367b19df3e18a199ef8cb8fb7991f39c4789a78338ee79b7aba8a23153,a27d2cf9c42e1c84a3f282c7eace8ba3a907839de9efebf453ee46a2160245f2,1,217,1,221,1,328,1,328
insertion,Calibrated recovery,7,96018,noise_objects,1,0,0.014019750989973545,0.009316260176710785,30d3eb367b19df3e18a199ef8cb8fb7991f39c4789a78338ee79b7aba8a23153,04c3cfef1abe559338bfe9fddf7052904aa06ecb28a9b0bc04016b3b350e5617,1,219,1,219,1,350,1,350
insertion,Calibrated recovery,7,96018,noise_low_support,1,1,0.012885059230029583,0.0,30d3eb367b19df3e18a199ef8cb8fb7991f39c4789a78338ee79b7aba8a23153,d431b067b14fe2542cd3b908a300628c9f3b9c018e52bd245bddc153db2a429b,1,215,1,221,1,330,1,330
insertion,Calibrated recovery,7,96018,noise_supported,1,0,0.014332304708659649,0.010224321146961302,30d3eb367b19df3e18a199ef8cb8fb7991f39c4789a78338ee79b7aba8a23153,c1dd5d035118c35f0ee05d30f5ae0e129469bd0b5f8f6481e5d6b99aed091860,1,218,1,220,1,349,1,349
insertion,Calibrated recovery,7,96018,replan_1,0,0,0.005355128087103367,0.0,30d3eb367b19df3e18a199ef8cb8fb7991f39c4789a78338ee79b7aba8a23153,1008003a2148de653e9132552342dcf0d1968a252bb836ad301d707adb2085e3,0,-1,0,-1,0,-1,0,-1
insertion,Calibrated recovery,7,96018,replan_1_ensemble,0,0,0.008179470001353276,0.0,30d3eb367b19df3e18a199ef8cb8fb7991f39c4789a78338ee79b7aba8a23153,8c91b5b0c8f141968027edd5a49625ab6c00e352bb90ad814e6cbfb034218e3f,1,225,1,225,1,322,0,-1
insertion,Calibrated recovery,7,96018,replan_16,0,0,0.012945568189024925,0.0,30d3eb367b19df3e18a199ef8cb8fb7991f39c4789a78338ee79b7aba8a23153,13be98789ddef6d279117050fbd62aa4b26c843bd5c9dde7f89ad4447673867c,1,215,1,216,1,317,0,-1
insertion,Calibrated recovery,7,96019,nominal,1,1,0.012310282327234745,0.0,30d3eb367b19df3e18a199ef8cb8fb7991f39c4789a78338ee79b7aba8a23153,3c13fac7a55ee91b2686a089e954959e3b885fe2d45eef839af37519252bea3c,1,213,1,221,1,364,1,364
insertion,Calibrated recovery,7,96019,observation_noise,1,0,0.013415360823273659,0.009494718690402805,30d3eb367b19df3e18a199ef8cb8fb7991f39c4789a78338ee79b7aba8a23153,26784ad94728e540753e15855837c09d95faa6fe61c9d51bf8a42b51396e930a,1,212,1,215,1,361,1,361
insertion,Calibrated recovery,7,96019,noise_joints,1,1,0.012490835972130299,0.00357720727333799,30d3eb367b19df3e18a199ef8cb8fb7991f39c4789a78338ee79b7aba8a23153,85cadd92e07fefb617c3ccc720adbd3bfc323ba57d7d1e55bbcaf1f83219930c,1,212,1,216,1,362,1,362
insertion,Calibrated recovery,7,96019,noise_objects,1,0,0.013239720836281776,0.008405046148691326,30d3eb367b19df3e18a199ef8cb8fb7991f39c4789a78338ee79b7aba8a23153,0e731e1e5fad93e151b18e073b89663fe93df15477cb945e032c0ef5dfbb3dae,1,208,1,215,1,355,1,355
insertion,Calibrated recovery,7,96019,noise_low_support,1,1,0.012310282327234745,0.0,30d3eb367b19df3e18a199ef8cb8fb7991f39c4789a78338ee79b7aba8a23153,f019bd22144f240cac6c8ff76c0d5ab13cf83cc32e50d9c56467eecf4272f8b4,1,213,1,221,1,364,1,364
insertion,Calibrated recovery,7,96019,noise_supported,1,0,0.013415360823273659,0.009494718690402805,30d3eb367b19df3e18a199ef8cb8fb7991f39c4789a78338ee79b7aba8a23153,26784ad94728e540753e15855837c09d95faa6fe61c9d51bf8a42b51396e930a,1,212,1,215,1,361,1,361
insertion,Calibrated recovery,7,96019,replan_1,0,0,0.005298427771776915,0.0,30d3eb367b19df3e18a199ef8cb8fb7991f39c4789a78338ee79b7aba8a23153,96b185ea33f9ee3dc6c2b7474e2f2472e119072f7cd967abe8cb646bd76756ed,0,-1,0,-1,0,-1,0,-1
insertion,Calibrated recovery,7,96019,replan_1_ensemble,1,1,0.007844351607792677,0.0,30d3eb367b19df3e18a199ef8cb8fb7991f39c4789a78338ee79b7aba8a23153,c4138fa050c0f728282e25b7cd876f9efe74c045294cf283fa8155faf43f1593,1,211,1,219,1,376,1,376
insertion,Calibrated recovery,7,96019,replan_16,1,0,0.012329068966209888,0.0,30d3eb367b19df3e18a199ef8cb8fb7991f39c4789a78338ee79b7aba8a23153,5d48a59f6028369be13c49486ca627bd9e4dfe12cfba94a8da7e83ae9f4a89c2,1,210,1,224,1,356,1,356
insertion,Calibrated recovery,11,96000,nominal,0,0,0.0172104574739933,0.0,a0c80b55bffed8152a84a30611c8a9e5cef978324fafc7538777610de3e035cf,6b7064a583c0af949b4a1111a0622031f009a86e49aca616e4a9b126c2a396c7,1,201,1,205,1,299,0,-1
insertion,Calibrated recovery,11,96000,observation_noise,0,0,0.019978657364845276,0.009474739609286189,a0c80b55bffed8152a84a30611c8a9e5cef978324fafc7538777610de3e035cf,ab9a088d633b467c79a5de095dc3f8a840e70382a831561a4bc4a4bc215b5e65,1,196,1,206,1,291,0,-1
insertion,Calibrated recovery,11,96000,noise_joints,0,0,0.01884901523590088,0.0038431837758980693,a0c80b55bffed8152a84a30611c8a9e5cef978324fafc7538777610de3e035cf,42a17b8b773bf6de6f4aea9e7519b1cbf8822a2e397470647945aa068743c75f,1,193,1,206,1,303,0,-1
insertion,Calibrated recovery,11,96000,noise_objects,1,1,0.017077669501304626,0.008476838355418294,a0c80b55bffed8152a84a30611c8a9e5cef978324fafc7538777610de3e035cf,39015705b6336587b634ded3dc33d862c7cd9cb40cb37a3a20ad083de9039b78,1,195,1,201,1,296,1,377
insertion,Calibrated recovery,11,96000,noise_low_support,0,0,0.0172104574739933,0.0,a0c80b55bffed8152a84a30611c8a9e5cef978324fafc7538777610de3e035cf,01ad43d605253f6b73289d9a62351ffe6a48e03be747bc0f0fa8bc9c11ff9083,1,201,1,205,1,299,0,-1
insertion,Calibrated recovery,11,96000,noise_supported,0,0,0.019978657364845276,0.009474739609286189,a0c80b55bffed8152a84a30611c8a9e5cef978324fafc7538777610de3e035cf,ab9a088d633b467c79a5de095dc3f8a840e70382a831561a4bc4a4bc215b5e65,1,196,1,206,1,291,0,-1
insertion,Calibrated recovery,11,96000,replan_1,0,0,0.004076983779668808,0.0,a0c80b55bffed8152a84a30611c8a9e5cef978324fafc7538777610de3e035cf,cca4e01f453f9de498b0611a57389622aac4393fa57df080af8ac23d8ae09a8f,0,-1,0,-1,0,-1,0,-1
insertion,Calibrated recovery,11,96000,replan_1_ensemble,0,0,0.008381492061074237,0.0,a0c80b55bffed8152a84a30611c8a9e5cef978324fafc7538777610de3e035cf,38c2f72e0d29f317fb87595641b9712feb8776d645520814afa184a989649c9f,1,198,1,206,1,306,0,-1
insertion,Calibrated recovery,11,96000,replan_16,0,0,0.01666836626827717,0.0,a0c80b55bffed8152a84a30611c8a9e5cef978324fafc7538777610de3e035cf,29de368501e59bfe1add6e84c3b1a23f8fa7099858df190771930eb598b3c7dd,1,205,1,207,1,309,0,-1
insertion,Calibrated recovery,11,96001,nominal,1,1,0.013715988025069237,0.0,a0c80b55bffed8152a84a30611c8a9e5cef978324fafc7538777610de3e035cf,af6d2aec568518c540c185174484ac93927f67624696313f4ab6775e4d55b953,1,222,1,224,1,376,1,376
insertion,Calibrated recovery,11,96001,observation_noise,0,0,0.02016044221818447,0.009649234050884843,a0c80b55bffed8152a84a30611c8a9e5cef978324fafc7538777610de3e035cf,35a26e60233bf592ce81b74460af52b51675721968d99a0eebe328b133b90c3e,1,219,1,219,0,-1,0,-1
insertion,Calibrated recovery,11,96001,noise_joints,1,1,0.014133901335299015,0.00379204930504784,a0c80b55bffed8152a84a30611c8a9e5cef978324fafc7538777610de3e035cf,e587c753ad4a69c305053b8163043cbf2956aabd788b717be58d7f2f636d281c,1,217,1,218,1,348,1,361
insertion,Calibrated recovery,11,96001,noise_objects,0,0,0.017431162297725677,0.008755672588013113,a0c80b55bffed8152a84a30611c8a9e5cef978324fafc7538777610de3e035cf,857eba0dc13690055742fdfd9d64cf4d61ecb5c6a2b6ed5c0a96d31948fcef73,1,224,1,226,1,265,0,-1
insertion,Calibrated recovery,11,96001,noise_low_support,1,1,0.013715988025069237,0.0,a0c80b55bffed8152a84a30611c8a9e5cef978324fafc7538777610de3e035cf,ad7f28c6928f8890aeacab70a8b6b16c1b4c2cde82a8736753d54db0b592360e,1,222,1,224,1,376,1,376
insertion,Calibrated recovery,11,96001,noise_supported,0,0,0.02016044221818447,0.009649234050884843,a0c80b55bffed8152a84a30611c8a9e5cef978324fafc7538777610de3e035cf,35a26e60233bf592ce81b74460af52b51675721968d99a0eebe328b133b90c3e,1,219,1,219,0,-1,0,-1
insertion,Calibrated recovery,11,96001,replan_1,0,0,0.004279675427824259,0.0,a0c80b55bffed8152a84a30611c8a9e5cef978324fafc7538777610de3e035cf,6ca8f4a195e76a2c10523796b2daf299535ddb93cdac1725db0c83f4dc42cdbc,0,-1,0,-1,0,-1,0,-1
insertion,Calibrated recovery,11,96001,replan_1_ensemble,1,1,0.008041069976790601,0.0,a0c80b55bffed8152a84a30611c8a9e5cef978324fafc7538777610de3e035cf,093805992b2ae19da1ec11f37325dc467fdd8b5d287d7c4eec5aa7259031804f,1,220,1,225,1,395,1,395
insertion,Calibrated recovery,11,96001,replan_16,1,1,0.014969512820243835,0.0,a0c80b55bffed8152a84a30611c8a9e5cef978324fafc7538777610de3e035cf,d620abf0894b3f27d07dd4ac552a38f9884baead7042c325f02cde853904be54,1,215,1,221,1,337,1,363
insertion,Calibrated recovery,11,96002,nominal,0,0,0.0161907896399498,0.0,a0c80b55bffed8152a84a30611c8a9e5cef978324fafc7538777610de3e035cf,960bb7748a647c84786e311d9484d09a5957015929050897e4d018eb66b48b4b,1,201,1,214,1,309,0,-1
insertion,Calibrated recovery,11,96002,observation_noise,0,0,0.019144754856824875,0.010563650634139776,a0c80b55bffed8152a84a30611c8a9e5cef978324fafc7538777610de3e035cf,4cd5c89e9f87545e90ac19d54508de2ff271ea1f9a151fcd1df8e94c3ea399f7,1,208,1,209,1,291,0,-1
insertion,Calibrated recovery,11,96002,noise_joints,0,0,0.015981853008270264,0.004301368087762967,a0c80b55bffed8152a84a30611c8a9e5cef978324fafc7538777610de3e035cf,f0c3690d4ea559a865f40b5727b6655a0a80cb9ee336758382860faf3312fc84,1,207,1,209,1,314,0,-1
insertion,Calibrated recovery,11,96002,noise_objects,0,0,0.018306169658899307,0.009380578743293882,a0c80b55bffed8152a84a30611c8a9e5cef978324fafc7538777610de3e035cf,3ebedab45be14ce624dc494e721d9c139842134b92c43709fda17fed3ad39471,1,204,1,215,1,291,0,-1
insertion,Calibrated recovery,11,96002,noise_low_support,0,0,0.0161907896399498,0.0,a0c80b55bffed8152a84a30611c8a9e5cef978324fafc7538777610de3e035cf,d5860cc2385b6288066f10fe74b5b724166a73787ce049ce59a3751bf53b9985,1,201,1,214,1,309,0,-1
insertion,Calibrated recovery,11,96002,noise_supported,0,0,0.019144754856824875,0.010563650634139776,a0c80b55bffed8152a84a30611c8a9e5cef978324fafc7538777610de3e035cf,4cd5c89e9f87545e90ac19d54508de2ff271ea1f9a151fcd1df8e94c3ea399f7,1,208,1,209,1,291,0,-1
insertion,Calibrated recovery,11,96002,replan_1,0,0,0.008157937787473202,0.0,a0c80b55bffed8152a84a30611c8a9e5cef978324fafc7538777610de3e035cf,b4f9a76f1a9538997f0ef593825bbe40bae4c4af02794a48a917cc817bb73a12,1,191,1,198,1,246,0,-1
insertion,Calibrated recovery,11,96002,replan_1_ensemble,0,0,0.00810255157650981,0.0,a0c80b55bffed8152a84a30611c8a9e5cef978324fafc7538777610de3e035cf,d5091826f56420ad9de49e47043fa1e6c0606398e9ef2820263cdd6ae1363702,1,201,1,207,1,334,0,-1
insertion,Calibrated recovery,11,96002,replan_16,0,0,0.01465044729411602,0.0,a0c80b55bffed8152a84a30611c8a9e5cef978324fafc7538777610de3e035cf,bfe964864e47b0d12d72cd2a14b54694f15a3eeee18ca77399669ff4c356d75a,1,205,1,209,1,326,0,-1
insertion,Calibrated recovery,11,96003,nominal,1,1,0.013409128412604332,0.0,a0c80b55bffed8152a84a30611c8a9e5cef978324fafc7538777610de3e035cf,6687e465867575cd746607b67e8a12de2a14f46c3222a83d36498e92e8057d0a,1,198,1,215,1,332,1,350
insertion,Calibrated recovery,11,96003,observation_noise,0,0,0.014903580769896507,0.0106941262120381,a0c80b55bffed8152a84a30611c8a9e5cef978324fafc7538777610de3e035cf,5781e0422a4b67c9e7e97d2c87a68930cebb573aabe2d49f8513e62357c8a6a5,1,199,1,202,1,342,0,-1
insertion,Calibrated recovery,11,96003,noise_joints,1,1,0.013678686693310738,0.00391027862438932,a0c80b55bffed8152a84a30611c8a9e5cef978324fafc7538777610de3e035cf,574d15c2c790090b92cbf28c7899aeb0f205f67235ea14bde1870979ad54e7ea,1,197,1,215,1,353,1,353
insertion,Calibrated recovery,11,96003,noise_objects,1,1,0.014758563600480556,0.010058865684550255,a0c80b55bffed8152a84a30611c8a9e5cef978324fafc7538777610de3e035cf,89dac4f9961c32bc48c83c98176f45b9929525ba1ac305b80e80109878996f8b,1,197,1,211,1,324,1,361
insertion,Calibrated recovery,11,96003,noise_low_support,1,1,0.013409128412604332,0.0,a0c80b55bffed8152a84a30611c8a9e5cef978324fafc7538777610de3e035cf,e702e050a1f03f0f2eed5f4cdecfd106da90e2f52ca20069ab1e0d6a5aac6b3f,1,198,1,215,1,332,1,350
insertion,Calibrated recovery,11,96003,noise_supported,0,0,0.014903580769896507,0.0106941262120381,a0c80b55bffed8152a84a30611c8a9e5cef978324fafc7538777610de3e035cf,5781e0422a4b67c9e7e97d2c87a68930cebb573aabe2d49f8513e62357c8a6a5,1,199,1,202,1,342,0,-1
insertion,Calibrated recovery,11,96003,replan_1,1,1,0.008013809099793434,0.0,a0c80b55bffed8152a84a30611c8a9e5cef978324fafc7538777610de3e035cf,1d195b8b985ad8aebaf2a8be942e0869b961334790e563bfe03cb240506d6960,1,191,1,211,1,361,1,361
insertion,Calibrated recovery,11,96003,replan_1_ensemble,1,1,0.008508878090319954,0.0,a0c80b55bffed8152a84a30611c8a9e5cef978324fafc7538777610de3e035cf,0e03e77cb10870b336b94d01754926b1c72cd3015675b8b27f3ac6d9396b84bc,1,197,1,213,1,359,1,359
insertion,Calibrated recovery,11,96003,replan_16,1,1,0.013365709222853184,0.0,a0c80b55bffed8152a84a30611c8a9e5cef978324fafc7538777610de3e035cf,64361bfbadc87b83ff2d5898d3886390cb1a47a1b498ac346292f171e55de881,1,197,1,215,1,341,1,354
insertion,Calibrated recovery,11,96004,nominal,1,1,0.01355194952338934,0.0,a0c80b55bffed8152a84a30611c8a9e5cef978324fafc7538777610de3e035cf,c990259b7b7283259f3611a2f742ba71abbd6be8b4df00248b425095afcd3d6e,1,218,1,219,1,335,1,335
insertion,Calibrated recovery,11,96004,observation_noise,1,1,0.014965291135013103,0.01052608092315495,a0c80b55bffed8152a84a30611c8a9e5cef978324fafc7538777610de3e035cf,86cb3c0d413a7de54a9de1bc2bb115a7e91e59a819cd36b0d1882ee1f3112039,1,220,1,222,1,325,1,337
insertion,Calibrated recovery,11,96004,noise_joints,1,0,0.013887407258152962,0.0036107022152282297,a0c80b55bffed8152a84a30611c8a9e5cef978324fafc7538777610de3e035cf,904975521ad2e5cca179e8824612109d22333a3850fcbd9ffbd793e0525a9dfe,1,217,1,217,1,337,1,337
insertion,Calibrated recovery,11,96004,noise_objects,1,1,0.01477168221026659,0.009688695154618471,a0c80b55bffed8152a84a30611c8a9e5cef978324fafc7538777610de3e035cf,d4a07666bf1050456ed0089f6727cf7c3a587182754322b5ab8e5ba49626cfad,1,213,1,216,1,375,1,375
insertion,Calibrated recovery,11,96004,noise_low_support,1,1,0.01355194952338934,0.0,a0c80b55bffed8152a84a30611c8a9e5cef978324fafc7538777610de3e035cf,4d1a8f587904e7deea5469fd2a00e587e70f63c5757baa95d612e1ad935b7819,1,218,1,219,1,335,1,335
insertion,Calibrated recovery,11,96004,noise_supported,1,1,0.014965291135013103,0.01052608092315495,a0c80b55bffed8152a84a30611c8a9e5cef978324fafc7538777610de3e035cf,86cb3c0d413a7de54a9de1bc2bb115a7e91e59a819cd36b0d1882ee1f3112039,1,220,1,222,1,325,1,337
insertion,Calibrated recovery,11,96004,replan_1,0,0,0.007694317493587732,0.0,a0c80b55bffed8152a84a30611c8a9e5cef978324fafc7538777610de3e035cf,0ecb20a69a2bc807bc2e5356bb3adf80490659004397253544a3ab96ea9eb4b4,1,215,1,217,0,-1,0,-1
insertion,Calibrated recovery,11,96004,replan_1_ensemble,1,1,0.007884173225789607,0.0,a0c80b55bffed8152a84a30611c8a9e5cef978324fafc7538777610de3e035cf,49e1b5d24b4d19ec8555b1659875194a18bca36e98a928beccdb494aedf7c3f7,1,214,1,214,1,337,1,337
insertion,Calibrated recovery,11,96004,replan_16,1,1,0.013779312372207642,0.0,a0c80b55bffed8152a84a30611c8a9e5cef978324fafc7538777610de3e035cf,ef69e1f9b9ed227ff679e5832478ad60f053de54ab0e16cf305a40db50680f90,1,208,1,217,1,338,1,338
insertion,Calibrated recovery,11,96005,nominal,1,1,0.014741535298526287,0.0,a0c80b55bffed8152a84a30611c8a9e5cef978324fafc7538777610de3e035cf,1a5a6274ea36abd2ccaaaa29c02108e3a2a4e9f544850963fde6572e8be48369,1,221,1,226,1,360,1,360
insertion,Calibrated recovery,11,96005,observation_noise,1,0,0.01554171834141016,0.009136947651859373,a0c80b55bffed8152a84a30611c8a9e5cef978324fafc7538777610de3e035cf,4540ba721cd1b2d5485acb1344aa196e409f7656c5287b64117907b74f5397f4,1,223,1,226,1,347,1,347
insertion,Calibrated recovery,11,96005,noise_joints,1,1,0.015061224810779095,0.003464643566403538,a0c80b55bffed8152a84a30611c8a9e5cef978324fafc7538777610de3e035cf,3f30a32f685517ca88f4802b808f1bc8865c67ff947c837f4fe24a0ed605a06d,1,221,1,221,1,340,1,340
insertion,Calibrated recovery,11,96005,noise_objects,0,0,0.01918756775557995,0.008286597884725778,a0c80b55bffed8152a84a30611c8a9e5cef978324fafc7538777610de3e035cf,2a28a37a682fa8f929bf2ebd6d684a0c3e06d4e74dd4c047d851309c0cd7c670,1,219,1,222,0,-1,0,-1
insertion,Calibrated recovery,11,96005,noise_low_support,1,1,0.014741535298526287,0.0,a0c80b55bffed8152a84a30611c8a9e5cef978324fafc7538777610de3e035cf,77b1d3d264aea3949c67b53b69e5c851b95571573acea16584dd310c49da8278,1,221,1,226,1,360,1,360
insertion,Calibrated recovery,11,96005,noise_supported,1,0,0.01554171834141016,0.009136947651859373,a0c80b55bffed8152a84a30611c8a9e5cef978324fafc7538777610de3e035cf,4540ba721cd1b2d5485acb1344aa196e409f7656c5287b64117907b74f5397f4,1,223,1,226,1,347,1,347
insertion,Calibrated recovery,11,96005,replan_1,0,0,0.004060077480971813,0.0,a0c80b55bffed8152a84a30611c8a9e5cef978324fafc7538777610de3e035cf,5686de47b8bef07be4ebcd16a93abfb43635a50c095ee63541429f1ed3e73131,0,-1,0,-1,0,-1,0,-1
insertion,Calibrated recovery,11,96005,replan_1_ensemble,0,0,0.008376115235198406,0.0,a0c80b55bffed8152a84a30611c8a9e5cef978324fafc7538777610de3e035cf,c50e808e2a0933f4338b649198e7300cd5d5054dd97e87a69d68d1c86a6c0dfc,1,215,1,218,1,353,0,-1
insertion,Calibrated recovery,11,96005,replan_16,1,1,0.014398644678294659,0.0,a0c80b55bffed8152a84a30611c8a9e5cef978324fafc7538777610de3e035cf,ac990cd956384c2cf0541480836352c2b23525bb7079b8f6817d61512c422aad,1,221,1,221,1,357,1,357
insertion,Calibrated recovery,11,96006,nominal,1,1,0.016125807538628578,0.0,a0c80b55bffed8152a84a30611c8a9e5cef978324fafc7538777610de3e035cf,fd2e2baed31fc02918a29b3574f7ce464d8505b34c5361d4d2ef387e9f8bac43,1,228,1,242,1,352,1,352
insertion,Calibrated recovery,11,96006,observation_noise,1,1,0.017308495938777924,0.011187638738192618,a0c80b55bffed8152a84a30611c8a9e5cef978324fafc7538777610de3e035cf,9a0101e7efbaf94ee2c87b6e886d9ad62bbc72b1f02dbcd16b139dbafd63359a,1,233,1,242,1,348,1,357
insertion,Calibrated recovery,11,96006,noise_joints,1,1,0.016083581373095512,0.003790449587395415,a0c80b55bffed8152a84a30611c8a9e5cef978324fafc7538777610de3e035cf,7ff50e8aa29e9692632740d7083ec0df9886b356b42e3c31f244896d52877126,1,233,1,233,1,353,1,353
insertion,Calibrated recovery,11,96006,noise_objects,1,1,0.017275003716349602,0.009894638929981738,a0c80b55bffed8152a84a30611c8a9e5cef978324fafc7538777610de3e035cf,1d2441a6cf80e88522b98b8d4c8e8739885efc20981e49894fdaefc22b81a540,1,233,1,233,1,370,1,370
insertion,Calibrated recovery,11,96006,noise_low_support,1,1,0.016125807538628578,0.0,a0c80b55bffed8152a84a30611c8a9e5cef978324fafc7538777610de3e035cf,02e5254e7a1da68cdfd1362a3c736b4a6d2ac1f78fe4ad08462645ef48442e1d,1,228,1,242,1,352,1,352
insertion,Calibrated recovery,11,96006,noise_supported,1,1,0.017308495938777924,0.011187638738192618,a0c80b55bffed8152a84a30611c8a9e5cef978324fafc7538777610de3e035cf,9a0101e7efbaf94ee2c87b6e886d9ad62bbc72b1f02dbcd16b139dbafd63359a,1,233,1,242,1,348,1,357
insertion,Calibrated recovery,11,96006,replan_1,0,0,0.007251155562698841,0.0,a0c80b55bffed8152a84a30611c8a9e5cef978324fafc7538777610de3e035cf,2e14d008037fae649f7d0acfb1d6fa934c9f167fee944f03a1b9a70b4d85e908,1,230,1,234,1,281,0,-1
insertion,Calibrated recovery,11,96006,replan_1_ensemble,0,0,0.00796806873678964,0.0,a0c80b55bffed8152a84a30611c8a9e5cef978324fafc7538777610de3e035cf,bf5f85e6f548424ce8f565c68391455150d5ef3f2dc619e9da9372b11d747052,1,241,1,243,1,299,0,-1
insertion,Calibrated recovery,11,96006,replan_16,1,0,0.01507239043712616,0.0,a0c80b55bffed8152a84a30611c8a9e5cef978324fafc7538777610de3e035cf,79686598286ce223add9b3ab25face5a8df5bdf5757ffc7c7dc3a41d2688e642,1,222,1,227,1,341,1,342
insertion,Calibrated recovery,11,96007,nominal,0,0,0.013519272208213806,0.0,a0c80b55bffed8152a84a30611c8a9e5cef978324fafc7538777610de3e035cf,1be560e2cd0f76581ddc070261d7326204658c9e574366118af99adfd1920e58,1,208,1,209,1,311,0,-1
insertion,Calibrated recovery,11,96007,observation_noise,1,0,0.014962682500481606,0.010966084108222276,a0c80b55bffed8152a84a30611c8a9e5cef978324fafc7538777610de3e035cf,f8df5d8a1971c874410d5afcb6d57394afdc19799b751475ddd2af1b64404031,1,223,1,223,1,345,1,345
insertion,Calibrated recovery,11,96007,noise_joints,0,0,0.013971632346510887,0.003894075718708336,a0c80b55bffed8152a84a30611c8a9e5cef978324fafc7538777610de3e035cf,03c41b5d8636e9b262c5eaa6fa4720cfa62beaea611e1443b074e5d6af9dc939,1,208,1,212,1,303,0,-1
insertion,Calibrated recovery,11,96007,noise_objects,1,1,0.014217286370694637,0.010163257871754467,a0c80b55bffed8152a84a30611c8a9e5cef978324fafc7538777610de3e035cf,d8a6af1ff28a7bd151c5eb82f773b2f3aa377715dcb38a9a808626feff5cbc8f,1,209,1,215,1,337,1,353
insertion,Calibrated recovery,11,96007,noise_low_support,0,0,0.013519272208213806,0.0,a0c80b55bffed8152a84a30611c8a9e5cef978324fafc7538777610de3e035cf,c165203825de08cbe29c0d9675e703b87100b52461bcdea3c615792a3601c481,1,208,1,209,1,311,0,-1
insertion,Calibrated recovery,11,96007,noise_supported,1,0,0.014962682500481606,0.010966084108222276,a0c80b55bffed8152a84a30611c8a9e5cef978324fafc7538777610de3e035cf,f8df5d8a1971c874410d5afcb6d57394afdc19799b751475ddd2af1b64404031,1,223,1,223,1,345,1,345
insertion,Calibrated recovery,11,96007,replan_1,1,1,0.006736340932548046,0.0,a0c80b55bffed8152a84a30611c8a9e5cef978324fafc7538777610de3e035cf,4cc5910eec69aab6b6f74f234c256c8d980d4f4e515f80337fa0c39e24a774c4,1,207,1,212,1,388,1,388
insertion,Calibrated recovery,11,96007,replan_1_ensemble,1,1,0.00789451955244115,0.0,a0c80b55bffed8152a84a30611c8a9e5cef978324fafc7538777610de3e035cf,fefdc2965f59c787d02f45a667023e13b51d25fc351aa61b3c5eee3293a490d4,1,210,1,214,1,353,1,353
insertion,Calibrated recovery,11,96007,replan_16,1,1,0.01282584760338068,0.0,a0c80b55bffed8152a84a30611c8a9e5cef978324fafc7538777610de3e035cf,66d3ca66013dca4c50e72362a2d667c73db88b2dfa4e80dd9b5a2f447f324eae,1,211,1,211,1,349,1,349
insertion,Calibrated recovery,11,96008,nominal,1,1,0.013750883750617504,0.0,a0c80b55bffed8152a84a30611c8a9e5cef978324fafc7538777610de3e035cf,a4de847662234da16f9cd898ba4e8d25e0281b48e92095b7e115c0fab44e3ec1,1,211,1,216,1,330,1,330
insertion,Calibrated recovery,11,96008,observation_noise,0,0,0.01660403423011303,0.01101342640351504,a0c80b55bffed8152a84a30611c8a9e5cef978324fafc7538777610de3e035cf,4c0404b35f70bcbb13100619984cbc7d47ad4e16dd8a818d5a6713555f2c4de6,1,207,1,208,1,298,0,-1
insertion,Calibrated recovery,11,96008,noise_joints,0,0,0.014007454738020897,0.0041729580704122785,a0c80b55bffed8152a84a30611c8a9e5cef978324fafc7538777610de3e035cf,ccbb3b7b0f95539a53d366f71baa5d047d18273b98266ec6086d238444a7ee25,1,210,1,211,1,313,0,-1
insertion,Calibrated recovery,11,96008,noise_objects,0,0,0.01618819124996662,0.009872021407354624,a0c80b55bffed8152a84a30611c8a9e5cef978324fafc7538777610de3e035cf,c1fcf94a27076502ba7780c11a0a3edd394add63d5470dac6efa390c4f343186,1,208,1,208,1,299,0,-1
insertion,Calibrated recovery,11,96008,noise_low_support,1,1,0.013750883750617504,0.0,a0c80b55bffed8152a84a30611c8a9e5cef978324fafc7538777610de3e035cf,f713d0c0193d6174e2b72d479c7c097bf7ad3604da3e0ebe994f7db2cdca5f38,1,211,1,216,1,330,1,330
insertion,Calibrated recovery,11,96008,noise_supported,0,0,0.01660403423011303,0.01101342640351504,a0c80b55bffed8152a84a30611c8a9e5cef978324fafc7538777610de3e035cf,4c0404b35f70bcbb13100619984cbc7d47ad4e16dd8a818d5a6713555f2c4de6,1,207,1,208,1,298,0,-1
insertion,Calibrated recovery,11,96008,replan_1,0,0,0.007096301298588514,0.0,a0c80b55bffed8152a84a30611c8a9e5cef978324fafc7538777610de3e035cf,a50128db010c3e9239d74ce01407e464be6cd1fd01460c56a709e411b20e1cf8,1,210,1,213,1,309,0,-1
insertion,Calibrated recovery,11,96008,replan_1_ensemble,0,0,0.008232635081616656,0.0,a0c80b55bffed8152a84a30611c8a9e5cef978324fafc7538777610de3e035cf,bf5bd7c2c5f55529cc1854335882b149fc21492b0377b9e5ce7d3f2fa9935e7a,1,208,1,210,1,304,0,-1
insertion,Calibrated recovery,11,96008,replan_16,1,1,0.013698767870664597,0.0,a0c80b55bffed8152a84a30611c8a9e5cef978324fafc7538777610de3e035cf,25ab0a656c4ef61e41e1c6f43a108c30d01188b1c741fba8dc130bf48f738a1e,1,207,1,210,1,336,1,336
insertion,Calibrated recovery,11,96009,nominal,1,1,0.014381438493728638,0.0,a0c80b55bffed8152a84a30611c8a9e5cef978324fafc7538777610de3e035cf,d5c6d0e67cd4cd8d1c1857977eebbfd5aafa43c3096fdf9cb871de38f6d7dbf1,1,220,1,225,1,356,1,374
insertion,Calibrated recovery,11,96009,observation_noise,0,0,0.015218139626085758,0.009724674350582063,a0c80b55bffed8152a84a30611c8a9e5cef978324fafc7538777610de3e035cf,3cda1079ed6bde62274ec2cce39f45c8a87608efae5ce14bcfaad13282ffad5c,1,224,1,224,1,341,0,-1
insertion,Calibrated recovery,11,96009,noise_joints,1,1,0.014200519770383835,0.003484484157525003,a0c80b55bffed8152a84a30611c8a9e5cef978324fafc7538777610de3e035cf,c2e7563468e9484d2b6186bbe937fa429f6be812421f80183b1a51075c9431bf,1,221,1,224,1,333,1,353
insertion,Calibrated recovery,11,96009,noise_objects,0,0,0.027226531878113747,0.008914943139534443,a0c80b55bffed8152a84a30611c8a9e5cef978324fafc7538777610de3e035cf,bed7f01824453a3da9a98a5668e7002cb3bb81aef25fc549bf1b3008ba9affa3,1,226,1,229,0,-1,0,-1
insertion,Calibrated recovery,11,96009,noise_low_support,1,1,0.014381438493728638,0.0,a0c80b55bffed8152a84a30611c8a9e5cef978324fafc7538777610de3e035cf,6726a0487932d3c8e32519c43f7efd37223f9fba2c583d4793e676f0987f5245,1,220,1,225,1,356,1,374
insertion,Calibrated recovery,11,96009,noise_supported,0,0,0.015218139626085758,0.009724674350582063,a0c80b55bffed8152a84a30611c8a9e5cef978324fafc7538777610de3e035cf,3cda1079ed6bde62274ec2cce39f45c8a87608efae5ce14bcfaad13282ffad5c,1,224,1,224,1,341,0,-1
insertion,Calibrated recovery,11,96009,replan_1,1,1,0.006827792152762413,0.0,a0c80b55bffed8152a84a30611c8a9e5cef978324fafc7538777610de3e035cf,2ce0ce44b7ec439f87a6b6787f0d8cb0c66aeae352f7d640465b6c155bbbe904,1,209,1,209,1,371,1,371
insertion,Calibrated recovery,11,96009,replan_1_ensemble,0,0,0.008138159631140519,0.0,a0c80b55bffed8152a84a30611c8a9e5cef978324fafc7538777610de3e035cf,1a354450c2d9737d8d32efa41ad7835a8990e92f2c093354345346c253893ea8,1,220,1,220,1,345,0,-1
insertion,Calibrated recovery,11,96009,replan_16,0,0,0.014606384560465813,0.0,a0c80b55bffed8152a84a30611c8a9e5cef978324fafc7538777610de3e035cf,1439b4deafd29a112069ac9513d74c1ce980ebd9a7647af8ab97efaac457e6d2,1,224,1,224,1,347,0,-1
insertion,Calibrated recovery,11,96010,nominal,0,0,0.01557715330272913,0.0,a0c80b55bffed8152a84a30611c8a9e5cef978324fafc7538777610de3e035cf,909dcb0264c010e790c7f6a21965aa73c9fbfa2a134ecd4454f97cc6edb60f2e,1,210,1,217,1,291,0,-1
insertion,Calibrated recovery,11,96010,observation_noise,0,0,0.023044828325510025,0.010109451618045568,a0c80b55bffed8152a84a30611c8a9e5cef978324fafc7538777610de3e035cf,8758da79694fc59035922600651e5f05c15dd4e08fee14721876719c9fa0c3b6,1,214,1,216,0,-1,0,-1
insertion,Calibrated recovery,11,96010,noise_joints,0,0,0.014188021421432495,0.003816684982739389,a0c80b55bffed8152a84a30611c8a9e5cef978324fafc7538777610de3e035cf,ff98b366f8a6b98bbba8930c2cc5b6b76846a126f37250b2f3c65f244d134222,1,209,1,216,1,289,0,-1
insertion,Calibrated recovery,11,96010,noise_objects,0,0,0.018191490322351456,0.00929020797368139,a0c80b55bffed8152a84a30611c8a9e5cef978324fafc7538777610de3e035cf,2a0e1f9c5ec6fcf31c851a94bb9b228800265b01665713da1e616ff7c2c0fc53,1,219,1,222,1,293,0,-1
insertion,Calibrated recovery,11,96010,noise_low_support,0,0,0.01557715330272913,0.0,a0c80b55bffed8152a84a30611c8a9e5cef978324fafc7538777610de3e035cf,b60ed81301635217e9944332be951ab73caa229cac9ac9be91a2a843ffaed416,1,210,1,217,1,291,0,-1
insertion,Calibrated recovery,11,96010,noise_supported,0,0,0.023044828325510025,0.010109451618045568,a0c80b55bffed8152a84a30611c8a9e5cef978324fafc7538777610de3e035cf,8758da79694fc59035922600651e5f05c15dd4e08fee14721876719c9fa0c3b6,1,214,1,216,0,-1,0,-1
insertion,Calibrated recovery,11,96010,replan_1,0,0,0.008193667978048325,0.0,a0c80b55bffed8152a84a30611c8a9e5cef978324fafc7538777610de3e035cf,90d44de2ae07c78de941686fb6fa7614766ecf6e6600ece0c14943f7a56893b1,1,195,1,199,0,-1,0,-1
insertion,Calibrated recovery,11,96010,replan_1_ensemble,0,0,0.007977356089264219,0.0,a0c80b55bffed8152a84a30611c8a9e5cef978324fafc7538777610de3e035cf,5c869a5cc04d4da5c42d5908865e4831a0fa7125f77c9ac257c45d91f9bcf9a5,1,202,1,207,1,289,0,-1
insertion,Calibrated recovery,11,96010,replan_16,1,1,0.013555653393268585,0.0,a0c80b55bffed8152a84a30611c8a9e5cef978324fafc7538777610de3e035cf,f79116b59d0b400cac778858e931487956cdb42ecf617dd8ec785f64314a3dc0,1,207,1,207,1,337,1,337
insertion,Calibrated recovery,11,96011,nominal,1,0,0.013421585783362389,0.0,a0c80b55bffed8152a84a30611c8a9e5cef978324fafc7538777610de3e035cf,9068b2ba6915986235075a3ff625909b53aaf7127415a95f895190f71d13921a,1,215,1,224,1,344,1,374
insertion,Calibrated recovery,11,96011,observation_noise,0,0,0.01490805484354496,0.010580038903281092,a0c80b55bffed8152a84a30611c8a9e5cef978324fafc7538777610de3e035cf,bbf69f2d9ecc66f912fc8f576d956b7a02b4aaeea6dc84f8342294a3a7e075ff,1,233,1,233,1,337,0,-1
insertion,Calibrated recovery,11,96011,noise_joints,0,0,0.013518073596060276,0.003320736064342782,a0c80b55bffed8152a84a30611c8a9e5cef978324fafc7538777610de3e035cf,4eb30472987ec451eaaeda7097af004085cc2f430c9a8bb83f6666c50c952a48,1,219,1,222,1,319,0,-1
insertion,Calibrated recovery,11,96011,noise_objects,0,0,0.02549808658659458,0.009938878940884023,a0c80b55bffed8152a84a30611c8a9e5cef978324fafc7538777610de3e035cf,df8981217effb1c2ede4ce7b2cd77fbf5fb292bd553a8a8866ddb3dbda98254a,1,241,1,241,0,-1,0,-1
insertion,Calibrated recovery,11,96011,noise_low_support,1,0,0.013421585783362389,0.0,a0c80b55bffed8152a84a30611c8a9e5cef978324fafc7538777610de3e035cf,4a91828ec010bd3ebcb41dc2edd50f944372f3ef76888c368a8c3ad49d34ae0f,1,215,1,224,1,344,1,374
insertion,Calibrated recovery,11,96011,noise_supported,0,0,0.01490805484354496,0.010580038903281092,a0c80b55bffed8152a84a30611c8a9e5cef978324fafc7538777610de3e035cf,bbf69f2d9ecc66f912fc8f576d956b7a02b4aaeea6dc84f8342294a3a7e075ff,1,233,1,233,1,337,0,-1
insertion,Calibrated recovery,11,96011,replan_1,0,0,0.0072646732442080975,0.0,a0c80b55bffed8152a84a30611c8a9e5cef978324fafc7538777610de3e035cf,f126c719f786c318012da3687a510209e1229edc5a7c0989fe8b4c135a2157c6,1,193,1,199,0,-1,0,-1
insertion,Calibrated recovery,11,96011,replan_1_ensemble,1,1,0.00792848467089503,0.0,a0c80b55bffed8152a84a30611c8a9e5cef978324fafc7538777610de3e035cf,2a33667aeeabacc4cd63c836020b40d43d89ff7d3f8bf874ac0d3b1e364dbe50,1,219,1,220,1,362,1,362
insertion,Calibrated recovery,11,96011,replan_16,1,1,0.013195088133215904,0.0,a0c80b55bffed8152a84a30611c8a9e5cef978324fafc7538777610de3e035cf,05ee85c8f243aa4861ade9ec71634635877ff65c19717d701206510aa41cda6b,1,207,1,207,1,361,1,361
insertion,Calibrated recovery,11,96012,nominal,1,1,0.01315918006002903,0.0,a0c80b55bffed8152a84a30611c8a9e5cef978324fafc7538777610de3e035cf,c569bb1d8200c374675b0bd6956d736e30c95d3daa47916db6df4c586611895b,1,207,1,212,1,317,1,336
insertion,Calibrated recovery,11,96012,observation_noise,1,0,0.0145210986956954,0.00979550750926137,a0c80b55bffed8152a84a30611c8a9e5cef978324fafc7538777610de3e035cf,17ba46413ebe60b94dd5fdf2e318195a97c9239dea7f09770b4d28cfc9200d08,1,207,1,211,1,345,1,345
insertion,Calibrated recovery,11,96012,noise_joints,1,1,0.013394704088568687,0.0038914339151233436,a0c80b55bffed8152a84a30611c8a9e5cef978324fafc7538777610de3e035cf,fd375a729e638f45a3b9f8df1cce19df9ebae38982b2f1f50f2f3a8ca1efcb7a,1,206,1,212,1,319,1,337
insertion,Calibrated recovery,11,96012,noise_objects,1,0,0.01407688483595848,0.008937736353836954,a0c80b55bffed8152a84a30611c8a9e5cef978324fafc7538777610de3e035cf,1da7ea4d5a69c0f1b5c547d45834c2351736fe7756c376b26e0c3469cc76f73f,1,210,1,211,1,359,1,359
insertion,Calibrated recovery,11,96012,noise_low_support,1,1,0.01315918006002903,0.0,a0c80b55bffed8152a84a30611c8a9e5cef978324fafc7538777610de3e035cf,43a3fcff988319c0944698c967a298e478f3ec46de83aa49ea9ade4375fa52d7,1,207,1,212,1,317,1,336
insertion,Calibrated recovery,11,96012,noise_supported,1,0,0.0145210986956954,0.00979550750926137,a0c80b55bffed8152a84a30611c8a9e5cef978324fafc7538777610de3e035cf,17ba46413ebe60b94dd5fdf2e318195a97c9239dea7f09770b4d28cfc9200d08,1,207,1,211,1,345,1,345
insertion,Calibrated recovery,11,96012,replan_1,0,0,0.006952092982828617,0.0,a0c80b55bffed8152a84a30611c8a9e5cef978324fafc7538777610de3e035cf,9cace1d203e1b6b3d25d822e27b39dab30aba543860513835a2b6f1e6666fe5a,1,214,1,217,1,290,0,-1
insertion,Calibrated recovery,11,96012,replan_1_ensemble,1,1,0.007969759080333304,0.0,a0c80b55bffed8152a84a30611c8a9e5cef978324fafc7538777610de3e035cf,0891739ed09cb5978500a5da953c8a428ef580c6da7e6f60d6ce55397e648f5e,1,211,1,213,1,365,1,365
insertion,Calibrated recovery,11,96012,replan_16,1,1,0.012558729387819767,0.0,a0c80b55bffed8152a84a30611c8a9e5cef978324fafc7538777610de3e035cf,941b2d0df108ff41480b81982adff6fef6e1210dbff0086c6e18c4c8bcde2c4f,1,211,1,211,1,354,1,354
insertion,Calibrated recovery,11,96013,nominal,1,1,0.012516123242676258,0.0,a0c80b55bffed8152a84a30611c8a9e5cef978324fafc7538777610de3e035cf,25a6f07ef84ea09de7142d75f331427748a11042c0274d58ce984b26f07a9c7f,1,214,1,218,1,380,1,380
insertion,Calibrated recovery,11,96013,observation_noise,1,1,0.0143269132822752,0.010983372158370912,a0c80b55bffed8152a84a30611c8a9e5cef978324fafc7538777610de3e035cf,1b9cf062845ada4df3820bfd2083803167c98cc4cb72aa0c4155b25a6a8b048c,1,218,1,218,1,340,1,359
insertion,Calibrated recovery,11,96013,noise_joints,1,1,0.012886428274214268,0.003806564032565802,a0c80b55bffed8152a84a30611c8a9e5cef978324fafc7538777610de3e035cf,6cb6bcc5fb190deff1b3dcb7090b08e51454296096966b612027c7d52394484c,1,218,1,218,1,383,1,383
insertion,Calibrated recovery,11,96013,noise_objects,1,1,0.013997597619891167,0.010154321929439903,a0c80b55bffed8152a84a30611c8a9e5cef978324fafc7538777610de3e035cf,41c9007af86a83df8a13ac5cae3b6c6777f6ac6de57bc6dbefa12e7be502be24,1,218,1,218,1,340,1,352
insertion,Calibrated recovery,11,96013,noise_low_support,1,1,0.012516123242676258,0.0,a0c80b55bffed8152a84a30611c8a9e5cef978324fafc7538777610de3e035cf,f4348025e347be4a661cd6bccdae30c26ea620749cae4ff1f9e0d2c77c480505,1,214,1,218,1,380,1,380
insertion,Calibrated recovery,11,96013,noise_supported,1,1,0.0143269132822752,0.010983372158370912,a0c80b55bffed8152a84a30611c8a9e5cef978324fafc7538777610de3e035cf,1b9cf062845ada4df3820bfd2083803167c98cc4cb72aa0c4155b25a6a8b048c,1,218,1,218,1,340,1,359
insertion,Calibrated recovery,11,96013,replan_1,0,0,0.004817942623049021,0.0,a0c80b55bffed8152a84a30611c8a9e5cef978324fafc7538777610de3e035cf,36c090afdf7332201139f9658d6d156cdee774c50f514a521b02c41566172ae4,0,-1,0,-1,0,-1,0,-1
insertion,Calibrated recovery,11,96013,replan_1_ensemble,1,1,0.007720722817783437,0.0,a0c80b55bffed8152a84a30611c8a9e5cef978324fafc7538777610de3e035cf,493aa4974457079744e286391f56bf6409d9038c5b7ae70cbdf4957cd99145c8,1,217,1,220,1,391,1,391
insertion,Calibrated recovery,11,96013,replan_16,1,1,0.012609611265361309,0.0,a0c80b55bffed8152a84a30611c8a9e5cef978324fafc7538777610de3e035cf,21ced1d9d8de351f137c80fa50318a8333c25776acfebc8860e82d2ae95ef97e,1,218,1,224,1,380,1,380
insertion,Calibrated recovery,11,96014,nominal,1,1,0.012448257766664028,0.0,a0c80b55bffed8152a84a30611c8a9e5cef978324fafc7538777610de3e035cf,56ac4f6d5d9f1d631f6710abda44ad90941bff681fd0b9156b6f851ee3212f5f,1,214,1,218,1,375,1,375
insertion,Calibrated recovery,11,96014,observation_noise,1,1,0.014140423387289047,0.010920730619691312,a0c80b55bffed8152a84a30611c8a9e5cef978324fafc7538777610de3e035cf,652924fccbc695f53a1ba773e9b5b86cb940b67b0ba68979c87485bca65b6cc2,1,213,1,213,1,363,1,363
insertion,Calibrated recovery,11,96014,noise_joints,1,1,0.012691161595284939,0.0035148104885593056,a0c80b55bffed8152a84a30611c8a9e5cef978324fafc7538777610de3e035cf,b5058a266d60f2ebd5459cb46f41a8d9576d2b4a0e6a4a703e04328748bad79e,1,214,1,218,1,381,1,381
insertion,Calibrated recovery,11,96014,noise_objects,1,1,0.013997243717312813,0.010408039898611604,a0c80b55bffed8152a84a30611c8a9e5cef978324fafc7538777610de3e035cf,49c79eb4fa45d690779f684faafca9b5b0911bb2cca4701e740604601425173c,1,213,1,213,1,362,1,362
insertion,Calibrated recovery,11,96014,noise_low_support,1,1,0.012448257766664028,0.0,a0c80b55bffed8152a84a30611c8a9e5cef978324fafc7538777610de3e035cf,3d42196892353073657f645bc99956dedcb56f2a17560448e5d1aefdf374be72,1,214,1,218,1,375,1,375
insertion,Calibrated recovery,11,96014,noise_supported,1,1,0.014140423387289047,0.010920730619691312,a0c80b55bffed8152a84a30611c8a9e5cef978324fafc7538777610de3e035cf,652924fccbc695f53a1ba773e9b5b86cb940b67b0ba68979c87485bca65b6cc2,1,213,1,213,1,363,1,363
insertion,Calibrated recovery,11,96014,replan_1,0,0,0.005157859064638615,0.0,a0c80b55bffed8152a84a30611c8a9e5cef978324fafc7538777610de3e035cf,d1f8603f7791c16c3358fdd848f949a3148031daeb833bb7f93931c98df70f04,0,-1,0,-1,0,-1,0,-1
insertion,Calibrated recovery,11,96014,replan_1_ensemble,1,1,0.007679343294852418,0.0,a0c80b55bffed8152a84a30611c8a9e5cef978324fafc7538777610de3e035cf,a1c5b8f039478dd85c3ce76f73343280f2280948a828cf73e3e1e244cc4bc59c,1,216,1,220,1,372,1,372
insertion,Calibrated recovery,11,96014,replan_16,1,1,0.012525164522230625,0.0,a0c80b55bffed8152a84a30611c8a9e5cef978324fafc7538777610de3e035cf,57daa835716d57705eadc1501d29912765b89dd90f188379f19522cd56165491,1,214,1,214,1,366,1,366
insertion,Calibrated recovery,11,96015,nominal,0,0,0.01377867441624403,0.0,a0c80b55bffed8152a84a30611c8a9e5cef978324fafc7538777610de3e035cf,3b7fc5c39768dbe0f606d3ec27e26ea63d541ae6ef808e66e3bfbe99710cbe99,1,217,1,218,1,329,0,-1
insertion,Calibrated recovery,11,96015,observation_noise,0,0,0.014669803902506828,0.010381060554645955,a0c80b55bffed8152a84a30611c8a9e5cef978324fafc7538777610de3e035cf,403b8efaa4f410d19ef5c5de248d06228a1c53fc77e5be9448cae75cca0c4c5c,1,218,1,218,1,365,0,-1
insertion,Calibrated recovery,11,96015,noise_joints,0,0,0.01395754236727953,0.003501080888090655,a0c80b55bffed8152a84a30611c8a9e5cef978324fafc7538777610de3e035cf,9b52d26f30e12b9a1d361bc046c9116e8b60f93386467de9cf4603b6b2913446,1,217,1,219,1,331,0,-1
insertion,Calibrated recovery,11,96015,noise_objects,0,0,0.014564293436706066,0.009704654701054097,a0c80b55bffed8152a84a30611c8a9e5cef978324fafc7538777610de3e035cf,3d24a27b6098123fa15397c683885fb8a09db96653130d64b25dbe1fa027362f,1,218,1,219,1,340,0,-1
insertion,Calibrated recovery,11,96015,noise_low_support,0,0,0.01377867441624403,0.0,a0c80b55bffed8152a84a30611c8a9e5cef978324fafc7538777610de3e035cf,2dd5000bcc327f5aabaee8e6f54c9a51967508b16304edb6153c0c758c70b804,1,217,1,218,1,329,0,-1
insertion,Calibrated recovery,11,96015,noise_supported,0,0,0.014669803902506828,0.010381060554645955,a0c80b55bffed8152a84a30611c8a9e5cef978324fafc7538777610de3e035cf,403b8efaa4f410d19ef5c5de248d06228a1c53fc77e5be9448cae75cca0c4c5c,1,218,1,218,1,365,0,-1
insertion,Calibrated recovery,11,96015,replan_1,0,0,0.006293769460171461,0.0,a0c80b55bffed8152a84a30611c8a9e5cef978324fafc7538777610de3e035cf,03262fce293257a5743956375b6f5a2e0cb3596005b1f728f410f482c98544fa,1,222,1,223,0,-1,0,-1
insertion,Calibrated recovery,11,96015,replan_1_ensemble,1,1,0.0078880950465191,0.0,a0c80b55bffed8152a84a30611c8a9e5cef978324fafc7538777610de3e035cf,f2f06a10996a7fcdb5318bd57957b0cca5c31ce8b6bfb892bb1367214d2d954f,1,217,1,217,1,354,1,354
insertion,Calibrated recovery,11,96015,replan_16,1,1,0.014144053682684898,0.0,a0c80b55bffed8152a84a30611c8a9e5cef978324fafc7538777610de3e035cf,0f519d7bb680879e00cadd2b74b7d836d68da2edd76e34b25a771e01447bc859,1,221,1,224,1,353,1,353
insertion,Calibrated recovery,11,96016,nominal,1,1,0.012197785079479218,0.0,a0c80b55bffed8152a84a30611c8a9e5cef978324fafc7538777610de3e035cf,8d455ab4026c238e54656f46bacaebfcc2cc22f97da329f31bbe42757a7ac072,1,212,1,213,1,353,1,353
insertion,Calibrated recovery,11,96016,observation_noise,1,1,0.014317324385046959,0.011190780492033809,a0c80b55bffed8152a84a30611c8a9e5cef978324fafc7538777610de3e035cf,ba276ef50c807fd1e9578f491ad95336a47664696b475ebd04b664a91b545d6f,1,218,1,219,1,384,1,384
insertion,Calibrated recovery,11,96016,noise_joints,1,0,0.012607334181666374,0.00345069759641774,a0c80b55bffed8152a84a30611c8a9e5cef978324fafc7538777610de3e035cf,ee9fedfb41092002c99262f4e0b05767615999b537442ed9d8ce1ede7a470920,1,213,1,217,1,359,1,359
insertion,Calibrated recovery,11,96016,noise_objects,1,1,0.013771082274615765,0.01045837786863558,a0c80b55bffed8152a84a30611c8a9e5cef978324fafc7538777610de3e035cf,94a8b61d9ac65ff4575296079cb03eb7548a6fc1a2613b6e82f0d623958176a6,1,215,1,217,1,393,1,393
insertion,Calibrated recovery,11,96016,noise_low_support,1,1,0.012197785079479218,0.0,a0c80b55bffed8152a84a30611c8a9e5cef978324fafc7538777610de3e035cf,328bf9ab1eb21c0dc280633a5b3c880f967ea6d7bb80e16ab423449c300a64a7,1,212,1,213,1,353,1,353
insertion,Calibrated recovery,11,96016,noise_supported,1,1,0.014317324385046959,0.011190780492033809,a0c80b55bffed8152a84a30611c8a9e5cef978324fafc7538777610de3e035cf,ba276ef50c807fd1e9578f491ad95336a47664696b475ebd04b664a91b545d6f,1,218,1,219,1,384,1,384
insertion,Calibrated recovery,11,96016,replan_1,0,0,0.006167026236653328,0.0,a0c80b55bffed8152a84a30611c8a9e5cef978324fafc7538777610de3e035cf,23d1c2589996d1d1e0a9e4a3d94b19b6d7e61faf48cda142fbf5ab23383275ab,1,213,1,215,1,251,0,-1
insertion,Calibrated recovery,11,96016,replan_1_ensemble,1,1,0.007503882876757075,0.0,a0c80b55bffed8152a84a30611c8a9e5cef978324fafc7538777610de3e035cf,ec8b9df09c9c2abddb1869b3a90594dc8abb83628fe866dd3910ec330b9e0907,1,211,1,214,1,359,1,359
insertion,Calibrated recovery,11,96016,replan_16,1,1,0.012149999849498272,0.0,a0c80b55bffed8152a84a30611c8a9e5cef978324fafc7538777610de3e035cf,c11813baa24f7430710b2ebfeff1df2dcd010fa9790799aec4e890e176130708,1,209,1,213,1,365,1,365
insertion,Calibrated recovery,11,96017,nominal,0,0,0.013234227895736694,0.0,a0c80b55bffed8152a84a30611c8a9e5cef978324fafc7538777610de3e035cf,34b55a2302f5e333525b9e892a93a971c72c11cfb8822bef34430218219f2c2d,1,219,1,224,0,-1,0,-1
insertion,Calibrated recovery,11,96017,observation_noise,0,0,0.014135194942355156,0.009644146072678267,a0c80b55bffed8152a84a30611c8a9e5cef978324fafc7538777610de3e035cf,d5104ab04f2d8c46517f38222c0d22b5db4c0273b3c72fd0394783a70609bf95,1,211,1,211,0,-1,0,-1
insertion,Calibrated recovery,11,96017,noise_joints,1,1,0.013596544042229652,0.003993244769517333,a0c80b55bffed8152a84a30611c8a9e5cef978324fafc7538777610de3e035cf,06a969fa7b9013cae028b75cde4efd318646026217b5d77330a67f6337816740,1,218,1,218,1,391,1,391
insertion,Calibrated recovery,11,96017,noise_objects,1,0,0.013889100402593613,0.008365039185155182,a0c80b55bffed8152a84a30611c8a9e5cef978324fafc7538777610de3e035cf,533ec344f885b39adf06bc5b4b3e3290d39349a94620d7a1962f574e51f3c3a7,1,218,1,222,1,376,1,376
insertion,Calibrated recovery,11,96017,noise_low_support,0,0,0.013234227895736694,0.0,a0c80b55bffed8152a84a30611c8a9e5cef978324fafc7538777610de3e035cf,0b53eac0a28f425821e4d50ea1e068e7408e839143906c8b58aaebcedf927e92,1,219,1,224,0,-1,0,-1
insertion,Calibrated recovery,11,96017,noise_supported,0,0,0.014135194942355156,0.009644146072678267,a0c80b55bffed8152a84a30611c8a9e5cef978324fafc7538777610de3e035cf,d5104ab04f2d8c46517f38222c0d22b5db4c0273b3c72fd0394783a70609bf95,1,211,1,211,0,-1,0,-1
insertion,Calibrated recovery,11,96017,replan_1,1,1,0.006813291925936937,0.0,a0c80b55bffed8152a84a30611c8a9e5cef978324fafc7538777610de3e035cf,fa05b0c976d2ab3d3eda37a4939c23117180593397c006f26a09e73a7593a51b,1,208,1,211,1,353,1,353
insertion,Calibrated recovery,11,96017,replan_1_ensemble,1,1,0.007992669134589611,0.0,a0c80b55bffed8152a84a30611c8a9e5cef978324fafc7538777610de3e035cf,8f2cb37870c25d9746444ed68333d6da7e9a38da186a0d80353c42986115418c,1,215,1,217,1,386,1,386
insertion,Calibrated recovery,11,96017,replan_16,1,1,0.013064992614090443,0.0,a0c80b55bffed8152a84a30611c8a9e5cef978324fafc7538777610de3e035cf,66b0175da3323fc9c90a82651aad8cc8fc5103cb3d95798f752d80b1f1195d57,1,208,1,214,1,377,1,377
insertion,Calibrated recovery,11,96018,nominal,1,1,0.012772887945175171,0.0,a0c80b55bffed8152a84a30611c8a9e5cef978324fafc7538777610de3e035cf,83cb84d237325cbe6f2f712c280591438501478a435208bdc97e5757fe77bcdc,1,208,1,211,1,343,1,343
insertion,Calibrated recovery,11,96018,observation_noise,1,0,0.014581074938178062,0.010420241015963257,a0c80b55bffed8152a84a30611c8a9e5cef978324fafc7538777610de3e035cf,e94ad0593085dfd27d06366e4bd14da0451d5af0d19c7eefd068ebb171d4dfee,1,206,1,215,1,342,1,342
insertion,Calibrated recovery,11,96018,noise_joints,1,1,0.013111128471791744,0.003448677131673321,a0c80b55bffed8152a84a30611c8a9e5cef978324fafc7538777610de3e035cf,9e1027b284f611a3bea1cbab9a43f505e0d1ae223756d150de80d89b9055f833,1,209,1,213,1,330,1,330
insertion,Calibrated recovery,11,96018,noise_objects,1,0,0.014232419431209564,0.009527414387557656,a0c80b55bffed8152a84a30611c8a9e5cef978324fafc7538777610de3e035cf,cd01df35c1c09252dc441d477bff86562ea43f9ebd04f50960df7a68b00e9a91,1,208,1,213,1,358,1,358
insertion,Calibrated recovery,11,96018,noise_low_support,1,1,0.012772887945175171,0.0,a0c80b55bffed8152a84a30611c8a9e5cef978324fafc7538777610de3e035cf,13855cb0a53261fa7b6ae220d7140303675f406940a2b77759478b2cfaa04404,1,208,1,211,1,343,1,343
insertion,Calibrated recovery,11,96018,noise_supported,1,0,0.014581074938178062,0.010420241015963257,a0c80b55bffed8152a84a30611c8a9e5cef978324fafc7538777610de3e035cf,e94ad0593085dfd27d06366e4bd14da0451d5af0d19c7eefd068ebb171d4dfee,1,206,1,215,1,342,1,342
insertion,Calibrated recovery,11,96018,replan_1,0,0,0.008452393114566803,0.0,a0c80b55bffed8152a84a30611c8a9e5cef978324fafc7538777610de3e035cf,b7678361976fde3353bb39fa73c7a4cd4abae69f3086308d5170b82ca255dec2,1,207,1,209,1,332,0,-1
insertion,Calibrated recovery,11,96018,replan_1_ensemble,1,1,0.008097892446572285,0.0,a0c80b55bffed8152a84a30611c8a9e5cef978324fafc7538777610de3e035cf,54ec9e6c5f23cbc857e81017606e40d14e9297b23f87ae2fdddd074d73c280cd,1,206,1,207,1,350,1,350
insertion,Calibrated recovery,11,96018,replan_16,1,1,0.012543858960270882,0.0,a0c80b55bffed8152a84a30611c8a9e5cef978324fafc7538777610de3e035cf,e0383f6d683bc9818d40edc961aba4d3e4e5b520b9706cc8d42899fc83131b71,1,209,1,209,1,360,1,360
insertion,Calibrated recovery,11,96019,nominal,0,0,0.012775961309671402,0.0,a0c80b55bffed8152a84a30611c8a9e5cef978324fafc7538777610de3e035cf,4ae0f65630a84fadd594431d4bbf08e70db147e9d3d7a307ebf4bedbbeb7c709,1,229,1,232,0,-1,0,-1
insertion,Calibrated recovery,11,96019,observation_noise,1,0,0.013694255612790585,0.009520947355777026,a0c80b55bffed8152a84a30611c8a9e5cef978324fafc7538777610de3e035cf,c0f6dcd11e253be2e82948d5bb6b3fe0e32cfc59f4c214fd0f2ee20c3b2231f5,1,213,1,218,1,368,1,368
insertion,Calibrated recovery,11,96019,noise_joints,1,1,0.012853818945586681,0.003600595942698419,a0c80b55bffed8152a84a30611c8a9e5cef978324fafc7538777610de3e035cf,886eeac73a8a55c4525d6eebc011b0fa8ec4bcdab558592631678a0223012006,1,226,1,226,1,387,1,387
insertion,Calibrated recovery,11,96019,noise_objects,1,0,0.013291931711137295,0.008345260634087026,a0c80b55bffed8152a84a30611c8a9e5cef978324fafc7538777610de3e035cf,aead61af9b77048f7bfe2241dc719e217bc2e5f7163ad2b2ff6615a247451b66,1,217,1,218,1,370,1,370
insertion,Calibrated recovery,11,96019,noise_low_support,0,0,0.012775961309671402,0.0,a0c80b55bffed8152a84a30611c8a9e5cef978324fafc7538777610de3e035cf,2bf2fb87b989b0d665d0c2906fab6f0c23140f348fae7a977c98d5f6b514ebc5,1,229,1,232,0,-1,0,-1
insertion,Calibrated recovery,11,96019,noise_supported,1,0,0.013694255612790585,0.009520947355777026,a0c80b55bffed8152a84a30611c8a9e5cef978324fafc7538777610de3e035cf,c0f6dcd11e253be2e82948d5bb6b3fe0e32cfc59f4c214fd0f2ee20c3b2231f5,1,213,1,218,1,368,1,368
insertion,Calibrated recovery,11,96019,replan_1,0,0,0.004394394811242819,0.0,a0c80b55bffed8152a84a30611c8a9e5cef978324fafc7538777610de3e035cf,ab8bb58a6de57684313a8cfaabf0439c20ec0021438381613f3cb82984b4d131,0,-1,0,-1,0,-1,0,-1
insertion,Calibrated recovery,11,96019,replan_1_ensemble,1,1,0.00785527881167967,0.0,a0c80b55bffed8152a84a30611c8a9e5cef978324fafc7538777610de3e035cf,9a524c6ae5008059e73b6a20993b4e78ccce2ac508c8a1c4db8386f2c6bbfd30,1,232,1,232,1,398,1,398
insertion,Calibrated recovery,11,96019,replan_16,1,1,0.01279965229332447,0.0,a0c80b55bffed8152a84a30611c8a9e5cef978324fafc7538777610de3e035cf,5cc3fdf3928e16493adc9363c60f8c565fe2fdc38a435d5a4b1ea0df9449fcf1,1,233,1,233,1,394,1,394
insertion,Calibrated recovery,23,96000,nominal,0,0,0.014243941754102707,0.0,5ea2ef22a0beaac38014c66b308dd228766799010f1a88372569807b50cfd6a3,11b269af91d802151f50894906e6105afb15ef1518079c8ac873b60819a69a6a,1,212,1,215,1,322,0,-1
insertion,Calibrated recovery,23,96000,observation_noise,0,0,0.015321738086640835,0.009403029354289175,5ea2ef22a0beaac38014c66b308dd228766799010f1a88372569807b50cfd6a3,8fe775eb3a82b276cdf93daba8fef828041f6a2901dc1f123965818a5ed218a4,1,206,1,212,1,328,0,-1
insertion,Calibrated recovery,23,96000,noise_joints,0,0,0.014466291293501854,0.0038462545350193976,5ea2ef22a0beaac38014c66b308dd228766799010f1a88372569807b50cfd6a3,6eb325828db531d7187abdce688878a211c80d356c3d8dd9b537b447a5b145ec,1,209,1,212,1,312,0,-1
insertion,Calibrated recovery,23,96000,noise_objects,0,0,0.015324694104492664,0.008582218284718692,5ea2ef22a0beaac38014c66b308dd228766799010f1a88372569807b50cfd6a3,28be8271ffc877184ddf073360c1783da5f0a2dce7e9d2fa7f676cb38c8bd3c9,1,200,1,216,1,327,0,-1
insertion,Calibrated recovery,23,96000,noise_low_support,0,0,0.014243941754102707,0.0,5ea2ef22a0beaac38014c66b308dd228766799010f1a88372569807b50cfd6a3,900fee054d6bbfbaed662be92aa99129177a9a432d0075dbdcee15a4b90eaf6f,1,212,1,215,1,322,0,-1
insertion,Calibrated recovery,23,96000,noise_supported,0,0,0.015321738086640835,0.009403029354289175,5ea2ef22a0beaac38014c66b308dd228766799010f1a88372569807b50cfd6a3,8fe775eb3a82b276cdf93daba8fef828041f6a2901dc1f123965818a5ed218a4,1,206,1,212,1,328,0,-1
insertion,Calibrated recovery,23,96000,replan_1,1,1,0.0069599696435034275,0.0,5ea2ef22a0beaac38014c66b308dd228766799010f1a88372569807b50cfd6a3,697a7192c807177a61aa402fbb95265b3c20d0b8a39a15b5af0b4e0716a85125,1,210,1,211,1,334,1,334
insertion,Calibrated recovery,23,96000,replan_1_ensemble,0,0,0.00823819250833556,0.0,5ea2ef22a0beaac38014c66b308dd228766799010f1a88372569807b50cfd6a3,4908160f638181572515f7ce30ccb77244d88b536f5f07a62ed9a4fdc6c04eee,1,205,1,212,1,315,0,-1
insertion,Calibrated recovery,23,96000,replan_16,0,0,0.014615863561630249,0.0,5ea2ef22a0beaac38014c66b308dd228766799010f1a88372569807b50cfd6a3,79f01989637e6f5c1ec7f8ff7f551684f579ea68767eb0af732bdce90ab76255,1,209,1,209,1,320,0,-1
insertion,Calibrated recovery,23,96001,nominal,0,0,0.022435374557971954,0.0,5ea2ef22a0beaac38014c66b308dd228766799010f1a88372569807b50cfd6a3,b3bca52ba2964a21ec32acc85198e8a2669d7c931dafdc8f0c554770d7496529,1,208,1,208,0,-1,0,-1
insertion,Calibrated recovery,23,96001,observation_noise,0,0,0.054819658398628235,0.006702529823669466,5ea2ef22a0beaac38014c66b308dd228766799010f1a88372569807b50cfd6a3,0c3fef4be8b78d807be688b413e1b2c4171ffc1b534dd805e43f4cd7303b8219,0,-1,0,-1,0,-1,0,-1
insertion,Calibrated recovery,23,96001,noise_joints,0,0,0.018320422619581223,0.003840327491052449,5ea2ef22a0beaac38014c66b308dd228766799010f1a88372569807b50cfd6a3,f57f9b613ae054d1e4108b0d7828e02bf66a7e9f435750d7116c33241fe67d55,1,208,1,212,1,297,0,-1
insertion,Calibrated recovery,23,96001,noise_objects,0,0,0.021725544705986977,0.008413060982711613,5ea2ef22a0beaac38014c66b308dd228766799010f1a88372569807b50cfd6a3,f57d6d36dd4f1334f401c9d0166f62675dc234e7dc66a9df1477a876d423f1d2,1,207,1,212,1,280,0,-1
insertion,Calibrated recovery,23,96001,noise_low_support,0,0,0.022435374557971954,0.0,5ea2ef22a0beaac38014c66b308dd228766799010f1a88372569807b50cfd6a3,f6a657abc9adb111e5229e60cd93c7aa0563fa685627d194c84e41b55b2c7fa0,1,208,1,208,0,-1,0,-1
insertion,Calibrated recovery,23,96001,noise_supported,0,0,0.054819658398628235,0.006702529823669466,5ea2ef22a0beaac38014c66b308dd228766799010f1a88372569807b50cfd6a3,0c3fef4be8b78d807be688b413e1b2c4171ffc1b534dd805e43f4cd7303b8219,0,-1,0,-1,0,-1,0,-1
insertion,Calibrated recovery,23,96001,replan_1,0,0,0.010549955070018768,0.0,5ea2ef22a0beaac38014c66b308dd228766799010f1a88372569807b50cfd6a3,1f7a2a7ed0ee3d959dddecbfbbd2ae60947dfb347e1a5a5e76b5c930e9e900d0,1,209,1,212,0,-1,0,-1
insertion,Calibrated recovery,23,96001,replan_1_ensemble,0,0,0.008509841605764968,0.0,5ea2ef22a0beaac38014c66b308dd228766799010f1a88372569807b50cfd6a3,2dd8fa742b925d8234df4476629636ccdce0a4a61b2f6bc804cfd826dfff542c,1,209,1,209,1,275,0,-1
insertion,Calibrated recovery,23,96001,replan_16,1,0,0.014532763510942459,0.0,5ea2ef22a0beaac38014c66b308dd228766799010f1a88372569807b50cfd6a3,e221ab7469822f8b6656e56d09057eaa4a2386c8d4c43863c9a6ad71d831173f,1,209,1,218,1,304,1,304
insertion,Calibrated recovery,23,96002,nominal,0,0,0.017535002902150154,0.0,5ea2ef22a0beaac38014c66b308dd228766799010f1a88372569807b50cfd6a3,e920fd57651a0d383394374e2c9b09b2898b84803f800973327c5ade570b243a,1,205,1,213,1,295,0,-1
insertion,Calibrated recovery,23,96002,observation_noise,0,0,0.03140220418572426,0.010225469758734108,5ea2ef22a0beaac38014c66b308dd228766799010f1a88372569807b50cfd6a3,009e962412fee51608ec734797fb8267fb56554aa15542f87516b0a644b327a8,1,214,1,221,0,-1,0,-1
insertion,Calibrated recovery,23,96002,noise_joints,0,0,0.020418306812644005,0.004239518466638401,5ea2ef22a0beaac38014c66b308dd228766799010f1a88372569807b50cfd6a3,154d99e4981b0e5622679110153e0b3adcfbf237184f95cdefe7616c176859fa,1,213,1,217,0,-1,0,-1
insertion,Calibrated recovery,23,96002,noise_objects,0,0,0.022510310634970665,0.008991200341843069,5ea2ef22a0beaac38014c66b308dd228766799010f1a88372569807b50cfd6a3,27ab1c3c1dbc444628552515a8b6d2360ef54f0e522cdfb8ec8066d3965e58c9,1,213,1,223,0,-1,0,-1
insertion,Calibrated recovery,23,96002,noise_low_support,0,0,0.017535002902150154,0.0,5ea2ef22a0beaac38014c66b308dd228766799010f1a88372569807b50cfd6a3,cc01b3a6ea0cf359cbee0cad96e5c31acf61afcc63ed0d57b00a53b5879ea12a,1,205,1,213,1,295,0,-1
insertion,Calibrated recovery,23,96002,noise_supported,0,0,0.03140220418572426,0.010225469758734108,5ea2ef22a0beaac38014c66b308dd228766799010f1a88372569807b50cfd6a3,009e962412fee51608ec734797fb8267fb56554aa15542f87516b0a644b327a8,1,214,1,221,0,-1,0,-1
insertion,Calibrated recovery,23,96002,replan_1,0,0,0.004399983678013086,0.0,5ea2ef22a0beaac38014c66b308dd228766799010f1a88372569807b50cfd6a3,39906938d2cc9430b990452516835780723aef9dd5929ae212d636f948844910,0,-1,0,-1,0,-1,0,-1
insertion,Calibrated recovery,23,96002,replan_1_ensemble,0,0,0.008220067537937553,0.0,5ea2ef22a0beaac38014c66b308dd228766799010f1a88372569807b50cfd6a3,915467d4b18e9e40fb3d4ed69438bc9a315d04b48166deddc01d5a80523d4397,1,204,1,221,1,290,0,-1
insertion,Calibrated recovery,23,96002,replan_16,0,0,0.015316867269575596,0.0,5ea2ef22a0beaac38014c66b308dd228766799010f1a88372569807b50cfd6a3,3e6fbb0fc03d30bf8fdcafc94e88e446fbebe8210804a591a5045ac268c61742,1,206,1,217,1,313,0,-1
insertion,Calibrated recovery,23,96003,nominal,0,0,0.013117573224008083,0.0,5ea2ef22a0beaac38014c66b308dd228766799010f1a88372569807b50cfd6a3,041f34e509a58d6ee73ccffd92e6327deb09734747c313bbd6f021c9425ca6b7,1,199,1,214,1,346,0,-1
insertion,Calibrated recovery,23,96003,observation_noise,0,0,0.033081624656915665,0.009952611783519387,5ea2ef22a0beaac38014c66b308dd228766799010f1a88372569807b50cfd6a3,b34ba43ba811a2abe93b931f68227fa69b50f533e73e0f0e6611914a6939fe0a,1,189,0,-1,0,-1,0,-1
insertion,Calibrated recovery,23,96003,noise_joints,0,0,0.013484147377312183,0.004157709586434066,5ea2ef22a0beaac38014c66b308dd228766799010f1a88372569807b50cfd6a3,2ac993bed87b9f17ed386d5bab1b476797dcb0d9fcdf37696f1ee03cf65faced,1,200,1,214,1,347,0,-1
insertion,Calibrated recovery,23,96003,noise_objects,0,0,0.015889624133706093,0.00969266979256645,5ea2ef22a0beaac38014c66b308dd228766799010f1a88372569807b50cfd6a3,ee4bc735af16c7b8af46e1ab10eb74ed40099a522c94bd6d590e0734be1ada2c,1,190,1,214,1,323,0,-1
insertion,Calibrated recovery,23,96003,noise_low_support,0,0,0.013117573224008083,0.0,5ea2ef22a0beaac38014c66b308dd228766799010f1a88372569807b50cfd6a3,8563e31d5de65c15cdb59c87d03a3f8bb6b44c36f03feb130a8c3b20606da967,1,199,1,214,1,346,0,-1
insertion,Calibrated recovery,23,96003,noise_supported,0,0,0.033081624656915665,0.009952611783519387,5ea2ef22a0beaac38014c66b308dd228766799010f1a88372569807b50cfd6a3,b34ba43ba811a2abe93b931f68227fa69b50f533e73e0f0e6611914a6939fe0a,1,189,0,-1,0,-1,0,-1
insertion,Calibrated recovery,23,96003,replan_1,0,0,0.005010428838431835,0.0,5ea2ef22a0beaac38014c66b308dd228766799010f1a88372569807b50cfd6a3,2213e2d93c65c222163399c8a6fa6b754af89925898c27f18e6438fb34332e6b,0,-1,0,-1,0,-1,0,-1
insertion,Calibrated recovery,23,96003,replan_1_ensemble,0,0,0.008466482926348252,0.0,5ea2ef22a0beaac38014c66b308dd228766799010f1a88372569807b50cfd6a3,bb95620d54ed4626f8cf7b70afd745b8bfe230fae4c93197646fa953ed3b4172,1,196,1,214,1,353,0,-1
insertion,Calibrated recovery,23,96003,replan_16,0,0,0.013188912533223629,0.0,5ea2ef22a0beaac38014c66b308dd228766799010f1a88372569807b50cfd6a3,fb2cd100db7623c6d32673c065ad345c344044ad64de4ca3c2874e2f735b51df,1,195,1,214,1,346,0,-1
insertion,Calibrated recovery,23,96004,nominal,1,1,0.014043795876204967,0.0,5ea2ef22a0beaac38014c66b308dd228766799010f1a88372569807b50cfd6a3,e4c312b9d4a1bc0d782cd5d8e1142799fb5020e73a9528b161693999902cbade,1,214,1,219,1,355,1,355
insertion,Calibrated recovery,23,96004,observation_noise,0,0,0.024715041741728783,0.010112749147228896,5ea2ef22a0beaac38014c66b308dd228766799010f1a88372569807b50cfd6a3,2e8017f4c03003d156690df14cc0646e3932a8f25394044e0643a45095c1a22d,1,213,1,217,0,-1,0,-1
insertion,Calibrated recovery,23,96004,noise_joints,1,1,0.014578135684132576,0.003660150815267116,5ea2ef22a0beaac38014c66b308dd228766799010f1a88372569807b50cfd6a3,329fd928661d26b2d576872b08a5d0fa747cb579ddd7ad535b657b352181d41f,1,217,1,219,1,344,1,344
insertion,Calibrated recovery,23,96004,noise_objects,0,0,0.021826867014169693,0.00939526635222137,5ea2ef22a0beaac38014c66b308dd228766799010f1a88372569807b50cfd6a3,bec21a20d572330681bf05d3e6463cd45502ef2f88a431ef62d32ed279ceed54,1,214,1,217,0,-1,0,-1
insertion,Calibrated recovery,23,96004,noise_low_support,1,1,0.014043795876204967,0.0,5ea2ef22a0beaac38014c66b308dd228766799010f1a88372569807b50cfd6a3,29f87eb168aee1cabb6589a3f69a2314ab777be520508a833c0ae78a2504af5c,1,214,1,219,1,355,1,355
insertion,Calibrated recovery,23,96004,noise_supported,0,0,0.024715041741728783,0.010112749147228896,5ea2ef22a0beaac38014c66b308dd228766799010f1a88372569807b50cfd6a3,2e8017f4c03003d156690df14cc0646e3932a8f25394044e0643a45095c1a22d,1,213,1,217,0,-1,0,-1
insertion,Calibrated recovery,23,96004,replan_1,0,0,0.0051067182794213295,0.0,5ea2ef22a0beaac38014c66b308dd228766799010f1a88372569807b50cfd6a3,1a8529f27b26bde8082a4555baf22a81f246d2e4cd2dfb6ec69a733c7920fa68,0,-1,0,-1,0,-1,0,-1
insertion,Calibrated recovery,23,96004,replan_1_ensemble,1,1,0.007797571093161419,0.0,5ea2ef22a0beaac38014c66b308dd228766799010f1a88372569807b50cfd6a3,c7e9eb37a7ec650473683f8b06c2841f5cd9779818171ee9b9263b3a79a08fb2,1,218,1,219,1,346,1,346
insertion,Calibrated recovery,23,96004,replan_16,0,0,0.013896807096898556,0.0,5ea2ef22a0beaac38014c66b308dd228766799010f1a88372569807b50cfd6a3,41056a138b3ada5ccba4d8b3491a0aadf713674171bc26ce18f7c809b594a26d,1,214,1,218,1,327,0,-1
insertion,Calibrated recovery,23,96005,nominal,0,0,0.05873923748731613,0.0,5ea2ef22a0beaac38014c66b308dd228766799010f1a88372569807b50cfd6a3,95cf427923d28283683aed914b6307280f071b9f7227097912da9e79a78e5bd9,0,-1,0,-1,0,-1,0,-1
insertion,Calibrated recovery,23,96005,observation_noise,0,0,0.01643838733434677,0.008884383416734636,5ea2ef22a0beaac38014c66b308dd228766799010f1a88372569807b50cfd6a3,e7301e04b48b197841acf38f3a2722fa42f008b6dabf8a0b995cd2ed861fdf27,1,215,1,216,1,326,0,-1
insertion,Calibrated recovery,23,96005,noise_joints,0,0,0.05281386896967888,0.002657639549470332,5ea2ef22a0beaac38014c66b308dd228766799010f1a88372569807b50cfd6a3,8e93842df74f8858f004fdad8886c2f20a69f88b2b24f51c542ce3677322de69,0,-1,0,-1,0,-1,0,-1
insertion,Calibrated recovery,23,96005,noise_objects,0,0,0.015252663753926754,0.00785334913060069,5ea2ef22a0beaac38014c66b308dd228766799010f1a88372569807b50cfd6a3,a30c0ba7be3bad409350420ae1bb280659f85c9fe9b55fa2223a1cab381690e3,1,213,1,217,1,322,0,-1
insertion,Calibrated recovery,23,96005,noise_low_support,0,0,0.05873923748731613,0.0,5ea2ef22a0beaac38014c66b308dd228766799010f1a88372569807b50cfd6a3,1917625fd0548e3320429655528a7b196bac0fa67fb381cb98d59e6195ea476e,0,-1,0,-1,0,-1,0,-1
insertion,Calibrated recovery,23,96005,noise_supported,0,0,0.01643838733434677,0.008884383416734636,5ea2ef22a0beaac38014c66b308dd228766799010f1a88372569807b50cfd6a3,e7301e04b48b197841acf38f3a2722fa42f008b6dabf8a0b995cd2ed861fdf27,1,215,1,216,1,326,0,-1
insertion,Calibrated recovery,23,96005,replan_1,0,0,0.00940022710710764,0.0,5ea2ef22a0beaac38014c66b308dd228766799010f1a88372569807b50cfd6a3,fc585586696b6530caefe252fd89157679c43f8e14153b47e1c63c0fdb2be2a9,1,216,1,217,1,264,0,-1
insertion,Calibrated recovery,23,96005,replan_1_ensemble,0,0,0.00860147688077548,0.0,5ea2ef22a0beaac38014c66b308dd228766799010f1a88372569807b50cfd6a3,2204559fa208413258d8696fcff70ce19e99e0b54169deb5b655599439c7fdcb,1,216,1,216,1,275,0,-1
insertion,Calibrated recovery,23,96005,replan_16,0,0,0.055257268249988556,0.0,5ea2ef22a0beaac38014c66b308dd228766799010f1a88372569807b50cfd6a3,dbb1974ec6f6d07c2534c1a67449658c537dbf9e1291034eb710d1f171859193,0,-1,0,-1,0,-1,0,-1
insertion,Calibrated recovery,23,96006,nominal,0,0,0.015229188837110996,0.0,5ea2ef22a0beaac38014c66b308dd228766799010f1a88372569807b50cfd6a3,36bb28bca3c7dd2402cade11ff8e03feb6e643a84df06ac45ea49a9b03d96f8f,1,215,1,217,1,275,0,-1
insertion,Calibrated recovery,23,96006,observation_noise,1,1,0.015143124386668205,0.010983411320485175,5ea2ef22a0beaac38014c66b308dd228766799010f1a88372569807b50cfd6a3,da2ec266c158ba41bb247a811776ded3c0354f02a51b12b5362dadf96a40ed54,1,217,1,217,1,370,1,370
insertion,Calibrated recovery,23,96006,noise_joints,1,1,0.01503252238035202,0.003983102347701788,5ea2ef22a0beaac38014c66b308dd228766799010f1a88372569807b50cfd6a3,a65f0e0164f182b594576226faf330d7105e6842f36f4377b2ea12bdac97756d,1,213,1,217,1,289,1,336
insertion,Calibrated recovery,23,96006,noise_objects,1,1,0.015160699374973774,0.009322078044060617,5ea2ef22a0beaac38014c66b308dd228766799010f1a88372569807b50cfd6a3,5b69361454e2a29a49d70b461c872f613eef052f45225039e322da14f5f52154,1,224,1,226,1,366,1,366
insertion,Calibrated recovery,23,96006,noise_low_support,0,0,0.015229188837110996,0.0,5ea2ef22a0beaac38014c66b308dd228766799010f1a88372569807b50cfd6a3,95a175e8cdae2ceb57b85f6bd35615dac9af072d15f0775b474c4595b07495a0,1,215,1,217,1,275,0,-1
insertion,Calibrated recovery,23,96006,noise_supported,1,1,0.015143124386668205,0.010983411320485175,5ea2ef22a0beaac38014c66b308dd228766799010f1a88372569807b50cfd6a3,da2ec266c158ba41bb247a811776ded3c0354f02a51b12b5362dadf96a40ed54,1,217,1,217,1,370,1,370
insertion,Calibrated recovery,23,96006,replan_1,0,0,0.0047979955561459064,0.0,5ea2ef22a0beaac38014c66b308dd228766799010f1a88372569807b50cfd6a3,1664daa7946012c3b6014b7f2da4c1de704f3806d3ad33d125ffdd1f0d3d6a46,0,-1,0,-1,0,-1,0,-1
insertion,Calibrated recovery,23,96006,replan_1_ensemble,0,0,0.008101036739889178,0.0,5ea2ef22a0beaac38014c66b308dd228766799010f1a88372569807b50cfd6a3,81be73f6d325f5a848c7778890b3684cee810758b3e7abece064d3ae149590f1,1,216,1,218,1,330,0,-1
insertion,Calibrated recovery,23,96006,replan_16,1,1,0.014217058196663857,0.0,5ea2ef22a0beaac38014c66b308dd228766799010f1a88372569807b50cfd6a3,853d7a2d6cc872d5244573fae53a1a85e2fd4ad80c3424d8ac96bd7f1f4c8f94,1,211,1,219,1,359,1,359
insertion,Calibrated recovery,23,96007,nominal,1,1,0.013271252624690533,0.0,5ea2ef22a0beaac38014c66b308dd228766799010f1a88372569807b50cfd6a3,e38d7ef2410f81a3d6ecd020186fb3739784dc1628c676107982836a8aa24722,1,210,1,213,1,351,1,351
insertion,Calibrated recovery,23,96007,observation_noise,1,1,0.014228845946490765,0.010176403031218797,5ea2ef22a0beaac38014c66b308dd228766799010f1a88372569807b50cfd6a3,3d767d737834a4581bd7b1163fcfc588c5964f6a0c15c91200ea3d878cd81739,1,209,1,209,1,353,1,353
insertion,Calibrated recovery,23,96007,noise_joints,1,1,0.013376940973103046,0.0038183213432785123,5ea2ef22a0beaac38014c66b308dd228766799010f1a88372569807b50cfd6a3,9a3b6a43b640b40282b9f6ea8fffb07584e77f0210d81cd5d347ab913bf8a255,1,208,1,212,1,354,1,354
insertion,Calibrated recovery,23,96007,noise_objects,1,1,0.014106836169958115,0.009888388928957284,5ea2ef22a0beaac38014c66b308dd228766799010f1a88372569807b50cfd6a3,4bcf1ae9fe893c5b9f3473ad10e4994339d56fb0bedee5817b4ea46c7752b907,1,210,1,213,1,353,1,353
insertion,Calibrated recovery,23,96007,noise_low_support,1,1,0.013271252624690533,0.0,5ea2ef22a0beaac38014c66b308dd228766799010f1a88372569807b50cfd6a3,21a74c000136691f5498fc57315d3cfe119b9a405593afc92d40d7775b2a4236,1,210,1,213,1,351,1,351
insertion,Calibrated recovery,23,96007,noise_supported,1,1,0.014228845946490765,0.010176403031218797,5ea2ef22a0beaac38014c66b308dd228766799010f1a88372569807b50cfd6a3,3d767d737834a4581bd7b1163fcfc588c5964f6a0c15c91200ea3d878cd81739,1,209,1,209,1,353,1,353
insertion,Calibrated recovery,23,96007,replan_1,1,1,0.0063078636303544044,0.0,5ea2ef22a0beaac38014c66b308dd228766799010f1a88372569807b50cfd6a3,73f4e7408ecc9e0b0aa2b5ee1f043b7614621c0a2e0c016a4866be04ddacf437,1,204,1,225,1,360,1,360
insertion,Calibrated recovery,23,96007,replan_1_ensemble,1,1,0.007952087795229006,0.0,5ea2ef22a0beaac38014c66b308dd228766799010f1a88372569807b50cfd6a3,6dfaa38bbd4099f64bde3f2bffaece3fc63a3393d3bfacb57cecf94e109cb12e,1,209,1,220,1,337,1,337
insertion,Calibrated recovery,23,96007,replan_16,1,1,0.013307403773069382,0.0,5ea2ef22a0beaac38014c66b308dd228766799010f1a88372569807b50cfd6a3,e36b95453fefd697bc48543b1ede1f9752155d26b5ca8aab9981bd71d0154faf,1,210,1,219,1,350,1,350
insertion,Calibrated recovery,23,96008,nominal,0,0,0.016466248780488968,0.0,5ea2ef22a0beaac38014c66b308dd228766799010f1a88372569807b50cfd6a3,1867321b7f34f6df07aff3d9d1add681cf954042f71c964d0164d62c8ff77018,1,213,1,220,1,301,0,-1
insertion,Calibrated recovery,23,96008,observation_noise,0,0,0.024202734231948853,0.010508684106171132,5ea2ef22a0beaac38014c66b308dd228766799010f1a88372569807b50cfd6a3,4c91c5ced0ac4b203da456fc4584979764a8e5d05fe612917326ca4514042dfe,1,212,1,220,0,-1,0,-1
insertion,Calibrated recovery,23,96008,noise_joints,0,0,0.01739429496228695,0.004322512248763815,5ea2ef22a0beaac38014c66b308dd228766799010f1a88372569807b50cfd6a3,ba59b6457a8d8bc1458f367eb09eb109b213e6387032ce0986a0157f5e563e87,1,217,1,221,1,300,0,-1
insertion,Calibrated recovery,23,96008,noise_objects,0,0,0.024087095633149147,0.009696601717732846,5ea2ef22a0beaac38014c66b308dd228766799010f1a88372569807b50cfd6a3,83057848a96a5c8d2a962b7897bff85908c2dbad026fd32575071d998fc7d161,1,211,1,211,1,317,0,-1
insertion,Calibrated recovery,23,96008,noise_low_support,0,0,0.016466248780488968,0.0,5ea2ef22a0beaac38014c66b308dd228766799010f1a88372569807b50cfd6a3,d17dc028de76cf370d76cbf764f8140c86c434540b122d44ec0742895bb4c192,1,213,1,220,1,301,0,-1
insertion,Calibrated recovery,23,96008,noise_supported,0,0,0.024202734231948853,0.010508684106171132,5ea2ef22a0beaac38014c66b308dd228766799010f1a88372569807b50cfd6a3,4c91c5ced0ac4b203da456fc4584979764a8e5d05fe612917326ca4514042dfe,1,212,1,220,0,-1,0,-1
insertion,Calibrated recovery,23,96008,replan_1,0,0,0.004489474464207888,0.0,5ea2ef22a0beaac38014c66b308dd228766799010f1a88372569807b50cfd6a3,8aad395dd8cf072add0b04100b5cea170e7121072394688583170baa6607d6b2,0,-1,0,-1,0,-1,0,-1
insertion,Calibrated recovery,23,96008,replan_1_ensemble,0,0,0.008247871324952109,0.0,5ea2ef22a0beaac38014c66b308dd228766799010f1a88372569807b50cfd6a3,c895f116a9d0f4bec6adb9746f9ce39a55a1340b2b25e917b18f13f1538bb5cb,1,219,1,227,1,293,0,-1
insertion,Calibrated recovery,23,96008,replan_16,0,0,0.01372181810438633,0.0,5ea2ef22a0beaac38014c66b308dd228766799010f1a88372569807b50cfd6a3,e4bc65f3b6661c2ec8cc9ec119ee1f2a126b46f871627ab08ad3eec0dc5060aa,1,212,1,219,1,314,0,-1
insertion,Calibrated recovery,23,96009,nominal,1,1,0.013933377340435982,0.0,5ea2ef22a0beaac38014c66b308dd228766799010f1a88372569807b50cfd6a3,d76ab3394b1d74715ca5a3e6a66ca1428938caf077b10a4f149ba425bae5e932,1,209,1,219,1,340,1,340
insertion,Calibrated recovery,23,96009,observation_noise,0,0,0.014790625311434269,0.009579805289395154,5ea2ef22a0beaac38014c66b308dd228766799010f1a88372569807b50cfd6a3,d7ce4f9d7017b6bf19d6740c65b810240929bb274ac84b330adff01269f987f3,1,209,1,214,1,359,0,-1
insertion,Calibrated recovery,23,96009,noise_joints,1,1,0.014143326319754124,0.0033512921258807182,5ea2ef22a0beaac38014c66b308dd228766799010f1a88372569807b50cfd6a3,dd3e75bb108ef48a824d19ec5973b592235445d9807e108dc9481339c6411013,1,211,1,217,1,353,1,353
insertion,Calibrated recovery,23,96009,noise_objects,0,0,0.014599448069930077,0.008654437942896038,5ea2ef22a0beaac38014c66b308dd228766799010f1a88372569807b50cfd6a3,f3fc8be8a604ddbf739f7446bd128c5c143b9a181a7b8aed0b10f0e22abdfa5c,1,209,1,212,1,337,0,-1
insertion,Calibrated recovery,23,96009,noise_low_support,1,1,0.013933377340435982,0.0,5ea2ef22a0beaac38014c66b308dd228766799010f1a88372569807b50cfd6a3,0a74d3f861a852cb0ee57e00dc2fc99e39bacf683220bb05f665cf934b363e05,1,209,1,219,1,340,1,340
insertion,Calibrated recovery,23,96009,noise_supported,0,0,0.014790625311434269,0.009579805289395154,5ea2ef22a0beaac38014c66b308dd228766799010f1a88372569807b50cfd6a3,d7ce4f9d7017b6bf19d6740c65b810240929bb274ac84b330adff01269f987f3,1,209,1,214,1,359,0,-1
insertion,Calibrated recovery,23,96009,replan_1,0,0,0.010915758088231087,0.0,5ea2ef22a0beaac38014c66b308dd228766799010f1a88372569807b50cfd6a3,e7ef2c0445a955af5582a9bce292ab1e9d6dc00e524c004025d1295f367fc8c8,1,210,1,210,0,-1,0,-1
insertion,Calibrated recovery,23,96009,replan_1_ensemble,0,0,0.008307726560400215,0.0,5ea2ef22a0beaac38014c66b308dd228766799010f1a88372569807b50cfd6a3,b0e3378820c856f961f692ec79420b2550496baadc6044f26ff50195116c238a,1,223,1,225,1,314,0,-1
insertion,Calibrated recovery,23,96009,replan_16,1,1,0.01346905343234539,0.0,5ea2ef22a0beaac38014c66b308dd228766799010f1a88372569807b50cfd6a3,26486b67adf6fad30956151a31028413633f30086e929c0b0a4db9f61f90cc3b,1,217,1,226,1,354,1,354
insertion,Calibrated recovery,23,96010,nominal,1,1,0.014619158580899239,0.0,5ea2ef22a0beaac38014c66b308dd228766799010f1a88372569807b50cfd6a3,eeb6434d3fe97768b706f5caf17e4238e2fd7e8abcac3d412bfc293f17940b7b,1,213,1,220,1,341,1,379
insertion,Calibrated recovery,23,96010,observation_noise,0,0,0.017730146646499634,0.010359748536720871,5ea2ef22a0beaac38014c66b308dd228766799010f1a88372569807b50cfd6a3,f7931c1790b0bdc03c0cca099be00ee9748c45448434ae252b5ef4df51935db9,1,213,1,216,1,293,0,-1
insertion,Calibrated recovery,23,96010,noise_joints,1,1,0.014937917701900005,0.003744205427356064,5ea2ef22a0beaac38014c66b308dd228766799010f1a88372569807b50cfd6a3,7c247bb80756c0cbc8378b7f2f4327f8df1eb09153babd0672790f18d1306117,1,213,1,220,1,331,1,349
insertion,Calibrated recovery,23,96010,noise_objects,0,0,0.019662564620375633,0.009178978381678462,5ea2ef22a0beaac38014c66b308dd228766799010f1a88372569807b50cfd6a3,cdaaadc5a686d67503837a724a82c1f728075b52c1b5fcc476a86fc9ffba99e2,1,211,1,213,1,298,0,-1
insertion,Calibrated recovery,23,96010,noise_low_support,1,1,0.014619158580899239,0.0,5ea2ef22a0beaac38014c66b308dd228766799010f1a88372569807b50cfd6a3,328350f16d0fe87329251de0744678cb74d88a378ba62ed892d84d90b6fe4eac,1,213,1,220,1,341,1,379
insertion,Calibrated recovery,23,96010,noise_supported,0,0,0.017730146646499634,0.010359748536720871,5ea2ef22a0beaac38014c66b308dd228766799010f1a88372569807b50cfd6a3,f7931c1790b0bdc03c0cca099be00ee9748c45448434ae252b5ef4df51935db9,1,213,1,216,1,293,0,-1
insertion,Calibrated recovery,23,96010,replan_1,0,0,0.0046111359260976315,0.0,5ea2ef22a0beaac38014c66b308dd228766799010f1a88372569807b50cfd6a3,3a22021db1cd8dd0308c02eafbca07565b884b6a97bb7b74180bb0b7aa478da0,0,-1,0,-1,0,-1,0,-1
insertion,Calibrated recovery,23,96010,replan_1_ensemble,0,0,0.00811797577838301,0.0,5ea2ef22a0beaac38014c66b308dd228766799010f1a88372569807b50cfd6a3,3f10befe51659c4a26b80e1369781221c19e39872c94b4e4eb76c43ec246ebdc,1,229,1,229,1,287,0,-1
insertion,Calibrated recovery,23,96010,replan_16,1,1,0.013872585259377956,0.0,5ea2ef22a0beaac38014c66b308dd228766799010f1a88372569807b50cfd6a3,a9d97c447b5df037b1dd1b05a4a2a8432158adee5f9f912c4fb3bf5e33748f1f,1,217,1,219,1,382,1,382
insertion,Calibrated recovery,23,96011,nominal,1,1,0.014235321432352066,0.0,5ea2ef22a0beaac38014c66b308dd228766799010f1a88372569807b50cfd6a3,1454e5e9b04e78ff59858178790934f3a57d61caa8ef0a4b84821da4592efbe9,1,216,1,223,1,379,1,379
insertion,Calibrated recovery,23,96011,observation_noise,0,0,0.015206984244287014,0.010145559553056955,5ea2ef22a0beaac38014c66b308dd228766799010f1a88372569807b50cfd6a3,e3c2f639c47f6ce6cfe6a8c631938b6a5864e461a82c11f003fb7e8ea8cafc4c,1,212,1,221,1,298,0,-1
insertion,Calibrated recovery,23,96011,noise_joints,0,0,0.014098028652369976,0.003582150583388284,5ea2ef22a0beaac38014c66b308dd228766799010f1a88372569807b50cfd6a3,96962ee51bf55f2aa6bedaef7bd174b2de8d294a7cf36cc51c696edc1bbabbab,1,217,1,217,0,-1,0,-1
insertion,Calibrated recovery,23,96011,noise_objects,0,0,0.017177360132336617,0.009250757382251323,5ea2ef22a0beaac38014c66b308dd228766799010f1a88372569807b50cfd6a3,febae03fbf068b4cdb06357716c5e0a2fbf92bde8a5f28a1b29bb31237864eb5,1,210,1,224,1,294,0,-1
insertion,Calibrated recovery,23,96011,noise_low_support,1,1,0.014235321432352066,0.0,5ea2ef22a0beaac38014c66b308dd228766799010f1a88372569807b50cfd6a3,bccff69e1292debeda546a430d7d5dda12c965ef1d2816572bc8f0b70d12eaad,1,216,1,223,1,379,1,379
insertion,Calibrated recovery,23,96011,noise_supported,0,0,0.015206984244287014,0.010145559553056955,5ea2ef22a0beaac38014c66b308dd228766799010f1a88372569807b50cfd6a3,e3c2f639c47f6ce6cfe6a8c631938b6a5864e461a82c11f003fb7e8ea8cafc4c,1,212,1,221,1,298,0,-1
insertion,Calibrated recovery,23,96011,replan_1,0,0,0.004587480332702398,0.0,5ea2ef22a0beaac38014c66b308dd228766799010f1a88372569807b50cfd6a3,9b8c9d67c2df09284b8de5fc96bfcad9538b5db2c0aba88014d99c5d8d6eeff4,0,-1,0,-1,0,-1,0,-1
insertion,Calibrated recovery,23,96011,replan_1_ensemble,0,0,0.007974869834412939,0.0,5ea2ef22a0beaac38014c66b308dd228766799010f1a88372569807b50cfd6a3,852eabf822d9d0793686a45610d611111abce698680b418cc8b03719e8b5a9cd,1,224,1,224,0,-1,0,-1
insertion,Calibrated recovery,23,96011,replan_16,1,1,0.013601193204522133,0.0,5ea2ef22a0beaac38014c66b308dd228766799010f1a88372569807b50cfd6a3,5c605f9e229bc99726a0226c777fd5d6ce00fe83b4acdc12b05afec7e9110a4c,1,212,1,212,1,380,1,380
insertion,Calibrated recovery,23,96012,nominal,1,1,0.012925434857606888,0.0,5ea2ef22a0beaac38014c66b308dd228766799010f1a88372569807b50cfd6a3,8edeaa9dab83a96df9603cb908c828ec72d7de3909bafa4761dd03cf10067a28,1,207,1,213,1,358,1,358
insertion,Calibrated recovery,23,96012,observation_noise,1,0,0.013994046486914158,0.009826004696078599,5ea2ef22a0beaac38014c66b308dd228766799010f1a88372569807b50cfd6a3,1bb72ef6c432834129fea9e65c0a27a5f643ff340819ccd18dc78626993f159e,1,210,1,214,1,363,1,363
insertion,Calibrated recovery,23,96012,noise_joints,1,1,0.01318712905049324,0.0038967603538185356,5ea2ef22a0beaac38014c66b308dd228766799010f1a88372569807b50cfd6a3,80811bbf761e52962cd3c7ee0b93f597d1ac40831e0d47fcfa5c08555ae761f1,1,206,1,214,1,357,1,357
insertion,Calibrated recovery,23,96012,noise_objects,1,0,0.013676491566002369,0.008966833823360503,5ea2ef22a0beaac38014c66b308dd228766799010f1a88372569807b50cfd6a3,b4e0af0ea432d0d5254166a16a9135f12fe6772a470a8447e67c8b36596b1c03,1,209,1,214,1,385,1,385
insertion,Calibrated recovery,23,96012,noise_low_support,1,1,0.012925434857606888,0.0,5ea2ef22a0beaac38014c66b308dd228766799010f1a88372569807b50cfd6a3,df596f086d5fa1af8cd08bf3bacb2b0d08dfec09fcd9b3ec78b2d53fd122d08b,1,207,1,213,1,358,1,358
insertion,Calibrated recovery,23,96012,noise_supported,1,0,0.013994046486914158,0.009826004696078599,5ea2ef22a0beaac38014c66b308dd228766799010f1a88372569807b50cfd6a3,1bb72ef6c432834129fea9e65c0a27a5f643ff340819ccd18dc78626993f159e,1,210,1,214,1,363,1,363
insertion,Calibrated recovery,23,96012,replan_1,1,1,0.006437343079596758,0.0,5ea2ef22a0beaac38014c66b308dd228766799010f1a88372569807b50cfd6a3,c6cd386bdcaafdfb84725035dc83fe5a66b6d7d38b46f081fcef373617e1acfe,1,208,1,213,1,379,1,379
insertion,Calibrated recovery,23,96012,replan_1_ensemble,1,1,0.007941150483229444,0.0,5ea2ef22a0beaac38014c66b308dd228766799010f1a88372569807b50cfd6a3,da4e09b90b5663e63fe1c4844640469fff0d6084a3d539dc3a1cb817a26c3dfc,1,208,1,217,1,346,1,346
insertion,Calibrated recovery,23,96012,replan_16,1,1,0.01281337533146143,0.0,5ea2ef22a0beaac38014c66b308dd228766799010f1a88372569807b50cfd6a3,3f317f61d6e2520ea28c093fc254a2ca55c6a3191846aa82853b3ee5a55ac42d,1,210,1,214,1,365,1,365
insertion,Calibrated recovery,23,96013,nominal,0,0,0.013914179056882858,0.0,5ea2ef22a0beaac38014c66b308dd228766799010f1a88372569807b50cfd6a3,b999f895ff289dfcc43845eb78bafbce70238e9321ead136640f88f3e0ad091e,1,208,1,212,1,328,0,-1
insertion,Calibrated recovery,23,96013,observation_noise,0,0,0.023208070546388626,0.010717998901382088,5ea2ef22a0beaac38014c66b308dd228766799010f1a88372569807b50cfd6a3,bc28094755b76dff120e48c804dc3be5eb0721829a87e47468c478bde376f717,1,213,1,214,0,-1,0,-1
insertion,Calibrated recovery,23,96013,noise_joints,0,0,0.023244095966219902,0.003899842242244631,5ea2ef22a0beaac38014c66b308dd228766799010f1a88372569807b50cfd6a3,29659cdb0af232b89cd5422261ee078e96e72745e3d3d791028acf89c7116af1,1,207,1,214,0,-1,0,-1
insertion,Calibrated recovery,23,96013,noise_objects,0,0,0.01784302294254303,0.009592832326889037,5ea2ef22a0beaac38014c66b308dd228766799010f1a88372569807b50cfd6a3,e6b8305a9078b7047fd3a0f3e0a1001bbf3239591b7533262d4d3301e5659f86,1,212,1,214,0,-1,0,-1
insertion,Calibrated recovery,23,96013,noise_low_support,0,0,0.013914179056882858,0.0,5ea2ef22a0beaac38014c66b308dd228766799010f1a88372569807b50cfd6a3,10b0edf86d4c856ec1a31c51c9c26651b31ee5443cf73a308af7433ae1ca93ac,1,208,1,212,1,328,0,-1
insertion,Calibrated recovery,23,96013,noise_supported,0,0,0.023208070546388626,0.010717998901382088,5ea2ef22a0beaac38014c66b308dd228766799010f1a88372569807b50cfd6a3,bc28094755b76dff120e48c804dc3be5eb0721829a87e47468c478bde376f717,1,213,1,214,0,-1,0,-1
insertion,Calibrated recovery,23,96013,replan_1,1,1,0.007990464568138123,0.0,5ea2ef22a0beaac38014c66b308dd228766799010f1a88372569807b50cfd6a3,e957630166df0a1efcf070a6ad5c34cc6ad3207e5c8967de287db02ed316a06f,1,217,1,217,1,276,1,356
insertion,Calibrated recovery,23,96013,replan_1_ensemble,1,1,0.00789679161858793,0.0,5ea2ef22a0beaac38014c66b308dd228766799010f1a88372569807b50cfd6a3,56187e068b1367a8662d8398413c4436bfd3dd445f507103cb6f929758b12c45,1,206,1,211,1,350,1,350
insertion,Calibrated recovery,23,96013,replan_16,1,1,0.012322250753641129,0.0,5ea2ef22a0beaac38014c66b308dd228766799010f1a88372569807b50cfd6a3,72ca7a6e88e0d5a59ae95e8116f38061bdce1907cf09e349d254d96c34943cc8,1,211,1,214,1,345,1,345
insertion,Calibrated recovery,23,96014,nominal,0,0,0.017954597249627113,0.0,5ea2ef22a0beaac38014c66b308dd228766799010f1a88372569807b50cfd6a3,63e810630ac15742891fc27f651876a393733b4407a2bd48da40a16589226ce9,1,208,1,214,0,-1,0,-1
insertion,Calibrated recovery,23,96014,observation_noise,1,0,0.014144357293844223,0.010430228100158274,5ea2ef22a0beaac38014c66b308dd228766799010f1a88372569807b50cfd6a3,8283fbab18bcf8897dbad1cf4b6c32e54504f937a4c076abdd2a273a3d9b10ff,1,208,1,210,1,338,1,340
insertion,Calibrated recovery,23,96014,noise_joints,1,1,0.012873472645878792,0.003432906776433811,5ea2ef22a0beaac38014c66b308dd228766799010f1a88372569807b50cfd6a3,7576b5b7db2257576dcad09716676486b7e957a7c36eec29eceedc222ede6946,1,210,1,211,1,356,1,356
insertion,Calibrated recovery,23,96014,noise_objects,0,0,0.0205752644687891,0.009483032706193627,5ea2ef22a0beaac38014c66b308dd228766799010f1a88372569807b50cfd6a3,90466c0f3dea1cbddc18cff74eeebfa060340dd0dace19ba7b8e54700c58e50f,1,206,1,210,0,-1,0,-1
insertion,Calibrated recovery,23,96014,noise_low_support,0,0,0.017954597249627113,0.0,5ea2ef22a0beaac38014c66b308dd228766799010f1a88372569807b50cfd6a3,a76856353c59a98b847dfb7c7ffc769760ac91b6ad9763ac882335b711334801,1,208,1,214,0,-1,0,-1
insertion,Calibrated recovery,23,96014,noise_supported,1,0,0.014144357293844223,0.010430228100158274,5ea2ef22a0beaac38014c66b308dd228766799010f1a88372569807b50cfd6a3,8283fbab18bcf8897dbad1cf4b6c32e54504f937a4c076abdd2a273a3d9b10ff,1,208,1,210,1,338,1,340
insertion,Calibrated recovery,23,96014,replan_1,1,1,0.006473332643508911,0.0,5ea2ef22a0beaac38014c66b308dd228766799010f1a88372569807b50cfd6a3,24830e1e1df15bc39193d86b89481a07b087ac1b8ab8e7a438c29f64f46e96fe,1,220,1,220,1,349,1,349
insertion,Calibrated recovery,23,96014,replan_1_ensemble,1,1,0.007765951784290651,0.0,5ea2ef22a0beaac38014c66b308dd228766799010f1a88372569807b50cfd6a3,77e8aab7fe06657a1193fb4df19b2bee114947a995ac962d5e6649bdd4aacaf6,1,208,1,211,1,356,1,356
insertion,Calibrated recovery,23,96014,replan_16,1,1,0.012295377440750599,0.0,5ea2ef22a0beaac38014c66b308dd228766799010f1a88372569807b50cfd6a3,74aec3b519b8130984bf8f4f47f22d7dda545b374d0b14581e477cc01ba889ca,1,210,1,214,1,351,1,351
insertion,Calibrated recovery,23,96015,nominal,0,0,0.013783720321953297,0.0,5ea2ef22a0beaac38014c66b308dd228766799010f1a88372569807b50cfd6a3,ca4ef0fa19e2c53de3a4fb237d4ff7cbec14bcfbad3bf7688e00d5efa62bd98b,1,226,1,226,1,328,0,-1
insertion,Calibrated recovery,23,96015,observation_noise,1,1,0.014482521452009678,0.010073773879557848,5ea2ef22a0beaac38014c66b308dd228766799010f1a88372569807b50cfd6a3,6d9eb0b83633dc3fc7014f9c2ec44a2cec7b262993bd04c21cbfc6df9ba899f2,1,217,1,219,1,363,1,363
insertion,Calibrated recovery,23,96015,noise_joints,1,1,0.01396920159459114,0.0034806911344639957,5ea2ef22a0beaac38014c66b308dd228766799010f1a88372569807b50cfd6a3,3daa00d79b31a42e26304dce45ce7315e4c496d56d53999073773c4ffd04ab98,1,226,1,231,1,347,1,347
insertion,Calibrated recovery,23,96015,noise_objects,0,0,0.014321509748697281,0.009326785122975707,5ea2ef22a0beaac38014c66b308dd228766799010f1a88372569807b50cfd6a3,a2f6327cfd5ad7fbee7b81a4a6a4e25e63d517bfc8895cf0a0cd003b96edf787,1,220,1,224,1,367,0,-1
insertion,Calibrated recovery,23,96015,noise_low_support,0,0,0.013783720321953297,0.0,5ea2ef22a0beaac38014c66b308dd228766799010f1a88372569807b50cfd6a3,16dfb8ba33df49150df88b78356a3c258d4a509d535180a35b279f7801a4abfb,1,226,1,226,1,328,0,-1
insertion,Calibrated recovery,23,96015,noise_supported,1,1,0.014482521452009678,0.010073773879557848,5ea2ef22a0beaac38014c66b308dd228766799010f1a88372569807b50cfd6a3,6d9eb0b83633dc3fc7014f9c2ec44a2cec7b262993bd04c21cbfc6df9ba899f2,1,217,1,219,1,363,1,363
insertion,Calibrated recovery,23,96015,replan_1,0,0,0.008215018548071384,0.0,5ea2ef22a0beaac38014c66b308dd228766799010f1a88372569807b50cfd6a3,18c5c50b699ac74ed2419462e0461bac1e6f04ce467e1cb3a22a389ceb73bb38,1,215,1,218,1,285,0,-1
insertion,Calibrated recovery,23,96015,replan_1_ensemble,1,1,0.008032508543855107,0.0,5ea2ef22a0beaac38014c66b308dd228766799010f1a88372569807b50cfd6a3,d7592dcb8ebbf1c8ba9e328ba7c1494e2085f0d556c89f2a95ff12a6e270e943,1,226,1,226,1,342,1,342
insertion,Calibrated recovery,23,96015,replan_16,1,1,0.013929970562458038,0.0,5ea2ef22a0beaac38014c66b308dd228766799010f1a88372569807b50cfd6a3,2a82ccf60387c969dc643e3381a315d459352720a42791446d7f799780b2d3a7,1,226,1,232,1,335,1,335
insertion,Calibrated recovery,23,96016,nominal,1,1,0.012044682167470455,0.0,5ea2ef22a0beaac38014c66b308dd228766799010f1a88372569807b50cfd6a3,206751d6a1bea85f9363e2abc17fb17aa2841e53030dee2f69397762ea41b19b,1,210,1,211,1,361,1,361
insertion,Calibrated recovery,23,96016,observation_noise,1,1,0.013617162592709064,0.010719377491623163,5ea2ef22a0beaac38014c66b308dd228766799010f1a88372569807b50cfd6a3,6fac7abf255de72c783b5d6599b1c14862639de15eaa73923fa35c40aeac1a23,1,212,1,216,1,387,1,387
insertion,Calibrated recovery,23,96016,noise_joints,1,1,0.012283779680728912,0.0034301820176187905,5ea2ef22a0beaac38014c66b308dd228766799010f1a88372569807b50cfd6a3,0329780e8d1195fd1ec8902f520077e5b12a179c950bbdbd6b718072826e41af,1,211,1,216,1,361,1,361
insertion,Calibrated recovery,23,96016,noise_objects,1,1,0.013485215604305267,0.010236258477671073,5ea2ef22a0beaac38014c66b308dd228766799010f1a88372569807b50cfd6a3,92c91e1b46be5a94c978f85fe03005b13dc6a0f33fbebb60058ec5395fc26fbf,1,212,1,216,1,386,1,386
insertion,Calibrated recovery,23,96016,noise_low_support,1,1,0.012044682167470455,0.0,5ea2ef22a0beaac38014c66b308dd228766799010f1a88372569807b50cfd6a3,52ffc858fa8a78706902b20fca6d345e12680481abaaa3728671d4b923f677ff,1,210,1,211,1,361,1,361
insertion,Calibrated recovery,23,96016,noise_supported,1,1,0.013617162592709064,0.010719377491623163,5ea2ef22a0beaac38014c66b308dd228766799010f1a88372569807b50cfd6a3,6fac7abf255de72c783b5d6599b1c14862639de15eaa73923fa35c40aeac1a23,1,212,1,216,1,387,1,387
insertion,Calibrated recovery,23,96016,replan_1,1,1,0.005966849625110626,0.0,5ea2ef22a0beaac38014c66b308dd228766799010f1a88372569807b50cfd6a3,244a9cc5bcc11b2a49679204526b5b3fcb8c6279940259e3b282e489e8d34e8c,1,215,1,215,1,367,1,367
insertion,Calibrated recovery,23,96016,replan_1_ensemble,1,1,0.007493303350488518,0.0,5ea2ef22a0beaac38014c66b308dd228766799010f1a88372569807b50cfd6a3,8acea1e294bfeae7a0407dd19f059954a3328eeddfe0d57fcc7664cfc30cc28b,1,211,1,213,1,358,1,358
insertion,Calibrated recovery,23,96016,replan_16,1,1,0.012034256011247635,0.0,5ea2ef22a0beaac38014c66b308dd228766799010f1a88372569807b50cfd6a3,997b0d47e9571e6622555059da3c828ad8ee1947c4033a31451d70e4cebe0628,1,211,1,214,1,366,1,366
insertion,Calibrated recovery,23,96017,nominal,1,1,0.013778905384242535,0.0,5ea2ef22a0beaac38014c66b308dd228766799010f1a88372569807b50cfd6a3,5fe0bce03b34fa54a39440432bbc236e75b4b3653b021558ba3376115ae40609,1,217,1,217,1,379,1,379
insertion,Calibrated recovery,23,96017,observation_noise,0,0,0.016497623175382614,0.009897668063640595,5ea2ef22a0beaac38014c66b308dd228766799010f1a88372569807b50cfd6a3,48b45c4fc88e6874a6cf6cf426393ec759929a67775bdffe90fd98cdc2438f62,1,212,1,217,1,292,0,-1
insertion,Calibrated recovery,23,96017,noise_joints,1,1,0.014176023192703724,0.0037739110784605146,5ea2ef22a0beaac38014c66b308dd228766799010f1a88372569807b50cfd6a3,85d13784ed1d457b58b40bbea504f50359f340136fdab36fdd7564872cf01ac8,1,216,1,217,1,379,1,379
insertion,Calibrated recovery,23,96017,noise_objects,0,0,0.01440124399960041,0.008569305283017456,5ea2ef22a0beaac38014c66b308dd228766799010f1a88372569807b50cfd6a3,9fc6a33a64b9e84f110a8c1c467f33fee84df3f725ac80410cdc4e61a70b3a47,1,216,1,217,0,-1,0,-1
insertion,Calibrated recovery,23,96017,noise_low_support,1,1,0.013778905384242535,0.0,5ea2ef22a0beaac38014c66b308dd228766799010f1a88372569807b50cfd6a3,2e494309b884a68a7d2e45d2f6ac90885cc8f809d6416f68e7574458bde5654f,1,217,1,217,1,379,1,379
insertion,Calibrated recovery,23,96017,noise_supported,0,0,0.016497623175382614,0.009897668063640595,5ea2ef22a0beaac38014c66b308dd228766799010f1a88372569807b50cfd6a3,48b45c4fc88e6874a6cf6cf426393ec759929a67775bdffe90fd98cdc2438f62,1,212,1,217,1,292,0,-1
insertion,Calibrated recovery,23,96017,replan_1,0,0,0.004482982214540243,0.0,5ea2ef22a0beaac38014c66b308dd228766799010f1a88372569807b50cfd6a3,9f876cb724bbaea2d6bb3b8aaccb44e02eb51e5d07bb8b88285d3c8f92a0cfe6,0,-1,0,-1,0,-1,0,-1
insertion,Calibrated recovery,23,96017,replan_1_ensemble,1,1,0.00801388174820639,0.0,5ea2ef22a0beaac38014c66b308dd228766799010f1a88372569807b50cfd6a3,2ded6efc074fab3d28c9323702d6c473559a619ae8d539907766226e25f0cf8d,1,219,1,223,1,383,1,383
insertion,Calibrated recovery,23,96017,replan_16,1,1,0.013471903279423714,0.0,5ea2ef22a0beaac38014c66b308dd228766799010f1a88372569807b50cfd6a3,da4cb6fe0bd6c7c0a5ace29a832c6739c4dc526611e75f057e68168b36c9ef82,1,219,1,224,1,377,1,377
insertion,Calibrated recovery,23,96018,nominal,0,0,0.012797335162758827,0.0,5ea2ef22a0beaac38014c66b308dd228766799010f1a88372569807b50cfd6a3,9962688574c6069b3bf3487a4da956053864d01b4823b17d6a93c7d248d6d406,1,200,1,214,1,339,0,-1
insertion,Calibrated recovery,23,96018,observation_noise,0,0,0.015094857662916183,0.010239208012353628,5ea2ef22a0beaac38014c66b308dd228766799010f1a88372569807b50cfd6a3,29e6668f1170c29913da0896315ec30eb03224094d2997d4e50908742db418ef,1,199,1,214,1,343,0,-1
insertion,Calibrated recovery,23,96018,noise_joints,0,0,0.013052965514361858,0.0036075224401429296,5ea2ef22a0beaac38014c66b308dd228766799010f1a88372569807b50cfd6a3,5d37770d4479fbf76d937288e490f245ad9d2c21e28607975acb2f6b69660e1a,1,208,1,214,1,338,0,-1
insertion,Calibrated recovery,23,96018,noise_objects,0,0,0.014607828110456467,0.009339407104998827,5ea2ef22a0beaac38014c66b308dd228766799010f1a88372569807b50cfd6a3,9a68e35850d2317f77470d283c7110911195d3fd1b976caa5ef49f4b2c82e360,1,204,1,214,1,349,0,-1
insertion,Calibrated recovery,23,96018,noise_low_support,0,0,0.012797335162758827,0.0,5ea2ef22a0beaac38014c66b308dd228766799010f1a88372569807b50cfd6a3,6e2dc1ecbe01621a3e951cd0ae46ea7961ee9a1ad11d3418de90dac97f94ec97,1,200,1,214,1,339,0,-1
insertion,Calibrated recovery,23,96018,noise_supported,0,0,0.015094857662916183,0.010239208012353628,5ea2ef22a0beaac38014c66b308dd228766799010f1a88372569807b50cfd6a3,29e6668f1170c29913da0896315ec30eb03224094d2997d4e50908742db418ef,1,199,1,214,1,343,0,-1
insertion,Calibrated recovery,23,96018,replan_1,0,0,0.008438591845333576,0.0,5ea2ef22a0beaac38014c66b308dd228766799010f1a88372569807b50cfd6a3,002ba838072a5df23e4c89b5681fe4b30895c8a4e57af20b46a060d12b4c5cd3,1,217,0,-1,0,-1,0,-1
insertion,Calibrated recovery,23,96018,replan_1_ensemble,1,1,0.008059909392348992,0.0,5ea2ef22a0beaac38014c66b308dd228766799010f1a88372569807b50cfd6a3,4c5dc8a2f93c43ebbefd7aa9da899c5ad35dfb98304cf073718a249d9759a576,1,203,1,219,1,361,1,361
insertion,Calibrated recovery,23,96018,replan_16,0,0,0.012957419268786907,0.0,5ea2ef22a0beaac38014c66b308dd228766799010f1a88372569807b50cfd6a3,a2547855d0f45dc064e7dc6c81d96bbfa52e038ef0171bbee9872e95d269a705,1,204,1,214,1,325,0,-1
insertion,Calibrated recovery,23,96019,nominal,1,1,0.012480589561164379,0.0,5ea2ef22a0beaac38014c66b308dd228766799010f1a88372569807b50cfd6a3,8b20d147ca0c6a41ea627f35eeb2b1898887dd6a82b1839e15db728d18e463ab,1,208,1,211,1,345,1,345
insertion,Calibrated recovery,23,96019,observation_noise,1,0,0.014991994947195053,0.009371022172272205,5ea2ef22a0beaac38014c66b308dd228766799010f1a88372569807b50cfd6a3,3dfd06d53b7a5a2363e44000274a0784e7114ce88eaa47c33fb7625360dd015d,1,208,1,210,1,353,1,353
insertion,Calibrated recovery,23,96019,noise_joints,1,1,0.01268444862216711,0.0033953978260979054,5ea2ef22a0beaac38014c66b308dd228766799010f1a88372569807b50cfd6a3,390ea9c2a83e1e4e5cf97c8b25361fa79eaa5d0978e131ba9aba5be1396a2b05,1,209,1,210,1,351,1,351
insertion,Calibrated recovery,23,96019,noise_objects,0,0,0.014570328406989574,0.00828761262120679,5ea2ef22a0beaac38014c66b308dd228766799010f1a88372569807b50cfd6a3,cd6202b633b00248ac03bd72c49c42a1e00f0125c054e794a80fa3aef21d1911,1,208,1,208,1,325,0,-1
insertion,Calibrated recovery,23,96019,noise_low_support,1,1,0.012480589561164379,0.0,5ea2ef22a0beaac38014c66b308dd228766799010f1a88372569807b50cfd6a3,bcc8161e0f1f10685e26cebc2ead7ca28485d487b2cf419f94677e79d2b0a0fd,1,208,1,211,1,345,1,345
insertion,Calibrated recovery,23,96019,noise_supported,1,0,0.014991994947195053,0.009371022172272205,5ea2ef22a0beaac38014c66b308dd228766799010f1a88372569807b50cfd6a3,3dfd06d53b7a5a2363e44000274a0784e7114ce88eaa47c33fb7625360dd015d,1,208,1,210,1,353,1,353
insertion,Calibrated recovery,23,96019,replan_1,1,0,0.007868245244026184,0.0,5ea2ef22a0beaac38014c66b308dd228766799010f1a88372569807b50cfd6a3,c73b4556fd10250fcf75f8c53a31bc48283d3d7b1a2e7e54bd67fa11f72b7009,1,208,1,208,1,344,1,344
insertion,Calibrated recovery,23,96019,replan_1_ensemble,1,1,0.00786620026744906,0.0,5ea2ef22a0beaac38014c66b308dd228766799010f1a88372569807b50cfd6a3,cf1cdf1f72635a3108df64c69e579017bca483b8a3de589d579b62a7a32dc79c,1,208,1,210,1,354,1,354
insertion,Calibrated recovery,23,96019,replan_16,1,1,0.012357075698673725,0.0,5ea2ef22a0beaac38014c66b308dd228766799010f1a88372569807b50cfd6a3,9614bce14575830ce51125ea379a77486c9632b40cee953c1abb5144e26ca2f0,1,209,1,211,1,351,1,351
insertion,Calibrated recovery,31,96000,nominal,0,0,0.014998731203377247,0.0,01e59d6b37222bbf2147804d477ee575aaddf56e97f79b6d7d1349d2a69945d6,93bdec6aa3fe4f4826792bd0946a0da0db2a59cbb8e698792463ce1c820ca959,1,214,1,222,1,298,0,-1
insertion,Calibrated recovery,31,96000,observation_noise,1,1,0.015919743105769157,0.009410128267481922,01e59d6b37222bbf2147804d477ee575aaddf56e97f79b6d7d1349d2a69945d6,4c3dfb8c337aded9d7c6a99dd07980453d09ff3b828c45d65bf1003c5d4dd0e6,1,204,1,223,1,363,1,363
insertion,Calibrated recovery,31,96000,noise_joints,0,0,0.01499499287456274,0.003382572685368359,01e59d6b37222bbf2147804d477ee575aaddf56e97f79b6d7d1349d2a69945d6,9a71f45dea9d4e4a8ca525ac2538651e191deef133154500751a5d293f9f6c59,1,209,1,222,1,300,0,-1
insertion,Calibrated recovery,31,96000,noise_objects,0,0,0.01653105765581131,0.008809549482539297,01e59d6b37222bbf2147804d477ee575aaddf56e97f79b6d7d1349d2a69945d6,b820a6ec5a563750941b9a35631349d7f5b68f3709c20ddda79d826a93be97b9,1,210,1,224,1,326,0,-1
insertion,Calibrated recovery,31,96000,noise_low_support,0,0,0.014998731203377247,0.0,01e59d6b37222bbf2147804d477ee575aaddf56e97f79b6d7d1349d2a69945d6,012b2154456e53c5bf6bd88e66dd69df7164e37fe8ce0f55404cef671755e950,1,214,1,222,1,298,0,-1
insertion,Calibrated recovery,31,96000,noise_supported,1,1,0.015919743105769157,0.009410128267481922,01e59d6b37222bbf2147804d477ee575aaddf56e97f79b6d7d1349d2a69945d6,4c3dfb8c337aded9d7c6a99dd07980453d09ff3b828c45d65bf1003c5d4dd0e6,1,204,1,223,1,363,1,363
insertion,Calibrated recovery,31,96000,replan_1,0,0,0.00875034462660551,0.0,01e59d6b37222bbf2147804d477ee575aaddf56e97f79b6d7d1349d2a69945d6,6f05d2159dfdbc616971998da18a0614bceae0367e66e0e31396c0b3e8ea3e4b,0,-1,0,-1,0,-1,0,-1
insertion,Calibrated recovery,31,96000,replan_1_ensemble,0,0,0.008270879180715146,0.0,01e59d6b37222bbf2147804d477ee575aaddf56e97f79b6d7d1349d2a69945d6,a82a90be28df6d19f63cf92a8291242b91783f260141beb83d5a28e23d1d0a3b,1,206,1,226,1,297,0,-1
insertion,Calibrated recovery,31,96000,replan_16,1,1,0.015411636792123318,0.0,01e59d6b37222bbf2147804d477ee575aaddf56e97f79b6d7d1349d2a69945d6,b8f98745ad3b4ba14fb01c0e0d331b4b3eb5dc2b4184a873525dca49ca987949,1,216,1,218,1,331,1,353
insertion,Calibrated recovery,31,96001,nominal,0,0,0.016256893053650856,0.0,01e59d6b37222bbf2147804d477ee575aaddf56e97f79b6d7d1349d2a69945d6,31676d81601e9364a8173c8d71bbb6ff3d659d1539d7a843ac388723cd455c30,1,214,1,220,1,300,0,-1
insertion,Calibrated recovery,31,96001,observation_noise,1,0,0.01579676754772663,0.00921533149201423,01e59d6b37222bbf2147804d477ee575aaddf56e97f79b6d7d1349d2a69945d6,c30e3f64d3629fcb72614fc726aa9b069495c14f18eb936477dabf1b6c7b2b86,1,217,1,217,1,310,1,310
insertion,Calibrated recovery,31,96001,noise_joints,1,1,0.014777005650103092,0.0038666345295496284,01e59d6b37222bbf2147804d477ee575aaddf56e97f79b6d7d1349d2a69945d6,ffa79af138d1a3512a7bec0bb4071559a4eaea6b3f56e79fa317bb777b77aed0,1,217,1,218,1,312,1,312
insertion,Calibrated recovery,31,96001,noise_objects,0,0,0.015596841461956501,0.007962769016157835,01e59d6b37222bbf2147804d477ee575aaddf56e97f79b6d7d1349d2a69945d6,fed3555365e4fe0a8c2dce4198984ef375b2d8e5a359dc650c907cd1551280a4,1,218,1,219,1,333,0,-1
insertion,Calibrated recovery,31,96001,noise_low_support,0,0,0.016256893053650856,0.0,01e59d6b37222bbf2147804d477ee575aaddf56e97f79b6d7d1349d2a69945d6,d383595ac0b2881753f4f7dc27c472146094f6a2511c27d15f1d2f780fbe0898,1,214,1,220,1,300,0,-1
insertion,Calibrated recovery,31,96001,noise_supported,1,0,0.01579676754772663,0.00921533149201423,01e59d6b37222bbf2147804d477ee575aaddf56e97f79b6d7d1349d2a69945d6,c30e3f64d3629fcb72614fc726aa9b069495c14f18eb936477dabf1b6c7b2b86,1,217,1,217,1,310,1,310
insertion,Calibrated recovery,31,96001,replan_1,0,0,0.006619451567530632,0.0,01e59d6b37222bbf2147804d477ee575aaddf56e97f79b6d7d1349d2a69945d6,a885a9c97fad2dfe903249e96539a5078e288912ee7e4d6dce133e8ba1336571,0,-1,0,-1,0,-1,0,-1
insertion,Calibrated recovery,31,96001,replan_1_ensemble,1,1,0.008020787016347185,0.0,01e59d6b37222bbf2147804d477ee575aaddf56e97f79b6d7d1349d2a69945d6,d490bd92be566a61de07f71ff42a80ee3155bdf258ad7ccd2c21579cc40c6f25,1,218,1,223,1,353,1,353
insertion,Calibrated recovery,31,96001,replan_16,1,0,0.014793120324611664,0.0,01e59d6b37222bbf2147804d477ee575aaddf56e97f79b6d7d1349d2a69945d6,5156f621b5d8ca1dc6f320ee7c05d20e28ad8c7e0a299dae58dc1a0a7f05038d,1,211,1,220,1,306,1,313
insertion,Calibrated recovery,31,96002,nominal,0,0,0.014178456738591194,0.0,01e59d6b37222bbf2147804d477ee575aaddf56e97f79b6d7d1349d2a69945d6,b6d22b99214d053c0ea07e2acc14fab6897e6d2ef4d43c3ed0a3a7d1e38a9a8f,1,205,1,216,0,-1,0,-1
insertion,Calibrated recovery,31,96002,observation_noise,1,1,0.015629615634679794,0.009767354240175337,01e59d6b37222bbf2147804d477ee575aaddf56e97f79b6d7d1349d2a69945d6,62f0a359c1a3dadeb33c6f961119b4d80cedab58d1f7cfda56861960f170c3ab,1,205,1,212,1,360,1,396
insertion,Calibrated recovery,31,96002,noise_joints,0,0,0.014624852687120438,0.0037988791905809193,01e59d6b37222bbf2147804d477ee575aaddf56e97f79b6d7d1349d2a69945d6,122ce99738bca1bebcfa89465c300ae6b806029731306fe7207f77a47424cd44,1,208,1,216,0,-1,0,-1
insertion,Calibrated recovery,31,96002,noise_objects,1,1,0.015642372891306877,0.008694942663423718,01e59d6b37222bbf2147804d477ee575aaddf56e97f79b6d7d1349d2a69945d6,ad24dbebb6d3a66096ea06bd5e3c43961aee9a8407bb7c49761833fc4829ffb6,1,206,1,209,1,352,1,384
insertion,Calibrated recovery,31,96002,noise_low_support,0,0,0.014178456738591194,0.0,01e59d6b37222bbf2147804d477ee575aaddf56e97f79b6d7d1349d2a69945d6,d59d066b2abcacb2bea119a2d24c9a1102e16f479ff94c80bf578d693479135d,1,205,1,216,0,-1,0,-1
insertion,Calibrated recovery,31,96002,noise_supported,1,1,0.015629615634679794,0.009767354240175337,01e59d6b37222bbf2147804d477ee575aaddf56e97f79b6d7d1349d2a69945d6,62f0a359c1a3dadeb33c6f961119b4d80cedab58d1f7cfda56861960f170c3ab,1,205,1,212,1,360,1,396
insertion,Calibrated recovery,31,96002,replan_1,0,0,0.01469513401389122,0.0,01e59d6b37222bbf2147804d477ee575aaddf56e97f79b6d7d1349d2a69945d6,398311a0df59f3c8f84968a6b9ce87ee28c24c4dca4124b20dd8b9b8ba12ce18,0,-1,0,-1,0,-1,0,-1
insertion,Calibrated recovery,31,96002,replan_1_ensemble,0,0,0.00786549492009182,0.0,01e59d6b37222bbf2147804d477ee575aaddf56e97f79b6d7d1349d2a69945d6,f51161abc2a45b13b16014732d55743b724e6445eb2fcf4e5f4f1665e486119e,1,202,1,216,0,-1,0,-1
insertion,Calibrated recovery,31,96002,replan_16,0,0,0.014219141565263271,0.0,01e59d6b37222bbf2147804d477ee575aaddf56e97f79b6d7d1349d2a69945d6,ef17ce21ab949e276a7b3be633cd91a023b1a37cbe1894461f400ecee611a100,1,205,1,218,0,-1,0,-1
insertion,Calibrated recovery,31,96003,nominal,1,1,0.013243221677839756,0.0,01e59d6b37222bbf2147804d477ee575aaddf56e97f79b6d7d1349d2a69945d6,e169c13fc2f82b9bc7fb98e9136f9fdafc6f613a62d23c75353a7f3fbeb9d094,1,199,1,216,1,352,1,373
insertion,Calibrated recovery,31,96003,observation_noise,0,0,0.01601117104291916,0.010152199557051062,01e59d6b37222bbf2147804d477ee575aaddf56e97f79b6d7d1349d2a69945d6,5e4311d1ae913c22c471baa0935e5ee9241a38627e7ea3d3aea83a8bdaf42c25,1,199,1,210,1,324,0,-1
insertion,Calibrated recovery,31,96003,noise_joints,1,1,0.013547112233936787,0.003920786255039274,01e59d6b37222bbf2147804d477ee575aaddf56e97f79b6d7d1349d2a69945d6,cd17d974051a03d01ecae85418b7f12327699163d54d172681f84039316356de,1,198,1,216,1,363,1,369
insertion,Calibrated recovery,31,96003,noise_objects,0,0,0.01427698228508234,0.008952100579626858,01e59d6b37222bbf2147804d477ee575aaddf56e97f79b6d7d1349d2a69945d6,2abb4242e39488848e031826fd99a04bc476edc75857ddfb32fdaa57b9bd33d5,1,202,1,205,1,324,0,-1
insertion,Calibrated recovery,31,96003,noise_low_support,1,1,0.013243221677839756,0.0,01e59d6b37222bbf2147804d477ee575aaddf56e97f79b6d7d1349d2a69945d6,1ffc3a14e014229a0f9754cfc083f644146e54b3eb02fe89817afa26442424c7,1,199,1,216,1,352,1,373
insertion,Calibrated recovery,31,96003,noise_supported,0,0,0.01601117104291916,0.010152199557051062,01e59d6b37222bbf2147804d477ee575aaddf56e97f79b6d7d1349d2a69945d6,5e4311d1ae913c22c471baa0935e5ee9241a38627e7ea3d3aea83a8bdaf42c25,1,199,1,210,1,324,0,-1
insertion,Calibrated recovery,31,96003,replan_1,0,0,0.008333001285791397,0.0,01e59d6b37222bbf2147804d477ee575aaddf56e97f79b6d7d1349d2a69945d6,2ea4d1c403ca19662d0a93e93fd9006980d0adc16a59b45f96af8778b301c1f0,1,203,1,219,1,326,0,-1
insertion,Calibrated recovery,31,96003,replan_1_ensemble,1,1,0.008318614076561946,0.0,01e59d6b37222bbf2147804d477ee575aaddf56e97f79b6d7d1349d2a69945d6,3a710a7fb90aca088084c5f86963ef626b14efd23377a46dc371e431b5bceac4,1,202,1,217,1,372,1,372
insertion,Calibrated recovery,31,96003,replan_16,1,1,0.013214034959673882,0.0,01e59d6b37222bbf2147804d477ee575aaddf56e97f79b6d7d1349d2a69945d6,d3465eccda1142726e52f5c1ec4d1ad858aa4a847ea28f9cede2db8474abdf8e,1,199,1,221,1,373,1,373
insertion,Calibrated recovery,31,96004,nominal,1,1,0.013725804165005684,0.0,01e59d6b37222bbf2147804d477ee575aaddf56e97f79b6d7d1349d2a69945d6,a186f0c6d22614ce0fc9b1a6aa2693a957df1944c2d1e770ff9d1dfdb6369a63,1,217,1,223,1,363,1,363
insertion,Calibrated recovery,31,96004,observation_noise,1,0,0.014615013264119625,0.010184622202068568,01e59d6b37222bbf2147804d477ee575aaddf56e97f79b6d7d1349d2a69945d6,5cf39192c9f6db254b6a1ab962d505aa65928439b145f331738478a1b5c22330,1,221,1,222,1,357,1,383
insertion,Calibrated recovery,31,96004,noise_joints,0,0,0.013940614648163319,0.003686351804062724,01e59d6b37222bbf2147804d477ee575aaddf56e97f79b6d7d1349d2a69945d6,be8a5d5a8719f8e3c8fa6d6e8c9b38fe00814645eb3d410067571a4e1018a1a8,1,218,1,223,1,320,0,-1
insertion,Calibrated recovery,31,96004,noise_objects,1,1,0.014462477527558804,0.009304169677197932,01e59d6b37222bbf2147804d477ee575aaddf56e97f79b6d7d1349d2a69945d6,5de3aca04093a85b73c28abad66bf735e7d96ad9cf13b81fef80c52dd59e609b,1,216,1,224,1,386,1,386
insertion,Calibrated recovery,31,96004,noise_low_support,1,1,0.013725804165005684,0.0,01e59d6b37222bbf2147804d477ee575aaddf56e97f79b6d7d1349d2a69945d6,82de6d6a45462b4e6d20040a212ab4a907eaa447ff92205004ab378e5d9c5958,1,217,1,223,1,363,1,363
insertion,Calibrated recovery,31,96004,noise_supported,1,0,0.014615013264119625,0.010184622202068568,01e59d6b37222bbf2147804d477ee575aaddf56e97f79b6d7d1349d2a69945d6,5cf39192c9f6db254b6a1ab962d505aa65928439b145f331738478a1b5c22330,1,221,1,222,1,357,1,383
insertion,Calibrated recovery,31,96004,replan_1,0,0,0.0073994784615933895,0.0,01e59d6b37222bbf2147804d477ee575aaddf56e97f79b6d7d1349d2a69945d6,c8affbd271b6d621099c448183e71166f38f6169d0bd963e16a3c7ee5e22820f,1,220,1,225,1,307,0,-1
insertion,Calibrated recovery,31,96004,replan_1_ensemble,1,1,0.007717959999681248,0.0,01e59d6b37222bbf2147804d477ee575aaddf56e97f79b6d7d1349d2a69945d6,8c7e2e69eccc9d24fc20125806c39af6be9eba82c1cc1491e89945e79af3a237,1,218,1,219,1,355,1,355
insertion,Calibrated recovery,31,96004,replan_16,1,1,0.013509715907275677,0.0,01e59d6b37222bbf2147804d477ee575aaddf56e97f79b6d7d1349d2a69945d6,086bb7835d781dc8dc89e11d40ceaa31367e31bdb6ee29b1a8452a3633976402,1,216,1,219,1,346,1,376
insertion,Calibrated recovery,31,96005,nominal,1,1,0.0145377516746521,0.0,01e59d6b37222bbf2147804d477ee575aaddf56e97f79b6d7d1349d2a69945d6,171281207a5010e3da0c7e4ed04d7f2fdfddceef09cf56872cbc4e44de72f0b4,1,214,1,214,1,316,1,316
insertion,Calibrated recovery,31,96005,observation_noise,0,0,0.015393465757369995,0.009041868860367685,01e59d6b37222bbf2147804d477ee575aaddf56e97f79b6d7d1349d2a69945d6,0f3a9f3da3d34787b928e3049afcfa6eb46bddc0bcf818cbc291e1ada461d09d,1,214,1,215,1,290,0,-1
insertion,Calibrated recovery,31,96005,noise_joints,0,0,0.05609438568353653,0.0020800512698770034,01e59d6b37222bbf2147804d477ee575aaddf56e97f79b6d7d1349d2a69945d6,12f813cd46abe1920bb4efcf8e4b95d4b95a3961ddbf97203764a88dd1c0c326,0,-1,0,-1,0,-1,0,-1
insertion,Calibrated recovery,31,96005,noise_objects,0,0,0.04134557768702507,0.007707505354192108,01e59d6b37222bbf2147804d477ee575aaddf56e97f79b6d7d1349d2a69945d6,dbae15b8e20b5498b8de15ad84179daff1df9aabd461674c40eaa89e5a263469,0,-1,0,-1,0,-1,0,-1
insertion,Calibrated recovery,31,96005,noise_low_support,1,1,0.0145377516746521,0.0,01e59d6b37222bbf2147804d477ee575aaddf56e97f79b6d7d1349d2a69945d6,4b5724b104da70d21aa16f26eb72cd1d7cff95b460a14294317256fa7b59c1b7,1,214,1,214,1,316,1,316
insertion,Calibrated recovery,31,96005,noise_supported,0,0,0.015393465757369995,0.009041868860367685,01e59d6b37222bbf2147804d477ee575aaddf56e97f79b6d7d1349d2a69945d6,0f3a9f3da3d34787b928e3049afcfa6eb46bddc0bcf818cbc291e1ada461d09d,1,214,1,215,1,290,0,-1
insertion,Calibrated recovery,31,96005,replan_1,0,0,0.005540054757148027,0.0,01e59d6b37222bbf2147804d477ee575aaddf56e97f79b6d7d1349d2a69945d6,339e8295099024066bfc8dc52999eadcdafc54c8d8f3a605c355842189bf6b7f,0,-1,0,-1,0,-1,0,-1
insertion,Calibrated recovery,31,96005,replan_1_ensemble,1,0,0.00836176679144149,0.0,01e59d6b37222bbf2147804d477ee575aaddf56e97f79b6d7d1349d2a69945d6,2a8cdb6b2ed4da43e3dd95b49f1568c051e5f73ac524e1f0c242f42bec94818c,1,211,1,222,1,305,1,305
insertion,Calibrated recovery,31,96005,replan_16,1,0,0.014865050092339516,0.0,01e59d6b37222bbf2147804d477ee575aaddf56e97f79b6d7d1349d2a69945d6,32c140002cd62a08455055947c696cf02556561cf1e7c1b5ac576b8d759ec67e,1,213,1,213,1,318,1,318
insertion,Calibrated recovery,31,96006,nominal,1,1,0.013897580094635487,0.0,01e59d6b37222bbf2147804d477ee575aaddf56e97f79b6d7d1349d2a69945d6,02bf05281e463d28946f29164f78795c5242edf4b1b4d0e691b2213fb06f4cf9,1,217,1,225,1,353,1,353
insertion,Calibrated recovery,31,96006,observation_noise,1,1,0.015082690864801407,0.010357276946306228,01e59d6b37222bbf2147804d477ee575aaddf56e97f79b6d7d1349d2a69945d6,fe2328a684776c796cf98e07383b613778833583d3e1b1e4fe25e7709b3c8d96,1,225,1,225,1,370,1,370
insertion,Calibrated recovery,31,96006,noise_joints,1,0,0.01417132280766964,0.0035892393696121874,01e59d6b37222bbf2147804d477ee575aaddf56e97f79b6d7d1349d2a69945d6,b2472f9bf30bf9e06b3cb5717f8394b7c779bc19033462137ec89b6dfbb1a724,1,217,1,226,1,353,1,353
insertion,Calibrated recovery,31,96006,noise_objects,1,1,0.014744429849088192,0.009279066587332636,01e59d6b37222bbf2147804d477ee575aaddf56e97f79b6d7d1349d2a69945d6,cb403de935c388867af400a84dcbf7f369146922a1cf41a53a4011b5a1a6f2db,1,217,1,217,1,371,1,371
insertion,Calibrated recovery,31,96006,noise_low_support,1,1,0.013897580094635487,0.0,01e59d6b37222bbf2147804d477ee575aaddf56e97f79b6d7d1349d2a69945d6,14b5a04bad4c0cf3099d573e89ffcf1d36effa8c83245f0175bf98145dc988d0,1,217,1,225,1,353,1,353
insertion,Calibrated recovery,31,96006,noise_supported,1,1,0.015082690864801407,0.010357276946306228,01e59d6b37222bbf2147804d477ee575aaddf56e97f79b6d7d1349d2a69945d6,fe2328a684776c796cf98e07383b613778833583d3e1b1e4fe25e7709b3c8d96,1,225,1,225,1,370,1,370
insertion,Calibrated recovery,31,96006,replan_1,0,0,0.007861192338168621,0.0,01e59d6b37222bbf2147804d477ee575aaddf56e97f79b6d7d1349d2a69945d6,c639111beb6d4f875e1a8a050318913a6df2c842329ed33604a1121088f5d859,1,216,1,216,1,255,0,-1
insertion,Calibrated recovery,31,96006,replan_1_ensemble,1,1,0.00793278070553556,0.0,01e59d6b37222bbf2147804d477ee575aaddf56e97f79b6d7d1349d2a69945d6,1d869ad01a3c785472f6de8bc225ebc23f6110c172146efd6bc7de112233ec4d,1,218,1,218,1,354,1,354
insertion,Calibrated recovery,31,96006,replan_16,1,1,0.013710330240428448,0.0,01e59d6b37222bbf2147804d477ee575aaddf56e97f79b6d7d1349d2a69945d6,fc60222cc4b9fea467c3fe2674f8af4a27fe33e96c4e8211b0e37c9c19114fb6,1,222,1,223,1,366,1,369
insertion,Calibrated recovery,31,96007,nominal,1,1,0.013602269813418388,0.0,01e59d6b37222bbf2147804d477ee575aaddf56e97f79b6d7d1349d2a69945d6,81244d2b7575add6cdc6667971fb6bef7cb0ce1d7e7c7ac4eaa219c4feb6e7b8,1,216,1,219,1,288,1,336
insertion,Calibrated recovery,31,96007,observation_noise,1,1,0.014869194477796555,0.009995190729387104,01e59d6b37222bbf2147804d477ee575aaddf56e97f79b6d7d1349d2a69945d6,5676912fc583b03bdbab96b3de710100ea08554cb545ff5c01c6a07228708b7d,1,220,1,223,1,386,1,386
insertion,Calibrated recovery,31,96007,noise_joints,0,0,0.014250567182898521,0.003769515035673976,01e59d6b37222bbf2147804d477ee575aaddf56e97f79b6d7d1349d2a69945d6,51de10f6c0c7c8c3e2a3b0042cf128e27c96c1f5ee1dba0f0ba4cda8ab6133d1,1,234,1,234,1,334,0,-1
insertion,Calibrated recovery,31,96007,noise_objects,1,1,0.014504898339509964,0.009699972898233681,01e59d6b37222bbf2147804d477ee575aaddf56e97f79b6d7d1349d2a69945d6,e9de8e6f9128271e07825cef3e656229c361afc57a0cb53278f06feb150c9535,1,216,1,216,1,355,1,355
insertion,Calibrated recovery,31,96007,noise_low_support,1,1,0.013602269813418388,0.0,01e59d6b37222bbf2147804d477ee575aaddf56e97f79b6d7d1349d2a69945d6,b2944626f12601695fd6275222a65c1a152e417fad81ff97b3fa1f0105333233,1,216,1,219,1,288,1,336
insertion,Calibrated recovery,31,96007,noise_supported,1,1,0.014869194477796555,0.009995190729387104,01e59d6b37222bbf2147804d477ee575aaddf56e97f79b6d7d1349d2a69945d6,5676912fc583b03bdbab96b3de710100ea08554cb545ff5c01c6a07228708b7d,1,220,1,223,1,386,1,386
insertion,Calibrated recovery,31,96007,replan_1,0,0,0.010522127151489258,0.0,01e59d6b37222bbf2147804d477ee575aaddf56e97f79b6d7d1349d2a69945d6,9dba015043aa36c67a6f1c1b5d73deb74c44f00bfd739492cd7e7a5682ef3a8b,0,-1,0,-1,0,-1,0,-1
insertion,Calibrated recovery,31,96007,replan_1_ensemble,0,0,0.0078831164325273,0.0,01e59d6b37222bbf2147804d477ee575aaddf56e97f79b6d7d1349d2a69945d6,6d6b8932fe90743aaea489f46d069df260f7dd2536884e818115845899ddaf32,1,211,1,227,1,286,0,-1
insertion,Calibrated recovery,31,96007,replan_16,0,0,0.013368356041610241,0.0,01e59d6b37222bbf2147804d477ee575aaddf56e97f79b6d7d1349d2a69945d6,d8f1f9e0d20b1954563a5edc252202e401b09f6b1f28dee152d0682d0e4c059a,1,221,1,223,1,306,0,-1
insertion,Calibrated recovery,31,96008,nominal,1,1,0.012848188169300556,0.0,01e59d6b37222bbf2147804d477ee575aaddf56e97f79b6d7d1349d2a69945d6,773249db917beeaca169898a41df759c8995f88c60b59616886a72370966a6c1,1,209,1,217,1,352,1,352
insertion,Calibrated recovery,31,96008,observation_noise,1,1,0.013986003585159779,0.010163439349271356,01e59d6b37222bbf2147804d477ee575aaddf56e97f79b6d7d1349d2a69945d6,e8ed25b5dbfef04b1edbc6f9cf7139e5b16d60ef1c26c008232e28bb9a264900,1,209,1,217,1,337,1,337
insertion,Calibrated recovery,31,96008,noise_joints,1,1,0.01309170201420784,0.0041648932511452585,01e59d6b37222bbf2147804d477ee575aaddf56e97f79b6d7d1349d2a69945d6,ff5ec048a9c30f76f69fa320ad1720f450b6d04b2a71ee8e21e80526a6c06d64,1,206,1,216,1,348,1,348
insertion,Calibrated recovery,31,96008,noise_objects,0,0,0.013927972875535488,0.009190130124334246,01e59d6b37222bbf2147804d477ee575aaddf56e97f79b6d7d1349d2a69945d6,d15ccb648336dc5748108797ea61dca74369c4cecdbb8e84a1fce8866a9fd22a,1,206,1,216,1,312,0,-1
insertion,Calibrated recovery,31,96008,noise_low_support,1,1,0.012848188169300556,0.0,01e59d6b37222bbf2147804d477ee575aaddf56e97f79b6d7d1349d2a69945d6,04efb954160f349777258a98b239fcfbc3015b39e07d8bb0bd3bc9174c53f8a0,1,209,1,217,1,352,1,352
insertion,Calibrated recovery,31,96008,noise_supported,1,1,0.013986003585159779,0.010163439349271356,01e59d6b37222bbf2147804d477ee575aaddf56e97f79b6d7d1349d2a69945d6,e8ed25b5dbfef04b1edbc6f9cf7139e5b16d60ef1c26c008232e28bb9a264900,1,209,1,217,1,337,1,337
insertion,Calibrated recovery,31,96008,replan_1,1,1,0.007825943641364574,0.0,01e59d6b37222bbf2147804d477ee575aaddf56e97f79b6d7d1349d2a69945d6,91503e1a34f9160e67e9842a5822d5a1f3452e45c978c67dc8e0e23236fac865,1,211,1,222,1,365,1,365
insertion,Calibrated recovery,31,96008,replan_1_ensemble,1,1,0.008102431702612406,0.0,01e59d6b37222bbf2147804d477ee575aaddf56e97f79b6d7d1349d2a69945d6,688917a9510a8b4edd4edeeb2e8e7342361abe725cb4b682c9cfbf0915711780,1,210,1,217,1,345,1,345
insertion,Calibrated recovery,31,96008,replan_16,1,1,0.012996545061469078,0.0,01e59d6b37222bbf2147804d477ee575aaddf56e97f79b6d7d1349d2a69945d6,cff39e23f1958ca66405b6afb4a75e7ad0b0cbd6118ccf416979af5f9295351c,1,212,1,218,1,356,1,356
insertion,Calibrated recovery,31,96009,nominal,1,1,0.013444922864437103,0.0,01e59d6b37222bbf2147804d477ee575aaddf56e97f79b6d7d1349d2a69945d6,0a6ffff0e3ca0180f3b10e1bc9762e233e6318c1ae66250ff9a977d7ceef0708,1,213,1,216,1,341,1,341
insertion,Calibrated recovery,31,96009,observation_noise,1,1,0.014367446303367615,0.009797343055251985,01e59d6b37222bbf2147804d477ee575aaddf56e97f79b6d7d1349d2a69945d6,00065314251ea083fb9249def3c5cb12505a34867c98a4bedb45c094cdbe15c6,1,209,1,209,1,363,1,363
insertion,Calibrated recovery,31,96009,noise_joints,1,1,0.013652960769832134,0.003605640267487615,01e59d6b37222bbf2147804d477ee575aaddf56e97f79b6d7d1349d2a69945d6,fc0a3ff05ecb36c416d62f88fb05ecb2c445df5fad358907032148134b083a2b,1,209,1,218,1,352,1,352
insertion,Calibrated recovery,31,96009,noise_objects,0,0,0.014094136655330658,0.008689452351536602,01e59d6b37222bbf2147804d477ee575aaddf56e97f79b6d7d1349d2a69945d6,9ad41031c138953dc52429050a22bd188c2898843e36a32ea25cae69042645cd,1,208,1,216,1,326,0,-1
insertion,Calibrated recovery,31,96009,noise_low_support,1,1,0.013444922864437103,0.0,01e59d6b37222bbf2147804d477ee575aaddf56e97f79b6d7d1349d2a69945d6,d01a4f1d86079623f2fd3110144a4a525fc587d9907409c22433a1a2c0e54e08,1,213,1,216,1,341,1,341
insertion,Calibrated recovery,31,96009,noise_supported,1,1,0.014367446303367615,0.009797343055251985,01e59d6b37222bbf2147804d477ee575aaddf56e97f79b6d7d1349d2a69945d6,00065314251ea083fb9249def3c5cb12505a34867c98a4bedb45c094cdbe15c6,1,209,1,209,1,363,1,363
insertion,Calibrated recovery,31,96009,replan_1,0,0,0.005263039842247963,0.0,01e59d6b37222bbf2147804d477ee575aaddf56e97f79b6d7d1349d2a69945d6,22cb1a37e9db4195a5ccd749ad981bd90ffc4876afff7f53e330868ddc53ed5c,0,-1,0,-1,0,-1,0,-1
insertion,Calibrated recovery,31,96009,replan_1_ensemble,1,1,0.008176481416958675,0.0,01e59d6b37222bbf2147804d477ee575aaddf56e97f79b6d7d1349d2a69945d6,4d54ea9907f959bfdea26d62aed53fb51a97dbc43b3db8b945046acc382070f7,1,207,1,215,1,347,1,347
insertion,Calibrated recovery,31,96009,replan_16,1,1,0.013236884027719498,0.0,01e59d6b37222bbf2147804d477ee575aaddf56e97f79b6d7d1349d2a69945d6,ee4bdfd8cb8a51de88c9fca23df649269e6d446e03e566f0e46dd1b7bd288270,1,210,1,216,1,324,1,337
insertion,Calibrated recovery,31,96010,nominal,0,0,0.01356503926217556,0.0,01e59d6b37222bbf2147804d477ee575aaddf56e97f79b6d7d1349d2a69945d6,e24903e6052170a20439cb0779eac9dd40f18509eff46d54a6e0f81f77afde9e,1,209,1,217,1,343,0,-1
insertion,Calibrated recovery,31,96010,observation_noise,0,0,0.016417432576417923,0.009607548341155053,01e59d6b37222bbf2147804d477ee575aaddf56e97f79b6d7d1349d2a69945d6,256ea99fcbf8a9301f814b1c0d881505e8539d35ee927e00d94bda3776de7828,1,211,1,217,1,283,0,-1
insertion,Calibrated recovery,31,96010,noise_joints,0,0,0.013946538791060448,0.003445992195047438,01e59d6b37222bbf2147804d477ee575aaddf56e97f79b6d7d1349d2a69945d6,02c7b93db4f1c43d9c55223399fe1872360dd5849b1c5ab23fd985fd18734fc7,1,210,1,210,1,326,0,-1
insertion,Calibrated recovery,31,96010,noise_objects,0,0,0.014608261175453663,0.008628679629182442,01e59d6b37222bbf2147804d477ee575aaddf56e97f79b6d7d1349d2a69945d6,7b787768af89bf0152540d60c69592308120939dfcca0fe97ecf65e41ad62419,1,219,1,225,1,286,0,-1
insertion,Calibrated recovery,31,96010,noise_low_support,0,0,0.01356503926217556,0.0,01e59d6b37222bbf2147804d477ee575aaddf56e97f79b6d7d1349d2a69945d6,e79d4491de3001c70ccdafd7a578a9f96008424cc246a4156eef04429608d078,1,209,1,217,1,343,0,-1
insertion,Calibrated recovery,31,96010,noise_supported,0,0,0.016417432576417923,0.009607548341155053,01e59d6b37222bbf2147804d477ee575aaddf56e97f79b6d7d1349d2a69945d6,256ea99fcbf8a9301f814b1c0d881505e8539d35ee927e00d94bda3776de7828,1,211,1,217,1,283,0,-1
insertion,Calibrated recovery,31,96010,replan_1,0,0,0.007967920042574406,0.0,01e59d6b37222bbf2147804d477ee575aaddf56e97f79b6d7d1349d2a69945d6,b5478d5a6f08959585233c5c0745ce3df34c9b309c031c3f8b9386b08c512750,1,212,1,216,1,263,0,-1
insertion,Calibrated recovery,31,96010,replan_1_ensemble,1,0,0.007664032407750634,0.0,01e59d6b37222bbf2147804d477ee575aaddf56e97f79b6d7d1349d2a69945d6,c036e08b51b1ea57a123db316bb3902dabf0120864d9ab7acdff13cfd1701992,1,206,1,215,1,380,1,380
insertion,Calibrated recovery,31,96010,replan_16,0,0,0.013184388168156147,0.0,01e59d6b37222bbf2147804d477ee575aaddf56e97f79b6d7d1349d2a69945d6,a2f23f4f98d3717ea5f57707837f3618425f4f8a15aa735458668976c318133c,1,220,1,225,0,-1,0,-1
insertion,Calibrated recovery,31,96011,nominal,0,0,0.013065491802990437,0.0,01e59d6b37222bbf2147804d477ee575aaddf56e97f79b6d7d1349d2a69945d6,ed27cd162657848ff0210836aba2b6c90b7952a82c560b46d0c6bae836e13e8c,1,206,1,208,0,-1,0,-1
insertion,Calibrated recovery,31,96011,observation_noise,0,0,0.014054174534976482,0.009576896484941245,01e59d6b37222bbf2147804d477ee575aaddf56e97f79b6d7d1349d2a69945d6,776334bac9b4627dd2463ccfff36f8ff556ad76e30ba4c7a272b35239259b062,1,205,1,225,0,-1,0,-1
insertion,Calibrated recovery,31,96011,noise_joints,0,0,0.013295522890985012,0.0035304596100468187,01e59d6b37222bbf2147804d477ee575aaddf56e97f79b6d7d1349d2a69945d6,3a56da054cad380647f32ad45a2dadfc7f4cc8cfae06029a8e553e59d78182e0,1,208,1,218,0,-1,0,-1
insertion,Calibrated recovery,31,96011,noise_objects,0,0,0.013800913468003273,0.008685323330573737,01e59d6b37222bbf2147804d477ee575aaddf56e97f79b6d7d1349d2a69945d6,6e27491425069a3277c061f556d1ec70cc9dabc30d77fee725be0e24569ed9c1,1,201,1,222,0,-1,0,-1
insertion,Calibrated recovery,31,96011,noise_low_support,0,0,0.013065491802990437,0.0,01e59d6b37222bbf2147804d477ee575aaddf56e97f79b6d7d1349d2a69945d6,45d3aa22a6bda0a3fc2f0b06fc5c3f5000826eed72b488d94cffa075b06ea66c,1,206,1,208,0,-1,0,-1
insertion,Calibrated recovery,31,96011,noise_supported,0,0,0.014054174534976482,0.009576896484941245,01e59d6b37222bbf2147804d477ee575aaddf56e97f79b6d7d1349d2a69945d6,776334bac9b4627dd2463ccfff36f8ff556ad76e30ba4c7a272b35239259b062,1,205,1,225,0,-1,0,-1
insertion,Calibrated recovery,31,96011,replan_1,0,0,0.01510480884462595,0.0,01e59d6b37222bbf2147804d477ee575aaddf56e97f79b6d7d1349d2a69945d6,dfc0b099c2067cb2e95d998e2d501fa2340ebe44e34a9280ec5dafd54a9b21f2,0,-1,0,-1,0,-1,0,-1
insertion,Calibrated recovery,31,96011,replan_1_ensemble,0,0,0.0076637989223832725,0.0,01e59d6b37222bbf2147804d477ee575aaddf56e97f79b6d7d1349d2a69945d6,15de7ca65ce5b354e665b6df0564aa9ac4c045d1d3a845752e77b846f7d242c3,1,207,1,216,1,398,0,-1
insertion,Calibrated recovery,31,96011,replan_16,0,0,0.012956791557371616,0.0,01e59d6b37222bbf2147804d477ee575aaddf56e97f79b6d7d1349d2a69945d6,dc92447712122f6226cd79cf30529769b274cd3160714cf9a436b03d02574c6a,1,209,1,219,0,-1,0,-1
insertion,Calibrated recovery,31,96012,nominal,0,0,0.013317191042006016,0.0,01e59d6b37222bbf2147804d477ee575aaddf56e97f79b6d7d1349d2a69945d6,c27d59816363a04ecfd962529f1acbf66a85dcde69730e3e1b5b5bd6294d5a93,1,212,1,217,1,291,0,-1
insertion,Calibrated recovery,31,96012,observation_noise,1,0,0.014598032459616661,0.009187210048548878,01e59d6b37222bbf2147804d477ee575aaddf56e97f79b6d7d1349d2a69945d6,e412f3a72a2b57238dba71f175fafd22311b1620839989082cce4e7f95fbb7c2,1,215,1,218,1,336,1,346
insertion,Calibrated recovery,31,96012,noise_joints,1,1,0.013526201248168945,0.0034884421259630473,01e59d6b37222bbf2147804d477ee575aaddf56e97f79b6d7d1349d2a69945d6,a7e14697aaf0c828b3dd0db66df5845e2ce9239e56924d442f4476a3e4e9d274,1,212,1,212,1,338,1,338
insertion,Calibrated recovery,31,96012,noise_objects,1,0,0.01383197121322155,0.008431619184557348,01e59d6b37222bbf2147804d477ee575aaddf56e97f79b6d7d1349d2a69945d6,21a7f8f5a2532a92847bf06a2040adaa6636f8ab20529ab3b4cb0988b712183f,1,210,1,218,1,346,1,346
insertion,Calibrated recovery,31,96012,noise_low_support,0,0,0.013317191042006016,0.0,01e59d6b37222bbf2147804d477ee575aaddf56e97f79b6d7d1349d2a69945d6,ee5ed45cdde496fe9a5569d52d1ef4a611a281f703437b7e4f6c0e14530823a3,1,212,1,217,1,291,0,-1
insertion,Calibrated recovery,31,96012,noise_supported,1,0,0.014598032459616661,0.009187210048548878,01e59d6b37222bbf2147804d477ee575aaddf56e97f79b6d7d1349d2a69945d6,e412f3a72a2b57238dba71f175fafd22311b1620839989082cce4e7f95fbb7c2,1,215,1,218,1,336,1,346
insertion,Calibrated recovery,31,96012,replan_1,0,0,0.011861507780849934,0.0,01e59d6b37222bbf2147804d477ee575aaddf56e97f79b6d7d1349d2a69945d6,87b9aa24befe5f34cb8ef69b34998b0e601b86d043bf817d17ed8015dd4d6f43,1,207,0,-1,0,-1,0,-1
insertion,Calibrated recovery,31,96012,replan_1_ensemble,0,0,0.007923237863512166,0.0,01e59d6b37222bbf2147804d477ee575aaddf56e97f79b6d7d1349d2a69945d6,0d3ce860d4805d7254295c70b09a26a68dd36ee42414a815ecf8a61cf04e9453,1,213,1,226,1,289,0,-1
insertion,Calibrated recovery,31,96012,replan_16,1,1,0.012766369618475437,0.0,01e59d6b37222bbf2147804d477ee575aaddf56e97f79b6d7d1349d2a69945d6,9d0a7cc904511ca1fbd6006f40fccd7d5c208abd382abb13037dc00a2501483b,1,212,1,220,1,337,1,337
insertion,Calibrated recovery,31,96013,nominal,1,1,0.012731045484542847,0.0,01e59d6b37222bbf2147804d477ee575aaddf56e97f79b6d7d1349d2a69945d6,48b1587d2ed191f7918551d44311013d4f60ee19ef980498706394f52b999dc3,1,213,1,215,1,345,1,345
insertion,Calibrated recovery,31,96013,observation_noise,1,1,0.014219933189451694,0.010902303787879646,01e59d6b37222bbf2147804d477ee575aaddf56e97f79b6d7d1349d2a69945d6,a0d1b6fd4641e283914f5c39a9e287af6bc6b89f6cb1aa6c66a881ca1a2213e3,1,216,1,219,1,344,1,344
insertion,Calibrated recovery,31,96013,noise_joints,1,1,0.013158070854842663,0.003854540204629302,01e59d6b37222bbf2147804d477ee575aaddf56e97f79b6d7d1349d2a69945d6,165d45e125131f083e3d61e05e431d3216dea6220bd93db2d82ead75089f5d24,1,212,1,220,1,346,1,346
insertion,Calibrated recovery,31,96013,noise_objects,0,0,0.013809949159622192,0.009931550531182437,01e59d6b37222bbf2147804d477ee575aaddf56e97f79b6d7d1349d2a69945d6,53712179d044c1b4fc118ac5a0104883874f12d40a30a00f9361e13d3fbeb452,1,213,1,220,1,325,0,-1
insertion,Calibrated recovery,31,96013,noise_low_support,1,1,0.012731045484542847,0.0,01e59d6b37222bbf2147804d477ee575aaddf56e97f79b6d7d1349d2a69945d6,1d34be056fdae60af2ce536553cd1f548c171122b2a8868b289dc32be39150fa,1,213,1,215,1,345,1,345
insertion,Calibrated recovery,31,96013,noise_supported,1,1,0.014219933189451694,0.010902303787879646,01e59d6b37222bbf2147804d477ee575aaddf56e97f79b6d7d1349d2a69945d6,a0d1b6fd4641e283914f5c39a9e287af6bc6b89f6cb1aa6c66a881ca1a2213e3,1,216,1,219,1,344,1,344
insertion,Calibrated recovery,31,96013,replan_1,0,0,0.011175130493938923,0.0,01e59d6b37222bbf2147804d477ee575aaddf56e97f79b6d7d1349d2a69945d6,5e32e2971f11dcd7e33afa8fa08768f92db88578a8d717820855875a79055432,0,-1,0,-1,0,-1,0,-1
insertion,Calibrated recovery,31,96013,replan_1_ensemble,1,1,0.007755283332898932,0.0,01e59d6b37222bbf2147804d477ee575aaddf56e97f79b6d7d1349d2a69945d6,e5876338a860186a3951e87dea8a59cfa67307822e57b07503a8029a64e16e19,1,210,1,222,1,350,1,350
insertion,Calibrated recovery,31,96013,replan_16,1,1,0.012413164600729942,0.0,01e59d6b37222bbf2147804d477ee575aaddf56e97f79b6d7d1349d2a69945d6,d981955181d37c046945b1c1c64c5eae7453d08cd3e5fa484274d11bf425ae5b,1,212,1,215,1,340,1,340
insertion,Calibrated recovery,31,96014,nominal,1,1,0.012635811232030392,0.0,01e59d6b37222bbf2147804d477ee575aaddf56e97f79b6d7d1349d2a69945d6,2f1227c4d81a4289f4dd3bc96537a53047c4a1a25f73e515d8d2d00a78a5cdc1,1,214,1,215,1,340,1,340
insertion,Calibrated recovery,31,96014,observation_noise,0,0,0.014398920349776745,0.010745781548321247,01e59d6b37222bbf2147804d477ee575aaddf56e97f79b6d7d1349d2a69945d6,ccda807d9533b6e1957328c358a154925eb67178f20948f9dc31c2fa37dc94e6,1,218,1,218,1,326,0,-1
insertion,Calibrated recovery,31,96014,noise_joints,1,1,0.012857637368142605,0.0034880876098759474,01e59d6b37222bbf2147804d477ee575aaddf56e97f79b6d7d1349d2a69945d6,275d7d8a157deff1ee904b8a5518d943747acc0188bd507274e16c2a7c7b00e3,1,212,1,219,1,349,1,349
insertion,Calibrated recovery,31,96014,noise_objects,1,1,0.014454572461545467,0.01017208392964676,01e59d6b37222bbf2147804d477ee575aaddf56e97f79b6d7d1349d2a69945d6,8887fe2b5da6a3c665264a454622c7a4e700ffdd50d02ceaccef1456e12344b8,1,214,1,218,1,283,1,337
insertion,Calibrated recovery,31,96014,noise_low_support,1,1,0.012635811232030392,0.0,01e59d6b37222bbf2147804d477ee575aaddf56e97f79b6d7d1349d2a69945d6,b3e6ffdaab5d2592c5e2d13923b787e7808ef242abad603d2fa4f838593cede1,1,214,1,215,1,340,1,340
insertion,Calibrated recovery,31,96014,noise_supported,0,0,0.014398920349776745,0.010745781548321247,01e59d6b37222bbf2147804d477ee575aaddf56e97f79b6d7d1349d2a69945d6,ccda807d9533b6e1957328c358a154925eb67178f20948f9dc31c2fa37dc94e6,1,218,1,218,1,326,0,-1
insertion,Calibrated recovery,31,96014,replan_1,0,0,0.012531526386737823,0.0,01e59d6b37222bbf2147804d477ee575aaddf56e97f79b6d7d1349d2a69945d6,e1e1cfc31ddb7d5bfa688988835147c896546639df33bb1cbb766849375c3e3f,0,-1,0,-1,0,-1,0,-1
insertion,Calibrated recovery,31,96014,replan_1_ensemble,1,1,0.00771659733893395,0.0,01e59d6b37222bbf2147804d477ee575aaddf56e97f79b6d7d1349d2a69945d6,336784680cfc542e65922713d8e15926fbd05d29712b53bf01aac4600715769b,1,221,1,221,1,349,1,349
insertion,Calibrated recovery,31,96014,replan_16,1,1,0.01234429981559515,0.0,01e59d6b37222bbf2147804d477ee575aaddf56e97f79b6d7d1349d2a69945d6,0ef58ad8e36428ab01799d6c8da2803633b958488f0898e1836dd257652144ea,1,213,1,216,1,337,1,337
insertion,Calibrated recovery,31,96015,nominal,1,1,0.013356518000364304,0.0,01e59d6b37222bbf2147804d477ee575aaddf56e97f79b6d7d1349d2a69945d6,6659f7b6ef4db812bc1d1e5bc9163bb6eca10e4b85e7949bb42b196a4f2c174e,1,215,1,215,1,360,1,360
insertion,Calibrated recovery,31,96015,observation_noise,0,0,0.014562857337296009,0.01008461245102808,01e59d6b37222bbf2147804d477ee575aaddf56e97f79b6d7d1349d2a69945d6,0f4042abe435a1e815e8e241b24ff01fbdd7222f5c78ee8222b457a323a2ac82,1,223,1,224,0,-1,0,-1
insertion,Calibrated recovery,31,96015,noise_joints,1,1,0.01352732628583908,0.0035368588124401867,01e59d6b37222bbf2147804d477ee575aaddf56e97f79b6d7d1349d2a69945d6,bcf67281fd5dbce8a51a5da72a27205f25713252ade7f4ed598a163aa948a747,1,214,1,219,1,375,1,375
insertion,Calibrated recovery,31,96015,noise_objects,1,1,0.014261442236602306,0.009338679388165474,01e59d6b37222bbf2147804d477ee575aaddf56e97f79b6d7d1349d2a69945d6,18f24c2f89896ff50a2f20bd0e075c8a2e346051a1ab92cbedd402bd311aebb9,1,218,1,218,1,397,1,397
insertion,Calibrated recovery,31,96015,noise_low_support,1,1,0.013356518000364304,0.0,01e59d6b37222bbf2147804d477ee575aaddf56e97f79b6d7d1349d2a69945d6,244b7c5ef91cc8feb77e608cec98f6280ea471be86e445ddbf8f7b704a382f82,1,215,1,215,1,360,1,360
insertion,Calibrated recovery,31,96015,noise_supported,0,0,0.014562857337296009,0.01008461245102808,01e59d6b37222bbf2147804d477ee575aaddf56e97f79b6d7d1349d2a69945d6,0f4042abe435a1e815e8e241b24ff01fbdd7222f5c78ee8222b457a323a2ac82,1,223,1,224,0,-1,0,-1
insertion,Calibrated recovery,31,96015,replan_1,0,0,0.0050896634347736835,0.0,01e59d6b37222bbf2147804d477ee575aaddf56e97f79b6d7d1349d2a69945d6,185a70f2823665853688691f8ef13af6fe777e007bc84df1ffa80f30fbb3a7b5,0,-1,0,-1,0,-1,0,-1
insertion,Calibrated recovery,31,96015,replan_1_ensemble,1,1,0.007860051925335171,0.0,01e59d6b37222bbf2147804d477ee575aaddf56e97f79b6d7d1349d2a69945d6,e856b4b3403aee3468cbc57abe446803b3f40e6ea2cb33366553d1a07ee01054,1,213,1,225,1,383,1,383
insertion,Calibrated recovery,31,96015,replan_16,1,1,0.013362716883420944,0.0,01e59d6b37222bbf2147804d477ee575aaddf56e97f79b6d7d1349d2a69945d6,c568c9b9e6a36f15a728efe502b4099659abe2eda7b1e9fb95bcf09048a3d2bd,1,214,1,215,1,356,1,356
insertion,Calibrated recovery,31,96016,nominal,1,1,0.01193961687386036,0.0,01e59d6b37222bbf2147804d477ee575aaddf56e97f79b6d7d1349d2a69945d6,9df19b992f5d9a7c72ed88769d0978bc8a0b30e8d4e8c7b5ab321b94738f6e8d,1,213,1,218,1,373,1,373
insertion,Calibrated recovery,31,96016,observation_noise,1,1,0.014100167900323868,0.010719167934730649,01e59d6b37222bbf2147804d477ee575aaddf56e97f79b6d7d1349d2a69945d6,79e62a5804371107b4b6f6952847dbdf2c1931cc0cd9d54281f90b7403632337,1,217,1,218,1,395,1,395
insertion,Calibrated recovery,31,96016,noise_joints,1,1,0.012350290082395077,0.003262363891117275,01e59d6b37222bbf2147804d477ee575aaddf56e97f79b6d7d1349d2a69945d6,79b3c83fa29ee8e8059f011095595b536da7a08a3ca2a0f04474aa05cd12fb79,1,214,1,220,1,374,1,374
insertion,Calibrated recovery,31,96016,noise_objects,1,1,0.013813091441988945,0.010208633766742423,01e59d6b37222bbf2147804d477ee575aaddf56e97f79b6d7d1349d2a69945d6,34198a0182b46c932a63226f78870b64fbae1b42900ec3e3b0e53a2d98e22e1f,1,216,1,218,1,396,1,396
insertion,Calibrated recovery,31,96016,noise_low_support,1,1,0.01193961687386036,0.0,01e59d6b37222bbf2147804d477ee575aaddf56e97f79b6d7d1349d2a69945d6,565d9623a62e4f0e549989df24989ebdd2f6f56a569b6eb756ba801d50d2e8b1,1,213,1,218,1,373,1,373
insertion,Calibrated recovery,31,96016,noise_supported,1,1,0.014100167900323868,0.010719167934730649,01e59d6b37222bbf2147804d477ee575aaddf56e97f79b6d7d1349d2a69945d6,79e62a5804371107b4b6f6952847dbdf2c1931cc0cd9d54281f90b7403632337,1,217,1,218,1,395,1,395
insertion,Calibrated recovery,31,96016,replan_1,0,0,0.012701461091637611,0.0,01e59d6b37222bbf2147804d477ee575aaddf56e97f79b6d7d1349d2a69945d6,aa7928e5992231eb7aeb53f5876548115b420efdcc1ec99bc92cf4583b426b35,0,-1,0,-1,0,-1,0,-1
insertion,Calibrated recovery,31,96016,replan_1_ensemble,1,1,0.007371327139554883,0.0,01e59d6b37222bbf2147804d477ee575aaddf56e97f79b6d7d1349d2a69945d6,2d9f959bb0d03987dd94c8f6177bf0adf9c16b7decd1418eeace537146875882,1,213,1,219,1,372,1,372
insertion,Calibrated recovery,31,96016,replan_16,1,1,0.011743790470063686,0.0,01e59d6b37222bbf2147804d477ee575aaddf56e97f79b6d7d1349d2a69945d6,2ba47a7c19b7531a1cf380025d264ff64621224417895015533a525431160de0,1,212,1,219,1,354,1,354
insertion,Calibrated recovery,31,96017,nominal,0,0,0.01303610485047102,0.0,01e59d6b37222bbf2147804d477ee575aaddf56e97f79b6d7d1349d2a69945d6,7fc9796f7d23edd1504d0f2303e40434fb08de1b4e5d94179b9c71a5d6992804,1,208,1,216,0,-1,0,-1
insertion,Calibrated recovery,31,96017,observation_noise,0,0,0.01389805506914854,0.008988116793334484,01e59d6b37222bbf2147804d477ee575aaddf56e97f79b6d7d1349d2a69945d6,128dba629875fa5e93487e0f8cc4269ee4a62419d166535223ee6b18274d854b,1,210,1,214,1,372,0,-1
insertion,Calibrated recovery,31,96017,noise_joints,0,0,0.013260015286505222,0.0036145873670466243,01e59d6b37222bbf2147804d477ee575aaddf56e97f79b6d7d1349d2a69945d6,7be398e5cbc1d62c515bc653d2368b72159d733e1904341d4f9ea8f01e72670c,1,216,1,217,0,-1,0,-1
insertion,Calibrated recovery,31,96017,noise_objects,0,0,0.013672037050127983,0.008082522472832351,01e59d6b37222bbf2147804d477ee575aaddf56e97f79b6d7d1349d2a69945d6,3a5318fab97c5a2072fa430037bffd4b4e5649c8c7f49a332fe30c34b61f35c4,1,207,1,213,0,-1,0,-1
insertion,Calibrated recovery,31,96017,noise_low_support,0,0,0.01303610485047102,0.0,01e59d6b37222bbf2147804d477ee575aaddf56e97f79b6d7d1349d2a69945d6,d752bbc112f65ed7d7f1739214a877fcd4073b9a2905224fc210f9f1369161e0,1,208,1,216,0,-1,0,-1
insertion,Calibrated recovery,31,96017,noise_supported,0,0,0.01389805506914854,0.008988116793334484,01e59d6b37222bbf2147804d477ee575aaddf56e97f79b6d7d1349d2a69945d6,128dba629875fa5e93487e0f8cc4269ee4a62419d166535223ee6b18274d854b,1,210,1,214,1,372,0,-1
insertion,Calibrated recovery,31,96017,replan_1,0,0,0.01459007989615202,0.0,01e59d6b37222bbf2147804d477ee575aaddf56e97f79b6d7d1349d2a69945d6,19cf685977b0076fa8bb9bf94d2a363f0105d6718a33ed5ef965d88414ca5eef,0,-1,0,-1,0,-1,0,-1
insertion,Calibrated recovery,31,96017,replan_1_ensemble,0,0,0.007775350801533819,0.0,01e59d6b37222bbf2147804d477ee575aaddf56e97f79b6d7d1349d2a69945d6,e53a9bef97582d465f37ae3bf9d96c3411ea971500bdb961ff5a07fbdd8f2763,1,210,1,217,1,374,0,-1
insertion,Calibrated recovery,31,96017,replan_16,0,0,0.012925808317959309,0.0,01e59d6b37222bbf2147804d477ee575aaddf56e97f79b6d7d1349d2a69945d6,81660503d79e9a66de5de3ff51754005807decbe243f7dd20cc24c6ad38cebce,1,209,1,217,0,-1,0,-1
insertion,Calibrated recovery,31,96018,nominal,0,0,0.012653914280235767,0.0,01e59d6b37222bbf2147804d477ee575aaddf56e97f79b6d7d1349d2a69945d6,b55238cd768a1952de950461e523ed475f8690edf2bde4ddb365d85dc8bd585e,1,212,1,219,1,319,0,-1
insertion,Calibrated recovery,31,96018,observation_noise,0,0,0.014287996105849743,0.010161775117740034,01e59d6b37222bbf2147804d477ee575aaddf56e97f79b6d7d1349d2a69945d6,6c2a5e7fc84e09a350c511cdcb752e71d7ce1707234201cb0b5ce2461e7686d7,1,207,1,221,0,-1,0,-1
insertion,Calibrated recovery,31,96018,noise_joints,0,0,0.012800546362996101,0.0033379408600740135,01e59d6b37222bbf2147804d477ee575aaddf56e97f79b6d7d1349d2a69945d6,a4a29ae5c64c246dc21497ba3138faa7ffee3bc2a9b527edf77134c17c3fc038,1,207,1,220,1,317,0,-1
insertion,Calibrated recovery,31,96018,noise_objects,1,0,0.014097752049565315,0.0093079364602454,01e59d6b37222bbf2147804d477ee575aaddf56e97f79b6d7d1349d2a69945d6,17be00f5dde01a241c0f5408e0d00f2b92ec318c36cdd89641dc3aba7ff7eaa6,1,203,1,232,1,383,1,383
insertion,Calibrated recovery,31,96018,noise_low_support,0,0,0.012653914280235767,0.0,01e59d6b37222bbf2147804d477ee575aaddf56e97f79b6d7d1349d2a69945d6,9de0e6b4c4f131d0dd8d88dfa6a43971e7265e99378019ca0a0ec63b9b654428,1,212,1,219,1,319,0,-1
insertion,Calibrated recovery,31,96018,noise_supported,0,0,0.014287996105849743,0.010161775117740034,01e59d6b37222bbf2147804d477ee575aaddf56e97f79b6d7d1349d2a69945d6,6c2a5e7fc84e09a350c511cdcb752e71d7ce1707234201cb0b5ce2461e7686d7,1,207,1,221,0,-1,0,-1
insertion,Calibrated recovery,31,96018,replan_1,0,0,0.007659889757633209,0.0,01e59d6b37222bbf2147804d477ee575aaddf56e97f79b6d7d1349d2a69945d6,df117853f2fdb8b888e78f735f74c9339d6355ca98eec9385bee9bc996e5a9a6,1,202,1,219,1,259,0,-1
insertion,Calibrated recovery,31,96018,replan_1_ensemble,1,1,0.00792436520790141,0.0,01e59d6b37222bbf2147804d477ee575aaddf56e97f79b6d7d1349d2a69945d6,f7ffad71200e0059d8d0a7acfa1286f5d25323c648801debc993cd3e832058a1,1,206,1,217,1,358,1,358
insertion,Calibrated recovery,31,96018,replan_16,1,1,0.012569349259138107,0.0,01e59d6b37222bbf2147804d477ee575aaddf56e97f79b6d7d1349d2a69945d6,8bb5db6f4e933d224efee7dd592ef23c98cc5a783b8dead0baa388a9d5acecf6,1,220,1,221,1,345,1,345
insertion,Calibrated recovery,31,96019,nominal,1,1,0.012440657243132591,0.0,01e59d6b37222bbf2147804d477ee575aaddf56e97f79b6d7d1349d2a69945d6,3c907f17a082a14b3d5cab5949461b5e1611156805e1bf47a815ed8612f915f4,1,218,1,223,1,346,1,346
insertion,Calibrated recovery,31,96019,observation_noise,0,0,0.014927271753549576,0.009463587142527104,01e59d6b37222bbf2147804d477ee575aaddf56e97f79b6d7d1349d2a69945d6,5847cf6e101adc9b459f88ceac2c3aa72d6f4655464006e9c2600d63daedbb09,1,214,1,214,1,292,0,-1
insertion,Calibrated recovery,31,96019,noise_joints,1,1,0.01281689666211605,0.003496995926834643,01e59d6b37222bbf2147804d477ee575aaddf56e97f79b6d7d1349d2a69945d6,f9bf84e466dbcc7fe04a1fe6bd90d0d7bc1f32917fd7c591d992ded8f30f369f,1,216,1,222,1,346,1,346
insertion,Calibrated recovery,31,96019,noise_objects,0,0,0.01433208491653204,0.008365636253729462,01e59d6b37222bbf2147804d477ee575aaddf56e97f79b6d7d1349d2a69945d6,ecd141d0d51d867eeab2362438d394eeb6a91efc3f0bd78238c2d567afbe5e4e,1,215,1,215,1,292,0,-1
insertion,Calibrated recovery,31,96019,noise_low_support,1,1,0.012440657243132591,0.0,01e59d6b37222bbf2147804d477ee575aaddf56e97f79b6d7d1349d2a69945d6,7636fe4d9ab9f3406d1c36347c666332b2b051b5153957675ba4a7dc7806b67d,1,218,1,223,1,346,1,346
insertion,Calibrated recovery,31,96019,noise_supported,0,0,0.014927271753549576,0.009463587142527104,01e59d6b37222bbf2147804d477ee575aaddf56e97f79b6d7d1349d2a69945d6,5847cf6e101adc9b459f88ceac2c3aa72d6f4655464006e9c2600d63daedbb09,1,214,1,214,1,292,0,-1
insertion,Calibrated recovery,31,96019,replan_1,0,0,0.012523218989372253,0.0,01e59d6b37222bbf2147804d477ee575aaddf56e97f79b6d7d1349d2a69945d6,7c0a566e64f63eaf520d6cb77de0a7c41c76f3eb91cc50dcd9faf7d1e932b4dd,0,-1,0,-1,0,-1,0,-1
insertion,Calibrated recovery,31,96019,replan_1_ensemble,1,1,0.007819415696728066,0.0,01e59d6b37222bbf2147804d477ee575aaddf56e97f79b6d7d1349d2a69945d6,35772ec46a69257ea88b4f6f72c692212aa1321f156a57d4ccf9455da8e592e9,1,226,1,227,1,343,1,343
insertion,Calibrated recovery,31,96019,replan_16,1,1,0.012309366837143898,0.0,01e59d6b37222bbf2147804d477ee575aaddf56e97f79b6d7d1349d2a69945d6,70777078a26c0ce6ec3f4a873fa776ec5d271535477c7f54f5beaede1b617cf3,1,216,1,220,1,341,1,341
insertion,Calibrated recovery,47,96000,nominal,0,0,0.016556648537516594,0.0,8d60909cfe4c0bef2eaeab9d8be367a78028b69037740d95623aa93179492fc5,3f800f6ee07128bc37e07a03b535cc4f0cef1426ec79237c2d3b9aa3ccafab8f,1,224,1,224,1,360,0,-1
insertion,Calibrated recovery,47,96000,observation_noise,0,0,0.01614237204194069,0.008957225088961423,8d60909cfe4c0bef2eaeab9d8be367a78028b69037740d95623aa93179492fc5,e4cd0c48576211484fe47892581f24550c3eda5734deccb50dbfe84950c22548,1,231,1,235,0,-1,0,-1
insertion,Calibrated recovery,47,96000,noise_joints,0,0,0.016338663175702095,0.0039122797246091065,8d60909cfe4c0bef2eaeab9d8be367a78028b69037740d95623aa93179492fc5,22dd22620281ee3f2ac19fc2de4b59734b3f239f92defa2df7419eac3e96e945,1,224,1,224,1,346,0,-1
insertion,Calibrated recovery,47,96000,noise_objects,1,0,0.017188329249620438,0.0077527431631460786,8d60909cfe4c0bef2eaeab9d8be367a78028b69037740d95623aa93179492fc5,5d3657f4474832b0e41a84159bcd7bcfce1cb6e1f64f24b8ec42c29de0812c30,1,228,1,228,1,305,1,363
insertion,Calibrated recovery,47,96000,noise_low_support,0,0,0.016556648537516594,0.0,8d60909cfe4c0bef2eaeab9d8be367a78028b69037740d95623aa93179492fc5,8e36804bbd11325dcd876e7baf6248bf6afd1b3e208e444dd2731220b3860669,1,224,1,224,1,360,0,-1
insertion,Calibrated recovery,47,96000,noise_supported,0,0,0.01614237204194069,0.008957225088961423,8d60909cfe4c0bef2eaeab9d8be367a78028b69037740d95623aa93179492fc5,e4cd0c48576211484fe47892581f24550c3eda5734deccb50dbfe84950c22548,1,231,1,235,0,-1,0,-1
insertion,Calibrated recovery,47,96000,replan_1,0,0,0.0030334126204252243,0.0,8d60909cfe4c0bef2eaeab9d8be367a78028b69037740d95623aa93179492fc5,a5eb0e95a112b89a29922bb362873bd1b6f38639b9d7cdaa1976bed8b8ccabe4,0,-1,0,-1,0,-1,0,-1
insertion,Calibrated recovery,47,96000,replan_1_ensemble,1,1,0.008243259202484612,0.0,8d60909cfe4c0bef2eaeab9d8be367a78028b69037740d95623aa93179492fc5,a06dc53d506a81d097071f97d7c0678248b66b5f2aed80db801f0ad645e9c73a,1,223,1,223,1,393,1,393
insertion,Calibrated recovery,47,96000,replan_16,0,0,0.0657082125544548,0.0,8d60909cfe4c0bef2eaeab9d8be367a78028b69037740d95623aa93179492fc5,814b7f6837d4a4d891afab9a5e5c2dea36c1e1e95f9ceb62241fa7517c438e0a,0,-1,0,-1,0,-1,0,-1
insertion,Calibrated recovery,47,96001,nominal,1,1,0.013863357715308666,0.0,8d60909cfe4c0bef2eaeab9d8be367a78028b69037740d95623aa93179492fc5,942644b5f545aa1ac794d956a6d09bbd7623475cbd2d202876afb0f4ff20a790,1,207,1,224,1,336,1,336
insertion,Calibrated recovery,47,96001,observation_noise,1,1,0.014731122180819511,0.008652075063437223,8d60909cfe4c0bef2eaeab9d8be367a78028b69037740d95623aa93179492fc5,33d98804672001d489f9b8d5f74cc6cfe793ae150c8dfea4f8e0313f23e2ca81,1,217,1,217,1,328,1,328
insertion,Calibrated recovery,47,96001,noise_joints,1,0,0.013773062266409397,0.0037748328736051918,8d60909cfe4c0bef2eaeab9d8be367a78028b69037740d95623aa93179492fc5,01f872c0b7d72eec26aa90b23fec132ab3d8c002cf88f81f2511ced73ca0e369,1,216,1,224,1,329,1,329
insertion,Calibrated recovery,47,96001,noise_objects,0,0,0.06637722253799438,0.004934214754248387,8d60909cfe4c0bef2eaeab9d8be367a78028b69037740d95623aa93179492fc5,e683ce5fff8bdd567b8cd66567e7a03157dc1f293f62ed7c3f4d474fdddfca53,0,-1,0,-1,0,-1,0,-1
insertion,Calibrated recovery,47,96001,noise_low_support,1,1,0.013863357715308666,0.0,8d60909cfe4c0bef2eaeab9d8be367a78028b69037740d95623aa93179492fc5,f1559d8eb71071413627d2e3238ac0c41beba8adcad910bab4512d2089360ae1,1,207,1,224,1,336,1,336
insertion,Calibrated recovery,47,96001,noise_supported,1,1,0.014731122180819511,0.008652075063437223,8d60909cfe4c0bef2eaeab9d8be367a78028b69037740d95623aa93179492fc5,33d98804672001d489f9b8d5f74cc6cfe793ae150c8dfea4f8e0313f23e2ca81,1,217,1,217,1,328,1,328
insertion,Calibrated recovery,47,96001,replan_1,0,0,0.0029325662180781364,0.0,8d60909cfe4c0bef2eaeab9d8be367a78028b69037740d95623aa93179492fc5,ef77598919f5b8f7b62eff5f795e925d5299f64bb92b83b223a5af1362128b12,0,-1,0,-1,0,-1,0,-1
insertion,Calibrated recovery,47,96001,replan_1_ensemble,0,0,0.008234262590459777,0.0,8d60909cfe4c0bef2eaeab9d8be367a78028b69037740d95623aa93179492fc5,031ca10b58be8dae3736b232589d0a4a089b0ecfb01c4bb12f3a046646d1a790,1,223,1,224,1,334,0,-1
insertion,Calibrated recovery,47,96001,replan_16,1,1,0.014029077254235744,0.0,8d60909cfe4c0bef2eaeab9d8be367a78028b69037740d95623aa93179492fc5,2d338b776ce69a78215537a2d2464b6b002375b90c3880434f04271d8cb73627,1,210,1,218,1,321,1,321
insertion,Calibrated recovery,47,96002,nominal,1,1,0.014552156440913677,0.0,8d60909cfe4c0bef2eaeab9d8be367a78028b69037740d95623aa93179492fc5,adc4d52ee2d66a7ad14a08841f6c648e4084e44c982e0bc4727ff364fc802f71,1,207,1,214,1,385,1,385
insertion,Calibrated recovery,47,96002,observation_noise,0,0,0.017065946012735367,0.00983615733217448,8d60909cfe4c0bef2eaeab9d8be367a78028b69037740d95623aa93179492fc5,8a46e68bc657088ba61ae966588489e1e10d938e209e85f039a3843a1709b4b0,1,207,1,215,1,345,0,-1
insertion,Calibrated recovery,47,96002,noise_joints,0,0,0.01483799610286951,0.004354923496721313,8d60909cfe4c0bef2eaeab9d8be367a78028b69037740d95623aa93179492fc5,1fb46d8756ebe184f454f42c31de224ccdd17d2aa0e3e5b90b522a2ef967b3fe,1,207,1,207,0,-1,0,-1
insertion,Calibrated recovery,47,96002,noise_objects,0,0,0.01594430021941662,0.008446980183944106,8d60909cfe4c0bef2eaeab9d8be367a78028b69037740d95623aa93179492fc5,281b74bfae6ec7339d4c1f21ff22948c5ec0b608ce29e56c1a3513ab8c75b352,1,210,1,214,1,344,0,-1
insertion,Calibrated recovery,47,96002,noise_low_support,1,1,0.014552156440913677,0.0,8d60909cfe4c0bef2eaeab9d8be367a78028b69037740d95623aa93179492fc5,58ab83a46ee0bcc902b415084acec2e0a2b97bceb53061629545e13efae584a8,1,207,1,214,1,385,1,385
insertion,Calibrated recovery,47,96002,noise_supported,0,0,0.017065946012735367,0.00983615733217448,8d60909cfe4c0bef2eaeab9d8be367a78028b69037740d95623aa93179492fc5,8a46e68bc657088ba61ae966588489e1e10d938e209e85f039a3843a1709b4b0,1,207,1,215,1,345,0,-1
insertion,Calibrated recovery,47,96002,replan_1,0,0,0.0062555428594350815,0.0,8d60909cfe4c0bef2eaeab9d8be367a78028b69037740d95623aa93179492fc5,d15279e54e7a330bca97caedf549df2fbef426389e8e19cf9d78565f0831a2d4,0,-1,0,-1,0,-1,0,-1
insertion,Calibrated recovery,47,96002,replan_1_ensemble,1,1,0.008153538161280678,0.0,8d60909cfe4c0bef2eaeab9d8be367a78028b69037740d95623aa93179492fc5,90ed756f9a5007275b7651323fc1193b7013b41d3846eed2dbaa13400f568683,1,201,1,219,1,372,1,372
insertion,Calibrated recovery,47,96002,replan_16,1,0,0.014290527440607548,0.0,8d60909cfe4c0bef2eaeab9d8be367a78028b69037740d95623aa93179492fc5,d5e628996a1b653084cff58027415c8a5d5c1319aae0c82b4de9bdec26ae6854,1,208,1,213,1,398,1,398
insertion,Calibrated recovery,47,96003,nominal,1,1,0.013331673108041286,0.0,8d60909cfe4c0bef2eaeab9d8be367a78028b69037740d95623aa93179492fc5,964d388172a206b0dc18aa95f7417069c08239d3834fc00dca3ed0ea90d9f59a,1,198,1,214,1,381,1,381
insertion,Calibrated recovery,47,96003,observation_noise,1,1,0.014601478353142738,0.00947363296756521,8d60909cfe4c0bef2eaeab9d8be367a78028b69037740d95623aa93179492fc5,4e3d4a3abe81e5ef522117fe8ac0e48d1b1dc3143273e21d622788091b9f03c9,1,198,1,215,1,368,1,368
insertion,Calibrated recovery,47,96003,noise_joints,1,1,0.013884581625461578,0.004202276438008994,8d60909cfe4c0bef2eaeab9d8be367a78028b69037740d95623aa93179492fc5,c650cfe57ab05b6354cd0eea9e7ced9391beba6f4d4349f9fcc884a6e90ea6f5,1,196,1,215,1,369,1,369
insertion,Calibrated recovery,47,96003,noise_objects,1,1,0.014232050627470016,0.008536797238048167,8d60909cfe4c0bef2eaeab9d8be367a78028b69037740d95623aa93179492fc5,41f730037886ba56f4291f35576a761f23f327236b50131c486f30f32f913557,1,208,1,213,1,370,1,370
insertion,Calibrated recovery,47,96003,noise_low_support,1,1,0.013331673108041286,0.0,8d60909cfe4c0bef2eaeab9d8be367a78028b69037740d95623aa93179492fc5,452ede213df4547dca5e81416b2f9567623f5ddba99e94d344bea505f535ad1e,1,198,1,214,1,381,1,381
insertion,Calibrated recovery,47,96003,noise_supported,1,1,0.014601478353142738,0.00947363296756521,8d60909cfe4c0bef2eaeab9d8be367a78028b69037740d95623aa93179492fc5,4e3d4a3abe81e5ef522117fe8ac0e48d1b1dc3143273e21d622788091b9f03c9,1,198,1,215,1,368,1,368
insertion,Calibrated recovery,47,96003,replan_1,0,0,0.002701576566323638,0.0,8d60909cfe4c0bef2eaeab9d8be367a78028b69037740d95623aa93179492fc5,3807bf5a51337285c4f7a407e55f3f5cde311661053fd51c3bc840ce102107be,0,-1,0,-1,0,-1,0,-1
insertion,Calibrated recovery,47,96003,replan_1_ensemble,1,1,0.008617677296444597,0.0,8d60909cfe4c0bef2eaeab9d8be367a78028b69037740d95623aa93179492fc5,45d66fefc5d9636d9c17d560a964e9f3abf57dcdc5321e464162c7707c78dbf0,1,198,1,212,1,383,1,383
insertion,Calibrated recovery,47,96003,replan_16,1,1,0.013450738042593002,0.0,8d60909cfe4c0bef2eaeab9d8be367a78028b69037740d95623aa93179492fc5,cd3a4ed3b704bcecb2225b78680276bd8a2b418a3577ca11676f87a66965ec54,1,198,1,210,1,385,1,385
insertion,Calibrated recovery,47,96004,nominal,0,0,0.014337189495563507,0.0,8d60909cfe4c0bef2eaeab9d8be367a78028b69037740d95623aa93179492fc5,6617bbefbc8713cda34f01c52500368a81b0b3ab15229023928c1c0d876848b0,1,222,1,222,1,321,0,-1
insertion,Calibrated recovery,47,96004,observation_noise,1,0,0.015568722039461136,0.010043499064631761,8d60909cfe4c0bef2eaeab9d8be367a78028b69037740d95623aa93179492fc5,f13986a91a7045a7d6e2a9f843d0f586c50264f054a72c5478375dbe01a0516a,1,225,1,225,1,345,1,345
insertion,Calibrated recovery,47,96004,noise_joints,1,1,0.014511732384562492,0.0038273612526245416,8d60909cfe4c0bef2eaeab9d8be367a78028b69037740d95623aa93179492fc5,db6e7a1ead48bebee2d0fbae067aa08c10a484a869c6e5035203577f1760b0d7,1,223,1,224,1,327,1,345
insertion,Calibrated recovery,47,96004,noise_objects,0,0,0.029989449307322502,0.008783732461743056,8d60909cfe4c0bef2eaeab9d8be367a78028b69037740d95623aa93179492fc5,2c32fefb5053961e79ee37daf8b6fea06720538973a40cdacccfefebfec09be1,1,227,0,-1,0,-1,0,-1
insertion,Calibrated recovery,47,96004,noise_low_support,0,0,0.014337189495563507,0.0,8d60909cfe4c0bef2eaeab9d8be367a78028b69037740d95623aa93179492fc5,7db16cc8f032929baa059ad180e4344f219dc43039e545d42e651a0e3182bd33,1,222,1,222,1,321,0,-1
insertion,Calibrated recovery,47,96004,noise_supported,1,0,0.015568722039461136,0.010043499064631761,8d60909cfe4c0bef2eaeab9d8be367a78028b69037740d95623aa93179492fc5,f13986a91a7045a7d6e2a9f843d0f586c50264f054a72c5478375dbe01a0516a,1,225,1,225,1,345,1,345
insertion,Calibrated recovery,47,96004,replan_1,0,0,0.002995676128193736,0.0,8d60909cfe4c0bef2eaeab9d8be367a78028b69037740d95623aa93179492fc5,189cd90f185672cb68d1d3806a8aa9116d3798d3fea25cf7997fc3b40913b219,0,-1,0,-1,0,-1,0,-1
insertion,Calibrated recovery,47,96004,replan_1_ensemble,0,0,0.008107652766988263,0.0,8d60909cfe4c0bef2eaeab9d8be367a78028b69037740d95623aa93179492fc5,2f28d4f4dc15fc3c6f809db109644cc27845810825d0efd58c8203299839eb3b,1,222,1,224,1,339,0,-1
insertion,Calibrated recovery,47,96004,replan_16,1,1,0.013685512356460094,0.0,8d60909cfe4c0bef2eaeab9d8be367a78028b69037740d95623aa93179492fc5,3745745f0b5b68d28ff70514dbd80a972bcddac6fcc77dd04713799fb60853c5,1,217,1,218,1,346,1,356
insertion,Calibrated recovery,47,96005,nominal,0,0,0.03998914361000061,0.0,8d60909cfe4c0bef2eaeab9d8be367a78028b69037740d95623aa93179492fc5,ef50846534d049e2ea42b2185dc190400abbe15b33d82c6bc3d8b607d7d2ae1f,0,-1,0,-1,0,-1,0,-1
insertion,Calibrated recovery,47,96005,observation_noise,0,0,0.039671387523412704,0.008432600544765592,8d60909cfe4c0bef2eaeab9d8be367a78028b69037740d95623aa93179492fc5,fa15376fbd65149b12675fc7bfc72d2adbde3396e289702e291da524757d4de9,0,-1,0,-1,0,-1,0,-1
insertion,Calibrated recovery,47,96005,noise_joints,0,0,0.06160030514001846,0.0020999800853860506,8d60909cfe4c0bef2eaeab9d8be367a78028b69037740d95623aa93179492fc5,ee9a4a353262bd570e23827bfc6a3d6a9bfbb54875454496293f0283963f55bf,0,-1,0,-1,0,-1,0,-1
insertion,Calibrated recovery,47,96005,noise_objects,0,0,0.037338778376579285,0.007026983455289155,8d60909cfe4c0bef2eaeab9d8be367a78028b69037740d95623aa93179492fc5,617a46526853558cb5f97fb254fa867f6d51eea70b8c75836ccc0c88d5b5291c,0,-1,0,-1,0,-1,0,-1
insertion,Calibrated recovery,47,96005,noise_low_support,0,0,0.03998914361000061,0.0,8d60909cfe4c0bef2eaeab9d8be367a78028b69037740d95623aa93179492fc5,fb2516092dc2606b5563677412aca72ee84c835c585436a7295a10e3219660c7,0,-1,0,-1,0,-1,0,-1
insertion,Calibrated recovery,47,96005,noise_supported,0,0,0.039671387523412704,0.008432600544765592,8d60909cfe4c0bef2eaeab9d8be367a78028b69037740d95623aa93179492fc5,fa15376fbd65149b12675fc7bfc72d2adbde3396e289702e291da524757d4de9,0,-1,0,-1,0,-1,0,-1
insertion,Calibrated recovery,47,96005,replan_1,0,0,0.0028737541288137436,0.0,8d60909cfe4c0bef2eaeab9d8be367a78028b69037740d95623aa93179492fc5,f72828992f7c3a794c397214dd9d9284a50550cc99ac7117fa0d496a52a8bb05,0,-1,0,-1,0,-1,0,-1
insertion,Calibrated recovery,47,96005,replan_1_ensemble,0,0,0.008459997247618055,0.0,8d60909cfe4c0bef2eaeab9d8be367a78028b69037740d95623aa93179492fc5,b61be2d94d15eb45d5976d63335f046753b6785d0c01678bd6ab27c0c4862d9b,1,214,0,-1,0,-1,0,-1
insertion,Calibrated recovery,47,96005,replan_16,0,0,0.06521697342395782,0.0,8d60909cfe4c0bef2eaeab9d8be367a78028b69037740d95623aa93179492fc5,adaf732fa1c847464bb064d92792803fc89d7c1702be61d712b8fba2e78fc310,0,-1,0,-1,0,-1,0,-1
insertion,Calibrated recovery,47,96006,nominal,0,0,0.014376116916537285,0.0,8d60909cfe4c0bef2eaeab9d8be367a78028b69037740d95623aa93179492fc5,84857d84947240704dd2923831bda03c23529949cb7abb0ad7ae33f401a3bd02,1,226,1,226,1,337,0,-1
insertion,Calibrated recovery,47,96006,observation_noise,1,0,0.0156759861856699,0.010144247296266258,8d60909cfe4c0bef2eaeab9d8be367a78028b69037740d95623aa93179492fc5,1c5e3d9d1427b2f4b83165d66bbff11398ae10423c6adc160573dd8bb5033c54,1,227,1,228,1,394,1,394
insertion,Calibrated recovery,47,96006,noise_joints,1,1,0.015083394944667816,0.003950272975489497,8d60909cfe4c0bef2eaeab9d8be367a78028b69037740d95623aa93179492fc5,6d786d541609d8050f047d34aa2bbfd1cab0b20c155d4797b6e0a62dfe815fbd,1,225,1,228,1,355,1,363
insertion,Calibrated recovery,47,96006,noise_objects,0,0,0.015275761485099792,0.00885735486750491,8d60909cfe4c0bef2eaeab9d8be367a78028b69037740d95623aa93179492fc5,d3887d943cfe172855a74b4fc456a0d0991b2524b2077a64eae81d6f15581432,1,224,1,231,1,365,0,-1
insertion,Calibrated recovery,47,96006,noise_low_support,0,0,0.014376116916537285,0.0,8d60909cfe4c0bef2eaeab9d8be367a78028b69037740d95623aa93179492fc5,48c023601804f74378b79615f3269f193a87b6ee936c2016e50d20ded174723a,1,226,1,226,1,337,0,-1
insertion,Calibrated recovery,47,96006,noise_supported,1,0,0.0156759861856699,0.010144247296266258,8d60909cfe4c0bef2eaeab9d8be367a78028b69037740d95623aa93179492fc5,1c5e3d9d1427b2f4b83165d66bbff11398ae10423c6adc160573dd8bb5033c54,1,227,1,228,1,394,1,394
insertion,Calibrated recovery,47,96006,replan_1,0,0,0.003082138253375888,0.0,8d60909cfe4c0bef2eaeab9d8be367a78028b69037740d95623aa93179492fc5,14a5bdd07e2269f76d0c3c3bc2d2d222cd8d3906e17d797b791b3971c6244ee0,0,-1,0,-1,0,-1,0,-1
insertion,Calibrated recovery,47,96006,replan_1_ensemble,1,1,0.008189036472574457,0.0,8d60909cfe4c0bef2eaeab9d8be367a78028b69037740d95623aa93179492fc5,b0aed6f537038423fcc9fbb68137ce4f01879292deffc87ea07df64ea0769c1a,1,227,1,227,1,334,1,334
insertion,Calibrated recovery,47,96006,replan_16,1,1,0.01471666619181633,0.0,8d60909cfe4c0bef2eaeab9d8be367a78028b69037740d95623aa93179492fc5,c5a29ed462673a7f743743deed4a73d45b989f9f49ad4ea61a7362e8cd7684c7,1,227,1,232,1,345,1,369
insertion,Calibrated recovery,47,96007,nominal,0,0,0.014668731950223446,0.0,8d60909cfe4c0bef2eaeab9d8be367a78028b69037740d95623aa93179492fc5,b9179a3bb401134a7c6e4b533bea2316c8b67ba98bfaab20a548b06af16a695e,1,240,1,240,0,-1,0,-1
insertion,Calibrated recovery,47,96007,observation_noise,0,0,0.01675872504711151,0.009757452616468073,8d60909cfe4c0bef2eaeab9d8be367a78028b69037740d95623aa93179492fc5,3c0c6725f088f389512a464bd734ddca92549611d5f2a9f3858362007c13c250,1,249,1,249,1,360,0,-1
insertion,Calibrated recovery,47,96007,noise_joints,0,0,0.013714507222175598,0.0039040646655485035,8d60909cfe4c0bef2eaeab9d8be367a78028b69037740d95623aa93179492fc5,e596d4665a0be0b2b20d7800bfdc618fbc9d78491a6f91d6093973c2bb1dd7f9,1,232,1,232,0,-1,0,-1
insertion,Calibrated recovery,47,96007,noise_objects,1,1,0.014401063323020935,0.009345614777412265,8d60909cfe4c0bef2eaeab9d8be367a78028b69037740d95623aa93179492fc5,97331adbbeefac6b69564f915425c91bc1f9bf28f624b1afb53e85e0dd778251,1,225,1,228,1,355,1,386
insertion,Calibrated recovery,47,96007,noise_low_support,0,0,0.014668731950223446,0.0,8d60909cfe4c0bef2eaeab9d8be367a78028b69037740d95623aa93179492fc5,1c828299f8ae4b2bbde7a7c572acd7d7871e1b263ed82fc32a1e87af65cb0b37,1,240,1,240,0,-1,0,-1
insertion,Calibrated recovery,47,96007,noise_supported,0,0,0.01675872504711151,0.009757452616468073,8d60909cfe4c0bef2eaeab9d8be367a78028b69037740d95623aa93179492fc5,3c0c6725f088f389512a464bd734ddca92549611d5f2a9f3858362007c13c250,1,249,1,249,1,360,0,-1
insertion,Calibrated recovery,47,96007,replan_1,0,0,0.003130874829366803,0.0,8d60909cfe4c0bef2eaeab9d8be367a78028b69037740d95623aa93179492fc5,cd625772dae1f3b2ebd0fd45955d211f8545becf2786f31ba45c2a55d3851df7,0,-1,0,-1,0,-1,0,-1
insertion,Calibrated recovery,47,96007,replan_1_ensemble,0,0,0.00793741265186225,0.0,8d60909cfe4c0bef2eaeab9d8be367a78028b69037740d95623aa93179492fc5,11dc24a08cb96803e8e73405ac32d43551834f560388d815fec67b9df2c6a1dd,1,238,1,238,1,352,0,-1
insertion,Calibrated recovery,47,96007,replan_16,1,1,0.013218743726611137,0.0,8d60909cfe4c0bef2eaeab9d8be367a78028b69037740d95623aa93179492fc5,cda452be5871b58ab0ac7564b2e0e32e287356bcf9f50e4d36d4797092e9d3b7,1,220,1,223,1,368,1,368
insertion,Calibrated recovery,47,96008,nominal,0,0,0.014252672903239727,0.0,8d60909cfe4c0bef2eaeab9d8be367a78028b69037740d95623aa93179492fc5,abd29dbc8f909749e493956b8befe2168b69192a375769c095aee8e963bc2505,1,219,1,219,1,305,0,-1
insertion,Calibrated recovery,47,96008,observation_noise,0,0,0.01762123592197895,0.00937552378512919,8d60909cfe4c0bef2eaeab9d8be367a78028b69037740d95623aa93179492fc5,c778ee81961b78adcba0d3819ae50e80b1f5dca980afa77fe3ca7ed1264afd5c,1,207,1,213,1,292,0,-1
insertion,Calibrated recovery,47,96008,noise_joints,0,0,0.015459408052265644,0.004445050603244453,8d60909cfe4c0bef2eaeab9d8be367a78028b69037740d95623aa93179492fc5,0dbe2d9f922ecbd4680c2dd6ab98da62cd16fbd11902f18e3aff478e49ae4c2a,1,217,1,219,1,308,0,-1
insertion,Calibrated recovery,47,96008,noise_objects,0,0,0.023356368765234947,0.008191963743884116,8d60909cfe4c0bef2eaeab9d8be367a78028b69037740d95623aa93179492fc5,89a0e6aaf108d0b81170d289b4859a17471a24fcb091873999ef8ee23eee3ee2,1,206,1,214,0,-1,0,-1
insertion,Calibrated recovery,47,96008,noise_low_support,0,0,0.014252672903239727,0.0,8d60909cfe4c0bef2eaeab9d8be367a78028b69037740d95623aa93179492fc5,6843a1174e3e6b8f6923d9f0f123df8edb521f40f5665e66f071df77fa001775,1,219,1,219,1,305,0,-1
insertion,Calibrated recovery,47,96008,noise_supported,0,0,0.01762123592197895,0.00937552378512919,8d60909cfe4c0bef2eaeab9d8be367a78028b69037740d95623aa93179492fc5,c778ee81961b78adcba0d3819ae50e80b1f5dca980afa77fe3ca7ed1264afd5c,1,207,1,213,1,292,0,-1
insertion,Calibrated recovery,47,96008,replan_1,0,0,0.0035204426385462284,0.0,8d60909cfe4c0bef2eaeab9d8be367a78028b69037740d95623aa93179492fc5,cc74c774d8b096e0c2753445e724cb026bd32393ea6b11f6888a9e56706180c9,0,-1,0,-1,0,-1,0,-1
insertion,Calibrated recovery,47,96008,replan_1_ensemble,0,0,0.008469687918969529,0.0,8d60909cfe4c0bef2eaeab9d8be367a78028b69037740d95623aa93179492fc5,5e81cd3ef8daccaf491b282678778d7443334098a16dec987518a4f12e460e79,1,215,1,219,1,314,0,-1
insertion,Calibrated recovery,47,96008,replan_16,1,1,0.014001959003508091,0.0,8d60909cfe4c0bef2eaeab9d8be367a78028b69037740d95623aa93179492fc5,827ee2d037b57ec0f2de252d1d81f6692c7f09c59fc6a3e36305e949d9abae8d,1,214,1,219,1,338,1,338
insertion,Calibrated recovery,47,96009,nominal,1,1,0.014145560562610626,0.0,8d60909cfe4c0bef2eaeab9d8be367a78028b69037740d95623aa93179492fc5,7e7a31c82a5f5947353f225759316c8e6202c5dc5c05b602c3184690c643a3bc,1,214,1,216,1,354,1,354
insertion,Calibrated recovery,47,96009,observation_noise,0,0,0.014950362034142017,0.008812606499996036,8d60909cfe4c0bef2eaeab9d8be367a78028b69037740d95623aa93179492fc5,c9212e125baeb3cd071d3787ca9c9f6458794b536b76c930aee8d496840e21f7,1,210,1,217,1,338,0,-1
insertion,Calibrated recovery,47,96009,noise_joints,1,1,0.014511017128825188,0.003537729901727289,8d60909cfe4c0bef2eaeab9d8be367a78028b69037740d95623aa93179492fc5,b024395dac1f2ab997537c8feacd23bd9c97b44c0919321a017ade1b893687ba,1,210,1,214,1,377,1,377
insertion,Calibrated recovery,47,96009,noise_objects,1,1,0.014504549093544483,0.00784340462880209,8d60909cfe4c0bef2eaeab9d8be367a78028b69037740d95623aa93179492fc5,71074dd8211c2d67c4a0ddaba546f3dbec7443d4d6060dcd2a24fda3cbace958,1,208,1,218,1,363,1,363
insertion,Calibrated recovery,47,96009,noise_low_support,1,1,0.014145560562610626,0.0,8d60909cfe4c0bef2eaeab9d8be367a78028b69037740d95623aa93179492fc5,20c30e8597e328c3429a31aec83283875c3b2c5fe8a7e395324f4aae14f911b6,1,214,1,216,1,354,1,354
insertion,Calibrated recovery,47,96009,noise_supported,0,0,0.014950362034142017,0.008812606499996036,8d60909cfe4c0bef2eaeab9d8be367a78028b69037740d95623aa93179492fc5,c9212e125baeb3cd071d3787ca9c9f6458794b536b76c930aee8d496840e21f7,1,210,1,217,1,338,0,-1
insertion,Calibrated recovery,47,96009,replan_1,0,0,0.003055084263905883,0.0,8d60909cfe4c0bef2eaeab9d8be367a78028b69037740d95623aa93179492fc5,26fc7a87f8fb1b052da4b3d2cb5ad6a09bb1095cdcc1e9bbcda1b7ff25358cc4,0,-1,0,-1,0,-1,0,-1
insertion,Calibrated recovery,47,96009,replan_1_ensemble,1,1,0.008336234734354507,0.0,8d60909cfe4c0bef2eaeab9d8be367a78028b69037740d95623aa93179492fc5,1790446561975740b62957c8fe7410ee525384ad3acff8884ced7babbe3f1524,1,212,1,215,1,367,1,367
insertion,Calibrated recovery,47,96009,replan_16,1,1,0.013549167662858963,0.0,8d60909cfe4c0bef2eaeab9d8be367a78028b69037740d95623aa93179492fc5,36c8db388c9f70865c1a6783c096d98ee167cb3c20f11f49a998e479b272811c,1,210,1,219,1,372,1,372
insertion,Calibrated recovery,47,96010,nominal,0,0,0.014088509604334831,0.0,8d60909cfe4c0bef2eaeab9d8be367a78028b69037740d95623aa93179492fc5,a55162902738d1abe5f2459914c26a9001ede73b31e1c4987cede1d26fa61979,1,229,1,233,1,343,0,-1
insertion,Calibrated recovery,47,96010,observation_noise,0,0,0.02825763449072838,0.008879675604403019,8d60909cfe4c0bef2eaeab9d8be367a78028b69037740d95623aa93179492fc5,3f398079e5f952a170a9b67b4d0be5955f6d69fccdffbcfb9f5ae6453c04201e,1,216,1,217,0,-1,0,-1
insertion,Calibrated recovery,47,96010,noise_joints,0,0,0.014349782839417458,0.004021255690604448,8d60909cfe4c0bef2eaeab9d8be367a78028b69037740d95623aa93179492fc5,18e9d30904ef6a30e3c3f83b1b6f4c809bb6dc4772a2fcc3be97eac9f12bc4b1,1,230,1,234,1,345,0,-1
insertion,Calibrated recovery,47,96010,noise_objects,0,0,0.014222018420696259,0.007614268606994301,8d60909cfe4c0bef2eaeab9d8be367a78028b69037740d95623aa93179492fc5,67e6461db397f8289bede78646318cd9a9628382cb1dd6db21cc6e5e983f02ca,1,222,1,225,1,314,0,-1
insertion,Calibrated recovery,47,96010,noise_low_support,0,0,0.014088509604334831,0.0,8d60909cfe4c0bef2eaeab9d8be367a78028b69037740d95623aa93179492fc5,d79fe27dbcb60e39cdcc28558f30bff2d5b32c3940c18fc9add9405987728ac0,1,229,1,233,1,343,0,-1
insertion,Calibrated recovery,47,96010,noise_supported,0,0,0.02825763449072838,0.008879675604403019,8d60909cfe4c0bef2eaeab9d8be367a78028b69037740d95623aa93179492fc5,3f398079e5f952a170a9b67b4d0be5955f6d69fccdffbcfb9f5ae6453c04201e,1,216,1,217,0,-1,0,-1
insertion,Calibrated recovery,47,96010,replan_1,0,0,0.006386288907378912,0.0,8d60909cfe4c0bef2eaeab9d8be367a78028b69037740d95623aa93179492fc5,a35fdcc6175a93353260fca5c2bb6c78873dece7ffecb0eb1f8a2f5946ed3479,0,-1,0,-1,0,-1,0,-1
insertion,Calibrated recovery,47,96010,replan_1_ensemble,1,1,0.007915761320689054,0.0,8d60909cfe4c0bef2eaeab9d8be367a78028b69037740d95623aa93179492fc5,aa0e32863788c13ecdfe4ac20f6ce138ba848e4460425c988fc5a519b20fb5a1,1,230,1,234,1,366,1,366
insertion,Calibrated recovery,47,96010,replan_16,1,1,0.01342618279159069,0.0,8d60909cfe4c0bef2eaeab9d8be367a78028b69037740d95623aa93179492fc5,3a8a4ddce23f89f84bcb028f0a9fa1575ede209846cf2469a902528f8882af15,1,222,1,232,1,375,1,375
insertion,Calibrated recovery,47,96011,nominal,0,0,0.013356161303818226,0.0,8d60909cfe4c0bef2eaeab9d8be367a78028b69037740d95623aa93179492fc5,9185f23a1ad718731953de0dc212ae5a66bda4933b3d7cb44ff4eee211c6f3a5,1,224,1,229,1,346,0,-1
insertion,Calibrated recovery,47,96011,observation_noise,1,1,0.014796282164752483,0.009288340588100255,8d60909cfe4c0bef2eaeab9d8be367a78028b69037740d95623aa93179492fc5,ba10df16247cf4b1b34b2ddabb73a0f12d182f1a38e745318091c3412fe3e347,1,220,1,228,1,344,1,362
insertion,Calibrated recovery,47,96011,noise_joints,1,1,0.013570036739110947,0.0036359309568069877,8d60909cfe4c0bef2eaeab9d8be367a78028b69037740d95623aa93179492fc5,8e0f992b98667cf59b662ea7297e69251683639c3611f4782068af2c6122e037,1,225,1,228,1,377,1,377
insertion,Calibrated recovery,47,96011,noise_objects,1,1,0.014104929752647877,0.008020486237946899,8d60909cfe4c0bef2eaeab9d8be367a78028b69037740d95623aa93179492fc5,49e0e37530dfbf35df30913d8697b95eb66dd317705e52f59895d3988549123b,1,213,1,227,1,348,1,368
insertion,Calibrated recovery,47,96011,noise_low_support,0,0,0.013356161303818226,0.0,8d60909cfe4c0bef2eaeab9d8be367a78028b69037740d95623aa93179492fc5,29ae78e147276634b9212b0f99d7a9033adf50504fa9f00249b55322ce675b76,1,224,1,229,1,346,0,-1
insertion,Calibrated recovery,47,96011,noise_supported,1,1,0.014796282164752483,0.009288340588100255,8d60909cfe4c0bef2eaeab9d8be367a78028b69037740d95623aa93179492fc5,ba10df16247cf4b1b34b2ddabb73a0f12d182f1a38e745318091c3412fe3e347,1,220,1,228,1,344,1,362
insertion,Calibrated recovery,47,96011,replan_1,0,0,0.00638075964525342,0.0,8d60909cfe4c0bef2eaeab9d8be367a78028b69037740d95623aa93179492fc5,f9f2449e0faf96553988f86af25ca0704a8c17110a763cd71deca8105389ef1c,0,-1,0,-1,0,-1,0,-1
insertion,Calibrated recovery,47,96011,replan_1_ensemble,1,1,0.007847820945086547,0.0,8d60909cfe4c0bef2eaeab9d8be367a78028b69037740d95623aa93179492fc5,e5682958e1a0dd555aa38b958545a4e255305610517e74c608d0ec5604a3a483,1,230,1,233,1,373,1,373
insertion,Calibrated recovery,47,96011,replan_16,1,1,0.013165619224309921,0.0,8d60909cfe4c0bef2eaeab9d8be367a78028b69037740d95623aa93179492fc5,0ec10f39a289d99d18e85c887b5c09cbec7b2ab7e9a3bec59f7a19c78a515614,1,219,1,226,1,369,1,369
insertion,Calibrated recovery,47,96012,nominal,0,0,0.01298623438924551,0.0,8d60909cfe4c0bef2eaeab9d8be367a78028b69037740d95623aa93179492fc5,72c2b81ddef5d0124b04b106373fafdb1481eacdf36997efcb2e411a64af0c9e,1,220,1,226,1,332,0,-1
insertion,Calibrated recovery,47,96012,observation_noise,1,0,0.014296085573732853,0.009527532635256648,8d60909cfe4c0bef2eaeab9d8be367a78028b69037740d95623aa93179492fc5,eeb066f1523b496b5f996a1ba648ba9e9b5486587636ced4ff9b9ebae2e1d244,1,215,1,219,1,360,1,385
insertion,Calibrated recovery,47,96012,noise_joints,1,1,0.013366236351430416,0.0038757523614913227,8d60909cfe4c0bef2eaeab9d8be367a78028b69037740d95623aa93179492fc5,a82a53f131cd0527d60a1fe5a42de262f865520986955914114eee497f049a9e,1,213,1,213,1,353,1,353
insertion,Calibrated recovery,47,96012,noise_objects,0,0,0.014063612557947636,0.008126948392018676,8d60909cfe4c0bef2eaeab9d8be367a78028b69037740d95623aa93179492fc5,488ca760643d03382fa6fa6d48241a131618304163c306ecfad198f3d514f729,1,220,1,231,1,345,0,-1
insertion,Calibrated recovery,47,96012,noise_low_support,0,0,0.01298623438924551,0.0,8d60909cfe4c0bef2eaeab9d8be367a78028b69037740d95623aa93179492fc5,80f330d1f969f35fefbfa638150e204ea5bfe204963ea4c61afaac3c5fbe3d18,1,220,1,226,1,332,0,-1
insertion,Calibrated recovery,47,96012,noise_supported,1,0,0.014296085573732853,0.009527532635256648,8d60909cfe4c0bef2eaeab9d8be367a78028b69037740d95623aa93179492fc5,eeb066f1523b496b5f996a1ba648ba9e9b5486587636ced4ff9b9ebae2e1d244,1,215,1,219,1,360,1,385
insertion,Calibrated recovery,47,96012,replan_1,0,0,0.0028598515782505274,0.0,8d60909cfe4c0bef2eaeab9d8be367a78028b69037740d95623aa93179492fc5,a7a5624eef3b606134b72c2d63159a24642b1490bb06c166258f6aabfb9d2f73,0,-1,0,-1,0,-1,0,-1
insertion,Calibrated recovery,47,96012,replan_1_ensemble,0,0,0.007914393823210663,0.0,8d60909cfe4c0bef2eaeab9d8be367a78028b69037740d95623aa93179492fc5,ce03d6ece54f9c8a9ebf7a653cc1234af2e9277970b26f78444c042153cc0313,1,218,1,233,1,344,0,-1
insertion,Calibrated recovery,47,96012,replan_16,1,1,0.013019836507737637,0.0,8d60909cfe4c0bef2eaeab9d8be367a78028b69037740d95623aa93179492fc5,941c236ecf17433e12fa019d1560a90b2cc83679b8f6da7e9f20fe9d1a0f39f6,1,222,1,223,1,368,1,368
insertion,Calibrated recovery,47,96013,nominal,1,1,0.012723633088171482,0.0,8d60909cfe4c0bef2eaeab9d8be367a78028b69037740d95623aa93179492fc5,009b7786d75269bfc875d7577667117ee9988bc47114bd5a7af826a219600fab,1,209,1,215,1,358,1,358
insertion,Calibrated recovery,47,96013,observation_noise,0,0,0.013965573161840439,0.010148594186175615,8d60909cfe4c0bef2eaeab9d8be367a78028b69037740d95623aa93179492fc5,e0d6a9de9d7914a072177c8251874cb91de6e94faff1e4223d63ed8f6d7c083d,1,217,1,220,1,337,0,-1
insertion,Calibrated recovery,47,96013,noise_joints,0,0,0.013332201167941093,0.003967900266870856,8d60909cfe4c0bef2eaeab9d8be367a78028b69037740d95623aa93179492fc5,6e214e0153ba6e01ae077c05f97aa4d6556414408ece04869e00f013c8e039b3,1,207,1,221,1,333,0,-1
insertion,Calibrated recovery,47,96013,noise_objects,1,1,0.013571711257100105,0.008858520647045225,8d60909cfe4c0bef2eaeab9d8be367a78028b69037740d95623aa93179492fc5,b6600add730d4a5c1cb24d4edb92b0bab3ff16a1fe1bc5e31b9b3bebfc2c8ef7,1,218,1,218,1,340,1,352
insertion,Calibrated recovery,47,96013,noise_low_support,1,1,0.012723633088171482,0.0,8d60909cfe4c0bef2eaeab9d8be367a78028b69037740d95623aa93179492fc5,45388bae155ad14a0aadb1c3cab1f49648b0503649093e798cc4be40b277df78,1,209,1,215,1,358,1,358
insertion,Calibrated recovery,47,96013,noise_supported,0,0,0.013965573161840439,0.010148594186175615,8d60909cfe4c0bef2eaeab9d8be367a78028b69037740d95623aa93179492fc5,e0d6a9de9d7914a072177c8251874cb91de6e94faff1e4223d63ed8f6d7c083d,1,217,1,220,1,337,0,-1
insertion,Calibrated recovery,47,96013,replan_1,0,0,0.002810191595926881,0.0,8d60909cfe4c0bef2eaeab9d8be367a78028b69037740d95623aa93179492fc5,1c83969a404159e37f6747e2fc360f59959a108f52d4945b9d88427aed1495e5,0,-1,0,-1,0,-1,0,-1
insertion,Calibrated recovery,47,96013,replan_1_ensemble,1,1,0.007991268805524672,0.0,8d60909cfe4c0bef2eaeab9d8be367a78028b69037740d95623aa93179492fc5,e346ed2d7835007123dbd1d7b6df79d2c795f095defd204bf391043f7261bace,1,213,1,226,1,367,1,367
insertion,Calibrated recovery,47,96013,replan_16,1,1,0.01273500919342041,0.0,8d60909cfe4c0bef2eaeab9d8be367a78028b69037740d95623aa93179492fc5,d81d85d8e81f5c43c6351a337a2a35b9eed72cacd6f8bcca1ad8c9059aabc111,1,207,1,220,1,353,1,353
insertion,Calibrated recovery,47,96014,nominal,1,1,0.012899459339678288,0.0,8d60909cfe4c0bef2eaeab9d8be367a78028b69037740d95623aa93179492fc5,5356659497d4b14c86c5b4dc907ae180663a2c290362b49119bc417d01837e65,1,207,1,223,1,345,1,360
insertion,Calibrated recovery,47,96014,observation_noise,0,0,0.014709306880831718,0.009804361178539693,8d60909cfe4c0bef2eaeab9d8be367a78028b69037740d95623aa93179492fc5,0e1a1f6aa0f677de6c4f1d8b7e8865cf2f60e8921a7c8d9e64b8e4e6be253b4e,1,205,1,207,1,334,0,-1
insertion,Calibrated recovery,47,96014,noise_joints,0,0,0.013356397859752178,0.0037701343442313375,8d60909cfe4c0bef2eaeab9d8be367a78028b69037740d95623aa93179492fc5,2b98142a8bda8ce948171e08e70ab6b234c21c002db60a2edaa2533b07a2780a,1,216,1,223,1,337,0,-1
insertion,Calibrated recovery,47,96014,noise_objects,0,0,0.014201727695763111,0.008976900512352585,8d60909cfe4c0bef2eaeab9d8be367a78028b69037740d95623aa93179492fc5,b73d3e98b3447a21344fbf0e6093a56d0cd0f862b8a4290244a4b83b78d684c3,1,224,1,224,1,316,0,-1
insertion,Calibrated recovery,47,96014,noise_low_support,1,1,0.012899459339678288,0.0,8d60909cfe4c0bef2eaeab9d8be367a78028b69037740d95623aa93179492fc5,ff27cef2c6bc8f5e2bd8dda4e5140fcc137a89512b021c6f3b82aa21113a705d,1,207,1,223,1,345,1,360
insertion,Calibrated recovery,47,96014,noise_supported,0,0,0.014709306880831718,0.009804361178539693,8d60909cfe4c0bef2eaeab9d8be367a78028b69037740d95623aa93179492fc5,0e1a1f6aa0f677de6c4f1d8b7e8865cf2f60e8921a7c8d9e64b8e4e6be253b4e,1,205,1,207,1,334,0,-1
insertion,Calibrated recovery,47,96014,replan_1,0,0,0.0027881553396582603,0.0,8d60909cfe4c0bef2eaeab9d8be367a78028b69037740d95623aa93179492fc5,89d6f82abb9933801e1b3d993ddbd7547b3435c5dfc4e70dcf4ffd9990876096,0,-1,0,-1,0,-1,0,-1
insertion,Calibrated recovery,47,96014,replan_1_ensemble,1,1,0.007970303103775011,0.0,8d60909cfe4c0bef2eaeab9d8be367a78028b69037740d95623aa93179492fc5,c9aad7158463f78ccc34abac72babc52807fe39818e2b13b1f28f64b58cd109e,1,217,1,230,1,350,1,350
insertion,Calibrated recovery,47,96014,replan_16,0,0,0.012920032255351543,0.0,8d60909cfe4c0bef2eaeab9d8be367a78028b69037740d95623aa93179492fc5,8a42aada844a0a07f472524e328b3416e9ca9a4782fdb349a793f10a73d601cd,1,207,1,224,1,330,0,-1
insertion,Calibrated recovery,47,96015,nominal,1,1,0.013463912531733513,0.0,8d60909cfe4c0bef2eaeab9d8be367a78028b69037740d95623aa93179492fc5,56a44b2e2161977854d278dc997e84fc153e5664f59caf78e88f6741822b590e,1,208,1,215,1,336,1,336
insertion,Calibrated recovery,47,96015,observation_noise,1,1,0.014097582548856735,0.008927553673274816,8d60909cfe4c0bef2eaeab9d8be367a78028b69037740d95623aa93179492fc5,b9a8e4a125f8ce1b03853e4c45e2fa94efc962f82f491ae3b3e4e73683e44df8,1,216,1,217,1,360,1,360
insertion,Calibrated recovery,47,96015,noise_joints,1,1,0.0135953975841403,0.003336256567854434,8d60909cfe4c0bef2eaeab9d8be367a78028b69037740d95623aa93179492fc5,00f3ee847223926887cac87e856275f680fc1b3d31e418a3cd15e2c98f0f209e,1,210,1,215,1,343,1,343
insertion,Calibrated recovery,47,96015,noise_objects,1,1,0.014002923853695393,0.008133113486692309,8d60909cfe4c0bef2eaeab9d8be367a78028b69037740d95623aa93179492fc5,24d88304480cfe43ceada5f9e6583d38471467d5f52b0ed0039705de1cb3852d,1,213,1,215,1,337,1,337
insertion,Calibrated recovery,47,96015,noise_low_support,1,1,0.013463912531733513,0.0,8d60909cfe4c0bef2eaeab9d8be367a78028b69037740d95623aa93179492fc5,628b8bc4d30ff2abda87c7089ed78833bce5ad4ef4532842008058ec35c4a5f3,1,208,1,215,1,336,1,336
insertion,Calibrated recovery,47,96015,noise_supported,1,1,0.014097582548856735,0.008927553673274816,8d60909cfe4c0bef2eaeab9d8be367a78028b69037740d95623aa93179492fc5,b9a8e4a125f8ce1b03853e4c45e2fa94efc962f82f491ae3b3e4e73683e44df8,1,216,1,217,1,360,1,360
insertion,Calibrated recovery,47,96015,replan_1,0,0,0.003179233754053712,0.0,8d60909cfe4c0bef2eaeab9d8be367a78028b69037740d95623aa93179492fc5,88e2ad8142d19194b9424555c9dbc38555ecafad6f748e84a7f05b0e517e7fd7,0,-1,0,-1,0,-1,0,-1
insertion,Calibrated recovery,47,96015,replan_1_ensemble,1,1,0.007880745573124303,0.0,8d60909cfe4c0bef2eaeab9d8be367a78028b69037740d95623aa93179492fc5,627a26b1eb520e8bab2b0a40649fbab6be25a4c915f2f5618e39d4b3107dedc2,1,208,1,216,1,363,1,363
insertion,Calibrated recovery,47,96015,replan_16,1,1,0.01366201601922512,0.0,8d60909cfe4c0bef2eaeab9d8be367a78028b69037740d95623aa93179492fc5,92a3bf6bc15bdf91773fb2cb22f83c246fbf47d418b8553624f7eaa24358952f,1,208,1,224,1,335,1,335
insertion,Calibrated recovery,47,96016,nominal,1,1,0.012066829949617386,0.0,8d60909cfe4c0bef2eaeab9d8be367a78028b69037740d95623aa93179492fc5,bf634b4ba219d931712e8382782bb2923690701255d156276c129c15fe3d9b8e,1,215,1,219,1,365,1,365
insertion,Calibrated recovery,47,96016,observation_noise,1,0,0.013755621388554573,0.009681312912143768,8d60909cfe4c0bef2eaeab9d8be367a78028b69037740d95623aa93179492fc5,576c5641f1b0845312ae70a4728e494e9530704be8e51afcc930c23aa6159c05,1,223,1,224,1,376,1,394
insertion,Calibrated recovery,47,96016,noise_joints,1,1,0.012341491878032684,0.0036265609995462,8d60909cfe4c0bef2eaeab9d8be367a78028b69037740d95623aa93179492fc5,e84df054fe528a45fded2700d3e30619036e7055f95469f3267b65823ded8c3e,1,215,1,219,1,366,1,366
insertion,Calibrated recovery,47,96016,noise_objects,0,0,0.0134442038834095,0.008975715613923968,8d60909cfe4c0bef2eaeab9d8be367a78028b69037740d95623aa93179492fc5,7d16fe8e972409b679d7d845239716093e3bd3200c3f2291089b50e28195cd26,1,217,1,219,0,-1,0,-1
insertion,Calibrated recovery,47,96016,noise_low_support,1,1,0.012066829949617386,0.0,8d60909cfe4c0bef2eaeab9d8be367a78028b69037740d95623aa93179492fc5,fb28853dbe488cdcb3a8358ea255a38969241d0b0fbf09406f0d2c1cf00aea13,1,215,1,219,1,365,1,365
insertion,Calibrated recovery,47,96016,noise_supported,1,0,0.013755621388554573,0.009681312912143768,8d60909cfe4c0bef2eaeab9d8be367a78028b69037740d95623aa93179492fc5,576c5641f1b0845312ae70a4728e494e9530704be8e51afcc930c23aa6159c05,1,223,1,224,1,376,1,394
insertion,Calibrated recovery,47,96016,replan_1,0,0,0.0030337353236973286,0.0,8d60909cfe4c0bef2eaeab9d8be367a78028b69037740d95623aa93179492fc5,90a9030fba4d8410ff787d84a828113d216e44d6e2f10a0841b61f094c96ebdd,0,-1,0,-1,0,-1,0,-1
insertion,Calibrated recovery,47,96016,replan_1_ensemble,0,0,0.00752390045433482,0.0,8d60909cfe4c0bef2eaeab9d8be367a78028b69037740d95623aa93179492fc5,7cb09c38d398e5e4c84e7a0367f1c3dfcd0de74108beb79f7240d022d5783024,1,224,1,234,1,361,0,-1
insertion,Calibrated recovery,47,96016,replan_16,1,1,0.012060767970979214,0.0,8d60909cfe4c0bef2eaeab9d8be367a78028b69037740d95623aa93179492fc5,06f51cf0e1c055e988c25dab509fb9cdcd4217abae4954c6e604bf0c50ce9572,1,214,1,215,1,369,1,369
insertion,Calibrated recovery,47,96017,nominal,1,1,0.013562527485191822,0.0,8d60909cfe4c0bef2eaeab9d8be367a78028b69037740d95623aa93179492fc5,16d7fbeeafe2d3dedbd21d9b3538af1a4849e9025fac6265f162f6371ae7617d,1,222,1,223,1,347,1,377
insertion,Calibrated recovery,47,96017,observation_noise,0,0,0.015034187585115433,0.008755390830338002,8d60909cfe4c0bef2eaeab9d8be367a78028b69037740d95623aa93179492fc5,033f88e7e297618e5acbdfa522af3dac8ad7f72dec06dc8d08b438bf538a428d,1,210,1,214,0,-1,0,-1
insertion,Calibrated recovery,47,96017,noise_joints,1,1,0.014047756791114807,0.004025536484550685,8d60909cfe4c0bef2eaeab9d8be367a78028b69037740d95623aa93179492fc5,e3dc7c93f94eb4c1cd1ada4ff0e8b86d07d755b7c3b754fe5c5556a8322b5ee1,1,214,1,218,1,390,1,390
insertion,Calibrated recovery,47,96017,noise_objects,0,0,0.014553998596966267,0.007308679257985205,8d60909cfe4c0bef2eaeab9d8be367a78028b69037740d95623aa93179492fc5,22a1c8e93242a4614def9bd0be98674a7cc5d64b41086fe62d4dace5867ae015,1,210,1,214,1,366,0,-1
insertion,Calibrated recovery,47,96017,noise_low_support,1,1,0.013562527485191822,0.0,8d60909cfe4c0bef2eaeab9d8be367a78028b69037740d95623aa93179492fc5,9e67439ad2833bc8fc56c6c4ca59551b585901cbcdd2afb567331027f7f37e0d,1,222,1,223,1,347,1,377
insertion,Calibrated recovery,47,96017,noise_supported,0,0,0.015034187585115433,0.008755390830338002,8d60909cfe4c0bef2eaeab9d8be367a78028b69037740d95623aa93179492fc5,033f88e7e297618e5acbdfa522af3dac8ad7f72dec06dc8d08b438bf538a428d,1,210,1,214,0,-1,0,-1
insertion,Calibrated recovery,47,96017,replan_1,0,0,0.006406859029084444,0.0,8d60909cfe4c0bef2eaeab9d8be367a78028b69037740d95623aa93179492fc5,323cff67343e386d1c84d87db5db4a6ed2e42e3504388570f69824893bd8532a,0,-1,0,-1,0,-1,0,-1
insertion,Calibrated recovery,47,96017,replan_1_ensemble,1,1,0.007991820059860995,0.0,8d60909cfe4c0bef2eaeab9d8be367a78028b69037740d95623aa93179492fc5,ef93a6a0539d1509708b55f04075d6c2519a96c47061c4afd093adc5972b47ab,1,226,1,229,1,364,1,364
insertion,Calibrated recovery,47,96017,replan_16,1,1,0.013234962709248066,0.0,8d60909cfe4c0bef2eaeab9d8be367a78028b69037740d95623aa93179492fc5,89d1a0b96711dfc7d9dcb6294f194dd19172f327a45721ecbafd01b01b41b2fa,1,218,1,221,1,380,1,380
insertion,Calibrated recovery,47,96018,nominal,1,1,0.012670195661485195,0.0,8d60909cfe4c0bef2eaeab9d8be367a78028b69037740d95623aa93179492fc5,11886cf2be667d34053a95389ad047dd6326c266362252649a5e8c9b7029f9a5,1,217,1,231,1,369,1,369
insertion,Calibrated recovery,47,96018,observation_noise,0,0,0.014478061348199844,0.009686240782029927,8d60909cfe4c0bef2eaeab9d8be367a78028b69037740d95623aa93179492fc5,ef97fb91082b79337f03b9485b0a5257193eaf4ce935121f4111b3250ceef7b3,1,200,1,232,1,369,0,-1
insertion,Calibrated recovery,47,96018,noise_joints,0,0,0.01309944223612547,0.00355027079815045,8d60909cfe4c0bef2eaeab9d8be367a78028b69037740d95623aa93179492fc5,626aba61c13bfb71fdcb4a1094f64a4aa1330829b965b0e7e0f82f8f100bc4ae,1,223,1,223,0,-1,0,-1
insertion,Calibrated recovery,47,96018,noise_objects,0,0,0.01395705807954073,0.008803486893884837,8d60909cfe4c0bef2eaeab9d8be367a78028b69037740d95623aa93179492fc5,85c5b9abbbc8cb7c371470d7418a7e1e92f9d8f6b10ef8a759a0d3ce9b54ee3a,1,201,1,232,1,372,0,-1
insertion,Calibrated recovery,47,96018,noise_low_support,1,1,0.012670195661485195,0.0,8d60909cfe4c0bef2eaeab9d8be367a78028b69037740d95623aa93179492fc5,ba6878e9b666898ef011a05e8a115b3b92202c2c755c5f74e8e9d08d4244b414,1,217,1,231,1,369,1,369
insertion,Calibrated recovery,47,96018,noise_supported,0,0,0.014478061348199844,0.009686240782029927,8d60909cfe4c0bef2eaeab9d8be367a78028b69037740d95623aa93179492fc5,ef97fb91082b79337f03b9485b0a5257193eaf4ce935121f4111b3250ceef7b3,1,200,1,232,1,369,0,-1
insertion,Calibrated recovery,47,96018,replan_1,0,0,0.0028152025770395994,0.0,8d60909cfe4c0bef2eaeab9d8be367a78028b69037740d95623aa93179492fc5,5bf53928b3e7e110698a4912ace18a431ffccf66c7c6aed4b2bdbf74f5418a02,0,-1,0,-1,0,-1,0,-1
insertion,Calibrated recovery,47,96018,replan_1_ensemble,0,0,0.007901158948190106,0.0,8d60909cfe4c0bef2eaeab9d8be367a78028b69037740d95623aa93179492fc5,b1ae5c2abe0260f30167f74111d12dca0616fb7335ba03ba0a0f51a21eaa41f0,1,227,1,227,1,351,0,-1
insertion,Calibrated recovery,47,96018,replan_16,1,1,0.012793240137398243,0.0,8d60909cfe4c0bef2eaeab9d8be367a78028b69037740d95623aa93179492fc5,31a44220eb2e23b2a5d4fa15d068477f594f23b5d1663caeba4d55e946e35805,1,204,1,228,1,368,1,368
insertion,Calibrated recovery,47,96019,nominal,1,1,0.012399361468851566,0.0,8d60909cfe4c0bef2eaeab9d8be367a78028b69037740d95623aa93179492fc5,0708da44dcca59d74639ced828a1e40a8631096d3f7cef9ad7ad69cad884518b,1,209,1,218,1,390,1,390
insertion,Calibrated recovery,47,96019,observation_noise,1,0,0.013563447631895542,0.008763366821222007,8d60909cfe4c0bef2eaeab9d8be367a78028b69037740d95623aa93179492fc5,72363af0b162ed65e45b0c1c2c494c64fcfccddf7c103ecccd2a4756b7339501,1,209,1,213,1,353,1,353
insertion,Calibrated recovery,47,96019,noise_joints,1,0,0.01258084923028946,0.003519866520073265,8d60909cfe4c0bef2eaeab9d8be367a78028b69037740d95623aa93179492fc5,324d3bf76e4b09442178c1495090956d08fd003eaad33cb4c20e9b8222037cf8,1,211,1,218,1,393,1,393
insertion,Calibrated recovery,47,96019,noise_objects,1,0,0.013266115449368954,0.007689666363876313,8d60909cfe4c0bef2eaeab9d8be367a78028b69037740d95623aa93179492fc5,f25bc1ee34b8c170cdeed4be2c83967857c6e8d7bb89ff2ae56009e6b257ba36,1,212,1,213,1,353,1,353
insertion,Calibrated recovery,47,96019,noise_low_support,1,1,0.012399361468851566,0.0,8d60909cfe4c0bef2eaeab9d8be367a78028b69037740d95623aa93179492fc5,fbc86ac5e2b39262fb9ca8aaa157c6bb88419dbe92611e5b28e682012c1b0b74,1,209,1,218,1,390,1,390
insertion,Calibrated recovery,47,96019,noise_supported,1,0,0.013563447631895542,0.008763366821222007,8d60909cfe4c0bef2eaeab9d8be367a78028b69037740d95623aa93179492fc5,72363af0b162ed65e45b0c1c2c494c64fcfccddf7c103ecccd2a4756b7339501,1,209,1,213,1,353,1,353
insertion,Calibrated recovery,47,96019,replan_1,0,0,0.002789449878036976,0.0,8d60909cfe4c0bef2eaeab9d8be367a78028b69037740d95623aa93179492fc5,ef376e52b37483c054863d2dde1c5730c8b04b1e49fa3572f15ddd1d0a696540,0,-1,0,-1,0,-1,0,-1
insertion,Calibrated recovery,47,96019,replan_1_ensemble,1,1,0.007737747479416835,0.0,8d60909cfe4c0bef2eaeab9d8be367a78028b69037740d95623aa93179492fc5,e433ce2892796982023730a91e48748c7c375210534b9dbbf23bfff9d674e8d6,1,209,1,217,1,383,1,383
insertion,Calibrated recovery,47,96019,replan_16,1,1,0.012505145743489265,0.0,8d60909cfe4c0bef2eaeab9d8be367a78028b69037740d95623aa93179492fc5,f18ab9e41e57a7c7eb01e545ee1509279540dd1ef2af094c28d5b1a48d0fce4b,1,209,1,222,1,370,1,370
insertion,Gaussian recovery,7,96000,nominal,0,0,0.016708731651306152,0.0,ed969481cd8b4b7bbe323e48c0da319ab7e93443dc29a3b11fa05e30371f6ba2,655d6b3f434247748aa5ae21e39fb212b65ebda76816cc45221081e285aebf60,1,218,1,232,0,-1,0,-1
insertion,Gaussian recovery,7,96000,observation_noise,0,0,0.016240306198596954,0.008321560295298696,ed969481cd8b4b7bbe323e48c0da319ab7e93443dc29a3b11fa05e30371f6ba2,3b3aaaeed186482abdbaa163fac29b6dd96fe0bea0bf9bef2193d07d661ac437,1,218,1,224,0,-1,0,-1
insertion,Gaussian recovery,7,96000,noise_joints,0,0,0.015990838408470154,0.00365763763198629,ed969481cd8b4b7bbe323e48c0da319ab7e93443dc29a3b11fa05e30371f6ba2,3d5be66a15d70830484ffc2e7bedaf9e5135e10712645a853bc1fe1f4e4e6602,1,217,1,231,0,-1,0,-1
insertion,Gaussian recovery,7,96000,noise_objects,0,0,0.0216030552983284,0.007715397553984076,ed969481cd8b4b7bbe323e48c0da319ab7e93443dc29a3b11fa05e30371f6ba2,fdff1cf8da945fb5f43eecdb3a533102356c9bad8d81f3a634ba66661ed95f08,1,215,1,233,0,-1,0,-1
insertion,Gaussian recovery,7,96000,noise_low_support,0,0,0.016708731651306152,0.0,ed969481cd8b4b7bbe323e48c0da319ab7e93443dc29a3b11fa05e30371f6ba2,46e69bacb52f393719d2dda494652f202bc9c737a4c9514255b5e1486508e28b,1,218,1,232,0,-1,0,-1
insertion,Gaussian recovery,7,96000,noise_supported,0,0,0.016240306198596954,0.008321560295298696,ed969481cd8b4b7bbe323e48c0da319ab7e93443dc29a3b11fa05e30371f6ba2,3b3aaaeed186482abdbaa163fac29b6dd96fe0bea0bf9bef2193d07d661ac437,1,218,1,224,0,-1,0,-1
insertion,Gaussian recovery,7,96000,replan_1,0,0,0.004172035958617926,0.0,ed969481cd8b4b7bbe323e48c0da319ab7e93443dc29a3b11fa05e30371f6ba2,a9958b932d5164c9ca5c1d10075b740d768483cff5b4cdc13b97459cd9b1374a,0,-1,0,-1,0,-1,0,-1
insertion,Gaussian recovery,7,96000,replan_1_ensemble,0,0,0.008085379656789503,0.0,ed969481cd8b4b7bbe323e48c0da319ab7e93443dc29a3b11fa05e30371f6ba2,1a0b456427253abb4bcac87f5c0d8e929da51a9fad09b77df54eb2948c8ee60d,1,213,1,218,0,-1,0,-1
insertion,Gaussian recovery,7,96000,replan_16,0,0,0.015468191355466843,0.0,ed969481cd8b4b7bbe323e48c0da319ab7e93443dc29a3b11fa05e30371f6ba2,389675ccea820f2e185989acf83c9aec5ba5c94f5caea4293dc13801908bb7bc,1,217,1,219,0,-1,0,-1
insertion,Gaussian recovery,7,96001,nominal,1,1,0.014528310857713223,0.0,ed969481cd8b4b7bbe323e48c0da319ab7e93443dc29a3b11fa05e30371f6ba2,acf8fc6ffd98e2203a8b1bd12fec7e31d82fbe9655690bcef96e6a4a5f065ddf,1,219,1,222,1,282,1,337
insertion,Gaussian recovery,7,96001,observation_noise,1,0,0.015241244807839394,0.008667078556027264,ed969481cd8b4b7bbe323e48c0da319ab7e93443dc29a3b11fa05e30371f6ba2,bb5fc67a39888a953b8a0f621ffdf2a6f3678230334901450d5d1fe42cde53f8,1,212,1,213,1,321,1,321
insertion,Gaussian recovery,7,96001,noise_joints,1,0,0.014498776756227016,0.0038807376427575945,ed969481cd8b4b7bbe323e48c0da319ab7e93443dc29a3b11fa05e30371f6ba2,f17d2ddd5a6abea1cfb63a551e03059d7550b0f07c3ee5ddcf171ea0fd163437,1,212,1,212,1,307,1,313
insertion,Gaussian recovery,7,96001,noise_objects,1,0,0.015050400979816914,0.0073522719158791005,ed969481cd8b4b7bbe323e48c0da319ab7e93443dc29a3b11fa05e30371f6ba2,22199dff228093072ad128df97a631f31300810bb5599942e02c85a71491d2c7,1,212,1,213,1,316,1,316
insertion,Gaussian recovery,7,96001,noise_low_support,1,1,0.014528310857713223,0.0,ed969481cd8b4b7bbe323e48c0da319ab7e93443dc29a3b11fa05e30371f6ba2,8f3705151cbf5cee4fb04a8c6887e52401581f17223013a88f21b6c00e4cd7ab,1,219,1,222,1,282,1,337
insertion,Gaussian recovery,7,96001,noise_supported,1,0,0.015241244807839394,0.008667078556027264,ed969481cd8b4b7bbe323e48c0da319ab7e93443dc29a3b11fa05e30371f6ba2,bb5fc67a39888a953b8a0f621ffdf2a6f3678230334901450d5d1fe42cde53f8,1,212,1,213,1,321,1,321
insertion,Gaussian recovery,7,96001,replan_1,0,0,0.012934963218867779,0.0,ed969481cd8b4b7bbe323e48c0da319ab7e93443dc29a3b11fa05e30371f6ba2,6583cfd0c87776370011f02076dec7e1c031a504948f701dd16b61c553529db0,0,-1,0,-1,0,-1,0,-1
insertion,Gaussian recovery,7,96001,replan_1_ensemble,1,0,0.00797486220811285,0.0,ed969481cd8b4b7bbe323e48c0da319ab7e93443dc29a3b11fa05e30371f6ba2,f9c5bf8b3228d8ecaadc6276d1bb3ba0f52cdfdff1c44321a13ecd932151c54b,1,219,1,220,1,305,1,305
insertion,Gaussian recovery,7,96001,replan_16,1,0,0.013536149635910988,0.0,ed969481cd8b4b7bbe323e48c0da319ab7e93443dc29a3b11fa05e30371f6ba2,819f07bc0b021bd9523e34a0f3f64043c03a57ce57635afd8ee40330f7a2061f,1,214,1,214,1,331,1,371
insertion,Gaussian recovery,7,96002,nominal,0,0,0.01461999025195837,0.0,ed969481cd8b4b7bbe323e48c0da319ab7e93443dc29a3b11fa05e30371f6ba2,c7820b1e574d1866885b4be03366a717a6dfb818f72f01592cdd925552286f27,1,212,1,219,1,311,0,-1
insertion,Gaussian recovery,7,96002,observation_noise,0,0,0.020540213212370872,0.008703678548336029,ed969481cd8b4b7bbe323e48c0da319ab7e93443dc29a3b11fa05e30371f6ba2,4716d98dedc8ca8c22019704fdf1ee31bac1308ad54b5c7ee24433bc0ca3a335,1,214,1,214,0,-1,0,-1
insertion,Gaussian recovery,7,96002,noise_joints,0,0,0.016471002250909805,0.003972090480383486,ed969481cd8b4b7bbe323e48c0da319ab7e93443dc29a3b11fa05e30371f6ba2,df9d8c8b783708f89449d3abc35aadd6b414f4aecdf2ab3563de35ce1f4f1841,1,211,1,211,1,329,0,-1
insertion,Gaussian recovery,7,96002,noise_objects,0,0,0.019011909142136574,0.00739375417586416,ed969481cd8b4b7bbe323e48c0da319ab7e93443dc29a3b11fa05e30371f6ba2,de0edbf217a11fcd56a5e3cc8a4b38435dc2dc4d02c9b29ebb7b725efc7ec097,1,218,1,218,1,287,0,-1
insertion,Gaussian recovery,7,96002,noise_low_support,0,0,0.01461999025195837,0.0,ed969481cd8b4b7bbe323e48c0da319ab7e93443dc29a3b11fa05e30371f6ba2,707f8a6ee7dac61d2e558a4839bca6c152319f8aa2764ab47e43a78bcac6bb84,1,212,1,219,1,311,0,-1
insertion,Gaussian recovery,7,96002,noise_supported,0,0,0.020540213212370872,0.008703678548336029,ed969481cd8b4b7bbe323e48c0da319ab7e93443dc29a3b11fa05e30371f6ba2,4716d98dedc8ca8c22019704fdf1ee31bac1308ad54b5c7ee24433bc0ca3a335,1,214,1,214,0,-1,0,-1
insertion,Gaussian recovery,7,96002,replan_1,0,0,0.004163480829447508,0.0,ed969481cd8b4b7bbe323e48c0da319ab7e93443dc29a3b11fa05e30371f6ba2,b4b5d709f086198041acf548ffda92e5f10d0723185379a2a3e4d9b77b8d4e96,0,-1,0,-1,0,-1,0,-1
insertion,Gaussian recovery,7,96002,replan_1_ensemble,0,0,0.008076879348033897,0.0,ed969481cd8b4b7bbe323e48c0da319ab7e93443dc29a3b11fa05e30371f6ba2,095faccb5383e045839de5b68ff7e0a460d68318fcab79b8a0706ab151de0cd1,1,219,1,226,1,305,0,-1
insertion,Gaussian recovery,7,96002,replan_16,0,0,0.015021801926195621,0.0,ed969481cd8b4b7bbe323e48c0da319ab7e93443dc29a3b11fa05e30371f6ba2,6e7c4e3e105ad722d20e622f2136dac6accbb1230884c4983fdbf98bc555fad7,1,212,1,215,1,306,0,-1
insertion,Gaussian recovery,7,96003,nominal,0,0,0.01355496421456337,0.0,ed969481cd8b4b7bbe323e48c0da319ab7e93443dc29a3b11fa05e30371f6ba2,bae57f7592f6445168ec1510a6bc7bdb3f55860b6b5f771157db5c78cbb4fb22,1,202,1,217,1,346,0,-1
insertion,Gaussian recovery,7,96003,observation_noise,0,0,0.014848442748188972,0.009588481513783336,ed969481cd8b4b7bbe323e48c0da319ab7e93443dc29a3b11fa05e30371f6ba2,90d550ec7b4d11f0528f14e2e9cc5ffa26c52a190b72a279f2987d9f7e1ff504,1,200,1,220,1,345,0,-1
insertion,Gaussian recovery,7,96003,noise_joints,0,0,0.01590162143111229,0.0036224799137562513,ed969481cd8b4b7bbe323e48c0da319ab7e93443dc29a3b11fa05e30371f6ba2,5c441af17270c43c12826890720a98cf7ac81dcf074f69790b7c691e6398d3c9,1,200,1,220,1,331,0,-1
insertion,Gaussian recovery,7,96003,noise_objects,0,0,0.015810241922736168,0.008719366057775915,ed969481cd8b4b7bbe323e48c0da319ab7e93443dc29a3b11fa05e30371f6ba2,da4ef68f003381fa749cc83cb2179b99b0c26a6de765f23c6955832e93a089e9,1,201,1,220,1,344,0,-1
insertion,Gaussian recovery,7,96003,noise_low_support,0,0,0.01355496421456337,0.0,ed969481cd8b4b7bbe323e48c0da319ab7e93443dc29a3b11fa05e30371f6ba2,259e1f63e1366aa8270e6ec38092d33236b8327718bf323c2daa408d6e43806a,1,202,1,217,1,346,0,-1
insertion,Gaussian recovery,7,96003,noise_supported,0,0,0.014848442748188972,0.009588481513783336,ed969481cd8b4b7bbe323e48c0da319ab7e93443dc29a3b11fa05e30371f6ba2,90d550ec7b4d11f0528f14e2e9cc5ffa26c52a190b72a279f2987d9f7e1ff504,1,200,1,220,1,345,0,-1
insertion,Gaussian recovery,7,96003,replan_1,1,0,0.00830098893493414,0.0,ed969481cd8b4b7bbe323e48c0da319ab7e93443dc29a3b11fa05e30371f6ba2,474b28c49b5f7b40de87cc16d513f72ad26446b2a875c9bc8353f4a5f7a2d855,1,202,1,221,1,269,1,269
insertion,Gaussian recovery,7,96003,replan_1_ensemble,0,0,0.008444874949959422,0.0,ed969481cd8b4b7bbe323e48c0da319ab7e93443dc29a3b11fa05e30371f6ba2,405ce6a345adfdd46cf5cd318b5e19aa4b17f652db7bd0623709eda3d5ba6fa0,1,198,1,216,1,330,0,-1
insertion,Gaussian recovery,7,96003,replan_16,0,0,0.016642145812511444,0.0,ed969481cd8b4b7bbe323e48c0da319ab7e93443dc29a3b11fa05e30371f6ba2,3ab4b37675c27a25728c51d6cda718346b091da37caecb268505760bdf3b6a1d,1,205,1,225,0,-1,0,-1
insertion,Gaussian recovery,7,96004,nominal,0,0,0.013525079935789108,0.0,ed969481cd8b4b7bbe323e48c0da319ab7e93443dc29a3b11fa05e30371f6ba2,a0c521dd6a607a49ecae2cea8a326d321b2203783de081d4d1322e099ea27121,1,220,1,225,1,304,0,-1
insertion,Gaussian recovery,7,96004,observation_noise,0,0,0.01390474196523428,0.008450602148659527,ed969481cd8b4b7bbe323e48c0da319ab7e93443dc29a3b11fa05e30371f6ba2,3232b8c3247213c737de2ce761f96d3e0a9a398fe0f62ab1bda55f6ef667f1e8,1,216,1,218,0,-1,0,-1
insertion,Gaussian recovery,7,96004,noise_joints,0,0,0.013603869825601578,0.003773580121342093,ed969481cd8b4b7bbe323e48c0da319ab7e93443dc29a3b11fa05e30371f6ba2,fb7f29a64a64198c419cc5fe4a7b568f97663a5adeb08b3d93a3571f2c63dcee,1,225,1,225,1,314,0,-1
insertion,Gaussian recovery,7,96004,noise_objects,0,0,0.013665248639881611,0.00747047497658059,ed969481cd8b4b7bbe323e48c0da319ab7e93443dc29a3b11fa05e30371f6ba2,60753087517b015371dd2c7ac3c590a8511258533c0a0a018c6aff3fef311a30,1,221,1,227,1,358,0,-1
insertion,Gaussian recovery,7,96004,noise_low_support,0,0,0.013525079935789108,0.0,ed969481cd8b4b7bbe323e48c0da319ab7e93443dc29a3b11fa05e30371f6ba2,0c30e01a239ff82f54babed8f9d85fc277183e99c5c4d56e822f6f644c2ccfed,1,220,1,225,1,304,0,-1
insertion,Gaussian recovery,7,96004,noise_supported,0,0,0.01390474196523428,0.008450602148659527,ed969481cd8b4b7bbe323e48c0da319ab7e93443dc29a3b11fa05e30371f6ba2,3232b8c3247213c737de2ce761f96d3e0a9a398fe0f62ab1bda55f6ef667f1e8,1,216,1,218,0,-1,0,-1
insertion,Gaussian recovery,7,96004,replan_1,0,0,0.007133818697184324,0.0,ed969481cd8b4b7bbe323e48c0da319ab7e93443dc29a3b11fa05e30371f6ba2,076a06fb6a5afbef30bad881f34e4afe119a62f6aba8d28a1b156bc8ffc0cdfb,1,234,1,234,1,383,0,-1
insertion,Gaussian recovery,7,96004,replan_1_ensemble,0,0,0.008033866594792202,0.0,ed969481cd8b4b7bbe323e48c0da319ab7e93443dc29a3b11fa05e30371f6ba2,636e76b007b830eee0764e3d97c454a57adebc10230023a7cf00dfb42409b6be,1,224,1,224,1,301,0,-1
insertion,Gaussian recovery,7,96004,replan_16,0,0,0.013284589163959026,0.0,ed969481cd8b4b7bbe323e48c0da319ab7e93443dc29a3b11fa05e30371f6ba2,2793b738ba1a1ce2f17f5de828d3b8bdab295df5486bb870ccb3638d6c984a30,1,219,1,219,1,335,0,-1
insertion,Gaussian recovery,7,96005,nominal,1,0,0.016396181657910347,0.0,ed969481cd8b4b7bbe323e48c0da319ab7e93443dc29a3b11fa05e30371f6ba2,5e5f2112fb40a663afcfbf4c870e1b0074fd83a897dd7d1e751c6cfc5a458100,1,225,1,225,1,319,1,330
insertion,Gaussian recovery,7,96005,observation_noise,0,0,0.018938792869448662,0.008561259321868419,ed969481cd8b4b7bbe323e48c0da319ab7e93443dc29a3b11fa05e30371f6ba2,2f8df199dbd68f95f23c47ef5f61122558565c3840da03e808909eb973056b67,1,222,1,224,1,290,0,-1
insertion,Gaussian recovery,7,96005,noise_joints,0,0,0.01674632541835308,0.0034417068515904246,ed969481cd8b4b7bbe323e48c0da319ab7e93443dc29a3b11fa05e30371f6ba2,fde64a21a45154710e1fe6f15dbb194c3c32dd7b5aa91d5ca2a4afcf2a92a96c,1,221,1,224,1,330,0,-1
insertion,Gaussian recovery,7,96005,noise_objects,0,0,0.01649458520114422,0.0073990829021204265,ed969481cd8b4b7bbe323e48c0da319ab7e93443dc29a3b11fa05e30371f6ba2,82b10f338388f804c64dab91718aeed12032ab952dd4694ca7c7625d8d60eceb,1,222,1,224,1,297,0,-1
insertion,Gaussian recovery,7,96005,noise_low_support,1,0,0.016396181657910347,0.0,ed969481cd8b4b7bbe323e48c0da319ab7e93443dc29a3b11fa05e30371f6ba2,e1d68e4f018c4d48fe99861a5e1318e8ee5acf493ff5c4d83efb4b8656f5804c,1,225,1,225,1,319,1,330
insertion,Gaussian recovery,7,96005,noise_supported,0,0,0.018938792869448662,0.008561259321868419,ed969481cd8b4b7bbe323e48c0da319ab7e93443dc29a3b11fa05e30371f6ba2,2f8df199dbd68f95f23c47ef5f61122558565c3840da03e808909eb973056b67,1,222,1,224,1,290,0,-1
insertion,Gaussian recovery,7,96005,replan_1,0,0,0.007030823267996311,0.0,ed969481cd8b4b7bbe323e48c0da319ab7e93443dc29a3b11fa05e30371f6ba2,5bf45f4391b20c20367c25a27d52ed7c06a02deea29cf44172d60b67a30fb755,1,214,1,220,1,273,0,-1
insertion,Gaussian recovery,7,96005,replan_1_ensemble,1,0,0.008152435685947845,0.0,ed969481cd8b4b7bbe323e48c0da319ab7e93443dc29a3b11fa05e30371f6ba2,86bc3652dfe91315daca049fcb538727f3e21f667f9fa360fd5fd71544388f53,1,218,1,223,1,289,1,289
insertion,Gaussian recovery,7,96005,replan_16,0,0,0.015470081008970737,0.0,ed969481cd8b4b7bbe323e48c0da319ab7e93443dc29a3b11fa05e30371f6ba2,559e6cbfbcf634c067cbcfcf04061085a5467bdc90f27e46ca08d9e638f99a5c,1,219,1,222,1,333,0,-1
insertion,Gaussian recovery,7,96006,nominal,0,0,0.015262244269251823,0.0,ed969481cd8b4b7bbe323e48c0da319ab7e93443dc29a3b11fa05e30371f6ba2,57673c9943723b94e9e2cddc6289061eb75f48e5a8c793bf1e4c9fee26e30588,1,229,1,230,0,-1,0,-1
insertion,Gaussian recovery,7,96006,observation_noise,0,0,0.028082681819796562,0.009876919072121381,ed969481cd8b4b7bbe323e48c0da319ab7e93443dc29a3b11fa05e30371f6ba2,e1381e08678534e25beff0a3c9c4c6538ad82f581fd297ffbfd49dac1e90792d,1,236,1,239,0,-1,0,-1
insertion,Gaussian recovery,7,96006,noise_joints,0,0,0.015716085210442543,0.0034268691996112467,ed969481cd8b4b7bbe323e48c0da319ab7e93443dc29a3b11fa05e30371f6ba2,297b90cf27f8529ea88fab95d49244326bd21cf50262913351c689996031eceb,1,229,1,231,0,-1,0,-1
insertion,Gaussian recovery,7,96006,noise_objects,0,0,0.015943126752972603,0.008813114678487182,ed969481cd8b4b7bbe323e48c0da319ab7e93443dc29a3b11fa05e30371f6ba2,c8033f7b9bcf1e2d23449028b2265f82fe68f869e55f090c52bc30fec329c4b9,1,228,1,232,1,353,0,-1
insertion,Gaussian recovery,7,96006,noise_low_support,0,0,0.015262244269251823,0.0,ed969481cd8b4b7bbe323e48c0da319ab7e93443dc29a3b11fa05e30371f6ba2,bf982c8a6540352debae530cc78b325cca8d8e1211f0cebaa346e628bca1e36f,1,229,1,230,0,-1,0,-1
insertion,Gaussian recovery,7,96006,noise_supported,0,0,0.028082681819796562,0.009876919072121381,ed969481cd8b4b7bbe323e48c0da319ab7e93443dc29a3b11fa05e30371f6ba2,e1381e08678534e25beff0a3c9c4c6538ad82f581fd297ffbfd49dac1e90792d,1,236,1,239,0,-1,0,-1
insertion,Gaussian recovery,7,96006,replan_1,0,0,0.007723835296928883,0.0,ed969481cd8b4b7bbe323e48c0da319ab7e93443dc29a3b11fa05e30371f6ba2,e46356c4402931e7a4da819556aa1723eba0670e427e300169ab099608d9c21a,1,232,1,232,1,253,0,-1
insertion,Gaussian recovery,7,96006,replan_1_ensemble,0,0,0.007920602316860138,0.0,ed969481cd8b4b7bbe323e48c0da319ab7e93443dc29a3b11fa05e30371f6ba2,e86672821941fba21e04e3a41f3ee592ba747f5e69d9c7a4f0a0ef9812d8517d,1,238,1,238,1,323,0,-1
insertion,Gaussian recovery,7,96006,replan_16,0,0,0.016042666509747505,0.0,ed969481cd8b4b7bbe323e48c0da319ab7e93443dc29a3b11fa05e30371f6ba2,8b3b9392863f92ee87c101a27db988a9da2f39f4fcf88d8e0d437c86812647fe,1,237,1,237,1,358,0,-1
insertion,Gaussian recovery,7,96007,nominal,1,0,0.01332820300012827,0.0,ed969481cd8b4b7bbe323e48c0da319ab7e93443dc29a3b11fa05e30371f6ba2,1bd947e126ec1af205ed861c51779fc523107ef50cd0ce4a1327a5b396113d8e,1,211,1,214,1,319,1,323
insertion,Gaussian recovery,7,96007,observation_noise,1,1,0.013900402933359146,0.009492339878343047,ed969481cd8b4b7bbe323e48c0da319ab7e93443dc29a3b11fa05e30371f6ba2,d56a97f0ced957e5d51aa17d62c8509d8eb29af56d218b1f746e23d1fdb2c586,1,215,1,218,1,365,1,365
insertion,Gaussian recovery,7,96007,noise_joints,1,1,0.01326814666390419,0.003599735095631331,ed969481cd8b4b7bbe323e48c0da319ab7e93443dc29a3b11fa05e30371f6ba2,8c9896cfb827b88fa68589bc4b33f2234a15a7d32399dc6d04f104e7ce02b1be,1,212,1,215,1,343,1,352
insertion,Gaussian recovery,7,96007,noise_objects,1,0,0.013782816007733345,0.00866794767556712,ed969481cd8b4b7bbe323e48c0da319ab7e93443dc29a3b11fa05e30371f6ba2,48b932bbee670df8d4a0bf5166ba1c2b32d94ed98e374a3a7c49204361de3c4d,1,213,1,214,1,341,1,341
insertion,Gaussian recovery,7,96007,noise_low_support,1,0,0.01332820300012827,0.0,ed969481cd8b4b7bbe323e48c0da319ab7e93443dc29a3b11fa05e30371f6ba2,f7e74abb8076daf6d297837f141987394505687eb3c04a6c73e086e0018ba821,1,211,1,214,1,319,1,323
insertion,Gaussian recovery,7,96007,noise_supported,1,1,0.013900402933359146,0.009492339878343047,ed969481cd8b4b7bbe323e48c0da319ab7e93443dc29a3b11fa05e30371f6ba2,d56a97f0ced957e5d51aa17d62c8509d8eb29af56d218b1f746e23d1fdb2c586,1,215,1,218,1,365,1,365
insertion,Gaussian recovery,7,96007,replan_1,0,0,0.009080682881176472,0.0,ed969481cd8b4b7bbe323e48c0da319ab7e93443dc29a3b11fa05e30371f6ba2,defb54e1345a00b37e0cc61d29d432632d35aacba7e8c76ba37614cb47b35e47,1,212,1,212,1,262,0,-1
insertion,Gaussian recovery,7,96007,replan_1_ensemble,0,0,0.008083227471646947,0.0,ed969481cd8b4b7bbe323e48c0da319ab7e93443dc29a3b11fa05e30371f6ba2,4b439d8e1d65fb134190b5390851aac37008ec735ea0a4f607ed69fc32ad1fd0,1,213,1,215,1,293,0,-1
insertion,Gaussian recovery,7,96007,replan_16,1,1,0.013048643246293068,0.0,ed969481cd8b4b7bbe323e48c0da319ab7e93443dc29a3b11fa05e30371f6ba2,c134c2fcf35a90d20f1ae32327fd2e1c4c70467ea49434f1f6881c0f42fb412f,1,211,1,213,1,338,1,338
insertion,Gaussian recovery,7,96008,nominal,0,0,0.013458642177283764,0.0,ed969481cd8b4b7bbe323e48c0da319ab7e93443dc29a3b11fa05e30371f6ba2,4939e447922d229176b540473138e87eed413e40eed9007baf4f16dfbf44fd4b,1,214,1,219,1,312,0,-1
insertion,Gaussian recovery,7,96008,observation_noise,0,0,0.017055191099643707,0.00930625039152801,ed969481cd8b4b7bbe323e48c0da319ab7e93443dc29a3b11fa05e30371f6ba2,957c0d844b403f74f1ed87fe9d9a149fc8cf397c611f273862000f0099684e7a,1,215,1,216,1,302,0,-1
insertion,Gaussian recovery,7,96008,noise_joints,0,0,0.013387841172516346,0.004033798680175096,ed969481cd8b4b7bbe323e48c0da319ab7e93443dc29a3b11fa05e30371f6ba2,67b3b01ca3941702b84374905aba434cc02ca24a527b9be1b47d1d8e1ef3c71c,1,220,1,228,1,315,0,-1
insertion,Gaussian recovery,7,96008,noise_objects,0,0,0.016823116689920425,0.007841014678124338,ed969481cd8b4b7bbe323e48c0da319ab7e93443dc29a3b11fa05e30371f6ba2,80056fca6c06888df66b39971c510e997ccc09bcbdf8000916c7eea66c9a1e19,1,211,1,217,1,300,0,-1
insertion,Gaussian recovery,7,96008,noise_low_support,0,0,0.013458642177283764,0.0,ed969481cd8b4b7bbe323e48c0da319ab7e93443dc29a3b11fa05e30371f6ba2,a1dc86f733695dfc1a4859b649bef0859efc2e0a6bada1db4d4291cc4f680116,1,214,1,219,1,312,0,-1
insertion,Gaussian recovery,7,96008,noise_supported,0,0,0.017055191099643707,0.00930625039152801,ed969481cd8b4b7bbe323e48c0da319ab7e93443dc29a3b11fa05e30371f6ba2,957c0d844b403f74f1ed87fe9d9a149fc8cf397c611f273862000f0099684e7a,1,215,1,216,1,302,0,-1
insertion,Gaussian recovery,7,96008,replan_1,0,0,0.007146037649363279,0.0,ed969481cd8b4b7bbe323e48c0da319ab7e93443dc29a3b11fa05e30371f6ba2,428f83c53a8df0f0bb53561d6ee2b2446cd52e3d55de1aa50acba5ea3a1a5579,1,215,1,216,1,292,0,-1
insertion,Gaussian recovery,7,96008,replan_1_ensemble,0,0,0.008438238173802008,0.0,ed969481cd8b4b7bbe323e48c0da319ab7e93443dc29a3b11fa05e30371f6ba2,b19fa6bc140ddb32311e52ac9cb9914aa6d71035a3e99176760523a46f85237a,1,220,1,220,1,300,0,-1
insertion,Gaussian recovery,7,96008,replan_16,1,1,0.013255913741886616,0.0,ed969481cd8b4b7bbe323e48c0da319ab7e93443dc29a3b11fa05e30371f6ba2,dd78a672fe51b27dd90723dba106c5b09af9e2fe25867f2809bbcb241ab1c773,1,225,1,227,1,347,1,347
insertion,Gaussian recovery,7,96009,nominal,1,0,0.013904273509979248,0.0,ed969481cd8b4b7bbe323e48c0da319ab7e93443dc29a3b11fa05e30371f6ba2,bca490b7331251a819164dd599966d4be24adefc99211cbced81ce5ba633ab06,1,219,1,227,1,332,1,332
insertion,Gaussian recovery,7,96009,observation_noise,1,0,0.01450869906693697,0.008508908399380743,ed969481cd8b4b7bbe323e48c0da319ab7e93443dc29a3b11fa05e30371f6ba2,e21d3c4a2bcddb0504912f77dc7449a350663d2a47f9553071e8079056612a84,1,210,1,219,1,339,1,339
insertion,Gaussian recovery,7,96009,noise_joints,1,1,0.014179755002260208,0.0035852589551359417,ed969481cd8b4b7bbe323e48c0da319ab7e93443dc29a3b11fa05e30371f6ba2,fce19a7ad72337acda7f4a0407972a0772316a546ee04a677a74bdcd8503d288,1,218,1,225,1,335,1,353
insertion,Gaussian recovery,7,96009,noise_objects,1,1,0.014445326291024685,0.007610628039110452,ed969481cd8b4b7bbe323e48c0da319ab7e93443dc29a3b11fa05e30371f6ba2,0d294f05c4bb474b88fd71daf72bce6be5abfde94ede80859d02cad4aa82568a,1,212,1,217,1,340,1,340
insertion,Gaussian recovery,7,96009,noise_low_support,1,0,0.013904273509979248,0.0,ed969481cd8b4b7bbe323e48c0da319ab7e93443dc29a3b11fa05e30371f6ba2,7c16ebe4094838f1974bcca378b260667e4fde4b4d0dffdd79a236e3baa785ce,1,219,1,227,1,332,1,332
insertion,Gaussian recovery,7,96009,noise_supported,1,0,0.01450869906693697,0.008508908399380743,ed969481cd8b4b7bbe323e48c0da319ab7e93443dc29a3b11fa05e30371f6ba2,e21d3c4a2bcddb0504912f77dc7449a350663d2a47f9553071e8079056612a84,1,210,1,219,1,339,1,339
insertion,Gaussian recovery,7,96009,replan_1,1,1,0.006942169275134802,0.0,ed969481cd8b4b7bbe323e48c0da319ab7e93443dc29a3b11fa05e30371f6ba2,0a669cd378384f65ffdd63662decde113ffc6297528ce0a6cb37f5c3fa4ef6a7,1,221,1,225,1,263,1,342
insertion,Gaussian recovery,7,96009,replan_1_ensemble,1,0,0.008182524432371907,0.0,ed969481cd8b4b7bbe323e48c0da319ab7e93443dc29a3b11fa05e30371f6ba2,ad8905b7cdcee0a9c652133bd535c02bbf38ee6e2e7887ec49d13864b7dbf8b8,1,226,1,226,1,343,1,343
insertion,Gaussian recovery,7,96009,replan_16,1,1,0.013549868948757648,0.0,ed969481cd8b4b7bbe323e48c0da319ab7e93443dc29a3b11fa05e30371f6ba2,ec506d1f6b93b70d36d43f5f261221e9bcab3db9cc3a25e3732ee1bc85510cf7,1,212,1,221,1,343,1,343
insertion,Gaussian recovery,7,96010,nominal,0,0,0.013346279971301556,0.0,ed969481cd8b4b7bbe323e48c0da319ab7e93443dc29a3b11fa05e30371f6ba2,2931835645b585d509fa9da8fa2a9eba11dc90d6d23222fdb2d4e7a0ff4d898c,1,219,1,219,1,302,0,-1
insertion,Gaussian recovery,7,96010,observation_noise,0,0,0.018069108948111534,0.008545980877242983,ed969481cd8b4b7bbe323e48c0da319ab7e93443dc29a3b11fa05e30371f6ba2,e2a0b68b128188cf2867df742bd374749175836022ce9a439f163af0051e6976,1,219,1,220,1,284,0,-1
insertion,Gaussian recovery,7,96010,noise_joints,0,0,0.013715335167944431,0.0034533665527123956,ed969481cd8b4b7bbe323e48c0da319ab7e93443dc29a3b11fa05e30371f6ba2,0b56156cf70fe5055a017ac3ad3240429a50eb86a7b77df96121ae158a568e58,1,227,1,227,1,285,0,-1
insertion,Gaussian recovery,7,96010,noise_objects,0,0,0.017973359674215317,0.007480161068961024,ed969481cd8b4b7bbe323e48c0da319ab7e93443dc29a3b11fa05e30371f6ba2,9999e203444cb61c55e81ad1e02f429f22df721289c386093d237a7f2e23e6ab,1,219,1,219,1,283,0,-1
insertion,Gaussian recovery,7,96010,noise_low_support,0,0,0.013346279971301556,0.0,ed969481cd8b4b7bbe323e48c0da319ab7e93443dc29a3b11fa05e30371f6ba2,9d7cd12137b8625b6805368fa16fba76da47c41071a5ac915acb384a7fe29a5d,1,219,1,219,1,302,0,-1
insertion,Gaussian recovery,7,96010,noise_supported,0,0,0.018069108948111534,0.008545980877242983,ed969481cd8b4b7bbe323e48c0da319ab7e93443dc29a3b11fa05e30371f6ba2,e2a0b68b128188cf2867df742bd374749175836022ce9a439f163af0051e6976,1,219,1,220,1,284,0,-1
insertion,Gaussian recovery,7,96010,replan_1,0,0,0.00747562013566494,0.0,ed969481cd8b4b7bbe323e48c0da319ab7e93443dc29a3b11fa05e30371f6ba2,28ac474c80f3425b52a97a000e3a5640b4f1784a141abb7cca6dc4af4d3ddfe2,1,231,1,231,0,-1,0,-1
insertion,Gaussian recovery,7,96010,replan_1_ensemble,0,0,0.00783566763960346,0.0,ed969481cd8b4b7bbe323e48c0da319ab7e93443dc29a3b11fa05e30371f6ba2,1a9725ef037cb1d4d5fa044f008f097fc16fa99c3ab5fdca64a5d51317d89aa5,1,231,1,231,1,281,0,-1
insertion,Gaussian recovery,7,96010,replan_16,0,0,0.013469784520566463,0.0,ed969481cd8b4b7bbe323e48c0da319ab7e93443dc29a3b11fa05e30371f6ba2,6062277fa743e3e4ca479eb2da2bd692ee3064e6c2504d896f58862468676f09,1,217,1,217,1,330,0,-1
insertion,Gaussian recovery,7,96011,nominal,0,0,0.013159187510609627,0.0,ed969481cd8b4b7bbe323e48c0da319ab7e93443dc29a3b11fa05e30371f6ba2,271b700eb2899df93b281b4dda3dd9467e8f3f922068935d7a39c74d095d79a3,1,219,1,225,0,-1,0,-1
insertion,Gaussian recovery,7,96011,observation_noise,0,0,0.01707904413342476,0.008827511109411717,ed969481cd8b4b7bbe323e48c0da319ab7e93443dc29a3b11fa05e30371f6ba2,7a3e0f7a8192f6b3c7128227b4263a92f18b2ca051edc43131027295356118ab,1,208,1,220,1,286,0,-1
insertion,Gaussian recovery,7,96011,noise_joints,1,0,0.013292817398905754,0.003522918047383428,ed969481cd8b4b7bbe323e48c0da319ab7e93443dc29a3b11fa05e30371f6ba2,7e109a9a9ab6913b348d9c73c80ed1e9ff488eb082c928caf78b40787ded2b93,1,216,1,219,1,359,1,366
insertion,Gaussian recovery,7,96011,noise_objects,0,0,0.01708093285560608,0.007825347776524723,ed969481cd8b4b7bbe323e48c0da319ab7e93443dc29a3b11fa05e30371f6ba2,c961d7adc1a9da05ad200af862f70e9ef83dd8e7f5f14f3aa4645dd663150b76,1,214,1,219,1,286,0,-1
insertion,Gaussian recovery,7,96011,noise_low_support,0,0,0.013159187510609627,0.0,ed969481cd8b4b7bbe323e48c0da319ab7e93443dc29a3b11fa05e30371f6ba2,a39dba88c555992c2e8a6f8b76fc62c5bfe39dbc2587707793b60e2f05d5a88e,1,219,1,225,0,-1,0,-1
insertion,Gaussian recovery,7,96011,noise_supported,0,0,0.01707904413342476,0.008827511109411717,ed969481cd8b4b7bbe323e48c0da319ab7e93443dc29a3b11fa05e30371f6ba2,7a3e0f7a8192f6b3c7128227b4263a92f18b2ca051edc43131027295356118ab,1,208,1,220,1,286,0,-1
insertion,Gaussian recovery,7,96011,replan_1,0,0,0.004861848428845406,0.0,ed969481cd8b4b7bbe323e48c0da319ab7e93443dc29a3b11fa05e30371f6ba2,27b6f6bb104d47e14ef6e558b5c8bb3994b53cd42d443a776e487c204466fc90,0,-1,0,-1,0,-1,0,-1
insertion,Gaussian recovery,7,96011,replan_1_ensemble,0,0,0.007830780068928013,0.0,ed969481cd8b4b7bbe323e48c0da319ab7e93443dc29a3b11fa05e30371f6ba2,c3ce91b2f3295610e2c60952e0815c5a7bd40054a79090ad6f8305f39ec3abcc,1,213,1,226,0,-1,0,-1
insertion,Gaussian recovery,7,96011,replan_16,1,0,0.013364128768444061,0.0,ed969481cd8b4b7bbe323e48c0da319ab7e93443dc29a3b11fa05e30371f6ba2,f878a2748dcbd2c0e97052e24acdb832ebc0a11ab9c2db9e7ae7bf1f40520017,1,216,1,217,1,335,1,362
insertion,Gaussian recovery,7,96012,nominal,1,0,0.012874756939709187,0.0,ed969481cd8b4b7bbe323e48c0da319ab7e93443dc29a3b11fa05e30371f6ba2,b1d13bae4a043ebe178d359d607d959028bc5adef3a8ff57f92b1f853b42353a,1,212,1,212,1,343,1,343
insertion,Gaussian recovery,7,96012,observation_noise,1,0,0.014128008857369423,0.008654803191311657,ed969481cd8b4b7bbe323e48c0da319ab7e93443dc29a3b11fa05e30371f6ba2,1223eecb27b7295c278b66a8b5dd65030047c93cdab268d7760222a4ad84c7c0,1,211,1,214,1,331,1,331
insertion,Gaussian recovery,7,96012,noise_joints,1,0,0.013212690129876137,0.0035933988669421524,ed969481cd8b4b7bbe323e48c0da319ab7e93443dc29a3b11fa05e30371f6ba2,dbe5d84a9ba5d9a569672d19d62f56f42868a861d802fabf645cdd0bf386f471,1,211,1,212,1,340,1,340
insertion,Gaussian recovery,7,96012,noise_objects,1,0,0.013765999116003513,0.007729093690868467,ed969481cd8b4b7bbe323e48c0da319ab7e93443dc29a3b11fa05e30371f6ba2,3a10ad19094c5ae40f8169be3a7edd9f2c3d8fc604d70de650961ca379b82bf2,1,213,1,215,1,331,1,331
insertion,Gaussian recovery,7,96012,noise_low_support,1,0,0.012874756939709187,0.0,ed969481cd8b4b7bbe323e48c0da319ab7e93443dc29a3b11fa05e30371f6ba2,61ce892772823a67b4622fc25eab71b26240e243115066cb15691179e5433975,1,212,1,212,1,343,1,343
insertion,Gaussian recovery,7,96012,noise_supported,1,0,0.014128008857369423,0.008654803191311657,ed969481cd8b4b7bbe323e48c0da319ab7e93443dc29a3b11fa05e30371f6ba2,1223eecb27b7295c278b66a8b5dd65030047c93cdab268d7760222a4ad84c7c0,1,211,1,214,1,331,1,331
insertion,Gaussian recovery,7,96012,replan_1,0,0,0.00788046419620514,0.0,ed969481cd8b4b7bbe323e48c0da319ab7e93443dc29a3b11fa05e30371f6ba2,482bd6a0cc03ce4864369b0b744bb2b3a6173e2bd49f9bc65c9955457721df68,1,217,1,219,1,273,0,-1
insertion,Gaussian recovery,7,96012,replan_1_ensemble,0,0,0.007967791856783632,0.0,ed969481cd8b4b7bbe323e48c0da319ab7e93443dc29a3b11fa05e30371f6ba2,2a84e08f354bf3302887106fbacaad81f532d62cd4ad99430c6b129332f3f2b0,1,213,1,216,1,330,0,-1
insertion,Gaussian recovery,7,96012,replan_16,1,1,0.01269269548356533,0.0,ed969481cd8b4b7bbe323e48c0da319ab7e93443dc29a3b11fa05e30371f6ba2,ded4e93b6c45b64129ea52753be467a098544d7449a9fa572749432a47324884,1,211,1,213,1,353,1,353
insertion,Gaussian recovery,7,96013,nominal,0,0,0.012381174601614475,0.0,ed969481cd8b4b7bbe323e48c0da319ab7e93443dc29a3b11fa05e30371f6ba2,73138eebbde17047eaafbf982fa4feecad27ba52c8ced7f78410191f8129d5a5,1,211,1,218,0,-1,0,-1
insertion,Gaussian recovery,7,96013,observation_noise,0,0,0.013416736386716366,0.0091972472704947,ed969481cd8b4b7bbe323e48c0da319ab7e93443dc29a3b11fa05e30371f6ba2,48b559f6302b2f229cd3c4fe677242d51ccc847a4cfcba4c60ad7507057815bd,1,215,1,221,0,-1,0,-1
insertion,Gaussian recovery,7,96013,noise_joints,0,0,0.012662052176892757,0.0037146378913894295,ed969481cd8b4b7bbe323e48c0da319ab7e93443dc29a3b11fa05e30371f6ba2,9260dcf6ff680ccef38a100e49be78bfc90353fd67b2e07aaee2dae67e86352f,1,214,1,218,0,-1,0,-1
insertion,Gaussian recovery,7,96013,noise_objects,0,0,0.013114158995449543,0.00798716466408223,ed969481cd8b4b7bbe323e48c0da319ab7e93443dc29a3b11fa05e30371f6ba2,3d15afca0d21beb46b9a7938e0ae4f70029d05ddb6ebd16c583a6f3179b34dce,1,214,1,220,0,-1,0,-1
insertion,Gaussian recovery,7,96013,noise_low_support,0,0,0.012381174601614475,0.0,ed969481cd8b4b7bbe323e48c0da319ab7e93443dc29a3b11fa05e30371f6ba2,d5fe3a59360e76f84cf5cfa67d7d4ddabc0ba21cff1dbbb5860581af9d74c53d,1,211,1,218,0,-1,0,-1
insertion,Gaussian recovery,7,96013,noise_supported,0,0,0.013416736386716366,0.0091972472704947,ed969481cd8b4b7bbe323e48c0da319ab7e93443dc29a3b11fa05e30371f6ba2,48b559f6302b2f229cd3c4fe677242d51ccc847a4cfcba4c60ad7507057815bd,1,215,1,221,0,-1,0,-1
insertion,Gaussian recovery,7,96013,replan_1,0,0,0.0059793004766106606,0.0,ed969481cd8b4b7bbe323e48c0da319ab7e93443dc29a3b11fa05e30371f6ba2,683d13877b8069d23bd736e9bd403cc8fe2e13aa5f36ec7cf8491fc4b3980080,1,211,1,221,0,-1,0,-1
insertion,Gaussian recovery,7,96013,replan_1_ensemble,0,0,0.007591349598836194,0.0,ed969481cd8b4b7bbe323e48c0da319ab7e93443dc29a3b11fa05e30371f6ba2,ce60dee01862e9a1fcd4f18b6824a563cd4f492a6a4268a1ff80379c568f26ed,1,212,1,219,0,-1,0,-1
insertion,Gaussian recovery,7,96013,replan_16,0,0,0.012377527542412281,0.0,ed969481cd8b4b7bbe323e48c0da319ab7e93443dc29a3b11fa05e30371f6ba2,82526482be8569c8e18264eb4ce6c0c0341eec7c4761e556ed5f80401d370685,1,212,1,224,0,-1,0,-1
insertion,Gaussian recovery,7,96014,nominal,0,0,0.012260650284588337,0.0,ed969481cd8b4b7bbe323e48c0da319ab7e93443dc29a3b11fa05e30371f6ba2,12b8baa9f7b8bb643e347a0a2fbe24e8b9f2c39dcfca3a05f0b0d37c5d64ec21,1,214,1,218,0,-1,0,-1
insertion,Gaussian recovery,7,96014,observation_noise,1,0,0.013572662137448788,0.009206605888903142,ed969481cd8b4b7bbe323e48c0da319ab7e93443dc29a3b11fa05e30371f6ba2,4825a79f8f063e82db4a8d15dccbb16b19e0738f4ddc2adb0ef1ef5e995381f3,1,210,1,220,1,326,1,326
insertion,Gaussian recovery,7,96014,noise_joints,0,0,0.012455963529646397,0.003632501151878387,ed969481cd8b4b7bbe323e48c0da319ab7e93443dc29a3b11fa05e30371f6ba2,bad2f2fe583e2602609b62bcbd4ffec1ee73b4e24bce9e73328c78d67d7da833,1,216,1,218,0,-1,0,-1
insertion,Gaussian recovery,7,96014,noise_objects,1,0,0.013341099955141544,0.008502614363096654,ed969481cd8b4b7bbe323e48c0da319ab7e93443dc29a3b11fa05e30371f6ba2,3758af2e52de829435e4e4396e44e7bb00627fc26932a0bb612099c55be8e9d4,1,213,1,219,1,336,1,336
insertion,Gaussian recovery,7,96014,noise_low_support,0,0,0.012260650284588337,0.0,ed969481cd8b4b7bbe323e48c0da319ab7e93443dc29a3b11fa05e30371f6ba2,8d863fdc0bb7eed006ffb0c43d2631c788e16adcc1d40d7799dd7dc1d9a5f0d1,1,214,1,218,0,-1,0,-1
insertion,Gaussian recovery,7,96014,noise_supported,1,0,0.013572662137448788,0.009206605888903142,ed969481cd8b4b7bbe323e48c0da319ab7e93443dc29a3b11fa05e30371f6ba2,4825a79f8f063e82db4a8d15dccbb16b19e0738f4ddc2adb0ef1ef5e995381f3,1,210,1,220,1,326,1,326
insertion,Gaussian recovery,7,96014,replan_1,0,0,0.005846160463988781,0.0,ed969481cd8b4b7bbe323e48c0da319ab7e93443dc29a3b11fa05e30371f6ba2,1d322b6465ef50214f519fa957dbd9482e1e6e110d360ef9f7f2bec0b353cca3,1,215,1,220,0,-1,0,-1
insertion,Gaussian recovery,7,96014,replan_1_ensemble,0,0,0.007558306982394063,0.0,ed969481cd8b4b7bbe323e48c0da319ab7e93443dc29a3b11fa05e30371f6ba2,30f3c3663f6a0df5a4d052f4679b0634d7cb796080253c63790e1c74cd741692,1,213,1,219,0,-1,0,-1
insertion,Gaussian recovery,7,96014,replan_16,0,0,0.012344435788691044,0.0,ed969481cd8b4b7bbe323e48c0da319ab7e93443dc29a3b11fa05e30371f6ba2,cbedf35e5aa2bbc4b3666208034cc5251ab0bcdca0b19953a4950a3053731027,1,212,1,224,0,-1,0,-1
insertion,Gaussian recovery,7,96015,nominal,1,1,0.014957680366933346,0.0,ed969481cd8b4b7bbe323e48c0da319ab7e93443dc29a3b11fa05e30371f6ba2,bd41047944addce8391076b05770f56609b7756c29f74dfffdb426b01229b2e1,1,210,1,220,1,290,1,341
insertion,Gaussian recovery,7,96015,observation_noise,1,0,0.015337169170379639,0.008851857606787234,ed969481cd8b4b7bbe323e48c0da319ab7e93443dc29a3b11fa05e30371f6ba2,d8d46a76cdf76f503199ec7f5d40a08ea93bffc3c1eedd7540c8f86dd1926abe,1,211,1,214,1,311,1,335
insertion,Gaussian recovery,7,96015,noise_joints,1,0,0.014983637258410454,0.0035281825135461986,ed969481cd8b4b7bbe323e48c0da319ab7e93443dc29a3b11fa05e30371f6ba2,e12909f3b0dc1c149a41f79b3129c249c53ad1ad86bdbbc184c63e380711617a,1,209,1,220,1,283,1,343
insertion,Gaussian recovery,7,96015,noise_objects,1,0,0.015209686942398548,0.008099827005062253,ed969481cd8b4b7bbe323e48c0da319ab7e93443dc29a3b11fa05e30371f6ba2,431fef911c039af4cb29416729c91da24564904e689d4262e6e6edf42ce48f19,1,211,1,216,1,312,1,333
insertion,Gaussian recovery,7,96015,noise_low_support,1,1,0.014957680366933346,0.0,ed969481cd8b4b7bbe323e48c0da319ab7e93443dc29a3b11fa05e30371f6ba2,3e2ebc8769335a846e078457564ffeca576c9faa8b5e0e7a600ac732572c68f1,1,210,1,220,1,290,1,341
insertion,Gaussian recovery,7,96015,noise_supported,1,0,0.015337169170379639,0.008851857606787234,ed969481cd8b4b7bbe323e48c0da319ab7e93443dc29a3b11fa05e30371f6ba2,d8d46a76cdf76f503199ec7f5d40a08ea93bffc3c1eedd7540c8f86dd1926abe,1,211,1,214,1,311,1,335
insertion,Gaussian recovery,7,96015,replan_1,0,0,0.007330951746553183,0.0,ed969481cd8b4b7bbe323e48c0da319ab7e93443dc29a3b11fa05e30371f6ba2,03ed063a84bcaa6e0164d8e121ecbfae1d554eb159260ad8c981e2059f3d3ecf,0,-1,0,-1,0,-1,0,-1
insertion,Gaussian recovery,7,96015,replan_1_ensemble,1,1,0.008060173446344578,0.0,ed969481cd8b4b7bbe323e48c0da319ab7e93443dc29a3b11fa05e30371f6ba2,582a5b234e96de8f457fd0b2ee4abb0c4561e9cad2a29f774bbb7ea54dc5b57f,1,205,1,215,1,288,1,384
insertion,Gaussian recovery,7,96015,replan_16,1,0,0.014110682532191277,0.0,ed969481cd8b4b7bbe323e48c0da319ab7e93443dc29a3b11fa05e30371f6ba2,d6b4a6af784cd22177d4688069ed04742cb64aba54ed8ed0b8dd151e8ab36cd8,1,210,1,214,1,323,1,323
insertion,Gaussian recovery,7,96016,nominal,0,0,0.011907069943845272,0.0,ed969481cd8b4b7bbe323e48c0da319ab7e93443dc29a3b11fa05e30371f6ba2,a46a291d8d3eb18fc8adddf1c2c013ac6bb9aff2101c063b698c8c186c10c28e,1,212,1,218,1,392,0,-1
insertion,Gaussian recovery,7,96016,observation_noise,0,0,0.01319572888314724,0.009513353295624256,ed969481cd8b4b7bbe323e48c0da319ab7e93443dc29a3b11fa05e30371f6ba2,7257b50eb957cd19c9d669ab5422713c99d864ccccc4afa8d51fd402d5ca1f1e,1,217,1,218,1,393,0,-1
insertion,Gaussian recovery,7,96016,noise_joints,0,0,0.012187037616968155,0.003664367622695863,ed969481cd8b4b7bbe323e48c0da319ab7e93443dc29a3b11fa05e30371f6ba2,4835b5dc011d2c6810582bd5936c1fda3294a0c04b7ebc9d868b7e09adf5a570,1,212,1,212,1,362,0,-1
insertion,Gaussian recovery,7,96016,noise_objects,0,0,0.012952305376529694,0.008725591528927908,ed969481cd8b4b7bbe323e48c0da319ab7e93443dc29a3b11fa05e30371f6ba2,c2e591e80f4e935a630a1d4ef658e25754471881c12477605ee0d339c4ca6483,1,217,1,218,1,399,0,-1
insertion,Gaussian recovery,7,96016,noise_low_support,0,0,0.011907069943845272,0.0,ed969481cd8b4b7bbe323e48c0da319ab7e93443dc29a3b11fa05e30371f6ba2,252226c1cd4da82820f6ddd55387340a83de1e4bafd8a3865119142510b19708,1,212,1,218,1,392,0,-1
insertion,Gaussian recovery,7,96016,noise_supported,0,0,0.01319572888314724,0.009513353295624256,ed969481cd8b4b7bbe323e48c0da319ab7e93443dc29a3b11fa05e30371f6ba2,7257b50eb957cd19c9d669ab5422713c99d864ccccc4afa8d51fd402d5ca1f1e,1,217,1,218,1,393,0,-1
insertion,Gaussian recovery,7,96016,replan_1,0,0,0.0057105389423668385,0.0,ed969481cd8b4b7bbe323e48c0da319ab7e93443dc29a3b11fa05e30371f6ba2,856936f67eb0e8495b3a3b3fc34652c8cd5af95e13bc8a5ab4859da3c5c7707c,1,212,1,215,1,350,0,-1
insertion,Gaussian recovery,7,96016,replan_1_ensemble,0,0,0.007405548554744892,0.0,ed969481cd8b4b7bbe323e48c0da319ab7e93443dc29a3b11fa05e30371f6ba2,3b7a9fd97892c481123dbe4b9b1d4a2fb12daf9a9a9c888a9ec32ac5707e858f,1,213,1,217,1,364,0,-1
insertion,Gaussian recovery,7,96016,replan_16,1,0,0.011861172504723072,0.0,ed969481cd8b4b7bbe323e48c0da319ab7e93443dc29a3b11fa05e30371f6ba2,57415e6685387de40777d9b06e456cb48f9413484fc0c3fd726f9e5b32cd187a,1,214,1,219,1,393,1,393
insertion,Gaussian recovery,7,96017,nominal,0,0,0.01310898270457983,0.0,ed969481cd8b4b7bbe323e48c0da319ab7e93443dc29a3b11fa05e30371f6ba2,21ccf8a3cb8ab43fb46bb77f55ece6b026c5c257b7a000088c86a792eb1f6937,1,218,1,220,1,383,0,-1
insertion,Gaussian recovery,7,96017,observation_noise,0,0,0.014026866294443607,0.00844851347617805,ed969481cd8b4b7bbe323e48c0da319ab7e93443dc29a3b11fa05e30371f6ba2,3cc63629938b62a0f54e987aa8680017245dc29c6822bd99286141f1f328c2e4,1,215,1,220,0,-1,0,-1
insertion,Gaussian recovery,7,96017,noise_joints,1,0,0.013524242676794529,0.003874004653189331,ed969481cd8b4b7bbe323e48c0da319ab7e93443dc29a3b11fa05e30371f6ba2,46c5854556abc5109623938fa23aaf8e547eebf1ee0b546061a6a31a6da8d3d5,1,214,1,223,1,391,1,391
insertion,Gaussian recovery,7,96017,noise_objects,0,0,0.01361972838640213,0.0072710393765009936,ed969481cd8b4b7bbe323e48c0da319ab7e93443dc29a3b11fa05e30371f6ba2,803e4c6ef7d3400c9e1142159ee5a4783002de54736b9ab1e7a58448c0076393,1,211,1,220,0,-1,0,-1
insertion,Gaussian recovery,7,96017,noise_low_support,0,0,0.01310898270457983,0.0,ed969481cd8b4b7bbe323e48c0da319ab7e93443dc29a3b11fa05e30371f6ba2,2997403bba249a4669460b7a0bb541431b04477f9de40e65a20f7700393b3c7a,1,218,1,220,1,383,0,-1
insertion,Gaussian recovery,7,96017,noise_supported,0,0,0.014026866294443607,0.00844851347617805,ed969481cd8b4b7bbe323e48c0da319ab7e93443dc29a3b11fa05e30371f6ba2,3cc63629938b62a0f54e987aa8680017245dc29c6822bd99286141f1f328c2e4,1,215,1,220,0,-1,0,-1
insertion,Gaussian recovery,7,96017,replan_1,0,0,0.004536893218755722,0.0,ed969481cd8b4b7bbe323e48c0da319ab7e93443dc29a3b11fa05e30371f6ba2,642b041892e8b980c424021f4f3d646fe97e550107a97e1e52e5007d26a1e376,0,-1,0,-1,0,-1,0,-1
insertion,Gaussian recovery,7,96017,replan_1_ensemble,0,0,0.007932301667493131,0.0,ed969481cd8b4b7bbe323e48c0da319ab7e93443dc29a3b11fa05e30371f6ba2,f7853cc1488bcf137cb1962139afb8d81189e8b52bc259ccc16054a5a7adfa68,1,212,1,224,0,-1,0,-1
insertion,Gaussian recovery,7,96017,replan_16,1,0,0.013327350839972496,0.0,ed969481cd8b4b7bbe323e48c0da319ab7e93443dc29a3b11fa05e30371f6ba2,ce7fe22c0785826026fdfd3d5df5802a7537840eb351bd0a465b69496f67fa54,1,211,1,216,1,349,1,349
insertion,Gaussian recovery,7,96018,nominal,1,1,0.012861670926213264,0.0,ed969481cd8b4b7bbe323e48c0da319ab7e93443dc29a3b11fa05e30371f6ba2,278c7f77dd2ceafd5787c0f23080c0b230721811e5fdd0d6411dedd92fa3dbcb,1,214,1,216,1,340,1,340
insertion,Gaussian recovery,7,96018,observation_noise,1,0,0.014048238284885883,0.00933164887363091,ed969481cd8b4b7bbe323e48c0da319ab7e93443dc29a3b11fa05e30371f6ba2,e017b8489c6b9edd912896ae842e388df27ca68fb04af3ee486b2a8c41d14981,1,216,1,218,1,359,1,359
insertion,Gaussian recovery,7,96018,noise_joints,1,0,0.013177880086004734,0.003415185899939388,ed969481cd8b4b7bbe323e48c0da319ab7e93443dc29a3b11fa05e30371f6ba2,55441c2cc225e08b2458e686ff1c9a91bb6c4d7447eca1b95306302091aab0ee,1,214,1,216,1,329,1,329
insertion,Gaussian recovery,7,96018,noise_objects,1,0,0.01388788502663374,0.008415854580234736,ed969481cd8b4b7bbe323e48c0da319ab7e93443dc29a3b11fa05e30371f6ba2,7c5a8af20694ef4067d5bb81341e3c839808d7404d225c7f53b3d3bc94c4a30d,1,217,1,218,1,346,1,346
insertion,Gaussian recovery,7,96018,noise_low_support,1,1,0.012861670926213264,0.0,ed969481cd8b4b7bbe323e48c0da319ab7e93443dc29a3b11fa05e30371f6ba2,95ec7cce566a0178913a36f6342c6aef2253048639fed8cd3321c43d49355a8b,1,214,1,216,1,340,1,340
insertion,Gaussian recovery,7,96018,noise_supported,1,0,0.014048238284885883,0.00933164887363091,ed969481cd8b4b7bbe323e48c0da319ab7e93443dc29a3b11fa05e30371f6ba2,e017b8489c6b9edd912896ae842e388df27ca68fb04af3ee486b2a8c41d14981,1,216,1,218,1,359,1,359
insertion,Gaussian recovery,7,96018,replan_1,0,0,0.00924957636743784,0.0,ed969481cd8b4b7bbe323e48c0da319ab7e93443dc29a3b11fa05e30371f6ba2,aeff024374a5cc233bfe139b9d6c730e456bc5a7e524ff7c00fbc39c826a262a,1,221,1,221,1,257,0,-1
insertion,Gaussian recovery,7,96018,replan_1_ensemble,1,1,0.008081192274514894,0.0,ed969481cd8b4b7bbe323e48c0da319ab7e93443dc29a3b11fa05e30371f6ba2,6a9463ae504323a1e828b3d17fc62a022dc85f01a4d457e604c67bc9a9ad9efc,1,215,1,215,1,346,1,346
insertion,Gaussian recovery,7,96018,replan_16,1,0,0.012825451791286469,0.0,ed969481cd8b4b7bbe323e48c0da319ab7e93443dc29a3b11fa05e30371f6ba2,dcb5a8c243d6413c530a1af1dcc1aa4689f92119c35b0e71687f09fb07fe91d1,1,214,1,216,1,339,1,339
insertion,Gaussian recovery,7,96019,nominal,1,1,0.012531452812254429,0.0,ed969481cd8b4b7bbe323e48c0da319ab7e93443dc29a3b11fa05e30371f6ba2,66fa2f4186ccf34979e017cb8c7c8bd775226b0628caf1276eafc68583f1abe6,1,209,1,216,1,373,1,373
insertion,Gaussian recovery,7,96019,observation_noise,1,0,0.013503302820026875,0.008489368087612092,ed969481cd8b4b7bbe323e48c0da319ab7e93443dc29a3b11fa05e30371f6ba2,286970905dd80f7c06c133116a4a757c25af8f452c9e251e07fee51bbe66f286,1,206,1,216,1,321,1,321
insertion,Gaussian recovery,7,96019,noise_joints,1,0,0.012739308178424835,0.0036042174394242464,ed969481cd8b4b7bbe323e48c0da319ab7e93443dc29a3b11fa05e30371f6ba2,b06f4f5a731ae1389334d98bc4ef91f231c49a4b28de815b2d433c3ef0454c0a,1,209,1,216,1,385,1,385
insertion,Gaussian recovery,7,96019,noise_objects,1,0,0.013330028392374516,0.007280933428555727,ed969481cd8b4b7bbe323e48c0da319ab7e93443dc29a3b11fa05e30371f6ba2,25282fa78a319ddac9ed722b9604e5e03bf38fd196a9eadd76a1aa744de02f63,1,206,1,216,1,314,1,314
insertion,Gaussian recovery,7,96019,noise_low_support,1,1,0.012531452812254429,0.0,ed969481cd8b4b7bbe323e48c0da319ab7e93443dc29a3b11fa05e30371f6ba2,c47f7a36ef3aafc3f31989af37f6395889688900b24b2b8a8b8306e4ea51f61f,1,209,1,216,1,373,1,373
insertion,Gaussian recovery,7,96019,noise_supported,1,0,0.013503302820026875,0.008489368087612092,ed969481cd8b4b7bbe323e48c0da319ab7e93443dc29a3b11fa05e30371f6ba2,286970905dd80f7c06c133116a4a757c25af8f452c9e251e07fee51bbe66f286,1,206,1,216,1,321,1,321
insertion,Gaussian recovery,7,96019,replan_1,1,1,0.006950133480131626,0.0,ed969481cd8b4b7bbe323e48c0da319ab7e93443dc29a3b11fa05e30371f6ba2,9a9df4e699aecea9c81df6eb9095d337cf5f7880ee1b7888aba29b70c8aec3bd,1,210,1,223,1,274,1,330
insertion,Gaussian recovery,7,96019,replan_1_ensemble,1,1,0.0076609598066978025,0.0,ed969481cd8b4b7bbe323e48c0da319ab7e93443dc29a3b11fa05e30371f6ba2,68243b3cde9775cc7b8d7ce0b470da9c3d7dd6d2397a6a358748c9eda7750aa5,1,210,1,217,1,358,1,358
insertion,Gaussian recovery,7,96019,replan_16,1,1,0.012397848069667816,0.0,ed969481cd8b4b7bbe323e48c0da319ab7e93443dc29a3b11fa05e30371f6ba2,d823e247afc92b2043bedf3f0d7dd8235d9db06d591c1e1bb876a89356ca0aef,1,217,1,222,1,365,1,365
insertion,Gaussian recovery,11,96000,nominal,0,0,0.022355424240231514,0.0,b9a00c72b0cfeb9a88d40990a2065af96e58264f93b2dfb53f1dcfc49bc08eaf,47e8507601cd6768f352fdf2b65ee9071f7b4d388ab83c3cd3a257fea9a27b86,1,194,1,213,1,316,0,-1
insertion,Gaussian recovery,11,96000,observation_noise,0,0,0.0223286934196949,0.007560690164100378,b9a00c72b0cfeb9a88d40990a2065af96e58264f93b2dfb53f1dcfc49bc08eaf,4009e7c05dc23b25b8c9f1939e8c80dfcbb392b0bd021eb48ad2492145d0ddf1,1,193,1,205,0,-1,0,-1
insertion,Gaussian recovery,11,96000,noise_joints,0,0,0.022420398890972137,0.003505738128442317,b9a00c72b0cfeb9a88d40990a2065af96e58264f93b2dfb53f1dcfc49bc08eaf,7d71bf99112f0cf19fc04c24cf67697b03536802b419def2a0aa83f5c076c2a5,1,195,1,205,1,315,0,-1
insertion,Gaussian recovery,11,96000,noise_objects,0,0,0.025055980309844017,0.006875635945471003,b9a00c72b0cfeb9a88d40990a2065af96e58264f93b2dfb53f1dcfc49bc08eaf,18bb82d933b1df3b7c845bc210cf6a9c418ec4a84dae85bbb8f4c39f728c0b37,1,193,1,206,1,317,0,-1
insertion,Gaussian recovery,11,96000,noise_low_support,0,0,0.022355424240231514,0.0,b9a00c72b0cfeb9a88d40990a2065af96e58264f93b2dfb53f1dcfc49bc08eaf,8f443eda3e309008aded20437e4efd49a0e4047590718575d842e92ba5aad4e1,1,194,1,213,1,316,0,-1
insertion,Gaussian recovery,11,96000,noise_supported,0,0,0.0223286934196949,0.007560690164100378,b9a00c72b0cfeb9a88d40990a2065af96e58264f93b2dfb53f1dcfc49bc08eaf,4009e7c05dc23b25b8c9f1939e8c80dfcbb392b0bd021eb48ad2492145d0ddf1,1,193,1,205,0,-1,0,-1
insertion,Gaussian recovery,11,96000,replan_1,0,0,0.00325517519377172,0.0,b9a00c72b0cfeb9a88d40990a2065af96e58264f93b2dfb53f1dcfc49bc08eaf,a5d16c53dcebf5d2ea3eccdc99327cbaf896d2fefdef103124727bd9b3e66f53,0,-1,0,-1,0,-1,0,-1
insertion,Gaussian recovery,11,96000,replan_1_ensemble,0,0,0.008611889284208876,0.0,b9a00c72b0cfeb9a88d40990a2065af96e58264f93b2dfb53f1dcfc49bc08eaf,654a51b4abbc972ec3c2173287b3fb302b6e47dd3030ad7fd8b08c66c9889414,1,193,1,219,1,327,0,-1
insertion,Gaussian recovery,11,96000,replan_16,0,0,0.01748819090425968,0.0,b9a00c72b0cfeb9a88d40990a2065af96e58264f93b2dfb53f1dcfc49bc08eaf,52af8d06be8797a782440d5d64daa049a1ac7ddcd14a0a95b3fd1b9e6fbbba97,1,199,1,214,1,291,0,-1
insertion,Gaussian recovery,11,96001,nominal,1,0,0.013642084784805775,0.0,b9a00c72b0cfeb9a88d40990a2065af96e58264f93b2dfb53f1dcfc49bc08eaf,72802484e7c0476732926e0508fb07ec328517ae615886f96390545aaf07eafa,1,222,1,224,1,348,1,348
insertion,Gaussian recovery,11,96001,observation_noise,1,0,0.015034950338304043,0.009022412891499697,b9a00c72b0cfeb9a88d40990a2065af96e58264f93b2dfb53f1dcfc49bc08eaf,a060dad02242d2e8019364e6e15a1442230f3233f60e06f628d65c18b9cdc53a,1,226,1,226,1,309,1,313
insertion,Gaussian recovery,11,96001,noise_joints,0,0,0.013911317102611065,0.0038366992748342455,b9a00c72b0cfeb9a88d40990a2065af96e58264f93b2dfb53f1dcfc49bc08eaf,4a84e83594a26a08ab204d19fc379a6e1cfd1345936c44b9a6400cc683238ccf,1,214,1,214,0,-1,0,-1
insertion,Gaussian recovery,11,96001,noise_objects,0,0,0.015525270253419876,0.007879568485077471,b9a00c72b0cfeb9a88d40990a2065af96e58264f93b2dfb53f1dcfc49bc08eaf,bfe8f4d78715738616101dff0731ae3aaa70409f15200d5cbd87ed894602b04b,1,227,1,228,1,281,0,-1
insertion,Gaussian recovery,11,96001,noise_low_support,1,0,0.013642084784805775,0.0,b9a00c72b0cfeb9a88d40990a2065af96e58264f93b2dfb53f1dcfc49bc08eaf,7706ab26afa3a48064d9994cf54c7bab22eff4623229aec8ffd45bd57eee26b4,1,222,1,224,1,348,1,348
insertion,Gaussian recovery,11,96001,noise_supported,1,0,0.015034950338304043,0.009022412891499697,b9a00c72b0cfeb9a88d40990a2065af96e58264f93b2dfb53f1dcfc49bc08eaf,a060dad02242d2e8019364e6e15a1442230f3233f60e06f628d65c18b9cdc53a,1,226,1,226,1,309,1,313
insertion,Gaussian recovery,11,96001,replan_1,0,0,0.010066087357699871,0.0,b9a00c72b0cfeb9a88d40990a2065af96e58264f93b2dfb53f1dcfc49bc08eaf,811ae4e8bb33b04e6e9aa11ddd6a2efdb2191c758dac93a517dcde1038368f72,0,-1,0,-1,0,-1,0,-1
insertion,Gaussian recovery,11,96001,replan_1_ensemble,0,0,0.007923825867204805,0.0,b9a00c72b0cfeb9a88d40990a2065af96e58264f93b2dfb53f1dcfc49bc08eaf,0ac780b3218d974a437acce9d9f9afb0cb547b79bf175a2102df0d3166987d4a,1,221,1,222,0,-1,0,-1
insertion,Gaussian recovery,11,96001,replan_16,1,1,0.013571028597652912,0.0,b9a00c72b0cfeb9a88d40990a2065af96e58264f93b2dfb53f1dcfc49bc08eaf,20ca7bc75c4a390372ef1f83b5b03364fe455da091b8d55c8160ee60adbe342c,1,216,1,218,1,376,1,376
insertion,Gaussian recovery,11,96002,nominal,0,0,0.021234706044197083,0.0,b9a00c72b0cfeb9a88d40990a2065af96e58264f93b2dfb53f1dcfc49bc08eaf,60475460689b67e8afad53ca2bd96f38a3dca43b4d17757962572fafde123042,1,202,1,207,0,-1,0,-1
insertion,Gaussian recovery,11,96002,observation_noise,0,0,0.022029809653759003,0.008740553220268338,b9a00c72b0cfeb9a88d40990a2065af96e58264f93b2dfb53f1dcfc49bc08eaf,a656ea86baa0a84066792e6b7af46341fbfddeb5a20d2b11c07a4476dd2a060c,1,204,1,216,0,-1,0,-1
insertion,Gaussian recovery,11,96002,noise_joints,0,0,0.021154917776584625,0.0036351484421174975,b9a00c72b0cfeb9a88d40990a2065af96e58264f93b2dfb53f1dcfc49bc08eaf,c9f382f14cade12cebf0c123231fa3484ccc3cdc95440fb484565899cbb233bc,1,201,1,217,0,-1,0,-1
insertion,Gaussian recovery,11,96002,noise_objects,0,0,0.021712424233555794,0.007842326846439391,b9a00c72b0cfeb9a88d40990a2065af96e58264f93b2dfb53f1dcfc49bc08eaf,612a46221ca3a9d16ef4c08f6498988274106c3c5b8bd479551c78dff4bdaf8d,1,199,1,216,0,-1,0,-1
insertion,Gaussian recovery,11,96002,noise_low_support,0,0,0.021234706044197083,0.0,b9a00c72b0cfeb9a88d40990a2065af96e58264f93b2dfb53f1dcfc49bc08eaf,77f27fd844444c10e0eb7093303279df245d32ac5ae0216b4048aebea937d93f,1,202,1,207,0,-1,0,-1
insertion,Gaussian recovery,11,96002,noise_supported,0,0,0.022029809653759003,0.008740553220268338,b9a00c72b0cfeb9a88d40990a2065af96e58264f93b2dfb53f1dcfc49bc08eaf,a656ea86baa0a84066792e6b7af46341fbfddeb5a20d2b11c07a4476dd2a060c,1,204,1,216,0,-1,0,-1
insertion,Gaussian recovery,11,96002,replan_1,0,0,0.0038687593769282103,0.0,b9a00c72b0cfeb9a88d40990a2065af96e58264f93b2dfb53f1dcfc49bc08eaf,67993bb409f7027da2a140d60bac6bfc711b4d45b85acfa0cfe6d5ca7b09f4af,0,-1,0,-1,0,-1,0,-1
insertion,Gaussian recovery,11,96002,replan_1_ensemble,0,0,0.008177635337785713,0.0,b9a00c72b0cfeb9a88d40990a2065af96e58264f93b2dfb53f1dcfc49bc08eaf,ac76c06d93ee4cdc000e5ed2bb763970d732817ba38dd1865d1c46ec0353d052,1,201,1,201,0,-1,0,-1
insertion,Gaussian recovery,11,96002,replan_16,0,0,0.014901085756719112,0.0,b9a00c72b0cfeb9a88d40990a2065af96e58264f93b2dfb53f1dcfc49bc08eaf,a3101ee32ebf20c0757a62fef24c2aff39be36956344387efbb647a3999318bd,1,203,1,205,1,335,0,-1
insertion,Gaussian recovery,11,96003,nominal,0,0,0.013383636251091957,0.0,b9a00c72b0cfeb9a88d40990a2065af96e58264f93b2dfb53f1dcfc49bc08eaf,c5669ba55031b1b53dd85efb926632d261eb010726084586a540de4dd552d0b5,1,198,1,217,1,329,0,-1
insertion,Gaussian recovery,11,96003,observation_noise,0,0,0.014680753462016582,0.009376226561143994,b9a00c72b0cfeb9a88d40990a2065af96e58264f93b2dfb53f1dcfc49bc08eaf,641ee75f111222b9ec5e91c7c8278ed3dfd36f37025ec6b2ac0eba7059e1b8d6,1,197,1,216,1,298,0,-1
insertion,Gaussian recovery,11,96003,noise_joints,0,0,0.013569639064371586,0.0036191950272768734,b9a00c72b0cfeb9a88d40990a2065af96e58264f93b2dfb53f1dcfc49bc08eaf,dcf87e9a6434cdb53db779591ae789c8691f802cf3a524153511a53b60f5b829,1,201,1,217,1,319,0,-1
insertion,Gaussian recovery,11,96003,noise_objects,0,0,0.014582674950361252,0.008924232858698816,b9a00c72b0cfeb9a88d40990a2065af96e58264f93b2dfb53f1dcfc49bc08eaf,38a2838afe92732003c53f3e6722f7479fc5e8724039cf4f9fceab10982738ed,1,192,1,223,1,304,0,-1
insertion,Gaussian recovery,11,96003,noise_low_support,0,0,0.013383636251091957,0.0,b9a00c72b0cfeb9a88d40990a2065af96e58264f93b2dfb53f1dcfc49bc08eaf,bc2b72a3a59315ff5df341c2bc1dceb6bc3d6212108eccddb8688a4b54aa7317,1,198,1,217,1,329,0,-1
insertion,Gaussian recovery,11,96003,noise_supported,0,0,0.014680753462016582,0.009376226561143994,b9a00c72b0cfeb9a88d40990a2065af96e58264f93b2dfb53f1dcfc49bc08eaf,641ee75f111222b9ec5e91c7c8278ed3dfd36f37025ec6b2ac0eba7059e1b8d6,1,197,1,216,1,298,0,-1
insertion,Gaussian recovery,11,96003,replan_1,1,1,0.007475859485566616,0.0,b9a00c72b0cfeb9a88d40990a2065af96e58264f93b2dfb53f1dcfc49bc08eaf,dd92a525fd641fb1f1d1db13a7055c17a53dd52d0d5f607119eddf4a1b948681,1,188,1,217,1,331,1,331
insertion,Gaussian recovery,11,96003,replan_1_ensemble,1,1,0.008487289949857958,0.0,b9a00c72b0cfeb9a88d40990a2065af96e58264f93b2dfb53f1dcfc49bc08eaf,ae936400b79dbccc2ea810b89b64ef4529cd6e1743be7957e16bd832b24f6e34,1,195,1,216,1,342,1,342
insertion,Gaussian recovery,11,96003,replan_16,0,0,0.01333546917885542,0.0,b9a00c72b0cfeb9a88d40990a2065af96e58264f93b2dfb53f1dcfc49bc08eaf,5c9a3861119411cc1c092f95d843a90844675ae2178798b3ad6a741f461f38ab,1,201,1,217,1,332,0,-1
insertion,Gaussian recovery,11,96004,nominal,1,1,0.013434167020022869,0.0,b9a00c72b0cfeb9a88d40990a2065af96e58264f93b2dfb53f1dcfc49bc08eaf,1c30d340d49d05ec842967d0551aac2b21367ec583fefe46b99bc158fc927864,1,216,1,222,1,342,1,342
insertion,Gaussian recovery,11,96004,observation_noise,0,0,0.01458125002682209,0.008859400395303965,b9a00c72b0cfeb9a88d40990a2065af96e58264f93b2dfb53f1dcfc49bc08eaf,6000823b12370913cd64e1562ffd4fce16aef5a66674cfdcf01ede9b0b8a0721,1,214,1,217,0,-1,0,-1
insertion,Gaussian recovery,11,96004,noise_joints,1,0,0.013695435598492622,0.003412726507522166,b9a00c72b0cfeb9a88d40990a2065af96e58264f93b2dfb53f1dcfc49bc08eaf,66cb737a3702b603ca286d6612bec5039bb69a74f5fac8a5c4ec15e4b9f51e6a,1,215,1,221,1,336,1,336
insertion,Gaussian recovery,11,96004,noise_objects,0,0,0.01463256310671568,0.008036276430357248,b9a00c72b0cfeb9a88d40990a2065af96e58264f93b2dfb53f1dcfc49bc08eaf,0118f3893e59170cb6699692036eb6ba87ee8a251a77b8648491fee922ec8848,1,215,1,216,0,-1,0,-1
insertion,Gaussian recovery,11,96004,noise_low_support,1,1,0.013434167020022869,0.0,b9a00c72b0cfeb9a88d40990a2065af96e58264f93b2dfb53f1dcfc49bc08eaf,b7faeacd7a7c1caa61e4db08749e0cbd4a2ba8c85cf9860e71e829c214680381,1,216,1,222,1,342,1,342
insertion,Gaussian recovery,11,96004,noise_supported,0,0,0.01458125002682209,0.008859400395303965,b9a00c72b0cfeb9a88d40990a2065af96e58264f93b2dfb53f1dcfc49bc08eaf,6000823b12370913cd64e1562ffd4fce16aef5a66674cfdcf01ede9b0b8a0721,1,214,1,217,0,-1,0,-1
insertion,Gaussian recovery,11,96004,replan_1,1,1,0.00668226508423686,0.0,b9a00c72b0cfeb9a88d40990a2065af96e58264f93b2dfb53f1dcfc49bc08eaf,51b5be86b2fdec996b1eb1252dcd7be7d7876e2c91191d266f6df6075bf1dfde,1,211,1,220,1,389,1,389
insertion,Gaussian recovery,11,96004,replan_1_ensemble,1,1,0.007902147559962188,0.0,b9a00c72b0cfeb9a88d40990a2065af96e58264f93b2dfb53f1dcfc49bc08eaf,96b767e980de81077a36b26cf0232a4f5b3b158d560d0246877d71d8df176997,1,214,1,216,1,338,1,338
insertion,Gaussian recovery,11,96004,replan_16,1,1,0.013409602455794811,0.0,b9a00c72b0cfeb9a88d40990a2065af96e58264f93b2dfb53f1dcfc49bc08eaf,420ba91ee41cf705f63f63cc936d2532a8693075a135b562cabf67ec236338f7,1,214,1,218,1,352,1,352
insertion,Gaussian recovery,11,96005,nominal,0,0,0.048520173877477646,0.0,b9a00c72b0cfeb9a88d40990a2065af96e58264f93b2dfb53f1dcfc49bc08eaf,24aef69c1ea0a180627add24b13095a2ab3376216c58a025e96aa32810f6cb62,0,-1,0,-1,0,-1,0,-1
insertion,Gaussian recovery,11,96005,observation_noise,1,0,0.014971022494137287,0.008826210680417716,b9a00c72b0cfeb9a88d40990a2065af96e58264f93b2dfb53f1dcfc49bc08eaf,9407713df2cf7813d0d396c0a8bbce2481c8d76d16819886784204933cbeb3f8,1,210,1,213,1,345,1,345
insertion,Gaussian recovery,11,96005,noise_joints,0,0,0.03824683651328087,0.0036995156086049976,b9a00c72b0cfeb9a88d40990a2065af96e58264f93b2dfb53f1dcfc49bc08eaf,1e76b04b334069c269098cc032b869292a4d08f624500cb662a77d9a9a740abd,0,-1,0,-1,0,-1,0,-1
insertion,Gaussian recovery,11,96005,noise_objects,1,0,0.014858110807836056,0.007523401675280183,b9a00c72b0cfeb9a88d40990a2065af96e58264f93b2dfb53f1dcfc49bc08eaf,74ba607cdf668d582e223eb7772365a1d657e25b5f610c4a8e0c934484d84734,1,213,1,213,1,360,1,360
insertion,Gaussian recovery,11,96005,noise_low_support,0,0,0.048520173877477646,0.0,b9a00c72b0cfeb9a88d40990a2065af96e58264f93b2dfb53f1dcfc49bc08eaf,468c33c5529046e45630d42eb12f7e82353e1633b63fea08f47d3d7165288565,0,-1,0,-1,0,-1,0,-1
insertion,Gaussian recovery,11,96005,noise_supported,1,0,0.014971022494137287,0.008826210680417716,b9a00c72b0cfeb9a88d40990a2065af96e58264f93b2dfb53f1dcfc49bc08eaf,9407713df2cf7813d0d396c0a8bbce2481c8d76d16819886784204933cbeb3f8,1,210,1,213,1,345,1,345
insertion,Gaussian recovery,11,96005,replan_1,0,0,0.007360519841313362,0.0,b9a00c72b0cfeb9a88d40990a2065af96e58264f93b2dfb53f1dcfc49bc08eaf,493732927501e62d8c32756d86d2e4cd8e508c715eaf2569c92af2e10b21ed90,0,-1,0,-1,0,-1,0,-1
insertion,Gaussian recovery,11,96005,replan_1_ensemble,0,0,0.008353576659715535,0.0,b9a00c72b0cfeb9a88d40990a2065af96e58264f93b2dfb53f1dcfc49bc08eaf,567716838170cf05ba5d3ccf2c2d25e8507b352098621efa5fb271d1cf5c13fc,1,216,1,219,1,273,0,-1
insertion,Gaussian recovery,11,96005,replan_16,0,0,0.051277801394462585,0.0,b9a00c72b0cfeb9a88d40990a2065af96e58264f93b2dfb53f1dcfc49bc08eaf,3b9e75d7cc9b543ac4bd8ae7f666ffc8d832902b781f2a2efda4233cdfd9ad00,0,-1,0,-1,0,-1,0,-1
insertion,Gaussian recovery,11,96006,nominal,1,1,0.015885837376117706,0.0,b9a00c72b0cfeb9a88d40990a2065af96e58264f93b2dfb53f1dcfc49bc08eaf,57e1371ebafa48bd88eb46900aff3ae0809ac61eb20e5870870bf4340b7b7936,1,232,1,232,1,338,1,338
insertion,Gaussian recovery,11,96006,observation_noise,1,1,0.016601648181676865,0.00977925408165902,b9a00c72b0cfeb9a88d40990a2065af96e58264f93b2dfb53f1dcfc49bc08eaf,56a0350d24a0a87f29e87ae516797d7e783a7e7a401b05883a4e3de7a80ba035,1,232,1,233,1,352,1,352
insertion,Gaussian recovery,11,96006,noise_joints,1,0,0.015875935554504395,0.003431537812575698,b9a00c72b0cfeb9a88d40990a2065af96e58264f93b2dfb53f1dcfc49bc08eaf,ded835eae31c6bb8f9e8a36cdc25e77f8cd0b0dfd0ffe502cdb08640c557ecea,1,232,1,234,1,318,1,318
insertion,Gaussian recovery,11,96006,noise_objects,1,1,0.0165871512144804,0.008621089165098966,b9a00c72b0cfeb9a88d40990a2065af96e58264f93b2dfb53f1dcfc49bc08eaf,e7ba4a2214fbc03f6fd56298a31782001c403146c1a1f08928f3873269756b7c,1,232,1,233,1,345,1,345
insertion,Gaussian recovery,11,96006,noise_low_support,1,1,0.015885837376117706,0.0,b9a00c72b0cfeb9a88d40990a2065af96e58264f93b2dfb53f1dcfc49bc08eaf,2e640b1e8d817796d86bb4d0aed8bbb810ec8aa4222d250a76a4903878fbc737,1,232,1,232,1,338,1,338
insertion,Gaussian recovery,11,96006,noise_supported,1,1,0.016601648181676865,0.00977925408165902,b9a00c72b0cfeb9a88d40990a2065af96e58264f93b2dfb53f1dcfc49bc08eaf,56a0350d24a0a87f29e87ae516797d7e783a7e7a401b05883a4e3de7a80ba035,1,232,1,233,1,352,1,352
insertion,Gaussian recovery,11,96006,replan_1,0,0,0.009073051624000072,0.0,b9a00c72b0cfeb9a88d40990a2065af96e58264f93b2dfb53f1dcfc49bc08eaf,deaa0735a3b60490c1e11dc97267e458d31176003626ec55d87f6dd05568ba1d,1,236,1,236,0,-1,0,-1
insertion,Gaussian recovery,11,96006,replan_1_ensemble,0,0,0.00788534076159384,0.0,b9a00c72b0cfeb9a88d40990a2065af96e58264f93b2dfb53f1dcfc49bc08eaf,f6580d187da8ffac581f6608cd28970f54500e6fc31837a01210e87a545e36bf,1,230,1,230,1,287,0,-1
insertion,Gaussian recovery,11,96006,replan_16,0,0,0.016577819362282753,0.0,b9a00c72b0cfeb9a88d40990a2065af96e58264f93b2dfb53f1dcfc49bc08eaf,9835c1e3e75dd336688b6828f27e2072c0d1ed213a41ddcfe45e21774ced2706,1,242,1,242,0,-1,0,-1
insertion,Gaussian recovery,11,96007,nominal,0,0,0.016738804057240486,0.0,b9a00c72b0cfeb9a88d40990a2065af96e58264f93b2dfb53f1dcfc49bc08eaf,97a9eeb8a6a0cb866234586b16f0ed41140a87b48548309711f25e3693510cfd,1,206,1,206,1,291,0,-1
insertion,Gaussian recovery,11,96007,observation_noise,1,0,0.014198865741491318,0.008954741582274437,b9a00c72b0cfeb9a88d40990a2065af96e58264f93b2dfb53f1dcfc49bc08eaf,2c48c8e1cb8ff0b87fb9287f88ca813ffb1f1cec98ac714b3e0df93ca286f122,1,210,1,212,1,329,1,329
insertion,Gaussian recovery,11,96007,noise_joints,1,0,0.013840681873261929,0.0035132505581714213,b9a00c72b0cfeb9a88d40990a2065af96e58264f93b2dfb53f1dcfc49bc08eaf,0c9e29e5aa4fab66ff2ef666363bb1140039e2b6b7913736cef0d0dc0e2ad93d,1,207,1,209,1,289,1,343
insertion,Gaussian recovery,11,96007,noise_objects,1,0,0.01409120112657547,0.00804934439714998,b9a00c72b0cfeb9a88d40990a2065af96e58264f93b2dfb53f1dcfc49bc08eaf,72d0414bcc5f7174394e8fa765b78b26db738d8745effc284030bc7567031979,1,208,1,208,1,317,1,327
insertion,Gaussian recovery,11,96007,noise_low_support,0,0,0.016738804057240486,0.0,b9a00c72b0cfeb9a88d40990a2065af96e58264f93b2dfb53f1dcfc49bc08eaf,f3146a42708c9487af79176ea7c691e31796a06a40513ceb50464a77f6240663,1,206,1,206,1,291,0,-1
insertion,Gaussian recovery,11,96007,noise_supported,1,0,0.014198865741491318,0.008954741582274437,b9a00c72b0cfeb9a88d40990a2065af96e58264f93b2dfb53f1dcfc49bc08eaf,2c48c8e1cb8ff0b87fb9287f88ca813ffb1f1cec98ac714b3e0df93ca286f122,1,210,1,212,1,329,1,329
insertion,Gaussian recovery,11,96007,replan_1,0,0,0.007129997946321964,0.0,b9a00c72b0cfeb9a88d40990a2065af96e58264f93b2dfb53f1dcfc49bc08eaf,e17926b835c9b89edb49747b31e6880f9f25e6f047460f9d2b5d86dd74668c4a,1,203,1,208,1,292,0,-1
insertion,Gaussian recovery,11,96007,replan_1_ensemble,0,0,0.007966721584031252,0.0,b9a00c72b0cfeb9a88d40990a2065af96e58264f93b2dfb53f1dcfc49bc08eaf,f0027cbf504733184cc60151714fe8514cfd3cff86668a555da7efb35ec01c87,1,206,1,206,1,286,0,-1
insertion,Gaussian recovery,11,96007,replan_16,0,0,0.012940640561282635,0.0,b9a00c72b0cfeb9a88d40990a2065af96e58264f93b2dfb53f1dcfc49bc08eaf,0bf543e5531900fed4f82e7d07bcacfb5250ac87acf11c87177290220d42ae8f,1,210,1,212,1,306,0,-1
insertion,Gaussian recovery,11,96008,nominal,1,1,0.013494951650500298,0.0,b9a00c72b0cfeb9a88d40990a2065af96e58264f93b2dfb53f1dcfc49bc08eaf,6ecbbe9892245dfe33c0474bafc9c517eb3179e6a108814bf50386263ba99de1,1,209,1,214,1,331,1,331
insertion,Gaussian recovery,11,96008,observation_noise,0,0,0.01634901389479637,0.009850163459777832,b9a00c72b0cfeb9a88d40990a2065af96e58264f93b2dfb53f1dcfc49bc08eaf,6664602b75cac053e2db1791de9bd133fa05cb5c3fc269646419406c3403153a,1,207,1,214,1,295,0,-1
insertion,Gaussian recovery,11,96008,noise_joints,1,1,0.01350836269557476,0.003890718745533377,b9a00c72b0cfeb9a88d40990a2065af96e58264f93b2dfb53f1dcfc49bc08eaf,6fe504b80d27c9dbc8018c1c8e1be43585081cd7a84d86dfd21b4d0513518568,1,210,1,216,1,343,1,343
insertion,Gaussian recovery,11,96008,noise_objects,0,0,0.017367370426654816,0.008602279134793207,b9a00c72b0cfeb9a88d40990a2065af96e58264f93b2dfb53f1dcfc49bc08eaf,e26c18dbeb53b356fd67c7d60fa4427f1d2ec7bc7b875bb7fec4e6cb99205dab,1,206,1,211,1,297,0,-1
insertion,Gaussian recovery,11,96008,noise_low_support,1,1,0.013494951650500298,0.0,b9a00c72b0cfeb9a88d40990a2065af96e58264f93b2dfb53f1dcfc49bc08eaf,ad1f0e77400e57c0196034e36904ae78adfaafc86a9f53cc850f07e9680a6a7d,1,209,1,214,1,331,1,331
insertion,Gaussian recovery,11,96008,noise_supported,0,0,0.01634901389479637,0.009850163459777832,b9a00c72b0cfeb9a88d40990a2065af96e58264f93b2dfb53f1dcfc49bc08eaf,6664602b75cac053e2db1791de9bd133fa05cb5c3fc269646419406c3403153a,1,207,1,214,1,295,0,-1
insertion,Gaussian recovery,11,96008,replan_1,1,1,0.006924516521394253,0.0,b9a00c72b0cfeb9a88d40990a2065af96e58264f93b2dfb53f1dcfc49bc08eaf,9785cf411261231979e476c56e0bb58ad3aa33a4298364f4c49453eeb7ba207d,1,208,1,214,1,361,1,361
insertion,Gaussian recovery,11,96008,replan_1_ensemble,1,1,0.008306494747607897,0.0,b9a00c72b0cfeb9a88d40990a2065af96e58264f93b2dfb53f1dcfc49bc08eaf,342cd9bedaade47fb0a41438057a59a32eaf53664fa18045b4d00fb8f28c286b,1,207,1,210,1,333,1,333
insertion,Gaussian recovery,11,96008,replan_16,1,1,0.013292430900037289,0.0,b9a00c72b0cfeb9a88d40990a2065af96e58264f93b2dfb53f1dcfc49bc08eaf,23e32cd3d81b658dfa47388044e659375d70acc447dfd8e35aabb9238c3f6b92,1,209,1,209,1,341,1,351
insertion,Gaussian recovery,11,96009,nominal,1,1,0.0138233108446002,0.0,b9a00c72b0cfeb9a88d40990a2065af96e58264f93b2dfb53f1dcfc49bc08eaf,6a94c6474b1c42d3997cb92385fe851c5d2e80f485c0dcae84839a23b2986e74,1,220,1,220,1,327,1,327
insertion,Gaussian recovery,11,96009,observation_noise,1,1,0.014516140334308147,0.009040518151596188,b9a00c72b0cfeb9a88d40990a2065af96e58264f93b2dfb53f1dcfc49bc08eaf,9d60612334c13b04d8d965eb99fcce67cbbb37522e285743fac542b4e687cd9c,1,214,1,221,1,338,1,338
insertion,Gaussian recovery,11,96009,noise_joints,1,0,0.013995425775647163,0.003455122960731387,b9a00c72b0cfeb9a88d40990a2065af96e58264f93b2dfb53f1dcfc49bc08eaf,6a92df03bd4649c61b8b336976891fe5e91c08849522477d5da8370dfcb0934d,1,219,1,219,1,328,1,328
insertion,Gaussian recovery,11,96009,noise_objects,0,0,0.014344210736453533,0.00777756234165281,b9a00c72b0cfeb9a88d40990a2065af96e58264f93b2dfb53f1dcfc49bc08eaf,a7d73959faa0a1a51390b5b2fdec4fd3f4a277936eef1d0a3b5023f13eb86e62,1,218,1,225,0,-1,0,-1
insertion,Gaussian recovery,11,96009,noise_low_support,1,1,0.0138233108446002,0.0,b9a00c72b0cfeb9a88d40990a2065af96e58264f93b2dfb53f1dcfc49bc08eaf,1b036ea7bcc5eaed2351b51591db880a226040a5fa809da08a6561d21804084a,1,220,1,220,1,327,1,327
insertion,Gaussian recovery,11,96009,noise_supported,1,1,0.014516140334308147,0.009040518151596188,b9a00c72b0cfeb9a88d40990a2065af96e58264f93b2dfb53f1dcfc49bc08eaf,9d60612334c13b04d8d965eb99fcce67cbbb37522e285743fac542b4e687cd9c,1,214,1,221,1,338,1,338
insertion,Gaussian recovery,11,96009,replan_1,1,1,0.007024391088634729,0.0,b9a00c72b0cfeb9a88d40990a2065af96e58264f93b2dfb53f1dcfc49bc08eaf,ef7ebdbf65a1511c596de43d95cca79b30e1b9f6396a675433c9da2d58541dcd,1,201,1,210,1,345,1,345
insertion,Gaussian recovery,11,96009,replan_1_ensemble,1,0,0.008025541032734937,0.0,b9a00c72b0cfeb9a88d40990a2065af96e58264f93b2dfb53f1dcfc49bc08eaf,35c41e7fff78ce1aef515cc014b62755013637192065b44203bac2d14d1999d7,1,220,1,220,1,380,1,380
insertion,Gaussian recovery,11,96009,replan_16,1,1,0.013501507230103016,0.0,b9a00c72b0cfeb9a88d40990a2065af96e58264f93b2dfb53f1dcfc49bc08eaf,b436ff39007885b978e2a2cdd2cc30afbf1556c2d5b3f92b8a99b20b07740f40,1,224,1,224,1,396,1,396
insertion,Gaussian recovery,11,96010,nominal,0,0,0.016971878707408905,0.0,b9a00c72b0cfeb9a88d40990a2065af96e58264f93b2dfb53f1dcfc49bc08eaf,f144f25f4bbd738ef1c26aa84ad58c102dc2307531a744f00e836bfe1f45d844,1,219,1,219,1,290,0,-1
insertion,Gaussian recovery,11,96010,observation_noise,0,0,0.01949997805058956,0.00886405750643462,b9a00c72b0cfeb9a88d40990a2065af96e58264f93b2dfb53f1dcfc49bc08eaf,7fc0712ba10620d079b4a8316b07300a38e30eec0474b8225561129c896dd74a,1,212,1,214,0,-1,0,-1
insertion,Gaussian recovery,11,96010,noise_joints,0,0,0.016599589958786964,0.003441134172026068,b9a00c72b0cfeb9a88d40990a2065af96e58264f93b2dfb53f1dcfc49bc08eaf,e2c97e6e34ededd1f22fab29acd0e093b02a5c08286d83d6c82414d3b59be01a,1,213,1,221,1,287,0,-1
insertion,Gaussian recovery,11,96010,noise_objects,0,0,0.020154891535639763,0.007703411285765469,b9a00c72b0cfeb9a88d40990a2065af96e58264f93b2dfb53f1dcfc49bc08eaf,5e27783cee41782f30b62be226abe2265908ade56e06987eca8c84435ee282ad,1,209,1,218,0,-1,0,-1
insertion,Gaussian recovery,11,96010,noise_low_support,0,0,0.016971878707408905,0.0,b9a00c72b0cfeb9a88d40990a2065af96e58264f93b2dfb53f1dcfc49bc08eaf,88f4dd98a942f6e5a953d2e7a6855aa6ba8978da1a7c7526a07b32e903665fa3,1,219,1,219,1,290,0,-1
insertion,Gaussian recovery,11,96010,noise_supported,0,0,0.01949997805058956,0.00886405750643462,b9a00c72b0cfeb9a88d40990a2065af96e58264f93b2dfb53f1dcfc49bc08eaf,7fc0712ba10620d079b4a8316b07300a38e30eec0474b8225561129c896dd74a,1,212,1,214,0,-1,0,-1
insertion,Gaussian recovery,11,96010,replan_1,0,0,0.007398671004921198,0.0,b9a00c72b0cfeb9a88d40990a2065af96e58264f93b2dfb53f1dcfc49bc08eaf,4d62d0b8d4904e8f50788f4f2cdbe64c8d58119934be3ca437a424d7d3b01059,1,213,1,221,0,-1,0,-1
insertion,Gaussian recovery,11,96010,replan_1_ensemble,0,0,0.007953868613986836,0.0,b9a00c72b0cfeb9a88d40990a2065af96e58264f93b2dfb53f1dcfc49bc08eaf,642ef16209903fd19e7f3ad299b63076c4a71a9d19c7b1a907c77740f40c53c9,1,227,1,227,1,287,0,-1
insertion,Gaussian recovery,11,96010,replan_16,1,1,0.013195817358791828,0.0,b9a00c72b0cfeb9a88d40990a2065af96e58264f93b2dfb53f1dcfc49bc08eaf,3cce2d8bca3646bbab25826e0129fe4610a6cfb783c0fef5dee4618ae9f5f396,1,207,1,211,1,334,1,334
insertion,Gaussian recovery,11,96011,nominal,0,0,0.014654584228992462,0.0,b9a00c72b0cfeb9a88d40990a2065af96e58264f93b2dfb53f1dcfc49bc08eaf,3bd62c3059e6d040dc4514a47b857b35d592d3fe5a8661325f83369b63cbfe1b,1,210,1,217,1,295,0,-1
insertion,Gaussian recovery,11,96011,observation_noise,0,0,0.017674384638667107,0.009124381660949438,b9a00c72b0cfeb9a88d40990a2065af96e58264f93b2dfb53f1dcfc49bc08eaf,5e6c8862a68189f2de98fc2315e72c2beaab45d433ff27082a2647f1448ac80a,1,222,1,224,1,298,0,-1
insertion,Gaussian recovery,11,96011,noise_joints,1,0,0.013442260213196278,0.003279141013044864,b9a00c72b0cfeb9a88d40990a2065af96e58264f93b2dfb53f1dcfc49bc08eaf,a9b96f6749b0b9edfcf6138633400e5f051b647f54e0752f564d457740a595c7,1,218,1,218,1,353,1,353
insertion,Gaussian recovery,11,96011,noise_objects,0,0,0.01667075604200363,0.00846939813811332,b9a00c72b0cfeb9a88d40990a2065af96e58264f93b2dfb53f1dcfc49bc08eaf,55e847a51a0af21013166a9844ac35e6bee63fd4c59d5034445e9c477c3ed5de,1,225,1,225,1,294,0,-1
insertion,Gaussian recovery,11,96011,noise_low_support,0,0,0.014654584228992462,0.0,b9a00c72b0cfeb9a88d40990a2065af96e58264f93b2dfb53f1dcfc49bc08eaf,ef0b695bd2394465fa8bb66cbf3b804d5c4de7a8692a36d0d723f9e7b94abcdb,1,210,1,217,1,295,0,-1
insertion,Gaussian recovery,11,96011,noise_supported,0,0,0.017674384638667107,0.009124381660949438,b9a00c72b0cfeb9a88d40990a2065af96e58264f93b2dfb53f1dcfc49bc08eaf,5e6c8862a68189f2de98fc2315e72c2beaab45d433ff27082a2647f1448ac80a,1,222,1,224,1,298,0,-1
insertion,Gaussian recovery,11,96011,replan_1,0,0,0.004524907562881708,0.0,b9a00c72b0cfeb9a88d40990a2065af96e58264f93b2dfb53f1dcfc49bc08eaf,d825302604fa59da30e51dcfec75c4a0422e4a90d37935ec1c41a9cc0c4c3a0d,0,-1,0,-1,0,-1,0,-1
insertion,Gaussian recovery,11,96011,replan_1_ensemble,0,0,0.008033523028449495,0.0,b9a00c72b0cfeb9a88d40990a2065af96e58264f93b2dfb53f1dcfc49bc08eaf,6e3e04358551f13d30a3a4378848a1db18cca77106ebc1ee18143c00420aa373,1,218,1,220,1,306,0,-1
insertion,Gaussian recovery,11,96011,replan_16,1,1,0.013009238988161087,0.0,b9a00c72b0cfeb9a88d40990a2065af96e58264f93b2dfb53f1dcfc49bc08eaf,8276c4a590cf97f671d177d151c4ef90490c09f4cdf9dd3078223402041ee190,1,208,1,217,1,363,1,363
insertion,Gaussian recovery,11,96012,nominal,1,1,0.013293683528900146,0.0,b9a00c72b0cfeb9a88d40990a2065af96e58264f93b2dfb53f1dcfc49bc08eaf,cee79bbfc274e6f7258d8aa9ef374f8047a437b12663941d7ae1f6c552f603aa,1,209,1,209,1,297,1,353
insertion,Gaussian recovery,11,96012,observation_noise,1,0,0.014113888144493103,0.008266178038902582,b9a00c72b0cfeb9a88d40990a2065af96e58264f93b2dfb53f1dcfc49bc08eaf,628f3183fa4f575d1fb3ebf09c03402891236410df553927baef07cc78294902,1,208,1,211,1,299,1,343
insertion,Gaussian recovery,11,96012,noise_joints,1,0,0.01349994819611311,0.003466454581357539,b9a00c72b0cfeb9a88d40990a2065af96e58264f93b2dfb53f1dcfc49bc08eaf,d1f1220f87d9818c3d22f7d2dd7cf79513177b8321b627c5b28aed1488c44518,1,206,1,206,1,297,1,352
insertion,Gaussian recovery,11,96012,noise_objects,1,0,0.01394702773541212,0.007499165602494032,b9a00c72b0cfeb9a88d40990a2065af96e58264f93b2dfb53f1dcfc49bc08eaf,edc9179a7706845d96fd407aaf4bd4b0832e0b884ee343cd9e531eed7b29653c,1,209,1,209,1,306,1,341
insertion,Gaussian recovery,11,96012,noise_low_support,1,1,0.013293683528900146,0.0,b9a00c72b0cfeb9a88d40990a2065af96e58264f93b2dfb53f1dcfc49bc08eaf,d90df8d8c727c2b29c2fe5435f0dab32f13f4526c2b8b63bd9f6ac8cbacd29b0,1,209,1,209,1,297,1,353
insertion,Gaussian recovery,11,96012,noise_supported,1,0,0.014113888144493103,0.008266178038902582,b9a00c72b0cfeb9a88d40990a2065af96e58264f93b2dfb53f1dcfc49bc08eaf,628f3183fa4f575d1fb3ebf09c03402891236410df553927baef07cc78294902,1,208,1,211,1,299,1,343
insertion,Gaussian recovery,11,96012,replan_1,1,1,0.006919005885720253,0.0,b9a00c72b0cfeb9a88d40990a2065af96e58264f93b2dfb53f1dcfc49bc08eaf,4e2428bf3132f95b88cc34a0d193042c4627bbcbfd454a8db29cdabb5f79c96c,1,202,1,210,1,291,1,326
insertion,Gaussian recovery,11,96012,replan_1_ensemble,1,1,0.00804725488805978,0.0,b9a00c72b0cfeb9a88d40990a2065af96e58264f93b2dfb53f1dcfc49bc08eaf,2b4fe6fc729dcb1ccf56de1b999f1ea3aea4d8ee77055be962caeb500ff40856,1,207,1,209,1,330,1,330
insertion,Gaussian recovery,11,96012,replan_16,1,0,0.012733463197946548,0.0,b9a00c72b0cfeb9a88d40990a2065af96e58264f93b2dfb53f1dcfc49bc08eaf,233e31a3e385cf3fff949b74392df26cca6a61dd5295d9f1b094958a5c6950b4,1,209,1,212,1,337,1,337
insertion,Gaussian recovery,11,96013,nominal,0,0,0.012303601950407028,0.0,b9a00c72b0cfeb9a88d40990a2065af96e58264f93b2dfb53f1dcfc49bc08eaf,4a1311f3b971ca2330608fba307e935433b072870d044712340a2bc45590c0fa,1,213,1,215,0,-1,0,-1
insertion,Gaussian recovery,11,96013,observation_noise,1,1,0.013621874153614044,0.009571444932371378,b9a00c72b0cfeb9a88d40990a2065af96e58264f93b2dfb53f1dcfc49bc08eaf,a551097b35570972db31fe6ae58eef3105b6595059a43abbcc1af29270969a4f,1,215,1,218,1,383,1,383
insertion,Gaussian recovery,11,96013,noise_joints,1,0,0.012536449357867241,0.0035586716048419476,b9a00c72b0cfeb9a88d40990a2065af96e58264f93b2dfb53f1dcfc49bc08eaf,5262ac91b89c24236e41ec16a2239e66dd3ff23b48cec063718d6b4bc085c29c,1,213,1,214,1,384,1,384
insertion,Gaussian recovery,11,96013,noise_objects,1,1,0.013384330086410046,0.008635489025618882,b9a00c72b0cfeb9a88d40990a2065af96e58264f93b2dfb53f1dcfc49bc08eaf,6cc8007b5a141d29be2f29558bc4ef3cd72c0ae8c4fb24e795dd36c8fb30e910,1,215,1,217,1,384,1,384
insertion,Gaussian recovery,11,96013,noise_low_support,0,0,0.012303601950407028,0.0,b9a00c72b0cfeb9a88d40990a2065af96e58264f93b2dfb53f1dcfc49bc08eaf,0642094a40d43b9c7c59751d2e32484d22cab9389827e4ba8d7b75d1163f9c7f,1,213,1,215,0,-1,0,-1
insertion,Gaussian recovery,11,96013,noise_supported,1,1,0.013621874153614044,0.009571444932371378,b9a00c72b0cfeb9a88d40990a2065af96e58264f93b2dfb53f1dcfc49bc08eaf,a551097b35570972db31fe6ae58eef3105b6595059a43abbcc1af29270969a4f,1,215,1,218,1,383,1,383
insertion,Gaussian recovery,11,96013,replan_1,0,0,0.006310076452791691,0.0,b9a00c72b0cfeb9a88d40990a2065af96e58264f93b2dfb53f1dcfc49bc08eaf,173df6eeeb3a005170dbb95b1ed0e783d16b985c196e1b1a80c1ce13c2a6bcb1,1,221,0,-1,0,-1,0,-1
insertion,Gaussian recovery,11,96013,replan_1_ensemble,0,0,0.007658925972095547,0.0,b9a00c72b0cfeb9a88d40990a2065af96e58264f93b2dfb53f1dcfc49bc08eaf,f0246f35b4c071936fd0f9acc26d87f33f5ff9769bc00f6e7641d3c73cdbdae8,1,216,1,218,0,-1,0,-1
insertion,Gaussian recovery,11,96013,replan_16,1,1,0.01239817962050438,0.0,b9a00c72b0cfeb9a88d40990a2065af96e58264f93b2dfb53f1dcfc49bc08eaf,7e38400862049f02faf2756806c41a4fee49baf774699f32f3183a92f88982fd,1,211,1,214,1,392,1,392
insertion,Gaussian recovery,11,96014,nominal,1,1,0.012254167348146439,0.0,b9a00c72b0cfeb9a88d40990a2065af96e58264f93b2dfb53f1dcfc49bc08eaf,8b434f505afffddb01f15bb23c38ef1feb3adf95f8bf00f8db3aad3c8815728c,1,214,1,214,1,369,1,369
insertion,Gaussian recovery,11,96014,observation_noise,1,0,0.01365057472139597,0.00937076823785901,b9a00c72b0cfeb9a88d40990a2065af96e58264f93b2dfb53f1dcfc49bc08eaf,ab82b0ebd32e63027b8d2e1a919f3e67c1f25a890f9260daf77f3b389313c5ac,1,210,1,210,1,339,1,339
insertion,Gaussian recovery,11,96014,noise_joints,0,0,0.012514249421656132,0.003325379777234048,b9a00c72b0cfeb9a88d40990a2065af96e58264f93b2dfb53f1dcfc49bc08eaf,f14b69de43cea3fcf7c0de94539d753cc85ad3b903b55674121bbd454601b347,1,212,1,213,1,384,0,-1
insertion,Gaussian recovery,11,96014,noise_objects,1,0,0.01364196091890335,0.008953116852790117,b9a00c72b0cfeb9a88d40990a2065af96e58264f93b2dfb53f1dcfc49bc08eaf,32a04baf2aaadc0fdc43ad8743c855d85e9c88295ff0699592d491eed145af4f,1,211,1,211,1,336,1,336
insertion,Gaussian recovery,11,96014,noise_low_support,1,1,0.012254167348146439,0.0,b9a00c72b0cfeb9a88d40990a2065af96e58264f93b2dfb53f1dcfc49bc08eaf,5d9648f227f8e6013a1fcf39a964b28462a0c9a889a35c78802d57bbc513c46e,1,214,1,214,1,369,1,369
insertion,Gaussian recovery,11,96014,noise_supported,1,0,0.01365057472139597,0.00937076823785901,b9a00c72b0cfeb9a88d40990a2065af96e58264f93b2dfb53f1dcfc49bc08eaf,ab82b0ebd32e63027b8d2e1a919f3e67c1f25a890f9260daf77f3b389313c5ac,1,210,1,210,1,339,1,339
insertion,Gaussian recovery,11,96014,replan_1,0,0,0.006023531313985586,0.0,b9a00c72b0cfeb9a88d40990a2065af96e58264f93b2dfb53f1dcfc49bc08eaf,e941d10ea1738a7754a8118a3c004b3c087ad7676e163fb29c9525a5815b496d,1,221,0,-1,0,-1,0,-1
insertion,Gaussian recovery,11,96014,replan_1_ensemble,1,0,0.007639669752763701,0.0,b9a00c72b0cfeb9a88d40990a2065af96e58264f93b2dfb53f1dcfc49bc08eaf,a4aadff959c9c1be3f2c33ea3b42ab82ff77b3719da361bb067df4351197fdbd,1,216,1,217,1,374,1,374
insertion,Gaussian recovery,11,96014,replan_16,1,1,0.012331289239227772,0.0,b9a00c72b0cfeb9a88d40990a2065af96e58264f93b2dfb53f1dcfc49bc08eaf,9ba90567cdee3b73e67fc4a824438951a37ab16ee2dfc53cec63f5b18894d9e8,1,212,1,215,1,373,1,373
insertion,Gaussian recovery,11,96015,nominal,0,0,0.013655303046107292,0.0,b9a00c72b0cfeb9a88d40990a2065af96e58264f93b2dfb53f1dcfc49bc08eaf,06a2858e2846b094f00e5b26b9e2f1e5a89405dd5d006cb954da7d082edbb1f5,1,215,1,216,1,281,0,-1
insertion,Gaussian recovery,11,96015,observation_noise,0,0,0.014064259827136993,0.009214365910738707,b9a00c72b0cfeb9a88d40990a2065af96e58264f93b2dfb53f1dcfc49bc08eaf,b2ef9410cb0fcbcc931bbc2055006ce589def7b7145efb1599c15c437b8725b6,1,217,1,217,1,337,0,-1
insertion,Gaussian recovery,11,96015,noise_joints,0,0,0.013727720826864243,0.003544086136389524,b9a00c72b0cfeb9a88d40990a2065af96e58264f93b2dfb53f1dcfc49bc08eaf,f547cddbc1f045f7b53d40e3e09cbb56c610082bf8cb57d3dc67d7207462820f,1,216,1,216,1,283,0,-1
insertion,Gaussian recovery,11,96015,noise_objects,1,0,0.013949706219136715,0.008349651815369724,b9a00c72b0cfeb9a88d40990a2065af96e58264f93b2dfb53f1dcfc49bc08eaf,ac94c8cf9a3964b4071422be8f1a0d645848da7c61599bfc57047ba0e183b9cf,1,217,1,217,1,336,1,338
insertion,Gaussian recovery,11,96015,noise_low_support,0,0,0.013655303046107292,0.0,b9a00c72b0cfeb9a88d40990a2065af96e58264f93b2dfb53f1dcfc49bc08eaf,5e273cde7e6ec628bc3f55bacd3ff843da2c82ebbeebad023208c4c37c3f992a,1,215,1,216,1,281,0,-1
insertion,Gaussian recovery,11,96015,noise_supported,0,0,0.014064259827136993,0.009214365910738707,b9a00c72b0cfeb9a88d40990a2065af96e58264f93b2dfb53f1dcfc49bc08eaf,b2ef9410cb0fcbcc931bbc2055006ce589def7b7145efb1599c15c437b8725b6,1,217,1,217,1,337,0,-1
insertion,Gaussian recovery,11,96015,replan_1,0,0,0.009035364724695683,0.0,b9a00c72b0cfeb9a88d40990a2065af96e58264f93b2dfb53f1dcfc49bc08eaf,ef86e09254f809f7cb31feb1853831e19453b7d64ed50d2eb1e8f27b3dbe4ce5,0,-1,0,-1,0,-1,0,-1
insertion,Gaussian recovery,11,96015,replan_1_ensemble,0,0,0.007928754432158264,0.0,b9a00c72b0cfeb9a88d40990a2065af96e58264f93b2dfb53f1dcfc49bc08eaf,475851eb12f445fd427b85ea18ac0ad70d08ef61bfe50801ef5b588493fec165,1,216,1,216,1,278,0,-1
insertion,Gaussian recovery,11,96015,replan_16,1,1,0.013706555590033531,0.0,b9a00c72b0cfeb9a88d40990a2065af96e58264f93b2dfb53f1dcfc49bc08eaf,708b04dd718a93528e853da2f1c5def193778575a4757b605849b2ad40fc2eeb,1,217,1,219,1,299,1,322
insertion,Gaussian recovery,11,96016,nominal,1,0,0.012376195751130581,0.0,b9a00c72b0cfeb9a88d40990a2065af96e58264f93b2dfb53f1dcfc49bc08eaf,1b72dcb2981d555e673331630c95d426566f7ac61c68ea2da10a3207fa0056f3,1,211,1,213,1,303,1,303
insertion,Gaussian recovery,11,96016,observation_noise,1,1,0.013574773445725441,0.009994997452013194,b9a00c72b0cfeb9a88d40990a2065af96e58264f93b2dfb53f1dcfc49bc08eaf,a6df581bf14b3c9f8cbf2e2edb6998682b5e0f7ce5c6a2396fe71fe62caf5c92,1,211,1,214,1,317,1,337
insertion,Gaussian recovery,11,96016,noise_joints,1,0,0.012610428966581821,0.0034744475677143784,b9a00c72b0cfeb9a88d40990a2065af96e58264f93b2dfb53f1dcfc49bc08eaf,7139b0526c8a9fd932b823f43ec96c33388b6f0e5a95f339a6c560393477eb98,1,211,1,214,1,305,1,305
insertion,Gaussian recovery,11,96016,noise_objects,1,1,0.013409792445600033,0.00938338719541207,b9a00c72b0cfeb9a88d40990a2065af96e58264f93b2dfb53f1dcfc49bc08eaf,008055cdcb1d0ca902dc72de4ce507905cd3aaa74a88b12f7660f20a27de6ac8,1,213,1,214,1,315,1,315
insertion,Gaussian recovery,11,96016,noise_low_support,1,0,0.012376195751130581,0.0,b9a00c72b0cfeb9a88d40990a2065af96e58264f93b2dfb53f1dcfc49bc08eaf,b15fa2cd68b5945e774a9c04cc53756df54a66818fb91c4d8b2b4cb087a9f2ab,1,211,1,213,1,303,1,303
insertion,Gaussian recovery,11,96016,noise_supported,1,1,0.013574773445725441,0.009994997452013194,b9a00c72b0cfeb9a88d40990a2065af96e58264f93b2dfb53f1dcfc49bc08eaf,a6df581bf14b3c9f8cbf2e2edb6998682b5e0f7ce5c6a2396fe71fe62caf5c92,1,211,1,214,1,317,1,337
insertion,Gaussian recovery,11,96016,replan_1,1,0,0.006418364588171244,0.0,b9a00c72b0cfeb9a88d40990a2065af96e58264f93b2dfb53f1dcfc49bc08eaf,5dd2957ddf93e476f587b38676ad576e51e4327403748abd083802a099281a00,1,215,1,223,1,258,1,258
insertion,Gaussian recovery,11,96016,replan_1_ensemble,1,0,0.007540100580512756,0.0,b9a00c72b0cfeb9a88d40990a2065af96e58264f93b2dfb53f1dcfc49bc08eaf,5f324b2fd7d3816063633ce31193c0b7a18e0a8bc8eaa74748ff7e46fdb1d564,1,212,1,216,1,312,1,312
insertion,Gaussian recovery,11,96016,replan_16,1,1,0.01198230404406786,0.0,b9a00c72b0cfeb9a88d40990a2065af96e58264f93b2dfb53f1dcfc49bc08eaf,a74c4c9a88d26ac2baa6395a60d57e6d279e25bbe0665a44b2f939e274e24903,1,210,1,213,1,342,1,342
insertion,Gaussian recovery,11,96017,nominal,0,0,0.013421295210719109,0.0,b9a00c72b0cfeb9a88d40990a2065af96e58264f93b2dfb53f1dcfc49bc08eaf,b440c47a0bb6eede5cb41ea05859cd238e2437d153f1caaf588c0bda1e82ad18,1,205,1,209,0,-1,0,-1
insertion,Gaussian recovery,11,96017,observation_noise,0,0,0.014097812585532665,0.008865239426959305,b9a00c72b0cfeb9a88d40990a2065af96e58264f93b2dfb53f1dcfc49bc08eaf,46da3d9811b67b780220b3f19d13176104cc8b3581248897a16b0075af2d462b,1,204,1,217,0,-1,0,-1
insertion,Gaussian recovery,11,96017,noise_joints,1,0,0.013686280697584152,0.003757606712169945,b9a00c72b0cfeb9a88d40990a2065af96e58264f93b2dfb53f1dcfc49bc08eaf,9e869280b32d52fa04267692ae7144cf4b420e37ff0498db764b189ac628bad0,1,208,1,208,1,341,1,351
insertion,Gaussian recovery,11,96017,noise_objects,0,0,0.013948961161077023,0.007646501699928194,b9a00c72b0cfeb9a88d40990a2065af96e58264f93b2dfb53f1dcfc49bc08eaf,ffb36b57c18d4bc4bd2bbf087f59eec61e2f65efcc49be305a4c9310319bb2bc,1,211,1,217,1,344,0,-1
insertion,Gaussian recovery,11,96017,noise_low_support,0,0,0.013421295210719109,0.0,b9a00c72b0cfeb9a88d40990a2065af96e58264f93b2dfb53f1dcfc49bc08eaf,2652dfaef88a05d6175f47ecbd070cf0992b33a753a9f1ae0d853743ccd34dbc,1,205,1,209,0,-1,0,-1
insertion,Gaussian recovery,11,96017,noise_supported,0,0,0.014097812585532665,0.008865239426959305,b9a00c72b0cfeb9a88d40990a2065af96e58264f93b2dfb53f1dcfc49bc08eaf,46da3d9811b67b780220b3f19d13176104cc8b3581248897a16b0075af2d462b,1,204,1,217,0,-1,0,-1
insertion,Gaussian recovery,11,96017,replan_1,0,0,0.004777015186846256,0.0,b9a00c72b0cfeb9a88d40990a2065af96e58264f93b2dfb53f1dcfc49bc08eaf,a30e8913202299e6979095a43ba394a31ae5911065c84f5e6f20068528a0ce48,0,-1,0,-1,0,-1,0,-1
insertion,Gaussian recovery,11,96017,replan_1_ensemble,0,0,0.008142069268685645,0.0,b9a00c72b0cfeb9a88d40990a2065af96e58264f93b2dfb53f1dcfc49bc08eaf,0edbf6984db5862c5e43a6fd1d601e4157550cffb9e32591104383a63b4ddac0,1,205,1,208,0,-1,0,-1
insertion,Gaussian recovery,11,96017,replan_16,1,1,0.013109628111124039,0.0,b9a00c72b0cfeb9a88d40990a2065af96e58264f93b2dfb53f1dcfc49bc08eaf,8be2cd55f2e8fa7dd417a4ec5218a9fa6031a6f1c6e7c564fb2529ba46ebd1d1,1,207,1,217,1,366,1,366
insertion,Gaussian recovery,11,96018,nominal,1,0,0.013209057971835136,0.0,b9a00c72b0cfeb9a88d40990a2065af96e58264f93b2dfb53f1dcfc49bc08eaf,203736df8d99974e1ac082b08a27925875375c2a0ce4ae6084a6e14a32839945,1,208,1,209,1,325,1,328
insertion,Gaussian recovery,11,96018,observation_noise,1,0,0.01419829111546278,0.009019727017730475,b9a00c72b0cfeb9a88d40990a2065af96e58264f93b2dfb53f1dcfc49bc08eaf,c8e03e130bde6b55b574e4af320bb859af50f34d61708002ab64e561b13c499b,1,208,1,210,1,316,1,328
insertion,Gaussian recovery,11,96018,noise_joints,1,0,0.013373387046158314,0.003445717680733651,b9a00c72b0cfeb9a88d40990a2065af96e58264f93b2dfb53f1dcfc49bc08eaf,14faeac7cfb7e5ff630a6756f8ddb1ae7c396ec9caa05c8d1c9a75d5935c28ef,1,208,1,208,1,315,1,315
insertion,Gaussian recovery,11,96018,noise_objects,1,0,0.013947791419923306,0.00787629907950759,b9a00c72b0cfeb9a88d40990a2065af96e58264f93b2dfb53f1dcfc49bc08eaf,3bebb2db5dc2cee9e60faf8ffbeed9c6717f071b9bdce1bd0b587eb80b0b56d7,1,206,1,206,1,330,1,330
insertion,Gaussian recovery,11,96018,noise_low_support,1,0,0.013209057971835136,0.0,b9a00c72b0cfeb9a88d40990a2065af96e58264f93b2dfb53f1dcfc49bc08eaf,a060995ea34a6e048b3b7ae5c322147c5fbec9b3974f9a2a86a76a20d43f697c,1,208,1,209,1,325,1,328
insertion,Gaussian recovery,11,96018,noise_supported,1,0,0.01419829111546278,0.009019727017730475,b9a00c72b0cfeb9a88d40990a2065af96e58264f93b2dfb53f1dcfc49bc08eaf,c8e03e130bde6b55b574e4af320bb859af50f34d61708002ab64e561b13c499b,1,208,1,210,1,316,1,328
insertion,Gaussian recovery,11,96018,replan_1,0,0,0.004392078146338463,0.0,b9a00c72b0cfeb9a88d40990a2065af96e58264f93b2dfb53f1dcfc49bc08eaf,feb9bbe0a2e4172747bb8167900e27344b9b5ba7ae069081e624f97b90fe0d63,0,-1,0,-1,0,-1,0,-1
insertion,Gaussian recovery,11,96018,replan_1_ensemble,1,1,0.008108028389045858,0.0,b9a00c72b0cfeb9a88d40990a2065af96e58264f93b2dfb53f1dcfc49bc08eaf,ee01832a1eec002072aa6cf018e57f164dfb199dfd8e613afa797c453ff7c892,1,204,1,206,1,324,1,324
insertion,Gaussian recovery,11,96018,replan_16,1,1,0.012858662754297256,0.0,b9a00c72b0cfeb9a88d40990a2065af96e58264f93b2dfb53f1dcfc49bc08eaf,e6e5df256f72c56c3814d9ea8445da59c2a566a27e4851309818dc6d7801f63e,1,207,1,212,1,338,1,338
insertion,Gaussian recovery,11,96019,nominal,1,1,0.012515552341938019,0.0,b9a00c72b0cfeb9a88d40990a2065af96e58264f93b2dfb53f1dcfc49bc08eaf,7819e87b5ed0bec9c77c07696bd871d7042bd74e05fe6a9a97000f39d5d0d65e,1,214,1,218,1,344,1,344
insertion,Gaussian recovery,11,96019,observation_noise,0,0,0.01375338714569807,0.00842976247658953,b9a00c72b0cfeb9a88d40990a2065af96e58264f93b2dfb53f1dcfc49bc08eaf,fb80a7cd97defbf55ea3011363a8f2f9bf3dafa08a64fed894b8b49510c69a12,1,211,1,217,1,299,0,-1
insertion,Gaussian recovery,11,96019,noise_joints,1,1,0.012766321189701557,0.003583519053645432,b9a00c72b0cfeb9a88d40990a2065af96e58264f93b2dfb53f1dcfc49bc08eaf,ef678e6b595334a07893b241024eb333ffa80ba2789f5499e510f26b72acf891,1,217,1,218,1,358,1,358
insertion,Gaussian recovery,11,96019,noise_objects,1,0,0.013408162631094456,0.007203644297551364,b9a00c72b0cfeb9a88d40990a2065af96e58264f93b2dfb53f1dcfc49bc08eaf,b4dcf2648aef4328409725632de368f66caeeff6e3a1796a32d53bcc8b8bfcab,1,211,1,218,1,299,1,377
insertion,Gaussian recovery,11,96019,noise_low_support,1,1,0.012515552341938019,0.0,b9a00c72b0cfeb9a88d40990a2065af96e58264f93b2dfb53f1dcfc49bc08eaf,6d5456cd302b27b865a8850c5060b7c2b0660493100b611896fb8be278129a7f,1,214,1,218,1,344,1,344
insertion,Gaussian recovery,11,96019,noise_supported,0,0,0.01375338714569807,0.00842976247658953,b9a00c72b0cfeb9a88d40990a2065af96e58264f93b2dfb53f1dcfc49bc08eaf,fb80a7cd97defbf55ea3011363a8f2f9bf3dafa08a64fed894b8b49510c69a12,1,211,1,217,1,299,0,-1
insertion,Gaussian recovery,11,96019,replan_1,0,0,0.004309977870434523,0.0,b9a00c72b0cfeb9a88d40990a2065af96e58264f93b2dfb53f1dcfc49bc08eaf,98e21ee4faea0a4a3e48679e33d8a32d37e8ca8e4d0a9f3b90e9d57749ff252c,0,-1,0,-1,0,-1,0,-1
insertion,Gaussian recovery,11,96019,replan_1_ensemble,1,1,0.007955802013543201,0.0,b9a00c72b0cfeb9a88d40990a2065af96e58264f93b2dfb53f1dcfc49bc08eaf,2df02ab13906a8db4d5a535f2510c0d176cb0eec96bb9a319797ff601f3d2c16,1,213,1,218,1,354,1,354
insertion,Gaussian recovery,11,96019,replan_16,1,1,0.012435473501682281,0.0,b9a00c72b0cfeb9a88d40990a2065af96e58264f93b2dfb53f1dcfc49bc08eaf,b21f0e0b4ced00f446e17309ffb594318c3c7a53fce39bceeb554432e259d299,1,212,1,218,1,360,1,360
insertion,Gaussian recovery,23,96000,nominal,0,0,0.0139554338529706,0.0,3c39ed515720614fd88d4dd626f2cc71779bae488f584df07aabc251ba6c77c6,23846dc651c4aae3e0f980b0c52e03494a00389dc13a596ece59314723b54096,1,202,1,212,0,-1,0,-1
insertion,Gaussian recovery,23,96000,observation_noise,1,0,0.014210875146090984,0.008437970648519694,3c39ed515720614fd88d4dd626f2cc71779bae488f584df07aabc251ba6c77c6,31c4cb1dcc8056bdce04a23753499496c27ff23c202fab2fe4dca554389a9567,1,200,1,212,1,350,1,377
insertion,Gaussian recovery,23,96000,noise_joints,0,0,0.014185057021677494,0.003607098227366805,3c39ed515720614fd88d4dd626f2cc71779bae488f584df07aabc251ba6c77c6,258c1b069551346f97ed72d2e2707b75fa8be43b80ce2828003d686b543dc02a,1,211,1,215,0,-1,0,-1
insertion,Gaussian recovery,23,96000,noise_objects,1,0,0.014350772835314274,0.007790189529769123,3c39ed515720614fd88d4dd626f2cc71779bae488f584df07aabc251ba6c77c6,d616b4efd9b7048ae655c9d16ddf1420aa756151f4c1fac96ded4d51ea05355d,1,204,1,204,1,366,1,393
insertion,Gaussian recovery,23,96000,noise_low_support,0,0,0.0139554338529706,0.0,3c39ed515720614fd88d4dd626f2cc71779bae488f584df07aabc251ba6c77c6,7eb6893320fa1b7a881a0d6087b46ce780765d72cf733246a22081127ee8daca,1,202,1,212,0,-1,0,-1
insertion,Gaussian recovery,23,96000,noise_supported,1,0,0.014210875146090984,0.008437970648519694,3c39ed515720614fd88d4dd626f2cc71779bae488f584df07aabc251ba6c77c6,31c4cb1dcc8056bdce04a23753499496c27ff23c202fab2fe4dca554389a9567,1,200,1,212,1,350,1,377
insertion,Gaussian recovery,23,96000,replan_1,0,0,0.006658956874161959,0.0,3c39ed515720614fd88d4dd626f2cc71779bae488f584df07aabc251ba6c77c6,d34d8ff08af170a5264803b229b474338d700443260e1faf1fb6777fde8b6c42,1,196,1,211,1,337,0,-1
insertion,Gaussian recovery,23,96000,replan_1_ensemble,0,0,0.008072522649583701,0.0,3c39ed515720614fd88d4dd626f2cc71779bae488f584df07aabc251ba6c77c6,2399485cdd18fe8e1b67dbc0ff59c1effbaf7f532323d761bb3b3c2fb65f94c7,1,200,1,221,0,-1,0,-1
insertion,Gaussian recovery,23,96000,replan_16,0,0,0.014598851092159748,0.0,3c39ed515720614fd88d4dd626f2cc71779bae488f584df07aabc251ba6c77c6,f635eae2577a04d7100edb919a825811bf9601991bd77d64e2ba09f782af06ba,1,200,1,224,0,-1,0,-1
insertion,Gaussian recovery,23,96001,nominal,1,0,0.014074535109102726,0.0,3c39ed515720614fd88d4dd626f2cc71779bae488f584df07aabc251ba6c77c6,d75d6d2e4d2516b219475176a2a330e0592ebe0970c15de44c71cfa75161936f,1,210,1,216,1,290,1,290
insertion,Gaussian recovery,23,96001,observation_noise,0,0,0.016653941944241524,0.008636304216925055,3c39ed515720614fd88d4dd626f2cc71779bae488f584df07aabc251ba6c77c6,5120bf884234ce758b963bc05cf2da6d67ee4f423fe11940d26cb49f299185e0,1,203,1,216,1,296,0,-1
insertion,Gaussian recovery,23,96001,noise_joints,1,0,0.013920465484261513,0.0037942120316438377,3c39ed515720614fd88d4dd626f2cc71779bae488f584df07aabc251ba6c77c6,f290de4581618fd62ef3278cfd6ba7f36a6a742410463e15db43bc4b1ca2a580,1,205,1,216,1,298,1,298
insertion,Gaussian recovery,23,96001,noise_objects,1,0,0.016668051481246948,0.0075725155929103494,3c39ed515720614fd88d4dd626f2cc71779bae488f584df07aabc251ba6c77c6,adf3bcda7143a4d126e33792dab938e5f7940973e61e158c8d914fb4c22eb58f,1,209,1,216,1,288,1,288
insertion,Gaussian recovery,23,96001,noise_low_support,1,0,0.014074535109102726,0.0,3c39ed515720614fd88d4dd626f2cc71779bae488f584df07aabc251ba6c77c6,7aa8af1f9b2f80af54e99d6cab9d03d287ad5c44701bc3237b404fbb7f457db7,1,210,1,216,1,290,1,290
insertion,Gaussian recovery,23,96001,noise_supported,0,0,0.016653941944241524,0.008636304216925055,3c39ed515720614fd88d4dd626f2cc71779bae488f584df07aabc251ba6c77c6,5120bf884234ce758b963bc05cf2da6d67ee4f423fe11940d26cb49f299185e0,1,203,1,216,1,296,0,-1
insertion,Gaussian recovery,23,96001,replan_1,0,0,0.006840869318693876,0.0,3c39ed515720614fd88d4dd626f2cc71779bae488f584df07aabc251ba6c77c6,9052fcff24d65871dd971be9358650939fe16532aace3bfc4f5107aba2ab73a2,1,215,1,221,1,285,0,-1
insertion,Gaussian recovery,23,96001,replan_1_ensemble,1,0,0.008252377818338107,0.0,3c39ed515720614fd88d4dd626f2cc71779bae488f584df07aabc251ba6c77c6,d2c64e0b16231c090b5db047f0574c10662f96c8bf6857d9de4661f065247eec,1,206,1,214,1,321,1,321
insertion,Gaussian recovery,23,96001,replan_16,1,0,0.013517795130610466,0.0,3c39ed515720614fd88d4dd626f2cc71779bae488f584df07aabc251ba6c77c6,bb239c71c2f6529c7d8c6359d08437f897a564e2d30d76bc4d798f86ded24de5,1,211,1,218,1,317,1,321
insertion,Gaussian recovery,23,96002,nominal,0,0,0.018794765695929527,0.0,3c39ed515720614fd88d4dd626f2cc71779bae488f584df07aabc251ba6c77c6,1281af196e343f6cbc934208d47db1d5a330290136aaf81ac5ea7b44a84cf52e,1,202,1,224,0,-1,0,-1
insertion,Gaussian recovery,23,96002,observation_noise,0,0,0.0207755696028471,0.009279071809723973,3c39ed515720614fd88d4dd626f2cc71779bae488f584df07aabc251ba6c77c6,1f29d84113a6d68b0c1582015ee09f4259db56388ec48338951b673ec507860e,1,205,1,216,0,-1,0,-1
insertion,Gaussian recovery,23,96002,noise_joints,0,0,0.022211289033293724,0.003712451639585197,3c39ed515720614fd88d4dd626f2cc71779bae488f584df07aabc251ba6c77c6,796a800df0fb0a7891f1762e1b22ce647d0fb48e41e4642e601e2d223736ae0c,1,205,1,216,0,-1,0,-1
insertion,Gaussian recovery,23,96002,noise_objects,0,0,0.0201027262955904,0.008269654560135677,3c39ed515720614fd88d4dd626f2cc71779bae488f584df07aabc251ba6c77c6,5620c54a51d19cf41151476a2358b548822a59435bc90df5bd6d088a5276e3f6,1,201,1,224,0,-1,0,-1
insertion,Gaussian recovery,23,96002,noise_low_support,0,0,0.018794765695929527,0.0,3c39ed515720614fd88d4dd626f2cc71779bae488f584df07aabc251ba6c77c6,a57129284ac146c7317196e9580734c0b646f55a97bdf70676aa384eb0687be4,1,202,1,224,0,-1,0,-1
insertion,Gaussian recovery,23,96002,noise_supported,0,0,0.0207755696028471,0.009279071809723973,3c39ed515720614fd88d4dd626f2cc71779bae488f584df07aabc251ba6c77c6,1f29d84113a6d68b0c1582015ee09f4259db56388ec48338951b673ec507860e,1,205,1,216,0,-1,0,-1
insertion,Gaussian recovery,23,96002,replan_1,0,0,0.005209825001657009,0.0,3c39ed515720614fd88d4dd626f2cc71779bae488f584df07aabc251ba6c77c6,1fdf78ab394d8c1fe4bf94575d5fc6fd0619b1252a1c068c62bda456499aa285,0,-1,0,-1,0,-1,0,-1
insertion,Gaussian recovery,23,96002,replan_1_ensemble,0,0,0.008530221628496903,0.0,3c39ed515720614fd88d4dd626f2cc71779bae488f584df07aabc251ba6c77c6,2727079d921353dcfa7997d3d7b96fd8636661a4bf297fd8108d9f9e02673c0c,1,202,1,226,0,-1,0,-1
insertion,Gaussian recovery,23,96002,replan_16,0,0,0.01737315207719803,0.0,3c39ed515720614fd88d4dd626f2cc71779bae488f584df07aabc251ba6c77c6,bde69bd508bcf5e5ef2e7e375c9f4cc537767881acd21bbb07fd56d79881b055,1,203,1,217,1,298,0,-1
insertion,Gaussian recovery,23,96003,nominal,0,0,0.015529864467680454,0.0,3c39ed515720614fd88d4dd626f2cc71779bae488f584df07aabc251ba6c77c6,39025fdaefc6fbd759dee3105a1a5b5efbdcc8f28072862c778be4e8e77afe1a,1,199,1,215,1,306,0,-1
insertion,Gaussian recovery,23,96003,observation_noise,0,0,0.02964547462761402,0.009215138182044029,3c39ed515720614fd88d4dd626f2cc71779bae488f584df07aabc251ba6c77c6,29953eed2494844690cb8ea927e83458b28516077de67814ff2b1ad6b4429299,1,203,1,213,0,-1,0,-1
insertion,Gaussian recovery,23,96003,noise_joints,0,0,0.013640387915074825,0.0037348344875499607,3c39ed515720614fd88d4dd626f2cc71779bae488f584df07aabc251ba6c77c6,3781df53a890dbcb21ef6a972cff53c70d0465bc79b5a6f74617fa5ecaa89f7c,1,199,1,215,1,305,0,-1
insertion,Gaussian recovery,23,96003,noise_objects,0,0,0.016858795657753944,0.00864112502662465,3c39ed515720614fd88d4dd626f2cc71779bae488f584df07aabc251ba6c77c6,4ad0fe0146d553716d0f679a89ebaec94268cd565236d1f0b0264c3e30356193,1,199,1,205,1,291,0,-1
insertion,Gaussian recovery,23,96003,noise_low_support,0,0,0.015529864467680454,0.0,3c39ed515720614fd88d4dd626f2cc71779bae488f584df07aabc251ba6c77c6,3a235f4ea770347416908625d8b0513904cbd916e587deaf893ef13efe97f7d5,1,199,1,215,1,306,0,-1
insertion,Gaussian recovery,23,96003,noise_supported,0,0,0.02964547462761402,0.009215138182044029,3c39ed515720614fd88d4dd626f2cc71779bae488f584df07aabc251ba6c77c6,29953eed2494844690cb8ea927e83458b28516077de67814ff2b1ad6b4429299,1,203,1,213,0,-1,0,-1
insertion,Gaussian recovery,23,96003,replan_1,0,0,0.007998140528798103,0.0,3c39ed515720614fd88d4dd626f2cc71779bae488f584df07aabc251ba6c77c6,451ef0bc7038d17afba004f7e02e75118995c6db27c41282ed3dc517e01e57e5,0,-1,0,-1,0,-1,0,-1
insertion,Gaussian recovery,23,96003,replan_1_ensemble,1,0,0.00869407010370207,0.0,3c39ed515720614fd88d4dd626f2cc71779bae488f584df07aabc251ba6c77c6,759711ead6c0ec1545c02567cac2b8ee09e07d9a4f3a2f8c327c47d68e18c73f,1,202,1,214,1,298,1,306
insertion,Gaussian recovery,23,96003,replan_16,0,0,0.01303283404558897,0.0,3c39ed515720614fd88d4dd626f2cc71779bae488f584df07aabc251ba6c77c6,a56ebc46c85e33a158d8159f494e8f3ad8eb88a479ceca27934d8249c33c0436,1,197,1,213,1,337,0,-1
insertion,Gaussian recovery,23,96004,nominal,0,0,0.016728298738598824,0.0,3c39ed515720614fd88d4dd626f2cc71779bae488f584df07aabc251ba6c77c6,8afd2f464a116025931614ba294624f04b54997bda62b05f17b80b4d22ea271c,1,211,1,214,1,290,0,-1
insertion,Gaussian recovery,23,96004,observation_noise,0,0,0.014430885203182697,0.008284419609699398,3c39ed515720614fd88d4dd626f2cc71779bae488f584df07aabc251ba6c77c6,81c97b9acd6c784774d4252e732f754447077697432791c9af5cc246f5e120ff,1,211,1,211,1,315,0,-1
insertion,Gaussian recovery,23,96004,noise_joints,0,0,0.016609303653240204,0.0036074918671511113,3c39ed515720614fd88d4dd626f2cc71779bae488f584df07aabc251ba6c77c6,6e691154b4010a012c241c960cd1ec709adb4a8c5573ecf6c85bc9a28160c799,1,212,1,214,1,296,0,-1
insertion,Gaussian recovery,23,96004,noise_objects,0,0,0.01406228169798851,0.007545505363959819,3c39ed515720614fd88d4dd626f2cc71779bae488f584df07aabc251ba6c77c6,ae2ff76257e0c836b8f4753af7fe1487fc52a878d128cf4c08c96d225fb2c09f,1,211,1,212,1,322,0,-1
insertion,Gaussian recovery,23,96004,noise_low_support,0,0,0.016728298738598824,0.0,3c39ed515720614fd88d4dd626f2cc71779bae488f584df07aabc251ba6c77c6,a732281d154bc868d07678c31a78268987a147cce19989f39060d6d0b4b06b30,1,211,1,214,1,290,0,-1
insertion,Gaussian recovery,23,96004,noise_supported,0,0,0.014430885203182697,0.008284419609699398,3c39ed515720614fd88d4dd626f2cc71779bae488f584df07aabc251ba6c77c6,81c97b9acd6c784774d4252e732f754447077697432791c9af5cc246f5e120ff,1,211,1,211,1,315,0,-1
insertion,Gaussian recovery,23,96004,replan_1,0,0,0.008840321563184261,0.0,3c39ed515720614fd88d4dd626f2cc71779bae488f584df07aabc251ba6c77c6,8a114e0baf5f2c1fd7bd8b91568c918d56475ee519330b163d3ef2141f22eb55,1,212,1,217,0,-1,0,-1
insertion,Gaussian recovery,23,96004,replan_1_ensemble,0,0,0.007926689623675815,0.0,3c39ed515720614fd88d4dd626f2cc71779bae488f584df07aabc251ba6c77c6,76e88e2e82afa8f28e72f357d89cef3d2ef14d32c3421e268ac155b08cf9cf98,1,215,1,216,1,287,0,-1
insertion,Gaussian recovery,23,96004,replan_16,0,0,0.016566941514611244,0.0,3c39ed515720614fd88d4dd626f2cc71779bae488f584df07aabc251ba6c77c6,504a0db64c5f4847f34e43a5e71c53026c5090359c17b15884b0633ca61d9c9e,1,211,1,212,1,307,0,-1
insertion,Gaussian recovery,23,96005,nominal,0,0,0.016667082905769348,0.0,3c39ed515720614fd88d4dd626f2cc71779bae488f584df07aabc251ba6c77c6,adc3696670dd3b624401fef200fc915327c950025fce6b00609ad3767ce75eb8,1,215,1,215,1,296,0,-1
insertion,Gaussian recovery,23,96005,observation_noise,0,0,0.015469680540263653,0.00828803887590766,3c39ed515720614fd88d4dd626f2cc71779bae488f584df07aabc251ba6c77c6,03d15f402aa5f77b18c0adfa85b92bbe5f227717ca2846ccb45461f427ec1465,1,213,1,216,1,297,0,-1
insertion,Gaussian recovery,23,96005,noise_joints,0,0,0.014950566925108433,0.00341412587556988,3c39ed515720614fd88d4dd626f2cc71779bae488f584df07aabc251ba6c77c6,a23d08d1a2f43141c5a03e680b245085098a2f525197b68cdbe4818879a9644e,1,214,1,216,1,298,0,-1
insertion,Gaussian recovery,23,96005,noise_objects,0,0,0.017011163756251335,0.007218416202813387,3c39ed515720614fd88d4dd626f2cc71779bae488f584df07aabc251ba6c77c6,aba3af9a54137902675b0b722129d203d370731acf1f9dd9913995a84324dc21,1,215,1,215,1,291,0,-1
insertion,Gaussian recovery,23,96005,noise_low_support,0,0,0.016667082905769348,0.0,3c39ed515720614fd88d4dd626f2cc71779bae488f584df07aabc251ba6c77c6,bb6b0e8b3541005f439655c3d851a7b66f93d326e87ca4e28509c2a0736652b0,1,215,1,215,1,296,0,-1
insertion,Gaussian recovery,23,96005,noise_supported,0,0,0.015469680540263653,0.00828803887590766,3c39ed515720614fd88d4dd626f2cc71779bae488f584df07aabc251ba6c77c6,03d15f402aa5f77b18c0adfa85b92bbe5f227717ca2846ccb45461f427ec1465,1,213,1,216,1,297,0,-1
insertion,Gaussian recovery,23,96005,replan_1,0,0,0.00723903626203537,0.0,3c39ed515720614fd88d4dd626f2cc71779bae488f584df07aabc251ba6c77c6,907a1db591d75d76c1bd1413a369949e06c4d82e009222898074522c5679ccc8,1,222,1,225,1,279,0,-1
insertion,Gaussian recovery,23,96005,replan_1_ensemble,1,0,0.008557326282659577,0.0,3c39ed515720614fd88d4dd626f2cc71779bae488f584df07aabc251ba6c77c6,6ae06cd153bc427f39172c8da2f444ebd99fa98f99cce41ec57f105007fa0602,1,217,1,219,1,297,1,297
insertion,Gaussian recovery,23,96005,replan_16,1,0,0.014227261766791344,0.0,3c39ed515720614fd88d4dd626f2cc71779bae488f584df07aabc251ba6c77c6,83cd6a44d5c6984fab40f23751434451f5faa98fb732f32fe570d90b6431a6ed,1,215,1,218,1,304,1,305
insertion,Gaussian recovery,23,96006,nominal,1,0,0.014830109663307667,0.0,3c39ed515720614fd88d4dd626f2cc71779bae488f584df07aabc251ba6c77c6,2396287248313aecadf78c6277ec808ccd27281ef835726e3a566d0983dbf88c,1,215,1,218,1,282,1,282
insertion,Gaussian recovery,23,96006,observation_noise,1,0,0.014837883412837982,0.010284025426954032,3c39ed515720614fd88d4dd626f2cc71779bae488f584df07aabc251ba6c77c6,da316123c590025f88c34d931ffde4e81178d515dc815ace5f1413adf1824588,1,216,1,218,1,314,1,314
insertion,Gaussian recovery,23,96006,noise_joints,1,0,0.014545144513249397,0.0036525467527098953,3c39ed515720614fd88d4dd626f2cc71779bae488f584df07aabc251ba6c77c6,26dd2c2cc70d5872abd02bf61a06c919184f243b31b2bee95af046b655d18348,1,220,1,221,1,297,1,297
insertion,Gaussian recovery,23,96006,noise_objects,1,0,0.01498632226139307,0.008825462132226675,3c39ed515720614fd88d4dd626f2cc71779bae488f584df07aabc251ba6c77c6,d50c184e8a768f56463e6096bedd870b66415927ba08fa0192327291410221c0,1,217,1,217,1,298,1,298
insertion,Gaussian recovery,23,96006,noise_low_support,1,0,0.014830109663307667,0.0,3c39ed515720614fd88d4dd626f2cc71779bae488f584df07aabc251ba6c77c6,3159ce68fbc1b4538bb855f438ba3b172db2838e15a8b2a839512df681103a3a,1,215,1,218,1,282,1,282
insertion,Gaussian recovery,23,96006,noise_supported,1,0,0.014837883412837982,0.010284025426954032,3c39ed515720614fd88d4dd626f2cc71779bae488f584df07aabc251ba6c77c6,da316123c590025f88c34d931ffde4e81178d515dc815ace5f1413adf1824588,1,216,1,218,1,314,1,314
insertion,Gaussian recovery,23,96006,replan_1,0,0,0.009487093426287174,0.0,3c39ed515720614fd88d4dd626f2cc71779bae488f584df07aabc251ba6c77c6,a6709e5c69eeed0d578c5a3d1e7d1a47727f1bb2053dbeac4bb8bcba20fad77b,1,222,1,224,0,-1,0,-1
insertion,Gaussian recovery,23,96006,replan_1_ensemble,0,0,0.008339281808499573,0.0,3c39ed515720614fd88d4dd626f2cc71779bae488f584df07aabc251ba6c77c6,954d5ec5ff51821653fa47b6ac1ea5430e5e996c6ed4e88e0110b2bd6dec3e73,1,217,1,217,1,265,0,-1
insertion,Gaussian recovery,23,96006,replan_16,1,0,0.014087183400988579,0.0,3c39ed515720614fd88d4dd626f2cc71779bae488f584df07aabc251ba6c77c6,0fb9bdcdeb215e65efb23258dc11284d8e86b76c42b992e4e5b26cba453694b8,1,211,1,211,1,321,1,321
insertion,Gaussian recovery,23,96007,nominal,0,0,0.01908961310982704,0.0,3c39ed515720614fd88d4dd626f2cc71779bae488f584df07aabc251ba6c77c6,ef650b0cd241bc44087b2955f1786dd12b3e19d44bee784e5e68d50f44cba710,1,211,1,213,0,-1,0,-1
insertion,Gaussian recovery,23,96007,observation_noise,0,0,0.013516072183847427,0.009107923950068653,3c39ed515720614fd88d4dd626f2cc71779bae488f584df07aabc251ba6c77c6,69dbeb75587b487668a2fd3fdf1a14f1b6d3086775de9feeb58779f63c8b8605,1,210,1,211,1,305,0,-1
insertion,Gaussian recovery,23,96007,noise_joints,0,0,0.015945229679346085,0.0036585020017810164,3c39ed515720614fd88d4dd626f2cc71779bae488f584df07aabc251ba6c77c6,6720ebca394c2cded49e157bcc991269148213a963be365f21100be6a768975b,1,211,1,211,1,292,0,-1
insertion,Gaussian recovery,23,96007,noise_objects,0,0,0.013632629066705704,0.008227691622450947,3c39ed515720614fd88d4dd626f2cc71779bae488f584df07aabc251ba6c77c6,3df551dd28c16de9ff4ea2632dc077d17af7974512c83cff709e5fe539cb8d88,1,211,1,211,1,291,0,-1
insertion,Gaussian recovery,23,96007,noise_low_support,0,0,0.01908961310982704,0.0,3c39ed515720614fd88d4dd626f2cc71779bae488f584df07aabc251ba6c77c6,a7e2bcf8e31428c0236beb3a71ffe59898b5e6e9553c4719368c21f4a9aa2a94,1,211,1,213,0,-1,0,-1
insertion,Gaussian recovery,23,96007,noise_supported,0,0,0.013516072183847427,0.009107923950068653,3c39ed515720614fd88d4dd626f2cc71779bae488f584df07aabc251ba6c77c6,69dbeb75587b487668a2fd3fdf1a14f1b6d3086775de9feeb58779f63c8b8605,1,210,1,211,1,305,0,-1
insertion,Gaussian recovery,23,96007,replan_1,0,0,0.012512413784861565,0.0,3c39ed515720614fd88d4dd626f2cc71779bae488f584df07aabc251ba6c77c6,ee5a2fc42d1020f162bb51c004a0f3477be06da7231fb071863539687974fb31,1,210,1,214,0,-1,0,-1
insertion,Gaussian recovery,23,96007,replan_1_ensemble,0,0,0.008267745089546953,0.0,3c39ed515720614fd88d4dd626f2cc71779bae488f584df07aabc251ba6c77c6,6e3c93cde27fb23238920674fc8f2407337faa7ec55f20fca598e0ed4bb7f265,1,211,1,211,1,339,0,-1
insertion,Gaussian recovery,23,96007,replan_16,0,0,0.013231499120593071,0.0,3c39ed515720614fd88d4dd626f2cc71779bae488f584df07aabc251ba6c77c6,b56c48ff088236c6ad40873060fc14debe185f24c4300d99b9678d7649204168,1,209,1,211,1,305,0,-1
insertion,Gaussian recovery,23,96008,nominal,0,0,0.01521447766572237,0.0,3c39ed515720614fd88d4dd626f2cc71779bae488f584df07aabc251ba6c77c6,100e361559faf180f79fb0fc33125496647cd0519a811b05d32ea07dcdbc2152,1,212,1,222,1,301,0,-1
insertion,Gaussian recovery,23,96008,observation_noise,0,0,0.018095223233103752,0.010039632539264858,3c39ed515720614fd88d4dd626f2cc71779bae488f584df07aabc251ba6c77c6,a4ce56c185a6d6b8da43d767d45e9c4574fea113ded236b88e2fe500a6860a42,1,212,1,214,0,-1,0,-1
insertion,Gaussian recovery,23,96008,noise_joints,0,0,0.01639643870294094,0.0038428271235898138,3c39ed515720614fd88d4dd626f2cc71779bae488f584df07aabc251ba6c77c6,584bc5812980c8d4b42bfe457bc1943fa1f91267bb2377442173bbaa0bcc0d3c,1,212,1,222,1,300,0,-1
insertion,Gaussian recovery,23,96008,noise_objects,0,0,0.018635043874382973,0.009017321872524917,3c39ed515720614fd88d4dd626f2cc71779bae488f584df07aabc251ba6c77c6,17ed1a4b6244caf805e1b52a77779ba00ea5ca9b7f8963114da55d50821f9c5d,1,208,1,211,0,-1,0,-1
insertion,Gaussian recovery,23,96008,noise_low_support,0,0,0.01521447766572237,0.0,3c39ed515720614fd88d4dd626f2cc71779bae488f584df07aabc251ba6c77c6,a5c06c66816ad5ed199cc3c8d4112ee6fcb843d71c303e95977c050147ab1903,1,212,1,222,1,301,0,-1
insertion,Gaussian recovery,23,96008,noise_supported,0,0,0.018095223233103752,0.010039632539264858,3c39ed515720614fd88d4dd626f2cc71779bae488f584df07aabc251ba6c77c6,a4ce56c185a6d6b8da43d767d45e9c4574fea113ded236b88e2fe500a6860a42,1,212,1,214,0,-1,0,-1
insertion,Gaussian recovery,23,96008,replan_1,0,0,0.012562288902699947,0.0,3c39ed515720614fd88d4dd626f2cc71779bae488f584df07aabc251ba6c77c6,8545e923c30fbdf79287ed7f6972831b699620edc75294446018caf2362989bb,1,224,1,224,0,-1,0,-1
insertion,Gaussian recovery,23,96008,replan_1_ensemble,0,0,0.008469919233365993,0.0,3c39ed515720614fd88d4dd626f2cc71779bae488f584df07aabc251ba6c77c6,c975cc7639948cfe6742877b56139c1531563f228d7435662cdb46ee360b4064,1,222,1,225,1,315,0,-1
insertion,Gaussian recovery,23,96008,replan_16,0,0,0.014512836933135986,0.0,3c39ed515720614fd88d4dd626f2cc71779bae488f584df07aabc251ba6c77c6,234d1b812d597b0327d17b65c58bfb41ac6c28277a43d84eba3db3bb1745e002,1,210,1,219,1,309,0,-1
insertion,Gaussian recovery,23,96009,nominal,1,0,0.013918536715209484,0.0,3c39ed515720614fd88d4dd626f2cc71779bae488f584df07aabc251ba6c77c6,cc08cb96a49febc96d30a2a0a1e66c421eed4e1155d8d4ee5a23a7cb1de0e3ab,1,218,1,220,1,297,1,297
insertion,Gaussian recovery,23,96009,observation_noise,1,0,0.014378700405359268,0.008504056332167238,3c39ed515720614fd88d4dd626f2cc71779bae488f584df07aabc251ba6c77c6,974aefe05a85d53b78c595e769a6433c4a112b80be00a46afcc12bb67e227522,1,210,1,214,1,316,1,316
insertion,Gaussian recovery,23,96009,noise_joints,1,0,0.013931757770478725,0.003515091520966962,3c39ed515720614fd88d4dd626f2cc71779bae488f584df07aabc251ba6c77c6,bef7328319a0bb6b7bbae7bf7bb25d5047cf244fe16aa5ad1d5e96025070ecbb,1,215,1,215,1,306,1,306
insertion,Gaussian recovery,23,96009,noise_objects,1,0,0.014265133999288082,0.007492813980206847,3c39ed515720614fd88d4dd626f2cc71779bae488f584df07aabc251ba6c77c6,3965be481b9d99ef44122154ef33ef8c86f7b78b22501393bdf625f8ddac632d,1,211,1,211,1,312,1,312
insertion,Gaussian recovery,23,96009,noise_low_support,1,0,0.013918536715209484,0.0,3c39ed515720614fd88d4dd626f2cc71779bae488f584df07aabc251ba6c77c6,ad42761dad507e2d72d33b2fe1f81c84611c4d4a871b848331a9954ba3dfbe72,1,218,1,220,1,297,1,297
insertion,Gaussian recovery,23,96009,noise_supported,1,0,0.014378700405359268,0.008504056332167238,3c39ed515720614fd88d4dd626f2cc71779bae488f584df07aabc251ba6c77c6,974aefe05a85d53b78c595e769a6433c4a112b80be00a46afcc12bb67e227522,1,210,1,214,1,316,1,316
insertion,Gaussian recovery,23,96009,replan_1,0,0,0.0077573698945343494,0.0,3c39ed515720614fd88d4dd626f2cc71779bae488f584df07aabc251ba6c77c6,ebead9c30696dda3967fd0d4ec81e19531473169ce50b3e4d8abcc02e20f9103,1,212,1,216,1,261,0,-1
insertion,Gaussian recovery,23,96009,replan_1_ensemble,1,0,0.008402130419683644,0.0,3c39ed515720614fd88d4dd626f2cc71779bae488f584df07aabc251ba6c77c6,b4b9eccb14e547ae276fe8fbd2f2acea50821cf6030ea39787e53dae611d7ca9,1,222,1,224,1,289,1,289
insertion,Gaussian recovery,23,96009,replan_16,1,0,0.013318507000803947,0.0,3c39ed515720614fd88d4dd626f2cc71779bae488f584df07aabc251ba6c77c6,1459f3764d3378726d0379b58dc02e1b07f3c61dbd66741a49c5ba2b0ce623b7,1,215,1,217,1,321,1,321
insertion,Gaussian recovery,23,96010,nominal,0,0,0.017400918528437614,0.0,3c39ed515720614fd88d4dd626f2cc71779bae488f584df07aabc251ba6c77c6,3c7b2625d7173b6df1559c5b1a560cc47e6a95710295880e152048054caab46c,1,213,1,222,1,307,0,-1
insertion,Gaussian recovery,23,96010,observation_noise,0,0,0.01847868785262108,0.00904030628502369,3c39ed515720614fd88d4dd626f2cc71779bae488f584df07aabc251ba6c77c6,1f5797ef1a1d8dd692eb5d7bbaa841a89f5ca257c037b2503040079ff85e902d,1,212,1,213,1,298,0,-1
insertion,Gaussian recovery,23,96010,noise_joints,0,0,0.017431646585464478,0.003519290303811431,3c39ed515720614fd88d4dd626f2cc71779bae488f584df07aabc251ba6c77c6,50267fb09076934e563be8ee696de2148ed0d9f7e2405d66ea63899829e0b900,1,209,1,215,1,303,0,-1
insertion,Gaussian recovery,23,96010,noise_objects,0,0,0.022691696882247925,0.008227845099754631,3c39ed515720614fd88d4dd626f2cc71779bae488f584df07aabc251ba6c77c6,d964615801f22a48e7fff891a7b357bad70058b7773d615e91c4d2d3bc28be08,1,211,1,212,0,-1,0,-1
insertion,Gaussian recovery,23,96010,noise_low_support,0,0,0.017400918528437614,0.0,3c39ed515720614fd88d4dd626f2cc71779bae488f584df07aabc251ba6c77c6,09e3d6950ebe3e303bfaf05a96e663a874c0c992be60c5bfae6b199fa8a5f71e,1,213,1,222,1,307,0,-1
insertion,Gaussian recovery,23,96010,noise_supported,0,0,0.01847868785262108,0.00904030628502369,3c39ed515720614fd88d4dd626f2cc71779bae488f584df07aabc251ba6c77c6,1f5797ef1a1d8dd692eb5d7bbaa841a89f5ca257c037b2503040079ff85e902d,1,212,1,213,1,298,0,-1
insertion,Gaussian recovery,23,96010,replan_1,0,0,0.011872916482388973,0.0,3c39ed515720614fd88d4dd626f2cc71779bae488f584df07aabc251ba6c77c6,6e759aecf7884286728d98d72ae056db51872a38ddda442a91b503f4ff77874e,1,229,1,230,0,-1,0,-1
insertion,Gaussian recovery,23,96010,replan_1_ensemble,0,0,0.008495773913811434,0.0,3c39ed515720614fd88d4dd626f2cc71779bae488f584df07aabc251ba6c77c6,69c79a00582d9a37e85f175547b3ae50f33fe08bb7ab4f40199f793ebcc3f370,1,224,1,230,0,-1,0,-1
insertion,Gaussian recovery,23,96010,replan_16,0,0,0.013771027326583862,0.0,3c39ed515720614fd88d4dd626f2cc71779bae488f584df07aabc251ba6c77c6,138db308db227267749bda91c426de1b8da6bff7065aa880c17b3d18f0140ba7,1,205,1,212,1,307,0,-1
insertion,Gaussian recovery,23,96011,nominal,0,0,0.015013014897704124,0.0,3c39ed515720614fd88d4dd626f2cc71779bae488f584df07aabc251ba6c77c6,3645fc60b55fd23b927c4b81bc62d92b5d88e6b0071fe46d2336453a5eb0b850,1,211,1,223,1,299,0,-1
insertion,Gaussian recovery,23,96011,observation_noise,0,0,0.016291925683617592,0.009207286876626313,3c39ed515720614fd88d4dd626f2cc71779bae488f584df07aabc251ba6c77c6,39005f5ff7795dde9b8082b54ba099a6643b4294d559158959f9a4c8c52b0270,1,202,1,218,1,294,0,-1
insertion,Gaussian recovery,23,96011,noise_joints,0,0,0.014059106819331646,0.0033453118684701622,3c39ed515720614fd88d4dd626f2cc71779bae488f584df07aabc251ba6c77c6,c42e74d4b4a800344e15b5ab37491c8c84c895b5b9491879b47fea88442e3328,1,204,1,223,1,299,0,-1
insertion,Gaussian recovery,23,96011,noise_objects,0,0,0.015782227739691734,0.008374626364093274,3c39ed515720614fd88d4dd626f2cc71779bae488f584df07aabc251ba6c77c6,2206e29b7023ad79a55a540da6c15c38fdd66e264628f669195b9202d5a96232,1,209,1,225,1,293,0,-1
insertion,Gaussian recovery,23,96011,noise_low_support,0,0,0.015013014897704124,0.0,3c39ed515720614fd88d4dd626f2cc71779bae488f584df07aabc251ba6c77c6,46cb9935e99f35536e23d5efb1d192fd67cc633023eeebca2c193d42ec57c2b0,1,211,1,223,1,299,0,-1
insertion,Gaussian recovery,23,96011,noise_supported,0,0,0.016291925683617592,0.009207286876626313,3c39ed515720614fd88d4dd626f2cc71779bae488f584df07aabc251ba6c77c6,39005f5ff7795dde9b8082b54ba099a6643b4294d559158959f9a4c8c52b0270,1,202,1,218,1,294,0,-1
insertion,Gaussian recovery,23,96011,replan_1,0,0,0.007360367104411125,0.0,3c39ed515720614fd88d4dd626f2cc71779bae488f584df07aabc251ba6c77c6,bd9656de96be506ca6a2e3aeee55dc9f5a5b153af0f06374ca9ffb9ebc8f8691,1,221,1,227,1,295,0,-1
insertion,Gaussian recovery,23,96011,replan_1_ensemble,0,0,0.008285634236449594,0.0,3c39ed515720614fd88d4dd626f2cc71779bae488f584df07aabc251ba6c77c6,66940065b0f70b45f61691d88c964b9df14fc762e222ad5c42a2214f828fb140,1,222,1,230,1,292,0,-1
insertion,Gaussian recovery,23,96011,replan_16,1,0,0.013526019640266895,0.0,3c39ed515720614fd88d4dd626f2cc71779bae488f584df07aabc251ba6c77c6,60215c9a7641adacd03a8f26baa1c0fe16ced4168b4c378070d761175e866752,1,210,1,217,1,328,1,328
insertion,Gaussian recovery,23,96012,nominal,0,0,0.014661329798400402,0.0,3c39ed515720614fd88d4dd626f2cc71779bae488f584df07aabc251ba6c77c6,c6fecdaead3a8fcc84efe5a4d15c4135f9c0acb7727a2db8568cd75ffcb34530,1,212,1,213,1,293,0,-1
insertion,Gaussian recovery,23,96012,observation_noise,0,0,0.015853583812713623,0.008480876740068198,3c39ed515720614fd88d4dd626f2cc71779bae488f584df07aabc251ba6c77c6,709da36608a645f3693a366d1eafa2e63ab54ec464bf0ba363ba385000b98e9e,1,211,1,213,1,293,0,-1
insertion,Gaussian recovery,23,96012,noise_joints,0,0,0.015167349018156528,0.003719952149549499,3c39ed515720614fd88d4dd626f2cc71779bae488f584df07aabc251ba6c77c6,b270290bf1baac4630251b7fd93157767fb08d335fdd7d4924d577bc44950af5,1,213,1,213,1,293,0,-1
insertion,Gaussian recovery,23,96012,noise_objects,0,0,0.015274222940206528,0.00780032267794013,3c39ed515720614fd88d4dd626f2cc71779bae488f584df07aabc251ba6c77c6,29faad5394c0750ba04451921a29a79e40c3defd34dde2b916028b8952d1c523,1,212,1,213,1,293,0,-1
insertion,Gaussian recovery,23,96012,noise_low_support,0,0,0.014661329798400402,0.0,3c39ed515720614fd88d4dd626f2cc71779bae488f584df07aabc251ba6c77c6,35ec66923ce5f00e6accacc76e16ab01702f0bbd68b6306b79260f68b4121937,1,212,1,213,1,293,0,-1
insertion,Gaussian recovery,23,96012,noise_supported,0,0,0.015853583812713623,0.008480876740068198,3c39ed515720614fd88d4dd626f2cc71779bae488f584df07aabc251ba6c77c6,709da36608a645f3693a366d1eafa2e63ab54ec464bf0ba363ba385000b98e9e,1,211,1,213,1,293,0,-1
insertion,Gaussian recovery,23,96012,replan_1,0,0,0.008686361834406853,0.0,3c39ed515720614fd88d4dd626f2cc71779bae488f584df07aabc251ba6c77c6,46c4a0845cb96228dca8942fefb99a33caa76b03aa07c59c94936fb64b3687b2,1,215,1,215,0,-1,0,-1
insertion,Gaussian recovery,23,96012,replan_1_ensemble,0,0,0.008060052206779272,0.0,3c39ed515720614fd88d4dd626f2cc71779bae488f584df07aabc251ba6c77c6,74bcd76f7c13dcb463ce90ce9a98929b775233778870088ca86e0201c90790c0,1,213,1,217,1,295,0,-1
insertion,Gaussian recovery,23,96012,replan_16,1,0,0.012622516602277756,0.0,3c39ed515720614fd88d4dd626f2cc71779bae488f584df07aabc251ba6c77c6,9c653735c98c407b74a09fe731f7aed0c300df294a77de0b6f117b078742609d,1,211,1,212,1,323,1,323
insertion,Gaussian recovery,23,96013,nominal,1,0,0.012053756974637508,0.0,3c39ed515720614fd88d4dd626f2cc71779bae488f584df07aabc251ba6c77c6,5eb9111d2752ef245e8b5dbc6a344188597ca44003be7e97f5b50a9f35e717cd,1,213,1,216,1,349,1,349
insertion,Gaussian recovery,23,96013,observation_noise,1,1,0.01315704919397831,0.009103774880059064,3c39ed515720614fd88d4dd626f2cc71779bae488f584df07aabc251ba6c77c6,4583ae87f71ee44f2ca9cae3bb9f0a0cd06c417f52f90333711213ac3a1c5af8,1,213,1,216,1,345,1,345
insertion,Gaussian recovery,23,96013,noise_joints,1,0,0.012293901294469833,0.0034494013770017774,3c39ed515720614fd88d4dd626f2cc71779bae488f584df07aabc251ba6c77c6,eb63bb519acd25050af972a616c4fd282cce1e87b8fbac7600567747ac5759fa,1,212,1,216,1,352,1,352
insertion,Gaussian recovery,23,96013,noise_objects,1,0,0.012911763973534107,0.008091279743239284,3c39ed515720614fd88d4dd626f2cc71779bae488f584df07aabc251ba6c77c6,c66271aabd101ea3cc6b3b6999800e98dff7e452766426c64609aff88ff75e5d,1,213,1,216,1,341,1,341
insertion,Gaussian recovery,23,96013,noise_low_support,1,0,0.012053756974637508,0.0,3c39ed515720614fd88d4dd626f2cc71779bae488f584df07aabc251ba6c77c6,52941787a8d35c8cee6a7fae3b2f6d10beaaf737feeebd95bc32fe4f68d413d3,1,213,1,216,1,349,1,349
insertion,Gaussian recovery,23,96013,noise_supported,1,1,0.01315704919397831,0.009103774880059064,3c39ed515720614fd88d4dd626f2cc71779bae488f584df07aabc251ba6c77c6,4583ae87f71ee44f2ca9cae3bb9f0a0cd06c417f52f90333711213ac3a1c5af8,1,213,1,216,1,345,1,345
insertion,Gaussian recovery,23,96013,replan_1,1,0,0.006089864764362574,0.0,3c39ed515720614fd88d4dd626f2cc71779bae488f584df07aabc251ba6c77c6,ef93e10b28e94790beb7e888feabf8395917ba2e19d50bca506e31fb804c1cfd,1,211,1,222,1,342,1,367
insertion,Gaussian recovery,23,96013,replan_1_ensemble,1,1,0.007782929472562006,0.0,3c39ed515720614fd88d4dd626f2cc71779bae488f584df07aabc251ba6c77c6,31b9cc06c07bc6ec62615fdb8b5a80973e9ff60e79ebcf3b281f9c9b19e2181b,1,211,1,219,1,375,1,375
insertion,Gaussian recovery,23,96013,replan_16,1,1,0.012034139595925808,0.0,3c39ed515720614fd88d4dd626f2cc71779bae488f584df07aabc251ba6c77c6,074873d5184bf3a5e6a180ff0b6bc8f5ad652464b9881cb36ecbe8df442fea85,1,208,1,213,1,338,1,338
insertion,Gaussian recovery,23,96014,nominal,1,0,0.012036500498652458,0.0,3c39ed515720614fd88d4dd626f2cc71779bae488f584df07aabc251ba6c77c6,b0f7a225b1656a65880d2e706c9482465f0b36ff3be7e5821c4d17a499c504ad,1,211,1,214,1,348,1,348
insertion,Gaussian recovery,23,96014,observation_noise,1,0,0.013385296799242496,0.009235834018327296,3c39ed515720614fd88d4dd626f2cc71779bae488f584df07aabc251ba6c77c6,9120338584ff89d2032d623b2e586deaf43d366ad12afdb70731f8a8b103920b,1,208,1,213,1,314,1,314
insertion,Gaussian recovery,23,96014,noise_joints,1,0,0.012198759242892265,0.003607746234629303,3c39ed515720614fd88d4dd626f2cc71779bae488f584df07aabc251ba6c77c6,c76f2bd8d584d30a29eaba69feb0db10b9722184953fc01723e5c33f6b4f37d7,1,211,1,214,1,344,1,344
insertion,Gaussian recovery,23,96014,noise_objects,1,0,0.013340050354599953,0.008702635646332056,3c39ed515720614fd88d4dd626f2cc71779bae488f584df07aabc251ba6c77c6,0a2914bfd189cbeb2947e02db2fc45158a7f2596c3038e68e975fca3b276ce2e,1,210,1,212,1,313,1,313
insertion,Gaussian recovery,23,96014,noise_low_support,1,0,0.012036500498652458,0.0,3c39ed515720614fd88d4dd626f2cc71779bae488f584df07aabc251ba6c77c6,abcc71a95f030117a1b1650736073d252b58fec1a2edf1167b9f36912b79d3b1,1,211,1,214,1,348,1,348
insertion,Gaussian recovery,23,96014,noise_supported,1,0,0.013385296799242496,0.009235834018327296,3c39ed515720614fd88d4dd626f2cc71779bae488f584df07aabc251ba6c77c6,9120338584ff89d2032d623b2e586deaf43d366ad12afdb70731f8a8b103920b,1,208,1,213,1,314,1,314
insertion,Gaussian recovery,23,96014,replan_1,1,0,0.006132491398602724,0.0,3c39ed515720614fd88d4dd626f2cc71779bae488f584df07aabc251ba6c77c6,2633ca3ff2156a822e6d8dc85bc7cde8b57e536bea084498cfe265cc887f9479,1,210,1,219,1,342,1,342
insertion,Gaussian recovery,23,96014,replan_1_ensemble,1,0,0.0077446668118836956,0.0,3c39ed515720614fd88d4dd626f2cc71779bae488f584df07aabc251ba6c77c6,65d14aad7f4f6061ed1fa9f5b3bad728f0eb11bae31098585f94ad88eb2f0e0d,1,212,1,218,1,361,1,361
insertion,Gaussian recovery,23,96014,replan_16,1,0,0.012062427587807178,0.0,3c39ed515720614fd88d4dd626f2cc71779bae488f584df07aabc251ba6c77c6,02a0080eccc7f575e73e32a8970443bdb4562df783ca8b9b533a28a31950db33,1,208,1,214,1,337,1,337
insertion,Gaussian recovery,23,96015,nominal,1,0,0.013722606003284454,0.0,3c39ed515720614fd88d4dd626f2cc71779bae488f584df07aabc251ba6c77c6,e63ff25b4a5c52006d4c91ec672a059387457cd41bf64917ff24914533e794d1,1,210,1,218,1,293,1,360
insertion,Gaussian recovery,23,96015,observation_noise,1,0,0.014584006741642952,0.008992311730980872,3c39ed515720614fd88d4dd626f2cc71779bae488f584df07aabc251ba6c77c6,7c06f2b6b12f2ab57e750e1504a1629f9e6a0b56ac006b1f4f205e9c24b74a91,1,211,1,219,1,313,1,313
insertion,Gaussian recovery,23,96015,noise_joints,1,0,0.01390530914068222,0.0036499277013354,3c39ed515720614fd88d4dd626f2cc71779bae488f584df07aabc251ba6c77c6,0256c785b9f078946953759bb55b137bf6a86064ed5e1a74c4c00354c0dc8c96,1,211,1,218,1,306,1,306
insertion,Gaussian recovery,23,96015,noise_objects,1,0,0.014296095818281174,0.007986075729131698,3c39ed515720614fd88d4dd626f2cc71779bae488f584df07aabc251ba6c77c6,274a6a8ca939b090f28a7b9cb0fb3482b4f1d33a7447efbe1bfd0a328d3642ca,1,210,1,217,1,314,1,314
insertion,Gaussian recovery,23,96015,noise_low_support,1,0,0.013722606003284454,0.0,3c39ed515720614fd88d4dd626f2cc71779bae488f584df07aabc251ba6c77c6,18c20e13ea8c8853483952dfe6e33317f7f2e2c68c50cf1b5ae189d0c53429f2,1,210,1,218,1,293,1,360
insertion,Gaussian recovery,23,96015,noise_supported,1,0,0.014584006741642952,0.008992311730980872,3c39ed515720614fd88d4dd626f2cc71779bae488f584df07aabc251ba6c77c6,7c06f2b6b12f2ab57e750e1504a1629f9e6a0b56ac006b1f4f205e9c24b74a91,1,211,1,219,1,313,1,313
insertion,Gaussian recovery,23,96015,replan_1,0,0,0.007381819654256105,0.0,3c39ed515720614fd88d4dd626f2cc71779bae488f584df07aabc251ba6c77c6,59ba2ef2b8cabc2f500869388e31b918906dbbfef14e441ef25ffd0cd645296d,1,197,1,203,1,278,0,-1
insertion,Gaussian recovery,23,96015,replan_1_ensemble,1,0,0.008332325810457345,0.0,3c39ed515720614fd88d4dd626f2cc71779bae488f584df07aabc251ba6c77c6,e01747d07d5be7de47f344330127e39b23482c9d14e1e84890c0ac92ac21a4db,1,210,1,222,1,297,1,353
insertion,Gaussian recovery,23,96015,replan_16,0,0,0.01359692495316267,0.0,3c39ed515720614fd88d4dd626f2cc71779bae488f584df07aabc251ba6c77c6,229cc98aa7e544809f1fed7092860b4ed888f7305742c60d9e3bbb9c4c951e12,1,219,1,219,1,299,0,-1
insertion,Gaussian recovery,23,96016,nominal,1,0,0.012060919776558876,0.0,3c39ed515720614fd88d4dd626f2cc71779bae488f584df07aabc251ba6c77c6,50124a71004dc6b829a78a74d31a229d5204dfae951653facc0892982eb3c1dd,1,211,1,214,1,321,1,321
insertion,Gaussian recovery,23,96016,observation_noise,1,1,0.013019231148064137,0.009109429481904954,3c39ed515720614fd88d4dd626f2cc71779bae488f584df07aabc251ba6c77c6,0e268d2e8c94f39a9d226865e929d7ece473feca38bfb1d7180778a6f55f1cdd,1,214,1,221,1,345,1,345
insertion,Gaussian recovery,23,96016,noise_joints,1,0,0.012178629636764526,0.003609821390127763,3c39ed515720614fd88d4dd626f2cc71779bae488f584df07aabc251ba6c77c6,2c3c0f1d9e05275a7f110a37536a7e70810b3e8c00cd9e9ed89d1ad4eaffbaa9,1,212,1,220,1,333,1,333
insertion,Gaussian recovery,23,96016,noise_objects,1,0,0.012954272329807281,0.008592166422167792,3c39ed515720614fd88d4dd626f2cc71779bae488f584df07aabc251ba6c77c6,b72dcddebfe557c6ba3a21434593af8302d19acc7f3a26feadfdf36fa7af10b3,1,214,1,221,1,326,1,326
insertion,Gaussian recovery,23,96016,noise_low_support,1,0,0.012060919776558876,0.0,3c39ed515720614fd88d4dd626f2cc71779bae488f584df07aabc251ba6c77c6,c184d1cefe4836b86429b5fae2b387d08a75257ac8fe5ee5cf238cf636d0cb9f,1,211,1,214,1,321,1,321
insertion,Gaussian recovery,23,96016,noise_supported,1,1,0.013019231148064137,0.009109429481904954,3c39ed515720614fd88d4dd626f2cc71779bae488f584df07aabc251ba6c77c6,0e268d2e8c94f39a9d226865e929d7ece473feca38bfb1d7180778a6f55f1cdd,1,214,1,221,1,345,1,345
insertion,Gaussian recovery,23,96016,replan_1,1,0,0.006006654351949692,0.0,3c39ed515720614fd88d4dd626f2cc71779bae488f584df07aabc251ba6c77c6,7b00bdc8d5620ebe1be4317aa0ca21dc14f086bf7e117eea8204e4351ee8ddef,1,211,1,217,1,314,1,314
insertion,Gaussian recovery,23,96016,replan_1_ensemble,1,0,0.007649212773764366,0.0,3c39ed515720614fd88d4dd626f2cc71779bae488f584df07aabc251ba6c77c6,317c877674d021d46d5af8f1283894511ef99f2c0cab65488c00054e43b778ee,1,212,1,219,1,318,1,318
insertion,Gaussian recovery,23,96016,replan_16,1,0,0.01205784548074007,0.0,3c39ed515720614fd88d4dd626f2cc71779bae488f584df07aabc251ba6c77c6,74346e3d2cee167df9ca5bfb9a7dc9879707bb5689c34ba9a10aef07d9895201,1,210,1,216,1,333,1,333
insertion,Gaussian recovery,23,96017,nominal,0,0,0.013790196739137173,0.0,3c39ed515720614fd88d4dd626f2cc71779bae488f584df07aabc251ba6c77c6,a5446507cc1e563965a9c743c88a53c362dce1f66319b55cf8553931c9434a3e,1,211,1,217,1,298,0,-1
insertion,Gaussian recovery,23,96017,observation_noise,1,0,0.014095128513872623,0.009104879661463202,3c39ed515720614fd88d4dd626f2cc71779bae488f584df07aabc251ba6c77c6,23fccd5b05f23f446e94b0e17fe58844dae59e82a7e03716cce1e58533f647b4,1,209,1,217,1,334,1,334
insertion,Gaussian recovery,23,96017,noise_joints,0,0,0.015297251753509045,0.003903254356700927,3c39ed515720614fd88d4dd626f2cc71779bae488f584df07aabc251ba6c77c6,956d858053b29f3ebc34007313ab68c6c0d9f342346ffc2e9010be5aa4b4d01f,1,211,1,225,1,295,0,-1
insertion,Gaussian recovery,23,96017,noise_objects,1,0,0.013721543364226818,0.007890560019295662,3c39ed515720614fd88d4dd626f2cc71779bae488f584df07aabc251ba6c77c6,a4db0cfa6f0eff01f9878b9d3f88295c79bd9f86a522da6a34b2767ded752f86,1,210,1,223,1,358,1,358
insertion,Gaussian recovery,23,96017,noise_low_support,0,0,0.013790196739137173,0.0,3c39ed515720614fd88d4dd626f2cc71779bae488f584df07aabc251ba6c77c6,4f69c3242813f926bf8f572538d1f7a3159323f8dc89cfdca47ba9f265cb0d7b,1,211,1,217,1,298,0,-1
insertion,Gaussian recovery,23,96017,noise_supported,1,0,0.014095128513872623,0.009104879661463202,3c39ed515720614fd88d4dd626f2cc71779bae488f584df07aabc251ba6c77c6,23fccd5b05f23f446e94b0e17fe58844dae59e82a7e03716cce1e58533f647b4,1,209,1,217,1,334,1,334
insertion,Gaussian recovery,23,96017,replan_1,0,0,0.007292652502655983,0.0,3c39ed515720614fd88d4dd626f2cc71779bae488f584df07aabc251ba6c77c6,51f60a66bf4069b3e39ee9e1e4d2a171da9b01e048a6c389c999121cc76fad98,1,220,1,227,1,306,0,-1
insertion,Gaussian recovery,23,96017,replan_1_ensemble,0,0,0.008283930235115033,0.0,3c39ed515720614fd88d4dd626f2cc71779bae488f584df07aabc251ba6c77c6,0d8d9ec3241f1e46db4469d9c1fb1821c6bd88601ad1ae5c84164a4d03cec4d6,1,221,1,226,1,293,0,-1
insertion,Gaussian recovery,23,96017,replan_16,0,0,0.013583187945187092,0.0,3c39ed515720614fd88d4dd626f2cc71779bae488f584df07aabc251ba6c77c6,63adff2068e1eaf35765fa1069ebf9158452cda2f7567370750d76299cf15783,1,210,1,225,1,308,0,-1
insertion,Gaussian recovery,23,96018,nominal,0,0,0.01277012936770916,0.0,3c39ed515720614fd88d4dd626f2cc71779bae488f584df07aabc251ba6c77c6,b451aee50635c95edda34444382fada8535064c6728b1b9e4d386a7199e7bc6d,1,208,1,220,1,302,0,-1
insertion,Gaussian recovery,23,96018,observation_noise,0,0,0.014371871016919613,0.009187829005531967,3c39ed515720614fd88d4dd626f2cc71779bae488f584df07aabc251ba6c77c6,eb72ad0da2628471a9d1832c840dc6c97cfd7b878ad64a64915b54fccffcc510,1,204,1,204,1,288,0,-1
insertion,Gaussian recovery,23,96018,noise_joints,0,0,0.01311187632381916,0.003525472056353465,3c39ed515720614fd88d4dd626f2cc71779bae488f584df07aabc251ba6c77c6,e9f70035789a445e3c01e1933a198d3a74b211741ebe360fb18dcfbe8b60cee7,1,207,1,214,1,298,0,-1
insertion,Gaussian recovery,23,96018,noise_objects,0,0,0.013881566934287548,0.008174810654018073,3c39ed515720614fd88d4dd626f2cc71779bae488f584df07aabc251ba6c77c6,994fb5bb4ecfc4222826f8a0b410d9a5d011fcb64234b9180df250436e5a554a,1,213,1,220,1,290,0,-1
insertion,Gaussian recovery,23,96018,noise_low_support,0,0,0.01277012936770916,0.0,3c39ed515720614fd88d4dd626f2cc71779bae488f584df07aabc251ba6c77c6,a9e8edd5d7dd8a81d2130f397f0b496f7729ceb110e633d07200bbafc40ae99e,1,208,1,220,1,302,0,-1
insertion,Gaussian recovery,23,96018,noise_supported,0,0,0.014371871016919613,0.009187829005531967,3c39ed515720614fd88d4dd626f2cc71779bae488f584df07aabc251ba6c77c6,eb72ad0da2628471a9d1832c840dc6c97cfd7b878ad64a64915b54fccffcc510,1,204,1,204,1,288,0,-1
insertion,Gaussian recovery,23,96018,replan_1,0,0,0.008500148542225361,0.0,3c39ed515720614fd88d4dd626f2cc71779bae488f584df07aabc251ba6c77c6,589b1d00c04f331a2d7264ab7bc76efc6e6aa0a0034f9b640d480bda58bee77e,1,217,1,217,0,-1,0,-1
insertion,Gaussian recovery,23,96018,replan_1_ensemble,1,0,0.008162253758180107,0.0,3c39ed515720614fd88d4dd626f2cc71779bae488f584df07aabc251ba6c77c6,12ec2dfb66059a39126830d063ff9e7db72f4e841f934555f3e7ce87a5909c0f,1,207,1,218,1,315,1,315
insertion,Gaussian recovery,23,96018,replan_16,0,0,0.012566043063998222,0.0,3c39ed515720614fd88d4dd626f2cc71779bae488f584df07aabc251ba6c77c6,6256b954161c19b53a4f0ebcbeb49d85d6737f16d26ff5b01ecf8760fd650be6,1,207,1,212,1,319,0,-1
insertion,Gaussian recovery,23,96019,nominal,1,0,0.012108953669667244,0.0,3c39ed515720614fd88d4dd626f2cc71779bae488f584df07aabc251ba6c77c6,9b33b4794075494ed0cf76df4733ccfaba43e3fcf86a0dde407a7a927f9fc426,1,212,1,213,1,322,1,322
insertion,Gaussian recovery,23,96019,observation_noise,1,0,0.01469855010509491,0.008172216727398336,3c39ed515720614fd88d4dd626f2cc71779bae488f584df07aabc251ba6c77c6,571b9a70fc72db5eed6495e8ee72374f0fc90c5a82ee434cb4370f4ea56f741b,1,212,1,214,1,302,1,306
insertion,Gaussian recovery,23,96019,noise_joints,1,0,0.01235419511795044,0.0036028805980458855,3c39ed515720614fd88d4dd626f2cc71779bae488f584df07aabc251ba6c77c6,26b7fd19a1fcf1d7f706fe59a3e6249d252509c7799cb7aecb004d85ac146040,1,213,1,216,1,331,1,331
insertion,Gaussian recovery,23,96019,noise_objects,1,0,0.01317627914249897,0.007139846601057797,3c39ed515720614fd88d4dd626f2cc71779bae488f584df07aabc251ba6c77c6,34602523ad6bd6d230090767b0252ab26329615f80056760a61a9a3be66de139,1,211,1,213,1,302,1,304
insertion,Gaussian recovery,23,96019,noise_low_support,1,0,0.012108953669667244,0.0,3c39ed515720614fd88d4dd626f2cc71779bae488f584df07aabc251ba6c77c6,ad18d07e2445a72eec350f3800b9429ae23dae5e9b684e55bc1acdbbd0b024de,1,212,1,213,1,322,1,322
insertion,Gaussian recovery,23,96019,noise_supported,1,0,0.01469855010509491,0.008172216727398336,3c39ed515720614fd88d4dd626f2cc71779bae488f584df07aabc251ba6c77c6,571b9a70fc72db5eed6495e8ee72374f0fc90c5a82ee434cb4370f4ea56f741b,1,212,1,214,1,302,1,306
insertion,Gaussian recovery,23,96019,replan_1,1,0,0.005992993712425232,0.0,3c39ed515720614fd88d4dd626f2cc71779bae488f584df07aabc251ba6c77c6,af28010f054562ab395d4d68836126baf32677b29fc938803307dd7be9a013ac,1,213,1,215,1,345,1,345
insertion,Gaussian recovery,23,96019,replan_1_ensemble,1,0,0.0077701763065039986,0.0,3c39ed515720614fd88d4dd626f2cc71779bae488f584df07aabc251ba6c77c6,193ecab6421805a2882578cf7d9fd68cb70cc5b486e9fe9df1d0492b5c0c78ec,1,213,1,214,1,336,1,336
insertion,Gaussian recovery,23,96019,replan_16,1,0,0.012030141428112984,0.0,3c39ed515720614fd88d4dd626f2cc71779bae488f584df07aabc251ba6c77c6,896a382aa70172bef4bc9db6c6085dd12c291923d677df7afbc2b46014b489f5,1,212,1,213,1,338,1,338
insertion,Gaussian recovery,31,96000,nominal,0,0,0.014107179827988148,0.0,b156f3d5b06bfc7442dffe36cf81cbc09ea6725fe999b85c60555e52bdeed383,b8d34662654398ef6f44d6edba63d3962e415059b6fd88345761919c5fdd872f,1,219,1,225,0,-1,0,-1
insertion,Gaussian recovery,31,96000,observation_noise,0,0,0.01629818044602871,0.0077577039925381544,b156f3d5b06bfc7442dffe36cf81cbc09ea6725fe999b85c60555e52bdeed383,1fdedd9e12cc79b4545b21d5c42dcc9229a615ada63b5b2f366991bbe1196d59,1,229,1,230,0,-1,0,-1
insertion,Gaussian recovery,31,96000,noise_joints,0,0,0.015859639272093773,0.0034755012462846934,b156f3d5b06bfc7442dffe36cf81cbc09ea6725fe999b85c60555e52bdeed383,bd9a624311a17f1c3cc0cb44d6dce77480eade099356221858520aa1067dbd58,1,224,1,228,0,-1,0,-1
insertion,Gaussian recovery,31,96000,noise_objects,0,0,0.01507812924683094,0.006905744140967726,b156f3d5b06bfc7442dffe36cf81cbc09ea6725fe999b85c60555e52bdeed383,6c1bc197f45476848a516ab90d608d01313ce77c4dfe087c77cb8fa77147bcf7,1,213,1,222,0,-1,0,-1
insertion,Gaussian recovery,31,96000,noise_low_support,0,0,0.014107179827988148,0.0,b156f3d5b06bfc7442dffe36cf81cbc09ea6725fe999b85c60555e52bdeed383,aa174a45f0296770f258b7bbf2516455361aceeb024d7c86f8a52d421ffa20a1,1,219,1,225,0,-1,0,-1
insertion,Gaussian recovery,31,96000,noise_supported,0,0,0.01629818044602871,0.0077577039925381544,b156f3d5b06bfc7442dffe36cf81cbc09ea6725fe999b85c60555e52bdeed383,1fdedd9e12cc79b4545b21d5c42dcc9229a615ada63b5b2f366991bbe1196d59,1,229,1,230,0,-1,0,-1
insertion,Gaussian recovery,31,96000,replan_1,0,0,0.006070463452488184,0.0,b156f3d5b06bfc7442dffe36cf81cbc09ea6725fe999b85c60555e52bdeed383,1748642342852a6e161637a680b933ef9fda02413589e28c01fd4d3dab64248f,0,-1,0,-1,0,-1,0,-1
insertion,Gaussian recovery,31,96000,replan_1_ensemble,0,0,0.008149912328611017,0.0,b156f3d5b06bfc7442dffe36cf81cbc09ea6725fe999b85c60555e52bdeed383,2f04e39d60e1ad03307fcf29d60e4dc6ac5b41f2dfec3e3550f7977c78a3149c,1,217,1,224,0,-1,0,-1
insertion,Gaussian recovery,31,96000,replan_16,0,0,0.01440916582942009,0.0,b156f3d5b06bfc7442dffe36cf81cbc09ea6725fe999b85c60555e52bdeed383,cc8a740b7eafd5373809f83df9822f0f5af2760c5e1802ac9b1049ea41691da2,1,222,1,225,0,-1,0,-1
insertion,Gaussian recovery,31,96001,nominal,1,1,0.014206942170858383,0.0,b156f3d5b06bfc7442dffe36cf81cbc09ea6725fe999b85c60555e52bdeed383,50fcf9a108dab79bc71fb25aa4c0be6be48cf8352b27c1fb99a6896279b504ff,1,207,1,213,1,306,1,306
insertion,Gaussian recovery,31,96001,observation_noise,1,0,0.014876778237521648,0.008326852924656123,b156f3d5b06bfc7442dffe36cf81cbc09ea6725fe999b85c60555e52bdeed383,8765f2e1700aa49709cdabbc5100c143fa2b7df66b2b98b918a0b840ae5a37ce,1,204,1,215,1,333,1,333
insertion,Gaussian recovery,31,96001,noise_joints,1,0,0.014303604140877724,0.0037862337427213787,b156f3d5b06bfc7442dffe36cf81cbc09ea6725fe999b85c60555e52bdeed383,3383f2dbd75b35a6ef88860641042ff6ef950c3a2e3f1944d3c563d00ee587f5,1,210,1,215,1,315,1,315
insertion,Gaussian recovery,31,96001,noise_objects,0,0,0.014928932301700115,0.0070146266557276245,b156f3d5b06bfc7442dffe36cf81cbc09ea6725fe999b85c60555e52bdeed383,2fe75aa5510518b781c29bdb15f50eda00f15f5424696bd68a03ab06b16b5080,1,204,1,214,1,291,0,-1
insertion,Gaussian recovery,31,96001,noise_low_support,1,1,0.014206942170858383,0.0,b156f3d5b06bfc7442dffe36cf81cbc09ea6725fe999b85c60555e52bdeed383,39e50a65a737f22ce869af5c03373cd24bd0c62243a57781aa5e801f67823572,1,207,1,213,1,306,1,306
insertion,Gaussian recovery,31,96001,noise_supported,1,0,0.014876778237521648,0.008326852924656123,b156f3d5b06bfc7442dffe36cf81cbc09ea6725fe999b85c60555e52bdeed383,8765f2e1700aa49709cdabbc5100c143fa2b7df66b2b98b918a0b840ae5a37ce,1,204,1,215,1,333,1,333
insertion,Gaussian recovery,31,96001,replan_1,0,0,0.005947052035480738,0.0,b156f3d5b06bfc7442dffe36cf81cbc09ea6725fe999b85c60555e52bdeed383,e332ffcbd0a42a72c81706384d560ebaa910a45a825ae218f65086528a79d9bd,0,-1,0,-1,0,-1,0,-1
insertion,Gaussian recovery,31,96001,replan_1_ensemble,1,1,0.008017357723737224,0.0,b156f3d5b06bfc7442dffe36cf81cbc09ea6725fe999b85c60555e52bdeed383,912f278c86d0b2c27faf2c85675765a719cc13388875221c8193d8b0fc2b977b,1,206,1,221,1,329,1,329
insertion,Gaussian recovery,31,96001,replan_16,1,1,0.013561694882810116,0.0,b156f3d5b06bfc7442dffe36cf81cbc09ea6725fe999b85c60555e52bdeed383,cbd4e51505e0e6bf1fd5099b2059f8a0b61ac3a19004a96256351bb0428087e2,1,210,1,214,1,332,1,332
insertion,Gaussian recovery,31,96002,nominal,0,0,0.013897658325731754,0.0,b156f3d5b06bfc7442dffe36cf81cbc09ea6725fe999b85c60555e52bdeed383,379833425a4691015524964130c4772ba3a3282c9331b56826d83f1a6966b80f,1,208,1,216,0,-1,0,-1
insertion,Gaussian recovery,31,96002,observation_noise,0,0,0.014907589182257652,0.008455537657719106,b156f3d5b06bfc7442dffe36cf81cbc09ea6725fe999b85c60555e52bdeed383,a0862d38cb7e38b8d90885625f539f2f569cd927ae3da57df3758fda1141239e,1,204,1,220,0,-1,0,-1
insertion,Gaussian recovery,31,96002,noise_joints,0,0,0.014147642999887466,0.0035071598226204515,b156f3d5b06bfc7442dffe36cf81cbc09ea6725fe999b85c60555e52bdeed383,100b45aae6169631b5d60fcbc9428eeda1c2e7a81cbc7029fda90635e7dbafe4,1,205,1,220,0,-1,0,-1
insertion,Gaussian recovery,31,96002,noise_objects,0,0,0.014670985750854015,0.007315225097700022,b156f3d5b06bfc7442dffe36cf81cbc09ea6725fe999b85c60555e52bdeed383,17c66ddd31fcfe291996398dda264a5e30969b62c1e63bad2e7a8b1d1f200d61,1,199,1,216,0,-1,0,-1
insertion,Gaussian recovery,31,96002,noise_low_support,0,0,0.013897658325731754,0.0,b156f3d5b06bfc7442dffe36cf81cbc09ea6725fe999b85c60555e52bdeed383,c0eae8ee339be13e0d3a95798a7469398ae4ba016de36189728303701c9c3c56,1,208,1,216,0,-1,0,-1
insertion,Gaussian recovery,31,96002,noise_supported,0,0,0.014907589182257652,0.008455537657719106,b156f3d5b06bfc7442dffe36cf81cbc09ea6725fe999b85c60555e52bdeed383,a0862d38cb7e38b8d90885625f539f2f569cd927ae3da57df3758fda1141239e,1,204,1,220,0,-1,0,-1
insertion,Gaussian recovery,31,96002,replan_1,0,0,0.007339296396821737,0.0,b156f3d5b06bfc7442dffe36cf81cbc09ea6725fe999b85c60555e52bdeed383,dd38ceff57b11787e65a83fe4d8e90bb8b9267a157a2f54aa23c0adc6c0e62cd,1,198,1,236,0,-1,0,-1
insertion,Gaussian recovery,31,96002,replan_1_ensemble,0,0,0.007874490710186583,0.0,b156f3d5b06bfc7442dffe36cf81cbc09ea6725fe999b85c60555e52bdeed383,7ca3ff07dc9a8093f82a3b50eb02f3eba7ba2362ffda08ba03e39ebeeddfbb4b,1,201,1,220,0,-1,0,-1
insertion,Gaussian recovery,31,96002,replan_16,0,0,0.013780798763036728,0.0,b156f3d5b06bfc7442dffe36cf81cbc09ea6725fe999b85c60555e52bdeed383,1ad31587a4d9b2491ccb1a79ef7f03e54315039c6436cb55390c9795663e4070,1,205,1,218,0,-1,0,-1
insertion,Gaussian recovery,31,96003,nominal,1,1,0.01272344309836626,0.0,b156f3d5b06bfc7442dffe36cf81cbc09ea6725fe999b85c60555e52bdeed383,f0a3e862b7dc5961a9afefb666bbb8e157ee4f92af306d3f0dd66d734e800895,1,203,1,215,1,368,1,371
insertion,Gaussian recovery,31,96003,observation_noise,0,0,0.013653796166181564,0.008963750414550305,b156f3d5b06bfc7442dffe36cf81cbc09ea6725fe999b85c60555e52bdeed383,e77f2a82135603d96d490544360c2ef7bec82697efc4d56d1ce850c444243c21,1,195,1,209,1,335,0,-1
insertion,Gaussian recovery,31,96003,noise_joints,1,1,0.012895992025732994,0.003650951620656997,b156f3d5b06bfc7442dffe36cf81cbc09ea6725fe999b85c60555e52bdeed383,5f19c82df00766191ae92ed0583d51cddd735929bdf5dd748d9aa900a748637e,1,200,1,207,1,337,1,357
insertion,Gaussian recovery,31,96003,noise_objects,0,0,0.013475152663886547,0.00810018356423825,b156f3d5b06bfc7442dffe36cf81cbc09ea6725fe999b85c60555e52bdeed383,05efd42bb01f6207b25b345819959fed9402f458e9535abef999fe73b2b27117,1,199,1,213,1,335,0,-1
insertion,Gaussian recovery,31,96003,noise_low_support,1,1,0.01272344309836626,0.0,b156f3d5b06bfc7442dffe36cf81cbc09ea6725fe999b85c60555e52bdeed383,af035aff45b9d1fa4417c9a132222f99af02621be8afc5aa9f0d11817c86174d,1,203,1,215,1,368,1,371
insertion,Gaussian recovery,31,96003,noise_supported,0,0,0.013653796166181564,0.008963750414550305,b156f3d5b06bfc7442dffe36cf81cbc09ea6725fe999b85c60555e52bdeed383,e77f2a82135603d96d490544360c2ef7bec82697efc4d56d1ce850c444243c21,1,195,1,209,1,335,0,-1
insertion,Gaussian recovery,31,96003,replan_1,1,1,0.007176362443715334,0.0,b156f3d5b06bfc7442dffe36cf81cbc09ea6725fe999b85c60555e52bdeed383,6d40dba1a23113750de42f43fc66643f86babb8d7e6686a389f299b30dd59f4b,1,202,1,218,1,347,1,347
insertion,Gaussian recovery,31,96003,replan_1_ensemble,0,0,0.008224882122921988,0.0,b156f3d5b06bfc7442dffe36cf81cbc09ea6725fe999b85c60555e52bdeed383,a7d1d461b3429cf9f7041e414b527a045bb05976353a72058b254c101d978831,1,200,1,216,1,354,0,-1
insertion,Gaussian recovery,31,96003,replan_16,1,1,0.012562901712954044,0.0,b156f3d5b06bfc7442dffe36cf81cbc09ea6725fe999b85c60555e52bdeed383,623f9f72a4d9391d58a14020d5363aa65d9bca1e7c8dcd68e401def56de27a97,1,199,1,220,1,367,1,374
insertion,Gaussian recovery,31,96004,nominal,0,0,0.01267994288355112,0.0,b156f3d5b06bfc7442dffe36cf81cbc09ea6725fe999b85c60555e52bdeed383,3901d9d6c0c123a41e2cb7dfaef1d02d4171620a8d1cd5b9a30a68df67c77dac,1,219,1,219,0,-1,0,-1
insertion,Gaussian recovery,31,96004,observation_noise,0,0,0.013716663233935833,0.008329590626526624,b156f3d5b06bfc7442dffe36cf81cbc09ea6725fe999b85c60555e52bdeed383,0e68190539b592716a905260066bb9569c9f9598fd02d237503c18e207feb29e,1,211,1,218,0,-1,0,-1
insertion,Gaussian recovery,31,96004,noise_joints,1,0,0.012967000715434551,0.003544241844210774,b156f3d5b06bfc7442dffe36cf81cbc09ea6725fe999b85c60555e52bdeed383,ac3b3cc37bcaccd16cb7816574a5d8a8d5c3223e7e3e9ec76f684e72ab9f0ce5,1,220,1,223,1,380,1,380
insertion,Gaussian recovery,31,96004,noise_objects,0,0,0.013466860167682171,0.007483935597119853,b156f3d5b06bfc7442dffe36cf81cbc09ea6725fe999b85c60555e52bdeed383,7bca5f9399680273c4db0661d570e5781cf628ab4a14f15e506dba0dc3e73356,1,213,1,215,0,-1,0,-1
insertion,Gaussian recovery,31,96004,noise_low_support,0,0,0.01267994288355112,0.0,b156f3d5b06bfc7442dffe36cf81cbc09ea6725fe999b85c60555e52bdeed383,98462e72ab223d57c8d9c8fb8b6f4e447f3d8608f97ddab499aab62459b8d07a,1,219,1,219,0,-1,0,-1
insertion,Gaussian recovery,31,96004,noise_supported,0,0,0.013716663233935833,0.008329590626526624,b156f3d5b06bfc7442dffe36cf81cbc09ea6725fe999b85c60555e52bdeed383,0e68190539b592716a905260066bb9569c9f9598fd02d237503c18e207feb29e,1,211,1,218,0,-1,0,-1
insertion,Gaussian recovery,31,96004,replan_1,0,0,0.006107811816036701,0.0,b156f3d5b06bfc7442dffe36cf81cbc09ea6725fe999b85c60555e52bdeed383,94f695b76253bc60a6adbce64ae0f43ed24c77fad7679cb162c9a831181d3cb2,1,219,1,220,1,323,0,-1
insertion,Gaussian recovery,31,96004,replan_1_ensemble,1,1,0.007630567972414205,0.0,b156f3d5b06bfc7442dffe36cf81cbc09ea6725fe999b85c60555e52bdeed383,a9b6d01747087f1b216680d8861f105a99d8d4fc224190d08d788ae90879e999,1,221,1,221,1,367,1,367
insertion,Gaussian recovery,31,96004,replan_16,1,1,0.012558295391499996,0.0,b156f3d5b06bfc7442dffe36cf81cbc09ea6725fe999b85c60555e52bdeed383,a46da03b667ec21c47f73eebd11a0b528ff189ef4173a70dd021bbda983f0e48,1,216,1,226,1,373,1,373
insertion,Gaussian recovery,31,96005,nominal,1,1,0.014491410925984383,0.0,b156f3d5b06bfc7442dffe36cf81cbc09ea6725fe999b85c60555e52bdeed383,0f60a37c57b9ffa12f9a60595c02e8afb4773d72c49c13e82165066b390f39cf,1,213,1,213,1,291,1,296
insertion,Gaussian recovery,31,96005,observation_noise,0,0,0.01580868288874626,0.00821519669611007,b156f3d5b06bfc7442dffe36cf81cbc09ea6725fe999b85c60555e52bdeed383,96147f9727d95625acb6136d95709bb0d901e05649fc6abd45c876c3d836aa40,1,210,1,213,1,298,0,-1
insertion,Gaussian recovery,31,96005,noise_joints,0,0,0.0163606945425272,0.0034397433011326937,b156f3d5b06bfc7442dffe36cf81cbc09ea6725fe999b85c60555e52bdeed383,3060166360f918fc5d8bc56e2ff06486ccf937c09058dc1e201c1926e34f0b46,1,212,1,213,1,296,0,-1
insertion,Gaussian recovery,31,96005,noise_objects,1,0,0.015161262825131416,0.007012349674478173,b156f3d5b06bfc7442dffe36cf81cbc09ea6725fe999b85c60555e52bdeed383,9c1f5a54d009dd900f46d3103a2f9a85f72abe5e27b5c3a52c0d0f9b168fca83,1,210,1,213,1,285,1,288
insertion,Gaussian recovery,31,96005,noise_low_support,1,1,0.014491410925984383,0.0,b156f3d5b06bfc7442dffe36cf81cbc09ea6725fe999b85c60555e52bdeed383,e54e2b654dffb3c97e25f32ea564a13b2f96746a4e68dfdb7191a8835b2fae3b,1,213,1,213,1,291,1,296
insertion,Gaussian recovery,31,96005,noise_supported,0,0,0.01580868288874626,0.00821519669611007,b156f3d5b06bfc7442dffe36cf81cbc09ea6725fe999b85c60555e52bdeed383,96147f9727d95625acb6136d95709bb0d901e05649fc6abd45c876c3d836aa40,1,210,1,213,1,298,0,-1
insertion,Gaussian recovery,31,96005,replan_1,0,0,0.006012099329382181,0.0,b156f3d5b06bfc7442dffe36cf81cbc09ea6725fe999b85c60555e52bdeed383,352efc5ad2c4be56870191f9df3c5d151fb0a83ab3768c07fc4c54ad75461a11,0,-1,0,-1,0,-1,0,-1
insertion,Gaussian recovery,31,96005,replan_1_ensemble,0,0,0.008332680149560427,0.0,b156f3d5b06bfc7442dffe36cf81cbc09ea6725fe999b85c60555e52bdeed383,1015fd937f1b0d08b60d64ac6d4635e33a98892df68b94ef1d2e00ee79aaa9ea,1,212,1,222,1,283,0,-1
insertion,Gaussian recovery,31,96005,replan_16,1,0,0.014253012835979462,0.0,b156f3d5b06bfc7442dffe36cf81cbc09ea6725fe999b85c60555e52bdeed383,70808d38ffcb708bc22f1d98c8786c34e94c2601afc3e54075836fa50eb2c580,1,214,1,215,1,321,1,321
insertion,Gaussian recovery,31,96006,nominal,0,0,0.013583986088633537,0.0,b156f3d5b06bfc7442dffe36cf81cbc09ea6725fe999b85c60555e52bdeed383,b04531d6edef237006db46c1024c9419d9d3844703465587500d7caed2fa4f91,1,217,1,218,1,318,0,-1
insertion,Gaussian recovery,31,96006,observation_noise,1,1,0.014201038517057896,0.008963299267925322,b156f3d5b06bfc7442dffe36cf81cbc09ea6725fe999b85c60555e52bdeed383,eac54636d0062c8ab3fff85b406ca52dccd1a3ac48ab7b7e41bb287ce54d6d39,1,218,1,218,1,392,1,392
insertion,Gaussian recovery,31,96006,noise_joints,0,0,0.013449332676827908,0.0034445231268182396,b156f3d5b06bfc7442dffe36cf81cbc09ea6725fe999b85c60555e52bdeed383,72b9246c638cf0b99ac342537e890bfc6977ee16274c805528bea6d53918475c,1,217,1,225,0,-1,0,-1
insertion,Gaussian recovery,31,96006,noise_objects,1,1,0.014080780558288097,0.007841251466888934,b156f3d5b06bfc7442dffe36cf81cbc09ea6725fe999b85c60555e52bdeed383,63ed8e9c04b64139d826f909bbdb5c73e19af286290f15db78c796f0bef8ccf1,1,216,1,223,1,376,1,376
insertion,Gaussian recovery,31,96006,noise_low_support,0,0,0.013583986088633537,0.0,b156f3d5b06bfc7442dffe36cf81cbc09ea6725fe999b85c60555e52bdeed383,2c25fbf920d5de1c44e02f53067756c8ca7cabdba5739e0221be61d6dd8d0573,1,217,1,218,1,318,0,-1
insertion,Gaussian recovery,31,96006,noise_supported,1,1,0.014201038517057896,0.008963299267925322,b156f3d5b06bfc7442dffe36cf81cbc09ea6725fe999b85c60555e52bdeed383,eac54636d0062c8ab3fff85b406ca52dccd1a3ac48ab7b7e41bb287ce54d6d39,1,218,1,218,1,392,1,392
insertion,Gaussian recovery,31,96006,replan_1,0,0,0.012586631812155247,0.0,b156f3d5b06bfc7442dffe36cf81cbc09ea6725fe999b85c60555e52bdeed383,661e64dec980360fe596a55c84bfa6beca8abaa0450c84d63737693059c12fbf,1,216,1,217,0,-1,0,-1
insertion,Gaussian recovery,31,96006,replan_1_ensemble,0,0,0.007943202762122433,0.0,b156f3d5b06bfc7442dffe36cf81cbc09ea6725fe999b85c60555e52bdeed383,49d206d831315b4394b4e83ced6d4a8f724304727ffc0347aa1b7eb25697e412,1,216,1,224,1,301,0,-1
insertion,Gaussian recovery,31,96006,replan_16,0,0,0.013181992806494236,0.0,b156f3d5b06bfc7442dffe36cf81cbc09ea6725fe999b85c60555e52bdeed383,974ae2dba24a0ba1e44a4ffe739d9d04f5a346d9b8f618bc1dac8e5002166799,1,214,1,214,1,338,0,-1
insertion,Gaussian recovery,31,96007,nominal,0,0,0.013066645711660385,0.0,b156f3d5b06bfc7442dffe36cf81cbc09ea6725fe999b85c60555e52bdeed383,511c785bbe3ca8015fc77196a146f7ebc8017c63929d82a8d80d50cb34f51a0f,1,211,1,211,1,296,0,-1
insertion,Gaussian recovery,31,96007,observation_noise,1,1,0.013865591958165169,0.00876567728118971,b156f3d5b06bfc7442dffe36cf81cbc09ea6725fe999b85c60555e52bdeed383,aa4adaa294d2ec72ad528c244146df96b9aaede11c196895c059ae35e4cf276d,1,216,1,223,1,352,1,352
insertion,Gaussian recovery,31,96007,noise_joints,0,0,0.013144657015800476,0.00363984941970557,b156f3d5b06bfc7442dffe36cf81cbc09ea6725fe999b85c60555e52bdeed383,a582704038d3a06ed290e721be10b482e077957c970eab51a27f9a34a3dfd815,1,212,1,219,1,308,0,-1
insertion,Gaussian recovery,31,96007,noise_objects,1,1,0.013639218173921108,0.00784040022175759,b156f3d5b06bfc7442dffe36cf81cbc09ea6725fe999b85c60555e52bdeed383,c6aca7f59019685d2849bb0cb9b06793121e9bd319904052613b7d31ecd938f2,1,213,1,221,1,330,1,346
insertion,Gaussian recovery,31,96007,noise_low_support,0,0,0.013066645711660385,0.0,b156f3d5b06bfc7442dffe36cf81cbc09ea6725fe999b85c60555e52bdeed383,4bae9c8a3715eb0328cb7b2b750b3dd0f14cd53bcf306fc6dc1a1ff0245cf3b7,1,211,1,211,1,296,0,-1
insertion,Gaussian recovery,31,96007,noise_supported,1,1,0.013865591958165169,0.00876567728118971,b156f3d5b06bfc7442dffe36cf81cbc09ea6725fe999b85c60555e52bdeed383,aa4adaa294d2ec72ad528c244146df96b9aaede11c196895c059ae35e4cf276d,1,216,1,223,1,352,1,352
insertion,Gaussian recovery,31,96007,replan_1,0,0,0.008247020654380322,0.0,b156f3d5b06bfc7442dffe36cf81cbc09ea6725fe999b85c60555e52bdeed383,e49fa09e81538f3c9dee74e70ffc1164044d7aec4351bfc918020713e142f35b,1,204,1,207,1,291,0,-1
insertion,Gaussian recovery,31,96007,replan_1_ensemble,0,0,0.007921469380728309,0.0,b156f3d5b06bfc7442dffe36cf81cbc09ea6725fe999b85c60555e52bdeed383,9953ae64aa99a7f7f71da2ba4359de64c886cf2d4f58d91be29f334e8525140f,1,210,1,214,1,289,0,-1
insertion,Gaussian recovery,31,96007,replan_16,1,1,0.012787995859980583,0.0,b156f3d5b06bfc7442dffe36cf81cbc09ea6725fe999b85c60555e52bdeed383,f3ac433b911f9704cf3030f2b779056fa8ae82ba977a61993b86ecf1181ce0ce,1,213,1,213,1,325,1,328
insertion,Gaussian recovery,31,96008,nominal,1,1,0.012625760398805141,0.0,b156f3d5b06bfc7442dffe36cf81cbc09ea6725fe999b85c60555e52bdeed383,1bf0ea6377228fbb872964660e1eb4f3603782fb6036721f0b8fcc33d9ab85a8,1,207,1,226,1,363,1,363
insertion,Gaussian recovery,31,96008,observation_noise,0,0,0.015128104016184807,0.009379931939765811,b156f3d5b06bfc7442dffe36cf81cbc09ea6725fe999b85c60555e52bdeed383,af54565c8ba726945e32929571633c80263bce0fefdf204da580e341d64a5aeb,1,207,1,210,1,300,0,-1
insertion,Gaussian recovery,31,96008,noise_joints,1,1,0.012855997309088707,0.0039298935374245045,b156f3d5b06bfc7442dffe36cf81cbc09ea6725fe999b85c60555e52bdeed383,c9f316c81cd44571fd9bb72727b80d5c07adf74989c9434a465f483ca79f6120,1,211,1,223,1,349,1,349
insertion,Gaussian recovery,31,96008,noise_objects,0,0,0.014760205522179604,0.008203116108197718,b156f3d5b06bfc7442dffe36cf81cbc09ea6725fe999b85c60555e52bdeed383,183761ccc410e491bbde2de1c861de5ead4142ec434b88a402508b712942b8a4,1,201,1,215,1,302,0,-1
insertion,Gaussian recovery,31,96008,noise_low_support,1,1,0.012625760398805141,0.0,b156f3d5b06bfc7442dffe36cf81cbc09ea6725fe999b85c60555e52bdeed383,e19233a09561b79238a8f82e4006a53017311fe0d2d8a34635432dfd0d182d42,1,207,1,226,1,363,1,363
insertion,Gaussian recovery,31,96008,noise_supported,0,0,0.015128104016184807,0.009379931939765811,b156f3d5b06bfc7442dffe36cf81cbc09ea6725fe999b85c60555e52bdeed383,af54565c8ba726945e32929571633c80263bce0fefdf204da580e341d64a5aeb,1,207,1,210,1,300,0,-1
insertion,Gaussian recovery,31,96008,replan_1,1,1,0.0064368355087935925,0.0,b156f3d5b06bfc7442dffe36cf81cbc09ea6725fe999b85c60555e52bdeed383,ad8e37ee08c35a888756ba8b8fc99cd9a1dc862b4217f0b20ba8af4dfd85bc6a,1,223,1,232,1,374,1,374
insertion,Gaussian recovery,31,96008,replan_1_ensemble,0,0,0.008077736517112353,0.0,b156f3d5b06bfc7442dffe36cf81cbc09ea6725fe999b85c60555e52bdeed383,65826a96f11135ae8da6e1a85ef0c781932653d96555fd33796773afee7dad10,1,204,1,227,1,334,0,-1
insertion,Gaussian recovery,31,96008,replan_16,1,1,0.012515791691839695,0.0,b156f3d5b06bfc7442dffe36cf81cbc09ea6725fe999b85c60555e52bdeed383,a42e710dd6ccbabebba72869cb0d2966da80b97a60e9e661f331a7bbd6b818f1,1,207,1,219,1,355,1,355
insertion,Gaussian recovery,31,96009,nominal,1,1,0.013188108801841736,0.0,b156f3d5b06bfc7442dffe36cf81cbc09ea6725fe999b85c60555e52bdeed383,1f03d2c4b915c3ec12b632e52d9c1fb4595ef45acdec6553e7649e9d3480c192,1,205,1,215,1,316,1,331
insertion,Gaussian recovery,31,96009,observation_noise,1,1,0.013974853791296482,0.008295587187167257,b156f3d5b06bfc7442dffe36cf81cbc09ea6725fe999b85c60555e52bdeed383,5a2667720132aeceed59975e911fa911fe64b15978820fc232f5008edac9e325,1,207,1,214,1,370,1,370
insertion,Gaussian recovery,31,96009,noise_joints,1,1,0.013357972726225853,0.003647444471716881,b156f3d5b06bfc7442dffe36cf81cbc09ea6725fe999b85c60555e52bdeed383,8af469dd396bef3c7619d6b21fd04be62afa0dcc366ffc04bb4659df97912a19,1,206,1,218,1,356,1,356
insertion,Gaussian recovery,31,96009,noise_objects,1,1,0.013786864466965199,0.007232687084469944,b156f3d5b06bfc7442dffe36cf81cbc09ea6725fe999b85c60555e52bdeed383,57aa05ef4001334e67677e0111b2c5b0379b01713f8c382b312ee774ab89f5d7,1,209,1,214,1,325,1,335
insertion,Gaussian recovery,31,96009,noise_low_support,1,1,0.013188108801841736,0.0,b156f3d5b06bfc7442dffe36cf81cbc09ea6725fe999b85c60555e52bdeed383,148926fae4de8d05fdffbcab58b8308b145aedfa66aa95a4bbc0f04103ee2c02,1,205,1,215,1,316,1,331
insertion,Gaussian recovery,31,96009,noise_supported,1,1,0.013974853791296482,0.008295587187167257,b156f3d5b06bfc7442dffe36cf81cbc09ea6725fe999b85c60555e52bdeed383,5a2667720132aeceed59975e911fa911fe64b15978820fc232f5008edac9e325,1,207,1,214,1,370,1,370
insertion,Gaussian recovery,31,96009,replan_1,0,0,0.006507025565952063,0.0,b156f3d5b06bfc7442dffe36cf81cbc09ea6725fe999b85c60555e52bdeed383,85764ad905359b151aebd0915be43ab6d1a1d7c8fb2a5c9a47c2727f361ee7e5,0,-1,0,-1,0,-1,0,-1
insertion,Gaussian recovery,31,96009,replan_1_ensemble,1,1,0.008217992836807117,0.0,b156f3d5b06bfc7442dffe36cf81cbc09ea6725fe999b85c60555e52bdeed383,3d5f84056355784420393eceef97170f16e302032c1d9b8954283a01ef26d9d1,1,204,1,227,1,307,1,307
insertion,Gaussian recovery,31,96009,replan_16,1,1,0.01295061968266964,0.0,b156f3d5b06bfc7442dffe36cf81cbc09ea6725fe999b85c60555e52bdeed383,f633fba3b79568a32a02bb2deb0c2efec4b93074070b9c4d44277e49de70bd1b,1,211,1,221,1,325,1,337
insertion,Gaussian recovery,31,96010,nominal,0,0,0.012402917258441448,0.0,b156f3d5b06bfc7442dffe36cf81cbc09ea6725fe999b85c60555e52bdeed383,63b22c1ec95ac87f7855d8d72e43c852c2eed085b2984f0afbd8312633496573,1,221,1,224,0,-1,0,-1
insertion,Gaussian recovery,31,96010,observation_noise,0,0,0.013610062189400196,0.00837302069645375,b156f3d5b06bfc7442dffe36cf81cbc09ea6725fe999b85c60555e52bdeed383,9752c7bd8ebf3c187f67f81958692b2556efce0dd29f4a284ec63eb743827c0d,1,216,1,222,1,315,0,-1
insertion,Gaussian recovery,31,96010,noise_joints,1,1,0.012606623582541943,0.0034640711243264376,b156f3d5b06bfc7442dffe36cf81cbc09ea6725fe999b85c60555e52bdeed383,0cc8242d6f58a6dee2070ff5aa8181a6019185a3980df3846836a5b98b281eb6,1,216,1,223,1,353,1,373
insertion,Gaussian recovery,31,96010,noise_objects,0,0,0.013212798163294792,0.007388655876275152,b156f3d5b06bfc7442dffe36cf81cbc09ea6725fe999b85c60555e52bdeed383,74088ef20a1e93e0c5877c02391e75a1315b86aaab8bce24211c83e0400aa4f4,1,222,1,223,0,-1,0,-1
insertion,Gaussian recovery,31,96010,noise_low_support,0,0,0.012402917258441448,0.0,b156f3d5b06bfc7442dffe36cf81cbc09ea6725fe999b85c60555e52bdeed383,55bff51c9f9478cf9b7323758129844395e9031314cac85b43b65d48a3412223,1,221,1,224,0,-1,0,-1
insertion,Gaussian recovery,31,96010,noise_supported,0,0,0.013610062189400196,0.00837302069645375,b156f3d5b06bfc7442dffe36cf81cbc09ea6725fe999b85c60555e52bdeed383,9752c7bd8ebf3c187f67f81958692b2556efce0dd29f4a284ec63eb743827c0d,1,216,1,222,1,315,0,-1
insertion,Gaussian recovery,31,96010,replan_1,1,1,0.005984381772577763,0.0,b156f3d5b06bfc7442dffe36cf81cbc09ea6725fe999b85c60555e52bdeed383,340262e6cb546305dabcb95fb4ad65e4a89a88b46249d4cd0e0869aaf58a4740,1,226,1,227,1,367,1,367
insertion,Gaussian recovery,31,96010,replan_1_ensemble,0,0,0.0075711009558348625,0.0,b156f3d5b06bfc7442dffe36cf81cbc09ea6725fe999b85c60555e52bdeed383,f416123045f992722dcd14db8698bde77c0c3a834739e8966265b19a608f10b0,1,224,1,224,0,-1,0,-1
insertion,Gaussian recovery,31,96010,replan_16,0,0,0.012429269030690193,0.0,b156f3d5b06bfc7442dffe36cf81cbc09ea6725fe999b85c60555e52bdeed383,cfbf748e67a702852dda2cdb1a1f9eb69390b572b99df886ba1f7df5c680a26c,1,223,1,225,0,-1,0,-1
insertion,Gaussian recovery,31,96011,nominal,0,0,0.012647133320569992,0.0,b156f3d5b06bfc7442dffe36cf81cbc09ea6725fe999b85c60555e52bdeed383,329a8355d34adc515a964918c29a42c3854f2b5d8785fbe36a7815908ce92fdd,1,217,1,217,0,-1,0,-1
insertion,Gaussian recovery,31,96011,observation_noise,0,0,0.013459966517984867,0.008587739954236895,b156f3d5b06bfc7442dffe36cf81cbc09ea6725fe999b85c60555e52bdeed383,2808f4a8c95cbd45b32b6e82840faf1f65c01a59d30090e9428e3d02eaa1df10,1,201,1,224,0,-1,0,-1
insertion,Gaussian recovery,31,96011,noise_joints,0,0,0.012816858477890491,0.003379319845698774,b156f3d5b06bfc7442dffe36cf81cbc09ea6725fe999b85c60555e52bdeed383,3a40ae6a5b462cb88f063c2d87e43d54b7462b4e9224fcdfe6584da28590c3e2,1,210,1,217,0,-1,0,-1
insertion,Gaussian recovery,31,96011,noise_objects,0,0,0.013282565400004387,0.007577119269408286,b156f3d5b06bfc7442dffe36cf81cbc09ea6725fe999b85c60555e52bdeed383,64a7ab602d337b89bba80214d6310e1c97f4f083af375292254e7dc330e761df,1,199,1,224,0,-1,0,-1
insertion,Gaussian recovery,31,96011,noise_low_support,0,0,0.012647133320569992,0.0,b156f3d5b06bfc7442dffe36cf81cbc09ea6725fe999b85c60555e52bdeed383,493a2401f1f93fa10411d1ab90c531def3f28d52128128db3793f3793a2538d2,1,217,1,217,0,-1,0,-1
insertion,Gaussian recovery,31,96011,noise_supported,0,0,0.013459966517984867,0.008587739954236895,b156f3d5b06bfc7442dffe36cf81cbc09ea6725fe999b85c60555e52bdeed383,2808f4a8c95cbd45b32b6e82840faf1f65c01a59d30090e9428e3d02eaa1df10,1,201,1,224,0,-1,0,-1
insertion,Gaussian recovery,31,96011,replan_1,0,0,0.006329502444714308,0.0,b156f3d5b06bfc7442dffe36cf81cbc09ea6725fe999b85c60555e52bdeed383,c98d74ba65ca205ee1957479217d2ff1ce74aacf99346c2b1c58d06c5cf2cc7d,1,230,1,237,0,-1,0,-1
insertion,Gaussian recovery,31,96011,replan_1_ensemble,0,0,0.007596920134391657,0.0,b156f3d5b06bfc7442dffe36cf81cbc09ea6725fe999b85c60555e52bdeed383,91cfe05e9f9df71c6776ab69e3761f3c2995887a0ba41af3d525703f217c77f1,1,219,1,222,0,-1,0,-1
insertion,Gaussian recovery,31,96011,replan_16,0,0,0.0124750304967165,0.0,b156f3d5b06bfc7442dffe36cf81cbc09ea6725fe999b85c60555e52bdeed383,c9908819058978745e3a3be8aa1535f2ea80975d1403eab139b97b5d14c7cf57,1,220,1,225,0,-1,0,-1
insertion,Gaussian recovery,31,96012,nominal,1,1,0.012849844060838223,0.0,b156f3d5b06bfc7442dffe36cf81cbc09ea6725fe999b85c60555e52bdeed383,ab685d88763c0619281cceb293918945bf97fd4d0cdf73cc0beca086c3a34dae,1,211,1,213,1,304,1,356
insertion,Gaussian recovery,31,96012,observation_noise,1,0,0.013547017239034176,0.007945653842762112,b156f3d5b06bfc7442dffe36cf81cbc09ea6725fe999b85c60555e52bdeed383,fdf1d0717143333961ad1c7ec0e381e15e5d69df025782702704d78d6dd815be,1,212,1,217,1,356,1,356
insertion,Gaussian recovery,31,96012,noise_joints,1,1,0.01292967889457941,0.0034322983457241206,b156f3d5b06bfc7442dffe36cf81cbc09ea6725fe999b85c60555e52bdeed383,04e919a2ef7fb9ce82fbe83dbfd37dc12663985c53978552a1b59321aaf56617,1,212,1,212,1,306,1,357
insertion,Gaussian recovery,31,96012,noise_objects,1,1,0.013545121066272259,0.0070332522853277625,b156f3d5b06bfc7442dffe36cf81cbc09ea6725fe999b85c60555e52bdeed383,8403c8e01885bb9c3a1521ba69ce14b04d89116954d2891fdbbe81b8e5e4aede,1,217,1,217,1,342,1,342
insertion,Gaussian recovery,31,96012,noise_low_support,1,1,0.012849844060838223,0.0,b156f3d5b06bfc7442dffe36cf81cbc09ea6725fe999b85c60555e52bdeed383,36865518e68f89db94ed356a3ad6a49ac61f3137a4216ba94c32c790802ff7b9,1,211,1,213,1,304,1,356
insertion,Gaussian recovery,31,96012,noise_supported,1,0,0.013547017239034176,0.007945653842762112,b156f3d5b06bfc7442dffe36cf81cbc09ea6725fe999b85c60555e52bdeed383,fdf1d0717143333961ad1c7ec0e381e15e5d69df025782702704d78d6dd815be,1,212,1,217,1,356,1,356
insertion,Gaussian recovery,31,96012,replan_1,0,0,0.007957334630191326,0.0,b156f3d5b06bfc7442dffe36cf81cbc09ea6725fe999b85c60555e52bdeed383,9eaf85cd2056a55298526c718339fc14c4594453a954d36c669dc45fd0c1350f,1,199,1,205,1,342,0,-1
insertion,Gaussian recovery,31,96012,replan_1_ensemble,0,0,0.007933334952478643,0.0,b156f3d5b06bfc7442dffe36cf81cbc09ea6725fe999b85c60555e52bdeed383,815f93d484e8066f222798612184372f860824d3b818351f2daa9ad62112c8e4,1,216,1,218,1,293,0,-1
insertion,Gaussian recovery,31,96012,replan_16,1,1,0.012633989565074444,0.0,b156f3d5b06bfc7442dffe36cf81cbc09ea6725fe999b85c60555e52bdeed383,95d484c6f30bf4a4755866fd1f0c5bce1565dd704bdc3f9362bdf0e875343f04,1,214,1,221,1,343,1,343
insertion,Gaussian recovery,31,96013,nominal,0,0,0.012261646799743176,0.0,b156f3d5b06bfc7442dffe36cf81cbc09ea6725fe999b85c60555e52bdeed383,3c5e86720ec04471be5fd4ed58ae7031de4aca36bb2c3d7efd8654dfb9fe99f4,1,209,1,220,0,-1,0,-1
insertion,Gaussian recovery,31,96013,observation_noise,1,1,0.01331659872084856,0.008985801506787539,b156f3d5b06bfc7442dffe36cf81cbc09ea6725fe999b85c60555e52bdeed383,88360d18be111bdd15c3aa8be40afb8b8dcfdb57e2e56ea00f756593507158cb,1,213,1,220,1,356,1,356
insertion,Gaussian recovery,31,96013,noise_joints,1,1,0.01255049929022789,0.0036451847723219543,b156f3d5b06bfc7442dffe36cf81cbc09ea6725fe999b85c60555e52bdeed383,c139d2af1848d2125efc37e52204e18ac059898dc4b9840d3c5f77fe8638b149,1,211,1,223,1,387,1,387
insertion,Gaussian recovery,31,96013,noise_objects,1,1,0.01306352112442255,0.00786727459402755,b156f3d5b06bfc7442dffe36cf81cbc09ea6725fe999b85c60555e52bdeed383,18b428da699ca1a35b11e12afb69e57a2428573575d37e76a989deb5223f0101,1,215,1,220,1,390,1,390
insertion,Gaussian recovery,31,96013,noise_low_support,0,0,0.012261646799743176,0.0,b156f3d5b06bfc7442dffe36cf81cbc09ea6725fe999b85c60555e52bdeed383,1c116f47738132b0b30730ffc62c08276284d291979d98b0a70f71720fed1818,1,209,1,220,0,-1,0,-1
insertion,Gaussian recovery,31,96013,noise_supported,1,1,0.01331659872084856,0.008985801506787539,b156f3d5b06bfc7442dffe36cf81cbc09ea6725fe999b85c60555e52bdeed383,88360d18be111bdd15c3aa8be40afb8b8dcfdb57e2e56ea00f756593507158cb,1,213,1,220,1,356,1,356
insertion,Gaussian recovery,31,96013,replan_1,0,0,0.008317922241985798,0.0,b156f3d5b06bfc7442dffe36cf81cbc09ea6725fe999b85c60555e52bdeed383,2187f51e5b6d49a9c5a7443aad273659a0c62c769e85c324f048377cbe342df0,1,214,0,-1,0,-1,0,-1
insertion,Gaussian recovery,31,96013,replan_1_ensemble,0,0,0.0076277319230745756,0.0,b156f3d5b06bfc7442dffe36cf81cbc09ea6725fe999b85c60555e52bdeed383,b01e569f3f9aa835eaf617edefc65db8c600d17a9dd10a5b73813e5eac5026ea,1,213,1,222,0,-1,0,-1
insertion,Gaussian recovery,31,96013,replan_16,1,1,0.011992918327450752,0.0,b156f3d5b06bfc7442dffe36cf81cbc09ea6725fe999b85c60555e52bdeed383,2f38ea86ba4bd3de1c7e5e00ad3c9935a334519d787b19081be0915370b37ce3,1,211,1,218,1,375,1,375
insertion,Gaussian recovery,31,96014,nominal,0,0,0.012130074203014374,0.0,b156f3d5b06bfc7442dffe36cf81cbc09ea6725fe999b85c60555e52bdeed383,9ec7d396fd396bcb164193c13ea9af2a2a1f256a8b454b22d95f4498a0b97b1d,1,210,1,220,0,-1,0,-1
insertion,Gaussian recovery,31,96014,observation_noise,0,0,0.013191950507462025,0.008587938747368754,b156f3d5b06bfc7442dffe36cf81cbc09ea6725fe999b85c60555e52bdeed383,a59d1a0a4108257093699d9a0a8766898d721bdb88b7bcaf296fe8a9bc7a653d,1,207,1,215,0,-1,0,-1
insertion,Gaussian recovery,31,96014,noise_joints,0,0,0.012314426712691784,0.0034747896087355913,b156f3d5b06bfc7442dffe36cf81cbc09ea6725fe999b85c60555e52bdeed383,acba8d0084da2926b7e6804a4f609ab9009b1422cb8bdffb79104bd2f7741b76,1,214,1,220,0,-1,0,-1
insertion,Gaussian recovery,31,96014,noise_objects,1,0,0.013141832314431667,0.0080390866054222,b156f3d5b06bfc7442dffe36cf81cbc09ea6725fe999b85c60555e52bdeed383,9228a3c4382936c6f97593ae2c50990a548b0f10545fd216581559db276e95a8,1,206,1,215,1,363,1,363
insertion,Gaussian recovery,31,96014,noise_low_support,0,0,0.012130074203014374,0.0,b156f3d5b06bfc7442dffe36cf81cbc09ea6725fe999b85c60555e52bdeed383,ed7977ef38ca17c9dc78f9072d3720759294f1d7473415bfc5ed8015af834237,1,210,1,220,0,-1,0,-1
insertion,Gaussian recovery,31,96014,noise_supported,0,0,0.013191950507462025,0.008587938747368754,b156f3d5b06bfc7442dffe36cf81cbc09ea6725fe999b85c60555e52bdeed383,a59d1a0a4108257093699d9a0a8766898d721bdb88b7bcaf296fe8a9bc7a653d,1,207,1,215,0,-1,0,-1
insertion,Gaussian recovery,31,96014,replan_1,1,1,0.0067875017412006855,0.0,b156f3d5b06bfc7442dffe36cf81cbc09ea6725fe999b85c60555e52bdeed383,7eb9b7704b5471615943fb45188fd9a9803334cf36fa157d5cc7ca88447f9f08,1,208,1,232,1,392,1,392
insertion,Gaussian recovery,31,96014,replan_1_ensemble,0,0,0.007586989515171227,0.0,b156f3d5b06bfc7442dffe36cf81cbc09ea6725fe999b85c60555e52bdeed383,fae89dcd48814ac785b84ed86c135a7fc0448cff14eaab6ea4715fac9939c96f,1,212,1,222,0,-1,0,-1
insertion,Gaussian recovery,31,96014,replan_16,1,1,0.011866876855492592,0.0,b156f3d5b06bfc7442dffe36cf81cbc09ea6725fe999b85c60555e52bdeed383,12542c62a56b8a4f4ca19c51d40da09abb09ad0a849511cba2cfe08ce8d9d399,1,211,1,218,1,392,1,392
insertion,Gaussian recovery,31,96015,nominal,0,0,0.013749985024333,0.0,b156f3d5b06bfc7442dffe36cf81cbc09ea6725fe999b85c60555e52bdeed383,0520b8bcf0355d16cda7b5f103b117cb9548ba95a34d80d5ba9946ef4a5c9807,1,209,1,215,1,353,0,-1
insertion,Gaussian recovery,31,96015,observation_noise,0,0,0.014656398445367813,0.008833880033344031,b156f3d5b06bfc7442dffe36cf81cbc09ea6725fe999b85c60555e52bdeed383,a562b86c4f02c9ee177c65efa9cd21d4eb60af2b836d42cad66a3817bada821f,1,210,1,215,0,-1,0,-1
insertion,Gaussian recovery,31,96015,noise_joints,0,0,0.0138544337823987,0.003646648725261912,b156f3d5b06bfc7442dffe36cf81cbc09ea6725fe999b85c60555e52bdeed383,c282d842ebc9a16b3917cbea518a1083b724d6e93538a460b213ba918394520e,1,209,1,216,1,399,0,-1
insertion,Gaussian recovery,31,96015,noise_objects,0,0,0.01445155218243599,0.007785311911720783,b156f3d5b06bfc7442dffe36cf81cbc09ea6725fe999b85c60555e52bdeed383,b3e718687c7d6a3815b7109a5e9bc85281a6991ee79e4d71efb4d3fde06c4f5a,1,210,1,212,0,-1,0,-1
insertion,Gaussian recovery,31,96015,noise_low_support,0,0,0.013749985024333,0.0,b156f3d5b06bfc7442dffe36cf81cbc09ea6725fe999b85c60555e52bdeed383,921f42eeeb27579782b37934a49639b6aca679310f43198aa6aed1a5d73796fa,1,209,1,215,1,353,0,-1
insertion,Gaussian recovery,31,96015,noise_supported,0,0,0.014656398445367813,0.008833880033344031,b156f3d5b06bfc7442dffe36cf81cbc09ea6725fe999b85c60555e52bdeed383,a562b86c4f02c9ee177c65efa9cd21d4eb60af2b836d42cad66a3817bada821f,1,210,1,215,0,-1,0,-1
insertion,Gaussian recovery,31,96015,replan_1,0,0,0.006122642662376165,0.0,b156f3d5b06bfc7442dffe36cf81cbc09ea6725fe999b85c60555e52bdeed383,10b573a74ef24a012cb8de49666a693ebde84b2ccb5d86f208e5c1286174ae13,0,-1,0,-1,0,-1,0,-1
insertion,Gaussian recovery,31,96015,replan_1_ensemble,0,0,0.008016421753647408,0.0,b156f3d5b06bfc7442dffe36cf81cbc09ea6725fe999b85c60555e52bdeed383,beda9eccc85a894803ba0f4a076029bf526a1adce18302ee7933042895bd230e,1,210,1,222,0,-1,0,-1
insertion,Gaussian recovery,31,96015,replan_16,1,1,0.01352123823016882,0.0,b156f3d5b06bfc7442dffe36cf81cbc09ea6725fe999b85c60555e52bdeed383,3be68f95bc3c61657f2f9575d8b7bb55beb6db88c5172675113095c2c0332928,1,212,1,212,1,344,1,377
insertion,Gaussian recovery,31,96016,nominal,0,0,0.011594732291996479,0.0,b156f3d5b06bfc7442dffe36cf81cbc09ea6725fe999b85c60555e52bdeed383,0822c6a35e05800824bd40fd8dae23a0e2c4effdef31ccf179fe6afa62bbe668,1,211,1,220,0,-1,0,-1
insertion,Gaussian recovery,31,96016,observation_noise,0,0,0.01289486512541771,0.00891623945441097,b156f3d5b06bfc7442dffe36cf81cbc09ea6725fe999b85c60555e52bdeed383,606d95d3887b0e46973030c973ac2e2f380e040a7e448fdd3d8c28ff36da7922,1,213,1,223,0,-1,0,-1
insertion,Gaussian recovery,31,96016,noise_joints,0,0,0.011888102628290653,0.00330563468975015,b156f3d5b06bfc7442dffe36cf81cbc09ea6725fe999b85c60555e52bdeed383,d1d4c615173a585b21b967a67f76487c55991ce1735ab475e82149de34a21869,1,212,1,220,0,-1,0,-1
insertion,Gaussian recovery,31,96016,noise_objects,0,0,0.012689695693552494,0.008327290265588089,b156f3d5b06bfc7442dffe36cf81cbc09ea6725fe999b85c60555e52bdeed383,65d3547c7400375d8f5c661a3a942afe574e39a25346c79c340da598374cf0b1,1,212,1,220,0,-1,0,-1
insertion,Gaussian recovery,31,96016,noise_low_support,0,0,0.011594732291996479,0.0,b156f3d5b06bfc7442dffe36cf81cbc09ea6725fe999b85c60555e52bdeed383,13103fe0bb5687848711c223c6767770956436af06353cfca56d76c59d6ce427,1,211,1,220,0,-1,0,-1
insertion,Gaussian recovery,31,96016,noise_supported,0,0,0.01289486512541771,0.00891623945441097,b156f3d5b06bfc7442dffe36cf81cbc09ea6725fe999b85c60555e52bdeed383,606d95d3887b0e46973030c973ac2e2f380e040a7e448fdd3d8c28ff36da7922,1,213,1,223,0,-1,0,-1
insertion,Gaussian recovery,31,96016,replan_1,0,0,0.005834033712744713,0.0,b156f3d5b06bfc7442dffe36cf81cbc09ea6725fe999b85c60555e52bdeed383,e6523de82a88471d749babf7d1ba7100c0e2eb7ebf1d7457c30b0f02419f0474,1,212,1,220,1,342,0,-1
insertion,Gaussian recovery,31,96016,replan_1_ensemble,0,0,0.007368994527193903,0.0,b156f3d5b06bfc7442dffe36cf81cbc09ea6725fe999b85c60555e52bdeed383,485c840543380e3cc5ca94884771b3f0069b190b3402d6ac8a48b6826a7538b9,1,212,1,223,0,-1,0,-1
insertion,Gaussian recovery,31,96016,replan_16,1,1,0.011490820907056332,0.0,b156f3d5b06bfc7442dffe36cf81cbc09ea6725fe999b85c60555e52bdeed383,f27675c6d6e1780ef3447962edecc069997d25201e476458e73f0ac7b9ca7a9a,1,211,1,218,1,380,1,380
insertion,Gaussian recovery,31,96017,nominal,0,0,0.0127186244353652,0.0,b156f3d5b06bfc7442dffe36cf81cbc09ea6725fe999b85c60555e52bdeed383,965e52b24b49b710a7c76131a4590e5a80f487904288c6e385dd3d348de9498d,1,209,1,217,0,-1,0,-1
insertion,Gaussian recovery,31,96017,observation_noise,0,0,0.013360278680920601,0.0084620149130933,b156f3d5b06bfc7442dffe36cf81cbc09ea6725fe999b85c60555e52bdeed383,61c00b6b4a607638ec1a1bdc0231e578451e335316fd86760cea78e5cee1fae4,1,207,1,220,0,-1,0,-1
insertion,Gaussian recovery,31,96017,noise_joints,0,0,0.012849869206547737,0.0038409315445460377,b156f3d5b06bfc7442dffe36cf81cbc09ea6725fe999b85c60555e52bdeed383,49294244609c75f11b1fbffdd50b3c2718de845f78d91cd54cb4a4f56d430b58,1,210,1,224,0,-1,0,-1
insertion,Gaussian recovery,31,96017,noise_objects,0,0,0.01324374508112669,0.007272954271174967,b156f3d5b06bfc7442dffe36cf81cbc09ea6725fe999b85c60555e52bdeed383,053094c97fbff062cea90dc58770b450f869c896af258a2cb1727332e8c3dee6,1,205,1,224,0,-1,0,-1
insertion,Gaussian recovery,31,96017,noise_low_support,0,0,0.0127186244353652,0.0,b156f3d5b06bfc7442dffe36cf81cbc09ea6725fe999b85c60555e52bdeed383,5f895e7d676c2b74ec1f6e00e61c005574d8fd33518d46c6956526287f4db1ba,1,209,1,217,0,-1,0,-1
insertion,Gaussian recovery,31,96017,noise_supported,0,0,0.013360278680920601,0.0084620149130933,b156f3d5b06bfc7442dffe36cf81cbc09ea6725fe999b85c60555e52bdeed383,61c00b6b4a607638ec1a1bdc0231e578451e335316fd86760cea78e5cee1fae4,1,207,1,220,0,-1,0,-1
insertion,Gaussian recovery,31,96017,replan_1,0,0,0.012144473381340504,0.0,b156f3d5b06bfc7442dffe36cf81cbc09ea6725fe999b85c60555e52bdeed383,0917cd78fd300eb2afe54fc82cd10e92219a3a705268eee8fe011005e95ff358,0,-1,0,-1,0,-1,0,-1
insertion,Gaussian recovery,31,96017,replan_1_ensemble,0,0,0.00772383957560301,0.0,b156f3d5b06bfc7442dffe36cf81cbc09ea6725fe999b85c60555e52bdeed383,cdbf59e9eabf7ef1a069e383e8840220761304f6c36d5fa4a56189d6cb3a2cb1,1,209,1,221,0,-1,0,-1
insertion,Gaussian recovery,31,96017,replan_16,0,0,0.012541983276605606,0.0,b156f3d5b06bfc7442dffe36cf81cbc09ea6725fe999b85c60555e52bdeed383,38f2d06f1ff75aaa855d83193064f7ae02199235e14582e15bd47fdb504652a7,1,209,1,216,0,-1,0,-1
insertion,Gaussian recovery,31,96018,nominal,0,0,0.012479504570364952,0.0,b156f3d5b06bfc7442dffe36cf81cbc09ea6725fe999b85c60555e52bdeed383,3ecb9b2e621d5e6dd0d667f0e979ebbd7cb79266a8bbc6095c383de50e81ff65,1,207,1,219,1,313,0,-1
insertion,Gaussian recovery,31,96018,observation_noise,1,0,0.013290546834468842,0.008951950857881457,b156f3d5b06bfc7442dffe36cf81cbc09ea6725fe999b85c60555e52bdeed383,6aea19379cd8e2be2dc19e891e26709a613adb13781ae95eb57f8946eb68bc73,1,217,1,220,1,360,1,360
insertion,Gaussian recovery,31,96018,noise_joints,0,0,0.012616216205060482,0.0034281415201257914,b156f3d5b06bfc7442dffe36cf81cbc09ea6725fe999b85c60555e52bdeed383,3370fb612efd90ec870189e91d66b2f786f640875b117a3516c4030742131666,1,206,1,221,1,318,0,-1
insertion,Gaussian recovery,31,96018,noise_objects,1,0,0.013181843794882298,0.007754898761631921,b156f3d5b06bfc7442dffe36cf81cbc09ea6725fe999b85c60555e52bdeed383,8757fe6bd760cfab0b60c6cc88517a597c757201be176682da44372b66ea8e88,1,207,1,217,1,311,1,343
insertion,Gaussian recovery,31,96018,noise_low_support,0,0,0.012479504570364952,0.0,b156f3d5b06bfc7442dffe36cf81cbc09ea6725fe999b85c60555e52bdeed383,ba90d7719ef44deae2ef34f5ae50fe0e1aab75bf2982f6c8a064fe415ded7819,1,207,1,219,1,313,0,-1
insertion,Gaussian recovery,31,96018,noise_supported,1,0,0.013290546834468842,0.008951950857881457,b156f3d5b06bfc7442dffe36cf81cbc09ea6725fe999b85c60555e52bdeed383,6aea19379cd8e2be2dc19e891e26709a613adb13781ae95eb57f8946eb68bc73,1,217,1,220,1,360,1,360
insertion,Gaussian recovery,31,96018,replan_1,0,0,0.007857306860387325,0.0,b156f3d5b06bfc7442dffe36cf81cbc09ea6725fe999b85c60555e52bdeed383,8abca5e17a24c2763b8160a6468d170d5a428ebc6f53fa196efccbcd215754a6,1,214,1,216,1,311,0,-1
insertion,Gaussian recovery,31,96018,replan_1_ensemble,0,0,0.007865724713070977,0.0,b156f3d5b06bfc7442dffe36cf81cbc09ea6725fe999b85c60555e52bdeed383,9fb5f42d4ac4c4362a70e59065cdbe82826cb32b00842197251e047018f5ced6,1,223,1,225,1,353,0,-1
insertion,Gaussian recovery,31,96018,replan_16,1,1,0.01212472002953291,0.0,b156f3d5b06bfc7442dffe36cf81cbc09ea6725fe999b85c60555e52bdeed383,caa215f1cbc6eea3a79989863f07cf6001bef68fdd0586e3ce0622292dedb60e,1,214,1,218,1,347,1,347
insertion,Gaussian recovery,31,96019,nominal,1,1,0.012271213345229626,0.0,b156f3d5b06bfc7442dffe36cf81cbc09ea6725fe999b85c60555e52bdeed383,411915c86e3d41121f0a9084600d7fbab44cc6ad5755d9f088fe700359d007ce,1,217,1,220,1,357,1,357
insertion,Gaussian recovery,31,96019,observation_noise,1,0,0.013127828016877174,0.0081598892621696,b156f3d5b06bfc7442dffe36cf81cbc09ea6725fe999b85c60555e52bdeed383,facee206807bdc2d20b10d445e7849d63f38144dd73f36d2c47879793cf8cbf3,1,215,1,216,1,327,1,327
insertion,Gaussian recovery,31,96019,noise_joints,1,1,0.01239694282412529,0.003634134577587247,b156f3d5b06bfc7442dffe36cf81cbc09ea6725fe999b85c60555e52bdeed383,01bb8acff198ff4ea306b2edce6befe117789b2a25cbdbe12d33ce9c499de232,1,216,1,223,1,379,1,379
insertion,Gaussian recovery,31,96019,noise_objects,1,0,0.013076703995466232,0.006806981638073921,b156f3d5b06bfc7442dffe36cf81cbc09ea6725fe999b85c60555e52bdeed383,e3a22ba8a367edff18f286b5084fb5f70bd8914265115c930636158b7bc0c324,1,216,1,217,1,304,1,377
insertion,Gaussian recovery,31,96019,noise_low_support,1,1,0.012271213345229626,0.0,b156f3d5b06bfc7442dffe36cf81cbc09ea6725fe999b85c60555e52bdeed383,18c9d43894579d459be3b0c6cda06e7f98553a358549527a86d95b4a61157479,1,217,1,220,1,357,1,357
insertion,Gaussian recovery,31,96019,noise_supported,1,0,0.013127828016877174,0.0081598892621696,b156f3d5b06bfc7442dffe36cf81cbc09ea6725fe999b85c60555e52bdeed383,facee206807bdc2d20b10d445e7849d63f38144dd73f36d2c47879793cf8cbf3,1,215,1,216,1,327,1,327
insertion,Gaussian recovery,31,96019,replan_1,0,0,0.008162882179021835,0.0,b156f3d5b06bfc7442dffe36cf81cbc09ea6725fe999b85c60555e52bdeed383,14b5678ef2f3d9ed6b57c64a03d479102733b96042c9121c407109d3505483e3,1,213,1,217,1,281,0,-1
insertion,Gaussian recovery,31,96019,replan_1_ensemble,1,1,0.007886731633232523,0.0,b156f3d5b06bfc7442dffe36cf81cbc09ea6725fe999b85c60555e52bdeed383,e06c1eddc3390f99a57d69f58eb06b1fb399c2e8103f3a6260f44c2548e779fa,1,228,1,228,1,366,1,366
insertion,Gaussian recovery,31,96019,replan_16,1,1,0.012051273137331009,0.0,b156f3d5b06bfc7442dffe36cf81cbc09ea6725fe999b85c60555e52bdeed383,7deccc341498f4889ddc350affa2d29ce74822fce2466bdd14fa020a2e0990b8,1,216,1,216,1,373,1,373
insertion,Gaussian recovery,47,96000,nominal,1,1,0.01515206228941679,0.0,213782c703ed36901e67716ddb52e51ef83da5d530bc8d664d9ef1e356436c37,066057ebf6efdeb4dbc65425f712a7063e8b01ac66a76776ae09084d9c3aceb4,1,207,1,211,1,363,1,363
insertion,Gaussian recovery,47,96000,observation_noise,1,0,0.01584741286933422,0.007183644804172218,213782c703ed36901e67716ddb52e51ef83da5d530bc8d664d9ef1e356436c37,5d0583381c5f16c306d29a7f3f8dbdb37215fb9af9239aa19a60a80c1d9d319c,1,203,1,216,1,349,1,387
insertion,Gaussian recovery,47,96000,noise_joints,0,0,0.015330177731812,0.0036609676922671496,213782c703ed36901e67716ddb52e51ef83da5d530bc8d664d9ef1e356436c37,0346cd70083e37992977d1c87b33489cc0fda79fb64cfef3356df644656fca8a,1,207,1,209,0,-1,0,-1
insertion,Gaussian recovery,47,96000,noise_objects,1,0,0.015804629772901535,0.006444915940519423,213782c703ed36901e67716ddb52e51ef83da5d530bc8d664d9ef1e356436c37,8a28045b1da4ce32c595621383562dea7ccfe3c263dbb91d82023bb344d210a4,1,209,1,211,1,355,1,361
insertion,Gaussian recovery,47,96000,noise_low_support,1,1,0.01515206228941679,0.0,213782c703ed36901e67716ddb52e51ef83da5d530bc8d664d9ef1e356436c37,946ea7f244066ee50d3a97d535c4d4751ab0d19c10329cd4b09ac4ee96837716,1,207,1,211,1,363,1,363
insertion,Gaussian recovery,47,96000,noise_supported,1,0,0.01584741286933422,0.007183644804172218,213782c703ed36901e67716ddb52e51ef83da5d530bc8d664d9ef1e356436c37,5d0583381c5f16c306d29a7f3f8dbdb37215fb9af9239aa19a60a80c1d9d319c,1,203,1,216,1,349,1,387
insertion,Gaussian recovery,47,96000,replan_1,0,0,0.003418027190491557,0.0,213782c703ed36901e67716ddb52e51ef83da5d530bc8d664d9ef1e356436c37,2df52069879f31f1b945222c27659e9d17ab625294f9721119e07b9062782ac4,0,-1,0,-1,0,-1,0,-1
insertion,Gaussian recovery,47,96000,replan_1_ensemble,1,1,0.008240766185854327,0.0,213782c703ed36901e67716ddb52e51ef83da5d530bc8d664d9ef1e356436c37,4b5d7f12b5890977224bbc57541c707c803829156b22f89007c54f1974b3df61,1,197,1,215,1,330,1,330
insertion,Gaussian recovery,47,96000,replan_16,0,0,0.015048205852508545,0.0,213782c703ed36901e67716ddb52e51ef83da5d530bc8d664d9ef1e356436c37,9379de14d756c5a4532193da9b46750ccd3d9b155cf1a5dd7fd5d6ba8609d6bd,1,198,1,218,1,335,0,-1
insertion,Gaussian recovery,47,96001,nominal,1,0,0.01368433702737093,0.0,213782c703ed36901e67716ddb52e51ef83da5d530bc8d664d9ef1e356436c37,368b224e0188d8409f57d7ea10ed9344e6a576c378fedaffd111f53016e0c957,1,214,1,221,1,318,1,318
insertion,Gaussian recovery,47,96001,observation_noise,1,0,0.014391065575182438,0.007972868946380914,213782c703ed36901e67716ddb52e51ef83da5d530bc8d664d9ef1e356436c37,118bf764efe384d70739071ca846d5cba3f7b634305c3d0da79c3560def92189,1,208,1,208,1,328,1,328
insertion,Gaussian recovery,47,96001,noise_joints,1,1,0.01376081258058548,0.0037638851976953447,213782c703ed36901e67716ddb52e51ef83da5d530bc8d664d9ef1e356436c37,40d72bbdba713e03335efc50a6c9611f18c0f6aaa020c1126538872a093dcc03,1,209,1,213,1,323,1,323
insertion,Gaussian recovery,47,96001,noise_objects,1,0,0.014237484894692898,0.006760209798812866,213782c703ed36901e67716ddb52e51ef83da5d530bc8d664d9ef1e356436c37,2b65a5436a1a9a57080d67bea02e67b9dd861e893abeabbb949eb2a0b0f5eadf,1,209,1,213,1,322,1,322
insertion,Gaussian recovery,47,96001,noise_low_support,1,0,0.01368433702737093,0.0,213782c703ed36901e67716ddb52e51ef83da5d530bc8d664d9ef1e356436c37,2d68c93bde1d6f2da0f4b6f98fec19d39d68cf296effbfc34022b67c2631ae18,1,214,1,221,1,318,1,318
insertion,Gaussian recovery,47,96001,noise_supported,1,0,0.014391065575182438,0.007972868946380914,213782c703ed36901e67716ddb52e51ef83da5d530bc8d664d9ef1e356436c37,118bf764efe384d70739071ca846d5cba3f7b634305c3d0da79c3560def92189,1,208,1,208,1,328,1,328
insertion,Gaussian recovery,47,96001,replan_1,0,0,0.003592084161937237,0.0,213782c703ed36901e67716ddb52e51ef83da5d530bc8d664d9ef1e356436c37,4e4c709fb7816025eddd2b36ca3207647b3d32f3998aee329ff15b06a3a47590,0,-1,0,-1,0,-1,0,-1
insertion,Gaussian recovery,47,96001,replan_1_ensemble,1,1,0.008021008430940125,0.0,213782c703ed36901e67716ddb52e51ef83da5d530bc8d664d9ef1e356436c37,9848fb41666580d969281d81022c09c42ce5a69dae9da9a4a16fd47c76bc025c,1,208,1,216,1,329,1,329
insertion,Gaussian recovery,47,96001,replan_16,1,1,0.013390465639531612,0.0,213782c703ed36901e67716ddb52e51ef83da5d530bc8d664d9ef1e356436c37,f5d429fdd811fd8259ac8c6c545f6479752d5c90c44ead85442097cbf8f1d179,1,212,1,213,1,339,1,339
insertion,Gaussian recovery,47,96002,nominal,0,0,0.013810265809297562,0.0,213782c703ed36901e67716ddb52e51ef83da5d530bc8d664d9ef1e356436c37,34e0fd18066dca25e3b9369b069657081dd323f699460ee2930cba97ad8fdfbf,1,205,1,212,0,-1,0,-1
insertion,Gaussian recovery,47,96002,observation_noise,0,0,0.014943608082830906,0.008304695759434252,213782c703ed36901e67716ddb52e51ef83da5d530bc8d664d9ef1e356436c37,c47e3895202207a6926cacae6c9acce8162ef1e8d411c6912c16e8cba40a3311,1,204,1,210,0,-1,0,-1
insertion,Gaussian recovery,47,96002,noise_joints,0,0,0.014154406264424324,0.0037138626468367873,213782c703ed36901e67716ddb52e51ef83da5d530bc8d664d9ef1e356436c37,012b2df2b75bd5ee6540a3b374804058d43a56941303a05426ff0fbead40ba73,1,203,1,212,0,-1,0,-1
insertion,Gaussian recovery,47,96002,noise_objects,0,0,0.014539686031639576,0.007333662883611396,213782c703ed36901e67716ddb52e51ef83da5d530bc8d664d9ef1e356436c37,55610a89282a95b9086428ae7d2717eb72987e21ef733c9ae9d10cf799473e59,1,205,1,209,0,-1,0,-1
insertion,Gaussian recovery,47,96002,noise_low_support,0,0,0.013810265809297562,0.0,213782c703ed36901e67716ddb52e51ef83da5d530bc8d664d9ef1e356436c37,d5c6ae0a1a50e22f854c633e8193298d5e6ab9941370eef06d59b8215c32f200,1,205,1,212,0,-1,0,-1
insertion,Gaussian recovery,47,96002,noise_supported,0,0,0.014943608082830906,0.008304695759434252,213782c703ed36901e67716ddb52e51ef83da5d530bc8d664d9ef1e356436c37,c47e3895202207a6926cacae6c9acce8162ef1e8d411c6912c16e8cba40a3311,1,204,1,210,0,-1,0,-1
insertion,Gaussian recovery,47,96002,replan_1,0,0,0.009213411249220371,0.0,213782c703ed36901e67716ddb52e51ef83da5d530bc8d664d9ef1e356436c37,3dcb5bc98e90919efe0a6153e8d00d7a369f68f76b88f45f1b8b8912882f2702,1,195,1,211,1,375,0,-1
insertion,Gaussian recovery,47,96002,replan_1_ensemble,0,0,0.008060374020174663,0.0,213782c703ed36901e67716ddb52e51ef83da5d530bc8d664d9ef1e356436c37,3507ec65ea6c3045af1dbf820bc5d5a98b371e0110197bc784d33554b04ade16,1,211,1,215,0,-1,0,-1
insertion,Gaussian recovery,47,96002,replan_16,0,0,0.013789365068078041,0.0,213782c703ed36901e67716ddb52e51ef83da5d530bc8d664d9ef1e356436c37,8b53ed6c5acf6ffb3c3514e3dc0fe09d4c3803223e2771f21dfa28d74bfb1a80,1,206,1,214,0,-1,0,-1
insertion,Gaussian recovery,47,96003,nominal,0,0,0.01664724573493004,0.0,213782c703ed36901e67716ddb52e51ef83da5d530bc8d664d9ef1e356436c37,ac0a81952d47dafca0a349634965857127a43a8f7aa8f5e76e7ab7a6770c04f8,1,201,1,217,0,-1,0,-1
insertion,Gaussian recovery,47,96003,observation_noise,0,0,0.017329726368188858,0.008570577632635832,213782c703ed36901e67716ddb52e51ef83da5d530bc8d664d9ef1e356436c37,daecacaa98faee9f60a6892a943dd6d7983527f0b18d0d6fc5722addd4a2e98a,1,198,1,213,0,-1,0,-1
insertion,Gaussian recovery,47,96003,noise_joints,0,0,0.017252938821911812,0.003801480440888554,213782c703ed36901e67716ddb52e51ef83da5d530bc8d664d9ef1e356436c37,d591bac6d29571285dc152109f1bbc1330f908a4454ed3a914c11dbc77e6723e,1,200,1,202,0,-1,0,-1
insertion,Gaussian recovery,47,96003,noise_objects,0,0,0.01743258722126484,0.007793318401090801,213782c703ed36901e67716ddb52e51ef83da5d530bc8d664d9ef1e356436c37,f8a6e090bfcf70d674d45842bd5514afbf9fc6bcf290baf86e867a0306ce2b05,1,198,1,206,0,-1,0,-1
insertion,Gaussian recovery,47,96003,noise_low_support,0,0,0.01664724573493004,0.0,213782c703ed36901e67716ddb52e51ef83da5d530bc8d664d9ef1e356436c37,2124ab0dea81909cbdffd79b4d8057ecbb98fc2e57519bc07cfdc535d26d87ed,1,201,1,217,0,-1,0,-1
insertion,Gaussian recovery,47,96003,noise_supported,0,0,0.017329726368188858,0.008570577632635832,213782c703ed36901e67716ddb52e51ef83da5d530bc8d664d9ef1e356436c37,daecacaa98faee9f60a6892a943dd6d7983527f0b18d0d6fc5722addd4a2e98a,1,198,1,213,0,-1,0,-1
insertion,Gaussian recovery,47,96003,replan_1,0,0,0.0034587287809699774,0.0,213782c703ed36901e67716ddb52e51ef83da5d530bc8d664d9ef1e356436c37,7b911e647b6e1baa999e65c2f2ccfe47877c00aa1bdf2b371f27c27940cb444b,0,-1,0,-1,0,-1,0,-1
insertion,Gaussian recovery,47,96003,replan_1_ensemble,0,0,0.008317877364115437,0.0,213782c703ed36901e67716ddb52e51ef83da5d530bc8d664d9ef1e356436c37,f9eedc84b482b81415a085913e74513168ba7268a511c3d1f1168fb302de8eec,1,202,1,216,0,-1,0,-1
insertion,Gaussian recovery,47,96003,replan_16,0,0,0.01354237925261259,0.0,213782c703ed36901e67716ddb52e51ef83da5d530bc8d664d9ef1e356436c37,3fc2fe608d9d5a1380ce811fc58c317d3be01559ae3556c14cdc536d2d9940ae,1,200,1,221,0,-1,0,-1
insertion,Gaussian recovery,47,96004,nominal,1,1,0.01338503323495388,0.0,213782c703ed36901e67716ddb52e51ef83da5d530bc8d664d9ef1e356436c37,b8e1a6e8ade685806d32c0fcda4391de96845cf756261421c8e33a192f63d132,1,214,1,218,1,373,1,373
insertion,Gaussian recovery,47,96004,observation_noise,0,0,0.01410485990345478,0.008504362874664367,213782c703ed36901e67716ddb52e51ef83da5d530bc8d664d9ef1e356436c37,93112407c43484a8a2a358d28021a079dfc00098831834d21a0427b3c56e675c,1,212,1,220,0,-1,0,-1
insertion,Gaussian recovery,47,96004,noise_joints,1,0,0.01359105296432972,0.003713478681165725,213782c703ed36901e67716ddb52e51ef83da5d530bc8d664d9ef1e356436c37,5950e41e9f8b648d6866d74c3c51a5c421e537c4fb4f31f6ecc54f6d950c6641,1,214,1,218,1,364,1,364
insertion,Gaussian recovery,47,96004,noise_objects,0,0,0.01391347125172615,0.007636472185840831,213782c703ed36901e67716ddb52e51ef83da5d530bc8d664d9ef1e356436c37,efb28acd6f501ee505268264fe066a77ea0cf68ee943944ebc6148b569529d3c,1,212,1,219,0,-1,0,-1
insertion,Gaussian recovery,47,96004,noise_low_support,1,1,0.01338503323495388,0.0,213782c703ed36901e67716ddb52e51ef83da5d530bc8d664d9ef1e356436c37,aa031d37e5667e7a211ac50a8193c63e0007a642c7d5fa6fc1f9cf489515349c,1,214,1,218,1,373,1,373
insertion,Gaussian recovery,47,96004,noise_supported,0,0,0.01410485990345478,0.008504362874664367,213782c703ed36901e67716ddb52e51ef83da5d530bc8d664d9ef1e356436c37,93112407c43484a8a2a358d28021a079dfc00098831834d21a0427b3c56e675c,1,212,1,220,0,-1,0,-1
insertion,Gaussian recovery,47,96004,replan_1,0,0,0.0038730353116989136,0.0,213782c703ed36901e67716ddb52e51ef83da5d530bc8d664d9ef1e356436c37,0b6ee017a5b561837ef4ec8e8b1690b2a4e10cff4c995522b06c0806486e12cb,0,-1,0,-1,0,-1,0,-1
insertion,Gaussian recovery,47,96004,replan_1_ensemble,0,0,0.007985294243880633,0.0,213782c703ed36901e67716ddb52e51ef83da5d530bc8d664d9ef1e356436c37,12d36d479ad564be8fc1556e7270d3a414990b57c88e19c9721cc1f033088508,1,215,1,220,1,372,0,-1
insertion,Gaussian recovery,47,96004,replan_16,1,1,0.01319468766450882,0.0,213782c703ed36901e67716ddb52e51ef83da5d530bc8d664d9ef1e356436c37,8fd231f9afc320a9f7fc20ba47880da7cc26e88ad91e5e74e0a0577a7bc39420,1,212,1,219,1,362,1,362
insertion,Gaussian recovery,47,96005,nominal,0,0,0.015161970630288124,0.0,213782c703ed36901e67716ddb52e51ef83da5d530bc8d664d9ef1e356436c37,e06b840c5e7440a446c4f95809a16d9305b3876da90d35cf7efd63358b4e0f52,1,216,1,222,1,308,0,-1
insertion,Gaussian recovery,47,96005,observation_noise,0,0,0.016946176066994667,0.00801943770609796,213782c703ed36901e67716ddb52e51ef83da5d530bc8d664d9ef1e356436c37,87e70e78c0040e9f498e8aa24cf847e081282e154d9ce465ead21113e8d93508,1,217,1,221,1,282,0,-1
insertion,Gaussian recovery,47,96005,noise_joints,0,0,0.015246842987835407,0.003505198624916375,213782c703ed36901e67716ddb52e51ef83da5d530bc8d664d9ef1e356436c37,3512ff6f69dafe76a7a4d30f317a1317481f7db76ab33f226856265c482202f5,1,217,1,220,1,316,0,-1
insertion,Gaussian recovery,47,96005,noise_objects,1,0,0.014792749658226967,0.006654368238523603,213782c703ed36901e67716ddb52e51ef83da5d530bc8d664d9ef1e356436c37,52c1864c93adeae70a68d3534f1fd0476f934f124ce74a80c9e505d9a69bb9bf,1,216,1,220,1,320,1,320
insertion,Gaussian recovery,47,96005,noise_low_support,0,0,0.015161970630288124,0.0,213782c703ed36901e67716ddb52e51ef83da5d530bc8d664d9ef1e356436c37,2025e564f2d5e8c8c7d8be41433873bbefa9a08c1f4479d8aaab235f788a0828,1,216,1,222,1,308,0,-1
insertion,Gaussian recovery,47,96005,noise_supported,0,0,0.016946176066994667,0.00801943770609796,213782c703ed36901e67716ddb52e51ef83da5d530bc8d664d9ef1e356436c37,87e70e78c0040e9f498e8aa24cf847e081282e154d9ce465ead21113e8d93508,1,217,1,221,1,282,0,-1
insertion,Gaussian recovery,47,96005,replan_1,0,0,0.003609880106523633,0.0,213782c703ed36901e67716ddb52e51ef83da5d530bc8d664d9ef1e356436c37,80077896efda39ca05f6ba6d9020c43af5396987304657c411bc3676dff26126,0,-1,0,-1,0,-1,0,-1
insertion,Gaussian recovery,47,96005,replan_1_ensemble,1,1,0.008347837432319458,0.0,213782c703ed36901e67716ddb52e51ef83da5d530bc8d664d9ef1e356436c37,457ea8c5f3c5a0cdb46a1ba23dd2de1c5dc63b75936d397dd83799bb9c59c6dd,1,214,1,224,1,307,1,307
insertion,Gaussian recovery,47,96005,replan_16,0,0,0.014496286399662495,0.0,213782c703ed36901e67716ddb52e51ef83da5d530bc8d664d9ef1e356436c37,008c17f6ce4592d9dc49cdeb0fb98caa2a6b0a22301fdf0d912604f414bfae8a,1,218,1,222,1,317,0,-1
insertion,Gaussian recovery,47,96006,nominal,0,0,0.013995247893035412,0.0,213782c703ed36901e67716ddb52e51ef83da5d530bc8d664d9ef1e356436c37,17c352a9a635fa536bae4092284de75dc608d1b65e2557dab745518755b942ec,1,221,1,223,0,-1,0,-1
insertion,Gaussian recovery,47,96006,observation_noise,0,0,0.015957726165652275,0.009055340704508126,213782c703ed36901e67716ddb52e51ef83da5d530bc8d664d9ef1e356436c37,710134d24806e01134a6b6ca005d9c0c3708946918760ec5d7c99ee730f39704,1,218,1,219,0,-1,0,-1
insertion,Gaussian recovery,47,96006,noise_joints,0,0,0.01473653968423605,0.0036075462424196305,213782c703ed36901e67716ddb52e51ef83da5d530bc8d664d9ef1e356436c37,00887e6ca6c7aafd4096ad3d03ba0569193189570ce2c82bf3e0943d1e539e26,1,219,1,220,0,-1,0,-1
insertion,Gaussian recovery,47,96006,noise_objects,0,0,0.014608219265937805,0.00785896611516364,213782c703ed36901e67716ddb52e51ef83da5d530bc8d664d9ef1e356436c37,837385060690546706cc412af253b66e051ed523230606b1d2af0571ec765357,1,213,1,219,1,396,0,-1
insertion,Gaussian recovery,47,96006,noise_low_support,0,0,0.013995247893035412,0.0,213782c703ed36901e67716ddb52e51ef83da5d530bc8d664d9ef1e356436c37,7e251df9d4afa8ee6f39c43aab5a7cd80d9e832d0277c6d372c5c54e2969d373,1,221,1,223,0,-1,0,-1
insertion,Gaussian recovery,47,96006,noise_supported,0,0,0.015957726165652275,0.009055340704508126,213782c703ed36901e67716ddb52e51ef83da5d530bc8d664d9ef1e356436c37,710134d24806e01134a6b6ca005d9c0c3708946918760ec5d7c99ee730f39704,1,218,1,219,0,-1,0,-1
insertion,Gaussian recovery,47,96006,replan_1,0,0,0.008571924641728401,0.0,213782c703ed36901e67716ddb52e51ef83da5d530bc8d664d9ef1e356436c37,ab1502fd2ee2540b9e647ea25f5bf93de3887ed3ed58b5a62791adcafc4f962f,1,220,1,220,0,-1,0,-1
insertion,Gaussian recovery,47,96006,replan_1_ensemble,0,0,0.007979522368410907,0.0,213782c703ed36901e67716ddb52e51ef83da5d530bc8d664d9ef1e356436c37,486e9f272f7591da1c0d74f6676e94bb50250f832a7f8b288639976edab51a04,1,226,1,226,0,-1,0,-1
insertion,Gaussian recovery,47,96006,replan_16,0,0,0.013717934489250183,0.0,213782c703ed36901e67716ddb52e51ef83da5d530bc8d664d9ef1e356436c37,d0ac363745335fce62ab7fabe6f7a0aa9b7eaefd4115a5812ff8e7ab67ec285c,1,217,1,220,0,-1,0,-1
insertion,Gaussian recovery,47,96007,nominal,0,0,0.013455471955239773,0.0,213782c703ed36901e67716ddb52e51ef83da5d530bc8d664d9ef1e356436c37,94eab127b67765253ea1114a105261dfaeec5e1e69858143e96f54b233ba5b81,1,227,1,227,0,-1,0,-1
insertion,Gaussian recovery,47,96007,observation_noise,0,0,0.013991545885801315,0.008504420719109475,213782c703ed36901e67716ddb52e51ef83da5d530bc8d664d9ef1e356436c37,8c8c5e20a0ebae7cb9855645868928192b857eae228bee132235fa88a4751ec0,1,217,1,222,0,-1,0,-1
insertion,Gaussian recovery,47,96007,noise_joints,0,0,0.013674970716238022,0.0035050160670652987,213782c703ed36901e67716ddb52e51ef83da5d530bc8d664d9ef1e356436c37,9701be94e58bce075bafa60212a9cc6563d15c8e70380536b8e2fb506eca54bd,1,224,1,224,1,379,0,-1
insertion,Gaussian recovery,47,96007,noise_objects,0,0,0.01419307105243206,0.007650210434803739,213782c703ed36901e67716ddb52e51ef83da5d530bc8d664d9ef1e356436c37,c91cc2895eafe3db5b73f56b5304606afbfe1e93fc3b68ae892a23b8476a837b,1,219,1,220,0,-1,0,-1
insertion,Gaussian recovery,47,96007,noise_low_support,0,0,0.013455471955239773,0.0,213782c703ed36901e67716ddb52e51ef83da5d530bc8d664d9ef1e356436c37,4d9b6876a29bc6249fe7066ff3bef959086f445e2b7d9c9ce3587211ed50da6b,1,227,1,227,0,-1,0,-1
insertion,Gaussian recovery,47,96007,noise_supported,0,0,0.013991545885801315,0.008504420719109475,213782c703ed36901e67716ddb52e51ef83da5d530bc8d664d9ef1e356436c37,8c8c5e20a0ebae7cb9855645868928192b857eae228bee132235fa88a4751ec0,1,217,1,222,0,-1,0,-1
insertion,Gaussian recovery,47,96007,replan_1,0,0,0.003564804559573531,0.0,213782c703ed36901e67716ddb52e51ef83da5d530bc8d664d9ef1e356436c37,0ae87a6c8d6b06d7d54dd86ec96ccf3001e835ef963663a0a84a69b9706f4667,0,-1,0,-1,0,-1,0,-1
insertion,Gaussian recovery,47,96007,replan_1_ensemble,0,0,0.008005162036133853,0.0,213782c703ed36901e67716ddb52e51ef83da5d530bc8d664d9ef1e356436c37,234cb8d81e15e33748e9730f12e9650ce85690b8d96f10c82817b86343748f57,1,227,1,227,0,-1,0,-1
insertion,Gaussian recovery,47,96007,replan_16,1,1,0.012680363841354847,0.0,213782c703ed36901e67716ddb52e51ef83da5d530bc8d664d9ef1e356436c37,6c383c8df5c6cce263cd0070c95e337f4bac9a11449c81151d76582b25cb10d8,1,214,1,222,1,366,1,366
insertion,Gaussian recovery,47,96008,nominal,0,0,0.014614650048315525,0.0,213782c703ed36901e67716ddb52e51ef83da5d530bc8d664d9ef1e356436c37,47940687923bc67d00bed6695ca58f6e79e1333d5fb301ca971109a8ed3aedd9,1,206,1,214,1,307,0,-1
insertion,Gaussian recovery,47,96008,observation_noise,0,0,0.01603839173913002,0.009307963983155787,213782c703ed36901e67716ddb52e51ef83da5d530bc8d664d9ef1e356436c37,1b873d216ae7ce237a88525861fc81c913b75b4a9d9c7f7db680493ae11652df,1,205,1,212,1,307,0,-1
insertion,Gaussian recovery,47,96008,noise_joints,0,0,0.01478432584553957,0.0041049484966788445,213782c703ed36901e67716ddb52e51ef83da5d530bc8d664d9ef1e356436c37,a66276f963dd730e61a8b90b2094c0607c95eb08ad9980b82aebc11c05b9075b,1,207,1,212,1,309,0,-1
insertion,Gaussian recovery,47,96008,noise_objects,0,0,0.016256622970104218,0.007734517322387546,213782c703ed36901e67716ddb52e51ef83da5d530bc8d664d9ef1e356436c37,b5ab4460a029a1bcf0618e1ccb581f2ff6a7aee8605b632e26ef6dd4ee2ba12d,1,211,1,212,0,-1,0,-1
insertion,Gaussian recovery,47,96008,noise_low_support,0,0,0.014614650048315525,0.0,213782c703ed36901e67716ddb52e51ef83da5d530bc8d664d9ef1e356436c37,3538601ccea44a002165ae05c86c3e2fa32783eba043037bde5577af04ce5dba,1,206,1,214,1,307,0,-1
insertion,Gaussian recovery,47,96008,noise_supported,0,0,0.01603839173913002,0.009307963983155787,213782c703ed36901e67716ddb52e51ef83da5d530bc8d664d9ef1e356436c37,1b873d216ae7ce237a88525861fc81c913b75b4a9d9c7f7db680493ae11652df,1,205,1,212,1,307,0,-1
insertion,Gaussian recovery,47,96008,replan_1,0,0,0.008106555789709091,0.0,213782c703ed36901e67716ddb52e51ef83da5d530bc8d664d9ef1e356436c37,db770bba1ac62d18e8c14bf8a84080390b20e9b8333ef3e582965239b3924037,1,198,1,213,1,348,0,-1
insertion,Gaussian recovery,47,96008,replan_1_ensemble,0,0,0.008581748035109114,0.0,213782c703ed36901e67716ddb52e51ef83da5d530bc8d664d9ef1e356436c37,7e107e52b7f44e3bae39e156499ca1552551d9276d45d299e509fdd69b322466,1,207,1,216,1,311,0,-1
insertion,Gaussian recovery,47,96008,replan_16,1,1,0.013012528419494629,0.0,213782c703ed36901e67716ddb52e51ef83da5d530bc8d664d9ef1e356436c37,03d3d204221ae35818ce3b59e61d33bab4a665810ef8c6bc0961552fd5df96f6,1,212,1,214,1,349,1,349
insertion,Gaussian recovery,47,96009,nominal,1,1,0.013559007085859776,0.0,213782c703ed36901e67716ddb52e51ef83da5d530bc8d664d9ef1e356436c37,09ec18f79a677b25112fbe0a0495eadcf308ab1d1a172592ef7188dd85af1775,1,217,1,222,1,327,1,349
insertion,Gaussian recovery,47,96009,observation_noise,1,0,0.014559355564415455,0.00831688854843378,213782c703ed36901e67716ddb52e51ef83da5d530bc8d664d9ef1e356436c37,5a70c2ff8bba7b458b3324bc0897bf2df64501f128e9cb20eb44c3df4dcf75d0,1,209,1,209,1,356,1,372
insertion,Gaussian recovery,47,96009,noise_joints,1,1,0.014000441879034042,0.003667447508778423,213782c703ed36901e67716ddb52e51ef83da5d530bc8d664d9ef1e356436c37,1af284300d43f7069b76b1057c445af0195d28b7d61a3917a3a633f70778f392,1,213,1,216,1,348,1,355
insertion,Gaussian recovery,47,96009,noise_objects,1,1,0.014197710901498795,0.00722349374787882,213782c703ed36901e67716ddb52e51ef83da5d530bc8d664d9ef1e356436c37,2a55067dba98d438ffe82255d9536454d635ada9ab5ecf1829fbd2bb496c3b34,1,211,1,218,1,364,1,364
insertion,Gaussian recovery,47,96009,noise_low_support,1,1,0.013559007085859776,0.0,213782c703ed36901e67716ddb52e51ef83da5d530bc8d664d9ef1e356436c37,dd4b55821628e511ab4ff1703ff0b68168489f6ddd50835a016786d785981636,1,217,1,222,1,327,1,349
insertion,Gaussian recovery,47,96009,noise_supported,1,0,0.014559355564415455,0.00831688854843378,213782c703ed36901e67716ddb52e51ef83da5d530bc8d664d9ef1e356436c37,5a70c2ff8bba7b458b3324bc0897bf2df64501f128e9cb20eb44c3df4dcf75d0,1,209,1,209,1,356,1,372
insertion,Gaussian recovery,47,96009,replan_1,0,0,0.0033296821638941765,0.0,213782c703ed36901e67716ddb52e51ef83da5d530bc8d664d9ef1e356436c37,0219aece131997b74a6fd35fd726d6a7774b524f2d060f5365201dc7dd8f5743,0,-1,0,-1,0,-1,0,-1
insertion,Gaussian recovery,47,96009,replan_1_ensemble,0,0,0.008151819946148909,0.0,213782c703ed36901e67716ddb52e51ef83da5d530bc8d664d9ef1e356436c37,d0c1172f3377b6c33a611a3bd591b0f34db70226285160d546eec0552068a62d,1,232,1,232,0,-1,0,-1
insertion,Gaussian recovery,47,96009,replan_16,1,1,0.013340338133275509,0.0,213782c703ed36901e67716ddb52e51ef83da5d530bc8d664d9ef1e356436c37,fc5ee40cb7db019fa48bf020579979039570bc4bc07ad4cfe703ca40aadaffa0,1,212,1,219,1,346,1,346
insertion,Gaussian recovery,47,96010,nominal,0,0,0.012785219587385654,0.0,213782c703ed36901e67716ddb52e51ef83da5d530bc8d664d9ef1e356436c37,a0b87538d3f429d8034d580171a02c174427371dac01b87b28fc8e012d6403f4,1,219,1,225,0,-1,0,-1
insertion,Gaussian recovery,47,96010,observation_noise,1,0,0.013782029040157795,0.007907249839045108,213782c703ed36901e67716ddb52e51ef83da5d530bc8d664d9ef1e356436c37,8ab3a9b22ac569dbb74f080fe63d179af0ed742b6d7e297899e9bf5bb4552947,1,217,1,219,1,323,1,331
insertion,Gaussian recovery,47,96010,noise_joints,1,0,0.013143456541001797,0.003686506235972047,213782c703ed36901e67716ddb52e51ef83da5d530bc8d664d9ef1e356436c37,12d67cd24e440122aa03e63c3616d9abff2cb13ce9ae0840d212fa3bd3a8b24c,1,220,1,222,1,334,1,365
insertion,Gaussian recovery,47,96010,noise_objects,1,0,0.013427780009806156,0.006674712859094143,213782c703ed36901e67716ddb52e51ef83da5d530bc8d664d9ef1e356436c37,b7bd31825b7b6c36f05dbe2864a330122b069d8e27bf06e33216571dae4ae3a2,1,218,1,221,1,338,1,355
insertion,Gaussian recovery,47,96010,noise_low_support,0,0,0.012785219587385654,0.0,213782c703ed36901e67716ddb52e51ef83da5d530bc8d664d9ef1e356436c37,b178ddec2767a8c912614af06b61e5d702d02d2b6c45660176dc8deacf650514,1,219,1,225,0,-1,0,-1
insertion,Gaussian recovery,47,96010,noise_supported,1,0,0.013782029040157795,0.007907249839045108,213782c703ed36901e67716ddb52e51ef83da5d530bc8d664d9ef1e356436c37,8ab3a9b22ac569dbb74f080fe63d179af0ed742b6d7e297899e9bf5bb4552947,1,217,1,219,1,323,1,331
insertion,Gaussian recovery,47,96010,replan_1,0,0,0.0037309329491108656,0.0,213782c703ed36901e67716ddb52e51ef83da5d530bc8d664d9ef1e356436c37,70cc0293ceb4042d5e50b723214d3e1cc7e7d8e3391e2f59424382fd1740c7d6,0,-1,0,-1,0,-1,0,-1
insertion,Gaussian recovery,47,96010,replan_1_ensemble,0,0,0.007707649754100443,0.0,213782c703ed36901e67716ddb52e51ef83da5d530bc8d664d9ef1e356436c37,f79e4b2aa95c8ab6b7467881b85e6746153d35e06d821ed8dbf612d58d6e7a42,1,224,1,228,1,393,0,-1
insertion,Gaussian recovery,47,96010,replan_16,1,1,0.012767278589308262,0.0,213782c703ed36901e67716ddb52e51ef83da5d530bc8d664d9ef1e356436c37,3e661fff846774fe770ab20fd3cd892e5d9d3445fe29ad4dee2f0455533acb1c,1,208,1,218,1,381,1,381
insertion,Gaussian recovery,47,96011,nominal,0,0,0.012661756947636604,0.0,213782c703ed36901e67716ddb52e51ef83da5d530bc8d664d9ef1e356436c37,21b019e2abb8e2c8bf206dac5be7e3884ef1218a7d5548ce0c7856d1d1baf5b1,1,221,1,227,0,-1,0,-1
insertion,Gaussian recovery,47,96011,observation_noise,0,0,0.013726213946938515,0.008418681127950549,213782c703ed36901e67716ddb52e51ef83da5d530bc8d664d9ef1e356436c37,c9c46522555c97a85028e977a413936266f4f11f73905dbaf9f729e5488699c4,1,207,1,220,1,308,0,-1
insertion,Gaussian recovery,47,96011,noise_joints,0,0,0.01286338735371828,0.0035385354643221946,213782c703ed36901e67716ddb52e51ef83da5d530bc8d664d9ef1e356436c37,aaa67d9392e5945609bcc0984be53035c222e1902b4c20087eb0dfd5cf73bad8,1,213,1,220,0,-1,0,-1
insertion,Gaussian recovery,47,96011,noise_objects,0,0,0.01352673303335905,0.007284855954349041,213782c703ed36901e67716ddb52e51ef83da5d530bc8d664d9ef1e356436c37,bf18dbbbd47a27f768ead90806f7945722c53cba7aa233bf25603187943570ae,1,222,1,224,0,-1,0,-1
insertion,Gaussian recovery,47,96011,noise_low_support,0,0,0.012661756947636604,0.0,213782c703ed36901e67716ddb52e51ef83da5d530bc8d664d9ef1e356436c37,6270df48d9ffdee7ca44b98afdf26c63a1ca378a21338dc8108247aa1d9117fa,1,221,1,227,0,-1,0,-1
insertion,Gaussian recovery,47,96011,noise_supported,0,0,0.013726213946938515,0.008418681127950549,213782c703ed36901e67716ddb52e51ef83da5d530bc8d664d9ef1e356436c37,c9c46522555c97a85028e977a413936266f4f11f73905dbaf9f729e5488699c4,1,207,1,220,1,308,0,-1
insertion,Gaussian recovery,47,96011,replan_1,0,0,0.003725196700543165,0.0,213782c703ed36901e67716ddb52e51ef83da5d530bc8d664d9ef1e356436c37,46a59df56ac8c80534810f10d4d3c6f62908154a6303ad01681d570283e074ea,0,-1,0,-1,0,-1,0,-1
insertion,Gaussian recovery,47,96011,replan_1_ensemble,0,0,0.007718856179571092,0.0,213782c703ed36901e67716ddb52e51ef83da5d530bc8d664d9ef1e356436c37,2bd80ae40ebc112bff98a49e9522cfd2b050a0c84d4c112b35e220d702953dbc,1,226,1,227,1,397,0,-1
insertion,Gaussian recovery,47,96011,replan_16,1,1,0.012717010453343391,0.0,213782c703ed36901e67716ddb52e51ef83da5d530bc8d664d9ef1e356436c37,cfbcf11ececf219a1286014b7646aef25126e461161c8db59196e00598e2152e,1,212,1,227,1,399,1,399
insertion,Gaussian recovery,47,96012,nominal,0,0,0.013170989230275154,0.0,213782c703ed36901e67716ddb52e51ef83da5d530bc8d664d9ef1e356436c37,34d0cbc464b951a9f1af862a66ba0dc4064fd4e4ae46bb59e461b91255ad1477,1,214,1,214,0,-1,0,-1
insertion,Gaussian recovery,47,96012,observation_noise,0,0,0.013782823458313942,0.00801377756986767,213782c703ed36901e67716ddb52e51ef83da5d530bc8d664d9ef1e356436c37,904099f9c6b6763fd9b6fbe5195cbba6ff9a5803ce539d38645388c0969d8160,1,218,1,220,0,-1,0,-1
insertion,Gaussian recovery,47,96012,noise_joints,0,0,0.013307378627359867,0.003558803256601095,213782c703ed36901e67716ddb52e51ef83da5d530bc8d664d9ef1e356436c37,6cd3904ee5de9b18b55ca7b0bc4315476bbc6a1607f67f24760dbf66623c3009,1,217,1,222,0,-1,0,-1
insertion,Gaussian recovery,47,96012,noise_objects,0,0,0.013706563040614128,0.00691678055562079,213782c703ed36901e67716ddb52e51ef83da5d530bc8d664d9ef1e356436c37,50f5dc2557cb232ec2471aec855530dba44272214699ea94fcda01de08f87fd8,1,214,1,222,0,-1,0,-1
insertion,Gaussian recovery,47,96012,noise_low_support,0,0,0.013170989230275154,0.0,213782c703ed36901e67716ddb52e51ef83da5d530bc8d664d9ef1e356436c37,b1633788eb065583d58c435aa71ed7684ac0b67a2be84dd07c60cfa87f5d5189,1,214,1,214,0,-1,0,-1
insertion,Gaussian recovery,47,96012,noise_supported,0,0,0.013782823458313942,0.00801377756986767,213782c703ed36901e67716ddb52e51ef83da5d530bc8d664d9ef1e356436c37,904099f9c6b6763fd9b6fbe5195cbba6ff9a5803ce539d38645388c0969d8160,1,218,1,220,0,-1,0,-1
insertion,Gaussian recovery,47,96012,replan_1,0,0,0.0034383630845695734,0.0,213782c703ed36901e67716ddb52e51ef83da5d530bc8d664d9ef1e356436c37,08c686d829f3972abb49133d5de9390332d576f311ad3de98eb5fd6332a0daab,0,-1,0,-1,0,-1,0,-1
insertion,Gaussian recovery,47,96012,replan_1_ensemble,0,0,0.008068514104021797,0.0,213782c703ed36901e67716ddb52e51ef83da5d530bc8d664d9ef1e356436c37,b6ac1cc2918670637927d1af8d94d1cc53f66a66f715b359789529b40d6d9031,1,211,1,220,0,-1,0,-1
insertion,Gaussian recovery,47,96012,replan_16,1,1,0.012668013572692871,0.0,213782c703ed36901e67716ddb52e51ef83da5d530bc8d664d9ef1e356436c37,f081aad3f39dac58be95cd104e756947bd71565a83c8e6a8d9f927a1817b09b6,1,214,1,214,1,378,1,378
insertion,Gaussian recovery,47,96013,nominal,0,0,0.012640015222132206,0.0,213782c703ed36901e67716ddb52e51ef83da5d530bc8d664d9ef1e356436c37,a3e26df48bddc5c160d788e1de94689962a23f57fd5d3a269241dd036f1dd4f4,1,213,1,220,0,-1,0,-1
insertion,Gaussian recovery,47,96013,observation_noise,0,0,0.013758144341409206,0.008706911471672357,213782c703ed36901e67716ddb52e51ef83da5d530bc8d664d9ef1e356436c37,5a1bc8094003ba34f6b4d6dc49c46539b795e8014656beb0477cd75f2c819425,1,214,1,219,0,-1,0,-1
insertion,Gaussian recovery,47,96013,noise_joints,0,0,0.012711119838058949,0.0036166415829211474,213782c703ed36901e67716ddb52e51ef83da5d530bc8d664d9ef1e356436c37,6c0e75425bf3b33925b33f88a972620004c89a148bfff5fde126335d0bfa2f82,1,213,1,220,0,-1,0,-1
insertion,Gaussian recovery,47,96013,noise_objects,0,0,0.013681100681424141,0.007529199745040387,213782c703ed36901e67716ddb52e51ef83da5d530bc8d664d9ef1e356436c37,16f1f508265d9d798a663088a6c4d9940aac79ddf0aae6405d0b7b06f212c4e9,1,213,1,219,0,-1,0,-1
insertion,Gaussian recovery,47,96013,noise_low_support,0,0,0.012640015222132206,0.0,213782c703ed36901e67716ddb52e51ef83da5d530bc8d664d9ef1e356436c37,dbd95ca5351a43bbf8639eed9a9aa3282669c0428c3b6f26d8029662b372f49e,1,213,1,220,0,-1,0,-1
insertion,Gaussian recovery,47,96013,noise_supported,0,0,0.013758144341409206,0.008706911471672357,213782c703ed36901e67716ddb52e51ef83da5d530bc8d664d9ef1e356436c37,5a1bc8094003ba34f6b4d6dc49c46539b795e8014656beb0477cd75f2c819425,1,214,1,219,0,-1,0,-1
insertion,Gaussian recovery,47,96013,replan_1,0,0,0.0034258717205375433,0.0,213782c703ed36901e67716ddb52e51ef83da5d530bc8d664d9ef1e356436c37,a165540d0abc883133a71a86684f12abc3ed3401637e9867d1be76e041f3f4e4,0,-1,0,-1,0,-1,0,-1
insertion,Gaussian recovery,47,96013,replan_1_ensemble,0,0,0.007646293297656397,0.0,213782c703ed36901e67716ddb52e51ef83da5d530bc8d664d9ef1e356436c37,7b775ad9c376e3be3f75e8c72fcc8cdd67c7ce6d189b538736a691de9745dcec,1,211,1,217,0,-1,0,-1
insertion,Gaussian recovery,47,96013,replan_16,0,0,0.01219152845442295,0.0,213782c703ed36901e67716ddb52e51ef83da5d530bc8d664d9ef1e356436c37,424b15635653e4501212eeb62972fde91470c28cd4361513226f0d42c3fb0b6e,1,210,1,223,0,-1,0,-1
insertion,Gaussian recovery,47,96014,nominal,0,0,0.012491121888160706,0.0,213782c703ed36901e67716ddb52e51ef83da5d530bc8d664d9ef1e356436c37,64f205db1d2cf85bb8e6deeb4751ee79742d7159a73d5a88a5acd072e087f367,1,214,1,220,0,-1,0,-1
insertion,Gaussian recovery,47,96014,observation_noise,0,0,0.013417701236903667,0.00857110322918743,213782c703ed36901e67716ddb52e51ef83da5d530bc8d664d9ef1e356436c37,4d7ab767b6128ec1488b5d84e91f7232c6bc86aaa5815d56ad18043ebd1c52fb,1,210,1,215,0,-1,0,-1
insertion,Gaussian recovery,47,96014,noise_joints,0,0,0.01260368525981903,0.003698243508115411,213782c703ed36901e67716ddb52e51ef83da5d530bc8d664d9ef1e356436c37,d22ce2b5dd00396f8b35648dc6a5d085d217057a669eadc258c9ac37404660d4,1,212,1,218,0,-1,0,-1
insertion,Gaussian recovery,47,96014,noise_objects,0,0,0.013255646452307701,0.007802903463598341,213782c703ed36901e67716ddb52e51ef83da5d530bc8d664d9ef1e356436c37,2dfcc47762a26f18fd01b65f016dc20befcdc059236120921f06ddeedd8759be,1,208,1,218,0,-1,0,-1
insertion,Gaussian recovery,47,96014,noise_low_support,0,0,0.012491121888160706,0.0,213782c703ed36901e67716ddb52e51ef83da5d530bc8d664d9ef1e356436c37,a3f4cc83c46c3854d6689ec9cc8ec90413a9f7e20a8cdbe6527dd0242be99dc7,1,214,1,220,0,-1,0,-1
insertion,Gaussian recovery,47,96014,noise_supported,0,0,0.013417701236903667,0.00857110322918743,213782c703ed36901e67716ddb52e51ef83da5d530bc8d664d9ef1e356436c37,4d7ab767b6128ec1488b5d84e91f7232c6bc86aaa5815d56ad18043ebd1c52fb,1,210,1,215,0,-1,0,-1
insertion,Gaussian recovery,47,96014,replan_1,0,0,0.0034240700770169497,0.0,213782c703ed36901e67716ddb52e51ef83da5d530bc8d664d9ef1e356436c37,e8857e60bc99b2a10f3125c2b1bc3e890a0c7c8ae77d2ec12a6bc7cb31864593,0,-1,0,-1,0,-1,0,-1
insertion,Gaussian recovery,47,96014,replan_1_ensemble,0,0,0.0076343393391078524,0.0,213782c703ed36901e67716ddb52e51ef83da5d530bc8d664d9ef1e356436c37,17909ddb656105cb8d133cf075bf5c1d75163415a1175e2501b8306b6953f679,1,213,1,217,0,-1,0,-1
insertion,Gaussian recovery,47,96014,replan_16,0,0,0.012168127112090588,0.0,213782c703ed36901e67716ddb52e51ef83da5d530bc8d664d9ef1e356436c37,46249f3446295177c0818c45c64ecbb8588342da4f4f6f27c994b02b682d9f14,1,210,1,224,0,-1,0,-1
insertion,Gaussian recovery,47,96015,nominal,0,0,0.013585608452558517,0.0,213782c703ed36901e67716ddb52e51ef83da5d530bc8d664d9ef1e356436c37,a000096f81b7dcf7dcfba3b7067825b3a24021a42994976bb0f8a8e83f59e249,1,211,1,211,1,302,0,-1
insertion,Gaussian recovery,47,96015,observation_noise,0,0,0.014052393846213818,0.008356584925204516,213782c703ed36901e67716ddb52e51ef83da5d530bc8d664d9ef1e356436c37,b3730b1165336bf7a98a5598b498845141eaa3adf51c945ce4b483517e414eed,1,212,1,214,1,329,0,-1
insertion,Gaussian recovery,47,96015,noise_joints,0,0,0.013682449236512184,0.003550787337590009,213782c703ed36901e67716ddb52e51ef83da5d530bc8d664d9ef1e356436c37,393e7b4d1318d0668599e2c80b92a12f51dfaea9a537bf660928f93aa4b4adfa,1,211,1,214,1,301,0,-1
insertion,Gaussian recovery,47,96015,noise_objects,0,0,0.01395922526717186,0.007383500958094373,213782c703ed36901e67716ddb52e51ef83da5d530bc8d664d9ef1e356436c37,2d15542dea2760b9a07eba730de57f137609b27de6b8d5dcc6153c33cbd389ad,1,212,1,218,1,315,0,-1
insertion,Gaussian recovery,47,96015,noise_low_support,0,0,0.013585608452558517,0.0,213782c703ed36901e67716ddb52e51ef83da5d530bc8d664d9ef1e356436c37,d289e9bb9de03e76d0d1c3d997c08f812b93ad023a77f8d082f423b4159e4f9e,1,211,1,211,1,302,0,-1
insertion,Gaussian recovery,47,96015,noise_supported,0,0,0.014052393846213818,0.008356584925204516,213782c703ed36901e67716ddb52e51ef83da5d530bc8d664d9ef1e356436c37,b3730b1165336bf7a98a5598b498845141eaa3adf51c945ce4b483517e414eed,1,212,1,214,1,329,0,-1
insertion,Gaussian recovery,47,96015,replan_1,0,0,0.0033646803349256516,0.0,213782c703ed36901e67716ddb52e51ef83da5d530bc8d664d9ef1e356436c37,38290897ab8785325f2ca1d86625a5ced407bf5fc56768cb7815d5ff233e92df,0,-1,0,-1,0,-1,0,-1
insertion,Gaussian recovery,47,96015,replan_1_ensemble,0,0,0.00777777210573108,0.0,213782c703ed36901e67716ddb52e51ef83da5d530bc8d664d9ef1e356436c37,bcc0dfded634540d3624a722f09476f984213ff4dea0a2c4e68d66c13fce6cdb,1,227,1,228,0,-1,0,-1
insertion,Gaussian recovery,47,96015,replan_16,1,1,0.013676869682967663,0.0,213782c703ed36901e67716ddb52e51ef83da5d530bc8d664d9ef1e356436c37,4f597f668087e1ecaedf47320d3a9bb7ed7c9295013ca9164834d663782f3513,1,211,1,214,1,308,1,321
insertion,Gaussian recovery,47,96016,nominal,0,0,0.012156468816101551,0.0,213782c703ed36901e67716ddb52e51ef83da5d530bc8d664d9ef1e356436c37,4264919e706485417cfb72b6c2aded3f53c82a40d2876b25ddbee64f64d19bf0,1,211,1,213,0,-1,0,-1
insertion,Gaussian recovery,47,96016,observation_noise,0,0,0.013326529413461685,0.008704668323043735,213782c703ed36901e67716ddb52e51ef83da5d530bc8d664d9ef1e356436c37,3c5887e419f4baba2a959651bdbd9e63bf25bc9b23810ab4299965c4a6c2b0f1,1,212,1,215,0,-1,0,-1
insertion,Gaussian recovery,47,96016,noise_joints,0,0,0.012288440950214863,0.0035774280701298265,213782c703ed36901e67716ddb52e51ef83da5d530bc8d664d9ef1e356436c37,f7879462e6c4e3f45b4552e7e3e4a335a779a31e2698c08487db2fb8fecd48f2,1,211,1,218,0,-1,0,-1
insertion,Gaussian recovery,47,96016,noise_objects,0,0,0.013170244172215462,0.00806556681985967,213782c703ed36901e67716ddb52e51ef83da5d530bc8d664d9ef1e356436c37,773b7b65b16b1d6ef840cb0cccadf0339d24f89222da4a1e3fa0a822b270a801,1,212,1,215,0,-1,0,-1
insertion,Gaussian recovery,47,96016,noise_low_support,0,0,0.012156468816101551,0.0,213782c703ed36901e67716ddb52e51ef83da5d530bc8d664d9ef1e356436c37,aa977fec267b687e7ebaa9b9bc7e856e672e6e8390d176a9901c692cf9d7ff29,1,211,1,213,0,-1,0,-1
insertion,Gaussian recovery,47,96016,noise_supported,0,0,0.013326529413461685,0.008704668323043735,213782c703ed36901e67716ddb52e51ef83da5d530bc8d664d9ef1e356436c37,3c5887e419f4baba2a959651bdbd9e63bf25bc9b23810ab4299965c4a6c2b0f1,1,212,1,215,0,-1,0,-1
insertion,Gaussian recovery,47,96016,replan_1,0,0,0.003398970467969775,0.0,213782c703ed36901e67716ddb52e51ef83da5d530bc8d664d9ef1e356436c37,50ad71837de4389c8afc0149b1102a4fbaedd52b5ee0df46c341f0f1d8807522,0,-1,0,-1,0,-1,0,-1
insertion,Gaussian recovery,47,96016,replan_1_ensemble,0,0,0.0073878070639669365,0.0,213782c703ed36901e67716ddb52e51ef83da5d530bc8d664d9ef1e356436c37,26f933aab157486d443b9c674af4d4c07324fd8f3e6add4943e9c38c6e5bb3e3,1,211,1,213,0,-1,0,-1
insertion,Gaussian recovery,47,96016,replan_16,0,0,0.01184685155749321,0.0,213782c703ed36901e67716ddb52e51ef83da5d530bc8d664d9ef1e356436c37,4e89d2891d354bf1d4e74df279fd507f88dc3c3c0f779ba6fc7518b8c978ca90,1,211,1,215,0,-1,0,-1
insertion,Gaussian recovery,47,96017,nominal,0,0,0.012938965111970901,0.0,213782c703ed36901e67716ddb52e51ef83da5d530bc8d664d9ef1e356436c37,e9bcfadffd60aefd835197dd54deee8a69dfc7563084b7cd9e924fc1484bc227,1,221,1,228,0,-1,0,-1
insertion,Gaussian recovery,47,96017,observation_noise,0,0,0.013954338617622852,0.008019746760837734,213782c703ed36901e67716ddb52e51ef83da5d530bc8d664d9ef1e356436c37,b20051e7f71a475db723ee0a8a1f02ee4fdbaca4607857758b5ee225fa3a73ad,1,213,1,221,0,-1,0,-1
insertion,Gaussian recovery,47,96017,noise_joints,0,0,0.013528339564800262,0.003929969829041511,213782c703ed36901e67716ddb52e51ef83da5d530bc8d664d9ef1e356436c37,095da43fd45a8948c1bf50099fa0532fbbae6221c91ffc4e54c540064f1a7da3,1,213,1,218,0,-1,0,-1
insertion,Gaussian recovery,47,96017,noise_objects,0,0,0.013370906002819538,0.006586227170191705,213782c703ed36901e67716ddb52e51ef83da5d530bc8d664d9ef1e356436c37,d62ed5cca958a6164875106bb8aab23686532f61f074c2bc3c81b0da734d1f0b,1,218,1,226,0,-1,0,-1
insertion,Gaussian recovery,47,96017,noise_low_support,0,0,0.012938965111970901,0.0,213782c703ed36901e67716ddb52e51ef83da5d530bc8d664d9ef1e356436c37,c10cbaacde8519cb8ce94e9f2b214cbdabbc4dd9b179a3a36cc1f4a688de1947,1,221,1,228,0,-1,0,-1
insertion,Gaussian recovery,47,96017,noise_supported,0,0,0.013954338617622852,0.008019746760837734,213782c703ed36901e67716ddb52e51ef83da5d530bc8d664d9ef1e356436c37,b20051e7f71a475db723ee0a8a1f02ee4fdbaca4607857758b5ee225fa3a73ad,1,213,1,221,0,-1,0,-1
insertion,Gaussian recovery,47,96017,replan_1,0,0,0.0037986591923981905,0.0,213782c703ed36901e67716ddb52e51ef83da5d530bc8d664d9ef1e356436c37,730a3190a416d13b49a4e5d9cbc13134f214e69f596c048c19c7456bd43bbe42,0,-1,0,-1,0,-1,0,-1
insertion,Gaussian recovery,47,96017,replan_1_ensemble,0,0,0.00790593397961375,0.0,213782c703ed36901e67716ddb52e51ef83da5d530bc8d664d9ef1e356436c37,28dd3f8f6235fc58cf03e83cd74ac0961b3fec39c65006322fac6160d333bac0,1,223,1,230,0,-1,0,-1
insertion,Gaussian recovery,47,96017,replan_16,1,1,0.012830543331801891,0.0,213782c703ed36901e67716ddb52e51ef83da5d530bc8d664d9ef1e356436c37,51da17b6e4d6be5a289e816eaa15b685ad1c951c3dabe37245c02d6d91331db0,1,214,1,221,1,381,1,381
insertion,Gaussian recovery,47,96018,nominal,0,0,0.01292575802654028,0.0,213782c703ed36901e67716ddb52e51ef83da5d530bc8d664d9ef1e356436c37,dd46708ac47c5b34e25292b1ec65b114cc1ca415dcafd3d12096bf19b8b8890b,1,198,1,214,0,-1,0,-1
insertion,Gaussian recovery,47,96018,observation_noise,0,0,0.01392451673746109,0.008348347845021635,213782c703ed36901e67716ddb52e51ef83da5d530bc8d664d9ef1e356436c37,55827ba4e0846f6ad51ae34189b9351ae363e25690ddc66aa74b4678de95536a,1,201,1,214,0,-1,0,-1
insertion,Gaussian recovery,47,96018,noise_joints,0,0,0.013167645782232285,0.0033631563757080584,213782c703ed36901e67716ddb52e51ef83da5d530bc8d664d9ef1e356436c37,b55223344bac5d4e1494025666884b07c4283523938664ccc47dcae887474cee,1,197,1,214,0,-1,0,-1
insertion,Gaussian recovery,47,96018,noise_objects,0,0,0.013932605274021626,0.007196374845225364,213782c703ed36901e67716ddb52e51ef83da5d530bc8d664d9ef1e356436c37,5c647123ca1b895c06b5cbb2c8e34c599730db437a0c0129ed0b92ea1c1a9e0f,1,202,1,203,0,-1,0,-1
insertion,Gaussian recovery,47,96018,noise_low_support,0,0,0.01292575802654028,0.0,213782c703ed36901e67716ddb52e51ef83da5d530bc8d664d9ef1e356436c37,79336752ab6ef0e10cf03064f13fcba508b4c13f9a2b499e9b0a1fa8000c782f,1,198,1,214,0,-1,0,-1
insertion,Gaussian recovery,47,96018,noise_supported,0,0,0.01392451673746109,0.008348347845021635,213782c703ed36901e67716ddb52e51ef83da5d530bc8d664d9ef1e356436c37,55827ba4e0846f6ad51ae34189b9351ae363e25690ddc66aa74b4678de95536a,1,201,1,214,0,-1,0,-1
insertion,Gaussian recovery,47,96018,replan_1,0,0,0.003295333357527852,0.0,213782c703ed36901e67716ddb52e51ef83da5d530bc8d664d9ef1e356436c37,8fd3dee6c6ee4d47b4fdca383b3129daeb97717187e6b2cff90e054a7b9731aa,0,-1,0,-1,0,-1,0,-1
insertion,Gaussian recovery,47,96018,replan_1_ensemble,0,0,0.007864488013628929,0.0,213782c703ed36901e67716ddb52e51ef83da5d530bc8d664d9ef1e356436c37,6005f09e8fb693e82bdb848a39f18189cf3f630ca8d7af7e215e643c4311dc63,1,200,1,220,0,-1,0,-1
insertion,Gaussian recovery,47,96018,replan_16,0,0,0.012671693228185177,0.0,213782c703ed36901e67716ddb52e51ef83da5d530bc8d664d9ef1e356436c37,626903e922c3de6cc73cb24ca663b55f95b63eff094439a32806d44a819d5e9f,1,206,1,218,0,-1,0,-1
insertion,Gaussian recovery,47,96019,nominal,0,0,0.012683290988206863,0.0,213782c703ed36901e67716ddb52e51ef83da5d530bc8d664d9ef1e356436c37,8120cf34878ec72c99f4b6fb14020cf9287c53c59423772cb6f1908b70d3841e,1,214,1,214,0,-1,0,-1
insertion,Gaussian recovery,47,96019,observation_noise,1,0,0.013384485617280006,0.007800938105210662,213782c703ed36901e67716ddb52e51ef83da5d530bc8d664d9ef1e356436c37,7545bc084c85079cfb1f83884970992c4ba3f53f0ea0074f907e7b16af5f4ad3,1,213,1,213,1,377,1,377
insertion,Gaussian recovery,47,96019,noise_joints,0,0,0.012909452430903912,0.003573222185950726,213782c703ed36901e67716ddb52e51ef83da5d530bc8d664d9ef1e356436c37,3ff7032f3d5fed529870740726d8a6c070999a39adbbb2ef4c4ac34ea3159ef2,1,213,1,214,0,-1,0,-1
insertion,Gaussian recovery,47,96019,noise_objects,1,0,0.01319610420614481,0.006636326431762427,213782c703ed36901e67716ddb52e51ef83da5d530bc8d664d9ef1e356436c37,439a35febd5be87fdd25592e76981b1c85194fefd1be08cb0d6cc81b41753b65,1,211,1,213,1,371,1,371
insertion,Gaussian recovery,47,96019,noise_low_support,0,0,0.012683290988206863,0.0,213782c703ed36901e67716ddb52e51ef83da5d530bc8d664d9ef1e356436c37,88c69623f141b2c0a6d33d760ef30bac10d1249b985cc11adb3bbeaf6d0ece49,1,214,1,214,0,-1,0,-1
insertion,Gaussian recovery,47,96019,noise_supported,1,0,0.013384485617280006,0.007800938105210662,213782c703ed36901e67716ddb52e51ef83da5d530bc8d664d9ef1e356436c37,7545bc084c85079cfb1f83884970992c4ba3f53f0ea0074f907e7b16af5f4ad3,1,213,1,213,1,377,1,377
insertion,Gaussian recovery,47,96019,replan_1,0,0,0.0034118550829589367,0.0,213782c703ed36901e67716ddb52e51ef83da5d530bc8d664d9ef1e356436c37,9380d50ab5d0cc5caa7b666ded31ce44eb4b5c33c07d07ea0d39f6edfdf18cac,0,-1,0,-1,0,-1,0,-1
insertion,Gaussian recovery,47,96019,replan_1_ensemble,0,0,0.00779841599923667,0.0,213782c703ed36901e67716ddb52e51ef83da5d530bc8d664d9ef1e356436c37,c362107dc600a2cac21da11cc9ae5f3e78dd202db74e57e26ba4ac6b8ca0fe98,1,213,1,216,0,-1,0,-1
insertion,Gaussian recovery,47,96019,replan_16,0,0,0.012411809526383877,0.0,213782c703ed36901e67716ddb52e51ef83da5d530bc8d664d9ef1e356436c37,14e91242db5ec5e8b3f8319ad90a88afc760fa7033ce8dbc9c26b0fa4e51e0bc,1,212,1,213,0,-1,0,-1
