task,bank,seed,method,layout,success,terminal_success,checkpoint_sha256,rollout_sha256
reach-v3,101,17,Clean repeat,98000,1,1,3ef4eaf67895a025a293157da918bb6067b9ac979601dcef7bac4d31fb304421,101b6bb82d1828e028d13c2b7fab1a12c0b536a8eb9e01deb53668531af488e4
reach-v3,101,17,Clean repeat,98001,1,0,3ef4eaf67895a025a293157da918bb6067b9ac979601dcef7bac4d31fb304421,19a367ed1db20258f6831dc40f33a1f3026bbfe638fff75db96a11cb5ca43848
reach-v3,101,17,Clean repeat,98002,1,1,3ef4eaf67895a025a293157da918bb6067b9ac979601dcef7bac4d31fb304421,4d0812881c5d135cce51465a8af30f8e92ee1a89238338257dfaa576d6aa9268
reach-v3,101,17,Clean repeat,98003,1,1,3ef4eaf67895a025a293157da918bb6067b9ac979601dcef7bac4d31fb304421,d46f6cfa88554e1d2a117d5b21506ce52d833f17878df80a281767dfece4452c
reach-v3,101,17,Clean repeat,98004,1,1,3ef4eaf67895a025a293157da918bb6067b9ac979601dcef7bac4d31fb304421,2c447a8d3e41edec37e20965942aa5b9813ec3e6b7b52eb1900e7d63309cdf28
reach-v3,101,17,Clean repeat,98005,1,1,3ef4eaf67895a025a293157da918bb6067b9ac979601dcef7bac4d31fb304421,91453ecd45ce9e6dead45a749bded533279cf67aa6c3484a43eff25687e743d4
reach-v3,101,17,Clean repeat,98006,1,0,3ef4eaf67895a025a293157da918bb6067b9ac979601dcef7bac4d31fb304421,a570b7cd1cf570420fce9b2289ec4ff94f7d4c9239a9b6a5d2d5da1178f1761e
reach-v3,101,17,Clean repeat,98007,1,1,3ef4eaf67895a025a293157da918bb6067b9ac979601dcef7bac4d31fb304421,332d85290bd0c844131fdd8c2287a0509d3258e1f6c8d065fcaf46b5d335220d
reach-v3,101,17,Clean repeat,98008,1,1,3ef4eaf67895a025a293157da918bb6067b9ac979601dcef7bac4d31fb304421,8d8126df2758ed79031e6040a429aab7d98e363f98a180fb35efc153756b2810
reach-v3,101,17,Clean repeat,98009,1,1,3ef4eaf67895a025a293157da918bb6067b9ac979601dcef7bac4d31fb304421,bbda83f1c8d653c20f75feee30f4321d7f24c15b8e3825a958361ad2b42a338e
reach-v3,101,17,Clean repeat,98010,0,0,3ef4eaf67895a025a293157da918bb6067b9ac979601dcef7bac4d31fb304421,fdcb20d854d13c02b6709db603d47e65be3a0cd9bae273059d40120bd3255adf
reach-v3,101,17,Clean repeat,98011,1,1,3ef4eaf67895a025a293157da918bb6067b9ac979601dcef7bac4d31fb304421,9f7c2eda594596d572269348b21441296302a06d8bc47a00cc208f5e089fb80f
reach-v3,101,17,Clean repeat,98012,1,1,3ef4eaf67895a025a293157da918bb6067b9ac979601dcef7bac4d31fb304421,b1e8317e532fafb1d9329f7589d56bf1d47b139b494d2c474c24fed57942e288
reach-v3,101,17,Clean repeat,98013,1,0,3ef4eaf67895a025a293157da918bb6067b9ac979601dcef7bac4d31fb304421,6e9194a0c965b223f9b2efc207467a3ad1c5bb3b64f82a40411a5108e8257015
reach-v3,101,17,Clean repeat,98014,1,1,3ef4eaf67895a025a293157da918bb6067b9ac979601dcef7bac4d31fb304421,1295cb3f2d3af85fd4c92e3d90cd31fb75873d695fd35b15afcb4bdce95d425f
reach-v3,101,17,Clean repeat,98015,1,1,3ef4eaf67895a025a293157da918bb6067b9ac979601dcef7bac4d31fb304421,1e6e9a2401b3d47fe0ce52013bd5cbf5076430f4a27afd95f841b2ff559fee9e
reach-v3,101,17,Clean repeat,98016,1,1,3ef4eaf67895a025a293157da918bb6067b9ac979601dcef7bac4d31fb304421,cf6453baec41277328a9a1471a7978111029d5259cd24e6af0a1a1f306f5c9bd
reach-v3,101,17,Clean repeat,98017,1,1,3ef4eaf67895a025a293157da918bb6067b9ac979601dcef7bac4d31fb304421,d0b8964ee4e690502b86c32808b299cb461e9761b2e88a259545aaa89403b71d
reach-v3,101,17,Clean repeat,98018,1,1,3ef4eaf67895a025a293157da918bb6067b9ac979601dcef7bac4d31fb304421,1ece5d95f53dbc18f10cab99dad41069268df86df612b52aa6a631f647d5269b
reach-v3,101,17,Clean repeat,98019,1,1,3ef4eaf67895a025a293157da918bb6067b9ac979601dcef7bac4d31fb304421,d519f5b91798103866756f81ffff77a24615fbe9905aaa243a45251ef346913d
reach-v3,101,17,Gaussian recovery,98000,1,1,2db240f7a582c50dd560df5818faec710a81c366c950421576770f7b23801a8e,a7948c2aaa154ec790bcbdd1b3e6d248f4dbc178c863f2ff30a967bfc211ead1
reach-v3,101,17,Gaussian recovery,98001,1,0,2db240f7a582c50dd560df5818faec710a81c366c950421576770f7b23801a8e,9e05aeb90b1147733fc0625d763e458009bd99ab3cdac28e048b5a3bf20825e1
reach-v3,101,17,Gaussian recovery,98002,1,1,2db240f7a582c50dd560df5818faec710a81c366c950421576770f7b23801a8e,b15ac9c94029a0c6ce79f79adc8930621adf56e9c8aa46e3c76166020bd79792
reach-v3,101,17,Gaussian recovery,98003,1,1,2db240f7a582c50dd560df5818faec710a81c366c950421576770f7b23801a8e,c33148bb1ccc6fb3b997831f0c35affec22022c6e9dc55d1f5d2bb9481a90e64
reach-v3,101,17,Gaussian recovery,98004,1,1,2db240f7a582c50dd560df5818faec710a81c366c950421576770f7b23801a8e,7da55852758f69fe646390c885d976158009d343929322d5b62f2867cb4915c0
reach-v3,101,17,Gaussian recovery,98005,1,0,2db240f7a582c50dd560df5818faec710a81c366c950421576770f7b23801a8e,d065c58f99f82d73322cc34b0ffd33e015a19bec27a7cc813f5c74e6b9571082
reach-v3,101,17,Gaussian recovery,98006,1,0,2db240f7a582c50dd560df5818faec710a81c366c950421576770f7b23801a8e,3b9219d3de8d0327929742893a620e3e465306dbbf59e0f00ff3608e2f30810a
reach-v3,101,17,Gaussian recovery,98007,1,1,2db240f7a582c50dd560df5818faec710a81c366c950421576770f7b23801a8e,5285b9998db7fff6469933afde657018340569d73008cce910b7c16d1f317830
reach-v3,101,17,Gaussian recovery,98008,1,1,2db240f7a582c50dd560df5818faec710a81c366c950421576770f7b23801a8e,957efbc7fb99cf97ccaab9b5d86ffe2a5fc25c917e49b47e497f303228ccb2e9
reach-v3,101,17,Gaussian recovery,98009,1,1,2db240f7a582c50dd560df5818faec710a81c366c950421576770f7b23801a8e,4b7850280097bfd0c9abd7fd3b0b318390b8515b1be2d049c53420dfbfc5e3c9
reach-v3,101,17,Gaussian recovery,98010,0,0,2db240f7a582c50dd560df5818faec710a81c366c950421576770f7b23801a8e,0fc3db4dadfc1f321fa797b20962602addbba4d1c4263236b130da5804cc36c5
reach-v3,101,17,Gaussian recovery,98011,1,1,2db240f7a582c50dd560df5818faec710a81c366c950421576770f7b23801a8e,f689beb510e823dca035ca730c19dfcc331b933a2e85413e37b2eb6acdbf1ff9
reach-v3,101,17,Gaussian recovery,98012,1,1,2db240f7a582c50dd560df5818faec710a81c366c950421576770f7b23801a8e,5c36a481014b583d84246816a41e307236a7ed2e7e0ac0dc5041b50fac26ad36
reach-v3,101,17,Gaussian recovery,98013,1,1,2db240f7a582c50dd560df5818faec710a81c366c950421576770f7b23801a8e,e1e8267360dab4b57bb32fe4166ecb0204d16eb1f49b24b957c4ccb72a382072
reach-v3,101,17,Gaussian recovery,98014,1,1,2db240f7a582c50dd560df5818faec710a81c366c950421576770f7b23801a8e,f4f19ccee62489874bea9e6b58dc1413be8c2d27e754d3041d0f0de1465bde18
reach-v3,101,17,Gaussian recovery,98015,1,1,2db240f7a582c50dd560df5818faec710a81c366c950421576770f7b23801a8e,ced369d71607e77275f33b6913bd87c360631e120e334ba0a78de1c17241a200
reach-v3,101,17,Gaussian recovery,98016,1,1,2db240f7a582c50dd560df5818faec710a81c366c950421576770f7b23801a8e,3982ef6b9639325f8995f067414392cc87f12f4153dac90e79876b5883111f75
reach-v3,101,17,Gaussian recovery,98017,1,1,2db240f7a582c50dd560df5818faec710a81c366c950421576770f7b23801a8e,466e5e6c5b05f389e09ac27edf9e4af578d9abac6e3d8e5c614f8b0bdecfefbb
reach-v3,101,17,Gaussian recovery,98018,1,1,2db240f7a582c50dd560df5818faec710a81c366c950421576770f7b23801a8e,4adef723b94cb9b0caf623ee83bd672de40046c2a9c4d50084285fbdfcea44ed
reach-v3,101,17,Gaussian recovery,98019,1,1,2db240f7a582c50dd560df5818faec710a81c366c950421576770f7b23801a8e,d45f34746aab555e50da1bc609c0f3036468aa8b05e558a16650470203736643
reach-v3,101,17,SCANA-R,98000,1,1,c86f85140842639e3b2e3657eb2919a722581f0c3ab7bcbecdbc97d4c3235964,7e8e023c9c58f14b72d3868bc0b0ccd7d7609a7886045786739dd6861f21ae29
reach-v3,101,17,SCANA-R,98001,1,0,c86f85140842639e3b2e3657eb2919a722581f0c3ab7bcbecdbc97d4c3235964,595caaa182d87c29a1293e07ccafa1244024da836a5802a13fa16a3d910ea97e
reach-v3,101,17,SCANA-R,98002,1,1,c86f85140842639e3b2e3657eb2919a722581f0c3ab7bcbecdbc97d4c3235964,0971ee81259dbac4e1ef318e12f7ddfad87a37e7c57858715a676f9432f197bb
reach-v3,101,17,SCANA-R,98003,1,1,c86f85140842639e3b2e3657eb2919a722581f0c3ab7bcbecdbc97d4c3235964,6b3ab3d2de01513e310d4a537b9316caad6320383176e61a7bdc8cf7fbec094b
reach-v3,101,17,SCANA-R,98004,1,1,c86f85140842639e3b2e3657eb2919a722581f0c3ab7bcbecdbc97d4c3235964,6f676e007d38c3168799df212c7c7e5cf2218af675faf45a94e39e8a18c9d5f0
reach-v3,101,17,SCANA-R,98005,1,0,c86f85140842639e3b2e3657eb2919a722581f0c3ab7bcbecdbc97d4c3235964,c221d612319bb09d12f8781364d8d5e466d6d6f7d038d564b8e28003bce25827
reach-v3,101,17,SCANA-R,98006,1,0,c86f85140842639e3b2e3657eb2919a722581f0c3ab7bcbecdbc97d4c3235964,7a279594d13267360b7f4d9b93d96d3bd6448f04cc9dc02a6e0898f8da89ce6a
reach-v3,101,17,SCANA-R,98007,1,1,c86f85140842639e3b2e3657eb2919a722581f0c3ab7bcbecdbc97d4c3235964,2d27da10720f8507e8033deda679fbeaa721daaad00436749f1eaaf08cd845dc
reach-v3,101,17,SCANA-R,98008,1,1,c86f85140842639e3b2e3657eb2919a722581f0c3ab7bcbecdbc97d4c3235964,d66e9e4f2fc5c35846da01ac80a5824f5cd55057a8bf42ee7b91f699b1a37e43
reach-v3,101,17,SCANA-R,98009,1,1,c86f85140842639e3b2e3657eb2919a722581f0c3ab7bcbecdbc97d4c3235964,5ed58ed87adbf3d783a5e833ce725dd756480ffce9cc2a440fbb4a91f95caea8
reach-v3,101,17,SCANA-R,98010,0,0,c86f85140842639e3b2e3657eb2919a722581f0c3ab7bcbecdbc97d4c3235964,ff57cc6542ecbf718594a43e9fe09fbfe7b02256c6babb4b52115592da33989e
reach-v3,101,17,SCANA-R,98011,1,1,c86f85140842639e3b2e3657eb2919a722581f0c3ab7bcbecdbc97d4c3235964,ac0fd0680b0b6e66d21eadba5ce3b3c83cb6187e3c9a0ffac3a1ff7bb6a8b03f
reach-v3,101,17,SCANA-R,98012,1,1,c86f85140842639e3b2e3657eb2919a722581f0c3ab7bcbecdbc97d4c3235964,822e6375852659c570c07a37f84c105ebb862936d9bab989953ca31953719c13
reach-v3,101,17,SCANA-R,98013,0,0,c86f85140842639e3b2e3657eb2919a722581f0c3ab7bcbecdbc97d4c3235964,97a7b7d2506000ec6cb24f212753f4488fc5a7226743e1415c18e5642499a6b8
reach-v3,101,17,SCANA-R,98014,1,1,c86f85140842639e3b2e3657eb2919a722581f0c3ab7bcbecdbc97d4c3235964,95d8d2b30861ab81ba026cd957334a41321e94ea1a206470941a2b47460035c3
reach-v3,101,17,SCANA-R,98015,1,1,c86f85140842639e3b2e3657eb2919a722581f0c3ab7bcbecdbc97d4c3235964,f50d287eccd32cdda994d2f9f21f790819b3aedddb4e4116492332c9ce49b341
reach-v3,101,17,SCANA-R,98016,1,1,c86f85140842639e3b2e3657eb2919a722581f0c3ab7bcbecdbc97d4c3235964,d97cd612fdcffa82bd05b738974bb3c6ad7520c4d70f460ae4c00526538a32c3
reach-v3,101,17,SCANA-R,98017,1,1,c86f85140842639e3b2e3657eb2919a722581f0c3ab7bcbecdbc97d4c3235964,bce153d72aaa41653518d53ff05eeb179d6509215459f276e55993b7d65c525a
reach-v3,101,17,SCANA-R,98018,1,1,c86f85140842639e3b2e3657eb2919a722581f0c3ab7bcbecdbc97d4c3235964,7c3170f428309386de7aecc3d961181e264a8448854423eda0ef23f6d84b53ae
reach-v3,101,17,SCANA-R,98019,1,1,c86f85140842639e3b2e3657eb2919a722581f0c3ab7bcbecdbc97d4c3235964,85bc371bb4f6a607f3868ad624306622751627e06ff4fba6d51f2db53bc25364
reach-v3,101,29,Clean repeat,98000,1,1,ea722bc44b39287543111f5024ca63cb0d972182462a677d129b150232f49b5b,c77a5d21ff59da101e8dbb590211d31d99ba0f9b3240bb5cddeecc334d3f87d4
reach-v3,101,29,Clean repeat,98001,1,0,ea722bc44b39287543111f5024ca63cb0d972182462a677d129b150232f49b5b,e8b9b60d7599fca343b0074eb6643cae689fe55b4ac904c51a3ce8e06aa0b289
reach-v3,101,29,Clean repeat,98002,1,1,ea722bc44b39287543111f5024ca63cb0d972182462a677d129b150232f49b5b,9907ae7aedbf5ee4c4b204820cb4998f6df3795d21d38ada95bceb1599f2d442
reach-v3,101,29,Clean repeat,98003,1,1,ea722bc44b39287543111f5024ca63cb0d972182462a677d129b150232f49b5b,b7bb51e3619f3b399cc984adc669ac768ee417d45ffcfff53c00f594183eba8a
reach-v3,101,29,Clean repeat,98004,1,1,ea722bc44b39287543111f5024ca63cb0d972182462a677d129b150232f49b5b,8d8f90b692a029b59a82fa78439b3f5825a0c6402abda95b4166ab4528ab0cc5
reach-v3,101,29,Clean repeat,98005,1,1,ea722bc44b39287543111f5024ca63cb0d972182462a677d129b150232f49b5b,23f5b29ea1c6e9b2b53a86ec80933390ee59726c0018979a86a911def70c8680
reach-v3,101,29,Clean repeat,98006,1,0,ea722bc44b39287543111f5024ca63cb0d972182462a677d129b150232f49b5b,5050951d0146981f3c298f5f4169514a337904aaec96de665610a6a35cfabdcf
reach-v3,101,29,Clean repeat,98007,1,1,ea722bc44b39287543111f5024ca63cb0d972182462a677d129b150232f49b5b,8c865d3df07dcb48afdcc0502a60859a92896063b5eefde1d5777e9474377b1f
reach-v3,101,29,Clean repeat,98008,1,1,ea722bc44b39287543111f5024ca63cb0d972182462a677d129b150232f49b5b,e9bb61256c0c70156a7f62e52c481551a95b5a53f8932b99ae033f9283b0111a
reach-v3,101,29,Clean repeat,98009,1,1,ea722bc44b39287543111f5024ca63cb0d972182462a677d129b150232f49b5b,6a70bad1430e812d6593023d5dd66e4a8500d3f75d7acf9f913d193125cd167e
reach-v3,101,29,Clean repeat,98010,1,0,ea722bc44b39287543111f5024ca63cb0d972182462a677d129b150232f49b5b,e01d58d3fc15156fe86fd55afb52fc24ad14f050b60ddd0d10c45407fd028bc4
reach-v3,101,29,Clean repeat,98011,1,1,ea722bc44b39287543111f5024ca63cb0d972182462a677d129b150232f49b5b,40fa74a774005edcf405f82f65b3f0fb66b52c21b187b981349a00328ad0c3be
reach-v3,101,29,Clean repeat,98012,1,1,ea722bc44b39287543111f5024ca63cb0d972182462a677d129b150232f49b5b,56a2da6f7970d7c1c0f3c8868879f6d5dced385ab3565e9abe59107202bc6a64
reach-v3,101,29,Clean repeat,98013,1,1,ea722bc44b39287543111f5024ca63cb0d972182462a677d129b150232f49b5b,2a2656d629cf656939f91c752f82abfa5f2b7d7fc2112c3e92797eff13430d66
reach-v3,101,29,Clean repeat,98014,1,1,ea722bc44b39287543111f5024ca63cb0d972182462a677d129b150232f49b5b,46e99c76375e8c4734850fdf3d28c0994064416fca20d14aba582a5f09c6367f
reach-v3,101,29,Clean repeat,98015,1,1,ea722bc44b39287543111f5024ca63cb0d972182462a677d129b150232f49b5b,dfe01c46d1f668346ae20de2799d5977b26889608d2fe1b66a5949bec0a243e5
reach-v3,101,29,Clean repeat,98016,1,1,ea722bc44b39287543111f5024ca63cb0d972182462a677d129b150232f49b5b,0d15b494bf1f346d66292b16422bbee75ac2d239a987bbc843d9ef56b9060f3e
reach-v3,101,29,Clean repeat,98017,1,1,ea722bc44b39287543111f5024ca63cb0d972182462a677d129b150232f49b5b,096acf8d5c2667c30137d318add49ed47060139bfa6a19cec17bc2a314e6de32
reach-v3,101,29,Clean repeat,98018,1,1,ea722bc44b39287543111f5024ca63cb0d972182462a677d129b150232f49b5b,f3343e1c858131f44f4d00f97768e911df5a319998c4551d93fcc464f9e881fc
reach-v3,101,29,Clean repeat,98019,1,1,ea722bc44b39287543111f5024ca63cb0d972182462a677d129b150232f49b5b,6dec4e29f2c4d44bf5fcad20a061e599e3b27a9a172286085c354d47b416ac61
reach-v3,101,29,Gaussian recovery,98000,1,1,b9f6a7559f9d83c42f277c2baa5e10b47d6e1baae6afb2f3ea9d2175cb92d48e,648aa8b346374e9ec907f8289b6762cc41bee61acfd197e8b20fd442ad89b25d
reach-v3,101,29,Gaussian recovery,98001,1,0,b9f6a7559f9d83c42f277c2baa5e10b47d6e1baae6afb2f3ea9d2175cb92d48e,f6483faa4ee01bcacbff332721c167c42f99616a7aa6a762aadcb7d090472905
reach-v3,101,29,Gaussian recovery,98002,1,1,b9f6a7559f9d83c42f277c2baa5e10b47d6e1baae6afb2f3ea9d2175cb92d48e,408cfe9a42a269d66f8e274533615665176fb6736a1ea5630aa17eca272f1309
reach-v3,101,29,Gaussian recovery,98003,1,1,b9f6a7559f9d83c42f277c2baa5e10b47d6e1baae6afb2f3ea9d2175cb92d48e,8f4f48a451af0ef2de82f70759f068b7a1fa188c5d9b83c22d947d84c0d882b4
reach-v3,101,29,Gaussian recovery,98004,1,1,b9f6a7559f9d83c42f277c2baa5e10b47d6e1baae6afb2f3ea9d2175cb92d48e,c04e5a84cdc2d66757eac25dca28a935d0e8d69c0ef48af3d4563d9387590a78
reach-v3,101,29,Gaussian recovery,98005,1,0,b9f6a7559f9d83c42f277c2baa5e10b47d6e1baae6afb2f3ea9d2175cb92d48e,9b7945ff7fedef3cdcc1d447bdac3fb79dbb3492c17eb75575799fdb56924f64
reach-v3,101,29,Gaussian recovery,98006,1,0,b9f6a7559f9d83c42f277c2baa5e10b47d6e1baae6afb2f3ea9d2175cb92d48e,8bce1c2701207b76cafc4606841f63d16f84388096ed313214272d02defee55c
reach-v3,101,29,Gaussian recovery,98007,1,1,b9f6a7559f9d83c42f277c2baa5e10b47d6e1baae6afb2f3ea9d2175cb92d48e,4c089fc57ac0aed193cdb2dcdd4c0016d7b206e64d6812303317104d26adef44
reach-v3,101,29,Gaussian recovery,98008,1,1,b9f6a7559f9d83c42f277c2baa5e10b47d6e1baae6afb2f3ea9d2175cb92d48e,c6941062b76af9d7d969ba94c1df0451e2eb19cf283c7ff2f39130e8e47fb358
reach-v3,101,29,Gaussian recovery,98009,1,1,b9f6a7559f9d83c42f277c2baa5e10b47d6e1baae6afb2f3ea9d2175cb92d48e,e666368d1c2162156f1cdea7c5b0bb9e4c74286b225f5e3c59d1aab55327a665
reach-v3,101,29,Gaussian recovery,98010,0,0,b9f6a7559f9d83c42f277c2baa5e10b47d6e1baae6afb2f3ea9d2175cb92d48e,69d8a2d39abe79a0e7af49500e289446c1e3067518f357bdcdcdc373108b7674
reach-v3,101,29,Gaussian recovery,98011,1,1,b9f6a7559f9d83c42f277c2baa5e10b47d6e1baae6afb2f3ea9d2175cb92d48e,58ec5ac4e845dedcf44c7bd20738807ad54ea509492ee141b9711f10b9f5ebd6
reach-v3,101,29,Gaussian recovery,98012,1,1,b9f6a7559f9d83c42f277c2baa5e10b47d6e1baae6afb2f3ea9d2175cb92d48e,b8f332bb2d890558ef3132b6f09d6d00823e89ebd1321cf434e2ad4e30da9ff8
reach-v3,101,29,Gaussian recovery,98013,1,0,b9f6a7559f9d83c42f277c2baa5e10b47d6e1baae6afb2f3ea9d2175cb92d48e,aa613be614bb58358c6277190a2eaafca2c53f5807b1ef45fb3ea7eb92f9a6f3
reach-v3,101,29,Gaussian recovery,98014,1,1,b9f6a7559f9d83c42f277c2baa5e10b47d6e1baae6afb2f3ea9d2175cb92d48e,cdf695ba27003f9935965c503f3316155804d2009bd79b654fc57b0f8853cb25
reach-v3,101,29,Gaussian recovery,98015,1,1,b9f6a7559f9d83c42f277c2baa5e10b47d6e1baae6afb2f3ea9d2175cb92d48e,361a53d744c4e68ee766d5ca3f5c0ce2785740fe4d0ae0db21ed35b85841805a
reach-v3,101,29,Gaussian recovery,98016,1,1,b9f6a7559f9d83c42f277c2baa5e10b47d6e1baae6afb2f3ea9d2175cb92d48e,aa6531d5f0404ff2be25c9b1ff583d0c724fee6a936464a44873134353b24d34
reach-v3,101,29,Gaussian recovery,98017,1,1,b9f6a7559f9d83c42f277c2baa5e10b47d6e1baae6afb2f3ea9d2175cb92d48e,a09435c0a087099da2a619ad858a1b1ca908bf9f903ee7ff51e6d85ab242913e
reach-v3,101,29,Gaussian recovery,98018,1,1,b9f6a7559f9d83c42f277c2baa5e10b47d6e1baae6afb2f3ea9d2175cb92d48e,e271b76344971723aafa3e47b9bce153bf4876cd5fd4b86784da0f92df0bb464
reach-v3,101,29,Gaussian recovery,98019,1,0,b9f6a7559f9d83c42f277c2baa5e10b47d6e1baae6afb2f3ea9d2175cb92d48e,c4440f90154d5556a63c489dc37b674b57e3447c1212a4cf9a494fee67a27252
reach-v3,101,29,SCANA-R,98000,1,1,8fcf39aaed0175490bfa2e0b90ea9ddf014fe018c22338086a58a78d8cbb64e1,cf373340afd229e5d128435bf37c164f250a694d82eb47b80b736719d47ee483
reach-v3,101,29,SCANA-R,98001,1,0,8fcf39aaed0175490bfa2e0b90ea9ddf014fe018c22338086a58a78d8cbb64e1,e2d37b2e962e6c7ae1eade4b9edeca7738e0cfc1a1515aab5171daed6c889116
reach-v3,101,29,SCANA-R,98002,1,1,8fcf39aaed0175490bfa2e0b90ea9ddf014fe018c22338086a58a78d8cbb64e1,0f295d09cb9b7b33a3f7a6fed13129a633225eae7443e8f0183a01b656fe201a
reach-v3,101,29,SCANA-R,98003,1,1,8fcf39aaed0175490bfa2e0b90ea9ddf014fe018c22338086a58a78d8cbb64e1,a605e9a791c5debc46cfe4ded4a59016d9ddcacbb6f22447e7b2689c4f1e0f6a
reach-v3,101,29,SCANA-R,98004,1,1,8fcf39aaed0175490bfa2e0b90ea9ddf014fe018c22338086a58a78d8cbb64e1,75677cbf7e3aec53f7d9c0a64b138e749757262a20a5e71134638deb2de8c7f0
reach-v3,101,29,SCANA-R,98005,1,0,8fcf39aaed0175490bfa2e0b90ea9ddf014fe018c22338086a58a78d8cbb64e1,73345fd59a629eab41a51cc0047a4e55cce4764a33f91d4f77932910e244c666
reach-v3,101,29,SCANA-R,98006,1,0,8fcf39aaed0175490bfa2e0b90ea9ddf014fe018c22338086a58a78d8cbb64e1,ce6670723956cb101cfeb2cd6376113578f578a96733b294198f00cd3c084496
reach-v3,101,29,SCANA-R,98007,1,1,8fcf39aaed0175490bfa2e0b90ea9ddf014fe018c22338086a58a78d8cbb64e1,2a28aa40dc890ee7191eac3a00ceeb57386c18dae7d86618b67609535cd20fa3
reach-v3,101,29,SCANA-R,98008,1,1,8fcf39aaed0175490bfa2e0b90ea9ddf014fe018c22338086a58a78d8cbb64e1,b16ad9299717c49db438e66d104cde1075066a2a9beec9a42143702a3df87087
reach-v3,101,29,SCANA-R,98009,1,1,8fcf39aaed0175490bfa2e0b90ea9ddf014fe018c22338086a58a78d8cbb64e1,03a8ca211fc765eab81900a0059572a04a7f127099eb936916cc2507c9db6872
reach-v3,101,29,SCANA-R,98010,0,0,8fcf39aaed0175490bfa2e0b90ea9ddf014fe018c22338086a58a78d8cbb64e1,0992ec9329b5cf4c8bcad3c4084d4d5f3cef827d14a6f192449862b6b9ce5dd5
reach-v3,101,29,SCANA-R,98011,1,1,8fcf39aaed0175490bfa2e0b90ea9ddf014fe018c22338086a58a78d8cbb64e1,aa1e6473320e20204a3b053263adf7dee8bc7aba418575de0af94f8a92116276
reach-v3,101,29,SCANA-R,98012,1,1,8fcf39aaed0175490bfa2e0b90ea9ddf014fe018c22338086a58a78d8cbb64e1,3d392f7ef5ce16a4f93bfaf2db5befe1899278f09ba7ddaae6cb77285cbbcb0c
reach-v3,101,29,SCANA-R,98013,1,0,8fcf39aaed0175490bfa2e0b90ea9ddf014fe018c22338086a58a78d8cbb64e1,96c378020d03ade62bf191f849e6d752d08d653f208ad716a8137c05db37a553
reach-v3,101,29,SCANA-R,98014,1,1,8fcf39aaed0175490bfa2e0b90ea9ddf014fe018c22338086a58a78d8cbb64e1,fe33516ea881bd6e2f301d067fe80a369e11da2772ebfc47ce44285111986c94
reach-v3,101,29,SCANA-R,98015,1,1,8fcf39aaed0175490bfa2e0b90ea9ddf014fe018c22338086a58a78d8cbb64e1,b7e0fc3ed4101bfac47dc1d2e103789cfdb5c4a6750481bb50c0744996cc112e
reach-v3,101,29,SCANA-R,98016,1,1,8fcf39aaed0175490bfa2e0b90ea9ddf014fe018c22338086a58a78d8cbb64e1,a41c039a25f57b4116a2b670ef9b758af2accebbc4c8f46a3b6d83b41240d9cf
reach-v3,101,29,SCANA-R,98017,1,1,8fcf39aaed0175490bfa2e0b90ea9ddf014fe018c22338086a58a78d8cbb64e1,667dcddb132286467a82dbaac63e835f942606f5c3f77533e3dc7213ee224739
reach-v3,101,29,SCANA-R,98018,1,1,8fcf39aaed0175490bfa2e0b90ea9ddf014fe018c22338086a58a78d8cbb64e1,4b8655179171a721976b574eb8ace32d677c44725ed4137f054b5527081d91ae
reach-v3,101,29,SCANA-R,98019,1,0,8fcf39aaed0175490bfa2e0b90ea9ddf014fe018c22338086a58a78d8cbb64e1,ff4dc69a4aad273a0e8aa93bad5a462752ea32deb1a0000cdcc51cfcb3b69b20
reach-v3,101,43,Clean repeat,98000,1,1,c746b3237e0d3390453c7462aa8645f18f51d59d9f3eb7b73bc6d6acbc3c833c,dc211d6d0562f397993d84636660e4e4b248516cf8fef4297cffa8d33a295a5b
reach-v3,101,43,Clean repeat,98001,1,0,c746b3237e0d3390453c7462aa8645f18f51d59d9f3eb7b73bc6d6acbc3c833c,4d912716da0c914d887c8e063e6f2be59cfb51dd2e5efe6a141fc2d39e0d8599
reach-v3,101,43,Clean repeat,98002,1,1,c746b3237e0d3390453c7462aa8645f18f51d59d9f3eb7b73bc6d6acbc3c833c,4fcc05edd1e3137ce7a93534348b318473a347131897c1a8d94dc758073b968f
reach-v3,101,43,Clean repeat,98003,1,1,c746b3237e0d3390453c7462aa8645f18f51d59d9f3eb7b73bc6d6acbc3c833c,bce7f0640b060b4f979219bec9e347532c68bd0707ed7c7e9bf84dff250973ce
reach-v3,101,43,Clean repeat,98004,1,1,c746b3237e0d3390453c7462aa8645f18f51d59d9f3eb7b73bc6d6acbc3c833c,76d30e17f390dd09920a68fb8bc62ee334443f885b5d5617a9b9b17391f296de
reach-v3,101,43,Clean repeat,98005,1,1,c746b3237e0d3390453c7462aa8645f18f51d59d9f3eb7b73bc6d6acbc3c833c,77fbe3f7b015afe5fbd0ed7646f73aad03372243bbbfbdc275458bebdf95e32d
reach-v3,101,43,Clean repeat,98006,1,0,c746b3237e0d3390453c7462aa8645f18f51d59d9f3eb7b73bc6d6acbc3c833c,9a98a33677b2359c76f124d711aaa971c7cac06f2a5a5630e1380ababb01695d
reach-v3,101,43,Clean repeat,98007,1,0,c746b3237e0d3390453c7462aa8645f18f51d59d9f3eb7b73bc6d6acbc3c833c,27a738b1c7d03bdfc47789b82e0eff6381d3c87cad4de0472350fdace5c9536e
reach-v3,101,43,Clean repeat,98008,1,1,c746b3237e0d3390453c7462aa8645f18f51d59d9f3eb7b73bc6d6acbc3c833c,ebd967928d01e393a2d7ceef36fc3223533de192a49ed9839651da23ea53e473
reach-v3,101,43,Clean repeat,98009,1,1,c746b3237e0d3390453c7462aa8645f18f51d59d9f3eb7b73bc6d6acbc3c833c,a6de600d58502c49943a5947d36a2d893f0f1048ca601320d6650f4ee12954aa
reach-v3,101,43,Clean repeat,98010,0,0,c746b3237e0d3390453c7462aa8645f18f51d59d9f3eb7b73bc6d6acbc3c833c,af8872b8f7e52d4c9ef590abf78cb73e9cd94e08c8a06cef930e87b79ecbf05e
reach-v3,101,43,Clean repeat,98011,1,1,c746b3237e0d3390453c7462aa8645f18f51d59d9f3eb7b73bc6d6acbc3c833c,b491ecfca6313a990757ce350bc65492866d4c6a2d2e3cecc550aadecdc02f73
reach-v3,101,43,Clean repeat,98012,1,1,c746b3237e0d3390453c7462aa8645f18f51d59d9f3eb7b73bc6d6acbc3c833c,088f1a9312416709b35af70f46f27e34d96e3bdc65af26c40981374849b35ada
reach-v3,101,43,Clean repeat,98013,1,0,c746b3237e0d3390453c7462aa8645f18f51d59d9f3eb7b73bc6d6acbc3c833c,5c7e5ca7ecc3a9e6263b70a6c091a2ed14228655ed7542518afeffa1d38dff3c
reach-v3,101,43,Clean repeat,98014,1,1,c746b3237e0d3390453c7462aa8645f18f51d59d9f3eb7b73bc6d6acbc3c833c,554b071eb7af34dce5fd50a3500d5bf949f94c13c61e002d6a6831aeb1f0327d
reach-v3,101,43,Clean repeat,98015,1,1,c746b3237e0d3390453c7462aa8645f18f51d59d9f3eb7b73bc6d6acbc3c833c,a512d9b43977240bb14841851ff616e496c4375337062d6bd1835e2dd38e2574
reach-v3,101,43,Clean repeat,98016,1,1,c746b3237e0d3390453c7462aa8645f18f51d59d9f3eb7b73bc6d6acbc3c833c,ed7ba941e8ec14bccbfcf928034ff13fa4d2f15bf6f3af0bb2cf5ab88fc5c511
reach-v3,101,43,Clean repeat,98017,1,1,c746b3237e0d3390453c7462aa8645f18f51d59d9f3eb7b73bc6d6acbc3c833c,51f3e1a1b3ce21bccbcc161a3c4fa79bcb5820c5d77d98aa417cce4619eb389e
reach-v3,101,43,Clean repeat,98018,1,1,c746b3237e0d3390453c7462aa8645f18f51d59d9f3eb7b73bc6d6acbc3c833c,f2277938b0d2861eb03dc4b5b2ddb5ee420e2549328ef57d3269593de17020da
reach-v3,101,43,Clean repeat,98019,1,0,c746b3237e0d3390453c7462aa8645f18f51d59d9f3eb7b73bc6d6acbc3c833c,585251efbdbfd8591a2958787e5499bb2cea3c18df9384f1b003c92a1ccef388
reach-v3,101,43,Gaussian recovery,98000,1,1,88524b01dd74a43cd430b7e7aed9216dfa1a10f4b2bbb074e6094b3ac9e3ddd3,89c149eada0b3e46da010642fd162217efebf7b50e45f7f7cb277afdd6800db6
reach-v3,101,43,Gaussian recovery,98001,1,1,88524b01dd74a43cd430b7e7aed9216dfa1a10f4b2bbb074e6094b3ac9e3ddd3,39d1a201e70f94ce461ce883e54c000b3e03d7c3f38c6979fbab1ccca8b24f30
reach-v3,101,43,Gaussian recovery,98002,1,1,88524b01dd74a43cd430b7e7aed9216dfa1a10f4b2bbb074e6094b3ac9e3ddd3,599a500d449e7a3c0218a15a74bd28fc5e51d26372796ea5983b91b55b3c5065
reach-v3,101,43,Gaussian recovery,98003,1,1,88524b01dd74a43cd430b7e7aed9216dfa1a10f4b2bbb074e6094b3ac9e3ddd3,06395d06e66f5a801d7a6d6fe779be63ba72790a488d7d18c3c2eb8f5302aa8f
reach-v3,101,43,Gaussian recovery,98004,1,1,88524b01dd74a43cd430b7e7aed9216dfa1a10f4b2bbb074e6094b3ac9e3ddd3,bcea462cf98e4a0f4890d201402757108ff5d4ae006af12b9af8ce89b2b663d1
reach-v3,101,43,Gaussian recovery,98005,1,1,88524b01dd74a43cd430b7e7aed9216dfa1a10f4b2bbb074e6094b3ac9e3ddd3,2e04322702dc5b28240b8d8a217d85f98fe89ee78c08d7804bf1f9b9a7f76645
reach-v3,101,43,Gaussian recovery,98006,1,1,88524b01dd74a43cd430b7e7aed9216dfa1a10f4b2bbb074e6094b3ac9e3ddd3,5bbeaea12d8f314a193001162e355e92f0801e2a0525bfc6988c01cebdd6edb8
reach-v3,101,43,Gaussian recovery,98007,1,1,88524b01dd74a43cd430b7e7aed9216dfa1a10f4b2bbb074e6094b3ac9e3ddd3,264521e74685c57094eb24568f99340344ac8c48806006e22d9e12acf478c60b
reach-v3,101,43,Gaussian recovery,98008,1,0,88524b01dd74a43cd430b7e7aed9216dfa1a10f4b2bbb074e6094b3ac9e3ddd3,d4e1923e66ebab30ddf558e0dbaf63d03cc8f3b29a85cc79bbc7bf88381e1313
reach-v3,101,43,Gaussian recovery,98009,1,1,88524b01dd74a43cd430b7e7aed9216dfa1a10f4b2bbb074e6094b3ac9e3ddd3,9d72188cac6464cb7ca83581f5e0035a35905f5ad2d33ee39140b44d7098820d
reach-v3,101,43,Gaussian recovery,98010,0,0,88524b01dd74a43cd430b7e7aed9216dfa1a10f4b2bbb074e6094b3ac9e3ddd3,332aecee3c58cf4215161001aa40bbcf05a7d96649afba307a4baa9f7e8fd1cf
reach-v3,101,43,Gaussian recovery,98011,1,1,88524b01dd74a43cd430b7e7aed9216dfa1a10f4b2bbb074e6094b3ac9e3ddd3,fca574962da0eef5f828d6d668e0cd4d843b40d77aab6a2cfddcba4951f92a79
reach-v3,101,43,Gaussian recovery,98012,1,1,88524b01dd74a43cd430b7e7aed9216dfa1a10f4b2bbb074e6094b3ac9e3ddd3,b8ad5234b7cf4d1cd978c8eabb94e82d327ac52c971883df6697b2918980ac25
reach-v3,101,43,Gaussian recovery,98013,1,0,88524b01dd74a43cd430b7e7aed9216dfa1a10f4b2bbb074e6094b3ac9e3ddd3,c9cd9dce26dcf1d6fe0df44a744c4bd5ef1e5846369d91a76459c16ebdbc0054
reach-v3,101,43,Gaussian recovery,98014,0,0,88524b01dd74a43cd430b7e7aed9216dfa1a10f4b2bbb074e6094b3ac9e3ddd3,0502642d4926d498d539b0f1efccaf1735e1bcd86c26103b1223ff8283fddf9f
reach-v3,101,43,Gaussian recovery,98015,0,0,88524b01dd74a43cd430b7e7aed9216dfa1a10f4b2bbb074e6094b3ac9e3ddd3,5434425cbdf6efbeca8ac7d9ec29b4f58f21f9c50802a048ce760a9655194518
reach-v3,101,43,Gaussian recovery,98016,1,1,88524b01dd74a43cd430b7e7aed9216dfa1a10f4b2bbb074e6094b3ac9e3ddd3,11d6199b338ffc0e1c37c56faa1be59c4daa49efa0cf19afc0e0ce50b41ee62b
reach-v3,101,43,Gaussian recovery,98017,1,1,88524b01dd74a43cd430b7e7aed9216dfa1a10f4b2bbb074e6094b3ac9e3ddd3,7283518158e98a08211d07b41e24bea0c0cc2c692702d6625b9b05c9cfe17f2b
reach-v3,101,43,Gaussian recovery,98018,1,1,88524b01dd74a43cd430b7e7aed9216dfa1a10f4b2bbb074e6094b3ac9e3ddd3,951e76cde15797c57ca25570db2b3ae485b4d186060d51f2e96514433336f126
reach-v3,101,43,Gaussian recovery,98019,1,1,88524b01dd74a43cd430b7e7aed9216dfa1a10f4b2bbb074e6094b3ac9e3ddd3,2789f41e7bb0ca31e14236ff2459035001461236074ecd2d371b40ad6e7835f3
reach-v3,101,43,SCANA-R,98000,1,1,0a7cec2ce6e00ba2cadb197e4cbf73971e44355912ac42a96e731135d67bf966,c3d6db259f71fd468ad0ffc30fa92062258eb4b9e739f46f1635ad3a0a9e39df
reach-v3,101,43,SCANA-R,98001,1,1,0a7cec2ce6e00ba2cadb197e4cbf73971e44355912ac42a96e731135d67bf966,30aa7ce20fcbcefea2cfeef0d98d1e82c147067d356dac59255a2b40e4fbe4ea
reach-v3,101,43,SCANA-R,98002,1,1,0a7cec2ce6e00ba2cadb197e4cbf73971e44355912ac42a96e731135d67bf966,6cacb15aa19cb8103f8ce794f3e846a0e8883523ca5b520a30edcee03797822a
reach-v3,101,43,SCANA-R,98003,1,1,0a7cec2ce6e00ba2cadb197e4cbf73971e44355912ac42a96e731135d67bf966,f5d1e52bd315fec88d2a5faafb429317a46b9c266ecc5d03dfa517d1747a31f6
reach-v3,101,43,SCANA-R,98004,1,1,0a7cec2ce6e00ba2cadb197e4cbf73971e44355912ac42a96e731135d67bf966,0792609d24cc9a1f02d36191feb2ba093c493740fed4abbfdfba3650ee2bcd33
reach-v3,101,43,SCANA-R,98005,1,0,0a7cec2ce6e00ba2cadb197e4cbf73971e44355912ac42a96e731135d67bf966,b612b90170f3390b839cbaafe51827ec2d341cc451d8ca61f18e625877d5c5b4
reach-v3,101,43,SCANA-R,98006,1,0,0a7cec2ce6e00ba2cadb197e4cbf73971e44355912ac42a96e731135d67bf966,ea8db39617a7553fcc0c10a18a2cbf0e9bccbf26682abf7d74c9bd4fdc441dbd
reach-v3,101,43,SCANA-R,98007,1,1,0a7cec2ce6e00ba2cadb197e4cbf73971e44355912ac42a96e731135d67bf966,960c1bb5d805ce3cebc97172ee31a313c6c26065764daf54f786880260f9a378
reach-v3,101,43,SCANA-R,98008,1,0,0a7cec2ce6e00ba2cadb197e4cbf73971e44355912ac42a96e731135d67bf966,6c37a37e4f73782b5c296039052b04eebb46f2d4b8b45fcac36937be98441d67
reach-v3,101,43,SCANA-R,98009,1,1,0a7cec2ce6e00ba2cadb197e4cbf73971e44355912ac42a96e731135d67bf966,9ca7e3f61941751edc635ecc4b25448da9364f97fbbf2ef5e3710cf64cf581fc
reach-v3,101,43,SCANA-R,98010,1,0,0a7cec2ce6e00ba2cadb197e4cbf73971e44355912ac42a96e731135d67bf966,7ec9ccd9454631e818a0cdb61c04a7c1e0f966a332ca9b9061c42828af7f2730
reach-v3,101,43,SCANA-R,98011,1,1,0a7cec2ce6e00ba2cadb197e4cbf73971e44355912ac42a96e731135d67bf966,63f762affad34e6070db17c0f00a63ca29aac7ff0c763b0435b3e707a7c0016f
reach-v3,101,43,SCANA-R,98012,1,1,0a7cec2ce6e00ba2cadb197e4cbf73971e44355912ac42a96e731135d67bf966,a922f78d92281b2bd5ea8e5f5a24401c01804ceb13cb3ffd7bb5c9f9695e8852
reach-v3,101,43,SCANA-R,98013,1,0,0a7cec2ce6e00ba2cadb197e4cbf73971e44355912ac42a96e731135d67bf966,1249abd19f27f24100c499d61f18383d17f65ef0df147065505b22bc0b6b2a01
reach-v3,101,43,SCANA-R,98014,0,0,0a7cec2ce6e00ba2cadb197e4cbf73971e44355912ac42a96e731135d67bf966,93ae7e8e8b0806a3ba5505cbb61364222297bb455756215b46046e6888bf5d97
reach-v3,101,43,SCANA-R,98015,1,1,0a7cec2ce6e00ba2cadb197e4cbf73971e44355912ac42a96e731135d67bf966,43e8558548db14d7003c32e19b21915b78408c51f70135fd0740dd5be0441849
reach-v3,101,43,SCANA-R,98016,1,1,0a7cec2ce6e00ba2cadb197e4cbf73971e44355912ac42a96e731135d67bf966,19f68586e9d27b7accb1f4ac485209404f8522ba2f5e94bb54ddb188b3bf8f42
reach-v3,101,43,SCANA-R,98017,1,1,0a7cec2ce6e00ba2cadb197e4cbf73971e44355912ac42a96e731135d67bf966,f32bf7d04772ee9b6a922f63de411f6cbb56f98748f418121b1b7f2e5203b927
reach-v3,101,43,SCANA-R,98018,1,1,0a7cec2ce6e00ba2cadb197e4cbf73971e44355912ac42a96e731135d67bf966,9d4427d2a338bbc6ea5d87c4618c64bac6ed4581fa35a2acf8ee2c4d97a64835
reach-v3,101,43,SCANA-R,98019,1,1,0a7cec2ce6e00ba2cadb197e4cbf73971e44355912ac42a96e731135d67bf966,2006c689c1ce03aa6c72f3ea11f6678a106b3b55cd74cbf7c6f60a0de252dd65
reach-v3,211,17,Clean repeat,98000,1,1,d9363a769cdbd8d1059f312c0d467dc703d638b687c5fb681a8cec39f67c7721,7b004a2b184929d5dc0bb145d2bb4a64f661d0f23014718515f24981fd6aae55
reach-v3,211,17,Clean repeat,98001,1,0,d9363a769cdbd8d1059f312c0d467dc703d638b687c5fb681a8cec39f67c7721,0030290ccc0de97a5df1737b26d84b74e41019df1fa87c5b22f37a18f1b340b2
reach-v3,211,17,Clean repeat,98002,1,1,d9363a769cdbd8d1059f312c0d467dc703d638b687c5fb681a8cec39f67c7721,f0c52aaab9fb685d7b9fe9b7e9539dd7bf0142600ec2e47b04ecf59d21009645
reach-v3,211,17,Clean repeat,98003,1,1,d9363a769cdbd8d1059f312c0d467dc703d638b687c5fb681a8cec39f67c7721,34b5329189e329bc34d37bddeeccecc41bcf34c9cd649640afbbefa734fd697f
reach-v3,211,17,Clean repeat,98004,1,1,d9363a769cdbd8d1059f312c0d467dc703d638b687c5fb681a8cec39f67c7721,a9b396f9dcacadd1d5ae8ca3685ed9ee8abcf874fe27ab599514b7dcfac4399f
reach-v3,211,17,Clean repeat,98005,1,1,d9363a769cdbd8d1059f312c0d467dc703d638b687c5fb681a8cec39f67c7721,230c23069c19ca9365358de81572594033ff967ac7265afebda29da9f8a67d46
reach-v3,211,17,Clean repeat,98006,1,0,d9363a769cdbd8d1059f312c0d467dc703d638b687c5fb681a8cec39f67c7721,a0cb16260420f725fad40f3e870224ad2b764d6950f064c0031648f5b4bb62bb
reach-v3,211,17,Clean repeat,98007,1,1,d9363a769cdbd8d1059f312c0d467dc703d638b687c5fb681a8cec39f67c7721,c4209bce0a3d1e9857109fd87b328896f81002fb996dffe9239031511333689e
reach-v3,211,17,Clean repeat,98008,1,1,d9363a769cdbd8d1059f312c0d467dc703d638b687c5fb681a8cec39f67c7721,de2ea8d29cd97fd8ac93664f41f4df5fd4db3c60a72872077331bbd662873a60
reach-v3,211,17,Clean repeat,98009,1,1,d9363a769cdbd8d1059f312c0d467dc703d638b687c5fb681a8cec39f67c7721,bdd030feea7b0c630c3b80c9ff7965f0eebcbcf28b87530e7b4ca45085843d9d
reach-v3,211,17,Clean repeat,98010,0,0,d9363a769cdbd8d1059f312c0d467dc703d638b687c5fb681a8cec39f67c7721,7b0429405b88c9dea07b283df6cd0539ddd9f304a31b8d38e72184887291d8d8
reach-v3,211,17,Clean repeat,98011,1,1,d9363a769cdbd8d1059f312c0d467dc703d638b687c5fb681a8cec39f67c7721,5c76095b4a6370e8b97888fa64ffefb8af1bbb609b48817558d2b4b3f2e0a14e
reach-v3,211,17,Clean repeat,98012,1,1,d9363a769cdbd8d1059f312c0d467dc703d638b687c5fb681a8cec39f67c7721,37d7134f1d610f148913b2f76d2c67e1a5c9465293e3d71d5a898150bcebc5c9
reach-v3,211,17,Clean repeat,98013,1,1,d9363a769cdbd8d1059f312c0d467dc703d638b687c5fb681a8cec39f67c7721,de172c69bf8b0ad7ba7ef858ea3dbbca9834d458097dfcfa8a74f8c03af942c3
reach-v3,211,17,Clean repeat,98014,1,1,d9363a769cdbd8d1059f312c0d467dc703d638b687c5fb681a8cec39f67c7721,29516027ed2d981c91c609e798165450c226da3864db8d958baba6ab8562b9c0
reach-v3,211,17,Clean repeat,98015,1,1,d9363a769cdbd8d1059f312c0d467dc703d638b687c5fb681a8cec39f67c7721,54d7b6d6a75eee9d228f3eda07746ea75ea2ad35d9ed68442b672c9a47e2bd77
reach-v3,211,17,Clean repeat,98016,1,1,d9363a769cdbd8d1059f312c0d467dc703d638b687c5fb681a8cec39f67c7721,9526f46dab64f3b7ce09b8e7f1e8da54f183f0dc4d550d2944b0f510bfa6ce6e
reach-v3,211,17,Clean repeat,98017,1,1,d9363a769cdbd8d1059f312c0d467dc703d638b687c5fb681a8cec39f67c7721,3ee0308f0703cbd3d6896f70cb5916d5b1a42a4ee170013d68fc0bd99b8f9b29
reach-v3,211,17,Clean repeat,98018,1,1,d9363a769cdbd8d1059f312c0d467dc703d638b687c5fb681a8cec39f67c7721,f6094008c185b54df56d1f66386548111b103db3fb534861f63d99665b28c905
reach-v3,211,17,Clean repeat,98019,0,0,d9363a769cdbd8d1059f312c0d467dc703d638b687c5fb681a8cec39f67c7721,b617e81067a5e7d5ef20ad003d52f5d464ead81bd7290f5afe0ba6d92d77c5ac
reach-v3,211,17,Gaussian recovery,98000,1,1,a495c9d888b15c61bdab53d590682bed52f91d77d9ae11bcd74a24bc4cd0330b,83dbb82574f2374c99fb5c5a7ea00ead8a0edab7e42ecf8bd1d5166539f646b3
reach-v3,211,17,Gaussian recovery,98001,1,0,a495c9d888b15c61bdab53d590682bed52f91d77d9ae11bcd74a24bc4cd0330b,d86dc158d4b0ed2d0e4bf179fa147dbe1e1a36cdbd9c15c5474e2d904fa617d6
reach-v3,211,17,Gaussian recovery,98002,1,1,a495c9d888b15c61bdab53d590682bed52f91d77d9ae11bcd74a24bc4cd0330b,3468533e98b411c472863f508928314d5ed643caeb32c0960631a0393c17c809
reach-v3,211,17,Gaussian recovery,98003,1,1,a495c9d888b15c61bdab53d590682bed52f91d77d9ae11bcd74a24bc4cd0330b,789832bfb34f41d30c94bc6ec9ed33714a540e2fda14192e76932052f97d08df
reach-v3,211,17,Gaussian recovery,98004,1,1,a495c9d888b15c61bdab53d590682bed52f91d77d9ae11bcd74a24bc4cd0330b,efb9da0714d6f5049187fff317814c3baa8deb803f11724b21e3ae6123de5ef2
reach-v3,211,17,Gaussian recovery,98005,1,0,a495c9d888b15c61bdab53d590682bed52f91d77d9ae11bcd74a24bc4cd0330b,f9795cb65b14816436153f422f4886aa97480e18b10f7452b914a496e66640f3
reach-v3,211,17,Gaussian recovery,98006,1,0,a495c9d888b15c61bdab53d590682bed52f91d77d9ae11bcd74a24bc4cd0330b,373f22b29a29660b618634dc904391bd06e9ac81e1ac7fe8e4d5f3de8d28720c
reach-v3,211,17,Gaussian recovery,98007,1,1,a495c9d888b15c61bdab53d590682bed52f91d77d9ae11bcd74a24bc4cd0330b,ffd0dae2d4df3bb8f0005e5f21540ed8102fc715f2a837899ea1815436c17bcf
reach-v3,211,17,Gaussian recovery,98008,1,1,a495c9d888b15c61bdab53d590682bed52f91d77d9ae11bcd74a24bc4cd0330b,0d3118fdc3d402a7681f5143d9344f5a5f7b73e3fef33b5c5565d3b5eac6c14a
reach-v3,211,17,Gaussian recovery,98009,1,1,a495c9d888b15c61bdab53d590682bed52f91d77d9ae11bcd74a24bc4cd0330b,641f945d734840f238d126426efb0ea78809ffafbc52ae33bf086f619373f6f8
reach-v3,211,17,Gaussian recovery,98010,0,0,a495c9d888b15c61bdab53d590682bed52f91d77d9ae11bcd74a24bc4cd0330b,26aa51136c9f509ea932a8f1a3071c0ff02a8105421c8170741390875507d61d
reach-v3,211,17,Gaussian recovery,98011,1,1,a495c9d888b15c61bdab53d590682bed52f91d77d9ae11bcd74a24bc4cd0330b,23c3ca6feb6c392037b1485582205f9d325e8fcaa7c08d582dbefdd8fb40d801
reach-v3,211,17,Gaussian recovery,98012,1,1,a495c9d888b15c61bdab53d590682bed52f91d77d9ae11bcd74a24bc4cd0330b,079b84ce9e7b9ee42546ba9c2b622ac184b7a971eb257a7675468a20d8d49536
reach-v3,211,17,Gaussian recovery,98013,1,0,a495c9d888b15c61bdab53d590682bed52f91d77d9ae11bcd74a24bc4cd0330b,6d941e5e65ac0ef26552d358cd2e46e4f7675a078aacc1c44ccfafca32fadf7e
reach-v3,211,17,Gaussian recovery,98014,1,1,a495c9d888b15c61bdab53d590682bed52f91d77d9ae11bcd74a24bc4cd0330b,6fb497a5ec17681a9235d70f5fbf24fd39bb266e5b39afac72a1df57d07b5782
reach-v3,211,17,Gaussian recovery,98015,0,0,a495c9d888b15c61bdab53d590682bed52f91d77d9ae11bcd74a24bc4cd0330b,f6c9e3800c28436e52e489825f8f87f1d2a199ed8a1910178220f7e720a81d61
reach-v3,211,17,Gaussian recovery,98016,1,1,a495c9d888b15c61bdab53d590682bed52f91d77d9ae11bcd74a24bc4cd0330b,aa3fcca2302da48241f966f3b013195b7b3d3cfaca5f0d455862104c12dd82d7
reach-v3,211,17,Gaussian recovery,98017,1,1,a495c9d888b15c61bdab53d590682bed52f91d77d9ae11bcd74a24bc4cd0330b,3ea282c8853519d9a56f279d9717be7d82d95a870c574eab573e99cb0f9942c3
reach-v3,211,17,Gaussian recovery,98018,1,1,a495c9d888b15c61bdab53d590682bed52f91d77d9ae11bcd74a24bc4cd0330b,3e0ea7e265acb28952bb5a2e5981a510e66aace05ceeddc880f064b6d64240da
reach-v3,211,17,Gaussian recovery,98019,0,0,a495c9d888b15c61bdab53d590682bed52f91d77d9ae11bcd74a24bc4cd0330b,e273be2b7af96d841ee33ca8b987c6064644760f32ebcea1a9245109ec92877f
reach-v3,211,17,SCANA-R,98000,1,1,4a866a5e55dcafe05c6710e73a57e5beda161d0fbdac8af70425450883d85bcc,52ea08eb34e75ac489aaad8baeac65aff0aa0c335c8b8fec110c6a53bcf4cbcd
reach-v3,211,17,SCANA-R,98001,1,0,4a866a5e55dcafe05c6710e73a57e5beda161d0fbdac8af70425450883d85bcc,b257d6da4f5e45ce8032860e19aa902599e972549554776b5afbba0d3ef2f94f
reach-v3,211,17,SCANA-R,98002,1,1,4a866a5e55dcafe05c6710e73a57e5beda161d0fbdac8af70425450883d85bcc,57e414dd3cde652798e34fb6423925daa5dab2d00859c88cf59f5ef49f27025b
reach-v3,211,17,SCANA-R,98003,1,1,4a866a5e55dcafe05c6710e73a57e5beda161d0fbdac8af70425450883d85bcc,73a2e7d2104093f6baa628b95cdbf6e51346cdbe1511b8f8908fe8f270f941f8
reach-v3,211,17,SCANA-R,98004,1,1,4a866a5e55dcafe05c6710e73a57e5beda161d0fbdac8af70425450883d85bcc,bb6cc3a471bf2349c313c92d02a0caf512dbea689db6a6383ddde92c6e5d7a1c
reach-v3,211,17,SCANA-R,98005,1,0,4a866a5e55dcafe05c6710e73a57e5beda161d0fbdac8af70425450883d85bcc,ebeb0283c33990513f8afba769c7ab591876ddf85cae04094d6085c374c29d67
reach-v3,211,17,SCANA-R,98006,1,0,4a866a5e55dcafe05c6710e73a57e5beda161d0fbdac8af70425450883d85bcc,86c2d58e32137d6eaf7556325ece14115397446a424c2b26494ebbcd0c44914d
reach-v3,211,17,SCANA-R,98007,1,1,4a866a5e55dcafe05c6710e73a57e5beda161d0fbdac8af70425450883d85bcc,83719f30fc04c3536cf89dfef10cb009a2ace224efbbc1918f0fb6aa990885c5
reach-v3,211,17,SCANA-R,98008,1,0,4a866a5e55dcafe05c6710e73a57e5beda161d0fbdac8af70425450883d85bcc,9441f3c7a12ff83ccffd65163cf7f755a2f1f12c89680ed2521d636c61558a65
reach-v3,211,17,SCANA-R,98009,1,1,4a866a5e55dcafe05c6710e73a57e5beda161d0fbdac8af70425450883d85bcc,205c25cda24ececaa2908e34fb34db60fdca8b4ebacefa6c7aec8651f9875d04
reach-v3,211,17,SCANA-R,98010,0,0,4a866a5e55dcafe05c6710e73a57e5beda161d0fbdac8af70425450883d85bcc,2b8daa5c2830e92c11be37149837ba9b602a24d42f6a93f40c12ab2441262fda
reach-v3,211,17,SCANA-R,98011,1,1,4a866a5e55dcafe05c6710e73a57e5beda161d0fbdac8af70425450883d85bcc,a3a1b730060ad9ea2fa5ad77485561f4bfd375a545c08638ccee10a354cea318
reach-v3,211,17,SCANA-R,98012,1,1,4a866a5e55dcafe05c6710e73a57e5beda161d0fbdac8af70425450883d85bcc,1b3c08d5ea037a6da7d95761296597c12c728f12013dbdd6bd91a2f3236e18df
reach-v3,211,17,SCANA-R,98013,1,0,4a866a5e55dcafe05c6710e73a57e5beda161d0fbdac8af70425450883d85bcc,9b732f75e5c42cf4b6150c6158010f88ba0df25546ea34e192cf366f4460d8eb
reach-v3,211,17,SCANA-R,98014,1,1,4a866a5e55dcafe05c6710e73a57e5beda161d0fbdac8af70425450883d85bcc,94f41e2debbfde925d3456639dc7d69f0f60f4114c053769940734018a4a126f
reach-v3,211,17,SCANA-R,98015,1,1,4a866a5e55dcafe05c6710e73a57e5beda161d0fbdac8af70425450883d85bcc,8a5bfd325337694046ba44cc753c94b3a93dfc5e7bc871b83cc79c0569aef300
reach-v3,211,17,SCANA-R,98016,1,1,4a866a5e55dcafe05c6710e73a57e5beda161d0fbdac8af70425450883d85bcc,17a89a42eba04d127c4b64b3ac8c09ef9bf3b6b58fe76b28cfb6ad08541a39cd
reach-v3,211,17,SCANA-R,98017,1,1,4a866a5e55dcafe05c6710e73a57e5beda161d0fbdac8af70425450883d85bcc,59d134623e318813b981a43a68fa93fd1605467e749266ae7cad110bbf22f227
reach-v3,211,17,SCANA-R,98018,1,1,4a866a5e55dcafe05c6710e73a57e5beda161d0fbdac8af70425450883d85bcc,0cfee318b1264ae0a1a01621318ff67cde255abbe20ee294a2b32dd0cc90b566
reach-v3,211,17,SCANA-R,98019,0,0,4a866a5e55dcafe05c6710e73a57e5beda161d0fbdac8af70425450883d85bcc,39415efe82b04b1c184d541ba53976092261865db4abe705a8d47404e5951583
reach-v3,211,29,Clean repeat,98000,1,1,1b090945bef0c1179da11f9de098dbdbc7057bbee0e846b349312fc290456986,0e06531d70f01a2276db7c0169cbcdc34946e261a7537dc0d7c4ff09d88aac12
reach-v3,211,29,Clean repeat,98001,1,0,1b090945bef0c1179da11f9de098dbdbc7057bbee0e846b349312fc290456986,c9a79b93d4144c2ed4cc6f4fadfc2b8cfe858499d72b1fa0ac28e2e025121fa3
reach-v3,211,29,Clean repeat,98002,1,1,1b090945bef0c1179da11f9de098dbdbc7057bbee0e846b349312fc290456986,613b654ebf0fccb999cfa47e77193ecde0f97516cc346219b161533fa44fa7c2
reach-v3,211,29,Clean repeat,98003,1,1,1b090945bef0c1179da11f9de098dbdbc7057bbee0e846b349312fc290456986,816e5c3f8887cdc0eb401aab181fd7bfdce5423828e946fbcfbdf4fcc1fe5090
reach-v3,211,29,Clean repeat,98004,1,1,1b090945bef0c1179da11f9de098dbdbc7057bbee0e846b349312fc290456986,0bc19b9c58f5332d2ce882c43de839912d1a53571ad357b44caa7c22c5d7336c
reach-v3,211,29,Clean repeat,98005,1,1,1b090945bef0c1179da11f9de098dbdbc7057bbee0e846b349312fc290456986,9601acafe137a31fab626567de3e8249bf69912df9aa2a751a4b28df1727c2ae
reach-v3,211,29,Clean repeat,98006,1,0,1b090945bef0c1179da11f9de098dbdbc7057bbee0e846b349312fc290456986,eae3111bf2332f7a7f35ed96765bcb6ad15aa8f5e0035eceaf67234dbffdefb9
reach-v3,211,29,Clean repeat,98007,1,1,1b090945bef0c1179da11f9de098dbdbc7057bbee0e846b349312fc290456986,a48016b9028ce8b0d51cc7463aba5bc606596c4dfe6eebc575e68efc6f1b4099
reach-v3,211,29,Clean repeat,98008,1,1,1b090945bef0c1179da11f9de098dbdbc7057bbee0e846b349312fc290456986,9eab9e612284fa75101c5bde38225fa9d1cd3bf621db1b9c703ce21e8140a542
reach-v3,211,29,Clean repeat,98009,1,1,1b090945bef0c1179da11f9de098dbdbc7057bbee0e846b349312fc290456986,69f77231e80fc3972ac71e339602da65d3f8747f78a3ae2ae27491756fe9ab05
reach-v3,211,29,Clean repeat,98010,0,0,1b090945bef0c1179da11f9de098dbdbc7057bbee0e846b349312fc290456986,20777339b7c48e1d3c769e7eb560be35a3b38c957be17fedd9e2b723cc5dc1f0
reach-v3,211,29,Clean repeat,98011,1,1,1b090945bef0c1179da11f9de098dbdbc7057bbee0e846b349312fc290456986,843a068daba8b3c79145c8960b9f6af71844a4bceec611914b158226cde5496a
reach-v3,211,29,Clean repeat,98012,1,1,1b090945bef0c1179da11f9de098dbdbc7057bbee0e846b349312fc290456986,85eb1ce307fe25728576971b32a78665757e4b6c945ccfaa36f2040ce707c021
reach-v3,211,29,Clean repeat,98013,1,0,1b090945bef0c1179da11f9de098dbdbc7057bbee0e846b349312fc290456986,3517f556a8e9038311f0d05dcc1f3925e912c608be01867272f53352b13d2f07
reach-v3,211,29,Clean repeat,98014,1,1,1b090945bef0c1179da11f9de098dbdbc7057bbee0e846b349312fc290456986,704db6320b8a4217517dc9fb9f131afabf07e45a57e9d4a2dd546faf86433d72
reach-v3,211,29,Clean repeat,98015,1,1,1b090945bef0c1179da11f9de098dbdbc7057bbee0e846b349312fc290456986,958d0dc12cde265b7d4947f3cd31bcc716c20606f3548dcc94fbf1fd42217a41
reach-v3,211,29,Clean repeat,98016,1,1,1b090945bef0c1179da11f9de098dbdbc7057bbee0e846b349312fc290456986,4d20dcf8ed8d63904b013ae4f42dd5ad55bd27fa5288597e82afd5e72dad654e
reach-v3,211,29,Clean repeat,98017,1,1,1b090945bef0c1179da11f9de098dbdbc7057bbee0e846b349312fc290456986,6e60043b0acf0292589458e748aeefe11124a457b43248a4a4ab251fbc6d431e
reach-v3,211,29,Clean repeat,98018,1,1,1b090945bef0c1179da11f9de098dbdbc7057bbee0e846b349312fc290456986,8268a27a7cdf99f435309f9910de1ac4276cf2e3103d492649729714d5204ddc
reach-v3,211,29,Clean repeat,98019,0,0,1b090945bef0c1179da11f9de098dbdbc7057bbee0e846b349312fc290456986,65ea569af9c3aeac5b17602d71d38157754de0b5c9c8136ae5ea78f6cedff1bd
reach-v3,211,29,Gaussian recovery,98000,1,1,e57bc651297a89e33cf298dacca8907bcb82a9171e8145fd9706332015009a1c,69d038043c9692c599cbe604d35634d7fa297f230754b7ea9483e8b54c150513
reach-v3,211,29,Gaussian recovery,98001,1,1,e57bc651297a89e33cf298dacca8907bcb82a9171e8145fd9706332015009a1c,b2f0f14bc069ae680486c3f7405ba69d33baa4782850298f8a434fd0ae7e78b0
reach-v3,211,29,Gaussian recovery,98002,1,1,e57bc651297a89e33cf298dacca8907bcb82a9171e8145fd9706332015009a1c,36dc1b0971e27029bd17fc650e37f51f01acb188e1d4d878eb73f437585a70dd
reach-v3,211,29,Gaussian recovery,98003,1,1,e57bc651297a89e33cf298dacca8907bcb82a9171e8145fd9706332015009a1c,0420d22ed10582b4aa9321971169e892f79947724458efcbadff8439c06abbfd
reach-v3,211,29,Gaussian recovery,98004,1,1,e57bc651297a89e33cf298dacca8907bcb82a9171e8145fd9706332015009a1c,53007fabd6f46c68712475dd73272f2870550329143da83ecbb48a7785b1e937
reach-v3,211,29,Gaussian recovery,98005,1,1,e57bc651297a89e33cf298dacca8907bcb82a9171e8145fd9706332015009a1c,41253b263bb77e59495a6656e6ef4fde8b40140818303960905fb577082716fa
reach-v3,211,29,Gaussian recovery,98006,1,1,e57bc651297a89e33cf298dacca8907bcb82a9171e8145fd9706332015009a1c,6831a9e68244148ef7670aa2b6c4f41675aa7b080cb1ac7a7b76cd334d214e58
reach-v3,211,29,Gaussian recovery,98007,1,1,e57bc651297a89e33cf298dacca8907bcb82a9171e8145fd9706332015009a1c,bb706a692f6ed95c8b55a8a90f922ec8e1b792be485f89fc1a086950d337ed25
reach-v3,211,29,Gaussian recovery,98008,1,1,e57bc651297a89e33cf298dacca8907bcb82a9171e8145fd9706332015009a1c,ef71f289e12c8179bb03a16447fe29ba8f30acbb51a4f699598734ce45e6da73
reach-v3,211,29,Gaussian recovery,98009,1,1,e57bc651297a89e33cf298dacca8907bcb82a9171e8145fd9706332015009a1c,1cbbc4abc764563521d8de96f2a5f240ce7f8c290c0cc714ae0f369b3472aeb1
reach-v3,211,29,Gaussian recovery,98010,0,0,e57bc651297a89e33cf298dacca8907bcb82a9171e8145fd9706332015009a1c,304e21565fd61061d682d8fc769da3a6920b45a430bac5ce54b874ca3cd09872
reach-v3,211,29,Gaussian recovery,98011,1,1,e57bc651297a89e33cf298dacca8907bcb82a9171e8145fd9706332015009a1c,d5bc1fb2b454ec667b190c40222eb507d9978303caeb570c6b121b27952b0eb4
reach-v3,211,29,Gaussian recovery,98012,1,1,e57bc651297a89e33cf298dacca8907bcb82a9171e8145fd9706332015009a1c,0611e7ed41ff79bbfe0590671346e5a5e15c41fff24fca2911a9db82b1fccb5f
reach-v3,211,29,Gaussian recovery,98013,1,1,e57bc651297a89e33cf298dacca8907bcb82a9171e8145fd9706332015009a1c,171216aed942b747ed26cbc778d125023d8642dfcde8fd29a5e5cd8ebb080222
reach-v3,211,29,Gaussian recovery,98014,1,1,e57bc651297a89e33cf298dacca8907bcb82a9171e8145fd9706332015009a1c,575b11e4d9ad862d8150e83aa0e85982978d9aca5ec29718ec493cc577c4f403
reach-v3,211,29,Gaussian recovery,98015,1,1,e57bc651297a89e33cf298dacca8907bcb82a9171e8145fd9706332015009a1c,dbbbbe842397cbac096ca796ffbb32b3d2e72a91f2da4e85fd5055d6950bc1bb
reach-v3,211,29,Gaussian recovery,98016,1,1,e57bc651297a89e33cf298dacca8907bcb82a9171e8145fd9706332015009a1c,0c835a5066c19d7dce4ec343812ed1baf8f4b1d998c52c65224ae84a4f468fc0
reach-v3,211,29,Gaussian recovery,98017,1,1,e57bc651297a89e33cf298dacca8907bcb82a9171e8145fd9706332015009a1c,2ec99e69041aaf284bb291e846c66121d0829fc69b0a585a723d8f2b90701dfc
reach-v3,211,29,Gaussian recovery,98018,1,1,e57bc651297a89e33cf298dacca8907bcb82a9171e8145fd9706332015009a1c,0971660e5d39041431392c602aaf033ee7c0c2bb86659677d97892dd983b675f
reach-v3,211,29,Gaussian recovery,98019,0,0,e57bc651297a89e33cf298dacca8907bcb82a9171e8145fd9706332015009a1c,d80f512752e39e8fdd0b007bd8905129e45e18d8feb7a838c51b1684719a8419
reach-v3,211,29,SCANA-R,98000,1,1,17e7130fe8e441703c21127126ba5c6cc9d9e4cd4e9df0d52e25846cc2b66a39,742824c14893947419340dc370dc8fa0fc5e9c5f0900c181e30eaee2cdcb3057
reach-v3,211,29,SCANA-R,98001,1,1,17e7130fe8e441703c21127126ba5c6cc9d9e4cd4e9df0d52e25846cc2b66a39,0359694073567a6f363e57b8a95937b24e3a20ce33868720ecf90794c3a625f6
reach-v3,211,29,SCANA-R,98002,1,1,17e7130fe8e441703c21127126ba5c6cc9d9e4cd4e9df0d52e25846cc2b66a39,2fd82171cd1a7a050a03b39c2218354bdb17a7df8db8080ebb3d30c823353ff2
reach-v3,211,29,SCANA-R,98003,1,1,17e7130fe8e441703c21127126ba5c6cc9d9e4cd4e9df0d52e25846cc2b66a39,0b0eaf6bd27fa329823d8b227f0e8016bc4ccece06324dd114929445bd4b042c
reach-v3,211,29,SCANA-R,98004,1,1,17e7130fe8e441703c21127126ba5c6cc9d9e4cd4e9df0d52e25846cc2b66a39,d6acd2d57aa743bc949039e59357ae020d9ec7d44e631c3122248bcfee612428
reach-v3,211,29,SCANA-R,98005,1,1,17e7130fe8e441703c21127126ba5c6cc9d9e4cd4e9df0d52e25846cc2b66a39,ee6683049da449c0bc87337733a785b426ec71580805f00978f2dcdefc3f3eaf
reach-v3,211,29,SCANA-R,98006,1,1,17e7130fe8e441703c21127126ba5c6cc9d9e4cd4e9df0d52e25846cc2b66a39,248b495e089414ef2d5dfbf378668710ffb0eb37f22b10a3f9b4821f1d830bad
reach-v3,211,29,SCANA-R,98007,1,1,17e7130fe8e441703c21127126ba5c6cc9d9e4cd4e9df0d52e25846cc2b66a39,0937a59a65104ad52d23d306c59a50d7abb2664931fb14d75c04348cf7a2b668
reach-v3,211,29,SCANA-R,98008,1,1,17e7130fe8e441703c21127126ba5c6cc9d9e4cd4e9df0d52e25846cc2b66a39,8a8e0984f44d1c804f1de3db7a4745195512d520636d7356940f42a86d48b805
reach-v3,211,29,SCANA-R,98009,1,1,17e7130fe8e441703c21127126ba5c6cc9d9e4cd4e9df0d52e25846cc2b66a39,5c606ef4db6c90c569fb726b8997bbe56590f4558c5132182d7cb3730694f403
reach-v3,211,29,SCANA-R,98010,0,0,17e7130fe8e441703c21127126ba5c6cc9d9e4cd4e9df0d52e25846cc2b66a39,e57d95c1f96a26e182d38411e97a750374ef156b6466b0fdab7262aea376b74a
reach-v3,211,29,SCANA-R,98011,1,1,17e7130fe8e441703c21127126ba5c6cc9d9e4cd4e9df0d52e25846cc2b66a39,509228e855540a37f5c248c0106f3dd0b08ab6e83013f99e4f1ebbbb6370f7bf
reach-v3,211,29,SCANA-R,98012,1,1,17e7130fe8e441703c21127126ba5c6cc9d9e4cd4e9df0d52e25846cc2b66a39,ab02eb1958e6ce29ce4bdf2d4a6e3de4264dfd9265cc345b7730d7849b73672a
reach-v3,211,29,SCANA-R,98013,1,1,17e7130fe8e441703c21127126ba5c6cc9d9e4cd4e9df0d52e25846cc2b66a39,9c51e9a51a6e44ddb151bbb8da6270f27415902e4c2168c702697f692f23c5c8
reach-v3,211,29,SCANA-R,98014,1,1,17e7130fe8e441703c21127126ba5c6cc9d9e4cd4e9df0d52e25846cc2b66a39,d7b11c3442e42dfe76ff7adae35158b68948e5d5418384c1faa34347d915c267
reach-v3,211,29,SCANA-R,98015,1,1,17e7130fe8e441703c21127126ba5c6cc9d9e4cd4e9df0d52e25846cc2b66a39,969072919556407489af76181ce288852f4179f1db353da721c3faec48d06f63
reach-v3,211,29,SCANA-R,98016,1,1,17e7130fe8e441703c21127126ba5c6cc9d9e4cd4e9df0d52e25846cc2b66a39,2f35a6a0c8486098d951cbc6f26f15ce22f5e2145cef91b379051505cfbf9d3b
reach-v3,211,29,SCANA-R,98017,1,1,17e7130fe8e441703c21127126ba5c6cc9d9e4cd4e9df0d52e25846cc2b66a39,6b4bd6d7b46db4791ab3b325c06f674a25f44b06cd469280ede4958e216c6029
reach-v3,211,29,SCANA-R,98018,1,1,17e7130fe8e441703c21127126ba5c6cc9d9e4cd4e9df0d52e25846cc2b66a39,e3a7e8d2450c8adc47eb89fca34908b164caf3d60a8b12645c34086936b921ec
reach-v3,211,29,SCANA-R,98019,0,0,17e7130fe8e441703c21127126ba5c6cc9d9e4cd4e9df0d52e25846cc2b66a39,71f2f1b6f8e795fd5eb45cd0021431d6d73508657658a160d05e20f084040965
reach-v3,211,43,Clean repeat,98000,1,1,f330dcb7808d98561a7d9cd55e61d8e1b311327d94d2984e849c1aac05d42982,3d3b942525093c2ef1a9021df750ba0a00372647ff48c5e0c937e6dcc01bf001
reach-v3,211,43,Clean repeat,98001,1,0,f330dcb7808d98561a7d9cd55e61d8e1b311327d94d2984e849c1aac05d42982,470b298321b6330d318de2b52afcc38bb3a0e792fa4b22b8dcc2bd53cbe46957
reach-v3,211,43,Clean repeat,98002,1,1,f330dcb7808d98561a7d9cd55e61d8e1b311327d94d2984e849c1aac05d42982,b2f516451de9195e5f593ca399fd80dc7c43e290e85feca4c9f5ca220e069da8
reach-v3,211,43,Clean repeat,98003,1,1,f330dcb7808d98561a7d9cd55e61d8e1b311327d94d2984e849c1aac05d42982,5b2251e988a84be68002e9fad4e49228f6f57abd88c86ba7b8264ebcd4226971
reach-v3,211,43,Clean repeat,98004,1,1,f330dcb7808d98561a7d9cd55e61d8e1b311327d94d2984e849c1aac05d42982,938c0682e0f6efc12bdeb7020a4ce8fc549be332dc007fc8ea2003c5fefa4f65
reach-v3,211,43,Clean repeat,98005,1,1,f330dcb7808d98561a7d9cd55e61d8e1b311327d94d2984e849c1aac05d42982,2302bd7700626bfc9a7b0678c643d57d31d44fec2275558a45b4ca1a2af5a48d
reach-v3,211,43,Clean repeat,98006,1,1,f330dcb7808d98561a7d9cd55e61d8e1b311327d94d2984e849c1aac05d42982,aab8898d79cca1ab908ade8f5994ad999246526acc7e82586083c80d344c5409
reach-v3,211,43,Clean repeat,98007,1,1,f330dcb7808d98561a7d9cd55e61d8e1b311327d94d2984e849c1aac05d42982,e69478ce41fe34f4e52d50abac03569f0e176c24126d567a5378de5ec09e9e81
reach-v3,211,43,Clean repeat,98008,1,1,f330dcb7808d98561a7d9cd55e61d8e1b311327d94d2984e849c1aac05d42982,31892a11778e9b65d24b4396323073178f8477166765664503f170b476c273f2
reach-v3,211,43,Clean repeat,98009,1,1,f330dcb7808d98561a7d9cd55e61d8e1b311327d94d2984e849c1aac05d42982,3ed62585d02ceffc1c99c052664a342a885747e992091e5f3287aece531a27e1
reach-v3,211,43,Clean repeat,98010,0,0,f330dcb7808d98561a7d9cd55e61d8e1b311327d94d2984e849c1aac05d42982,0085d24c4e8646eb386ad6d86c1c9c47623e273d1b4a944c6ee7447a73ec4c12
reach-v3,211,43,Clean repeat,98011,1,1,f330dcb7808d98561a7d9cd55e61d8e1b311327d94d2984e849c1aac05d42982,eae61630668ad44c11db6c7d71140fa3de673e219c65eb059cc9ec89be33cb36
reach-v3,211,43,Clean repeat,98012,1,1,f330dcb7808d98561a7d9cd55e61d8e1b311327d94d2984e849c1aac05d42982,b2ffa192555aebc8ac5463e61a0bf3a8a64727389d5a417a2d89b303a1590c3c
reach-v3,211,43,Clean repeat,98013,1,1,f330dcb7808d98561a7d9cd55e61d8e1b311327d94d2984e849c1aac05d42982,040b60218c294ac0d2f48867f50fdad0edb9834427712027f06e57e699ad948f
reach-v3,211,43,Clean repeat,98014,1,1,f330dcb7808d98561a7d9cd55e61d8e1b311327d94d2984e849c1aac05d42982,2ef0004ce7a7134231555c6365378fe9c9569e6517569914b26d1a851e3dd375
reach-v3,211,43,Clean repeat,98015,1,1,f330dcb7808d98561a7d9cd55e61d8e1b311327d94d2984e849c1aac05d42982,7cf9fa7ff81b752d9c2b27c731612b336e011ba2af5c9a9e14e948f96a96096a
reach-v3,211,43,Clean repeat,98016,1,1,f330dcb7808d98561a7d9cd55e61d8e1b311327d94d2984e849c1aac05d42982,6d6ba8ad04da3c73a63baebdf6a88ab82702e2039e2e828eccaf6de890209dba
reach-v3,211,43,Clean repeat,98017,1,1,f330dcb7808d98561a7d9cd55e61d8e1b311327d94d2984e849c1aac05d42982,a25fd893c4a7a17f07dfe24e6d6903921253c4cfe2bb05f4a1fce9f0c4904aee
reach-v3,211,43,Clean repeat,98018,1,1,f330dcb7808d98561a7d9cd55e61d8e1b311327d94d2984e849c1aac05d42982,ba4278ddb277a56ea3d8e47aff601e53eeb58dd24f228602893f16a46ecd8c17
reach-v3,211,43,Clean repeat,98019,1,1,f330dcb7808d98561a7d9cd55e61d8e1b311327d94d2984e849c1aac05d42982,39617e96bb19ec25f36a559bffd0af08b528a8de1fe4b103bb473238a8bca93e
reach-v3,211,43,Gaussian recovery,98000,1,1,a6344f7fd1e7e6d34ba166fd3ee2908a43690e2d87c7e9fd54ec04e18eba63b1,e35e94ad1f131f81402943feb7a63f1405eb36fa1dea27512a20ff7f31c526fe
reach-v3,211,43,Gaussian recovery,98001,1,0,a6344f7fd1e7e6d34ba166fd3ee2908a43690e2d87c7e9fd54ec04e18eba63b1,13782b2e062dbeaac48dcdcc610d81c7c4dc51f1e54806612c6aacdf2f6ea251
reach-v3,211,43,Gaussian recovery,98002,1,1,a6344f7fd1e7e6d34ba166fd3ee2908a43690e2d87c7e9fd54ec04e18eba63b1,a0c024661c1191f91002480b370f35e8300d08883a1a049f7721f556c433d7db
reach-v3,211,43,Gaussian recovery,98003,1,1,a6344f7fd1e7e6d34ba166fd3ee2908a43690e2d87c7e9fd54ec04e18eba63b1,17d0ac35847aa425c4808b398b7a2d555bad4d0411567a8989d882e8acc5eae5
reach-v3,211,43,Gaussian recovery,98004,1,1,a6344f7fd1e7e6d34ba166fd3ee2908a43690e2d87c7e9fd54ec04e18eba63b1,2d76f64ee7fffd8e089c13f21ec25d416c3213447d29430b5508949e63b11da3
reach-v3,211,43,Gaussian recovery,98005,1,1,a6344f7fd1e7e6d34ba166fd3ee2908a43690e2d87c7e9fd54ec04e18eba63b1,12d5fa285645fe8abfebbcfd01d1d83ae3f0257ce1e56d3b57f84d562e0bb2c5
reach-v3,211,43,Gaussian recovery,98006,1,0,a6344f7fd1e7e6d34ba166fd3ee2908a43690e2d87c7e9fd54ec04e18eba63b1,8c6d3e1fae8239bc374ebd918177d3e9ff30ed3ba97e703cb51b098698758042
reach-v3,211,43,Gaussian recovery,98007,1,1,a6344f7fd1e7e6d34ba166fd3ee2908a43690e2d87c7e9fd54ec04e18eba63b1,0c676db6e67afecce294f30223c2af1849e2f777c59000d56e5504f7f54a525e
reach-v3,211,43,Gaussian recovery,98008,1,1,a6344f7fd1e7e6d34ba166fd3ee2908a43690e2d87c7e9fd54ec04e18eba63b1,afb4c87ac724115258d61da43c8c3f6e60c29155c336b161823bba2f42b795e5
reach-v3,211,43,Gaussian recovery,98009,1,1,a6344f7fd1e7e6d34ba166fd3ee2908a43690e2d87c7e9fd54ec04e18eba63b1,8e95df9f8b211ebd20f1d125fae865a594007cc8fadf15a48fe02018d3cb789e
reach-v3,211,43,Gaussian recovery,98010,0,0,a6344f7fd1e7e6d34ba166fd3ee2908a43690e2d87c7e9fd54ec04e18eba63b1,d117b961a9a6ae9d8951c2de3f42804bd2838a98d6c34f3fd7364b890ce376e0
reach-v3,211,43,Gaussian recovery,98011,1,1,a6344f7fd1e7e6d34ba166fd3ee2908a43690e2d87c7e9fd54ec04e18eba63b1,6abbf5af1b0572e559566c53d4abab73ff5f90b3e30bd99fdee7eb3ab1468cfd
reach-v3,211,43,Gaussian recovery,98012,1,1,a6344f7fd1e7e6d34ba166fd3ee2908a43690e2d87c7e9fd54ec04e18eba63b1,c0419545ac946f9f48c1989c33b2ad6279b5dd1a63a1099a2e01d7b6feaf39cb
reach-v3,211,43,Gaussian recovery,98013,1,1,a6344f7fd1e7e6d34ba166fd3ee2908a43690e2d87c7e9fd54ec04e18eba63b1,741c1b5395a140b91c2b11922b07573b7125bc7c69b6aaf0d27dccf518c89bec
reach-v3,211,43,Gaussian recovery,98014,1,1,a6344f7fd1e7e6d34ba166fd3ee2908a43690e2d87c7e9fd54ec04e18eba63b1,0fcea746249ffb592d3dc93de239066d59befffaf032eb7430480f0eee0f55ee
reach-v3,211,43,Gaussian recovery,98015,1,1,a6344f7fd1e7e6d34ba166fd3ee2908a43690e2d87c7e9fd54ec04e18eba63b1,cf80914b9961bf4bd62ea1298f8bc475261508b338677aafb8acfa8f5ee47fcd
reach-v3,211,43,Gaussian recovery,98016,1,1,a6344f7fd1e7e6d34ba166fd3ee2908a43690e2d87c7e9fd54ec04e18eba63b1,5cb5464584566cd8a3bbc0869ad1ba60cbded305871d3edc160357dedbc73193
reach-v3,211,43,Gaussian recovery,98017,1,1,a6344f7fd1e7e6d34ba166fd3ee2908a43690e2d87c7e9fd54ec04e18eba63b1,2625192b76db7ec4dcc4fa3b517e775088130e9cc4ab9cf30a33efb5df2ad870
reach-v3,211,43,Gaussian recovery,98018,1,1,a6344f7fd1e7e6d34ba166fd3ee2908a43690e2d87c7e9fd54ec04e18eba63b1,b2c434a3076c89d5d22be259bf81bd98c5a0a846f361fd0b3f01b94a6ea06b2e
reach-v3,211,43,Gaussian recovery,98019,0,0,a6344f7fd1e7e6d34ba166fd3ee2908a43690e2d87c7e9fd54ec04e18eba63b1,c7d20d34877a0c9c70df4cf16a74fdadf7857338852b9d7fbfeb7471d6e8c3f4
reach-v3,211,43,SCANA-R,98000,1,1,4f78165dacf470cbe0e71882811794a63cfe477565052585b8e383429aab81fd,78f75935e2390541def4541a23c95981727ad0bfa340dc0418078d93fa7f5640
reach-v3,211,43,SCANA-R,98001,1,0,4f78165dacf470cbe0e71882811794a63cfe477565052585b8e383429aab81fd,fab414648edb3b34d10a48a7197063c0e95c419094ea169001407e07f00006d8
reach-v3,211,43,SCANA-R,98002,1,1,4f78165dacf470cbe0e71882811794a63cfe477565052585b8e383429aab81fd,ee58fb1985a4f722060899675d570b4977c1cdc7e828eb45e36eb453b9f7c9d5
reach-v3,211,43,SCANA-R,98003,1,1,4f78165dacf470cbe0e71882811794a63cfe477565052585b8e383429aab81fd,6b20f4927024224dc78b3e237e6ff3cd7cda7d4e590944e645a7930d438fc742
reach-v3,211,43,SCANA-R,98004,1,1,4f78165dacf470cbe0e71882811794a63cfe477565052585b8e383429aab81fd,77c60600c7a881a139b4102440ff65dad64c8f683cb87e113f2791a3ea786696
reach-v3,211,43,SCANA-R,98005,1,1,4f78165dacf470cbe0e71882811794a63cfe477565052585b8e383429aab81fd,98307d71de08c61036370c54e3164512a97212bf475ee3dcf9685179045bdd19
reach-v3,211,43,SCANA-R,98006,1,1,4f78165dacf470cbe0e71882811794a63cfe477565052585b8e383429aab81fd,81d132a5f39d3478651a456aafa0a76dd292145eb75a8110810f11472e2c5066
reach-v3,211,43,SCANA-R,98007,1,1,4f78165dacf470cbe0e71882811794a63cfe477565052585b8e383429aab81fd,9a842230baf77b3b49bc50667a6b1b6ca32d6740171595202231c2d8a37e733b
reach-v3,211,43,SCANA-R,98008,1,1,4f78165dacf470cbe0e71882811794a63cfe477565052585b8e383429aab81fd,73132cc40c1c9e5ffd7e9fe9f03d67431d920a0f165ff02f908467deb0e0f668
reach-v3,211,43,SCANA-R,98009,1,1,4f78165dacf470cbe0e71882811794a63cfe477565052585b8e383429aab81fd,8ab359c182766efb0495a57e929f80de15cbdd0c625c6b37329e98092e2d709b
reach-v3,211,43,SCANA-R,98010,0,0,4f78165dacf470cbe0e71882811794a63cfe477565052585b8e383429aab81fd,d494bb7d20085e5abefa9359aa0df2f1b611a011bb0edbe736f08423fa8d0173
reach-v3,211,43,SCANA-R,98011,1,1,4f78165dacf470cbe0e71882811794a63cfe477565052585b8e383429aab81fd,aa0aafd0f95572b3c8f2389785a577499d6eb341bac44108d71c2a41d0ab4ce2
reach-v3,211,43,SCANA-R,98012,1,1,4f78165dacf470cbe0e71882811794a63cfe477565052585b8e383429aab81fd,9573b212ae84f19934baa4ae9f21f118ea94057422a173a382f65fe6db6765c7
reach-v3,211,43,SCANA-R,98013,1,1,4f78165dacf470cbe0e71882811794a63cfe477565052585b8e383429aab81fd,53b1c58fb4b922aae8c3e1d6f9ee1de1b53930ea0e7c1585ef34703ed10deab3
reach-v3,211,43,SCANA-R,98014,1,1,4f78165dacf470cbe0e71882811794a63cfe477565052585b8e383429aab81fd,d555295beba3f7db4ccd2b5f88d2f34c964783d8947981326a1060e53854f20d
reach-v3,211,43,SCANA-R,98015,1,1,4f78165dacf470cbe0e71882811794a63cfe477565052585b8e383429aab81fd,90af0606e5c64b94dc075598ae7d70eb4c9353f92511aca70999f046bd09b10c
reach-v3,211,43,SCANA-R,98016,1,1,4f78165dacf470cbe0e71882811794a63cfe477565052585b8e383429aab81fd,8e6e6f499c798721023b54690164208a4d5446d2d5c143f8dbe42ff160055a67
reach-v3,211,43,SCANA-R,98017,1,1,4f78165dacf470cbe0e71882811794a63cfe477565052585b8e383429aab81fd,4fc30c42db371a1224bcca866eb2431fad7eb4ec90cd4063e79bb9ba9294b5c3
reach-v3,211,43,SCANA-R,98018,1,1,4f78165dacf470cbe0e71882811794a63cfe477565052585b8e383429aab81fd,1409b901bd4b7ba6be3954754e546d762472402ba228cb59ad2f3ce52132d0ad
reach-v3,211,43,SCANA-R,98019,0,0,4f78165dacf470cbe0e71882811794a63cfe477565052585b8e383429aab81fd,9ade1a74b85042013b7f2f624716019497c4e26fc7e3726e2982224dc6ae4bca
reach-v3,307,17,Clean repeat,98000,1,1,f35bd1ac334e94677c86ba4423457b3457669271e38cce0501866592feb20ba8,6b42cc3a9126974493ada9914a3b92af18cd4e149178628cf74ebf18e7cdd4ca
reach-v3,307,17,Clean repeat,98001,1,0,f35bd1ac334e94677c86ba4423457b3457669271e38cce0501866592feb20ba8,6a31100e0a453e9c21d1f50676419ad178c31fb840d49f80edb99ff11ca8fc1b
reach-v3,307,17,Clean repeat,98002,1,1,f35bd1ac334e94677c86ba4423457b3457669271e38cce0501866592feb20ba8,9a7909891d2671748232f8c54c1b18022d406c66bda25d51add1bbc438507339
reach-v3,307,17,Clean repeat,98003,1,1,f35bd1ac334e94677c86ba4423457b3457669271e38cce0501866592feb20ba8,8f1513340889f68df97258cf44d0614dc82207a31c639d8ab6b1509d590d2a75
reach-v3,307,17,Clean repeat,98004,1,1,f35bd1ac334e94677c86ba4423457b3457669271e38cce0501866592feb20ba8,e32454a9c7e3aae795ba8f5aa5e34f9ffae3e33f93679b177fb58206aafff336
reach-v3,307,17,Clean repeat,98005,1,1,f35bd1ac334e94677c86ba4423457b3457669271e38cce0501866592feb20ba8,c5afa964b7e7d0ba1d3ed81f89b09f015568f348aab08c914acbc179a0d6074c
reach-v3,307,17,Clean repeat,98006,1,1,f35bd1ac334e94677c86ba4423457b3457669271e38cce0501866592feb20ba8,97128641d8adc7626811532712b97f8f94abb4364a68f4c67d442939188d0c86
reach-v3,307,17,Clean repeat,98007,1,1,f35bd1ac334e94677c86ba4423457b3457669271e38cce0501866592feb20ba8,df5de441a312cc9c1b9d5cbd94aa1e3ff1dce0e8e3e21d6cc4d7b2dd3ac380a4
reach-v3,307,17,Clean repeat,98008,1,1,f35bd1ac334e94677c86ba4423457b3457669271e38cce0501866592feb20ba8,89dcf11487ab7dec7fe302e969e281c8ffb4568ce7c4b268ec188e9d539e6871
reach-v3,307,17,Clean repeat,98009,1,1,f35bd1ac334e94677c86ba4423457b3457669271e38cce0501866592feb20ba8,0e9b2e9fb7e882b64adf8df14aa78019c4186b6849e926711942e826cfe6c37b
reach-v3,307,17,Clean repeat,98010,0,0,f35bd1ac334e94677c86ba4423457b3457669271e38cce0501866592feb20ba8,bd512842edf851cd650b7d62726ee2f848f111e0ffd7acf165d655cf18acbe47
reach-v3,307,17,Clean repeat,98011,1,1,f35bd1ac334e94677c86ba4423457b3457669271e38cce0501866592feb20ba8,b3a7ec8455d2178bd96081cf01720e36cdc07756f9197f01afcaef3efbf122f8
reach-v3,307,17,Clean repeat,98012,1,1,f35bd1ac334e94677c86ba4423457b3457669271e38cce0501866592feb20ba8,ef082a7f99c2f2210e6de424aadfbd6a9bce9f92a5146a65d4c52f5b51fe6f34
reach-v3,307,17,Clean repeat,98013,1,1,f35bd1ac334e94677c86ba4423457b3457669271e38cce0501866592feb20ba8,04d54c0bc3f653f7452c260df91daa618062e1d34cf8fcd9d062c06deeb35064
reach-v3,307,17,Clean repeat,98014,1,1,f35bd1ac334e94677c86ba4423457b3457669271e38cce0501866592feb20ba8,f0789dbcd871b57ea55fa678f4b641d90acab5c97aea6ee90209d3014e29bd61
reach-v3,307,17,Clean repeat,98015,1,1,f35bd1ac334e94677c86ba4423457b3457669271e38cce0501866592feb20ba8,6ee5e2b38b25c9f9f5e470ce650b69859d7ded3223e1761401c4b85e163ac63b
reach-v3,307,17,Clean repeat,98016,1,1,f35bd1ac334e94677c86ba4423457b3457669271e38cce0501866592feb20ba8,f38d0ee696de3d5f1ab2f150fbbfab637a9b272f0920f2c0e16b294037c94e0a
reach-v3,307,17,Clean repeat,98017,1,1,f35bd1ac334e94677c86ba4423457b3457669271e38cce0501866592feb20ba8,8869ca11188648e3e893d3957d0aca8c09990135778d49d0b39653d228cf01b8
reach-v3,307,17,Clean repeat,98018,1,1,f35bd1ac334e94677c86ba4423457b3457669271e38cce0501866592feb20ba8,dc28443123631004c5a1bf2803eb9467f1f99fcb821b01901042532672a37ba1
reach-v3,307,17,Clean repeat,98019,1,1,f35bd1ac334e94677c86ba4423457b3457669271e38cce0501866592feb20ba8,9a667b206cf9c583774c36f219115b6cd4aa2f43b4de22b815b4270958a3da1d
reach-v3,307,17,Gaussian recovery,98000,1,1,4bf3ffa9c35f288a919cd4bca9058595937d4a4e677855bdb8e376e0178f1b1f,05ad209a5dc1ad9faeecce06ce58d229f5b6db0c37cb088f2be5f0f946b16d77
reach-v3,307,17,Gaussian recovery,98001,1,1,4bf3ffa9c35f288a919cd4bca9058595937d4a4e677855bdb8e376e0178f1b1f,782d8f4c2a2c2b330aa45029467f02c1dea54e04ea4bc4f5500e9356e9943bf9
reach-v3,307,17,Gaussian recovery,98002,1,1,4bf3ffa9c35f288a919cd4bca9058595937d4a4e677855bdb8e376e0178f1b1f,44212d5dd7bf6a6bb90b0c9753cd6c579d08a6e76cbd36a6cdf287e7a07f6c27
reach-v3,307,17,Gaussian recovery,98003,1,1,4bf3ffa9c35f288a919cd4bca9058595937d4a4e677855bdb8e376e0178f1b1f,083e20b8a811a9063dbac4daada65218b3bbb1d134bf619b226bf1aa0f45a220
reach-v3,307,17,Gaussian recovery,98004,1,1,4bf3ffa9c35f288a919cd4bca9058595937d4a4e677855bdb8e376e0178f1b1f,e77b42e4f110ce75dc12e66be0cae45986d6c7363639406c30cc445523fe8eee
reach-v3,307,17,Gaussian recovery,98005,1,0,4bf3ffa9c35f288a919cd4bca9058595937d4a4e677855bdb8e376e0178f1b1f,52e3d7c82f0cc60ef784c0efa2619ef5225133866a3fd47b05069f77c013a96d
reach-v3,307,17,Gaussian recovery,98006,1,0,4bf3ffa9c35f288a919cd4bca9058595937d4a4e677855bdb8e376e0178f1b1f,917fe7f90168a75175990c8cf256c7a05d62d89e286c133b4f9d1099e536fada
reach-v3,307,17,Gaussian recovery,98007,1,1,4bf3ffa9c35f288a919cd4bca9058595937d4a4e677855bdb8e376e0178f1b1f,2cf789cb1cea8665082f3fdd51e9b675ed1d3fe2276c5d09e4a4867004ab8fc5
reach-v3,307,17,Gaussian recovery,98008,1,1,4bf3ffa9c35f288a919cd4bca9058595937d4a4e677855bdb8e376e0178f1b1f,7ada1f4f6d28d87b956778c8c9e7db248fa5940fc9bc4d2ef2410a2f8f2fc1e0
reach-v3,307,17,Gaussian recovery,98009,1,1,4bf3ffa9c35f288a919cd4bca9058595937d4a4e677855bdb8e376e0178f1b1f,26f232f371a5962126df0ba28ed1f2e31f6d9edf87028fb0c716b6866faa327c
reach-v3,307,17,Gaussian recovery,98010,0,0,4bf3ffa9c35f288a919cd4bca9058595937d4a4e677855bdb8e376e0178f1b1f,0b7844fdbe041c3661ea49d986127281206c544484d1e3b0f42724f63865faac
reach-v3,307,17,Gaussian recovery,98011,1,1,4bf3ffa9c35f288a919cd4bca9058595937d4a4e677855bdb8e376e0178f1b1f,c5c65719518e54b556c68ebc92a5a8fa6bd993eeb77dafe9f6187a29b7e24074
reach-v3,307,17,Gaussian recovery,98012,1,1,4bf3ffa9c35f288a919cd4bca9058595937d4a4e677855bdb8e376e0178f1b1f,726aac321132b3359a65b3f81a693c607d69f601271719c8a66df7ad4b7b03ee
reach-v3,307,17,Gaussian recovery,98013,1,1,4bf3ffa9c35f288a919cd4bca9058595937d4a4e677855bdb8e376e0178f1b1f,dcc5d5db267d8461fb2cd65e852af96dfad73a82b895dcd5785fa619b08b7817
reach-v3,307,17,Gaussian recovery,98014,1,1,4bf3ffa9c35f288a919cd4bca9058595937d4a4e677855bdb8e376e0178f1b1f,dbff89534a59337a2166b4ecf0d49326685d19a2bad0f17c2f09c2db16d01739
reach-v3,307,17,Gaussian recovery,98015,1,0,4bf3ffa9c35f288a919cd4bca9058595937d4a4e677855bdb8e376e0178f1b1f,23df7d99aed70e16f9a8124c701ddfd0bbc24cf07fa32e4bdfb2ebe8614c4810
reach-v3,307,17,Gaussian recovery,98016,1,1,4bf3ffa9c35f288a919cd4bca9058595937d4a4e677855bdb8e376e0178f1b1f,08bb8c37432e996998cdf0cbcac2a95b48de030a4a27f00d0a6af72ed6f9013b
reach-v3,307,17,Gaussian recovery,98017,1,1,4bf3ffa9c35f288a919cd4bca9058595937d4a4e677855bdb8e376e0178f1b1f,eef43e356f742075c349e27fb32d6776d670a97b8606dd9466a167aff5685383
reach-v3,307,17,Gaussian recovery,98018,1,1,4bf3ffa9c35f288a919cd4bca9058595937d4a4e677855bdb8e376e0178f1b1f,b7d341954f160a4e8d021b14281ac58037f52c0472f8d5594c68a06cbf871130
reach-v3,307,17,Gaussian recovery,98019,1,1,4bf3ffa9c35f288a919cd4bca9058595937d4a4e677855bdb8e376e0178f1b1f,1ba7a7eb9d01e21a64964799b2436abbe63df19a4ef429bf2ef9013a6eb70086
reach-v3,307,17,SCANA-R,98000,1,1,571d42e9f71ea14517183def7f234495e65e6904c6c86bbf8f21f08a6d2264e7,824b0ac48ae31c6fb1a077a50e5dc944311612e7b72a03f1587f6e84bb892346
reach-v3,307,17,SCANA-R,98001,1,0,571d42e9f71ea14517183def7f234495e65e6904c6c86bbf8f21f08a6d2264e7,2da30b559384dfacec92df03beb6f48310b424eea69fd7e7ffe49de4887c1375
reach-v3,307,17,SCANA-R,98002,1,1,571d42e9f71ea14517183def7f234495e65e6904c6c86bbf8f21f08a6d2264e7,de2d9908589451f274d0e959eee2c6db2c210e5fcc8595f2991f30e6d91ffafa
reach-v3,307,17,SCANA-R,98003,1,1,571d42e9f71ea14517183def7f234495e65e6904c6c86bbf8f21f08a6d2264e7,45071d580eb27987daacc1b481ffbfa930de8aff540274b4d243e870e3ccdcf4
reach-v3,307,17,SCANA-R,98004,1,1,571d42e9f71ea14517183def7f234495e65e6904c6c86bbf8f21f08a6d2264e7,b844b01c121a5438bfe4999f1c9efd3e7a0176fcc2a92853c76bc83691b6c331
reach-v3,307,17,SCANA-R,98005,1,0,571d42e9f71ea14517183def7f234495e65e6904c6c86bbf8f21f08a6d2264e7,907d6131223d978fffa9f4494bb47745ed160407c81fd235739397a929e24110
reach-v3,307,17,SCANA-R,98006,1,1,571d42e9f71ea14517183def7f234495e65e6904c6c86bbf8f21f08a6d2264e7,9f71b171caa5b4c7bb64b9e76ecb4f02b0b5c85dbb0d0e3c01f695b1c024cada
reach-v3,307,17,SCANA-R,98007,1,1,571d42e9f71ea14517183def7f234495e65e6904c6c86bbf8f21f08a6d2264e7,a38dd6ddf85ec08d9c4a501292546aea610dcbfe8f008ef312935db1a4e2c3df
reach-v3,307,17,SCANA-R,98008,1,1,571d42e9f71ea14517183def7f234495e65e6904c6c86bbf8f21f08a6d2264e7,a795669ddd51bfdd254620ae2bcfac715bc5d40e32d1f68d65c14073a9778646
reach-v3,307,17,SCANA-R,98009,1,1,571d42e9f71ea14517183def7f234495e65e6904c6c86bbf8f21f08a6d2264e7,ed2b8976531ba0eead11a047979354824c61358c641d9942ebf8103e261fee4e
reach-v3,307,17,SCANA-R,98010,0,0,571d42e9f71ea14517183def7f234495e65e6904c6c86bbf8f21f08a6d2264e7,db3ca89731011da511b97c4d3cce955e858d3cd14d9c4e785d7a3a51b09601c2
reach-v3,307,17,SCANA-R,98011,1,1,571d42e9f71ea14517183def7f234495e65e6904c6c86bbf8f21f08a6d2264e7,cfead00c270eea4da9bde460c8bf782fb03267229f937ae71e561d1dd4161353
reach-v3,307,17,SCANA-R,98012,1,1,571d42e9f71ea14517183def7f234495e65e6904c6c86bbf8f21f08a6d2264e7,483d239f2223e291515eb1da7b75d17843e4a53d1f57aaf0619ed7477dd0162b
reach-v3,307,17,SCANA-R,98013,1,1,571d42e9f71ea14517183def7f234495e65e6904c6c86bbf8f21f08a6d2264e7,8f70dff069ca34a7b819edd21618f5984ed412b7e2f437d19a02e899b67d2dae
reach-v3,307,17,SCANA-R,98014,1,1,571d42e9f71ea14517183def7f234495e65e6904c6c86bbf8f21f08a6d2264e7,69fc3c23ee4f981bec746033b5575c0aa1f16a18f206113b4aa8103f93ce4e44
reach-v3,307,17,SCANA-R,98015,1,1,571d42e9f71ea14517183def7f234495e65e6904c6c86bbf8f21f08a6d2264e7,834900d0515f2866d2ddfd9c320c439cfe29d9496130667b160039917ea27813
reach-v3,307,17,SCANA-R,98016,1,1,571d42e9f71ea14517183def7f234495e65e6904c6c86bbf8f21f08a6d2264e7,672656bcfb3ad1a84e3957c3366ca48a4a9e5ecbce0d0c6c017af99f4c716e4a
reach-v3,307,17,SCANA-R,98017,1,1,571d42e9f71ea14517183def7f234495e65e6904c6c86bbf8f21f08a6d2264e7,10a2ed1ab8baa573b7da7f131f22f51f41036f62848a3706bfce1b43c6bc0781
reach-v3,307,17,SCANA-R,98018,1,1,571d42e9f71ea14517183def7f234495e65e6904c6c86bbf8f21f08a6d2264e7,c2e7418cc5c679e246590d7e6a975e4c0a3a753a115564ae48e3875b97a4beed
reach-v3,307,17,SCANA-R,98019,1,1,571d42e9f71ea14517183def7f234495e65e6904c6c86bbf8f21f08a6d2264e7,98013c0be807ea3ca07fbde615b6a24162d7277e7d36fd6ec0bea069ae27cf6b
reach-v3,307,29,Clean repeat,98000,1,1,b69908654659c2b2ddb167652090e5af4b0d8b67c96b53d924645befb3dac0a8,533e97f08fcf765679d1ef9be72504f1bca69da7f01dea8fe122ab8659bcdd76
reach-v3,307,29,Clean repeat,98001,1,0,b69908654659c2b2ddb167652090e5af4b0d8b67c96b53d924645befb3dac0a8,650cbe32e8ec973c394ecd19cdbccae1d7be4456dec2dbda0211288935f9e480
reach-v3,307,29,Clean repeat,98002,1,1,b69908654659c2b2ddb167652090e5af4b0d8b67c96b53d924645befb3dac0a8,a8b603f3442f5c3866be536d7f40f7c4ffea39d4417c1369b7c7c4d0b9e4a7f6
reach-v3,307,29,Clean repeat,98003,1,1,b69908654659c2b2ddb167652090e5af4b0d8b67c96b53d924645befb3dac0a8,fba914ff29c1472f78977bf674ca1dcc5ae096ee64a4f08e81d8ba404a26cad9
reach-v3,307,29,Clean repeat,98004,1,1,b69908654659c2b2ddb167652090e5af4b0d8b67c96b53d924645befb3dac0a8,67869afadfdbe1e600325bad8988bc2654e6aecaf477b876ac7a1fe193c3a279
reach-v3,307,29,Clean repeat,98005,1,1,b69908654659c2b2ddb167652090e5af4b0d8b67c96b53d924645befb3dac0a8,dd940e51b5f58f56b52dcf47e15d3aa643f9e2ef611c7c437102f08e42cd94ac
reach-v3,307,29,Clean repeat,98006,1,0,b69908654659c2b2ddb167652090e5af4b0d8b67c96b53d924645befb3dac0a8,757d78aae20b75bcb5fad11f507373514c320bdf18be73380fd69a458eb943c3
reach-v3,307,29,Clean repeat,98007,1,1,b69908654659c2b2ddb167652090e5af4b0d8b67c96b53d924645befb3dac0a8,1fb6c9332d801b493e00354fd337857d920c04405c5d2dd437cc73b9d3cd2550
reach-v3,307,29,Clean repeat,98008,1,1,b69908654659c2b2ddb167652090e5af4b0d8b67c96b53d924645befb3dac0a8,cf0bcd0bf16dfe141db1daec19b321d5226c1c2202956cacf6f0444a0f254e11
reach-v3,307,29,Clean repeat,98009,1,1,b69908654659c2b2ddb167652090e5af4b0d8b67c96b53d924645befb3dac0a8,fabf224bf97c0c025dbcaa01e6e561a2c899b6b106b23d5d4e02e8a9bf9bb53f
reach-v3,307,29,Clean repeat,98010,0,0,b69908654659c2b2ddb167652090e5af4b0d8b67c96b53d924645befb3dac0a8,5d41813d2144f59372854f614b82df52f5f3e66188f937f5149ab20ed4d710ed
reach-v3,307,29,Clean repeat,98011,1,1,b69908654659c2b2ddb167652090e5af4b0d8b67c96b53d924645befb3dac0a8,7a5b78838c192a6fc2fdd4e61cae458ba2bf9bc46097addaa064637d7cb76367
reach-v3,307,29,Clean repeat,98012,1,1,b69908654659c2b2ddb167652090e5af4b0d8b67c96b53d924645befb3dac0a8,e09585dac615896d8fb50cddcfc616a1e2e6a542cf491fde771f80ca1b0be426
reach-v3,307,29,Clean repeat,98013,1,1,b69908654659c2b2ddb167652090e5af4b0d8b67c96b53d924645befb3dac0a8,71cac2146930e029fac268f1c884786a77177f865a0fe2f4a7bf361afa0b79a9
reach-v3,307,29,Clean repeat,98014,1,1,b69908654659c2b2ddb167652090e5af4b0d8b67c96b53d924645befb3dac0a8,a85b0bc3d01b91e3f99042ccce020af2b057a2b87314223f129917a6a8c9bd62
reach-v3,307,29,Clean repeat,98015,1,1,b69908654659c2b2ddb167652090e5af4b0d8b67c96b53d924645befb3dac0a8,d4d820cd0a030032b044276b02f9b39c985066acd89c9dcc3c40e03b0f392c4e
reach-v3,307,29,Clean repeat,98016,1,1,b69908654659c2b2ddb167652090e5af4b0d8b67c96b53d924645befb3dac0a8,b1d5f5c8515ac31a12008bd32790a629701fbe0a0c9f0c6fce4a141610886ab2
reach-v3,307,29,Clean repeat,98017,1,1,b69908654659c2b2ddb167652090e5af4b0d8b67c96b53d924645befb3dac0a8,7d7af3377492c0785f46fcbd3e6e796fefd04e58fea09980bb327168cacefbf5
reach-v3,307,29,Clean repeat,98018,1,1,b69908654659c2b2ddb167652090e5af4b0d8b67c96b53d924645befb3dac0a8,d6fc7657f36093aa31815525e2b30ce6ec702f26a815c4b81a006c31df3707a8
reach-v3,307,29,Clean repeat,98019,0,0,b69908654659c2b2ddb167652090e5af4b0d8b67c96b53d924645befb3dac0a8,b7d481b1f8d46c7ec2478498e6c06335341a8d77ad507e8ce57816ce11cca0f2
reach-v3,307,29,Gaussian recovery,98000,1,1,0bded78cbc7595de8c27c1ffa016a47f506ad2f13bd1256772f0b567998e1b68,08f9f80f5416487be7fd0bf55eee00d8470180f3a7186a9e21de98cfcf2a818d
reach-v3,307,29,Gaussian recovery,98001,1,1,0bded78cbc7595de8c27c1ffa016a47f506ad2f13bd1256772f0b567998e1b68,0ae02743fdeb03711eb151900b749438263cdf3747a6c1b8aa659488ad0f5638
reach-v3,307,29,Gaussian recovery,98002,1,1,0bded78cbc7595de8c27c1ffa016a47f506ad2f13bd1256772f0b567998e1b68,4a5853048719c97cc1e6c26a7323add862ea41ac5a35230faa3061938e2b0158
reach-v3,307,29,Gaussian recovery,98003,1,1,0bded78cbc7595de8c27c1ffa016a47f506ad2f13bd1256772f0b567998e1b68,60e31b0c5dfde8a85deb88f04dd67a55807872c84718f51c45940c761b5cbcfa
reach-v3,307,29,Gaussian recovery,98004,1,1,0bded78cbc7595de8c27c1ffa016a47f506ad2f13bd1256772f0b567998e1b68,d757da38193e9d58449588c5e966b3d7bbb5eef32916e088c0e2db42fe60b3c3
reach-v3,307,29,Gaussian recovery,98005,1,1,0bded78cbc7595de8c27c1ffa016a47f506ad2f13bd1256772f0b567998e1b68,e835eebc5a9413dafaecda6cf156e844af95bdd6bcd9140c5abb45f1dd410379
reach-v3,307,29,Gaussian recovery,98006,1,1,0bded78cbc7595de8c27c1ffa016a47f506ad2f13bd1256772f0b567998e1b68,d249d79008d715295a48c77dd1be03f1085d3ac80063c9d523d7a41adb1af0d6
reach-v3,307,29,Gaussian recovery,98007,1,1,0bded78cbc7595de8c27c1ffa016a47f506ad2f13bd1256772f0b567998e1b68,c21e34caf7fded92e4bbdd5f253925f9c9fb2437e52a4da475acc70426fd2e71
reach-v3,307,29,Gaussian recovery,98008,0,0,0bded78cbc7595de8c27c1ffa016a47f506ad2f13bd1256772f0b567998e1b68,1c1a37a3afbbfdf071c5515d86c772368980e6a0777883059b8de0abe9a5ea8a
reach-v3,307,29,Gaussian recovery,98009,1,1,0bded78cbc7595de8c27c1ffa016a47f506ad2f13bd1256772f0b567998e1b68,2dc5a6fdb8c6b8e715122f8e291cda6b548dc2fecacc2a76cf6ca2eaf3d3c97a
reach-v3,307,29,Gaussian recovery,98010,0,0,0bded78cbc7595de8c27c1ffa016a47f506ad2f13bd1256772f0b567998e1b68,553461bae25752b944b458670f4f08d42a3d688520c493e9ecfd69f849a3440d
reach-v3,307,29,Gaussian recovery,98011,1,0,0bded78cbc7595de8c27c1ffa016a47f506ad2f13bd1256772f0b567998e1b68,640abdbb8acf710f985cba86d3940fe6933fdf911757a679443b4b15154417eb
reach-v3,307,29,Gaussian recovery,98012,1,1,0bded78cbc7595de8c27c1ffa016a47f506ad2f13bd1256772f0b567998e1b68,922d31681cc80dc8a7cc2e7f3a7befa30c0e3314f0dd1bd07fe848ef122bc66d
reach-v3,307,29,Gaussian recovery,98013,1,1,0bded78cbc7595de8c27c1ffa016a47f506ad2f13bd1256772f0b567998e1b68,05151550788bdc9629b84eedefc6583cb6c52d51ae31a6d2c7797e5bacf94c7b
reach-v3,307,29,Gaussian recovery,98014,1,1,0bded78cbc7595de8c27c1ffa016a47f506ad2f13bd1256772f0b567998e1b68,5a1ee1393bf434e31888c0c87e32c984882ac54b64cb5ff5fdf326e5bc1e56c0
reach-v3,307,29,Gaussian recovery,98015,1,1,0bded78cbc7595de8c27c1ffa016a47f506ad2f13bd1256772f0b567998e1b68,7774261c9fed4d50e16787d50517a858f332b1f8ee2d76244e311fd26bbb2ce6
reach-v3,307,29,Gaussian recovery,98016,1,1,0bded78cbc7595de8c27c1ffa016a47f506ad2f13bd1256772f0b567998e1b68,1e8da54bd2912580f4e025d0eae1a8863d05f08e003cae2f374fd8b80ce25247
reach-v3,307,29,Gaussian recovery,98017,1,1,0bded78cbc7595de8c27c1ffa016a47f506ad2f13bd1256772f0b567998e1b68,2a6d24cbe7294f42a01c277695ca4506efdda391aadba4cbb787ec05a4cc4a79
reach-v3,307,29,Gaussian recovery,98018,1,1,0bded78cbc7595de8c27c1ffa016a47f506ad2f13bd1256772f0b567998e1b68,66c4bbb40f9998d0324f35ce3cc143113ad78d175e90b70ca4e3f4a5f4aee9ba
reach-v3,307,29,Gaussian recovery,98019,1,1,0bded78cbc7595de8c27c1ffa016a47f506ad2f13bd1256772f0b567998e1b68,fea8227bf32abd94ab7e2c29abb35e99f6634a164d99daa3268fcb28b1a79ddb
reach-v3,307,29,SCANA-R,98000,1,1,3ec4aa8de54685b937032e0bc92e5830445a7a020d1ed459ed98f68f2d2ec83d,e74a01bf1f949a81284b6eb399455e17a500b437c25af0cc99f3958a7ae7650c
reach-v3,307,29,SCANA-R,98001,1,0,3ec4aa8de54685b937032e0bc92e5830445a7a020d1ed459ed98f68f2d2ec83d,6c7e430d8a487cb7a1033aa41d6efe0697b3df02bee7a79405bec12a9cb900e9
reach-v3,307,29,SCANA-R,98002,1,1,3ec4aa8de54685b937032e0bc92e5830445a7a020d1ed459ed98f68f2d2ec83d,dcc3c82f077a4b4d41d19544355a0202d5c5ef69d47d5b90591421f603411a44
reach-v3,307,29,SCANA-R,98003,1,1,3ec4aa8de54685b937032e0bc92e5830445a7a020d1ed459ed98f68f2d2ec83d,a6bd85a4cfef37d86bf6511863fbc4a45c79d125ba6919c154a2e48fd41d03cf
reach-v3,307,29,SCANA-R,98004,1,1,3ec4aa8de54685b937032e0bc92e5830445a7a020d1ed459ed98f68f2d2ec83d,04ab6597974c95ae3e776c5d3fae92f825edd3ae15aac1a33840a94f4859ba18
reach-v3,307,29,SCANA-R,98005,1,1,3ec4aa8de54685b937032e0bc92e5830445a7a020d1ed459ed98f68f2d2ec83d,9e29d4def92f5569607d7437592abf1f060ac100edd6c15044ac0e93b2fe0a0b
reach-v3,307,29,SCANA-R,98006,1,0,3ec4aa8de54685b937032e0bc92e5830445a7a020d1ed459ed98f68f2d2ec83d,7eafa38c769da0bfae63628bfe2558c3fd8d1f94d148684169f7b9a0874a8757
reach-v3,307,29,SCANA-R,98007,1,1,3ec4aa8de54685b937032e0bc92e5830445a7a020d1ed459ed98f68f2d2ec83d,ef68482b013330115f1ea5473c3a278b8c34f795f247d97f7f3107b4b57f9ef8
reach-v3,307,29,SCANA-R,98008,0,0,3ec4aa8de54685b937032e0bc92e5830445a7a020d1ed459ed98f68f2d2ec83d,6d3e68a9434b153e25d3815a6171804187d8141c9aa5ae9fe920fd855d303f5f
reach-v3,307,29,SCANA-R,98009,1,1,3ec4aa8de54685b937032e0bc92e5830445a7a020d1ed459ed98f68f2d2ec83d,e57dadcee6ec5594e6453d5e3e1f1eb0fb42e1188a644baf651cfcf363e8fdbc
reach-v3,307,29,SCANA-R,98010,0,0,3ec4aa8de54685b937032e0bc92e5830445a7a020d1ed459ed98f68f2d2ec83d,41a6768d46e327db932734f6a70a59d7c58d25fc72bd8634e9349633ec9b28bd
reach-v3,307,29,SCANA-R,98011,1,1,3ec4aa8de54685b937032e0bc92e5830445a7a020d1ed459ed98f68f2d2ec83d,7c483239e183ff7eb8c0c3caf7469eba9d18ae07e3e7f009ae40c60715b3b48c
reach-v3,307,29,SCANA-R,98012,1,1,3ec4aa8de54685b937032e0bc92e5830445a7a020d1ed459ed98f68f2d2ec83d,ae9aad588b5d181fbb902ac3e55fdbcfafc96323edfbf792104df23e42595077
reach-v3,307,29,SCANA-R,98013,1,1,3ec4aa8de54685b937032e0bc92e5830445a7a020d1ed459ed98f68f2d2ec83d,bc7d5a3a05ca6cf55e06a1e00b26e68ebabb608d460b0caccddd45a0a35c47d1
reach-v3,307,29,SCANA-R,98014,1,1,3ec4aa8de54685b937032e0bc92e5830445a7a020d1ed459ed98f68f2d2ec83d,bf605f158c4e30488f150b0e37ed4d4fb4abffb58312eca05abb09424759cf0a
reach-v3,307,29,SCANA-R,98015,1,1,3ec4aa8de54685b937032e0bc92e5830445a7a020d1ed459ed98f68f2d2ec83d,96f4287c0790b05c6b7cd0c40eef80d197cb3865bd6dcc8f470247991739ff26
reach-v3,307,29,SCANA-R,98016,1,1,3ec4aa8de54685b937032e0bc92e5830445a7a020d1ed459ed98f68f2d2ec83d,42ddb025097cfa64fe69c0103d886ee49bf33e42ee5c2b61ee744cd5937ab951
reach-v3,307,29,SCANA-R,98017,1,1,3ec4aa8de54685b937032e0bc92e5830445a7a020d1ed459ed98f68f2d2ec83d,44e7d478cd4b8e36d814382c6a2b45344094541be8057e199cc2683b2d7ef9d0
reach-v3,307,29,SCANA-R,98018,1,1,3ec4aa8de54685b937032e0bc92e5830445a7a020d1ed459ed98f68f2d2ec83d,bf7ac0c4172768cf323c7646411e1793e762f045dbd8af0710aa74180d774943
reach-v3,307,29,SCANA-R,98019,1,1,3ec4aa8de54685b937032e0bc92e5830445a7a020d1ed459ed98f68f2d2ec83d,d84572c47cf1208d86760e948016712952c66e53d7aa7d11d8f18354a251b6c3
reach-v3,307,43,Clean repeat,98000,1,1,77c9cb462ade1235253d37ee4abd0a8f3527ee4db108c3452f60be3724c33eff,30d9fc8783a4413ed2ed662e1ff4ead22ee1a5ed279c21155ed1de9808df3748
reach-v3,307,43,Clean repeat,98001,1,0,77c9cb462ade1235253d37ee4abd0a8f3527ee4db108c3452f60be3724c33eff,e488dc67260f6017bc0a0c55f265b4a901b85f554cc73a311569e913611a5ad6
reach-v3,307,43,Clean repeat,98002,1,1,77c9cb462ade1235253d37ee4abd0a8f3527ee4db108c3452f60be3724c33eff,b270fb0d8b5431cb2b39643154acc114685ef387fe0400cf34849087f6b85f0d
reach-v3,307,43,Clean repeat,98003,1,1,77c9cb462ade1235253d37ee4abd0a8f3527ee4db108c3452f60be3724c33eff,f1e317268048e55f23401f3363eee036925f74b67a92d6087b318cdcaa0f85e1
reach-v3,307,43,Clean repeat,98004,1,1,77c9cb462ade1235253d37ee4abd0a8f3527ee4db108c3452f60be3724c33eff,564380e383fcd5bdc41b32e067d81286e9e8a347b2c908ddcf2bf64555cba9a8
reach-v3,307,43,Clean repeat,98005,1,1,77c9cb462ade1235253d37ee4abd0a8f3527ee4db108c3452f60be3724c33eff,00813fc27520087c1fbf70d0172e4e2becb8eb73c5d0e68fbd513e312c8837e4
reach-v3,307,43,Clean repeat,98006,1,0,77c9cb462ade1235253d37ee4abd0a8f3527ee4db108c3452f60be3724c33eff,d99383ef8cfa9312b6ddff9bb12e90af1994fb54f73fcaa88a3598168e1b6251
reach-v3,307,43,Clean repeat,98007,1,1,77c9cb462ade1235253d37ee4abd0a8f3527ee4db108c3452f60be3724c33eff,a5320a3bba1035c2c937be0523168abf54e512479228d8d2b6bf16e9de5d8208
reach-v3,307,43,Clean repeat,98008,1,1,77c9cb462ade1235253d37ee4abd0a8f3527ee4db108c3452f60be3724c33eff,eab73595bfa8001605197c76660473fd489b706ef8216f5f9f273023aa53315f
reach-v3,307,43,Clean repeat,98009,1,1,77c9cb462ade1235253d37ee4abd0a8f3527ee4db108c3452f60be3724c33eff,8c79cdab40604b59a028cc6c81112bf7a0970a29addafe64820180a980787623
reach-v3,307,43,Clean repeat,98010,0,0,77c9cb462ade1235253d37ee4abd0a8f3527ee4db108c3452f60be3724c33eff,4b1a397f832a600cbacd3e8383eecee3084289c9a8907078ab3f5ced6c0a6b85
reach-v3,307,43,Clean repeat,98011,1,1,77c9cb462ade1235253d37ee4abd0a8f3527ee4db108c3452f60be3724c33eff,c4c198a926110c047c8518dd4e61bf3739e3e646bc9e5eac3efa81c138ab72dd
reach-v3,307,43,Clean repeat,98012,1,1,77c9cb462ade1235253d37ee4abd0a8f3527ee4db108c3452f60be3724c33eff,855de6d1efb385117bb6500d57dc7c0ae27a2b7dd58cb5f1256c4784fdd91000
reach-v3,307,43,Clean repeat,98013,1,0,77c9cb462ade1235253d37ee4abd0a8f3527ee4db108c3452f60be3724c33eff,6187a9bf89524c9af498f34c7f832dac8ff6191ef3725da15ed9e62ef2e9f70d
reach-v3,307,43,Clean repeat,98014,1,1,77c9cb462ade1235253d37ee4abd0a8f3527ee4db108c3452f60be3724c33eff,9cbfac5b66b2eb3f13c6a036c938857108001399cd2b9180caa0c614b9bfa8af
reach-v3,307,43,Clean repeat,98015,1,1,77c9cb462ade1235253d37ee4abd0a8f3527ee4db108c3452f60be3724c33eff,c5193f1ffac6a586066f60746d4c86d1d3040675df9eb692e5390d037daeca11
reach-v3,307,43,Clean repeat,98016,1,1,77c9cb462ade1235253d37ee4abd0a8f3527ee4db108c3452f60be3724c33eff,b36e0661eb88db9af571946a407b8092b589e6adfcabb72b8e32be2fb84703c5
reach-v3,307,43,Clean repeat,98017,1,1,77c9cb462ade1235253d37ee4abd0a8f3527ee4db108c3452f60be3724c33eff,906d45b6150e85bbdd13ac68819eb0548804e2c5f8f84c46391bee530aa7366b
reach-v3,307,43,Clean repeat,98018,1,1,77c9cb462ade1235253d37ee4abd0a8f3527ee4db108c3452f60be3724c33eff,bfe8c7e71dcbf1e7d46d0c9f4091b94c1f53274c99343aa5b9c978c9b78070e0
reach-v3,307,43,Clean repeat,98019,1,0,77c9cb462ade1235253d37ee4abd0a8f3527ee4db108c3452f60be3724c33eff,7c0ee6faf0fc04c1faba56a719a1871c5e80abb6234ac56a17941861e556b0ed
reach-v3,307,43,Gaussian recovery,98000,1,1,425fc9be60e9ba2306438a98d7615fc23c405dbd2b8da5fb79bff753b8c09cfd,601e876b3e683de6966a9162e0633c37ac2a8014a23a572ec21fb0e3244ddc0d
reach-v3,307,43,Gaussian recovery,98001,1,1,425fc9be60e9ba2306438a98d7615fc23c405dbd2b8da5fb79bff753b8c09cfd,d104e3e9b093ddca6d2bc018c1159a10cec70c72c6323bc3fe94b938f1176408
reach-v3,307,43,Gaussian recovery,98002,1,1,425fc9be60e9ba2306438a98d7615fc23c405dbd2b8da5fb79bff753b8c09cfd,7d8ff2397b8c273aa6c524f1d8752e757cd5f9d0890b40e8e4331651471619f5
reach-v3,307,43,Gaussian recovery,98003,1,1,425fc9be60e9ba2306438a98d7615fc23c405dbd2b8da5fb79bff753b8c09cfd,793e1b1a7c4239e31e3128fed46d12aa8cbbac5d7524b03468bb90a701f1c50f
reach-v3,307,43,Gaussian recovery,98004,1,1,425fc9be60e9ba2306438a98d7615fc23c405dbd2b8da5fb79bff753b8c09cfd,35a8f07980a0722f74f77473bc561adbacf245082bebdfc0473fd6eaf9525309
reach-v3,307,43,Gaussian recovery,98005,1,1,425fc9be60e9ba2306438a98d7615fc23c405dbd2b8da5fb79bff753b8c09cfd,f4adec792cdf649c3782eb7653d7ca540ccad01e79c7237ba54a124e51f6b90b
reach-v3,307,43,Gaussian recovery,98006,1,0,425fc9be60e9ba2306438a98d7615fc23c405dbd2b8da5fb79bff753b8c09cfd,a61d932dfadcb6ea7ecef6d40d5e20290f924af5dad08787c6738d2149f3a0ca
reach-v3,307,43,Gaussian recovery,98007,1,1,425fc9be60e9ba2306438a98d7615fc23c405dbd2b8da5fb79bff753b8c09cfd,0d3173cabfde820894ca85a4d519fca4ab468db1204aa75d54ed87e4e9c67bbe
reach-v3,307,43,Gaussian recovery,98008,1,1,425fc9be60e9ba2306438a98d7615fc23c405dbd2b8da5fb79bff753b8c09cfd,cff7319b332750c72c0a8b4971cea6322a1b6c4926c1d57b65790207c3e5b69d
reach-v3,307,43,Gaussian recovery,98009,1,1,425fc9be60e9ba2306438a98d7615fc23c405dbd2b8da5fb79bff753b8c09cfd,a0364c879d4eb4bd5b57e02749750673ca8423619a089ad2646cb1d747290336
reach-v3,307,43,Gaussian recovery,98010,1,1,425fc9be60e9ba2306438a98d7615fc23c405dbd2b8da5fb79bff753b8c09cfd,6229368c4e232adc91730049ae677371702292303f97eea16295aee638f4eeb0
reach-v3,307,43,Gaussian recovery,98011,1,1,425fc9be60e9ba2306438a98d7615fc23c405dbd2b8da5fb79bff753b8c09cfd,8c64bd6827d33be5ad8102e872022a47e0e6cc15e3ae1a9dfd4654b090948b70
reach-v3,307,43,Gaussian recovery,98012,1,1,425fc9be60e9ba2306438a98d7615fc23c405dbd2b8da5fb79bff753b8c09cfd,1fe95246e33a362a676c6e68a9f656dc1ea95de3029e3d95d1afe23f6fcb4c76
reach-v3,307,43,Gaussian recovery,98013,1,0,425fc9be60e9ba2306438a98d7615fc23c405dbd2b8da5fb79bff753b8c09cfd,49438d3d4d122e0b2eb81c75a21671233e3dd69c30c185bfe1641de611aadb31
reach-v3,307,43,Gaussian recovery,98014,1,1,425fc9be60e9ba2306438a98d7615fc23c405dbd2b8da5fb79bff753b8c09cfd,ab87e8cb0d55a67ae1eb247953847118f4cf3b301afb1275f74bac48eef37459
reach-v3,307,43,Gaussian recovery,98015,1,1,425fc9be60e9ba2306438a98d7615fc23c405dbd2b8da5fb79bff753b8c09cfd,003e4249c9d2303a6ea52de1e115ade74c34d45105bb76bd026658c23ef5aeb5
reach-v3,307,43,Gaussian recovery,98016,1,1,425fc9be60e9ba2306438a98d7615fc23c405dbd2b8da5fb79bff753b8c09cfd,05ec60bb199a55fe04e03424c07827821310aa4780a2de5a74bed3272493a302
reach-v3,307,43,Gaussian recovery,98017,1,1,425fc9be60e9ba2306438a98d7615fc23c405dbd2b8da5fb79bff753b8c09cfd,91223241275cc6226026e7d0ea53e95477e42e6d8b146a4122580129957a796e
reach-v3,307,43,Gaussian recovery,98018,1,1,425fc9be60e9ba2306438a98d7615fc23c405dbd2b8da5fb79bff753b8c09cfd,75c0e7b463beffaf7cc99cbe70827a855c6eac4371cf7ae17a8b277ade850d6b
reach-v3,307,43,Gaussian recovery,98019,1,1,425fc9be60e9ba2306438a98d7615fc23c405dbd2b8da5fb79bff753b8c09cfd,dc74369f941cda9d1165462f21d7ee9e7666cf3f0ce7fd858c09970c1dc69bd4
reach-v3,307,43,SCANA-R,98000,1,1,650bc5b15e4349ffd49e3d9e9f481faa367c17e603c1eff6570c6c0a9d42b8e8,d76c40c5b8e3c1be20332bab4baa2ded48a2351cfea7eebd09f152dd65b5067b
reach-v3,307,43,SCANA-R,98001,1,1,650bc5b15e4349ffd49e3d9e9f481faa367c17e603c1eff6570c6c0a9d42b8e8,334e933829e8dcfb845598b4c677125605b6c6084e190b2e47ae45dcaa0c57df
reach-v3,307,43,SCANA-R,98002,1,1,650bc5b15e4349ffd49e3d9e9f481faa367c17e603c1eff6570c6c0a9d42b8e8,2c0c47968421eebcde20068a8681df5d675f4c5d3cb257070db31869bfe9d250
reach-v3,307,43,SCANA-R,98003,1,1,650bc5b15e4349ffd49e3d9e9f481faa367c17e603c1eff6570c6c0a9d42b8e8,adfcd73a3e269f8fc9bf5aab002305a2b7ea3eec3e27ed1544567ff85b64f78b
reach-v3,307,43,SCANA-R,98004,1,1,650bc5b15e4349ffd49e3d9e9f481faa367c17e603c1eff6570c6c0a9d42b8e8,2f8cdd8ea275c2cf145421f45ce9be0553a9eb1707ead2b8f1e0c1437333db1c
reach-v3,307,43,SCANA-R,98005,1,1,650bc5b15e4349ffd49e3d9e9f481faa367c17e603c1eff6570c6c0a9d42b8e8,38afc476494bdd207fff78df550d730366ad76ba5c3453acaf7322d2012d2bbb
reach-v3,307,43,SCANA-R,98006,1,0,650bc5b15e4349ffd49e3d9e9f481faa367c17e603c1eff6570c6c0a9d42b8e8,0791d7ed21f2a3198571bdc6017b76d0950a6aabada3eeb58ab247bd03ced8f5
reach-v3,307,43,SCANA-R,98007,1,1,650bc5b15e4349ffd49e3d9e9f481faa367c17e603c1eff6570c6c0a9d42b8e8,911c0ca40766d5ab0e1f9fe76cb49f70669826ba0b882c807deee9e6d4bb20e6
reach-v3,307,43,SCANA-R,98008,1,1,650bc5b15e4349ffd49e3d9e9f481faa367c17e603c1eff6570c6c0a9d42b8e8,a04b8b8557f5a6551e078017a0eaff1b069caaae859375bd44f3adf79635d2a5
reach-v3,307,43,SCANA-R,98009,1,1,650bc5b15e4349ffd49e3d9e9f481faa367c17e603c1eff6570c6c0a9d42b8e8,8366292007b0e07fde91a371e7eb960679065bd8a187a42d5c78285b67aec8c7
reach-v3,307,43,SCANA-R,98010,0,0,650bc5b15e4349ffd49e3d9e9f481faa367c17e603c1eff6570c6c0a9d42b8e8,eeb0dd4c1c7e4b7dac310261d68dcc7534fcdd2a17218c93c1677bcbf6e968f4
reach-v3,307,43,SCANA-R,98011,1,1,650bc5b15e4349ffd49e3d9e9f481faa367c17e603c1eff6570c6c0a9d42b8e8,94d1c233be9e3e447ae1a036a1c7016df01eebda61772456d52c283d0a885348
reach-v3,307,43,SCANA-R,98012,1,1,650bc5b15e4349ffd49e3d9e9f481faa367c17e603c1eff6570c6c0a9d42b8e8,69a2e13f819775ec2518b3d399c890de8e17ae49d4650ebdcd8d83fafa323785
reach-v3,307,43,SCANA-R,98013,1,0,650bc5b15e4349ffd49e3d9e9f481faa367c17e603c1eff6570c6c0a9d42b8e8,81278bb78f3b6d6bb89a8b674effc2ce2f9e7edf2dcd56f24c45f6f21aca5bf7
reach-v3,307,43,SCANA-R,98014,1,1,650bc5b15e4349ffd49e3d9e9f481faa367c17e603c1eff6570c6c0a9d42b8e8,92eb0b5cfac9d3dd25dbb2a00639033625477e68cfa0f0b75bb85f69a2f62348
reach-v3,307,43,SCANA-R,98015,1,1,650bc5b15e4349ffd49e3d9e9f481faa367c17e603c1eff6570c6c0a9d42b8e8,884127cf0fe523f5e1065c627d8490f6f01685a78d537543e6bec91e296f7de8
reach-v3,307,43,SCANA-R,98016,1,1,650bc5b15e4349ffd49e3d9e9f481faa367c17e603c1eff6570c6c0a9d42b8e8,1674d970a2dc455d518e9ae8147d9e7051cb488405ad720719ea10f97c4a2783
reach-v3,307,43,SCANA-R,98017,1,1,650bc5b15e4349ffd49e3d9e9f481faa367c17e603c1eff6570c6c0a9d42b8e8,6dd9a8343a817783d4303bd25c70cd2ff137964697df79fb8329f3e8418db16b
reach-v3,307,43,SCANA-R,98018,1,1,650bc5b15e4349ffd49e3d9e9f481faa367c17e603c1eff6570c6c0a9d42b8e8,4911774fbabe8821285c955a14d508a37de2ec62be48d26d0441db92f1cd33e8
reach-v3,307,43,SCANA-R,98019,1,1,650bc5b15e4349ffd49e3d9e9f481faa367c17e603c1eff6570c6c0a9d42b8e8,6412def01aa8652d41e75efec63804f6a8b8255e9e29f2cccc3b88d481d170cb
push-v3,101,17,Clean repeat,98000,0,0,d4f7c9cf0f5c5aea0b86f50597d67b3732d561d48eb956df0b9687922151635c,07c0191c786a05edae4a7f059f91cfb4569d9537539131534509f6ad11bd3201
push-v3,101,17,Clean repeat,98001,1,0,d4f7c9cf0f5c5aea0b86f50597d67b3732d561d48eb956df0b9687922151635c,3936ca73d2ef7dd03120953152df2c220558eaf5a916a7313319ce129235d03c
push-v3,101,17,Clean repeat,98002,1,1,d4f7c9cf0f5c5aea0b86f50597d67b3732d561d48eb956df0b9687922151635c,b640273691b5c2f3ca9490497c9b22567b85e4b26a138343a622f34b7738de0d
push-v3,101,17,Clean repeat,98003,0,0,d4f7c9cf0f5c5aea0b86f50597d67b3732d561d48eb956df0b9687922151635c,4b40ab77017dda477d1afe101d125dd5c7caca41a93f0a346449ab6d9fe871e2
push-v3,101,17,Clean repeat,98004,0,0,d4f7c9cf0f5c5aea0b86f50597d67b3732d561d48eb956df0b9687922151635c,ceaffc5052db954d4bc93d25d454ff71db516dd9954cc0b3c3787667fa009eea
push-v3,101,17,Clean repeat,98005,1,1,d4f7c9cf0f5c5aea0b86f50597d67b3732d561d48eb956df0b9687922151635c,6dc8ebeefe9e5c4b430ac6f999cc650b7be2e21dfa36ae760d06c1bcf3f07f8a
push-v3,101,17,Clean repeat,98006,1,1,d4f7c9cf0f5c5aea0b86f50597d67b3732d561d48eb956df0b9687922151635c,f75c0c59d64184c4b2fd43e489e65f7864923765f6ea2e5649fd1e111896eeb6
push-v3,101,17,Clean repeat,98007,1,1,d4f7c9cf0f5c5aea0b86f50597d67b3732d561d48eb956df0b9687922151635c,77a4f649830be2b73bf20347b2c8e7b3f3d4f3106d87c56f80278205788f215a
push-v3,101,17,Clean repeat,98008,1,1,d4f7c9cf0f5c5aea0b86f50597d67b3732d561d48eb956df0b9687922151635c,1c0458d6f156c091b3327583651934b5b428c13cdd9b959e230bb1b8c905ed53
push-v3,101,17,Clean repeat,98009,1,1,d4f7c9cf0f5c5aea0b86f50597d67b3732d561d48eb956df0b9687922151635c,729d8e198eaa9846250f0879d58779a50b177c1a54673820baa8423144fe8ecd
push-v3,101,17,Clean repeat,98010,1,1,d4f7c9cf0f5c5aea0b86f50597d67b3732d561d48eb956df0b9687922151635c,7c539af807393fe37e811622b4a5fcce0bc01c143dd817ca633f64bd5aeb2d59
push-v3,101,17,Clean repeat,98011,1,1,d4f7c9cf0f5c5aea0b86f50597d67b3732d561d48eb956df0b9687922151635c,46739a034599b7ca9d1684930760c9aef7a0a719da19e98e52f21280984c9c80
push-v3,101,17,Clean repeat,98012,1,1,d4f7c9cf0f5c5aea0b86f50597d67b3732d561d48eb956df0b9687922151635c,83812288744024054d1c68ce598a474343f8977cbe033059224df432c4440670
push-v3,101,17,Clean repeat,98013,1,1,d4f7c9cf0f5c5aea0b86f50597d67b3732d561d48eb956df0b9687922151635c,64393f59dacfe7e586b19bb4794d259157658226bd53465fe33d191b94eaaa67
push-v3,101,17,Clean repeat,98014,1,1,d4f7c9cf0f5c5aea0b86f50597d67b3732d561d48eb956df0b9687922151635c,f5d41e4da41921972346fedf65a4aaf422c4eeab16a2643d521b422cb7775410
push-v3,101,17,Clean repeat,98015,1,1,d4f7c9cf0f5c5aea0b86f50597d67b3732d561d48eb956df0b9687922151635c,fde82cf37d76e42d632c84ae8a337f6a9522a4b2e48c8a90c578969d1ac458ad
push-v3,101,17,Clean repeat,98016,1,1,d4f7c9cf0f5c5aea0b86f50597d67b3732d561d48eb956df0b9687922151635c,9997b61ac103ded0e24b5f7d719a572ea2c100de512c615708ffe3ebcf2c4fee
push-v3,101,17,Clean repeat,98017,1,1,d4f7c9cf0f5c5aea0b86f50597d67b3732d561d48eb956df0b9687922151635c,5d149f529eedebde15f62f966f4941abca10140791c134256bd79df7ac4a1259
push-v3,101,17,Clean repeat,98018,1,1,d4f7c9cf0f5c5aea0b86f50597d67b3732d561d48eb956df0b9687922151635c,74930dd90c0ef2dfa340c671fccd5995ddeed5469094341410f883c1a6c47010
push-v3,101,17,Clean repeat,98019,1,1,d4f7c9cf0f5c5aea0b86f50597d67b3732d561d48eb956df0b9687922151635c,bf6c910b9d6a16b6ff6d26955feac5a2608f1fd2f4fb8e05ea7d75a348b5acc2
push-v3,101,17,Gaussian recovery,98000,0,0,ee9a2058bc2c88c0ac1a5ac96d249e6258c1ea1d953125877262b3b6b04f4077,eb9e6c9aeca27d2125dbdfe613cee360a4739091db98de737391a89e8e02354f
push-v3,101,17,Gaussian recovery,98001,1,1,ee9a2058bc2c88c0ac1a5ac96d249e6258c1ea1d953125877262b3b6b04f4077,d5bf2eb8f6dc4917852e46a9efb62df56fa497e14ff241b6d6f2d9de4f2e941a
push-v3,101,17,Gaussian recovery,98002,1,1,ee9a2058bc2c88c0ac1a5ac96d249e6258c1ea1d953125877262b3b6b04f4077,7202ac9d316d181ec43bd0b51491d1e922c93dc8702626d882defc20ca4aa25c
push-v3,101,17,Gaussian recovery,98003,1,1,ee9a2058bc2c88c0ac1a5ac96d249e6258c1ea1d953125877262b3b6b04f4077,a926ed31cbbf9338da0818baf576d56f1df06d0e5d5bc72091db014055251b7b
push-v3,101,17,Gaussian recovery,98004,1,1,ee9a2058bc2c88c0ac1a5ac96d249e6258c1ea1d953125877262b3b6b04f4077,a4ec248440e1f3533fc9fcdaf8138beaa731763c38b3033434493201f0108f1d
push-v3,101,17,Gaussian recovery,98005,1,1,ee9a2058bc2c88c0ac1a5ac96d249e6258c1ea1d953125877262b3b6b04f4077,46ca7395edc246a3bc683a47e1e15008541e1667abf1508a78abfad1a625cd3b
push-v3,101,17,Gaussian recovery,98006,1,1,ee9a2058bc2c88c0ac1a5ac96d249e6258c1ea1d953125877262b3b6b04f4077,cd21f3940d12c0bf5e97a9b85e6ba71e4eac1f34de6d8382c044391f33a80b79
push-v3,101,17,Gaussian recovery,98007,1,1,ee9a2058bc2c88c0ac1a5ac96d249e6258c1ea1d953125877262b3b6b04f4077,83d142162c57c9401c86c407a0efa234182e0f1d482484b346464f8adda013ca
push-v3,101,17,Gaussian recovery,98008,1,1,ee9a2058bc2c88c0ac1a5ac96d249e6258c1ea1d953125877262b3b6b04f4077,6c7f35fab92e4afecd9bfe7a530eefd70d54ffc30fc9362992ff614c32d4af9d
push-v3,101,17,Gaussian recovery,98009,1,1,ee9a2058bc2c88c0ac1a5ac96d249e6258c1ea1d953125877262b3b6b04f4077,8ae744c4c6ab3154ceaa5a018dd48ee689df31f3ce373883e57594ebb1569350
push-v3,101,17,Gaussian recovery,98010,1,1,ee9a2058bc2c88c0ac1a5ac96d249e6258c1ea1d953125877262b3b6b04f4077,7d88e8f1f7ae0acb416c7cce21487a564b8e2b342dd285f52504fa75238b75cb
push-v3,101,17,Gaussian recovery,98011,1,1,ee9a2058bc2c88c0ac1a5ac96d249e6258c1ea1d953125877262b3b6b04f4077,ffe88b1aaf36742e9d96a411365119b3987f27e065b025b1453ac1bf18e4be20
push-v3,101,17,Gaussian recovery,98012,1,1,ee9a2058bc2c88c0ac1a5ac96d249e6258c1ea1d953125877262b3b6b04f4077,0105702cdc1bcbc0357a9c1367ed47b0ba554630712e08b9bc50f6ffb8e9755e
push-v3,101,17,Gaussian recovery,98013,1,1,ee9a2058bc2c88c0ac1a5ac96d249e6258c1ea1d953125877262b3b6b04f4077,49d9d168f1e2555fee42b28b22be5ef86acbc320c348d41b5e3608bd2b867d68
push-v3,101,17,Gaussian recovery,98014,1,0,ee9a2058bc2c88c0ac1a5ac96d249e6258c1ea1d953125877262b3b6b04f4077,f9a147bd554007f09ef6e10e3b90e23cd7d269198c5f2937c8c28fe82db09b8f
push-v3,101,17,Gaussian recovery,98015,1,1,ee9a2058bc2c88c0ac1a5ac96d249e6258c1ea1d953125877262b3b6b04f4077,a196091871be10382bbd6cd2bf1678f954525466e11073fde7fb68e78b7ed398
push-v3,101,17,Gaussian recovery,98016,1,1,ee9a2058bc2c88c0ac1a5ac96d249e6258c1ea1d953125877262b3b6b04f4077,eb7130aa8e396ca91705f9a9d35c33556ae61f21f8d751526b0dbf5213407ff1
push-v3,101,17,Gaussian recovery,98017,1,1,ee9a2058bc2c88c0ac1a5ac96d249e6258c1ea1d953125877262b3b6b04f4077,2206c9979f2e980cc453ceb2906c4470326d69e493b312ee04ff0c058161b316
push-v3,101,17,Gaussian recovery,98018,1,1,ee9a2058bc2c88c0ac1a5ac96d249e6258c1ea1d953125877262b3b6b04f4077,badf2842153714ecb041cce4714b337cd0f2f5f1ab9f3459ee1ae826fdd42e9b
push-v3,101,17,Gaussian recovery,98019,1,1,ee9a2058bc2c88c0ac1a5ac96d249e6258c1ea1d953125877262b3b6b04f4077,ee0faab534e01f3f5e391cdbca0deb7e49f5accec7b47a37fe7b254ebfdbd46e
push-v3,101,17,SCANA-R,98000,1,1,68878ee1e3f09709111801be48d05331651972321149ce7706a172ac5920746f,619e6ae2c0a11b9ffd9754099eabf874eef982211195a7026b3837e57cde26b7
push-v3,101,17,SCANA-R,98001,1,1,68878ee1e3f09709111801be48d05331651972321149ce7706a172ac5920746f,ceca6c47fb4382eeca5dd22fc9626e43c28f31c4e3e134d0d033f0d9edd65657
push-v3,101,17,SCANA-R,98002,1,1,68878ee1e3f09709111801be48d05331651972321149ce7706a172ac5920746f,1e539f94cceb433d5474fd49a5ca2f3b7a22258e9f3044d49013793254fda23f
push-v3,101,17,SCANA-R,98003,1,1,68878ee1e3f09709111801be48d05331651972321149ce7706a172ac5920746f,3051caee058c0c1f1cb12e182b21c576d9be529aa0bd4ff188e16d7c31b8f0f9
push-v3,101,17,SCANA-R,98004,1,1,68878ee1e3f09709111801be48d05331651972321149ce7706a172ac5920746f,981d4aacfcc12439cb688cc340704c74bd109fd18995b44affe56ea69121c659
push-v3,101,17,SCANA-R,98005,1,1,68878ee1e3f09709111801be48d05331651972321149ce7706a172ac5920746f,b7b4e2b5b96728e8b1e72a52c844eeeea5bfb3d0366122aa7c40f8decbb78ad9
push-v3,101,17,SCANA-R,98006,1,1,68878ee1e3f09709111801be48d05331651972321149ce7706a172ac5920746f,9cbf3fd6c8c521c0679f4144334e8009d3c13e432a565731d3a2e5ab6c8e06ca
push-v3,101,17,SCANA-R,98007,1,1,68878ee1e3f09709111801be48d05331651972321149ce7706a172ac5920746f,85909a7922f66f325bb26d3895a85a3e7663a2c38d973c1ff03835f9963dd381
push-v3,101,17,SCANA-R,98008,1,1,68878ee1e3f09709111801be48d05331651972321149ce7706a172ac5920746f,b5cf6956abfb5f3a9ffc96866eab02990f63838dcd2791d88eca94998ccef6d8
push-v3,101,17,SCANA-R,98009,1,1,68878ee1e3f09709111801be48d05331651972321149ce7706a172ac5920746f,0000b550a3a5f57f70693bd550c077d98d499a5cc32cc3072603782a5a7e7351
push-v3,101,17,SCANA-R,98010,1,1,68878ee1e3f09709111801be48d05331651972321149ce7706a172ac5920746f,470fa2d20dc6278c1f44e76aa16d08d0b2400c84277c01d89b4e7ce0ccf88f6f
push-v3,101,17,SCANA-R,98011,1,1,68878ee1e3f09709111801be48d05331651972321149ce7706a172ac5920746f,ded2b6615ceed6a142398b0360aea4818e9075e828119f0e9b0b2c182dfc1d3f
push-v3,101,17,SCANA-R,98012,1,1,68878ee1e3f09709111801be48d05331651972321149ce7706a172ac5920746f,889ad95afa79e9f11a710e9edb563d8e2ca2a6bc6fafa8b68c8428cae8d2fa3b
push-v3,101,17,SCANA-R,98013,1,1,68878ee1e3f09709111801be48d05331651972321149ce7706a172ac5920746f,7b4ce70bf50441692a95489c78d6d909d1e801488f5d0cecb5c9480a3f18f260
push-v3,101,17,SCANA-R,98014,1,0,68878ee1e3f09709111801be48d05331651972321149ce7706a172ac5920746f,0fbf2498c3b2418a9fa317ee325e6687ea420dbd3c70d5aaa370633514ca9d90
push-v3,101,17,SCANA-R,98015,1,1,68878ee1e3f09709111801be48d05331651972321149ce7706a172ac5920746f,3a853b060849f26da7209189797b7e5efcd0cbec152dabbc2525129f9b11c05a
push-v3,101,17,SCANA-R,98016,1,1,68878ee1e3f09709111801be48d05331651972321149ce7706a172ac5920746f,aad7e1798f77a8d381b8d141a0b669e6a06010f64b6e806ccc6d95fc1a03349b
push-v3,101,17,SCANA-R,98017,1,1,68878ee1e3f09709111801be48d05331651972321149ce7706a172ac5920746f,c9826458283d2698bdee4c9a8bcf1450e8654da94f46f0855dadcfb154629aaa
push-v3,101,17,SCANA-R,98018,1,1,68878ee1e3f09709111801be48d05331651972321149ce7706a172ac5920746f,70eda67ba2c294bac6be475a6314e9e0bff34788e24f4a8e0b4e86b85fc2b3ed
push-v3,101,17,SCANA-R,98019,1,1,68878ee1e3f09709111801be48d05331651972321149ce7706a172ac5920746f,85c8b60e8420af46afd4d27051b73a445d3d8a9519fd90a829c67dcc9bb20d79
push-v3,101,29,Clean repeat,98000,0,0,335b1812380bd8705988efe80d0766a73c575eae1ecb4e2c39b976cbfb43fdf7,ff8f98317fee230c55741ae3cc1c8a4b15ad713c3946b7583dfa8ae6ebdd1fd1
push-v3,101,29,Clean repeat,98001,1,1,335b1812380bd8705988efe80d0766a73c575eae1ecb4e2c39b976cbfb43fdf7,dce24cbc86e253f8df08b0d22779c4e9fb93d9a93f81d56e2df55c4462a61660
push-v3,101,29,Clean repeat,98002,1,1,335b1812380bd8705988efe80d0766a73c575eae1ecb4e2c39b976cbfb43fdf7,c040b498f53d6c7de742bafdb02ba030e686f5aa2e94c27ca43e64d00812ed72
push-v3,101,29,Clean repeat,98003,1,1,335b1812380bd8705988efe80d0766a73c575eae1ecb4e2c39b976cbfb43fdf7,81319a177a6e067b4c60eeb4d0bd650d8d4cb83e419514224c924b3013d6c0ac
push-v3,101,29,Clean repeat,98004,1,1,335b1812380bd8705988efe80d0766a73c575eae1ecb4e2c39b976cbfb43fdf7,6064517787e9cb7347c51a1ed9d79fb85e6934efb23074ebae20627f4b44df48
push-v3,101,29,Clean repeat,98005,1,1,335b1812380bd8705988efe80d0766a73c575eae1ecb4e2c39b976cbfb43fdf7,f8643e19dd9ad2abbf13fb13ea99e36ed69df8f39c04bea58c2fcd3e7478df75
push-v3,101,29,Clean repeat,98006,1,1,335b1812380bd8705988efe80d0766a73c575eae1ecb4e2c39b976cbfb43fdf7,081dd67b9b60ec96234d904f1783c6f9047eab2b75179bb3cb80e7df740841f8
push-v3,101,29,Clean repeat,98007,1,1,335b1812380bd8705988efe80d0766a73c575eae1ecb4e2c39b976cbfb43fdf7,ae3a589b9fcefd30c297fb459e1817eff572e6541dbc68dce3e19c271e39cd16
push-v3,101,29,Clean repeat,98008,1,1,335b1812380bd8705988efe80d0766a73c575eae1ecb4e2c39b976cbfb43fdf7,2f024f77f12b1dba3478cfc634fec88d4a4f92ec3df211528fdef1b6a2b7b0e5
push-v3,101,29,Clean repeat,98009,1,1,335b1812380bd8705988efe80d0766a73c575eae1ecb4e2c39b976cbfb43fdf7,f2a61cbd12f4e6b6a017f352cf44d59f51ffd9c55b8e2ea679436694e22a7b14
push-v3,101,29,Clean repeat,98010,1,1,335b1812380bd8705988efe80d0766a73c575eae1ecb4e2c39b976cbfb43fdf7,5bf39bafbbcfd72e126110081dbe9f1ebdaf89f73917b28ef898189f6ecd148a
push-v3,101,29,Clean repeat,98011,1,1,335b1812380bd8705988efe80d0766a73c575eae1ecb4e2c39b976cbfb43fdf7,5b66d2d5d481e3c2fbe37dd80472722fca6dbeb08c9aafdbd237bfd2026b25b3
push-v3,101,29,Clean repeat,98012,1,1,335b1812380bd8705988efe80d0766a73c575eae1ecb4e2c39b976cbfb43fdf7,a3fa43a2887d1118ee4fd2b18d5b72ed40f6c03b3836154ff2cea862905ccc38
push-v3,101,29,Clean repeat,98013,1,1,335b1812380bd8705988efe80d0766a73c575eae1ecb4e2c39b976cbfb43fdf7,de2b822fc237e2cfb908471dff237c217863d7152e214359bd924ed5c9e9f74c
push-v3,101,29,Clean repeat,98014,1,1,335b1812380bd8705988efe80d0766a73c575eae1ecb4e2c39b976cbfb43fdf7,d82b5113fd8e93520a5c523838e97c39e47be1ce842fd09fa5e062a407958e90
push-v3,101,29,Clean repeat,98015,1,1,335b1812380bd8705988efe80d0766a73c575eae1ecb4e2c39b976cbfb43fdf7,7f37707a1300c3ed07b7b95937f904138766dd7e0704c5ec2d0985d237d745fd
push-v3,101,29,Clean repeat,98016,1,1,335b1812380bd8705988efe80d0766a73c575eae1ecb4e2c39b976cbfb43fdf7,eeb0cd12a0ec201c47ef994373c00f83a69b92a9cbdbc191a95dfca1cffbd556
push-v3,101,29,Clean repeat,98017,0,0,335b1812380bd8705988efe80d0766a73c575eae1ecb4e2c39b976cbfb43fdf7,d21d5fd130c83ca7a0da91332889ba918af8ca5f428378017786e7cf4bee9b5c
push-v3,101,29,Clean repeat,98018,1,1,335b1812380bd8705988efe80d0766a73c575eae1ecb4e2c39b976cbfb43fdf7,e4b4481292479bba3807a70445b3f386ceb658102040ca6dbc1427054cdb2d9b
push-v3,101,29,Clean repeat,98019,1,1,335b1812380bd8705988efe80d0766a73c575eae1ecb4e2c39b976cbfb43fdf7,2af2d66ae3ce37e7d1e42fc9ebf9480f8c4360de62a17cba7030e702dba8fd6f
push-v3,101,29,Gaussian recovery,98000,1,1,651db31f72b84dd74ffdb797f71c394064daa40f50d40426300b3d85c38deeb9,c46832f4634e44b94ca29aea3ad73eb61dabf1a2ec4aa2a00004ec935da6ea52
push-v3,101,29,Gaussian recovery,98001,1,1,651db31f72b84dd74ffdb797f71c394064daa40f50d40426300b3d85c38deeb9,b5e9965f68ce60361ea2c838a8958111c479c1474ddc6c566f09366c0bf5d387
push-v3,101,29,Gaussian recovery,98002,1,1,651db31f72b84dd74ffdb797f71c394064daa40f50d40426300b3d85c38deeb9,82832aea8bc9b1c9d84a29c1a26657486390ea549b4c72a4123ee080e5f1c1a5
push-v3,101,29,Gaussian recovery,98003,1,1,651db31f72b84dd74ffdb797f71c394064daa40f50d40426300b3d85c38deeb9,01de7e01a4e43a0f1fc0b22a9aee477461f7c5996ae1a7a50cecc406b7f75271
push-v3,101,29,Gaussian recovery,98004,1,1,651db31f72b84dd74ffdb797f71c394064daa40f50d40426300b3d85c38deeb9,58d04f8bf45b544ec0da92f33771d6f49826eac9bf7bd2f42ec7e8adc6366f34
push-v3,101,29,Gaussian recovery,98005,1,1,651db31f72b84dd74ffdb797f71c394064daa40f50d40426300b3d85c38deeb9,a6dce2d0454d4f73e7d6af65ca14c9dd893f373cf73e83a3f33c8d663aedfd16
push-v3,101,29,Gaussian recovery,98006,1,1,651db31f72b84dd74ffdb797f71c394064daa40f50d40426300b3d85c38deeb9,db5a580fa4555122959d930b2dbb21e16c713ea17b33e1eb5e90124a040bf508
push-v3,101,29,Gaussian recovery,98007,1,1,651db31f72b84dd74ffdb797f71c394064daa40f50d40426300b3d85c38deeb9,afc1f65dd65b915cfd73a28431f3b80ff419feb428c9dc6f831759070cb396b1
push-v3,101,29,Gaussian recovery,98008,1,1,651db31f72b84dd74ffdb797f71c394064daa40f50d40426300b3d85c38deeb9,4998e97b9e6d6d8e5b4c766933409e7fcde6b9da1a8c22123de91baf792d2331
push-v3,101,29,Gaussian recovery,98009,1,1,651db31f72b84dd74ffdb797f71c394064daa40f50d40426300b3d85c38deeb9,02b369bd3965145ad965f702287fa865af1d393dc76ddb5c8620b2234c433492
push-v3,101,29,Gaussian recovery,98010,1,1,651db31f72b84dd74ffdb797f71c394064daa40f50d40426300b3d85c38deeb9,81ce49ff778d26b2a9f4b17d5922d23517dbc6e37d187c4c729094eac029a52f
push-v3,101,29,Gaussian recovery,98011,1,1,651db31f72b84dd74ffdb797f71c394064daa40f50d40426300b3d85c38deeb9,77ca6a736e9d3660ca04b5ffa9b7ace8233143c8017795973806aca73d90cb5d
push-v3,101,29,Gaussian recovery,98012,1,1,651db31f72b84dd74ffdb797f71c394064daa40f50d40426300b3d85c38deeb9,3621c8805a665638e783de165fef893e3f5442c10bf32deb9012c5cb12e65729
push-v3,101,29,Gaussian recovery,98013,1,1,651db31f72b84dd74ffdb797f71c394064daa40f50d40426300b3d85c38deeb9,24ab242eb94cad2a71f026db7e373ee34ce062fd172e4881fb9373edaee1d322
push-v3,101,29,Gaussian recovery,98014,1,1,651db31f72b84dd74ffdb797f71c394064daa40f50d40426300b3d85c38deeb9,4161ee894f180a04c98c555153ff295f8430968142fdadd814298cd807bdae03
push-v3,101,29,Gaussian recovery,98015,1,1,651db31f72b84dd74ffdb797f71c394064daa40f50d40426300b3d85c38deeb9,0ebb2e96fd35d3dbef6126920fbfdbe595014505b5e776c9065610025e901649
push-v3,101,29,Gaussian recovery,98016,1,1,651db31f72b84dd74ffdb797f71c394064daa40f50d40426300b3d85c38deeb9,8ab2d4fc84071fab54a3e492f57a893b7a3af4c687ca5214a56bd87135924e79
push-v3,101,29,Gaussian recovery,98017,1,1,651db31f72b84dd74ffdb797f71c394064daa40f50d40426300b3d85c38deeb9,444393da51fcf2332e99f9432e64def2e2c4f53624be67f7dae2caa8cc12f76f
push-v3,101,29,Gaussian recovery,98018,1,1,651db31f72b84dd74ffdb797f71c394064daa40f50d40426300b3d85c38deeb9,60ffc1f5fe88d792966e94b7d268d909abde8f61d7d5a69ec57720730bd59b21
push-v3,101,29,Gaussian recovery,98019,1,1,651db31f72b84dd74ffdb797f71c394064daa40f50d40426300b3d85c38deeb9,3285cf0f6ee31ea7600eae596cd286ae192b9c8a96b4b9190dc1743075eec88e
push-v3,101,29,SCANA-R,98000,0,0,3cf5dfa8fb88909fdc85bc5c5da7aa4db7ba8bd3b5c3c02430aa5bfa7bc0e87d,35bb0471563aacb3fdb175844a565c5891a0e595d779831ef7603e845101cc14
push-v3,101,29,SCANA-R,98001,1,1,3cf5dfa8fb88909fdc85bc5c5da7aa4db7ba8bd3b5c3c02430aa5bfa7bc0e87d,629b8d2ede0db981af6b5fa9490767d3760f04621e2e58baab884f62049e38c2
push-v3,101,29,SCANA-R,98002,1,1,3cf5dfa8fb88909fdc85bc5c5da7aa4db7ba8bd3b5c3c02430aa5bfa7bc0e87d,3f23fb3c79f6d5d32be35f5fd6d6bde60d19064cc8e9193405cf9393041260b5
push-v3,101,29,SCANA-R,98003,1,1,3cf5dfa8fb88909fdc85bc5c5da7aa4db7ba8bd3b5c3c02430aa5bfa7bc0e87d,200d087c2678ebc7c7947a64b51a5c05cffb1753c5cb591baf58386a9e813059
push-v3,101,29,SCANA-R,98004,1,1,3cf5dfa8fb88909fdc85bc5c5da7aa4db7ba8bd3b5c3c02430aa5bfa7bc0e87d,d48a8d08259e23e94d2714fff47f03718c9a7409c4be967758a85517069d9577
push-v3,101,29,SCANA-R,98005,1,1,3cf5dfa8fb88909fdc85bc5c5da7aa4db7ba8bd3b5c3c02430aa5bfa7bc0e87d,1f5a5e358060971f8839a7dd8bb714f26806856d5648e88567dcdf14c061c061
push-v3,101,29,SCANA-R,98006,1,1,3cf5dfa8fb88909fdc85bc5c5da7aa4db7ba8bd3b5c3c02430aa5bfa7bc0e87d,28e820a150a3959a8c356d9a8bfbc586a2a5ac1aa560229e131c91f0def31996
push-v3,101,29,SCANA-R,98007,1,1,3cf5dfa8fb88909fdc85bc5c5da7aa4db7ba8bd3b5c3c02430aa5bfa7bc0e87d,626acba00b6f97a53ca37994ca14b79d8eb3718f0e6b3c6c4846ac1afde51316
push-v3,101,29,SCANA-R,98008,1,1,3cf5dfa8fb88909fdc85bc5c5da7aa4db7ba8bd3b5c3c02430aa5bfa7bc0e87d,a643ac627d3bca2dc44bd72557643b891f14985861b4484910aeafcd23f49034
push-v3,101,29,SCANA-R,98009,1,1,3cf5dfa8fb88909fdc85bc5c5da7aa4db7ba8bd3b5c3c02430aa5bfa7bc0e87d,c7fc72f37337f0eff89aa8904aee349c3eb981313eb8eccbb3d47cabf758f634
push-v3,101,29,SCANA-R,98010,1,1,3cf5dfa8fb88909fdc85bc5c5da7aa4db7ba8bd3b5c3c02430aa5bfa7bc0e87d,ba9aea6e44cb71b2e2995d906e6c84b27cd692180c92838f03b10ee2305b57c9
push-v3,101,29,SCANA-R,98011,1,1,3cf5dfa8fb88909fdc85bc5c5da7aa4db7ba8bd3b5c3c02430aa5bfa7bc0e87d,f226a46fc726915a54c9d49a10eab56ab3924215a492d44e44c7899208b5aea6
push-v3,101,29,SCANA-R,98012,1,1,3cf5dfa8fb88909fdc85bc5c5da7aa4db7ba8bd3b5c3c02430aa5bfa7bc0e87d,811cf3842e90cc6eca30598c819b9c16a0218694fa78a65d3ec14d96a8459633
push-v3,101,29,SCANA-R,98013,1,1,3cf5dfa8fb88909fdc85bc5c5da7aa4db7ba8bd3b5c3c02430aa5bfa7bc0e87d,7ba30f14f5646589881288b740b948d1791d2d3bdd651272d69181e2af611805
push-v3,101,29,SCANA-R,98014,1,1,3cf5dfa8fb88909fdc85bc5c5da7aa4db7ba8bd3b5c3c02430aa5bfa7bc0e87d,a3ca9f62cd080c66c4c021c22ff85065f4936c46474e591133770fec409af65d
push-v3,101,29,SCANA-R,98015,1,1,3cf5dfa8fb88909fdc85bc5c5da7aa4db7ba8bd3b5c3c02430aa5bfa7bc0e87d,6281f0c3e7f32aa72d809d402f08a92dc1ec4cfe502b42d50d4a5c035f19bb33
push-v3,101,29,SCANA-R,98016,1,1,3cf5dfa8fb88909fdc85bc5c5da7aa4db7ba8bd3b5c3c02430aa5bfa7bc0e87d,e7cad7e3647cf2cf9d6f33ebcec9c1399fe89ac03ef1990686133ff90867f94a
push-v3,101,29,SCANA-R,98017,1,1,3cf5dfa8fb88909fdc85bc5c5da7aa4db7ba8bd3b5c3c02430aa5bfa7bc0e87d,705a45c1c453a59ab4f6f36be54969b8d7643c5d72ce258a88e20342da4ae05c
push-v3,101,29,SCANA-R,98018,1,1,3cf5dfa8fb88909fdc85bc5c5da7aa4db7ba8bd3b5c3c02430aa5bfa7bc0e87d,3944cc7a1bf1eaf6a55f9ec0203f1f54ce3ab029c3f433f57c2c6d8a37bda9b9
push-v3,101,29,SCANA-R,98019,1,1,3cf5dfa8fb88909fdc85bc5c5da7aa4db7ba8bd3b5c3c02430aa5bfa7bc0e87d,d7bf766c248702974270423ff7204c762c8925ea41fb1e077c4fad85d0e3e498
push-v3,101,43,Clean repeat,98000,0,0,84075f990837d49888e9459ace396423d6e477f37da010b37a4310a4a81bf62d,d84284808a87ab019d94286fa16c349d3a7d736c1a86ef739abb5ce393a80d4c
push-v3,101,43,Clean repeat,98001,1,1,84075f990837d49888e9459ace396423d6e477f37da010b37a4310a4a81bf62d,e5d9ff028fdb3a81bc0caaa18b75658cca302cdc4e3a470b034a05f6f35043c4
push-v3,101,43,Clean repeat,98002,1,1,84075f990837d49888e9459ace396423d6e477f37da010b37a4310a4a81bf62d,f107a9bd343aaf536d6706158f98e938b465ef75302266fa14570d117746aea4
push-v3,101,43,Clean repeat,98003,0,0,84075f990837d49888e9459ace396423d6e477f37da010b37a4310a4a81bf62d,3f243c7c4150a7b08743e1bb55f8a378bc096a95d86818db098da98399f03c0a
push-v3,101,43,Clean repeat,98004,1,1,84075f990837d49888e9459ace396423d6e477f37da010b37a4310a4a81bf62d,b791c8d6a1db0c183928d91dbba06cf270cd933a04fa25b8513c27b047129f7f
push-v3,101,43,Clean repeat,98005,1,1,84075f990837d49888e9459ace396423d6e477f37da010b37a4310a4a81bf62d,0761cba80f63318bf9ddc774a4540a80d92ad7d5fdb3d46b6d872ebb4f48761e
push-v3,101,43,Clean repeat,98006,1,1,84075f990837d49888e9459ace396423d6e477f37da010b37a4310a4a81bf62d,c7e30ec8c78bb04baea48626bd1939a6d4845dc13a71bd8c847fb8be7dae0872
push-v3,101,43,Clean repeat,98007,1,1,84075f990837d49888e9459ace396423d6e477f37da010b37a4310a4a81bf62d,d3d1edc8270e5da5346038d6055c5b62d80b2f31fc28b946beedb5c53884e684
push-v3,101,43,Clean repeat,98008,1,1,84075f990837d49888e9459ace396423d6e477f37da010b37a4310a4a81bf62d,c4aa44ecd8ed2f739e3e724c05a8d8e1f0264808b8c2860c881278423b8d5976
push-v3,101,43,Clean repeat,98009,1,1,84075f990837d49888e9459ace396423d6e477f37da010b37a4310a4a81bf62d,dbc01fab605fe3aeefa723597c900c5310b3486f8b6034cfdd9c494c1e82a396
push-v3,101,43,Clean repeat,98010,1,1,84075f990837d49888e9459ace396423d6e477f37da010b37a4310a4a81bf62d,1279a19256ae9eeb83788a4864f7b7ef8653d042275dd761a5f5257ba0933cad
push-v3,101,43,Clean repeat,98011,1,1,84075f990837d49888e9459ace396423d6e477f37da010b37a4310a4a81bf62d,0b78b770606a7b6f6a53f2bb7215b9f7a058db6e3a03257d7755b007ff6c3356
push-v3,101,43,Clean repeat,98012,1,1,84075f990837d49888e9459ace396423d6e477f37da010b37a4310a4a81bf62d,ba55daabf421d3ea9c52616415e6bd7807498e0b804c43892c6c68762e100b6c
push-v3,101,43,Clean repeat,98013,1,1,84075f990837d49888e9459ace396423d6e477f37da010b37a4310a4a81bf62d,28aca177a4cd4ab8a98838a1a5b76e7fc0d096c1289c60a08eaf78aaafd12c82
push-v3,101,43,Clean repeat,98014,1,1,84075f990837d49888e9459ace396423d6e477f37da010b37a4310a4a81bf62d,77be90b82e236bf9a77a699d2253f738324f5f360d644630907e2c0260944772
push-v3,101,43,Clean repeat,98015,1,1,84075f990837d49888e9459ace396423d6e477f37da010b37a4310a4a81bf62d,a8fd721bb96f6fe26ff11b2d782e7af3f046560a7ad598b7918cab1dc33cef77
push-v3,101,43,Clean repeat,98016,1,1,84075f990837d49888e9459ace396423d6e477f37da010b37a4310a4a81bf62d,798e3926ed69630699f818a24bb8b7dd8d4acb1f0038d48a739abd537d7ab100
push-v3,101,43,Clean repeat,98017,1,1,84075f990837d49888e9459ace396423d6e477f37da010b37a4310a4a81bf62d,5ab9f9a2cda952b87a78f1acae4e7eb759f186b18f3af99069b32d3083187cb8
push-v3,101,43,Clean repeat,98018,1,1,84075f990837d49888e9459ace396423d6e477f37da010b37a4310a4a81bf62d,8403ae1a4519f33d4d1abec57d0c0159e3e8b2947161137bf2792562d9ddbca9
push-v3,101,43,Clean repeat,98019,1,1,84075f990837d49888e9459ace396423d6e477f37da010b37a4310a4a81bf62d,0b7aca39f3b199c67af24cec6ef0b0413ae9978afeed84e9081f595c21181287
push-v3,101,43,Gaussian recovery,98000,0,0,02b32d62151f7a5a2d61fea3c25baf275b83098eba0f12d9811573288e6a9e6b,10ffa093e0edf3b7b6c71f4bb0d645ffc0e6aaef9c58dffd9c459ebaf8903b2c
push-v3,101,43,Gaussian recovery,98001,1,1,02b32d62151f7a5a2d61fea3c25baf275b83098eba0f12d9811573288e6a9e6b,c58e3535392a5dd9da8b3264adeb3de563d5e278d786873ea882e1cc1a905b1a
push-v3,101,43,Gaussian recovery,98002,1,1,02b32d62151f7a5a2d61fea3c25baf275b83098eba0f12d9811573288e6a9e6b,6633ad0892759ed2dd1d19ec620a1e67b67ff179cfceeae3d38a05e474456ce8
push-v3,101,43,Gaussian recovery,98003,1,1,02b32d62151f7a5a2d61fea3c25baf275b83098eba0f12d9811573288e6a9e6b,836f7cb3d3b8530679ef1502e14fea303708196ed32e4f5b39467a879ae93feb
push-v3,101,43,Gaussian recovery,98004,1,1,02b32d62151f7a5a2d61fea3c25baf275b83098eba0f12d9811573288e6a9e6b,84f49929746061338f58bab3fe85b1bc1059fe4fd08c134ff55ec856c9a2669f
push-v3,101,43,Gaussian recovery,98005,1,1,02b32d62151f7a5a2d61fea3c25baf275b83098eba0f12d9811573288e6a9e6b,1bcd26712fce8121b5c6443b82e34d27d9288318d313b4131b1f669c73cf21fe
push-v3,101,43,Gaussian recovery,98006,1,1,02b32d62151f7a5a2d61fea3c25baf275b83098eba0f12d9811573288e6a9e6b,7c2106e51087b79cbd2e38a412ff5c21399d2e4287ee04ec942d81b1856b8d9a
push-v3,101,43,Gaussian recovery,98007,1,1,02b32d62151f7a5a2d61fea3c25baf275b83098eba0f12d9811573288e6a9e6b,be69adb2cf55354be5a1407a58975b9a44232067d4775d90e4289df9d2af93f0
push-v3,101,43,Gaussian recovery,98008,1,1,02b32d62151f7a5a2d61fea3c25baf275b83098eba0f12d9811573288e6a9e6b,dfdb23615c03f108a9ac14ffac460c73bea874a47e0a5529bdfa3cb53de6626f
push-v3,101,43,Gaussian recovery,98009,1,1,02b32d62151f7a5a2d61fea3c25baf275b83098eba0f12d9811573288e6a9e6b,34739508fb678921e617e3622dab764ff4629bd25b0c4e5723f5323825372718
push-v3,101,43,Gaussian recovery,98010,1,1,02b32d62151f7a5a2d61fea3c25baf275b83098eba0f12d9811573288e6a9e6b,e00aff7a8914558d520b897b15bdbb88de89531a6222c7cd2a1448cc3f8c9947
push-v3,101,43,Gaussian recovery,98011,1,1,02b32d62151f7a5a2d61fea3c25baf275b83098eba0f12d9811573288e6a9e6b,c2a0040688bb3846271a4e6f6afd2b6ef51f2bbccb613aedda2d3d61110f3151
push-v3,101,43,Gaussian recovery,98012,1,1,02b32d62151f7a5a2d61fea3c25baf275b83098eba0f12d9811573288e6a9e6b,99bf5ed7a77daa46c5854ea3cdcf52e7aaae503b99df216a3bd11badbe7021fe
push-v3,101,43,Gaussian recovery,98013,1,1,02b32d62151f7a5a2d61fea3c25baf275b83098eba0f12d9811573288e6a9e6b,d34c01f24b0a2c850dbca92bb62e6f6cfde212ca010926f2a21727b1a8f58139
push-v3,101,43,Gaussian recovery,98014,1,1,02b32d62151f7a5a2d61fea3c25baf275b83098eba0f12d9811573288e6a9e6b,543a18cf405b7265643bafa5c05a9e71f10f4746782ae26aa2d3babd73959009
push-v3,101,43,Gaussian recovery,98015,1,1,02b32d62151f7a5a2d61fea3c25baf275b83098eba0f12d9811573288e6a9e6b,1726275260cacecfdf4ef3f1515438b754079ad05ea3583b24223f9c53018ca4
push-v3,101,43,Gaussian recovery,98016,1,1,02b32d62151f7a5a2d61fea3c25baf275b83098eba0f12d9811573288e6a9e6b,aa9f6735be1db63812f3e5095e9624e38cff3912b642aa043f5c93b82b659ba8
push-v3,101,43,Gaussian recovery,98017,1,1,02b32d62151f7a5a2d61fea3c25baf275b83098eba0f12d9811573288e6a9e6b,88af211fc35746a6e65d05980be3fcfc4b33895462f5a7f0b840faf1d0babeed
push-v3,101,43,Gaussian recovery,98018,1,1,02b32d62151f7a5a2d61fea3c25baf275b83098eba0f12d9811573288e6a9e6b,8a17ac9a660a403ad57e5935b71d24fa6a5142d656ff3bee73f57d5ef33c85f0
push-v3,101,43,Gaussian recovery,98019,1,1,02b32d62151f7a5a2d61fea3c25baf275b83098eba0f12d9811573288e6a9e6b,14618a664386d67b6505ccc18b5a51518d71842bce10a765acd36b986b62c3bd
push-v3,101,43,SCANA-R,98000,1,1,b326d893211e1e6bc35c29d3872af8b177a8a5cbfa6d146d0ee968b037c3b451,85be2648f3dbe1782e63e847a889f17dc6d9421013be02566a239ec4c614f8ea
push-v3,101,43,SCANA-R,98001,1,1,b326d893211e1e6bc35c29d3872af8b177a8a5cbfa6d146d0ee968b037c3b451,533dba5488b0d8ef5cca30fce255b51d969c7a36ff9a8a4841d5666136c7e3d6
push-v3,101,43,SCANA-R,98002,1,1,b326d893211e1e6bc35c29d3872af8b177a8a5cbfa6d146d0ee968b037c3b451,4300f7ca8c8a8879176e36c28a535fc750ba602f6abb1dcd832e73decf15bcde
push-v3,101,43,SCANA-R,98003,0,0,b326d893211e1e6bc35c29d3872af8b177a8a5cbfa6d146d0ee968b037c3b451,7ab5b26d543f49c1a0c1cc9c457c04c6c314f383a68dc2720ba82f3899647624
push-v3,101,43,SCANA-R,98004,1,1,b326d893211e1e6bc35c29d3872af8b177a8a5cbfa6d146d0ee968b037c3b451,1eb4014cd393d14293290e4ec288baa23498f28203dff7df96e86624c18c51a9
push-v3,101,43,SCANA-R,98005,1,1,b326d893211e1e6bc35c29d3872af8b177a8a5cbfa6d146d0ee968b037c3b451,cb964c35e77302868a88741bef30f49ec323e7d5774a26b1594337292b5375bd
push-v3,101,43,SCANA-R,98006,1,1,b326d893211e1e6bc35c29d3872af8b177a8a5cbfa6d146d0ee968b037c3b451,f39800f860b4b6a7dc18767a6a747e994d07c110f66fcb0709da38fe631c9873
push-v3,101,43,SCANA-R,98007,1,1,b326d893211e1e6bc35c29d3872af8b177a8a5cbfa6d146d0ee968b037c3b451,559e36f29b208c406b91efe175948ac3948977cc6f4532613ac7946f007475af
push-v3,101,43,SCANA-R,98008,1,1,b326d893211e1e6bc35c29d3872af8b177a8a5cbfa6d146d0ee968b037c3b451,6cfe121d53414f6494bc7c11cd1ab95130a3872d958437ffc1f3658a61fe840f
push-v3,101,43,SCANA-R,98009,1,1,b326d893211e1e6bc35c29d3872af8b177a8a5cbfa6d146d0ee968b037c3b451,13af1ff9240e87c13e741ac596f3959485f8adae429b49ff17e2d00b0eeca607
push-v3,101,43,SCANA-R,98010,1,1,b326d893211e1e6bc35c29d3872af8b177a8a5cbfa6d146d0ee968b037c3b451,3fe4f98c321266227ff47d5688ff1249f4bd84058205f9cde864931cbabd9ad2
push-v3,101,43,SCANA-R,98011,1,1,b326d893211e1e6bc35c29d3872af8b177a8a5cbfa6d146d0ee968b037c3b451,043dce3e10bdd90ec38052ae4692cc1dc221ad5081804604d98214b7f959683c
push-v3,101,43,SCANA-R,98012,1,1,b326d893211e1e6bc35c29d3872af8b177a8a5cbfa6d146d0ee968b037c3b451,8a946e8fbc01f6608322e9dc7e4d67cca8050a5ada0ad8478c10b866d2877987
push-v3,101,43,SCANA-R,98013,1,1,b326d893211e1e6bc35c29d3872af8b177a8a5cbfa6d146d0ee968b037c3b451,e008d52f6f8d6f5ea47fcac4752cbbc795c31a4ec3edd86d7b452137c77215ad
push-v3,101,43,SCANA-R,98014,1,1,b326d893211e1e6bc35c29d3872af8b177a8a5cbfa6d146d0ee968b037c3b451,622fbd3be7f3a44392913147b5f922ddb7aafd6e21867d20f73d94613728e359
push-v3,101,43,SCANA-R,98015,1,1,b326d893211e1e6bc35c29d3872af8b177a8a5cbfa6d146d0ee968b037c3b451,b31917c23ae64d7b3cd8d1f0ad514d4c1225261dd4f631014544eba6d483d874
push-v3,101,43,SCANA-R,98016,1,1,b326d893211e1e6bc35c29d3872af8b177a8a5cbfa6d146d0ee968b037c3b451,514777de20284593690cc2e158a3d54992be794cb2182f40321e768e19ab5a96
push-v3,101,43,SCANA-R,98017,1,1,b326d893211e1e6bc35c29d3872af8b177a8a5cbfa6d146d0ee968b037c3b451,c32e9efc054a498cb5ef68ae4642734dbcad52355ec05c3793ca8707addb4e51
push-v3,101,43,SCANA-R,98018,1,1,b326d893211e1e6bc35c29d3872af8b177a8a5cbfa6d146d0ee968b037c3b451,8e0c11823147521e87db327d979be92858b0c099abf435cfa5726fb535622958
push-v3,101,43,SCANA-R,98019,1,1,b326d893211e1e6bc35c29d3872af8b177a8a5cbfa6d146d0ee968b037c3b451,1f5de13dcd18f2d703b6af4e8dac61d7b2e7b6f7ff61f05f1a6d2353197d2e9b
push-v3,211,17,Clean repeat,98000,1,1,31690a47974ccd46e4f65457d6d1309e37a75a7eee7dc0177e7e00127eaea271,02138c6b50b9a22e4c063ef35006acca3842c067abe4c0c2606aeb1acc42b331
push-v3,211,17,Clean repeat,98001,1,1,31690a47974ccd46e4f65457d6d1309e37a75a7eee7dc0177e7e00127eaea271,217cd2c39661408a5a2fac9b006632451d8f593a3fc3bb6088c5731f66ea9c8d
push-v3,211,17,Clean repeat,98002,1,1,31690a47974ccd46e4f65457d6d1309e37a75a7eee7dc0177e7e00127eaea271,3709014abfc455fec61f7bb6e009258f28a2ef494c9d2b6cb9c945405bf01089
push-v3,211,17,Clean repeat,98003,1,1,31690a47974ccd46e4f65457d6d1309e37a75a7eee7dc0177e7e00127eaea271,bb88317924d8ad8d0df1c1827d5cc57214595685303a503f1d76f615f2ee45ea
push-v3,211,17,Clean repeat,98004,1,1,31690a47974ccd46e4f65457d6d1309e37a75a7eee7dc0177e7e00127eaea271,7390d0568b0e5d381bf2810be8e3506d420592392e9adc466a15048ca4d631a6
push-v3,211,17,Clean repeat,98005,1,1,31690a47974ccd46e4f65457d6d1309e37a75a7eee7dc0177e7e00127eaea271,74e446e83d42aa9c62ff9657ce9a0f63fa4d2bd9f2290e5b68e8055175899eeb
push-v3,211,17,Clean repeat,98006,1,1,31690a47974ccd46e4f65457d6d1309e37a75a7eee7dc0177e7e00127eaea271,7372c11c7166ad3aa2f5c52edad21ad801641ca3e565a34f012076ed5817d2bf
push-v3,211,17,Clean repeat,98007,1,1,31690a47974ccd46e4f65457d6d1309e37a75a7eee7dc0177e7e00127eaea271,68d96ed6b97a753318e227f2f9de99ea8951c65f467e7008b027698744e4149e
push-v3,211,17,Clean repeat,98008,1,1,31690a47974ccd46e4f65457d6d1309e37a75a7eee7dc0177e7e00127eaea271,399db752a8ea61fac3c38252b43248deeb3593339deaac77cdd0b4cbb5e2a2a6
push-v3,211,17,Clean repeat,98009,1,1,31690a47974ccd46e4f65457d6d1309e37a75a7eee7dc0177e7e00127eaea271,b6eeed40c63f0cab978dc44ad6b8486e783aff35c941a46c81ec47fee43473eb
push-v3,211,17,Clean repeat,98010,1,1,31690a47974ccd46e4f65457d6d1309e37a75a7eee7dc0177e7e00127eaea271,368d80e853c627351e4d97af945a312876bca96f46f8676c3d463afaa0ea796a
push-v3,211,17,Clean repeat,98011,1,1,31690a47974ccd46e4f65457d6d1309e37a75a7eee7dc0177e7e00127eaea271,1275d3e293342a99c8a7cd2e55337d5dd9bd6c48c0118893907f01b0b9ffbd20
push-v3,211,17,Clean repeat,98012,1,1,31690a47974ccd46e4f65457d6d1309e37a75a7eee7dc0177e7e00127eaea271,3e0d6dba00c03f22e23ca83f8a24e9f2c96270279af182b7114884eb29bf082a
push-v3,211,17,Clean repeat,98013,1,1,31690a47974ccd46e4f65457d6d1309e37a75a7eee7dc0177e7e00127eaea271,4bf63f430024b753df2cacfbdf4b6b278e2e38eeb80dd783137e4dd8bccfdb1f
push-v3,211,17,Clean repeat,98014,1,0,31690a47974ccd46e4f65457d6d1309e37a75a7eee7dc0177e7e00127eaea271,0831c28c8874d390db57b5da41a63d5124d6a0706957b68a0195ebaacb5fa2d4
push-v3,211,17,Clean repeat,98015,1,1,31690a47974ccd46e4f65457d6d1309e37a75a7eee7dc0177e7e00127eaea271,99740bebe159cf95246c15f21fca21ce6ccde476e5516ff18ffcbb8508cb87dc
push-v3,211,17,Clean repeat,98016,1,1,31690a47974ccd46e4f65457d6d1309e37a75a7eee7dc0177e7e00127eaea271,ece2d5d9714ea0b35426a98c5079173bd9014091c5f15e74a683b0d37d49bc03
push-v3,211,17,Clean repeat,98017,1,1,31690a47974ccd46e4f65457d6d1309e37a75a7eee7dc0177e7e00127eaea271,e63dbb8ca419166b670db655a073806e5d214fb1cbf0c9a1e39a1cfada4eb5f9
push-v3,211,17,Clean repeat,98018,1,1,31690a47974ccd46e4f65457d6d1309e37a75a7eee7dc0177e7e00127eaea271,b2c5e6592abce1d2a0feadf12db3449c9a93f7f63f69217d5d1fa4fe8b016de0
push-v3,211,17,Clean repeat,98019,1,1,31690a47974ccd46e4f65457d6d1309e37a75a7eee7dc0177e7e00127eaea271,050539c050d0154cbc42fb1e9dbb8d0c0b0d48ba0828994f50a0d00eb795a567
push-v3,211,17,Gaussian recovery,98000,1,1,de6aae6c35019e97d49e14be1316689f6bcfb1f59399a55c44e96f53f8bcaeaa,53270ec7ad3ba7ef76b23d8800002f27a1e9ee1c4a671a30ba7f860eb5becc1c
push-v3,211,17,Gaussian recovery,98001,1,1,de6aae6c35019e97d49e14be1316689f6bcfb1f59399a55c44e96f53f8bcaeaa,e240889de4cf7c20bc734b34a95b4460236bc3bfd985899f22b1de1e9a2dc2a0
push-v3,211,17,Gaussian recovery,98002,1,1,de6aae6c35019e97d49e14be1316689f6bcfb1f59399a55c44e96f53f8bcaeaa,6bd883bd1b96e2c52a968dd31045db1e0479c8dd0ae0cb7cd0a9382bcca63466
push-v3,211,17,Gaussian recovery,98003,0,0,de6aae6c35019e97d49e14be1316689f6bcfb1f59399a55c44e96f53f8bcaeaa,eeea05d50dbce709abc17c8728ffdd608ffcad4bebdb1843b38a6ddb03ddf123
push-v3,211,17,Gaussian recovery,98004,1,1,de6aae6c35019e97d49e14be1316689f6bcfb1f59399a55c44e96f53f8bcaeaa,af3f4fb6d503c4df1028876b324af96f0b736d79a3d5f861e055a340da8a8ba6
push-v3,211,17,Gaussian recovery,98005,1,1,de6aae6c35019e97d49e14be1316689f6bcfb1f59399a55c44e96f53f8bcaeaa,d38d588d6418736460a47de7957baaa24075b1b562aaf0dbd3c474b5bc564e2d
push-v3,211,17,Gaussian recovery,98006,1,1,de6aae6c35019e97d49e14be1316689f6bcfb1f59399a55c44e96f53f8bcaeaa,420c373c1d3f59c5f28e08429f7a30b9e441ef27718d3995a80dfe604b579aed
push-v3,211,17,Gaussian recovery,98007,1,1,de6aae6c35019e97d49e14be1316689f6bcfb1f59399a55c44e96f53f8bcaeaa,6758f3916672b2a81b79498a58f12568fb431dd06e92c0224ebe940edf031151
push-v3,211,17,Gaussian recovery,98008,1,1,de6aae6c35019e97d49e14be1316689f6bcfb1f59399a55c44e96f53f8bcaeaa,165f0e61fae871ab0287281364a5de1e82515f49eb6adba51ac4b41a96c18f23
push-v3,211,17,Gaussian recovery,98009,0,0,de6aae6c35019e97d49e14be1316689f6bcfb1f59399a55c44e96f53f8bcaeaa,703c0f38699e9b8378726ce98d99ce6207e98f965ba913dad11daca26fa9fce5
push-v3,211,17,Gaussian recovery,98010,1,1,de6aae6c35019e97d49e14be1316689f6bcfb1f59399a55c44e96f53f8bcaeaa,bd9107a52ee6447fb0aba785a7064780de3747fb6e57889e896b77a216e5f279
push-v3,211,17,Gaussian recovery,98011,1,1,de6aae6c35019e97d49e14be1316689f6bcfb1f59399a55c44e96f53f8bcaeaa,58f5f78bd46758ef505e652d2cdf857633f0af69805d37578105c87785efba14
push-v3,211,17,Gaussian recovery,98012,1,1,de6aae6c35019e97d49e14be1316689f6bcfb1f59399a55c44e96f53f8bcaeaa,43342dc1cff8357bc58e954d73c973b4c2b95ae8d41300d32a8a72a9fc26251e
push-v3,211,17,Gaussian recovery,98013,1,1,de6aae6c35019e97d49e14be1316689f6bcfb1f59399a55c44e96f53f8bcaeaa,35a56ba7d331e222c70fbea39d56f2292139beb90d61412b1ffbea485de6fae3
push-v3,211,17,Gaussian recovery,98014,1,1,de6aae6c35019e97d49e14be1316689f6bcfb1f59399a55c44e96f53f8bcaeaa,26f431c84539782ab87c5a15115295a14c8273b54df4886f581c7ab5f4d479c4
push-v3,211,17,Gaussian recovery,98015,1,1,de6aae6c35019e97d49e14be1316689f6bcfb1f59399a55c44e96f53f8bcaeaa,86014bbd6d202b9bdc4dd4bf5a1956e4b45ca26f2983824e90685db05fa6cd2e
push-v3,211,17,Gaussian recovery,98016,1,1,de6aae6c35019e97d49e14be1316689f6bcfb1f59399a55c44e96f53f8bcaeaa,37647ca204fc946e57f05c4d8dd4fcba93dbf43734201eb9f06e9a6a948d4087
push-v3,211,17,Gaussian recovery,98017,1,1,de6aae6c35019e97d49e14be1316689f6bcfb1f59399a55c44e96f53f8bcaeaa,261e9a384e23a40ea52a9720f62919728495aa4b6113917ff4402b19c8a32615
push-v3,211,17,Gaussian recovery,98018,1,1,de6aae6c35019e97d49e14be1316689f6bcfb1f59399a55c44e96f53f8bcaeaa,06676fb76c1543c8f4513fe10d4fc48c265b44c777ad367c6d6129a2c597b3da
push-v3,211,17,Gaussian recovery,98019,1,1,de6aae6c35019e97d49e14be1316689f6bcfb1f59399a55c44e96f53f8bcaeaa,dd75e21380a94719b1f167dee7d65d5fb68af7aea075fe7cde30702b0f9f81e0
push-v3,211,17,SCANA-R,98000,1,1,e79505a20300591f03936f65260c4f423b83ae21b910fcc303f9736a1e686042,5275e6fac21d218d086a55cefab969daa44e1dbdf2bbc8889dafc3e0db6fc1f7
push-v3,211,17,SCANA-R,98001,1,1,e79505a20300591f03936f65260c4f423b83ae21b910fcc303f9736a1e686042,bd9ad808d00beb745de54ec8980a8a7ab23360b8967d559baf916c3ffd1baf1b
push-v3,211,17,SCANA-R,98002,1,1,e79505a20300591f03936f65260c4f423b83ae21b910fcc303f9736a1e686042,14be92ba3b2da84bd8204749cf06fc7f06cd632d76e8dbac3ab028bd3441ba7f
push-v3,211,17,SCANA-R,98003,1,1,e79505a20300591f03936f65260c4f423b83ae21b910fcc303f9736a1e686042,a521a6b8e82a02a5d39b68267f8ce9a410eca62b0b73d4746484cde89f516477
push-v3,211,17,SCANA-R,98004,1,1,e79505a20300591f03936f65260c4f423b83ae21b910fcc303f9736a1e686042,b51dba57f41f689a5d1abcf488696d2c7d2bd21c975c59764376214993e80c0d
push-v3,211,17,SCANA-R,98005,1,1,e79505a20300591f03936f65260c4f423b83ae21b910fcc303f9736a1e686042,d8ba543f75cfef6272bb88a128065159f4da29fa6d82ed77def49881404b74ae
push-v3,211,17,SCANA-R,98006,1,1,e79505a20300591f03936f65260c4f423b83ae21b910fcc303f9736a1e686042,bf5ec9b8956a4718a60760627a1732508222e94d610d850a15a49d7c2526fe59
push-v3,211,17,SCANA-R,98007,1,1,e79505a20300591f03936f65260c4f423b83ae21b910fcc303f9736a1e686042,6b5898f962ba74e1d524d8d8dcb9965a4fc11add5c56b255f751d9c7a63550b4
push-v3,211,17,SCANA-R,98008,1,1,e79505a20300591f03936f65260c4f423b83ae21b910fcc303f9736a1e686042,3d53b957f457846cffdfc3cccb5448f8738f22989a19ebdd03e13254dbc7a4cd
push-v3,211,17,SCANA-R,98009,0,0,e79505a20300591f03936f65260c4f423b83ae21b910fcc303f9736a1e686042,3cd361689641d01b0cc9c068de8ce19e5f55ca82d4ef30273ce485c8abc89f16
push-v3,211,17,SCANA-R,98010,1,1,e79505a20300591f03936f65260c4f423b83ae21b910fcc303f9736a1e686042,1974ad7bab7c94779d87b09f3c6983de462c31ebc65dc1674e795eb33053bd9a
push-v3,211,17,SCANA-R,98011,1,1,e79505a20300591f03936f65260c4f423b83ae21b910fcc303f9736a1e686042,7af1106023096bd5446182bf050f7db7b3b26c32d6e29fa930db9f238f73dde6
push-v3,211,17,SCANA-R,98012,1,0,e79505a20300591f03936f65260c4f423b83ae21b910fcc303f9736a1e686042,563316394bc0e423769c1645ea084439a766c581249a4bf010b3cad34e64231f
push-v3,211,17,SCANA-R,98013,1,1,e79505a20300591f03936f65260c4f423b83ae21b910fcc303f9736a1e686042,3db076deaced67af1300b19cb5cf4bfc94a3470bddb8761f5ede1cb5b87eb716
push-v3,211,17,SCANA-R,98014,1,1,e79505a20300591f03936f65260c4f423b83ae21b910fcc303f9736a1e686042,b904cfe6cbcd157173f751b885d2338262ceb687a095d1713485b2c061fe13cb
push-v3,211,17,SCANA-R,98015,1,1,e79505a20300591f03936f65260c4f423b83ae21b910fcc303f9736a1e686042,8e23fd5981e53bf8a9d0d8ee9835e8f8ead273a639e3bcb7756a28524a9eb09f
push-v3,211,17,SCANA-R,98016,1,1,e79505a20300591f03936f65260c4f423b83ae21b910fcc303f9736a1e686042,ab7ef3be71fdc3ec09a91c6515100206c1d32cd43260b5f43c834ee8f31644e1
push-v3,211,17,SCANA-R,98017,1,1,e79505a20300591f03936f65260c4f423b83ae21b910fcc303f9736a1e686042,8448df2db6e97d991361ed749330d678fc48359822146a0bc255e19ad1aa26a7
push-v3,211,17,SCANA-R,98018,1,1,e79505a20300591f03936f65260c4f423b83ae21b910fcc303f9736a1e686042,380b030cb7d554cfc8b3b3b361f6846d5da2f82d529a3f1a86b3b02b3ae8266c
push-v3,211,17,SCANA-R,98019,1,1,e79505a20300591f03936f65260c4f423b83ae21b910fcc303f9736a1e686042,accc9940a9fdcb7adaf66ed8804c73efff1cd427815f3d32388c4d29bd3d5247
push-v3,211,29,Clean repeat,98000,1,1,3518cf1a8f63cee771bc28a95d8ec89c33a1f88f17e59eebb4671df2690d9a30,d1510875093436e551d5966494b53fed996385e5c61126dcaca0f48fca4d6f57
push-v3,211,29,Clean repeat,98001,1,1,3518cf1a8f63cee771bc28a95d8ec89c33a1f88f17e59eebb4671df2690d9a30,c80af75477999de07f8ae1305fd7026ac38b777dd64e3037d70383e0c3a9497a
push-v3,211,29,Clean repeat,98002,1,1,3518cf1a8f63cee771bc28a95d8ec89c33a1f88f17e59eebb4671df2690d9a30,c1b8549b196a756900ee7ef9f7bbe607bf6bb4e30fe5ca7f7de347128d916d9b
push-v3,211,29,Clean repeat,98003,1,1,3518cf1a8f63cee771bc28a95d8ec89c33a1f88f17e59eebb4671df2690d9a30,8b437382e1325d13a695153fb7450d0971783c388c2f55b9ebe453a85b326a86
push-v3,211,29,Clean repeat,98004,1,1,3518cf1a8f63cee771bc28a95d8ec89c33a1f88f17e59eebb4671df2690d9a30,b4129c72245e6a121c89420ab3d744f7d72dc5c19199169f7d5757dfaa35e257
push-v3,211,29,Clean repeat,98005,1,1,3518cf1a8f63cee771bc28a95d8ec89c33a1f88f17e59eebb4671df2690d9a30,40d6e1095393bd21cb8816a9c28e45c7a67d0c58d2255c68eb6ae19ee9f813b9
push-v3,211,29,Clean repeat,98006,1,1,3518cf1a8f63cee771bc28a95d8ec89c33a1f88f17e59eebb4671df2690d9a30,0b6555778612e7c328676b83325812a5c03b88af59055932ab94c8dd2dc2b3c2
push-v3,211,29,Clean repeat,98007,1,1,3518cf1a8f63cee771bc28a95d8ec89c33a1f88f17e59eebb4671df2690d9a30,6a36a145df46066d61bafdfa69a5b5fe2a2d247917709b10cf046cd2bfa1627f
push-v3,211,29,Clean repeat,98008,1,0,3518cf1a8f63cee771bc28a95d8ec89c33a1f88f17e59eebb4671df2690d9a30,aac0d4674dcb880c86509d8b52fa2ce1f112fbe4bce11c6b6f46bebc50495bec
push-v3,211,29,Clean repeat,98009,1,1,3518cf1a8f63cee771bc28a95d8ec89c33a1f88f17e59eebb4671df2690d9a30,5de315af391ab5ab18a8b1a6fc1282e0b7f86125a6c01ca54370df8e70fce112
push-v3,211,29,Clean repeat,98010,1,1,3518cf1a8f63cee771bc28a95d8ec89c33a1f88f17e59eebb4671df2690d9a30,2a65803cd0caccae5a1c3ff68930d8dc289347252c81cac568dfc79d372e8852
push-v3,211,29,Clean repeat,98011,1,1,3518cf1a8f63cee771bc28a95d8ec89c33a1f88f17e59eebb4671df2690d9a30,871aad9772a64fdb3bfc1c608137abf337a86673452b47a1da0171385c03147f
push-v3,211,29,Clean repeat,98012,1,1,3518cf1a8f63cee771bc28a95d8ec89c33a1f88f17e59eebb4671df2690d9a30,366e54a20a7b1aa8865993db686cd69a2f1b3a7e6cb389992e706fee3d3c6b58
push-v3,211,29,Clean repeat,98013,1,1,3518cf1a8f63cee771bc28a95d8ec89c33a1f88f17e59eebb4671df2690d9a30,7a167e8b7b0baa78a818d718c65c6715c035261b24ced39f948ee71008aa4833
push-v3,211,29,Clean repeat,98014,1,1,3518cf1a8f63cee771bc28a95d8ec89c33a1f88f17e59eebb4671df2690d9a30,4273806b8392fe1e1943ea89e0db5c07f0918d07807684fc55570f50cca7b051
push-v3,211,29,Clean repeat,98015,1,0,3518cf1a8f63cee771bc28a95d8ec89c33a1f88f17e59eebb4671df2690d9a30,03ed0e32cad3fc036c449a1c7b2721ef174002c6b0fac6dfd9ed29ccfa1d5c47
push-v3,211,29,Clean repeat,98016,1,1,3518cf1a8f63cee771bc28a95d8ec89c33a1f88f17e59eebb4671df2690d9a30,479387f9d0ec92346e0db577ba4966185522ee4d5b4796570b67fd02d7437308
push-v3,211,29,Clean repeat,98017,1,1,3518cf1a8f63cee771bc28a95d8ec89c33a1f88f17e59eebb4671df2690d9a30,ad80c90e806e05ca513fc0aa91791a7659ecf43fc67630f3f1036355df146f02
push-v3,211,29,Clean repeat,98018,1,1,3518cf1a8f63cee771bc28a95d8ec89c33a1f88f17e59eebb4671df2690d9a30,7c125f2461501e7d06e7e08543ed85917c3e51b94dfc7e34c6cdd1c734d1f554
push-v3,211,29,Clean repeat,98019,1,1,3518cf1a8f63cee771bc28a95d8ec89c33a1f88f17e59eebb4671df2690d9a30,446768644309d11f4a8ca384bf02edc4612dd02073795bfd384e720da34cff06
push-v3,211,29,Gaussian recovery,98000,0,0,0c5982e5ebcb2d9f0a8241b2aab0986cb2fc006bd1f5d9d9ce15ebeed96f0c27,0d0d1821149ad6ba58821c91c4f4fdf67910593db2cc09472ef051a1319ee641
push-v3,211,29,Gaussian recovery,98001,1,1,0c5982e5ebcb2d9f0a8241b2aab0986cb2fc006bd1f5d9d9ce15ebeed96f0c27,0d8ca3dde705d3668bf3898e8ae4c3080b1eaaffa7da82be69eaead6ff25259d
push-v3,211,29,Gaussian recovery,98002,1,1,0c5982e5ebcb2d9f0a8241b2aab0986cb2fc006bd1f5d9d9ce15ebeed96f0c27,10e036bee7d7a152cdb1476117fa407e252ef9cacf5e7e3c0f459027904aaff4
push-v3,211,29,Gaussian recovery,98003,1,1,0c5982e5ebcb2d9f0a8241b2aab0986cb2fc006bd1f5d9d9ce15ebeed96f0c27,2285653cc4b7ff800987805618293d12749e2cf041d233f39fee0f335c47bcae
push-v3,211,29,Gaussian recovery,98004,1,1,0c5982e5ebcb2d9f0a8241b2aab0986cb2fc006bd1f5d9d9ce15ebeed96f0c27,4be1def61b5cb74ad18ff413e1fcb2fe39d04d1a6797b8811435177055efa02f
push-v3,211,29,Gaussian recovery,98005,1,1,0c5982e5ebcb2d9f0a8241b2aab0986cb2fc006bd1f5d9d9ce15ebeed96f0c27,2ae82335ab47ee73da4959467d1cfc8bcbdb5e0c282111c06bd0670f3b0d5364
push-v3,211,29,Gaussian recovery,98006,1,1,0c5982e5ebcb2d9f0a8241b2aab0986cb2fc006bd1f5d9d9ce15ebeed96f0c27,102da447d1ce54afa6b33351e146fd4553812d2c3f3d35e1fa69afaca0e5ca2c
push-v3,211,29,Gaussian recovery,98007,1,1,0c5982e5ebcb2d9f0a8241b2aab0986cb2fc006bd1f5d9d9ce15ebeed96f0c27,8b288ba09c4f8750a000534f92bcaf89479d30824ee45fada38f3d98327f46e2
push-v3,211,29,Gaussian recovery,98008,1,1,0c5982e5ebcb2d9f0a8241b2aab0986cb2fc006bd1f5d9d9ce15ebeed96f0c27,d78484beb098bcb4aa2b39c09c81df538360a144a549e3060ec139daa8418c0f
push-v3,211,29,Gaussian recovery,98009,0,0,0c5982e5ebcb2d9f0a8241b2aab0986cb2fc006bd1f5d9d9ce15ebeed96f0c27,94404e0fc1c1660de79847d9cf2c2bf1a8dd77ccc3c6c98adb864b4faaf3598a
push-v3,211,29,Gaussian recovery,98010,1,1,0c5982e5ebcb2d9f0a8241b2aab0986cb2fc006bd1f5d9d9ce15ebeed96f0c27,005f4c7119da7f424a4791f6cbb4924ec3cd8b9fef1fd990308cfd52baaf707f
push-v3,211,29,Gaussian recovery,98011,1,1,0c5982e5ebcb2d9f0a8241b2aab0986cb2fc006bd1f5d9d9ce15ebeed96f0c27,6c4c033865bd23ef0b3bb634754bb785ed0d55f1fae7e79df8fa01a54b0da821
push-v3,211,29,Gaussian recovery,98012,1,1,0c5982e5ebcb2d9f0a8241b2aab0986cb2fc006bd1f5d9d9ce15ebeed96f0c27,ee0f32647556215b1e989123ad9333c04d9d3904898bc9769c6a60a93deec58f
push-v3,211,29,Gaussian recovery,98013,1,1,0c5982e5ebcb2d9f0a8241b2aab0986cb2fc006bd1f5d9d9ce15ebeed96f0c27,85d346493d73b7af0864abb9be44ea8cf4b1b0795b395ba59caa9eebc4c9f297
push-v3,211,29,Gaussian recovery,98014,0,0,0c5982e5ebcb2d9f0a8241b2aab0986cb2fc006bd1f5d9d9ce15ebeed96f0c27,ed6a7b771cec03fd06b9778889309c55f9e62f9088222739b7391a560e5afe9c
push-v3,211,29,Gaussian recovery,98015,1,1,0c5982e5ebcb2d9f0a8241b2aab0986cb2fc006bd1f5d9d9ce15ebeed96f0c27,0b30627f95a3f06e06c2bb6cfeeeb3416ffcc6c3b2220e81d44d2100e9351654
push-v3,211,29,Gaussian recovery,98016,1,1,0c5982e5ebcb2d9f0a8241b2aab0986cb2fc006bd1f5d9d9ce15ebeed96f0c27,171c2c3ac5396442784b7167b2fb33b65eed49d1c0ac23755c29918b02304446
push-v3,211,29,Gaussian recovery,98017,0,0,0c5982e5ebcb2d9f0a8241b2aab0986cb2fc006bd1f5d9d9ce15ebeed96f0c27,a52461b2d6dedb4bd7eef276ea2ded340e49a95678bb99c1dfcddbc0434467bb
push-v3,211,29,Gaussian recovery,98018,0,0,0c5982e5ebcb2d9f0a8241b2aab0986cb2fc006bd1f5d9d9ce15ebeed96f0c27,ec0b22e3ca483d25ae23b187889c7a0421aff855b46182b470e2e89e79aad1ed
push-v3,211,29,Gaussian recovery,98019,1,1,0c5982e5ebcb2d9f0a8241b2aab0986cb2fc006bd1f5d9d9ce15ebeed96f0c27,e2a6a4a3826e6229f52f9e1d1f0a878f2c45059de1ebb57b8a45c8622b92faa7
push-v3,211,29,SCANA-R,98000,0,0,7b615d48a1367f5647565d84f857572e5aad2ba024daadc12bc24df57aba6769,ea73f61587327989e74324ba02186d79923f90eeb66abe75b9e1901d2b13906a
push-v3,211,29,SCANA-R,98001,1,1,7b615d48a1367f5647565d84f857572e5aad2ba024daadc12bc24df57aba6769,d949c106faa18b11789b48d9b4a1c9150b49da06595535e1da564cea832c6ff5
push-v3,211,29,SCANA-R,98002,1,1,7b615d48a1367f5647565d84f857572e5aad2ba024daadc12bc24df57aba6769,88185931ceafff4697f96cf2ed801236a7c84c9710f044a972815e515b44fbfe
push-v3,211,29,SCANA-R,98003,1,1,7b615d48a1367f5647565d84f857572e5aad2ba024daadc12bc24df57aba6769,98afaa391632056e7a79c910dc83c0f5815f608291d53c5b40d01a02c77ace65
push-v3,211,29,SCANA-R,98004,1,1,7b615d48a1367f5647565d84f857572e5aad2ba024daadc12bc24df57aba6769,3714ee1eb41218fde349f61b7438e98a23b7ccf33bbad94b05090569fdba8cff
push-v3,211,29,SCANA-R,98005,1,1,7b615d48a1367f5647565d84f857572e5aad2ba024daadc12bc24df57aba6769,bd53aa5389299caee4a8fe51bd1bb56712d7fafdfd38bc1423f1c6aaf00272ee
push-v3,211,29,SCANA-R,98006,1,1,7b615d48a1367f5647565d84f857572e5aad2ba024daadc12bc24df57aba6769,43e4557dc7fa2e620b1034b17ce853d4ef43e8918893a5f9bda2751521e3fcea
push-v3,211,29,SCANA-R,98007,1,1,7b615d48a1367f5647565d84f857572e5aad2ba024daadc12bc24df57aba6769,9917249db5aa1de13b95416c0a48d71a48813c3f7407d226c8dddcdf84907c62
push-v3,211,29,SCANA-R,98008,1,1,7b615d48a1367f5647565d84f857572e5aad2ba024daadc12bc24df57aba6769,d6c769169cea7803127c121a02b7e75f78cba801c15f3481205de6d4cabf2750
push-v3,211,29,SCANA-R,98009,0,0,7b615d48a1367f5647565d84f857572e5aad2ba024daadc12bc24df57aba6769,6c29c6f369227ad3ad0912c092f16b1257a9a8a0c745f0f3d597047d0a7ec46d
push-v3,211,29,SCANA-R,98010,1,1,7b615d48a1367f5647565d84f857572e5aad2ba024daadc12bc24df57aba6769,c101315868b705f4a2f12367d4c5a2e39b246c1833560f033c832bce5c29ae07
push-v3,211,29,SCANA-R,98011,1,1,7b615d48a1367f5647565d84f857572e5aad2ba024daadc12bc24df57aba6769,79d47ce1d08a4e02fc7ef9b1a357d5ed3fdd2049d3975430229502e43ae6b311
push-v3,211,29,SCANA-R,98012,1,1,7b615d48a1367f5647565d84f857572e5aad2ba024daadc12bc24df57aba6769,2a7dfe907489df98cc9ec48fd4779186e8d750031d9f7008e453c0891c7322d6
push-v3,211,29,SCANA-R,98013,1,1,7b615d48a1367f5647565d84f857572e5aad2ba024daadc12bc24df57aba6769,0b0f122368b4dea3d0a3e2da29c526f0ed5e1359d01b59613912874a3cac1cd3
push-v3,211,29,SCANA-R,98014,1,1,7b615d48a1367f5647565d84f857572e5aad2ba024daadc12bc24df57aba6769,35a21602eb0133863fdfc91e2ea369165872836fee5ec4c1639a595679219cf4
push-v3,211,29,SCANA-R,98015,1,1,7b615d48a1367f5647565d84f857572e5aad2ba024daadc12bc24df57aba6769,31b888059468e10642e3d21087382d502024cc4076f3302a1d6bed5cb2509470
push-v3,211,29,SCANA-R,98016,1,1,7b615d48a1367f5647565d84f857572e5aad2ba024daadc12bc24df57aba6769,a73439be9886930baa91c056248cc7ce61f8b75090b10dd751ec8be9d31ca767
push-v3,211,29,SCANA-R,98017,1,1,7b615d48a1367f5647565d84f857572e5aad2ba024daadc12bc24df57aba6769,00be40426a4dc81fbc8a46fb34cc89f797c5a05ea5e125b83655e16ba36271e3
push-v3,211,29,SCANA-R,98018,1,1,7b615d48a1367f5647565d84f857572e5aad2ba024daadc12bc24df57aba6769,175ff491b8e7f367b21b15d81718388254b0a0f69fbaba03311a5459b5bd030c
push-v3,211,29,SCANA-R,98019,1,1,7b615d48a1367f5647565d84f857572e5aad2ba024daadc12bc24df57aba6769,5fb22a4a422ca4c528aaadc53188ca298ebf7aa2e5480dd3e62feffbc51b501a
push-v3,211,43,Clean repeat,98000,0,0,e37130466b8fcd7ca2fb3e70612f5d03f8d9843984881b2e695340f93c852027,55a08107fe0a7e71ee73ed6a85f022022af8e8c5aa1b083d8739e2008584a1c4
push-v3,211,43,Clean repeat,98001,1,0,e37130466b8fcd7ca2fb3e70612f5d03f8d9843984881b2e695340f93c852027,2384a680db16cff34e156588d198758f5b2164c8256aa3499c0069325d4c6dec
push-v3,211,43,Clean repeat,98002,1,1,e37130466b8fcd7ca2fb3e70612f5d03f8d9843984881b2e695340f93c852027,1d30a1b3ccd432c5e01433626031707878885fa2e35e65221ef96d1a60c2ba0c
push-v3,211,43,Clean repeat,98003,1,1,e37130466b8fcd7ca2fb3e70612f5d03f8d9843984881b2e695340f93c852027,48927d30815e493bd98448040c15eb2a33b5c00dad2ae9683555c40ba4417996
push-v3,211,43,Clean repeat,98004,1,1,e37130466b8fcd7ca2fb3e70612f5d03f8d9843984881b2e695340f93c852027,cdea1829865673f5432763c2ff7e7dd72978338e258bec09a62fc6e614a9594a
push-v3,211,43,Clean repeat,98005,1,1,e37130466b8fcd7ca2fb3e70612f5d03f8d9843984881b2e695340f93c852027,ca09be0aeabab7e34bf1f0e16031954c3d7900aabbd5abc09f3fbc3e4d6e69bf
push-v3,211,43,Clean repeat,98006,1,0,e37130466b8fcd7ca2fb3e70612f5d03f8d9843984881b2e695340f93c852027,c9a575ae70199aa12763c2b031f09c2b1bf490b5d3ed3fe5374d665e61be7bf6
push-v3,211,43,Clean repeat,98007,1,1,e37130466b8fcd7ca2fb3e70612f5d03f8d9843984881b2e695340f93c852027,2c376107a2171922399b033fa09f7f538cad9aa54ea7fbe48705c02afb2d993d
push-v3,211,43,Clean repeat,98008,1,0,e37130466b8fcd7ca2fb3e70612f5d03f8d9843984881b2e695340f93c852027,7046400b07af67b367eea465b9fec3e79cf8b65da21351426e4e08d29dcb7610
push-v3,211,43,Clean repeat,98009,1,1,e37130466b8fcd7ca2fb3e70612f5d03f8d9843984881b2e695340f93c852027,fec35e0df9c5839dc05f61866bcc1b738424f14b5e22b2f9ab0756475ee94778
push-v3,211,43,Clean repeat,98010,1,1,e37130466b8fcd7ca2fb3e70612f5d03f8d9843984881b2e695340f93c852027,9919c414ec1a51800e4cc4bf796c84e68d13b378a52641390cfe3907b72ee470
push-v3,211,43,Clean repeat,98011,1,1,e37130466b8fcd7ca2fb3e70612f5d03f8d9843984881b2e695340f93c852027,ee32130347dfb5ad48ce62ad95b8e65279be8cb15e0d4110d96ad8c2cccb3435
push-v3,211,43,Clean repeat,98012,1,1,e37130466b8fcd7ca2fb3e70612f5d03f8d9843984881b2e695340f93c852027,6124021227718e995dde94808de89700fc39d571dde157ef057bd75b5a0b55ac
push-v3,211,43,Clean repeat,98013,1,1,e37130466b8fcd7ca2fb3e70612f5d03f8d9843984881b2e695340f93c852027,88d76328be3b712e42611fedc7c7105d281e8d413845e825b4c70fd258e05ae1
push-v3,211,43,Clean repeat,98014,1,0,e37130466b8fcd7ca2fb3e70612f5d03f8d9843984881b2e695340f93c852027,064f90bd70f047a2d71431a4f29d8ebd8a8a08b52f7457f09e082f0056da5220
push-v3,211,43,Clean repeat,98015,1,0,e37130466b8fcd7ca2fb3e70612f5d03f8d9843984881b2e695340f93c852027,42d81be41c65a43529e7f68e42f87be3908a5eaf3c412b26f4ac36cd6afafdf3
push-v3,211,43,Clean repeat,98016,1,1,e37130466b8fcd7ca2fb3e70612f5d03f8d9843984881b2e695340f93c852027,cabcd8075de52cda17be32d41104ba24228f47b9f21005a84aa7b82b5fb83837
push-v3,211,43,Clean repeat,98017,1,1,e37130466b8fcd7ca2fb3e70612f5d03f8d9843984881b2e695340f93c852027,c21a5fe28d55ff0c90e86e563cb7c6d6ce421e2ed80480a892fdf70cac3b798e
push-v3,211,43,Clean repeat,98018,1,1,e37130466b8fcd7ca2fb3e70612f5d03f8d9843984881b2e695340f93c852027,9c8a977a8c051165bcd7506c2104e2aa76fe5a7354ec7fcd9bef3bb0dc3d186b
push-v3,211,43,Clean repeat,98019,1,1,e37130466b8fcd7ca2fb3e70612f5d03f8d9843984881b2e695340f93c852027,4d291600111c7ac1107d4a91bbc1814b23bdecdbc6e3aea037a2563aad424d25
push-v3,211,43,Gaussian recovery,98000,0,0,d0b13caaf1054c651afa1a2e60ffbf90d41c7bfa608b78bd946e0d08f03f55c7,27a4235cb815fda57ea1e509db537fb14079bdd5753edc4523d97305970ced4d
push-v3,211,43,Gaussian recovery,98001,1,1,d0b13caaf1054c651afa1a2e60ffbf90d41c7bfa608b78bd946e0d08f03f55c7,96d260f280de05ce5f2ac2edc49ee6ec54c527728e080e90b12e3d79bb94bc43
push-v3,211,43,Gaussian recovery,98002,0,0,d0b13caaf1054c651afa1a2e60ffbf90d41c7bfa608b78bd946e0d08f03f55c7,eed79e4e9e348a03ed0bb52e085934686dcfcdaebc45de5c24ac87c6a99012ea
push-v3,211,43,Gaussian recovery,98003,1,1,d0b13caaf1054c651afa1a2e60ffbf90d41c7bfa608b78bd946e0d08f03f55c7,59bdfcbb58238c2561c3725780af5a74186231f284f0681f2971f9d1b911408b
push-v3,211,43,Gaussian recovery,98004,0,0,d0b13caaf1054c651afa1a2e60ffbf90d41c7bfa608b78bd946e0d08f03f55c7,323e8a7b5708d0d4c9c3d0f04672f76945924d413339a6442543239eb186f75b
push-v3,211,43,Gaussian recovery,98005,0,0,d0b13caaf1054c651afa1a2e60ffbf90d41c7bfa608b78bd946e0d08f03f55c7,da6c50ed834a54d98e0348e3feac66b19e85f21cfcf4c0bf6dcd49d854bb82b4
push-v3,211,43,Gaussian recovery,98006,1,1,d0b13caaf1054c651afa1a2e60ffbf90d41c7bfa608b78bd946e0d08f03f55c7,a0ea12ae64ef0540ccf046dde8e184ba45c3da9459886d1970daa5e73e34eece
push-v3,211,43,Gaussian recovery,98007,1,1,d0b13caaf1054c651afa1a2e60ffbf90d41c7bfa608b78bd946e0d08f03f55c7,2a1270eb3cd78c6b28082e810d3c304aee6802c0620f83236a43bc006de93a1a
push-v3,211,43,Gaussian recovery,98008,1,1,d0b13caaf1054c651afa1a2e60ffbf90d41c7bfa608b78bd946e0d08f03f55c7,70bf181061fa50da7c89a0e754fa882cae7589dfa62fa0c03032b7e2ff7331df
push-v3,211,43,Gaussian recovery,98009,0,0,d0b13caaf1054c651afa1a2e60ffbf90d41c7bfa608b78bd946e0d08f03f55c7,6a1954a1b3cdfadef0fa7304da11f430ae3a6be779544f22b1bb18738c98c72d
push-v3,211,43,Gaussian recovery,98010,1,1,d0b13caaf1054c651afa1a2e60ffbf90d41c7bfa608b78bd946e0d08f03f55c7,fc61341802afc8d2daf94360fb7bae40d4efeb1272fba677e0fa76219a274a7f
push-v3,211,43,Gaussian recovery,98011,1,1,d0b13caaf1054c651afa1a2e60ffbf90d41c7bfa608b78bd946e0d08f03f55c7,9966bdf442e93cee9c14537cd0b1afe10a7f0d4f466898a2d7cee8c788c20559
push-v3,211,43,Gaussian recovery,98012,0,0,d0b13caaf1054c651afa1a2e60ffbf90d41c7bfa608b78bd946e0d08f03f55c7,f3f64fcf145e04d30508d52aa962a1649a02156af06f9be871a0da74ebd4e9b7
push-v3,211,43,Gaussian recovery,98013,0,0,d0b13caaf1054c651afa1a2e60ffbf90d41c7bfa608b78bd946e0d08f03f55c7,4ba10b9b84957911e742fadc480d5e7a6bed017c8ecf0a38b00276b907b06df4
push-v3,211,43,Gaussian recovery,98014,0,0,d0b13caaf1054c651afa1a2e60ffbf90d41c7bfa608b78bd946e0d08f03f55c7,8f4859ac3a5fcadc4ec1ed7f10723bc661695780ae46976b1e4e16b0034939de
push-v3,211,43,Gaussian recovery,98015,1,1,d0b13caaf1054c651afa1a2e60ffbf90d41c7bfa608b78bd946e0d08f03f55c7,4d46e323283cd76b2814551f6f64ced2bfe00d3a20ea12902ef708fff4f3667c
push-v3,211,43,Gaussian recovery,98016,0,0,d0b13caaf1054c651afa1a2e60ffbf90d41c7bfa608b78bd946e0d08f03f55c7,e77dec4bcee78c8daf2eeb46f2ad8303a27ea3b904444a29e5eb204e2b75d041
push-v3,211,43,Gaussian recovery,98017,0,0,d0b13caaf1054c651afa1a2e60ffbf90d41c7bfa608b78bd946e0d08f03f55c7,ebb4eea77e195c01502d8b33df5be358a1aaddb060e524c2006e48b9d7e5a1b5
push-v3,211,43,Gaussian recovery,98018,0,0,d0b13caaf1054c651afa1a2e60ffbf90d41c7bfa608b78bd946e0d08f03f55c7,166b5fcf73570f7795b123fbc8ec46e900578f71aa177bcec7225e6f0b981a07
push-v3,211,43,Gaussian recovery,98019,1,0,d0b13caaf1054c651afa1a2e60ffbf90d41c7bfa608b78bd946e0d08f03f55c7,0e3a0da2eda70d3cc8117c40f1167be3e52e7ca304852f920fe5551132695b91
push-v3,211,43,SCANA-R,98000,0,0,cbca529d629cef0fe0d4f61aa41847ccb11dff836c8736beba95d4d18d8739ef,6e323b5878c876a0fba033e12fb33e08eb8c2c30956ee2346db14cfce014c47f
push-v3,211,43,SCANA-R,98001,1,1,cbca529d629cef0fe0d4f61aa41847ccb11dff836c8736beba95d4d18d8739ef,6409ffeb77c806d28c5829be7eb4cb108ba7657495f4e87a3481bd390510ee3d
push-v3,211,43,SCANA-R,98002,0,0,cbca529d629cef0fe0d4f61aa41847ccb11dff836c8736beba95d4d18d8739ef,7a8749869e2a8818dfe1d644bbb0d4c59bf7bdc3c53f0820fd2ee20a33f5417a
push-v3,211,43,SCANA-R,98003,1,1,cbca529d629cef0fe0d4f61aa41847ccb11dff836c8736beba95d4d18d8739ef,de5b03d3ae10df3e774276e7a1230e4823e62e6d5f24fa763bbe223d7b867452
push-v3,211,43,SCANA-R,98004,0,0,cbca529d629cef0fe0d4f61aa41847ccb11dff836c8736beba95d4d18d8739ef,b3623071ae0a845a4e57e7fd262cb28968a4397bd57383e8b3e3f9d880046b4f
push-v3,211,43,SCANA-R,98005,0,0,cbca529d629cef0fe0d4f61aa41847ccb11dff836c8736beba95d4d18d8739ef,e9dbde76a4ec19d1c07fb2457d24f5a1cd72778531d208a45736ca91a113df45
push-v3,211,43,SCANA-R,98006,1,1,cbca529d629cef0fe0d4f61aa41847ccb11dff836c8736beba95d4d18d8739ef,0775281e433a15adf50d718e7accca6ed1b860698aaacc6366fbb7f8252db273
push-v3,211,43,SCANA-R,98007,1,1,cbca529d629cef0fe0d4f61aa41847ccb11dff836c8736beba95d4d18d8739ef,050dc6b49e1f9c5d7edb319b19b5dccc9b59b55a4b22286c300e2c23a398d01e
push-v3,211,43,SCANA-R,98008,1,1,cbca529d629cef0fe0d4f61aa41847ccb11dff836c8736beba95d4d18d8739ef,ecbae52ba2513820f3d788d8f9cd46dfe04c430568b6e069f5fc4bfcba26a42b
push-v3,211,43,SCANA-R,98009,0,0,cbca529d629cef0fe0d4f61aa41847ccb11dff836c8736beba95d4d18d8739ef,5daa3dcd904e2a3987c85665d64e0e4f63e517b3ba9b904c93a8d470b336ebd6
push-v3,211,43,SCANA-R,98010,1,1,cbca529d629cef0fe0d4f61aa41847ccb11dff836c8736beba95d4d18d8739ef,e8458ddb58445e1727bad55cc749a9d0713c925bac657502f860c5bad72fdf0c
push-v3,211,43,SCANA-R,98011,1,1,cbca529d629cef0fe0d4f61aa41847ccb11dff836c8736beba95d4d18d8739ef,ef5aaea96a651dfe0f681198c3e7a165b0462eadeac7b2fca06db9dcfa3affed
push-v3,211,43,SCANA-R,98012,0,0,cbca529d629cef0fe0d4f61aa41847ccb11dff836c8736beba95d4d18d8739ef,fc87263afcf27345c38c22ca5bc251d5e1c7b299d51be70f1b01d9c05257e21e
push-v3,211,43,SCANA-R,98013,0,0,cbca529d629cef0fe0d4f61aa41847ccb11dff836c8736beba95d4d18d8739ef,20c81f3ebcc70e0613a7f9becf12d73a18248087731b22bcd4fce8bd990f993c
push-v3,211,43,SCANA-R,98014,0,0,cbca529d629cef0fe0d4f61aa41847ccb11dff836c8736beba95d4d18d8739ef,3f82a9d4460b763646ab2195803ce2913168df5f2c1c6d4159b58af4639623ea
push-v3,211,43,SCANA-R,98015,1,1,cbca529d629cef0fe0d4f61aa41847ccb11dff836c8736beba95d4d18d8739ef,921f880707342f83d4cd4af4a9e675d26d6e96c0acc43b50ce5e8079d4c7cf8e
push-v3,211,43,SCANA-R,98016,0,0,cbca529d629cef0fe0d4f61aa41847ccb11dff836c8736beba95d4d18d8739ef,834fee29566abbd12e7f17dba6034715d750162931c3b1417fd10d94190f3b07
push-v3,211,43,SCANA-R,98017,0,0,cbca529d629cef0fe0d4f61aa41847ccb11dff836c8736beba95d4d18d8739ef,e2e2af9c314717696c9130fe2240095c34d36737896a73d64c64e4abf889d2ce
push-v3,211,43,SCANA-R,98018,1,1,cbca529d629cef0fe0d4f61aa41847ccb11dff836c8736beba95d4d18d8739ef,58547251b1339edbdce91e95893b000c12054e1ec391b1299dd4b0ded6a88b6b
push-v3,211,43,SCANA-R,98019,1,1,cbca529d629cef0fe0d4f61aa41847ccb11dff836c8736beba95d4d18d8739ef,502241417de6bb50008610ef73849bafed5c5bf8cf7fd0710532451dab49d0c3
push-v3,307,17,Clean repeat,98000,1,1,ed7745b1a2093cfc73db89dd4357c43d8072133c16cf92d5bb043eb1aac01d1c,a171f822537fcebf4cd72af95130a3dd114739f5953dd775fc43bfcfba17a1b2
push-v3,307,17,Clean repeat,98001,1,1,ed7745b1a2093cfc73db89dd4357c43d8072133c16cf92d5bb043eb1aac01d1c,0cefb60dc9456cd3e4cba7e7af53c45f0e91362df354989d3219850f7c900212
push-v3,307,17,Clean repeat,98002,1,1,ed7745b1a2093cfc73db89dd4357c43d8072133c16cf92d5bb043eb1aac01d1c,1ed471b1ab04f077aa001b857f935a03c0dcdc92b60cea883539ea08591b0e3b
push-v3,307,17,Clean repeat,98003,1,1,ed7745b1a2093cfc73db89dd4357c43d8072133c16cf92d5bb043eb1aac01d1c,f5439a56a7fa340d320699aa561a60149c8c89d9c1d737fc1ab955a314c49a10
push-v3,307,17,Clean repeat,98004,0,0,ed7745b1a2093cfc73db89dd4357c43d8072133c16cf92d5bb043eb1aac01d1c,54021d62476c9b7a84b59d05f41858f9b73bcf854fe722fa21335f7bdabbfc7d
push-v3,307,17,Clean repeat,98005,1,1,ed7745b1a2093cfc73db89dd4357c43d8072133c16cf92d5bb043eb1aac01d1c,af02fae6af0bb55d5c974943ec881794f46e03d9e4a72790169b1916bb53ce58
push-v3,307,17,Clean repeat,98006,1,1,ed7745b1a2093cfc73db89dd4357c43d8072133c16cf92d5bb043eb1aac01d1c,7e7f3d1d361481f7ecf32b88d283610f07cead210091e82417f5cb94f1e00152
push-v3,307,17,Clean repeat,98007,1,1,ed7745b1a2093cfc73db89dd4357c43d8072133c16cf92d5bb043eb1aac01d1c,022a4c88a52b97347ba3b48eb10503ab0494808eb0cb2fe67e8438cf4c076323
push-v3,307,17,Clean repeat,98008,1,1,ed7745b1a2093cfc73db89dd4357c43d8072133c16cf92d5bb043eb1aac01d1c,faa18c744d3b62390ef2f442d2b4afbab71441ef7f491b276251d551b676b3c5
push-v3,307,17,Clean repeat,98009,0,0,ed7745b1a2093cfc73db89dd4357c43d8072133c16cf92d5bb043eb1aac01d1c,b07133f8388bccb129a811fee0d3ddbe3d14c6e09ca820ee4ca45a4e16fe030c
push-v3,307,17,Clean repeat,98010,1,1,ed7745b1a2093cfc73db89dd4357c43d8072133c16cf92d5bb043eb1aac01d1c,aa9f08992ee0642913684c3b822b051f76dffcd8dc7ea2271052f643e81aec33
push-v3,307,17,Clean repeat,98011,1,1,ed7745b1a2093cfc73db89dd4357c43d8072133c16cf92d5bb043eb1aac01d1c,b0efc9cd615cf88804ba7991273312e63be2053be5cba4bd766c3f134f2f24c5
push-v3,307,17,Clean repeat,98012,1,1,ed7745b1a2093cfc73db89dd4357c43d8072133c16cf92d5bb043eb1aac01d1c,35933fb9d0b4443f8175ad8ca362c597ec8a662fc55d9c108cd134779365d7a4
push-v3,307,17,Clean repeat,98013,1,1,ed7745b1a2093cfc73db89dd4357c43d8072133c16cf92d5bb043eb1aac01d1c,7291c38e0ff58b3628e8528b915feb4f815f27c33f9630e01680ec7ed5fe04ac
push-v3,307,17,Clean repeat,98014,1,1,ed7745b1a2093cfc73db89dd4357c43d8072133c16cf92d5bb043eb1aac01d1c,43dfa84404e33febafb98da9a230044c65957d7d214e6d325ad86da3125073b7
push-v3,307,17,Clean repeat,98015,1,1,ed7745b1a2093cfc73db89dd4357c43d8072133c16cf92d5bb043eb1aac01d1c,53c4ad7259fdcb02a4fa2e5df65597355af5599483e1b7a961b552bf15ffef78
push-v3,307,17,Clean repeat,98016,1,1,ed7745b1a2093cfc73db89dd4357c43d8072133c16cf92d5bb043eb1aac01d1c,57c77a0bc9538cb7890bd5ab15b953298a2bfe4a0a958090f66a7d38fcb4d75f
push-v3,307,17,Clean repeat,98017,1,1,ed7745b1a2093cfc73db89dd4357c43d8072133c16cf92d5bb043eb1aac01d1c,9665400e2fea3c950e3caf25994ec48c10174271c84796f9c53d614bce49eb49
push-v3,307,17,Clean repeat,98018,1,1,ed7745b1a2093cfc73db89dd4357c43d8072133c16cf92d5bb043eb1aac01d1c,646b717480e5a1d2bee14b858c60be5b19b3c5cf97586f13b55cbd6425306481
push-v3,307,17,Clean repeat,98019,1,1,ed7745b1a2093cfc73db89dd4357c43d8072133c16cf92d5bb043eb1aac01d1c,5e15c018d9583b793fd8584d4e140d1882514fde2da2711167c3607626a31f2c
push-v3,307,17,Gaussian recovery,98000,0,0,f114c7f446b16994f8a327e35aa2d1142bfa8f045110500c6c8619466e0fd8bb,76e7ba0ef322511a7af388ecb04bd93802b8accb93433a19d9981d4cbfdfc23c
push-v3,307,17,Gaussian recovery,98001,1,1,f114c7f446b16994f8a327e35aa2d1142bfa8f045110500c6c8619466e0fd8bb,f7ce25f55ec3168e694802f766e8ad3a873360da3a7aa2f68058fa632d16f7df
push-v3,307,17,Gaussian recovery,98002,1,1,f114c7f446b16994f8a327e35aa2d1142bfa8f045110500c6c8619466e0fd8bb,ac77bf9214a91f1d37043bfd0a3c207dfdf4cecbf7d7ad67691856fff8ad3b8c
push-v3,307,17,Gaussian recovery,98003,1,1,f114c7f446b16994f8a327e35aa2d1142bfa8f045110500c6c8619466e0fd8bb,67be404198289d596826e09405e6d86da342919a5420d418f6375ae123ce2e4c
push-v3,307,17,Gaussian recovery,98004,0,0,f114c7f446b16994f8a327e35aa2d1142bfa8f045110500c6c8619466e0fd8bb,53ade0b157c7f00969decbc74977f7c0dcd35581a1367e50c72d7177141c47c5
push-v3,307,17,Gaussian recovery,98005,0,0,f114c7f446b16994f8a327e35aa2d1142bfa8f045110500c6c8619466e0fd8bb,a06610dde7631837c07bc8c2bd4fc0fe04b7fb3a9f126c6db5018c2d3718b65c
push-v3,307,17,Gaussian recovery,98006,1,1,f114c7f446b16994f8a327e35aa2d1142bfa8f045110500c6c8619466e0fd8bb,576c4d90efec60bf3372d20bedae816311dd2f639cd804425e4c60a3605b0caf
push-v3,307,17,Gaussian recovery,98007,1,1,f114c7f446b16994f8a327e35aa2d1142bfa8f045110500c6c8619466e0fd8bb,9a73f7a0e3dca38c672a97ceaa8b55b2754a037dc70393203899c37338d3ebe8
push-v3,307,17,Gaussian recovery,98008,1,1,f114c7f446b16994f8a327e35aa2d1142bfa8f045110500c6c8619466e0fd8bb,26be116377c582fffdd7c0557846df5bb754f85e25e7ccb631fd0c1fa2e2e5c1
push-v3,307,17,Gaussian recovery,98009,0,0,f114c7f446b16994f8a327e35aa2d1142bfa8f045110500c6c8619466e0fd8bb,da31ff55ef59cde5a143a3c9b90b9f47b3c213e32418e3e56c0dd81c9d936bac
push-v3,307,17,Gaussian recovery,98010,1,1,f114c7f446b16994f8a327e35aa2d1142bfa8f045110500c6c8619466e0fd8bb,a00efbda9da7180553057dd90c0e9a4934c7766456c75e46584ab19bceb0e304
push-v3,307,17,Gaussian recovery,98011,1,1,f114c7f446b16994f8a327e35aa2d1142bfa8f045110500c6c8619466e0fd8bb,844bb8f8febc0549ba0269055b11a698bf60e8f4e9734ca6a0ad6f69a32b6c00
push-v3,307,17,Gaussian recovery,98012,1,1,f114c7f446b16994f8a327e35aa2d1142bfa8f045110500c6c8619466e0fd8bb,7fde27be7774d3db95a03cb84f32e0a8a06bc51903de18bdf736612b29b30e99
push-v3,307,17,Gaussian recovery,98013,1,1,f114c7f446b16994f8a327e35aa2d1142bfa8f045110500c6c8619466e0fd8bb,941d9fe63d67e962e12bc5f5d8ca0b78c75580496e68395ade79987026567d71
push-v3,307,17,Gaussian recovery,98014,1,1,f114c7f446b16994f8a327e35aa2d1142bfa8f045110500c6c8619466e0fd8bb,b0f614afb1a7bb51b957dbcd4eacd65dfc2304143a473dbe4faa4d5c69346d78
push-v3,307,17,Gaussian recovery,98015,1,1,f114c7f446b16994f8a327e35aa2d1142bfa8f045110500c6c8619466e0fd8bb,6a6ae3d4db2d8d2869bc6e69be3d023d77ce07a1f118e7ffba0567710585c892
push-v3,307,17,Gaussian recovery,98016,1,1,f114c7f446b16994f8a327e35aa2d1142bfa8f045110500c6c8619466e0fd8bb,3c5832b11adce53176db9177a02d9e514299e1a3249c5ba2b9345b0cdda49576
push-v3,307,17,Gaussian recovery,98017,1,1,f114c7f446b16994f8a327e35aa2d1142bfa8f045110500c6c8619466e0fd8bb,ee9b0d6da1d4e2b01c0dd84a7fe361b8aea8a5479697c5b3098770be2ed20cd0
push-v3,307,17,Gaussian recovery,98018,1,1,f114c7f446b16994f8a327e35aa2d1142bfa8f045110500c6c8619466e0fd8bb,cb1a1c3396b129aa93bdda2aa4614ae41d7c6a7a0dcacdd9358865f69dfbef25
push-v3,307,17,Gaussian recovery,98019,0,0,f114c7f446b16994f8a327e35aa2d1142bfa8f045110500c6c8619466e0fd8bb,6883bf3075e6e0a728a4bdaf7623383a2dae476c7696d504c1e76fdca3572109
push-v3,307,17,SCANA-R,98000,0,0,0c147407346aef234e9db3cdd7cfceb939a1d8a3b7051fa76a9b48d246253818,c2dd2ec14c94945b798e97900c8a62fd961f981af959112c41d6cc29abcad1b2
push-v3,307,17,SCANA-R,98001,1,1,0c147407346aef234e9db3cdd7cfceb939a1d8a3b7051fa76a9b48d246253818,00691a2e891e05f675990595034653808ec42f947ea403340633819955039e17
push-v3,307,17,SCANA-R,98002,1,1,0c147407346aef234e9db3cdd7cfceb939a1d8a3b7051fa76a9b48d246253818,1beffe42faeb88689b12d18d006bfd5d3c07d940c4d474e2a91f478c13b0d0d6
push-v3,307,17,SCANA-R,98003,0,0,0c147407346aef234e9db3cdd7cfceb939a1d8a3b7051fa76a9b48d246253818,a04edc20ba0136e4db46d045cb623c3985744b8a52176784a9ff2d311ba27b42
push-v3,307,17,SCANA-R,98004,0,0,0c147407346aef234e9db3cdd7cfceb939a1d8a3b7051fa76a9b48d246253818,506986c136b1cb1a322ea0d6f17b9ccc7587138a176dad2a72a1dfc0b81b190d
push-v3,307,17,SCANA-R,98005,1,1,0c147407346aef234e9db3cdd7cfceb939a1d8a3b7051fa76a9b48d246253818,0833b478e95c998896ab30ee6ae672fd5aad35d293c2750590fc7c4c1951a43e
push-v3,307,17,SCANA-R,98006,1,1,0c147407346aef234e9db3cdd7cfceb939a1d8a3b7051fa76a9b48d246253818,6c7014a5db93bf272e1e0d8862621f5156e095c54b38f54b5838bfa4268d182f
push-v3,307,17,SCANA-R,98007,1,1,0c147407346aef234e9db3cdd7cfceb939a1d8a3b7051fa76a9b48d246253818,97154a4ebc086cb82dc1fc4826cdbe5ea541d72992434326d9cd7a4e816548cc
push-v3,307,17,SCANA-R,98008,1,1,0c147407346aef234e9db3cdd7cfceb939a1d8a3b7051fa76a9b48d246253818,90d1876836c425c84b4d00953ba19c1f487c6f692eb6c63efbe232a1e21178a5
push-v3,307,17,SCANA-R,98009,0,0,0c147407346aef234e9db3cdd7cfceb939a1d8a3b7051fa76a9b48d246253818,4b9c5360b5d0b4df80960e965a17c813330e2d3a764e1a32decdc7459cea94e3
push-v3,307,17,SCANA-R,98010,1,1,0c147407346aef234e9db3cdd7cfceb939a1d8a3b7051fa76a9b48d246253818,e0d1184581e2f74befd56915fe03de57134092fe6402e05c174dc2de02300d0c
push-v3,307,17,SCANA-R,98011,1,1,0c147407346aef234e9db3cdd7cfceb939a1d8a3b7051fa76a9b48d246253818,abfc92dc3a2cbaf2f6ce60190a67a963492480a3fed672cea2fd441a13d56867
push-v3,307,17,SCANA-R,98012,1,1,0c147407346aef234e9db3cdd7cfceb939a1d8a3b7051fa76a9b48d246253818,d9bbc74e022616fd12faf2625f43ec79b530d62f2deea16e586a7d599681a599
push-v3,307,17,SCANA-R,98013,1,1,0c147407346aef234e9db3cdd7cfceb939a1d8a3b7051fa76a9b48d246253818,6e8d02959bae630f5f9dce1480d8af827bfb54e79342b975fba7b09454a47042
push-v3,307,17,SCANA-R,98014,1,1,0c147407346aef234e9db3cdd7cfceb939a1d8a3b7051fa76a9b48d246253818,0efe5c5a3d5f7c56f74a642475dcaa1a560399de160299c831923cb5bde5de29
push-v3,307,17,SCANA-R,98015,1,1,0c147407346aef234e9db3cdd7cfceb939a1d8a3b7051fa76a9b48d246253818,54c986685fafa62bae8f66fb1b9770575bf0bf4656d0a7a34aae18dbf3828eb0
push-v3,307,17,SCANA-R,98016,1,1,0c147407346aef234e9db3cdd7cfceb939a1d8a3b7051fa76a9b48d246253818,eca097e0bfddedc44bbee61ae4d4ccf1a49469a8b3cbd62a2cdfe69f3333c18c
push-v3,307,17,SCANA-R,98017,1,1,0c147407346aef234e9db3cdd7cfceb939a1d8a3b7051fa76a9b48d246253818,70a5c89c277358d2fe7422853ef4e1a19bf531422b87984414db3935f718deef
push-v3,307,17,SCANA-R,98018,1,1,0c147407346aef234e9db3cdd7cfceb939a1d8a3b7051fa76a9b48d246253818,15ab81598ec9f694df51775da0947b93fe1fd364a0eeaf76d26d96027284097e
push-v3,307,17,SCANA-R,98019,0,0,0c147407346aef234e9db3cdd7cfceb939a1d8a3b7051fa76a9b48d246253818,c5d01b5106aa2eabae87fdc22a4ea691b24cc94b03da21374cfe5a48fd93d174
push-v3,307,29,Clean repeat,98000,0,0,f2c2ca3871331dadaec28fcc040f8b70402e8c85a1c11a5651e540671bccd191,a694fdf43491fc5e08c09824241b0eed80baaf0344393431aa6a123c929eef1a
push-v3,307,29,Clean repeat,98001,1,1,f2c2ca3871331dadaec28fcc040f8b70402e8c85a1c11a5651e540671bccd191,e7befaa32475626f6112cad30f649072853284443bc60880aaaf58cb9642b467
push-v3,307,29,Clean repeat,98002,1,1,f2c2ca3871331dadaec28fcc040f8b70402e8c85a1c11a5651e540671bccd191,66caf043bb78da2f2e7ba89b1d41966aafc4260882caa6121f76498c2e578746
push-v3,307,29,Clean repeat,98003,0,0,f2c2ca3871331dadaec28fcc040f8b70402e8c85a1c11a5651e540671bccd191,b323412f1c3a3b7d527ece9d33a94eb2c73a5c1896d8c6c05a5674933096cf90
push-v3,307,29,Clean repeat,98004,0,0,f2c2ca3871331dadaec28fcc040f8b70402e8c85a1c11a5651e540671bccd191,8619fc9857af0e0534aaebbf46fec82848f67185704d38b267b4a3bd3da8f295
push-v3,307,29,Clean repeat,98005,1,1,f2c2ca3871331dadaec28fcc040f8b70402e8c85a1c11a5651e540671bccd191,440255ae237fb908e6f56c35e286a7a62ccc663a8c5943e8d7851b55ed657615
push-v3,307,29,Clean repeat,98006,1,1,f2c2ca3871331dadaec28fcc040f8b70402e8c85a1c11a5651e540671bccd191,3bf174f9570aeb3e61c65557c12a10c9f4a37fc55daf7406d6a4bfcfdfb31591
push-v3,307,29,Clean repeat,98007,1,1,f2c2ca3871331dadaec28fcc040f8b70402e8c85a1c11a5651e540671bccd191,5ba6837506439e202fc2e643b8165496f7e37adc14c69e64ca00ae05aac10d8d
push-v3,307,29,Clean repeat,98008,1,1,f2c2ca3871331dadaec28fcc040f8b70402e8c85a1c11a5651e540671bccd191,eabf0aa0c628d9eca83482e7288854b5b5dfac006cb371e94410a231db8a3afc
push-v3,307,29,Clean repeat,98009,0,0,f2c2ca3871331dadaec28fcc040f8b70402e8c85a1c11a5651e540671bccd191,e31c3d1b363494a99a46b593b5c531f195c004ca25c7573cdc2bbb33aa2d23ca
push-v3,307,29,Clean repeat,98010,1,1,f2c2ca3871331dadaec28fcc040f8b70402e8c85a1c11a5651e540671bccd191,bcd0f8686be71111b25ac1038fb8a425ae3ddff49c7a959c08699d94bfa59d22
push-v3,307,29,Clean repeat,98011,1,1,f2c2ca3871331dadaec28fcc040f8b70402e8c85a1c11a5651e540671bccd191,13e8df402e29e997895e15c594d52d0cd1385a175aef0dcd9667e92094bab85f
push-v3,307,29,Clean repeat,98012,1,1,f2c2ca3871331dadaec28fcc040f8b70402e8c85a1c11a5651e540671bccd191,50ab76395ae12801818055642f85d6ebc3ec414a951a6c4d0583cb708ed70b90
push-v3,307,29,Clean repeat,98013,1,1,f2c2ca3871331dadaec28fcc040f8b70402e8c85a1c11a5651e540671bccd191,862224836d5f2c2d60b82a25a9fc1151d753fb4d741460c058ef00a8600fdbe1
push-v3,307,29,Clean repeat,98014,1,1,f2c2ca3871331dadaec28fcc040f8b70402e8c85a1c11a5651e540671bccd191,d441d581a3745514fe94426327e4f7dc12ae53732322f36cd177f8467dab7862
push-v3,307,29,Clean repeat,98015,1,1,f2c2ca3871331dadaec28fcc040f8b70402e8c85a1c11a5651e540671bccd191,80ef6ec5ee021dba16b19eda22c266a3e99fd2a3cabba2b963db1a829fcfa166
push-v3,307,29,Clean repeat,98016,1,1,f2c2ca3871331dadaec28fcc040f8b70402e8c85a1c11a5651e540671bccd191,1097a70fe92cac3cc0f46b6c59fdf3718d1c04708cd462a6b7e93932a23ba3c1
push-v3,307,29,Clean repeat,98017,1,1,f2c2ca3871331dadaec28fcc040f8b70402e8c85a1c11a5651e540671bccd191,76b93e749dfa4cff2c356feb844e81553048df9b7b8ae96b08caf0978cb12362
push-v3,307,29,Clean repeat,98018,1,1,f2c2ca3871331dadaec28fcc040f8b70402e8c85a1c11a5651e540671bccd191,a54b5d4ae95defd199d15dcccd46d35d92ac6c32e26f71a8bcbc9abc878c8bb5
push-v3,307,29,Clean repeat,98019,1,1,f2c2ca3871331dadaec28fcc040f8b70402e8c85a1c11a5651e540671bccd191,731da76c2d896df206ad4a86d6d95e88f1cf807a07e5976ec25781fc1d8872a2
push-v3,307,29,Gaussian recovery,98000,0,0,1623f12e8ea6f1e3f9cffbc033b1d30e71b7582b22b6b18e466f4f3415fecb3e,0c86573638d83dca665268fc11081fdd434f7f034b31a1099587081b71b68b7c
push-v3,307,29,Gaussian recovery,98001,1,1,1623f12e8ea6f1e3f9cffbc033b1d30e71b7582b22b6b18e466f4f3415fecb3e,a8d83344b4dfb0347908233dcb1ea7f2c8ae35cca67f395eced37b4b83935069
push-v3,307,29,Gaussian recovery,98002,1,1,1623f12e8ea6f1e3f9cffbc033b1d30e71b7582b22b6b18e466f4f3415fecb3e,57941b41d64e76a4fad7422a002a9598b12c9a6f9dac9343d38231b33ad7b255
push-v3,307,29,Gaussian recovery,98003,1,1,1623f12e8ea6f1e3f9cffbc033b1d30e71b7582b22b6b18e466f4f3415fecb3e,7f16cba2852269eb0277809ec5a852c32185e9beb131f8ff10a1003126a68c2a
push-v3,307,29,Gaussian recovery,98004,0,0,1623f12e8ea6f1e3f9cffbc033b1d30e71b7582b22b6b18e466f4f3415fecb3e,fb06258afae853da9791273d7159c775621f64e34437c4421ed24bce06ab066c
push-v3,307,29,Gaussian recovery,98005,1,1,1623f12e8ea6f1e3f9cffbc033b1d30e71b7582b22b6b18e466f4f3415fecb3e,de1d72da78037b7479ad697cb5c1115391875b5a1fe4255394c2ba157b5a3ec9
push-v3,307,29,Gaussian recovery,98006,1,1,1623f12e8ea6f1e3f9cffbc033b1d30e71b7582b22b6b18e466f4f3415fecb3e,4c5bbbfc59f67f508696eae5bc0f9f39163715582121bb20d16c62c37e7eed1d
push-v3,307,29,Gaussian recovery,98007,1,1,1623f12e8ea6f1e3f9cffbc033b1d30e71b7582b22b6b18e466f4f3415fecb3e,93f43c3d1902438a1b0eba7620eca206db411769d2f06995f4403eb318a89247
push-v3,307,29,Gaussian recovery,98008,1,1,1623f12e8ea6f1e3f9cffbc033b1d30e71b7582b22b6b18e466f4f3415fecb3e,d8c4e5ebdffdd88da7d06dab41308ff729965359a8ecb37d97bcd8d4ad748b64
push-v3,307,29,Gaussian recovery,98009,0,0,1623f12e8ea6f1e3f9cffbc033b1d30e71b7582b22b6b18e466f4f3415fecb3e,864e6a963ebe9b4dbe22e0315fd39052f6d1df9d403b43e591fdac0fa2d9df91
push-v3,307,29,Gaussian recovery,98010,1,1,1623f12e8ea6f1e3f9cffbc033b1d30e71b7582b22b6b18e466f4f3415fecb3e,de3ea0d4abc9fb70ca56a2ce662db5d299ab5af786fe7f0453cbf13beb5715ea
push-v3,307,29,Gaussian recovery,98011,1,1,1623f12e8ea6f1e3f9cffbc033b1d30e71b7582b22b6b18e466f4f3415fecb3e,c432f3f22aa87fb7c33718c22d14410a774287f2659433b9a8e22820db75bf0b
push-v3,307,29,Gaussian recovery,98012,0,0,1623f12e8ea6f1e3f9cffbc033b1d30e71b7582b22b6b18e466f4f3415fecb3e,e4835989d45f0ea82cab0b99b2f70a6276ac1318e97c1e16ae6ac88fae70a6b7
push-v3,307,29,Gaussian recovery,98013,1,1,1623f12e8ea6f1e3f9cffbc033b1d30e71b7582b22b6b18e466f4f3415fecb3e,4442b1df3157648c4c939d5f635134d89a5717b365cd647583d10472addf7ce3
push-v3,307,29,Gaussian recovery,98014,1,1,1623f12e8ea6f1e3f9cffbc033b1d30e71b7582b22b6b18e466f4f3415fecb3e,7ffb562e44f1b8b9d8bf8aa30998a54ed24af8eea20c05c88bf9c483256b45b8
push-v3,307,29,Gaussian recovery,98015,1,1,1623f12e8ea6f1e3f9cffbc033b1d30e71b7582b22b6b18e466f4f3415fecb3e,0946eddc54f9731008afdcf2b6c3569715bf9eb91a5babeabb90df8d2a057de4
push-v3,307,29,Gaussian recovery,98016,1,1,1623f12e8ea6f1e3f9cffbc033b1d30e71b7582b22b6b18e466f4f3415fecb3e,6b46f797fe93be48aa6a0a3199cfd78e5544f7da8957ef1df832e4d78f602b39
push-v3,307,29,Gaussian recovery,98017,1,1,1623f12e8ea6f1e3f9cffbc033b1d30e71b7582b22b6b18e466f4f3415fecb3e,75dd7f98f21b64a807d64ef5dba27a50ad0c450f98be5c215b6988d484b7e4b0
push-v3,307,29,Gaussian recovery,98018,1,1,1623f12e8ea6f1e3f9cffbc033b1d30e71b7582b22b6b18e466f4f3415fecb3e,c2c9de378d4bbe672955a972c94a5bb2f3e050c9418c4ba1bfccc5fe6d2c0ffb
push-v3,307,29,Gaussian recovery,98019,0,0,1623f12e8ea6f1e3f9cffbc033b1d30e71b7582b22b6b18e466f4f3415fecb3e,56c52748b4162f862915bbc41690f4e6c05f0ab70927c27e387f9a0e22b761d9
push-v3,307,29,SCANA-R,98000,0,0,dc1752025e4f6e78655a913ece1a558c2b32dcb368a9ca7b7f2c0dd07584b92c,80b761641056be4e76b2e3c0c0ff40122bfd41989cba5f51ad32b6c775bad1a9
push-v3,307,29,SCANA-R,98001,1,1,dc1752025e4f6e78655a913ece1a558c2b32dcb368a9ca7b7f2c0dd07584b92c,a1cc164b63c287a31c44c5ae35fb0aac519cdb17ade5ebc486411863264a4705
push-v3,307,29,SCANA-R,98002,0,0,dc1752025e4f6e78655a913ece1a558c2b32dcb368a9ca7b7f2c0dd07584b92c,7299cd75d8c236f9419db786ab3d68de1cb628137018f2ac3870f3ea2e61db64
push-v3,307,29,SCANA-R,98003,1,1,dc1752025e4f6e78655a913ece1a558c2b32dcb368a9ca7b7f2c0dd07584b92c,914cba0899d52dc964aa574a1a8fa157dfaa1e2d40495632e2e6f0da36a9a7a1
push-v3,307,29,SCANA-R,98004,0,0,dc1752025e4f6e78655a913ece1a558c2b32dcb368a9ca7b7f2c0dd07584b92c,9c80a4c75cb50a8bf658dce18c6efbe24e706367392fbb8b73d2163a84b43ea2
push-v3,307,29,SCANA-R,98005,1,1,dc1752025e4f6e78655a913ece1a558c2b32dcb368a9ca7b7f2c0dd07584b92c,49c3c91a922d7a3ecd2b266cec69d2a09c7dd602ce51a559e7f4649207199d89
push-v3,307,29,SCANA-R,98006,1,1,dc1752025e4f6e78655a913ece1a558c2b32dcb368a9ca7b7f2c0dd07584b92c,f9efd2d3d4871070dc47debe95e423fc6dc0d9558fa687af6c95879345071692
push-v3,307,29,SCANA-R,98007,1,1,dc1752025e4f6e78655a913ece1a558c2b32dcb368a9ca7b7f2c0dd07584b92c,f7f5a862adca1e0beb092b8cd70bf04a1dab02af01ed65e9ff35920412355087
push-v3,307,29,SCANA-R,98008,1,1,dc1752025e4f6e78655a913ece1a558c2b32dcb368a9ca7b7f2c0dd07584b92c,e401ccc46ff62421ffd1dc3897f991e0981cf8d2b370f21d28a9a7fe4901dacc
push-v3,307,29,SCANA-R,98009,0,0,dc1752025e4f6e78655a913ece1a558c2b32dcb368a9ca7b7f2c0dd07584b92c,b1c69b02e6472c03df0d6fd0664c99697896d859c3097237b91f0d714902fd5d
push-v3,307,29,SCANA-R,98010,1,1,dc1752025e4f6e78655a913ece1a558c2b32dcb368a9ca7b7f2c0dd07584b92c,66e5735a96b5187b33355edfdd548172724f6cac4094f539a004426eb6289e5a
push-v3,307,29,SCANA-R,98011,1,1,dc1752025e4f6e78655a913ece1a558c2b32dcb368a9ca7b7f2c0dd07584b92c,94e48156830ecc6aa2e2d9ba1292a868bf05cfc8661fb15688bc673cd99871d7
push-v3,307,29,SCANA-R,98012,1,0,dc1752025e4f6e78655a913ece1a558c2b32dcb368a9ca7b7f2c0dd07584b92c,25cc2dd545e59a12b9cee811415aba8a833078b250054ba3ec63f3ec8443cb7d
push-v3,307,29,SCANA-R,98013,1,1,dc1752025e4f6e78655a913ece1a558c2b32dcb368a9ca7b7f2c0dd07584b92c,03fcbb188eef591385e00249c212d65058921b549824f9a464586032fa00a179
push-v3,307,29,SCANA-R,98014,1,0,dc1752025e4f6e78655a913ece1a558c2b32dcb368a9ca7b7f2c0dd07584b92c,0e2e9ec8b729c22f3a47db93233b140f27ec83ffe63fccfc31cd12305d5de2dd
push-v3,307,29,SCANA-R,98015,1,1,dc1752025e4f6e78655a913ece1a558c2b32dcb368a9ca7b7f2c0dd07584b92c,62e5cca712e66f6f1d935fae5f6f3574df95b737d5d738ad9c144a935dfaebc1
push-v3,307,29,SCANA-R,98016,1,1,dc1752025e4f6e78655a913ece1a558c2b32dcb368a9ca7b7f2c0dd07584b92c,6ff62f98b323716120b7b6304d4b532055a840dba020d566fa56f9c61ace6b17
push-v3,307,29,SCANA-R,98017,0,0,dc1752025e4f6e78655a913ece1a558c2b32dcb368a9ca7b7f2c0dd07584b92c,d43f6c19be5872502781f6cc8cb9944e6346c149596fa5200eff8f72ba10f3ae
push-v3,307,29,SCANA-R,98018,1,1,dc1752025e4f6e78655a913ece1a558c2b32dcb368a9ca7b7f2c0dd07584b92c,b5cd45d9976c8be9c9fa58add48417b356066908a3e6dffee8afab7f59cc1e73
push-v3,307,29,SCANA-R,98019,1,1,dc1752025e4f6e78655a913ece1a558c2b32dcb368a9ca7b7f2c0dd07584b92c,178302e86798df8d1e60ee483af3fbba317a82b09b61b3a2ee559f6d3e922802
push-v3,307,43,Clean repeat,98000,1,0,d02f1ef0ccc0e4c982192eecf66888219c9b0585146fa4ff6ac194859ecbf787,864e6ae6560889d26aed9a035fffb857d1319dfcdb9a1e312a08251a18e337dd
push-v3,307,43,Clean repeat,98001,1,1,d02f1ef0ccc0e4c982192eecf66888219c9b0585146fa4ff6ac194859ecbf787,97f3ae02c4d43c6d51be16159759c008bc9e746d43e07dc7858b59c28c4eabd2
push-v3,307,43,Clean repeat,98002,1,1,d02f1ef0ccc0e4c982192eecf66888219c9b0585146fa4ff6ac194859ecbf787,c81b8e1673c7f242fe9a5584946287921a3e7465f2f055d47343ea73c3b666c6
push-v3,307,43,Clean repeat,98003,1,1,d02f1ef0ccc0e4c982192eecf66888219c9b0585146fa4ff6ac194859ecbf787,9a485a627bab83440e06e119b469915833ec1c29d39ad55e876cae164735d5b6
push-v3,307,43,Clean repeat,98004,1,1,d02f1ef0ccc0e4c982192eecf66888219c9b0585146fa4ff6ac194859ecbf787,9656d500330ca1303adbdd1ca2e7b0fdd2931c45bdccb66464e6cbffdf1130b5
push-v3,307,43,Clean repeat,98005,1,1,d02f1ef0ccc0e4c982192eecf66888219c9b0585146fa4ff6ac194859ecbf787,fb8da02f4500154614f9e500e1a7a2b609fbd9b937ed92f72a20477f52734174
push-v3,307,43,Clean repeat,98006,1,1,d02f1ef0ccc0e4c982192eecf66888219c9b0585146fa4ff6ac194859ecbf787,4cdf7967f058aef98456b4b282cfc89313ab9913cc1c7c58be6f9e9dd94d13b1
push-v3,307,43,Clean repeat,98007,1,1,d02f1ef0ccc0e4c982192eecf66888219c9b0585146fa4ff6ac194859ecbf787,a6a6bdfa067b1b7b2fb2ff57f9ae7548837acfd76361cd3e917678eb255cecc9
push-v3,307,43,Clean repeat,98008,1,1,d02f1ef0ccc0e4c982192eecf66888219c9b0585146fa4ff6ac194859ecbf787,53c23a98eb6f509fb9878f34510c1d0f891c422ee9bb75c8605b61a44679350f
push-v3,307,43,Clean repeat,98009,1,1,d02f1ef0ccc0e4c982192eecf66888219c9b0585146fa4ff6ac194859ecbf787,5c744d0538bee6e86b9fbd3500e878b80fa2187584c3ede220105604945bc034
push-v3,307,43,Clean repeat,98010,1,1,d02f1ef0ccc0e4c982192eecf66888219c9b0585146fa4ff6ac194859ecbf787,a2042ae7c8e3f88379598a03271f712672af24a769e015df942211b68603528b
push-v3,307,43,Clean repeat,98011,1,1,d02f1ef0ccc0e4c982192eecf66888219c9b0585146fa4ff6ac194859ecbf787,76cf015a67ce0da61abd3ed20314188a9cc291a6447f854d6a6bf6244d2364cc
push-v3,307,43,Clean repeat,98012,1,1,d02f1ef0ccc0e4c982192eecf66888219c9b0585146fa4ff6ac194859ecbf787,b6dae572603612b4440f6af4b11040b8702cf68e2f38ffcee77cc9a056ac48ce
push-v3,307,43,Clean repeat,98013,1,1,d02f1ef0ccc0e4c982192eecf66888219c9b0585146fa4ff6ac194859ecbf787,bb20901b2e93d1f07271900dbfdb57ffaa0bc4134e3e539549880544ef22457b
push-v3,307,43,Clean repeat,98014,1,1,d02f1ef0ccc0e4c982192eecf66888219c9b0585146fa4ff6ac194859ecbf787,01408d9485539e848280c7adad75e20bf402b13c14d07cbb1e7b4dc058787cb0
push-v3,307,43,Clean repeat,98015,1,1,d02f1ef0ccc0e4c982192eecf66888219c9b0585146fa4ff6ac194859ecbf787,47bb7ec92173fe896decad72d05ffcf889a8b7e903f057961b756654bea28762
push-v3,307,43,Clean repeat,98016,1,1,d02f1ef0ccc0e4c982192eecf66888219c9b0585146fa4ff6ac194859ecbf787,18d00b878aa2dfb32705fb49cfc825431003f7f12e0d3acc943a9c644f5ba186
push-v3,307,43,Clean repeat,98017,1,1,d02f1ef0ccc0e4c982192eecf66888219c9b0585146fa4ff6ac194859ecbf787,0cb4e291555bf13d828c2a344b67525a8af2776418d615229fc032dbf164aaf6
push-v3,307,43,Clean repeat,98018,1,1,d02f1ef0ccc0e4c982192eecf66888219c9b0585146fa4ff6ac194859ecbf787,7ec1cc1d1550352a135f1479deb71e2f6b1c08878b4b0919b9f86d8479254813
push-v3,307,43,Clean repeat,98019,1,1,d02f1ef0ccc0e4c982192eecf66888219c9b0585146fa4ff6ac194859ecbf787,4ca39eb654ef2a81b919ba8630a69dbc74bc855f7dbec25a12e70d403e5836a7
push-v3,307,43,Gaussian recovery,98000,0,0,fb154d0a5ecd6f45c469345f871c093beef8a04a75ff227d2f4440e30b915ddc,bb2dc8733cc9d62e6750b72888da40a6371a98b39fda26d58ec75041d41756b4
push-v3,307,43,Gaussian recovery,98001,1,1,fb154d0a5ecd6f45c469345f871c093beef8a04a75ff227d2f4440e30b915ddc,a2733dfa0ad2d3a3115445e3af0013a9cfb08abcadf74ef450f052e195039d9e
push-v3,307,43,Gaussian recovery,98002,1,1,fb154d0a5ecd6f45c469345f871c093beef8a04a75ff227d2f4440e30b915ddc,67c38d3f6ab392858835d6491d7f0ea7c0cf9963bbfa1e2757e698a15b05924d
push-v3,307,43,Gaussian recovery,98003,1,1,fb154d0a5ecd6f45c469345f871c093beef8a04a75ff227d2f4440e30b915ddc,7d0a2b323ce8e9bddffcbbb88b9faadfde0f019c6b54c6cbcf804601ccbe56c3
push-v3,307,43,Gaussian recovery,98004,1,1,fb154d0a5ecd6f45c469345f871c093beef8a04a75ff227d2f4440e30b915ddc,872a1461331b23d1724f3b0c7ef6c9e10e94d6b49874b5f6ca417b66ce0bb7b7
push-v3,307,43,Gaussian recovery,98005,0,0,fb154d0a5ecd6f45c469345f871c093beef8a04a75ff227d2f4440e30b915ddc,b0b8ecd4f762522d1eaa81332d4dfae525c6d9efb4f9b8b9d9a84d9fd69351c9
push-v3,307,43,Gaussian recovery,98006,1,1,fb154d0a5ecd6f45c469345f871c093beef8a04a75ff227d2f4440e30b915ddc,382cf20c93976cb04a34708150c94b3a47e992e7cd6fb3c6c47fb978c51519bb
push-v3,307,43,Gaussian recovery,98007,1,1,fb154d0a5ecd6f45c469345f871c093beef8a04a75ff227d2f4440e30b915ddc,617745ef900518e89912aa9141a86dfcbcb73c2f35c3f35f73cf54cff58ee25b
push-v3,307,43,Gaussian recovery,98008,1,1,fb154d0a5ecd6f45c469345f871c093beef8a04a75ff227d2f4440e30b915ddc,aec7ae14a997333c3549bab2d60ce962c094e2b249bbf1bdde89d3ff9429b46d
push-v3,307,43,Gaussian recovery,98009,1,0,fb154d0a5ecd6f45c469345f871c093beef8a04a75ff227d2f4440e30b915ddc,24f9bd99ae6e422be47eab378bddfc5776da7cc29a2fe090ac618f2a10cdd753
push-v3,307,43,Gaussian recovery,98010,1,1,fb154d0a5ecd6f45c469345f871c093beef8a04a75ff227d2f4440e30b915ddc,d15067c5ed081360529ddbc25754144ce971514d47b3c45a764414cf3e84819a
push-v3,307,43,Gaussian recovery,98011,1,1,fb154d0a5ecd6f45c469345f871c093beef8a04a75ff227d2f4440e30b915ddc,ccc5d7eb613149f32fea4c417cdf3bbc6e742ce1c889d49fdfcd0c0cbd48365f
push-v3,307,43,Gaussian recovery,98012,1,1,fb154d0a5ecd6f45c469345f871c093beef8a04a75ff227d2f4440e30b915ddc,af9bd5607da8b903da6b0f84c1171fe4920d67cd80b09634965d184c0dd26e83
push-v3,307,43,Gaussian recovery,98013,1,1,fb154d0a5ecd6f45c469345f871c093beef8a04a75ff227d2f4440e30b915ddc,869e2f2b17eba1ad56b1e330b8d72956962425f223240ad64f691e341d22b159
push-v3,307,43,Gaussian recovery,98014,1,0,fb154d0a5ecd6f45c469345f871c093beef8a04a75ff227d2f4440e30b915ddc,5c2a57758056daae4d7057ba5b8fcede792577963cb677d14213d016b53d762a
push-v3,307,43,Gaussian recovery,98015,1,1,fb154d0a5ecd6f45c469345f871c093beef8a04a75ff227d2f4440e30b915ddc,f0e29d4d5f330802acc85cd98e9f851156f72f5d45d30eae28a51f42efee1f97
push-v3,307,43,Gaussian recovery,98016,1,1,fb154d0a5ecd6f45c469345f871c093beef8a04a75ff227d2f4440e30b915ddc,dba1a40e60c5ccedb5318a13dcb262d6de4b9dcac7c778233c64281881c3fdfb
push-v3,307,43,Gaussian recovery,98017,1,1,fb154d0a5ecd6f45c469345f871c093beef8a04a75ff227d2f4440e30b915ddc,fd5f0e0e24689ed87b706241aebbadf3425eb8ec8aa206e736ccf93568abcb7e
push-v3,307,43,Gaussian recovery,98018,1,1,fb154d0a5ecd6f45c469345f871c093beef8a04a75ff227d2f4440e30b915ddc,3997e0ec9022504b6f2f968cc59816c2dfb50456caec06eba0e7dc2d92f65ffa
push-v3,307,43,Gaussian recovery,98019,1,1,fb154d0a5ecd6f45c469345f871c093beef8a04a75ff227d2f4440e30b915ddc,8021f9c46b238081ec70ed70ce4bc1be642cc0e72a939c8e7c15049c6b418551
push-v3,307,43,SCANA-R,98000,0,0,a55fbdca82619b217b4063cd92a1922fcb72feafbebadf1c7c38565555c2a02d,6fd8bc142c8226d800f8af70afeb24a6ecb57f2f5fbf20c4c644812ac3c07e5b
push-v3,307,43,SCANA-R,98001,1,1,a55fbdca82619b217b4063cd92a1922fcb72feafbebadf1c7c38565555c2a02d,a15a61bc114c664285e1cfefaad24c329e8bf74036f34af00b977f88b50c4238
push-v3,307,43,SCANA-R,98002,1,1,a55fbdca82619b217b4063cd92a1922fcb72feafbebadf1c7c38565555c2a02d,722ac79f839565eb54ba4f81b3bb98c483f45295b6cd8442fe54a8eae46f30e8
push-v3,307,43,SCANA-R,98003,1,1,a55fbdca82619b217b4063cd92a1922fcb72feafbebadf1c7c38565555c2a02d,76f88bde6663c90f4169ef9a854940ee3e89beb1854e8494907519dbacc6d7af
push-v3,307,43,SCANA-R,98004,1,1,a55fbdca82619b217b4063cd92a1922fcb72feafbebadf1c7c38565555c2a02d,56f5c42e60319cd1ee9cf42682ed8e9f945b9832069051d9a403185bed6a9b4d
push-v3,307,43,SCANA-R,98005,0,0,a55fbdca82619b217b4063cd92a1922fcb72feafbebadf1c7c38565555c2a02d,cd06a873cfc667f438f58738e5c535487bb5e0605a731e86ff16d0a20a26c287
push-v3,307,43,SCANA-R,98006,1,1,a55fbdca82619b217b4063cd92a1922fcb72feafbebadf1c7c38565555c2a02d,dffa9d61ec9074e543e1cdf9c98ce08a7a5bdb43f7d7231c48ddbe2e1d59928a
push-v3,307,43,SCANA-R,98007,1,1,a55fbdca82619b217b4063cd92a1922fcb72feafbebadf1c7c38565555c2a02d,eea829fe120e19cecea583d62e95e90b24e078881dbf3a994be35019887049f5
push-v3,307,43,SCANA-R,98008,1,1,a55fbdca82619b217b4063cd92a1922fcb72feafbebadf1c7c38565555c2a02d,46043ae5f9f1ad39a22bac401924fd2fba7fb5f83d94c18759fb0ea02d055318
push-v3,307,43,SCANA-R,98009,1,1,a55fbdca82619b217b4063cd92a1922fcb72feafbebadf1c7c38565555c2a02d,66dc0bca4684c67fc0eff00a44b5ce385b26d2d2c3ff5e27c0a5a4ec141828dd
push-v3,307,43,SCANA-R,98010,1,1,a55fbdca82619b217b4063cd92a1922fcb72feafbebadf1c7c38565555c2a02d,91c8c01715526f601b12cf64f466eec48a5d2ea8da4e09f52a32aedd51867c35
push-v3,307,43,SCANA-R,98011,1,1,a55fbdca82619b217b4063cd92a1922fcb72feafbebadf1c7c38565555c2a02d,e08874b5f13647446052192be26781755adca9b59bc89b39990a438a80594053
push-v3,307,43,SCANA-R,98012,1,1,a55fbdca82619b217b4063cd92a1922fcb72feafbebadf1c7c38565555c2a02d,c9dde801441755c3ae5aedad969f35b1235e0512664b1dded51e0fc53dc72286
push-v3,307,43,SCANA-R,98013,1,1,a55fbdca82619b217b4063cd92a1922fcb72feafbebadf1c7c38565555c2a02d,239beb268f982a3f0bbbe8ecaa0beb3d111a1d40feab0b9ab1b60b613a9426b4
push-v3,307,43,SCANA-R,98014,1,1,a55fbdca82619b217b4063cd92a1922fcb72feafbebadf1c7c38565555c2a02d,d058f3c366a2aea4cc3ceea252a16c3bd2025151911c5396fd863898fdcdd877
push-v3,307,43,SCANA-R,98015,1,1,a55fbdca82619b217b4063cd92a1922fcb72feafbebadf1c7c38565555c2a02d,18604ad5a46608cb92d045a8f1baf45e1cbcec2b7aa7ad22e93fdc01ed8f4f4e
push-v3,307,43,SCANA-R,98016,1,1,a55fbdca82619b217b4063cd92a1922fcb72feafbebadf1c7c38565555c2a02d,3e6ebf14e7794bf80aad6717c0821edff7ed15b595c0cc8083bd119bdc6ff6d8
push-v3,307,43,SCANA-R,98017,1,1,a55fbdca82619b217b4063cd92a1922fcb72feafbebadf1c7c38565555c2a02d,9546b466268b33bde807caf95f0ae91d83debfec99f10469c2219f16dc2a303d
push-v3,307,43,SCANA-R,98018,1,1,a55fbdca82619b217b4063cd92a1922fcb72feafbebadf1c7c38565555c2a02d,47ba935fc45974b1f884aeb7086ffa31c921ae6c91ff4074b308c664d905b10a
push-v3,307,43,SCANA-R,98019,1,1,a55fbdca82619b217b4063cd92a1922fcb72feafbebadf1c7c38565555c2a02d,7f99d9af0015569b7dddc888f62c8968a44fded135f7299153f64cf5191b22e2
pick-place-v3,101,17,Clean repeat,98000,1,0,ccdc28ea8a732153230b47b27e7715e89b5f81f2e4ca8406d197b04a47b40622,8b74e70efcc64ef256a964d02e43886da7c3c6581593e88cf6002ed80a4d405b
pick-place-v3,101,17,Clean repeat,98001,1,1,ccdc28ea8a732153230b47b27e7715e89b5f81f2e4ca8406d197b04a47b40622,909e52932cffeb9add0e395732ad6879f0401984f43bbc576ab66a826499b5fe
pick-place-v3,101,17,Clean repeat,98002,1,1,ccdc28ea8a732153230b47b27e7715e89b5f81f2e4ca8406d197b04a47b40622,90eaa99bae181d652af1115a8048762cd7f7ed2d588552c7dda71f80ad852f86
pick-place-v3,101,17,Clean repeat,98003,0,0,ccdc28ea8a732153230b47b27e7715e89b5f81f2e4ca8406d197b04a47b40622,fa4a309b240b97a6dd6644736dff6ae29691aac145a2a1c60eaa2b499350ec66
pick-place-v3,101,17,Clean repeat,98004,0,0,ccdc28ea8a732153230b47b27e7715e89b5f81f2e4ca8406d197b04a47b40622,d48d1c7c42dd7bd2442e7aef8e470e214eb7776ee0823838b307b8e1f1e54dfc
pick-place-v3,101,17,Clean repeat,98005,1,1,ccdc28ea8a732153230b47b27e7715e89b5f81f2e4ca8406d197b04a47b40622,5eaee2d780dd00973c2be5fca85bce56e659904454828d92333a41941696df91
pick-place-v3,101,17,Clean repeat,98006,1,1,ccdc28ea8a732153230b47b27e7715e89b5f81f2e4ca8406d197b04a47b40622,ddb597e3f9f0bc05adb6030bb298f1a3db24a5ed590c7d99b1de182fe3e2661a
pick-place-v3,101,17,Clean repeat,98007,1,1,ccdc28ea8a732153230b47b27e7715e89b5f81f2e4ca8406d197b04a47b40622,da6c1297b6dbdbddf4a0108f4f262a1b0e2669f89b5aae43faa7b5ea2a77caa9
pick-place-v3,101,17,Clean repeat,98008,1,1,ccdc28ea8a732153230b47b27e7715e89b5f81f2e4ca8406d197b04a47b40622,c5037d29221fc59c1037179274774237a4d93486f1f139ada11cda1a733eee99
pick-place-v3,101,17,Clean repeat,98009,0,0,ccdc28ea8a732153230b47b27e7715e89b5f81f2e4ca8406d197b04a47b40622,f735b5d98e3d1bc3fbd54bdb2d4d2b8ff0cd022c39036fa6b771d34d77e50163
pick-place-v3,101,17,Clean repeat,98010,0,0,ccdc28ea8a732153230b47b27e7715e89b5f81f2e4ca8406d197b04a47b40622,543ddd2927993c1fa741f85a7263d1edf5e3506b4fcd53f0e2b73326ada50e55
pick-place-v3,101,17,Clean repeat,98011,1,1,ccdc28ea8a732153230b47b27e7715e89b5f81f2e4ca8406d197b04a47b40622,dbfd70e948ff130f8b09262a5698e458daa4019109293bccdb5955c2f39882b5
pick-place-v3,101,17,Clean repeat,98012,1,1,ccdc28ea8a732153230b47b27e7715e89b5f81f2e4ca8406d197b04a47b40622,0517085c4042cec10c2b494c1b870baf29b939c2da439f30b3cee0c4757007a6
pick-place-v3,101,17,Clean repeat,98013,1,1,ccdc28ea8a732153230b47b27e7715e89b5f81f2e4ca8406d197b04a47b40622,121a99c1d6b113dd4509e3bf84bb377f40c10544510760759db63be285416def
pick-place-v3,101,17,Clean repeat,98014,1,1,ccdc28ea8a732153230b47b27e7715e89b5f81f2e4ca8406d197b04a47b40622,d9cb95c9c3d20093d764e041a83400190ec4991de498b095d081f220687b0d36
pick-place-v3,101,17,Clean repeat,98015,1,0,ccdc28ea8a732153230b47b27e7715e89b5f81f2e4ca8406d197b04a47b40622,f1ca36b60c959f9188e716d010c0046c1a7d0c5bcc68baf858552e46c24b634e
pick-place-v3,101,17,Clean repeat,98016,1,0,ccdc28ea8a732153230b47b27e7715e89b5f81f2e4ca8406d197b04a47b40622,9b9d7643aeb1f21707aaf6f2ed5d6e21c42d020734df83855f32b73e44a2a4e3
pick-place-v3,101,17,Clean repeat,98017,1,0,ccdc28ea8a732153230b47b27e7715e89b5f81f2e4ca8406d197b04a47b40622,d73dae2a681a3ac616e4c76a2e85d626c46610281840df0b5699cd3aa279ae9e
pick-place-v3,101,17,Clean repeat,98018,1,1,ccdc28ea8a732153230b47b27e7715e89b5f81f2e4ca8406d197b04a47b40622,1346d6f7a27bc029605e7bea8befb0f3d382b958d6cee09578f499b99ceb1f6c
pick-place-v3,101,17,Clean repeat,98019,0,0,ccdc28ea8a732153230b47b27e7715e89b5f81f2e4ca8406d197b04a47b40622,6f823ea7fda6b663315f7a0d18baaf95ccc4416dc02735b011bc314fa7b71026
pick-place-v3,101,17,Gaussian recovery,98000,1,1,f51b64fee07ea280dcc1cae767c21131a2f23a8dbca7b603152a1e589877510a,e86ed06db7ea75cdb356e290e10f1377efbf894c40eda50646b416a56c8f7fba
pick-place-v3,101,17,Gaussian recovery,98001,1,1,f51b64fee07ea280dcc1cae767c21131a2f23a8dbca7b603152a1e589877510a,5093ab25df4558f4f6a9dccd02d5793987d56deac9a956da90d6daa481a53612
pick-place-v3,101,17,Gaussian recovery,98002,0,0,f51b64fee07ea280dcc1cae767c21131a2f23a8dbca7b603152a1e589877510a,54ce0354f564a9d2bc30109130865b6dc98dc73c1ba0a8d558d1ac7a3d83d102
pick-place-v3,101,17,Gaussian recovery,98003,1,0,f51b64fee07ea280dcc1cae767c21131a2f23a8dbca7b603152a1e589877510a,1a0badfe6b0eefe1d1ad3c16e6f7869f2fe1229ae740ff314e3b1a615f250602
pick-place-v3,101,17,Gaussian recovery,98004,0,0,f51b64fee07ea280dcc1cae767c21131a2f23a8dbca7b603152a1e589877510a,e10f6fcbde69342b2584423b3aa06f1e849bc36a82dea6aee9e332c6726dc048
pick-place-v3,101,17,Gaussian recovery,98005,1,1,f51b64fee07ea280dcc1cae767c21131a2f23a8dbca7b603152a1e589877510a,0fe7104ab49d42ebb3c2dd1bad75fdff0ce89fefc273b7f883b4cd685585a7ac
pick-place-v3,101,17,Gaussian recovery,98006,1,1,f51b64fee07ea280dcc1cae767c21131a2f23a8dbca7b603152a1e589877510a,ce7950d415dba6d7dbf93695a3a000b22697b05a25e3007118cd00fcfcd9d3d1
pick-place-v3,101,17,Gaussian recovery,98007,1,1,f51b64fee07ea280dcc1cae767c21131a2f23a8dbca7b603152a1e589877510a,c9a4c0ab9a1b4d171fdaa7c497ffee979872b4e13aa6f02a33bb7a868f32582f
pick-place-v3,101,17,Gaussian recovery,98008,1,1,f51b64fee07ea280dcc1cae767c21131a2f23a8dbca7b603152a1e589877510a,440adad82f7e0f1d5a29c736c8a94c623cb06a5c82a7012ea78e2b289635a12d
pick-place-v3,101,17,Gaussian recovery,98009,0,0,f51b64fee07ea280dcc1cae767c21131a2f23a8dbca7b603152a1e589877510a,99e8b48b2bc73d205181297faeef2d82c24c7eb12da7193fa856626db14cec72
pick-place-v3,101,17,Gaussian recovery,98010,0,0,f51b64fee07ea280dcc1cae767c21131a2f23a8dbca7b603152a1e589877510a,fe28e9d7dc57f29c755c0214605d3b8532a5fda12413b4e85213ef7807af9ba9
pick-place-v3,101,17,Gaussian recovery,98011,1,1,f51b64fee07ea280dcc1cae767c21131a2f23a8dbca7b603152a1e589877510a,cd8f208d1ef6aba3887084e969b75e07a0982fae574659e6601286fc489eec60
pick-place-v3,101,17,Gaussian recovery,98012,0,0,f51b64fee07ea280dcc1cae767c21131a2f23a8dbca7b603152a1e589877510a,f1ac9ea06d121b40317f6097a833120cbd21631db41db0ca5e7b2784d0cf0cc3
pick-place-v3,101,17,Gaussian recovery,98013,1,1,f51b64fee07ea280dcc1cae767c21131a2f23a8dbca7b603152a1e589877510a,4b6c1b1de36dd240a332daca113bc3be3f02ea47a4d44f4758728404d679ff74
pick-place-v3,101,17,Gaussian recovery,98014,1,1,f51b64fee07ea280dcc1cae767c21131a2f23a8dbca7b603152a1e589877510a,7f84818b7ea82fee429651140d46fd954290c27a2c96a2f91f276eefc71a09a8
pick-place-v3,101,17,Gaussian recovery,98015,1,1,f51b64fee07ea280dcc1cae767c21131a2f23a8dbca7b603152a1e589877510a,052ca58c79fc581ef61502e5e6a81192d223f7a310432bf4e51946b274d9cd1e
pick-place-v3,101,17,Gaussian recovery,98016,1,1,f51b64fee07ea280dcc1cae767c21131a2f23a8dbca7b603152a1e589877510a,ae15c40994e042949d2990e7dd25532ed1647d6a4b71039437df04659b186d07
pick-place-v3,101,17,Gaussian recovery,98017,1,1,f51b64fee07ea280dcc1cae767c21131a2f23a8dbca7b603152a1e589877510a,63c5a11bc5495ce14d66c361b6aa372fcd6bc29e4a8627987bff25e4c56d4bb3
pick-place-v3,101,17,Gaussian recovery,98018,1,1,f51b64fee07ea280dcc1cae767c21131a2f23a8dbca7b603152a1e589877510a,03faa54f94dc6df049f9b48cf169e7877730267adff6a17bcb810f944113b038
pick-place-v3,101,17,Gaussian recovery,98019,0,0,f51b64fee07ea280dcc1cae767c21131a2f23a8dbca7b603152a1e589877510a,5dc4daf62070afa144e5dfcbd982c96526eb4e58634630f7296b9b7605b3ecec
pick-place-v3,101,17,SCANA-R,98000,0,0,8717841775cbc7d62660b9bc860e7f30c775b51721a4ec771adbd5ae843fc718,518caba20e226dea9442d3c558c7f0a2dc60bf5f0ce039a9c6b22a58fa50689c
pick-place-v3,101,17,SCANA-R,98001,1,1,8717841775cbc7d62660b9bc860e7f30c775b51721a4ec771adbd5ae843fc718,6c828abc3b1f084ed1b414803de09d3a112363c3a610fb558b12633fd0872493
pick-place-v3,101,17,SCANA-R,98002,0,0,8717841775cbc7d62660b9bc860e7f30c775b51721a4ec771adbd5ae843fc718,24640581cf55b78d11d7e3d16017c09c7fd83e329b4636bc5aa0808766e8c66f
pick-place-v3,101,17,SCANA-R,98003,1,0,8717841775cbc7d62660b9bc860e7f30c775b51721a4ec771adbd5ae843fc718,930e2e620b386bcaca84159b361d9809cbed127535f40d496ad9617f007a3657
pick-place-v3,101,17,SCANA-R,98004,0,0,8717841775cbc7d62660b9bc860e7f30c775b51721a4ec771adbd5ae843fc718,d3d8534a8b24121c139cb928bfd98691298fbd8b1c9b441078d9a10df4240b69
pick-place-v3,101,17,SCANA-R,98005,1,1,8717841775cbc7d62660b9bc860e7f30c775b51721a4ec771adbd5ae843fc718,18603d00837565ff0ac6b626418c67389e54e98aa45c75d70ee6c15d4c49304f
pick-place-v3,101,17,SCANA-R,98006,1,1,8717841775cbc7d62660b9bc860e7f30c775b51721a4ec771adbd5ae843fc718,01e732e3f06f6ff7f602ae1ae6705562be7cac9eca4479335ba1151f86f687fc
pick-place-v3,101,17,SCANA-R,98007,1,0,8717841775cbc7d62660b9bc860e7f30c775b51721a4ec771adbd5ae843fc718,9ac732288395381dc41948416a9b006eb349299d8865fd78be239ae0a2dd5dac
pick-place-v3,101,17,SCANA-R,98008,1,1,8717841775cbc7d62660b9bc860e7f30c775b51721a4ec771adbd5ae843fc718,adb1bdd1a4104a7e5fd25bc04cc9f08d1295f101df4d10faf358010ae3b86ad8
pick-place-v3,101,17,SCANA-R,98009,0,0,8717841775cbc7d62660b9bc860e7f30c775b51721a4ec771adbd5ae843fc718,caf2026323dbcce16ef4e112b9b12c788f978bac892019794e084f49596f030d
pick-place-v3,101,17,SCANA-R,98010,0,0,8717841775cbc7d62660b9bc860e7f30c775b51721a4ec771adbd5ae843fc718,ef1aa24ac66dafa55afc00e38758ea93f9302eb887f5a5bd079569dbe56caa4e
pick-place-v3,101,17,SCANA-R,98011,1,1,8717841775cbc7d62660b9bc860e7f30c775b51721a4ec771adbd5ae843fc718,3ce8bb78fafce6ae3c7f67433725ae2f51aecdfff95564faa3eb8ca43872e669
pick-place-v3,101,17,SCANA-R,98012,0,0,8717841775cbc7d62660b9bc860e7f30c775b51721a4ec771adbd5ae843fc718,143271a6af470c2701c09341f6eb601f8bf304f49169f7f7bd8864f919f0a9b9
pick-place-v3,101,17,SCANA-R,98013,1,1,8717841775cbc7d62660b9bc860e7f30c775b51721a4ec771adbd5ae843fc718,d429d99fe50dfcc821ca3addcf82d2c60c015f24ddc3e46cee5d6a0f9dfeae20
pick-place-v3,101,17,SCANA-R,98014,1,1,8717841775cbc7d62660b9bc860e7f30c775b51721a4ec771adbd5ae843fc718,2deb43c886ffe9822ecce86f3fb87073771b8c79bd8b22be0c6d13ecf7241c8b
pick-place-v3,101,17,SCANA-R,98015,1,1,8717841775cbc7d62660b9bc860e7f30c775b51721a4ec771adbd5ae843fc718,d8e2e9f18b205e34dbbbce7de68066915d8a799fbb8001f40ea357d738995a4d
pick-place-v3,101,17,SCANA-R,98016,1,1,8717841775cbc7d62660b9bc860e7f30c775b51721a4ec771adbd5ae843fc718,fc98c003c01bd53bf9028ccf014b8c386063bd32b298ea8397848c5a3775094a
pick-place-v3,101,17,SCANA-R,98017,0,0,8717841775cbc7d62660b9bc860e7f30c775b51721a4ec771adbd5ae843fc718,9a9616251d881acfd4df07a1ffa76357efc4d87309fef7e0b523fc0d28fc1808
pick-place-v3,101,17,SCANA-R,98018,1,1,8717841775cbc7d62660b9bc860e7f30c775b51721a4ec771adbd5ae843fc718,d9d69f0f55a7f0336ecc6b6e8347de6051ac3e927917f2c221ea1e58e5c34f0b
pick-place-v3,101,17,SCANA-R,98019,1,0,8717841775cbc7d62660b9bc860e7f30c775b51721a4ec771adbd5ae843fc718,f8b25b086642a5e9686e707dffed2f5ab3dee4fc12c0d44106023258df93ec9c
pick-place-v3,101,29,Clean repeat,98000,0,0,94157c330690b195d8135ccdb8cd3a3bfb356d02c9c6c3aacd45dec5be333303,39aea17b1b4d416c028a57e636f00095c3cabdebc0dec6b0160ec4df7876c5bf
pick-place-v3,101,29,Clean repeat,98001,1,1,94157c330690b195d8135ccdb8cd3a3bfb356d02c9c6c3aacd45dec5be333303,dcfbef6f2546a32d083a8107119cfe202d08ecd9e588a6c51e5393002e119fbe
pick-place-v3,101,29,Clean repeat,98002,1,0,94157c330690b195d8135ccdb8cd3a3bfb356d02c9c6c3aacd45dec5be333303,db903585b1b9c8b3cef3d79c80603966b3d62a3356de9eae385f4801bf67e4be
pick-place-v3,101,29,Clean repeat,98003,0,0,94157c330690b195d8135ccdb8cd3a3bfb356d02c9c6c3aacd45dec5be333303,5b360279bc269c2abc46e163a644c8605c485532bf0aca0f12c3c9c3f0d9f572
pick-place-v3,101,29,Clean repeat,98004,0,0,94157c330690b195d8135ccdb8cd3a3bfb356d02c9c6c3aacd45dec5be333303,f04e2e688ea31fa9e3347c2092bde77c14d531eaae0c97f79a2bfe0f3244cc30
pick-place-v3,101,29,Clean repeat,98005,0,0,94157c330690b195d8135ccdb8cd3a3bfb356d02c9c6c3aacd45dec5be333303,1321830aeb496a03fc30e6cae0f3d81e07507ffb4cbcd651278effccc4f5c2ad
pick-place-v3,101,29,Clean repeat,98006,1,1,94157c330690b195d8135ccdb8cd3a3bfb356d02c9c6c3aacd45dec5be333303,89ee92b1be376b345821744324bc39799ac0f3c001d9f95010a8b995b50774d3
pick-place-v3,101,29,Clean repeat,98007,1,1,94157c330690b195d8135ccdb8cd3a3bfb356d02c9c6c3aacd45dec5be333303,2ea282907edc5785aee0741ac593e27ec04c114a872ae30d0104a9b363ff5574
pick-place-v3,101,29,Clean repeat,98008,0,0,94157c330690b195d8135ccdb8cd3a3bfb356d02c9c6c3aacd45dec5be333303,fc325cd794771978b16a08cab5a8652b14f09f1620c18224c6eabf20f85cb3b2
pick-place-v3,101,29,Clean repeat,98009,0,0,94157c330690b195d8135ccdb8cd3a3bfb356d02c9c6c3aacd45dec5be333303,ea6f9699092f3dca114f2314e67254509fa62cc776fbc67b7816ccddaa4d3b29
pick-place-v3,101,29,Clean repeat,98010,1,0,94157c330690b195d8135ccdb8cd3a3bfb356d02c9c6c3aacd45dec5be333303,4e8e96dae1196af07104bdf77c58ac796d17af8841b4924558b9697cb8c599c1
pick-place-v3,101,29,Clean repeat,98011,1,1,94157c330690b195d8135ccdb8cd3a3bfb356d02c9c6c3aacd45dec5be333303,75909537ee14aa49e49996222b0642d8f4e9ee56aaf207376025c58e3df83b6f
pick-place-v3,101,29,Clean repeat,98012,0,0,94157c330690b195d8135ccdb8cd3a3bfb356d02c9c6c3aacd45dec5be333303,64d121dd63c457f679d9eadd025babb161d4d190972e07c6eb97b015bc56c690
pick-place-v3,101,29,Clean repeat,98013,1,1,94157c330690b195d8135ccdb8cd3a3bfb356d02c9c6c3aacd45dec5be333303,3a7bb1f9d58964a290bd3ba95594765146ca015fcd85f9eddb2164e9feff1665
pick-place-v3,101,29,Clean repeat,98014,1,1,94157c330690b195d8135ccdb8cd3a3bfb356d02c9c6c3aacd45dec5be333303,059f29a2d105877cd07b017b9af57979dab78d0f5bf9ebca298c0e1e9426e01f
pick-place-v3,101,29,Clean repeat,98015,1,1,94157c330690b195d8135ccdb8cd3a3bfb356d02c9c6c3aacd45dec5be333303,49d88c94ea16430ba937207060dad15d51d50e9c9e436951efe798712f776577
pick-place-v3,101,29,Clean repeat,98016,1,1,94157c330690b195d8135ccdb8cd3a3bfb356d02c9c6c3aacd45dec5be333303,9703fcb648b3a25ccd2c2698c19a6526a97ed95671b3772a4bb2c1aacc64b51c
pick-place-v3,101,29,Clean repeat,98017,1,0,94157c330690b195d8135ccdb8cd3a3bfb356d02c9c6c3aacd45dec5be333303,442aeb67152d3413d961ac30708e553d28b2a5c04973c1ec78b713eae7b075ed
pick-place-v3,101,29,Clean repeat,98018,1,1,94157c330690b195d8135ccdb8cd3a3bfb356d02c9c6c3aacd45dec5be333303,98cd3a620d8dca64fdb883fc14a1696cef49b3ddeca2df20a6955af2cbdaceec
pick-place-v3,101,29,Clean repeat,98019,1,0,94157c330690b195d8135ccdb8cd3a3bfb356d02c9c6c3aacd45dec5be333303,6fa8c525e9e42563cd9cbaefdd612b07fa2b5796d193a1746037885b19c9c11c
pick-place-v3,101,29,Gaussian recovery,98000,0,0,a4c431f700c046855ff4bbbc38b105a00cf55da62a2fbf790950d417eb60edf2,a995b96e21c7c5bf33d3517923d78af3de6cc747e59c88e512e042f618e44d85
pick-place-v3,101,29,Gaussian recovery,98001,0,0,a4c431f700c046855ff4bbbc38b105a00cf55da62a2fbf790950d417eb60edf2,f485609a676bc2cbbff2f335928b7d8153a90fc2d288db5bbc46aa97ff488c36
pick-place-v3,101,29,Gaussian recovery,98002,1,0,a4c431f700c046855ff4bbbc38b105a00cf55da62a2fbf790950d417eb60edf2,2d8eea6dc9a2eff5e45e66a75fe9315257827355dd3d0cf4608fbd98359788b9
pick-place-v3,101,29,Gaussian recovery,98003,1,1,a4c431f700c046855ff4bbbc38b105a00cf55da62a2fbf790950d417eb60edf2,3410c15eba667bd84106b567af0fee9333e0aa5a647e9aecb56e04daa37ec678
pick-place-v3,101,29,Gaussian recovery,98004,0,0,a4c431f700c046855ff4bbbc38b105a00cf55da62a2fbf790950d417eb60edf2,ace6bc932e37f5ee4f20f2b334dae680747b794e2aa5ebc36e6b4c4b1bed68ec
pick-place-v3,101,29,Gaussian recovery,98005,1,0,a4c431f700c046855ff4bbbc38b105a00cf55da62a2fbf790950d417eb60edf2,2199432b7be9bc73affbf2abd9a2587d059d21d6a86dd93e1dc3998588ab3df1
pick-place-v3,101,29,Gaussian recovery,98006,1,1,a4c431f700c046855ff4bbbc38b105a00cf55da62a2fbf790950d417eb60edf2,5775d75f7674982ae8a1d8277fe0f40d7f84992bc0afdd6afec1330f6daa9a4a
pick-place-v3,101,29,Gaussian recovery,98007,1,1,a4c431f700c046855ff4bbbc38b105a00cf55da62a2fbf790950d417eb60edf2,8fb37306d0407ce41ecffb42c5421f247eca34e5bb6d10e9e836f2f5fd6b8816
pick-place-v3,101,29,Gaussian recovery,98008,1,1,a4c431f700c046855ff4bbbc38b105a00cf55da62a2fbf790950d417eb60edf2,8789b0ef2e307fb5096a3651c38d0faea69c146a77f51ab16710f0908a5e123b
pick-place-v3,101,29,Gaussian recovery,98009,0,0,a4c431f700c046855ff4bbbc38b105a00cf55da62a2fbf790950d417eb60edf2,e6a1e81d75e9996a5e38875bb3c3758382e0d162cf2340b7cffcbc696bc684f4
pick-place-v3,101,29,Gaussian recovery,98010,0,0,a4c431f700c046855ff4bbbc38b105a00cf55da62a2fbf790950d417eb60edf2,3e3a561b22a76dc44a67b34e62dfdffb10b45fcce6ccb18b3fbc3c93ee0c8be6
pick-place-v3,101,29,Gaussian recovery,98011,1,1,a4c431f700c046855ff4bbbc38b105a00cf55da62a2fbf790950d417eb60edf2,c86a69f4bddc776f90ebd1cacec40a22bfa123e8e23d69da566726a7c661048e
pick-place-v3,101,29,Gaussian recovery,98012,0,0,a4c431f700c046855ff4bbbc38b105a00cf55da62a2fbf790950d417eb60edf2,85cc1974637c01a76b017862c470c419710eb58ba2437c36a0b4be95db9fa438
pick-place-v3,101,29,Gaussian recovery,98013,1,1,a4c431f700c046855ff4bbbc38b105a00cf55da62a2fbf790950d417eb60edf2,ff147be256214549a5927f5957707dcbfbfa1a8dddb21922a548290547bd4aeb
pick-place-v3,101,29,Gaussian recovery,98014,1,0,a4c431f700c046855ff4bbbc38b105a00cf55da62a2fbf790950d417eb60edf2,7100ff1e726aecf279fd0a8b99f92c7f24da85301b05f4a899cf8f6ed0368d38
pick-place-v3,101,29,Gaussian recovery,98015,1,1,a4c431f700c046855ff4bbbc38b105a00cf55da62a2fbf790950d417eb60edf2,49bf8c96f0dcb36921f53d71d38cf89a03a073812608346e8a160ce262084bcc
pick-place-v3,101,29,Gaussian recovery,98016,1,0,a4c431f700c046855ff4bbbc38b105a00cf55da62a2fbf790950d417eb60edf2,120bae611de3fa45e80ce7d488cb8f6eeae3bb981d1dc248c01a61aa737e150e
pick-place-v3,101,29,Gaussian recovery,98017,0,0,a4c431f700c046855ff4bbbc38b105a00cf55da62a2fbf790950d417eb60edf2,97dc35153a418df9059138d5265722da6e8e721abd5f0650b7abe54cfcd00648
pick-place-v3,101,29,Gaussian recovery,98018,1,1,a4c431f700c046855ff4bbbc38b105a00cf55da62a2fbf790950d417eb60edf2,547121ef891f49ab5f59305908d5312b7914aaec17ee8df89306268908468f0b
pick-place-v3,101,29,Gaussian recovery,98019,0,0,a4c431f700c046855ff4bbbc38b105a00cf55da62a2fbf790950d417eb60edf2,b88996cdf09f73e584ff18d476b68e73bc40ef9ff15b446538847457b902fc05
pick-place-v3,101,29,SCANA-R,98000,0,0,0a4e19cb2ffaf6981ffbe18997228ba1013c74289b2152444dc9292486708fa1,0397f9616ec2b3fbf03c8c92696beb9b9b6e4f883e9c214421cba66fe300798e
pick-place-v3,101,29,SCANA-R,98001,1,1,0a4e19cb2ffaf6981ffbe18997228ba1013c74289b2152444dc9292486708fa1,e6302f5fd08478fd6edc21c04f232ed4e67b2243a6486fd5f3e7059a921914d2
pick-place-v3,101,29,SCANA-R,98002,1,1,0a4e19cb2ffaf6981ffbe18997228ba1013c74289b2152444dc9292486708fa1,cc47cf12f09d833063563a7a5b2fd468bd04aa15f299c61e0ccbb5dd2e3221da
pick-place-v3,101,29,SCANA-R,98003,0,0,0a4e19cb2ffaf6981ffbe18997228ba1013c74289b2152444dc9292486708fa1,c4c117bf52daeac3ca86b84393857b4dfc59666ef956be624001c596cead6520
pick-place-v3,101,29,SCANA-R,98004,1,1,0a4e19cb2ffaf6981ffbe18997228ba1013c74289b2152444dc9292486708fa1,3227a201a2849acd212ce60367f2e0c049bc18d21621226af271a82dd1123274
pick-place-v3,101,29,SCANA-R,98005,1,0,0a4e19cb2ffaf6981ffbe18997228ba1013c74289b2152444dc9292486708fa1,4816218daa2afa8bfeeb6a1a8100fa5f8b7fed1192d34fd2f541df96ef5f092c
pick-place-v3,101,29,SCANA-R,98006,1,1,0a4e19cb2ffaf6981ffbe18997228ba1013c74289b2152444dc9292486708fa1,479c0bd93c8777bec5df4c6bf7350403c9ef8c061898bf3b11b4759a6241f141
pick-place-v3,101,29,SCANA-R,98007,1,1,0a4e19cb2ffaf6981ffbe18997228ba1013c74289b2152444dc9292486708fa1,5c89781df3f55f8516c98064b3a0a21a22b34826fb843ec19aec8449bc0bb8f1
pick-place-v3,101,29,SCANA-R,98008,1,1,0a4e19cb2ffaf6981ffbe18997228ba1013c74289b2152444dc9292486708fa1,7a94de46b08839405f76ff737897f02f088d02caecb2fc284ab01fb32ae41619
pick-place-v3,101,29,SCANA-R,98009,0,0,0a4e19cb2ffaf6981ffbe18997228ba1013c74289b2152444dc9292486708fa1,b05458e620d8c8487cc76533a2f0304fe0317281510a18fa4bdfb9fa6ff6307f
pick-place-v3,101,29,SCANA-R,98010,0,0,0a4e19cb2ffaf6981ffbe18997228ba1013c74289b2152444dc9292486708fa1,092c19ea8845ad036151d59c1c71793f6b6cab6d0ae1feba9f74d8ff7acd3d08
pick-place-v3,101,29,SCANA-R,98011,1,1,0a4e19cb2ffaf6981ffbe18997228ba1013c74289b2152444dc9292486708fa1,134404680e284f4ba2e5b9ebd6cefdedbe00d97410b25ba9c45872fa8db0ed2e
pick-place-v3,101,29,SCANA-R,98012,0,0,0a4e19cb2ffaf6981ffbe18997228ba1013c74289b2152444dc9292486708fa1,c79ad0caa94751eb14c79093de6aba327f2f179b5683f2059c618ca8039b12d8
pick-place-v3,101,29,SCANA-R,98013,1,1,0a4e19cb2ffaf6981ffbe18997228ba1013c74289b2152444dc9292486708fa1,d358c9b10e2fd0a32de67f9b6506c466154d4ea7efc678e85c170f956fc56769
pick-place-v3,101,29,SCANA-R,98014,1,0,0a4e19cb2ffaf6981ffbe18997228ba1013c74289b2152444dc9292486708fa1,bcaa5b128632b254120dc7851ae54d584fe7f5b7e09c24b9eb707365ecfd8dc1
pick-place-v3,101,29,SCANA-R,98015,1,1,0a4e19cb2ffaf6981ffbe18997228ba1013c74289b2152444dc9292486708fa1,17f6977d17b070192a8d5a9ea48961baf6cbc89821d094406ef42ede807ee986
pick-place-v3,101,29,SCANA-R,98016,1,0,0a4e19cb2ffaf6981ffbe18997228ba1013c74289b2152444dc9292486708fa1,e80f189edd93c41c1b891959a55eed6ebeb5236ce594164adc4bb1d4e1876c49
pick-place-v3,101,29,SCANA-R,98017,0,0,0a4e19cb2ffaf6981ffbe18997228ba1013c74289b2152444dc9292486708fa1,62b50cada3d3bb6a8030ee2bc4dc3e2547d7d99b374bb94df497a89cc262f69c
pick-place-v3,101,29,SCANA-R,98018,1,1,0a4e19cb2ffaf6981ffbe18997228ba1013c74289b2152444dc9292486708fa1,2332779c399ce200bb4bdf496b68dfe7cc1875b2e74f01236a1db640906094b0
pick-place-v3,101,29,SCANA-R,98019,0,0,0a4e19cb2ffaf6981ffbe18997228ba1013c74289b2152444dc9292486708fa1,0542c92352dc7f2f7247eb9aeac2355cbdbf25e6e7b9e45354e4061ee121748c
pick-place-v3,101,43,Clean repeat,98000,0,0,6b71ba5694e9d4dc4b2b2a4763d76fda0299c6ebf73f408d4a4e9956f00df14a,723e54ec6ff97d9cf3a5c5070c3d1510dee313fcd811bfee2085e9b5fe88c57a
pick-place-v3,101,43,Clean repeat,98001,1,1,6b71ba5694e9d4dc4b2b2a4763d76fda0299c6ebf73f408d4a4e9956f00df14a,6048f4cbe616833b33df68c70f9e1b74990e95ac5c6e5d0e49a880be0d017016
pick-place-v3,101,43,Clean repeat,98002,1,1,6b71ba5694e9d4dc4b2b2a4763d76fda0299c6ebf73f408d4a4e9956f00df14a,2e0d0a6f004e26dd8dfe62aa70e823a687c687b88d7f276765ccca7832cf789e
pick-place-v3,101,43,Clean repeat,98003,1,1,6b71ba5694e9d4dc4b2b2a4763d76fda0299c6ebf73f408d4a4e9956f00df14a,f72c64459b330221e8aeaa1d0712fd28b4249becf54147ba33fb78a067d51a50
pick-place-v3,101,43,Clean repeat,98004,1,1,6b71ba5694e9d4dc4b2b2a4763d76fda0299c6ebf73f408d4a4e9956f00df14a,c0e41f4fa17a3e43a5890136989ba456eebac7ba3535f01fa23317592dade2fb
pick-place-v3,101,43,Clean repeat,98005,1,0,6b71ba5694e9d4dc4b2b2a4763d76fda0299c6ebf73f408d4a4e9956f00df14a,ffb9efae8e6ef90e28a914e64215fa780b0746499324b0495905eb01cc0d81fc
pick-place-v3,101,43,Clean repeat,98006,1,1,6b71ba5694e9d4dc4b2b2a4763d76fda0299c6ebf73f408d4a4e9956f00df14a,410749f5dc3a76daac8bbe8c98e7b5fc05047e8d64e0bbb736cfd3a3fa08bfa9
pick-place-v3,101,43,Clean repeat,98007,1,1,6b71ba5694e9d4dc4b2b2a4763d76fda0299c6ebf73f408d4a4e9956f00df14a,a7e57afb41a16e3bdfa1703dfed3b76eb01fb2ffb7fc630e2377a9293bb280f5
pick-place-v3,101,43,Clean repeat,98008,1,1,6b71ba5694e9d4dc4b2b2a4763d76fda0299c6ebf73f408d4a4e9956f00df14a,5fa83176e9ffc040effb6d11366f495bca9b3ad4ea63fde82f36f96e8805e72f
pick-place-v3,101,43,Clean repeat,98009,0,0,6b71ba5694e9d4dc4b2b2a4763d76fda0299c6ebf73f408d4a4e9956f00df14a,fcdbc84fc27ced65c799b44a9a987a6e8f47df9d1052b20a212f4f1963ab97b6
pick-place-v3,101,43,Clean repeat,98010,1,1,6b71ba5694e9d4dc4b2b2a4763d76fda0299c6ebf73f408d4a4e9956f00df14a,373012ce90ceb1773f06476de138e06fb93b4ccda5c626d0680a3950a07b3dd9
pick-place-v3,101,43,Clean repeat,98011,1,1,6b71ba5694e9d4dc4b2b2a4763d76fda0299c6ebf73f408d4a4e9956f00df14a,518e0d3ae92485ca54ec52b88707647ed18552c0b01969ec393eb2e1d16775d5
pick-place-v3,101,43,Clean repeat,98012,0,0,6b71ba5694e9d4dc4b2b2a4763d76fda0299c6ebf73f408d4a4e9956f00df14a,51efa01c4f6f5bb159a59450102296f04cac77eeb031b6d37679f20b84cf795b
pick-place-v3,101,43,Clean repeat,98013,1,1,6b71ba5694e9d4dc4b2b2a4763d76fda0299c6ebf73f408d4a4e9956f00df14a,dee86881d1e36f9cb8b9aa8f2b07c3cd68144db94a91c8d697ddca8c184fd2c6
pick-place-v3,101,43,Clean repeat,98014,1,1,6b71ba5694e9d4dc4b2b2a4763d76fda0299c6ebf73f408d4a4e9956f00df14a,2e27eb964430d9445229a617ec59b199623113d9ed32968ee46a97ea6195acc5
pick-place-v3,101,43,Clean repeat,98015,1,1,6b71ba5694e9d4dc4b2b2a4763d76fda0299c6ebf73f408d4a4e9956f00df14a,f3ed8672bd5860d94764be6d554bb0640788098c2c1956ef28b1e9fdfbd653e4
pick-place-v3,101,43,Clean repeat,98016,1,0,6b71ba5694e9d4dc4b2b2a4763d76fda0299c6ebf73f408d4a4e9956f00df14a,45e8843b1cb7bb59476e3654d319e6cd064af33881cd5e860aa9550e8baf7be7
pick-place-v3,101,43,Clean repeat,98017,1,1,6b71ba5694e9d4dc4b2b2a4763d76fda0299c6ebf73f408d4a4e9956f00df14a,d0c69fec8e0c3d9659827cd3b4d6f488c15a09284062b0ecca05e3ba25b04d94
pick-place-v3,101,43,Clean repeat,98018,1,1,6b71ba5694e9d4dc4b2b2a4763d76fda0299c6ebf73f408d4a4e9956f00df14a,dc81beb17cd8aaa7c15d7ffe4d79653e3ba1972bab8df173be50beb814d6773a
pick-place-v3,101,43,Clean repeat,98019,1,0,6b71ba5694e9d4dc4b2b2a4763d76fda0299c6ebf73f408d4a4e9956f00df14a,5d00fa44d03a498ccc8e6f5910145aaa16c6ad7fecbdcdbd972f6ee3b7302ba3
pick-place-v3,101,43,Gaussian recovery,98000,0,0,04568ab547c88aa7ca170d713f903b53acb2fd90b02f8580c7dcec19014005c4,2878364d3e6665ba8ac77cfba3683f17a0ef299af9aa6abf89b510c246cb3084
pick-place-v3,101,43,Gaussian recovery,98001,1,1,04568ab547c88aa7ca170d713f903b53acb2fd90b02f8580c7dcec19014005c4,f1808e49ea8077b51e31bcc0f14e816cc817d062be429d6fc518690e6c8d1548
pick-place-v3,101,43,Gaussian recovery,98002,0,0,04568ab547c88aa7ca170d713f903b53acb2fd90b02f8580c7dcec19014005c4,8cf29f57242ab387acb74f046d872c2e6c463a0b20ea38f4eb419683a38caee5
pick-place-v3,101,43,Gaussian recovery,98003,0,0,04568ab547c88aa7ca170d713f903b53acb2fd90b02f8580c7dcec19014005c4,50932efac9324f59390a5f7a452100f380b4a25cfe21268dbb51410440f0857e
pick-place-v3,101,43,Gaussian recovery,98004,0,0,04568ab547c88aa7ca170d713f903b53acb2fd90b02f8580c7dcec19014005c4,10cfed2eed67e7fb24b9ad9b18a3ae599178980503794928528b019ac65c9984
pick-place-v3,101,43,Gaussian recovery,98005,1,1,04568ab547c88aa7ca170d713f903b53acb2fd90b02f8580c7dcec19014005c4,99ad993df4012253c9d57cbafeef32745e922246bd91b5eda2cf5a7fcdefee2f
pick-place-v3,101,43,Gaussian recovery,98006,1,1,04568ab547c88aa7ca170d713f903b53acb2fd90b02f8580c7dcec19014005c4,d9470df975f64fb856ca69cdfcee6b9d670ac9912b731ca2fb6deedf912792a7
pick-place-v3,101,43,Gaussian recovery,98007,1,1,04568ab547c88aa7ca170d713f903b53acb2fd90b02f8580c7dcec19014005c4,4916ba9ae886bbe99c658f91f63e887a19f372923d8a46ab1801846e80c33794
pick-place-v3,101,43,Gaussian recovery,98008,1,1,04568ab547c88aa7ca170d713f903b53acb2fd90b02f8580c7dcec19014005c4,e6f2e01f3c514c714e37c0d2465c439aa19078b1d8463cafcead2f1f9a2a8ba8
pick-place-v3,101,43,Gaussian recovery,98009,1,1,04568ab547c88aa7ca170d713f903b53acb2fd90b02f8580c7dcec19014005c4,fa919d2a2e6b4df2e5196578a16f1bf4bf54bf96b41ca4fdd0296c5c525a7589
pick-place-v3,101,43,Gaussian recovery,98010,1,1,04568ab547c88aa7ca170d713f903b53acb2fd90b02f8580c7dcec19014005c4,52112c68342a4451cecd6e762b728dd22207f9dca062e9030deb502a242d6fe0
pick-place-v3,101,43,Gaussian recovery,98011,1,1,04568ab547c88aa7ca170d713f903b53acb2fd90b02f8580c7dcec19014005c4,cedea03270fd5c84aa83e7d77a2049a604f09ee3b183756e05ecc9900f061fa0
pick-place-v3,101,43,Gaussian recovery,98012,0,0,04568ab547c88aa7ca170d713f903b53acb2fd90b02f8580c7dcec19014005c4,bde2fa43e63212ecf62f1f7bf2fbe4470ec09a907599050fb31ed784d42a6fd6
pick-place-v3,101,43,Gaussian recovery,98013,1,1,04568ab547c88aa7ca170d713f903b53acb2fd90b02f8580c7dcec19014005c4,9978ee9e1b3aabcfde9f62ce82e7d231c6a82c959b422426533611df9fb080b0
pick-place-v3,101,43,Gaussian recovery,98014,1,0,04568ab547c88aa7ca170d713f903b53acb2fd90b02f8580c7dcec19014005c4,07a0ecf880ec3ac1c4131d85614878e3d53462799a29fc6400367a87e6d74749
pick-place-v3,101,43,Gaussian recovery,98015,0,0,04568ab547c88aa7ca170d713f903b53acb2fd90b02f8580c7dcec19014005c4,30500280a4c0f2a005a63a9009033e074c250a3a28b515b4d3497bb835db6730
pick-place-v3,101,43,Gaussian recovery,98016,1,0,04568ab547c88aa7ca170d713f903b53acb2fd90b02f8580c7dcec19014005c4,7a98af2337affb0612a0fd3635ba07d893a4174c38187a112ce4f0531108e6b2
pick-place-v3,101,43,Gaussian recovery,98017,0,0,04568ab547c88aa7ca170d713f903b53acb2fd90b02f8580c7dcec19014005c4,089a2d693efa5f77176b0e258a048a24a3a25909d81ca1bc5076f3ab61e247c7
pick-place-v3,101,43,Gaussian recovery,98018,1,1,04568ab547c88aa7ca170d713f903b53acb2fd90b02f8580c7dcec19014005c4,dce4d86d462564bde7620dd46baca966e2dd1105e9e07a8d0050153dcbcb27f1
pick-place-v3,101,43,Gaussian recovery,98019,1,0,04568ab547c88aa7ca170d713f903b53acb2fd90b02f8580c7dcec19014005c4,9188eefdf2c181d132de9b9c80faa8366e19ccfe9cda6362ab5e0d26980d2414
pick-place-v3,101,43,SCANA-R,98000,0,0,26ff3e2475745e113e1901f142ce99c793d74241144219bdaebf9c6f7e965f3d,803edc2772a446e6c6a4f6433622edd416306911a46ef8facd88c90212171bad
pick-place-v3,101,43,SCANA-R,98001,1,1,26ff3e2475745e113e1901f142ce99c793d74241144219bdaebf9c6f7e965f3d,288f5f32270df3aa3a9138ac412835e19881b163c9c37cd89cc3549ae81ea80a
pick-place-v3,101,43,SCANA-R,98002,0,0,26ff3e2475745e113e1901f142ce99c793d74241144219bdaebf9c6f7e965f3d,7c298d78ff86fbbf24711a073d9223c3665f9c02b13f7738f3b792847b919a2f
pick-place-v3,101,43,SCANA-R,98003,0,0,26ff3e2475745e113e1901f142ce99c793d74241144219bdaebf9c6f7e965f3d,72cbdbe28a5417500f16e876062158d9af3e87ae0943acf8198e4e974312c7cc
pick-place-v3,101,43,SCANA-R,98004,1,0,26ff3e2475745e113e1901f142ce99c793d74241144219bdaebf9c6f7e965f3d,ec824b8a5a6972402203f6a264d83d7f5095666afdd15c3e096e297525fedb6a
pick-place-v3,101,43,SCANA-R,98005,1,0,26ff3e2475745e113e1901f142ce99c793d74241144219bdaebf9c6f7e965f3d,b73bbeea6675965e349e0302bfc60c15b82c07d5a4debf41b1ca5f79dd4758c6
pick-place-v3,101,43,SCANA-R,98006,1,1,26ff3e2475745e113e1901f142ce99c793d74241144219bdaebf9c6f7e965f3d,f3a67e1dbf417037248100ee6db97fd63f381426798929f884f586fc604f8447
pick-place-v3,101,43,SCANA-R,98007,0,0,26ff3e2475745e113e1901f142ce99c793d74241144219bdaebf9c6f7e965f3d,fad33991d9742661948d61c762c4e96aa9d2294b64fb2286f3dcd50874063668
pick-place-v3,101,43,SCANA-R,98008,1,1,26ff3e2475745e113e1901f142ce99c793d74241144219bdaebf9c6f7e965f3d,e6ab15f3b80519ef815ce4ad0b3b4a7f9dab56154e4be1c87e37f5d19f7f7832
pick-place-v3,101,43,SCANA-R,98009,1,1,26ff3e2475745e113e1901f142ce99c793d74241144219bdaebf9c6f7e965f3d,8ae061dbfbb22e9d9d5bc3ea0bd7f818e299ff82bd65f9641d2910cb67815a74
pick-place-v3,101,43,SCANA-R,98010,1,1,26ff3e2475745e113e1901f142ce99c793d74241144219bdaebf9c6f7e965f3d,0f298bfd51fb30e02c4ca9e32e7e40432f0015de8adefc47b4a51cd089c5eedd
pick-place-v3,101,43,SCANA-R,98011,1,1,26ff3e2475745e113e1901f142ce99c793d74241144219bdaebf9c6f7e965f3d,66be1eab110ba258685d87532860474c62cf3538f3826b10031a61172f17ab8e
pick-place-v3,101,43,SCANA-R,98012,0,0,26ff3e2475745e113e1901f142ce99c793d74241144219bdaebf9c6f7e965f3d,8884b15a0e5043e889c94dac1dbfe02a80c15b5ee1e0334ffd9b9ada6b3648ec
pick-place-v3,101,43,SCANA-R,98013,1,1,26ff3e2475745e113e1901f142ce99c793d74241144219bdaebf9c6f7e965f3d,e4cdfa07437b58652ec12b51751932adbf9ff85a26f9414320fddfc05d43189d
pick-place-v3,101,43,SCANA-R,98014,0,0,26ff3e2475745e113e1901f142ce99c793d74241144219bdaebf9c6f7e965f3d,09c975c34e24dde766f8c3a70a0ebe47ec2cd03e440ca9947461ffc513d1bd9b
pick-place-v3,101,43,SCANA-R,98015,0,0,26ff3e2475745e113e1901f142ce99c793d74241144219bdaebf9c6f7e965f3d,373b1e9da75f67a42a9090b3ef3a0fdf7b7332f1b63fce9a0c518879d1b48a37
pick-place-v3,101,43,SCANA-R,98016,1,0,26ff3e2475745e113e1901f142ce99c793d74241144219bdaebf9c6f7e965f3d,85824ae0e698815de973175816f11850a602c0dab163ba271f1ccdb1bd53b90f
pick-place-v3,101,43,SCANA-R,98017,0,0,26ff3e2475745e113e1901f142ce99c793d74241144219bdaebf9c6f7e965f3d,bd054aabb1a911d58d24d1b8855099c06802d07a82bed76b6c13b8167d8f3b30
pick-place-v3,101,43,SCANA-R,98018,1,1,26ff3e2475745e113e1901f142ce99c793d74241144219bdaebf9c6f7e965f3d,a97b002dc55e5ae1d3148cc15617e133d61f0d0ad500982f40c67051ee68a3f3
pick-place-v3,101,43,SCANA-R,98019,1,1,26ff3e2475745e113e1901f142ce99c793d74241144219bdaebf9c6f7e965f3d,236961b23c8117cbefddcdb5c11964da5b5be5799e1db349ed95a381b81ee745
pick-place-v3,211,17,Clean repeat,98000,1,1,10dd1066def6877c38842a9bf8e3355e40e15cac8983a88edfb8508d099b88f9,248f75c254dee6fb899948a448ada9c4c7c689bb2f59e2ecf5b8e8ec9d26fe10
pick-place-v3,211,17,Clean repeat,98001,1,1,10dd1066def6877c38842a9bf8e3355e40e15cac8983a88edfb8508d099b88f9,755b1651063e6da3f4ee19dbf80258b9c98380d76e81a918ee9ff738487ddf60
pick-place-v3,211,17,Clean repeat,98002,1,1,10dd1066def6877c38842a9bf8e3355e40e15cac8983a88edfb8508d099b88f9,fb13f81f8351b3e20a807b9502e64d598372d9fafe683613ed157a58674c5393
pick-place-v3,211,17,Clean repeat,98003,0,0,10dd1066def6877c38842a9bf8e3355e40e15cac8983a88edfb8508d099b88f9,7f7ec8833c6f7f53666b0b274cfd7eed3197e0a0a60302c896e7c71722d4873d
pick-place-v3,211,17,Clean repeat,98004,1,0,10dd1066def6877c38842a9bf8e3355e40e15cac8983a88edfb8508d099b88f9,d68faa38dd6237426681e53cf1af23ab935d506b4ba521aeabfff5324c8b8b36
pick-place-v3,211,17,Clean repeat,98005,0,0,10dd1066def6877c38842a9bf8e3355e40e15cac8983a88edfb8508d099b88f9,58d1962d4b21c9a3e16eacbe831a57db93837a55f9ff50ebcf97a913b3411465
pick-place-v3,211,17,Clean repeat,98006,1,1,10dd1066def6877c38842a9bf8e3355e40e15cac8983a88edfb8508d099b88f9,3e5850ea3121c8a9a157c3d1d84ce29f7ee98de08d7cf2ec74df9a90fd9df689
pick-place-v3,211,17,Clean repeat,98007,1,1,10dd1066def6877c38842a9bf8e3355e40e15cac8983a88edfb8508d099b88f9,e6b806b2474324ba9d21b8e3d8c9497e9162b5198a6376c1611a208475e663fa
pick-place-v3,211,17,Clean repeat,98008,1,0,10dd1066def6877c38842a9bf8e3355e40e15cac8983a88edfb8508d099b88f9,981139c7e33561743fff30888a7adb3a7d40153dabb0e5b3db4d1b706cf2920c
pick-place-v3,211,17,Clean repeat,98009,1,1,10dd1066def6877c38842a9bf8e3355e40e15cac8983a88edfb8508d099b88f9,e3a74c2190a4594ea7b0a100e7045df983a28f8deaa0d3ba82263b174afe0f07
pick-place-v3,211,17,Clean repeat,98010,1,1,10dd1066def6877c38842a9bf8e3355e40e15cac8983a88edfb8508d099b88f9,4f8cee2cff7ef9d748ce817f0969f20b07453f9004e4ee797aa58a72dd216a64
pick-place-v3,211,17,Clean repeat,98011,1,1,10dd1066def6877c38842a9bf8e3355e40e15cac8983a88edfb8508d099b88f9,ba85df98f234004b46f6c4716e2866110eb8b8b27f61a69e728352a3acf59e86
pick-place-v3,211,17,Clean repeat,98012,0,0,10dd1066def6877c38842a9bf8e3355e40e15cac8983a88edfb8508d099b88f9,c1e687d7540ce2a6c456b75720c561fba89c94872cd0fe18990f15e19481e9d3
pick-place-v3,211,17,Clean repeat,98013,1,1,10dd1066def6877c38842a9bf8e3355e40e15cac8983a88edfb8508d099b88f9,5b947d655b6f5c5f9433fcc79e0655e5b6bf878d1cf8fa3099840560975cb4ee
pick-place-v3,211,17,Clean repeat,98014,1,1,10dd1066def6877c38842a9bf8e3355e40e15cac8983a88edfb8508d099b88f9,a7c35b183601bd8148860cf70530d6f07aac8a4f29b1509e77e2efdac09115dc
pick-place-v3,211,17,Clean repeat,98015,1,1,10dd1066def6877c38842a9bf8e3355e40e15cac8983a88edfb8508d099b88f9,9843f7f76537e96178261db8c27574eccd50d7f759bb1ba69144515d678ce93e
pick-place-v3,211,17,Clean repeat,98016,1,1,10dd1066def6877c38842a9bf8e3355e40e15cac8983a88edfb8508d099b88f9,a8383f699f421a7314c12f0dbe45246b42e47c3712ff90b6ac1131acada542e9
pick-place-v3,211,17,Clean repeat,98017,1,1,10dd1066def6877c38842a9bf8e3355e40e15cac8983a88edfb8508d099b88f9,9a52d316577280f4e9393ce60b9abd23045383805f92f15ba0d7d6d2c07036d2
pick-place-v3,211,17,Clean repeat,98018,1,1,10dd1066def6877c38842a9bf8e3355e40e15cac8983a88edfb8508d099b88f9,41f1c6bf4b65b66d69831a974308325b9f06225320d9a556706026bc5c64d057
pick-place-v3,211,17,Clean repeat,98019,1,0,10dd1066def6877c38842a9bf8e3355e40e15cac8983a88edfb8508d099b88f9,62c8ac27ac0aec097eef6bdf6d49a62d4798902f6b67b8090da30daf83b6a333
pick-place-v3,211,17,Gaussian recovery,98000,1,1,78372a598420174b85716911ec51edfe01e1f2d385bee18e10e1ac70fe51104c,2ea27cc980f2076a0abc6ee287210036582af53b9072ed579a306e9aeb84037f
pick-place-v3,211,17,Gaussian recovery,98001,1,1,78372a598420174b85716911ec51edfe01e1f2d385bee18e10e1ac70fe51104c,10bd0170c8d6e1a51c353adc3c119d7fa8a93a0071fb06125cac7a81283b6414
pick-place-v3,211,17,Gaussian recovery,98002,0,0,78372a598420174b85716911ec51edfe01e1f2d385bee18e10e1ac70fe51104c,eb7d2491e72b038c1a6cef85a3f4276f2272420ff17e7fc3c0e5c83e1edaee12
pick-place-v3,211,17,Gaussian recovery,98003,1,1,78372a598420174b85716911ec51edfe01e1f2d385bee18e10e1ac70fe51104c,fefcf5dbdaa5f6cfe751864bfc92e8d4f1ccebf479d768bb601cca0029e77748
pick-place-v3,211,17,Gaussian recovery,98004,0,0,78372a598420174b85716911ec51edfe01e1f2d385bee18e10e1ac70fe51104c,4b1dd1990b78122f1cda2037eb407285e02d9a2c930b55cd6c1805013e131fb5
pick-place-v3,211,17,Gaussian recovery,98005,0,0,78372a598420174b85716911ec51edfe01e1f2d385bee18e10e1ac70fe51104c,cd0203867ae3e9a9af9accaf9a184a60b339a0e30541ae388e80cf11e5100e76
pick-place-v3,211,17,Gaussian recovery,98006,1,1,78372a598420174b85716911ec51edfe01e1f2d385bee18e10e1ac70fe51104c,b198030a65d0c75dc90705e1def2f0d18c05b914307a17be73fd29a5d4933397
pick-place-v3,211,17,Gaussian recovery,98007,1,1,78372a598420174b85716911ec51edfe01e1f2d385bee18e10e1ac70fe51104c,027adc774598a3e666465e5a42bea9701d154e02aeb283833f4e0258627f6827
pick-place-v3,211,17,Gaussian recovery,98008,0,0,78372a598420174b85716911ec51edfe01e1f2d385bee18e10e1ac70fe51104c,d3caeddeabd2d184061ca02adab697fb0547c2efe438f8a0b32be7367cf85e8d
pick-place-v3,211,17,Gaussian recovery,98009,1,1,78372a598420174b85716911ec51edfe01e1f2d385bee18e10e1ac70fe51104c,9ef9091a6dfd76212d34630e86df7c465ee3ba368c4e257511c52e9550f044d5
pick-place-v3,211,17,Gaussian recovery,98010,1,1,78372a598420174b85716911ec51edfe01e1f2d385bee18e10e1ac70fe51104c,e0184c814d2f488f852da5769ee739a7869612f6f62aee8882d4735c5120c472
pick-place-v3,211,17,Gaussian recovery,98011,1,1,78372a598420174b85716911ec51edfe01e1f2d385bee18e10e1ac70fe51104c,358dc9d8ea23bba5408e15263b2b10efb5d5341b1b26380807545b9d7934cf7c
pick-place-v3,211,17,Gaussian recovery,98012,0,0,78372a598420174b85716911ec51edfe01e1f2d385bee18e10e1ac70fe51104c,8b0bf0ac8ad04c94ad06948f34f9b9a883d21344236725fccbf57730a5a3a580
pick-place-v3,211,17,Gaussian recovery,98013,1,1,78372a598420174b85716911ec51edfe01e1f2d385bee18e10e1ac70fe51104c,3afe5668c449e1acb8c96a60e3b78c127005ac8818722f4bd4ddd3716798d122
pick-place-v3,211,17,Gaussian recovery,98014,1,1,78372a598420174b85716911ec51edfe01e1f2d385bee18e10e1ac70fe51104c,c17de932bfe254536cd9a59fdef76953a00966dbc3a3a30b80d0c4078b7063ce
pick-place-v3,211,17,Gaussian recovery,98015,0,0,78372a598420174b85716911ec51edfe01e1f2d385bee18e10e1ac70fe51104c,02b4c89deff60e7387d51b7c3dd22c59b907ea4f49cff5c60088d29d0940e157
pick-place-v3,211,17,Gaussian recovery,98016,1,1,78372a598420174b85716911ec51edfe01e1f2d385bee18e10e1ac70fe51104c,2b6e2e2d15bb7e6b7fda820a9ca73b968df47d4e5d9bdd39817cbf265cc9a4e5
pick-place-v3,211,17,Gaussian recovery,98017,0,0,78372a598420174b85716911ec51edfe01e1f2d385bee18e10e1ac70fe51104c,de46cd2d316b8d19f0eded8f8efbb6eaf27163c04c6e00d7db63ed52e8871f5e
pick-place-v3,211,17,Gaussian recovery,98018,1,1,78372a598420174b85716911ec51edfe01e1f2d385bee18e10e1ac70fe51104c,7823429ef72fbd571ce80caed0b91c30730dd13318d0b4b07d3858fb0e7fa34c
pick-place-v3,211,17,Gaussian recovery,98019,1,1,78372a598420174b85716911ec51edfe01e1f2d385bee18e10e1ac70fe51104c,f9a3485227603d75a1c0eae6baaa3224101ab1ff1539e49768442788b0ef5ea6
pick-place-v3,211,17,SCANA-R,98000,1,0,8dca683ebb15cf7f8497facc9fd21c921afe92db2514736226f79bbd593e84dc,1c06c676d4c17c064f5639864f094f7d1d8446a72f294c7863dfdc271a86ef7d
pick-place-v3,211,17,SCANA-R,98001,1,1,8dca683ebb15cf7f8497facc9fd21c921afe92db2514736226f79bbd593e84dc,5372f742a129f84727b5bf88871de1cf84a8ce88778402357c46e414df9d7416
pick-place-v3,211,17,SCANA-R,98002,0,0,8dca683ebb15cf7f8497facc9fd21c921afe92db2514736226f79bbd593e84dc,2d775018fa0f9a27aa8ca3f5ccb9d46ad2748635f706ab174b7d3001eb292de3
pick-place-v3,211,17,SCANA-R,98003,1,1,8dca683ebb15cf7f8497facc9fd21c921afe92db2514736226f79bbd593e84dc,ad986862a0fb704e2dfdeea8fd686c04516408cd0d02c2e426c01dd15291984d
pick-place-v3,211,17,SCANA-R,98004,1,1,8dca683ebb15cf7f8497facc9fd21c921afe92db2514736226f79bbd593e84dc,f2dfe29229335bb0964333e3c2d4961895b93d379f737c0eed639f6923015bfb
pick-place-v3,211,17,SCANA-R,98005,0,0,8dca683ebb15cf7f8497facc9fd21c921afe92db2514736226f79bbd593e84dc,8579cd31a500a12aabc1ab329a3f09afefcf17d7f4113ecbb181cfd21046e562
pick-place-v3,211,17,SCANA-R,98006,1,1,8dca683ebb15cf7f8497facc9fd21c921afe92db2514736226f79bbd593e84dc,f7fb9c2fe7b33e5403810a437cf6f8d0ed0afd02c9eadd4f9fdf0453a73b5887
pick-place-v3,211,17,SCANA-R,98007,1,1,8dca683ebb15cf7f8497facc9fd21c921afe92db2514736226f79bbd593e84dc,da72bb53bbef884991e2b1fe36ef61a35a55803998f447e648e41520f47272a7
pick-place-v3,211,17,SCANA-R,98008,0,0,8dca683ebb15cf7f8497facc9fd21c921afe92db2514736226f79bbd593e84dc,3c1250e4b9572de1ac2423cb251ef7e608282a4a6ddeb70005fe539c903ecf23
pick-place-v3,211,17,SCANA-R,98009,1,1,8dca683ebb15cf7f8497facc9fd21c921afe92db2514736226f79bbd593e84dc,9038aef72fb2d26394e7adc729c385fce263853e5b8d99e81eefba52ee1cf2d7
pick-place-v3,211,17,SCANA-R,98010,1,1,8dca683ebb15cf7f8497facc9fd21c921afe92db2514736226f79bbd593e84dc,c0c2abbe30a75ef1a09c388488ffaa1ba9f145b4a3c15448d6a7d7911f825fc0
pick-place-v3,211,17,SCANA-R,98011,1,1,8dca683ebb15cf7f8497facc9fd21c921afe92db2514736226f79bbd593e84dc,0e60b0978d34bd450ab83ce040c0daa082e51119fcaad3ac29b33ac1a28ee1a6
pick-place-v3,211,17,SCANA-R,98012,0,0,8dca683ebb15cf7f8497facc9fd21c921afe92db2514736226f79bbd593e84dc,32663e75591990943142197d203dd52b4b4007229fd4aca23272e0af33bafc38
pick-place-v3,211,17,SCANA-R,98013,1,1,8dca683ebb15cf7f8497facc9fd21c921afe92db2514736226f79bbd593e84dc,8a53af6af7ea307a91bd77d68061c45e3e9d06f92fa78d3b0937f6dc7d5b4675
pick-place-v3,211,17,SCANA-R,98014,1,1,8dca683ebb15cf7f8497facc9fd21c921afe92db2514736226f79bbd593e84dc,dbe2a182982944670350254d96eecdf84c827b588d33879bd5ca751909236cd7
pick-place-v3,211,17,SCANA-R,98015,0,0,8dca683ebb15cf7f8497facc9fd21c921afe92db2514736226f79bbd593e84dc,f90f91067a22631eb54bb9e6581a99c6fb84cde2c42e9df66b7e4a835250afc4
pick-place-v3,211,17,SCANA-R,98016,1,0,8dca683ebb15cf7f8497facc9fd21c921afe92db2514736226f79bbd593e84dc,836bcd3435cd713d306a6169d93b2e09f0be722ed2df9548c2f559e2320928d3
pick-place-v3,211,17,SCANA-R,98017,0,0,8dca683ebb15cf7f8497facc9fd21c921afe92db2514736226f79bbd593e84dc,5691a2875877c493a07cff31c80fe878a85688bc3cb9c72adc1c9db1eed30f1b
pick-place-v3,211,17,SCANA-R,98018,1,1,8dca683ebb15cf7f8497facc9fd21c921afe92db2514736226f79bbd593e84dc,0f45fda9bff163ae8485574172348c0d0fd125bab33a534acab64fbaabfd4a89
pick-place-v3,211,17,SCANA-R,98019,1,1,8dca683ebb15cf7f8497facc9fd21c921afe92db2514736226f79bbd593e84dc,8b32fa47a1f5ff1d691d18fe64cf3cedee6b4793263dc915855c63e5093639c5
pick-place-v3,211,29,Clean repeat,98000,1,1,af8b99c1a50bd91f4013da0fb86b2e3ce42e8b6c129c931f361803de3dfc68cc,03e88c32082845c116603f8c8457538f65f5e520493d142724b95d1285d9839e
pick-place-v3,211,29,Clean repeat,98001,1,1,af8b99c1a50bd91f4013da0fb86b2e3ce42e8b6c129c931f361803de3dfc68cc,328384efbedddd056344bd92678651a2c6862d893b3cd7bdc8f90bd0c4f0e3b1
pick-place-v3,211,29,Clean repeat,98002,1,1,af8b99c1a50bd91f4013da0fb86b2e3ce42e8b6c129c931f361803de3dfc68cc,a9f75d35991c1422e68ab3b675bb9ce043cd5ee2aa0b451e1c470b3ba619a2b2
pick-place-v3,211,29,Clean repeat,98003,1,1,af8b99c1a50bd91f4013da0fb86b2e3ce42e8b6c129c931f361803de3dfc68cc,0eaf04b7dd42cc1731aedc93382da21cee5a378f04219a60fdf5b38daaca87a8
pick-place-v3,211,29,Clean repeat,98004,1,1,af8b99c1a50bd91f4013da0fb86b2e3ce42e8b6c129c931f361803de3dfc68cc,ae6d70824aee93074aaf66abaa19ef58cc6b2cb1d1450f47dfd686fde9672daf
pick-place-v3,211,29,Clean repeat,98005,1,0,af8b99c1a50bd91f4013da0fb86b2e3ce42e8b6c129c931f361803de3dfc68cc,52e860bd8e5ca6d4c6583508da14513c9a4967a88c180be611c324632f3b1f1d
pick-place-v3,211,29,Clean repeat,98006,1,1,af8b99c1a50bd91f4013da0fb86b2e3ce42e8b6c129c931f361803de3dfc68cc,347517c76aa41fa91611207e1d6716db04844d1033566701972e9584cddf7a39
pick-place-v3,211,29,Clean repeat,98007,1,1,af8b99c1a50bd91f4013da0fb86b2e3ce42e8b6c129c931f361803de3dfc68cc,296cd79aee57df56a6ddecac837848af5f25116cbabff0ab105b8f07c0090732
pick-place-v3,211,29,Clean repeat,98008,1,0,af8b99c1a50bd91f4013da0fb86b2e3ce42e8b6c129c931f361803de3dfc68cc,a23c1473b6fc9370b38dc54b6f2b80e391303431c39e7e310f9fc630460c9384
pick-place-v3,211,29,Clean repeat,98009,1,0,af8b99c1a50bd91f4013da0fb86b2e3ce42e8b6c129c931f361803de3dfc68cc,5aa1795e20208ce554abc864994dd9ba03ea6f60a696f949ddec13e5bd16b24a
pick-place-v3,211,29,Clean repeat,98010,0,0,af8b99c1a50bd91f4013da0fb86b2e3ce42e8b6c129c931f361803de3dfc68cc,8f217601433ce72275872dacb141dc6b04ecf378f92c0946b6a691b9f54db60d
pick-place-v3,211,29,Clean repeat,98011,1,1,af8b99c1a50bd91f4013da0fb86b2e3ce42e8b6c129c931f361803de3dfc68cc,9bfd563fbf64ec63adb226c566e82f85323e83f580e580f734c8e0fbc591a86f
pick-place-v3,211,29,Clean repeat,98012,1,1,af8b99c1a50bd91f4013da0fb86b2e3ce42e8b6c129c931f361803de3dfc68cc,ad70892741de1d232e980e0f0b9b9c1e20204b7baa22f9d19692fff4e53e0056
pick-place-v3,211,29,Clean repeat,98013,1,1,af8b99c1a50bd91f4013da0fb86b2e3ce42e8b6c129c931f361803de3dfc68cc,1fb60708e5237d99a6d3d71f038e7df2586692f28bc7948ba13c6903c062a36f
pick-place-v3,211,29,Clean repeat,98014,1,1,af8b99c1a50bd91f4013da0fb86b2e3ce42e8b6c129c931f361803de3dfc68cc,e0a1c7e29208080205b73266acffdb1bb081fe5ce0fb54f5f4f21a179b8ea201
pick-place-v3,211,29,Clean repeat,98015,1,0,af8b99c1a50bd91f4013da0fb86b2e3ce42e8b6c129c931f361803de3dfc68cc,00247ba862fe8b69ca6ae84585738e3f0476aca6e3457f5bbecb751475ed31bf
pick-place-v3,211,29,Clean repeat,98016,1,1,af8b99c1a50bd91f4013da0fb86b2e3ce42e8b6c129c931f361803de3dfc68cc,0e40206b92543ddc628f29047bf49c92531a2118ed785fe0cf38a49c4d3a854c
pick-place-v3,211,29,Clean repeat,98017,1,1,af8b99c1a50bd91f4013da0fb86b2e3ce42e8b6c129c931f361803de3dfc68cc,cf72f64b95deda82c6427195728cbbddcf6942920673a6ff20b4aa02564fbfc6
pick-place-v3,211,29,Clean repeat,98018,1,1,af8b99c1a50bd91f4013da0fb86b2e3ce42e8b6c129c931f361803de3dfc68cc,0ef36db1a7b138ab2a22c72d40c741f5e15c722596ad7923f99b404d7d05b54a
pick-place-v3,211,29,Clean repeat,98019,0,0,af8b99c1a50bd91f4013da0fb86b2e3ce42e8b6c129c931f361803de3dfc68cc,5bb335d5a4cb1f79e8c7031c5962d11b2b3608fa12c8bee8ee421669dc3dda17
pick-place-v3,211,29,Gaussian recovery,98000,0,0,5b3d351bf4de0b47f0ae8af50c0eddb031560b0f65cdac46d455b0117e360f6d,7033ae618f39fbc306459bfc8fb4197fb754a0ee0a1c484647ead378a30368c1
pick-place-v3,211,29,Gaussian recovery,98001,1,1,5b3d351bf4de0b47f0ae8af50c0eddb031560b0f65cdac46d455b0117e360f6d,fdf160bac20ccbfc107d68b6bc45bac60b418122958373b18111be0e78e8fcf0
pick-place-v3,211,29,Gaussian recovery,98002,1,1,5b3d351bf4de0b47f0ae8af50c0eddb031560b0f65cdac46d455b0117e360f6d,4bbace7fac3b5c4468c1212b1accbe88a3492cd3ed66086a081140234422beed
pick-place-v3,211,29,Gaussian recovery,98003,0,0,5b3d351bf4de0b47f0ae8af50c0eddb031560b0f65cdac46d455b0117e360f6d,9e03dd942c497a8d5bad67178f4af25c6fc9294e7404c7dc0538c0084be2dfef
pick-place-v3,211,29,Gaussian recovery,98004,1,1,5b3d351bf4de0b47f0ae8af50c0eddb031560b0f65cdac46d455b0117e360f6d,eee3a32ce4b0c98d10749a55965019d4b67f25338bc2401bde89c838209ffadc
pick-place-v3,211,29,Gaussian recovery,98005,0,0,5b3d351bf4de0b47f0ae8af50c0eddb031560b0f65cdac46d455b0117e360f6d,7533650178c8327561beaa0b4d30666777a0c60122e255a0fbb98724c0d8ee26
pick-place-v3,211,29,Gaussian recovery,98006,1,1,5b3d351bf4de0b47f0ae8af50c0eddb031560b0f65cdac46d455b0117e360f6d,e012a07956960e0b60d40f580f0f3ef0ef612c256c737626ba4ec9a24e44e403
pick-place-v3,211,29,Gaussian recovery,98007,1,1,5b3d351bf4de0b47f0ae8af50c0eddb031560b0f65cdac46d455b0117e360f6d,489a2a7648f069cbc7943082429edec4761da05d2c7a4d4fb2d70646aa6141fe
pick-place-v3,211,29,Gaussian recovery,98008,1,1,5b3d351bf4de0b47f0ae8af50c0eddb031560b0f65cdac46d455b0117e360f6d,a05a480eebc39771d94c05352661c2bce97c79520c746a0610c4b05430ef10fd
pick-place-v3,211,29,Gaussian recovery,98009,0,0,5b3d351bf4de0b47f0ae8af50c0eddb031560b0f65cdac46d455b0117e360f6d,372997c0a512636b28a4c78c16b74693872c3c5e82ba1085ef147506c0092771
pick-place-v3,211,29,Gaussian recovery,98010,0,0,5b3d351bf4de0b47f0ae8af50c0eddb031560b0f65cdac46d455b0117e360f6d,6e7ad41d602b570fab5593a848f383479baccbfc3156dfd883eb308b2371c55b
pick-place-v3,211,29,Gaussian recovery,98011,1,1,5b3d351bf4de0b47f0ae8af50c0eddb031560b0f65cdac46d455b0117e360f6d,3b97a4b41dda5e7d6823370a37897751f0a071913e6b54c279b195fa9d60a28f
pick-place-v3,211,29,Gaussian recovery,98012,0,0,5b3d351bf4de0b47f0ae8af50c0eddb031560b0f65cdac46d455b0117e360f6d,519fe1f971a795ef2f5e2c69aa1121721701e7c4283cc2e0ae553f4f421be3e2
pick-place-v3,211,29,Gaussian recovery,98013,1,1,5b3d351bf4de0b47f0ae8af50c0eddb031560b0f65cdac46d455b0117e360f6d,56e396e2bb9c4f021b590eec6f7bcc033a87b0409869c8c63487d5d9567d0817
pick-place-v3,211,29,Gaussian recovery,98014,1,1,5b3d351bf4de0b47f0ae8af50c0eddb031560b0f65cdac46d455b0117e360f6d,aecb24452fbb06bdd88d9acccf689fbdb2b7f251c9d026a27af6a2ff78ac74d9
pick-place-v3,211,29,Gaussian recovery,98015,1,1,5b3d351bf4de0b47f0ae8af50c0eddb031560b0f65cdac46d455b0117e360f6d,98c71741e7c1a4b37a28de5c4c6eb61f0e0744ef0f42a58fae59a069862d0d25
pick-place-v3,211,29,Gaussian recovery,98016,1,1,5b3d351bf4de0b47f0ae8af50c0eddb031560b0f65cdac46d455b0117e360f6d,6f78121c74eb98de9d7ef182183458097583ce68d4a6e85c15793c3e46758303
pick-place-v3,211,29,Gaussian recovery,98017,1,1,5b3d351bf4de0b47f0ae8af50c0eddb031560b0f65cdac46d455b0117e360f6d,d3662a04050402e6b5c58d82ab62be132f268fc01d14f84ba75624509240db96
pick-place-v3,211,29,Gaussian recovery,98018,1,1,5b3d351bf4de0b47f0ae8af50c0eddb031560b0f65cdac46d455b0117e360f6d,9ed07467e8d7de485a56afd1113a8702864d2bdafb52c01e19a0934d08bfcb7c
pick-place-v3,211,29,Gaussian recovery,98019,0,0,5b3d351bf4de0b47f0ae8af50c0eddb031560b0f65cdac46d455b0117e360f6d,3ad6e25ae62f171bd7eadbe688d265678dfa0783359b7ce29d31af169b5bdc5e
pick-place-v3,211,29,SCANA-R,98000,0,0,16ae8ca11f9fbca7b766ebc58102af5bda888b6b879dca2eff1bb73a9caa29bc,599622308b1182db6f58c0caf5032fb483c1a0992b31955a37509a350fbc0051
pick-place-v3,211,29,SCANA-R,98001,1,0,16ae8ca11f9fbca7b766ebc58102af5bda888b6b879dca2eff1bb73a9caa29bc,9d831f91abb85564a4cac0eeafb7633005ea6b7659572e1b35b26126ab1f9f55
pick-place-v3,211,29,SCANA-R,98002,0,0,16ae8ca11f9fbca7b766ebc58102af5bda888b6b879dca2eff1bb73a9caa29bc,f7bb05144e3c4721515910a4b45edd1f87b4c9ee26152c4a22f157495619ead0
pick-place-v3,211,29,SCANA-R,98003,1,0,16ae8ca11f9fbca7b766ebc58102af5bda888b6b879dca2eff1bb73a9caa29bc,d7329fff5ac295ee4f92e6d3025549fb70f934a564c6182778c7a8de734dfd24
pick-place-v3,211,29,SCANA-R,98004,1,1,16ae8ca11f9fbca7b766ebc58102af5bda888b6b879dca2eff1bb73a9caa29bc,b4a379d755a259410c551bf6314da95b0a7b1a87a68e15078d5215591a9a3ecf
pick-place-v3,211,29,SCANA-R,98005,0,0,16ae8ca11f9fbca7b766ebc58102af5bda888b6b879dca2eff1bb73a9caa29bc,706dc7274014d70a87343d8f8ba41ec98bedc5d18640e92bc29e5f8402829a47
pick-place-v3,211,29,SCANA-R,98006,1,1,16ae8ca11f9fbca7b766ebc58102af5bda888b6b879dca2eff1bb73a9caa29bc,328374fc632d4083f849f18db5a87abbcace886ec32a28c7fc01c6e2c1067a82
pick-place-v3,211,29,SCANA-R,98007,1,1,16ae8ca11f9fbca7b766ebc58102af5bda888b6b879dca2eff1bb73a9caa29bc,42e9745d53c855f023c3d3956aa3ed48e7473d85f73e294e9a2216ade326e3a5
pick-place-v3,211,29,SCANA-R,98008,1,0,16ae8ca11f9fbca7b766ebc58102af5bda888b6b879dca2eff1bb73a9caa29bc,d922d2ec9557f7175766450a069842806d0bd8c582c58a9ca82faa1c0bfe2896
pick-place-v3,211,29,SCANA-R,98009,0,0,16ae8ca11f9fbca7b766ebc58102af5bda888b6b879dca2eff1bb73a9caa29bc,0990cb813406121f3e83507aca0050ef4832321a8c35ca7596b6ceceb850ef5f
pick-place-v3,211,29,SCANA-R,98010,0,0,16ae8ca11f9fbca7b766ebc58102af5bda888b6b879dca2eff1bb73a9caa29bc,f4ae347629984374e64fb00db77b7ec78619ed9e0c1e4d2059143c9fad130654
pick-place-v3,211,29,SCANA-R,98011,1,1,16ae8ca11f9fbca7b766ebc58102af5bda888b6b879dca2eff1bb73a9caa29bc,88fdcd43896c155c112f224f6d31e72102377874ce59addd790e4f2e0c06930c
pick-place-v3,211,29,SCANA-R,98012,0,0,16ae8ca11f9fbca7b766ebc58102af5bda888b6b879dca2eff1bb73a9caa29bc,2d999225fef4159a4a5f5e549a3844d3f808cc361fbe545b8d084b5b7f590b25
pick-place-v3,211,29,SCANA-R,98013,1,1,16ae8ca11f9fbca7b766ebc58102af5bda888b6b879dca2eff1bb73a9caa29bc,3263e85536035a08e46b00c79d8941c76c295bd5b0d6d087fc40a271cdba6740
pick-place-v3,211,29,SCANA-R,98014,0,0,16ae8ca11f9fbca7b766ebc58102af5bda888b6b879dca2eff1bb73a9caa29bc,0b5d0c39784b483db063a7a275858ecc00a6dfe7913fe239237a7ca6df012484
pick-place-v3,211,29,SCANA-R,98015,1,0,16ae8ca11f9fbca7b766ebc58102af5bda888b6b879dca2eff1bb73a9caa29bc,1ff7a45582a4c69ceb5acc909a14a9a1694d7e98cc7b449369c640407034ecf3
pick-place-v3,211,29,SCANA-R,98016,1,1,16ae8ca11f9fbca7b766ebc58102af5bda888b6b879dca2eff1bb73a9caa29bc,7a366243838acfbb8480c262bc515e9a1e3a79744e163423f6cfba9b8537948b
pick-place-v3,211,29,SCANA-R,98017,0,0,16ae8ca11f9fbca7b766ebc58102af5bda888b6b879dca2eff1bb73a9caa29bc,a9e11772130c95f725340b2ca87640b63b98c31355e75acda4a033efc1af71d9
pick-place-v3,211,29,SCANA-R,98018,1,1,16ae8ca11f9fbca7b766ebc58102af5bda888b6b879dca2eff1bb73a9caa29bc,948ed568edf29989b96b7d05d460b6d680e1f45b74fa3cd03fd4161de9a1fe1b
pick-place-v3,211,29,SCANA-R,98019,0,0,16ae8ca11f9fbca7b766ebc58102af5bda888b6b879dca2eff1bb73a9caa29bc,6a235b1a1a3bda30a873cb44aa1b9c25c139201d520abadc55f30b29573fcd59
pick-place-v3,211,43,Clean repeat,98000,0,0,f357efb67141231b0328e1365caf4d90884d6b80c15bf143d3b3804acec8a374,761c463df56cfe1ee157cd55c1df9857275563b30b7197b7ae05285551a33198
pick-place-v3,211,43,Clean repeat,98001,1,1,f357efb67141231b0328e1365caf4d90884d6b80c15bf143d3b3804acec8a374,98bc6b80e12265684a9a8a39b47d35b8f7950ba60c6a9337e1e17dca1a7af502
pick-place-v3,211,43,Clean repeat,98002,1,1,f357efb67141231b0328e1365caf4d90884d6b80c15bf143d3b3804acec8a374,4a7cff9189d02d61fcf76b6b624c7368073f1e9037cbc1e32f1ed150ba7aa55a
pick-place-v3,211,43,Clean repeat,98003,0,0,f357efb67141231b0328e1365caf4d90884d6b80c15bf143d3b3804acec8a374,e4e456a56d54f6b5b0edde906c479c995998deeee9fe8b1f2c0797adbd1963ef
pick-place-v3,211,43,Clean repeat,98004,1,1,f357efb67141231b0328e1365caf4d90884d6b80c15bf143d3b3804acec8a374,d0bd38b474fca0923b47a9fb509a51dc95f5a3b26647920ddca8a87a4986fbb4
pick-place-v3,211,43,Clean repeat,98005,0,0,f357efb67141231b0328e1365caf4d90884d6b80c15bf143d3b3804acec8a374,a212c93534ba6785dfedc43f588066daef6df927a4dbc688d563cfbf139302b1
pick-place-v3,211,43,Clean repeat,98006,1,1,f357efb67141231b0328e1365caf4d90884d6b80c15bf143d3b3804acec8a374,0abfebf5851e287c46e5c0eb163fb6658e10a7111f71f2a8598c80227867835c
pick-place-v3,211,43,Clean repeat,98007,1,1,f357efb67141231b0328e1365caf4d90884d6b80c15bf143d3b3804acec8a374,e9242f0adbab838e61ca9faa9417dabf611f0f7b26d5b0dab37819502c4321a2
pick-place-v3,211,43,Clean repeat,98008,1,1,f357efb67141231b0328e1365caf4d90884d6b80c15bf143d3b3804acec8a374,e75826a2822643d741f39b91a7945fe48bb332f1c76de0f03d80bf51a103c8f4
pick-place-v3,211,43,Clean repeat,98009,0,0,f357efb67141231b0328e1365caf4d90884d6b80c15bf143d3b3804acec8a374,c2209385158581ae5d12f169f4217559ed90679f41b4922896824cf47aac8bce
pick-place-v3,211,43,Clean repeat,98010,1,1,f357efb67141231b0328e1365caf4d90884d6b80c15bf143d3b3804acec8a374,b02d0e80dc5f328674eeb280018d4e486424cde3b43ab3d8cd025c6be42e49eb
pick-place-v3,211,43,Clean repeat,98011,1,1,f357efb67141231b0328e1365caf4d90884d6b80c15bf143d3b3804acec8a374,55a70576b21510e7ef21cf925c5ad2d6948600ce2f27bfae4a9eecbb6b286102
pick-place-v3,211,43,Clean repeat,98012,1,1,f357efb67141231b0328e1365caf4d90884d6b80c15bf143d3b3804acec8a374,4661ea190d3674ccfcef4e579c890f930f47faffa2f798294befd4d24d4f8112
pick-place-v3,211,43,Clean repeat,98013,1,1,f357efb67141231b0328e1365caf4d90884d6b80c15bf143d3b3804acec8a374,9ca000b4afc7e5028f86c5dc405f620faf0a52ffcff1c2e3d5e2e4569475c84d
pick-place-v3,211,43,Clean repeat,98014,1,0,f357efb67141231b0328e1365caf4d90884d6b80c15bf143d3b3804acec8a374,cdc55efa30d248ae26a6e0fd01964a6d73e71f8b8d2b0bc9060b7da92cdc7011
pick-place-v3,211,43,Clean repeat,98015,1,0,f357efb67141231b0328e1365caf4d90884d6b80c15bf143d3b3804acec8a374,50e635dc28d05e77fdbe12c12ef6b45dda45df910c1f33d9c92c2d810676db75
pick-place-v3,211,43,Clean repeat,98016,0,0,f357efb67141231b0328e1365caf4d90884d6b80c15bf143d3b3804acec8a374,cbf7335a001515bb423a9f057f6162afea74eb4495ac02a34c3d3649d995df71
pick-place-v3,211,43,Clean repeat,98017,1,0,f357efb67141231b0328e1365caf4d90884d6b80c15bf143d3b3804acec8a374,911198773b90fae6f5da1b63fb114e2aec161d650bbae082ddc69a0d392ee428
pick-place-v3,211,43,Clean repeat,98018,1,1,f357efb67141231b0328e1365caf4d90884d6b80c15bf143d3b3804acec8a374,cdace29fdc86fa07430ff4bdca556922bfab3e50d4c42faea685733d4d402db2
pick-place-v3,211,43,Clean repeat,98019,1,0,f357efb67141231b0328e1365caf4d90884d6b80c15bf143d3b3804acec8a374,80384f62cc6eef2179f7b2a13e6208ee5dd5a3038a1b7168003628b35d18e572
pick-place-v3,211,43,Gaussian recovery,98000,0,0,2e22ec7677fca776ad60c3d1da2422f933e79211ae550f7a5e2ca33f11f6e9da,196c24b31696570043200398ef88fb0fdbd4b5087fe19466458c90b89c3a4260
pick-place-v3,211,43,Gaussian recovery,98001,1,1,2e22ec7677fca776ad60c3d1da2422f933e79211ae550f7a5e2ca33f11f6e9da,ba6027688445d93a8c9aa7910be4b5009980894e7b7d39d3265bc49e950d9aad
pick-place-v3,211,43,Gaussian recovery,98002,0,0,2e22ec7677fca776ad60c3d1da2422f933e79211ae550f7a5e2ca33f11f6e9da,90e971777ca41ac6eb0e8ccd02577e3918e98c6b37f686637509db321c3585a3
pick-place-v3,211,43,Gaussian recovery,98003,1,0,2e22ec7677fca776ad60c3d1da2422f933e79211ae550f7a5e2ca33f11f6e9da,866ec23dc7685f8fb866efcc2cd304d06e23a7199287d1a6c4b9367ddb9ec32b
pick-place-v3,211,43,Gaussian recovery,98004,0,0,2e22ec7677fca776ad60c3d1da2422f933e79211ae550f7a5e2ca33f11f6e9da,63155ec5056b792d674bf22c79c882fe0e17d2c9093828867d26b2cc8371cff7
pick-place-v3,211,43,Gaussian recovery,98005,0,0,2e22ec7677fca776ad60c3d1da2422f933e79211ae550f7a5e2ca33f11f6e9da,af2643755301c581a371d037b06a6fa07a4e457b662352f93963d3f7b4d1113d
pick-place-v3,211,43,Gaussian recovery,98006,1,1,2e22ec7677fca776ad60c3d1da2422f933e79211ae550f7a5e2ca33f11f6e9da,29234531bf220da7271a8738f5d469ea32e8e84b2463a16e90c82a1e8317bbd3
pick-place-v3,211,43,Gaussian recovery,98007,1,0,2e22ec7677fca776ad60c3d1da2422f933e79211ae550f7a5e2ca33f11f6e9da,787d06bc5b67c36e0aafaf7b686ed9111f29c3a8ac9b1aec833c339287f080da
pick-place-v3,211,43,Gaussian recovery,98008,1,1,2e22ec7677fca776ad60c3d1da2422f933e79211ae550f7a5e2ca33f11f6e9da,ddf8f2b0ba6a891a3c65e805eb46b19e1b749a50fef8b01db20de092d2f993cc
pick-place-v3,211,43,Gaussian recovery,98009,0,0,2e22ec7677fca776ad60c3d1da2422f933e79211ae550f7a5e2ca33f11f6e9da,88863d698788c9c88cda948a8ad18ebbcf65fed9920d503eb4fa1b513470a93c
pick-place-v3,211,43,Gaussian recovery,98010,0,0,2e22ec7677fca776ad60c3d1da2422f933e79211ae550f7a5e2ca33f11f6e9da,6bce8df0bafbea06b6d4ff09bf0589794f04351807ab920d7719559178cde44e
pick-place-v3,211,43,Gaussian recovery,98011,1,1,2e22ec7677fca776ad60c3d1da2422f933e79211ae550f7a5e2ca33f11f6e9da,58c234e828efa019d971db83dcc1c346673dc9ca1c6fa1c7a943a841be304c6d
pick-place-v3,211,43,Gaussian recovery,98012,1,0,2e22ec7677fca776ad60c3d1da2422f933e79211ae550f7a5e2ca33f11f6e9da,ef57d60883eca3d17850df31e20f40ae57a367de76de114ccfbbc14579794d5d
pick-place-v3,211,43,Gaussian recovery,98013,1,1,2e22ec7677fca776ad60c3d1da2422f933e79211ae550f7a5e2ca33f11f6e9da,c1c9e0f43253468a91a67a103f01049452c3c366df8c3ec2aeb938214514e4f6
pick-place-v3,211,43,Gaussian recovery,98014,0,0,2e22ec7677fca776ad60c3d1da2422f933e79211ae550f7a5e2ca33f11f6e9da,90b5bd26eea2033f637cb1f9ca8653ed50baa457e6b3c9d0832c67ff80f84c62
pick-place-v3,211,43,Gaussian recovery,98015,0,0,2e22ec7677fca776ad60c3d1da2422f933e79211ae550f7a5e2ca33f11f6e9da,dfd53d03b6a7b8703f1872146cc430eef22fc2dc182fd91b544fb79762fbcafd
pick-place-v3,211,43,Gaussian recovery,98016,0,0,2e22ec7677fca776ad60c3d1da2422f933e79211ae550f7a5e2ca33f11f6e9da,6b3dc37539abe83997b95fa95952a14961572d3dd7ef0169a14383addaca3ef9
pick-place-v3,211,43,Gaussian recovery,98017,1,0,2e22ec7677fca776ad60c3d1da2422f933e79211ae550f7a5e2ca33f11f6e9da,0f51c1f703c82aab8ca6bab2b47790d097f6b94a5e4b585b1cba3f522984dc10
pick-place-v3,211,43,Gaussian recovery,98018,1,1,2e22ec7677fca776ad60c3d1da2422f933e79211ae550f7a5e2ca33f11f6e9da,7299a2988e088f13a697d8d68a6d8da152c72f3b9295c280fa828c70999daa0a
pick-place-v3,211,43,Gaussian recovery,98019,0,0,2e22ec7677fca776ad60c3d1da2422f933e79211ae550f7a5e2ca33f11f6e9da,f811059d83c9638c9b4c535218b81496b60a7506761ed8835ca6ac83ad0a32f5
pick-place-v3,211,43,SCANA-R,98000,0,0,c670b97852b2ae4ae1c4b4fc894b90a48509369277a099ca4621aa8e9831e0c2,a94cac18a4f4fa5d4771aaee6e38fef005295989d6e4d14cf09b09cbf8baf8e6
pick-place-v3,211,43,SCANA-R,98001,1,1,c670b97852b2ae4ae1c4b4fc894b90a48509369277a099ca4621aa8e9831e0c2,57a6bc4152d6982a395da9bb3e4b4edc9b61676ad266816fb6f5140892d6d6cb
pick-place-v3,211,43,SCANA-R,98002,1,0,c670b97852b2ae4ae1c4b4fc894b90a48509369277a099ca4621aa8e9831e0c2,d0320349f4bcd7bea622c0300db12d87d5aa5da9a8d3a7758c26779d31adefaf
pick-place-v3,211,43,SCANA-R,98003,1,0,c670b97852b2ae4ae1c4b4fc894b90a48509369277a099ca4621aa8e9831e0c2,61d86052d602e44e972e3ed652a190788b17888d11d2a23a67d7bb8a868a23c9
pick-place-v3,211,43,SCANA-R,98004,0,0,c670b97852b2ae4ae1c4b4fc894b90a48509369277a099ca4621aa8e9831e0c2,946bbd6045214cb853183fb15eec4dd60dba3c73a84d22331b3c75a4b1f655e2
pick-place-v3,211,43,SCANA-R,98005,0,0,c670b97852b2ae4ae1c4b4fc894b90a48509369277a099ca4621aa8e9831e0c2,1949e630bee450e758b932e77f02abac00115dbc943c0653fa9d6cdc2d3c78a4
pick-place-v3,211,43,SCANA-R,98006,1,1,c670b97852b2ae4ae1c4b4fc894b90a48509369277a099ca4621aa8e9831e0c2,b4e6e9c08355495a34f368d8b0a616df337cb96442aeb3431f423cc6cabd9359
pick-place-v3,211,43,SCANA-R,98007,1,0,c670b97852b2ae4ae1c4b4fc894b90a48509369277a099ca4621aa8e9831e0c2,d8dac45587b443e216e7afe4e313f2ef1303f2adf77c0ebfc6e130dcd4a6270f
pick-place-v3,211,43,SCANA-R,98008,1,1,c670b97852b2ae4ae1c4b4fc894b90a48509369277a099ca4621aa8e9831e0c2,9c1b0ff0902e981dfb796d91dfc2ab1a9e8a064fdedab7e94ee0c22b1591444a
pick-place-v3,211,43,SCANA-R,98009,0,0,c670b97852b2ae4ae1c4b4fc894b90a48509369277a099ca4621aa8e9831e0c2,319e1ce435f8848d65b0cd72067c3d81652c57dd462b3ec240bf58a97ab5bd1b
pick-place-v3,211,43,SCANA-R,98010,0,0,c670b97852b2ae4ae1c4b4fc894b90a48509369277a099ca4621aa8e9831e0c2,821ac23a8e130641514b84f6791e4a29896a722c88dab95e2f00e49fcf23c4bb
pick-place-v3,211,43,SCANA-R,98011,1,1,c670b97852b2ae4ae1c4b4fc894b90a48509369277a099ca4621aa8e9831e0c2,64cc4334880759e2d5ba1d5d49072f809505688458cb93a332c8433327ee2efe
pick-place-v3,211,43,SCANA-R,98012,1,1,c670b97852b2ae4ae1c4b4fc894b90a48509369277a099ca4621aa8e9831e0c2,63f94e6db7d9ccb338180ac705a72c62c8559e52fc97c3c993fb8c45ea9d3b06
pick-place-v3,211,43,SCANA-R,98013,1,1,c670b97852b2ae4ae1c4b4fc894b90a48509369277a099ca4621aa8e9831e0c2,84a27efa9a7ad34f9a9df2822a0a207dd6f57712ce7a0868d17bd5e0922cec26
pick-place-v3,211,43,SCANA-R,98014,1,1,c670b97852b2ae4ae1c4b4fc894b90a48509369277a099ca4621aa8e9831e0c2,1b8e5c54802bbe8f9dc8666b1bfbded7b306fa4a45f0b504c6e05f0b8f5b3687
pick-place-v3,211,43,SCANA-R,98015,1,0,c670b97852b2ae4ae1c4b4fc894b90a48509369277a099ca4621aa8e9831e0c2,0b005dc93fa5977043817eb9606a9cb97dcb5a3fca4a8dcb33b1d5c0c118d795
pick-place-v3,211,43,SCANA-R,98016,0,0,c670b97852b2ae4ae1c4b4fc894b90a48509369277a099ca4621aa8e9831e0c2,796f4e98d62ba139bdbd366fc46e3242658aa622723959b9f375463ddb540132
pick-place-v3,211,43,SCANA-R,98017,1,0,c670b97852b2ae4ae1c4b4fc894b90a48509369277a099ca4621aa8e9831e0c2,21d47da92f26b7694c6082ea231a18f101c8f71da7bca6e419cd1560cdb21fda
pick-place-v3,211,43,SCANA-R,98018,1,1,c670b97852b2ae4ae1c4b4fc894b90a48509369277a099ca4621aa8e9831e0c2,b2ea77df4d53b2c8fda75659cba5915fd0e15adc2192c74758661fb7ad72c1a3
pick-place-v3,211,43,SCANA-R,98019,0,0,c670b97852b2ae4ae1c4b4fc894b90a48509369277a099ca4621aa8e9831e0c2,864daf33e765e524750fe1c6a6c66250f9f6334efd45df90b1b394344dc7a96b
pick-place-v3,307,17,Clean repeat,98000,0,0,3365d598c9d4d8b1e524ecf204556cf2fb16529106a4fe31d00db7cdb6448767,c72b5f8d5b12f644cf055d0c39d86d61e59ce7fff1c2c66115ab1c701cdcbd63
pick-place-v3,307,17,Clean repeat,98001,1,1,3365d598c9d4d8b1e524ecf204556cf2fb16529106a4fe31d00db7cdb6448767,54cf2a68ea4c07a6fe7ca3572583bedfccf8dfe7bbfc09e4c0f0ffc289a51775
pick-place-v3,307,17,Clean repeat,98002,1,1,3365d598c9d4d8b1e524ecf204556cf2fb16529106a4fe31d00db7cdb6448767,a7f4d304c149b8bf3de14701c91741d49f9b2d3677a8d49c50f3ce4649f9516e
pick-place-v3,307,17,Clean repeat,98003,0,0,3365d598c9d4d8b1e524ecf204556cf2fb16529106a4fe31d00db7cdb6448767,79fce825104fa111c0b1e2c91fcc7ae027a8ce9b85ebbcba078d99690acabef3
pick-place-v3,307,17,Clean repeat,98004,0,0,3365d598c9d4d8b1e524ecf204556cf2fb16529106a4fe31d00db7cdb6448767,7145b5c55b2fe08c79aa023eac782f3b1d2dec55ba728de7ec230c3a4d6aebea
pick-place-v3,307,17,Clean repeat,98005,1,0,3365d598c9d4d8b1e524ecf204556cf2fb16529106a4fe31d00db7cdb6448767,b58c2914be04851767e6e0fd95caaa7ef427028d7969691fdb5e838bd567ec59
pick-place-v3,307,17,Clean repeat,98006,1,1,3365d598c9d4d8b1e524ecf204556cf2fb16529106a4fe31d00db7cdb6448767,1c11c1253d826b2d4ca57d75abe53de905b164005650c90dca96e2f88f83014c
pick-place-v3,307,17,Clean repeat,98007,1,0,3365d598c9d4d8b1e524ecf204556cf2fb16529106a4fe31d00db7cdb6448767,348224e34a59493d506e86ef1014c0d9d5279ed07cd8efb48293daf82a38fbfa
pick-place-v3,307,17,Clean repeat,98008,1,1,3365d598c9d4d8b1e524ecf204556cf2fb16529106a4fe31d00db7cdb6448767,ca62e12a509c6d12e312362ebc3adec3b0f6a3ff9459e5d025a5cdd35e08c319
pick-place-v3,307,17,Clean repeat,98009,0,0,3365d598c9d4d8b1e524ecf204556cf2fb16529106a4fe31d00db7cdb6448767,527f26498d82edfbc1c8e0cf234b34ace9f3eb70473b1588953eb21ccdac4f27
pick-place-v3,307,17,Clean repeat,98010,1,0,3365d598c9d4d8b1e524ecf204556cf2fb16529106a4fe31d00db7cdb6448767,12bb9141114020d9aa36d3bf2b2ca064de8adc4c6c150eb7253a49ec18ca120e
pick-place-v3,307,17,Clean repeat,98011,1,1,3365d598c9d4d8b1e524ecf204556cf2fb16529106a4fe31d00db7cdb6448767,6caaf4104f388062cbc37e91049d976ef52da62c14248065452dfd461a01003e
pick-place-v3,307,17,Clean repeat,98012,0,0,3365d598c9d4d8b1e524ecf204556cf2fb16529106a4fe31d00db7cdb6448767,1613cc3b6d6d73c4f7bce64e161ce8273a98ac249b2da1600822b6a2578d472a
pick-place-v3,307,17,Clean repeat,98013,1,1,3365d598c9d4d8b1e524ecf204556cf2fb16529106a4fe31d00db7cdb6448767,586182871135e9e02ea4cef2cc6dbf6c1ed53cbb7ca18aa7c9ebb18d0e970e57
pick-place-v3,307,17,Clean repeat,98014,1,1,3365d598c9d4d8b1e524ecf204556cf2fb16529106a4fe31d00db7cdb6448767,15990bc5e136e6d57715789c871a7d1857fda6119a804d7b2031aaecefedbbd9
pick-place-v3,307,17,Clean repeat,98015,1,1,3365d598c9d4d8b1e524ecf204556cf2fb16529106a4fe31d00db7cdb6448767,88d6fffdb840423728d6a81e5b50fd5f6ce57af98fdc4a55fbc62ee86325d540
pick-place-v3,307,17,Clean repeat,98016,1,0,3365d598c9d4d8b1e524ecf204556cf2fb16529106a4fe31d00db7cdb6448767,b0c5ae2756a46fc7cc30e70c52fb5c237e9039190e9b55258550c3f0a285a8db
pick-place-v3,307,17,Clean repeat,98017,1,0,3365d598c9d4d8b1e524ecf204556cf2fb16529106a4fe31d00db7cdb6448767,848111cc1e8ec8541bc89c7738f9ac65f3a6944b4b395348e0cb337976c3e5ab
pick-place-v3,307,17,Clean repeat,98018,1,1,3365d598c9d4d8b1e524ecf204556cf2fb16529106a4fe31d00db7cdb6448767,f2a2e6c9d1369c2aa08fc0ee0a0a36ac3ecd79ccd055e4e22ceab91e9d64c27c
pick-place-v3,307,17,Clean repeat,98019,1,0,3365d598c9d4d8b1e524ecf204556cf2fb16529106a4fe31d00db7cdb6448767,7d2a134d130e8d41cb61dd5d26c1a9b958b09b674dafde6712c3e930fa0ab69a
pick-place-v3,307,17,Gaussian recovery,98000,1,1,996d34e883ced10767e048966f6a4ee5cc6587c05e42f02d3a8bc54b1273e78c,fc15f20ebc64466dd75b8a9a2bc7227fc6c66dc5eabe06c73f236e217b446d77
pick-place-v3,307,17,Gaussian recovery,98001,1,1,996d34e883ced10767e048966f6a4ee5cc6587c05e42f02d3a8bc54b1273e78c,0d1dbf7d0784c63f538cd47727c031064ea2ad7faf1e67fafef9352ead78ac38
pick-place-v3,307,17,Gaussian recovery,98002,1,1,996d34e883ced10767e048966f6a4ee5cc6587c05e42f02d3a8bc54b1273e78c,d2d765e7f3db2068b9e7bac49274cc64a273af5a1073e6119f0b87fcd0bc95a6
pick-place-v3,307,17,Gaussian recovery,98003,0,0,996d34e883ced10767e048966f6a4ee5cc6587c05e42f02d3a8bc54b1273e78c,a8535d253b35e183a1c1445645a5438aa412a02b8d6c51b777279138311056b9
pick-place-v3,307,17,Gaussian recovery,98004,0,0,996d34e883ced10767e048966f6a4ee5cc6587c05e42f02d3a8bc54b1273e78c,c695fc26515d58adb7ea30bf5ee696341fa599716fd2111cb340b7f12564e628
pick-place-v3,307,17,Gaussian recovery,98005,1,1,996d34e883ced10767e048966f6a4ee5cc6587c05e42f02d3a8bc54b1273e78c,0b2ffb079631fb3ec49a89cf7b90feaae825ddabd1b82d52f2f82965ab822107
pick-place-v3,307,17,Gaussian recovery,98006,1,1,996d34e883ced10767e048966f6a4ee5cc6587c05e42f02d3a8bc54b1273e78c,9bc12a102e0bc094da4ea036f2ed6abe981865bd5207c516b6dd90b0dc567886
pick-place-v3,307,17,Gaussian recovery,98007,1,0,996d34e883ced10767e048966f6a4ee5cc6587c05e42f02d3a8bc54b1273e78c,3ac130d02baafea179371d1f2ff9d523c86bf34703c0b3c70fdcd9826a068369
pick-place-v3,307,17,Gaussian recovery,98008,1,1,996d34e883ced10767e048966f6a4ee5cc6587c05e42f02d3a8bc54b1273e78c,a91b8e01ae6d058569a4a1e5272d7119e46a9d7cb2d2605d19f8c17c67dc06ac
pick-place-v3,307,17,Gaussian recovery,98009,1,0,996d34e883ced10767e048966f6a4ee5cc6587c05e42f02d3a8bc54b1273e78c,d039dd6b43bd6b510a81e499d9ccab6c0f2b684b594b32c4fe9f8661f4f5a9c7
pick-place-v3,307,17,Gaussian recovery,98010,1,0,996d34e883ced10767e048966f6a4ee5cc6587c05e42f02d3a8bc54b1273e78c,53201741505825b6af3f7e3d17199b70410b76a52125efb0b0400492a243aae0
pick-place-v3,307,17,Gaussian recovery,98011,1,1,996d34e883ced10767e048966f6a4ee5cc6587c05e42f02d3a8bc54b1273e78c,339730810c2a1e25276224891c89fe48184e2db3d4dc01f1fc727965a4898c88
pick-place-v3,307,17,Gaussian recovery,98012,0,0,996d34e883ced10767e048966f6a4ee5cc6587c05e42f02d3a8bc54b1273e78c,75fec72d3528d804130282240ff72bfcc706657ede14692c213defa3116387ce
pick-place-v3,307,17,Gaussian recovery,98013,1,1,996d34e883ced10767e048966f6a4ee5cc6587c05e42f02d3a8bc54b1273e78c,0975ddb4d3c4201787202bba5d338b5ddc9b6eaffddb97bcf96cd18f10661a68
pick-place-v3,307,17,Gaussian recovery,98014,1,1,996d34e883ced10767e048966f6a4ee5cc6587c05e42f02d3a8bc54b1273e78c,48ad68c8642566650d1e6cdd86ca006636047f77ebe464e6c64bfe8332d02a3c
pick-place-v3,307,17,Gaussian recovery,98015,1,1,996d34e883ced10767e048966f6a4ee5cc6587c05e42f02d3a8bc54b1273e78c,93023a31145ab5e94d525a4bc64729a3dbe8031e16668961c9f0f7597f24eeb6
pick-place-v3,307,17,Gaussian recovery,98016,1,1,996d34e883ced10767e048966f6a4ee5cc6587c05e42f02d3a8bc54b1273e78c,b54d78c613e5b053e9351334601ed93d46b8c1448cd429660ebe67461e6e528a
pick-place-v3,307,17,Gaussian recovery,98017,1,1,996d34e883ced10767e048966f6a4ee5cc6587c05e42f02d3a8bc54b1273e78c,ac5b4387bbb3b6556068dc0f6421243e3629972d9fbd9cdd2ace21f4b427b5e0
pick-place-v3,307,17,Gaussian recovery,98018,1,1,996d34e883ced10767e048966f6a4ee5cc6587c05e42f02d3a8bc54b1273e78c,3609761f6764f3be1e4d42b6fe4042f5516dfa65198b66dc1c5fce1d2285256b
pick-place-v3,307,17,Gaussian recovery,98019,1,0,996d34e883ced10767e048966f6a4ee5cc6587c05e42f02d3a8bc54b1273e78c,6fbb1de5b0feff4d1fd2d7a8c32dc65ab0f68427d1e99ab298616f2d341ab086
pick-place-v3,307,17,SCANA-R,98000,1,0,b2e62f11f329ee75ff626f03cd74865c57befc02e721db081996a522243d2c55,86ba9e6a935b11cd0a3d4a99df22f5a39b8ee648f33d0b9ce55d2492d0d628e8
pick-place-v3,307,17,SCANA-R,98001,1,1,b2e62f11f329ee75ff626f03cd74865c57befc02e721db081996a522243d2c55,b5383d94d57ee5959bd3608f4542aa4c4d166a3e96d6873d2390306e0fee780f
pick-place-v3,307,17,SCANA-R,98002,1,1,b2e62f11f329ee75ff626f03cd74865c57befc02e721db081996a522243d2c55,83b5ffd105c8a3853b7e6bb196f67c47efa2b7fe686484d24520b46b4d02133b
pick-place-v3,307,17,SCANA-R,98003,0,0,b2e62f11f329ee75ff626f03cd74865c57befc02e721db081996a522243d2c55,e274aac6ea6b2a788c94e78fc7da7b79a9eb8782eae6fd1f935a0d67ae11c605
pick-place-v3,307,17,SCANA-R,98004,0,0,b2e62f11f329ee75ff626f03cd74865c57befc02e721db081996a522243d2c55,f6ec82f246067307138594139fad5a32c28657a973fbcf4539b32f7f710ca328
pick-place-v3,307,17,SCANA-R,98005,1,0,b2e62f11f329ee75ff626f03cd74865c57befc02e721db081996a522243d2c55,e8d4885eaff4957e50b8f318dd76eb70c918377ff5b5c00e742d17b59de2f353
pick-place-v3,307,17,SCANA-R,98006,1,1,b2e62f11f329ee75ff626f03cd74865c57befc02e721db081996a522243d2c55,8d7347e185b6b0f2e40691fdab76e84aecfed5f3123481a42281b487c80a7bf1
pick-place-v3,307,17,SCANA-R,98007,0,0,b2e62f11f329ee75ff626f03cd74865c57befc02e721db081996a522243d2c55,d970f0de778960319d8da08e0134958bed14a38d3faa008f392f37c419a51d34
pick-place-v3,307,17,SCANA-R,98008,1,1,b2e62f11f329ee75ff626f03cd74865c57befc02e721db081996a522243d2c55,536f4ae2375832a662c611745f6f2916e1b1b6fbe41ce9ae7bd964fb797ebee8
pick-place-v3,307,17,SCANA-R,98009,0,0,b2e62f11f329ee75ff626f03cd74865c57befc02e721db081996a522243d2c55,4d5be25d042af9563cfc6095baba58cade651e1420cbb10a34444e3b586534d1
pick-place-v3,307,17,SCANA-R,98010,0,0,b2e62f11f329ee75ff626f03cd74865c57befc02e721db081996a522243d2c55,9e9be67079de07e4b05c87c056eca91582a947e5ba7b3e2640c188617003f149
pick-place-v3,307,17,SCANA-R,98011,1,1,b2e62f11f329ee75ff626f03cd74865c57befc02e721db081996a522243d2c55,7400766976f1acc314fe8fb191909a168118efa4d2252c91009d4c9426f15985
pick-place-v3,307,17,SCANA-R,98012,0,0,b2e62f11f329ee75ff626f03cd74865c57befc02e721db081996a522243d2c55,4a37586d327e20678c9e64bab33ba52674278678505dfb17b1453492effd6413
pick-place-v3,307,17,SCANA-R,98013,1,0,b2e62f11f329ee75ff626f03cd74865c57befc02e721db081996a522243d2c55,e03dab124717e79a9f84f47b732d98bd51e29221181206e797db628ad089504a
pick-place-v3,307,17,SCANA-R,98014,1,1,b2e62f11f329ee75ff626f03cd74865c57befc02e721db081996a522243d2c55,de01e175ccc8ca1876c9cc7aed30feb137b19c6b5ba3b79c4d288098ded2e7c7
pick-place-v3,307,17,SCANA-R,98015,1,1,b2e62f11f329ee75ff626f03cd74865c57befc02e721db081996a522243d2c55,a87559397b257192fe85acf7ed67de1de2927a527649ab2f34ddf168d59df34a
pick-place-v3,307,17,SCANA-R,98016,1,1,b2e62f11f329ee75ff626f03cd74865c57befc02e721db081996a522243d2c55,4456186f9041b69a796ebebf537c6c7e9cd7ad12e151b4869e37cc6eb4aec921
pick-place-v3,307,17,SCANA-R,98017,1,1,b2e62f11f329ee75ff626f03cd74865c57befc02e721db081996a522243d2c55,0512af9900ad1474634612785ddecd55e9cf93fbb1c0e0db3d44301a6f64c297
pick-place-v3,307,17,SCANA-R,98018,1,1,b2e62f11f329ee75ff626f03cd74865c57befc02e721db081996a522243d2c55,533ee38f452904e0905ca02da97fd02619370b9574f3c0a9c518681b05e653c5
pick-place-v3,307,17,SCANA-R,98019,0,0,b2e62f11f329ee75ff626f03cd74865c57befc02e721db081996a522243d2c55,7e59870803cc657f8966e45a9fc3a0dc75f3275d93477c11f296e7e90b966811
pick-place-v3,307,29,Clean repeat,98000,1,0,321d4422119b790d2e19c0a22d616f30e833d6d2399996350162062724af3cfd,476e6058f001d3883dcabfcbfbf6a16f8788ee356e32757c21e06a875c9258af
pick-place-v3,307,29,Clean repeat,98001,1,1,321d4422119b790d2e19c0a22d616f30e833d6d2399996350162062724af3cfd,66c547516a8985169ccb0daa90263b4df6c1d0aa3f9d88bd3688eda5a9317c34
pick-place-v3,307,29,Clean repeat,98002,0,0,321d4422119b790d2e19c0a22d616f30e833d6d2399996350162062724af3cfd,adcbe8af0dbb8427c165a8dac1d8b0b57aa08c997f1a899d224e3696ba5d19f0
pick-place-v3,307,29,Clean repeat,98003,1,0,321d4422119b790d2e19c0a22d616f30e833d6d2399996350162062724af3cfd,882e053de0bcdb403fa0534399a9c6d3a750eb97af956d0c9faa2e4a16445ad1
pick-place-v3,307,29,Clean repeat,98004,0,0,321d4422119b790d2e19c0a22d616f30e833d6d2399996350162062724af3cfd,ae9af4992754647c73b3f0c0683610f960ee00832779e709cfce0d22c63b9243
pick-place-v3,307,29,Clean repeat,98005,1,1,321d4422119b790d2e19c0a22d616f30e833d6d2399996350162062724af3cfd,368d249c5544e40b87e51dabe679d856257f0bac70fc707fdb98e513adc02314
pick-place-v3,307,29,Clean repeat,98006,1,1,321d4422119b790d2e19c0a22d616f30e833d6d2399996350162062724af3cfd,05a2dd34722a38f4d85c18859c9540ef65faf693d19532bad0b5af4cb196f99c
pick-place-v3,307,29,Clean repeat,98007,1,1,321d4422119b790d2e19c0a22d616f30e833d6d2399996350162062724af3cfd,b5a1bcc4182c3e35ad9c6636c232bc60e4899d0be2d44724fbd0570b54c60de7
pick-place-v3,307,29,Clean repeat,98008,0,0,321d4422119b790d2e19c0a22d616f30e833d6d2399996350162062724af3cfd,575b38a6cd82c6a9edb0ba28b783fb85f411900cb39281dad6bfe68137fe28e2
pick-place-v3,307,29,Clean repeat,98009,0,0,321d4422119b790d2e19c0a22d616f30e833d6d2399996350162062724af3cfd,d779b7da1a19aaf070803175dfb224a807ca91093fcfbe81856d66d11443b6bf
pick-place-v3,307,29,Clean repeat,98010,1,0,321d4422119b790d2e19c0a22d616f30e833d6d2399996350162062724af3cfd,58bbbcd72b04ae3fba0a180e5cc83c960f783203a1e7bbfc7f21752d0aab227a
pick-place-v3,307,29,Clean repeat,98011,1,1,321d4422119b790d2e19c0a22d616f30e833d6d2399996350162062724af3cfd,f384d83604735ae52a47bb50651d65f65b3daee3b05d175bb882c4a979a2bfe6
pick-place-v3,307,29,Clean repeat,98012,1,1,321d4422119b790d2e19c0a22d616f30e833d6d2399996350162062724af3cfd,dd40bf7a257db1acf76f22f20c394f34086a00bc5f9a48c7468c64fbac4a1a99
pick-place-v3,307,29,Clean repeat,98013,1,1,321d4422119b790d2e19c0a22d616f30e833d6d2399996350162062724af3cfd,7fba42109010d27dd81e2b21d209c13ce6ac6f718911c0ce05ceaed1a9e09793
pick-place-v3,307,29,Clean repeat,98014,0,0,321d4422119b790d2e19c0a22d616f30e833d6d2399996350162062724af3cfd,9c2e1168a16af2f61386fabe1965388d38ee075d27434016971db68d3adf5797
pick-place-v3,307,29,Clean repeat,98015,1,1,321d4422119b790d2e19c0a22d616f30e833d6d2399996350162062724af3cfd,4645e318034d32387c00af43d4fad0f3b1f2a6d570b7a4c697c517c19c0c4420
pick-place-v3,307,29,Clean repeat,98016,1,1,321d4422119b790d2e19c0a22d616f30e833d6d2399996350162062724af3cfd,ee7c5957f1eddd481b270a3d009f1c12509cf2b2b5c9093890796300612db9ab
pick-place-v3,307,29,Clean repeat,98017,1,1,321d4422119b790d2e19c0a22d616f30e833d6d2399996350162062724af3cfd,1f5335dff73530bab783c8520cec104ba02f870f2f0924281e02d22eded9e63f
pick-place-v3,307,29,Clean repeat,98018,1,1,321d4422119b790d2e19c0a22d616f30e833d6d2399996350162062724af3cfd,210ef0445e0c5b205cf99833cc961981939096e3ab34a7d02496904bb87be168
pick-place-v3,307,29,Clean repeat,98019,0,0,321d4422119b790d2e19c0a22d616f30e833d6d2399996350162062724af3cfd,987e4fdcd8e7cd51a5934952545c4e86d3cbaf6d66b31d20ea26ae99dc3c547c
pick-place-v3,307,29,Gaussian recovery,98000,0,0,693c00e138cdcd4a6ea9f0813c5d785450d7ebca98633ef766a22845662b07d2,5cf731ce6f4f4b30c9838c1d3998748a1fd2c11be291b2d92787dc3954374ec8
pick-place-v3,307,29,Gaussian recovery,98001,1,1,693c00e138cdcd4a6ea9f0813c5d785450d7ebca98633ef766a22845662b07d2,6225cbb920842b1c7d3e5858a36a7d4d6f1a6645d1afded58fa79068c1a1d5c0
pick-place-v3,307,29,Gaussian recovery,98002,0,0,693c00e138cdcd4a6ea9f0813c5d785450d7ebca98633ef766a22845662b07d2,7d13e5a96fa604ade2ce862a0ebdcdd76bc0611c1b87fa376cde45de19cff3e9
pick-place-v3,307,29,Gaussian recovery,98003,0,0,693c00e138cdcd4a6ea9f0813c5d785450d7ebca98633ef766a22845662b07d2,61c891b453eaf962047edcd51a7c5c53e7d45cc9231c71d11e4be88b9ca63958
pick-place-v3,307,29,Gaussian recovery,98004,0,0,693c00e138cdcd4a6ea9f0813c5d785450d7ebca98633ef766a22845662b07d2,8b3b09d935e921cc9c46c64e23ef99805aa246b1e6b0c928b5670cecc4a3312b
pick-place-v3,307,29,Gaussian recovery,98005,1,1,693c00e138cdcd4a6ea9f0813c5d785450d7ebca98633ef766a22845662b07d2,67c1d6bc0872c3a6fcb37971220964f09c21cd9774c7fe12b03ac7447896fcd1
pick-place-v3,307,29,Gaussian recovery,98006,1,1,693c00e138cdcd4a6ea9f0813c5d785450d7ebca98633ef766a22845662b07d2,b11ead31b7bffd53a87e8644f9462298ec5108884568e1fc1b0f22ee9bf11ec0
pick-place-v3,307,29,Gaussian recovery,98007,0,0,693c00e138cdcd4a6ea9f0813c5d785450d7ebca98633ef766a22845662b07d2,84b5fb91361681b5e97861b36919e254ee87f54c5ebdadb2fdd568e5824cb599
pick-place-v3,307,29,Gaussian recovery,98008,1,1,693c00e138cdcd4a6ea9f0813c5d785450d7ebca98633ef766a22845662b07d2,dc818a52ef26aee9d27f2fb72db47b76a03cf3146879c99ff38dca21e6251f06
pick-place-v3,307,29,Gaussian recovery,98009,1,0,693c00e138cdcd4a6ea9f0813c5d785450d7ebca98633ef766a22845662b07d2,0b4d895306f905fbf9a4cdfe7244175178d92b0c0a590f82163c0bd27c0b8d63
pick-place-v3,307,29,Gaussian recovery,98010,0,0,693c00e138cdcd4a6ea9f0813c5d785450d7ebca98633ef766a22845662b07d2,4a038401a9db5f09bccaeb643dd9d8df5dafa069be134a889f29bd336161c4ed
pick-place-v3,307,29,Gaussian recovery,98011,1,1,693c00e138cdcd4a6ea9f0813c5d785450d7ebca98633ef766a22845662b07d2,361a85da8dcb2a166dbf50b000f2b47b168ff4db6bc0d458c3be39041635baa8
pick-place-v3,307,29,Gaussian recovery,98012,0,0,693c00e138cdcd4a6ea9f0813c5d785450d7ebca98633ef766a22845662b07d2,4a306a1fc9a42e0c3939f65df902c0240edfdbf94ac49bc4f40913cd31af1c0f
pick-place-v3,307,29,Gaussian recovery,98013,0,0,693c00e138cdcd4a6ea9f0813c5d785450d7ebca98633ef766a22845662b07d2,30717f990e05f95ae85efdcdae81c4b812afd776e89350d9307e49c98a71523a
pick-place-v3,307,29,Gaussian recovery,98014,1,1,693c00e138cdcd4a6ea9f0813c5d785450d7ebca98633ef766a22845662b07d2,6d5f130b8143c81cea55c4511540bd8e0951fa78fc303fc1c0753016a7abaa4e
pick-place-v3,307,29,Gaussian recovery,98015,1,1,693c00e138cdcd4a6ea9f0813c5d785450d7ebca98633ef766a22845662b07d2,8f228396a7343da408f379aa2ee479367bd8930f58f3e6831bd6830711ca8aae
pick-place-v3,307,29,Gaussian recovery,98016,1,1,693c00e138cdcd4a6ea9f0813c5d785450d7ebca98633ef766a22845662b07d2,552ccc51be45b13200a4a81d0f310bf18aff16dab79fba8aefb446f769a37f63
pick-place-v3,307,29,Gaussian recovery,98017,0,0,693c00e138cdcd4a6ea9f0813c5d785450d7ebca98633ef766a22845662b07d2,796d1bacbfc895794d78e61b54913a303af61ffa2742bc8399036c0e20d1c79a
pick-place-v3,307,29,Gaussian recovery,98018,1,1,693c00e138cdcd4a6ea9f0813c5d785450d7ebca98633ef766a22845662b07d2,e4c3c067267bc78a3bc46a09d2719f8d61b25fc740503c472a55a286f49bc52b
pick-place-v3,307,29,Gaussian recovery,98019,0,0,693c00e138cdcd4a6ea9f0813c5d785450d7ebca98633ef766a22845662b07d2,da804670455b54401862b085d3388ab79773725ce3b5d661d7f97717b8bc2855
pick-place-v3,307,29,SCANA-R,98000,0,0,08e2faf1e5524804c61f69073107fafcfe05dcc5e3bbbf947c1afc75a185cb9e,fc476e3e2f007fb893d824a34f19de05d1ac4f574d76910959fed9ccb28cd9b6
pick-place-v3,307,29,SCANA-R,98001,1,1,08e2faf1e5524804c61f69073107fafcfe05dcc5e3bbbf947c1afc75a185cb9e,1dbc4814e008f760ef405fb96cb306d91f33b88a4df497a3c4cbe1b2996aede7
pick-place-v3,307,29,SCANA-R,98002,0,0,08e2faf1e5524804c61f69073107fafcfe05dcc5e3bbbf947c1afc75a185cb9e,04cd70080bac6f037ee1038bdcac025a9ac1d4135f4fba0fd06be7c40f335e7d
pick-place-v3,307,29,SCANA-R,98003,0,0,08e2faf1e5524804c61f69073107fafcfe05dcc5e3bbbf947c1afc75a185cb9e,9c643addb8e639adc1c584b08c82b5101620fc1a58263f6ce03e50d39f55a32e
pick-place-v3,307,29,SCANA-R,98004,0,0,08e2faf1e5524804c61f69073107fafcfe05dcc5e3bbbf947c1afc75a185cb9e,b3a072b0d74be83e94afb61beb971a33bbb3f3c3aaf053f99b40208f11c4ca7c
pick-place-v3,307,29,SCANA-R,98005,1,0,08e2faf1e5524804c61f69073107fafcfe05dcc5e3bbbf947c1afc75a185cb9e,69215f23bc69a189cfbcf4a28a269274b80cd9784ab32765e64017cb3943daef
pick-place-v3,307,29,SCANA-R,98006,1,1,08e2faf1e5524804c61f69073107fafcfe05dcc5e3bbbf947c1afc75a185cb9e,9279b37b56d7fe31cd0cdc121de06d81b63043246f88596eeca48febb6651a79
pick-place-v3,307,29,SCANA-R,98007,0,0,08e2faf1e5524804c61f69073107fafcfe05dcc5e3bbbf947c1afc75a185cb9e,85d6e71d4e027fff2e606eb7cab66d2b9629b4c34b2751a2c242fadb1e694a98
pick-place-v3,307,29,SCANA-R,98008,1,1,08e2faf1e5524804c61f69073107fafcfe05dcc5e3bbbf947c1afc75a185cb9e,42fb6b112807fec6f87bf5d742e54d5f864183ea37490d369448bd132731d3c4
pick-place-v3,307,29,SCANA-R,98009,0,0,08e2faf1e5524804c61f69073107fafcfe05dcc5e3bbbf947c1afc75a185cb9e,97eb325d613e6cfa8597a925b76678bc4a67a83227acd3d159e473a1d959eeeb
pick-place-v3,307,29,SCANA-R,98010,0,0,08e2faf1e5524804c61f69073107fafcfe05dcc5e3bbbf947c1afc75a185cb9e,ad486bf95ce96a9d1c085773961ff2c01a28debb082f33a1639a476db81633bf
pick-place-v3,307,29,SCANA-R,98011,1,1,08e2faf1e5524804c61f69073107fafcfe05dcc5e3bbbf947c1afc75a185cb9e,fb62ff7257c1f5ff758a75751a47e9d840f3079a4210ea29d4ce9facba886369
pick-place-v3,307,29,SCANA-R,98012,0,0,08e2faf1e5524804c61f69073107fafcfe05dcc5e3bbbf947c1afc75a185cb9e,32ac2a3587b39a5f960f1b6f5ccd958426939a6f8a3e428512409cf4b733e41e
pick-place-v3,307,29,SCANA-R,98013,1,1,08e2faf1e5524804c61f69073107fafcfe05dcc5e3bbbf947c1afc75a185cb9e,f8d3476aa881dc0f91e29e1cd687bb58f0be5c3016628929f9d8350efb35e29c
pick-place-v3,307,29,SCANA-R,98014,1,1,08e2faf1e5524804c61f69073107fafcfe05dcc5e3bbbf947c1afc75a185cb9e,d11104d8d5144c14bfb96a6c36db55d93543026faae8ddf69b7406638c1b96ae
pick-place-v3,307,29,SCANA-R,98015,1,1,08e2faf1e5524804c61f69073107fafcfe05dcc5e3bbbf947c1afc75a185cb9e,459ac39b555f52e892aab0cbb00447a46d75c20b35146908096e663a4fa1870b
pick-place-v3,307,29,SCANA-R,98016,1,0,08e2faf1e5524804c61f69073107fafcfe05dcc5e3bbbf947c1afc75a185cb9e,541be7ac277b74babf6beb51810bca1bb4dff3e10af363242fba0d91e88c9c82
pick-place-v3,307,29,SCANA-R,98017,0,0,08e2faf1e5524804c61f69073107fafcfe05dcc5e3bbbf947c1afc75a185cb9e,98bfb900fe12a45ccc06e3c51d9ad75cc52cf5575e0a5ed7dad8f01ae380c20c
pick-place-v3,307,29,SCANA-R,98018,1,1,08e2faf1e5524804c61f69073107fafcfe05dcc5e3bbbf947c1afc75a185cb9e,f90300ca8b67857c33616644dd8d0633402caf43d6fb20704e774d85fde41ac6
pick-place-v3,307,29,SCANA-R,98019,0,0,08e2faf1e5524804c61f69073107fafcfe05dcc5e3bbbf947c1afc75a185cb9e,6b2f79652b4133cd5a98ee32b4cc591f024629c30c44f7faf34615d6e0b973f0
pick-place-v3,307,43,Clean repeat,98000,1,1,44aec66ccd439a6d6c764c7966ea97a673e924677627ae07ca64997b03c8ee86,fdd1d79b4c163c3bb60e61095cdb558a66c82037614880c013975a48094af9a5
pick-place-v3,307,43,Clean repeat,98001,1,1,44aec66ccd439a6d6c764c7966ea97a673e924677627ae07ca64997b03c8ee86,73d5bf039f36d87f81ea9c4e49608426fd2ccbed7d522d9f5ddbcca095a71e84
pick-place-v3,307,43,Clean repeat,98002,0,0,44aec66ccd439a6d6c764c7966ea97a673e924677627ae07ca64997b03c8ee86,20cef3118228f6fa691ce996798c15844ed90476841bee59a329cf1ecc5587cd
pick-place-v3,307,43,Clean repeat,98003,0,0,44aec66ccd439a6d6c764c7966ea97a673e924677627ae07ca64997b03c8ee86,181977e63769ad5f2a59e71f26de0109ab71decd68bb482099b663061867b7c0
pick-place-v3,307,43,Clean repeat,98004,0,0,44aec66ccd439a6d6c764c7966ea97a673e924677627ae07ca64997b03c8ee86,644d22a2e5b362f0c102c3ac1672cf81674bfb0cb6a88ac6d1c450da219cb226
pick-place-v3,307,43,Clean repeat,98005,0,0,44aec66ccd439a6d6c764c7966ea97a673e924677627ae07ca64997b03c8ee86,e265fd60af139b55a88bc7bdd7508d612bbc0e24a796efd591c2542e9aa913be
pick-place-v3,307,43,Clean repeat,98006,1,1,44aec66ccd439a6d6c764c7966ea97a673e924677627ae07ca64997b03c8ee86,017b1c65bfbfa73d19956ee69b0e566abe479eade326778dcebf2ba4259ce77d
pick-place-v3,307,43,Clean repeat,98007,1,1,44aec66ccd439a6d6c764c7966ea97a673e924677627ae07ca64997b03c8ee86,8ad92d7889764bbc71e03fb209d6e8a4dae646c693d86daf9c7fed6216f0b888
pick-place-v3,307,43,Clean repeat,98008,1,1,44aec66ccd439a6d6c764c7966ea97a673e924677627ae07ca64997b03c8ee86,e183b4a833445ba3e57d8b900245bad91c3caa820b36972a92a311fe9c12a097
pick-place-v3,307,43,Clean repeat,98009,0,0,44aec66ccd439a6d6c764c7966ea97a673e924677627ae07ca64997b03c8ee86,fb804d9abf2eb1b2ee8cc84dd194bb1c22d60fa981501d5950015c453ee60921
pick-place-v3,307,43,Clean repeat,98010,1,0,44aec66ccd439a6d6c764c7966ea97a673e924677627ae07ca64997b03c8ee86,df60f361eccc743a9ed3808628b263cf5b502bf48d25aa1693f9b9335f833403
pick-place-v3,307,43,Clean repeat,98011,1,1,44aec66ccd439a6d6c764c7966ea97a673e924677627ae07ca64997b03c8ee86,ecaf48a4cf3d65e937b387935da8da6d874d478314f328e76c69ca57296d16e6
pick-place-v3,307,43,Clean repeat,98012,1,1,44aec66ccd439a6d6c764c7966ea97a673e924677627ae07ca64997b03c8ee86,f817cf05e1106eea064153eb0630384fe1d6a32512cfcda12c697c3f5ba83590
pick-place-v3,307,43,Clean repeat,98013,1,1,44aec66ccd439a6d6c764c7966ea97a673e924677627ae07ca64997b03c8ee86,cf91a4b69bf946651327f8ddbd6b35031526ab7d345a860b5ef935abc1fe503a
pick-place-v3,307,43,Clean repeat,98014,1,1,44aec66ccd439a6d6c764c7966ea97a673e924677627ae07ca64997b03c8ee86,a94e9bd5e42b13e0729397a50a35d6e0fc4cd9331df2869a96d3f434b7dcdf57
pick-place-v3,307,43,Clean repeat,98015,1,1,44aec66ccd439a6d6c764c7966ea97a673e924677627ae07ca64997b03c8ee86,7681aec954167444e92e24d47cb3ef11f72e676e98ede34cf57adb4ba76bfdda
pick-place-v3,307,43,Clean repeat,98016,1,0,44aec66ccd439a6d6c764c7966ea97a673e924677627ae07ca64997b03c8ee86,bcbbdbc207f42f6ce99bacc34adec2c39a3e0131f46371a2894b9883d6eaba6e
pick-place-v3,307,43,Clean repeat,98017,1,1,44aec66ccd439a6d6c764c7966ea97a673e924677627ae07ca64997b03c8ee86,cd4a8bc1b8a229bf59721cba69e4bc81a02629f8cbcc20c96a7daec9b174bc13
pick-place-v3,307,43,Clean repeat,98018,1,1,44aec66ccd439a6d6c764c7966ea97a673e924677627ae07ca64997b03c8ee86,9ba807c2345240c3b3e481c08503046ec9de401df205a55296e0ca442379d071
pick-place-v3,307,43,Clean repeat,98019,0,0,44aec66ccd439a6d6c764c7966ea97a673e924677627ae07ca64997b03c8ee86,90d5880d8fe9ce09b250a6c6f78425ed237adce5eec1e625e17948bb573ac472
pick-place-v3,307,43,Gaussian recovery,98000,1,1,2f805dd43a93923478fa3bd8c3e8c429d27128f0af320704e4fc26e6d5511122,8c7bbfa49e5811864d6f0f13b7eb04861204cdc74058c0f61ab31fc2d2ceeea7
pick-place-v3,307,43,Gaussian recovery,98001,1,1,2f805dd43a93923478fa3bd8c3e8c429d27128f0af320704e4fc26e6d5511122,f6fbd843051cfdc64df912d444d944053885e2d57052904cac5521b0f7adab1a
pick-place-v3,307,43,Gaussian recovery,98002,0,0,2f805dd43a93923478fa3bd8c3e8c429d27128f0af320704e4fc26e6d5511122,331bb1216fbdf556762127f08bcc0a97c23171119a1ae7825e3f2aacdaf4a1c4
pick-place-v3,307,43,Gaussian recovery,98003,0,0,2f805dd43a93923478fa3bd8c3e8c429d27128f0af320704e4fc26e6d5511122,96e93bfdacef5d8b2fa35da43d59dd26010e711ed113378d7d3f2b95e79cc174
pick-place-v3,307,43,Gaussian recovery,98004,1,1,2f805dd43a93923478fa3bd8c3e8c429d27128f0af320704e4fc26e6d5511122,8b3c45d1d99fed94826180647467d876fe6bce490aaa316be1bd1759a98aa2b6
pick-place-v3,307,43,Gaussian recovery,98005,1,0,2f805dd43a93923478fa3bd8c3e8c429d27128f0af320704e4fc26e6d5511122,77112b637482fe25ef643149f8db4bbd4a4524009d050e0abe5fed5a674b6529
pick-place-v3,307,43,Gaussian recovery,98006,1,1,2f805dd43a93923478fa3bd8c3e8c429d27128f0af320704e4fc26e6d5511122,58df2f5c5bc8dfa650d86ad4262159835dd26fa190417e229a5d8b631494a417
pick-place-v3,307,43,Gaussian recovery,98007,0,0,2f805dd43a93923478fa3bd8c3e8c429d27128f0af320704e4fc26e6d5511122,2df81ea5eab1ddfdaa6991d2060d8bf425b3be199f77f26709b4e2f9bb052596
pick-place-v3,307,43,Gaussian recovery,98008,1,1,2f805dd43a93923478fa3bd8c3e8c429d27128f0af320704e4fc26e6d5511122,68559272510344ccfc4b2cb233cbd2dddbf5bb3c3755e566619e0647e3ba51b0
pick-place-v3,307,43,Gaussian recovery,98009,1,0,2f805dd43a93923478fa3bd8c3e8c429d27128f0af320704e4fc26e6d5511122,5c9d2d048777d8a58100318681861964950c74e1cff1906dda34105a07fee5e4
pick-place-v3,307,43,Gaussian recovery,98010,1,1,2f805dd43a93923478fa3bd8c3e8c429d27128f0af320704e4fc26e6d5511122,d7b74cf796ebba7287dba682093713f3e5707895e33650cecc4ffd4c1df43d26
pick-place-v3,307,43,Gaussian recovery,98011,1,1,2f805dd43a93923478fa3bd8c3e8c429d27128f0af320704e4fc26e6d5511122,33a795b63c1a9ef9e594d00ea62611d3b5ee3d62647af202c97f3ba930d4c2f6
pick-place-v3,307,43,Gaussian recovery,98012,0,0,2f805dd43a93923478fa3bd8c3e8c429d27128f0af320704e4fc26e6d5511122,89c4f92d2deabce3c83c8049f785cba16119c43c90913ad8247b1e8ca2a1195d
pick-place-v3,307,43,Gaussian recovery,98013,1,1,2f805dd43a93923478fa3bd8c3e8c429d27128f0af320704e4fc26e6d5511122,4a988197cbb0ea3d834c2cdd1300738d177dd61e263d0e7175c1609ff19a5281
pick-place-v3,307,43,Gaussian recovery,98014,1,0,2f805dd43a93923478fa3bd8c3e8c429d27128f0af320704e4fc26e6d5511122,343149e9661d59e1750020a75267c4acfcc9437b7bdc2afed21d53f06a5a079b
pick-place-v3,307,43,Gaussian recovery,98015,1,1,2f805dd43a93923478fa3bd8c3e8c429d27128f0af320704e4fc26e6d5511122,d4202c367fd8e80dcbfbe39b930b8f7348fceb269cb42c6b2e6611f29fd2256c
pick-place-v3,307,43,Gaussian recovery,98016,1,0,2f805dd43a93923478fa3bd8c3e8c429d27128f0af320704e4fc26e6d5511122,503a2a493219a2bfb36133eddbad9625762216fe4b1a745f3b39952aa9050473
pick-place-v3,307,43,Gaussian recovery,98017,1,1,2f805dd43a93923478fa3bd8c3e8c429d27128f0af320704e4fc26e6d5511122,051d5b0b406269cfd5a9b283b3229ab8d0dc261357dda4545f34d689f110ac46
pick-place-v3,307,43,Gaussian recovery,98018,1,1,2f805dd43a93923478fa3bd8c3e8c429d27128f0af320704e4fc26e6d5511122,0d85d8a0ac01c363855b45a246318fb4cf9c6fa6907211e4783106761cdf5d40
pick-place-v3,307,43,Gaussian recovery,98019,0,0,2f805dd43a93923478fa3bd8c3e8c429d27128f0af320704e4fc26e6d5511122,492ce6f356528701217cd486920a8986ce68ec84e1f962c6466be6d1c08612ef
pick-place-v3,307,43,SCANA-R,98000,1,1,78bfba631d7c32f0030e1c5a0622d8876998300ca2af2c376e49a5c67b43c26f,6a7514dd9cd3a1fa90a689b8ba717e5bf2c448752d402a18a8717be42ca8408e
pick-place-v3,307,43,SCANA-R,98001,1,1,78bfba631d7c32f0030e1c5a0622d8876998300ca2af2c376e49a5c67b43c26f,32bad5fa76f6b958f665bcfbe86d4763f12c48a28db2169e2481e1d748f5476d
pick-place-v3,307,43,SCANA-R,98002,0,0,78bfba631d7c32f0030e1c5a0622d8876998300ca2af2c376e49a5c67b43c26f,3e02f53e575977bf81ed06de209844e08d589b91ab15844707f9fef941dd3f11
pick-place-v3,307,43,SCANA-R,98003,0,0,78bfba631d7c32f0030e1c5a0622d8876998300ca2af2c376e49a5c67b43c26f,7c5e62d9e874effe87577acba8d6613c5cfced413198b06523229b1586cf1a37
pick-place-v3,307,43,SCANA-R,98004,1,1,78bfba631d7c32f0030e1c5a0622d8876998300ca2af2c376e49a5c67b43c26f,3449b47da0c63a5fa83d6bcc6d0cefd693adc83a5205518fb9b835d572070dde
pick-place-v3,307,43,SCANA-R,98005,1,1,78bfba631d7c32f0030e1c5a0622d8876998300ca2af2c376e49a5c67b43c26f,3da6b17a8ff137b0c71afb8e092854f611890c369f7360834027fd0d913d47c8
pick-place-v3,307,43,SCANA-R,98006,1,1,78bfba631d7c32f0030e1c5a0622d8876998300ca2af2c376e49a5c67b43c26f,f35e2a8dc4c6b0e40d5d8de6b2bad1160dc86ef5d117691bad529167357a25e5
pick-place-v3,307,43,SCANA-R,98007,0,0,78bfba631d7c32f0030e1c5a0622d8876998300ca2af2c376e49a5c67b43c26f,2361f31fe0c58485bbd6d1cd02a45433319dcdd6cfb634075e355719b1d4a674
pick-place-v3,307,43,SCANA-R,98008,1,1,78bfba631d7c32f0030e1c5a0622d8876998300ca2af2c376e49a5c67b43c26f,44a7e53858c071729f6814cbc34622b7c7f2e895e5299170e11ce66ddaef717b
pick-place-v3,307,43,SCANA-R,98009,1,1,78bfba631d7c32f0030e1c5a0622d8876998300ca2af2c376e49a5c67b43c26f,2072dc484e19b678f974e11aba3bd83a1788bbd6b7fb1feb3a0e7746124898ff
pick-place-v3,307,43,SCANA-R,98010,1,1,78bfba631d7c32f0030e1c5a0622d8876998300ca2af2c376e49a5c67b43c26f,4925be7cb65e51b466ff1b9e831f63251cedf4345d7715d3f402383135d7e098
pick-place-v3,307,43,SCANA-R,98011,1,1,78bfba631d7c32f0030e1c5a0622d8876998300ca2af2c376e49a5c67b43c26f,9019a873ccff017b8d3f8262abc76432be56d1b8cfb2b36fef5b627c83b8431b
pick-place-v3,307,43,SCANA-R,98012,0,0,78bfba631d7c32f0030e1c5a0622d8876998300ca2af2c376e49a5c67b43c26f,9507efe51acf30497dfaf1e0552f3ab2a463de5dce31a5a557129d7553ae24fa
pick-place-v3,307,43,SCANA-R,98013,1,1,78bfba631d7c32f0030e1c5a0622d8876998300ca2af2c376e49a5c67b43c26f,4b851123420c06feb6fdca3d1dab54dca13081a966a41c21d3e69e9ad3964bb4
pick-place-v3,307,43,SCANA-R,98014,1,1,78bfba631d7c32f0030e1c5a0622d8876998300ca2af2c376e49a5c67b43c26f,8de7772685d72714d9489e1f3bcd320ab517196eb519d3fa8de2c1256a79529a
pick-place-v3,307,43,SCANA-R,98015,1,1,78bfba631d7c32f0030e1c5a0622d8876998300ca2af2c376e49a5c67b43c26f,9da16eaab1272c9b33991638e61a82468878f29e52ff86faef571393a0f44af7
pick-place-v3,307,43,SCANA-R,98016,1,0,78bfba631d7c32f0030e1c5a0622d8876998300ca2af2c376e49a5c67b43c26f,1956038b1e22b76fdee3259ed9340db1cea8f9665e9cebfe569104b8e965b65c
pick-place-v3,307,43,SCANA-R,98017,1,1,78bfba631d7c32f0030e1c5a0622d8876998300ca2af2c376e49a5c67b43c26f,a2aee9d6fdc1426875214f1799b641742e7f456f38d6bb44eeaea79f1659520f
pick-place-v3,307,43,SCANA-R,98018,1,1,78bfba631d7c32f0030e1c5a0622d8876998300ca2af2c376e49a5c67b43c26f,ecaa7963ea04423f068679841b0ea2fe205e38023bfdc512bd5d7793b366ef21
pick-place-v3,307,43,SCANA-R,98019,1,0,78bfba631d7c32f0030e1c5a0622d8876998300ca2af2c376e49a5c67b43c26f,85c7b9c0aebf27ca4174db8ac43722676bedc0af5c73f9426ca2cf9271415aec
door-open-v3,101,17,Clean repeat,98000,1,1,d6cc82daefd81f5539be165f16bc87d8e68b350ccea2d08cc8d5058d93601c95,7d3be70d405e7c358995d92e2add35fac9cc8d4071974a42691db514d1c9d6a0
door-open-v3,101,17,Clean repeat,98001,1,0,d6cc82daefd81f5539be165f16bc87d8e68b350ccea2d08cc8d5058d93601c95,a277f2dbaaaecb458de8c01b371c8d763fc6ae9bc7f116a09e5b6e210c270efe
door-open-v3,101,17,Clean repeat,98002,1,1,d6cc82daefd81f5539be165f16bc87d8e68b350ccea2d08cc8d5058d93601c95,c5d07fbc71bf9d46e37606632faefdd656686a14a7955cda266c94a9a6fcc5aa
door-open-v3,101,17,Clean repeat,98003,1,1,d6cc82daefd81f5539be165f16bc87d8e68b350ccea2d08cc8d5058d93601c95,ec3fa8abd9c2d339298b467b262396962e100a9b6c19de1495dd2fc27437d540
door-open-v3,101,17,Clean repeat,98004,1,1,d6cc82daefd81f5539be165f16bc87d8e68b350ccea2d08cc8d5058d93601c95,adc965cae91aedd60111148d8c2f8f9b8c0755ce94398309ed69d5066ed9e0c7
door-open-v3,101,17,Clean repeat,98005,1,1,d6cc82daefd81f5539be165f16bc87d8e68b350ccea2d08cc8d5058d93601c95,a0e875a553081557735603a34df242f27f14a0eaa9b5bdda86d8b2cf456d3c53
door-open-v3,101,17,Clean repeat,98006,1,1,d6cc82daefd81f5539be165f16bc87d8e68b350ccea2d08cc8d5058d93601c95,4fddff2848dcd5493aef3bf6b62860ce96ed76b58e1049b54f4183e792db4ca9
door-open-v3,101,17,Clean repeat,98007,1,1,d6cc82daefd81f5539be165f16bc87d8e68b350ccea2d08cc8d5058d93601c95,3dd617833809aa5db8c7fd226fe152eb3c0ad438c02accfa5ac600eecdc6ede7
door-open-v3,101,17,Clean repeat,98008,1,1,d6cc82daefd81f5539be165f16bc87d8e68b350ccea2d08cc8d5058d93601c95,30b5880b1822252aac316eff2527bb39b97feab4ab3f4d8922ee1a98dede67cd
door-open-v3,101,17,Clean repeat,98009,1,1,d6cc82daefd81f5539be165f16bc87d8e68b350ccea2d08cc8d5058d93601c95,c0f1af7b72447c8d3be7fec3d214a5385ddb13efd0df11ec41b63fd39337118f
door-open-v3,101,17,Clean repeat,98010,1,1,d6cc82daefd81f5539be165f16bc87d8e68b350ccea2d08cc8d5058d93601c95,2cc916cd78754550905b6ec51557db028123046256e3de5aa0c984dd84a7207e
door-open-v3,101,17,Clean repeat,98011,1,1,d6cc82daefd81f5539be165f16bc87d8e68b350ccea2d08cc8d5058d93601c95,5600b636d8941ab69c25ab7ab13dcdeb38d377c7239f53da41284e79d07fcbb0
door-open-v3,101,17,Clean repeat,98012,1,1,d6cc82daefd81f5539be165f16bc87d8e68b350ccea2d08cc8d5058d93601c95,4f94eeb7bda84f5b319eb6beb8e062018517e52031d0dd92e7e1439e30a0ed6f
door-open-v3,101,17,Clean repeat,98013,1,1,d6cc82daefd81f5539be165f16bc87d8e68b350ccea2d08cc8d5058d93601c95,632408df14081850ec366404281c2797ee4264e21793b46993f18c7dd4dc934f
door-open-v3,101,17,Clean repeat,98014,1,1,d6cc82daefd81f5539be165f16bc87d8e68b350ccea2d08cc8d5058d93601c95,e86621012197fcfd4ae136cacd79c2f777a414e9ddf3865e17c7601f248fa3e4
door-open-v3,101,17,Clean repeat,98015,1,1,d6cc82daefd81f5539be165f16bc87d8e68b350ccea2d08cc8d5058d93601c95,5f7b50a0662a5a529343da9a2ddd250b47c1aab453f3696468a20456b267ee5d
door-open-v3,101,17,Clean repeat,98016,1,1,d6cc82daefd81f5539be165f16bc87d8e68b350ccea2d08cc8d5058d93601c95,c196e62f47bf8414fed6b2e97fe05c0bdb35fb5f7965af839a7dbdb0918c9954
door-open-v3,101,17,Clean repeat,98017,1,1,d6cc82daefd81f5539be165f16bc87d8e68b350ccea2d08cc8d5058d93601c95,dcbd019179c67dbe08c56f50f1e19a2c51dc9ab9babb56e6e8cd873be7d673da
door-open-v3,101,17,Clean repeat,98018,1,1,d6cc82daefd81f5539be165f16bc87d8e68b350ccea2d08cc8d5058d93601c95,30df80731f4025c80ee1d5183c292794c8324544a99c58f0afc2cc597f6bfe31
door-open-v3,101,17,Clean repeat,98019,1,1,d6cc82daefd81f5539be165f16bc87d8e68b350ccea2d08cc8d5058d93601c95,a1799ffdeb99e9445a32131536aff710c261b242a4098166f1b05aec6fa62bef
door-open-v3,101,17,Gaussian recovery,98000,1,1,ef42a0faae8ceeaac562092640e49f19b694695097b3146c0bbc93499de3b879,3e027389e0f46fe65b2b4cd7a884ffb88204585cc5bd5c9742ad57dc54ff7431
door-open-v3,101,17,Gaussian recovery,98001,1,1,ef42a0faae8ceeaac562092640e49f19b694695097b3146c0bbc93499de3b879,131a41adfb48c9e1ea5f1b4109cf6a0592d90cea2b0a4f77b1fbbcd1bc1f3396
door-open-v3,101,17,Gaussian recovery,98002,1,1,ef42a0faae8ceeaac562092640e49f19b694695097b3146c0bbc93499de3b879,ae4a7a56367f7c651eeac277bc264a93026d2f47380584ba3c4f32fed6418fc2
door-open-v3,101,17,Gaussian recovery,98003,1,1,ef42a0faae8ceeaac562092640e49f19b694695097b3146c0bbc93499de3b879,339c0b52a6677cd409f4423888d42c22d0b079d899ad78ac1d5212dc83081ae6
door-open-v3,101,17,Gaussian recovery,98004,1,1,ef42a0faae8ceeaac562092640e49f19b694695097b3146c0bbc93499de3b879,3da580d5f9ab1ed4b64ae75833a0668a7edf19f612ecd04f3fa8d388e9a952bd
door-open-v3,101,17,Gaussian recovery,98005,1,1,ef42a0faae8ceeaac562092640e49f19b694695097b3146c0bbc93499de3b879,dc54ce815de63eb160f5f8a01e0452bd9cacd286826d3ec71d46bae8c3284f26
door-open-v3,101,17,Gaussian recovery,98006,1,1,ef42a0faae8ceeaac562092640e49f19b694695097b3146c0bbc93499de3b879,a726225d10be9a03af457abe314040e92b3604c7cb324b9f1e8f05ff6657d476
door-open-v3,101,17,Gaussian recovery,98007,1,1,ef42a0faae8ceeaac562092640e49f19b694695097b3146c0bbc93499de3b879,6141a002dc80380ffd59ce4d4e83b35727313d74f1c347d43abd17092fab0ca6
door-open-v3,101,17,Gaussian recovery,98008,1,1,ef42a0faae8ceeaac562092640e49f19b694695097b3146c0bbc93499de3b879,cdb626cc71776d37ae2e1d7227e4ac26e7fc339ff3741ef500f03f96ac011cb4
door-open-v3,101,17,Gaussian recovery,98009,1,1,ef42a0faae8ceeaac562092640e49f19b694695097b3146c0bbc93499de3b879,a46533f5b9424f8b49e5368c090b1fd8d0b061a801c619084830501649c1f46d
door-open-v3,101,17,Gaussian recovery,98010,1,1,ef42a0faae8ceeaac562092640e49f19b694695097b3146c0bbc93499de3b879,df6d0147d9fc380a214522777d8b00318ceb3a225fa3160857819dd842a6c7fa
door-open-v3,101,17,Gaussian recovery,98011,1,1,ef42a0faae8ceeaac562092640e49f19b694695097b3146c0bbc93499de3b879,df83ab7f31a2554bba690666d983f0644e251267a1b781b20213cfb4b20c5dc0
door-open-v3,101,17,Gaussian recovery,98012,1,1,ef42a0faae8ceeaac562092640e49f19b694695097b3146c0bbc93499de3b879,242f9fa11bffae2a00e2366c6211ae8b963a83d7c96ff1eafbe2577688832534
door-open-v3,101,17,Gaussian recovery,98013,1,1,ef42a0faae8ceeaac562092640e49f19b694695097b3146c0bbc93499de3b879,e8436b9e6d6c261132d2640a7e710f8e53499bff6bccf9e7171dda1a587ec8a1
door-open-v3,101,17,Gaussian recovery,98014,1,1,ef42a0faae8ceeaac562092640e49f19b694695097b3146c0bbc93499de3b879,e4ad1d16bf1156c6c72f2f3478059b4d5ee54f0c381ef801d0d1404d8e4c7b21
door-open-v3,101,17,Gaussian recovery,98015,1,1,ef42a0faae8ceeaac562092640e49f19b694695097b3146c0bbc93499de3b879,0d864e23351cc4df3a3a601ae75b26e40868664a70e168d0f7dda2d1187ffded
door-open-v3,101,17,Gaussian recovery,98016,1,1,ef42a0faae8ceeaac562092640e49f19b694695097b3146c0bbc93499de3b879,107bdb3aee9b6db30d72e90a833b76d9a32f630e7f6abf03bda2dc27ded024e2
door-open-v3,101,17,Gaussian recovery,98017,1,1,ef42a0faae8ceeaac562092640e49f19b694695097b3146c0bbc93499de3b879,5b87d04f1843c453db29ac2e6e6b2105e6e9e5a4b6817c43b1f7e0f07d2746f1
door-open-v3,101,17,Gaussian recovery,98018,1,1,ef42a0faae8ceeaac562092640e49f19b694695097b3146c0bbc93499de3b879,dbce6ab4e320199c8d8bb88087da3eea1c2cd4983b3b76ccaea43a50bd3514f5
door-open-v3,101,17,Gaussian recovery,98019,1,1,ef42a0faae8ceeaac562092640e49f19b694695097b3146c0bbc93499de3b879,1c9c30ebe4aac51b0ebdb8a275374cc6da2b41b55a256cdd4657bba49888426a
door-open-v3,101,17,SCANA-R,98000,1,1,c166938d930fe069e414eff698b7aa8a444a2eb4bd0aaf77140c106f9b705a13,9e05fc5192f1ca67c1efb8b478ef1833f3b2ee8d5f7a61e9ac0698057d51b150
door-open-v3,101,17,SCANA-R,98001,1,1,c166938d930fe069e414eff698b7aa8a444a2eb4bd0aaf77140c106f9b705a13,a38d50ecabb42b4474b998938a4ea23d25f1a1793cc477c10401ccf5b898d72e
door-open-v3,101,17,SCANA-R,98002,1,1,c166938d930fe069e414eff698b7aa8a444a2eb4bd0aaf77140c106f9b705a13,4f43e68c0b54506c38820a52aade6cd290025fc2e27b658efc342d6daf8fc526
door-open-v3,101,17,SCANA-R,98003,1,1,c166938d930fe069e414eff698b7aa8a444a2eb4bd0aaf77140c106f9b705a13,e59bd24b375c619db33a1513f8eecfb347c05be248127abfc1b3259913a3df30
door-open-v3,101,17,SCANA-R,98004,1,1,c166938d930fe069e414eff698b7aa8a444a2eb4bd0aaf77140c106f9b705a13,ae55d16b87c6415254bd5c0b94323ca523260a48383e62cec745c0ef53a0d544
door-open-v3,101,17,SCANA-R,98005,1,1,c166938d930fe069e414eff698b7aa8a444a2eb4bd0aaf77140c106f9b705a13,03444a1ffbbe6a108cc7944601390b664733ac65ea83ccde52b7295da4b6cb4a
door-open-v3,101,17,SCANA-R,98006,1,1,c166938d930fe069e414eff698b7aa8a444a2eb4bd0aaf77140c106f9b705a13,b13ae7c51c17222a3658ebe00dd3e613e33206a087171ac7930883286d50d223
door-open-v3,101,17,SCANA-R,98007,1,1,c166938d930fe069e414eff698b7aa8a444a2eb4bd0aaf77140c106f9b705a13,a3713772c16c6a8628a06461f4b559db882e46a42dfc95cb9bae999791bce443
door-open-v3,101,17,SCANA-R,98008,1,1,c166938d930fe069e414eff698b7aa8a444a2eb4bd0aaf77140c106f9b705a13,59bf4139858d620e782cde9fed19f053add84ad9d3f94320ef4b91d10f2237e0
door-open-v3,101,17,SCANA-R,98009,1,1,c166938d930fe069e414eff698b7aa8a444a2eb4bd0aaf77140c106f9b705a13,aaa1c3711aed20983db6a33b1bb75e3c0954993aa07e463f7bc44afe3611e183
door-open-v3,101,17,SCANA-R,98010,1,1,c166938d930fe069e414eff698b7aa8a444a2eb4bd0aaf77140c106f9b705a13,a339a8ee286330411bbe2c498dc17c51ed88e42644c57b072b502dbb513b74e7
door-open-v3,101,17,SCANA-R,98011,1,1,c166938d930fe069e414eff698b7aa8a444a2eb4bd0aaf77140c106f9b705a13,a71be0fe8063e035d8fcf463d0d12149045f113167c912e3aaa7646aff84e5c2
door-open-v3,101,17,SCANA-R,98012,1,1,c166938d930fe069e414eff698b7aa8a444a2eb4bd0aaf77140c106f9b705a13,2bf8c01e684483be235c3e9a7a7264b3c094452d6509dde8c6ef3566c9f7927c
door-open-v3,101,17,SCANA-R,98013,1,1,c166938d930fe069e414eff698b7aa8a444a2eb4bd0aaf77140c106f9b705a13,f3d3cd25ce2f0501a97c373d05c14462aa8a0c3790fbe407d23fa07421ef958e
door-open-v3,101,17,SCANA-R,98014,1,1,c166938d930fe069e414eff698b7aa8a444a2eb4bd0aaf77140c106f9b705a13,d88603fba5f26d8a5aa086cbe5ea43f75baec93e9af71db3f70615e4232f3df0
door-open-v3,101,17,SCANA-R,98015,1,1,c166938d930fe069e414eff698b7aa8a444a2eb4bd0aaf77140c106f9b705a13,fef4f763c6f700364a57aa0dc548bc4261a9e1b219d03f2afcd11b31f23967ca
door-open-v3,101,17,SCANA-R,98016,1,1,c166938d930fe069e414eff698b7aa8a444a2eb4bd0aaf77140c106f9b705a13,72c328e797693b6d07e7bd4686d7a615934af51eb9ec41356699a9e852ec3213
door-open-v3,101,17,SCANA-R,98017,1,1,c166938d930fe069e414eff698b7aa8a444a2eb4bd0aaf77140c106f9b705a13,65f1d20bdbbac9e4a6a0ec475b9af4542bce5ccbef53e4740538541e95bc1cfa
door-open-v3,101,17,SCANA-R,98018,1,1,c166938d930fe069e414eff698b7aa8a444a2eb4bd0aaf77140c106f9b705a13,50c2b1e95d43e128c895fdd9941fc2f1e302e70a63fa0f2c19ae39e4a697f144
door-open-v3,101,17,SCANA-R,98019,1,1,c166938d930fe069e414eff698b7aa8a444a2eb4bd0aaf77140c106f9b705a13,f67dba64bc840360d46367d1d43a533879a069c05fccd09f7d4d3ee987cf7d9f
door-open-v3,101,29,Clean repeat,98000,1,1,336b80fe0ed3f7b89985c35db8d06aac538870b5ee5f6ce87242a4fb4be81ca4,fcd8ec10d86c19051daa6171aa4a128c5c48539b2cfb99ed355d932242a09ad4
door-open-v3,101,29,Clean repeat,98001,1,0,336b80fe0ed3f7b89985c35db8d06aac538870b5ee5f6ce87242a4fb4be81ca4,7cada08f33f7af758b64a909ee9291335fcaa02d94d5b9249e800fb346953c3d
door-open-v3,101,29,Clean repeat,98002,1,1,336b80fe0ed3f7b89985c35db8d06aac538870b5ee5f6ce87242a4fb4be81ca4,50f188f14a72071cd26cb88f8b35fd28d6a9056e796e180aab2bace955620d4b
door-open-v3,101,29,Clean repeat,98003,1,1,336b80fe0ed3f7b89985c35db8d06aac538870b5ee5f6ce87242a4fb4be81ca4,015ccd540b402948ed9d25e744de0779f0ad4048c70983bbdb0f21c8c523c0a3
door-open-v3,101,29,Clean repeat,98004,1,1,336b80fe0ed3f7b89985c35db8d06aac538870b5ee5f6ce87242a4fb4be81ca4,5477456bb57f74336d1901ac16d47b48418504eec0b50740f848460625bcab18
door-open-v3,101,29,Clean repeat,98005,1,1,336b80fe0ed3f7b89985c35db8d06aac538870b5ee5f6ce87242a4fb4be81ca4,1a087ee4ade5c7df5293b1517101bd6ad0dc4d05287a75c67b6e570507b59318
door-open-v3,101,29,Clean repeat,98006,1,1,336b80fe0ed3f7b89985c35db8d06aac538870b5ee5f6ce87242a4fb4be81ca4,536da777afcce420c1919b25ca3ee4062e16851fc307c74d2a07d8c6088ec5b9
door-open-v3,101,29,Clean repeat,98007,1,1,336b80fe0ed3f7b89985c35db8d06aac538870b5ee5f6ce87242a4fb4be81ca4,d8f5e30466dcefdcce88dcecea587cd705fd711caa4e0b293f22fa35d9e40d99
door-open-v3,101,29,Clean repeat,98008,1,1,336b80fe0ed3f7b89985c35db8d06aac538870b5ee5f6ce87242a4fb4be81ca4,fabe32a49fbcce6d0e8af7a6fef1973309e0868ee7735890248a26f7d354964e
door-open-v3,101,29,Clean repeat,98009,1,1,336b80fe0ed3f7b89985c35db8d06aac538870b5ee5f6ce87242a4fb4be81ca4,24625ee19f50012189a097c1399eba05126a01bb34d8420b04c6ae09ce4c8bb3
door-open-v3,101,29,Clean repeat,98010,1,1,336b80fe0ed3f7b89985c35db8d06aac538870b5ee5f6ce87242a4fb4be81ca4,a4d00c2b9455ce65dab5fadbacbe25c538d4678da7d3e17e4c6da336a03efa0e
door-open-v3,101,29,Clean repeat,98011,1,1,336b80fe0ed3f7b89985c35db8d06aac538870b5ee5f6ce87242a4fb4be81ca4,e9969f46ef2e029c7ab4fb7f69a047252ae08b6b9b2a72cff623904e7d5f8798
door-open-v3,101,29,Clean repeat,98012,1,1,336b80fe0ed3f7b89985c35db8d06aac538870b5ee5f6ce87242a4fb4be81ca4,0843632279b3258c3037b7004bea8a06edf2ee21e27fa8e40a8e5070ef11f0ac
door-open-v3,101,29,Clean repeat,98013,1,1,336b80fe0ed3f7b89985c35db8d06aac538870b5ee5f6ce87242a4fb4be81ca4,2aa1ba0be7aed7ee99b2dc202b8b58473f0eb4a2e6532651ebd42141eb75de15
door-open-v3,101,29,Clean repeat,98014,1,1,336b80fe0ed3f7b89985c35db8d06aac538870b5ee5f6ce87242a4fb4be81ca4,735df44784cbf676a192a8afece2a1a4fd292a1521946bfa521f5e04fef4f32a
door-open-v3,101,29,Clean repeat,98015,1,1,336b80fe0ed3f7b89985c35db8d06aac538870b5ee5f6ce87242a4fb4be81ca4,661198e479d7436bea2045c8405bc6ad6cffb2379ea4e1ea9fd1b72a3a11f83a
door-open-v3,101,29,Clean repeat,98016,1,1,336b80fe0ed3f7b89985c35db8d06aac538870b5ee5f6ce87242a4fb4be81ca4,649a2bf4bf0c6f3fab1db967f7439e8a92cb7b8ab708900684f79535ce38699f
door-open-v3,101,29,Clean repeat,98017,1,1,336b80fe0ed3f7b89985c35db8d06aac538870b5ee5f6ce87242a4fb4be81ca4,74b49d3cb6f20ca2269e299c78f40f5129409024b3a30f1e79bf51a7838e9d2f
door-open-v3,101,29,Clean repeat,98018,1,1,336b80fe0ed3f7b89985c35db8d06aac538870b5ee5f6ce87242a4fb4be81ca4,82cb64529e7c27ef28e70862f8b629c4dbfad3a6cd8b746d17a8f5354aab7acd
door-open-v3,101,29,Clean repeat,98019,1,1,336b80fe0ed3f7b89985c35db8d06aac538870b5ee5f6ce87242a4fb4be81ca4,f785cecbb8aa8071dcefa130bf889d4374f10bfce4b10635de8d186970d2d121
door-open-v3,101,29,Gaussian recovery,98000,1,1,571f3674a2dec3e10417a7da65a527c4fa040c2377103fa22bb805c96b892ccc,039a64da158547a781f2247a76c200b584012ce87be2108df709514ca16dd9b8
door-open-v3,101,29,Gaussian recovery,98001,1,0,571f3674a2dec3e10417a7da65a527c4fa040c2377103fa22bb805c96b892ccc,d4bc327609bc24acf2c09b9d6760d6513300b1f0c57f035ac13b029ea01d613a
door-open-v3,101,29,Gaussian recovery,98002,1,1,571f3674a2dec3e10417a7da65a527c4fa040c2377103fa22bb805c96b892ccc,054b580bed38ee88db8b8c432c52593e896f83980ea22e0cc252eea723620076
door-open-v3,101,29,Gaussian recovery,98003,1,1,571f3674a2dec3e10417a7da65a527c4fa040c2377103fa22bb805c96b892ccc,3f924576b18513a35818b4c73bd2d1ab223b7a175f46ec13b5f03389a0a9c30a
door-open-v3,101,29,Gaussian recovery,98004,1,1,571f3674a2dec3e10417a7da65a527c4fa040c2377103fa22bb805c96b892ccc,a3a358d22a13786648ed539b68e48ab98399622468775cc440da0e5a97a2cb77
door-open-v3,101,29,Gaussian recovery,98005,1,1,571f3674a2dec3e10417a7da65a527c4fa040c2377103fa22bb805c96b892ccc,059cef38c7d3b15dc736565bcec348db144bbb2fbd0c718e5a2b0036b1e73ffc
door-open-v3,101,29,Gaussian recovery,98006,1,1,571f3674a2dec3e10417a7da65a527c4fa040c2377103fa22bb805c96b892ccc,27c2c3c805e3b746ea1f4111ffbadeb5c759e6bff37bccbfd7cb046b0638d5f1
door-open-v3,101,29,Gaussian recovery,98007,1,1,571f3674a2dec3e10417a7da65a527c4fa040c2377103fa22bb805c96b892ccc,d87cd69044df957119cf93bb754d8243b50488b0d06f9dc1de3faeadc4f66762
door-open-v3,101,29,Gaussian recovery,98008,1,1,571f3674a2dec3e10417a7da65a527c4fa040c2377103fa22bb805c96b892ccc,6c3baed4b2db7fd260a902dd7ac43c7728d2b5f6cf445adcbb55ae44492f6ff6
door-open-v3,101,29,Gaussian recovery,98009,1,1,571f3674a2dec3e10417a7da65a527c4fa040c2377103fa22bb805c96b892ccc,37fe8fc1a33865d17a25271fa1c20cc71fe36ef948d50b5c0fab2fc956e7680c
door-open-v3,101,29,Gaussian recovery,98010,1,1,571f3674a2dec3e10417a7da65a527c4fa040c2377103fa22bb805c96b892ccc,1bde4972196068857673742546140794ecdef6c128f5108c261d35934136ea8f
door-open-v3,101,29,Gaussian recovery,98011,1,1,571f3674a2dec3e10417a7da65a527c4fa040c2377103fa22bb805c96b892ccc,ded56f516b12fd09619d1c7bdad21648d1ff445c55a3aae46f5408498fbfe662
door-open-v3,101,29,Gaussian recovery,98012,1,1,571f3674a2dec3e10417a7da65a527c4fa040c2377103fa22bb805c96b892ccc,b8683b65870b132ceaa75f0401dc52b27716dfdfb924d86336f3f21710505a98
door-open-v3,101,29,Gaussian recovery,98013,1,1,571f3674a2dec3e10417a7da65a527c4fa040c2377103fa22bb805c96b892ccc,f126b21255d594fc1aca5b68ea9b92a29e590ae5f1d27c66ef2bb0123709f4f4
door-open-v3,101,29,Gaussian recovery,98014,1,1,571f3674a2dec3e10417a7da65a527c4fa040c2377103fa22bb805c96b892ccc,a5b7caca88e6002cec7e679af933f4ea983d2f3752d7afb49aa0b2d04fda5de7
door-open-v3,101,29,Gaussian recovery,98015,1,1,571f3674a2dec3e10417a7da65a527c4fa040c2377103fa22bb805c96b892ccc,2a9b80736657db83d1dfbfc350a50e001904dd9bf2437340de18407c54658501
door-open-v3,101,29,Gaussian recovery,98016,1,1,571f3674a2dec3e10417a7da65a527c4fa040c2377103fa22bb805c96b892ccc,037568392a5838dd0300c0172012e9561ddf571d2927a1460ff67db011fffc09
door-open-v3,101,29,Gaussian recovery,98017,1,1,571f3674a2dec3e10417a7da65a527c4fa040c2377103fa22bb805c96b892ccc,91e70e860349c36b1986e22cf0bf1da3c526e8054f72a14baa3303bb03c67f07
door-open-v3,101,29,Gaussian recovery,98018,1,1,571f3674a2dec3e10417a7da65a527c4fa040c2377103fa22bb805c96b892ccc,9fc8f6f1db808df3570654cf2c7f7657900559ebea1f28458b7dcbee5f7950a5
door-open-v3,101,29,Gaussian recovery,98019,1,1,571f3674a2dec3e10417a7da65a527c4fa040c2377103fa22bb805c96b892ccc,cffb5b05b6226ac8f3b987c8e275a1aa047ac3f16153a9af8c649cbefdef4679
door-open-v3,101,29,SCANA-R,98000,1,1,e0c442180a35ecaddb83911551c4779128d19adc9736ac9b5d255be345c08c41,ba3995ada67f8a8cf3df1583c96c5388daaa36603633c8c743013c9d9617b2ff
door-open-v3,101,29,SCANA-R,98001,1,0,e0c442180a35ecaddb83911551c4779128d19adc9736ac9b5d255be345c08c41,4ebfb67d6ea7289d21a4fe6ce5603e6e1a11c3d14c1840df902a108f40a5a520
door-open-v3,101,29,SCANA-R,98002,1,1,e0c442180a35ecaddb83911551c4779128d19adc9736ac9b5d255be345c08c41,85eca43eb5a90fc3e54ad0d6c6818b4a4e764fdfdc1133a194fd3acd7e0e5df8
door-open-v3,101,29,SCANA-R,98003,1,1,e0c442180a35ecaddb83911551c4779128d19adc9736ac9b5d255be345c08c41,ccd29904a037db05d9d518ebc9e2f56485c95f06940591abd60af5b92bed1535
door-open-v3,101,29,SCANA-R,98004,1,1,e0c442180a35ecaddb83911551c4779128d19adc9736ac9b5d255be345c08c41,ecec81f41b98c4004f72f07e0c2e2f6da2a111b5cbab3e37baca9a876270d2f6
door-open-v3,101,29,SCANA-R,98005,1,1,e0c442180a35ecaddb83911551c4779128d19adc9736ac9b5d255be345c08c41,eba758d9d0ef24f4fb8ce193feacbafbd280d532f6bbca0b65d16637d4d1b75f
door-open-v3,101,29,SCANA-R,98006,1,1,e0c442180a35ecaddb83911551c4779128d19adc9736ac9b5d255be345c08c41,6bc77516d771a1c264c87d6c59b56e913a363727817fc3d8da950bcb8d685964
door-open-v3,101,29,SCANA-R,98007,1,1,e0c442180a35ecaddb83911551c4779128d19adc9736ac9b5d255be345c08c41,21fe88d8724a8cffa9cfcbf0ba2386b3917d0daa15bb1825125404472708180e
door-open-v3,101,29,SCANA-R,98008,1,1,e0c442180a35ecaddb83911551c4779128d19adc9736ac9b5d255be345c08c41,e6621b1247ff99e9375de5d76dbfbbf8a01737fe2a49ea1cad68f9420a8864ef
door-open-v3,101,29,SCANA-R,98009,1,1,e0c442180a35ecaddb83911551c4779128d19adc9736ac9b5d255be345c08c41,762d1b0647a0e3d535e4dacf0107bf1d3cf1861a5929106819e5b2ce807f8b69
door-open-v3,101,29,SCANA-R,98010,1,1,e0c442180a35ecaddb83911551c4779128d19adc9736ac9b5d255be345c08c41,8442539277a998b2ea8123797582dbfd74b83e5743f7aaa21f2f8d4a31e37938
door-open-v3,101,29,SCANA-R,98011,1,1,e0c442180a35ecaddb83911551c4779128d19adc9736ac9b5d255be345c08c41,08b272aee9496a3d0da528e0a93b67b4ce19419ce793a240dc9796bde78f22c1
door-open-v3,101,29,SCANA-R,98012,1,1,e0c442180a35ecaddb83911551c4779128d19adc9736ac9b5d255be345c08c41,c8e6375b3cacf65d2a7e313263e9d532a8a38aa1d0dff31a4d0f9b97bbacc601
door-open-v3,101,29,SCANA-R,98013,1,1,e0c442180a35ecaddb83911551c4779128d19adc9736ac9b5d255be345c08c41,538f9a7e55e88262f3828ce0f25707db3b02543cb6ec6669ee3c58d73368c074
door-open-v3,101,29,SCANA-R,98014,1,1,e0c442180a35ecaddb83911551c4779128d19adc9736ac9b5d255be345c08c41,db66037a0e696509f5f26157d101495072fd7eff25df3558c9554b6d5442f57b
door-open-v3,101,29,SCANA-R,98015,1,1,e0c442180a35ecaddb83911551c4779128d19adc9736ac9b5d255be345c08c41,810f1043cd106c018412dda838677a56c40d2dc33b3b16b47d298629054aaad5
door-open-v3,101,29,SCANA-R,98016,1,1,e0c442180a35ecaddb83911551c4779128d19adc9736ac9b5d255be345c08c41,6bfbfb6000da3adf002ee8dcaea345a1b42deb403be942f355e4bd30ced7f5ac
door-open-v3,101,29,SCANA-R,98017,1,1,e0c442180a35ecaddb83911551c4779128d19adc9736ac9b5d255be345c08c41,d5bf07661a29695bae9408e38d6128d21c08f2e2b4e56225ba4ec5791a4b8617
door-open-v3,101,29,SCANA-R,98018,1,1,e0c442180a35ecaddb83911551c4779128d19adc9736ac9b5d255be345c08c41,9f753cac709934d2fffc50fc40dc73eda78521810b230ccea3b18880f1a59aa7
door-open-v3,101,29,SCANA-R,98019,1,1,e0c442180a35ecaddb83911551c4779128d19adc9736ac9b5d255be345c08c41,758dfeb722f5c8eadaeebf6d07c7b2956fa4feb65352b02bdae7f626b89bef39
door-open-v3,101,43,Clean repeat,98000,1,1,ffe16a7f6bac048aef3c3a305f63948b77b4088de1bb28bc0640e91a95b49ba5,121f9ebfc1312046af1ed44d032fa5c8f4a8f504d182c8eca897fe5aa0ad6f40
door-open-v3,101,43,Clean repeat,98001,1,1,ffe16a7f6bac048aef3c3a305f63948b77b4088de1bb28bc0640e91a95b49ba5,1958709c264ab844002a654c2a7039ba675d8876ccd29aff10eba93f11a46b4c
door-open-v3,101,43,Clean repeat,98002,1,1,ffe16a7f6bac048aef3c3a305f63948b77b4088de1bb28bc0640e91a95b49ba5,969228c4f1b77ad483b815e49cfb0c4ef102e4e9d4a697e81aba06a4d25e519d
door-open-v3,101,43,Clean repeat,98003,1,1,ffe16a7f6bac048aef3c3a305f63948b77b4088de1bb28bc0640e91a95b49ba5,7637c5cd43cddc34844a595b0806d2a5c7982afdf9058f2003ae16a67e3ffb07
door-open-v3,101,43,Clean repeat,98004,1,1,ffe16a7f6bac048aef3c3a305f63948b77b4088de1bb28bc0640e91a95b49ba5,0076afa32858949326e7e6051616f99aa24307fa5bc7f0e662eeeb985651fe77
door-open-v3,101,43,Clean repeat,98005,1,1,ffe16a7f6bac048aef3c3a305f63948b77b4088de1bb28bc0640e91a95b49ba5,9ea7a729f6fa859a207b52a2d4e19830640355765ff437d001a8dd0da4d69521
door-open-v3,101,43,Clean repeat,98006,1,1,ffe16a7f6bac048aef3c3a305f63948b77b4088de1bb28bc0640e91a95b49ba5,75d649d324387abd838c7fd5727c4d65ea6a688aafbd96db0c49819d0e5fa0be
door-open-v3,101,43,Clean repeat,98007,1,1,ffe16a7f6bac048aef3c3a305f63948b77b4088de1bb28bc0640e91a95b49ba5,fda728f3af1019716b67bb20fb5d06aee15644f7f6d7a943446f0fa4b152b470
door-open-v3,101,43,Clean repeat,98008,1,1,ffe16a7f6bac048aef3c3a305f63948b77b4088de1bb28bc0640e91a95b49ba5,4c0dfaabe4b24a66b0ffd605be4f22873f65fe8737a66b3eb5b49d2574a80725
door-open-v3,101,43,Clean repeat,98009,1,1,ffe16a7f6bac048aef3c3a305f63948b77b4088de1bb28bc0640e91a95b49ba5,65af66490edb2ac807899ee6e216dd16b6e6a8a23631021f5f2bdf745ce29c2d
door-open-v3,101,43,Clean repeat,98010,1,1,ffe16a7f6bac048aef3c3a305f63948b77b4088de1bb28bc0640e91a95b49ba5,5365b2e333dababc8f0e249903534e73f6687115827b8da51e535b66c018a5e0
door-open-v3,101,43,Clean repeat,98011,1,1,ffe16a7f6bac048aef3c3a305f63948b77b4088de1bb28bc0640e91a95b49ba5,99beb6ab4d4c29f35ca81a9bd3d13db0f66754ad2c6e0bb17412be1e3f7e833a
door-open-v3,101,43,Clean repeat,98012,1,1,ffe16a7f6bac048aef3c3a305f63948b77b4088de1bb28bc0640e91a95b49ba5,41e50ef92621bc27d550a76bd22e78416c0f562e4cd251da99ae4ce8cddffcbe
door-open-v3,101,43,Clean repeat,98013,1,1,ffe16a7f6bac048aef3c3a305f63948b77b4088de1bb28bc0640e91a95b49ba5,027bfbfc828651091d8cb9f661320d74fa1d51537fe0a89673c0afd9ad9f2cf8
door-open-v3,101,43,Clean repeat,98014,1,1,ffe16a7f6bac048aef3c3a305f63948b77b4088de1bb28bc0640e91a95b49ba5,b8f8f838865f8f1335ce1be324d433a13b77bec9890aaa7098425d0574cd5f25
door-open-v3,101,43,Clean repeat,98015,1,1,ffe16a7f6bac048aef3c3a305f63948b77b4088de1bb28bc0640e91a95b49ba5,e9404e5762bd4cc15fae1d7b4ffc45e70a978bb0b8144f9e3e81aa620f18cdab
door-open-v3,101,43,Clean repeat,98016,1,1,ffe16a7f6bac048aef3c3a305f63948b77b4088de1bb28bc0640e91a95b49ba5,fd053619426a98eb9b2f4727c1ef9f1a484b49090a294d0586367e7eb1bc8ac4
door-open-v3,101,43,Clean repeat,98017,1,1,ffe16a7f6bac048aef3c3a305f63948b77b4088de1bb28bc0640e91a95b49ba5,3dfbf3313b7a9e688995a58524c209b12641d484f80b3125ccee55d991492719
door-open-v3,101,43,Clean repeat,98018,1,1,ffe16a7f6bac048aef3c3a305f63948b77b4088de1bb28bc0640e91a95b49ba5,87901072970db89e1604d27a445a47496d7c97683f2d62a391b38bd5b0f1a840
door-open-v3,101,43,Clean repeat,98019,1,1,ffe16a7f6bac048aef3c3a305f63948b77b4088de1bb28bc0640e91a95b49ba5,9b28a931fd104fe7d110e8852a8b314cb1373077ca2def69ca03f1eb70b326c2
door-open-v3,101,43,Gaussian recovery,98000,1,1,470d56b3bff1951133b9be4bd66515c6b6ea6c1ea813c599dbce4d1bd2a90113,840018157093ca832565adba8d83ae0947337039bee7fbca9e7416711b824677
door-open-v3,101,43,Gaussian recovery,98001,0,0,470d56b3bff1951133b9be4bd66515c6b6ea6c1ea813c599dbce4d1bd2a90113,d3edbb36d8fbdd75ad1e4f6fd7faa7e274ea94e8f4e73d1d30c1c089316b995a
door-open-v3,101,43,Gaussian recovery,98002,1,1,470d56b3bff1951133b9be4bd66515c6b6ea6c1ea813c599dbce4d1bd2a90113,2ba9e60aa819f8892aa0893e805b4f38ab24feb5654da3058820904a508aea0b
door-open-v3,101,43,Gaussian recovery,98003,1,1,470d56b3bff1951133b9be4bd66515c6b6ea6c1ea813c599dbce4d1bd2a90113,91f15258ca63baa05e9f050e5973aaf9d9276529163f31642d78b50c7a327dcc
door-open-v3,101,43,Gaussian recovery,98004,1,1,470d56b3bff1951133b9be4bd66515c6b6ea6c1ea813c599dbce4d1bd2a90113,e01443b809d22c3e7f3feb1894b59a0eff0036eccccad26ceaad9dea5b98a34b
door-open-v3,101,43,Gaussian recovery,98005,1,1,470d56b3bff1951133b9be4bd66515c6b6ea6c1ea813c599dbce4d1bd2a90113,4b2fdbf9ace89d7764d236493faa4cd33580bfe3f83dfd894e8696aa9b464799
door-open-v3,101,43,Gaussian recovery,98006,1,1,470d56b3bff1951133b9be4bd66515c6b6ea6c1ea813c599dbce4d1bd2a90113,8dc94d8b9dc8ba04c16c8de1d981e6178d661ab831ad6f33878bb6a8b3eb579f
door-open-v3,101,43,Gaussian recovery,98007,1,1,470d56b3bff1951133b9be4bd66515c6b6ea6c1ea813c599dbce4d1bd2a90113,4c3b6c21af18d9fc21dd9adebcab31133bb9d7ac2fb5c90248dd6b50f6d3ef8f
door-open-v3,101,43,Gaussian recovery,98008,1,1,470d56b3bff1951133b9be4bd66515c6b6ea6c1ea813c599dbce4d1bd2a90113,459b5553ac51754910d841886bec024615f4c64237da14528f4e42609c94352c
door-open-v3,101,43,Gaussian recovery,98009,1,1,470d56b3bff1951133b9be4bd66515c6b6ea6c1ea813c599dbce4d1bd2a90113,84f686762950effa9eac926bc6090f2d9a111c538bc102d591a0d5855bf178c7
door-open-v3,101,43,Gaussian recovery,98010,1,1,470d56b3bff1951133b9be4bd66515c6b6ea6c1ea813c599dbce4d1bd2a90113,6950a1ab34b80fe710f2c05d5ee2f8a15920febb92272316f75015f348adf906
door-open-v3,101,43,Gaussian recovery,98011,1,1,470d56b3bff1951133b9be4bd66515c6b6ea6c1ea813c599dbce4d1bd2a90113,5bc69df620ab5930b900e2ac199709b32ac8d431ae2b467a9f1afb66e31c9f57
door-open-v3,101,43,Gaussian recovery,98012,1,1,470d56b3bff1951133b9be4bd66515c6b6ea6c1ea813c599dbce4d1bd2a90113,6233fe92412880ba7beb3c54c1a7c1774ce2b604922f95673fcf962d403ff54e
door-open-v3,101,43,Gaussian recovery,98013,1,1,470d56b3bff1951133b9be4bd66515c6b6ea6c1ea813c599dbce4d1bd2a90113,5884ffa831e4c7e64aa7540a90403a11ef4b494efab4f40a9f88685f80ea49c6
door-open-v3,101,43,Gaussian recovery,98014,1,1,470d56b3bff1951133b9be4bd66515c6b6ea6c1ea813c599dbce4d1bd2a90113,567e8be82dff3cf815f59e8ca9d2cb943a5733cd9bb3942b2c0aa0e6e6730d51
door-open-v3,101,43,Gaussian recovery,98015,1,1,470d56b3bff1951133b9be4bd66515c6b6ea6c1ea813c599dbce4d1bd2a90113,1c76de368e3c3d77f2a4bb9fbe2275a2e2dc1b076e8d992bb4532838f2a3728e
door-open-v3,101,43,Gaussian recovery,98016,1,1,470d56b3bff1951133b9be4bd66515c6b6ea6c1ea813c599dbce4d1bd2a90113,a0fbd863dc0c950aa321b2f95ddbd52af1645b752a337e0a93f9fa705b7982b2
door-open-v3,101,43,Gaussian recovery,98017,1,1,470d56b3bff1951133b9be4bd66515c6b6ea6c1ea813c599dbce4d1bd2a90113,6c654e16eebae5d5e2846bcf5e2361fce3f2fbfd838926ab590e1c7ceef9afc7
door-open-v3,101,43,Gaussian recovery,98018,1,1,470d56b3bff1951133b9be4bd66515c6b6ea6c1ea813c599dbce4d1bd2a90113,08f3e5a79f1f0e8e8fa0b9afc2c3a535e0cf8cd11da89708679aa5ec3608e9d0
door-open-v3,101,43,Gaussian recovery,98019,1,1,470d56b3bff1951133b9be4bd66515c6b6ea6c1ea813c599dbce4d1bd2a90113,6b6397f643360d648a059e2e93cf33eaee238c302c714db7c35cf1aa86657e23
door-open-v3,101,43,SCANA-R,98000,1,1,eb9e8337e120012e3a454fba28351caf92eab763cf30a892f3b84e838cb03305,0407d7507a3a45b92d6f0cf810f6a6889cfc189ec0dabb8cc7e89f363802e9c3
door-open-v3,101,43,SCANA-R,98001,0,0,eb9e8337e120012e3a454fba28351caf92eab763cf30a892f3b84e838cb03305,078a2d75af73c232642c78bcce3b4afaf80c1213f57f3e761e746d88398f385e
door-open-v3,101,43,SCANA-R,98002,1,1,eb9e8337e120012e3a454fba28351caf92eab763cf30a892f3b84e838cb03305,42c6e235e9228ea656010a027911b350bf2a50be51761e9bf453e901b15af942
door-open-v3,101,43,SCANA-R,98003,1,1,eb9e8337e120012e3a454fba28351caf92eab763cf30a892f3b84e838cb03305,02ef70406bb9b81ae7d87546d47e78d50f1021093c2bf035c76eda982c860eb6
door-open-v3,101,43,SCANA-R,98004,1,1,eb9e8337e120012e3a454fba28351caf92eab763cf30a892f3b84e838cb03305,e53453a58f35219928db80a60720a390442018ea0985b9225efa544949a00a36
door-open-v3,101,43,SCANA-R,98005,1,1,eb9e8337e120012e3a454fba28351caf92eab763cf30a892f3b84e838cb03305,c96a55956b70907e0d404060abc8b0701cdfe7bf7f62be9ea8e44783545f1838
door-open-v3,101,43,SCANA-R,98006,1,1,eb9e8337e120012e3a454fba28351caf92eab763cf30a892f3b84e838cb03305,568ee5dc29a1ef316028819b3c6c0816e2f907bc271267f8ac68cf4808f5f136
door-open-v3,101,43,SCANA-R,98007,1,1,eb9e8337e120012e3a454fba28351caf92eab763cf30a892f3b84e838cb03305,592dc1da554b3e366f148393720b469162d08466c1931623798d25df00a26039
door-open-v3,101,43,SCANA-R,98008,1,1,eb9e8337e120012e3a454fba28351caf92eab763cf30a892f3b84e838cb03305,53a822ba41aa638f4cf73b0d68eda096b69617ed94c1a756aaf104e2e4f8b7a8
door-open-v3,101,43,SCANA-R,98009,1,1,eb9e8337e120012e3a454fba28351caf92eab763cf30a892f3b84e838cb03305,f4e3c9fe608e1dff904fe4b0440714b04655a15ac04c94b9cf09b6ad9ddf4f05
door-open-v3,101,43,SCANA-R,98010,1,1,eb9e8337e120012e3a454fba28351caf92eab763cf30a892f3b84e838cb03305,c86d51a59283339d96e00890d86495b403c2260faabcbe699713551a2ad5facb
door-open-v3,101,43,SCANA-R,98011,1,1,eb9e8337e120012e3a454fba28351caf92eab763cf30a892f3b84e838cb03305,2a849a8797f306d3b84714ee2d2fd7dbcc6461f5b1f8f799b45f4ea3d20c1830
door-open-v3,101,43,SCANA-R,98012,1,1,eb9e8337e120012e3a454fba28351caf92eab763cf30a892f3b84e838cb03305,35aa6eaa3e9569729394db5e8df0806b1a9ecb40559c1beb4c17e2240e54b354
door-open-v3,101,43,SCANA-R,98013,1,1,eb9e8337e120012e3a454fba28351caf92eab763cf30a892f3b84e838cb03305,5af150f035ad2e69c90573d0435e7fcc93b800ed493fdf41a5b62ac45f3d736c
door-open-v3,101,43,SCANA-R,98014,1,1,eb9e8337e120012e3a454fba28351caf92eab763cf30a892f3b84e838cb03305,e5407f5bc55ff5307cbe48dd568eef82c063fd0906d72d1b46a231a5e0ba2b53
door-open-v3,101,43,SCANA-R,98015,1,1,eb9e8337e120012e3a454fba28351caf92eab763cf30a892f3b84e838cb03305,a744f3ead741b60c4cc5897453df3ea17ff6249574c2df173a7a80ae38309170
door-open-v3,101,43,SCANA-R,98016,1,1,eb9e8337e120012e3a454fba28351caf92eab763cf30a892f3b84e838cb03305,14ac8216a0138565b3b0726fd09539aa681b2a4251e373b640d9751095127dd1
door-open-v3,101,43,SCANA-R,98017,1,1,eb9e8337e120012e3a454fba28351caf92eab763cf30a892f3b84e838cb03305,7b7d8627e39cf0cf745b01d45a853a5a7e03024809d85461fa34dbfa61078147
door-open-v3,101,43,SCANA-R,98018,1,1,eb9e8337e120012e3a454fba28351caf92eab763cf30a892f3b84e838cb03305,eb64515888a4725ef910c9e9e02ff1033fa46e38fee743de754495ec90ebd313
door-open-v3,101,43,SCANA-R,98019,1,1,eb9e8337e120012e3a454fba28351caf92eab763cf30a892f3b84e838cb03305,ec83fe971d90369fdaa6179b2e9581933358fac1e991da02d4a9761a4fb2b2af
door-open-v3,211,17,Clean repeat,98000,1,1,322ec103e9d332523fdc251ef9f13b03dfd7a4af73f0480f821c549a92e54f21,e03fcb0c5db0539531c23e34f9545cfb42d9ac667da8d8310bc465514d07a96d
door-open-v3,211,17,Clean repeat,98001,0,0,322ec103e9d332523fdc251ef9f13b03dfd7a4af73f0480f821c549a92e54f21,fcfee2b2c973f938432de06eca6c47281180ac06fc0ce634cbb41485bd562bb2
door-open-v3,211,17,Clean repeat,98002,1,1,322ec103e9d332523fdc251ef9f13b03dfd7a4af73f0480f821c549a92e54f21,414cf5faec545fd0c1aace0fbec25194e1c73127572c4b10cd8f56f131282f6a
door-open-v3,211,17,Clean repeat,98003,1,1,322ec103e9d332523fdc251ef9f13b03dfd7a4af73f0480f821c549a92e54f21,e50d653b05278d9db81ae7eb9cbeec1635dfb25cb563a63881493faf1c12176d
door-open-v3,211,17,Clean repeat,98004,1,1,322ec103e9d332523fdc251ef9f13b03dfd7a4af73f0480f821c549a92e54f21,ab85df6be2ec7ea8d1ba9da5fc72b7b4529972bcfb2b267f615c753746224f02
door-open-v3,211,17,Clean repeat,98005,1,1,322ec103e9d332523fdc251ef9f13b03dfd7a4af73f0480f821c549a92e54f21,16117c1fc3a3d3cf8800c5bb852a5c6dcf91c996a8a31d47f792fb60075a1344
door-open-v3,211,17,Clean repeat,98006,1,1,322ec103e9d332523fdc251ef9f13b03dfd7a4af73f0480f821c549a92e54f21,2cb7c5a28d775d96dcc2983a10d4de03c82a5f57f969682871746edc44a71c06
door-open-v3,211,17,Clean repeat,98007,1,1,322ec103e9d332523fdc251ef9f13b03dfd7a4af73f0480f821c549a92e54f21,8ae0f10aff57b0b0332a47365d9eae0ceabc0784d19c7296e708c812726a1a56
door-open-v3,211,17,Clean repeat,98008,1,1,322ec103e9d332523fdc251ef9f13b03dfd7a4af73f0480f821c549a92e54f21,923d0797421e0d3659b648fe7cc96df88543edebaaabc8fba8f7d5db839ff634
door-open-v3,211,17,Clean repeat,98009,1,1,322ec103e9d332523fdc251ef9f13b03dfd7a4af73f0480f821c549a92e54f21,92e278c4a3e5f18f0cbe0f5aebdd40f950f738d2720ccf1c2f400d762acbe914
door-open-v3,211,17,Clean repeat,98010,1,1,322ec103e9d332523fdc251ef9f13b03dfd7a4af73f0480f821c549a92e54f21,17709866d0a38a99f9b901183af5d42057ecff5bc2a84b1b05a05cac41cf6c44
door-open-v3,211,17,Clean repeat,98011,1,1,322ec103e9d332523fdc251ef9f13b03dfd7a4af73f0480f821c549a92e54f21,0306ca9c9aa366269280428e6a5b0e3b1b58c49d68e31aae6cbdb9c92ead6e5d
door-open-v3,211,17,Clean repeat,98012,1,1,322ec103e9d332523fdc251ef9f13b03dfd7a4af73f0480f821c549a92e54f21,bb880793b990ea3f8e6f83bcd8eacd4916395dbfeface9dd4a5c0d42683fdb77
door-open-v3,211,17,Clean repeat,98013,1,1,322ec103e9d332523fdc251ef9f13b03dfd7a4af73f0480f821c549a92e54f21,4aeaccaf64a1a9a718c18c0efdd6e4ae62829828d08f71da40ca38bbd5fc3451
door-open-v3,211,17,Clean repeat,98014,1,1,322ec103e9d332523fdc251ef9f13b03dfd7a4af73f0480f821c549a92e54f21,f44bfb37c26aec8ee9f7eba1f5f7981ea80cc31b92dfa6ea6514fa0149aecad6
door-open-v3,211,17,Clean repeat,98015,1,1,322ec103e9d332523fdc251ef9f13b03dfd7a4af73f0480f821c549a92e54f21,76c9ccba4b1667eb6ad26aabc0079020a1a6348a4c8850d8670a50e0b12fbde7
door-open-v3,211,17,Clean repeat,98016,1,1,322ec103e9d332523fdc251ef9f13b03dfd7a4af73f0480f821c549a92e54f21,d67b31c5d2ce76b19f4e1de811bf46dfeb8a642b255913ad7bacd54c66268e84
door-open-v3,211,17,Clean repeat,98017,1,1,322ec103e9d332523fdc251ef9f13b03dfd7a4af73f0480f821c549a92e54f21,df8f6511116671fe3bf81303a81e03554020f36e8a323690fffefb9393f2fa37
door-open-v3,211,17,Clean repeat,98018,1,1,322ec103e9d332523fdc251ef9f13b03dfd7a4af73f0480f821c549a92e54f21,58b57122071a511213fc584eae1dd00d1dbc15bdfdedd751d6ba3e520ee4c491
door-open-v3,211,17,Clean repeat,98019,1,1,322ec103e9d332523fdc251ef9f13b03dfd7a4af73f0480f821c549a92e54f21,3faea56f414f72f13e6641e73d0e0bd36f2a3e9ef79c05d1a1e1c1863c342be0
door-open-v3,211,17,Gaussian recovery,98000,1,1,905f4f1dc05bb41c3a7043caa6f49c56495e2bf35471879c65daf044fc9094d3,f56c7c5c770ddb0315850d4ebd82a5b1b4aa3adc90124b8bb78ff8930cc12663
door-open-v3,211,17,Gaussian recovery,98001,1,0,905f4f1dc05bb41c3a7043caa6f49c56495e2bf35471879c65daf044fc9094d3,246eb0f247bb4baa5b42b4375895ed40ee8232b4b87a99c927d88375e31c57dd
door-open-v3,211,17,Gaussian recovery,98002,1,1,905f4f1dc05bb41c3a7043caa6f49c56495e2bf35471879c65daf044fc9094d3,98007d2c92c86863c3fa4ecc881c76bc51c99918fc63680bbc17d239e1e9375d
door-open-v3,211,17,Gaussian recovery,98003,1,1,905f4f1dc05bb41c3a7043caa6f49c56495e2bf35471879c65daf044fc9094d3,ef3d1fcdb4d5482e6074fbdc0ccabc6210ea1f36f85dab30b4d848b77aa4f864
door-open-v3,211,17,Gaussian recovery,98004,1,1,905f4f1dc05bb41c3a7043caa6f49c56495e2bf35471879c65daf044fc9094d3,8f78c27d5b369ce4b8933948cc0abcdc903771106674a760c7d5b1f53ed595f3
door-open-v3,211,17,Gaussian recovery,98005,1,1,905f4f1dc05bb41c3a7043caa6f49c56495e2bf35471879c65daf044fc9094d3,ed1bca7119ce897482cbce9df29a54400029e1932110e1b383ab80cbe93d8e21
door-open-v3,211,17,Gaussian recovery,98006,1,1,905f4f1dc05bb41c3a7043caa6f49c56495e2bf35471879c65daf044fc9094d3,0ab49247f46de92f6d2f79e2e3fe82308cf7ba87fba4c641e9a99a8965c395b4
door-open-v3,211,17,Gaussian recovery,98007,1,1,905f4f1dc05bb41c3a7043caa6f49c56495e2bf35471879c65daf044fc9094d3,21fb9761a548005c04b08658b07b92cf38210b8397771fad0f80eaa82dd1b930
door-open-v3,211,17,Gaussian recovery,98008,1,1,905f4f1dc05bb41c3a7043caa6f49c56495e2bf35471879c65daf044fc9094d3,fb76debae7b79443842146dbb5f2fbe0cd97b6016451389cf670bcaf9592a592
door-open-v3,211,17,Gaussian recovery,98009,1,1,905f4f1dc05bb41c3a7043caa6f49c56495e2bf35471879c65daf044fc9094d3,bf0edad795d533107f5fae8b343fe5814e97c1f11cbadf82bcf87f655aedb703
door-open-v3,211,17,Gaussian recovery,98010,1,1,905f4f1dc05bb41c3a7043caa6f49c56495e2bf35471879c65daf044fc9094d3,819aae551d5adb7ed0b60ffc3270a095c45ac0c60401cbb7de5396c7d9361d73
door-open-v3,211,17,Gaussian recovery,98011,1,1,905f4f1dc05bb41c3a7043caa6f49c56495e2bf35471879c65daf044fc9094d3,b7af004e7f4c6e65040668c966c353fae48c31f9f724d8e7d39e5ef0037589b2
door-open-v3,211,17,Gaussian recovery,98012,1,1,905f4f1dc05bb41c3a7043caa6f49c56495e2bf35471879c65daf044fc9094d3,55f3706f48487841c1224faf26612258f83188b7354283c9c7e05662babf5b2a
door-open-v3,211,17,Gaussian recovery,98013,1,1,905f4f1dc05bb41c3a7043caa6f49c56495e2bf35471879c65daf044fc9094d3,cd6b716dd5bc24ea4ce891adb62b9734858ccc16f90e7c1fc06668368e5200eb
door-open-v3,211,17,Gaussian recovery,98014,1,1,905f4f1dc05bb41c3a7043caa6f49c56495e2bf35471879c65daf044fc9094d3,fdbbac11c5c072298009a03f9c42dfdf6399af86095ad764aae1464ee4474e21
door-open-v3,211,17,Gaussian recovery,98015,1,1,905f4f1dc05bb41c3a7043caa6f49c56495e2bf35471879c65daf044fc9094d3,6c3c1944a5a15aa4a25dc52d0990c7a80853f75aafb151d7f5865f59460777a3
door-open-v3,211,17,Gaussian recovery,98016,1,1,905f4f1dc05bb41c3a7043caa6f49c56495e2bf35471879c65daf044fc9094d3,280ac8ed90e08fca1db7644f52305303bb1eb20bea710c1ef55f750e741088bd
door-open-v3,211,17,Gaussian recovery,98017,1,1,905f4f1dc05bb41c3a7043caa6f49c56495e2bf35471879c65daf044fc9094d3,aeb0c22f93df897eb2ce0f6ebae15e5263b5127191d2770ffe0d75d92ae8d69f
door-open-v3,211,17,Gaussian recovery,98018,1,1,905f4f1dc05bb41c3a7043caa6f49c56495e2bf35471879c65daf044fc9094d3,8bd1f6e8803efcb6b4fbb928294f7fdc63c0bb23b9023cdc42d56154d2ef6d22
door-open-v3,211,17,Gaussian recovery,98019,1,1,905f4f1dc05bb41c3a7043caa6f49c56495e2bf35471879c65daf044fc9094d3,8cd04e62365e219ba3eebd94c941c0f363b1dc70c5f6e66548c8ed9921351910
door-open-v3,211,17,SCANA-R,98000,1,1,82dce8f562129a3d24e844196518fa1a8f9115c390be5ecc63a3a38c6ab960fd,d8781d291ee343e66533bc8a4cebe35c61efb9898e7bbed2b49b6b7f0266d668
door-open-v3,211,17,SCANA-R,98001,1,0,82dce8f562129a3d24e844196518fa1a8f9115c390be5ecc63a3a38c6ab960fd,bcf1a6748ef7bf33537c79e9e7af4eae20181e1be7e29086d53b30e5eee98a9d
door-open-v3,211,17,SCANA-R,98002,1,1,82dce8f562129a3d24e844196518fa1a8f9115c390be5ecc63a3a38c6ab960fd,82b42866556ccd249297f51f40d214dd8db40b9d76fd0586f5dc49d21718af93
door-open-v3,211,17,SCANA-R,98003,1,1,82dce8f562129a3d24e844196518fa1a8f9115c390be5ecc63a3a38c6ab960fd,91a3a671f448b640875b9de2dbb57d6ca6a785848c6d002914498708645f57e3
door-open-v3,211,17,SCANA-R,98004,1,1,82dce8f562129a3d24e844196518fa1a8f9115c390be5ecc63a3a38c6ab960fd,8f819ab17c314868f5b15882cf1fefb218510c2ea246e5d41ef764eafe8d6333
door-open-v3,211,17,SCANA-R,98005,1,1,82dce8f562129a3d24e844196518fa1a8f9115c390be5ecc63a3a38c6ab960fd,9682a6185cc89687d40842abbd14383f0a3550b1d8d3c5de0ef9d55ce26bb9d1
door-open-v3,211,17,SCANA-R,98006,1,1,82dce8f562129a3d24e844196518fa1a8f9115c390be5ecc63a3a38c6ab960fd,4492ffb5a15dd23ec7a164c304e76e64ccbf9e6c8cdf2c29a5e3e8d3f6a9effc
door-open-v3,211,17,SCANA-R,98007,1,1,82dce8f562129a3d24e844196518fa1a8f9115c390be5ecc63a3a38c6ab960fd,99725277b36f777b0e93d7dee4ac3aee874d4fbaeb9b1b1ce35729bc0257b30d
door-open-v3,211,17,SCANA-R,98008,1,1,82dce8f562129a3d24e844196518fa1a8f9115c390be5ecc63a3a38c6ab960fd,e9ef9ee4d986a14a6b9bdae0ccba6b6c033f7a20be09d1936c6e8fde1d3d213e
door-open-v3,211,17,SCANA-R,98009,1,1,82dce8f562129a3d24e844196518fa1a8f9115c390be5ecc63a3a38c6ab960fd,df337f5c7c2acd4d59afc86709f665f99eddf5a565c2548d914afe580dfad5f2
door-open-v3,211,17,SCANA-R,98010,1,1,82dce8f562129a3d24e844196518fa1a8f9115c390be5ecc63a3a38c6ab960fd,f94404267f3c7583923c7e0ed761a4d149c9210a4ca15ccde19301e43b73d495
door-open-v3,211,17,SCANA-R,98011,1,1,82dce8f562129a3d24e844196518fa1a8f9115c390be5ecc63a3a38c6ab960fd,efecc2386b276a9f3e86ec8575e9826c2e8fbee8d6eaa01f62992f68f6e12350
door-open-v3,211,17,SCANA-R,98012,1,1,82dce8f562129a3d24e844196518fa1a8f9115c390be5ecc63a3a38c6ab960fd,48fd7493450dc59b420d745b07f37b4b98ff87a6c2272be44dc25e3de74ab4d1
door-open-v3,211,17,SCANA-R,98013,1,1,82dce8f562129a3d24e844196518fa1a8f9115c390be5ecc63a3a38c6ab960fd,331c9b17970787a3d90ee0697539637cc11521b45bb721584f654ab2faa8c1b7
door-open-v3,211,17,SCANA-R,98014,1,1,82dce8f562129a3d24e844196518fa1a8f9115c390be5ecc63a3a38c6ab960fd,276b5e0576e3859050d5aad6f5880f2318cb37489ad3d1a435a9ddceef684bbb
door-open-v3,211,17,SCANA-R,98015,1,1,82dce8f562129a3d24e844196518fa1a8f9115c390be5ecc63a3a38c6ab960fd,7ee83e4b81e8899cd3409b5cef19b89c1058c43237ddcc7549edd2b6893c3bcf
door-open-v3,211,17,SCANA-R,98016,1,1,82dce8f562129a3d24e844196518fa1a8f9115c390be5ecc63a3a38c6ab960fd,d9f97e316214e105a4d1fb1db37974165a1e51772d189f837d201ab085d810e9
door-open-v3,211,17,SCANA-R,98017,1,1,82dce8f562129a3d24e844196518fa1a8f9115c390be5ecc63a3a38c6ab960fd,4935d3108c6b9e35a532fdf3fcc2978668afea8e47a0a7972e690200cabf6957
door-open-v3,211,17,SCANA-R,98018,1,1,82dce8f562129a3d24e844196518fa1a8f9115c390be5ecc63a3a38c6ab960fd,48f069b37eea2867d5874d824f712ed37ab89ac9c05272a0dc81b78834f153d8
door-open-v3,211,17,SCANA-R,98019,1,1,82dce8f562129a3d24e844196518fa1a8f9115c390be5ecc63a3a38c6ab960fd,00af60d1d3ed7454f4abdebb8644b3af97649241c1c8a7450098434e1730eaba
door-open-v3,211,29,Clean repeat,98000,1,1,9471570a11cd2234112eb647c5e4d294186447f490b87da95df7dee29da7c62b,5149c4a413ec3db2ec995eeeb87eb44060e87713bc347719ec4071608c6a419d
door-open-v3,211,29,Clean repeat,98001,0,0,9471570a11cd2234112eb647c5e4d294186447f490b87da95df7dee29da7c62b,a8810eb5762855bfea10ed47e62f909580a8640e45e5386e32493b2402260d2e
door-open-v3,211,29,Clean repeat,98002,0,0,9471570a11cd2234112eb647c5e4d294186447f490b87da95df7dee29da7c62b,62edf63700971ad9ea0cd37805f5f550ba50854b5b2ee17b6c515eeb76306d12
door-open-v3,211,29,Clean repeat,98003,1,1,9471570a11cd2234112eb647c5e4d294186447f490b87da95df7dee29da7c62b,00df5ccbbc49831fdf99cf7462a5b22d3a5d09d7dadf5e23e4176383cb3908be
door-open-v3,211,29,Clean repeat,98004,1,1,9471570a11cd2234112eb647c5e4d294186447f490b87da95df7dee29da7c62b,a62a8942e005551d5f2abbf1c951d11755d45a8aefe8fb18c6109c541caa83fc
door-open-v3,211,29,Clean repeat,98005,1,1,9471570a11cd2234112eb647c5e4d294186447f490b87da95df7dee29da7c62b,f14ddab7ada853cd999add21588ca0c90335b861d3b38262a29e2b7840280678
door-open-v3,211,29,Clean repeat,98006,1,1,9471570a11cd2234112eb647c5e4d294186447f490b87da95df7dee29da7c62b,bc6e8f39be0e7d63dbe59f6d71958d4aafa58952d159beb77609984c22a06220
door-open-v3,211,29,Clean repeat,98007,1,1,9471570a11cd2234112eb647c5e4d294186447f490b87da95df7dee29da7c62b,40ed5eb78f5b2232d75fe3a8d0569f8e803a052bb218f6a6e26345b4bdfffc66
door-open-v3,211,29,Clean repeat,98008,0,0,9471570a11cd2234112eb647c5e4d294186447f490b87da95df7dee29da7c62b,06fbdef17839d32474715a8a79202d2b9da480fdb80df6850949e75acf9fcbfb
door-open-v3,211,29,Clean repeat,98009,1,1,9471570a11cd2234112eb647c5e4d294186447f490b87da95df7dee29da7c62b,430a4b8fb605c5ecd92887350ec5cb4707e2353fe76c827089a2af6069bab83b
door-open-v3,211,29,Clean repeat,98010,1,1,9471570a11cd2234112eb647c5e4d294186447f490b87da95df7dee29da7c62b,7f82b49c4226cc62cb6159a5bc30890a0755ac133e1a27bae9d6231ee2ba6d41
door-open-v3,211,29,Clean repeat,98011,1,1,9471570a11cd2234112eb647c5e4d294186447f490b87da95df7dee29da7c62b,49cc0fa358148951954485f0fe95ae0d1c53285f2862737dc4ea6a94ba96793d
door-open-v3,211,29,Clean repeat,98012,1,1,9471570a11cd2234112eb647c5e4d294186447f490b87da95df7dee29da7c62b,f02ce23d692d0196f32e78e8d58325079bb9f9697eb56ffc9da58de42b74b6c7
door-open-v3,211,29,Clean repeat,98013,1,1,9471570a11cd2234112eb647c5e4d294186447f490b87da95df7dee29da7c62b,5ecdcd5a6c825f708070eaa0f18d503b26424a48a20c5260efacca0b940afe34
door-open-v3,211,29,Clean repeat,98014,1,1,9471570a11cd2234112eb647c5e4d294186447f490b87da95df7dee29da7c62b,89af29aa2b19e63f823087cc464853c2db70072905093e243ce798a49109eaca
door-open-v3,211,29,Clean repeat,98015,1,1,9471570a11cd2234112eb647c5e4d294186447f490b87da95df7dee29da7c62b,e4d6d0afc0ff0f9a8c8f46d7dfacd55987f3fb88e0d850ab635a971642a2aa67
door-open-v3,211,29,Clean repeat,98016,0,0,9471570a11cd2234112eb647c5e4d294186447f490b87da95df7dee29da7c62b,fb4d16f28cd6eaf55d0178419d381f43194acdcf6695c4f4d0501acccfba2392
door-open-v3,211,29,Clean repeat,98017,1,1,9471570a11cd2234112eb647c5e4d294186447f490b87da95df7dee29da7c62b,b616881af19741e38a7d1196c83ec29bd7af0440646546d708e4b844e9370cae
door-open-v3,211,29,Clean repeat,98018,1,1,9471570a11cd2234112eb647c5e4d294186447f490b87da95df7dee29da7c62b,6aaa7708f8256c376c19ef20bf1a3df61ac8a80d3b2bdc6bf09c706bf7e2204b
door-open-v3,211,29,Clean repeat,98019,1,1,9471570a11cd2234112eb647c5e4d294186447f490b87da95df7dee29da7c62b,358f10aa7e6c76dd1bb4c16dcbb7dde45d22e5af03e5a42fad0408dcc64bde19
door-open-v3,211,29,Gaussian recovery,98000,1,1,fc36a2245ee56bf6cf689b20b5d2c44f58d4a44cf5ea9348162e354bf69a7902,0e1526652e64fae93ac69a755ca019d3f93421cd1df869216004303e8a6a6910
door-open-v3,211,29,Gaussian recovery,98001,0,0,fc36a2245ee56bf6cf689b20b5d2c44f58d4a44cf5ea9348162e354bf69a7902,f04f1214aa55c33b46b816a645fb55f556ea11f89de08bd37d4d31a33365cc28
door-open-v3,211,29,Gaussian recovery,98002,1,1,fc36a2245ee56bf6cf689b20b5d2c44f58d4a44cf5ea9348162e354bf69a7902,d63638e65292b732f1a7878af61999a5d48b6683af8ba80609e1e0dce2540e27
door-open-v3,211,29,Gaussian recovery,98003,1,1,fc36a2245ee56bf6cf689b20b5d2c44f58d4a44cf5ea9348162e354bf69a7902,359596c14d2cbca60f8db38694668a65ad4e506a8683291f64d2f435c57150f6
door-open-v3,211,29,Gaussian recovery,98004,1,1,fc36a2245ee56bf6cf689b20b5d2c44f58d4a44cf5ea9348162e354bf69a7902,b729fcfb18a006e7d13ed1559d8e422765d20cd2893d571e29b692747aba2b80
door-open-v3,211,29,Gaussian recovery,98005,1,1,fc36a2245ee56bf6cf689b20b5d2c44f58d4a44cf5ea9348162e354bf69a7902,0bcfb0a3171d43bfff5781288bed3ed714963185dcd4ca49cf5787f2aabdf183
door-open-v3,211,29,Gaussian recovery,98006,1,1,fc36a2245ee56bf6cf689b20b5d2c44f58d4a44cf5ea9348162e354bf69a7902,bf6e5efbf36641c677fe7aca84019f5248f6a9711c4f5637d7fa475c3a33f41a
door-open-v3,211,29,Gaussian recovery,98007,1,1,fc36a2245ee56bf6cf689b20b5d2c44f58d4a44cf5ea9348162e354bf69a7902,f67b6579e987697b9ad2f2ba98f5656c5244d8ca9f0bb7b79b55d7985843e09a
door-open-v3,211,29,Gaussian recovery,98008,1,1,fc36a2245ee56bf6cf689b20b5d2c44f58d4a44cf5ea9348162e354bf69a7902,4bae0c649e0ebc38e8eeb882e50468e598c118904b7d211460af5354b2ed4b27
door-open-v3,211,29,Gaussian recovery,98009,1,1,fc36a2245ee56bf6cf689b20b5d2c44f58d4a44cf5ea9348162e354bf69a7902,e2e50c89a875faa79f2ec7e46e0519dff918cb74aa9f4aae99248a19a4876fb2
door-open-v3,211,29,Gaussian recovery,98010,1,1,fc36a2245ee56bf6cf689b20b5d2c44f58d4a44cf5ea9348162e354bf69a7902,1a974a1b27e6b027880b4a43286d3c474357756b4da57c8ad7f874bdc2302845
door-open-v3,211,29,Gaussian recovery,98011,1,1,fc36a2245ee56bf6cf689b20b5d2c44f58d4a44cf5ea9348162e354bf69a7902,fd08d3e1e2bbd087757633b30c8f0e381e34a8670b35a1a2ab0dd415024af462
door-open-v3,211,29,Gaussian recovery,98012,1,1,fc36a2245ee56bf6cf689b20b5d2c44f58d4a44cf5ea9348162e354bf69a7902,853508dfddccd17757d0df6cb4bb3a2280f86e15651d6c20d65832c00d3555b7
door-open-v3,211,29,Gaussian recovery,98013,1,1,fc36a2245ee56bf6cf689b20b5d2c44f58d4a44cf5ea9348162e354bf69a7902,d11a7c0cef81a0c386bb1ad1bc7b39ed66903d63a742698a9bc867bf9de29291
door-open-v3,211,29,Gaussian recovery,98014,1,1,fc36a2245ee56bf6cf689b20b5d2c44f58d4a44cf5ea9348162e354bf69a7902,bc1e2970e301d06e1ffa742153e5d028bacd79697fd338cdc3f29be88c534147
door-open-v3,211,29,Gaussian recovery,98015,1,1,fc36a2245ee56bf6cf689b20b5d2c44f58d4a44cf5ea9348162e354bf69a7902,4265134e2fa6a89ce8ac5ccfd3e0b687f01d32154ecf9a0e60bfae7a9e280314
door-open-v3,211,29,Gaussian recovery,98016,1,1,fc36a2245ee56bf6cf689b20b5d2c44f58d4a44cf5ea9348162e354bf69a7902,8feb05c3f3b537aab194f375070ff57bb1db13023a981a7989ab1559eb306e9b
door-open-v3,211,29,Gaussian recovery,98017,1,1,fc36a2245ee56bf6cf689b20b5d2c44f58d4a44cf5ea9348162e354bf69a7902,e8b89de6887c69fc94f695fed07aa55383a085e611ba68e086f535fbeaa19af0
door-open-v3,211,29,Gaussian recovery,98018,1,1,fc36a2245ee56bf6cf689b20b5d2c44f58d4a44cf5ea9348162e354bf69a7902,48ffdccd7a4ae60b9621b3ff89995e0814d86daa19398113f27e92f308adb76e
door-open-v3,211,29,Gaussian recovery,98019,1,1,fc36a2245ee56bf6cf689b20b5d2c44f58d4a44cf5ea9348162e354bf69a7902,4751a6d270aebe69cb52ea9cba4fe76fdbc555697681bae23ba2974cd4234b60
door-open-v3,211,29,SCANA-R,98000,1,1,6a791cfbe7115698d280f7f84178e1028750fdaa1a05506a4ef950c55e616653,328227b034289bc22786a7347d33b2e0154f567e881f3c75376278ca625514e1
door-open-v3,211,29,SCANA-R,98001,0,0,6a791cfbe7115698d280f7f84178e1028750fdaa1a05506a4ef950c55e616653,337a70b66defc1cf8dc69b92a7df95ef6cf6728de0939401177690b00d559cd3
door-open-v3,211,29,SCANA-R,98002,1,1,6a791cfbe7115698d280f7f84178e1028750fdaa1a05506a4ef950c55e616653,4e05b2f9fba8d19475fe39874424b68791db7dae846586c244e87d2886a5b18a
door-open-v3,211,29,SCANA-R,98003,1,1,6a791cfbe7115698d280f7f84178e1028750fdaa1a05506a4ef950c55e616653,e2ebfec681e3cbbd2a996bf2486d66a3e1b55e5aa89c424abcd165353c112fb5
door-open-v3,211,29,SCANA-R,98004,1,1,6a791cfbe7115698d280f7f84178e1028750fdaa1a05506a4ef950c55e616653,54e7b1033ce99a216ee78915755a577bf7aaca1da1ac3b5305a5103a6cde41da
door-open-v3,211,29,SCANA-R,98005,1,1,6a791cfbe7115698d280f7f84178e1028750fdaa1a05506a4ef950c55e616653,b305daf4627a7d95496700118c2de7282d26a964715c7de00db71458632b959b
door-open-v3,211,29,SCANA-R,98006,1,0,6a791cfbe7115698d280f7f84178e1028750fdaa1a05506a4ef950c55e616653,b01b035b7f4c33f4be6a18d508898524aedc58637cc3f71c191af204727298ca
door-open-v3,211,29,SCANA-R,98007,1,1,6a791cfbe7115698d280f7f84178e1028750fdaa1a05506a4ef950c55e616653,975b18b22362644c6420bd695bc6f3820a2462f2840866ff99a7af24da0cffdb
door-open-v3,211,29,SCANA-R,98008,1,1,6a791cfbe7115698d280f7f84178e1028750fdaa1a05506a4ef950c55e616653,3ae56aef4cf776e04f6f01293718f2a35123708f469942fafb20ef7655739552
door-open-v3,211,29,SCANA-R,98009,1,1,6a791cfbe7115698d280f7f84178e1028750fdaa1a05506a4ef950c55e616653,ebc20be444a20d39cbc75fbbdb18184533122bbdd5bea68fb43aba2a0bdb148b
door-open-v3,211,29,SCANA-R,98010,1,1,6a791cfbe7115698d280f7f84178e1028750fdaa1a05506a4ef950c55e616653,0e9f4e8e7bf2288d961ac986f56555b67ee2385e00b5eeece7d4d6d9bd4277cd
door-open-v3,211,29,SCANA-R,98011,1,1,6a791cfbe7115698d280f7f84178e1028750fdaa1a05506a4ef950c55e616653,07fb024579fb0de8005800f022663bbac7d732a8e8ff3ebd1a25f1e554120dd1
door-open-v3,211,29,SCANA-R,98012,1,1,6a791cfbe7115698d280f7f84178e1028750fdaa1a05506a4ef950c55e616653,2fac324061548b5eb7d36d345ac0be42a54f0ff0e3f99909263e0a251d11c89a
door-open-v3,211,29,SCANA-R,98013,1,1,6a791cfbe7115698d280f7f84178e1028750fdaa1a05506a4ef950c55e616653,3fceeba5fee7b40c38ad0aa548d4cec12f3de538263048f172b747457b5d32ff
door-open-v3,211,29,SCANA-R,98014,1,1,6a791cfbe7115698d280f7f84178e1028750fdaa1a05506a4ef950c55e616653,c0a47e58d517551859ffcc5168d55052884248f6f82a66b8e0aba24bac96d535
door-open-v3,211,29,SCANA-R,98015,1,1,6a791cfbe7115698d280f7f84178e1028750fdaa1a05506a4ef950c55e616653,26c856902207ab3536b785a6e36f9eb8086872ab471c5b24ab481752dc0ae0bf
door-open-v3,211,29,SCANA-R,98016,1,1,6a791cfbe7115698d280f7f84178e1028750fdaa1a05506a4ef950c55e616653,bf99d470635d5b39209ae6c09cdaa1632acdaabc171317f2f7638d3c8e45a48b
door-open-v3,211,29,SCANA-R,98017,1,1,6a791cfbe7115698d280f7f84178e1028750fdaa1a05506a4ef950c55e616653,a3ffc193d0b4b85d466d61b1ec1b1ab67ca82ed523ede42938aa1dab4a52ef88
door-open-v3,211,29,SCANA-R,98018,1,1,6a791cfbe7115698d280f7f84178e1028750fdaa1a05506a4ef950c55e616653,d0ffdf5e221278a4f7f0ffb16c33b06d5d5b3594bc22c00cb15d34c7c92ee28b
door-open-v3,211,29,SCANA-R,98019,1,1,6a791cfbe7115698d280f7f84178e1028750fdaa1a05506a4ef950c55e616653,3b589adc5959263410d92e1079847598bc039ead196e6a5a31a38dddaf59859f
door-open-v3,211,43,Clean repeat,98000,1,1,1d4b0a98bca61eae896a7ff2dcf8edded33d48639e5713f37e0952546f11f699,08c826382a605b07ef018b93817b461d0ea122397fc37567cc14a7196d476812
door-open-v3,211,43,Clean repeat,98001,0,0,1d4b0a98bca61eae896a7ff2dcf8edded33d48639e5713f37e0952546f11f699,2f90421af9eed7e4582546286bd3a172ad7b8a1fc77dc0baf71622766d78df3f
door-open-v3,211,43,Clean repeat,98002,1,1,1d4b0a98bca61eae896a7ff2dcf8edded33d48639e5713f37e0952546f11f699,0a6bd30feefb2c2b333d50d58d98ac4cd8a41bef34b129ae1e0310dc8c4ef6c2
door-open-v3,211,43,Clean repeat,98003,1,1,1d4b0a98bca61eae896a7ff2dcf8edded33d48639e5713f37e0952546f11f699,6ed28c1ed3fea47228fb0b545256295e3ac5578111ddffa249b6ea1dfc52a17b
door-open-v3,211,43,Clean repeat,98004,1,1,1d4b0a98bca61eae896a7ff2dcf8edded33d48639e5713f37e0952546f11f699,5f0f576e813aebc79a58721a14f98f9b449d324ff775f1d035a969c1b7c0830c
door-open-v3,211,43,Clean repeat,98005,1,1,1d4b0a98bca61eae896a7ff2dcf8edded33d48639e5713f37e0952546f11f699,d5914f7d475f1db82f391c0927c939cf2c8bf56fa504d0a7b62a7e15955d9178
door-open-v3,211,43,Clean repeat,98006,1,1,1d4b0a98bca61eae896a7ff2dcf8edded33d48639e5713f37e0952546f11f699,769e7d5aca9fa54f660c6e3a54508260eb6aab9535524123df2b626131ccd605
door-open-v3,211,43,Clean repeat,98007,1,1,1d4b0a98bca61eae896a7ff2dcf8edded33d48639e5713f37e0952546f11f699,ef58cec85a0c6d48a4dd2c074ed692256c13f1ecf97b07f05c832e1c5d03f2e5
door-open-v3,211,43,Clean repeat,98008,1,1,1d4b0a98bca61eae896a7ff2dcf8edded33d48639e5713f37e0952546f11f699,414068231b7245c44ca52f5ade61d4dd670e65cd63e59d031374338728998182
door-open-v3,211,43,Clean repeat,98009,1,1,1d4b0a98bca61eae896a7ff2dcf8edded33d48639e5713f37e0952546f11f699,315182a3320fb0e0b1a8240529f9e47c3c2cb676230b75ea6452f17cfd8f5dab
door-open-v3,211,43,Clean repeat,98010,1,1,1d4b0a98bca61eae896a7ff2dcf8edded33d48639e5713f37e0952546f11f699,ea0f99643178b51d14c09fb2aef24baab17d944c6450e9cd2ed13f2d9885a908
door-open-v3,211,43,Clean repeat,98011,1,1,1d4b0a98bca61eae896a7ff2dcf8edded33d48639e5713f37e0952546f11f699,562c1a2f4273f152ad4b365a8f5018271849280b36e18fcaa7a8d5c8aac8de5f
door-open-v3,211,43,Clean repeat,98012,1,1,1d4b0a98bca61eae896a7ff2dcf8edded33d48639e5713f37e0952546f11f699,95487faf7416cb77bfb45850bddc611e411763d66ef9be5f4b98779a00acd564
door-open-v3,211,43,Clean repeat,98013,1,1,1d4b0a98bca61eae896a7ff2dcf8edded33d48639e5713f37e0952546f11f699,0717e21dbff0f3ef114901b36c71db57915d2e0fdf433bb19291de8b7ee76794
door-open-v3,211,43,Clean repeat,98014,1,1,1d4b0a98bca61eae896a7ff2dcf8edded33d48639e5713f37e0952546f11f699,e32879639dac751099e9f988766ebb1ae916163f70ab05f12abb758ee161e0a2
door-open-v3,211,43,Clean repeat,98015,1,1,1d4b0a98bca61eae896a7ff2dcf8edded33d48639e5713f37e0952546f11f699,eaca3fadd42cef2c6721e186255f1ffd9e72f7fc3f10f05d66455af76994c6c4
door-open-v3,211,43,Clean repeat,98016,1,1,1d4b0a98bca61eae896a7ff2dcf8edded33d48639e5713f37e0952546f11f699,76bdde39191454122468c1432ed45c0beec135366472be1782715c4b6c2b69a8
door-open-v3,211,43,Clean repeat,98017,1,1,1d4b0a98bca61eae896a7ff2dcf8edded33d48639e5713f37e0952546f11f699,6292a12748a951ccef616ba7fc000263fb7db60300b2886a3bd0061ef9b840f7
door-open-v3,211,43,Clean repeat,98018,1,1,1d4b0a98bca61eae896a7ff2dcf8edded33d48639e5713f37e0952546f11f699,1a0b6c3205c28257c13489a9cfdfbfd95430172031c21b7e860899bb73a6b2fa
door-open-v3,211,43,Clean repeat,98019,1,1,1d4b0a98bca61eae896a7ff2dcf8edded33d48639e5713f37e0952546f11f699,472b0e83815561ca214ba361297369d42266b8c20f0184f5e1468f2a510b8fa5
door-open-v3,211,43,Gaussian recovery,98000,1,1,cec12c9d66e00ff4ac56115ff7e3b535d8fa1c61c1b37188801860f456d7871e,367539a17517be906658bf6b389382a7dc707c100ae01d36bfbe564a815b5c37
door-open-v3,211,43,Gaussian recovery,98001,1,0,cec12c9d66e00ff4ac56115ff7e3b535d8fa1c61c1b37188801860f456d7871e,0b8a2c25670a21a77434190da1745ec14fdaa7a4512df5daa98b014b84307e7e
door-open-v3,211,43,Gaussian recovery,98002,1,1,cec12c9d66e00ff4ac56115ff7e3b535d8fa1c61c1b37188801860f456d7871e,09bd542fee53d4bf8fc151329984988416ef1b4b3f561f19d190c5961d5ab564
door-open-v3,211,43,Gaussian recovery,98003,1,1,cec12c9d66e00ff4ac56115ff7e3b535d8fa1c61c1b37188801860f456d7871e,16ee392c153ad8b6cb769391c8643ac40fc10c163301cc55c4c387020e764afb
door-open-v3,211,43,Gaussian recovery,98004,1,1,cec12c9d66e00ff4ac56115ff7e3b535d8fa1c61c1b37188801860f456d7871e,7007014ce96b955c2e4a25f494b4ac56c1134c0b3a3b38168896b75a6f0a3a3c
door-open-v3,211,43,Gaussian recovery,98005,1,1,cec12c9d66e00ff4ac56115ff7e3b535d8fa1c61c1b37188801860f456d7871e,72b416d3e59512a90a0f53a9e21aca415be4c91de034450ac3aa9f3e28067c6b
door-open-v3,211,43,Gaussian recovery,98006,1,1,cec12c9d66e00ff4ac56115ff7e3b535d8fa1c61c1b37188801860f456d7871e,594155659db41704ae0fbfc5a6a3fbcfa59bdb325293c7444be412e628c700da
door-open-v3,211,43,Gaussian recovery,98007,1,1,cec12c9d66e00ff4ac56115ff7e3b535d8fa1c61c1b37188801860f456d7871e,f1557c17102fcd26ea34d752205800f25fac2366eaddf41b299792455ca2d09e
door-open-v3,211,43,Gaussian recovery,98008,1,1,cec12c9d66e00ff4ac56115ff7e3b535d8fa1c61c1b37188801860f456d7871e,06af55cb93dfdbb8df90164a993fbc49f82c12307b94d2f9607ffb28f5dd7dca
door-open-v3,211,43,Gaussian recovery,98009,1,1,cec12c9d66e00ff4ac56115ff7e3b535d8fa1c61c1b37188801860f456d7871e,7463a58cbb15da9260bdf9cc5eca6b5585ee2d8a5efa88c586755097f78e1155
door-open-v3,211,43,Gaussian recovery,98010,1,1,cec12c9d66e00ff4ac56115ff7e3b535d8fa1c61c1b37188801860f456d7871e,42989caf729a4346749c43c88b2e4fba5660792a7717403dc54f0cac5ea7788f
door-open-v3,211,43,Gaussian recovery,98011,1,1,cec12c9d66e00ff4ac56115ff7e3b535d8fa1c61c1b37188801860f456d7871e,a8c20ae04c9e8b0e0aaa98dce27db477c3e42ef490c047e0b16018d830b0f2e3
door-open-v3,211,43,Gaussian recovery,98012,1,1,cec12c9d66e00ff4ac56115ff7e3b535d8fa1c61c1b37188801860f456d7871e,355927405d67c03868c97f73ff8a6747636d54a4b8bcef8150dbd7110a9370d5
door-open-v3,211,43,Gaussian recovery,98013,1,1,cec12c9d66e00ff4ac56115ff7e3b535d8fa1c61c1b37188801860f456d7871e,b82d816fcd23bfc0d66392778ac939bc567e7702a7ce703f3752e78e96fa0b51
door-open-v3,211,43,Gaussian recovery,98014,1,1,cec12c9d66e00ff4ac56115ff7e3b535d8fa1c61c1b37188801860f456d7871e,307ddb36fd4f2fcf0d1b83a8d2e3ed3c1e953be3bf7272701e98d7468ea39640
door-open-v3,211,43,Gaussian recovery,98015,1,1,cec12c9d66e00ff4ac56115ff7e3b535d8fa1c61c1b37188801860f456d7871e,6ce2d71ed2a4fcea54d9ab2ebd58081c4e6cea1d68982fe491e9abb7969dd8a1
door-open-v3,211,43,Gaussian recovery,98016,1,1,cec12c9d66e00ff4ac56115ff7e3b535d8fa1c61c1b37188801860f456d7871e,7c3057c05b1284ddd90c1e97dc12f296da6f7cd4703d35a031cf29788040d883
door-open-v3,211,43,Gaussian recovery,98017,1,1,cec12c9d66e00ff4ac56115ff7e3b535d8fa1c61c1b37188801860f456d7871e,af65279eabc14c1f056722bfbbc5db217f6523da30e301ce3296a7454a32487c
door-open-v3,211,43,Gaussian recovery,98018,1,1,cec12c9d66e00ff4ac56115ff7e3b535d8fa1c61c1b37188801860f456d7871e,7f1cd9d7fccf29fc0a2d8cafa0811770e01bbc17fc57ee1ec95e3a5a1f24c523
door-open-v3,211,43,Gaussian recovery,98019,1,1,cec12c9d66e00ff4ac56115ff7e3b535d8fa1c61c1b37188801860f456d7871e,627c28fd865b86c002706755cf9d7d595d1511c34b353ac1409bd66f66d127ef
door-open-v3,211,43,SCANA-R,98000,1,1,b1b8f6a742a5dc10b548d8e592ffe7fc164f14f46050e4223c6ee516c79f1367,49c519af04911ac5c5ef7eb94242fb3a60cd98de08fed73b882b46b374cba665
door-open-v3,211,43,SCANA-R,98001,1,0,b1b8f6a742a5dc10b548d8e592ffe7fc164f14f46050e4223c6ee516c79f1367,b7d9bae218b4e30c1b381a600afb984e39a61a97e670e6f96c85261e456800c8
door-open-v3,211,43,SCANA-R,98002,1,1,b1b8f6a742a5dc10b548d8e592ffe7fc164f14f46050e4223c6ee516c79f1367,71ad80fd03b1ec88d756b7cb9f4d30ac72466c684a3ef59a9c82ef7f840a7bba
door-open-v3,211,43,SCANA-R,98003,1,1,b1b8f6a742a5dc10b548d8e592ffe7fc164f14f46050e4223c6ee516c79f1367,f2619eb6afd0d1f466ef42a8629ce877b5bb623cc7d5cb50dbc43ef147a8b45e
door-open-v3,211,43,SCANA-R,98004,1,1,b1b8f6a742a5dc10b548d8e592ffe7fc164f14f46050e4223c6ee516c79f1367,6699b4c58ce5ab8c42190ae55a07e15d8467e23656deb1c10fde3f2093af4a1a
door-open-v3,211,43,SCANA-R,98005,1,1,b1b8f6a742a5dc10b548d8e592ffe7fc164f14f46050e4223c6ee516c79f1367,8f7ad78e26dda1cd0bf03ceece487c3b16cb3b6bb1aac2fe5bca0e2bf6408254
door-open-v3,211,43,SCANA-R,98006,1,1,b1b8f6a742a5dc10b548d8e592ffe7fc164f14f46050e4223c6ee516c79f1367,f5df18a635f11ba0d7d3231cdee7b35fea3389668f40964ef12c8100d3546cad
door-open-v3,211,43,SCANA-R,98007,1,1,b1b8f6a742a5dc10b548d8e592ffe7fc164f14f46050e4223c6ee516c79f1367,636c91911c303e844d0fdcf83b00a119f17dd8c42a58580c5c0d3532d1d53a76
door-open-v3,211,43,SCANA-R,98008,1,1,b1b8f6a742a5dc10b548d8e592ffe7fc164f14f46050e4223c6ee516c79f1367,b9dfadbfc5b2fe504c4c67f39199834a9e23175c4d17a55f0b10694607816bb4
door-open-v3,211,43,SCANA-R,98009,1,1,b1b8f6a742a5dc10b548d8e592ffe7fc164f14f46050e4223c6ee516c79f1367,b76b9e00459809ac98ff9d85a946e7b94c1e68743abd4ba99cd2069795309383
door-open-v3,211,43,SCANA-R,98010,1,1,b1b8f6a742a5dc10b548d8e592ffe7fc164f14f46050e4223c6ee516c79f1367,22e9a7f3744b9dbc37cf8bd511ce0a2402d48eab595ccfdf2fc60f7c790420b3
door-open-v3,211,43,SCANA-R,98011,1,1,b1b8f6a742a5dc10b548d8e592ffe7fc164f14f46050e4223c6ee516c79f1367,93098cdcb9c2d9719336d0ae699e7c25d6da6b9a08f31f95cc2ba7b739fd8e1f
door-open-v3,211,43,SCANA-R,98012,1,1,b1b8f6a742a5dc10b548d8e592ffe7fc164f14f46050e4223c6ee516c79f1367,7c6ef81f121a7327d962d17461ad71e9c624accb906e4305cd7671c57c86306a
door-open-v3,211,43,SCANA-R,98013,1,1,b1b8f6a742a5dc10b548d8e592ffe7fc164f14f46050e4223c6ee516c79f1367,8c1df4dde41caf15355f0863828624488049bfef3b2663d91e4b5b3f39f3b66c
door-open-v3,211,43,SCANA-R,98014,1,1,b1b8f6a742a5dc10b548d8e592ffe7fc164f14f46050e4223c6ee516c79f1367,3857fb125fbc809fe42189c27b3ccdd54a0a27dc9ce96b1a2bdd642ebf9ca775
door-open-v3,211,43,SCANA-R,98015,1,1,b1b8f6a742a5dc10b548d8e592ffe7fc164f14f46050e4223c6ee516c79f1367,2bc700b393424114ae64249f653986dbcd41873c538c5b82ef5166f6462e2b88
door-open-v3,211,43,SCANA-R,98016,1,1,b1b8f6a742a5dc10b548d8e592ffe7fc164f14f46050e4223c6ee516c79f1367,2f48fc4f574511309cb97f3ca992327175c8335037cca40b95642c9ab4a1b8be
door-open-v3,211,43,SCANA-R,98017,1,1,b1b8f6a742a5dc10b548d8e592ffe7fc164f14f46050e4223c6ee516c79f1367,5b92788e4d918852e411e85aa4cc398d39a0ea3823ebb9674be601c19789902c
door-open-v3,211,43,SCANA-R,98018,1,1,b1b8f6a742a5dc10b548d8e592ffe7fc164f14f46050e4223c6ee516c79f1367,abf8b8a0dae65cd0299e84ff16bab8049475309ae0322d7a430cd80087505887
door-open-v3,211,43,SCANA-R,98019,1,1,b1b8f6a742a5dc10b548d8e592ffe7fc164f14f46050e4223c6ee516c79f1367,3aaaaeeb1b6e079bb332a06010344a0d589f8b5ec8c73e3a6a066741283f60d4
door-open-v3,307,17,Clean repeat,98000,1,1,6f0e15bfeb3e12dc61785696b3fff0ceda2b400fc560ba9ab966b9b7cbf48982,ff2e26ccbffbf76c36c1d42d7516c7b8a6dbd978e24680c7c123fb757f9511d7
door-open-v3,307,17,Clean repeat,98001,0,0,6f0e15bfeb3e12dc61785696b3fff0ceda2b400fc560ba9ab966b9b7cbf48982,4e0324a806f7858b4b8e365741c41b10c46fdd9531e50b4318c08817351cbb37
door-open-v3,307,17,Clean repeat,98002,1,1,6f0e15bfeb3e12dc61785696b3fff0ceda2b400fc560ba9ab966b9b7cbf48982,b5bee475a209f8f06ff26e1558a3245b161e044014291eac4e06de0a1570c045
door-open-v3,307,17,Clean repeat,98003,1,1,6f0e15bfeb3e12dc61785696b3fff0ceda2b400fc560ba9ab966b9b7cbf48982,a2a47e9e7701413f69fe8d21ac7427a0c0c1056ab7e13b2dd3c910de6e3af9ef
door-open-v3,307,17,Clean repeat,98004,1,1,6f0e15bfeb3e12dc61785696b3fff0ceda2b400fc560ba9ab966b9b7cbf48982,1da00229448a1f34c22a658b73a319d9e547d1a0f88ff9f8af79cc446cac97cd
door-open-v3,307,17,Clean repeat,98005,1,1,6f0e15bfeb3e12dc61785696b3fff0ceda2b400fc560ba9ab966b9b7cbf48982,86dea711ef0e322c7ae6c2a4263ca1d9110c12bc1a0b85d141bfe16e3c8886d0
door-open-v3,307,17,Clean repeat,98006,1,1,6f0e15bfeb3e12dc61785696b3fff0ceda2b400fc560ba9ab966b9b7cbf48982,9cf4b4a198fa86b08bc2b567e9666e9fd7ca6a294d31b77c4db7cb25a685f32e
door-open-v3,307,17,Clean repeat,98007,1,1,6f0e15bfeb3e12dc61785696b3fff0ceda2b400fc560ba9ab966b9b7cbf48982,075502e8a447179435ad550a97c7ac200df491f89bb46843f1394677c77bd7a7
door-open-v3,307,17,Clean repeat,98008,1,1,6f0e15bfeb3e12dc61785696b3fff0ceda2b400fc560ba9ab966b9b7cbf48982,c3bb4f3ca774f6dffeb2410dc84af0e496afbec765acb99d51c68c4fb03a3fce
door-open-v3,307,17,Clean repeat,98009,1,1,6f0e15bfeb3e12dc61785696b3fff0ceda2b400fc560ba9ab966b9b7cbf48982,9ef18f5db6407cff548c78cf4d2709826189a550d1ee8481807121361bd8be19
door-open-v3,307,17,Clean repeat,98010,1,1,6f0e15bfeb3e12dc61785696b3fff0ceda2b400fc560ba9ab966b9b7cbf48982,3fe0b30b973e6f87d4c957e6173150ad57a905f6202a9737516f55db90cdf064
door-open-v3,307,17,Clean repeat,98011,1,1,6f0e15bfeb3e12dc61785696b3fff0ceda2b400fc560ba9ab966b9b7cbf48982,014d55ef888520ce19225739baf13d5e1bcc88d65660c9a07d207dac5e75c4dc
door-open-v3,307,17,Clean repeat,98012,1,1,6f0e15bfeb3e12dc61785696b3fff0ceda2b400fc560ba9ab966b9b7cbf48982,1ebb514582a6e7b3b578472b0cb4e31b81bc6cc6cdf8d308d4aa8dbe78cfb2a0
door-open-v3,307,17,Clean repeat,98013,1,1,6f0e15bfeb3e12dc61785696b3fff0ceda2b400fc560ba9ab966b9b7cbf48982,61697ed58b30fa744590bda82639d095804335ddbf311d27e5d437888ea81a60
door-open-v3,307,17,Clean repeat,98014,1,1,6f0e15bfeb3e12dc61785696b3fff0ceda2b400fc560ba9ab966b9b7cbf48982,3dac01ce26d7d3ff4127dbdc5674a57f7ea0660768375f2912e7ac3f6bb35015
door-open-v3,307,17,Clean repeat,98015,1,1,6f0e15bfeb3e12dc61785696b3fff0ceda2b400fc560ba9ab966b9b7cbf48982,08d4ec222681f4a1d7757da6c10d20e5f4fccf2524d30da35f9819dfd1f6d290
door-open-v3,307,17,Clean repeat,98016,1,1,6f0e15bfeb3e12dc61785696b3fff0ceda2b400fc560ba9ab966b9b7cbf48982,1c9b366788141028436b9855e4169a20344368dff52962718d5b5511b73b61b6
door-open-v3,307,17,Clean repeat,98017,1,1,6f0e15bfeb3e12dc61785696b3fff0ceda2b400fc560ba9ab966b9b7cbf48982,a67f7af58dfe8129ae9bdd772af9368e70e76129c46c863dbcf7a8981c8d1845
door-open-v3,307,17,Clean repeat,98018,1,1,6f0e15bfeb3e12dc61785696b3fff0ceda2b400fc560ba9ab966b9b7cbf48982,d9906aa8de538121b4b017490ae3d0b22cfdd44706a52a7eaedd1b5ff832a09c
door-open-v3,307,17,Clean repeat,98019,1,1,6f0e15bfeb3e12dc61785696b3fff0ceda2b400fc560ba9ab966b9b7cbf48982,8b35fb600ef62667f810e7d2ad77f12216f713a2248c4606b4ef645d3aaa115b
door-open-v3,307,17,Gaussian recovery,98000,1,1,2f44ace9e92c582771a367de96408886a263f35c2e99dd1a0764552c91e9c851,8ada0a5b35be0e23fec541cacef863e4735e1679812aa1483eec6db3ec1df6cf
door-open-v3,307,17,Gaussian recovery,98001,1,1,2f44ace9e92c582771a367de96408886a263f35c2e99dd1a0764552c91e9c851,65af21f20d10f019670259f56fe9b5f03e7ab05cfcf9572e659f92a3b1d11090
door-open-v3,307,17,Gaussian recovery,98002,1,1,2f44ace9e92c582771a367de96408886a263f35c2e99dd1a0764552c91e9c851,5d36fb8ed456b66d7b41c3f3a4322b2c415eb1204bd1c70939580a5964bac538
door-open-v3,307,17,Gaussian recovery,98003,1,1,2f44ace9e92c582771a367de96408886a263f35c2e99dd1a0764552c91e9c851,dd97d03ed8124865d8daf10ff373f1269f369f06ab8e23b898f90feede834529
door-open-v3,307,17,Gaussian recovery,98004,1,1,2f44ace9e92c582771a367de96408886a263f35c2e99dd1a0764552c91e9c851,01dfa0783a14eead767173fd79278cfa85d66bc55489fd34609e46c30395e54d
door-open-v3,307,17,Gaussian recovery,98005,1,1,2f44ace9e92c582771a367de96408886a263f35c2e99dd1a0764552c91e9c851,ef62bb7439e58a58eb0b71f6f52a3e4c5b6c1d38a30e6a9dd7893d3f1e7d3d53
door-open-v3,307,17,Gaussian recovery,98006,1,1,2f44ace9e92c582771a367de96408886a263f35c2e99dd1a0764552c91e9c851,6d29e4627ecabafbf52d35eb1cf3338ff4b1c941e2a684d87e912ea3a8cc98a9
door-open-v3,307,17,Gaussian recovery,98007,1,1,2f44ace9e92c582771a367de96408886a263f35c2e99dd1a0764552c91e9c851,c0df6db9311f3684916786637e41d64d8bf6d6582b2b35c86acb6875644bc9d8
door-open-v3,307,17,Gaussian recovery,98008,1,1,2f44ace9e92c582771a367de96408886a263f35c2e99dd1a0764552c91e9c851,1a463fd69603343ea5758bb67221a3cff4bdbccdb3d98586052b1b87d35aeb93
door-open-v3,307,17,Gaussian recovery,98009,1,1,2f44ace9e92c582771a367de96408886a263f35c2e99dd1a0764552c91e9c851,400104dc4d0e4ca5ed4cbb045685bdaf7ee54370929fb3ee668c8991bca8a6b8
door-open-v3,307,17,Gaussian recovery,98010,1,1,2f44ace9e92c582771a367de96408886a263f35c2e99dd1a0764552c91e9c851,7b1621967d3b01bb79c34ba7e3a8c5658fb9ed534b8275754b77ad064ccbbc65
door-open-v3,307,17,Gaussian recovery,98011,1,1,2f44ace9e92c582771a367de96408886a263f35c2e99dd1a0764552c91e9c851,4234ee16b34828440beae39ea1468459b898cfd2b82f907f839b4e2d9b62d204
door-open-v3,307,17,Gaussian recovery,98012,1,1,2f44ace9e92c582771a367de96408886a263f35c2e99dd1a0764552c91e9c851,982a6d387351c0b84953bf718d00103d05847ab896c1a7be7db0720d48a6df1a
door-open-v3,307,17,Gaussian recovery,98013,1,1,2f44ace9e92c582771a367de96408886a263f35c2e99dd1a0764552c91e9c851,511e4374947912bdf8f4c7dba6354dbfa1fa22ac2e346a86981f67248addc63d
door-open-v3,307,17,Gaussian recovery,98014,1,1,2f44ace9e92c582771a367de96408886a263f35c2e99dd1a0764552c91e9c851,b64bef3d25475e2b6c1439e487c26283a4db1fd78ca4256e6702b5e46fb9fe98
door-open-v3,307,17,Gaussian recovery,98015,1,1,2f44ace9e92c582771a367de96408886a263f35c2e99dd1a0764552c91e9c851,cd36f3f21d5271d44e3f45f8288163e0849a943d22f3619108e4c5369c8d8e34
door-open-v3,307,17,Gaussian recovery,98016,1,1,2f44ace9e92c582771a367de96408886a263f35c2e99dd1a0764552c91e9c851,a8fb1c97b60a344a8ab24cfa5989b93d0bc6a3ed788ee5f671137bb95b43da08
door-open-v3,307,17,Gaussian recovery,98017,1,1,2f44ace9e92c582771a367de96408886a263f35c2e99dd1a0764552c91e9c851,591759481b9767bd255aa766ebd3c176c3a9595dec1713905e3e8b3bc5591f6f
door-open-v3,307,17,Gaussian recovery,98018,1,1,2f44ace9e92c582771a367de96408886a263f35c2e99dd1a0764552c91e9c851,43ea157f6f2dc3f5b821e8c86b47619cfdf62ee1069024b4986235f2bd7ff73c
door-open-v3,307,17,Gaussian recovery,98019,1,1,2f44ace9e92c582771a367de96408886a263f35c2e99dd1a0764552c91e9c851,d195c6d6604f9c76b03a4f159b1b19a4b2e45dbb618cc10e4328d3d6e2217445
door-open-v3,307,17,SCANA-R,98000,1,1,7ef2f0e2013c454eee1ace219337f3fd1d67f392b3bda3fadff7c534148716d5,f62616ede5751975bf9b00cc2b52f1d2c10b6d44f70258fa21c88c8e3a44bbe0
door-open-v3,307,17,SCANA-R,98001,1,0,7ef2f0e2013c454eee1ace219337f3fd1d67f392b3bda3fadff7c534148716d5,de915102daada8b31ba24f33c8d34eac2cb2a686057625b523fdfe16ee54f009
door-open-v3,307,17,SCANA-R,98002,1,1,7ef2f0e2013c454eee1ace219337f3fd1d67f392b3bda3fadff7c534148716d5,243e04bbb97cf703974f5d274a997f666ff994629b84929de0872a54ca450c83
door-open-v3,307,17,SCANA-R,98003,1,1,7ef2f0e2013c454eee1ace219337f3fd1d67f392b3bda3fadff7c534148716d5,fac070988a42451f0d24f03f91c83f816e58fea4d7ddec9a91fe19f0bead3d39
door-open-v3,307,17,SCANA-R,98004,1,1,7ef2f0e2013c454eee1ace219337f3fd1d67f392b3bda3fadff7c534148716d5,e1173357ee7868aa4194e361b989a58e57392f09f879e567965ebf305ebc34cd
door-open-v3,307,17,SCANA-R,98005,1,1,7ef2f0e2013c454eee1ace219337f3fd1d67f392b3bda3fadff7c534148716d5,80f3f3b16e05bd62eae9a668790cdffd37ff683eb5f46c436eced8fd4a67db43
door-open-v3,307,17,SCANA-R,98006,1,1,7ef2f0e2013c454eee1ace219337f3fd1d67f392b3bda3fadff7c534148716d5,59cb85aeb61ac60c17cdfafe9f2833635577d9ec6b54a0fe56f276a7e2acad36
door-open-v3,307,17,SCANA-R,98007,1,1,7ef2f0e2013c454eee1ace219337f3fd1d67f392b3bda3fadff7c534148716d5,a7f6d0fa40269811f0031e7a9e66ddc06e1a47e0d154f0afa9ab40815e4ceb6e
door-open-v3,307,17,SCANA-R,98008,1,1,7ef2f0e2013c454eee1ace219337f3fd1d67f392b3bda3fadff7c534148716d5,8c3a6425ae0f664fa343d89c347e076310e23d860e8bdf62bf2c931cfdb0b76a
door-open-v3,307,17,SCANA-R,98009,1,1,7ef2f0e2013c454eee1ace219337f3fd1d67f392b3bda3fadff7c534148716d5,5eb277e80e8c24e0a4bac804a21873858b0771a7a488ec8cfaf8afdfc7e02831
door-open-v3,307,17,SCANA-R,98010,1,1,7ef2f0e2013c454eee1ace219337f3fd1d67f392b3bda3fadff7c534148716d5,52c9129d4708c3df3855f9c5e4034de86b9d6003342476db780f4aea95290767
door-open-v3,307,17,SCANA-R,98011,1,1,7ef2f0e2013c454eee1ace219337f3fd1d67f392b3bda3fadff7c534148716d5,61cfb8157922b8b38f5bf17bc27408d4475626f988eff9a71f7b4fb9142c44d3
door-open-v3,307,17,SCANA-R,98012,1,1,7ef2f0e2013c454eee1ace219337f3fd1d67f392b3bda3fadff7c534148716d5,d940d1f97ef6bacd15d8d4614fd0fc63427b773e97d872a20a1c7edaf74dad20
door-open-v3,307,17,SCANA-R,98013,1,1,7ef2f0e2013c454eee1ace219337f3fd1d67f392b3bda3fadff7c534148716d5,64ec2211bc03db16571e4603bf0ec6b4c76dd8505fb0dc42c94ec220cece95ab
door-open-v3,307,17,SCANA-R,98014,1,1,7ef2f0e2013c454eee1ace219337f3fd1d67f392b3bda3fadff7c534148716d5,6d842c1eeadb0e6768350d93974de6d74c901124e67bab339b2dc97a539b6f27
door-open-v3,307,17,SCANA-R,98015,1,1,7ef2f0e2013c454eee1ace219337f3fd1d67f392b3bda3fadff7c534148716d5,5abb38d8bf290818aa88479a1f6d8852f2793c8d3a46b1a49349b455837d54fc
door-open-v3,307,17,SCANA-R,98016,1,1,7ef2f0e2013c454eee1ace219337f3fd1d67f392b3bda3fadff7c534148716d5,5348415ab0ed83982d586e9e41713439aa57baff48a84975639b5df125bcaf81
door-open-v3,307,17,SCANA-R,98017,1,1,7ef2f0e2013c454eee1ace219337f3fd1d67f392b3bda3fadff7c534148716d5,988b2abccfc0d2a4002713d1b6d5f5115b18b4ff0218a43dd588f1291910bacc
door-open-v3,307,17,SCANA-R,98018,1,1,7ef2f0e2013c454eee1ace219337f3fd1d67f392b3bda3fadff7c534148716d5,967185125d56d57ba27c6d03399413f33ec3227bc4a323b959ed425ac1478451
door-open-v3,307,17,SCANA-R,98019,1,1,7ef2f0e2013c454eee1ace219337f3fd1d67f392b3bda3fadff7c534148716d5,0f7a31f12f5d918c4bd2a7e41a97797b59d0f7bd983e74ac7713e197b9240442
door-open-v3,307,29,Clean repeat,98000,1,1,d937b5beadf0d9b5650f40daaf51aa218b6d0a25cda7f69a7cb78d54a133b612,2b7d48d6446a9b9b77f764fdf7bef8af22a872817f14f8c70c34bac82d9d10cb
door-open-v3,307,29,Clean repeat,98001,1,1,d937b5beadf0d9b5650f40daaf51aa218b6d0a25cda7f69a7cb78d54a133b612,90748a1608ee4bcbe77eb3e7da9ba01e59fb9c07a2d4a94044f576e872817da4
door-open-v3,307,29,Clean repeat,98002,1,1,d937b5beadf0d9b5650f40daaf51aa218b6d0a25cda7f69a7cb78d54a133b612,0d63c36d2140b4c9b114a3f51a72ef36c354300a0a540b0635e3415e2edc2c90
door-open-v3,307,29,Clean repeat,98003,1,1,d937b5beadf0d9b5650f40daaf51aa218b6d0a25cda7f69a7cb78d54a133b612,7907d5f8ae6d6a35732404f484ec318c20dce609a3aedf55d5ede145551e6f14
door-open-v3,307,29,Clean repeat,98004,1,1,d937b5beadf0d9b5650f40daaf51aa218b6d0a25cda7f69a7cb78d54a133b612,12a16bf4a4d0528abab490ebdc098fa5343728db801359aa8b2df540ed67d7b6
door-open-v3,307,29,Clean repeat,98005,1,1,d937b5beadf0d9b5650f40daaf51aa218b6d0a25cda7f69a7cb78d54a133b612,241b17bea8f116c641cdb3b3a4978d3725bece8e63c66d7d7772a2af234c4f6f
door-open-v3,307,29,Clean repeat,98006,1,1,d937b5beadf0d9b5650f40daaf51aa218b6d0a25cda7f69a7cb78d54a133b612,4d4c14701887f41c545dd7997a3e7c6c1e603fd1528725f82f9b25c8e150231c
door-open-v3,307,29,Clean repeat,98007,1,1,d937b5beadf0d9b5650f40daaf51aa218b6d0a25cda7f69a7cb78d54a133b612,7bf613c5e982b6eb7f2cc8b4481080f3a365714d632a65dc005ed439cb31717d
door-open-v3,307,29,Clean repeat,98008,1,1,d937b5beadf0d9b5650f40daaf51aa218b6d0a25cda7f69a7cb78d54a133b612,ec5c971d4010792eda1b76fc7971cbe529ec68871ea132840f7fd48cd45054ac
door-open-v3,307,29,Clean repeat,98009,1,1,d937b5beadf0d9b5650f40daaf51aa218b6d0a25cda7f69a7cb78d54a133b612,aec59d3d7504450dbd8acc66a39abfc266f99b240994738d9d4094aa18a243f5
door-open-v3,307,29,Clean repeat,98010,1,1,d937b5beadf0d9b5650f40daaf51aa218b6d0a25cda7f69a7cb78d54a133b612,52464c8cbc6ed0da4be6fa00dfaffc7fb1df8f04fe853514d952961bf0cdd081
door-open-v3,307,29,Clean repeat,98011,1,1,d937b5beadf0d9b5650f40daaf51aa218b6d0a25cda7f69a7cb78d54a133b612,6d64087200d6f1ebfd2844ed8a0ee1a96ebfab80ab68d87a4b1644a3869c9e89
door-open-v3,307,29,Clean repeat,98012,1,1,d937b5beadf0d9b5650f40daaf51aa218b6d0a25cda7f69a7cb78d54a133b612,3728bc3e4418eac8e042ec9f91903c89706bcdde48e44867ee7f590e504475e3
door-open-v3,307,29,Clean repeat,98013,1,1,d937b5beadf0d9b5650f40daaf51aa218b6d0a25cda7f69a7cb78d54a133b612,74a8a2962e2082ae8ad66323bb8996e65d314e36a7b6d658ce2c1fbb8060d063
door-open-v3,307,29,Clean repeat,98014,1,1,d937b5beadf0d9b5650f40daaf51aa218b6d0a25cda7f69a7cb78d54a133b612,f6acfb4e27a4d1a93fd1b84febec72c89955265019c43b12e8d9e7538da8cfc8
door-open-v3,307,29,Clean repeat,98015,1,1,d937b5beadf0d9b5650f40daaf51aa218b6d0a25cda7f69a7cb78d54a133b612,ca93f563ffe282cd162acdc1711e650e836a3f60917e0852fb658ee566bf1de2
door-open-v3,307,29,Clean repeat,98016,1,1,d937b5beadf0d9b5650f40daaf51aa218b6d0a25cda7f69a7cb78d54a133b612,591bc96f8b1fb725cf1e9214990d1d3484ba2ded5f0189c2ed66904f08ce3253
door-open-v3,307,29,Clean repeat,98017,1,1,d937b5beadf0d9b5650f40daaf51aa218b6d0a25cda7f69a7cb78d54a133b612,603336855ea998c4630793866e7d61579a21586c0397489fa206e62f1c33e2b2
door-open-v3,307,29,Clean repeat,98018,1,1,d937b5beadf0d9b5650f40daaf51aa218b6d0a25cda7f69a7cb78d54a133b612,f2d11520ba3d07462141bdb14f4d8a4b3321a229f4d6b63244db36b6218b68d7
door-open-v3,307,29,Clean repeat,98019,1,1,d937b5beadf0d9b5650f40daaf51aa218b6d0a25cda7f69a7cb78d54a133b612,e9804e79c1130d21205708cd85aee944f3dbea692df704274a3a768fa6cbafcb
door-open-v3,307,29,Gaussian recovery,98000,1,1,f57e6bb6af68475fe433a6ebdeb7d1d0202c5446700b2f714ebb856c03f409e0,8cd8d6eca060e0093b880f6ecdc4f0ec34cdd1bc75bafb75f76d1fcd12755e14
door-open-v3,307,29,Gaussian recovery,98001,1,0,f57e6bb6af68475fe433a6ebdeb7d1d0202c5446700b2f714ebb856c03f409e0,00fce30f264355a74ff5565ac532c16c665aecc56306eb895c237e0b7739b4a1
door-open-v3,307,29,Gaussian recovery,98002,1,1,f57e6bb6af68475fe433a6ebdeb7d1d0202c5446700b2f714ebb856c03f409e0,172891155e163719c6cdcb0a1c05e9d335a646bfe6e901d0310a40763e4907fa
door-open-v3,307,29,Gaussian recovery,98003,1,1,f57e6bb6af68475fe433a6ebdeb7d1d0202c5446700b2f714ebb856c03f409e0,f743f5f811d3f7237f2a648ac58ec9c741d17bec1bbc1cf311754ceead489199
door-open-v3,307,29,Gaussian recovery,98004,1,1,f57e6bb6af68475fe433a6ebdeb7d1d0202c5446700b2f714ebb856c03f409e0,0856823675f5648dd393cbd28ab10c91627c9be92aad63551e3c1ac0597738e9
door-open-v3,307,29,Gaussian recovery,98005,1,1,f57e6bb6af68475fe433a6ebdeb7d1d0202c5446700b2f714ebb856c03f409e0,7fc36616439b3265c0bc02925e96514cd4477b77c2b4b89dc8b5bcc545f01000
door-open-v3,307,29,Gaussian recovery,98006,1,1,f57e6bb6af68475fe433a6ebdeb7d1d0202c5446700b2f714ebb856c03f409e0,8590c83b18c7341a20c8e1cf90e97e717fb4875b61165f656256edc51424f7f3
door-open-v3,307,29,Gaussian recovery,98007,1,1,f57e6bb6af68475fe433a6ebdeb7d1d0202c5446700b2f714ebb856c03f409e0,f66b2be8d5ee50f59d78345e5c62afc76803539fa573cc3cc5f7bf616c75ba0c
door-open-v3,307,29,Gaussian recovery,98008,1,1,f57e6bb6af68475fe433a6ebdeb7d1d0202c5446700b2f714ebb856c03f409e0,6d39b2ffa560c0d8d8c6c08317dafe2bcb55d1c9a7d58d531408f6e31e61e1ea
door-open-v3,307,29,Gaussian recovery,98009,1,1,f57e6bb6af68475fe433a6ebdeb7d1d0202c5446700b2f714ebb856c03f409e0,bb15570548011ff5793625cfe808d7a1e29511c54ae4947cdfc523112dc88eb9
door-open-v3,307,29,Gaussian recovery,98010,1,1,f57e6bb6af68475fe433a6ebdeb7d1d0202c5446700b2f714ebb856c03f409e0,94c69280ff7f0e8120c2a7bef60063165e915d6af14c27cd7dc7b01223c1686c
door-open-v3,307,29,Gaussian recovery,98011,1,1,f57e6bb6af68475fe433a6ebdeb7d1d0202c5446700b2f714ebb856c03f409e0,6274f08e56e7bdf5ad26aefbe503531d678fd58838d0c8b7e2d223e3ce4c1c2a
door-open-v3,307,29,Gaussian recovery,98012,1,1,f57e6bb6af68475fe433a6ebdeb7d1d0202c5446700b2f714ebb856c03f409e0,dfcfb64f22ad77b2554910c099f7d2fe49103cdb774d9d6655c89660fc5b64c3
door-open-v3,307,29,Gaussian recovery,98013,1,1,f57e6bb6af68475fe433a6ebdeb7d1d0202c5446700b2f714ebb856c03f409e0,a27ebc694dfd8550a1ed3821339c249d997a970a07f22aedd355cb7f26c67d36
door-open-v3,307,29,Gaussian recovery,98014,1,1,f57e6bb6af68475fe433a6ebdeb7d1d0202c5446700b2f714ebb856c03f409e0,601341309b9796ff8a8afb70884c8381f0804023ff3186ff46c69aa83d6ebc4d
door-open-v3,307,29,Gaussian recovery,98015,1,1,f57e6bb6af68475fe433a6ebdeb7d1d0202c5446700b2f714ebb856c03f409e0,b13ae480b42f753f841e77f867bb5a7053f976acbdd00838ea3ebe1715ae58bb
door-open-v3,307,29,Gaussian recovery,98016,1,1,f57e6bb6af68475fe433a6ebdeb7d1d0202c5446700b2f714ebb856c03f409e0,771f73ffd316974ef6795271d111070783f84a3b85ff964505d8aace6ce8cb49
door-open-v3,307,29,Gaussian recovery,98017,1,1,f57e6bb6af68475fe433a6ebdeb7d1d0202c5446700b2f714ebb856c03f409e0,5dd736fbe09902582502bd2147ab7166247dd1d6faaaa8eb0be588ff071261e0
door-open-v3,307,29,Gaussian recovery,98018,1,1,f57e6bb6af68475fe433a6ebdeb7d1d0202c5446700b2f714ebb856c03f409e0,4e79dfdbdeb463ebad8fd72f4111d7902c45ef04b13296989afd46c763ea7c16
door-open-v3,307,29,Gaussian recovery,98019,1,1,f57e6bb6af68475fe433a6ebdeb7d1d0202c5446700b2f714ebb856c03f409e0,ca68a739dc543305c240e31b6f0c63b4496b4ea47d37e8df373f5b923ee6b35a
door-open-v3,307,29,SCANA-R,98000,1,1,05f9115ab4167d8803700bf868ac6d6020901df18cb51c8ed738bafc9946f7f4,48d22c551b661106eb57da0b388a2c7f965c45cc32e0c68fba0b2a75742df1b2
door-open-v3,307,29,SCANA-R,98001,1,0,05f9115ab4167d8803700bf868ac6d6020901df18cb51c8ed738bafc9946f7f4,aee823fd51e74cab7020cadd9c3053e0e99d28a2c8f2ab452258f28924912c05
door-open-v3,307,29,SCANA-R,98002,1,1,05f9115ab4167d8803700bf868ac6d6020901df18cb51c8ed738bafc9946f7f4,101ab0a4d6c2b2b9f0643cb37d7a6de970677e8769cfb0101b276905ba85107f
door-open-v3,307,29,SCANA-R,98003,1,1,05f9115ab4167d8803700bf868ac6d6020901df18cb51c8ed738bafc9946f7f4,7274719790a91628c69e259fc168c60b0f0886338517ef80c67d1f88f3e7f6aa
door-open-v3,307,29,SCANA-R,98004,1,1,05f9115ab4167d8803700bf868ac6d6020901df18cb51c8ed738bafc9946f7f4,3c834a0b244720ac4eb06552dd7ae22e85568b427ba8f679ab3b04e9e853f5b7
door-open-v3,307,29,SCANA-R,98005,1,1,05f9115ab4167d8803700bf868ac6d6020901df18cb51c8ed738bafc9946f7f4,088435b11ceb36a7e30b08a09cd44177f1ca7358dd88a79d6f6dc89002c82776
door-open-v3,307,29,SCANA-R,98006,1,1,05f9115ab4167d8803700bf868ac6d6020901df18cb51c8ed738bafc9946f7f4,98ff9d8e12cafc9259c5d5aee9ac24b872afef638e3d78a1ab0d2266b92b6324
door-open-v3,307,29,SCANA-R,98007,1,1,05f9115ab4167d8803700bf868ac6d6020901df18cb51c8ed738bafc9946f7f4,c39630bbc5933e6721c37e02b72e10de23790cee943b36c3cf4b39649c674f07
door-open-v3,307,29,SCANA-R,98008,1,1,05f9115ab4167d8803700bf868ac6d6020901df18cb51c8ed738bafc9946f7f4,01f8ffe7db7b31a507e6bc35db2b0feb707fbb982dcd890384e8f2aaffa08fd5
door-open-v3,307,29,SCANA-R,98009,1,1,05f9115ab4167d8803700bf868ac6d6020901df18cb51c8ed738bafc9946f7f4,2e450cce91ccb142da6f5ea9b6578ea81fc59589c9cdfe1b643f87e7ea80bc99
door-open-v3,307,29,SCANA-R,98010,1,1,05f9115ab4167d8803700bf868ac6d6020901df18cb51c8ed738bafc9946f7f4,af5af3ca3b1b357f976fe5c9f2800d60431f6069097e9374aebb6214ce247cab
door-open-v3,307,29,SCANA-R,98011,1,1,05f9115ab4167d8803700bf868ac6d6020901df18cb51c8ed738bafc9946f7f4,bf2e1a80e4f20b20e6e480a27133617ba45415b04cce9da9a67802cf15211c80
door-open-v3,307,29,SCANA-R,98012,1,1,05f9115ab4167d8803700bf868ac6d6020901df18cb51c8ed738bafc9946f7f4,fb3ec173f93a64610c3231b890195d7ce50d56d4910b1e645f18a53640630054
door-open-v3,307,29,SCANA-R,98013,1,1,05f9115ab4167d8803700bf868ac6d6020901df18cb51c8ed738bafc9946f7f4,c0513e9cc90c6a13440b37d848ba0ed78679d123d0aa196326182ea2848d76dc
door-open-v3,307,29,SCANA-R,98014,1,1,05f9115ab4167d8803700bf868ac6d6020901df18cb51c8ed738bafc9946f7f4,9e12549c30c5646788ed45ffac861acfbc44356a5a667154ce27875abeafb9c7
door-open-v3,307,29,SCANA-R,98015,1,1,05f9115ab4167d8803700bf868ac6d6020901df18cb51c8ed738bafc9946f7f4,c5d6d614102003878d15991ced61ac583ac7a6bd98c490966794536cdc4a0337
door-open-v3,307,29,SCANA-R,98016,1,1,05f9115ab4167d8803700bf868ac6d6020901df18cb51c8ed738bafc9946f7f4,b424b8bfd420fac925c5cb6e2ff472432079acb47fdf88ed3429cc1762caef93
door-open-v3,307,29,SCANA-R,98017,1,1,05f9115ab4167d8803700bf868ac6d6020901df18cb51c8ed738bafc9946f7f4,37193b060eef9462668a1e90b4ff7bcda5fdd9b518def063615d7af23a07fcd2
door-open-v3,307,29,SCANA-R,98018,1,1,05f9115ab4167d8803700bf868ac6d6020901df18cb51c8ed738bafc9946f7f4,d46333349b3c82bfe414289890527bfbd12f8d6777ae517a955c5f823f8e7afa
door-open-v3,307,29,SCANA-R,98019,1,1,05f9115ab4167d8803700bf868ac6d6020901df18cb51c8ed738bafc9946f7f4,6f41a531294bddde6cba4daf0d5d4bf281eefabd2984c8d9382d1c5e51d6754a
door-open-v3,307,43,Clean repeat,98000,1,1,cb258457b7d953e88b4cedcd3894076dc96b7efc0c3811423dda24c2b6e13419,51350e5d17eaa72bd9c32e907569325ccc457d19a241f0714b99df957b5002fa
door-open-v3,307,43,Clean repeat,98001,1,1,cb258457b7d953e88b4cedcd3894076dc96b7efc0c3811423dda24c2b6e13419,2f5132b8af3e857fa554fc9d5e6ac0e0b8569763941e2988417b7537fbce10a6
door-open-v3,307,43,Clean repeat,98002,1,1,cb258457b7d953e88b4cedcd3894076dc96b7efc0c3811423dda24c2b6e13419,ef6347868e0e3c2caf25224e12e855f979f0af095c226956a36ab75b692bb344
door-open-v3,307,43,Clean repeat,98003,1,1,cb258457b7d953e88b4cedcd3894076dc96b7efc0c3811423dda24c2b6e13419,70b50382ec9672321462fe085f21ac07ef25f377ff4c2b16fcdfc08c3255a0bd
door-open-v3,307,43,Clean repeat,98004,1,1,cb258457b7d953e88b4cedcd3894076dc96b7efc0c3811423dda24c2b6e13419,0daa83cc86e8e98015113303f03188c3324d8ff49a15416d5303b64c1c5eaac2
door-open-v3,307,43,Clean repeat,98005,1,1,cb258457b7d953e88b4cedcd3894076dc96b7efc0c3811423dda24c2b6e13419,97cda2719e8290ad42449c4f0ca669bb524b59bf0cf4742e9d4859467ccdc50c
door-open-v3,307,43,Clean repeat,98006,1,1,cb258457b7d953e88b4cedcd3894076dc96b7efc0c3811423dda24c2b6e13419,4728fc366b43a7ca228acd19710add5d2dc50e294d9025497da27f98c9d5552c
door-open-v3,307,43,Clean repeat,98007,1,1,cb258457b7d953e88b4cedcd3894076dc96b7efc0c3811423dda24c2b6e13419,04a83946f83a8ece7badf9f21eb4bb2f29d89510355e270806551aa99c8cbe80
door-open-v3,307,43,Clean repeat,98008,1,1,cb258457b7d953e88b4cedcd3894076dc96b7efc0c3811423dda24c2b6e13419,c6b333ba67ef52d51fc968c4741ebcb932233753ddec5dd80008aee2ff3f574a
door-open-v3,307,43,Clean repeat,98009,1,1,cb258457b7d953e88b4cedcd3894076dc96b7efc0c3811423dda24c2b6e13419,1265f0952754908bd94d335b30167df261b759c88581f7d6a77043a36b322d71
door-open-v3,307,43,Clean repeat,98010,1,1,cb258457b7d953e88b4cedcd3894076dc96b7efc0c3811423dda24c2b6e13419,22c3decdfcbbdbad653090f9b199e8f96abfa383e8245d4b8a6b850c8a06cfed
door-open-v3,307,43,Clean repeat,98011,1,1,cb258457b7d953e88b4cedcd3894076dc96b7efc0c3811423dda24c2b6e13419,773f6a04de57cff6d296d43391e4038d22bdd243844fb3e00f88283fa7ad860d
door-open-v3,307,43,Clean repeat,98012,1,1,cb258457b7d953e88b4cedcd3894076dc96b7efc0c3811423dda24c2b6e13419,44e48791bcaed97fc0b879965f83504d3edb58db4d66145b85b82b9527cf008f
door-open-v3,307,43,Clean repeat,98013,1,1,cb258457b7d953e88b4cedcd3894076dc96b7efc0c3811423dda24c2b6e13419,0b52310bab3daa829aa891595a56293aad037246d2df5dae09096bc6b8e34b09
door-open-v3,307,43,Clean repeat,98014,1,1,cb258457b7d953e88b4cedcd3894076dc96b7efc0c3811423dda24c2b6e13419,dcf5d578f2177d961f06ef7a2b320282bcf5ef298a34cfcb160d1c1f9c6bea08
door-open-v3,307,43,Clean repeat,98015,1,1,cb258457b7d953e88b4cedcd3894076dc96b7efc0c3811423dda24c2b6e13419,e167343c0173b1d4445c553963fd4ad65071a0a847e9781cc084e52bc8c97d1d
door-open-v3,307,43,Clean repeat,98016,1,1,cb258457b7d953e88b4cedcd3894076dc96b7efc0c3811423dda24c2b6e13419,2e73428f55ab904a65fb9763690605e4da03037c2e8701475f4eac5b3b792b64
door-open-v3,307,43,Clean repeat,98017,1,1,cb258457b7d953e88b4cedcd3894076dc96b7efc0c3811423dda24c2b6e13419,9c939c70d99a08664638a9f6768e0494206b583873adb71213ff597780a33654
door-open-v3,307,43,Clean repeat,98018,1,1,cb258457b7d953e88b4cedcd3894076dc96b7efc0c3811423dda24c2b6e13419,384dd0f3531a513c193acf42c148851b4ba2eae8e8b7ed7d3cd9e3ff105105cd
door-open-v3,307,43,Clean repeat,98019,1,1,cb258457b7d953e88b4cedcd3894076dc96b7efc0c3811423dda24c2b6e13419,fd406c3f4c900c55a40b1a5090d8264958165b7eb7fe45bc4285d6468603dc6c
door-open-v3,307,43,Gaussian recovery,98000,1,1,af317c447e98543ab4986a769db3e43c28923cd830658f3f5eed61708409b481,cf9ead378388b879632e7c5d80e89615b78c1681bf593ca82bee4392818dc3d1
door-open-v3,307,43,Gaussian recovery,98001,0,0,af317c447e98543ab4986a769db3e43c28923cd830658f3f5eed61708409b481,813b96b23131e8e899e5a361dfa2f5f7716ead9b643feed59b24ef63bddb7440
door-open-v3,307,43,Gaussian recovery,98002,1,1,af317c447e98543ab4986a769db3e43c28923cd830658f3f5eed61708409b481,f746fea73964874b4c36ca48addfe44b21c49e77c295eeed5d181e94348c7438
door-open-v3,307,43,Gaussian recovery,98003,1,1,af317c447e98543ab4986a769db3e43c28923cd830658f3f5eed61708409b481,e2824a41ae658058e01fe0e224e444506ceddce0ddd2cbc64ab5aa6224098926
door-open-v3,307,43,Gaussian recovery,98004,1,1,af317c447e98543ab4986a769db3e43c28923cd830658f3f5eed61708409b481,e1d44dddd2eec18cc8e2d2fa147b9cbe8c41bd4663e0d57b0d356d9bc88bcf37
door-open-v3,307,43,Gaussian recovery,98005,1,1,af317c447e98543ab4986a769db3e43c28923cd830658f3f5eed61708409b481,47a4704c982dbf43a032598437e36904bc51c7e40a9062b135d065357d56c52a
door-open-v3,307,43,Gaussian recovery,98006,1,1,af317c447e98543ab4986a769db3e43c28923cd830658f3f5eed61708409b481,03d308b5e0624e4e1f0edc30c1e0f686506ef43aa92859c600a91fdb7a984ade
door-open-v3,307,43,Gaussian recovery,98007,1,1,af317c447e98543ab4986a769db3e43c28923cd830658f3f5eed61708409b481,a4f6e571d2711b7f24a27d3943a4f5551d5ea3c22153c4608f92de21afda84f0
door-open-v3,307,43,Gaussian recovery,98008,1,1,af317c447e98543ab4986a769db3e43c28923cd830658f3f5eed61708409b481,82cd50d484b7af2255d6a17644f6756ac230ef76fe0c6d175198b39dda61900b
door-open-v3,307,43,Gaussian recovery,98009,1,1,af317c447e98543ab4986a769db3e43c28923cd830658f3f5eed61708409b481,51f639aa3f95f2d1b936ffc2212761b58df9a66e8b0003affed8d1df79a1a3f7
door-open-v3,307,43,Gaussian recovery,98010,1,1,af317c447e98543ab4986a769db3e43c28923cd830658f3f5eed61708409b481,439a555dcc51662b9e86df04239f78d964a16cdf45c25673b372c8f176f0cdaa
door-open-v3,307,43,Gaussian recovery,98011,1,1,af317c447e98543ab4986a769db3e43c28923cd830658f3f5eed61708409b481,29f2eba90e966b07d1c6f1e50d59a372ee1e9f4eb1b8fa94e50330ed15e8e3f1
door-open-v3,307,43,Gaussian recovery,98012,1,1,af317c447e98543ab4986a769db3e43c28923cd830658f3f5eed61708409b481,8f05e51380415fbe1d63eba4a76c961a8f238adb53f1d317264d8d7b7a4ed311
door-open-v3,307,43,Gaussian recovery,98013,1,1,af317c447e98543ab4986a769db3e43c28923cd830658f3f5eed61708409b481,9e8328681c11dd8e73c4b6a7030b880162415774414152bb39b452e30726e655
door-open-v3,307,43,Gaussian recovery,98014,1,1,af317c447e98543ab4986a769db3e43c28923cd830658f3f5eed61708409b481,508d865ee99883295d7dd818048ebec73df35329d2a70361c1b13a438ecfe243
door-open-v3,307,43,Gaussian recovery,98015,1,1,af317c447e98543ab4986a769db3e43c28923cd830658f3f5eed61708409b481,38adce9d05a69c33751476792a067baef14d6a3821880af533868f4b009017cb
door-open-v3,307,43,Gaussian recovery,98016,1,1,af317c447e98543ab4986a769db3e43c28923cd830658f3f5eed61708409b481,e9290871b6a1a706778ea03099128fbc052c4148b53c605daf07140dad9870b3
door-open-v3,307,43,Gaussian recovery,98017,1,1,af317c447e98543ab4986a769db3e43c28923cd830658f3f5eed61708409b481,47d9b2f78f97357d166400b4f38ed063bceae1f8dd056c5a18f777ebaf515a21
door-open-v3,307,43,Gaussian recovery,98018,1,1,af317c447e98543ab4986a769db3e43c28923cd830658f3f5eed61708409b481,09abc69512ddb566e73ecd659f821e9d494676e468d41fddb7024ec1e28c5322
door-open-v3,307,43,Gaussian recovery,98019,1,1,af317c447e98543ab4986a769db3e43c28923cd830658f3f5eed61708409b481,2785e0359eaa1dc1a4414de189065b71a8b5b718b1534f11643093622add72e2
door-open-v3,307,43,SCANA-R,98000,1,1,d17bdcac0acf3782d3678054157ed2ff4938facd87880696f98383fa0888d3aa,9791606ea0b8f3622c36d786e44612e4ff26097f58a8795934fec98ca92183eb
door-open-v3,307,43,SCANA-R,98001,0,0,d17bdcac0acf3782d3678054157ed2ff4938facd87880696f98383fa0888d3aa,2144677d724abeef9c075337b514bd6616a33f47312cd0e1414f7c22e300dee0
door-open-v3,307,43,SCANA-R,98002,1,1,d17bdcac0acf3782d3678054157ed2ff4938facd87880696f98383fa0888d3aa,0a02389edb05e9eff1a2e47c70a2bca5ea04e0fc254c87fb1f9c2465f9e0894b
door-open-v3,307,43,SCANA-R,98003,1,1,d17bdcac0acf3782d3678054157ed2ff4938facd87880696f98383fa0888d3aa,3583b0c80255af9a2b82ca19bb8ea19c0a0389a7fd6806c6c2749675a8328d77
door-open-v3,307,43,SCANA-R,98004,1,1,d17bdcac0acf3782d3678054157ed2ff4938facd87880696f98383fa0888d3aa,011df4caac53c2c26c328583ad8190f46b77152b81159ae5d65af5d4334ebb8c
door-open-v3,307,43,SCANA-R,98005,1,1,d17bdcac0acf3782d3678054157ed2ff4938facd87880696f98383fa0888d3aa,42bb47113018104138e7bdb4dc409437ff3816b092b892c668d735ba93fad18c
door-open-v3,307,43,SCANA-R,98006,1,1,d17bdcac0acf3782d3678054157ed2ff4938facd87880696f98383fa0888d3aa,0a3af0c1e052905e226bd30a1f0add39f1e8cc336e93240a5d23906253b54ade
door-open-v3,307,43,SCANA-R,98007,1,0,d17bdcac0acf3782d3678054157ed2ff4938facd87880696f98383fa0888d3aa,bb12af5812f2cacf3c2b58280cad11e9bddd6b8ac421959954c81bc2f3dc0df9
door-open-v3,307,43,SCANA-R,98008,1,1,d17bdcac0acf3782d3678054157ed2ff4938facd87880696f98383fa0888d3aa,047295f0b3a0bc2039235eba2eba68f432070bfbac9ba2cd699469cec76fdf1a
door-open-v3,307,43,SCANA-R,98009,1,1,d17bdcac0acf3782d3678054157ed2ff4938facd87880696f98383fa0888d3aa,826bdef0f5043521b93569dbe9fdc4b110429f79316f116ce7d8d5296f755fc2
door-open-v3,307,43,SCANA-R,98010,1,1,d17bdcac0acf3782d3678054157ed2ff4938facd87880696f98383fa0888d3aa,72f4b84dd9db5aad53085a8f919a21ca638f35f8251ab6cb0382dccddbcca1ad
door-open-v3,307,43,SCANA-R,98011,1,1,d17bdcac0acf3782d3678054157ed2ff4938facd87880696f98383fa0888d3aa,ef82c89e262ccc7e114334a1e64b293aed7b6eaac93f3f643318d11d78198a99
door-open-v3,307,43,SCANA-R,98012,1,1,d17bdcac0acf3782d3678054157ed2ff4938facd87880696f98383fa0888d3aa,91a7b86851d3605d089428aab3300cb81334c952d19b6edf55c7c6d8de1550b8
door-open-v3,307,43,SCANA-R,98013,1,1,d17bdcac0acf3782d3678054157ed2ff4938facd87880696f98383fa0888d3aa,c8e8c048217d49f7258fbc323d939313d3107298882f1990624f4d5ff2324b94
door-open-v3,307,43,SCANA-R,98014,1,1,d17bdcac0acf3782d3678054157ed2ff4938facd87880696f98383fa0888d3aa,d7d5507c8efc47e60b112b52ad9e06f8f0394884f286d9663d34b12bd0dc9d1f
door-open-v3,307,43,SCANA-R,98015,1,1,d17bdcac0acf3782d3678054157ed2ff4938facd87880696f98383fa0888d3aa,386c77344572cd7fa7a7953f017120422b271f260f72a34874ef964bfb892084
door-open-v3,307,43,SCANA-R,98016,1,1,d17bdcac0acf3782d3678054157ed2ff4938facd87880696f98383fa0888d3aa,733ea70b3efd7cb32b57a958b8bd7af2d4273bf91071d4eaefff388c68be6e41
door-open-v3,307,43,SCANA-R,98017,1,1,d17bdcac0acf3782d3678054157ed2ff4938facd87880696f98383fa0888d3aa,8e166615a59e4b43f8a37b372368965fb0a3cd19db3cd5c8554500bb9ba4b772
door-open-v3,307,43,SCANA-R,98018,1,1,d17bdcac0acf3782d3678054157ed2ff4938facd87880696f98383fa0888d3aa,fb8e0de84f623f7cd3a2f95c2ed1652db6f55f2ff9c7f1df89c7c1085a47e18e
door-open-v3,307,43,SCANA-R,98019,1,1,d17bdcac0acf3782d3678054157ed2ff4938facd87880696f98383fa0888d3aa,985167cb57bf6155a50281c71e5c192e8266325d800bdc8fcca4fd635c130801
drawer-open-v3,101,17,Clean repeat,98000,1,1,8583e6b892501205e4c876764ff1566b11044f2d70173d120a8dd005520e00d6,ee50de8ea17fa5538d9c4fd9ee96ae1b3756cbf643cfe5a3672ae156ccc3c7aa
drawer-open-v3,101,17,Clean repeat,98001,1,1,8583e6b892501205e4c876764ff1566b11044f2d70173d120a8dd005520e00d6,0fc432e2170875499baa70e9b330612b2af06fc5bed97717b179d6b3f65e6ee2
drawer-open-v3,101,17,Clean repeat,98002,1,1,8583e6b892501205e4c876764ff1566b11044f2d70173d120a8dd005520e00d6,f461c63d892208f49b1f86046c6604cdaa7d951d7d1491176064809cbad11dd7
drawer-open-v3,101,17,Clean repeat,98003,1,1,8583e6b892501205e4c876764ff1566b11044f2d70173d120a8dd005520e00d6,de265e3ca783e98379f5a8bbd82cc9a29316bf064ce6a52daa6bf5b5364bb32d
drawer-open-v3,101,17,Clean repeat,98004,1,1,8583e6b892501205e4c876764ff1566b11044f2d70173d120a8dd005520e00d6,2c90e4fb0b3de96cb84fbbba3d5f0797c3633030e68e769506a1616772bb65d6
drawer-open-v3,101,17,Clean repeat,98005,1,1,8583e6b892501205e4c876764ff1566b11044f2d70173d120a8dd005520e00d6,b016998969154e4c7f3193ceffe5eaa452b21615abe562212bf1c6b7f10fdbc6
drawer-open-v3,101,17,Clean repeat,98006,1,1,8583e6b892501205e4c876764ff1566b11044f2d70173d120a8dd005520e00d6,1418d029b26c8c3a418216d9ee4c828c0d562fcc4244d7dc829b6be55d5453b7
drawer-open-v3,101,17,Clean repeat,98007,1,1,8583e6b892501205e4c876764ff1566b11044f2d70173d120a8dd005520e00d6,e552a0867b459b5928ad57b095f686e0b7be0fc9fe49f5d7d454f5ca19e917c9
drawer-open-v3,101,17,Clean repeat,98008,1,1,8583e6b892501205e4c876764ff1566b11044f2d70173d120a8dd005520e00d6,d369b5cfe587b21606b84779958512869281d662c96d43eaa62673e0eb54a07b
drawer-open-v3,101,17,Clean repeat,98009,1,1,8583e6b892501205e4c876764ff1566b11044f2d70173d120a8dd005520e00d6,1fba0c4b237ed0d45063e415fd8f3c793e0df79ea50d71d8e1f04b79dfc9f494
drawer-open-v3,101,17,Clean repeat,98010,1,1,8583e6b892501205e4c876764ff1566b11044f2d70173d120a8dd005520e00d6,bf26b23547f1af37af658b00eed62868e32a010fe1760c8721ac1d8771434b20
drawer-open-v3,101,17,Clean repeat,98011,1,1,8583e6b892501205e4c876764ff1566b11044f2d70173d120a8dd005520e00d6,ce47d5527d95d702d0381409f94a441bc4d695e5262deb6765acddf458208cf7
drawer-open-v3,101,17,Clean repeat,98012,1,1,8583e6b892501205e4c876764ff1566b11044f2d70173d120a8dd005520e00d6,79d51c761d759f845da5f229c54559005138d752d0fc7a96b64823cc146f1324
drawer-open-v3,101,17,Clean repeat,98013,1,1,8583e6b892501205e4c876764ff1566b11044f2d70173d120a8dd005520e00d6,42260e63539ae9261b50364df8e035cf1aa2e3887b8ae2b63171797dd7faaaa0
drawer-open-v3,101,17,Clean repeat,98014,1,1,8583e6b892501205e4c876764ff1566b11044f2d70173d120a8dd005520e00d6,0208886f42e063ea91214744640cd2ba37f498944269b826a2f3ca09cc2fb584
drawer-open-v3,101,17,Clean repeat,98015,1,1,8583e6b892501205e4c876764ff1566b11044f2d70173d120a8dd005520e00d6,0658ebdbc1bdd0de4bf2a7f7597ea99149bd7d1e6a1357197536fc46a2d2ec10
drawer-open-v3,101,17,Clean repeat,98016,1,1,8583e6b892501205e4c876764ff1566b11044f2d70173d120a8dd005520e00d6,67968feae8159a35e3e6895c16a4bc244ee6d2b59489667d85180817ee9d7886
drawer-open-v3,101,17,Clean repeat,98017,1,1,8583e6b892501205e4c876764ff1566b11044f2d70173d120a8dd005520e00d6,883efcf1f853776e1e08025bac2b10bafc794ce38a942b40e8517bf4813f458c
drawer-open-v3,101,17,Clean repeat,98018,1,1,8583e6b892501205e4c876764ff1566b11044f2d70173d120a8dd005520e00d6,faf28e83a73c047f6df1c983e61def2e4d7a1375083594a6f4a54d0cbd042d27
drawer-open-v3,101,17,Clean repeat,98019,1,1,8583e6b892501205e4c876764ff1566b11044f2d70173d120a8dd005520e00d6,eda62181c973c873d67ebddd2dd9cb6076b175f7adc6f330febd53db5acf71ce
drawer-open-v3,101,17,Gaussian recovery,98000,1,1,e1054215aed6a2bd83b69dae1bd05acad36a16815dda7010f2e071b2edcca77b,141e71198921488ab673b7928ef033e874c1be53dd7f04333ba5d868b97d2fcf
drawer-open-v3,101,17,Gaussian recovery,98001,1,1,e1054215aed6a2bd83b69dae1bd05acad36a16815dda7010f2e071b2edcca77b,5ca0ccbac2ee8b1d5b50ff201ad63b325e33e19eaf70220b18045bfcf52fc165
drawer-open-v3,101,17,Gaussian recovery,98002,1,1,e1054215aed6a2bd83b69dae1bd05acad36a16815dda7010f2e071b2edcca77b,c7a75eaaa28bb69725ff630acb4e38d677664652d40e140ca71a982be33a5ce4
drawer-open-v3,101,17,Gaussian recovery,98003,1,1,e1054215aed6a2bd83b69dae1bd05acad36a16815dda7010f2e071b2edcca77b,9a0a2767990bf99951f59814ba67ead681e36f960d40e9761b44434a7c64056d
drawer-open-v3,101,17,Gaussian recovery,98004,1,1,e1054215aed6a2bd83b69dae1bd05acad36a16815dda7010f2e071b2edcca77b,581c9ad508c35d14aa1b9fc994ca416f4da348a49c5d809b3b8fe7bb23bc5146
drawer-open-v3,101,17,Gaussian recovery,98005,1,1,e1054215aed6a2bd83b69dae1bd05acad36a16815dda7010f2e071b2edcca77b,b36dcd48415bba2216ea8869f6dd0727eb818387556d2de4569780a48832190d
drawer-open-v3,101,17,Gaussian recovery,98006,1,1,e1054215aed6a2bd83b69dae1bd05acad36a16815dda7010f2e071b2edcca77b,3a779327b9fba710bdf8dd6f19fef9f7e6b4cadb309d40a99af30f631711c580
drawer-open-v3,101,17,Gaussian recovery,98007,1,1,e1054215aed6a2bd83b69dae1bd05acad36a16815dda7010f2e071b2edcca77b,d87b9547ba2a28cf1725e9a29d168c1434237191e2960a8c17963e22eed5a0ac
drawer-open-v3,101,17,Gaussian recovery,98008,1,1,e1054215aed6a2bd83b69dae1bd05acad36a16815dda7010f2e071b2edcca77b,30ca3c082c722eb8e282eec4389295cad63a16c02415ffcf2bb3e95712b1b3e9
drawer-open-v3,101,17,Gaussian recovery,98009,1,1,e1054215aed6a2bd83b69dae1bd05acad36a16815dda7010f2e071b2edcca77b,1c2531e17b91afa587be0f5539801d02ffbef59a72ae8c539f742e97d33cc0ac
drawer-open-v3,101,17,Gaussian recovery,98010,1,1,e1054215aed6a2bd83b69dae1bd05acad36a16815dda7010f2e071b2edcca77b,b5f540c114cb29ed0a8bebcecf8dde1aadddcdee76c665d5cabea59253cc328f
drawer-open-v3,101,17,Gaussian recovery,98011,1,1,e1054215aed6a2bd83b69dae1bd05acad36a16815dda7010f2e071b2edcca77b,4a527e591d84586760c2bd065ca26e4def3810d07e9cdd9e2c3f5ec13640a161
drawer-open-v3,101,17,Gaussian recovery,98012,1,1,e1054215aed6a2bd83b69dae1bd05acad36a16815dda7010f2e071b2edcca77b,627d2f6323a6f87512e9ad5c8fb5366a54ee2a5886939fd54bcdd89d28004e74
drawer-open-v3,101,17,Gaussian recovery,98013,1,1,e1054215aed6a2bd83b69dae1bd05acad36a16815dda7010f2e071b2edcca77b,3fb3066bf57f94560eb43421710d53eeb424fa2c334d90ccbefdabb09d515792
drawer-open-v3,101,17,Gaussian recovery,98014,1,1,e1054215aed6a2bd83b69dae1bd05acad36a16815dda7010f2e071b2edcca77b,8085a858e02d4911b41931429aeacc45cfe752948b3a698abc2514f7b9b49f94
drawer-open-v3,101,17,Gaussian recovery,98015,1,1,e1054215aed6a2bd83b69dae1bd05acad36a16815dda7010f2e071b2edcca77b,9d90e5e6d3f32081203eb1f43889ac49b9d0c1dfc8b2f11411e142651747e23c
drawer-open-v3,101,17,Gaussian recovery,98016,1,1,e1054215aed6a2bd83b69dae1bd05acad36a16815dda7010f2e071b2edcca77b,fb78a879a23162180ff349185f4667a908204fa9152d6232dcdd34af4c17e868
drawer-open-v3,101,17,Gaussian recovery,98017,1,1,e1054215aed6a2bd83b69dae1bd05acad36a16815dda7010f2e071b2edcca77b,0dbf19dec1e3f2d674c437a443b71a9359377d94ac3e89f3b5e2d20de7a31702
drawer-open-v3,101,17,Gaussian recovery,98018,1,1,e1054215aed6a2bd83b69dae1bd05acad36a16815dda7010f2e071b2edcca77b,2c0cad158c08b85edc531886cda88c41324e6f3ea01834a93d9e100b7ed7361a
drawer-open-v3,101,17,Gaussian recovery,98019,1,1,e1054215aed6a2bd83b69dae1bd05acad36a16815dda7010f2e071b2edcca77b,cb9a17a25a93e0a1fe807a18f486e1c0ca26aa3fde6ec6ad07e2c96bf2f56645
drawer-open-v3,101,17,SCANA-R,98000,1,1,afad4ba19cf077449a29e89106e96949a87f687d3c93748d4d9c50263f704738,02dbee3b88212a415b86f90c455ede259ebebca96362c7ec5982770f597d9977
drawer-open-v3,101,17,SCANA-R,98001,1,1,afad4ba19cf077449a29e89106e96949a87f687d3c93748d4d9c50263f704738,9c937d21da84fd13e6ec9e7d25539b25aeb2188825e433acddeabafb15f9b1b4
drawer-open-v3,101,17,SCANA-R,98002,1,1,afad4ba19cf077449a29e89106e96949a87f687d3c93748d4d9c50263f704738,8363ab41a2164ed8c5ac785f97ddc3b76c4f0717c00ecefa6ac836b93855b5fb
drawer-open-v3,101,17,SCANA-R,98003,1,1,afad4ba19cf077449a29e89106e96949a87f687d3c93748d4d9c50263f704738,5f94efb3e7c8795a93b83a302814030352b5e333ebf20515c3248da4c4712af7
drawer-open-v3,101,17,SCANA-R,98004,1,1,afad4ba19cf077449a29e89106e96949a87f687d3c93748d4d9c50263f704738,6b8266e52d33015010a16a1bd1582b206910e3609909c90e53fc284c365ae96c
drawer-open-v3,101,17,SCANA-R,98005,1,1,afad4ba19cf077449a29e89106e96949a87f687d3c93748d4d9c50263f704738,f243939267a1e635c977424f3eb3bc176abca10f2e47117cce04bfa3affe53d3
drawer-open-v3,101,17,SCANA-R,98006,1,1,afad4ba19cf077449a29e89106e96949a87f687d3c93748d4d9c50263f704738,7f8b34ed795a1b21907b1109935593f9401ae0af6706917cf234d8d309710a98
drawer-open-v3,101,17,SCANA-R,98007,1,1,afad4ba19cf077449a29e89106e96949a87f687d3c93748d4d9c50263f704738,226bc56611f28c054bab7d142a4905e5d10d53fe859e64e163ef10dfcc721547
drawer-open-v3,101,17,SCANA-R,98008,1,1,afad4ba19cf077449a29e89106e96949a87f687d3c93748d4d9c50263f704738,f2a59d79f0991bbb25108115350e9464969cc97bf8501ae70cf23f619d1ad2c5
drawer-open-v3,101,17,SCANA-R,98009,1,1,afad4ba19cf077449a29e89106e96949a87f687d3c93748d4d9c50263f704738,a19780306f456d25378bf4bf89d9afa407e3ccd1301ce5f1435a86f49984ab79
drawer-open-v3,101,17,SCANA-R,98010,1,1,afad4ba19cf077449a29e89106e96949a87f687d3c93748d4d9c50263f704738,d5e3e091272cc93f19ca01722a9358a301f5ad91957849cdb7d8af007e2e19f7
drawer-open-v3,101,17,SCANA-R,98011,1,1,afad4ba19cf077449a29e89106e96949a87f687d3c93748d4d9c50263f704738,0bfef9f6455f81dd9a156c8e6d28ed412fbc3f9d7738cceb423cc3c4e4d9784d
drawer-open-v3,101,17,SCANA-R,98012,1,1,afad4ba19cf077449a29e89106e96949a87f687d3c93748d4d9c50263f704738,3d12866cd8a9a110edf1a9310710c62106033fe8248ba7423fa3499ed49a46f7
drawer-open-v3,101,17,SCANA-R,98013,1,1,afad4ba19cf077449a29e89106e96949a87f687d3c93748d4d9c50263f704738,8d2345f7270dcf583b57fa7c2329e5922d1c82f4af8d543adbf9de25f5d38231
drawer-open-v3,101,17,SCANA-R,98014,1,1,afad4ba19cf077449a29e89106e96949a87f687d3c93748d4d9c50263f704738,ce368d0d3c7036cc6abfeb5ad9b681c29c746470293b24b263020e0bb56b4b9a
drawer-open-v3,101,17,SCANA-R,98015,1,1,afad4ba19cf077449a29e89106e96949a87f687d3c93748d4d9c50263f704738,33fdb50518c35ef9db5953e6dbd157ec317dd5c95a45ee2060b9b8095aae28a0
drawer-open-v3,101,17,SCANA-R,98016,1,1,afad4ba19cf077449a29e89106e96949a87f687d3c93748d4d9c50263f704738,e8a58a65a5122862d6e37717f98420ca8d39badb35cce223c1d909afddbe0c7c
drawer-open-v3,101,17,SCANA-R,98017,1,1,afad4ba19cf077449a29e89106e96949a87f687d3c93748d4d9c50263f704738,38dbcb4d100e6a351ed5e8be77ffe069f51a6baf790398be4e8e210e17624984
drawer-open-v3,101,17,SCANA-R,98018,1,1,afad4ba19cf077449a29e89106e96949a87f687d3c93748d4d9c50263f704738,5e419c0b3855ffaaaf06d3ee653b3155d9a0f4e3e297d1ba1ed25bcfac65ab21
drawer-open-v3,101,17,SCANA-R,98019,1,1,afad4ba19cf077449a29e89106e96949a87f687d3c93748d4d9c50263f704738,9e25a5d092db85d5600d09a3b54e2e6e47f7c9e9df7b61c8363f8fe14814c612
drawer-open-v3,101,29,Clean repeat,98000,1,1,898950c74a8fa0637ab25b9774b46bdfa54a3ac0e1d769f418f3eec33eaeb8b1,e049486d310f670e385c4e8a49f484bb0f06e4127f159a82c3be9d0ffdd1c0dd
drawer-open-v3,101,29,Clean repeat,98001,1,1,898950c74a8fa0637ab25b9774b46bdfa54a3ac0e1d769f418f3eec33eaeb8b1,31aee7f950b6502d8dda5a8d46965baf49e35ba9c63e439867f470928c821f1c
drawer-open-v3,101,29,Clean repeat,98002,1,1,898950c74a8fa0637ab25b9774b46bdfa54a3ac0e1d769f418f3eec33eaeb8b1,d6b91abc02b22417eb281189aaedebb190b1aa5bb25343fa5433bebde7fb32bb
drawer-open-v3,101,29,Clean repeat,98003,1,1,898950c74a8fa0637ab25b9774b46bdfa54a3ac0e1d769f418f3eec33eaeb8b1,a20e75a7383886d404682f9eb04fc87df00e9ab1a848fe18359deeb87fa1f61a
drawer-open-v3,101,29,Clean repeat,98004,1,1,898950c74a8fa0637ab25b9774b46bdfa54a3ac0e1d769f418f3eec33eaeb8b1,80d191ed34a8905612975e8a2afd91f496a3139edb349d1661e66e96aa896649
drawer-open-v3,101,29,Clean repeat,98005,1,1,898950c74a8fa0637ab25b9774b46bdfa54a3ac0e1d769f418f3eec33eaeb8b1,f721113db5785e4a9b577ce3afecfc54130baf0e080bc7e594c323fc6ff3a2b5
drawer-open-v3,101,29,Clean repeat,98006,1,1,898950c74a8fa0637ab25b9774b46bdfa54a3ac0e1d769f418f3eec33eaeb8b1,e47f5924bd0ae97f1ae4f98f7dc39fc48613ad436f4633ec3cbe0399e9f8e8a4
drawer-open-v3,101,29,Clean repeat,98007,1,1,898950c74a8fa0637ab25b9774b46bdfa54a3ac0e1d769f418f3eec33eaeb8b1,8e69288165fa914084a51d91a5bdaeceaebd85036f554a5437830e1d04d759a9
drawer-open-v3,101,29,Clean repeat,98008,1,1,898950c74a8fa0637ab25b9774b46bdfa54a3ac0e1d769f418f3eec33eaeb8b1,3da427fffbca798102f17086127f56fec80b7c15e76ff7e382b7877722d121d7
drawer-open-v3,101,29,Clean repeat,98009,1,1,898950c74a8fa0637ab25b9774b46bdfa54a3ac0e1d769f418f3eec33eaeb8b1,0af0aad0d2bf46eed48abea286c2f4257e97143bafc4ad5ea8f95b8fbc57838e
drawer-open-v3,101,29,Clean repeat,98010,1,1,898950c74a8fa0637ab25b9774b46bdfa54a3ac0e1d769f418f3eec33eaeb8b1,ee8ab818ac4176b6f34ee59d824c1ea5227d5899172782bc8b8dbd628d1957da
drawer-open-v3,101,29,Clean repeat,98011,1,1,898950c74a8fa0637ab25b9774b46bdfa54a3ac0e1d769f418f3eec33eaeb8b1,ced6bed9f575aa961801bcc2be2a3bdac4a8bfa74e01eeef60a240746e8dbd1e
drawer-open-v3,101,29,Clean repeat,98012,1,1,898950c74a8fa0637ab25b9774b46bdfa54a3ac0e1d769f418f3eec33eaeb8b1,b8852ab16faf1bc4805fc915eac719886611e283320494307637c9e24add4891
drawer-open-v3,101,29,Clean repeat,98013,1,1,898950c74a8fa0637ab25b9774b46bdfa54a3ac0e1d769f418f3eec33eaeb8b1,9260b3b175e4484101cff289653fe00ec340d8bacd886350a817ece66ccee29e
drawer-open-v3,101,29,Clean repeat,98014,1,1,898950c74a8fa0637ab25b9774b46bdfa54a3ac0e1d769f418f3eec33eaeb8b1,3016452772900683d1ef964c98c069e2c0374e3621e7699cb81c571fc7a2b219
drawer-open-v3,101,29,Clean repeat,98015,1,1,898950c74a8fa0637ab25b9774b46bdfa54a3ac0e1d769f418f3eec33eaeb8b1,0cd531906bec3b5f53b29453ae7337d282d0dc30d51c9a1054238a8ac56a1872
drawer-open-v3,101,29,Clean repeat,98016,1,1,898950c74a8fa0637ab25b9774b46bdfa54a3ac0e1d769f418f3eec33eaeb8b1,52cb49757f67ca6b81bb4abcdcf5ab80cce92240bdff8b48679313a38a492897
drawer-open-v3,101,29,Clean repeat,98017,1,1,898950c74a8fa0637ab25b9774b46bdfa54a3ac0e1d769f418f3eec33eaeb8b1,b344db1be02159c395aaa03218715c90c6e60c91ea2c5baadafd3675ec2e0c86
drawer-open-v3,101,29,Clean repeat,98018,1,1,898950c74a8fa0637ab25b9774b46bdfa54a3ac0e1d769f418f3eec33eaeb8b1,0cae63912d02ea28c781623bf96cd980b42c2d395e18dcdcf8fa30300ebdb53e
drawer-open-v3,101,29,Clean repeat,98019,1,1,898950c74a8fa0637ab25b9774b46bdfa54a3ac0e1d769f418f3eec33eaeb8b1,76770f3c5a0b82756a19e11f99e3620589f76905b01be8844f11b4d20170479e
drawer-open-v3,101,29,Gaussian recovery,98000,1,1,150af620bd38700fdc2ccfe79812ab318488def11c466dfa0df797e51809bb79,7c816b7a7b3a16349b7f8d0a03843d2b279e92b85d450bb6ed163355b16f64d7
drawer-open-v3,101,29,Gaussian recovery,98001,1,1,150af620bd38700fdc2ccfe79812ab318488def11c466dfa0df797e51809bb79,12478a5b6aaa909d70a81cbd74006b7e4814b39fb7eb8ad7aeff9f43a46d3610
drawer-open-v3,101,29,Gaussian recovery,98002,1,1,150af620bd38700fdc2ccfe79812ab318488def11c466dfa0df797e51809bb79,ca5b545f2963ec9e361efae8f2d648e75662bab0a7b5db96ac6f3976890332cf
drawer-open-v3,101,29,Gaussian recovery,98003,1,1,150af620bd38700fdc2ccfe79812ab318488def11c466dfa0df797e51809bb79,7d5e2f1313e581865325d7f3d2eb23a45e1d760e9d26b832a93abf171bf8c1e2
drawer-open-v3,101,29,Gaussian recovery,98004,1,1,150af620bd38700fdc2ccfe79812ab318488def11c466dfa0df797e51809bb79,f20d4fe0212f08b647a27fe39e14beab5c6b629f8500f24e30a6fbb709564279
drawer-open-v3,101,29,Gaussian recovery,98005,1,1,150af620bd38700fdc2ccfe79812ab318488def11c466dfa0df797e51809bb79,4a00eb4a5d04f8b822e4079d1e90c529ade722d1dae726005022ae8d6c8c40fd
drawer-open-v3,101,29,Gaussian recovery,98006,1,1,150af620bd38700fdc2ccfe79812ab318488def11c466dfa0df797e51809bb79,a8fe19d918e8ac4ea3d53467d2c840b7ea1e1d852b9bda042e02df19d3776960
drawer-open-v3,101,29,Gaussian recovery,98007,1,1,150af620bd38700fdc2ccfe79812ab318488def11c466dfa0df797e51809bb79,49b78256294f0661d20c08957417cc40f5ab3ab8164588fdeb36a3b738b17104
drawer-open-v3,101,29,Gaussian recovery,98008,1,1,150af620bd38700fdc2ccfe79812ab318488def11c466dfa0df797e51809bb79,e8d434e2dfbde0dcbdacb928560e808443cde970b6c03f6a380fd94dfa28fdac
drawer-open-v3,101,29,Gaussian recovery,98009,1,1,150af620bd38700fdc2ccfe79812ab318488def11c466dfa0df797e51809bb79,fcc92a3b4aa71fe63588d6fbdfc9ae5594ae3c37cd6776a0ea1e2ccb8c97700a
drawer-open-v3,101,29,Gaussian recovery,98010,1,1,150af620bd38700fdc2ccfe79812ab318488def11c466dfa0df797e51809bb79,f17e1325afa0a42bac2133ae52c2a4ef1856829267e08d07f465aaf56e890029
drawer-open-v3,101,29,Gaussian recovery,98011,1,1,150af620bd38700fdc2ccfe79812ab318488def11c466dfa0df797e51809bb79,881920abc6f9a40430631d97d526a64c630adf13d39550e66176ef2b7badb1ab
drawer-open-v3,101,29,Gaussian recovery,98012,1,1,150af620bd38700fdc2ccfe79812ab318488def11c466dfa0df797e51809bb79,c5c41d2c3fe2441448e435d56656dd72b0e31dcec59d0fde5782a240c694902d
drawer-open-v3,101,29,Gaussian recovery,98013,1,1,150af620bd38700fdc2ccfe79812ab318488def11c466dfa0df797e51809bb79,46eb81b99c502350c01d08ba896cd191a3ada470cbc55902f84f9dc2697219d6
drawer-open-v3,101,29,Gaussian recovery,98014,1,1,150af620bd38700fdc2ccfe79812ab318488def11c466dfa0df797e51809bb79,c982557a4e7b164df3f757fbde1b8c2b0d05c3ae39b20b1ad11cf00ee61cd7a8
drawer-open-v3,101,29,Gaussian recovery,98015,1,1,150af620bd38700fdc2ccfe79812ab318488def11c466dfa0df797e51809bb79,031fd79d2db093a8d21314c8697115e2d0b3c1d097906b2aec4059fda0b3cfcb
drawer-open-v3,101,29,Gaussian recovery,98016,1,1,150af620bd38700fdc2ccfe79812ab318488def11c466dfa0df797e51809bb79,8a78e866e477758b5f6f9d36dff37cb112eae8db58a83fbe0cda51204e208faa
drawer-open-v3,101,29,Gaussian recovery,98017,1,1,150af620bd38700fdc2ccfe79812ab318488def11c466dfa0df797e51809bb79,4d62919d47853cfefbe2f7fbdca9f7761c3532702656da865c57ce60dc2aeddc
drawer-open-v3,101,29,Gaussian recovery,98018,1,1,150af620bd38700fdc2ccfe79812ab318488def11c466dfa0df797e51809bb79,fb24c6b7552f016cceafb5e7ef4e8c585911ac12856f1e6c0988ed12caa3fd9e
drawer-open-v3,101,29,Gaussian recovery,98019,1,1,150af620bd38700fdc2ccfe79812ab318488def11c466dfa0df797e51809bb79,fb393e0e48a524c0a0bd382b99f27532ac7717dd304d7591e8eb98521f81c098
drawer-open-v3,101,29,SCANA-R,98000,1,1,8b8b7080e273d8c15e28adace0cc370f4f4ab02c701765237e188ad874ab3042,f50fadf06fccc62a84d8d8f855f2fbd0a2916b0466fb51c221108687783e8488
drawer-open-v3,101,29,SCANA-R,98001,1,1,8b8b7080e273d8c15e28adace0cc370f4f4ab02c701765237e188ad874ab3042,e11e43143ab275ea2a282653b2a68322373c538b909ea70a38f4a2c1e39bc233
drawer-open-v3,101,29,SCANA-R,98002,1,1,8b8b7080e273d8c15e28adace0cc370f4f4ab02c701765237e188ad874ab3042,a93a8999d67afe2abd956e039ff1f06665ffe178ede7f41ac0806481eac6f6a4
drawer-open-v3,101,29,SCANA-R,98003,1,1,8b8b7080e273d8c15e28adace0cc370f4f4ab02c701765237e188ad874ab3042,d9ded781df39781722698e0c7caa71b4a284c083af4bd27e3ef24a38a5af6a46
drawer-open-v3,101,29,SCANA-R,98004,1,1,8b8b7080e273d8c15e28adace0cc370f4f4ab02c701765237e188ad874ab3042,909ff861315b133be4e629e4d2fb9b2260992bef449342b9aa5eacfa5581e20c
drawer-open-v3,101,29,SCANA-R,98005,1,1,8b8b7080e273d8c15e28adace0cc370f4f4ab02c701765237e188ad874ab3042,dcab506b95a4c4a82b916b0c7e1105f02a28638084b85e17cf667731bd2ae207
drawer-open-v3,101,29,SCANA-R,98006,1,1,8b8b7080e273d8c15e28adace0cc370f4f4ab02c701765237e188ad874ab3042,2925275f497895acfd0ceee11b994c7f03c5eaf0c0d9af2780273aefc5a773e1
drawer-open-v3,101,29,SCANA-R,98007,1,1,8b8b7080e273d8c15e28adace0cc370f4f4ab02c701765237e188ad874ab3042,1c0a0c251335c81af00979f4f7dc9733af25a2dc1bd96c081cdb06245709ee1c
drawer-open-v3,101,29,SCANA-R,98008,1,1,8b8b7080e273d8c15e28adace0cc370f4f4ab02c701765237e188ad874ab3042,616e0274a8556095583a7b6e2106819bd50b9250d42b385dee36be0ab2667455
drawer-open-v3,101,29,SCANA-R,98009,1,1,8b8b7080e273d8c15e28adace0cc370f4f4ab02c701765237e188ad874ab3042,1c3544dbba5520777627c89b6566470acc9f6424925332aa24f95fe4c2961985
drawer-open-v3,101,29,SCANA-R,98010,1,1,8b8b7080e273d8c15e28adace0cc370f4f4ab02c701765237e188ad874ab3042,b1ee38069621b57f68c7746d2174f88193c529802c9edb104a77092be517326d
drawer-open-v3,101,29,SCANA-R,98011,1,1,8b8b7080e273d8c15e28adace0cc370f4f4ab02c701765237e188ad874ab3042,9590f50c585dea124aa8793b3fb07506c0ae5259b99307f596298b126f44ebac
drawer-open-v3,101,29,SCANA-R,98012,1,1,8b8b7080e273d8c15e28adace0cc370f4f4ab02c701765237e188ad874ab3042,8cc46dece4a0803e8b7646254069e51132845aba8de2ff4e6cbfad625f6264c3
drawer-open-v3,101,29,SCANA-R,98013,1,1,8b8b7080e273d8c15e28adace0cc370f4f4ab02c701765237e188ad874ab3042,b1c5678d03102f7a4d11132953d3e1d67b8e462caee271c5279f36f9db6d6102
drawer-open-v3,101,29,SCANA-R,98014,1,1,8b8b7080e273d8c15e28adace0cc370f4f4ab02c701765237e188ad874ab3042,95a23bf72142e03eb32e65932989fda14ce86c69da38c19f8d4ee7d65fd1a01d
drawer-open-v3,101,29,SCANA-R,98015,1,1,8b8b7080e273d8c15e28adace0cc370f4f4ab02c701765237e188ad874ab3042,66548e7dcb4ec1ac1a0b84974cc52ce1d69f60a4f509ab4afad15b3188d2ccef
drawer-open-v3,101,29,SCANA-R,98016,1,1,8b8b7080e273d8c15e28adace0cc370f4f4ab02c701765237e188ad874ab3042,83c73bc1f6c0475e93615aa1b5a6ffafd2fa64f728c915f966c8d1dc6f406708
drawer-open-v3,101,29,SCANA-R,98017,1,1,8b8b7080e273d8c15e28adace0cc370f4f4ab02c701765237e188ad874ab3042,0a9b5b17011c46cc033ed6388d3328e9868c14ce080142d996849e5f45100cdb
drawer-open-v3,101,29,SCANA-R,98018,1,1,8b8b7080e273d8c15e28adace0cc370f4f4ab02c701765237e188ad874ab3042,df23eaa3071a9baf1f6c13b086c1ccccc1b887faffa370e9a890976517627ac3
drawer-open-v3,101,29,SCANA-R,98019,1,1,8b8b7080e273d8c15e28adace0cc370f4f4ab02c701765237e188ad874ab3042,50a354bd4615e58052d7769dd1d1b427bb1f8d7a018f7330700a1d1366c3884b
drawer-open-v3,101,43,Clean repeat,98000,1,1,22a10039f6457f488d71ce766e6c4fc53d131f31956f98be051e0d5a01f0717d,1bd271b9012f550be3d7f9f2404470293f1b60cbe85f35e4971466ec18cf8baf
drawer-open-v3,101,43,Clean repeat,98001,1,1,22a10039f6457f488d71ce766e6c4fc53d131f31956f98be051e0d5a01f0717d,4756cd74e5a304734a056d02bb290d83ee3ee4e4993c6dc159c9bdb62bba95cc
drawer-open-v3,101,43,Clean repeat,98002,1,1,22a10039f6457f488d71ce766e6c4fc53d131f31956f98be051e0d5a01f0717d,571286a0a0dcce9ad614573d052516fddf449cb68b03e141b7f069b553cc7bd5
drawer-open-v3,101,43,Clean repeat,98003,1,1,22a10039f6457f488d71ce766e6c4fc53d131f31956f98be051e0d5a01f0717d,006b36263d6edaa413e408bef0e2d3a19d22c8dccf3fd11e7f7e57f6882d7a01
drawer-open-v3,101,43,Clean repeat,98004,1,1,22a10039f6457f488d71ce766e6c4fc53d131f31956f98be051e0d5a01f0717d,f0342b19dea0adc7a9b892b69d4649820a603dec1cbbb63d3eedaf53adfb0587
drawer-open-v3,101,43,Clean repeat,98005,1,1,22a10039f6457f488d71ce766e6c4fc53d131f31956f98be051e0d5a01f0717d,45a4cb56724195340c98c05cdf50b818df8d96be4c6519d50bec4b99bd6e1dcd
drawer-open-v3,101,43,Clean repeat,98006,1,1,22a10039f6457f488d71ce766e6c4fc53d131f31956f98be051e0d5a01f0717d,ce326e79214cd577d005eb224fbd9e9ee24daf22a0ef14dd5471c3b4d7eeb780
drawer-open-v3,101,43,Clean repeat,98007,1,1,22a10039f6457f488d71ce766e6c4fc53d131f31956f98be051e0d5a01f0717d,2ca44ca83a67de5bf3bd4daef6f314c83a948a88f1eba4e4a6c9a318da6bfb77
drawer-open-v3,101,43,Clean repeat,98008,1,1,22a10039f6457f488d71ce766e6c4fc53d131f31956f98be051e0d5a01f0717d,59f1874484cf38cf8d0c5677b3dd318ea6c5b0da70d7851604ad33da98964195
drawer-open-v3,101,43,Clean repeat,98009,1,1,22a10039f6457f488d71ce766e6c4fc53d131f31956f98be051e0d5a01f0717d,3f3404a2927368ffe54869c4446a305242c9b161e7344b9fba7f9004500358af
drawer-open-v3,101,43,Clean repeat,98010,1,1,22a10039f6457f488d71ce766e6c4fc53d131f31956f98be051e0d5a01f0717d,347d7a279bbe6cf3ad9da757efefbb09fc6772df04543b05db08701a2e8fcc03
drawer-open-v3,101,43,Clean repeat,98011,1,1,22a10039f6457f488d71ce766e6c4fc53d131f31956f98be051e0d5a01f0717d,9a58843ecbdee30d48388ca03f3b5b2d4d85a85639a25b7d04186eb955857864
drawer-open-v3,101,43,Clean repeat,98012,1,1,22a10039f6457f488d71ce766e6c4fc53d131f31956f98be051e0d5a01f0717d,4d9b913f074af23c27a765a266d1cec99d3b519d9c93388347cf1bfb6da65172
drawer-open-v3,101,43,Clean repeat,98013,1,1,22a10039f6457f488d71ce766e6c4fc53d131f31956f98be051e0d5a01f0717d,d1251491e9442cbf09cb12fc09e198f33567782efbe6b70cc2cfaf882561b4f6
drawer-open-v3,101,43,Clean repeat,98014,1,1,22a10039f6457f488d71ce766e6c4fc53d131f31956f98be051e0d5a01f0717d,04c5b62571e5c00b03fe80883db1c39c32d9b0cc0dac440a607ddfc746ed484f
drawer-open-v3,101,43,Clean repeat,98015,1,1,22a10039f6457f488d71ce766e6c4fc53d131f31956f98be051e0d5a01f0717d,43fd163884a0ba4c9ce8da3bdcf2622267366b9fd3e384ea3c35186fcddb1385
drawer-open-v3,101,43,Clean repeat,98016,1,1,22a10039f6457f488d71ce766e6c4fc53d131f31956f98be051e0d5a01f0717d,0208f2075196d6116b0edea65b8e0cc4d2f582df6b4e0676df87ae5f4cce0386
drawer-open-v3,101,43,Clean repeat,98017,1,1,22a10039f6457f488d71ce766e6c4fc53d131f31956f98be051e0d5a01f0717d,3a27172c1820d01add33d546af9d186718e93250df58c893a97caebcbb87bccd
drawer-open-v3,101,43,Clean repeat,98018,1,1,22a10039f6457f488d71ce766e6c4fc53d131f31956f98be051e0d5a01f0717d,6e81029c42ce8b99ac59321f5bc4cbe415c73ad23248ffe2cd675ac6475f0226
drawer-open-v3,101,43,Clean repeat,98019,1,1,22a10039f6457f488d71ce766e6c4fc53d131f31956f98be051e0d5a01f0717d,db90d3113740f99be19958e3417a7ea72602ddbcbe10945df34af0100b515f83
drawer-open-v3,101,43,Gaussian recovery,98000,1,1,bc2d97d331937fb76fee94e6aea06d97ac646a6def11b3cd6134e1ed8b8fc260,6861eb2cb232f8705648ddacbaa7d7a0909405f5f576a22be69d7ea15622ec8e
drawer-open-v3,101,43,Gaussian recovery,98001,1,1,bc2d97d331937fb76fee94e6aea06d97ac646a6def11b3cd6134e1ed8b8fc260,0d289fd1b12a2bff3f15b413292134faadfc862553063df2467409968efd7777
drawer-open-v3,101,43,Gaussian recovery,98002,1,1,bc2d97d331937fb76fee94e6aea06d97ac646a6def11b3cd6134e1ed8b8fc260,0a8e6470945bc2e7947142d8ed795f8f31b1afe63e8c24eb7e1c45acc431ded9
drawer-open-v3,101,43,Gaussian recovery,98003,1,1,bc2d97d331937fb76fee94e6aea06d97ac646a6def11b3cd6134e1ed8b8fc260,d33ee4ab768f69a4571a7a9812a589f0890ae4d4c36826a8e5b0a2edc0f0be7b
drawer-open-v3,101,43,Gaussian recovery,98004,1,1,bc2d97d331937fb76fee94e6aea06d97ac646a6def11b3cd6134e1ed8b8fc260,3d1f96bb80c7235ff76695c81a65a66f3b3435a13bc2e3eb4cec4aa585880d9a
drawer-open-v3,101,43,Gaussian recovery,98005,1,1,bc2d97d331937fb76fee94e6aea06d97ac646a6def11b3cd6134e1ed8b8fc260,9692f3ad825dca634513331ffc4044ee2fcf36b47d93c42741071132402f315e
drawer-open-v3,101,43,Gaussian recovery,98006,1,1,bc2d97d331937fb76fee94e6aea06d97ac646a6def11b3cd6134e1ed8b8fc260,fd3bdbd224fec3f977621e3f99b337093efc2ff03f9ac530a8c2435f6469071c
drawer-open-v3,101,43,Gaussian recovery,98007,1,1,bc2d97d331937fb76fee94e6aea06d97ac646a6def11b3cd6134e1ed8b8fc260,ec43cffc2511c80d7134b43d2da65be4f425ff40bf05beceb209e7457880dd2e
drawer-open-v3,101,43,Gaussian recovery,98008,1,1,bc2d97d331937fb76fee94e6aea06d97ac646a6def11b3cd6134e1ed8b8fc260,83eae7ee3e25af70312b379216f654402032d9c63467f084bf79a5f787a60b77
drawer-open-v3,101,43,Gaussian recovery,98009,1,1,bc2d97d331937fb76fee94e6aea06d97ac646a6def11b3cd6134e1ed8b8fc260,2608a3681b4482183aeb329f17fde62068d5fc295560237bf54c6f96aca08a22
drawer-open-v3,101,43,Gaussian recovery,98010,1,1,bc2d97d331937fb76fee94e6aea06d97ac646a6def11b3cd6134e1ed8b8fc260,5cbdb8fae851789d92d77829b09258d7d5862ffc90f529be0c9af168bf6854f5
drawer-open-v3,101,43,Gaussian recovery,98011,1,1,bc2d97d331937fb76fee94e6aea06d97ac646a6def11b3cd6134e1ed8b8fc260,d37fcf4aee24fe0b9c163bd18e30b18e9e9454036157fb80664ff45921501777
drawer-open-v3,101,43,Gaussian recovery,98012,1,1,bc2d97d331937fb76fee94e6aea06d97ac646a6def11b3cd6134e1ed8b8fc260,640078c25ad531224691779e1528bf658629beaeb1dde9c1997104116c774a70
drawer-open-v3,101,43,Gaussian recovery,98013,1,1,bc2d97d331937fb76fee94e6aea06d97ac646a6def11b3cd6134e1ed8b8fc260,70d6151f27090451210d137cfaecc36b0eccb8c477901312153204a3e77eb366
drawer-open-v3,101,43,Gaussian recovery,98014,1,1,bc2d97d331937fb76fee94e6aea06d97ac646a6def11b3cd6134e1ed8b8fc260,87425c37a0649fd3407315f6a51e8ef49d3580889b5b4552cae61c774740bdb7
drawer-open-v3,101,43,Gaussian recovery,98015,1,1,bc2d97d331937fb76fee94e6aea06d97ac646a6def11b3cd6134e1ed8b8fc260,71cb31ff767a0333d1962b339841fad30dd96fde82be17061c5ed7b4f4dc38e9
drawer-open-v3,101,43,Gaussian recovery,98016,1,1,bc2d97d331937fb76fee94e6aea06d97ac646a6def11b3cd6134e1ed8b8fc260,54c64cb1dfea8171c598692c79a979ccce3d7e516de8657c89b3eaa02dda23ec
drawer-open-v3,101,43,Gaussian recovery,98017,1,1,bc2d97d331937fb76fee94e6aea06d97ac646a6def11b3cd6134e1ed8b8fc260,7db8a785ffc2a6c275844037fd1514bb3604915c770ca21d4500dff58e794f10
drawer-open-v3,101,43,Gaussian recovery,98018,1,1,bc2d97d331937fb76fee94e6aea06d97ac646a6def11b3cd6134e1ed8b8fc260,0b5e0c81c6971b4eb2e03e04348b8f00c8be18d27c2cdb03e969be24dea8cdd9
drawer-open-v3,101,43,Gaussian recovery,98019,1,1,bc2d97d331937fb76fee94e6aea06d97ac646a6def11b3cd6134e1ed8b8fc260,6d0ca77bc05b15fa5a3c96e561fb9fb3c823a83e90eeb85bc6b434a8fa90ed02
drawer-open-v3,101,43,SCANA-R,98000,1,1,732d72503b423fc4a4e129ff0a530c4b2afab679a6bc2e3a6cedb5326c2551ef,0eb69eb0d16dd59b151e9daa2b9559c7683341b6b7ae6319fd954d528b11597f
drawer-open-v3,101,43,SCANA-R,98001,1,1,732d72503b423fc4a4e129ff0a530c4b2afab679a6bc2e3a6cedb5326c2551ef,40bed5373f1407ee8200187a303fefff680b4e560bbe2bf0e0f66aee32d262ea
drawer-open-v3,101,43,SCANA-R,98002,1,1,732d72503b423fc4a4e129ff0a530c4b2afab679a6bc2e3a6cedb5326c2551ef,2ee0659daa0a917f2dd16dcebec876757289d9a19f91c68f82ffca5d3044cc8f
drawer-open-v3,101,43,SCANA-R,98003,1,1,732d72503b423fc4a4e129ff0a530c4b2afab679a6bc2e3a6cedb5326c2551ef,8e0a194639f676fcd744dc839164925eff0f72c8c624932bc5c6bc34a79b316f
drawer-open-v3,101,43,SCANA-R,98004,1,1,732d72503b423fc4a4e129ff0a530c4b2afab679a6bc2e3a6cedb5326c2551ef,85768e780d343b9916c39d5d7ac1ec64be950a7c4aee57f1df2affc721c7cfac
drawer-open-v3,101,43,SCANA-R,98005,1,1,732d72503b423fc4a4e129ff0a530c4b2afab679a6bc2e3a6cedb5326c2551ef,787e441900227d5320aa0d516a4b785c1532e2aa4a00164f3f1f34ed815b13df
drawer-open-v3,101,43,SCANA-R,98006,1,1,732d72503b423fc4a4e129ff0a530c4b2afab679a6bc2e3a6cedb5326c2551ef,472d18f09b9aedf02ed246770dad4679afcdedeff3e930e8bd287c92cc8633a7
drawer-open-v3,101,43,SCANA-R,98007,1,1,732d72503b423fc4a4e129ff0a530c4b2afab679a6bc2e3a6cedb5326c2551ef,99f4d7d3ea20a7f10fcede0b01837f167d198c0abaad739df9e918a08eb2bc67
drawer-open-v3,101,43,SCANA-R,98008,1,1,732d72503b423fc4a4e129ff0a530c4b2afab679a6bc2e3a6cedb5326c2551ef,bc1a67c6f452dd431669485e5e8255d266b96cf28b1777bcd8c33b73e6d4a835
drawer-open-v3,101,43,SCANA-R,98009,1,1,732d72503b423fc4a4e129ff0a530c4b2afab679a6bc2e3a6cedb5326c2551ef,ee7b00eabfce4b5e6db6fc124ed36bfa25133eff59cb2bd77a2a6c4c0b8c54bf
drawer-open-v3,101,43,SCANA-R,98010,1,1,732d72503b423fc4a4e129ff0a530c4b2afab679a6bc2e3a6cedb5326c2551ef,fd14d2d7bc151eb1062143d460436de332d9678a9a12ffc8f241a0c9f37aa9a6
drawer-open-v3,101,43,SCANA-R,98011,1,1,732d72503b423fc4a4e129ff0a530c4b2afab679a6bc2e3a6cedb5326c2551ef,f110803932825b9948f502c8bfd9cbf796ff498d308c4c5874673247f7dc131d
drawer-open-v3,101,43,SCANA-R,98012,1,1,732d72503b423fc4a4e129ff0a530c4b2afab679a6bc2e3a6cedb5326c2551ef,e6bf8aeed96f0e6b71578e9bb55cea250094f731fabded6876e5193ed1d03757
drawer-open-v3,101,43,SCANA-R,98013,1,1,732d72503b423fc4a4e129ff0a530c4b2afab679a6bc2e3a6cedb5326c2551ef,56c291fb1f90e1b5d1c0dd13f66a947e22d32989e137d9e1a55450f7d093de06
drawer-open-v3,101,43,SCANA-R,98014,1,1,732d72503b423fc4a4e129ff0a530c4b2afab679a6bc2e3a6cedb5326c2551ef,8d1ee707a54e724151d64db069cd77a2dbbe20332b392f731db1e9902c5e3331
drawer-open-v3,101,43,SCANA-R,98015,1,1,732d72503b423fc4a4e129ff0a530c4b2afab679a6bc2e3a6cedb5326c2551ef,fd324039d6ae8d6fef7a24de476b98cedb8f7660239415b62c69e1f24d4bb3e9
drawer-open-v3,101,43,SCANA-R,98016,1,1,732d72503b423fc4a4e129ff0a530c4b2afab679a6bc2e3a6cedb5326c2551ef,570f42c395e6018f7ec0eed6b72dd948dbd6d4e036615186e8ca12a58f88a057
drawer-open-v3,101,43,SCANA-R,98017,1,1,732d72503b423fc4a4e129ff0a530c4b2afab679a6bc2e3a6cedb5326c2551ef,5ecd881d667fe961b50a290958b5c064f75465bba0804c1efe0f8d35ce3936ca
drawer-open-v3,101,43,SCANA-R,98018,1,1,732d72503b423fc4a4e129ff0a530c4b2afab679a6bc2e3a6cedb5326c2551ef,0bf979f825f1fa6d0e7e7328d2aaae7d1331d51d634e1642f6b31aa4aa808d1b
drawer-open-v3,101,43,SCANA-R,98019,1,1,732d72503b423fc4a4e129ff0a530c4b2afab679a6bc2e3a6cedb5326c2551ef,6942b54d45828b42ba566bfd0b2e8aafaa0d95582166e4e59b5b9f1cd8beb388
drawer-open-v3,211,17,Clean repeat,98000,1,1,0b32e87fffdbe76519edacdb3c560d2c66322f82c8f3196c3d1157c96af14963,a117a4acba9e66b4f63bbc0a1438de0595466e93b82b7aeb6d137ab21407f580
drawer-open-v3,211,17,Clean repeat,98001,1,1,0b32e87fffdbe76519edacdb3c560d2c66322f82c8f3196c3d1157c96af14963,3ff816bc241b5a18281c041404292273d318c0783075070f31c3a10d0b2a19c1
drawer-open-v3,211,17,Clean repeat,98002,1,1,0b32e87fffdbe76519edacdb3c560d2c66322f82c8f3196c3d1157c96af14963,0f9c6ca4ef5abfca79ea040480519d9aaaa63d6f7f9d473b6f6ab86365fa4a14
drawer-open-v3,211,17,Clean repeat,98003,1,1,0b32e87fffdbe76519edacdb3c560d2c66322f82c8f3196c3d1157c96af14963,b95537d78d72234f7952e733a7dc738992c3f0f2aa3235cd3f9194bb8fff12f5
drawer-open-v3,211,17,Clean repeat,98004,1,1,0b32e87fffdbe76519edacdb3c560d2c66322f82c8f3196c3d1157c96af14963,f99e1adc98fa8812a1b57e745e9997b4460dd2a461441d7652d8a0f73043359d
drawer-open-v3,211,17,Clean repeat,98005,1,1,0b32e87fffdbe76519edacdb3c560d2c66322f82c8f3196c3d1157c96af14963,ed923268adb07717e3fdb0aa815f44ae86d1494172d5c5fae9f38b09d95a27ac
drawer-open-v3,211,17,Clean repeat,98006,1,1,0b32e87fffdbe76519edacdb3c560d2c66322f82c8f3196c3d1157c96af14963,c9a380edee84f4f6f25a6fc1ec5b8de92cce12186d694a858d8cf1961ca6f424
drawer-open-v3,211,17,Clean repeat,98007,1,1,0b32e87fffdbe76519edacdb3c560d2c66322f82c8f3196c3d1157c96af14963,06772c87ae1fd8c0222ae0813b9653abd106b769cdc25b5fe4b5dafab49532e6
drawer-open-v3,211,17,Clean repeat,98008,1,1,0b32e87fffdbe76519edacdb3c560d2c66322f82c8f3196c3d1157c96af14963,2b328c5c79808618aa44978e6ef59734c1dc086fe53217507022b85cc9aab2dd
drawer-open-v3,211,17,Clean repeat,98009,1,1,0b32e87fffdbe76519edacdb3c560d2c66322f82c8f3196c3d1157c96af14963,905398546c52429882d5179abf0e0ab73a59ab52e37e95f6239774e48aa36cec
drawer-open-v3,211,17,Clean repeat,98010,1,1,0b32e87fffdbe76519edacdb3c560d2c66322f82c8f3196c3d1157c96af14963,605fdf82d4139c29d23d254a08321e29c7720db44367f16e08152d0e8ac3d0aa
drawer-open-v3,211,17,Clean repeat,98011,1,1,0b32e87fffdbe76519edacdb3c560d2c66322f82c8f3196c3d1157c96af14963,da881b40eed1c61a4741ce8fb2ed377b2fdc963b51fdf00a6d1707cc863fec1c
drawer-open-v3,211,17,Clean repeat,98012,1,1,0b32e87fffdbe76519edacdb3c560d2c66322f82c8f3196c3d1157c96af14963,86c08bf102ac05171d77e66b4217700a40d3a839d51c75ef1a83484493af42cd
drawer-open-v3,211,17,Clean repeat,98013,1,1,0b32e87fffdbe76519edacdb3c560d2c66322f82c8f3196c3d1157c96af14963,30cb597076a7f1c0343c12e3700455328ee91adce11213e5c97ca23d07b65620
drawer-open-v3,211,17,Clean repeat,98014,1,1,0b32e87fffdbe76519edacdb3c560d2c66322f82c8f3196c3d1157c96af14963,9303a5fcfff5d7dbc359c26bd75232e777110a758a1bcfb13207fd32106f1112
drawer-open-v3,211,17,Clean repeat,98015,1,1,0b32e87fffdbe76519edacdb3c560d2c66322f82c8f3196c3d1157c96af14963,456dcab16263b34f31a89458fc380e63896358fd0b13a8408b838647cdbb9041
drawer-open-v3,211,17,Clean repeat,98016,1,1,0b32e87fffdbe76519edacdb3c560d2c66322f82c8f3196c3d1157c96af14963,3efbd96b597cc7c385c435824886a7a4ef1d19797cf3b21df3c322185e762f93
drawer-open-v3,211,17,Clean repeat,98017,1,1,0b32e87fffdbe76519edacdb3c560d2c66322f82c8f3196c3d1157c96af14963,a758f62a0c64a15164bdeb29df99eb1143a310e2184e9e8d9ada2f0864f4dc8b
drawer-open-v3,211,17,Clean repeat,98018,1,1,0b32e87fffdbe76519edacdb3c560d2c66322f82c8f3196c3d1157c96af14963,55a88440be5fb5417a5f128e27a126db67e7506ba8e30637066ceb0a349906ef
drawer-open-v3,211,17,Clean repeat,98019,1,1,0b32e87fffdbe76519edacdb3c560d2c66322f82c8f3196c3d1157c96af14963,dce9d3b0c75d1d4c87770e59697f6a0c96584a84a98b482d7b5abe72a3bcf1d4
drawer-open-v3,211,17,Gaussian recovery,98000,1,1,de68c102508150ad28e58483a9ff137f3b692fda54018f7c44b50e795a5c142c,f164b166eea46218cf7104a09048ec362c8ea4bfb86fc8aa9f2a85da4ce0e13e
drawer-open-v3,211,17,Gaussian recovery,98001,1,1,de68c102508150ad28e58483a9ff137f3b692fda54018f7c44b50e795a5c142c,374c1f39077598e2b6db90e526e78e7cd4eff315cf9160de98433afc069d2516
drawer-open-v3,211,17,Gaussian recovery,98002,1,1,de68c102508150ad28e58483a9ff137f3b692fda54018f7c44b50e795a5c142c,f67c3dc98a08e881b82151ef78ee679b80f9780f035c1a50e144b6b9b6570076
drawer-open-v3,211,17,Gaussian recovery,98003,1,1,de68c102508150ad28e58483a9ff137f3b692fda54018f7c44b50e795a5c142c,9bc14bb8cdc6a9fff948c566de74676d541192a858cdc010bf91c8dbbc721e7d
drawer-open-v3,211,17,Gaussian recovery,98004,1,1,de68c102508150ad28e58483a9ff137f3b692fda54018f7c44b50e795a5c142c,f3119a0a1e2f947c7de0db4012bd7ed9cda3aa63633e0de1e84d79b617f00584
drawer-open-v3,211,17,Gaussian recovery,98005,1,1,de68c102508150ad28e58483a9ff137f3b692fda54018f7c44b50e795a5c142c,2fe072e848110adc7f70b6daf8cb6637adf1f9a4aaac10500770a5a0c985152d
drawer-open-v3,211,17,Gaussian recovery,98006,1,1,de68c102508150ad28e58483a9ff137f3b692fda54018f7c44b50e795a5c142c,7940db70b1c3a504b28b977544ff05b1d29f6dce01ecb4a7d371604a1068901d
drawer-open-v3,211,17,Gaussian recovery,98007,1,1,de68c102508150ad28e58483a9ff137f3b692fda54018f7c44b50e795a5c142c,4832abe4bdd6ff96a2c6011b40bf4fcaee9c54af6844fc1c7f93f147159036a0
drawer-open-v3,211,17,Gaussian recovery,98008,1,1,de68c102508150ad28e58483a9ff137f3b692fda54018f7c44b50e795a5c142c,5ce532ae1f4b26674e274e1c5baf223f794ea6106996dfb1796b775b78d46123
drawer-open-v3,211,17,Gaussian recovery,98009,1,1,de68c102508150ad28e58483a9ff137f3b692fda54018f7c44b50e795a5c142c,c6f5349c7b4629c0c59b43b975df5a8d26585632bd641cda1aee9407183e147c
drawer-open-v3,211,17,Gaussian recovery,98010,1,1,de68c102508150ad28e58483a9ff137f3b692fda54018f7c44b50e795a5c142c,d5037c67e0d007141f60a7907ec8258ff95698a5f63d1575b09e4aa61da6f3c0
drawer-open-v3,211,17,Gaussian recovery,98011,1,1,de68c102508150ad28e58483a9ff137f3b692fda54018f7c44b50e795a5c142c,e3ba3a06214400668c9a80fb8f13faf50d7a5fd21766ac4d18fb56c05b0532c4
drawer-open-v3,211,17,Gaussian recovery,98012,1,1,de68c102508150ad28e58483a9ff137f3b692fda54018f7c44b50e795a5c142c,786a99da8dc76793d3cdfcfab82885f1d964ccb843558a74ea8253e4e93255fd
drawer-open-v3,211,17,Gaussian recovery,98013,1,1,de68c102508150ad28e58483a9ff137f3b692fda54018f7c44b50e795a5c142c,d3b9fa2670b1897874b2c928865cca266d1542761a9de401f5745a90bdb9a550
drawer-open-v3,211,17,Gaussian recovery,98014,1,1,de68c102508150ad28e58483a9ff137f3b692fda54018f7c44b50e795a5c142c,4897c03b0983604d80797c81443c67411c8690a0abd217311f1bb3604bb79ca3
drawer-open-v3,211,17,Gaussian recovery,98015,1,1,de68c102508150ad28e58483a9ff137f3b692fda54018f7c44b50e795a5c142c,a9b2bb1651802c318de88fc2228baec5fa51f1aa18764406399383228d7547ee
drawer-open-v3,211,17,Gaussian recovery,98016,1,1,de68c102508150ad28e58483a9ff137f3b692fda54018f7c44b50e795a5c142c,03a3593c5392e76b31a3dbdaa4d0d1d6a76556db0c0a97154cb612cce6d26076
drawer-open-v3,211,17,Gaussian recovery,98017,1,1,de68c102508150ad28e58483a9ff137f3b692fda54018f7c44b50e795a5c142c,747808e88906997ecd2442c94c54cf2e3bf07171916bd1fc6d41c4b92a0e3689
drawer-open-v3,211,17,Gaussian recovery,98018,1,1,de68c102508150ad28e58483a9ff137f3b692fda54018f7c44b50e795a5c142c,fa274dba72b9b28907adf041f42ab470bf717e6c141b9814de65066213b1b542
drawer-open-v3,211,17,Gaussian recovery,98019,1,1,de68c102508150ad28e58483a9ff137f3b692fda54018f7c44b50e795a5c142c,0d2deb94ff0783c76f8477aa5313440aaa67eefda51e266888367a3c58338a6c
drawer-open-v3,211,17,SCANA-R,98000,1,1,2b8147250f730bc2f4f8889ed35aa8c637a49335f189f4da5b10a3d2cc6ae66a,d5702b7b3f8e55f17c822fefbaee977a4c8e0073fa80c17b959dd9bdab7ac288
drawer-open-v3,211,17,SCANA-R,98001,1,1,2b8147250f730bc2f4f8889ed35aa8c637a49335f189f4da5b10a3d2cc6ae66a,1aedd5252d770f74783b5f85ff85671226e0735eb7516e07bbe8009ee416aef7
drawer-open-v3,211,17,SCANA-R,98002,1,1,2b8147250f730bc2f4f8889ed35aa8c637a49335f189f4da5b10a3d2cc6ae66a,00827cea515a8382a44217f0c3d8daddf80a10738c81fa5d354af3337b245c8d
drawer-open-v3,211,17,SCANA-R,98003,1,1,2b8147250f730bc2f4f8889ed35aa8c637a49335f189f4da5b10a3d2cc6ae66a,346df7584449464dbf39cba7afc1dffc2636a488e672c37cf6b8a958a2beb943
drawer-open-v3,211,17,SCANA-R,98004,1,1,2b8147250f730bc2f4f8889ed35aa8c637a49335f189f4da5b10a3d2cc6ae66a,285c0c899450e876654e6fe0d8e3cf29adf75143c682d9f25e61cd6f6dc567d7
drawer-open-v3,211,17,SCANA-R,98005,1,1,2b8147250f730bc2f4f8889ed35aa8c637a49335f189f4da5b10a3d2cc6ae66a,a5ee87541e213ca93d57b1f34d9911cd223d34ce587cd374497f15f49977a6fa
drawer-open-v3,211,17,SCANA-R,98006,1,1,2b8147250f730bc2f4f8889ed35aa8c637a49335f189f4da5b10a3d2cc6ae66a,4187baf9e8f16a97168976baa4067d7013ddee12e3c50e5b12b4bb100575a643
drawer-open-v3,211,17,SCANA-R,98007,1,1,2b8147250f730bc2f4f8889ed35aa8c637a49335f189f4da5b10a3d2cc6ae66a,72d7be4bd2e3f80ab7ef2ca06d9a2a5964ffb224527ac6605e30b3b2741a1377
drawer-open-v3,211,17,SCANA-R,98008,1,1,2b8147250f730bc2f4f8889ed35aa8c637a49335f189f4da5b10a3d2cc6ae66a,37575834f9175c0d2803122944c95fedb668bacd4d19194c9f7fb70d0a6cd583
drawer-open-v3,211,17,SCANA-R,98009,1,1,2b8147250f730bc2f4f8889ed35aa8c637a49335f189f4da5b10a3d2cc6ae66a,10d7a327d3b391324029557886eb2172ef0c2bf54e2fb8d3a9f2df6c6fca2779
drawer-open-v3,211,17,SCANA-R,98010,1,1,2b8147250f730bc2f4f8889ed35aa8c637a49335f189f4da5b10a3d2cc6ae66a,2cfee1beebb7c685d90224b5646dbe92a6c3a7e93c19927a19ca2d8e573589ec
drawer-open-v3,211,17,SCANA-R,98011,1,1,2b8147250f730bc2f4f8889ed35aa8c637a49335f189f4da5b10a3d2cc6ae66a,c1983e5baf9254de741ca31bec0328f70008b18387bfdc35c2475af11b356f2a
drawer-open-v3,211,17,SCANA-R,98012,1,1,2b8147250f730bc2f4f8889ed35aa8c637a49335f189f4da5b10a3d2cc6ae66a,78cac8a272d1a5f24502ded8863fd53ada474c6e8edb6324c91a295f79acf944
drawer-open-v3,211,17,SCANA-R,98013,1,1,2b8147250f730bc2f4f8889ed35aa8c637a49335f189f4da5b10a3d2cc6ae66a,b6b9d0454e47de7047d4d2670ba2231ed9910e03486fd14e351db5fe08a7ad39
drawer-open-v3,211,17,SCANA-R,98014,1,1,2b8147250f730bc2f4f8889ed35aa8c637a49335f189f4da5b10a3d2cc6ae66a,79ceb1d72fef9ae498c3dc85720ee445aebaf82091eb21bcfed3d23eb8073587
drawer-open-v3,211,17,SCANA-R,98015,1,1,2b8147250f730bc2f4f8889ed35aa8c637a49335f189f4da5b10a3d2cc6ae66a,8729e899a41ca8e7397501d1033fef7a4c8498dd4d814a58a24d8c3b5357315f
drawer-open-v3,211,17,SCANA-R,98016,1,1,2b8147250f730bc2f4f8889ed35aa8c637a49335f189f4da5b10a3d2cc6ae66a,20f510e1866a7d4a06c3e01a10a733a3f83d5f3bf7528c4c271198d1d7b40851
drawer-open-v3,211,17,SCANA-R,98017,1,1,2b8147250f730bc2f4f8889ed35aa8c637a49335f189f4da5b10a3d2cc6ae66a,2f880e63af126854aacfb6b30ef1ae089cdf7c20d86477b32757ae3a1b2ebbb2
drawer-open-v3,211,17,SCANA-R,98018,1,1,2b8147250f730bc2f4f8889ed35aa8c637a49335f189f4da5b10a3d2cc6ae66a,3924a1acdedff2fb7c617d8a75f4262678e7f4dca929c42b227b364fe13851a2
drawer-open-v3,211,17,SCANA-R,98019,1,1,2b8147250f730bc2f4f8889ed35aa8c637a49335f189f4da5b10a3d2cc6ae66a,f93c0182dc3168f0c69cd0f8d132fee2fce12278ca1df498fc52650a6e0ddc05
drawer-open-v3,211,29,Clean repeat,98000,1,1,6083e18daf61f00468f450e1c8f40292b9234e63d1172098d128bc55440795f3,369e661be238e10a6245427f5587b22ad4889d213757b63339a73cbbdf9b97c6
drawer-open-v3,211,29,Clean repeat,98001,1,1,6083e18daf61f00468f450e1c8f40292b9234e63d1172098d128bc55440795f3,d5ed4edc6c64c10ecb89821009170c74c86d942a53ec04bacdfa07c8df389a09
drawer-open-v3,211,29,Clean repeat,98002,1,1,6083e18daf61f00468f450e1c8f40292b9234e63d1172098d128bc55440795f3,647aef766300d78ce80524113085263a46aa7747902d946341d7767e17d68a43
drawer-open-v3,211,29,Clean repeat,98003,1,1,6083e18daf61f00468f450e1c8f40292b9234e63d1172098d128bc55440795f3,444bfd60c4cfaa3106bcb0fd9c6a59b7c8ea467c46f2726f9322ec318c660072
drawer-open-v3,211,29,Clean repeat,98004,1,1,6083e18daf61f00468f450e1c8f40292b9234e63d1172098d128bc55440795f3,4123cbf7d893ffad243eccfabe0680b7ffa1ac3b8dbc9f82ab7724b6cead6e90
drawer-open-v3,211,29,Clean repeat,98005,1,1,6083e18daf61f00468f450e1c8f40292b9234e63d1172098d128bc55440795f3,f37926c0a89c6c109f0e8c81fece399315be41911eac168f3fa3fa2bbaf70cb8
drawer-open-v3,211,29,Clean repeat,98006,1,1,6083e18daf61f00468f450e1c8f40292b9234e63d1172098d128bc55440795f3,1a9c7c2bc154060eac312292457ca6084291a44d78590169837456cb683094fe
drawer-open-v3,211,29,Clean repeat,98007,1,1,6083e18daf61f00468f450e1c8f40292b9234e63d1172098d128bc55440795f3,9ab71a20f37550f95bd00c73fb2ef9f049af3f938064e36e0546807984cfbd39
drawer-open-v3,211,29,Clean repeat,98008,1,0,6083e18daf61f00468f450e1c8f40292b9234e63d1172098d128bc55440795f3,5c7184152ad33c188f185e67d15ac1914d574cf56f5c2493836ee8521df38355
drawer-open-v3,211,29,Clean repeat,98009,1,1,6083e18daf61f00468f450e1c8f40292b9234e63d1172098d128bc55440795f3,e724d95b6a8e88de66221679c5082d708fd535d4c984dc7f3d1cadbcaaec62ac
drawer-open-v3,211,29,Clean repeat,98010,1,1,6083e18daf61f00468f450e1c8f40292b9234e63d1172098d128bc55440795f3,4fb0f2f9ecbd34efba447256cae5e127d4d2af0b108227b3c35e5aeffc9a2d3e
drawer-open-v3,211,29,Clean repeat,98011,1,1,6083e18daf61f00468f450e1c8f40292b9234e63d1172098d128bc55440795f3,b2b9e9a16cfd5e1faf0e155f91f58b970fca2f830a15587ec5a4d153c3944634
drawer-open-v3,211,29,Clean repeat,98012,1,1,6083e18daf61f00468f450e1c8f40292b9234e63d1172098d128bc55440795f3,9baa2adb5e8b025344189679e78eaecd7b15cce8cade01897870bcfdec635180
drawer-open-v3,211,29,Clean repeat,98013,1,1,6083e18daf61f00468f450e1c8f40292b9234e63d1172098d128bc55440795f3,ec69825f07cf56ff3ecd756417a0c3388eab8258a78fdb9022e83d20ac22e793
drawer-open-v3,211,29,Clean repeat,98014,1,1,6083e18daf61f00468f450e1c8f40292b9234e63d1172098d128bc55440795f3,513be8cdcac249784ebd19018cec487257e2ce9b1c92bcb8ab7d2120655fcbaf
drawer-open-v3,211,29,Clean repeat,98015,1,1,6083e18daf61f00468f450e1c8f40292b9234e63d1172098d128bc55440795f3,b6432a4014787748029198f6df343d70abf8c3db09172e6d769d8f27e6b5ae22
drawer-open-v3,211,29,Clean repeat,98016,1,1,6083e18daf61f00468f450e1c8f40292b9234e63d1172098d128bc55440795f3,f0b72788b8f18f639143f16bd34d81d4889182365ead6935a8b274bc66565f2a
drawer-open-v3,211,29,Clean repeat,98017,1,1,6083e18daf61f00468f450e1c8f40292b9234e63d1172098d128bc55440795f3,4f094de939b17cded79b23ec8b7c91ad6c4e29ce3815109d57e9ce432ab2f97c
drawer-open-v3,211,29,Clean repeat,98018,1,1,6083e18daf61f00468f450e1c8f40292b9234e63d1172098d128bc55440795f3,1ce187cf5a9aad676f1395c877293a58e1b66fbce09eb70ab92d9d8458b9fc35
drawer-open-v3,211,29,Clean repeat,98019,1,1,6083e18daf61f00468f450e1c8f40292b9234e63d1172098d128bc55440795f3,a17a31212d225fe9860c5ec82a6650eedd0283de793a28023bcc55b75c68e92e
drawer-open-v3,211,29,Gaussian recovery,98000,1,1,c2908740785bb86b381a3a801511d91ff76e78ccf2fa60c59f9b9fa4ccdef1c3,94e363d05b1890998b2ae12299dad208b9980eb840260976d770f38ac9c14a37
drawer-open-v3,211,29,Gaussian recovery,98001,1,1,c2908740785bb86b381a3a801511d91ff76e78ccf2fa60c59f9b9fa4ccdef1c3,df0bedbcb386e724d9b5991c3e95f6d44f1434b59624a81e9256c38fd02681b6
drawer-open-v3,211,29,Gaussian recovery,98002,1,1,c2908740785bb86b381a3a801511d91ff76e78ccf2fa60c59f9b9fa4ccdef1c3,a8c0a823484a50332efca887c6a78fb4c5d7f9541a5f55a0e78b14d12973797c
drawer-open-v3,211,29,Gaussian recovery,98003,1,1,c2908740785bb86b381a3a801511d91ff76e78ccf2fa60c59f9b9fa4ccdef1c3,9f5ffeb5110ab60ef2e19b3d3c6650fa175eabcf62e186b8ac2c6d086f6e35a3
drawer-open-v3,211,29,Gaussian recovery,98004,1,1,c2908740785bb86b381a3a801511d91ff76e78ccf2fa60c59f9b9fa4ccdef1c3,6c6abe83ed687bf714dddaeff7583a108ea44811679fc4afeb169fa9e2b049ee
drawer-open-v3,211,29,Gaussian recovery,98005,1,1,c2908740785bb86b381a3a801511d91ff76e78ccf2fa60c59f9b9fa4ccdef1c3,2b4b8b8e9f847df04649a27119f71b03b77f1f7cf582e882c4fd12ac6660fa43
drawer-open-v3,211,29,Gaussian recovery,98006,1,1,c2908740785bb86b381a3a801511d91ff76e78ccf2fa60c59f9b9fa4ccdef1c3,6b88b472e386007f2f0cbbfee0e0e9162cccb956932c81017cbb55561b4bf828
drawer-open-v3,211,29,Gaussian recovery,98007,1,1,c2908740785bb86b381a3a801511d91ff76e78ccf2fa60c59f9b9fa4ccdef1c3,e589f54eabdaffb7f46244318c89818eed68fccb385764ab7fc6e4cebe194d48
drawer-open-v3,211,29,Gaussian recovery,98008,1,1,c2908740785bb86b381a3a801511d91ff76e78ccf2fa60c59f9b9fa4ccdef1c3,15e280a9710d2a27429ecc7138b12c52685c90f4821b9cf267e896dee5a9c7b1
drawer-open-v3,211,29,Gaussian recovery,98009,1,1,c2908740785bb86b381a3a801511d91ff76e78ccf2fa60c59f9b9fa4ccdef1c3,55968f2049757d6df3830239bdbade2b9d44c64d2641a5ea5f32b89924dccd01
drawer-open-v3,211,29,Gaussian recovery,98010,1,1,c2908740785bb86b381a3a801511d91ff76e78ccf2fa60c59f9b9fa4ccdef1c3,bc3462308678a1e6c7c3d78da005020910473f2a60c6f97efe4247a5503ff6af
drawer-open-v3,211,29,Gaussian recovery,98011,1,1,c2908740785bb86b381a3a801511d91ff76e78ccf2fa60c59f9b9fa4ccdef1c3,fcd91227cd88ad74748e8a3f141db7292b9aa12a9ca0a25424fe0928735ea300
drawer-open-v3,211,29,Gaussian recovery,98012,1,1,c2908740785bb86b381a3a801511d91ff76e78ccf2fa60c59f9b9fa4ccdef1c3,2d7e041acf0edc5365ebe7b2c2aa5803e198cd25fa9d9209826298e42a17086b
drawer-open-v3,211,29,Gaussian recovery,98013,1,1,c2908740785bb86b381a3a801511d91ff76e78ccf2fa60c59f9b9fa4ccdef1c3,4feb8c7a704ceeb416c3648e0020230dbfc6a377188c42e9e51961143212b5e0
drawer-open-v3,211,29,Gaussian recovery,98014,1,1,c2908740785bb86b381a3a801511d91ff76e78ccf2fa60c59f9b9fa4ccdef1c3,cb590bbcd0880f7296b043118c5dbf86a177424301f18ae95a02d6ebbfd50a49
drawer-open-v3,211,29,Gaussian recovery,98015,1,1,c2908740785bb86b381a3a801511d91ff76e78ccf2fa60c59f9b9fa4ccdef1c3,202d1a702764be5e656dfe066b0135653ccb1998f2fbd87ced578fe233311fc4
drawer-open-v3,211,29,Gaussian recovery,98016,1,1,c2908740785bb86b381a3a801511d91ff76e78ccf2fa60c59f9b9fa4ccdef1c3,b50e5e3dfddb4bdc026de656cdc84189b7481a402eab7219d1a4406c3ed40ee5
drawer-open-v3,211,29,Gaussian recovery,98017,1,1,c2908740785bb86b381a3a801511d91ff76e78ccf2fa60c59f9b9fa4ccdef1c3,901f5d77ef299a909a820c3837b3a6ddf928f5766c53d7e42cfd6d96028926a8
drawer-open-v3,211,29,Gaussian recovery,98018,1,1,c2908740785bb86b381a3a801511d91ff76e78ccf2fa60c59f9b9fa4ccdef1c3,1f31def08c05987c76e298ab5ee91caf4e201a7a692bc6504b9d1b553ca403e1
drawer-open-v3,211,29,Gaussian recovery,98019,1,1,c2908740785bb86b381a3a801511d91ff76e78ccf2fa60c59f9b9fa4ccdef1c3,833a929208d265c747eb794b09941a24d0a82ff1ff776d350a8ea0dbbfddcba2
drawer-open-v3,211,29,SCANA-R,98000,1,1,0d8a1aaa0b1e81e81439f99c46931a8a98460f8a9ffd68def44e708459b3d482,736cdc193142625f162f7ec079481630bfda21d4bdf5182ce25aa0fe9e714be3
drawer-open-v3,211,29,SCANA-R,98001,1,1,0d8a1aaa0b1e81e81439f99c46931a8a98460f8a9ffd68def44e708459b3d482,619c0fb5c62b1db0b3b9698b0d076186044c6f6d1d674771637d0cb4fcd645d1
drawer-open-v3,211,29,SCANA-R,98002,1,1,0d8a1aaa0b1e81e81439f99c46931a8a98460f8a9ffd68def44e708459b3d482,9a2c0976542a9666526c39ff6fc5e8cec5c4fdbe56e52c614b20f710dad34c47
drawer-open-v3,211,29,SCANA-R,98003,1,1,0d8a1aaa0b1e81e81439f99c46931a8a98460f8a9ffd68def44e708459b3d482,3241d86eee534bcb7328783aa0ca506efe17e04e1adfd7fff2ca9a3c5def20c7
drawer-open-v3,211,29,SCANA-R,98004,1,1,0d8a1aaa0b1e81e81439f99c46931a8a98460f8a9ffd68def44e708459b3d482,f78b45b06faba02901ea08aefbb4534a67a80e57f5159b11899415749bb78293
drawer-open-v3,211,29,SCANA-R,98005,1,1,0d8a1aaa0b1e81e81439f99c46931a8a98460f8a9ffd68def44e708459b3d482,bebb059921b31ebf2a2f3763942e3fcf5b54c840de43d78cb2acfa8a92cfdbd2
drawer-open-v3,211,29,SCANA-R,98006,1,1,0d8a1aaa0b1e81e81439f99c46931a8a98460f8a9ffd68def44e708459b3d482,6218eaecb917e3e870ca209f2b4ebde03cf9545a421d4764de54fd891db93486
drawer-open-v3,211,29,SCANA-R,98007,1,1,0d8a1aaa0b1e81e81439f99c46931a8a98460f8a9ffd68def44e708459b3d482,e35c9dddf2ce174deb32973993b9ae7ea50b7d3b8f9f6f581ea3088ac56f7709
drawer-open-v3,211,29,SCANA-R,98008,1,1,0d8a1aaa0b1e81e81439f99c46931a8a98460f8a9ffd68def44e708459b3d482,f216a60f6e78ee681ec538577d44abd3e2cb75d68408427bb0c577e6d186f30b
drawer-open-v3,211,29,SCANA-R,98009,1,1,0d8a1aaa0b1e81e81439f99c46931a8a98460f8a9ffd68def44e708459b3d482,d83f1514452855d2290aadca1028d490f5d576efe728df60e97994d679726752
drawer-open-v3,211,29,SCANA-R,98010,1,1,0d8a1aaa0b1e81e81439f99c46931a8a98460f8a9ffd68def44e708459b3d482,9902be3031d34503a07df4c95c6645790798de26fc7eb2dca0ab40d9e6f69b95
drawer-open-v3,211,29,SCANA-R,98011,1,1,0d8a1aaa0b1e81e81439f99c46931a8a98460f8a9ffd68def44e708459b3d482,aa638fc1feb3d0128969265638cfbc07daf27adf2f611571fe4f4fa94fc0e199
drawer-open-v3,211,29,SCANA-R,98012,1,1,0d8a1aaa0b1e81e81439f99c46931a8a98460f8a9ffd68def44e708459b3d482,e01937ac0f5bc845222e4ac6d5a02334ee27174aa6c951bcf5d748cd090fe378
drawer-open-v3,211,29,SCANA-R,98013,1,1,0d8a1aaa0b1e81e81439f99c46931a8a98460f8a9ffd68def44e708459b3d482,5f057256b332a470727805b7037cb65bbcbbb55bc1c06e678f9b88d837732a4f
drawer-open-v3,211,29,SCANA-R,98014,1,1,0d8a1aaa0b1e81e81439f99c46931a8a98460f8a9ffd68def44e708459b3d482,4146ff16a030caac06ceee04475c8137e48eac6e452611876658a4f08887e4d0
drawer-open-v3,211,29,SCANA-R,98015,1,1,0d8a1aaa0b1e81e81439f99c46931a8a98460f8a9ffd68def44e708459b3d482,92d8728c40a688e9d5b9eed79e4177e53d1266e101e00e7c227b1e0375f33efe
drawer-open-v3,211,29,SCANA-R,98016,1,1,0d8a1aaa0b1e81e81439f99c46931a8a98460f8a9ffd68def44e708459b3d482,5bfa403702ba9fd700f2c022dd2b9d826a6c444fa941442c0c9f42dd9287cc1f
drawer-open-v3,211,29,SCANA-R,98017,1,1,0d8a1aaa0b1e81e81439f99c46931a8a98460f8a9ffd68def44e708459b3d482,662a20836b3e2d76843ce610a60d5493ef1d37a58ef0e3e01102b082faa95188
drawer-open-v3,211,29,SCANA-R,98018,1,1,0d8a1aaa0b1e81e81439f99c46931a8a98460f8a9ffd68def44e708459b3d482,7a3dc2e184c09d55069a3fb56c13e8141cdf264b7c13cf139864e151c8711160
drawer-open-v3,211,29,SCANA-R,98019,1,1,0d8a1aaa0b1e81e81439f99c46931a8a98460f8a9ffd68def44e708459b3d482,83e0168beab2b599e414004fc36d0ea0afc1b0397151329cb9fa4875e7b48161
drawer-open-v3,211,43,Clean repeat,98000,1,1,1d6f02fa6f17e28bb8136f51c8016f1f8f7fd501f9cef646bf4ae478c615cde0,d5897ff9bd087b07feb07214604a8ee70d4e39b13339b2a1b4ef6ce66b5aca99
drawer-open-v3,211,43,Clean repeat,98001,1,1,1d6f02fa6f17e28bb8136f51c8016f1f8f7fd501f9cef646bf4ae478c615cde0,28ee8e9df9cb0256e82c077f311d63dbb0c7c089d0cb0c6b5b306bea7237171c
drawer-open-v3,211,43,Clean repeat,98002,1,1,1d6f02fa6f17e28bb8136f51c8016f1f8f7fd501f9cef646bf4ae478c615cde0,69b4fb23ca0b86b1ce1c6fcfc150d0aac3261a05975dd3950e2f2f799800dba9
drawer-open-v3,211,43,Clean repeat,98003,1,1,1d6f02fa6f17e28bb8136f51c8016f1f8f7fd501f9cef646bf4ae478c615cde0,d57e84c26a2d1e7cc1f3b71565beb62d8e1e74ec6820f5bf2ec1beb44a6a31b2
drawer-open-v3,211,43,Clean repeat,98004,1,1,1d6f02fa6f17e28bb8136f51c8016f1f8f7fd501f9cef646bf4ae478c615cde0,04ff1146eb5680f07b3104f85563d97fb614ae4347388bf0bcb4ccb5e6ff7cec
drawer-open-v3,211,43,Clean repeat,98005,1,1,1d6f02fa6f17e28bb8136f51c8016f1f8f7fd501f9cef646bf4ae478c615cde0,de4f9dbd1e945d07359438de5020a2f5d734a34329307d01d6997be073821f27
drawer-open-v3,211,43,Clean repeat,98006,1,1,1d6f02fa6f17e28bb8136f51c8016f1f8f7fd501f9cef646bf4ae478c615cde0,9747b75635a4824bcaa9b2e8f846c4a21eedab6f4f2f90bd46eb13138c75c2f3
drawer-open-v3,211,43,Clean repeat,98007,1,1,1d6f02fa6f17e28bb8136f51c8016f1f8f7fd501f9cef646bf4ae478c615cde0,ad0b53c3ebf4f354c5310e32ae910022593161bb9c4a6f63923178f651562283
drawer-open-v3,211,43,Clean repeat,98008,1,1,1d6f02fa6f17e28bb8136f51c8016f1f8f7fd501f9cef646bf4ae478c615cde0,f7e255761deb450fe675eaeb4f8490867ebcd6c98a459a636ddc3f2672355508
drawer-open-v3,211,43,Clean repeat,98009,1,1,1d6f02fa6f17e28bb8136f51c8016f1f8f7fd501f9cef646bf4ae478c615cde0,42e61221af39325c06212a68615701e5a56e3b1025aa2fec6f67ee9a535e1998
drawer-open-v3,211,43,Clean repeat,98010,1,1,1d6f02fa6f17e28bb8136f51c8016f1f8f7fd501f9cef646bf4ae478c615cde0,22bbac35ea4edb360f05bb4efb832fa27dfafafe7bb3d33d1c1d805a33960f05
drawer-open-v3,211,43,Clean repeat,98011,1,1,1d6f02fa6f17e28bb8136f51c8016f1f8f7fd501f9cef646bf4ae478c615cde0,cf9d123799ab0b7c6e1e650f6331ef664e4a091b4fea1c57893e775521bc2ca3
drawer-open-v3,211,43,Clean repeat,98012,1,1,1d6f02fa6f17e28bb8136f51c8016f1f8f7fd501f9cef646bf4ae478c615cde0,9d27d36191988130319d194a11cabde5953a7898ecb9eba15d79d8bec9d961da
drawer-open-v3,211,43,Clean repeat,98013,1,1,1d6f02fa6f17e28bb8136f51c8016f1f8f7fd501f9cef646bf4ae478c615cde0,cf8ea489b306a4558d83560fd99c0b9555340b6a82f2750b8c43efbca1767ee9
drawer-open-v3,211,43,Clean repeat,98014,1,1,1d6f02fa6f17e28bb8136f51c8016f1f8f7fd501f9cef646bf4ae478c615cde0,a55a7dfbfe84b1f9e798294fa4644d312bdbf7c1a775c10837fb3c1fc89d550e
drawer-open-v3,211,43,Clean repeat,98015,1,1,1d6f02fa6f17e28bb8136f51c8016f1f8f7fd501f9cef646bf4ae478c615cde0,331a4af3d5c1c0e71052bc4b1c5075f38149e56cb1474e5dff6d57c90b8609e6
drawer-open-v3,211,43,Clean repeat,98016,1,1,1d6f02fa6f17e28bb8136f51c8016f1f8f7fd501f9cef646bf4ae478c615cde0,2be70e2c508e8ef6399c6ff77d3ff36c415d0e9b192c59602d9cbf13a656951f
drawer-open-v3,211,43,Clean repeat,98017,1,1,1d6f02fa6f17e28bb8136f51c8016f1f8f7fd501f9cef646bf4ae478c615cde0,8c6523113dd25c9dbe056ff13da3199d7499ad9cbaa25764df74fdede0a58779
drawer-open-v3,211,43,Clean repeat,98018,1,1,1d6f02fa6f17e28bb8136f51c8016f1f8f7fd501f9cef646bf4ae478c615cde0,bf1434483fa12d384e06c8149c9064086ed1c3677e6c36f19a87171f1d93cc06
drawer-open-v3,211,43,Clean repeat,98019,1,1,1d6f02fa6f17e28bb8136f51c8016f1f8f7fd501f9cef646bf4ae478c615cde0,797158fd7268f1218deb9b59ee88aef889977f0ea35319e64ba6560629ac7425
drawer-open-v3,211,43,Gaussian recovery,98000,1,1,e8c2bffc8567291cd24567c1c42a4398eb5d57f610a0f2f92d4cbee660d232c4,6792d74f4aabbad6799a605a76de8d8e31139b1431a16c1489e80b3b37ec13bc
drawer-open-v3,211,43,Gaussian recovery,98001,1,1,e8c2bffc8567291cd24567c1c42a4398eb5d57f610a0f2f92d4cbee660d232c4,eee428b765c758a74fc6fa2883ce83e19a735947b02e8f0f7cb297fd2a72701e
drawer-open-v3,211,43,Gaussian recovery,98002,1,1,e8c2bffc8567291cd24567c1c42a4398eb5d57f610a0f2f92d4cbee660d232c4,2e73a5eea02f16b3b1ca9493f2463362d0fd4bb3d5c474efc7519cfeacadaaa5
drawer-open-v3,211,43,Gaussian recovery,98003,1,1,e8c2bffc8567291cd24567c1c42a4398eb5d57f610a0f2f92d4cbee660d232c4,87a9df73c492374c0c996ecca15db8bf5b668f509956efc989f1448848576fbe
drawer-open-v3,211,43,Gaussian recovery,98004,1,1,e8c2bffc8567291cd24567c1c42a4398eb5d57f610a0f2f92d4cbee660d232c4,b4ac78b0863ccb99766468c3d6729da18ea4cee6dd0a9b874d0c4fc2f13c0fd2
drawer-open-v3,211,43,Gaussian recovery,98005,1,1,e8c2bffc8567291cd24567c1c42a4398eb5d57f610a0f2f92d4cbee660d232c4,e92f2f3d6457e868f0ab91f29329d201b9005528847c873475fdfc050e2bec4d
drawer-open-v3,211,43,Gaussian recovery,98006,1,1,e8c2bffc8567291cd24567c1c42a4398eb5d57f610a0f2f92d4cbee660d232c4,0bed71493d312189924bf9e25127285f06432e63a9288aaf542994c6e57eb15c
drawer-open-v3,211,43,Gaussian recovery,98007,1,1,e8c2bffc8567291cd24567c1c42a4398eb5d57f610a0f2f92d4cbee660d232c4,1fec40e7f8d6203ba885d0edfcefd1faaecce6b82e5737d72f7451f8c3d553e9
drawer-open-v3,211,43,Gaussian recovery,98008,1,1,e8c2bffc8567291cd24567c1c42a4398eb5d57f610a0f2f92d4cbee660d232c4,0fd47813f44485b59a49621286d21bf2a84d6deae821bb21bb5b916a00d3cc20
drawer-open-v3,211,43,Gaussian recovery,98009,1,1,e8c2bffc8567291cd24567c1c42a4398eb5d57f610a0f2f92d4cbee660d232c4,9eba9e09280ce58601cb05cad5ef6b749eb99712f5b0d20b471adde77bafb409
drawer-open-v3,211,43,Gaussian recovery,98010,1,1,e8c2bffc8567291cd24567c1c42a4398eb5d57f610a0f2f92d4cbee660d232c4,fc414d7170fd9d470aafc5a9bc790f39d46a4e3e19ddf6ed6df3a3f4679c6096
drawer-open-v3,211,43,Gaussian recovery,98011,1,1,e8c2bffc8567291cd24567c1c42a4398eb5d57f610a0f2f92d4cbee660d232c4,3bed54f3d35981756f77b5f37ee620bd94a7212fd757b7d2496dd1c7ee90a532
drawer-open-v3,211,43,Gaussian recovery,98012,1,1,e8c2bffc8567291cd24567c1c42a4398eb5d57f610a0f2f92d4cbee660d232c4,1d4a32f155ccae86d5bf5a824706e7211cc3a58cb038f0240f416a826c4bb771
drawer-open-v3,211,43,Gaussian recovery,98013,1,1,e8c2bffc8567291cd24567c1c42a4398eb5d57f610a0f2f92d4cbee660d232c4,9026c4034dfd699fd0bcd9321c19162a30b60f242bacf0d015ab8dc75c53fcce
drawer-open-v3,211,43,Gaussian recovery,98014,1,1,e8c2bffc8567291cd24567c1c42a4398eb5d57f610a0f2f92d4cbee660d232c4,6ca6dd71bcb26af53b617ed7c29f165b6d3d027572ebc06e71e3163826db9510
drawer-open-v3,211,43,Gaussian recovery,98015,1,1,e8c2bffc8567291cd24567c1c42a4398eb5d57f610a0f2f92d4cbee660d232c4,6ee99ae014e06886293d5203e6a88fc6b9fe13945ad56b4b5017201a9ba66e8b
drawer-open-v3,211,43,Gaussian recovery,98016,1,1,e8c2bffc8567291cd24567c1c42a4398eb5d57f610a0f2f92d4cbee660d232c4,320a183176b848e79a8c11f564d9cbb3f5fb2ccadd3b2e71ddd11638141d24b4
drawer-open-v3,211,43,Gaussian recovery,98017,1,1,e8c2bffc8567291cd24567c1c42a4398eb5d57f610a0f2f92d4cbee660d232c4,9c3b388b09975f94f91f1338976a7911675940bfc46957b63735d04b4ba69cde
drawer-open-v3,211,43,Gaussian recovery,98018,1,1,e8c2bffc8567291cd24567c1c42a4398eb5d57f610a0f2f92d4cbee660d232c4,6a094b3d1fe76591be0bfc0c4b4cd21258124b96c5d3d4b04bc9db0b1216db8e
drawer-open-v3,211,43,Gaussian recovery,98019,1,1,e8c2bffc8567291cd24567c1c42a4398eb5d57f610a0f2f92d4cbee660d232c4,fd2f1c391c0f99fd4cb9e7054f5bd2b9ff6e81e0a3cde701abefc2d87e6c7c68
drawer-open-v3,211,43,SCANA-R,98000,1,1,699036b7d8ef7365cedac5c3a954567646e59342e569745da72528f80eec7a2e,5d1ed9dc0f234f8d0b309cbfb2bd16c6b256b97979f85cc74ec11c83de6ef121
drawer-open-v3,211,43,SCANA-R,98001,1,1,699036b7d8ef7365cedac5c3a954567646e59342e569745da72528f80eec7a2e,564197fa1763ae4dfe0f21ef65df7cb9354b32f005c9db9658d3a3edfb84fe81
drawer-open-v3,211,43,SCANA-R,98002,1,1,699036b7d8ef7365cedac5c3a954567646e59342e569745da72528f80eec7a2e,1c02e4746ad84b026abf3524ed4d6a6e3798bf80e0b452a09b0c50e0a9d5f437
drawer-open-v3,211,43,SCANA-R,98003,1,1,699036b7d8ef7365cedac5c3a954567646e59342e569745da72528f80eec7a2e,7afd424d3a09ac888aa5ddc09315bb217daec61687ebbc6b638b6cb81bb3b9c4
drawer-open-v3,211,43,SCANA-R,98004,1,1,699036b7d8ef7365cedac5c3a954567646e59342e569745da72528f80eec7a2e,4767d5d9cc134f9cf3c7895f9e54bacfbebb3723aed30e75ea907b9b68377db2
drawer-open-v3,211,43,SCANA-R,98005,1,1,699036b7d8ef7365cedac5c3a954567646e59342e569745da72528f80eec7a2e,3ead6265d422e0b4603ac1de5e990ad820889db0b655240f74950e84595a8600
drawer-open-v3,211,43,SCANA-R,98006,1,1,699036b7d8ef7365cedac5c3a954567646e59342e569745da72528f80eec7a2e,9fa1176d7a31a467b0cfe43bc38e4c6a8ae917bfe2795c552faf4fef8f5282dd
drawer-open-v3,211,43,SCANA-R,98007,1,1,699036b7d8ef7365cedac5c3a954567646e59342e569745da72528f80eec7a2e,48b7f339d25e8b9b1873ab1b7d8f605142f7d68ecb38fa1cdc4591bc51e18a87
drawer-open-v3,211,43,SCANA-R,98008,1,1,699036b7d8ef7365cedac5c3a954567646e59342e569745da72528f80eec7a2e,1b47495c0b895d94d8f70092c05042d09194c450fcc667a4abbeea26345d5545
drawer-open-v3,211,43,SCANA-R,98009,1,1,699036b7d8ef7365cedac5c3a954567646e59342e569745da72528f80eec7a2e,f92df66ada3e9db4d68c7f57598717ddf33094139ead5a7860e6c0ce5afae6ba
drawer-open-v3,211,43,SCANA-R,98010,1,1,699036b7d8ef7365cedac5c3a954567646e59342e569745da72528f80eec7a2e,2b03c5105c1180bd32cdd6bcf0e5f7d79c0566fe9c705fe756d5886edd5c73eb
drawer-open-v3,211,43,SCANA-R,98011,1,1,699036b7d8ef7365cedac5c3a954567646e59342e569745da72528f80eec7a2e,aea530f0886326c8f95cd799d530719e16c6b5be03f4dfc2656c823001c19b11
drawer-open-v3,211,43,SCANA-R,98012,1,1,699036b7d8ef7365cedac5c3a954567646e59342e569745da72528f80eec7a2e,783204173f72cc43af3869ba16bc211fabaebfe126f6b3eeaa47685b168ebfd0
drawer-open-v3,211,43,SCANA-R,98013,1,1,699036b7d8ef7365cedac5c3a954567646e59342e569745da72528f80eec7a2e,07e5fcc9e7c16280636c26452179171ef90e87910f5f84b0152c3fc74e006196
drawer-open-v3,211,43,SCANA-R,98014,1,1,699036b7d8ef7365cedac5c3a954567646e59342e569745da72528f80eec7a2e,85ca87f500755d15f23c231805bab722be7ba786a99fde470862b23a88023467
drawer-open-v3,211,43,SCANA-R,98015,1,1,699036b7d8ef7365cedac5c3a954567646e59342e569745da72528f80eec7a2e,dc2382d8a333fad5b623dcf989e1397c8f48fe8ce7e8d49534cf91f1826aaa17
drawer-open-v3,211,43,SCANA-R,98016,1,1,699036b7d8ef7365cedac5c3a954567646e59342e569745da72528f80eec7a2e,97bdcc4a53bc1afcb37f1ca7bf1f4f19d1227721ea9ee40c3e0ea95c7349b0e3
drawer-open-v3,211,43,SCANA-R,98017,1,1,699036b7d8ef7365cedac5c3a954567646e59342e569745da72528f80eec7a2e,69ab444225d1d4c775a2b364de77ff79c8776fd95676297d10606f393fb0a565
drawer-open-v3,211,43,SCANA-R,98018,1,1,699036b7d8ef7365cedac5c3a954567646e59342e569745da72528f80eec7a2e,d6ef2c8af7469dfa52018d6bc2bf65fe954f85111de9b7c4e0583f5f02872ac5
drawer-open-v3,211,43,SCANA-R,98019,1,1,699036b7d8ef7365cedac5c3a954567646e59342e569745da72528f80eec7a2e,bee1c290d5de221e38387ccc8ce7604a9fc35afc0c1758393ed755ca6b663a3f
drawer-open-v3,307,17,Clean repeat,98000,1,0,7e9e798536b1c02368707770fb666ee5c9c585891b33d4f76007c79a4c174012,6ad06f1816c8643456545e4b3c81518338921d728f46c23b34c979b64d5ee0a2
drawer-open-v3,307,17,Clean repeat,98001,1,0,7e9e798536b1c02368707770fb666ee5c9c585891b33d4f76007c79a4c174012,adda6f3ab72f7be286d4a978b2151f995c11a939ede1279d6f0021a5696ae65e
drawer-open-v3,307,17,Clean repeat,98002,1,0,7e9e798536b1c02368707770fb666ee5c9c585891b33d4f76007c79a4c174012,054ade4578914ecc0d1cc53dba2d6961a5e479142601905cee17368040792111
drawer-open-v3,307,17,Clean repeat,98003,1,1,7e9e798536b1c02368707770fb666ee5c9c585891b33d4f76007c79a4c174012,03ae3eb1bf16d546089e2d419c69b8f87a2eee8951214ac81f6586f2bb3c5d01
drawer-open-v3,307,17,Clean repeat,98004,1,1,7e9e798536b1c02368707770fb666ee5c9c585891b33d4f76007c79a4c174012,97dacf5c05604dcb45aeda03c51c326f764b67cc97d7d0a40b736bc9db582bbc
drawer-open-v3,307,17,Clean repeat,98005,1,1,7e9e798536b1c02368707770fb666ee5c9c585891b33d4f76007c79a4c174012,6d11de85a1eb74086627611e8b6b3b5ede992d017bb6f7f4b8d63025e02e90d6
drawer-open-v3,307,17,Clean repeat,98006,1,0,7e9e798536b1c02368707770fb666ee5c9c585891b33d4f76007c79a4c174012,5c768aacba2fa21b30ba9be0904af94c936f6ba388ec69b3c09f1089014bfe1b
drawer-open-v3,307,17,Clean repeat,98007,1,1,7e9e798536b1c02368707770fb666ee5c9c585891b33d4f76007c79a4c174012,fc871ae1b56caa4562036c831ca4f3a43e371459665ecb2695f2861328acc8e8
drawer-open-v3,307,17,Clean repeat,98008,1,1,7e9e798536b1c02368707770fb666ee5c9c585891b33d4f76007c79a4c174012,15e9e7c0ea8f936f16da940aa7f8026ff22887ca612d34542ba85a8252df6978
drawer-open-v3,307,17,Clean repeat,98009,1,1,7e9e798536b1c02368707770fb666ee5c9c585891b33d4f76007c79a4c174012,0a14e855864e925589b40eb92e857bac0caa70c114fa31fbf91bcce811997033
drawer-open-v3,307,17,Clean repeat,98010,1,1,7e9e798536b1c02368707770fb666ee5c9c585891b33d4f76007c79a4c174012,15840195929b910dc441a009196918b2046d59473a07b24e6299b2d00252c158
drawer-open-v3,307,17,Clean repeat,98011,1,0,7e9e798536b1c02368707770fb666ee5c9c585891b33d4f76007c79a4c174012,51aececf1d752715ee8e8d5b72ef6c20e5d2f02ce3740ab45f7aa0066e191a72
drawer-open-v3,307,17,Clean repeat,98012,1,1,7e9e798536b1c02368707770fb666ee5c9c585891b33d4f76007c79a4c174012,51c8945fcf3a0cbc3791e9f3bbe276b187daa8a38d53d18785c763915cf29a2c
drawer-open-v3,307,17,Clean repeat,98013,1,1,7e9e798536b1c02368707770fb666ee5c9c585891b33d4f76007c79a4c174012,700e15c31f3d8378be900f89ffa10b0e3bbb1c75245d630f22e2ab1bb2cf83e5
drawer-open-v3,307,17,Clean repeat,98014,1,1,7e9e798536b1c02368707770fb666ee5c9c585891b33d4f76007c79a4c174012,f40ec30f7e1710977309b00628d07486558f99e38739531376a9f02810a78c28
drawer-open-v3,307,17,Clean repeat,98015,1,1,7e9e798536b1c02368707770fb666ee5c9c585891b33d4f76007c79a4c174012,242b009ed6d7f56951520cf5b1e7d3181934f9f449fbdb77fc26fd059cbf82fb
drawer-open-v3,307,17,Clean repeat,98016,1,1,7e9e798536b1c02368707770fb666ee5c9c585891b33d4f76007c79a4c174012,6730c2726c10b19577340a5d83f5a8f431645b383702e40b42ab9f4c2f936cff
drawer-open-v3,307,17,Clean repeat,98017,1,1,7e9e798536b1c02368707770fb666ee5c9c585891b33d4f76007c79a4c174012,a32c149f18775143efd022dd75c535eba1ee287e834a3a1913f997e36e1a396a
drawer-open-v3,307,17,Clean repeat,98018,1,1,7e9e798536b1c02368707770fb666ee5c9c585891b33d4f76007c79a4c174012,8136a6eb936f92e083f506cb98d456efe0f78395589c755f4b2f86a4b72b70ab
drawer-open-v3,307,17,Clean repeat,98019,1,1,7e9e798536b1c02368707770fb666ee5c9c585891b33d4f76007c79a4c174012,aa154f31ed26c4dbac69a4628bd663091bc9c696dd29978ebfbb9cc0e356acc0
drawer-open-v3,307,17,Gaussian recovery,98000,1,1,7300777a61feac2f1ef1525d48d2da0038374b3021b1ed964521675c4908586b,0ca9bdbca3614e3ae38287a443efac9f0f7509df29d02db174ccf8065b2201ed
drawer-open-v3,307,17,Gaussian recovery,98001,1,1,7300777a61feac2f1ef1525d48d2da0038374b3021b1ed964521675c4908586b,fbe5948fe2fad3855610c6b1d4f5f9c836619ba24d8fc30275d98e6fcda08b3e
drawer-open-v3,307,17,Gaussian recovery,98002,1,1,7300777a61feac2f1ef1525d48d2da0038374b3021b1ed964521675c4908586b,420ece9ee39cdf0dc1e7842e8e1ff88f91b5ede0ff7e54835e29e38bd7a47bd1
drawer-open-v3,307,17,Gaussian recovery,98003,1,1,7300777a61feac2f1ef1525d48d2da0038374b3021b1ed964521675c4908586b,a4024159c70b59136f0e3b3d9f220744b922073b313c173371c718a235809498
drawer-open-v3,307,17,Gaussian recovery,98004,1,1,7300777a61feac2f1ef1525d48d2da0038374b3021b1ed964521675c4908586b,a9c576e487e6107537a6d25d5123a1f9567a5ff3f521862a6585085a36d8afd5
drawer-open-v3,307,17,Gaussian recovery,98005,1,1,7300777a61feac2f1ef1525d48d2da0038374b3021b1ed964521675c4908586b,7df63d2e845a1f4e62b90521287ebd1041a6754425e1e9819874d31f6426b955
drawer-open-v3,307,17,Gaussian recovery,98006,1,1,7300777a61feac2f1ef1525d48d2da0038374b3021b1ed964521675c4908586b,2fa09bb3ff862dce24fbf519e88fe032c83a8111b86b2e39fb94c9920878ca4c
drawer-open-v3,307,17,Gaussian recovery,98007,1,1,7300777a61feac2f1ef1525d48d2da0038374b3021b1ed964521675c4908586b,421d8b4ed61fdae20a7fc69daa2663f6080556ab3e4faa4983e55cf73fd8b066
drawer-open-v3,307,17,Gaussian recovery,98008,1,1,7300777a61feac2f1ef1525d48d2da0038374b3021b1ed964521675c4908586b,3190b9fad8106acdb7c1ed99f2c2741dd79373c41c2a2ae063d1e811a342b2e2
drawer-open-v3,307,17,Gaussian recovery,98009,1,1,7300777a61feac2f1ef1525d48d2da0038374b3021b1ed964521675c4908586b,28c5cecf19d26d87929c815821e8cc6798f2af5ad1c582b80701167f53d957f6
drawer-open-v3,307,17,Gaussian recovery,98010,1,1,7300777a61feac2f1ef1525d48d2da0038374b3021b1ed964521675c4908586b,d5a61980e15456659491f37df09e391d3938480688fd120c8add11819c446638
drawer-open-v3,307,17,Gaussian recovery,98011,1,1,7300777a61feac2f1ef1525d48d2da0038374b3021b1ed964521675c4908586b,682f54269334d0a157d3ebebddc83cbed47bd81a1fdec21f396adcb128243d9f
drawer-open-v3,307,17,Gaussian recovery,98012,1,1,7300777a61feac2f1ef1525d48d2da0038374b3021b1ed964521675c4908586b,441540777ccd816860b175397fd790bfc8abf5fe322b3255582a2b14127fdd3a
drawer-open-v3,307,17,Gaussian recovery,98013,1,1,7300777a61feac2f1ef1525d48d2da0038374b3021b1ed964521675c4908586b,1282cb918e109583fa1464fcd3b5e19965d51c6eabc528a6bfdbebe6632f68e7
drawer-open-v3,307,17,Gaussian recovery,98014,1,1,7300777a61feac2f1ef1525d48d2da0038374b3021b1ed964521675c4908586b,d3bd36e883d6a18e9a7f01032144ce5eef966e5eb7d379d88efe039b5c6068ba
drawer-open-v3,307,17,Gaussian recovery,98015,1,1,7300777a61feac2f1ef1525d48d2da0038374b3021b1ed964521675c4908586b,d5ff0db8445132479f6ef3f10b0a82a1d012934c058362267b52e8af0df31c25
drawer-open-v3,307,17,Gaussian recovery,98016,1,1,7300777a61feac2f1ef1525d48d2da0038374b3021b1ed964521675c4908586b,fb4552950f69c66c9c8499ed25d7fc7a899b1df61dd193833c9aad24a8d465ba
drawer-open-v3,307,17,Gaussian recovery,98017,1,1,7300777a61feac2f1ef1525d48d2da0038374b3021b1ed964521675c4908586b,7a79cc3859d1fde3f451393bb11b13f840e622041ebf2b642f687a1222ca2e85
drawer-open-v3,307,17,Gaussian recovery,98018,1,1,7300777a61feac2f1ef1525d48d2da0038374b3021b1ed964521675c4908586b,b47bcee349bceb7d4998daea843de521080fa0ee2c182604bf5c952598f58b69
drawer-open-v3,307,17,Gaussian recovery,98019,1,1,7300777a61feac2f1ef1525d48d2da0038374b3021b1ed964521675c4908586b,c7b3b2ad9b5ca511b4c46c947d8ea17fa282eb8ac956dec491164d186ce66157
drawer-open-v3,307,17,SCANA-R,98000,1,1,989a737c6c16d402115be35a6a9a18297be3cf47ce4601be649426c62961343b,d04b164b40319b39b3eb30475b0f86dc5d4c885d476e6e7566ade5ea777ea48c
drawer-open-v3,307,17,SCANA-R,98001,1,1,989a737c6c16d402115be35a6a9a18297be3cf47ce4601be649426c62961343b,7bdad038716a51eaa4dc9ad094add1184fd07c2f17218fbf960b1ca476cd5950
drawer-open-v3,307,17,SCANA-R,98002,1,1,989a737c6c16d402115be35a6a9a18297be3cf47ce4601be649426c62961343b,fe92d9281ddf3364bb98b898e45175aa8ec1e67e3ba1b134dfcd33c4dedd3b11
drawer-open-v3,307,17,SCANA-R,98003,1,1,989a737c6c16d402115be35a6a9a18297be3cf47ce4601be649426c62961343b,bd3413f11b02189aec032f195f6dc257468425bfcb9de54894ff46bc70ecd39d
drawer-open-v3,307,17,SCANA-R,98004,1,1,989a737c6c16d402115be35a6a9a18297be3cf47ce4601be649426c62961343b,dc5a7b0d657260552d8cca9a6c64f0c6db7e42b95a41ade159024e5f263a4e5f
drawer-open-v3,307,17,SCANA-R,98005,1,1,989a737c6c16d402115be35a6a9a18297be3cf47ce4601be649426c62961343b,d0af9b1f648f8005b991cab3c78e6b1c6b82dc8da014b12b76237eb2d3e9db24
drawer-open-v3,307,17,SCANA-R,98006,1,1,989a737c6c16d402115be35a6a9a18297be3cf47ce4601be649426c62961343b,be7458aada172f1961f8a6e145b0fee37cdb3b5113ff914f803f4b04cf476680
drawer-open-v3,307,17,SCANA-R,98007,1,1,989a737c6c16d402115be35a6a9a18297be3cf47ce4601be649426c62961343b,a62efafb12c7ec44ac1ea552b2716a44976abc5db9b3f427df97b91eb8ea408e
drawer-open-v3,307,17,SCANA-R,98008,1,1,989a737c6c16d402115be35a6a9a18297be3cf47ce4601be649426c62961343b,c2f407903cbc4e966209a6df7e96305a838b3c7923b258c63eb5547b04f1b481
drawer-open-v3,307,17,SCANA-R,98009,1,1,989a737c6c16d402115be35a6a9a18297be3cf47ce4601be649426c62961343b,27ca9007de3b4335c1d443644720a8502e677d8274103b47cde673a3a004f91b
drawer-open-v3,307,17,SCANA-R,98010,1,1,989a737c6c16d402115be35a6a9a18297be3cf47ce4601be649426c62961343b,c36855d2e234383a54aff7303c7c2001711afd8b4aaa7266eee982748248e3bb
drawer-open-v3,307,17,SCANA-R,98011,1,1,989a737c6c16d402115be35a6a9a18297be3cf47ce4601be649426c62961343b,5148f4bd8855a943bf93916cc89b8d334f01df7dd7a37d0556fa649b05689c49
drawer-open-v3,307,17,SCANA-R,98012,1,1,989a737c6c16d402115be35a6a9a18297be3cf47ce4601be649426c62961343b,76003656e9deea639f5c50d2a96880840cb88ef52d8dc5ed33a20f9511900e9d
drawer-open-v3,307,17,SCANA-R,98013,1,1,989a737c6c16d402115be35a6a9a18297be3cf47ce4601be649426c62961343b,314d5cb71875098196eaaf63bf134b22954ad5f77e946b51bb6de2a2c0f8d6ef
drawer-open-v3,307,17,SCANA-R,98014,1,1,989a737c6c16d402115be35a6a9a18297be3cf47ce4601be649426c62961343b,c75e98aa2936ab7c9c8de89d3020c7619c74302c6e41c91f643991a729131f96
drawer-open-v3,307,17,SCANA-R,98015,1,1,989a737c6c16d402115be35a6a9a18297be3cf47ce4601be649426c62961343b,7b210330d26c4ef90f0346252da6769723c0e0c5c7e4ea60aeb775a48036c7ab
drawer-open-v3,307,17,SCANA-R,98016,1,1,989a737c6c16d402115be35a6a9a18297be3cf47ce4601be649426c62961343b,2abda21e86b3549b54726b7bb9ae87f6ac99705b4ccb9f615e8da528fb4bcdc3
drawer-open-v3,307,17,SCANA-R,98017,1,1,989a737c6c16d402115be35a6a9a18297be3cf47ce4601be649426c62961343b,515debf6193f2a13b9ed728a7774f65acb8b85d2e9657c891c96a60803ccb6f5
drawer-open-v3,307,17,SCANA-R,98018,1,1,989a737c6c16d402115be35a6a9a18297be3cf47ce4601be649426c62961343b,6ebc399cfd00390120fc555b1918482ab9e9c788175031e4f955ea200cae8122
drawer-open-v3,307,17,SCANA-R,98019,1,1,989a737c6c16d402115be35a6a9a18297be3cf47ce4601be649426c62961343b,47ba1d01f3e9a4140efa94adfb3014ea60ea1f79786655e37caf823914058820
drawer-open-v3,307,29,Clean repeat,98000,1,1,9e51205c03de73ad1760fa36d8c828a6a681f2f6e30fcdecbdec44f137badf4c,8599dac07472ecf397ddf423df2545d3dd2e92d79e012b824720804a11fbde95
drawer-open-v3,307,29,Clean repeat,98001,1,1,9e51205c03de73ad1760fa36d8c828a6a681f2f6e30fcdecbdec44f137badf4c,56ef6d4ffb0d90f545f64260f3cc3a773ea8284fc63830a2e9ccffaab7c86a7e
drawer-open-v3,307,29,Clean repeat,98002,1,1,9e51205c03de73ad1760fa36d8c828a6a681f2f6e30fcdecbdec44f137badf4c,3a05faf04126f52bc6a1b8afd3fff814acae8766ca566f56878b98381df513ec
drawer-open-v3,307,29,Clean repeat,98003,1,1,9e51205c03de73ad1760fa36d8c828a6a681f2f6e30fcdecbdec44f137badf4c,2a9ac2d3269f7d1881112375a2b0b2a99655561f5d6e2d47977bf14bdc0be587
drawer-open-v3,307,29,Clean repeat,98004,1,1,9e51205c03de73ad1760fa36d8c828a6a681f2f6e30fcdecbdec44f137badf4c,ff10226685b5863e954bbcd684f070dd1ed488fdcbdf3d5bd7ac578282468b97
drawer-open-v3,307,29,Clean repeat,98005,1,1,9e51205c03de73ad1760fa36d8c828a6a681f2f6e30fcdecbdec44f137badf4c,0cacbe5f5beb3ea1a169b648dab46d9ed4ae70547e051e22576d4f1b24fce6e6
drawer-open-v3,307,29,Clean repeat,98006,1,1,9e51205c03de73ad1760fa36d8c828a6a681f2f6e30fcdecbdec44f137badf4c,2bb1ffa3c9ab297934bf1bf4f959f3e43597f96d3c1e78c05088baeb6bf1b375
drawer-open-v3,307,29,Clean repeat,98007,1,1,9e51205c03de73ad1760fa36d8c828a6a681f2f6e30fcdecbdec44f137badf4c,c7e46b2e3fec6c4091f7f976529497be318dc64a83e9835e6ce292f63d8b0fde
drawer-open-v3,307,29,Clean repeat,98008,1,1,9e51205c03de73ad1760fa36d8c828a6a681f2f6e30fcdecbdec44f137badf4c,b9e0af53676666a41b4327c21cfbfb7316fc45ac085fe467dd1881c2a92f5fdb
drawer-open-v3,307,29,Clean repeat,98009,1,1,9e51205c03de73ad1760fa36d8c828a6a681f2f6e30fcdecbdec44f137badf4c,f2d44092a8a4b4c25db303488f33289899ec876e71a4bc9639c85bafed8e7fec
drawer-open-v3,307,29,Clean repeat,98010,1,1,9e51205c03de73ad1760fa36d8c828a6a681f2f6e30fcdecbdec44f137badf4c,19c6a092b3ca9dff1e8ece1ec117780766573ce726f32a8cd20865a5652e5ddd
drawer-open-v3,307,29,Clean repeat,98011,1,1,9e51205c03de73ad1760fa36d8c828a6a681f2f6e30fcdecbdec44f137badf4c,1ea330e14e2f8e6547cac41dc7a622936b5d3704d54ed7ea8b32fafb68733208
drawer-open-v3,307,29,Clean repeat,98012,1,1,9e51205c03de73ad1760fa36d8c828a6a681f2f6e30fcdecbdec44f137badf4c,470b5860e480be97a832715ab552a516414e0b95364e6d1ff7e29a87ddc6b7b0
drawer-open-v3,307,29,Clean repeat,98013,1,1,9e51205c03de73ad1760fa36d8c828a6a681f2f6e30fcdecbdec44f137badf4c,0467b9735213131c9e27e13c76995cf17d4e17db946b100e3c39eb0603e17ac4
drawer-open-v3,307,29,Clean repeat,98014,1,1,9e51205c03de73ad1760fa36d8c828a6a681f2f6e30fcdecbdec44f137badf4c,680a175baf9751de0696465afd6aef7b00cf826d5b67ef663de51f47fea52d24
drawer-open-v3,307,29,Clean repeat,98015,1,1,9e51205c03de73ad1760fa36d8c828a6a681f2f6e30fcdecbdec44f137badf4c,65080bceda199681683a1df92fa95290b2591997c4502d880d6cdaa9ab21b96f
drawer-open-v3,307,29,Clean repeat,98016,1,1,9e51205c03de73ad1760fa36d8c828a6a681f2f6e30fcdecbdec44f137badf4c,a41e4d369c1918cff3af39a85305f53cb632410a3c3c35ef63d2635230111ee7
drawer-open-v3,307,29,Clean repeat,98017,1,1,9e51205c03de73ad1760fa36d8c828a6a681f2f6e30fcdecbdec44f137badf4c,525af925bdc36253644709bf672f61fd40f1d1ae8d7589b71b83eeb572d5d038
drawer-open-v3,307,29,Clean repeat,98018,1,1,9e51205c03de73ad1760fa36d8c828a6a681f2f6e30fcdecbdec44f137badf4c,490cd64aa86497de60f36db79ca8c275bdc73a5f63904368def4d69ff4a80af0
drawer-open-v3,307,29,Clean repeat,98019,1,1,9e51205c03de73ad1760fa36d8c828a6a681f2f6e30fcdecbdec44f137badf4c,1c57cc55eff43f52b91ba473dc97faa168a8c12900c5dfcb49ac9ef630ff15c6
drawer-open-v3,307,29,Gaussian recovery,98000,1,1,5db19a3fb72fbba18aa11eaa95e925bb7647c01b5a99170177a997d3d6b5074b,b164db0fba24f18238aeda1ab2ad5f6fe07216e63d0d8ad127ad45298fbb2b0f
drawer-open-v3,307,29,Gaussian recovery,98001,1,1,5db19a3fb72fbba18aa11eaa95e925bb7647c01b5a99170177a997d3d6b5074b,8134215cd51ca6baf63d2380cb7a41ab384f1abeb7b168f496afbca30b98eda9
drawer-open-v3,307,29,Gaussian recovery,98002,1,1,5db19a3fb72fbba18aa11eaa95e925bb7647c01b5a99170177a997d3d6b5074b,82ff043642bde2107fd20169bb35c0aefe488821b8fd52d35c23617a3c0ed252
drawer-open-v3,307,29,Gaussian recovery,98003,1,1,5db19a3fb72fbba18aa11eaa95e925bb7647c01b5a99170177a997d3d6b5074b,7fb0c2d635690bf7150f8b1ce2844dbf58e8acc241996de5f5830185b1eb31bc
drawer-open-v3,307,29,Gaussian recovery,98004,1,1,5db19a3fb72fbba18aa11eaa95e925bb7647c01b5a99170177a997d3d6b5074b,29ec0b500c0211d939bd8d83db53ab0bb19c48c4e6b20e55b350e53409879f90
drawer-open-v3,307,29,Gaussian recovery,98005,1,1,5db19a3fb72fbba18aa11eaa95e925bb7647c01b5a99170177a997d3d6b5074b,dd89c8d1d511853db1d49ea112eb3fb3b21671468f6ef90e77679def03143e8d
drawer-open-v3,307,29,Gaussian recovery,98006,1,1,5db19a3fb72fbba18aa11eaa95e925bb7647c01b5a99170177a997d3d6b5074b,c253804089c48a2c42bb5ba48bedc7a54e3b4adc22ec8822b272a83871abd68e
drawer-open-v3,307,29,Gaussian recovery,98007,1,1,5db19a3fb72fbba18aa11eaa95e925bb7647c01b5a99170177a997d3d6b5074b,4a389053ec8d39dc9966fe8497facac57b7ccec16ab7a969ce4cee3862637528
drawer-open-v3,307,29,Gaussian recovery,98008,1,1,5db19a3fb72fbba18aa11eaa95e925bb7647c01b5a99170177a997d3d6b5074b,f11c37d9525e7f8fdc29d977fc589c9f8ea0ce6cbd2f2660c81fe488d5c6e488
drawer-open-v3,307,29,Gaussian recovery,98009,1,1,5db19a3fb72fbba18aa11eaa95e925bb7647c01b5a99170177a997d3d6b5074b,8355c6ce6c99321d619e2c1e410abfa872a42904792346f1b2122bfd3b75ba33
drawer-open-v3,307,29,Gaussian recovery,98010,1,1,5db19a3fb72fbba18aa11eaa95e925bb7647c01b5a99170177a997d3d6b5074b,35fbacbc9b4139fb34d13da179f37f9156d45e15027cd9a7bb26bc0fad71e260
drawer-open-v3,307,29,Gaussian recovery,98011,1,1,5db19a3fb72fbba18aa11eaa95e925bb7647c01b5a99170177a997d3d6b5074b,e15c3b11f4ebc7758159bb8f0707ca440ecd70b65993d8d903aa8ab20b4bd8ca
drawer-open-v3,307,29,Gaussian recovery,98012,1,1,5db19a3fb72fbba18aa11eaa95e925bb7647c01b5a99170177a997d3d6b5074b,4846180d7e7be69384862e82e5eff4d32fe5084f49120b972d95aacf51fa3592
drawer-open-v3,307,29,Gaussian recovery,98013,1,1,5db19a3fb72fbba18aa11eaa95e925bb7647c01b5a99170177a997d3d6b5074b,e60ec8c88782a300b6a2b577d0c17960fbbcc70312c361da6323d34780be1139
drawer-open-v3,307,29,Gaussian recovery,98014,1,1,5db19a3fb72fbba18aa11eaa95e925bb7647c01b5a99170177a997d3d6b5074b,8b3d8949f8de34968e8316467804c0f0894a0192e810c3b5247faa49a1849319
drawer-open-v3,307,29,Gaussian recovery,98015,1,1,5db19a3fb72fbba18aa11eaa95e925bb7647c01b5a99170177a997d3d6b5074b,6fdb15382e96eead9541e1491ff99c10920615685ba362c762fad5bf5217f3fd
drawer-open-v3,307,29,Gaussian recovery,98016,1,1,5db19a3fb72fbba18aa11eaa95e925bb7647c01b5a99170177a997d3d6b5074b,0cab9eabb8a1cbaf91459c94d73848e93412a948fa086d8342a009008a7a38cc
drawer-open-v3,307,29,Gaussian recovery,98017,1,1,5db19a3fb72fbba18aa11eaa95e925bb7647c01b5a99170177a997d3d6b5074b,c0165e00cf67640df8833a02acaa6e466a233f9b1c85dd125aaba0827d2fd590
drawer-open-v3,307,29,Gaussian recovery,98018,1,1,5db19a3fb72fbba18aa11eaa95e925bb7647c01b5a99170177a997d3d6b5074b,b95bdd022c0e8255a204ef8eda9258c2f09e79f1d28397d21a3e72cc679fc82b
drawer-open-v3,307,29,Gaussian recovery,98019,1,1,5db19a3fb72fbba18aa11eaa95e925bb7647c01b5a99170177a997d3d6b5074b,34d58bea409d390af03067f9d424ec2e0e89be7bdebd09963f3fd5dd2b147e09
drawer-open-v3,307,29,SCANA-R,98000,1,1,58ad4227a0b2291673f31a077281fca9a9f51690a0233591c0f2ce730ed08dcc,223bfe28f4e6352214914ab549a9e58973d275489d4d6e08eebbdfdee94ba635
drawer-open-v3,307,29,SCANA-R,98001,1,1,58ad4227a0b2291673f31a077281fca9a9f51690a0233591c0f2ce730ed08dcc,bfa350a46fbd5fbcc7e0e026e5d4c5cf801969c832c7bb46244d252db7141da8
drawer-open-v3,307,29,SCANA-R,98002,1,1,58ad4227a0b2291673f31a077281fca9a9f51690a0233591c0f2ce730ed08dcc,163ef0fefac4f8b2cc41db1fc3487f075e719e2e4dbfa9fc1a80a4cf5d4089c1
drawer-open-v3,307,29,SCANA-R,98003,1,1,58ad4227a0b2291673f31a077281fca9a9f51690a0233591c0f2ce730ed08dcc,c414657d56e0b8870d99de3dc90d80c981c53e1e7cb06e0377358da02fbc1587
drawer-open-v3,307,29,SCANA-R,98004,1,1,58ad4227a0b2291673f31a077281fca9a9f51690a0233591c0f2ce730ed08dcc,cfd3bd3a01ea1259bb4ec918f2cf082215517e5406fe8ba3bc3093ee938ae881
drawer-open-v3,307,29,SCANA-R,98005,1,1,58ad4227a0b2291673f31a077281fca9a9f51690a0233591c0f2ce730ed08dcc,1ff4f5df45ac8e719e78eeb439054c391bfd8d2a2c045e83b93d29f6ce6511fc
drawer-open-v3,307,29,SCANA-R,98006,1,1,58ad4227a0b2291673f31a077281fca9a9f51690a0233591c0f2ce730ed08dcc,c2eadc9dc2f77ae8dc49519bb90d4a2e357b523685faf73599b1781354f6db3a
drawer-open-v3,307,29,SCANA-R,98007,1,1,58ad4227a0b2291673f31a077281fca9a9f51690a0233591c0f2ce730ed08dcc,0330cd69bc4e197eeebb12755a6093e730f8023a5da0ec40795e2ec8eb125843
drawer-open-v3,307,29,SCANA-R,98008,1,1,58ad4227a0b2291673f31a077281fca9a9f51690a0233591c0f2ce730ed08dcc,7b9d990ccf95f3662c242611ad4501e5ffa408f88cb7955f783b302960db4b95
drawer-open-v3,307,29,SCANA-R,98009,1,1,58ad4227a0b2291673f31a077281fca9a9f51690a0233591c0f2ce730ed08dcc,90c5828a27a0c25c16774d168f02abc425f66c48bbabf209159dcc87be36b322
drawer-open-v3,307,29,SCANA-R,98010,1,1,58ad4227a0b2291673f31a077281fca9a9f51690a0233591c0f2ce730ed08dcc,9bed17e9fdf1a606fc7a4e9b10e83c66240015c431ff30402c7f8d601b4cb0d0
drawer-open-v3,307,29,SCANA-R,98011,1,1,58ad4227a0b2291673f31a077281fca9a9f51690a0233591c0f2ce730ed08dcc,ae9a10630aadd1ec479005a9700034a9a4d352a4e59d558e48df7f6a5008f777
drawer-open-v3,307,29,SCANA-R,98012,1,1,58ad4227a0b2291673f31a077281fca9a9f51690a0233591c0f2ce730ed08dcc,15b07332cb0097d45904664baeb79641c5dc808355ad022d9c01e2f0e8ac447f
drawer-open-v3,307,29,SCANA-R,98013,1,1,58ad4227a0b2291673f31a077281fca9a9f51690a0233591c0f2ce730ed08dcc,7aae0047b926c29a137a00eb60f4290826fe0cf2070ffef42cd6e244041ea84d
drawer-open-v3,307,29,SCANA-R,98014,1,1,58ad4227a0b2291673f31a077281fca9a9f51690a0233591c0f2ce730ed08dcc,ba7a6c5d2480c1c0fc4695ea884fd197710b4d79cb055025b29974f0c89100d0
drawer-open-v3,307,29,SCANA-R,98015,1,1,58ad4227a0b2291673f31a077281fca9a9f51690a0233591c0f2ce730ed08dcc,6345a83ea9ab6d6df4b9e7b76a2de9b213692f604f1975a9ee78f6a9637de06f
drawer-open-v3,307,29,SCANA-R,98016,1,1,58ad4227a0b2291673f31a077281fca9a9f51690a0233591c0f2ce730ed08dcc,87446a46235bd45bdee8576691f193e855715fda3e0abb5dbc5c0c4f6642fd72
drawer-open-v3,307,29,SCANA-R,98017,1,1,58ad4227a0b2291673f31a077281fca9a9f51690a0233591c0f2ce730ed08dcc,26cf0826952b84c29018037e6f27f9d7b6609d1aa887f9704178947203400d6b
drawer-open-v3,307,29,SCANA-R,98018,1,1,58ad4227a0b2291673f31a077281fca9a9f51690a0233591c0f2ce730ed08dcc,466b93d03917a9ff72989fa01ae0af874fe3d7f0723e506458d1d2f7a27f00bd
drawer-open-v3,307,29,SCANA-R,98019,1,1,58ad4227a0b2291673f31a077281fca9a9f51690a0233591c0f2ce730ed08dcc,d1af4659254bd3b40b056b27aa55da9189b536f0a746f316b70df7c85864a7b4
drawer-open-v3,307,43,Clean repeat,98000,1,1,0d6e60c771fd5c48a9db9b9aa1a890bfa1e9a497b8bb16bacc0f31e8286c70fa,843017ada92cd83af889577bb8d87d645d581786b128ebb2cf7399cd848e3cb2
drawer-open-v3,307,43,Clean repeat,98001,1,1,0d6e60c771fd5c48a9db9b9aa1a890bfa1e9a497b8bb16bacc0f31e8286c70fa,2dc7ccf1cfb93c1978a27a80bd2ca73df01e4a99c25183e80aab0e6e99da2d71
drawer-open-v3,307,43,Clean repeat,98002,1,1,0d6e60c771fd5c48a9db9b9aa1a890bfa1e9a497b8bb16bacc0f31e8286c70fa,bb0d151df7e888666dc8b9d92aa26a6ae1629027bee4521abc3f7c31a1edf644
drawer-open-v3,307,43,Clean repeat,98003,1,1,0d6e60c771fd5c48a9db9b9aa1a890bfa1e9a497b8bb16bacc0f31e8286c70fa,76ec8624ba55d354be6d4fc3b1f6208dd1a06df3024bd3c9f1c54b074d50fe08
drawer-open-v3,307,43,Clean repeat,98004,1,1,0d6e60c771fd5c48a9db9b9aa1a890bfa1e9a497b8bb16bacc0f31e8286c70fa,78f694a0d0dea6e55aa0f700bf01cacc6ebbcbba41afa60c58765c8470178d5c
drawer-open-v3,307,43,Clean repeat,98005,1,1,0d6e60c771fd5c48a9db9b9aa1a890bfa1e9a497b8bb16bacc0f31e8286c70fa,81f32c7f2c1d59fb03355c66f369c6db548905050c2abf0052694787cb3e91a0
drawer-open-v3,307,43,Clean repeat,98006,1,1,0d6e60c771fd5c48a9db9b9aa1a890bfa1e9a497b8bb16bacc0f31e8286c70fa,59a4af3764928b9d0812851468445c0c068347d335343a56251cf719e12fc5c7
drawer-open-v3,307,43,Clean repeat,98007,1,1,0d6e60c771fd5c48a9db9b9aa1a890bfa1e9a497b8bb16bacc0f31e8286c70fa,0f62ea6d0a5fb4218d5d33c384820b09b7e22e7a304a09a1828891faef391fb1
drawer-open-v3,307,43,Clean repeat,98008,1,1,0d6e60c771fd5c48a9db9b9aa1a890bfa1e9a497b8bb16bacc0f31e8286c70fa,d4230928b70a90c03f7c3f7e18c82f8c7a832f184a25d405b8c322b54e7cdcf8
drawer-open-v3,307,43,Clean repeat,98009,1,1,0d6e60c771fd5c48a9db9b9aa1a890bfa1e9a497b8bb16bacc0f31e8286c70fa,71ece8a3da73c32bff81fd9067fb83bd3f1e49b2664431b8a845729bcfe11052
drawer-open-v3,307,43,Clean repeat,98010,1,1,0d6e60c771fd5c48a9db9b9aa1a890bfa1e9a497b8bb16bacc0f31e8286c70fa,7e00c1da31516e4e4b05e59d83260e43d23f0a7920d95afe0178fed73c309b00
drawer-open-v3,307,43,Clean repeat,98011,1,1,0d6e60c771fd5c48a9db9b9aa1a890bfa1e9a497b8bb16bacc0f31e8286c70fa,aff8bd5acd4455e53be4e94e58c9bd4c35c58da623e091938bba30447292537c
drawer-open-v3,307,43,Clean repeat,98012,1,1,0d6e60c771fd5c48a9db9b9aa1a890bfa1e9a497b8bb16bacc0f31e8286c70fa,e663c556762ba70c4d1e03f5125b0629f8373304655fa8b2496577efa39adfec
drawer-open-v3,307,43,Clean repeat,98013,1,1,0d6e60c771fd5c48a9db9b9aa1a890bfa1e9a497b8bb16bacc0f31e8286c70fa,6e7a78e628991e3e2cba364820c8ff3e653af02d26d15553362308ddb054f91f
drawer-open-v3,307,43,Clean repeat,98014,1,1,0d6e60c771fd5c48a9db9b9aa1a890bfa1e9a497b8bb16bacc0f31e8286c70fa,290c0d7510cf3d62841ed46cdbf1f3cbf228837cabcb3c545e49a3aa02829d02
drawer-open-v3,307,43,Clean repeat,98015,1,1,0d6e60c771fd5c48a9db9b9aa1a890bfa1e9a497b8bb16bacc0f31e8286c70fa,6ab073379e9fbe279e6a3ad994764b93ce7021dc2275fd3050345689943f49fe
drawer-open-v3,307,43,Clean repeat,98016,1,1,0d6e60c771fd5c48a9db9b9aa1a890bfa1e9a497b8bb16bacc0f31e8286c70fa,5c704a99de4606ab83e652ee5e3202f562d06932da4ab19fdf4eb56cb9573f8b
drawer-open-v3,307,43,Clean repeat,98017,1,1,0d6e60c771fd5c48a9db9b9aa1a890bfa1e9a497b8bb16bacc0f31e8286c70fa,7ec0c006faf9d518c298b5e580f0f6e0d34274f46f3a29e26bb4f47f0f904984
drawer-open-v3,307,43,Clean repeat,98018,1,1,0d6e60c771fd5c48a9db9b9aa1a890bfa1e9a497b8bb16bacc0f31e8286c70fa,e7709e3163c27200cdb5646ec7c83988accf6a2a71188c4ac139a8a42fbaba03
drawer-open-v3,307,43,Clean repeat,98019,1,1,0d6e60c771fd5c48a9db9b9aa1a890bfa1e9a497b8bb16bacc0f31e8286c70fa,173383ffca26247774329322a2ec04530691cbd6ee9e8e747644c312bd151a2c
drawer-open-v3,307,43,Gaussian recovery,98000,1,1,ed6ecc4da00a1ef54c17891d732cd7a19b99926e7ba1f5b82693075883f0bf9e,9adf3a11275c4ddef8558833037bf991f8f5a68fc5f04746a4bdf850c15774a8
drawer-open-v3,307,43,Gaussian recovery,98001,1,1,ed6ecc4da00a1ef54c17891d732cd7a19b99926e7ba1f5b82693075883f0bf9e,4531ca7e0ab7872649d633a7a81520b80b934730dd8da80dbdcb4f36768c3c26
drawer-open-v3,307,43,Gaussian recovery,98002,1,1,ed6ecc4da00a1ef54c17891d732cd7a19b99926e7ba1f5b82693075883f0bf9e,27276177b37232a11b3e21f489017401bd968c2a0a0811072e3239b947226823
drawer-open-v3,307,43,Gaussian recovery,98003,1,1,ed6ecc4da00a1ef54c17891d732cd7a19b99926e7ba1f5b82693075883f0bf9e,f6d0e8ca75cf60dce3fa57eb36ba9f2d25bae36554cc072a892c17ba2ed3165c
drawer-open-v3,307,43,Gaussian recovery,98004,1,1,ed6ecc4da00a1ef54c17891d732cd7a19b99926e7ba1f5b82693075883f0bf9e,906f1fadf3ff84f2b68923a2ec9781457798c713ab4325dd4967b5d6325f7247
drawer-open-v3,307,43,Gaussian recovery,98005,1,1,ed6ecc4da00a1ef54c17891d732cd7a19b99926e7ba1f5b82693075883f0bf9e,5dc6f1fccecf329935db98dec649fdd28cb692647946daf4c515ffdc11d418a7
drawer-open-v3,307,43,Gaussian recovery,98006,1,1,ed6ecc4da00a1ef54c17891d732cd7a19b99926e7ba1f5b82693075883f0bf9e,0474a2c2075500aebfc2c6c823d40a832c2ab6342e0e1e2817cbc0e872db6d8f
drawer-open-v3,307,43,Gaussian recovery,98007,1,1,ed6ecc4da00a1ef54c17891d732cd7a19b99926e7ba1f5b82693075883f0bf9e,6f72bf3183d9780e0f51c247d5b9387be2b8df213a19cbc07526ff743552a969
drawer-open-v3,307,43,Gaussian recovery,98008,1,1,ed6ecc4da00a1ef54c17891d732cd7a19b99926e7ba1f5b82693075883f0bf9e,669bf389b26975c2bdb20444af1ea5f032ccf55838f27bf1ff4a74e741c0b706
drawer-open-v3,307,43,Gaussian recovery,98009,1,1,ed6ecc4da00a1ef54c17891d732cd7a19b99926e7ba1f5b82693075883f0bf9e,dc972ebbc600e891a5cf268ebabac856fe2adf9db417b4490c13fc5e3cd8084d
drawer-open-v3,307,43,Gaussian recovery,98010,1,1,ed6ecc4da00a1ef54c17891d732cd7a19b99926e7ba1f5b82693075883f0bf9e,51f10bff67cf49232566b00f2618462a473641cc13ffdd7340b37e5a1a611970
drawer-open-v3,307,43,Gaussian recovery,98011,1,1,ed6ecc4da00a1ef54c17891d732cd7a19b99926e7ba1f5b82693075883f0bf9e,36683b853d4bda3d7dbb916f3df91f2aa7a07fe907d7b9577e128647557a7f45
drawer-open-v3,307,43,Gaussian recovery,98012,1,1,ed6ecc4da00a1ef54c17891d732cd7a19b99926e7ba1f5b82693075883f0bf9e,28360598a9f926c4f9655b7f2659916da5a2680eb5480ae4e8cbcff34e33ccd6
drawer-open-v3,307,43,Gaussian recovery,98013,1,1,ed6ecc4da00a1ef54c17891d732cd7a19b99926e7ba1f5b82693075883f0bf9e,e7b517be3780a599e9a0a8e7edba73137864ec27eceabd4f935e19cd491fb0be
drawer-open-v3,307,43,Gaussian recovery,98014,1,1,ed6ecc4da00a1ef54c17891d732cd7a19b99926e7ba1f5b82693075883f0bf9e,1a84bd4689f92defdb84477da19161c687bcd3a38bc4e5041109fb9f2049ef1b
drawer-open-v3,307,43,Gaussian recovery,98015,1,1,ed6ecc4da00a1ef54c17891d732cd7a19b99926e7ba1f5b82693075883f0bf9e,b045d1b6eb826aa55b4aabe7a878e05eea67d0427d98bd53089a53f0ba17254d
drawer-open-v3,307,43,Gaussian recovery,98016,1,1,ed6ecc4da00a1ef54c17891d732cd7a19b99926e7ba1f5b82693075883f0bf9e,663be136d5db23007af103580c9737cf7287394fb13b12461fa39659a62bcd01
drawer-open-v3,307,43,Gaussian recovery,98017,1,1,ed6ecc4da00a1ef54c17891d732cd7a19b99926e7ba1f5b82693075883f0bf9e,f46c80ced0c38b1e5336892cb314e6f23bceb620c5723dcd19cdbe3da11de6df
drawer-open-v3,307,43,Gaussian recovery,98018,1,1,ed6ecc4da00a1ef54c17891d732cd7a19b99926e7ba1f5b82693075883f0bf9e,b4587db75ee9069746912622d37c7ba5832089969690cb3e1b2a59df72154466
drawer-open-v3,307,43,Gaussian recovery,98019,1,1,ed6ecc4da00a1ef54c17891d732cd7a19b99926e7ba1f5b82693075883f0bf9e,6d725b576b54db77cbdf5384d6b48b7304bc61f1344512f433e38f8bbc5ca5f4
drawer-open-v3,307,43,SCANA-R,98000,1,1,a2deddce426fd4dfaf4343779baaea47bf8252986b9c1a8f4f35b0a5df8b6c4c,78ae596f176fa6180b2d5bfa73a76a5cde2a3ffb8faca5ba7b5009daa3eb632c
drawer-open-v3,307,43,SCANA-R,98001,1,1,a2deddce426fd4dfaf4343779baaea47bf8252986b9c1a8f4f35b0a5df8b6c4c,95d1c19e72b7ab3ca56c1027695cecb9ad7d0d318a28fabcfff6a24a8af18982
drawer-open-v3,307,43,SCANA-R,98002,1,1,a2deddce426fd4dfaf4343779baaea47bf8252986b9c1a8f4f35b0a5df8b6c4c,4c709424e82cdb7aab3c64b8684a8db8e607242021d4869fdd4ad76b32c550a4
drawer-open-v3,307,43,SCANA-R,98003,1,1,a2deddce426fd4dfaf4343779baaea47bf8252986b9c1a8f4f35b0a5df8b6c4c,7d794bf60a8e9a25ab4ef2e778277470f2938f9f621c9bc58e288cbf839b82b8
drawer-open-v3,307,43,SCANA-R,98004,1,1,a2deddce426fd4dfaf4343779baaea47bf8252986b9c1a8f4f35b0a5df8b6c4c,6972948051686295c9535df878e16cefdbc234d4b80038df5423eac6083a7b29
drawer-open-v3,307,43,SCANA-R,98005,1,1,a2deddce426fd4dfaf4343779baaea47bf8252986b9c1a8f4f35b0a5df8b6c4c,0d6b5a225887b93d6205e3c1215b27ca25ae6311064e30c02f343bb5070c546c
drawer-open-v3,307,43,SCANA-R,98006,1,1,a2deddce426fd4dfaf4343779baaea47bf8252986b9c1a8f4f35b0a5df8b6c4c,fd551df700dcc3e521eb0490444837bb3e395d4726a9fde920066311d2d82bbd
drawer-open-v3,307,43,SCANA-R,98007,1,1,a2deddce426fd4dfaf4343779baaea47bf8252986b9c1a8f4f35b0a5df8b6c4c,9cf6803b55132588d86ec7000612bdf13f546aee6462899be9fbddfe97039713
drawer-open-v3,307,43,SCANA-R,98008,1,1,a2deddce426fd4dfaf4343779baaea47bf8252986b9c1a8f4f35b0a5df8b6c4c,781b9a9976b65590a0a15531fa9d4b1f99989f177d62b7aa9ef0e3454e151224
drawer-open-v3,307,43,SCANA-R,98009,1,1,a2deddce426fd4dfaf4343779baaea47bf8252986b9c1a8f4f35b0a5df8b6c4c,b5c449283ea192dae903178d6f2d3770193c26dc9c0f12be3b74927834b80743
drawer-open-v3,307,43,SCANA-R,98010,1,1,a2deddce426fd4dfaf4343779baaea47bf8252986b9c1a8f4f35b0a5df8b6c4c,44cef5e608852afa32c6bfa370127c1b161ae3c3ca2fdf923f263b85d705df30
drawer-open-v3,307,43,SCANA-R,98011,1,1,a2deddce426fd4dfaf4343779baaea47bf8252986b9c1a8f4f35b0a5df8b6c4c,a32c3dbd2492c6954a5133e4567870655f6456e4089649f9e881c2ab6a7250a0
drawer-open-v3,307,43,SCANA-R,98012,1,1,a2deddce426fd4dfaf4343779baaea47bf8252986b9c1a8f4f35b0a5df8b6c4c,2c21b1d48a6bf5e16fc8c55765a6fdda7b7c9b1e40cd138c0100b765ef9ed1cd
drawer-open-v3,307,43,SCANA-R,98013,1,1,a2deddce426fd4dfaf4343779baaea47bf8252986b9c1a8f4f35b0a5df8b6c4c,276c635e1cc2205dff74ea1b0bb334f82db395cce004f5ad5314c0428eda7882
drawer-open-v3,307,43,SCANA-R,98014,1,1,a2deddce426fd4dfaf4343779baaea47bf8252986b9c1a8f4f35b0a5df8b6c4c,6211f7175d84483b30aa84d2445dc069b17899e97f140137143e6b087975ee55
drawer-open-v3,307,43,SCANA-R,98015,1,1,a2deddce426fd4dfaf4343779baaea47bf8252986b9c1a8f4f35b0a5df8b6c4c,da143a9c391cd475b6c8cc8e64f74b2e3998c4710836f154d5852a606b4d48fa
drawer-open-v3,307,43,SCANA-R,98016,1,1,a2deddce426fd4dfaf4343779baaea47bf8252986b9c1a8f4f35b0a5df8b6c4c,f6fe35200fa4010c815cf6cb25b1e2ff34e9324d4d22c14b2b72e3c1a2181e62
drawer-open-v3,307,43,SCANA-R,98017,1,1,a2deddce426fd4dfaf4343779baaea47bf8252986b9c1a8f4f35b0a5df8b6c4c,90a19494dc6e25e676fffbc5e2b78f09c668482657fad8aa7cc72e2a19c9ef19
drawer-open-v3,307,43,SCANA-R,98018,1,1,a2deddce426fd4dfaf4343779baaea47bf8252986b9c1a8f4f35b0a5df8b6c4c,d336282b998beeaedbc55d83b382b0ddfb3a96b748e084c996ea6352991dbb85
drawer-open-v3,307,43,SCANA-R,98019,1,1,a2deddce426fd4dfaf4343779baaea47bf8252986b9c1a8f4f35b0a5df8b6c4c,5bb839dd0b718b0273f221cec19ebac4948ac53fe292eb8313710387a762ddbc
button-press-v3,101,17,Clean repeat,98000,1,1,0669fcac6a20480647ab2786838142ad14862f2d1127887f5b63e69d7c1616c6,3ede294c9a2040ff77f0a77dff273a1cc6d958d4b463113915cfbe6babf1f792
button-press-v3,101,17,Clean repeat,98001,1,1,0669fcac6a20480647ab2786838142ad14862f2d1127887f5b63e69d7c1616c6,03da98e726e6ac854f02125cfaec15c7891c78ea0e278dcb28e72d2984b78adb
button-press-v3,101,17,Clean repeat,98002,1,1,0669fcac6a20480647ab2786838142ad14862f2d1127887f5b63e69d7c1616c6,e24b8e7fe05400e532104c02b62f79f5dc342f4bdd62ee2c7af23f4d7f13a13e
button-press-v3,101,17,Clean repeat,98003,1,1,0669fcac6a20480647ab2786838142ad14862f2d1127887f5b63e69d7c1616c6,8c6eb91eb1cf150419d0f5bcfdcf79fd8fcef54b58a8733496ad8d4885635ee5
button-press-v3,101,17,Clean repeat,98004,1,1,0669fcac6a20480647ab2786838142ad14862f2d1127887f5b63e69d7c1616c6,85db5195cf2dfc60c6f00cf3bd7201209bc90ebac613f43509553c96238e0bfc
button-press-v3,101,17,Clean repeat,98005,1,1,0669fcac6a20480647ab2786838142ad14862f2d1127887f5b63e69d7c1616c6,ddd6f83cb684aacb924f9ad6f7f3fd35a2559e139aa95ee1de2006d4e3f0deff
button-press-v3,101,17,Clean repeat,98006,1,1,0669fcac6a20480647ab2786838142ad14862f2d1127887f5b63e69d7c1616c6,f610dfe96222c3a2b245152eb87de98b9a122a9dd90babf1a23a8e2a0633f4d4
button-press-v3,101,17,Clean repeat,98007,1,1,0669fcac6a20480647ab2786838142ad14862f2d1127887f5b63e69d7c1616c6,dab5a9ce8399fd743fb99ed4b1aa465646eae428ae95625bb3d687d297d7644a
button-press-v3,101,17,Clean repeat,98008,1,1,0669fcac6a20480647ab2786838142ad14862f2d1127887f5b63e69d7c1616c6,aabb63cfd600e8bf24117a0fc59d663bdf31caa191d4b18d87afb32a46e820a0
button-press-v3,101,17,Clean repeat,98009,1,1,0669fcac6a20480647ab2786838142ad14862f2d1127887f5b63e69d7c1616c6,57029283e3a047a7d774149be3a1e71b39663b87d1eb08fa12ba9afaac0ca5c9
button-press-v3,101,17,Clean repeat,98010,1,1,0669fcac6a20480647ab2786838142ad14862f2d1127887f5b63e69d7c1616c6,beb0047c5957aafac81def129b5e4398dde581e035a80547ea3bfb2e8d380fa4
button-press-v3,101,17,Clean repeat,98011,1,1,0669fcac6a20480647ab2786838142ad14862f2d1127887f5b63e69d7c1616c6,ecb12e341a13eb4656706d162961832affc62deb829b68efd2d305b91aaed8aa
button-press-v3,101,17,Clean repeat,98012,1,1,0669fcac6a20480647ab2786838142ad14862f2d1127887f5b63e69d7c1616c6,f67fcc1728cf43e3126121de6b0f3e3f8bdea546a96e9c35cc953101e7380dd1
button-press-v3,101,17,Clean repeat,98013,1,1,0669fcac6a20480647ab2786838142ad14862f2d1127887f5b63e69d7c1616c6,7159f12a6a3d0d000a2a01545984e2f97609d618b08192a8529344a99a404a0b
button-press-v3,101,17,Clean repeat,98014,1,1,0669fcac6a20480647ab2786838142ad14862f2d1127887f5b63e69d7c1616c6,505c083358a41272da34b7f9d813a4a22ccc6559091142c914259f879f17a257
button-press-v3,101,17,Clean repeat,98015,1,1,0669fcac6a20480647ab2786838142ad14862f2d1127887f5b63e69d7c1616c6,73bd0c1467eefc8651c23dd799d0e76e35c578e58dd6d856fb7b87ba262fdc74
button-press-v3,101,17,Clean repeat,98016,1,1,0669fcac6a20480647ab2786838142ad14862f2d1127887f5b63e69d7c1616c6,4ec07cde0816906c211d37895938c4a801c4df61ae37b07884382456524b8f2c
button-press-v3,101,17,Clean repeat,98017,1,1,0669fcac6a20480647ab2786838142ad14862f2d1127887f5b63e69d7c1616c6,5bce172ec2ce2b9243fe5765195cf5c066dd39e83317c1fe11310319e335ad9f
button-press-v3,101,17,Clean repeat,98018,1,1,0669fcac6a20480647ab2786838142ad14862f2d1127887f5b63e69d7c1616c6,77711534ca729861d0b260539346aea23911a3ecb027c9ce5f0e2f680626d169
button-press-v3,101,17,Clean repeat,98019,1,1,0669fcac6a20480647ab2786838142ad14862f2d1127887f5b63e69d7c1616c6,a26b62dbec5598d33868e5c15b533a286896a897bf790c86ed0af351c90ccec5
button-press-v3,101,17,Gaussian recovery,98000,1,1,7b452382d0749b7980e4ac1ce42fd328d8b67b286e44b3a67370ff76b956bc03,36595429d4665f7952cb0834a0237ec0f2723a8a84fb0287ec0a60f4c52b4517
button-press-v3,101,17,Gaussian recovery,98001,1,1,7b452382d0749b7980e4ac1ce42fd328d8b67b286e44b3a67370ff76b956bc03,d197e4354531ab22cdf8f51043bf75777cb9ce6fc88ea6af60ae73522816214f
button-press-v3,101,17,Gaussian recovery,98002,1,1,7b452382d0749b7980e4ac1ce42fd328d8b67b286e44b3a67370ff76b956bc03,4295b32b686b0b3a7a8b8ae60352abea5ea0b69ed71dac64d74ca467267a2eab
button-press-v3,101,17,Gaussian recovery,98003,1,1,7b452382d0749b7980e4ac1ce42fd328d8b67b286e44b3a67370ff76b956bc03,afb4c50d41161b2521c594c9e365ed5d118b5454ac3973d36c4aec63440b71b6
button-press-v3,101,17,Gaussian recovery,98004,1,1,7b452382d0749b7980e4ac1ce42fd328d8b67b286e44b3a67370ff76b956bc03,72c78e0d69dfa7fce642fbbaf60cf4ce366835ca9ea2e3f9bdb6e0ddbd85ef17
button-press-v3,101,17,Gaussian recovery,98005,1,1,7b452382d0749b7980e4ac1ce42fd328d8b67b286e44b3a67370ff76b956bc03,f7c5fdb90c92f636575ba58f2f73ef698b6cf2e544d448d2d30864475caf67b9
button-press-v3,101,17,Gaussian recovery,98006,1,1,7b452382d0749b7980e4ac1ce42fd328d8b67b286e44b3a67370ff76b956bc03,29fa40d91c2c3e2e288081c8bcc04bdb6333a59d10379322ada7398599b19b46
button-press-v3,101,17,Gaussian recovery,98007,1,1,7b452382d0749b7980e4ac1ce42fd328d8b67b286e44b3a67370ff76b956bc03,ee680656f6353b829fad9bdd78578010289e7941e66b0761990c7762e86ad98b
button-press-v3,101,17,Gaussian recovery,98008,1,1,7b452382d0749b7980e4ac1ce42fd328d8b67b286e44b3a67370ff76b956bc03,a8bc57493f257c0b225eeb6d83956e098424bd9e6fd975bf3e9fa424894121c1
button-press-v3,101,17,Gaussian recovery,98009,1,1,7b452382d0749b7980e4ac1ce42fd328d8b67b286e44b3a67370ff76b956bc03,7da8891c296bb16c4a65b05527ba142f08b6be890bc9fcaeb21a7aa4c6af821f
button-press-v3,101,17,Gaussian recovery,98010,1,1,7b452382d0749b7980e4ac1ce42fd328d8b67b286e44b3a67370ff76b956bc03,ec30551eeec9fbaf437bfe81db2bfe5a3d29a6319aedded638e2ed597e36d40d
button-press-v3,101,17,Gaussian recovery,98011,1,1,7b452382d0749b7980e4ac1ce42fd328d8b67b286e44b3a67370ff76b956bc03,ad301f3d037b5ee0f970312bd10d05ea99a9bb3545d0df2631af929e90487015
button-press-v3,101,17,Gaussian recovery,98012,1,1,7b452382d0749b7980e4ac1ce42fd328d8b67b286e44b3a67370ff76b956bc03,cc12ec1e76cc26e453a744a5c01caf944d504822ff032be8d0eeb7d1b72c183b
button-press-v3,101,17,Gaussian recovery,98013,1,1,7b452382d0749b7980e4ac1ce42fd328d8b67b286e44b3a67370ff76b956bc03,03018416121e00556276f064f17cafa098e57a6bd01b1565cad7ce2a41afbe70
button-press-v3,101,17,Gaussian recovery,98014,1,1,7b452382d0749b7980e4ac1ce42fd328d8b67b286e44b3a67370ff76b956bc03,d551537090841c68f98ff94fc745ea1b3ed6ff5a6d9b34b558a366f05931c1ed
button-press-v3,101,17,Gaussian recovery,98015,1,1,7b452382d0749b7980e4ac1ce42fd328d8b67b286e44b3a67370ff76b956bc03,66e4a2444e80f74dec4a95baa11f675c8ca9fb79c37716aeec61ed1252f7c27f
button-press-v3,101,17,Gaussian recovery,98016,1,1,7b452382d0749b7980e4ac1ce42fd328d8b67b286e44b3a67370ff76b956bc03,a953251312b79fe4fd4060bddb921faeab57251ed4956802ce7fac3d36297510
button-press-v3,101,17,Gaussian recovery,98017,1,1,7b452382d0749b7980e4ac1ce42fd328d8b67b286e44b3a67370ff76b956bc03,19cd783096535d1bf9fda88f61f491a1cfddb187c67738e66bdaefe3e4286ed0
button-press-v3,101,17,Gaussian recovery,98018,1,1,7b452382d0749b7980e4ac1ce42fd328d8b67b286e44b3a67370ff76b956bc03,13ef014de300b12ec1059ce48d1191c2a834c9659b9d101205d3f39225a50919
button-press-v3,101,17,Gaussian recovery,98019,1,1,7b452382d0749b7980e4ac1ce42fd328d8b67b286e44b3a67370ff76b956bc03,e4575515db8053784720d5e5a1a2be01645d663180303fc8face39a5de48ff26
button-press-v3,101,17,SCANA-R,98000,1,1,672f6185b9467916ae45848fd5296c5f9f93b272e7e2a254960024dea0bcec08,26e1b5f2e55c9826ef22a3ddd0f091b2e31329425342bca08d8a2e76f77aa707
button-press-v3,101,17,SCANA-R,98001,1,1,672f6185b9467916ae45848fd5296c5f9f93b272e7e2a254960024dea0bcec08,8c1e76a3f14129e8dc876b0f5f49bc619014834cbf063a33dac31b7ab4645eb6
button-press-v3,101,17,SCANA-R,98002,1,1,672f6185b9467916ae45848fd5296c5f9f93b272e7e2a254960024dea0bcec08,18200d7c2bd29ce50d496af9bf047aaf83288e1904aa73a4f8281a8ca28e535d
button-press-v3,101,17,SCANA-R,98003,1,1,672f6185b9467916ae45848fd5296c5f9f93b272e7e2a254960024dea0bcec08,eead90761247c19c4b7b96704d751d300f10ce43bc4ed977239f740346086ac3
button-press-v3,101,17,SCANA-R,98004,1,1,672f6185b9467916ae45848fd5296c5f9f93b272e7e2a254960024dea0bcec08,591b3cfc88fb80bc4fef974bf2eeebae9f8cd048ebb4fc8694af5465869487ae
button-press-v3,101,17,SCANA-R,98005,1,1,672f6185b9467916ae45848fd5296c5f9f93b272e7e2a254960024dea0bcec08,1b92e73e38fe3b86a9c269bfc3088bcfcbd1086423930154be0127c1ff6e2604
button-press-v3,101,17,SCANA-R,98006,1,1,672f6185b9467916ae45848fd5296c5f9f93b272e7e2a254960024dea0bcec08,f7fa28ec73dead090394a45f2d810d3c0f5a7a829e923ae99c03b9c8663b8f56
button-press-v3,101,17,SCANA-R,98007,1,1,672f6185b9467916ae45848fd5296c5f9f93b272e7e2a254960024dea0bcec08,c5939f09134bba9c6fcf6a54712f7d2737880c7c9b5180574b9ca1c7f996369a
button-press-v3,101,17,SCANA-R,98008,1,1,672f6185b9467916ae45848fd5296c5f9f93b272e7e2a254960024dea0bcec08,3c6bc50495b00ee531d74512029957c761c43a2efad4db6e6f2eaecd4ba14c69
button-press-v3,101,17,SCANA-R,98009,1,1,672f6185b9467916ae45848fd5296c5f9f93b272e7e2a254960024dea0bcec08,1c7064e6426ca704bd11f70c4dabec1d809eb2c88f9d7ad8a2b5937826c758b8
button-press-v3,101,17,SCANA-R,98010,1,1,672f6185b9467916ae45848fd5296c5f9f93b272e7e2a254960024dea0bcec08,76a1ff440b56614f54a70f8c9947ee9592d72d0185926af681ee0b2c51be9da8
button-press-v3,101,17,SCANA-R,98011,1,1,672f6185b9467916ae45848fd5296c5f9f93b272e7e2a254960024dea0bcec08,2611cacd87bc04d662bc36a4280c850e2d09151e587a84f63cba9d5154bdc49e
button-press-v3,101,17,SCANA-R,98012,1,1,672f6185b9467916ae45848fd5296c5f9f93b272e7e2a254960024dea0bcec08,110e6a2e1c5a4e645663613c627d15fa891445d488dbccd3f0fc6a317e38d113
button-press-v3,101,17,SCANA-R,98013,1,1,672f6185b9467916ae45848fd5296c5f9f93b272e7e2a254960024dea0bcec08,a7f1ee754842d06252049f2b0ca4cf80a5fffb1e85b067d1f672c538742ca304
button-press-v3,101,17,SCANA-R,98014,1,1,672f6185b9467916ae45848fd5296c5f9f93b272e7e2a254960024dea0bcec08,7ac434b6c2bb8b4946b89c79c6d2a20478c94cdea0ec21f21979077fff7da8d3
button-press-v3,101,17,SCANA-R,98015,1,1,672f6185b9467916ae45848fd5296c5f9f93b272e7e2a254960024dea0bcec08,10b40ebd251c629ff9c63062f98a5b060fb456df0faf5b174f021d0593ad32a4
button-press-v3,101,17,SCANA-R,98016,1,1,672f6185b9467916ae45848fd5296c5f9f93b272e7e2a254960024dea0bcec08,449b97a8689349e3ad74d2ae9a7dd0007b019738e11f35d9a1d8cd74ee476c9a
button-press-v3,101,17,SCANA-R,98017,1,1,672f6185b9467916ae45848fd5296c5f9f93b272e7e2a254960024dea0bcec08,b0b4a448c9e76ecfeaf30ba5502398bee89952640391aec080673d86c181bb1e
button-press-v3,101,17,SCANA-R,98018,1,1,672f6185b9467916ae45848fd5296c5f9f93b272e7e2a254960024dea0bcec08,496642ddf055567b8408a7ae15a798330f7e41de65218e5a199a9910dbcccf7d
button-press-v3,101,17,SCANA-R,98019,1,1,672f6185b9467916ae45848fd5296c5f9f93b272e7e2a254960024dea0bcec08,248dbb039837364b249603b141dffa8e6f77fd1e38d022a381d581393e08dfb5
button-press-v3,101,29,Clean repeat,98000,1,1,0f7c118fe8c6c203e189ae63527878cd552ac16ea5250116372ab79a7bd5dba0,fe1c75d42b378bee64a126cb082cda3a6ac8c537982c3baf6198fd5a321edc6c
button-press-v3,101,29,Clean repeat,98001,1,1,0f7c118fe8c6c203e189ae63527878cd552ac16ea5250116372ab79a7bd5dba0,50b9bf6288925e21a39306661af5f6b7df021c00f894464915f0c52013016d1b
button-press-v3,101,29,Clean repeat,98002,1,1,0f7c118fe8c6c203e189ae63527878cd552ac16ea5250116372ab79a7bd5dba0,d32069f9b876c2c30812f8827c31f37ba67304ee00e46d8db097cfbc30937550
button-press-v3,101,29,Clean repeat,98003,1,1,0f7c118fe8c6c203e189ae63527878cd552ac16ea5250116372ab79a7bd5dba0,41ba7626427b0c39c8d5dded6419b76c7cb201e0004d2d314d7e50324d5a3a26
button-press-v3,101,29,Clean repeat,98004,1,1,0f7c118fe8c6c203e189ae63527878cd552ac16ea5250116372ab79a7bd5dba0,a220765e1fd03715c8c0619aab1b469d0fdf0f07e895c26fa3ddd8d906350640
button-press-v3,101,29,Clean repeat,98005,1,1,0f7c118fe8c6c203e189ae63527878cd552ac16ea5250116372ab79a7bd5dba0,c5890c1c03348314a13a0ef3b33982baaf42c458f11dbb32054aa9f7fdf2b586
button-press-v3,101,29,Clean repeat,98006,1,1,0f7c118fe8c6c203e189ae63527878cd552ac16ea5250116372ab79a7bd5dba0,c20db676ca71347ed3470563f496f3786839eb24809db44bce92c67d35174f4a
button-press-v3,101,29,Clean repeat,98007,1,1,0f7c118fe8c6c203e189ae63527878cd552ac16ea5250116372ab79a7bd5dba0,d45b761b00954f554cc04b02c17b05b378ea43d229dd8458a7073fbaf7f73dd4
button-press-v3,101,29,Clean repeat,98008,1,1,0f7c118fe8c6c203e189ae63527878cd552ac16ea5250116372ab79a7bd5dba0,e0eabe0db78d04f6de841b5aa2f9ac631c3af3fffea73e276971ca7a2c01c0a8
button-press-v3,101,29,Clean repeat,98009,1,1,0f7c118fe8c6c203e189ae63527878cd552ac16ea5250116372ab79a7bd5dba0,8eade54864e363967b577aa588e0c955f7e257a612a8353fef260d7075e487c9
button-press-v3,101,29,Clean repeat,98010,1,1,0f7c118fe8c6c203e189ae63527878cd552ac16ea5250116372ab79a7bd5dba0,c5cffcfd989d0e9dc829a72a0074686d78f75a3b484b0d29d9a3f8a7e19c006a
button-press-v3,101,29,Clean repeat,98011,1,1,0f7c118fe8c6c203e189ae63527878cd552ac16ea5250116372ab79a7bd5dba0,24509ba66c9cd8e90faa3ff60164b7c9b3e027878007cef1abe018ccf81c635d
button-press-v3,101,29,Clean repeat,98012,1,1,0f7c118fe8c6c203e189ae63527878cd552ac16ea5250116372ab79a7bd5dba0,15686ad11fc46f0a7a220f7231e58addcf428f8c3257f8127affde6dc9d1caee
button-press-v3,101,29,Clean repeat,98013,1,1,0f7c118fe8c6c203e189ae63527878cd552ac16ea5250116372ab79a7bd5dba0,6008e4d8c1239e8285d316017c80f138a346fcf73304a302167d8a03869dee9a
button-press-v3,101,29,Clean repeat,98014,1,1,0f7c118fe8c6c203e189ae63527878cd552ac16ea5250116372ab79a7bd5dba0,2ada320dbe47062c47841f53dccd6d842820e85a477816b617e934c6f07f8358
button-press-v3,101,29,Clean repeat,98015,1,1,0f7c118fe8c6c203e189ae63527878cd552ac16ea5250116372ab79a7bd5dba0,7845f1a2c88dc3339afe8b25a43b57480e0b26ac1a3d94ae61764d9d46888c87
button-press-v3,101,29,Clean repeat,98016,1,1,0f7c118fe8c6c203e189ae63527878cd552ac16ea5250116372ab79a7bd5dba0,1e88858d6f882255fdac2fc78a5c084ed20c484daa89d2a9fb257c4df86493eb
button-press-v3,101,29,Clean repeat,98017,1,1,0f7c118fe8c6c203e189ae63527878cd552ac16ea5250116372ab79a7bd5dba0,aa1e68fadc121d1de9e8cdbe82e7509ff6986ec1837ed26549b7d18aec0a4e3f
button-press-v3,101,29,Clean repeat,98018,1,1,0f7c118fe8c6c203e189ae63527878cd552ac16ea5250116372ab79a7bd5dba0,9cfd78631b77d861291b5609ce3906dca2ff866a7f7693ac1497d51b796b3780
button-press-v3,101,29,Clean repeat,98019,1,1,0f7c118fe8c6c203e189ae63527878cd552ac16ea5250116372ab79a7bd5dba0,9c0d2b23fc375e18ff3dd22e171dfae9f3ba8f145458b84d47cf5d1237ddcfe7
button-press-v3,101,29,Gaussian recovery,98000,1,1,b4a17e9ee9bab1988c8709ef8d2088dee35766aa078f35417d7830817b3b7ff4,1729a3fdc4d2a3a11c5479503ae387b539351685ef203f29d51faa9706212cf9
button-press-v3,101,29,Gaussian recovery,98001,1,1,b4a17e9ee9bab1988c8709ef8d2088dee35766aa078f35417d7830817b3b7ff4,2714235af80fe9b4d0325380e327a016b12c2b35dd76a01ea961739fe8a7bde5
button-press-v3,101,29,Gaussian recovery,98002,1,1,b4a17e9ee9bab1988c8709ef8d2088dee35766aa078f35417d7830817b3b7ff4,bcb8ce30bbaf1569f3e4fb9289efeb6ee75628095bde4d024d6c5477d1135ffe
button-press-v3,101,29,Gaussian recovery,98003,1,1,b4a17e9ee9bab1988c8709ef8d2088dee35766aa078f35417d7830817b3b7ff4,d853a3d5edebb164e3d1684b4378b006183a28d748f00b72318d57281c30a913
button-press-v3,101,29,Gaussian recovery,98004,1,1,b4a17e9ee9bab1988c8709ef8d2088dee35766aa078f35417d7830817b3b7ff4,1349caca9c9e718ed824fa24d8890f36aac391cbcf339a5fa5ee70476dfd1367
button-press-v3,101,29,Gaussian recovery,98005,1,1,b4a17e9ee9bab1988c8709ef8d2088dee35766aa078f35417d7830817b3b7ff4,6409b678a0031b53ee5937e3586ce74fd219d1898720abab93a8677a85c9ac3c
button-press-v3,101,29,Gaussian recovery,98006,1,1,b4a17e9ee9bab1988c8709ef8d2088dee35766aa078f35417d7830817b3b7ff4,13546f9e81f3ed62a6302667eec021e09738af8836c992c7262729905734720c
button-press-v3,101,29,Gaussian recovery,98007,1,1,b4a17e9ee9bab1988c8709ef8d2088dee35766aa078f35417d7830817b3b7ff4,4d682f74a9df41b13560b0ad304d45bdbdc26df93dad0f85eb4d5a548dfc3c42
button-press-v3,101,29,Gaussian recovery,98008,1,1,b4a17e9ee9bab1988c8709ef8d2088dee35766aa078f35417d7830817b3b7ff4,0b0784884d9c174ee5e297387843a7baa28eaac07fc1e7ea5fae76f357a71bf6
button-press-v3,101,29,Gaussian recovery,98009,1,1,b4a17e9ee9bab1988c8709ef8d2088dee35766aa078f35417d7830817b3b7ff4,f5ac4f4ce78e1e71ada36855e3ed17070f9518e160f508395ccc28c7960210cf
button-press-v3,101,29,Gaussian recovery,98010,1,1,b4a17e9ee9bab1988c8709ef8d2088dee35766aa078f35417d7830817b3b7ff4,c28d8d409812b123603c425af1a98679f2c903139cb5f69ad18adc893044a4b5
button-press-v3,101,29,Gaussian recovery,98011,1,1,b4a17e9ee9bab1988c8709ef8d2088dee35766aa078f35417d7830817b3b7ff4,e7c5bff81b2f156e0592b773c18398d6c4af3f7475a04beb591ed10d2bb8be77
button-press-v3,101,29,Gaussian recovery,98012,1,1,b4a17e9ee9bab1988c8709ef8d2088dee35766aa078f35417d7830817b3b7ff4,2060e8bb3b2d5c6a742e92ee0c980e80c5f291d641b2ee4fd033be6655b88d4a
button-press-v3,101,29,Gaussian recovery,98013,1,1,b4a17e9ee9bab1988c8709ef8d2088dee35766aa078f35417d7830817b3b7ff4,623b0091ab75689d608cba31833da64ed6e758665697da2da6140149538af0cd
button-press-v3,101,29,Gaussian recovery,98014,1,1,b4a17e9ee9bab1988c8709ef8d2088dee35766aa078f35417d7830817b3b7ff4,da56bee9ab8da0d52bf66d08e752f0ce1f8ab91d96595dd7eadc02e9bf02caac
button-press-v3,101,29,Gaussian recovery,98015,1,1,b4a17e9ee9bab1988c8709ef8d2088dee35766aa078f35417d7830817b3b7ff4,dd0a2497ef3dc32e95e205d760d22e97d705c4bbe3e0da74a1663df7999f753b
button-press-v3,101,29,Gaussian recovery,98016,1,1,b4a17e9ee9bab1988c8709ef8d2088dee35766aa078f35417d7830817b3b7ff4,8b24e078f63edd4fc475372672efb95e3f14a6faa7120a433c4d911e8f7efadf
button-press-v3,101,29,Gaussian recovery,98017,1,1,b4a17e9ee9bab1988c8709ef8d2088dee35766aa078f35417d7830817b3b7ff4,8b2bbeb4d1bafcb7e2c0860f912cd7daa569b561d6a91be3b69dc2c95dcde982
button-press-v3,101,29,Gaussian recovery,98018,1,1,b4a17e9ee9bab1988c8709ef8d2088dee35766aa078f35417d7830817b3b7ff4,1ab3e3b4486b11cd696392cce46edfc61b68f019bef3f059dc31d31894067c35
button-press-v3,101,29,Gaussian recovery,98019,1,1,b4a17e9ee9bab1988c8709ef8d2088dee35766aa078f35417d7830817b3b7ff4,ae27000cedca3770cccc3649bb6847b3a0663b89c639336c893fcceec2ec595b
button-press-v3,101,29,SCANA-R,98000,1,1,6748a817a25105317a3d4af8e846e80a6b32d8da6b7e03c35bdf58d9d57966a9,861da90d4f5e4d0ae00ce34496751abc4081b7a89c323a3ba23231381b369c3e
button-press-v3,101,29,SCANA-R,98001,1,1,6748a817a25105317a3d4af8e846e80a6b32d8da6b7e03c35bdf58d9d57966a9,1a7876f0cdd65a6c96ad05822bfd0b041538cc6a9a6bb3441bc720590efb7d2f
button-press-v3,101,29,SCANA-R,98002,1,1,6748a817a25105317a3d4af8e846e80a6b32d8da6b7e03c35bdf58d9d57966a9,2b95b5fafea04cbd0653510f22cf902b50690ab46218aed869397ec32b29e32f
button-press-v3,101,29,SCANA-R,98003,1,1,6748a817a25105317a3d4af8e846e80a6b32d8da6b7e03c35bdf58d9d57966a9,11f562e31ceab4e90280625be37a9e989d6d082414540f6cfe712d8e1d3967f8
button-press-v3,101,29,SCANA-R,98004,1,1,6748a817a25105317a3d4af8e846e80a6b32d8da6b7e03c35bdf58d9d57966a9,8ebc0dc94c18c33cceaad8fd2fa1e979f013030434282f0105f90e225963a04c
button-press-v3,101,29,SCANA-R,98005,1,1,6748a817a25105317a3d4af8e846e80a6b32d8da6b7e03c35bdf58d9d57966a9,d057c32bbc2ef517ed24f2dec0ad859a68f59f9e0ed4da1de257124f6e501a1e
button-press-v3,101,29,SCANA-R,98006,1,1,6748a817a25105317a3d4af8e846e80a6b32d8da6b7e03c35bdf58d9d57966a9,e9f964e03ebb4a19c7a29f5cbf226e459184ab4a39e997c71656ffe6fabd2706
button-press-v3,101,29,SCANA-R,98007,1,1,6748a817a25105317a3d4af8e846e80a6b32d8da6b7e03c35bdf58d9d57966a9,2d93ffd801f226edafed9c3d216665d33f5e9bbf484bc58ad46366285962b8a6
button-press-v3,101,29,SCANA-R,98008,1,1,6748a817a25105317a3d4af8e846e80a6b32d8da6b7e03c35bdf58d9d57966a9,e8e9cb6dd1ca9124fd5ec90e7e7334f736948a948cf53821c4425a5a69233fc4
button-press-v3,101,29,SCANA-R,98009,1,1,6748a817a25105317a3d4af8e846e80a6b32d8da6b7e03c35bdf58d9d57966a9,fc89f5cbded3599f2c1c83694a548de56f7794e9d4f20c410a1a021937d1179d
button-press-v3,101,29,SCANA-R,98010,1,1,6748a817a25105317a3d4af8e846e80a6b32d8da6b7e03c35bdf58d9d57966a9,f60213c9e3738115b897d0898a6befe181cf99990d99b626ae53f8830c3c2829
button-press-v3,101,29,SCANA-R,98011,1,1,6748a817a25105317a3d4af8e846e80a6b32d8da6b7e03c35bdf58d9d57966a9,f35744b226896fbdf5a57059748d5b486615014b5b26d651e5d63446b8838c0e
button-press-v3,101,29,SCANA-R,98012,1,1,6748a817a25105317a3d4af8e846e80a6b32d8da6b7e03c35bdf58d9d57966a9,9ccc000c687fc3682d743b3a88afddb7b0a65d9ca6b7b20c5095beffafd7b467
button-press-v3,101,29,SCANA-R,98013,1,1,6748a817a25105317a3d4af8e846e80a6b32d8da6b7e03c35bdf58d9d57966a9,c01ab0b1ad8024974b5f8f4e02f807914add800797cbba3c6dd9a19786a6292f
button-press-v3,101,29,SCANA-R,98014,1,1,6748a817a25105317a3d4af8e846e80a6b32d8da6b7e03c35bdf58d9d57966a9,421838e123051beb5f9a29a6a7f8f07f173dca5806d54f2f86ebc7e3721acabd
button-press-v3,101,29,SCANA-R,98015,1,1,6748a817a25105317a3d4af8e846e80a6b32d8da6b7e03c35bdf58d9d57966a9,2b019874bd19e159996edace322a887a5353d35a5faf8fe41ffdb496fb0b715f
button-press-v3,101,29,SCANA-R,98016,1,1,6748a817a25105317a3d4af8e846e80a6b32d8da6b7e03c35bdf58d9d57966a9,2acaf13fc5b1d2b61d17796616d5ca722029e9de7fb4b1db4d4b5f5e53e7ceea
button-press-v3,101,29,SCANA-R,98017,1,1,6748a817a25105317a3d4af8e846e80a6b32d8da6b7e03c35bdf58d9d57966a9,47fd9f993a6f01f2ed0b9ea445112e937a9a3bb51bdb997ae81f9f6331d6cced
button-press-v3,101,29,SCANA-R,98018,1,1,6748a817a25105317a3d4af8e846e80a6b32d8da6b7e03c35bdf58d9d57966a9,57bd7978155fa07ecdc002ba5740edee0e818a4f301cea8b675e04a8a0efaf7c
button-press-v3,101,29,SCANA-R,98019,1,1,6748a817a25105317a3d4af8e846e80a6b32d8da6b7e03c35bdf58d9d57966a9,41c663f8cb5784d8daf6cc7a5e99b96342fe32f5dc4072631cd7cfca26de4e70
button-press-v3,101,43,Clean repeat,98000,1,1,c8563834bffd81e96f4f136cdc0593b0265aead7ccb4247ff1748de48b9c60ae,1881b25a6dd12ce8f22e575f195223c448c54427de06e31285b3a7238b8485e3
button-press-v3,101,43,Clean repeat,98001,1,1,c8563834bffd81e96f4f136cdc0593b0265aead7ccb4247ff1748de48b9c60ae,f9b7dd73cced25b47d31ce6da7c37085e6f7a05574042d257db1ac5ff71e5ccd
button-press-v3,101,43,Clean repeat,98002,1,1,c8563834bffd81e96f4f136cdc0593b0265aead7ccb4247ff1748de48b9c60ae,4f3c97063f49cd79f69ac41e881663edef027a2dd146bd1c6eedea57b3459d99
button-press-v3,101,43,Clean repeat,98003,1,1,c8563834bffd81e96f4f136cdc0593b0265aead7ccb4247ff1748de48b9c60ae,7e01851b34d5a41247522102f50e5b09daccade3a3c23da72979fd91b124b8ba
button-press-v3,101,43,Clean repeat,98004,1,1,c8563834bffd81e96f4f136cdc0593b0265aead7ccb4247ff1748de48b9c60ae,174450265484ec3079d5f751c1db1f211e628f4a6c3956dc6c445cd75b515f00
button-press-v3,101,43,Clean repeat,98005,1,1,c8563834bffd81e96f4f136cdc0593b0265aead7ccb4247ff1748de48b9c60ae,d96ad9c3f086e191f2c11233b6517822c333c11bc66e6ccb897b43d7a43cb8d0
button-press-v3,101,43,Clean repeat,98006,1,1,c8563834bffd81e96f4f136cdc0593b0265aead7ccb4247ff1748de48b9c60ae,46229ad8a1ae9250b047edcbc9307dbb8ad983eb517ca87d114382604c046505
button-press-v3,101,43,Clean repeat,98007,1,1,c8563834bffd81e96f4f136cdc0593b0265aead7ccb4247ff1748de48b9c60ae,95514e0fb04b0e36196029da67736aa0250a51f46d992598b327aaca3e44bdac
button-press-v3,101,43,Clean repeat,98008,1,1,c8563834bffd81e96f4f136cdc0593b0265aead7ccb4247ff1748de48b9c60ae,165ace73733636cdb1f1fc1f7095d0b7c029bbe0536b953e2fb04133bc3d18e7
button-press-v3,101,43,Clean repeat,98009,1,1,c8563834bffd81e96f4f136cdc0593b0265aead7ccb4247ff1748de48b9c60ae,781189c1849ec07b7c438182574bc523050507632ba01d6969c6faf066c4d2ce
button-press-v3,101,43,Clean repeat,98010,1,1,c8563834bffd81e96f4f136cdc0593b0265aead7ccb4247ff1748de48b9c60ae,b2c061d2a472ff527b31e8fc69843d74eb6f71e97d4cb0667e495458f9a50f69
button-press-v3,101,43,Clean repeat,98011,1,1,c8563834bffd81e96f4f136cdc0593b0265aead7ccb4247ff1748de48b9c60ae,d7662eee5d903d7beb6df9d3907d5bd89ffcd6c7068746192075dc5a0b14492d
button-press-v3,101,43,Clean repeat,98012,1,1,c8563834bffd81e96f4f136cdc0593b0265aead7ccb4247ff1748de48b9c60ae,249693356ebf0c56034e98f9c361e26b2935bec3aeac8078bd419c3ddd089fac
button-press-v3,101,43,Clean repeat,98013,1,1,c8563834bffd81e96f4f136cdc0593b0265aead7ccb4247ff1748de48b9c60ae,66825dbf115c23f3f64cea554932fd54156f19aa714bba6bd5168838f82ccdad
button-press-v3,101,43,Clean repeat,98014,1,1,c8563834bffd81e96f4f136cdc0593b0265aead7ccb4247ff1748de48b9c60ae,75f2b857d2fb48fd2e9a4f144180d20ba09c61a9e3abcd993840eff57f340b15
button-press-v3,101,43,Clean repeat,98015,1,1,c8563834bffd81e96f4f136cdc0593b0265aead7ccb4247ff1748de48b9c60ae,2ecee3e9d624e6fb9bd298ae6afdcb690cb73c2c05ba72e2edce549fecb4ecd5
button-press-v3,101,43,Clean repeat,98016,1,1,c8563834bffd81e96f4f136cdc0593b0265aead7ccb4247ff1748de48b9c60ae,059db1f02bcfa68db01220ff32aa37231d70fbab017a95fbf6803bf9d500eeb5
button-press-v3,101,43,Clean repeat,98017,1,1,c8563834bffd81e96f4f136cdc0593b0265aead7ccb4247ff1748de48b9c60ae,efd419423d5ff3812ad8c85100a109be5c914899d2c35c6187ba704ea43c60fe
button-press-v3,101,43,Clean repeat,98018,1,1,c8563834bffd81e96f4f136cdc0593b0265aead7ccb4247ff1748de48b9c60ae,de812229d7c22df79e4017fc13e9354c8ebc397e42fefdbce89a0c10232df132
button-press-v3,101,43,Clean repeat,98019,1,1,c8563834bffd81e96f4f136cdc0593b0265aead7ccb4247ff1748de48b9c60ae,fa7579e9e50c459acae08a13e143a520f309706ffa76e3090bfcc29bee1a2a57
button-press-v3,101,43,Gaussian recovery,98000,1,1,dc2ae298e031beb1148b035decdb416ab4815c22473b6d9ce5e07316ebe7ac68,4b39db9b1f1b3e0693780057ffa4b1c4822e3ab8f481fea6b6b1bb2281f6dd85
button-press-v3,101,43,Gaussian recovery,98001,1,1,dc2ae298e031beb1148b035decdb416ab4815c22473b6d9ce5e07316ebe7ac68,0bed9b27b6a8df40e55a4171dbd3054e75a20206b0e7d76c25c42d5a020ddd33
button-press-v3,101,43,Gaussian recovery,98002,1,1,dc2ae298e031beb1148b035decdb416ab4815c22473b6d9ce5e07316ebe7ac68,82016d963dca3ee5e6126c53c9feb08a3a6e791e28989b2ff6125bdb0da54fbd
button-press-v3,101,43,Gaussian recovery,98003,1,1,dc2ae298e031beb1148b035decdb416ab4815c22473b6d9ce5e07316ebe7ac68,b485c46fe4e5464d0cfd6fb85c8ddad889bca76968a116ef38fedb23712a0843
button-press-v3,101,43,Gaussian recovery,98004,1,1,dc2ae298e031beb1148b035decdb416ab4815c22473b6d9ce5e07316ebe7ac68,d93a983d1dd5705e9e022238a642bf25810f5a2302985f4cba7bec1bf2b35e7e
button-press-v3,101,43,Gaussian recovery,98005,1,1,dc2ae298e031beb1148b035decdb416ab4815c22473b6d9ce5e07316ebe7ac68,1d4941abc89be6f3d973ff31ad973ed3a0b9ee3e5030adcc5af5537ccf69ca84
button-press-v3,101,43,Gaussian recovery,98006,1,1,dc2ae298e031beb1148b035decdb416ab4815c22473b6d9ce5e07316ebe7ac68,d46d677d420c971063f9d07f7e5cc2c1ea6c45cad5fc42e990461de4f2a21ace
button-press-v3,101,43,Gaussian recovery,98007,1,1,dc2ae298e031beb1148b035decdb416ab4815c22473b6d9ce5e07316ebe7ac68,5c862ecccffe68cdc1a2ea83d46fee7946cad1d437a81d777999c407deaa0ff5
button-press-v3,101,43,Gaussian recovery,98008,1,1,dc2ae298e031beb1148b035decdb416ab4815c22473b6d9ce5e07316ebe7ac68,8f93917d525e6ff32d32313bd9514112301a9406245afa51e420b8bb222cdf09
button-press-v3,101,43,Gaussian recovery,98009,1,1,dc2ae298e031beb1148b035decdb416ab4815c22473b6d9ce5e07316ebe7ac68,cc7d053353044fd326f10263358961441cec93cfd6cb3294e4021affdcb0b833
button-press-v3,101,43,Gaussian recovery,98010,1,1,dc2ae298e031beb1148b035decdb416ab4815c22473b6d9ce5e07316ebe7ac68,a93452efdf51bf5f9f9beea21ae6d5a2fddeec21e628288a44b0c920ff8c9f0d
button-press-v3,101,43,Gaussian recovery,98011,1,1,dc2ae298e031beb1148b035decdb416ab4815c22473b6d9ce5e07316ebe7ac68,b4ba47dfed9176ed859f63a0fd05e66a788ea87107f435ee00de2175dd27e9c5
button-press-v3,101,43,Gaussian recovery,98012,1,1,dc2ae298e031beb1148b035decdb416ab4815c22473b6d9ce5e07316ebe7ac68,947f1ccc90c3d80febad288e6b28e100124cc05a2ef049a493328e262866ca90
button-press-v3,101,43,Gaussian recovery,98013,1,1,dc2ae298e031beb1148b035decdb416ab4815c22473b6d9ce5e07316ebe7ac68,c8d3281097e25c549d6959f366a300d643cadbd8fbf10d7056f1798674904224
button-press-v3,101,43,Gaussian recovery,98014,1,1,dc2ae298e031beb1148b035decdb416ab4815c22473b6d9ce5e07316ebe7ac68,410341112e09f22ce36d4a41dc1962b438e986dfe11ebbb9c3c5f9d153a2a589
button-press-v3,101,43,Gaussian recovery,98015,1,1,dc2ae298e031beb1148b035decdb416ab4815c22473b6d9ce5e07316ebe7ac68,5527eee20b21382be94b9ba5a8fe2d6c9932e823571d90437218b3796b8cf21c
button-press-v3,101,43,Gaussian recovery,98016,1,1,dc2ae298e031beb1148b035decdb416ab4815c22473b6d9ce5e07316ebe7ac68,5bf1bb1c26e6fed0afdccc6efb9709324e0e593c98ed8a42366a609b4d10cb02
button-press-v3,101,43,Gaussian recovery,98017,1,1,dc2ae298e031beb1148b035decdb416ab4815c22473b6d9ce5e07316ebe7ac68,5737692a5c8bf2066b6137cbafc8a873783cbd850f3e7cfe5f25d181d1ef714a
button-press-v3,101,43,Gaussian recovery,98018,1,1,dc2ae298e031beb1148b035decdb416ab4815c22473b6d9ce5e07316ebe7ac68,27f09689ebc20e04398ca6352b027a3780a29baf9ccd73cae5da762ab32ff87c
button-press-v3,101,43,Gaussian recovery,98019,1,1,dc2ae298e031beb1148b035decdb416ab4815c22473b6d9ce5e07316ebe7ac68,3a48e9f66eede26872b5e700e85ba091c579c4cb40ea00fd52199421b050fa11
button-press-v3,101,43,SCANA-R,98000,1,1,7bdb27141bc40b1dcfdefb432a76dab87747d49f5a2cffc936d604dae4bf7237,36b48df8c8fe32c93abb75f431566bfa8fd0ade32d21241e21e9039f5e0195fd
button-press-v3,101,43,SCANA-R,98001,1,1,7bdb27141bc40b1dcfdefb432a76dab87747d49f5a2cffc936d604dae4bf7237,95faf332ff6d11e5fae77c4eac50c89c14cd20a64bada0533b1bfd5e40926cac
button-press-v3,101,43,SCANA-R,98002,1,1,7bdb27141bc40b1dcfdefb432a76dab87747d49f5a2cffc936d604dae4bf7237,f7d9db95b92e1ca4459175c7dc8c2c6033656615849dded129bd9c5b98e7be04
button-press-v3,101,43,SCANA-R,98003,1,1,7bdb27141bc40b1dcfdefb432a76dab87747d49f5a2cffc936d604dae4bf7237,738328bd045f303b96f3384cd47e14d80e6a4a7b3b65969e4d8b1333c387cfce
button-press-v3,101,43,SCANA-R,98004,1,1,7bdb27141bc40b1dcfdefb432a76dab87747d49f5a2cffc936d604dae4bf7237,5fbca66c8cd1e7bd0014e475cfdb0fa9eab7b901f8fb1fdb93e39ec2face5529
button-press-v3,101,43,SCANA-R,98005,1,1,7bdb27141bc40b1dcfdefb432a76dab87747d49f5a2cffc936d604dae4bf7237,c8a89fb279effa20f688ba8684de9f7ee360a4357412e81842bed738f8b0c0e5
button-press-v3,101,43,SCANA-R,98006,1,1,7bdb27141bc40b1dcfdefb432a76dab87747d49f5a2cffc936d604dae4bf7237,e142b2d40a6ff4e2eae5cffa5c39a62779ef8f37a4508b70242ff331fe265532
button-press-v3,101,43,SCANA-R,98007,1,1,7bdb27141bc40b1dcfdefb432a76dab87747d49f5a2cffc936d604dae4bf7237,d60529aad7a528ff725f02d334ae806776b4c40b3c0e81583cb1d7d7614f74e3
button-press-v3,101,43,SCANA-R,98008,1,1,7bdb27141bc40b1dcfdefb432a76dab87747d49f5a2cffc936d604dae4bf7237,49d220d4ea13865fe32f4c36185995e8a09c1ef1905267700420f8745bb9dcc5
button-press-v3,101,43,SCANA-R,98009,1,1,7bdb27141bc40b1dcfdefb432a76dab87747d49f5a2cffc936d604dae4bf7237,c0611bab0776f3a96f06f78d7d72ae895c362e35097a27f523962d07bc4ce3c9
button-press-v3,101,43,SCANA-R,98010,1,1,7bdb27141bc40b1dcfdefb432a76dab87747d49f5a2cffc936d604dae4bf7237,6adc8fc4eab16dfba5dd6e37ca0bd75816fe158cfc24380fffd5d7a075ecec75
button-press-v3,101,43,SCANA-R,98011,1,1,7bdb27141bc40b1dcfdefb432a76dab87747d49f5a2cffc936d604dae4bf7237,75be1af5b74d75909422313f4f2dc66523127908890e052fbf7cd7d2c2c4e013
button-press-v3,101,43,SCANA-R,98012,1,1,7bdb27141bc40b1dcfdefb432a76dab87747d49f5a2cffc936d604dae4bf7237,1cc1a04933a844f936c23e7a484be247e7f9b775151c6f310de4e3fd97cb257c
button-press-v3,101,43,SCANA-R,98013,1,1,7bdb27141bc40b1dcfdefb432a76dab87747d49f5a2cffc936d604dae4bf7237,acedaaba7992bf0375f0b1e003f60e6f4cccced18fb198b0fabf8142b3439ad3
button-press-v3,101,43,SCANA-R,98014,1,1,7bdb27141bc40b1dcfdefb432a76dab87747d49f5a2cffc936d604dae4bf7237,8f5a5ac1831b2ea71229c77875a325a3bc37efe0bad1516c1e673e832f69cb6f
button-press-v3,101,43,SCANA-R,98015,1,1,7bdb27141bc40b1dcfdefb432a76dab87747d49f5a2cffc936d604dae4bf7237,a7de46f158676e23d4605d111f6dcb30a18657c4d254438cb7cbefb2a5990473
button-press-v3,101,43,SCANA-R,98016,1,1,7bdb27141bc40b1dcfdefb432a76dab87747d49f5a2cffc936d604dae4bf7237,fa6140445e8fa0301f526603e41c92ea5ad7f6091b6f92064e4c7a5a57f08da5
button-press-v3,101,43,SCANA-R,98017,1,1,7bdb27141bc40b1dcfdefb432a76dab87747d49f5a2cffc936d604dae4bf7237,9478043cfccc8d4498b706586d91bd6e0230ab78cbcac052595c88c1cfbeb587
button-press-v3,101,43,SCANA-R,98018,1,1,7bdb27141bc40b1dcfdefb432a76dab87747d49f5a2cffc936d604dae4bf7237,ad744635781f9f79f6678af2b88f46bbfd9a69ad1091e47caebb3c8ad29f0038
button-press-v3,101,43,SCANA-R,98019,1,1,7bdb27141bc40b1dcfdefb432a76dab87747d49f5a2cffc936d604dae4bf7237,bc3c9535280754d88d3bce90e941c88f7ae99141e9a8476568d0946567967a3c
button-press-v3,211,17,Clean repeat,98000,1,1,f999518bcd608261f54adcb8038b0037311594e0b97c800fb7c887838558a913,408ba78801dbd2b84001b84785df491350f38161db40e3d9b1f56bf074889547
button-press-v3,211,17,Clean repeat,98001,1,1,f999518bcd608261f54adcb8038b0037311594e0b97c800fb7c887838558a913,2ca7368b8cc4d2d6d0154ae77776adf076eb7ba189c261488f609747e0bfaf08
button-press-v3,211,17,Clean repeat,98002,1,1,f999518bcd608261f54adcb8038b0037311594e0b97c800fb7c887838558a913,e7f1ba2f178025fbf1e1b30eb250b3c1961ac8e5b3b5737aa17c06da8a2f8ee1
button-press-v3,211,17,Clean repeat,98003,1,1,f999518bcd608261f54adcb8038b0037311594e0b97c800fb7c887838558a913,3644cc2d81ced7ce60fdfe15688427f6db395f785c7372aa1a003af88d4f7b9a
button-press-v3,211,17,Clean repeat,98004,1,1,f999518bcd608261f54adcb8038b0037311594e0b97c800fb7c887838558a913,c6a3c2421303eea142347e8ed8e2d565d6d07650fb64485e939ca5eeba5ab8fa
button-press-v3,211,17,Clean repeat,98005,1,1,f999518bcd608261f54adcb8038b0037311594e0b97c800fb7c887838558a913,957abf57ddc71b37d0d6e41f9191f7ba40c856cba4c8f0d896fad12e4f6061b6
button-press-v3,211,17,Clean repeat,98006,1,1,f999518bcd608261f54adcb8038b0037311594e0b97c800fb7c887838558a913,6cc8bf4b92e688118856c75937f07d3572235383303d855d5422db1e8df48520
button-press-v3,211,17,Clean repeat,98007,1,1,f999518bcd608261f54adcb8038b0037311594e0b97c800fb7c887838558a913,2fa52123c59ee3938fecbc141c2d357d7a61228cdaf78e69a5899a066b972e45
button-press-v3,211,17,Clean repeat,98008,1,1,f999518bcd608261f54adcb8038b0037311594e0b97c800fb7c887838558a913,88e6f6ddc99e74a284958eb83ad7f51877d67e7caa74083b7b0d8903464966f3
button-press-v3,211,17,Clean repeat,98009,1,1,f999518bcd608261f54adcb8038b0037311594e0b97c800fb7c887838558a913,00278e1bfd5d3b5ab2a4752f44881b75459e0e9b0e29172f640b6773c60957d7
button-press-v3,211,17,Clean repeat,98010,1,1,f999518bcd608261f54adcb8038b0037311594e0b97c800fb7c887838558a913,f0772288040d09c0121e7c2c5c31ce2ec64ac4762abf4c2dbeb4b2c21127224e
button-press-v3,211,17,Clean repeat,98011,1,1,f999518bcd608261f54adcb8038b0037311594e0b97c800fb7c887838558a913,2cef2f14b8e14e18e0437be46a6cc7c139c293dc8f6ac5ee1e34aaccecbf9bb8
button-press-v3,211,17,Clean repeat,98012,1,1,f999518bcd608261f54adcb8038b0037311594e0b97c800fb7c887838558a913,8fe5997d8822ddc6f2ce0795bfba954b6cee32a0aa5d9bdb1df1f4e14c354823
button-press-v3,211,17,Clean repeat,98013,1,1,f999518bcd608261f54adcb8038b0037311594e0b97c800fb7c887838558a913,1115efb612094cdf4426b7809d173e70b7dc48ab660f1f0f5c7f83edadfa982e
button-press-v3,211,17,Clean repeat,98014,1,1,f999518bcd608261f54adcb8038b0037311594e0b97c800fb7c887838558a913,cebf72d5aafc00c8f6a39ee36bf94993db54bf873a89a167fe46021c5e97d1bf
button-press-v3,211,17,Clean repeat,98015,1,1,f999518bcd608261f54adcb8038b0037311594e0b97c800fb7c887838558a913,f5ceca01e486b48553247e2ac1ee9c930b2e44cb9fcd7163a6f03546ff705f46
button-press-v3,211,17,Clean repeat,98016,1,1,f999518bcd608261f54adcb8038b0037311594e0b97c800fb7c887838558a913,1fc344919a7f932f6d687b8fb777c5b9e5878566a6fcdc35d8b3446d38842e29
button-press-v3,211,17,Clean repeat,98017,1,1,f999518bcd608261f54adcb8038b0037311594e0b97c800fb7c887838558a913,0fd44a9b5f6b557fb6f0e94d045d94f7ac40ecc637d0209959ee14399f33e1c6
button-press-v3,211,17,Clean repeat,98018,1,1,f999518bcd608261f54adcb8038b0037311594e0b97c800fb7c887838558a913,c11a6810468383624042c277cd9725c73c91e86437000f0e4f3df5eff130f1ce
button-press-v3,211,17,Clean repeat,98019,1,1,f999518bcd608261f54adcb8038b0037311594e0b97c800fb7c887838558a913,05010d749f5d9be40a3a6b45c183b10959119fc8f931b3436003ad74b2a98012
button-press-v3,211,17,Gaussian recovery,98000,1,1,c0f86e36759ec272c924ea679931a56435980b66f3a7209921026f53373ff1cd,77ca9e2b3e361aad482aded86df106077fed514c3aee68f1666a0367cbfb96d6
button-press-v3,211,17,Gaussian recovery,98001,1,1,c0f86e36759ec272c924ea679931a56435980b66f3a7209921026f53373ff1cd,f7b88881ab794dc90235b94bb48a65f4be508efab7954162b4ce586b3d35e638
button-press-v3,211,17,Gaussian recovery,98002,1,1,c0f86e36759ec272c924ea679931a56435980b66f3a7209921026f53373ff1cd,38f59e6397b159a8b02af03026d5eca06173e272ffba6a24240d7cc5a271d96f
button-press-v3,211,17,Gaussian recovery,98003,1,1,c0f86e36759ec272c924ea679931a56435980b66f3a7209921026f53373ff1cd,45240c314f9067806ac0c555f509b479fcbd970b9ed26dac7570d76bfd99c255
button-press-v3,211,17,Gaussian recovery,98004,1,1,c0f86e36759ec272c924ea679931a56435980b66f3a7209921026f53373ff1cd,a82ce1d4f286707dc5cd7e8be956899a2efae76e2807060596396e83c63e2068
button-press-v3,211,17,Gaussian recovery,98005,1,1,c0f86e36759ec272c924ea679931a56435980b66f3a7209921026f53373ff1cd,524a5196273bda5a3a39054465350762939de880f5096b7d9b82735ae83a9a88
button-press-v3,211,17,Gaussian recovery,98006,1,1,c0f86e36759ec272c924ea679931a56435980b66f3a7209921026f53373ff1cd,e5386b06e402014cbc99d60d917d43a6871d6c6ec936e394879b6bb6ea52c8cf
button-press-v3,211,17,Gaussian recovery,98007,1,1,c0f86e36759ec272c924ea679931a56435980b66f3a7209921026f53373ff1cd,62eea0baf735624e456df84daeedb4208bf8cb24a5f09f0a700a13befba2f06d
button-press-v3,211,17,Gaussian recovery,98008,1,1,c0f86e36759ec272c924ea679931a56435980b66f3a7209921026f53373ff1cd,40320ca8a2d3dcb7a491305a3c9b6c6f116d08db61a0d18f0d61ec1c29a00962
button-press-v3,211,17,Gaussian recovery,98009,1,1,c0f86e36759ec272c924ea679931a56435980b66f3a7209921026f53373ff1cd,67627b070388199b2a9f71caad93c2bb4fb61ed7de6d9be27202dd33bcdc5883
button-press-v3,211,17,Gaussian recovery,98010,1,1,c0f86e36759ec272c924ea679931a56435980b66f3a7209921026f53373ff1cd,9ce9fe1a297dc785f535cfe4c81c693a8921cfdf96a0af38751fca9de51e7d93
button-press-v3,211,17,Gaussian recovery,98011,1,1,c0f86e36759ec272c924ea679931a56435980b66f3a7209921026f53373ff1cd,0cdc8db5110cce4a30b3a1c1b505c94612fb969beee5953be68414a2456177e4
button-press-v3,211,17,Gaussian recovery,98012,1,1,c0f86e36759ec272c924ea679931a56435980b66f3a7209921026f53373ff1cd,94de3d62edfb560bd1c8e2198c17fecf1257b2bdf337075166d50907194870a7
button-press-v3,211,17,Gaussian recovery,98013,1,1,c0f86e36759ec272c924ea679931a56435980b66f3a7209921026f53373ff1cd,9165bb6837c4ee4aa8ef5060d3278483ad4cafe4f1297b607387a19944132561
button-press-v3,211,17,Gaussian recovery,98014,1,1,c0f86e36759ec272c924ea679931a56435980b66f3a7209921026f53373ff1cd,1b1e46accd15f2e859cfb2fc83b858156045733879f34c45118c9e821ba85c2b
button-press-v3,211,17,Gaussian recovery,98015,1,1,c0f86e36759ec272c924ea679931a56435980b66f3a7209921026f53373ff1cd,fb2b33357bc4df0ecea3ec3fe19404ff92f6037d976b487e966f64b24c62394b
button-press-v3,211,17,Gaussian recovery,98016,1,1,c0f86e36759ec272c924ea679931a56435980b66f3a7209921026f53373ff1cd,f6cb023bc7735ae4f2b609ed67846a195592dd52b64034bb6b40c3bcbb90d745
button-press-v3,211,17,Gaussian recovery,98017,1,1,c0f86e36759ec272c924ea679931a56435980b66f3a7209921026f53373ff1cd,8a5d3a0e1728efae27afe4e2a3f01cd720dd73d4f4375071abefd2cbe19ac1ee
button-press-v3,211,17,Gaussian recovery,98018,1,1,c0f86e36759ec272c924ea679931a56435980b66f3a7209921026f53373ff1cd,0ec7a8f70c5d75d5dea15b4bcc02fa63f2f41755f0c18a37846b28118da99cbf
button-press-v3,211,17,Gaussian recovery,98019,1,1,c0f86e36759ec272c924ea679931a56435980b66f3a7209921026f53373ff1cd,0f70a5965c88581827c843e1e958066bccb8d87e215b4829edf9ffae94c656fc
button-press-v3,211,17,SCANA-R,98000,1,1,e49a7ed05dcd5e5ce18a0f233ad50dc908d4e13eeb011998efea097c37bd66f2,d52e194716ac67ee260754300a0163c9539b51615e7f06e8d82a373664e33ac8
button-press-v3,211,17,SCANA-R,98001,1,1,e49a7ed05dcd5e5ce18a0f233ad50dc908d4e13eeb011998efea097c37bd66f2,f234eb0250eced3105d38d9da105b266b5825600a0ef05fc774ad80c9b5c0ec5
button-press-v3,211,17,SCANA-R,98002,1,1,e49a7ed05dcd5e5ce18a0f233ad50dc908d4e13eeb011998efea097c37bd66f2,16c5c6927cad6eb028a0813a26810ae81bd66f8b7688c8061a1f20afd529c79d
button-press-v3,211,17,SCANA-R,98003,1,1,e49a7ed05dcd5e5ce18a0f233ad50dc908d4e13eeb011998efea097c37bd66f2,e1f6c865d0003d5df8149b58e683c7a50be5c5889541ab4e615283135b0c6573
button-press-v3,211,17,SCANA-R,98004,1,1,e49a7ed05dcd5e5ce18a0f233ad50dc908d4e13eeb011998efea097c37bd66f2,989af2f636a489cc19f8b9fa43b36b7925d97b1bd5b75eb656303896d688f7cb
button-press-v3,211,17,SCANA-R,98005,1,1,e49a7ed05dcd5e5ce18a0f233ad50dc908d4e13eeb011998efea097c37bd66f2,b19d9dec2484cb441f0db99b348511d5245fb2b818b24eee445de07d72b64ef6
button-press-v3,211,17,SCANA-R,98006,1,1,e49a7ed05dcd5e5ce18a0f233ad50dc908d4e13eeb011998efea097c37bd66f2,c586a1a77db59271082afaf507e417a3c80b6fc310d56a365409706d1ef25d44
button-press-v3,211,17,SCANA-R,98007,1,1,e49a7ed05dcd5e5ce18a0f233ad50dc908d4e13eeb011998efea097c37bd66f2,618845ce3e1ec288714d1e24efae56f266a4d1340ee49c00c52855363066bfef
button-press-v3,211,17,SCANA-R,98008,1,1,e49a7ed05dcd5e5ce18a0f233ad50dc908d4e13eeb011998efea097c37bd66f2,b1350575856763883a413100f8b783cf9474c180e321ec690b7dd83c12cf8d7a
button-press-v3,211,17,SCANA-R,98009,1,1,e49a7ed05dcd5e5ce18a0f233ad50dc908d4e13eeb011998efea097c37bd66f2,d03f15b3328879bc85bc783576e5ce59dfd96ba5f1ded9708c9eacfeb1e310d8
button-press-v3,211,17,SCANA-R,98010,1,1,e49a7ed05dcd5e5ce18a0f233ad50dc908d4e13eeb011998efea097c37bd66f2,a0ac7afe4e36d8b04b9e8d7d02b7c14967df51c308c92162c40d0c08a49b9d13
button-press-v3,211,17,SCANA-R,98011,1,1,e49a7ed05dcd5e5ce18a0f233ad50dc908d4e13eeb011998efea097c37bd66f2,71f76621b88dcfb08a591c2a14cde12244c2da835fb4cf24c9e82b79541dad9c
button-press-v3,211,17,SCANA-R,98012,1,1,e49a7ed05dcd5e5ce18a0f233ad50dc908d4e13eeb011998efea097c37bd66f2,2bc366ef6bd61ebc4c74b5df6335c908c044fa1b91a4dde225afc27e3d51736e
button-press-v3,211,17,SCANA-R,98013,1,1,e49a7ed05dcd5e5ce18a0f233ad50dc908d4e13eeb011998efea097c37bd66f2,b8b89b98a75c1c4d39ed9940c2eada9eb156e2eee75f1aa93417502652390db6
button-press-v3,211,17,SCANA-R,98014,1,1,e49a7ed05dcd5e5ce18a0f233ad50dc908d4e13eeb011998efea097c37bd66f2,5a64b6f835422074fe8ee457cf859faad5c6a15cc0728d8e8cb48bdcc8c367c9
button-press-v3,211,17,SCANA-R,98015,1,1,e49a7ed05dcd5e5ce18a0f233ad50dc908d4e13eeb011998efea097c37bd66f2,4ef7fca5ab66c9ef2f0687b47cb5f7dc5bfbe533bad4b2ca8bae524e5ea1881f
button-press-v3,211,17,SCANA-R,98016,1,1,e49a7ed05dcd5e5ce18a0f233ad50dc908d4e13eeb011998efea097c37bd66f2,7855dc47aeaa9b69b68f79605ac31c1e5b257896d7974a53be70f53715569918
button-press-v3,211,17,SCANA-R,98017,1,1,e49a7ed05dcd5e5ce18a0f233ad50dc908d4e13eeb011998efea097c37bd66f2,108ff7d690a4ad2cb32610c5d2a48d0bb795bebb446381e2ad6afa2f04ddb9b3
button-press-v3,211,17,SCANA-R,98018,1,1,e49a7ed05dcd5e5ce18a0f233ad50dc908d4e13eeb011998efea097c37bd66f2,6884d890b2533c854fb2955ef4f3c64049a68a2a68d37c758fa9bdea2351caa7
button-press-v3,211,17,SCANA-R,98019,1,1,e49a7ed05dcd5e5ce18a0f233ad50dc908d4e13eeb011998efea097c37bd66f2,71d6c53e88d7799a1de6a6503361397c9cda2dab4a57fbf8884c20536d64d381
button-press-v3,211,29,Clean repeat,98000,1,1,fe445ca619b4f9fb0b3ed40d5353636c28c66c02922cb19119c6341ed1855172,42c982283966dc3d9eefc86815cf4f36cc3ecd2d783597b55cff81eabdfdd308
button-press-v3,211,29,Clean repeat,98001,1,1,fe445ca619b4f9fb0b3ed40d5353636c28c66c02922cb19119c6341ed1855172,bb75980d562f83d264bbffcf690b9ea646e743b15a7ad7e937de89d9d1c6317e
button-press-v3,211,29,Clean repeat,98002,1,1,fe445ca619b4f9fb0b3ed40d5353636c28c66c02922cb19119c6341ed1855172,09ab0c0a075cd2869b59380b212ea889ad0228ae5ebd49b67fe92a5d0793b37c
button-press-v3,211,29,Clean repeat,98003,1,1,fe445ca619b4f9fb0b3ed40d5353636c28c66c02922cb19119c6341ed1855172,38223f73b4f7c6a2954833012bd19662b71376e968db80563204b506d167f3ac
button-press-v3,211,29,Clean repeat,98004,1,1,fe445ca619b4f9fb0b3ed40d5353636c28c66c02922cb19119c6341ed1855172,63b005c7b1fa1365e95c4520d6bc8cc7fd2f9893c0d02604fcc1141b7f6cd7b9
button-press-v3,211,29,Clean repeat,98005,1,1,fe445ca619b4f9fb0b3ed40d5353636c28c66c02922cb19119c6341ed1855172,27c3447deb77ca1af548e18c60d960a35ed51f0671f42cda0cd18ca9723c403c
button-press-v3,211,29,Clean repeat,98006,1,1,fe445ca619b4f9fb0b3ed40d5353636c28c66c02922cb19119c6341ed1855172,c8f00929afc365df20342061c8d4fb6ee06b7ffdff1929cb818e93d154afb3b4
button-press-v3,211,29,Clean repeat,98007,1,1,fe445ca619b4f9fb0b3ed40d5353636c28c66c02922cb19119c6341ed1855172,bf88f3ee2a63180d959eda416756e8f5a5d52c60c28d2d12f29166061cc32ab2
button-press-v3,211,29,Clean repeat,98008,1,1,fe445ca619b4f9fb0b3ed40d5353636c28c66c02922cb19119c6341ed1855172,d6ddffea3d303a55eea0d03f678eca848772f8116f28594b6776e54d012d183a
button-press-v3,211,29,Clean repeat,98009,1,1,fe445ca619b4f9fb0b3ed40d5353636c28c66c02922cb19119c6341ed1855172,d3133594f6b393e2af1d47cb05eebec9c758a5d93406389aa97d0c1d72f78a3b
button-press-v3,211,29,Clean repeat,98010,1,1,fe445ca619b4f9fb0b3ed40d5353636c28c66c02922cb19119c6341ed1855172,9e3ce66623b2e357b36b7f82528b2dedb7381fb053a4ff98bffa842c9717d922
button-press-v3,211,29,Clean repeat,98011,1,1,fe445ca619b4f9fb0b3ed40d5353636c28c66c02922cb19119c6341ed1855172,15d88ee82db58b9e8e9e4baee641c7e5644ad5338417207e9b807be2a88f93ea
button-press-v3,211,29,Clean repeat,98012,1,1,fe445ca619b4f9fb0b3ed40d5353636c28c66c02922cb19119c6341ed1855172,50924ec666207fc6d38798d1bee9a42ee74fd014d7eff54532aad0bc6574df1e
button-press-v3,211,29,Clean repeat,98013,1,1,fe445ca619b4f9fb0b3ed40d5353636c28c66c02922cb19119c6341ed1855172,37995f6253d109afcb6977d5e26184a019dbf2a6506eae3682acfa16d1b2e7b7
button-press-v3,211,29,Clean repeat,98014,1,1,fe445ca619b4f9fb0b3ed40d5353636c28c66c02922cb19119c6341ed1855172,c6595d9fa49b618430066b67b2ed9d0c55cb631215f644ff54a75a3c087cea4c
button-press-v3,211,29,Clean repeat,98015,1,1,fe445ca619b4f9fb0b3ed40d5353636c28c66c02922cb19119c6341ed1855172,e55c397f202220d777b5cf7432cc72e0fd416476aa787d3f7b5c5f03cef87131
button-press-v3,211,29,Clean repeat,98016,1,1,fe445ca619b4f9fb0b3ed40d5353636c28c66c02922cb19119c6341ed1855172,2eff8f713d2d53bffd829e8db5b5d19ad3978dbeb56ed9b8792e0678d99126fd
button-press-v3,211,29,Clean repeat,98017,1,1,fe445ca619b4f9fb0b3ed40d5353636c28c66c02922cb19119c6341ed1855172,f2e93ec173388480885cbd96332bf779f5f27cd75fede33c51d9af9c32fc6a3a
button-press-v3,211,29,Clean repeat,98018,1,1,fe445ca619b4f9fb0b3ed40d5353636c28c66c02922cb19119c6341ed1855172,ee37ac8a561d61c4a9dfaca74898875390e5eabe3a8492786a4fdf70924d35cb
button-press-v3,211,29,Clean repeat,98019,1,1,fe445ca619b4f9fb0b3ed40d5353636c28c66c02922cb19119c6341ed1855172,bdd9a7f66ee1f2b6381290af62038a92c146507f2fa1d08a36a43efaa7444781
button-press-v3,211,29,Gaussian recovery,98000,1,1,afd4c8394b9983ce56c5eecb0d5c02ab4e1ec3384e8dc1a07a8108a8b79255ec,1489cda0693ced864f1a97c400358c39b5de559ead9c75f99fcc091083b026b6
button-press-v3,211,29,Gaussian recovery,98001,1,1,afd4c8394b9983ce56c5eecb0d5c02ab4e1ec3384e8dc1a07a8108a8b79255ec,d68f408d766c0c9157068849df653e909c3d7fa7553a32d2b69d6ad6e5ec6db8
button-press-v3,211,29,Gaussian recovery,98002,1,1,afd4c8394b9983ce56c5eecb0d5c02ab4e1ec3384e8dc1a07a8108a8b79255ec,350858e8e12f74dafb2f73a52950114ce4e88128d2ee8b90210e2866699ada5a
button-press-v3,211,29,Gaussian recovery,98003,1,1,afd4c8394b9983ce56c5eecb0d5c02ab4e1ec3384e8dc1a07a8108a8b79255ec,8ed6369a9a1d863b059784e953b7dc375ab01d95c828d7101e70097f2cfd54c1
button-press-v3,211,29,Gaussian recovery,98004,1,1,afd4c8394b9983ce56c5eecb0d5c02ab4e1ec3384e8dc1a07a8108a8b79255ec,363011ba4bbe422634e22b48d0c7a963c310ff1e35116a3e2166fbb54a761d29
button-press-v3,211,29,Gaussian recovery,98005,1,1,afd4c8394b9983ce56c5eecb0d5c02ab4e1ec3384e8dc1a07a8108a8b79255ec,4897821cac97f7b09d5db68fa264703f0d6a45e9d513822ab80fa3fdc2c63309
button-press-v3,211,29,Gaussian recovery,98006,1,1,afd4c8394b9983ce56c5eecb0d5c02ab4e1ec3384e8dc1a07a8108a8b79255ec,3aaf9956649ba927ec52308c6b2360995ddb67c43fcf919fbd96e6b423d9e2cb
button-press-v3,211,29,Gaussian recovery,98007,1,1,afd4c8394b9983ce56c5eecb0d5c02ab4e1ec3384e8dc1a07a8108a8b79255ec,95875853b19d71d70cd966ce8ce488766ee00f2b638a6c30e9e49dd36d66f7fb
button-press-v3,211,29,Gaussian recovery,98008,1,1,afd4c8394b9983ce56c5eecb0d5c02ab4e1ec3384e8dc1a07a8108a8b79255ec,02402b0605440485f127c7878f520163920aba07303d9ff2fbb2d2d39d8bbea8
button-press-v3,211,29,Gaussian recovery,98009,1,1,afd4c8394b9983ce56c5eecb0d5c02ab4e1ec3384e8dc1a07a8108a8b79255ec,0ce4198f6e535db819bd72faaf42d43b0479054194bc143955471269167d617e
button-press-v3,211,29,Gaussian recovery,98010,1,1,afd4c8394b9983ce56c5eecb0d5c02ab4e1ec3384e8dc1a07a8108a8b79255ec,cbd3c645379ec9e0d1fcb8e630c0187ce8cda84f4ab790c8aa947774f078df62
button-press-v3,211,29,Gaussian recovery,98011,1,1,afd4c8394b9983ce56c5eecb0d5c02ab4e1ec3384e8dc1a07a8108a8b79255ec,ebbc860f7fe6a2939c544ac6b98dd369bcf50b322453931e1526c4514f2a51c7
button-press-v3,211,29,Gaussian recovery,98012,1,1,afd4c8394b9983ce56c5eecb0d5c02ab4e1ec3384e8dc1a07a8108a8b79255ec,688abdef0261ca810af4d079676cfc7ddc5aadf26c7b0d286255263b4189340f
button-press-v3,211,29,Gaussian recovery,98013,1,1,afd4c8394b9983ce56c5eecb0d5c02ab4e1ec3384e8dc1a07a8108a8b79255ec,025b8044ea822b0cf6060c054983fda4a29201ea41c6d5eed0afb759b7cf6c4b
button-press-v3,211,29,Gaussian recovery,98014,1,1,afd4c8394b9983ce56c5eecb0d5c02ab4e1ec3384e8dc1a07a8108a8b79255ec,88e49d6a3a7bff91f651e488b0e9827f4bbb1e8bcc6ff3b2f2a7694d2d7cda73
button-press-v3,211,29,Gaussian recovery,98015,1,1,afd4c8394b9983ce56c5eecb0d5c02ab4e1ec3384e8dc1a07a8108a8b79255ec,c11d885ea43f5f0c364a339f9c20d6a0812969729504ddc9cb85c0f2862291ff
button-press-v3,211,29,Gaussian recovery,98016,1,1,afd4c8394b9983ce56c5eecb0d5c02ab4e1ec3384e8dc1a07a8108a8b79255ec,5dfd37c70089050a02ff45c7756a7e2e54a73493e6e6aa0ba39e01f91a2216c5
button-press-v3,211,29,Gaussian recovery,98017,1,1,afd4c8394b9983ce56c5eecb0d5c02ab4e1ec3384e8dc1a07a8108a8b79255ec,04e03a0ca24ad490e91b174689e0cdc518850b67d9c9a61c5b13fe74acc177d3
button-press-v3,211,29,Gaussian recovery,98018,1,1,afd4c8394b9983ce56c5eecb0d5c02ab4e1ec3384e8dc1a07a8108a8b79255ec,0f7915a5be60aec7f2cc360b1bdb04ae3325168b17eed528c0805ddf5e78e8eb
button-press-v3,211,29,Gaussian recovery,98019,1,1,afd4c8394b9983ce56c5eecb0d5c02ab4e1ec3384e8dc1a07a8108a8b79255ec,0f0e4c36b68ab245927333bfe9f493675f7567409abffc4c35ecffbed7ba4ab6
button-press-v3,211,29,SCANA-R,98000,1,1,1e0e097981a0e555d9522ff3d3baccd563c28acbb841562df5bebd416e36021e,67cb488aebacd6f9565d1106cf116efffa238b1df28dec967c8e9e58653a69bd
button-press-v3,211,29,SCANA-R,98001,1,1,1e0e097981a0e555d9522ff3d3baccd563c28acbb841562df5bebd416e36021e,f4790ae114e2b0d048d464e087c17264b08234aa1e0c22127bbbf9c50016d3b3
button-press-v3,211,29,SCANA-R,98002,1,1,1e0e097981a0e555d9522ff3d3baccd563c28acbb841562df5bebd416e36021e,6220632242810f1dd04832b0d6366447545ea85a519e3e398b98e23c62099874
button-press-v3,211,29,SCANA-R,98003,1,1,1e0e097981a0e555d9522ff3d3baccd563c28acbb841562df5bebd416e36021e,1e4ea2274bcc4111a8389f358fd42cec2c0eeb4c908a11d74047c24da7bea0ef
button-press-v3,211,29,SCANA-R,98004,1,1,1e0e097981a0e555d9522ff3d3baccd563c28acbb841562df5bebd416e36021e,27825eb7937d45993b66a43f771b32e071931a270293de648ac135a2ffb5369d
button-press-v3,211,29,SCANA-R,98005,1,1,1e0e097981a0e555d9522ff3d3baccd563c28acbb841562df5bebd416e36021e,533a29740d7757dae994ac2c86b3ba46c7c6c456631fb0d8ec5cdb128719edea
button-press-v3,211,29,SCANA-R,98006,1,1,1e0e097981a0e555d9522ff3d3baccd563c28acbb841562df5bebd416e36021e,26a62b83530d91ca216b433ff988b98fabe4811f1b520c746542c684fd2533b7
button-press-v3,211,29,SCANA-R,98007,1,1,1e0e097981a0e555d9522ff3d3baccd563c28acbb841562df5bebd416e36021e,ef4df399459fd23a9f3be701ce7cec342d6ad739ffcd900209183c5214f1c260
button-press-v3,211,29,SCANA-R,98008,1,1,1e0e097981a0e555d9522ff3d3baccd563c28acbb841562df5bebd416e36021e,22b4a1edf490202080fe30ecd96873ec4ea1bb4f7e1663bdb367e861690b50c1
button-press-v3,211,29,SCANA-R,98009,1,1,1e0e097981a0e555d9522ff3d3baccd563c28acbb841562df5bebd416e36021e,fc3e241c12d3f74d9365b2d44a38546c954c9b5aa8b8b2fd2efbe641616d4c49
button-press-v3,211,29,SCANA-R,98010,1,1,1e0e097981a0e555d9522ff3d3baccd563c28acbb841562df5bebd416e36021e,73b4f18f3c7dd9408e4a7a13e840d2e4e69a393e5a3879c27e620211161eda80
button-press-v3,211,29,SCANA-R,98011,1,1,1e0e097981a0e555d9522ff3d3baccd563c28acbb841562df5bebd416e36021e,4d8a14b418c4fc9b8b82b6f25562a8e6e66cfdc5ae1df87749b51bec7d380a4d
button-press-v3,211,29,SCANA-R,98012,1,1,1e0e097981a0e555d9522ff3d3baccd563c28acbb841562df5bebd416e36021e,c69e97965aa6680cb5ad9869f3a098614ace5082a3e166847d7c135f4849a661
button-press-v3,211,29,SCANA-R,98013,1,1,1e0e097981a0e555d9522ff3d3baccd563c28acbb841562df5bebd416e36021e,0a2ce6c55c07de6ca99a9024bb365594f2143ad0bcad0711b0cd3df5d6e0e3d6
button-press-v3,211,29,SCANA-R,98014,1,1,1e0e097981a0e555d9522ff3d3baccd563c28acbb841562df5bebd416e36021e,6e91dcb5474fafd2bfa83c8f034200c26dba49bf04a391bd1a370fdde5d3c640
button-press-v3,211,29,SCANA-R,98015,1,1,1e0e097981a0e555d9522ff3d3baccd563c28acbb841562df5bebd416e36021e,93ff866562e0ed2dc56f908eb95e4cad4c6a110518ca85adb6e5f4a07a9ce2bd
button-press-v3,211,29,SCANA-R,98016,1,1,1e0e097981a0e555d9522ff3d3baccd563c28acbb841562df5bebd416e36021e,4c14e81da876cde147169c0a321b1934e4771da42d54cb940acd98b02a811393
button-press-v3,211,29,SCANA-R,98017,1,1,1e0e097981a0e555d9522ff3d3baccd563c28acbb841562df5bebd416e36021e,4e3e07188d08b2e9f0a71ea25a95e14bd0729100c5c07c2757a6f7a1a94466d2
button-press-v3,211,29,SCANA-R,98018,1,1,1e0e097981a0e555d9522ff3d3baccd563c28acbb841562df5bebd416e36021e,a989765d88e082a274cbbeb7bff8857c54f60551aab9fd354fc1a057765f65a9
button-press-v3,211,29,SCANA-R,98019,1,1,1e0e097981a0e555d9522ff3d3baccd563c28acbb841562df5bebd416e36021e,6598b946f371a279cf3bae595058e2f5e35cbf70f1fde955c7b297fd4979eb2e
button-press-v3,211,43,Clean repeat,98000,1,1,3d9ae77498ebf9c1a1f3bf4a17cc355be201ec1033c26defd6b317c0f2dd9dfe,82dce0ad447d0082e1b5c907aeb3a709dff90ed96736d5da461900ac2f3b992a
button-press-v3,211,43,Clean repeat,98001,1,1,3d9ae77498ebf9c1a1f3bf4a17cc355be201ec1033c26defd6b317c0f2dd9dfe,92da37be5cab3186df1f07bc828ff661e20d68a543a8215160aef7eaff39075e
button-press-v3,211,43,Clean repeat,98002,1,1,3d9ae77498ebf9c1a1f3bf4a17cc355be201ec1033c26defd6b317c0f2dd9dfe,4a81f6063a2266bfbcd86133cb003d63aea4ad7fdab042f52064d1cc8bcd4707
button-press-v3,211,43,Clean repeat,98003,1,1,3d9ae77498ebf9c1a1f3bf4a17cc355be201ec1033c26defd6b317c0f2dd9dfe,e2181cb4156b5fdcf4b8ca5cd7af1f9753eeab11585aa854bf4e529a0939e87b
button-press-v3,211,43,Clean repeat,98004,1,1,3d9ae77498ebf9c1a1f3bf4a17cc355be201ec1033c26defd6b317c0f2dd9dfe,188d121e7d639b41b71f16390274f93fa44e8f704441fea979b875c7ba4b8235
button-press-v3,211,43,Clean repeat,98005,1,1,3d9ae77498ebf9c1a1f3bf4a17cc355be201ec1033c26defd6b317c0f2dd9dfe,c40054430d9ba7d493e585a24a57e1a2e8226e0d7bd2efd46e251b7103930eac
button-press-v3,211,43,Clean repeat,98006,1,1,3d9ae77498ebf9c1a1f3bf4a17cc355be201ec1033c26defd6b317c0f2dd9dfe,435a73b31a177eb8ba4a0c116152f0a13727781c5d4391881a23bce475cae4a1
button-press-v3,211,43,Clean repeat,98007,1,1,3d9ae77498ebf9c1a1f3bf4a17cc355be201ec1033c26defd6b317c0f2dd9dfe,3614d063183e2ea421688e0bdf1efa76e75ce2d75885a2cb2ba590f513a93e4a
button-press-v3,211,43,Clean repeat,98008,1,1,3d9ae77498ebf9c1a1f3bf4a17cc355be201ec1033c26defd6b317c0f2dd9dfe,6f913bb67ce85e80e80477763d2f4e4f25edd73ed8569188a6ee78240c8b8382
button-press-v3,211,43,Clean repeat,98009,1,1,3d9ae77498ebf9c1a1f3bf4a17cc355be201ec1033c26defd6b317c0f2dd9dfe,cd067008b39394f701f53cc1f91a21e5dca1180787ccf098e44ba62c2208a8d5
button-press-v3,211,43,Clean repeat,98010,1,1,3d9ae77498ebf9c1a1f3bf4a17cc355be201ec1033c26defd6b317c0f2dd9dfe,1e0dbb8d3d375774ed500a36894579fb5d9dac8e8e91d2682859f35199ffa2a6
button-press-v3,211,43,Clean repeat,98011,1,1,3d9ae77498ebf9c1a1f3bf4a17cc355be201ec1033c26defd6b317c0f2dd9dfe,4515f8cb173d76a25627aca6166f2e63b46e37767d505b68697857c1a40cba7c
button-press-v3,211,43,Clean repeat,98012,1,1,3d9ae77498ebf9c1a1f3bf4a17cc355be201ec1033c26defd6b317c0f2dd9dfe,ede4ef84948a91867a0d7eb282b6bdf153be8eb58e77fae0c031d1ba0fb577ae
button-press-v3,211,43,Clean repeat,98013,1,1,3d9ae77498ebf9c1a1f3bf4a17cc355be201ec1033c26defd6b317c0f2dd9dfe,01f082875751682690392b516d38f4e8aef1fbc6bfd16fd040b39102499f09b6
button-press-v3,211,43,Clean repeat,98014,1,1,3d9ae77498ebf9c1a1f3bf4a17cc355be201ec1033c26defd6b317c0f2dd9dfe,af86bdcb95fa193ccdd6e52463a043c5ef1a7874e92e7845ead992ed5bd719e4
button-press-v3,211,43,Clean repeat,98015,1,1,3d9ae77498ebf9c1a1f3bf4a17cc355be201ec1033c26defd6b317c0f2dd9dfe,d019dcddadb9400572ff04077e775b04387dcec1cfe98bb73edd527ab4109215
button-press-v3,211,43,Clean repeat,98016,1,1,3d9ae77498ebf9c1a1f3bf4a17cc355be201ec1033c26defd6b317c0f2dd9dfe,7aa43511ba48125e5b8dba1a728ba311ca514d0bfa9691174cbd0615ee1388a1
button-press-v3,211,43,Clean repeat,98017,1,1,3d9ae77498ebf9c1a1f3bf4a17cc355be201ec1033c26defd6b317c0f2dd9dfe,0434fce8996e6a48d60226d7d8c6a5c44f402d58c96ebf3894abf5b148b9be9e
button-press-v3,211,43,Clean repeat,98018,1,1,3d9ae77498ebf9c1a1f3bf4a17cc355be201ec1033c26defd6b317c0f2dd9dfe,9c6c514e1d770aa525cbb9c1fd2e0828594f5aefafcb26939d2e4de33c1e7b88
button-press-v3,211,43,Clean repeat,98019,1,1,3d9ae77498ebf9c1a1f3bf4a17cc355be201ec1033c26defd6b317c0f2dd9dfe,5b1a834aeaa2c275bdfa4f2c84fb600bef0d7b40ab58972038a57d998ccfa0e2
button-press-v3,211,43,Gaussian recovery,98000,1,1,ba97f21c94f08e053cd162ee2a00efceeb3fd65e911ef12d6096467d7b9cd682,09b1bef82c1b3d64ccaa87396ef1ff3f8c3834e50c4517c7ac0aff92a5139bfe
button-press-v3,211,43,Gaussian recovery,98001,1,1,ba97f21c94f08e053cd162ee2a00efceeb3fd65e911ef12d6096467d7b9cd682,0bb6a3384156349971f58affaceb52b800b8ab75e95c200b0c4afc401f8b206b
button-press-v3,211,43,Gaussian recovery,98002,1,1,ba97f21c94f08e053cd162ee2a00efceeb3fd65e911ef12d6096467d7b9cd682,dc923de4f36a541c9a253e4255df567655409586f77a401ed0c445d689522f2d
button-press-v3,211,43,Gaussian recovery,98003,1,1,ba97f21c94f08e053cd162ee2a00efceeb3fd65e911ef12d6096467d7b9cd682,e08c7133e1158c81d6ba15eec9bd77d285024f40d1594556da3b6704b7b932fa
button-press-v3,211,43,Gaussian recovery,98004,1,1,ba97f21c94f08e053cd162ee2a00efceeb3fd65e911ef12d6096467d7b9cd682,25afe31f24b4016ac0a1b1d82a9a614faf9f3dbb455e7efee02176b528a5b1a4
button-press-v3,211,43,Gaussian recovery,98005,1,1,ba97f21c94f08e053cd162ee2a00efceeb3fd65e911ef12d6096467d7b9cd682,e1f4a379a22effb7b84d7b2e674523650b96ee99d44b747f4d6f6c9bfd25cb92
button-press-v3,211,43,Gaussian recovery,98006,1,1,ba97f21c94f08e053cd162ee2a00efceeb3fd65e911ef12d6096467d7b9cd682,69cc2d4f74d2b811b5369ca680d56cb8592efd5814d17fc452e6fde2154ee795
button-press-v3,211,43,Gaussian recovery,98007,1,1,ba97f21c94f08e053cd162ee2a00efceeb3fd65e911ef12d6096467d7b9cd682,0fcc7f4c46a443f1177b92e25a85a4323ecd118509ce40a17c232640bfc3f5c9
button-press-v3,211,43,Gaussian recovery,98008,1,1,ba97f21c94f08e053cd162ee2a00efceeb3fd65e911ef12d6096467d7b9cd682,5484840c1cb6befc421ea3459193b8e80a1d757143fab50a9ef536d9b448334d
button-press-v3,211,43,Gaussian recovery,98009,1,1,ba97f21c94f08e053cd162ee2a00efceeb3fd65e911ef12d6096467d7b9cd682,78c51e1d4ba2e5e3442d4b8a972d03cf111b8aef260f74566b4f147625e29078
button-press-v3,211,43,Gaussian recovery,98010,1,1,ba97f21c94f08e053cd162ee2a00efceeb3fd65e911ef12d6096467d7b9cd682,98bfd54034dec3b82cb89f6ea931357afb84a919cdba232b4ce80940314e083f
button-press-v3,211,43,Gaussian recovery,98011,1,1,ba97f21c94f08e053cd162ee2a00efceeb3fd65e911ef12d6096467d7b9cd682,60c6a21dc65bfa2bb6c00ede49bb3a55fe26469bd55d93b709dc35012ced44e2
button-press-v3,211,43,Gaussian recovery,98012,1,1,ba97f21c94f08e053cd162ee2a00efceeb3fd65e911ef12d6096467d7b9cd682,1c1b664f371943bc9b9db5abb905f6490fad8a955cda4962bf096e1f90775dd1
button-press-v3,211,43,Gaussian recovery,98013,1,1,ba97f21c94f08e053cd162ee2a00efceeb3fd65e911ef12d6096467d7b9cd682,782e212b75b25e46b2c0da228ba2c03d473dc28922b983fdaf7f207253e05524
button-press-v3,211,43,Gaussian recovery,98014,1,1,ba97f21c94f08e053cd162ee2a00efceeb3fd65e911ef12d6096467d7b9cd682,20171f7c265234a1664dabccbe0ff00350ee3146357de24d6e586bde5fb0e560
button-press-v3,211,43,Gaussian recovery,98015,1,1,ba97f21c94f08e053cd162ee2a00efceeb3fd65e911ef12d6096467d7b9cd682,b749609a094af10bbdbd25a5700e220d4eae8f31613c08c57a7e0695ebaafa66
button-press-v3,211,43,Gaussian recovery,98016,1,1,ba97f21c94f08e053cd162ee2a00efceeb3fd65e911ef12d6096467d7b9cd682,da659147429bbecdb35f8cc6c01d00ba925125edf1c73e826810222b54e92fb3
button-press-v3,211,43,Gaussian recovery,98017,1,1,ba97f21c94f08e053cd162ee2a00efceeb3fd65e911ef12d6096467d7b9cd682,187d59c1a399641f2dd78b49d56287142d7fac49a408727f5eea2da9cb26ecd2
button-press-v3,211,43,Gaussian recovery,98018,1,1,ba97f21c94f08e053cd162ee2a00efceeb3fd65e911ef12d6096467d7b9cd682,f43fcc18135099b78be6ab14c8c15b9c85da04253b50c14f6deba11618b8516d
button-press-v3,211,43,Gaussian recovery,98019,1,1,ba97f21c94f08e053cd162ee2a00efceeb3fd65e911ef12d6096467d7b9cd682,7092a766021a736e8ef26df7515bee788826acbebd2dc67a701bc6237d615e94
button-press-v3,211,43,SCANA-R,98000,1,1,a6d6a3e09da7f2a22fbec915066708c02ec4dedc3aa79e7670ba52ecd695eeab,80a5c2ed1be1ac73b7d612dd719163ba847d95b0a4ad05cb60011d4b62795221
button-press-v3,211,43,SCANA-R,98001,1,1,a6d6a3e09da7f2a22fbec915066708c02ec4dedc3aa79e7670ba52ecd695eeab,bcc1ab4e2ef8410259239f89c4751dfa5257fd043c1efd019a6de4da91c223d8
button-press-v3,211,43,SCANA-R,98002,1,1,a6d6a3e09da7f2a22fbec915066708c02ec4dedc3aa79e7670ba52ecd695eeab,cf21f7a6b7c961e562c9d29ee7ecb7865fd74bf72a8f931005d0ae75f8cae07d
button-press-v3,211,43,SCANA-R,98003,1,1,a6d6a3e09da7f2a22fbec915066708c02ec4dedc3aa79e7670ba52ecd695eeab,2846a8c3d57b2c6629eeab2143181ea19fd342c0e985b6d7af17562570b5040c
button-press-v3,211,43,SCANA-R,98004,1,1,a6d6a3e09da7f2a22fbec915066708c02ec4dedc3aa79e7670ba52ecd695eeab,68a6f970814f2f67f8f9c683bd897bfcd5a7ec5cf03f5996a5ce9434039c5cbf
button-press-v3,211,43,SCANA-R,98005,1,1,a6d6a3e09da7f2a22fbec915066708c02ec4dedc3aa79e7670ba52ecd695eeab,63de49fd4f81898344db7cf387676d4b98728e870551689adec641dc90c022f9
button-press-v3,211,43,SCANA-R,98006,1,1,a6d6a3e09da7f2a22fbec915066708c02ec4dedc3aa79e7670ba52ecd695eeab,0227f55cdc2d87bc44c214de10a5395fedd3512a951da8f9222236d6c19a2643
button-press-v3,211,43,SCANA-R,98007,1,1,a6d6a3e09da7f2a22fbec915066708c02ec4dedc3aa79e7670ba52ecd695eeab,dc606e69d3c63c06ff0a13a022e54f9f043647e28954a7b90f19ea9a660a26db
button-press-v3,211,43,SCANA-R,98008,1,1,a6d6a3e09da7f2a22fbec915066708c02ec4dedc3aa79e7670ba52ecd695eeab,d5876e3486a4cf25d42c67b93f182d1a1ad28a9983761125eea6fbf599f94b9d
button-press-v3,211,43,SCANA-R,98009,1,1,a6d6a3e09da7f2a22fbec915066708c02ec4dedc3aa79e7670ba52ecd695eeab,04dc77d1736bcbcc979913d0af24777b205c654a176d650d6ea78f1539c2d031
button-press-v3,211,43,SCANA-R,98010,1,1,a6d6a3e09da7f2a22fbec915066708c02ec4dedc3aa79e7670ba52ecd695eeab,78a6a973f5d985445887edca82e2bf0c002ddfe746f0f2f7648639f2c80500f4
button-press-v3,211,43,SCANA-R,98011,1,1,a6d6a3e09da7f2a22fbec915066708c02ec4dedc3aa79e7670ba52ecd695eeab,3b11d398be196348176abf545e3e501c939696fb900c58ae8d56e19daa3285dc
button-press-v3,211,43,SCANA-R,98012,1,1,a6d6a3e09da7f2a22fbec915066708c02ec4dedc3aa79e7670ba52ecd695eeab,e2dff0d9165f480f21615616ed4e887e09c8f7c184d768bf53c1ab6f67b01d12
button-press-v3,211,43,SCANA-R,98013,1,1,a6d6a3e09da7f2a22fbec915066708c02ec4dedc3aa79e7670ba52ecd695eeab,d325f323ce4894a25af5a12ba7d8b1116d2d068c853eb6407afd70ba8539dad3
button-press-v3,211,43,SCANA-R,98014,1,1,a6d6a3e09da7f2a22fbec915066708c02ec4dedc3aa79e7670ba52ecd695eeab,7c1b34b882acdf0fee4fb1934d09b183e13138ff58d4ca3c4f016961359dfd9b
button-press-v3,211,43,SCANA-R,98015,1,1,a6d6a3e09da7f2a22fbec915066708c02ec4dedc3aa79e7670ba52ecd695eeab,aacd3c82b1f0214b457d9e745fd6db8e92f026b1a19b8e8ab347465b8dcb288c
button-press-v3,211,43,SCANA-R,98016,1,1,a6d6a3e09da7f2a22fbec915066708c02ec4dedc3aa79e7670ba52ecd695eeab,7f8cbcb8b45351397a52f7c4fff2ec0cc2ab0c43c39c274144137f9d010840cc
button-press-v3,211,43,SCANA-R,98017,1,1,a6d6a3e09da7f2a22fbec915066708c02ec4dedc3aa79e7670ba52ecd695eeab,a23593e251280616b205230abbdf20f37b3bbb931d689e56949108b03becb111
button-press-v3,211,43,SCANA-R,98018,1,1,a6d6a3e09da7f2a22fbec915066708c02ec4dedc3aa79e7670ba52ecd695eeab,f057b60ec94a492aa55cb4e86dad5f13fc4de088d3aa49f0d9c11ddc213e314e
button-press-v3,211,43,SCANA-R,98019,1,1,a6d6a3e09da7f2a22fbec915066708c02ec4dedc3aa79e7670ba52ecd695eeab,b52d6b425ca5cc3acf3a767c4284fbad0887373e3cd33ead18c6b4eb4d90f721
button-press-v3,307,17,Clean repeat,98000,1,1,1d76fef6ebe3149079231dcaffe8b22c4b7c0a7a6cf78b5baabe848f4716f946,dde5455cea03c5b443549393f6e4014a2c23d40317eb49a39c34a9af37544256
button-press-v3,307,17,Clean repeat,98001,1,1,1d76fef6ebe3149079231dcaffe8b22c4b7c0a7a6cf78b5baabe848f4716f946,ee6dc583c622d2b1fc7d9eb5514f2b5da7a47d2cf373f75f74d15861da586817
button-press-v3,307,17,Clean repeat,98002,1,1,1d76fef6ebe3149079231dcaffe8b22c4b7c0a7a6cf78b5baabe848f4716f946,9d47f062c0a247704d54fbc65c377c961064340dada6139e6dfd83676e0f948a
button-press-v3,307,17,Clean repeat,98003,1,1,1d76fef6ebe3149079231dcaffe8b22c4b7c0a7a6cf78b5baabe848f4716f946,aa88b2e9e1694a5da9a7f7cb315759209ef1d37e5a084ebca1aacc8bb0501406
button-press-v3,307,17,Clean repeat,98004,1,1,1d76fef6ebe3149079231dcaffe8b22c4b7c0a7a6cf78b5baabe848f4716f946,929bb2e6a6cee348de4279d65919f8b8fd38bba983d72b5fa619395b38d93c3a
button-press-v3,307,17,Clean repeat,98005,1,1,1d76fef6ebe3149079231dcaffe8b22c4b7c0a7a6cf78b5baabe848f4716f946,2477850d48b1c6d1a210a6dadbc80cd9fc4fddd93a18cb6221eedac9e3ef94aa
button-press-v3,307,17,Clean repeat,98006,1,1,1d76fef6ebe3149079231dcaffe8b22c4b7c0a7a6cf78b5baabe848f4716f946,2dab5df54ec5638f6815b10cb994490cf2fa7ed50e68d29e1e3b5497fbffce3e
button-press-v3,307,17,Clean repeat,98007,1,1,1d76fef6ebe3149079231dcaffe8b22c4b7c0a7a6cf78b5baabe848f4716f946,7e740e47d4ed60714a867e155f0138cbd812ea08e843c6dc9b90976ee5324375
button-press-v3,307,17,Clean repeat,98008,1,1,1d76fef6ebe3149079231dcaffe8b22c4b7c0a7a6cf78b5baabe848f4716f946,33ba016d545cbd8644f349fe11a04ab9a42d61976e41f2784986d0c0132ec1ab
button-press-v3,307,17,Clean repeat,98009,1,1,1d76fef6ebe3149079231dcaffe8b22c4b7c0a7a6cf78b5baabe848f4716f946,2845664b635a9eb2ad928ea8096d5967111017ee150f374570ba75d0b0d16aa5
button-press-v3,307,17,Clean repeat,98010,1,1,1d76fef6ebe3149079231dcaffe8b22c4b7c0a7a6cf78b5baabe848f4716f946,70b99e0b8d491888d41a0a382cc6629e9517ef2e9b092d8ed8fc2d103874cdde
button-press-v3,307,17,Clean repeat,98011,1,1,1d76fef6ebe3149079231dcaffe8b22c4b7c0a7a6cf78b5baabe848f4716f946,faee59813bac9beced9e8cb59b9781754b6d9c43d51e049cb5df96bf7ca5f28f
button-press-v3,307,17,Clean repeat,98012,1,1,1d76fef6ebe3149079231dcaffe8b22c4b7c0a7a6cf78b5baabe848f4716f946,98b0482e6fda23d3c0b1a8c45fde1ba413f4091d738eefeb37c00b83b2a4ee90
button-press-v3,307,17,Clean repeat,98013,1,1,1d76fef6ebe3149079231dcaffe8b22c4b7c0a7a6cf78b5baabe848f4716f946,04b15c1bde35cf64498b3a0e2bd814c65b0c5552e6ad292b2897397d1f996d29
button-press-v3,307,17,Clean repeat,98014,1,1,1d76fef6ebe3149079231dcaffe8b22c4b7c0a7a6cf78b5baabe848f4716f946,a68a5c540b04b0c68b446df2f9cce3c846df20c55ef29fc2f529bb0d65bf7902
button-press-v3,307,17,Clean repeat,98015,1,1,1d76fef6ebe3149079231dcaffe8b22c4b7c0a7a6cf78b5baabe848f4716f946,24ff6b7126d07902c66fe6db2ad7f3350e95baad3341a41d7d63fac4857d11d1
button-press-v3,307,17,Clean repeat,98016,1,1,1d76fef6ebe3149079231dcaffe8b22c4b7c0a7a6cf78b5baabe848f4716f946,39f3933ef4cef5da7237aa71334c5046f58ed762a7be0342d9b5b34084e2627d
button-press-v3,307,17,Clean repeat,98017,1,1,1d76fef6ebe3149079231dcaffe8b22c4b7c0a7a6cf78b5baabe848f4716f946,f61cbfe68101a07ab89ad526eec48db79265d52b912bd8aa41e0872d42e4476a
button-press-v3,307,17,Clean repeat,98018,1,1,1d76fef6ebe3149079231dcaffe8b22c4b7c0a7a6cf78b5baabe848f4716f946,6a1bb37a15883a830d3fc53e7bcfaa54a0a868cdee9e5a5db8d855d002563bd0
button-press-v3,307,17,Clean repeat,98019,1,1,1d76fef6ebe3149079231dcaffe8b22c4b7c0a7a6cf78b5baabe848f4716f946,5780513723a6c2ba95542879e0bec789b53dc6cc809de64a69ede644b70c1b32
button-press-v3,307,17,Gaussian recovery,98000,1,1,f6e5c8396e241af5012d3bd68ea4cf8bf0a55aa63f2f6dad2ca463a667919e15,0e8ef22e0859484c04817931ff6881beefd46b5abada2b5abbc4fefc32a57e8d
button-press-v3,307,17,Gaussian recovery,98001,1,1,f6e5c8396e241af5012d3bd68ea4cf8bf0a55aa63f2f6dad2ca463a667919e15,0b6719ad9c5d22b55d1c8202aa29273f157eeabaf863bb4fd5339eca23cd5d83
button-press-v3,307,17,Gaussian recovery,98002,1,1,f6e5c8396e241af5012d3bd68ea4cf8bf0a55aa63f2f6dad2ca463a667919e15,f4328f7f9d5a70484b8a01d37ee7628b29b70fdb8ea124edcacde92241e35970
button-press-v3,307,17,Gaussian recovery,98003,1,1,f6e5c8396e241af5012d3bd68ea4cf8bf0a55aa63f2f6dad2ca463a667919e15,4c6bba606eab8b7213660b76279c1bb3f802a826e11a060765cba8ec2f288fda
button-press-v3,307,17,Gaussian recovery,98004,1,1,f6e5c8396e241af5012d3bd68ea4cf8bf0a55aa63f2f6dad2ca463a667919e15,9ee05a645d517cfb9a8e6ec0e7ad498ae226322e6f8438950c044d941773ea4e
button-press-v3,307,17,Gaussian recovery,98005,1,1,f6e5c8396e241af5012d3bd68ea4cf8bf0a55aa63f2f6dad2ca463a667919e15,8c7d106a0a8928e6cf2b3d32f66ed3671d9b06df3711e081171fb00960034a79
button-press-v3,307,17,Gaussian recovery,98006,1,1,f6e5c8396e241af5012d3bd68ea4cf8bf0a55aa63f2f6dad2ca463a667919e15,83643ee96cfbb621f71775a58322231737f95ca748264da8f47af5513be491e5
button-press-v3,307,17,Gaussian recovery,98007,1,1,f6e5c8396e241af5012d3bd68ea4cf8bf0a55aa63f2f6dad2ca463a667919e15,d88b56f9a242b929fbb2812f422b49346866db65c7e324747c6d9fccc6fd1d28
button-press-v3,307,17,Gaussian recovery,98008,1,1,f6e5c8396e241af5012d3bd68ea4cf8bf0a55aa63f2f6dad2ca463a667919e15,f7687eb9e7755ee191bf50987fca4afa0a5e8bd2ed5b61da93c71016bc0940a2
button-press-v3,307,17,Gaussian recovery,98009,1,1,f6e5c8396e241af5012d3bd68ea4cf8bf0a55aa63f2f6dad2ca463a667919e15,7c98bdcac6bf06843683bba9ef908e5b1a3f43063c83272b4459722abca53211
button-press-v3,307,17,Gaussian recovery,98010,1,1,f6e5c8396e241af5012d3bd68ea4cf8bf0a55aa63f2f6dad2ca463a667919e15,1af4af3afb27e56965e430de6556affb0ea09b389707435791373df9dfd95354
button-press-v3,307,17,Gaussian recovery,98011,1,1,f6e5c8396e241af5012d3bd68ea4cf8bf0a55aa63f2f6dad2ca463a667919e15,55ae010c04e2d1808ee321796bad43020a95e7477e170de23ddc01d29744cd33
button-press-v3,307,17,Gaussian recovery,98012,1,1,f6e5c8396e241af5012d3bd68ea4cf8bf0a55aa63f2f6dad2ca463a667919e15,f033983d5de9009b746ea8128345a62a6e54b3b3131172b922c858683b6ab5a6
button-press-v3,307,17,Gaussian recovery,98013,1,1,f6e5c8396e241af5012d3bd68ea4cf8bf0a55aa63f2f6dad2ca463a667919e15,9407b75f00a3cd9b48a60bbbb9e1ed85e3f754697088bd216b4a254465b3e08a
button-press-v3,307,17,Gaussian recovery,98014,1,1,f6e5c8396e241af5012d3bd68ea4cf8bf0a55aa63f2f6dad2ca463a667919e15,c05daf71bc275ea0627035deac315ba0742cd130a257b3dca78b9ddaedacb898
button-press-v3,307,17,Gaussian recovery,98015,1,1,f6e5c8396e241af5012d3bd68ea4cf8bf0a55aa63f2f6dad2ca463a667919e15,ade595c534ffcff4a0c760427c904817d4ceebb87c4eb0511e78221264f60c17
button-press-v3,307,17,Gaussian recovery,98016,1,1,f6e5c8396e241af5012d3bd68ea4cf8bf0a55aa63f2f6dad2ca463a667919e15,d672120d8020a17cbca6e35898c8742e69286f48c2c0576acb1d7abd239400c8
button-press-v3,307,17,Gaussian recovery,98017,1,1,f6e5c8396e241af5012d3bd68ea4cf8bf0a55aa63f2f6dad2ca463a667919e15,8b9ce25945281265af8fa483894a15cee2e4fc019d6e4fb30e84635e40f5a5fb
button-press-v3,307,17,Gaussian recovery,98018,1,1,f6e5c8396e241af5012d3bd68ea4cf8bf0a55aa63f2f6dad2ca463a667919e15,85874d8cb033d84535e6fdf1b5c70f8da191ff205a3d74e37f0ca16346c09303
button-press-v3,307,17,Gaussian recovery,98019,1,1,f6e5c8396e241af5012d3bd68ea4cf8bf0a55aa63f2f6dad2ca463a667919e15,98aa841598086afb1378194d3241852c425ddba80fe91caa9c78df66882b7fa1
button-press-v3,307,17,SCANA-R,98000,1,1,68c657a06595b6582b2e28758e85752ec39bf2f1f7ba3ddbdb73578d4ace9c49,f3563823d4b9386550de0e4394bfbb87fa29c20ff4fd421bbf9a3c54679e3e17
button-press-v3,307,17,SCANA-R,98001,1,1,68c657a06595b6582b2e28758e85752ec39bf2f1f7ba3ddbdb73578d4ace9c49,8cab362f4ccdaedd02d64fdd837f32184bfe5914dbd4472bb504da351adde210
button-press-v3,307,17,SCANA-R,98002,1,1,68c657a06595b6582b2e28758e85752ec39bf2f1f7ba3ddbdb73578d4ace9c49,f25675e6950db8bec652d52241caf0d34773c72a8e427b5a7294051c026e98fd
button-press-v3,307,17,SCANA-R,98003,1,1,68c657a06595b6582b2e28758e85752ec39bf2f1f7ba3ddbdb73578d4ace9c49,c2ae2989ab734706e330d95c6ab23efc2eac9b7cec930626ed71240aded95206
button-press-v3,307,17,SCANA-R,98004,1,1,68c657a06595b6582b2e28758e85752ec39bf2f1f7ba3ddbdb73578d4ace9c49,e41bbe5d645c6e9658f2aa5b6c1d7c2371d3070b0b9bfa219afcac9881926c0b
button-press-v3,307,17,SCANA-R,98005,1,1,68c657a06595b6582b2e28758e85752ec39bf2f1f7ba3ddbdb73578d4ace9c49,666187101cd3796fd66aff37afde1ab853a24ddc86a3c688ac48a3a8efcc6049
button-press-v3,307,17,SCANA-R,98006,1,1,68c657a06595b6582b2e28758e85752ec39bf2f1f7ba3ddbdb73578d4ace9c49,65a743d0be4fb4370b1c5279b8184610b7b6d3b356d2e055143f1849b4b087c2
button-press-v3,307,17,SCANA-R,98007,1,1,68c657a06595b6582b2e28758e85752ec39bf2f1f7ba3ddbdb73578d4ace9c49,db7521b1c82693af57c91e0eefea31f8dde4d467f892cf529095c54af1428377
button-press-v3,307,17,SCANA-R,98008,1,1,68c657a06595b6582b2e28758e85752ec39bf2f1f7ba3ddbdb73578d4ace9c49,274c2ca255b2c47d5ad204e402b18d9b7d44a601d910bfe7359b84c6ddb6905d
button-press-v3,307,17,SCANA-R,98009,1,1,68c657a06595b6582b2e28758e85752ec39bf2f1f7ba3ddbdb73578d4ace9c49,63f8af6260e0382ccf14a8cd0c32b43dcc58e8dae719c7c65058d005f72eefb6
button-press-v3,307,17,SCANA-R,98010,1,1,68c657a06595b6582b2e28758e85752ec39bf2f1f7ba3ddbdb73578d4ace9c49,d50d6a6787d27a84a9643161bc001ba26a54ca4ea3067495062419168ca6e55d
button-press-v3,307,17,SCANA-R,98011,1,1,68c657a06595b6582b2e28758e85752ec39bf2f1f7ba3ddbdb73578d4ace9c49,580683fd63a3f034039f6a7045bbe644521053b6f94bd28c78304b44e396f0e6
button-press-v3,307,17,SCANA-R,98012,1,1,68c657a06595b6582b2e28758e85752ec39bf2f1f7ba3ddbdb73578d4ace9c49,e2d8fe7c0daa1849a2c188057f8a7ac055b7d0a34baccba73e62c728a093fd82
button-press-v3,307,17,SCANA-R,98013,1,1,68c657a06595b6582b2e28758e85752ec39bf2f1f7ba3ddbdb73578d4ace9c49,20dd59f528f442d8602e180b75dd34f7a48d832b699790a1c9663f08fcce269c
button-press-v3,307,17,SCANA-R,98014,1,1,68c657a06595b6582b2e28758e85752ec39bf2f1f7ba3ddbdb73578d4ace9c49,08123262d1ace45b0cb47a1f9767be4630b02218d668018cf33ffd91ec561f7c
button-press-v3,307,17,SCANA-R,98015,1,1,68c657a06595b6582b2e28758e85752ec39bf2f1f7ba3ddbdb73578d4ace9c49,a59c01bc1c301d0c2bf34cf744dd70e55272bf55bdcdeb3998e85a60d692bc21
button-press-v3,307,17,SCANA-R,98016,1,1,68c657a06595b6582b2e28758e85752ec39bf2f1f7ba3ddbdb73578d4ace9c49,8d8799f9a2fb0fe37dc18814444d3df3b9f0c879d942652daebc51a4014c6733
button-press-v3,307,17,SCANA-R,98017,1,1,68c657a06595b6582b2e28758e85752ec39bf2f1f7ba3ddbdb73578d4ace9c49,30fbfe46be979ba009a92e6a52af664db83c63f22b21650bbc278fd3b95bc133
button-press-v3,307,17,SCANA-R,98018,1,1,68c657a06595b6582b2e28758e85752ec39bf2f1f7ba3ddbdb73578d4ace9c49,aebed0df12da28f4e88d6eba46ce94338ca69188ee2a125baae0727975943f53
button-press-v3,307,17,SCANA-R,98019,1,1,68c657a06595b6582b2e28758e85752ec39bf2f1f7ba3ddbdb73578d4ace9c49,bbb5102466c51f2b3c0c6018ac27d277f1ea6761bd4147622bafa85dc64dd1e1
button-press-v3,307,29,Clean repeat,98000,1,1,643ebf06ba4523abb9f77aa3ca2b38411a22aa92b21dfab2e482577dcc1d4073,a70b1003ac270e81df8e98e36c61690fb3f6ab8d8359cad3c042ca4c6b838681
button-press-v3,307,29,Clean repeat,98001,1,1,643ebf06ba4523abb9f77aa3ca2b38411a22aa92b21dfab2e482577dcc1d4073,748b88a1e5dc342970ae2e1898e25e6b470e842122ac09ff9b8e20d1be380b79
button-press-v3,307,29,Clean repeat,98002,1,1,643ebf06ba4523abb9f77aa3ca2b38411a22aa92b21dfab2e482577dcc1d4073,af7850881681ae5b2f04dccde66ac00f02a333c6e576fa1063ff04e1debc2e13
button-press-v3,307,29,Clean repeat,98003,1,1,643ebf06ba4523abb9f77aa3ca2b38411a22aa92b21dfab2e482577dcc1d4073,830865ffb0b2db8c0c7e864adbfd955ce7b633573c8a6311dbbdf281a5056168
button-press-v3,307,29,Clean repeat,98004,1,1,643ebf06ba4523abb9f77aa3ca2b38411a22aa92b21dfab2e482577dcc1d4073,23c5dddcd17aa88b572c61068ea2fa0114b2f84afdd9c0c0bfea23517ffa6870
button-press-v3,307,29,Clean repeat,98005,1,1,643ebf06ba4523abb9f77aa3ca2b38411a22aa92b21dfab2e482577dcc1d4073,a03202294e29e26e8ff40741cbe0591589bc4140fb413c9a4ad6a075d8683b6c
button-press-v3,307,29,Clean repeat,98006,1,1,643ebf06ba4523abb9f77aa3ca2b38411a22aa92b21dfab2e482577dcc1d4073,5fee8be8def623205917571b472949da73ae54cb0e4f683d5da701e6d70fa777
button-press-v3,307,29,Clean repeat,98007,1,1,643ebf06ba4523abb9f77aa3ca2b38411a22aa92b21dfab2e482577dcc1d4073,4f061a290e9f47d01dad97cebfc18764b7e0064b207669b836b7513dd63511c3
button-press-v3,307,29,Clean repeat,98008,1,1,643ebf06ba4523abb9f77aa3ca2b38411a22aa92b21dfab2e482577dcc1d4073,ec8368620cb51dcfb4e19d91b4457a6ab892fba215c30850cf2643da30c207de
button-press-v3,307,29,Clean repeat,98009,1,1,643ebf06ba4523abb9f77aa3ca2b38411a22aa92b21dfab2e482577dcc1d4073,4f4f2e5d197131d18d2b1f426bbe9ed7c0a0d77a4145790a69a488047d61bb34
button-press-v3,307,29,Clean repeat,98010,1,1,643ebf06ba4523abb9f77aa3ca2b38411a22aa92b21dfab2e482577dcc1d4073,83ca99c8bf9f36adc7874c9dd8ee17fe8d73f8a429f67b9b2d71d896078433e3
button-press-v3,307,29,Clean repeat,98011,1,1,643ebf06ba4523abb9f77aa3ca2b38411a22aa92b21dfab2e482577dcc1d4073,ecc5c80403496739e5523c744a3aeec02f18996ea525b41fd0376e59d482502b
button-press-v3,307,29,Clean repeat,98012,1,1,643ebf06ba4523abb9f77aa3ca2b38411a22aa92b21dfab2e482577dcc1d4073,10b44aa698e43936e6820de075a16b2f9bdad3797989ab12564781b4db376385
button-press-v3,307,29,Clean repeat,98013,1,1,643ebf06ba4523abb9f77aa3ca2b38411a22aa92b21dfab2e482577dcc1d4073,47db52b7345d5e0cd6316f0c13db0be5658c0966b53efcebeeef219a1d0c6b1e
button-press-v3,307,29,Clean repeat,98014,1,1,643ebf06ba4523abb9f77aa3ca2b38411a22aa92b21dfab2e482577dcc1d4073,9cebc6185fd6801d719cd51ee230c5fca5e6dc2b6de6b5c82593032751a25fc1
button-press-v3,307,29,Clean repeat,98015,1,1,643ebf06ba4523abb9f77aa3ca2b38411a22aa92b21dfab2e482577dcc1d4073,88d756f18a018704e31b066287cf162392554f1472ea9b3cffd0abd6d5e7663c
button-press-v3,307,29,Clean repeat,98016,1,1,643ebf06ba4523abb9f77aa3ca2b38411a22aa92b21dfab2e482577dcc1d4073,9571522f0a2906dd79f6d69681b33b3608a355d3765fcff72bafb5a67cf6cf54
button-press-v3,307,29,Clean repeat,98017,1,1,643ebf06ba4523abb9f77aa3ca2b38411a22aa92b21dfab2e482577dcc1d4073,1968ac57fb4a7adfd07a68b75b4d5504d33604a08457c6a51bf6065f2ab29596
button-press-v3,307,29,Clean repeat,98018,1,1,643ebf06ba4523abb9f77aa3ca2b38411a22aa92b21dfab2e482577dcc1d4073,8734d5b8c90cc5dcb9448ba719f8146eee62b73699ca9de9ee8ccb167f7acc54
button-press-v3,307,29,Clean repeat,98019,1,1,643ebf06ba4523abb9f77aa3ca2b38411a22aa92b21dfab2e482577dcc1d4073,d5db095536b2cb5a3a47f530cab9b3dad0093aa809ab952c603cd86a27d9b043
button-press-v3,307,29,Gaussian recovery,98000,1,1,95cc01716d529b79bb5742cad701b2b4c27c026c261fdaaad1af9744914e9848,91435978e7eeb81b92c683ac55c7365d05d9081a9a28a10378e1ae983f0f2dba
button-press-v3,307,29,Gaussian recovery,98001,1,1,95cc01716d529b79bb5742cad701b2b4c27c026c261fdaaad1af9744914e9848,de26a96c2f7563313721f42ae02b508629eb34779d20afe3f8ccc9dbca30c1cb
button-press-v3,307,29,Gaussian recovery,98002,1,1,95cc01716d529b79bb5742cad701b2b4c27c026c261fdaaad1af9744914e9848,a5685e166353d02f1050daeeeeb359cb5b34ff74c92835de5ee414ac07df2ba3
button-press-v3,307,29,Gaussian recovery,98003,1,1,95cc01716d529b79bb5742cad701b2b4c27c026c261fdaaad1af9744914e9848,5155409bdb46a43aa941ebbb1f5485b731a84cbcc067ee9953bec292c2bf9b23
button-press-v3,307,29,Gaussian recovery,98004,1,1,95cc01716d529b79bb5742cad701b2b4c27c026c261fdaaad1af9744914e9848,1a5b5127eef4ca6b7a1f92013205c0f0b9fdd71526484425ce8e14f8f00cba99
button-press-v3,307,29,Gaussian recovery,98005,1,1,95cc01716d529b79bb5742cad701b2b4c27c026c261fdaaad1af9744914e9848,5f83a9bf1088b6a63eaab946747ca299e4dcce30f87012beff74963291aaeda0
button-press-v3,307,29,Gaussian recovery,98006,1,1,95cc01716d529b79bb5742cad701b2b4c27c026c261fdaaad1af9744914e9848,de2f30e3032f2f2043408d3defffa06838ccab692e3ae01479c3574e737bc784
button-press-v3,307,29,Gaussian recovery,98007,1,1,95cc01716d529b79bb5742cad701b2b4c27c026c261fdaaad1af9744914e9848,d4511b3d2192e8b9bbe6367929eef217817c26d5253a4a6d86733b5c593322d6
button-press-v3,307,29,Gaussian recovery,98008,1,1,95cc01716d529b79bb5742cad701b2b4c27c026c261fdaaad1af9744914e9848,449fc0b9d66581185085d922f847a446f109a66d5dc54a547df82e64643bab08
button-press-v3,307,29,Gaussian recovery,98009,1,1,95cc01716d529b79bb5742cad701b2b4c27c026c261fdaaad1af9744914e9848,1327b9b8115c4c9978bf9c566f9b72be83de22a498f3f83e27248a427223b64c
button-press-v3,307,29,Gaussian recovery,98010,1,1,95cc01716d529b79bb5742cad701b2b4c27c026c261fdaaad1af9744914e9848,2e19c3eeafdfe11d352e8a488e12647cc2bc17aa19421fedd3f6017c05c20e3e
button-press-v3,307,29,Gaussian recovery,98011,1,1,95cc01716d529b79bb5742cad701b2b4c27c026c261fdaaad1af9744914e9848,034be3071bd69e7b314158885778b1cbfa85981a84295c62d519fd31a5a74b54
button-press-v3,307,29,Gaussian recovery,98012,1,1,95cc01716d529b79bb5742cad701b2b4c27c026c261fdaaad1af9744914e9848,745312f182d65f9a423179c21d7ecb35af7c724b0dc58c46b60a3452ccf2fed3
button-press-v3,307,29,Gaussian recovery,98013,1,1,95cc01716d529b79bb5742cad701b2b4c27c026c261fdaaad1af9744914e9848,4d477ee80979eeec70967e18f066b0116bc6154043c79125cdba5cebb2a671a8
button-press-v3,307,29,Gaussian recovery,98014,1,1,95cc01716d529b79bb5742cad701b2b4c27c026c261fdaaad1af9744914e9848,a59ea4c69bca792c4e53a11f3d55bb2a23be8ce677c4ffb50cfc2e3dd668f88d
button-press-v3,307,29,Gaussian recovery,98015,1,1,95cc01716d529b79bb5742cad701b2b4c27c026c261fdaaad1af9744914e9848,5d49c6908cdc04d2f33bdb484e271e3a56e94fc2603f73ce4fecb218607be102
button-press-v3,307,29,Gaussian recovery,98016,1,1,95cc01716d529b79bb5742cad701b2b4c27c026c261fdaaad1af9744914e9848,44fe2f5bcc9952cc47bc8cfdc7be0799ae64a2220fde8e6b2720b7fe1ae1d4c5
button-press-v3,307,29,Gaussian recovery,98017,1,1,95cc01716d529b79bb5742cad701b2b4c27c026c261fdaaad1af9744914e9848,e67f48608df62d7e78830190d82cacc8765f4b89387e01fb2ae4a127939f9066
button-press-v3,307,29,Gaussian recovery,98018,1,1,95cc01716d529b79bb5742cad701b2b4c27c026c261fdaaad1af9744914e9848,cd8c51b13d29872182b09f727a4a2236718a8b1525cd793ca97280fb7ed186a1
button-press-v3,307,29,Gaussian recovery,98019,1,1,95cc01716d529b79bb5742cad701b2b4c27c026c261fdaaad1af9744914e9848,88febc9c1eb34e2fad467d8d0adebbe18f051e43efa80f0d13ee7e268bfb8d93
button-press-v3,307,29,SCANA-R,98000,1,1,7e57ab5b63be0f7100ccd50170338dd0eedcb396d6858525469e22a6f93afdb3,e37406a3e6ddd44a642327d3e89c2fd4e13735b104757a3eb572cbb9ab8173f7
button-press-v3,307,29,SCANA-R,98001,1,1,7e57ab5b63be0f7100ccd50170338dd0eedcb396d6858525469e22a6f93afdb3,1628f8e6185b8f6e78e05af34b4426d7289558fea03f09d219fecc674ecb98e4
button-press-v3,307,29,SCANA-R,98002,1,1,7e57ab5b63be0f7100ccd50170338dd0eedcb396d6858525469e22a6f93afdb3,f61c30c24a88f1b1b028c3427ce59914fb213ddaeff21bf9665b6c7127b2904e
button-press-v3,307,29,SCANA-R,98003,1,1,7e57ab5b63be0f7100ccd50170338dd0eedcb396d6858525469e22a6f93afdb3,5d77fdb925755e7466f035da3e095044ad66c7725f6da35329c1ae723f94cf5e
button-press-v3,307,29,SCANA-R,98004,1,1,7e57ab5b63be0f7100ccd50170338dd0eedcb396d6858525469e22a6f93afdb3,d82d029feb98e071fd623624cabe6b3a1842fd3c941564000e9a3f98db5b693c
button-press-v3,307,29,SCANA-R,98005,1,1,7e57ab5b63be0f7100ccd50170338dd0eedcb396d6858525469e22a6f93afdb3,3673eb15b2a3e3ba63adb95f0f0ecd3532a7399e0edc8081de970acc8d4fc7ad
button-press-v3,307,29,SCANA-R,98006,1,1,7e57ab5b63be0f7100ccd50170338dd0eedcb396d6858525469e22a6f93afdb3,b488a322f1beb7f63176b1c74d9e1dc0e7272185cc9b990a49706690e943e921
button-press-v3,307,29,SCANA-R,98007,1,1,7e57ab5b63be0f7100ccd50170338dd0eedcb396d6858525469e22a6f93afdb3,b544a0fee34a9bf3999aac59e2696ff65d6941b150947274c96dbf1a0316e2b5
button-press-v3,307,29,SCANA-R,98008,1,1,7e57ab5b63be0f7100ccd50170338dd0eedcb396d6858525469e22a6f93afdb3,1d0a78cf9c3e00fbe7aaccbe6be3fcb74877ea3d52d6306daaf20ef37e19d311
button-press-v3,307,29,SCANA-R,98009,1,1,7e57ab5b63be0f7100ccd50170338dd0eedcb396d6858525469e22a6f93afdb3,39d9c181be5e98c3e6af8bb1acd5d9418055cae06f948e46698e9d231561c53f
button-press-v3,307,29,SCANA-R,98010,1,1,7e57ab5b63be0f7100ccd50170338dd0eedcb396d6858525469e22a6f93afdb3,1f002c3e33aeecb74cd956f81d99a263662ff7a6dc7aecf9a27eeee80acc20b7
button-press-v3,307,29,SCANA-R,98011,1,1,7e57ab5b63be0f7100ccd50170338dd0eedcb396d6858525469e22a6f93afdb3,6f9c40eee834ebec764627ae45a9c0f38f4737f7e307319ac0b95fdac1943967
button-press-v3,307,29,SCANA-R,98012,1,1,7e57ab5b63be0f7100ccd50170338dd0eedcb396d6858525469e22a6f93afdb3,b47d732ed03a28bca1989e0719832a9235f7274ff43aebee1982de5810f9d7fc
button-press-v3,307,29,SCANA-R,98013,1,1,7e57ab5b63be0f7100ccd50170338dd0eedcb396d6858525469e22a6f93afdb3,f2080b2a829eeeeb50e5e6bd547495ac970d08347e225d22b1504d240ba50830
button-press-v3,307,29,SCANA-R,98014,1,1,7e57ab5b63be0f7100ccd50170338dd0eedcb396d6858525469e22a6f93afdb3,70b1665785a14a30c4881c14add788beaae3abadb280e69e9d521bdd39643b2e
button-press-v3,307,29,SCANA-R,98015,1,1,7e57ab5b63be0f7100ccd50170338dd0eedcb396d6858525469e22a6f93afdb3,9da09cbc8680f96e0366e4cccfb41b1c108d2e40df4318f3967b7b866dea0160
button-press-v3,307,29,SCANA-R,98016,1,1,7e57ab5b63be0f7100ccd50170338dd0eedcb396d6858525469e22a6f93afdb3,7ef2316571d44b3bb0d4ae52e00a4dcbdf569d7b04369fb838ad97506112e242
button-press-v3,307,29,SCANA-R,98017,1,1,7e57ab5b63be0f7100ccd50170338dd0eedcb396d6858525469e22a6f93afdb3,1ea0264857bd8bc14bcae08e8550e9e0f42237b6ba541938d8ae9d58e2205756
button-press-v3,307,29,SCANA-R,98018,1,1,7e57ab5b63be0f7100ccd50170338dd0eedcb396d6858525469e22a6f93afdb3,517fc6f0db80d8f86b15fc2b1bd1a7a913421f37e0be2131f06ec1fc027f5099
button-press-v3,307,29,SCANA-R,98019,1,1,7e57ab5b63be0f7100ccd50170338dd0eedcb396d6858525469e22a6f93afdb3,508def1c1f60cb3dcd7635b1608126aafc5f586f42748271394c544f427342c9
button-press-v3,307,43,Clean repeat,98000,1,1,1395a0a98f1ac7372ba2e9482bab8c2e5ad582f4f3951731b0d9851d5da02557,790ab228d08db5f0d786c74956279939237e9db70c8ce7642a814005100302ea
button-press-v3,307,43,Clean repeat,98001,1,1,1395a0a98f1ac7372ba2e9482bab8c2e5ad582f4f3951731b0d9851d5da02557,3784d40249f9cf70fa230dd8b8472a14c713e1af0ab8c125ef6c9cee714899ca
button-press-v3,307,43,Clean repeat,98002,1,1,1395a0a98f1ac7372ba2e9482bab8c2e5ad582f4f3951731b0d9851d5da02557,948f39a439a1f7cb0147b5ab74d0774497f7bbf282fb66e8592a3265187fddd6
button-press-v3,307,43,Clean repeat,98003,1,1,1395a0a98f1ac7372ba2e9482bab8c2e5ad582f4f3951731b0d9851d5da02557,c33db7667aee85699f52685f633f47e8dc8e22ac64405ed4e40c3e494b86fdfa
button-press-v3,307,43,Clean repeat,98004,1,1,1395a0a98f1ac7372ba2e9482bab8c2e5ad582f4f3951731b0d9851d5da02557,5a3a7156984d657fa609fb132d32cc89b850a6728a236d0e96b8a19ee27a6f16
button-press-v3,307,43,Clean repeat,98005,1,1,1395a0a98f1ac7372ba2e9482bab8c2e5ad582f4f3951731b0d9851d5da02557,c4090e26d9348f79bded40fa258b796353d2d5d95e642fa895703809d479b7ec
button-press-v3,307,43,Clean repeat,98006,1,1,1395a0a98f1ac7372ba2e9482bab8c2e5ad582f4f3951731b0d9851d5da02557,ca3ebba4a297922d8a7bccdd98f2de69bd50ed363ae622c22a8fd68eab03f307
button-press-v3,307,43,Clean repeat,98007,1,1,1395a0a98f1ac7372ba2e9482bab8c2e5ad582f4f3951731b0d9851d5da02557,115ee3ad572627f26e5342bf8faa2f77e10f8896b94169290baa4a51517671dc
button-press-v3,307,43,Clean repeat,98008,1,1,1395a0a98f1ac7372ba2e9482bab8c2e5ad582f4f3951731b0d9851d5da02557,98c2431e2fe56d9b71c8ddfb7dd0cb5edfce1bb6c468bdc0886088cbe4706e7c
button-press-v3,307,43,Clean repeat,98009,1,1,1395a0a98f1ac7372ba2e9482bab8c2e5ad582f4f3951731b0d9851d5da02557,2467426e59eeb532091b2e12dbe2922470a5046ba933f8a4a2c51d6fc06b3d3f
button-press-v3,307,43,Clean repeat,98010,1,1,1395a0a98f1ac7372ba2e9482bab8c2e5ad582f4f3951731b0d9851d5da02557,9181817353cb534ef261cb3fa0b259db2946ca5757f8fdbd5088e0235e8cffa5
button-press-v3,307,43,Clean repeat,98011,1,1,1395a0a98f1ac7372ba2e9482bab8c2e5ad582f4f3951731b0d9851d5da02557,91902d79c024a42b87da42c5b2c48cc1ecf108a046f56cbed3f269784537e504
button-press-v3,307,43,Clean repeat,98012,1,1,1395a0a98f1ac7372ba2e9482bab8c2e5ad582f4f3951731b0d9851d5da02557,e2460537b74975e69521616075fb59ca8375c69760da5102170e5c51b4ec2057
button-press-v3,307,43,Clean repeat,98013,1,1,1395a0a98f1ac7372ba2e9482bab8c2e5ad582f4f3951731b0d9851d5da02557,00057a30435f6471c8e3034a51e9f57583a5d9818c9d01608e40ac31c94be975
button-press-v3,307,43,Clean repeat,98014,1,1,1395a0a98f1ac7372ba2e9482bab8c2e5ad582f4f3951731b0d9851d5da02557,311c0621cfdc18d3fa103aa03f759e440630a1653f5b82adb7793ec1c8422b05
button-press-v3,307,43,Clean repeat,98015,1,1,1395a0a98f1ac7372ba2e9482bab8c2e5ad582f4f3951731b0d9851d5da02557,d2c8f1e505bbfdfce2ad09c3510a830697d7dbc2a7a23e3ca4d920d17ff2b626
button-press-v3,307,43,Clean repeat,98016,1,1,1395a0a98f1ac7372ba2e9482bab8c2e5ad582f4f3951731b0d9851d5da02557,219c93b15f294796ec2b13bd975913b38f0b290b194fb6ea9f63dd4a77a7e242
button-press-v3,307,43,Clean repeat,98017,1,1,1395a0a98f1ac7372ba2e9482bab8c2e5ad582f4f3951731b0d9851d5da02557,c1baf42dda0de9260aae07ef81f260ff58fe06a0701d0355b25fd50ac599b487
button-press-v3,307,43,Clean repeat,98018,1,1,1395a0a98f1ac7372ba2e9482bab8c2e5ad582f4f3951731b0d9851d5da02557,df260d7e6f1d8e64b53069888371273fd0bb76900e2be974cea3469fef763e41
button-press-v3,307,43,Clean repeat,98019,1,1,1395a0a98f1ac7372ba2e9482bab8c2e5ad582f4f3951731b0d9851d5da02557,91818152ddcfddfe9b84f35f1edfbf9b359710863188571c60ac0604588969f3
button-press-v3,307,43,Gaussian recovery,98000,1,1,01eb8c3ccce2cb08affb491a4262a8d5678f523588350f0f41088b7954b89618,ef71b4562c2cd97c2bf10a969f197f3a440cb3db4a95dc60f81ad57505926646
button-press-v3,307,43,Gaussian recovery,98001,1,1,01eb8c3ccce2cb08affb491a4262a8d5678f523588350f0f41088b7954b89618,6dba0bacc112ddbe3d75f3c21e3b8564762d541ec45594db87b4049d14a202d2
button-press-v3,307,43,Gaussian recovery,98002,1,1,01eb8c3ccce2cb08affb491a4262a8d5678f523588350f0f41088b7954b89618,3980dec111441f87b85e38eb78476bc74a79bf597b41b5ca310e43806881b37f
button-press-v3,307,43,Gaussian recovery,98003,1,1,01eb8c3ccce2cb08affb491a4262a8d5678f523588350f0f41088b7954b89618,dee8b343808726027f694c59a868cd3512ff9c75e906549b947aaa13337bc6dc
button-press-v3,307,43,Gaussian recovery,98004,1,1,01eb8c3ccce2cb08affb491a4262a8d5678f523588350f0f41088b7954b89618,8150728fb5b864a3838eadd3bfca1a6933e828139b8eb7e75ef711fa4db68e70
button-press-v3,307,43,Gaussian recovery,98005,1,1,01eb8c3ccce2cb08affb491a4262a8d5678f523588350f0f41088b7954b89618,d70f21c1beae626e33855c42eafc6780916ea08ba8b9f4ec9bab7d1b7c43a9a7
button-press-v3,307,43,Gaussian recovery,98006,1,1,01eb8c3ccce2cb08affb491a4262a8d5678f523588350f0f41088b7954b89618,ae194486632334bc827c0a1cc7f5b7acdf4934b4554222944d732f6b6f1b9e41
button-press-v3,307,43,Gaussian recovery,98007,1,1,01eb8c3ccce2cb08affb491a4262a8d5678f523588350f0f41088b7954b89618,d2eaca56df2615e5e646dc2b7bee766b8151b6b0fa8328c98b188d11110647a2
button-press-v3,307,43,Gaussian recovery,98008,1,1,01eb8c3ccce2cb08affb491a4262a8d5678f523588350f0f41088b7954b89618,bf0c52cfd61987187f4ca16f445e16d9de9b8926bd07c521b59d38d8f6b98350
button-press-v3,307,43,Gaussian recovery,98009,1,1,01eb8c3ccce2cb08affb491a4262a8d5678f523588350f0f41088b7954b89618,9306d269c8f8e637dd95a3b6a744dbb9e242281d4783c9ef990026a0e7e76cb1
button-press-v3,307,43,Gaussian recovery,98010,1,1,01eb8c3ccce2cb08affb491a4262a8d5678f523588350f0f41088b7954b89618,1eedbdfd99b2ffad34ba6bf54db3717dd45cc77125738573f58a6adbbcc1d3fa
button-press-v3,307,43,Gaussian recovery,98011,1,1,01eb8c3ccce2cb08affb491a4262a8d5678f523588350f0f41088b7954b89618,fc02193018ae4bc098b14e79c54256244c060841fcdf9d6cfdeeb3028bdf3b4f
button-press-v3,307,43,Gaussian recovery,98012,1,1,01eb8c3ccce2cb08affb491a4262a8d5678f523588350f0f41088b7954b89618,6742074d5a8774c20c490fa879d9b8c5c3d37fb0d7433ba3660fde68719c197e
button-press-v3,307,43,Gaussian recovery,98013,1,1,01eb8c3ccce2cb08affb491a4262a8d5678f523588350f0f41088b7954b89618,f5a0a097c87338c205335b9e1af1e7b0002962113a0f0ac194757c1ba9b65f04
button-press-v3,307,43,Gaussian recovery,98014,1,1,01eb8c3ccce2cb08affb491a4262a8d5678f523588350f0f41088b7954b89618,e199c450a4ec8e75b8c6a895b6138c67edbd85e1d7b18bb76d11ee9c34177a9c
button-press-v3,307,43,Gaussian recovery,98015,1,1,01eb8c3ccce2cb08affb491a4262a8d5678f523588350f0f41088b7954b89618,606ee844f93010ee3df4d2a382dca7fddc23452f07aa0a334ba3e04bd33e9c46
button-press-v3,307,43,Gaussian recovery,98016,1,1,01eb8c3ccce2cb08affb491a4262a8d5678f523588350f0f41088b7954b89618,e375977fdef3bda0e27a7e9e087f47d8493a165b316442b9e44bc63ef55c2cbd
button-press-v3,307,43,Gaussian recovery,98017,1,1,01eb8c3ccce2cb08affb491a4262a8d5678f523588350f0f41088b7954b89618,3076533b1a73c3211b74b1a6e821fce9034ed7f1b05b0d39b4919d09032eec5f
button-press-v3,307,43,Gaussian recovery,98018,1,1,01eb8c3ccce2cb08affb491a4262a8d5678f523588350f0f41088b7954b89618,b529189a28b283d936b1549f453bc014881a9804497bd758b49f1b330dc0b108
button-press-v3,307,43,Gaussian recovery,98019,1,1,01eb8c3ccce2cb08affb491a4262a8d5678f523588350f0f41088b7954b89618,a1754789713658d46ef0820d0972c029421f9e83b21817e1d20878d78d44c321
button-press-v3,307,43,SCANA-R,98000,1,1,7a18311a2715e42071574382054ab41f1d3596cb3362790a8726882ba0831feb,b986a7689fd074308c67f51a7221e689cb3d47af8b20e6d9d305bfb995d0f974
button-press-v3,307,43,SCANA-R,98001,1,1,7a18311a2715e42071574382054ab41f1d3596cb3362790a8726882ba0831feb,a9ed37b982ababce131846c1f2cac6835dead703a8b41228def20045aebd20a1
button-press-v3,307,43,SCANA-R,98002,1,1,7a18311a2715e42071574382054ab41f1d3596cb3362790a8726882ba0831feb,ff2f8e565385b4d51f5de065a865ff64f7e4a092268a0a86587e05e3bc9c509c
button-press-v3,307,43,SCANA-R,98003,1,1,7a18311a2715e42071574382054ab41f1d3596cb3362790a8726882ba0831feb,eb07b386365f2a06b85d7be9508dbe4f5801e2c866cbe53b1d57f9d00364de1e
button-press-v3,307,43,SCANA-R,98004,1,1,7a18311a2715e42071574382054ab41f1d3596cb3362790a8726882ba0831feb,c1fd25c0a1608121bef41f4e8f780a081022b6b21fa1a6f9a7f304ce09085df2
button-press-v3,307,43,SCANA-R,98005,1,1,7a18311a2715e42071574382054ab41f1d3596cb3362790a8726882ba0831feb,445070b285c5f79876dcc2e62f504fd4ee61fcd1cf626ed651b9b3fcdecbd5d4
button-press-v3,307,43,SCANA-R,98006,1,1,7a18311a2715e42071574382054ab41f1d3596cb3362790a8726882ba0831feb,2a6513cb9c3d754325f774071ffe9c4da7ce7b6b776cc4e3a85bc3d87c131d81
button-press-v3,307,43,SCANA-R,98007,1,1,7a18311a2715e42071574382054ab41f1d3596cb3362790a8726882ba0831feb,eb233e983ea67d3a8d9c0e974f4235cf3bfe94960bf58f96b69561011e89429f
button-press-v3,307,43,SCANA-R,98008,1,1,7a18311a2715e42071574382054ab41f1d3596cb3362790a8726882ba0831feb,786eb26156e47897c8bff76a80de0871306a27f9f897c38eaf0035503ab53ced
button-press-v3,307,43,SCANA-R,98009,1,1,7a18311a2715e42071574382054ab41f1d3596cb3362790a8726882ba0831feb,3c4f6e3b0050da0927d721a505849e5fea8651d9e61bbfc8ae37ce3240a8861b
button-press-v3,307,43,SCANA-R,98010,1,1,7a18311a2715e42071574382054ab41f1d3596cb3362790a8726882ba0831feb,ba9c4db20ad6c1d7775c2a4b804b23eefa53ffce29ebc662991ff6a2e219423b
button-press-v3,307,43,SCANA-R,98011,1,1,7a18311a2715e42071574382054ab41f1d3596cb3362790a8726882ba0831feb,0cd20baee72c7195c107097d1308886ba8852e1c0925f8633c8a73718115e69c
button-press-v3,307,43,SCANA-R,98012,1,1,7a18311a2715e42071574382054ab41f1d3596cb3362790a8726882ba0831feb,36238c72b00a7429899bb6c7e81f6753a38eb8fdeee6c7ce4ccb2e69c7433218
button-press-v3,307,43,SCANA-R,98013,1,1,7a18311a2715e42071574382054ab41f1d3596cb3362790a8726882ba0831feb,ca3353bcdaadf5bca4f9ee0beefce372d1f323c3ba972863b7332e230d4c8137
button-press-v3,307,43,SCANA-R,98014,1,1,7a18311a2715e42071574382054ab41f1d3596cb3362790a8726882ba0831feb,78fcd419a41ba8f8448731a72783a99305bd8d23a0fe8c6dc817fe3f6757ebf0
button-press-v3,307,43,SCANA-R,98015,1,1,7a18311a2715e42071574382054ab41f1d3596cb3362790a8726882ba0831feb,55b56a8fbf9b2bd00922138cb343f078e59557602441bdf6ff21d95545a4ac47
button-press-v3,307,43,SCANA-R,98016,1,1,7a18311a2715e42071574382054ab41f1d3596cb3362790a8726882ba0831feb,954f11c7910f88a08d233e9f1a224318ea0a285cdde73ccc613319387428c3b2
button-press-v3,307,43,SCANA-R,98017,1,1,7a18311a2715e42071574382054ab41f1d3596cb3362790a8726882ba0831feb,ac778bdf58a0aae704935bce0b66add909aafe1a41c7a81ba745384825308bba
button-press-v3,307,43,SCANA-R,98018,1,1,7a18311a2715e42071574382054ab41f1d3596cb3362790a8726882ba0831feb,1c3aea1c406014bfa20f7bb7408bc84f752684bfaf6b634f60c9e6d9cc28313b
button-press-v3,307,43,SCANA-R,98019,1,1,7a18311a2715e42071574382054ab41f1d3596cb3362790a8726882ba0831feb,4a5d6510a6a64a5b7d633e38669deeaf0bbfca925e7aeb0022a709d2dba5a084
