task,seed,method,layout,success,terminal_success,max_reward,total_reward,checkpoint_sha256
transfer_cube,7,Clean repeat,92000,0,0,2.0,32.0,6b18e3d676432a7f8859911a52d8a328b30103f400cf8c0cfbaea90c1052a8e2
transfer_cube,7,Clean repeat,92001,0,0,0.0,0.0,6b18e3d676432a7f8859911a52d8a328b30103f400cf8c0cfbaea90c1052a8e2
transfer_cube,7,Clean repeat,92002,1,0,4.0,130.0,6b18e3d676432a7f8859911a52d8a328b30103f400cf8c0cfbaea90c1052a8e2
transfer_cube,7,Clean repeat,92003,0,0,2.0,50.0,6b18e3d676432a7f8859911a52d8a328b30103f400cf8c0cfbaea90c1052a8e2
transfer_cube,7,Clean repeat,92004,0,0,2.0,78.0,6b18e3d676432a7f8859911a52d8a328b30103f400cf8c0cfbaea90c1052a8e2
transfer_cube,7,Clean repeat,92005,0,0,1.0,3.0,6b18e3d676432a7f8859911a52d8a328b30103f400cf8c0cfbaea90c1052a8e2
transfer_cube,7,Clean repeat,92006,1,0,4.0,86.0,6b18e3d676432a7f8859911a52d8a328b30103f400cf8c0cfbaea90c1052a8e2
transfer_cube,7,Clean repeat,92007,0,0,2.0,40.0,6b18e3d676432a7f8859911a52d8a328b30103f400cf8c0cfbaea90c1052a8e2
transfer_cube,7,Clean repeat,92008,1,1,4.0,669.0,6b18e3d676432a7f8859911a52d8a328b30103f400cf8c0cfbaea90c1052a8e2
transfer_cube,7,Clean repeat,92009,0,0,2.0,98.0,6b18e3d676432a7f8859911a52d8a328b30103f400cf8c0cfbaea90c1052a8e2
transfer_cube,7,Clean repeat,92010,0,0,0.0,0.0,6b18e3d676432a7f8859911a52d8a328b30103f400cf8c0cfbaea90c1052a8e2
transfer_cube,7,Clean repeat,92011,0,0,2.0,98.0,6b18e3d676432a7f8859911a52d8a328b30103f400cf8c0cfbaea90c1052a8e2
transfer_cube,7,Clean repeat,92012,0,0,0.0,0.0,6b18e3d676432a7f8859911a52d8a328b30103f400cf8c0cfbaea90c1052a8e2
transfer_cube,7,Clean repeat,92013,0,0,2.0,62.0,6b18e3d676432a7f8859911a52d8a328b30103f400cf8c0cfbaea90c1052a8e2
transfer_cube,7,Clean repeat,92014,0,0,2.0,54.0,6b18e3d676432a7f8859911a52d8a328b30103f400cf8c0cfbaea90c1052a8e2
transfer_cube,7,Clean repeat,92015,1,0,4.0,121.0,6b18e3d676432a7f8859911a52d8a328b30103f400cf8c0cfbaea90c1052a8e2
transfer_cube,7,Clean repeat,92016,1,1,4.0,683.0,6b18e3d676432a7f8859911a52d8a328b30103f400cf8c0cfbaea90c1052a8e2
transfer_cube,7,Clean repeat,92017,1,1,4.0,670.0,6b18e3d676432a7f8859911a52d8a328b30103f400cf8c0cfbaea90c1052a8e2
transfer_cube,7,Clean repeat,92018,0,0,2.0,22.0,6b18e3d676432a7f8859911a52d8a328b30103f400cf8c0cfbaea90c1052a8e2
transfer_cube,7,Clean repeat,92019,0,0,1.0,50.0,6b18e3d676432a7f8859911a52d8a328b30103f400cf8c0cfbaea90c1052a8e2
transfer_cube,7,Clean repeat,92020,1,0,4.0,131.0,6b18e3d676432a7f8859911a52d8a328b30103f400cf8c0cfbaea90c1052a8e2
transfer_cube,7,Clean repeat,92021,0,0,2.0,28.0,6b18e3d676432a7f8859911a52d8a328b30103f400cf8c0cfbaea90c1052a8e2
transfer_cube,7,Clean repeat,92022,1,1,4.0,647.0,6b18e3d676432a7f8859911a52d8a328b30103f400cf8c0cfbaea90c1052a8e2
transfer_cube,7,Clean repeat,92023,1,0,4.0,183.0,6b18e3d676432a7f8859911a52d8a328b30103f400cf8c0cfbaea90c1052a8e2
transfer_cube,7,Clean repeat,92024,1,1,4.0,652.0,6b18e3d676432a7f8859911a52d8a328b30103f400cf8c0cfbaea90c1052a8e2
transfer_cube,7,Clean repeat,92025,1,1,4.0,634.0,6b18e3d676432a7f8859911a52d8a328b30103f400cf8c0cfbaea90c1052a8e2
transfer_cube,7,Clean repeat,92026,0,0,2.0,71.0,6b18e3d676432a7f8859911a52d8a328b30103f400cf8c0cfbaea90c1052a8e2
transfer_cube,7,Clean repeat,92027,1,1,4.0,626.0,6b18e3d676432a7f8859911a52d8a328b30103f400cf8c0cfbaea90c1052a8e2
transfer_cube,7,Clean repeat,92028,1,0,4.0,101.0,6b18e3d676432a7f8859911a52d8a328b30103f400cf8c0cfbaea90c1052a8e2
transfer_cube,7,Clean repeat,92029,0,0,2.0,13.0,6b18e3d676432a7f8859911a52d8a328b30103f400cf8c0cfbaea90c1052a8e2
transfer_cube,7,Clean repeat,92030,1,1,4.0,663.0,6b18e3d676432a7f8859911a52d8a328b30103f400cf8c0cfbaea90c1052a8e2
transfer_cube,7,Clean repeat,92031,0,0,2.0,58.0,6b18e3d676432a7f8859911a52d8a328b30103f400cf8c0cfbaea90c1052a8e2
transfer_cube,7,Clean repeat,92032,0,0,2.0,17.0,6b18e3d676432a7f8859911a52d8a328b30103f400cf8c0cfbaea90c1052a8e2
transfer_cube,7,Clean repeat,92033,0,0,2.0,17.0,6b18e3d676432a7f8859911a52d8a328b30103f400cf8c0cfbaea90c1052a8e2
transfer_cube,7,Clean repeat,92034,1,0,4.0,215.0,6b18e3d676432a7f8859911a52d8a328b30103f400cf8c0cfbaea90c1052a8e2
transfer_cube,7,Clean repeat,92035,0,0,2.0,35.0,6b18e3d676432a7f8859911a52d8a328b30103f400cf8c0cfbaea90c1052a8e2
transfer_cube,7,Clean repeat,92036,0,0,2.0,47.0,6b18e3d676432a7f8859911a52d8a328b30103f400cf8c0cfbaea90c1052a8e2
transfer_cube,7,Clean repeat,92037,1,1,4.0,622.0,6b18e3d676432a7f8859911a52d8a328b30103f400cf8c0cfbaea90c1052a8e2
transfer_cube,7,Clean repeat,92038,1,1,4.0,699.0,6b18e3d676432a7f8859911a52d8a328b30103f400cf8c0cfbaea90c1052a8e2
transfer_cube,7,Clean repeat,92039,1,1,4.0,683.0,6b18e3d676432a7f8859911a52d8a328b30103f400cf8c0cfbaea90c1052a8e2
transfer_cube,7,Calibrated recovery,92000,1,1,4.0,620.0,75e203ce75e689d3ebafd0b45d33570755c5ee40690f52fb2deecf847101aaaa
transfer_cube,7,Calibrated recovery,92001,1,1,4.0,635.0,75e203ce75e689d3ebafd0b45d33570755c5ee40690f52fb2deecf847101aaaa
transfer_cube,7,Calibrated recovery,92002,1,1,4.0,632.0,75e203ce75e689d3ebafd0b45d33570755c5ee40690f52fb2deecf847101aaaa
transfer_cube,7,Calibrated recovery,92003,1,1,4.0,628.0,75e203ce75e689d3ebafd0b45d33570755c5ee40690f52fb2deecf847101aaaa
transfer_cube,7,Calibrated recovery,92004,1,1,4.0,622.0,75e203ce75e689d3ebafd0b45d33570755c5ee40690f52fb2deecf847101aaaa
transfer_cube,7,Calibrated recovery,92005,1,1,4.0,662.0,75e203ce75e689d3ebafd0b45d33570755c5ee40690f52fb2deecf847101aaaa
transfer_cube,7,Calibrated recovery,92006,1,1,4.0,618.0,75e203ce75e689d3ebafd0b45d33570755c5ee40690f52fb2deecf847101aaaa
transfer_cube,7,Calibrated recovery,92007,1,1,4.0,631.0,75e203ce75e689d3ebafd0b45d33570755c5ee40690f52fb2deecf847101aaaa
transfer_cube,7,Calibrated recovery,92008,1,1,4.0,605.0,75e203ce75e689d3ebafd0b45d33570755c5ee40690f52fb2deecf847101aaaa
transfer_cube,7,Calibrated recovery,92009,1,1,4.0,629.0,75e203ce75e689d3ebafd0b45d33570755c5ee40690f52fb2deecf847101aaaa
transfer_cube,7,Calibrated recovery,92010,1,1,4.0,622.0,75e203ce75e689d3ebafd0b45d33570755c5ee40690f52fb2deecf847101aaaa
transfer_cube,7,Calibrated recovery,92011,1,1,4.0,632.0,75e203ce75e689d3ebafd0b45d33570755c5ee40690f52fb2deecf847101aaaa
transfer_cube,7,Calibrated recovery,92012,1,1,4.0,636.0,75e203ce75e689d3ebafd0b45d33570755c5ee40690f52fb2deecf847101aaaa
transfer_cube,7,Calibrated recovery,92013,1,1,4.0,618.0,75e203ce75e689d3ebafd0b45d33570755c5ee40690f52fb2deecf847101aaaa
transfer_cube,7,Calibrated recovery,92014,1,0,4.0,608.0,75e203ce75e689d3ebafd0b45d33570755c5ee40690f52fb2deecf847101aaaa
transfer_cube,7,Calibrated recovery,92015,1,0,4.0,614.0,75e203ce75e689d3ebafd0b45d33570755c5ee40690f52fb2deecf847101aaaa
transfer_cube,7,Calibrated recovery,92016,1,1,4.0,617.0,75e203ce75e689d3ebafd0b45d33570755c5ee40690f52fb2deecf847101aaaa
transfer_cube,7,Calibrated recovery,92017,1,1,4.0,602.0,75e203ce75e689d3ebafd0b45d33570755c5ee40690f52fb2deecf847101aaaa
transfer_cube,7,Calibrated recovery,92018,1,1,4.0,625.0,75e203ce75e689d3ebafd0b45d33570755c5ee40690f52fb2deecf847101aaaa
transfer_cube,7,Calibrated recovery,92019,0,0,1.0,25.0,75e203ce75e689d3ebafd0b45d33570755c5ee40690f52fb2deecf847101aaaa
transfer_cube,7,Calibrated recovery,92020,1,1,4.0,633.0,75e203ce75e689d3ebafd0b45d33570755c5ee40690f52fb2deecf847101aaaa
transfer_cube,7,Calibrated recovery,92021,1,1,4.0,628.0,75e203ce75e689d3ebafd0b45d33570755c5ee40690f52fb2deecf847101aaaa
transfer_cube,7,Calibrated recovery,92022,1,1,4.0,635.0,75e203ce75e689d3ebafd0b45d33570755c5ee40690f52fb2deecf847101aaaa
transfer_cube,7,Calibrated recovery,92023,1,1,4.0,633.0,75e203ce75e689d3ebafd0b45d33570755c5ee40690f52fb2deecf847101aaaa
transfer_cube,7,Calibrated recovery,92024,1,1,4.0,625.0,75e203ce75e689d3ebafd0b45d33570755c5ee40690f52fb2deecf847101aaaa
transfer_cube,7,Calibrated recovery,92025,1,1,4.0,617.0,75e203ce75e689d3ebafd0b45d33570755c5ee40690f52fb2deecf847101aaaa
transfer_cube,7,Calibrated recovery,92026,1,1,4.0,625.0,75e203ce75e689d3ebafd0b45d33570755c5ee40690f52fb2deecf847101aaaa
transfer_cube,7,Calibrated recovery,92027,1,1,4.0,638.0,75e203ce75e689d3ebafd0b45d33570755c5ee40690f52fb2deecf847101aaaa
transfer_cube,7,Calibrated recovery,92028,1,1,4.0,626.0,75e203ce75e689d3ebafd0b45d33570755c5ee40690f52fb2deecf847101aaaa
transfer_cube,7,Calibrated recovery,92029,0,0,2.0,97.0,75e203ce75e689d3ebafd0b45d33570755c5ee40690f52fb2deecf847101aaaa
transfer_cube,7,Calibrated recovery,92030,1,1,4.0,628.0,75e203ce75e689d3ebafd0b45d33570755c5ee40690f52fb2deecf847101aaaa
transfer_cube,7,Calibrated recovery,92031,1,1,4.0,614.0,75e203ce75e689d3ebafd0b45d33570755c5ee40690f52fb2deecf847101aaaa
transfer_cube,7,Calibrated recovery,92032,1,1,4.0,637.0,75e203ce75e689d3ebafd0b45d33570755c5ee40690f52fb2deecf847101aaaa
transfer_cube,7,Calibrated recovery,92033,1,1,4.0,605.0,75e203ce75e689d3ebafd0b45d33570755c5ee40690f52fb2deecf847101aaaa
transfer_cube,7,Calibrated recovery,92034,1,1,4.0,607.0,75e203ce75e689d3ebafd0b45d33570755c5ee40690f52fb2deecf847101aaaa
transfer_cube,7,Calibrated recovery,92035,1,1,4.0,643.0,75e203ce75e689d3ebafd0b45d33570755c5ee40690f52fb2deecf847101aaaa
transfer_cube,7,Calibrated recovery,92036,1,1,4.0,627.0,75e203ce75e689d3ebafd0b45d33570755c5ee40690f52fb2deecf847101aaaa
transfer_cube,7,Calibrated recovery,92037,1,1,4.0,620.0,75e203ce75e689d3ebafd0b45d33570755c5ee40690f52fb2deecf847101aaaa
transfer_cube,7,Calibrated recovery,92038,1,1,4.0,617.0,75e203ce75e689d3ebafd0b45d33570755c5ee40690f52fb2deecf847101aaaa
transfer_cube,7,Calibrated recovery,92039,1,1,4.0,630.0,75e203ce75e689d3ebafd0b45d33570755c5ee40690f52fb2deecf847101aaaa
transfer_cube,7,Gaussian recovery,92000,1,1,4.0,643.0,29d61090c0d0fbb0f550341080b03b1e41d69086231e79f78988eb8d2e5ac6b2
transfer_cube,7,Gaussian recovery,92001,1,1,4.0,648.0,29d61090c0d0fbb0f550341080b03b1e41d69086231e79f78988eb8d2e5ac6b2
transfer_cube,7,Gaussian recovery,92002,1,1,4.0,642.0,29d61090c0d0fbb0f550341080b03b1e41d69086231e79f78988eb8d2e5ac6b2
transfer_cube,7,Gaussian recovery,92003,1,1,4.0,637.0,29d61090c0d0fbb0f550341080b03b1e41d69086231e79f78988eb8d2e5ac6b2
transfer_cube,7,Gaussian recovery,92004,1,1,4.0,622.0,29d61090c0d0fbb0f550341080b03b1e41d69086231e79f78988eb8d2e5ac6b2
transfer_cube,7,Gaussian recovery,92005,1,1,4.0,646.0,29d61090c0d0fbb0f550341080b03b1e41d69086231e79f78988eb8d2e5ac6b2
transfer_cube,7,Gaussian recovery,92006,1,1,4.0,711.0,29d61090c0d0fbb0f550341080b03b1e41d69086231e79f78988eb8d2e5ac6b2
transfer_cube,7,Gaussian recovery,92007,1,1,4.0,647.0,29d61090c0d0fbb0f550341080b03b1e41d69086231e79f78988eb8d2e5ac6b2
transfer_cube,7,Gaussian recovery,92008,1,1,4.0,722.0,29d61090c0d0fbb0f550341080b03b1e41d69086231e79f78988eb8d2e5ac6b2
transfer_cube,7,Gaussian recovery,92009,1,1,4.0,706.0,29d61090c0d0fbb0f550341080b03b1e41d69086231e79f78988eb8d2e5ac6b2
transfer_cube,7,Gaussian recovery,92010,1,1,4.0,660.0,29d61090c0d0fbb0f550341080b03b1e41d69086231e79f78988eb8d2e5ac6b2
transfer_cube,7,Gaussian recovery,92011,1,1,4.0,726.0,29d61090c0d0fbb0f550341080b03b1e41d69086231e79f78988eb8d2e5ac6b2
transfer_cube,7,Gaussian recovery,92012,1,1,4.0,625.0,29d61090c0d0fbb0f550341080b03b1e41d69086231e79f78988eb8d2e5ac6b2
transfer_cube,7,Gaussian recovery,92013,1,1,4.0,612.0,29d61090c0d0fbb0f550341080b03b1e41d69086231e79f78988eb8d2e5ac6b2
transfer_cube,7,Gaussian recovery,92014,1,1,4.0,648.0,29d61090c0d0fbb0f550341080b03b1e41d69086231e79f78988eb8d2e5ac6b2
transfer_cube,7,Gaussian recovery,92015,1,1,4.0,640.0,29d61090c0d0fbb0f550341080b03b1e41d69086231e79f78988eb8d2e5ac6b2
transfer_cube,7,Gaussian recovery,92016,1,1,4.0,647.0,29d61090c0d0fbb0f550341080b03b1e41d69086231e79f78988eb8d2e5ac6b2
transfer_cube,7,Gaussian recovery,92017,1,1,4.0,721.0,29d61090c0d0fbb0f550341080b03b1e41d69086231e79f78988eb8d2e5ac6b2
transfer_cube,7,Gaussian recovery,92018,1,1,4.0,656.0,29d61090c0d0fbb0f550341080b03b1e41d69086231e79f78988eb8d2e5ac6b2
transfer_cube,7,Gaussian recovery,92019,0,0,1.0,12.0,29d61090c0d0fbb0f550341080b03b1e41d69086231e79f78988eb8d2e5ac6b2
transfer_cube,7,Gaussian recovery,92020,1,1,4.0,641.0,29d61090c0d0fbb0f550341080b03b1e41d69086231e79f78988eb8d2e5ac6b2
transfer_cube,7,Gaussian recovery,92021,1,1,4.0,655.0,29d61090c0d0fbb0f550341080b03b1e41d69086231e79f78988eb8d2e5ac6b2
transfer_cube,7,Gaussian recovery,92022,1,1,4.0,635.0,29d61090c0d0fbb0f550341080b03b1e41d69086231e79f78988eb8d2e5ac6b2
transfer_cube,7,Gaussian recovery,92023,1,1,4.0,727.0,29d61090c0d0fbb0f550341080b03b1e41d69086231e79f78988eb8d2e5ac6b2
transfer_cube,7,Gaussian recovery,92024,1,1,4.0,648.0,29d61090c0d0fbb0f550341080b03b1e41d69086231e79f78988eb8d2e5ac6b2
transfer_cube,7,Gaussian recovery,92025,1,1,4.0,687.0,29d61090c0d0fbb0f550341080b03b1e41d69086231e79f78988eb8d2e5ac6b2
transfer_cube,7,Gaussian recovery,92026,1,1,4.0,637.0,29d61090c0d0fbb0f550341080b03b1e41d69086231e79f78988eb8d2e5ac6b2
transfer_cube,7,Gaussian recovery,92027,1,1,4.0,646.0,29d61090c0d0fbb0f550341080b03b1e41d69086231e79f78988eb8d2e5ac6b2
transfer_cube,7,Gaussian recovery,92028,1,1,4.0,719.0,29d61090c0d0fbb0f550341080b03b1e41d69086231e79f78988eb8d2e5ac6b2
transfer_cube,7,Gaussian recovery,92029,1,1,4.0,657.0,29d61090c0d0fbb0f550341080b03b1e41d69086231e79f78988eb8d2e5ac6b2
transfer_cube,7,Gaussian recovery,92030,1,1,4.0,647.0,29d61090c0d0fbb0f550341080b03b1e41d69086231e79f78988eb8d2e5ac6b2
transfer_cube,7,Gaussian recovery,92031,1,1,4.0,633.0,29d61090c0d0fbb0f550341080b03b1e41d69086231e79f78988eb8d2e5ac6b2
transfer_cube,7,Gaussian recovery,92032,1,1,4.0,653.0,29d61090c0d0fbb0f550341080b03b1e41d69086231e79f78988eb8d2e5ac6b2
transfer_cube,7,Gaussian recovery,92033,1,1,4.0,643.0,29d61090c0d0fbb0f550341080b03b1e41d69086231e79f78988eb8d2e5ac6b2
transfer_cube,7,Gaussian recovery,92034,1,1,4.0,648.0,29d61090c0d0fbb0f550341080b03b1e41d69086231e79f78988eb8d2e5ac6b2
transfer_cube,7,Gaussian recovery,92035,1,1,4.0,638.0,29d61090c0d0fbb0f550341080b03b1e41d69086231e79f78988eb8d2e5ac6b2
transfer_cube,7,Gaussian recovery,92036,1,1,4.0,633.0,29d61090c0d0fbb0f550341080b03b1e41d69086231e79f78988eb8d2e5ac6b2
transfer_cube,7,Gaussian recovery,92037,1,1,4.0,716.0,29d61090c0d0fbb0f550341080b03b1e41d69086231e79f78988eb8d2e5ac6b2
transfer_cube,7,Gaussian recovery,92038,1,1,4.0,696.0,29d61090c0d0fbb0f550341080b03b1e41d69086231e79f78988eb8d2e5ac6b2
transfer_cube,7,Gaussian recovery,92039,1,1,4.0,654.0,29d61090c0d0fbb0f550341080b03b1e41d69086231e79f78988eb8d2e5ac6b2
transfer_cube,7,Frozen context,92000,1,0,4.0,124.0,c76c4adcbb283fd304582b1f1cabbcded5fb8577f54d9515b4d7ef54a85b7b43
transfer_cube,7,Frozen context,92001,0,0,2.0,12.0,c76c4adcbb283fd304582b1f1cabbcded5fb8577f54d9515b4d7ef54a85b7b43
transfer_cube,7,Frozen context,92002,1,1,4.0,637.0,c76c4adcbb283fd304582b1f1cabbcded5fb8577f54d9515b4d7ef54a85b7b43
transfer_cube,7,Frozen context,92003,0,0,2.0,104.0,c76c4adcbb283fd304582b1f1cabbcded5fb8577f54d9515b4d7ef54a85b7b43
transfer_cube,7,Frozen context,92004,1,1,4.0,663.0,c76c4adcbb283fd304582b1f1cabbcded5fb8577f54d9515b4d7ef54a85b7b43
transfer_cube,7,Frozen context,92005,1,1,4.0,658.0,c76c4adcbb283fd304582b1f1cabbcded5fb8577f54d9515b4d7ef54a85b7b43
transfer_cube,7,Frozen context,92006,1,1,4.0,648.0,c76c4adcbb283fd304582b1f1cabbcded5fb8577f54d9515b4d7ef54a85b7b43
transfer_cube,7,Frozen context,92007,0,0,2.0,170.0,c76c4adcbb283fd304582b1f1cabbcded5fb8577f54d9515b4d7ef54a85b7b43
transfer_cube,7,Frozen context,92008,1,1,4.0,641.0,c76c4adcbb283fd304582b1f1cabbcded5fb8577f54d9515b4d7ef54a85b7b43
transfer_cube,7,Frozen context,92009,1,1,4.0,629.0,c76c4adcbb283fd304582b1f1cabbcded5fb8577f54d9515b4d7ef54a85b7b43
transfer_cube,7,Frozen context,92010,1,1,4.0,645.0,c76c4adcbb283fd304582b1f1cabbcded5fb8577f54d9515b4d7ef54a85b7b43
transfer_cube,7,Frozen context,92011,1,1,4.0,659.0,c76c4adcbb283fd304582b1f1cabbcded5fb8577f54d9515b4d7ef54a85b7b43
transfer_cube,7,Frozen context,92012,0,0,0.0,0.0,c76c4adcbb283fd304582b1f1cabbcded5fb8577f54d9515b4d7ef54a85b7b43
transfer_cube,7,Frozen context,92013,0,0,2.0,60.0,c76c4adcbb283fd304582b1f1cabbcded5fb8577f54d9515b4d7ef54a85b7b43
transfer_cube,7,Frozen context,92014,1,1,4.0,644.0,c76c4adcbb283fd304582b1f1cabbcded5fb8577f54d9515b4d7ef54a85b7b43
transfer_cube,7,Frozen context,92015,1,1,4.0,660.0,c76c4adcbb283fd304582b1f1cabbcded5fb8577f54d9515b4d7ef54a85b7b43
transfer_cube,7,Frozen context,92016,1,1,4.0,657.0,c76c4adcbb283fd304582b1f1cabbcded5fb8577f54d9515b4d7ef54a85b7b43
transfer_cube,7,Frozen context,92017,1,1,4.0,634.0,c76c4adcbb283fd304582b1f1cabbcded5fb8577f54d9515b4d7ef54a85b7b43
transfer_cube,7,Frozen context,92018,0,0,2.0,7.0,c76c4adcbb283fd304582b1f1cabbcded5fb8577f54d9515b4d7ef54a85b7b43
transfer_cube,7,Frozen context,92019,0,0,2.0,9.0,c76c4adcbb283fd304582b1f1cabbcded5fb8577f54d9515b4d7ef54a85b7b43
transfer_cube,7,Frozen context,92020,1,1,4.0,681.0,c76c4adcbb283fd304582b1f1cabbcded5fb8577f54d9515b4d7ef54a85b7b43
transfer_cube,7,Frozen context,92021,0,0,2.0,20.0,c76c4adcbb283fd304582b1f1cabbcded5fb8577f54d9515b4d7ef54a85b7b43
transfer_cube,7,Frozen context,92022,1,1,4.0,658.0,c76c4adcbb283fd304582b1f1cabbcded5fb8577f54d9515b4d7ef54a85b7b43
transfer_cube,7,Frozen context,92023,0,0,2.0,48.0,c76c4adcbb283fd304582b1f1cabbcded5fb8577f54d9515b4d7ef54a85b7b43
transfer_cube,7,Frozen context,92024,0,0,0.0,0.0,c76c4adcbb283fd304582b1f1cabbcded5fb8577f54d9515b4d7ef54a85b7b43
transfer_cube,7,Frozen context,92025,0,0,2.0,90.0,c76c4adcbb283fd304582b1f1cabbcded5fb8577f54d9515b4d7ef54a85b7b43
transfer_cube,7,Frozen context,92026,1,1,4.0,668.0,c76c4adcbb283fd304582b1f1cabbcded5fb8577f54d9515b4d7ef54a85b7b43
transfer_cube,7,Frozen context,92027,0,0,0.0,0.0,c76c4adcbb283fd304582b1f1cabbcded5fb8577f54d9515b4d7ef54a85b7b43
transfer_cube,7,Frozen context,92028,1,1,4.0,655.0,c76c4adcbb283fd304582b1f1cabbcded5fb8577f54d9515b4d7ef54a85b7b43
transfer_cube,7,Frozen context,92029,1,1,4.0,643.0,c76c4adcbb283fd304582b1f1cabbcded5fb8577f54d9515b4d7ef54a85b7b43
transfer_cube,7,Frozen context,92030,1,1,4.0,660.0,c76c4adcbb283fd304582b1f1cabbcded5fb8577f54d9515b4d7ef54a85b7b43
transfer_cube,7,Frozen context,92031,1,1,4.0,650.0,c76c4adcbb283fd304582b1f1cabbcded5fb8577f54d9515b4d7ef54a85b7b43
transfer_cube,7,Frozen context,92032,1,1,4.0,675.0,c76c4adcbb283fd304582b1f1cabbcded5fb8577f54d9515b4d7ef54a85b7b43
transfer_cube,7,Frozen context,92033,1,1,4.0,634.0,c76c4adcbb283fd304582b1f1cabbcded5fb8577f54d9515b4d7ef54a85b7b43
transfer_cube,7,Frozen context,92034,1,1,4.0,631.0,c76c4adcbb283fd304582b1f1cabbcded5fb8577f54d9515b4d7ef54a85b7b43
transfer_cube,7,Frozen context,92035,0,0,2.0,9.0,c76c4adcbb283fd304582b1f1cabbcded5fb8577f54d9515b4d7ef54a85b7b43
transfer_cube,7,Frozen context,92036,1,1,4.0,658.0,c76c4adcbb283fd304582b1f1cabbcded5fb8577f54d9515b4d7ef54a85b7b43
transfer_cube,7,Frozen context,92037,1,1,4.0,626.0,c76c4adcbb283fd304582b1f1cabbcded5fb8577f54d9515b4d7ef54a85b7b43
transfer_cube,7,Frozen context,92038,1,1,4.0,636.0,c76c4adcbb283fd304582b1f1cabbcded5fb8577f54d9515b4d7ef54a85b7b43
transfer_cube,7,Frozen context,92039,1,1,4.0,654.0,c76c4adcbb283fd304582b1f1cabbcded5fb8577f54d9515b4d7ef54a85b7b43
transfer_cube,7,Old SCANA,92000,0,0,0.0,0.0,1b8babbd753deef26f0de22ff0efd1d4e2eb97f4cf591088de5571192f147c82
transfer_cube,7,Old SCANA,92001,0,0,0.0,0.0,1b8babbd753deef26f0de22ff0efd1d4e2eb97f4cf591088de5571192f147c82
transfer_cube,7,Old SCANA,92002,0,0,0.0,0.0,1b8babbd753deef26f0de22ff0efd1d4e2eb97f4cf591088de5571192f147c82
transfer_cube,7,Old SCANA,92003,0,0,0.0,0.0,1b8babbd753deef26f0de22ff0efd1d4e2eb97f4cf591088de5571192f147c82
transfer_cube,7,Old SCANA,92004,0,0,0.0,0.0,1b8babbd753deef26f0de22ff0efd1d4e2eb97f4cf591088de5571192f147c82
transfer_cube,7,Old SCANA,92005,0,0,0.0,0.0,1b8babbd753deef26f0de22ff0efd1d4e2eb97f4cf591088de5571192f147c82
transfer_cube,7,Old SCANA,92006,0,0,0.0,0.0,1b8babbd753deef26f0de22ff0efd1d4e2eb97f4cf591088de5571192f147c82
transfer_cube,7,Old SCANA,92007,0,0,0.0,0.0,1b8babbd753deef26f0de22ff0efd1d4e2eb97f4cf591088de5571192f147c82
transfer_cube,7,Old SCANA,92008,0,0,0.0,0.0,1b8babbd753deef26f0de22ff0efd1d4e2eb97f4cf591088de5571192f147c82
transfer_cube,7,Old SCANA,92009,0,0,0.0,0.0,1b8babbd753deef26f0de22ff0efd1d4e2eb97f4cf591088de5571192f147c82
transfer_cube,7,Old SCANA,92010,0,0,0.0,0.0,1b8babbd753deef26f0de22ff0efd1d4e2eb97f4cf591088de5571192f147c82
transfer_cube,7,Old SCANA,92011,0,0,0.0,0.0,1b8babbd753deef26f0de22ff0efd1d4e2eb97f4cf591088de5571192f147c82
transfer_cube,7,Old SCANA,92012,0,0,0.0,0.0,1b8babbd753deef26f0de22ff0efd1d4e2eb97f4cf591088de5571192f147c82
transfer_cube,7,Old SCANA,92013,0,0,0.0,0.0,1b8babbd753deef26f0de22ff0efd1d4e2eb97f4cf591088de5571192f147c82
transfer_cube,7,Old SCANA,92014,0,0,0.0,0.0,1b8babbd753deef26f0de22ff0efd1d4e2eb97f4cf591088de5571192f147c82
transfer_cube,7,Old SCANA,92015,0,0,0.0,0.0,1b8babbd753deef26f0de22ff0efd1d4e2eb97f4cf591088de5571192f147c82
transfer_cube,7,Old SCANA,92016,0,0,0.0,0.0,1b8babbd753deef26f0de22ff0efd1d4e2eb97f4cf591088de5571192f147c82
transfer_cube,7,Old SCANA,92017,0,0,0.0,0.0,1b8babbd753deef26f0de22ff0efd1d4e2eb97f4cf591088de5571192f147c82
transfer_cube,7,Old SCANA,92018,0,0,0.0,0.0,1b8babbd753deef26f0de22ff0efd1d4e2eb97f4cf591088de5571192f147c82
transfer_cube,7,Old SCANA,92019,0,0,0.0,0.0,1b8babbd753deef26f0de22ff0efd1d4e2eb97f4cf591088de5571192f147c82
transfer_cube,7,Old SCANA,92020,0,0,0.0,0.0,1b8babbd753deef26f0de22ff0efd1d4e2eb97f4cf591088de5571192f147c82
transfer_cube,7,Old SCANA,92021,0,0,0.0,0.0,1b8babbd753deef26f0de22ff0efd1d4e2eb97f4cf591088de5571192f147c82
transfer_cube,7,Old SCANA,92022,0,0,0.0,0.0,1b8babbd753deef26f0de22ff0efd1d4e2eb97f4cf591088de5571192f147c82
transfer_cube,7,Old SCANA,92023,0,0,0.0,0.0,1b8babbd753deef26f0de22ff0efd1d4e2eb97f4cf591088de5571192f147c82
transfer_cube,7,Old SCANA,92024,0,0,0.0,0.0,1b8babbd753deef26f0de22ff0efd1d4e2eb97f4cf591088de5571192f147c82
transfer_cube,7,Old SCANA,92025,0,0,0.0,0.0,1b8babbd753deef26f0de22ff0efd1d4e2eb97f4cf591088de5571192f147c82
transfer_cube,7,Old SCANA,92026,0,0,0.0,0.0,1b8babbd753deef26f0de22ff0efd1d4e2eb97f4cf591088de5571192f147c82
transfer_cube,7,Old SCANA,92027,0,0,0.0,0.0,1b8babbd753deef26f0de22ff0efd1d4e2eb97f4cf591088de5571192f147c82
transfer_cube,7,Old SCANA,92028,0,0,0.0,0.0,1b8babbd753deef26f0de22ff0efd1d4e2eb97f4cf591088de5571192f147c82
transfer_cube,7,Old SCANA,92029,0,0,0.0,0.0,1b8babbd753deef26f0de22ff0efd1d4e2eb97f4cf591088de5571192f147c82
transfer_cube,7,Old SCANA,92030,0,0,0.0,0.0,1b8babbd753deef26f0de22ff0efd1d4e2eb97f4cf591088de5571192f147c82
transfer_cube,7,Old SCANA,92031,0,0,0.0,0.0,1b8babbd753deef26f0de22ff0efd1d4e2eb97f4cf591088de5571192f147c82
transfer_cube,7,Old SCANA,92032,0,0,0.0,0.0,1b8babbd753deef26f0de22ff0efd1d4e2eb97f4cf591088de5571192f147c82
transfer_cube,7,Old SCANA,92033,0,0,0.0,0.0,1b8babbd753deef26f0de22ff0efd1d4e2eb97f4cf591088de5571192f147c82
transfer_cube,7,Old SCANA,92034,0,0,0.0,0.0,1b8babbd753deef26f0de22ff0efd1d4e2eb97f4cf591088de5571192f147c82
transfer_cube,7,Old SCANA,92035,0,0,0.0,0.0,1b8babbd753deef26f0de22ff0efd1d4e2eb97f4cf591088de5571192f147c82
transfer_cube,7,Old SCANA,92036,0,0,0.0,0.0,1b8babbd753deef26f0de22ff0efd1d4e2eb97f4cf591088de5571192f147c82
transfer_cube,7,Old SCANA,92037,0,0,0.0,0.0,1b8babbd753deef26f0de22ff0efd1d4e2eb97f4cf591088de5571192f147c82
transfer_cube,7,Old SCANA,92038,0,0,0.0,0.0,1b8babbd753deef26f0de22ff0efd1d4e2eb97f4cf591088de5571192f147c82
transfer_cube,7,Old SCANA,92039,0,0,0.0,0.0,1b8babbd753deef26f0de22ff0efd1d4e2eb97f4cf591088de5571192f147c82
transfer_cube,7,Old kNN,92000,0,0,0.0,0.0,8f57e13e606c499b018517b922ba243a14abcb5eac8b57dd7fac65678cddcfdc
transfer_cube,7,Old kNN,92001,0,0,0.0,0.0,8f57e13e606c499b018517b922ba243a14abcb5eac8b57dd7fac65678cddcfdc
transfer_cube,7,Old kNN,92002,0,0,0.0,0.0,8f57e13e606c499b018517b922ba243a14abcb5eac8b57dd7fac65678cddcfdc
transfer_cube,7,Old kNN,92003,0,0,0.0,0.0,8f57e13e606c499b018517b922ba243a14abcb5eac8b57dd7fac65678cddcfdc
transfer_cube,7,Old kNN,92004,0,0,0.0,0.0,8f57e13e606c499b018517b922ba243a14abcb5eac8b57dd7fac65678cddcfdc
transfer_cube,7,Old kNN,92005,0,0,0.0,0.0,8f57e13e606c499b018517b922ba243a14abcb5eac8b57dd7fac65678cddcfdc
transfer_cube,7,Old kNN,92006,0,0,0.0,0.0,8f57e13e606c499b018517b922ba243a14abcb5eac8b57dd7fac65678cddcfdc
transfer_cube,7,Old kNN,92007,0,0,0.0,0.0,8f57e13e606c499b018517b922ba243a14abcb5eac8b57dd7fac65678cddcfdc
transfer_cube,7,Old kNN,92008,0,0,0.0,0.0,8f57e13e606c499b018517b922ba243a14abcb5eac8b57dd7fac65678cddcfdc
transfer_cube,7,Old kNN,92009,0,0,0.0,0.0,8f57e13e606c499b018517b922ba243a14abcb5eac8b57dd7fac65678cddcfdc
transfer_cube,7,Old kNN,92010,0,0,0.0,0.0,8f57e13e606c499b018517b922ba243a14abcb5eac8b57dd7fac65678cddcfdc
transfer_cube,7,Old kNN,92011,0,0,0.0,0.0,8f57e13e606c499b018517b922ba243a14abcb5eac8b57dd7fac65678cddcfdc
transfer_cube,7,Old kNN,92012,0,0,0.0,0.0,8f57e13e606c499b018517b922ba243a14abcb5eac8b57dd7fac65678cddcfdc
transfer_cube,7,Old kNN,92013,0,0,0.0,0.0,8f57e13e606c499b018517b922ba243a14abcb5eac8b57dd7fac65678cddcfdc
transfer_cube,7,Old kNN,92014,0,0,0.0,0.0,8f57e13e606c499b018517b922ba243a14abcb5eac8b57dd7fac65678cddcfdc
transfer_cube,7,Old kNN,92015,0,0,0.0,0.0,8f57e13e606c499b018517b922ba243a14abcb5eac8b57dd7fac65678cddcfdc
transfer_cube,7,Old kNN,92016,0,0,0.0,0.0,8f57e13e606c499b018517b922ba243a14abcb5eac8b57dd7fac65678cddcfdc
transfer_cube,7,Old kNN,92017,0,0,0.0,0.0,8f57e13e606c499b018517b922ba243a14abcb5eac8b57dd7fac65678cddcfdc
transfer_cube,7,Old kNN,92018,0,0,0.0,0.0,8f57e13e606c499b018517b922ba243a14abcb5eac8b57dd7fac65678cddcfdc
transfer_cube,7,Old kNN,92019,0,0,0.0,0.0,8f57e13e606c499b018517b922ba243a14abcb5eac8b57dd7fac65678cddcfdc
transfer_cube,7,Old kNN,92020,0,0,0.0,0.0,8f57e13e606c499b018517b922ba243a14abcb5eac8b57dd7fac65678cddcfdc
transfer_cube,7,Old kNN,92021,0,0,0.0,0.0,8f57e13e606c499b018517b922ba243a14abcb5eac8b57dd7fac65678cddcfdc
transfer_cube,7,Old kNN,92022,0,0,0.0,0.0,8f57e13e606c499b018517b922ba243a14abcb5eac8b57dd7fac65678cddcfdc
transfer_cube,7,Old kNN,92023,0,0,0.0,0.0,8f57e13e606c499b018517b922ba243a14abcb5eac8b57dd7fac65678cddcfdc
transfer_cube,7,Old kNN,92024,0,0,0.0,0.0,8f57e13e606c499b018517b922ba243a14abcb5eac8b57dd7fac65678cddcfdc
transfer_cube,7,Old kNN,92025,0,0,0.0,0.0,8f57e13e606c499b018517b922ba243a14abcb5eac8b57dd7fac65678cddcfdc
transfer_cube,7,Old kNN,92026,0,0,0.0,0.0,8f57e13e606c499b018517b922ba243a14abcb5eac8b57dd7fac65678cddcfdc
transfer_cube,7,Old kNN,92027,0,0,0.0,0.0,8f57e13e606c499b018517b922ba243a14abcb5eac8b57dd7fac65678cddcfdc
transfer_cube,7,Old kNN,92028,0,0,0.0,0.0,8f57e13e606c499b018517b922ba243a14abcb5eac8b57dd7fac65678cddcfdc
transfer_cube,7,Old kNN,92029,0,0,0.0,0.0,8f57e13e606c499b018517b922ba243a14abcb5eac8b57dd7fac65678cddcfdc
transfer_cube,7,Old kNN,92030,0,0,0.0,0.0,8f57e13e606c499b018517b922ba243a14abcb5eac8b57dd7fac65678cddcfdc
transfer_cube,7,Old kNN,92031,0,0,0.0,0.0,8f57e13e606c499b018517b922ba243a14abcb5eac8b57dd7fac65678cddcfdc
transfer_cube,7,Old kNN,92032,0,0,0.0,0.0,8f57e13e606c499b018517b922ba243a14abcb5eac8b57dd7fac65678cddcfdc
transfer_cube,7,Old kNN,92033,0,0,0.0,0.0,8f57e13e606c499b018517b922ba243a14abcb5eac8b57dd7fac65678cddcfdc
transfer_cube,7,Old kNN,92034,0,0,0.0,0.0,8f57e13e606c499b018517b922ba243a14abcb5eac8b57dd7fac65678cddcfdc
transfer_cube,7,Old kNN,92035,0,0,0.0,0.0,8f57e13e606c499b018517b922ba243a14abcb5eac8b57dd7fac65678cddcfdc
transfer_cube,7,Old kNN,92036,0,0,0.0,0.0,8f57e13e606c499b018517b922ba243a14abcb5eac8b57dd7fac65678cddcfdc
transfer_cube,7,Old kNN,92037,0,0,0.0,0.0,8f57e13e606c499b018517b922ba243a14abcb5eac8b57dd7fac65678cddcfdc
transfer_cube,7,Old kNN,92038,0,0,0.0,0.0,8f57e13e606c499b018517b922ba243a14abcb5eac8b57dd7fac65678cddcfdc
transfer_cube,7,Old kNN,92039,0,0,0.0,0.0,8f57e13e606c499b018517b922ba243a14abcb5eac8b57dd7fac65678cddcfdc
transfer_cube,7,Old deterministic,92000,0,0,0.0,0.0,ccc8c6fcf9eb45f58c4c10647832ce59b82be6a6841b440fc2b2e49b0390f402
transfer_cube,7,Old deterministic,92001,0,0,0.0,0.0,ccc8c6fcf9eb45f58c4c10647832ce59b82be6a6841b440fc2b2e49b0390f402
transfer_cube,7,Old deterministic,92002,0,0,0.0,0.0,ccc8c6fcf9eb45f58c4c10647832ce59b82be6a6841b440fc2b2e49b0390f402
transfer_cube,7,Old deterministic,92003,0,0,0.0,0.0,ccc8c6fcf9eb45f58c4c10647832ce59b82be6a6841b440fc2b2e49b0390f402
transfer_cube,7,Old deterministic,92004,0,0,0.0,0.0,ccc8c6fcf9eb45f58c4c10647832ce59b82be6a6841b440fc2b2e49b0390f402
transfer_cube,7,Old deterministic,92005,0,0,0.0,0.0,ccc8c6fcf9eb45f58c4c10647832ce59b82be6a6841b440fc2b2e49b0390f402
transfer_cube,7,Old deterministic,92006,0,0,0.0,0.0,ccc8c6fcf9eb45f58c4c10647832ce59b82be6a6841b440fc2b2e49b0390f402
transfer_cube,7,Old deterministic,92007,0,0,0.0,0.0,ccc8c6fcf9eb45f58c4c10647832ce59b82be6a6841b440fc2b2e49b0390f402
transfer_cube,7,Old deterministic,92008,0,0,0.0,0.0,ccc8c6fcf9eb45f58c4c10647832ce59b82be6a6841b440fc2b2e49b0390f402
transfer_cube,7,Old deterministic,92009,0,0,0.0,0.0,ccc8c6fcf9eb45f58c4c10647832ce59b82be6a6841b440fc2b2e49b0390f402
transfer_cube,7,Old deterministic,92010,0,0,0.0,0.0,ccc8c6fcf9eb45f58c4c10647832ce59b82be6a6841b440fc2b2e49b0390f402
transfer_cube,7,Old deterministic,92011,0,0,0.0,0.0,ccc8c6fcf9eb45f58c4c10647832ce59b82be6a6841b440fc2b2e49b0390f402
transfer_cube,7,Old deterministic,92012,0,0,0.0,0.0,ccc8c6fcf9eb45f58c4c10647832ce59b82be6a6841b440fc2b2e49b0390f402
transfer_cube,7,Old deterministic,92013,0,0,0.0,0.0,ccc8c6fcf9eb45f58c4c10647832ce59b82be6a6841b440fc2b2e49b0390f402
transfer_cube,7,Old deterministic,92014,0,0,0.0,0.0,ccc8c6fcf9eb45f58c4c10647832ce59b82be6a6841b440fc2b2e49b0390f402
transfer_cube,7,Old deterministic,92015,0,0,0.0,0.0,ccc8c6fcf9eb45f58c4c10647832ce59b82be6a6841b440fc2b2e49b0390f402
transfer_cube,7,Old deterministic,92016,0,0,0.0,0.0,ccc8c6fcf9eb45f58c4c10647832ce59b82be6a6841b440fc2b2e49b0390f402
transfer_cube,7,Old deterministic,92017,0,0,0.0,0.0,ccc8c6fcf9eb45f58c4c10647832ce59b82be6a6841b440fc2b2e49b0390f402
transfer_cube,7,Old deterministic,92018,0,0,0.0,0.0,ccc8c6fcf9eb45f58c4c10647832ce59b82be6a6841b440fc2b2e49b0390f402
transfer_cube,7,Old deterministic,92019,0,0,0.0,0.0,ccc8c6fcf9eb45f58c4c10647832ce59b82be6a6841b440fc2b2e49b0390f402
transfer_cube,7,Old deterministic,92020,0,0,0.0,0.0,ccc8c6fcf9eb45f58c4c10647832ce59b82be6a6841b440fc2b2e49b0390f402
transfer_cube,7,Old deterministic,92021,0,0,0.0,0.0,ccc8c6fcf9eb45f58c4c10647832ce59b82be6a6841b440fc2b2e49b0390f402
transfer_cube,7,Old deterministic,92022,0,0,0.0,0.0,ccc8c6fcf9eb45f58c4c10647832ce59b82be6a6841b440fc2b2e49b0390f402
transfer_cube,7,Old deterministic,92023,0,0,0.0,0.0,ccc8c6fcf9eb45f58c4c10647832ce59b82be6a6841b440fc2b2e49b0390f402
transfer_cube,7,Old deterministic,92024,0,0,0.0,0.0,ccc8c6fcf9eb45f58c4c10647832ce59b82be6a6841b440fc2b2e49b0390f402
transfer_cube,7,Old deterministic,92025,0,0,0.0,0.0,ccc8c6fcf9eb45f58c4c10647832ce59b82be6a6841b440fc2b2e49b0390f402
transfer_cube,7,Old deterministic,92026,0,0,0.0,0.0,ccc8c6fcf9eb45f58c4c10647832ce59b82be6a6841b440fc2b2e49b0390f402
transfer_cube,7,Old deterministic,92027,0,0,0.0,0.0,ccc8c6fcf9eb45f58c4c10647832ce59b82be6a6841b440fc2b2e49b0390f402
transfer_cube,7,Old deterministic,92028,0,0,0.0,0.0,ccc8c6fcf9eb45f58c4c10647832ce59b82be6a6841b440fc2b2e49b0390f402
transfer_cube,7,Old deterministic,92029,0,0,0.0,0.0,ccc8c6fcf9eb45f58c4c10647832ce59b82be6a6841b440fc2b2e49b0390f402
transfer_cube,7,Old deterministic,92030,0,0,0.0,0.0,ccc8c6fcf9eb45f58c4c10647832ce59b82be6a6841b440fc2b2e49b0390f402
transfer_cube,7,Old deterministic,92031,0,0,0.0,0.0,ccc8c6fcf9eb45f58c4c10647832ce59b82be6a6841b440fc2b2e49b0390f402
transfer_cube,7,Old deterministic,92032,0,0,0.0,0.0,ccc8c6fcf9eb45f58c4c10647832ce59b82be6a6841b440fc2b2e49b0390f402
transfer_cube,7,Old deterministic,92033,0,0,0.0,0.0,ccc8c6fcf9eb45f58c4c10647832ce59b82be6a6841b440fc2b2e49b0390f402
transfer_cube,7,Old deterministic,92034,0,0,0.0,0.0,ccc8c6fcf9eb45f58c4c10647832ce59b82be6a6841b440fc2b2e49b0390f402
transfer_cube,7,Old deterministic,92035,0,0,0.0,0.0,ccc8c6fcf9eb45f58c4c10647832ce59b82be6a6841b440fc2b2e49b0390f402
transfer_cube,7,Old deterministic,92036,0,0,0.0,0.0,ccc8c6fcf9eb45f58c4c10647832ce59b82be6a6841b440fc2b2e49b0390f402
transfer_cube,7,Old deterministic,92037,0,0,0.0,0.0,ccc8c6fcf9eb45f58c4c10647832ce59b82be6a6841b440fc2b2e49b0390f402
transfer_cube,7,Old deterministic,92038,0,0,0.0,0.0,ccc8c6fcf9eb45f58c4c10647832ce59b82be6a6841b440fc2b2e49b0390f402
transfer_cube,7,Old deterministic,92039,0,0,0.0,0.0,ccc8c6fcf9eb45f58c4c10647832ce59b82be6a6841b440fc2b2e49b0390f402
transfer_cube,7,Clip only,92000,0,0,2.0,16.0,3db448964dc05e7ee44cc3c0b4239a8b5563711754807835848f226c46707c48
transfer_cube,7,Clip only,92001,0,0,2.0,33.0,3db448964dc05e7ee44cc3c0b4239a8b5563711754807835848f226c46707c48
transfer_cube,7,Clip only,92002,1,1,4.0,670.0,3db448964dc05e7ee44cc3c0b4239a8b5563711754807835848f226c46707c48
transfer_cube,7,Clip only,92003,0,0,2.0,37.0,3db448964dc05e7ee44cc3c0b4239a8b5563711754807835848f226c46707c48
transfer_cube,7,Clip only,92004,1,1,4.0,631.0,3db448964dc05e7ee44cc3c0b4239a8b5563711754807835848f226c46707c48
transfer_cube,7,Clip only,92005,1,0,4.0,351.0,3db448964dc05e7ee44cc3c0b4239a8b5563711754807835848f226c46707c48
transfer_cube,7,Clip only,92006,1,1,4.0,627.0,3db448964dc05e7ee44cc3c0b4239a8b5563711754807835848f226c46707c48
transfer_cube,7,Clip only,92007,0,0,2.0,18.0,3db448964dc05e7ee44cc3c0b4239a8b5563711754807835848f226c46707c48
transfer_cube,7,Clip only,92008,1,1,4.0,650.0,3db448964dc05e7ee44cc3c0b4239a8b5563711754807835848f226c46707c48
transfer_cube,7,Clip only,92009,1,1,4.0,650.0,3db448964dc05e7ee44cc3c0b4239a8b5563711754807835848f226c46707c48
transfer_cube,7,Clip only,92010,0,0,2.0,45.0,3db448964dc05e7ee44cc3c0b4239a8b5563711754807835848f226c46707c48
transfer_cube,7,Clip only,92011,1,1,4.0,636.0,3db448964dc05e7ee44cc3c0b4239a8b5563711754807835848f226c46707c48
transfer_cube,7,Clip only,92012,0,0,2.0,2.0,3db448964dc05e7ee44cc3c0b4239a8b5563711754807835848f226c46707c48
transfer_cube,7,Clip only,92013,1,1,4.0,610.0,3db448964dc05e7ee44cc3c0b4239a8b5563711754807835848f226c46707c48
transfer_cube,7,Clip only,92014,1,1,4.0,638.0,3db448964dc05e7ee44cc3c0b4239a8b5563711754807835848f226c46707c48
transfer_cube,7,Clip only,92015,1,1,4.0,641.0,3db448964dc05e7ee44cc3c0b4239a8b5563711754807835848f226c46707c48
transfer_cube,7,Clip only,92016,1,1,4.0,651.0,3db448964dc05e7ee44cc3c0b4239a8b5563711754807835848f226c46707c48
transfer_cube,7,Clip only,92017,1,1,4.0,642.0,3db448964dc05e7ee44cc3c0b4239a8b5563711754807835848f226c46707c48
transfer_cube,7,Clip only,92018,0,0,2.0,50.0,3db448964dc05e7ee44cc3c0b4239a8b5563711754807835848f226c46707c48
transfer_cube,7,Clip only,92019,0,0,0.0,0.0,3db448964dc05e7ee44cc3c0b4239a8b5563711754807835848f226c46707c48
transfer_cube,7,Clip only,92020,1,1,4.0,669.0,3db448964dc05e7ee44cc3c0b4239a8b5563711754807835848f226c46707c48
transfer_cube,7,Clip only,92021,1,1,4.0,628.0,3db448964dc05e7ee44cc3c0b4239a8b5563711754807835848f226c46707c48
transfer_cube,7,Clip only,92022,1,1,4.0,662.0,3db448964dc05e7ee44cc3c0b4239a8b5563711754807835848f226c46707c48
transfer_cube,7,Clip only,92023,1,1,4.0,642.0,3db448964dc05e7ee44cc3c0b4239a8b5563711754807835848f226c46707c48
transfer_cube,7,Clip only,92024,0,0,2.0,59.0,3db448964dc05e7ee44cc3c0b4239a8b5563711754807835848f226c46707c48
transfer_cube,7,Clip only,92025,1,1,4.0,635.0,3db448964dc05e7ee44cc3c0b4239a8b5563711754807835848f226c46707c48
transfer_cube,7,Clip only,92026,1,1,4.0,641.0,3db448964dc05e7ee44cc3c0b4239a8b5563711754807835848f226c46707c48
transfer_cube,7,Clip only,92027,0,0,2.0,119.0,3db448964dc05e7ee44cc3c0b4239a8b5563711754807835848f226c46707c48
transfer_cube,7,Clip only,92028,1,1,4.0,628.0,3db448964dc05e7ee44cc3c0b4239a8b5563711754807835848f226c46707c48
transfer_cube,7,Clip only,92029,0,0,1.0,3.0,3db448964dc05e7ee44cc3c0b4239a8b5563711754807835848f226c46707c48
transfer_cube,7,Clip only,92030,1,1,4.0,646.0,3db448964dc05e7ee44cc3c0b4239a8b5563711754807835848f226c46707c48
transfer_cube,7,Clip only,92031,1,1,4.0,654.0,3db448964dc05e7ee44cc3c0b4239a8b5563711754807835848f226c46707c48
transfer_cube,7,Clip only,92032,0,0,2.0,15.0,3db448964dc05e7ee44cc3c0b4239a8b5563711754807835848f226c46707c48
transfer_cube,7,Clip only,92033,1,1,4.0,652.0,3db448964dc05e7ee44cc3c0b4239a8b5563711754807835848f226c46707c48
transfer_cube,7,Clip only,92034,1,1,4.0,637.0,3db448964dc05e7ee44cc3c0b4239a8b5563711754807835848f226c46707c48
transfer_cube,7,Clip only,92035,0,0,2.0,26.0,3db448964dc05e7ee44cc3c0b4239a8b5563711754807835848f226c46707c48
transfer_cube,7,Clip only,92036,1,1,4.0,628.0,3db448964dc05e7ee44cc3c0b4239a8b5563711754807835848f226c46707c48
transfer_cube,7,Clip only,92037,1,1,4.0,646.0,3db448964dc05e7ee44cc3c0b4239a8b5563711754807835848f226c46707c48
transfer_cube,7,Clip only,92038,1,1,4.0,628.0,3db448964dc05e7ee44cc3c0b4239a8b5563711754807835848f226c46707c48
transfer_cube,7,Clip only,92039,1,1,4.0,628.0,3db448964dc05e7ee44cc3c0b4239a8b5563711754807835848f226c46707c48
transfer_cube,11,Clean repeat,92000,1,1,4.0,658.0,eb2c707ea44b47fa6333aabb87727ec8edcd453f3c1e8b11b135eed7d290139b
transfer_cube,11,Clean repeat,92001,0,0,0.0,0.0,eb2c707ea44b47fa6333aabb87727ec8edcd453f3c1e8b11b135eed7d290139b
transfer_cube,11,Clean repeat,92002,1,1,4.0,654.0,eb2c707ea44b47fa6333aabb87727ec8edcd453f3c1e8b11b135eed7d290139b
transfer_cube,11,Clean repeat,92003,1,1,4.0,635.0,eb2c707ea44b47fa6333aabb87727ec8edcd453f3c1e8b11b135eed7d290139b
transfer_cube,11,Clean repeat,92004,1,1,4.0,645.0,eb2c707ea44b47fa6333aabb87727ec8edcd453f3c1e8b11b135eed7d290139b
transfer_cube,11,Clean repeat,92005,1,1,4.0,675.0,eb2c707ea44b47fa6333aabb87727ec8edcd453f3c1e8b11b135eed7d290139b
transfer_cube,11,Clean repeat,92006,1,1,4.0,643.0,eb2c707ea44b47fa6333aabb87727ec8edcd453f3c1e8b11b135eed7d290139b
transfer_cube,11,Clean repeat,92007,1,1,4.0,649.0,eb2c707ea44b47fa6333aabb87727ec8edcd453f3c1e8b11b135eed7d290139b
transfer_cube,11,Clean repeat,92008,1,1,4.0,656.0,eb2c707ea44b47fa6333aabb87727ec8edcd453f3c1e8b11b135eed7d290139b
transfer_cube,11,Clean repeat,92009,1,1,4.0,657.0,eb2c707ea44b47fa6333aabb87727ec8edcd453f3c1e8b11b135eed7d290139b
transfer_cube,11,Clean repeat,92010,0,0,0.0,0.0,eb2c707ea44b47fa6333aabb87727ec8edcd453f3c1e8b11b135eed7d290139b
transfer_cube,11,Clean repeat,92011,1,1,4.0,657.0,eb2c707ea44b47fa6333aabb87727ec8edcd453f3c1e8b11b135eed7d290139b
transfer_cube,11,Clean repeat,92012,0,0,0.0,0.0,eb2c707ea44b47fa6333aabb87727ec8edcd453f3c1e8b11b135eed7d290139b
transfer_cube,11,Clean repeat,92013,0,0,2.0,28.0,eb2c707ea44b47fa6333aabb87727ec8edcd453f3c1e8b11b135eed7d290139b
transfer_cube,11,Clean repeat,92014,1,1,4.0,655.0,eb2c707ea44b47fa6333aabb87727ec8edcd453f3c1e8b11b135eed7d290139b
transfer_cube,11,Clean repeat,92015,1,1,4.0,669.0,eb2c707ea44b47fa6333aabb87727ec8edcd453f3c1e8b11b135eed7d290139b
transfer_cube,11,Clean repeat,92016,1,1,4.0,632.0,eb2c707ea44b47fa6333aabb87727ec8edcd453f3c1e8b11b135eed7d290139b
transfer_cube,11,Clean repeat,92017,1,1,4.0,656.0,eb2c707ea44b47fa6333aabb87727ec8edcd453f3c1e8b11b135eed7d290139b
transfer_cube,11,Clean repeat,92018,0,0,0.0,0.0,eb2c707ea44b47fa6333aabb87727ec8edcd453f3c1e8b11b135eed7d290139b
transfer_cube,11,Clean repeat,92019,0,0,1.0,13.0,eb2c707ea44b47fa6333aabb87727ec8edcd453f3c1e8b11b135eed7d290139b
transfer_cube,11,Clean repeat,92020,1,1,4.0,662.0,eb2c707ea44b47fa6333aabb87727ec8edcd453f3c1e8b11b135eed7d290139b
transfer_cube,11,Clean repeat,92021,0,0,0.0,0.0,eb2c707ea44b47fa6333aabb87727ec8edcd453f3c1e8b11b135eed7d290139b
transfer_cube,11,Clean repeat,92022,1,1,4.0,665.0,eb2c707ea44b47fa6333aabb87727ec8edcd453f3c1e8b11b135eed7d290139b
transfer_cube,11,Clean repeat,92023,1,1,4.0,647.0,eb2c707ea44b47fa6333aabb87727ec8edcd453f3c1e8b11b135eed7d290139b
transfer_cube,11,Clean repeat,92024,0,0,0.0,0.0,eb2c707ea44b47fa6333aabb87727ec8edcd453f3c1e8b11b135eed7d290139b
transfer_cube,11,Clean repeat,92025,0,0,2.0,62.0,eb2c707ea44b47fa6333aabb87727ec8edcd453f3c1e8b11b135eed7d290139b
transfer_cube,11,Clean repeat,92026,1,1,4.0,647.0,eb2c707ea44b47fa6333aabb87727ec8edcd453f3c1e8b11b135eed7d290139b
transfer_cube,11,Clean repeat,92027,0,0,0.0,0.0,eb2c707ea44b47fa6333aabb87727ec8edcd453f3c1e8b11b135eed7d290139b
transfer_cube,11,Clean repeat,92028,1,1,4.0,625.0,eb2c707ea44b47fa6333aabb87727ec8edcd453f3c1e8b11b135eed7d290139b
transfer_cube,11,Clean repeat,92029,0,0,2.0,27.0,eb2c707ea44b47fa6333aabb87727ec8edcd453f3c1e8b11b135eed7d290139b
transfer_cube,11,Clean repeat,92030,1,1,4.0,656.0,eb2c707ea44b47fa6333aabb87727ec8edcd453f3c1e8b11b135eed7d290139b
transfer_cube,11,Clean repeat,92031,1,1,4.0,664.0,eb2c707ea44b47fa6333aabb87727ec8edcd453f3c1e8b11b135eed7d290139b
transfer_cube,11,Clean repeat,92032,1,1,4.0,651.0,eb2c707ea44b47fa6333aabb87727ec8edcd453f3c1e8b11b135eed7d290139b
transfer_cube,11,Clean repeat,92033,1,1,4.0,642.0,eb2c707ea44b47fa6333aabb87727ec8edcd453f3c1e8b11b135eed7d290139b
transfer_cube,11,Clean repeat,92034,1,1,4.0,654.0,eb2c707ea44b47fa6333aabb87727ec8edcd453f3c1e8b11b135eed7d290139b
transfer_cube,11,Clean repeat,92035,0,0,0.0,0.0,eb2c707ea44b47fa6333aabb87727ec8edcd453f3c1e8b11b135eed7d290139b
transfer_cube,11,Clean repeat,92036,1,1,4.0,633.0,eb2c707ea44b47fa6333aabb87727ec8edcd453f3c1e8b11b135eed7d290139b
transfer_cube,11,Clean repeat,92037,0,0,2.0,63.0,eb2c707ea44b47fa6333aabb87727ec8edcd453f3c1e8b11b135eed7d290139b
transfer_cube,11,Clean repeat,92038,1,1,4.0,657.0,eb2c707ea44b47fa6333aabb87727ec8edcd453f3c1e8b11b135eed7d290139b
transfer_cube,11,Clean repeat,92039,1,1,4.0,668.0,eb2c707ea44b47fa6333aabb87727ec8edcd453f3c1e8b11b135eed7d290139b
transfer_cube,11,Calibrated recovery,92000,1,1,4.0,636.0,7aa82396673b410466e396b9c263567fd8fb8b405824b610fba314a070d94029
transfer_cube,11,Calibrated recovery,92001,1,1,4.0,631.0,7aa82396673b410466e396b9c263567fd8fb8b405824b610fba314a070d94029
transfer_cube,11,Calibrated recovery,92002,1,1,4.0,630.0,7aa82396673b410466e396b9c263567fd8fb8b405824b610fba314a070d94029
transfer_cube,11,Calibrated recovery,92003,1,1,4.0,627.0,7aa82396673b410466e396b9c263567fd8fb8b405824b610fba314a070d94029
transfer_cube,11,Calibrated recovery,92004,1,1,4.0,630.0,7aa82396673b410466e396b9c263567fd8fb8b405824b610fba314a070d94029
transfer_cube,11,Calibrated recovery,92005,1,1,4.0,720.0,7aa82396673b410466e396b9c263567fd8fb8b405824b610fba314a070d94029
transfer_cube,11,Calibrated recovery,92006,1,1,4.0,643.0,7aa82396673b410466e396b9c263567fd8fb8b405824b610fba314a070d94029
transfer_cube,11,Calibrated recovery,92007,1,1,4.0,674.0,7aa82396673b410466e396b9c263567fd8fb8b405824b610fba314a070d94029
transfer_cube,11,Calibrated recovery,92008,1,1,4.0,635.0,7aa82396673b410466e396b9c263567fd8fb8b405824b610fba314a070d94029
transfer_cube,11,Calibrated recovery,92009,1,1,4.0,633.0,7aa82396673b410466e396b9c263567fd8fb8b405824b610fba314a070d94029
transfer_cube,11,Calibrated recovery,92010,1,1,4.0,636.0,7aa82396673b410466e396b9c263567fd8fb8b405824b610fba314a070d94029
transfer_cube,11,Calibrated recovery,92011,1,1,4.0,632.0,7aa82396673b410466e396b9c263567fd8fb8b405824b610fba314a070d94029
transfer_cube,11,Calibrated recovery,92012,0,0,1.0,2.0,7aa82396673b410466e396b9c263567fd8fb8b405824b610fba314a070d94029
transfer_cube,11,Calibrated recovery,92013,1,1,4.0,633.0,7aa82396673b410466e396b9c263567fd8fb8b405824b610fba314a070d94029
transfer_cube,11,Calibrated recovery,92014,1,1,4.0,685.0,7aa82396673b410466e396b9c263567fd8fb8b405824b610fba314a070d94029
transfer_cube,11,Calibrated recovery,92015,1,1,4.0,630.0,7aa82396673b410466e396b9c263567fd8fb8b405824b610fba314a070d94029
transfer_cube,11,Calibrated recovery,92016,1,1,4.0,694.0,7aa82396673b410466e396b9c263567fd8fb8b405824b610fba314a070d94029
transfer_cube,11,Calibrated recovery,92017,1,1,4.0,625.0,7aa82396673b410466e396b9c263567fd8fb8b405824b610fba314a070d94029
transfer_cube,11,Calibrated recovery,92018,1,1,4.0,638.0,7aa82396673b410466e396b9c263567fd8fb8b405824b610fba314a070d94029
transfer_cube,11,Calibrated recovery,92019,0,0,1.0,26.0,7aa82396673b410466e396b9c263567fd8fb8b405824b610fba314a070d94029
transfer_cube,11,Calibrated recovery,92020,1,1,4.0,626.0,7aa82396673b410466e396b9c263567fd8fb8b405824b610fba314a070d94029
transfer_cube,11,Calibrated recovery,92021,1,1,4.0,640.0,7aa82396673b410466e396b9c263567fd8fb8b405824b610fba314a070d94029
transfer_cube,11,Calibrated recovery,92022,1,1,4.0,681.0,7aa82396673b410466e396b9c263567fd8fb8b405824b610fba314a070d94029
transfer_cube,11,Calibrated recovery,92023,1,1,4.0,625.0,7aa82396673b410466e396b9c263567fd8fb8b405824b610fba314a070d94029
transfer_cube,11,Calibrated recovery,92024,1,1,4.0,694.0,7aa82396673b410466e396b9c263567fd8fb8b405824b610fba314a070d94029
transfer_cube,11,Calibrated recovery,92025,1,1,4.0,631.0,7aa82396673b410466e396b9c263567fd8fb8b405824b610fba314a070d94029
transfer_cube,11,Calibrated recovery,92026,1,1,4.0,637.0,7aa82396673b410466e396b9c263567fd8fb8b405824b610fba314a070d94029
transfer_cube,11,Calibrated recovery,92027,1,1,4.0,692.0,7aa82396673b410466e396b9c263567fd8fb8b405824b610fba314a070d94029
transfer_cube,11,Calibrated recovery,92028,1,1,4.0,632.0,7aa82396673b410466e396b9c263567fd8fb8b405824b610fba314a070d94029
transfer_cube,11,Calibrated recovery,92029,0,0,2.0,75.0,7aa82396673b410466e396b9c263567fd8fb8b405824b610fba314a070d94029
transfer_cube,11,Calibrated recovery,92030,1,1,4.0,621.0,7aa82396673b410466e396b9c263567fd8fb8b405824b610fba314a070d94029
transfer_cube,11,Calibrated recovery,92031,1,1,4.0,694.0,7aa82396673b410466e396b9c263567fd8fb8b405824b610fba314a070d94029
transfer_cube,11,Calibrated recovery,92032,1,1,4.0,623.0,7aa82396673b410466e396b9c263567fd8fb8b405824b610fba314a070d94029
transfer_cube,11,Calibrated recovery,92033,1,1,4.0,702.0,7aa82396673b410466e396b9c263567fd8fb8b405824b610fba314a070d94029
transfer_cube,11,Calibrated recovery,92034,1,1,4.0,632.0,7aa82396673b410466e396b9c263567fd8fb8b405824b610fba314a070d94029
transfer_cube,11,Calibrated recovery,92035,1,1,4.0,632.0,7aa82396673b410466e396b9c263567fd8fb8b405824b610fba314a070d94029
transfer_cube,11,Calibrated recovery,92036,1,1,4.0,635.0,7aa82396673b410466e396b9c263567fd8fb8b405824b610fba314a070d94029
transfer_cube,11,Calibrated recovery,92037,1,1,4.0,629.0,7aa82396673b410466e396b9c263567fd8fb8b405824b610fba314a070d94029
transfer_cube,11,Calibrated recovery,92038,1,1,4.0,630.0,7aa82396673b410466e396b9c263567fd8fb8b405824b610fba314a070d94029
transfer_cube,11,Calibrated recovery,92039,1,1,4.0,626.0,7aa82396673b410466e396b9c263567fd8fb8b405824b610fba314a070d94029
transfer_cube,11,Gaussian recovery,92000,1,1,4.0,632.0,da016bfe5526c8303a53e59fb1a41df493e63c45a3a4e9226b7ca0bc2249e460
transfer_cube,11,Gaussian recovery,92001,1,1,4.0,633.0,da016bfe5526c8303a53e59fb1a41df493e63c45a3a4e9226b7ca0bc2249e460
transfer_cube,11,Gaussian recovery,92002,1,1,4.0,639.0,da016bfe5526c8303a53e59fb1a41df493e63c45a3a4e9226b7ca0bc2249e460
transfer_cube,11,Gaussian recovery,92003,1,1,4.0,635.0,da016bfe5526c8303a53e59fb1a41df493e63c45a3a4e9226b7ca0bc2249e460
transfer_cube,11,Gaussian recovery,92004,1,1,4.0,630.0,da016bfe5526c8303a53e59fb1a41df493e63c45a3a4e9226b7ca0bc2249e460
transfer_cube,11,Gaussian recovery,92005,1,1,4.0,645.0,da016bfe5526c8303a53e59fb1a41df493e63c45a3a4e9226b7ca0bc2249e460
transfer_cube,11,Gaussian recovery,92006,1,1,4.0,641.0,da016bfe5526c8303a53e59fb1a41df493e63c45a3a4e9226b7ca0bc2249e460
transfer_cube,11,Gaussian recovery,92007,1,1,4.0,646.0,da016bfe5526c8303a53e59fb1a41df493e63c45a3a4e9226b7ca0bc2249e460
transfer_cube,11,Gaussian recovery,92008,1,1,4.0,650.0,da016bfe5526c8303a53e59fb1a41df493e63c45a3a4e9226b7ca0bc2249e460
transfer_cube,11,Gaussian recovery,92009,1,1,4.0,700.0,da016bfe5526c8303a53e59fb1a41df493e63c45a3a4e9226b7ca0bc2249e460
transfer_cube,11,Gaussian recovery,92010,1,1,4.0,649.0,da016bfe5526c8303a53e59fb1a41df493e63c45a3a4e9226b7ca0bc2249e460
transfer_cube,11,Gaussian recovery,92011,1,1,4.0,644.0,da016bfe5526c8303a53e59fb1a41df493e63c45a3a4e9226b7ca0bc2249e460
transfer_cube,11,Gaussian recovery,92012,0,0,0.0,0.0,da016bfe5526c8303a53e59fb1a41df493e63c45a3a4e9226b7ca0bc2249e460
transfer_cube,11,Gaussian recovery,92013,1,1,4.0,651.0,da016bfe5526c8303a53e59fb1a41df493e63c45a3a4e9226b7ca0bc2249e460
transfer_cube,11,Gaussian recovery,92014,1,1,4.0,648.0,da016bfe5526c8303a53e59fb1a41df493e63c45a3a4e9226b7ca0bc2249e460
transfer_cube,11,Gaussian recovery,92015,1,1,4.0,634.0,da016bfe5526c8303a53e59fb1a41df493e63c45a3a4e9226b7ca0bc2249e460
transfer_cube,11,Gaussian recovery,92016,1,1,4.0,732.0,da016bfe5526c8303a53e59fb1a41df493e63c45a3a4e9226b7ca0bc2249e460
transfer_cube,11,Gaussian recovery,92017,1,1,4.0,654.0,da016bfe5526c8303a53e59fb1a41df493e63c45a3a4e9226b7ca0bc2249e460
transfer_cube,11,Gaussian recovery,92018,1,1,4.0,632.0,da016bfe5526c8303a53e59fb1a41df493e63c45a3a4e9226b7ca0bc2249e460
transfer_cube,11,Gaussian recovery,92019,0,0,1.0,3.0,da016bfe5526c8303a53e59fb1a41df493e63c45a3a4e9226b7ca0bc2249e460
transfer_cube,11,Gaussian recovery,92020,1,1,4.0,620.0,da016bfe5526c8303a53e59fb1a41df493e63c45a3a4e9226b7ca0bc2249e460
transfer_cube,11,Gaussian recovery,92021,1,1,4.0,625.0,da016bfe5526c8303a53e59fb1a41df493e63c45a3a4e9226b7ca0bc2249e460
transfer_cube,11,Gaussian recovery,92022,1,1,4.0,650.0,da016bfe5526c8303a53e59fb1a41df493e63c45a3a4e9226b7ca0bc2249e460
transfer_cube,11,Gaussian recovery,92023,1,1,4.0,707.0,da016bfe5526c8303a53e59fb1a41df493e63c45a3a4e9226b7ca0bc2249e460
transfer_cube,11,Gaussian recovery,92024,1,1,4.0,657.0,da016bfe5526c8303a53e59fb1a41df493e63c45a3a4e9226b7ca0bc2249e460
transfer_cube,11,Gaussian recovery,92025,1,1,4.0,703.0,da016bfe5526c8303a53e59fb1a41df493e63c45a3a4e9226b7ca0bc2249e460
transfer_cube,11,Gaussian recovery,92026,1,1,4.0,630.0,da016bfe5526c8303a53e59fb1a41df493e63c45a3a4e9226b7ca0bc2249e460
transfer_cube,11,Gaussian recovery,92027,1,1,4.0,649.0,da016bfe5526c8303a53e59fb1a41df493e63c45a3a4e9226b7ca0bc2249e460
transfer_cube,11,Gaussian recovery,92028,1,1,4.0,629.0,da016bfe5526c8303a53e59fb1a41df493e63c45a3a4e9226b7ca0bc2249e460
transfer_cube,11,Gaussian recovery,92029,1,1,4.0,654.0,da016bfe5526c8303a53e59fb1a41df493e63c45a3a4e9226b7ca0bc2249e460
transfer_cube,11,Gaussian recovery,92030,1,1,4.0,627.0,da016bfe5526c8303a53e59fb1a41df493e63c45a3a4e9226b7ca0bc2249e460
transfer_cube,11,Gaussian recovery,92031,1,1,4.0,649.0,da016bfe5526c8303a53e59fb1a41df493e63c45a3a4e9226b7ca0bc2249e460
transfer_cube,11,Gaussian recovery,92032,1,1,4.0,622.0,da016bfe5526c8303a53e59fb1a41df493e63c45a3a4e9226b7ca0bc2249e460
transfer_cube,11,Gaussian recovery,92033,1,1,4.0,631.0,da016bfe5526c8303a53e59fb1a41df493e63c45a3a4e9226b7ca0bc2249e460
transfer_cube,11,Gaussian recovery,92034,1,1,4.0,625.0,da016bfe5526c8303a53e59fb1a41df493e63c45a3a4e9226b7ca0bc2249e460
transfer_cube,11,Gaussian recovery,92035,1,1,4.0,625.0,da016bfe5526c8303a53e59fb1a41df493e63c45a3a4e9226b7ca0bc2249e460
transfer_cube,11,Gaussian recovery,92036,1,1,4.0,651.0,da016bfe5526c8303a53e59fb1a41df493e63c45a3a4e9226b7ca0bc2249e460
transfer_cube,11,Gaussian recovery,92037,1,1,4.0,713.0,da016bfe5526c8303a53e59fb1a41df493e63c45a3a4e9226b7ca0bc2249e460
transfer_cube,11,Gaussian recovery,92038,1,1,4.0,738.0,da016bfe5526c8303a53e59fb1a41df493e63c45a3a4e9226b7ca0bc2249e460
transfer_cube,11,Gaussian recovery,92039,1,1,4.0,638.0,da016bfe5526c8303a53e59fb1a41df493e63c45a3a4e9226b7ca0bc2249e460
transfer_cube,11,Frozen context,92000,0,0,0.0,0.0,0893f838e0051826d0b3bc7b74ac3fdc804192102be3c5de9c92f91b69690e08
transfer_cube,11,Frozen context,92001,0,0,0.0,0.0,0893f838e0051826d0b3bc7b74ac3fdc804192102be3c5de9c92f91b69690e08
transfer_cube,11,Frozen context,92002,1,1,4.0,720.0,0893f838e0051826d0b3bc7b74ac3fdc804192102be3c5de9c92f91b69690e08
transfer_cube,11,Frozen context,92003,0,0,1.0,5.0,0893f838e0051826d0b3bc7b74ac3fdc804192102be3c5de9c92f91b69690e08
transfer_cube,11,Frozen context,92004,1,1,4.0,666.0,0893f838e0051826d0b3bc7b74ac3fdc804192102be3c5de9c92f91b69690e08
transfer_cube,11,Frozen context,92005,0,0,1.0,7.0,0893f838e0051826d0b3bc7b74ac3fdc804192102be3c5de9c92f91b69690e08
transfer_cube,11,Frozen context,92006,1,1,4.0,668.0,0893f838e0051826d0b3bc7b74ac3fdc804192102be3c5de9c92f91b69690e08
transfer_cube,11,Frozen context,92007,0,0,1.0,6.0,0893f838e0051826d0b3bc7b74ac3fdc804192102be3c5de9c92f91b69690e08
transfer_cube,11,Frozen context,92008,1,1,4.0,666.0,0893f838e0051826d0b3bc7b74ac3fdc804192102be3c5de9c92f91b69690e08
transfer_cube,11,Frozen context,92009,1,0,4.0,257.0,0893f838e0051826d0b3bc7b74ac3fdc804192102be3c5de9c92f91b69690e08
transfer_cube,11,Frozen context,92010,0,0,0.0,0.0,0893f838e0051826d0b3bc7b74ac3fdc804192102be3c5de9c92f91b69690e08
transfer_cube,11,Frozen context,92011,0,0,2.0,178.0,0893f838e0051826d0b3bc7b74ac3fdc804192102be3c5de9c92f91b69690e08
transfer_cube,11,Frozen context,92012,0,0,0.0,0.0,0893f838e0051826d0b3bc7b74ac3fdc804192102be3c5de9c92f91b69690e08
transfer_cube,11,Frozen context,92013,0,0,2.0,38.0,0893f838e0051826d0b3bc7b74ac3fdc804192102be3c5de9c92f91b69690e08
transfer_cube,11,Frozen context,92014,0,0,1.0,21.0,0893f838e0051826d0b3bc7b74ac3fdc804192102be3c5de9c92f91b69690e08
transfer_cube,11,Frozen context,92015,1,1,4.0,665.0,0893f838e0051826d0b3bc7b74ac3fdc804192102be3c5de9c92f91b69690e08
transfer_cube,11,Frozen context,92016,1,1,4.0,673.0,0893f838e0051826d0b3bc7b74ac3fdc804192102be3c5de9c92f91b69690e08
transfer_cube,11,Frozen context,92017,1,1,4.0,649.0,0893f838e0051826d0b3bc7b74ac3fdc804192102be3c5de9c92f91b69690e08
transfer_cube,11,Frozen context,92018,0,0,0.0,0.0,0893f838e0051826d0b3bc7b74ac3fdc804192102be3c5de9c92f91b69690e08
transfer_cube,11,Frozen context,92019,0,0,0.0,0.0,0893f838e0051826d0b3bc7b74ac3fdc804192102be3c5de9c92f91b69690e08
transfer_cube,11,Frozen context,92020,1,1,4.0,647.0,0893f838e0051826d0b3bc7b74ac3fdc804192102be3c5de9c92f91b69690e08
transfer_cube,11,Frozen context,92021,0,0,0.0,0.0,0893f838e0051826d0b3bc7b74ac3fdc804192102be3c5de9c92f91b69690e08
transfer_cube,11,Frozen context,92022,1,1,4.0,650.0,0893f838e0051826d0b3bc7b74ac3fdc804192102be3c5de9c92f91b69690e08
transfer_cube,11,Frozen context,92023,0,0,0.0,0.0,0893f838e0051826d0b3bc7b74ac3fdc804192102be3c5de9c92f91b69690e08
transfer_cube,11,Frozen context,92024,0,0,2.0,6.0,0893f838e0051826d0b3bc7b74ac3fdc804192102be3c5de9c92f91b69690e08
transfer_cube,11,Frozen context,92025,0,0,1.0,1.0,0893f838e0051826d0b3bc7b74ac3fdc804192102be3c5de9c92f91b69690e08
transfer_cube,11,Frozen context,92026,1,1,4.0,673.0,0893f838e0051826d0b3bc7b74ac3fdc804192102be3c5de9c92f91b69690e08
transfer_cube,11,Frozen context,92027,0,0,1.0,7.0,0893f838e0051826d0b3bc7b74ac3fdc804192102be3c5de9c92f91b69690e08
transfer_cube,11,Frozen context,92028,1,1,4.0,680.0,0893f838e0051826d0b3bc7b74ac3fdc804192102be3c5de9c92f91b69690e08
transfer_cube,11,Frozen context,92029,0,0,1.0,1.0,0893f838e0051826d0b3bc7b74ac3fdc804192102be3c5de9c92f91b69690e08
transfer_cube,11,Frozen context,92030,1,1,4.0,666.0,0893f838e0051826d0b3bc7b74ac3fdc804192102be3c5de9c92f91b69690e08
transfer_cube,11,Frozen context,92031,0,0,2.0,17.0,0893f838e0051826d0b3bc7b74ac3fdc804192102be3c5de9c92f91b69690e08
transfer_cube,11,Frozen context,92032,0,0,2.0,5.0,0893f838e0051826d0b3bc7b74ac3fdc804192102be3c5de9c92f91b69690e08
transfer_cube,11,Frozen context,92033,1,1,4.0,666.0,0893f838e0051826d0b3bc7b74ac3fdc804192102be3c5de9c92f91b69690e08
transfer_cube,11,Frozen context,92034,1,1,4.0,661.0,0893f838e0051826d0b3bc7b74ac3fdc804192102be3c5de9c92f91b69690e08
transfer_cube,11,Frozen context,92035,0,0,0.0,0.0,0893f838e0051826d0b3bc7b74ac3fdc804192102be3c5de9c92f91b69690e08
transfer_cube,11,Frozen context,92036,1,1,4.0,651.0,0893f838e0051826d0b3bc7b74ac3fdc804192102be3c5de9c92f91b69690e08
transfer_cube,11,Frozen context,92037,0,0,2.0,98.0,0893f838e0051826d0b3bc7b74ac3fdc804192102be3c5de9c92f91b69690e08
transfer_cube,11,Frozen context,92038,1,1,4.0,676.0,0893f838e0051826d0b3bc7b74ac3fdc804192102be3c5de9c92f91b69690e08
transfer_cube,11,Frozen context,92039,1,1,4.0,667.0,0893f838e0051826d0b3bc7b74ac3fdc804192102be3c5de9c92f91b69690e08
transfer_cube,11,Old SCANA,92000,0,0,0.0,0.0,59401781672ce161bc9b194e70d5790b02d37f27216c9dedfba7ddca008614be
transfer_cube,11,Old SCANA,92001,0,0,0.0,0.0,59401781672ce161bc9b194e70d5790b02d37f27216c9dedfba7ddca008614be
transfer_cube,11,Old SCANA,92002,0,0,0.0,0.0,59401781672ce161bc9b194e70d5790b02d37f27216c9dedfba7ddca008614be
transfer_cube,11,Old SCANA,92003,0,0,0.0,0.0,59401781672ce161bc9b194e70d5790b02d37f27216c9dedfba7ddca008614be
transfer_cube,11,Old SCANA,92004,0,0,0.0,0.0,59401781672ce161bc9b194e70d5790b02d37f27216c9dedfba7ddca008614be
transfer_cube,11,Old SCANA,92005,0,0,0.0,0.0,59401781672ce161bc9b194e70d5790b02d37f27216c9dedfba7ddca008614be
transfer_cube,11,Old SCANA,92006,0,0,0.0,0.0,59401781672ce161bc9b194e70d5790b02d37f27216c9dedfba7ddca008614be
transfer_cube,11,Old SCANA,92007,0,0,0.0,0.0,59401781672ce161bc9b194e70d5790b02d37f27216c9dedfba7ddca008614be
transfer_cube,11,Old SCANA,92008,0,0,0.0,0.0,59401781672ce161bc9b194e70d5790b02d37f27216c9dedfba7ddca008614be
transfer_cube,11,Old SCANA,92009,0,0,0.0,0.0,59401781672ce161bc9b194e70d5790b02d37f27216c9dedfba7ddca008614be
transfer_cube,11,Old SCANA,92010,0,0,0.0,0.0,59401781672ce161bc9b194e70d5790b02d37f27216c9dedfba7ddca008614be
transfer_cube,11,Old SCANA,92011,0,0,0.0,0.0,59401781672ce161bc9b194e70d5790b02d37f27216c9dedfba7ddca008614be
transfer_cube,11,Old SCANA,92012,0,0,0.0,0.0,59401781672ce161bc9b194e70d5790b02d37f27216c9dedfba7ddca008614be
transfer_cube,11,Old SCANA,92013,0,0,0.0,0.0,59401781672ce161bc9b194e70d5790b02d37f27216c9dedfba7ddca008614be
transfer_cube,11,Old SCANA,92014,0,0,0.0,0.0,59401781672ce161bc9b194e70d5790b02d37f27216c9dedfba7ddca008614be
transfer_cube,11,Old SCANA,92015,0,0,0.0,0.0,59401781672ce161bc9b194e70d5790b02d37f27216c9dedfba7ddca008614be
transfer_cube,11,Old SCANA,92016,0,0,0.0,0.0,59401781672ce161bc9b194e70d5790b02d37f27216c9dedfba7ddca008614be
transfer_cube,11,Old SCANA,92017,0,0,0.0,0.0,59401781672ce161bc9b194e70d5790b02d37f27216c9dedfba7ddca008614be
transfer_cube,11,Old SCANA,92018,0,0,0.0,0.0,59401781672ce161bc9b194e70d5790b02d37f27216c9dedfba7ddca008614be
transfer_cube,11,Old SCANA,92019,0,0,0.0,0.0,59401781672ce161bc9b194e70d5790b02d37f27216c9dedfba7ddca008614be
transfer_cube,11,Old SCANA,92020,0,0,0.0,0.0,59401781672ce161bc9b194e70d5790b02d37f27216c9dedfba7ddca008614be
transfer_cube,11,Old SCANA,92021,0,0,0.0,0.0,59401781672ce161bc9b194e70d5790b02d37f27216c9dedfba7ddca008614be
transfer_cube,11,Old SCANA,92022,0,0,0.0,0.0,59401781672ce161bc9b194e70d5790b02d37f27216c9dedfba7ddca008614be
transfer_cube,11,Old SCANA,92023,0,0,0.0,0.0,59401781672ce161bc9b194e70d5790b02d37f27216c9dedfba7ddca008614be
transfer_cube,11,Old SCANA,92024,0,0,0.0,0.0,59401781672ce161bc9b194e70d5790b02d37f27216c9dedfba7ddca008614be
transfer_cube,11,Old SCANA,92025,0,0,0.0,0.0,59401781672ce161bc9b194e70d5790b02d37f27216c9dedfba7ddca008614be
transfer_cube,11,Old SCANA,92026,0,0,0.0,0.0,59401781672ce161bc9b194e70d5790b02d37f27216c9dedfba7ddca008614be
transfer_cube,11,Old SCANA,92027,0,0,0.0,0.0,59401781672ce161bc9b194e70d5790b02d37f27216c9dedfba7ddca008614be
transfer_cube,11,Old SCANA,92028,0,0,0.0,0.0,59401781672ce161bc9b194e70d5790b02d37f27216c9dedfba7ddca008614be
transfer_cube,11,Old SCANA,92029,0,0,0.0,0.0,59401781672ce161bc9b194e70d5790b02d37f27216c9dedfba7ddca008614be
transfer_cube,11,Old SCANA,92030,0,0,0.0,0.0,59401781672ce161bc9b194e70d5790b02d37f27216c9dedfba7ddca008614be
transfer_cube,11,Old SCANA,92031,0,0,0.0,0.0,59401781672ce161bc9b194e70d5790b02d37f27216c9dedfba7ddca008614be
transfer_cube,11,Old SCANA,92032,0,0,0.0,0.0,59401781672ce161bc9b194e70d5790b02d37f27216c9dedfba7ddca008614be
transfer_cube,11,Old SCANA,92033,0,0,0.0,0.0,59401781672ce161bc9b194e70d5790b02d37f27216c9dedfba7ddca008614be
transfer_cube,11,Old SCANA,92034,0,0,0.0,0.0,59401781672ce161bc9b194e70d5790b02d37f27216c9dedfba7ddca008614be
transfer_cube,11,Old SCANA,92035,0,0,0.0,0.0,59401781672ce161bc9b194e70d5790b02d37f27216c9dedfba7ddca008614be
transfer_cube,11,Old SCANA,92036,0,0,0.0,0.0,59401781672ce161bc9b194e70d5790b02d37f27216c9dedfba7ddca008614be
transfer_cube,11,Old SCANA,92037,0,0,0.0,0.0,59401781672ce161bc9b194e70d5790b02d37f27216c9dedfba7ddca008614be
transfer_cube,11,Old SCANA,92038,0,0,0.0,0.0,59401781672ce161bc9b194e70d5790b02d37f27216c9dedfba7ddca008614be
transfer_cube,11,Old SCANA,92039,0,0,0.0,0.0,59401781672ce161bc9b194e70d5790b02d37f27216c9dedfba7ddca008614be
transfer_cube,11,Old kNN,92000,0,0,0.0,0.0,78a36db1c9990d997dd112b5a4b5cbc957b414d163d1a0cf2ba0dca68967d4c6
transfer_cube,11,Old kNN,92001,0,0,0.0,0.0,78a36db1c9990d997dd112b5a4b5cbc957b414d163d1a0cf2ba0dca68967d4c6
transfer_cube,11,Old kNN,92002,0,0,0.0,0.0,78a36db1c9990d997dd112b5a4b5cbc957b414d163d1a0cf2ba0dca68967d4c6
transfer_cube,11,Old kNN,92003,0,0,0.0,0.0,78a36db1c9990d997dd112b5a4b5cbc957b414d163d1a0cf2ba0dca68967d4c6
transfer_cube,11,Old kNN,92004,0,0,0.0,0.0,78a36db1c9990d997dd112b5a4b5cbc957b414d163d1a0cf2ba0dca68967d4c6
transfer_cube,11,Old kNN,92005,0,0,0.0,0.0,78a36db1c9990d997dd112b5a4b5cbc957b414d163d1a0cf2ba0dca68967d4c6
transfer_cube,11,Old kNN,92006,0,0,0.0,0.0,78a36db1c9990d997dd112b5a4b5cbc957b414d163d1a0cf2ba0dca68967d4c6
transfer_cube,11,Old kNN,92007,0,0,0.0,0.0,78a36db1c9990d997dd112b5a4b5cbc957b414d163d1a0cf2ba0dca68967d4c6
transfer_cube,11,Old kNN,92008,0,0,0.0,0.0,78a36db1c9990d997dd112b5a4b5cbc957b414d163d1a0cf2ba0dca68967d4c6
transfer_cube,11,Old kNN,92009,0,0,0.0,0.0,78a36db1c9990d997dd112b5a4b5cbc957b414d163d1a0cf2ba0dca68967d4c6
transfer_cube,11,Old kNN,92010,0,0,0.0,0.0,78a36db1c9990d997dd112b5a4b5cbc957b414d163d1a0cf2ba0dca68967d4c6
transfer_cube,11,Old kNN,92011,0,0,0.0,0.0,78a36db1c9990d997dd112b5a4b5cbc957b414d163d1a0cf2ba0dca68967d4c6
transfer_cube,11,Old kNN,92012,0,0,0.0,0.0,78a36db1c9990d997dd112b5a4b5cbc957b414d163d1a0cf2ba0dca68967d4c6
transfer_cube,11,Old kNN,92013,0,0,0.0,0.0,78a36db1c9990d997dd112b5a4b5cbc957b414d163d1a0cf2ba0dca68967d4c6
transfer_cube,11,Old kNN,92014,0,0,0.0,0.0,78a36db1c9990d997dd112b5a4b5cbc957b414d163d1a0cf2ba0dca68967d4c6
transfer_cube,11,Old kNN,92015,0,0,0.0,0.0,78a36db1c9990d997dd112b5a4b5cbc957b414d163d1a0cf2ba0dca68967d4c6
transfer_cube,11,Old kNN,92016,0,0,0.0,0.0,78a36db1c9990d997dd112b5a4b5cbc957b414d163d1a0cf2ba0dca68967d4c6
transfer_cube,11,Old kNN,92017,0,0,0.0,0.0,78a36db1c9990d997dd112b5a4b5cbc957b414d163d1a0cf2ba0dca68967d4c6
transfer_cube,11,Old kNN,92018,0,0,0.0,0.0,78a36db1c9990d997dd112b5a4b5cbc957b414d163d1a0cf2ba0dca68967d4c6
transfer_cube,11,Old kNN,92019,0,0,0.0,0.0,78a36db1c9990d997dd112b5a4b5cbc957b414d163d1a0cf2ba0dca68967d4c6
transfer_cube,11,Old kNN,92020,0,0,0.0,0.0,78a36db1c9990d997dd112b5a4b5cbc957b414d163d1a0cf2ba0dca68967d4c6
transfer_cube,11,Old kNN,92021,0,0,0.0,0.0,78a36db1c9990d997dd112b5a4b5cbc957b414d163d1a0cf2ba0dca68967d4c6
transfer_cube,11,Old kNN,92022,0,0,0.0,0.0,78a36db1c9990d997dd112b5a4b5cbc957b414d163d1a0cf2ba0dca68967d4c6
transfer_cube,11,Old kNN,92023,0,0,0.0,0.0,78a36db1c9990d997dd112b5a4b5cbc957b414d163d1a0cf2ba0dca68967d4c6
transfer_cube,11,Old kNN,92024,0,0,0.0,0.0,78a36db1c9990d997dd112b5a4b5cbc957b414d163d1a0cf2ba0dca68967d4c6
transfer_cube,11,Old kNN,92025,0,0,0.0,0.0,78a36db1c9990d997dd112b5a4b5cbc957b414d163d1a0cf2ba0dca68967d4c6
transfer_cube,11,Old kNN,92026,0,0,0.0,0.0,78a36db1c9990d997dd112b5a4b5cbc957b414d163d1a0cf2ba0dca68967d4c6
transfer_cube,11,Old kNN,92027,0,0,0.0,0.0,78a36db1c9990d997dd112b5a4b5cbc957b414d163d1a0cf2ba0dca68967d4c6
transfer_cube,11,Old kNN,92028,0,0,0.0,0.0,78a36db1c9990d997dd112b5a4b5cbc957b414d163d1a0cf2ba0dca68967d4c6
transfer_cube,11,Old kNN,92029,0,0,0.0,0.0,78a36db1c9990d997dd112b5a4b5cbc957b414d163d1a0cf2ba0dca68967d4c6
transfer_cube,11,Old kNN,92030,0,0,0.0,0.0,78a36db1c9990d997dd112b5a4b5cbc957b414d163d1a0cf2ba0dca68967d4c6
transfer_cube,11,Old kNN,92031,0,0,0.0,0.0,78a36db1c9990d997dd112b5a4b5cbc957b414d163d1a0cf2ba0dca68967d4c6
transfer_cube,11,Old kNN,92032,0,0,0.0,0.0,78a36db1c9990d997dd112b5a4b5cbc957b414d163d1a0cf2ba0dca68967d4c6
transfer_cube,11,Old kNN,92033,0,0,0.0,0.0,78a36db1c9990d997dd112b5a4b5cbc957b414d163d1a0cf2ba0dca68967d4c6
transfer_cube,11,Old kNN,92034,0,0,0.0,0.0,78a36db1c9990d997dd112b5a4b5cbc957b414d163d1a0cf2ba0dca68967d4c6
transfer_cube,11,Old kNN,92035,0,0,0.0,0.0,78a36db1c9990d997dd112b5a4b5cbc957b414d163d1a0cf2ba0dca68967d4c6
transfer_cube,11,Old kNN,92036,0,0,0.0,0.0,78a36db1c9990d997dd112b5a4b5cbc957b414d163d1a0cf2ba0dca68967d4c6
transfer_cube,11,Old kNN,92037,0,0,0.0,0.0,78a36db1c9990d997dd112b5a4b5cbc957b414d163d1a0cf2ba0dca68967d4c6
transfer_cube,11,Old kNN,92038,0,0,0.0,0.0,78a36db1c9990d997dd112b5a4b5cbc957b414d163d1a0cf2ba0dca68967d4c6
transfer_cube,11,Old kNN,92039,0,0,0.0,0.0,78a36db1c9990d997dd112b5a4b5cbc957b414d163d1a0cf2ba0dca68967d4c6
transfer_cube,11,Old deterministic,92000,0,0,0.0,0.0,3ee4ec5b08cd86807f7aefb8bf2dab894b4c936f48c3d71c54becbb28c14808c
transfer_cube,11,Old deterministic,92001,0,0,0.0,0.0,3ee4ec5b08cd86807f7aefb8bf2dab894b4c936f48c3d71c54becbb28c14808c
transfer_cube,11,Old deterministic,92002,0,0,0.0,0.0,3ee4ec5b08cd86807f7aefb8bf2dab894b4c936f48c3d71c54becbb28c14808c
transfer_cube,11,Old deterministic,92003,0,0,0.0,0.0,3ee4ec5b08cd86807f7aefb8bf2dab894b4c936f48c3d71c54becbb28c14808c
transfer_cube,11,Old deterministic,92004,0,0,0.0,0.0,3ee4ec5b08cd86807f7aefb8bf2dab894b4c936f48c3d71c54becbb28c14808c
transfer_cube,11,Old deterministic,92005,0,0,0.0,0.0,3ee4ec5b08cd86807f7aefb8bf2dab894b4c936f48c3d71c54becbb28c14808c
transfer_cube,11,Old deterministic,92006,0,0,0.0,0.0,3ee4ec5b08cd86807f7aefb8bf2dab894b4c936f48c3d71c54becbb28c14808c
transfer_cube,11,Old deterministic,92007,0,0,0.0,0.0,3ee4ec5b08cd86807f7aefb8bf2dab894b4c936f48c3d71c54becbb28c14808c
transfer_cube,11,Old deterministic,92008,0,0,0.0,0.0,3ee4ec5b08cd86807f7aefb8bf2dab894b4c936f48c3d71c54becbb28c14808c
transfer_cube,11,Old deterministic,92009,0,0,0.0,0.0,3ee4ec5b08cd86807f7aefb8bf2dab894b4c936f48c3d71c54becbb28c14808c
transfer_cube,11,Old deterministic,92010,0,0,0.0,0.0,3ee4ec5b08cd86807f7aefb8bf2dab894b4c936f48c3d71c54becbb28c14808c
transfer_cube,11,Old deterministic,92011,0,0,0.0,0.0,3ee4ec5b08cd86807f7aefb8bf2dab894b4c936f48c3d71c54becbb28c14808c
transfer_cube,11,Old deterministic,92012,0,0,0.0,0.0,3ee4ec5b08cd86807f7aefb8bf2dab894b4c936f48c3d71c54becbb28c14808c
transfer_cube,11,Old deterministic,92013,0,0,0.0,0.0,3ee4ec5b08cd86807f7aefb8bf2dab894b4c936f48c3d71c54becbb28c14808c
transfer_cube,11,Old deterministic,92014,0,0,0.0,0.0,3ee4ec5b08cd86807f7aefb8bf2dab894b4c936f48c3d71c54becbb28c14808c
transfer_cube,11,Old deterministic,92015,0,0,0.0,0.0,3ee4ec5b08cd86807f7aefb8bf2dab894b4c936f48c3d71c54becbb28c14808c
transfer_cube,11,Old deterministic,92016,0,0,0.0,0.0,3ee4ec5b08cd86807f7aefb8bf2dab894b4c936f48c3d71c54becbb28c14808c
transfer_cube,11,Old deterministic,92017,0,0,0.0,0.0,3ee4ec5b08cd86807f7aefb8bf2dab894b4c936f48c3d71c54becbb28c14808c
transfer_cube,11,Old deterministic,92018,0,0,0.0,0.0,3ee4ec5b08cd86807f7aefb8bf2dab894b4c936f48c3d71c54becbb28c14808c
transfer_cube,11,Old deterministic,92019,0,0,0.0,0.0,3ee4ec5b08cd86807f7aefb8bf2dab894b4c936f48c3d71c54becbb28c14808c
transfer_cube,11,Old deterministic,92020,0,0,0.0,0.0,3ee4ec5b08cd86807f7aefb8bf2dab894b4c936f48c3d71c54becbb28c14808c
transfer_cube,11,Old deterministic,92021,0,0,0.0,0.0,3ee4ec5b08cd86807f7aefb8bf2dab894b4c936f48c3d71c54becbb28c14808c
transfer_cube,11,Old deterministic,92022,0,0,0.0,0.0,3ee4ec5b08cd86807f7aefb8bf2dab894b4c936f48c3d71c54becbb28c14808c
transfer_cube,11,Old deterministic,92023,0,0,0.0,0.0,3ee4ec5b08cd86807f7aefb8bf2dab894b4c936f48c3d71c54becbb28c14808c
transfer_cube,11,Old deterministic,92024,0,0,0.0,0.0,3ee4ec5b08cd86807f7aefb8bf2dab894b4c936f48c3d71c54becbb28c14808c
transfer_cube,11,Old deterministic,92025,0,0,0.0,0.0,3ee4ec5b08cd86807f7aefb8bf2dab894b4c936f48c3d71c54becbb28c14808c
transfer_cube,11,Old deterministic,92026,0,0,0.0,0.0,3ee4ec5b08cd86807f7aefb8bf2dab894b4c936f48c3d71c54becbb28c14808c
transfer_cube,11,Old deterministic,92027,0,0,0.0,0.0,3ee4ec5b08cd86807f7aefb8bf2dab894b4c936f48c3d71c54becbb28c14808c
transfer_cube,11,Old deterministic,92028,0,0,0.0,0.0,3ee4ec5b08cd86807f7aefb8bf2dab894b4c936f48c3d71c54becbb28c14808c
transfer_cube,11,Old deterministic,92029,0,0,0.0,0.0,3ee4ec5b08cd86807f7aefb8bf2dab894b4c936f48c3d71c54becbb28c14808c
transfer_cube,11,Old deterministic,92030,0,0,0.0,0.0,3ee4ec5b08cd86807f7aefb8bf2dab894b4c936f48c3d71c54becbb28c14808c
transfer_cube,11,Old deterministic,92031,0,0,0.0,0.0,3ee4ec5b08cd86807f7aefb8bf2dab894b4c936f48c3d71c54becbb28c14808c
transfer_cube,11,Old deterministic,92032,0,0,0.0,0.0,3ee4ec5b08cd86807f7aefb8bf2dab894b4c936f48c3d71c54becbb28c14808c
transfer_cube,11,Old deterministic,92033,0,0,0.0,0.0,3ee4ec5b08cd86807f7aefb8bf2dab894b4c936f48c3d71c54becbb28c14808c
transfer_cube,11,Old deterministic,92034,0,0,0.0,0.0,3ee4ec5b08cd86807f7aefb8bf2dab894b4c936f48c3d71c54becbb28c14808c
transfer_cube,11,Old deterministic,92035,0,0,0.0,0.0,3ee4ec5b08cd86807f7aefb8bf2dab894b4c936f48c3d71c54becbb28c14808c
transfer_cube,11,Old deterministic,92036,0,0,0.0,0.0,3ee4ec5b08cd86807f7aefb8bf2dab894b4c936f48c3d71c54becbb28c14808c
transfer_cube,11,Old deterministic,92037,0,0,0.0,0.0,3ee4ec5b08cd86807f7aefb8bf2dab894b4c936f48c3d71c54becbb28c14808c
transfer_cube,11,Old deterministic,92038,0,0,0.0,0.0,3ee4ec5b08cd86807f7aefb8bf2dab894b4c936f48c3d71c54becbb28c14808c
transfer_cube,11,Old deterministic,92039,0,0,0.0,0.0,3ee4ec5b08cd86807f7aefb8bf2dab894b4c936f48c3d71c54becbb28c14808c
transfer_cube,11,Clip only,92000,0,0,0.0,0.0,f0dbb11ff993db99f7eb5d20fc109246b42c6f8fbc8309901b020e6236d5f7cd
transfer_cube,11,Clip only,92001,0,0,0.0,0.0,f0dbb11ff993db99f7eb5d20fc109246b42c6f8fbc8309901b020e6236d5f7cd
transfer_cube,11,Clip only,92002,1,1,4.0,677.0,f0dbb11ff993db99f7eb5d20fc109246b42c6f8fbc8309901b020e6236d5f7cd
transfer_cube,11,Clip only,92003,0,0,0.0,0.0,f0dbb11ff993db99f7eb5d20fc109246b42c6f8fbc8309901b020e6236d5f7cd
transfer_cube,11,Clip only,92004,1,1,4.0,661.0,f0dbb11ff993db99f7eb5d20fc109246b42c6f8fbc8309901b020e6236d5f7cd
transfer_cube,11,Clip only,92005,1,1,4.0,666.0,f0dbb11ff993db99f7eb5d20fc109246b42c6f8fbc8309901b020e6236d5f7cd
transfer_cube,11,Clip only,92006,1,1,4.0,666.0,f0dbb11ff993db99f7eb5d20fc109246b42c6f8fbc8309901b020e6236d5f7cd
transfer_cube,11,Clip only,92007,0,0,2.0,27.0,f0dbb11ff993db99f7eb5d20fc109246b42c6f8fbc8309901b020e6236d5f7cd
transfer_cube,11,Clip only,92008,0,0,2.0,61.0,f0dbb11ff993db99f7eb5d20fc109246b42c6f8fbc8309901b020e6236d5f7cd
transfer_cube,11,Clip only,92009,0,0,2.0,208.0,f0dbb11ff993db99f7eb5d20fc109246b42c6f8fbc8309901b020e6236d5f7cd
transfer_cube,11,Clip only,92010,0,0,1.0,4.0,f0dbb11ff993db99f7eb5d20fc109246b42c6f8fbc8309901b020e6236d5f7cd
transfer_cube,11,Clip only,92011,0,0,0.0,0.0,f0dbb11ff993db99f7eb5d20fc109246b42c6f8fbc8309901b020e6236d5f7cd
transfer_cube,11,Clip only,92012,0,0,0.0,0.0,f0dbb11ff993db99f7eb5d20fc109246b42c6f8fbc8309901b020e6236d5f7cd
transfer_cube,11,Clip only,92013,0,0,0.0,0.0,f0dbb11ff993db99f7eb5d20fc109246b42c6f8fbc8309901b020e6236d5f7cd
transfer_cube,11,Clip only,92014,1,1,4.0,666.0,f0dbb11ff993db99f7eb5d20fc109246b42c6f8fbc8309901b020e6236d5f7cd
transfer_cube,11,Clip only,92015,1,1,4.0,642.0,f0dbb11ff993db99f7eb5d20fc109246b42c6f8fbc8309901b020e6236d5f7cd
transfer_cube,11,Clip only,92016,1,1,4.0,641.0,f0dbb11ff993db99f7eb5d20fc109246b42c6f8fbc8309901b020e6236d5f7cd
transfer_cube,11,Clip only,92017,1,1,4.0,673.0,f0dbb11ff993db99f7eb5d20fc109246b42c6f8fbc8309901b020e6236d5f7cd
transfer_cube,11,Clip only,92018,0,0,0.0,0.0,f0dbb11ff993db99f7eb5d20fc109246b42c6f8fbc8309901b020e6236d5f7cd
transfer_cube,11,Clip only,92019,0,0,1.0,4.0,f0dbb11ff993db99f7eb5d20fc109246b42c6f8fbc8309901b020e6236d5f7cd
transfer_cube,11,Clip only,92020,1,1,4.0,668.0,f0dbb11ff993db99f7eb5d20fc109246b42c6f8fbc8309901b020e6236d5f7cd
transfer_cube,11,Clip only,92021,0,0,0.0,0.0,f0dbb11ff993db99f7eb5d20fc109246b42c6f8fbc8309901b020e6236d5f7cd
transfer_cube,11,Clip only,92022,1,1,4.0,656.0,f0dbb11ff993db99f7eb5d20fc109246b42c6f8fbc8309901b020e6236d5f7cd
transfer_cube,11,Clip only,92023,0,0,0.0,0.0,f0dbb11ff993db99f7eb5d20fc109246b42c6f8fbc8309901b020e6236d5f7cd
transfer_cube,11,Clip only,92024,0,0,2.0,16.0,f0dbb11ff993db99f7eb5d20fc109246b42c6f8fbc8309901b020e6236d5f7cd
transfer_cube,11,Clip only,92025,0,0,0.0,0.0,f0dbb11ff993db99f7eb5d20fc109246b42c6f8fbc8309901b020e6236d5f7cd
transfer_cube,11,Clip only,92026,1,1,4.0,641.0,f0dbb11ff993db99f7eb5d20fc109246b42c6f8fbc8309901b020e6236d5f7cd
transfer_cube,11,Clip only,92027,0,0,1.0,19.0,f0dbb11ff993db99f7eb5d20fc109246b42c6f8fbc8309901b020e6236d5f7cd
transfer_cube,11,Clip only,92028,1,1,4.0,674.0,f0dbb11ff993db99f7eb5d20fc109246b42c6f8fbc8309901b020e6236d5f7cd
transfer_cube,11,Clip only,92029,0,0,2.0,31.0,f0dbb11ff993db99f7eb5d20fc109246b42c6f8fbc8309901b020e6236d5f7cd
transfer_cube,11,Clip only,92030,1,1,4.0,645.0,f0dbb11ff993db99f7eb5d20fc109246b42c6f8fbc8309901b020e6236d5f7cd
transfer_cube,11,Clip only,92031,1,1,4.0,659.0,f0dbb11ff993db99f7eb5d20fc109246b42c6f8fbc8309901b020e6236d5f7cd
transfer_cube,11,Clip only,92032,1,1,4.0,656.0,f0dbb11ff993db99f7eb5d20fc109246b42c6f8fbc8309901b020e6236d5f7cd
transfer_cube,11,Clip only,92033,1,1,4.0,656.0,f0dbb11ff993db99f7eb5d20fc109246b42c6f8fbc8309901b020e6236d5f7cd
transfer_cube,11,Clip only,92034,1,1,4.0,651.0,f0dbb11ff993db99f7eb5d20fc109246b42c6f8fbc8309901b020e6236d5f7cd
transfer_cube,11,Clip only,92035,0,0,0.0,0.0,f0dbb11ff993db99f7eb5d20fc109246b42c6f8fbc8309901b020e6236d5f7cd
transfer_cube,11,Clip only,92036,1,1,4.0,649.0,f0dbb11ff993db99f7eb5d20fc109246b42c6f8fbc8309901b020e6236d5f7cd
transfer_cube,11,Clip only,92037,0,0,2.0,60.0,f0dbb11ff993db99f7eb5d20fc109246b42c6f8fbc8309901b020e6236d5f7cd
transfer_cube,11,Clip only,92038,1,1,4.0,671.0,f0dbb11ff993db99f7eb5d20fc109246b42c6f8fbc8309901b020e6236d5f7cd
transfer_cube,11,Clip only,92039,1,1,4.0,669.0,f0dbb11ff993db99f7eb5d20fc109246b42c6f8fbc8309901b020e6236d5f7cd
transfer_cube,23,Clean repeat,92000,1,1,4.0,727.0,64aa7abe9f09d8aae04d8ba91458143ef546659290f536114e7439c0a6c52042
transfer_cube,23,Clean repeat,92001,0,0,1.0,5.0,64aa7abe9f09d8aae04d8ba91458143ef546659290f536114e7439c0a6c52042
transfer_cube,23,Clean repeat,92002,1,1,4.0,677.0,64aa7abe9f09d8aae04d8ba91458143ef546659290f536114e7439c0a6c52042
transfer_cube,23,Clean repeat,92003,1,1,4.0,712.0,64aa7abe9f09d8aae04d8ba91458143ef546659290f536114e7439c0a6c52042
transfer_cube,23,Clean repeat,92004,1,1,4.0,666.0,64aa7abe9f09d8aae04d8ba91458143ef546659290f536114e7439c0a6c52042
transfer_cube,23,Clean repeat,92005,0,0,1.0,2.0,64aa7abe9f09d8aae04d8ba91458143ef546659290f536114e7439c0a6c52042
transfer_cube,23,Clean repeat,92006,1,1,4.0,654.0,64aa7abe9f09d8aae04d8ba91458143ef546659290f536114e7439c0a6c52042
transfer_cube,23,Clean repeat,92007,1,1,4.0,687.0,64aa7abe9f09d8aae04d8ba91458143ef546659290f536114e7439c0a6c52042
transfer_cube,23,Clean repeat,92008,1,1,4.0,661.0,64aa7abe9f09d8aae04d8ba91458143ef546659290f536114e7439c0a6c52042
transfer_cube,23,Clean repeat,92009,1,1,4.0,661.0,64aa7abe9f09d8aae04d8ba91458143ef546659290f536114e7439c0a6c52042
transfer_cube,23,Clean repeat,92010,0,0,1.0,2.0,64aa7abe9f09d8aae04d8ba91458143ef546659290f536114e7439c0a6c52042
transfer_cube,23,Clean repeat,92011,0,0,2.0,89.0,64aa7abe9f09d8aae04d8ba91458143ef546659290f536114e7439c0a6c52042
transfer_cube,23,Clean repeat,92012,0,0,1.0,7.0,64aa7abe9f09d8aae04d8ba91458143ef546659290f536114e7439c0a6c52042
transfer_cube,23,Clean repeat,92013,0,0,2.0,51.0,64aa7abe9f09d8aae04d8ba91458143ef546659290f536114e7439c0a6c52042
transfer_cube,23,Clean repeat,92014,0,0,2.0,3.0,64aa7abe9f09d8aae04d8ba91458143ef546659290f536114e7439c0a6c52042
transfer_cube,23,Clean repeat,92015,1,1,4.0,667.0,64aa7abe9f09d8aae04d8ba91458143ef546659290f536114e7439c0a6c52042
transfer_cube,23,Clean repeat,92016,1,1,4.0,708.0,64aa7abe9f09d8aae04d8ba91458143ef546659290f536114e7439c0a6c52042
transfer_cube,23,Clean repeat,92017,1,1,4.0,672.0,64aa7abe9f09d8aae04d8ba91458143ef546659290f536114e7439c0a6c52042
transfer_cube,23,Clean repeat,92018,0,0,1.0,7.0,64aa7abe9f09d8aae04d8ba91458143ef546659290f536114e7439c0a6c52042
transfer_cube,23,Clean repeat,92019,0,0,0.0,0.0,64aa7abe9f09d8aae04d8ba91458143ef546659290f536114e7439c0a6c52042
transfer_cube,23,Clean repeat,92020,1,1,4.0,676.0,64aa7abe9f09d8aae04d8ba91458143ef546659290f536114e7439c0a6c52042
transfer_cube,23,Clean repeat,92021,0,0,2.0,15.0,64aa7abe9f09d8aae04d8ba91458143ef546659290f536114e7439c0a6c52042
transfer_cube,23,Clean repeat,92022,1,1,4.0,655.0,64aa7abe9f09d8aae04d8ba91458143ef546659290f536114e7439c0a6c52042
transfer_cube,23,Clean repeat,92023,0,0,2.0,52.0,64aa7abe9f09d8aae04d8ba91458143ef546659290f536114e7439c0a6c52042
transfer_cube,23,Clean repeat,92024,1,1,4.0,709.0,64aa7abe9f09d8aae04d8ba91458143ef546659290f536114e7439c0a6c52042
transfer_cube,23,Clean repeat,92025,1,1,4.0,666.0,64aa7abe9f09d8aae04d8ba91458143ef546659290f536114e7439c0a6c52042
transfer_cube,23,Clean repeat,92026,1,1,4.0,691.0,64aa7abe9f09d8aae04d8ba91458143ef546659290f536114e7439c0a6c52042
transfer_cube,23,Clean repeat,92027,1,1,4.0,667.0,64aa7abe9f09d8aae04d8ba91458143ef546659290f536114e7439c0a6c52042
transfer_cube,23,Clean repeat,92028,1,1,4.0,670.0,64aa7abe9f09d8aae04d8ba91458143ef546659290f536114e7439c0a6c52042
transfer_cube,23,Clean repeat,92029,0,0,0.0,0.0,64aa7abe9f09d8aae04d8ba91458143ef546659290f536114e7439c0a6c52042
transfer_cube,23,Clean repeat,92030,1,1,4.0,683.0,64aa7abe9f09d8aae04d8ba91458143ef546659290f536114e7439c0a6c52042
transfer_cube,23,Clean repeat,92031,0,0,2.0,5.0,64aa7abe9f09d8aae04d8ba91458143ef546659290f536114e7439c0a6c52042
transfer_cube,23,Clean repeat,92032,1,1,4.0,695.0,64aa7abe9f09d8aae04d8ba91458143ef546659290f536114e7439c0a6c52042
transfer_cube,23,Clean repeat,92033,0,0,2.0,7.0,64aa7abe9f09d8aae04d8ba91458143ef546659290f536114e7439c0a6c52042
transfer_cube,23,Clean repeat,92034,1,1,4.0,669.0,64aa7abe9f09d8aae04d8ba91458143ef546659290f536114e7439c0a6c52042
transfer_cube,23,Clean repeat,92035,1,1,4.0,755.0,64aa7abe9f09d8aae04d8ba91458143ef546659290f536114e7439c0a6c52042
transfer_cube,23,Clean repeat,92036,1,1,4.0,673.0,64aa7abe9f09d8aae04d8ba91458143ef546659290f536114e7439c0a6c52042
transfer_cube,23,Clean repeat,92037,1,0,4.0,86.0,64aa7abe9f09d8aae04d8ba91458143ef546659290f536114e7439c0a6c52042
transfer_cube,23,Clean repeat,92038,1,1,4.0,660.0,64aa7abe9f09d8aae04d8ba91458143ef546659290f536114e7439c0a6c52042
transfer_cube,23,Clean repeat,92039,1,1,4.0,697.0,64aa7abe9f09d8aae04d8ba91458143ef546659290f536114e7439c0a6c52042
transfer_cube,23,Calibrated recovery,92000,1,1,4.0,660.0,37c48d712f1b0e6201d0dc8a336fca63a6adeeb87ddedb64860e77b5736f584c
transfer_cube,23,Calibrated recovery,92001,0,0,2.0,5.0,37c48d712f1b0e6201d0dc8a336fca63a6adeeb87ddedb64860e77b5736f584c
transfer_cube,23,Calibrated recovery,92002,1,1,4.0,657.0,37c48d712f1b0e6201d0dc8a336fca63a6adeeb87ddedb64860e77b5736f584c
transfer_cube,23,Calibrated recovery,92003,1,1,4.0,661.0,37c48d712f1b0e6201d0dc8a336fca63a6adeeb87ddedb64860e77b5736f584c
transfer_cube,23,Calibrated recovery,92004,1,1,4.0,654.0,37c48d712f1b0e6201d0dc8a336fca63a6adeeb87ddedb64860e77b5736f584c
transfer_cube,23,Calibrated recovery,92005,1,1,4.0,627.0,37c48d712f1b0e6201d0dc8a336fca63a6adeeb87ddedb64860e77b5736f584c
transfer_cube,23,Calibrated recovery,92006,1,1,4.0,661.0,37c48d712f1b0e6201d0dc8a336fca63a6adeeb87ddedb64860e77b5736f584c
transfer_cube,23,Calibrated recovery,92007,1,1,4.0,663.0,37c48d712f1b0e6201d0dc8a336fca63a6adeeb87ddedb64860e77b5736f584c
transfer_cube,23,Calibrated recovery,92008,1,1,4.0,660.0,37c48d712f1b0e6201d0dc8a336fca63a6adeeb87ddedb64860e77b5736f584c
transfer_cube,23,Calibrated recovery,92009,1,1,4.0,661.0,37c48d712f1b0e6201d0dc8a336fca63a6adeeb87ddedb64860e77b5736f584c
transfer_cube,23,Calibrated recovery,92010,1,1,4.0,672.0,37c48d712f1b0e6201d0dc8a336fca63a6adeeb87ddedb64860e77b5736f584c
transfer_cube,23,Calibrated recovery,92011,1,1,4.0,662.0,37c48d712f1b0e6201d0dc8a336fca63a6adeeb87ddedb64860e77b5736f584c
transfer_cube,23,Calibrated recovery,92012,0,0,1.0,4.0,37c48d712f1b0e6201d0dc8a336fca63a6adeeb87ddedb64860e77b5736f584c
transfer_cube,23,Calibrated recovery,92013,1,1,4.0,654.0,37c48d712f1b0e6201d0dc8a336fca63a6adeeb87ddedb64860e77b5736f584c
transfer_cube,23,Calibrated recovery,92014,1,1,4.0,646.0,37c48d712f1b0e6201d0dc8a336fca63a6adeeb87ddedb64860e77b5736f584c
transfer_cube,23,Calibrated recovery,92015,1,1,4.0,665.0,37c48d712f1b0e6201d0dc8a336fca63a6adeeb87ddedb64860e77b5736f584c
transfer_cube,23,Calibrated recovery,92016,1,1,4.0,646.0,37c48d712f1b0e6201d0dc8a336fca63a6adeeb87ddedb64860e77b5736f584c
transfer_cube,23,Calibrated recovery,92017,1,1,4.0,660.0,37c48d712f1b0e6201d0dc8a336fca63a6adeeb87ddedb64860e77b5736f584c
transfer_cube,23,Calibrated recovery,92018,1,1,4.0,640.0,37c48d712f1b0e6201d0dc8a336fca63a6adeeb87ddedb64860e77b5736f584c
transfer_cube,23,Calibrated recovery,92019,0,0,1.0,8.0,37c48d712f1b0e6201d0dc8a336fca63a6adeeb87ddedb64860e77b5736f584c
transfer_cube,23,Calibrated recovery,92020,1,1,4.0,655.0,37c48d712f1b0e6201d0dc8a336fca63a6adeeb87ddedb64860e77b5736f584c
transfer_cube,23,Calibrated recovery,92021,1,1,4.0,647.0,37c48d712f1b0e6201d0dc8a336fca63a6adeeb87ddedb64860e77b5736f584c
transfer_cube,23,Calibrated recovery,92022,1,1,4.0,657.0,37c48d712f1b0e6201d0dc8a336fca63a6adeeb87ddedb64860e77b5736f584c
transfer_cube,23,Calibrated recovery,92023,1,1,4.0,660.0,37c48d712f1b0e6201d0dc8a336fca63a6adeeb87ddedb64860e77b5736f584c
transfer_cube,23,Calibrated recovery,92024,1,1,4.0,665.0,37c48d712f1b0e6201d0dc8a336fca63a6adeeb87ddedb64860e77b5736f584c
transfer_cube,23,Calibrated recovery,92025,1,1,4.0,658.0,37c48d712f1b0e6201d0dc8a336fca63a6adeeb87ddedb64860e77b5736f584c
transfer_cube,23,Calibrated recovery,92026,1,1,4.0,658.0,37c48d712f1b0e6201d0dc8a336fca63a6adeeb87ddedb64860e77b5736f584c
transfer_cube,23,Calibrated recovery,92027,1,1,4.0,659.0,37c48d712f1b0e6201d0dc8a336fca63a6adeeb87ddedb64860e77b5736f584c
transfer_cube,23,Calibrated recovery,92028,1,1,4.0,647.0,37c48d712f1b0e6201d0dc8a336fca63a6adeeb87ddedb64860e77b5736f584c
transfer_cube,23,Calibrated recovery,92029,0,0,1.0,29.0,37c48d712f1b0e6201d0dc8a336fca63a6adeeb87ddedb64860e77b5736f584c
transfer_cube,23,Calibrated recovery,92030,1,1,4.0,665.0,37c48d712f1b0e6201d0dc8a336fca63a6adeeb87ddedb64860e77b5736f584c
transfer_cube,23,Calibrated recovery,92031,1,1,4.0,646.0,37c48d712f1b0e6201d0dc8a336fca63a6adeeb87ddedb64860e77b5736f584c
transfer_cube,23,Calibrated recovery,92032,1,1,4.0,672.0,37c48d712f1b0e6201d0dc8a336fca63a6adeeb87ddedb64860e77b5736f584c
transfer_cube,23,Calibrated recovery,92033,1,1,4.0,645.0,37c48d712f1b0e6201d0dc8a336fca63a6adeeb87ddedb64860e77b5736f584c
transfer_cube,23,Calibrated recovery,92034,1,1,4.0,645.0,37c48d712f1b0e6201d0dc8a336fca63a6adeeb87ddedb64860e77b5736f584c
transfer_cube,23,Calibrated recovery,92035,1,1,4.0,667.0,37c48d712f1b0e6201d0dc8a336fca63a6adeeb87ddedb64860e77b5736f584c
transfer_cube,23,Calibrated recovery,92036,1,1,4.0,649.0,37c48d712f1b0e6201d0dc8a336fca63a6adeeb87ddedb64860e77b5736f584c
transfer_cube,23,Calibrated recovery,92037,1,1,4.0,665.0,37c48d712f1b0e6201d0dc8a336fca63a6adeeb87ddedb64860e77b5736f584c
transfer_cube,23,Calibrated recovery,92038,1,1,4.0,650.0,37c48d712f1b0e6201d0dc8a336fca63a6adeeb87ddedb64860e77b5736f584c
transfer_cube,23,Calibrated recovery,92039,1,1,4.0,660.0,37c48d712f1b0e6201d0dc8a336fca63a6adeeb87ddedb64860e77b5736f584c
transfer_cube,23,Gaussian recovery,92000,1,1,4.0,662.0,e064702986ccc9d7d6b7fda0d554a6af6759091a5dfddbeed05a092d6147bf89
transfer_cube,23,Gaussian recovery,92001,0,0,1.0,1.0,e064702986ccc9d7d6b7fda0d554a6af6759091a5dfddbeed05a092d6147bf89
transfer_cube,23,Gaussian recovery,92002,1,1,4.0,715.0,e064702986ccc9d7d6b7fda0d554a6af6759091a5dfddbeed05a092d6147bf89
transfer_cube,23,Gaussian recovery,92003,1,1,4.0,650.0,e064702986ccc9d7d6b7fda0d554a6af6759091a5dfddbeed05a092d6147bf89
transfer_cube,23,Gaussian recovery,92004,1,1,4.0,665.0,e064702986ccc9d7d6b7fda0d554a6af6759091a5dfddbeed05a092d6147bf89
transfer_cube,23,Gaussian recovery,92005,1,1,4.0,723.0,e064702986ccc9d7d6b7fda0d554a6af6759091a5dfddbeed05a092d6147bf89
transfer_cube,23,Gaussian recovery,92006,1,0,4.0,704.0,e064702986ccc9d7d6b7fda0d554a6af6759091a5dfddbeed05a092d6147bf89
transfer_cube,23,Gaussian recovery,92007,1,1,4.0,659.0,e064702986ccc9d7d6b7fda0d554a6af6759091a5dfddbeed05a092d6147bf89
transfer_cube,23,Gaussian recovery,92008,1,1,4.0,717.0,e064702986ccc9d7d6b7fda0d554a6af6759091a5dfddbeed05a092d6147bf89
transfer_cube,23,Gaussian recovery,92009,1,1,4.0,720.0,e064702986ccc9d7d6b7fda0d554a6af6759091a5dfddbeed05a092d6147bf89
transfer_cube,23,Gaussian recovery,92010,1,1,4.0,651.0,e064702986ccc9d7d6b7fda0d554a6af6759091a5dfddbeed05a092d6147bf89
transfer_cube,23,Gaussian recovery,92011,1,1,4.0,685.0,e064702986ccc9d7d6b7fda0d554a6af6759091a5dfddbeed05a092d6147bf89
transfer_cube,23,Gaussian recovery,92012,0,0,1.0,1.0,e064702986ccc9d7d6b7fda0d554a6af6759091a5dfddbeed05a092d6147bf89
transfer_cube,23,Gaussian recovery,92013,1,1,4.0,706.0,e064702986ccc9d7d6b7fda0d554a6af6759091a5dfddbeed05a092d6147bf89
transfer_cube,23,Gaussian recovery,92014,1,1,4.0,659.0,e064702986ccc9d7d6b7fda0d554a6af6759091a5dfddbeed05a092d6147bf89
transfer_cube,23,Gaussian recovery,92015,1,1,4.0,679.0,e064702986ccc9d7d6b7fda0d554a6af6759091a5dfddbeed05a092d6147bf89
transfer_cube,23,Gaussian recovery,92016,1,1,4.0,713.0,e064702986ccc9d7d6b7fda0d554a6af6759091a5dfddbeed05a092d6147bf89
transfer_cube,23,Gaussian recovery,92017,1,1,4.0,721.0,e064702986ccc9d7d6b7fda0d554a6af6759091a5dfddbeed05a092d6147bf89
transfer_cube,23,Gaussian recovery,92018,1,1,4.0,714.0,e064702986ccc9d7d6b7fda0d554a6af6759091a5dfddbeed05a092d6147bf89
transfer_cube,23,Gaussian recovery,92019,0,0,0.0,0.0,e064702986ccc9d7d6b7fda0d554a6af6759091a5dfddbeed05a092d6147bf89
transfer_cube,23,Gaussian recovery,92020,1,1,4.0,728.0,e064702986ccc9d7d6b7fda0d554a6af6759091a5dfddbeed05a092d6147bf89
transfer_cube,23,Gaussian recovery,92021,1,1,4.0,665.0,e064702986ccc9d7d6b7fda0d554a6af6759091a5dfddbeed05a092d6147bf89
transfer_cube,23,Gaussian recovery,92022,1,0,4.0,689.0,e064702986ccc9d7d6b7fda0d554a6af6759091a5dfddbeed05a092d6147bf89
transfer_cube,23,Gaussian recovery,92023,1,1,4.0,638.0,e064702986ccc9d7d6b7fda0d554a6af6759091a5dfddbeed05a092d6147bf89
transfer_cube,23,Gaussian recovery,92024,1,1,4.0,720.0,e064702986ccc9d7d6b7fda0d554a6af6759091a5dfddbeed05a092d6147bf89
transfer_cube,23,Gaussian recovery,92025,1,1,4.0,709.0,e064702986ccc9d7d6b7fda0d554a6af6759091a5dfddbeed05a092d6147bf89
transfer_cube,23,Gaussian recovery,92026,1,1,4.0,660.0,e064702986ccc9d7d6b7fda0d554a6af6759091a5dfddbeed05a092d6147bf89
transfer_cube,23,Gaussian recovery,92027,1,1,4.0,725.0,e064702986ccc9d7d6b7fda0d554a6af6759091a5dfddbeed05a092d6147bf89
transfer_cube,23,Gaussian recovery,92028,1,1,4.0,737.0,e064702986ccc9d7d6b7fda0d554a6af6759091a5dfddbeed05a092d6147bf89
transfer_cube,23,Gaussian recovery,92029,1,1,4.0,658.0,e064702986ccc9d7d6b7fda0d554a6af6759091a5dfddbeed05a092d6147bf89
transfer_cube,23,Gaussian recovery,92030,1,1,4.0,651.0,e064702986ccc9d7d6b7fda0d554a6af6759091a5dfddbeed05a092d6147bf89
transfer_cube,23,Gaussian recovery,92031,1,1,4.0,657.0,e064702986ccc9d7d6b7fda0d554a6af6759091a5dfddbeed05a092d6147bf89
transfer_cube,23,Gaussian recovery,92032,1,1,4.0,653.0,e064702986ccc9d7d6b7fda0d554a6af6759091a5dfddbeed05a092d6147bf89
transfer_cube,23,Gaussian recovery,92033,1,1,4.0,717.0,e064702986ccc9d7d6b7fda0d554a6af6759091a5dfddbeed05a092d6147bf89
transfer_cube,23,Gaussian recovery,92034,1,1,4.0,723.0,e064702986ccc9d7d6b7fda0d554a6af6759091a5dfddbeed05a092d6147bf89
transfer_cube,23,Gaussian recovery,92035,1,1,4.0,653.0,e064702986ccc9d7d6b7fda0d554a6af6759091a5dfddbeed05a092d6147bf89
transfer_cube,23,Gaussian recovery,92036,1,1,4.0,647.0,e064702986ccc9d7d6b7fda0d554a6af6759091a5dfddbeed05a092d6147bf89
transfer_cube,23,Gaussian recovery,92037,1,1,4.0,717.0,e064702986ccc9d7d6b7fda0d554a6af6759091a5dfddbeed05a092d6147bf89
transfer_cube,23,Gaussian recovery,92038,1,1,4.0,727.0,e064702986ccc9d7d6b7fda0d554a6af6759091a5dfddbeed05a092d6147bf89
transfer_cube,23,Gaussian recovery,92039,1,1,4.0,650.0,e064702986ccc9d7d6b7fda0d554a6af6759091a5dfddbeed05a092d6147bf89
transfer_cube,23,Frozen context,92000,1,1,4.0,716.0,02d0fad13fa72e6d96f1be8f5e277cf2e88c68f290a1bf6ed33e6a0521707789
transfer_cube,23,Frozen context,92001,0,0,2.0,9.0,02d0fad13fa72e6d96f1be8f5e277cf2e88c68f290a1bf6ed33e6a0521707789
transfer_cube,23,Frozen context,92002,0,0,1.0,2.0,02d0fad13fa72e6d96f1be8f5e277cf2e88c68f290a1bf6ed33e6a0521707789
transfer_cube,23,Frozen context,92003,1,1,4.0,727.0,02d0fad13fa72e6d96f1be8f5e277cf2e88c68f290a1bf6ed33e6a0521707789
transfer_cube,23,Frozen context,92004,0,0,0.0,0.0,02d0fad13fa72e6d96f1be8f5e277cf2e88c68f290a1bf6ed33e6a0521707789
transfer_cube,23,Frozen context,92005,0,0,2.0,2.0,02d0fad13fa72e6d96f1be8f5e277cf2e88c68f290a1bf6ed33e6a0521707789
transfer_cube,23,Frozen context,92006,0,0,0.0,0.0,02d0fad13fa72e6d96f1be8f5e277cf2e88c68f290a1bf6ed33e6a0521707789
transfer_cube,23,Frozen context,92007,0,0,1.0,2.0,02d0fad13fa72e6d96f1be8f5e277cf2e88c68f290a1bf6ed33e6a0521707789
transfer_cube,23,Frozen context,92008,0,0,0.0,0.0,02d0fad13fa72e6d96f1be8f5e277cf2e88c68f290a1bf6ed33e6a0521707789
transfer_cube,23,Frozen context,92009,0,0,0.0,0.0,02d0fad13fa72e6d96f1be8f5e277cf2e88c68f290a1bf6ed33e6a0521707789
transfer_cube,23,Frozen context,92010,0,0,1.0,1.0,02d0fad13fa72e6d96f1be8f5e277cf2e88c68f290a1bf6ed33e6a0521707789
transfer_cube,23,Frozen context,92011,0,0,0.0,0.0,02d0fad13fa72e6d96f1be8f5e277cf2e88c68f290a1bf6ed33e6a0521707789
transfer_cube,23,Frozen context,92012,0,0,1.0,3.0,02d0fad13fa72e6d96f1be8f5e277cf2e88c68f290a1bf6ed33e6a0521707789
transfer_cube,23,Frozen context,92013,0,0,0.0,0.0,02d0fad13fa72e6d96f1be8f5e277cf2e88c68f290a1bf6ed33e6a0521707789
transfer_cube,23,Frozen context,92014,0,0,2.0,5.0,02d0fad13fa72e6d96f1be8f5e277cf2e88c68f290a1bf6ed33e6a0521707789
transfer_cube,23,Frozen context,92015,0,0,2.0,4.0,02d0fad13fa72e6d96f1be8f5e277cf2e88c68f290a1bf6ed33e6a0521707789
transfer_cube,23,Frozen context,92016,0,0,2.0,29.0,02d0fad13fa72e6d96f1be8f5e277cf2e88c68f290a1bf6ed33e6a0521707789
transfer_cube,23,Frozen context,92017,0,0,2.0,42.0,02d0fad13fa72e6d96f1be8f5e277cf2e88c68f290a1bf6ed33e6a0521707789
transfer_cube,23,Frozen context,92018,0,0,2.0,4.0,02d0fad13fa72e6d96f1be8f5e277cf2e88c68f290a1bf6ed33e6a0521707789
transfer_cube,23,Frozen context,92019,0,0,0.0,0.0,02d0fad13fa72e6d96f1be8f5e277cf2e88c68f290a1bf6ed33e6a0521707789
transfer_cube,23,Frozen context,92020,0,0,1.0,1.0,02d0fad13fa72e6d96f1be8f5e277cf2e88c68f290a1bf6ed33e6a0521707789
transfer_cube,23,Frozen context,92021,0,0,0.0,0.0,02d0fad13fa72e6d96f1be8f5e277cf2e88c68f290a1bf6ed33e6a0521707789
transfer_cube,23,Frozen context,92022,0,0,2.0,25.0,02d0fad13fa72e6d96f1be8f5e277cf2e88c68f290a1bf6ed33e6a0521707789
transfer_cube,23,Frozen context,92023,0,0,0.0,0.0,02d0fad13fa72e6d96f1be8f5e277cf2e88c68f290a1bf6ed33e6a0521707789
transfer_cube,23,Frozen context,92024,0,0,0.0,0.0,02d0fad13fa72e6d96f1be8f5e277cf2e88c68f290a1bf6ed33e6a0521707789
transfer_cube,23,Frozen context,92025,0,0,0.0,0.0,02d0fad13fa72e6d96f1be8f5e277cf2e88c68f290a1bf6ed33e6a0521707789
transfer_cube,23,Frozen context,92026,0,0,2.0,69.0,02d0fad13fa72e6d96f1be8f5e277cf2e88c68f290a1bf6ed33e6a0521707789
transfer_cube,23,Frozen context,92027,0,0,2.0,2.0,02d0fad13fa72e6d96f1be8f5e277cf2e88c68f290a1bf6ed33e6a0521707789
transfer_cube,23,Frozen context,92028,0,0,0.0,0.0,02d0fad13fa72e6d96f1be8f5e277cf2e88c68f290a1bf6ed33e6a0521707789
transfer_cube,23,Frozen context,92029,0,0,0.0,0.0,02d0fad13fa72e6d96f1be8f5e277cf2e88c68f290a1bf6ed33e6a0521707789
transfer_cube,23,Frozen context,92030,0,0,1.0,1.0,02d0fad13fa72e6d96f1be8f5e277cf2e88c68f290a1bf6ed33e6a0521707789
transfer_cube,23,Frozen context,92031,0,0,1.0,3.0,02d0fad13fa72e6d96f1be8f5e277cf2e88c68f290a1bf6ed33e6a0521707789
transfer_cube,23,Frozen context,92032,0,0,2.0,49.0,02d0fad13fa72e6d96f1be8f5e277cf2e88c68f290a1bf6ed33e6a0521707789
transfer_cube,23,Frozen context,92033,0,0,1.0,1.0,02d0fad13fa72e6d96f1be8f5e277cf2e88c68f290a1bf6ed33e6a0521707789
transfer_cube,23,Frozen context,92034,0,0,2.0,2.0,02d0fad13fa72e6d96f1be8f5e277cf2e88c68f290a1bf6ed33e6a0521707789
transfer_cube,23,Frozen context,92035,1,1,4.0,706.0,02d0fad13fa72e6d96f1be8f5e277cf2e88c68f290a1bf6ed33e6a0521707789
transfer_cube,23,Frozen context,92036,0,0,0.0,0.0,02d0fad13fa72e6d96f1be8f5e277cf2e88c68f290a1bf6ed33e6a0521707789
transfer_cube,23,Frozen context,92037,0,0,0.0,0.0,02d0fad13fa72e6d96f1be8f5e277cf2e88c68f290a1bf6ed33e6a0521707789
transfer_cube,23,Frozen context,92038,0,0,2.0,39.0,02d0fad13fa72e6d96f1be8f5e277cf2e88c68f290a1bf6ed33e6a0521707789
transfer_cube,23,Frozen context,92039,0,0,2.0,38.0,02d0fad13fa72e6d96f1be8f5e277cf2e88c68f290a1bf6ed33e6a0521707789
transfer_cube,23,Old SCANA,92000,0,0,0.0,0.0,d855974e55b896631e2da984d2d6874e9e4e6abf5cbe9a8f299998785522b23c
transfer_cube,23,Old SCANA,92001,0,0,0.0,0.0,d855974e55b896631e2da984d2d6874e9e4e6abf5cbe9a8f299998785522b23c
transfer_cube,23,Old SCANA,92002,0,0,0.0,0.0,d855974e55b896631e2da984d2d6874e9e4e6abf5cbe9a8f299998785522b23c
transfer_cube,23,Old SCANA,92003,0,0,0.0,0.0,d855974e55b896631e2da984d2d6874e9e4e6abf5cbe9a8f299998785522b23c
transfer_cube,23,Old SCANA,92004,0,0,0.0,0.0,d855974e55b896631e2da984d2d6874e9e4e6abf5cbe9a8f299998785522b23c
transfer_cube,23,Old SCANA,92005,0,0,0.0,0.0,d855974e55b896631e2da984d2d6874e9e4e6abf5cbe9a8f299998785522b23c
transfer_cube,23,Old SCANA,92006,0,0,0.0,0.0,d855974e55b896631e2da984d2d6874e9e4e6abf5cbe9a8f299998785522b23c
transfer_cube,23,Old SCANA,92007,0,0,0.0,0.0,d855974e55b896631e2da984d2d6874e9e4e6abf5cbe9a8f299998785522b23c
transfer_cube,23,Old SCANA,92008,0,0,0.0,0.0,d855974e55b896631e2da984d2d6874e9e4e6abf5cbe9a8f299998785522b23c
transfer_cube,23,Old SCANA,92009,0,0,0.0,0.0,d855974e55b896631e2da984d2d6874e9e4e6abf5cbe9a8f299998785522b23c
transfer_cube,23,Old SCANA,92010,0,0,0.0,0.0,d855974e55b896631e2da984d2d6874e9e4e6abf5cbe9a8f299998785522b23c
transfer_cube,23,Old SCANA,92011,0,0,0.0,0.0,d855974e55b896631e2da984d2d6874e9e4e6abf5cbe9a8f299998785522b23c
transfer_cube,23,Old SCANA,92012,0,0,0.0,0.0,d855974e55b896631e2da984d2d6874e9e4e6abf5cbe9a8f299998785522b23c
transfer_cube,23,Old SCANA,92013,0,0,0.0,0.0,d855974e55b896631e2da984d2d6874e9e4e6abf5cbe9a8f299998785522b23c
transfer_cube,23,Old SCANA,92014,0,0,0.0,0.0,d855974e55b896631e2da984d2d6874e9e4e6abf5cbe9a8f299998785522b23c
transfer_cube,23,Old SCANA,92015,0,0,0.0,0.0,d855974e55b896631e2da984d2d6874e9e4e6abf5cbe9a8f299998785522b23c
transfer_cube,23,Old SCANA,92016,0,0,0.0,0.0,d855974e55b896631e2da984d2d6874e9e4e6abf5cbe9a8f299998785522b23c
transfer_cube,23,Old SCANA,92017,0,0,0.0,0.0,d855974e55b896631e2da984d2d6874e9e4e6abf5cbe9a8f299998785522b23c
transfer_cube,23,Old SCANA,92018,0,0,0.0,0.0,d855974e55b896631e2da984d2d6874e9e4e6abf5cbe9a8f299998785522b23c
transfer_cube,23,Old SCANA,92019,0,0,0.0,0.0,d855974e55b896631e2da984d2d6874e9e4e6abf5cbe9a8f299998785522b23c
transfer_cube,23,Old SCANA,92020,0,0,0.0,0.0,d855974e55b896631e2da984d2d6874e9e4e6abf5cbe9a8f299998785522b23c
transfer_cube,23,Old SCANA,92021,0,0,0.0,0.0,d855974e55b896631e2da984d2d6874e9e4e6abf5cbe9a8f299998785522b23c
transfer_cube,23,Old SCANA,92022,0,0,0.0,0.0,d855974e55b896631e2da984d2d6874e9e4e6abf5cbe9a8f299998785522b23c
transfer_cube,23,Old SCANA,92023,0,0,0.0,0.0,d855974e55b896631e2da984d2d6874e9e4e6abf5cbe9a8f299998785522b23c
transfer_cube,23,Old SCANA,92024,0,0,0.0,0.0,d855974e55b896631e2da984d2d6874e9e4e6abf5cbe9a8f299998785522b23c
transfer_cube,23,Old SCANA,92025,0,0,0.0,0.0,d855974e55b896631e2da984d2d6874e9e4e6abf5cbe9a8f299998785522b23c
transfer_cube,23,Old SCANA,92026,0,0,0.0,0.0,d855974e55b896631e2da984d2d6874e9e4e6abf5cbe9a8f299998785522b23c
transfer_cube,23,Old SCANA,92027,0,0,0.0,0.0,d855974e55b896631e2da984d2d6874e9e4e6abf5cbe9a8f299998785522b23c
transfer_cube,23,Old SCANA,92028,0,0,0.0,0.0,d855974e55b896631e2da984d2d6874e9e4e6abf5cbe9a8f299998785522b23c
transfer_cube,23,Old SCANA,92029,0,0,0.0,0.0,d855974e55b896631e2da984d2d6874e9e4e6abf5cbe9a8f299998785522b23c
transfer_cube,23,Old SCANA,92030,0,0,0.0,0.0,d855974e55b896631e2da984d2d6874e9e4e6abf5cbe9a8f299998785522b23c
transfer_cube,23,Old SCANA,92031,0,0,0.0,0.0,d855974e55b896631e2da984d2d6874e9e4e6abf5cbe9a8f299998785522b23c
transfer_cube,23,Old SCANA,92032,0,0,0.0,0.0,d855974e55b896631e2da984d2d6874e9e4e6abf5cbe9a8f299998785522b23c
transfer_cube,23,Old SCANA,92033,0,0,0.0,0.0,d855974e55b896631e2da984d2d6874e9e4e6abf5cbe9a8f299998785522b23c
transfer_cube,23,Old SCANA,92034,0,0,0.0,0.0,d855974e55b896631e2da984d2d6874e9e4e6abf5cbe9a8f299998785522b23c
transfer_cube,23,Old SCANA,92035,0,0,0.0,0.0,d855974e55b896631e2da984d2d6874e9e4e6abf5cbe9a8f299998785522b23c
transfer_cube,23,Old SCANA,92036,0,0,0.0,0.0,d855974e55b896631e2da984d2d6874e9e4e6abf5cbe9a8f299998785522b23c
transfer_cube,23,Old SCANA,92037,0,0,0.0,0.0,d855974e55b896631e2da984d2d6874e9e4e6abf5cbe9a8f299998785522b23c
transfer_cube,23,Old SCANA,92038,0,0,0.0,0.0,d855974e55b896631e2da984d2d6874e9e4e6abf5cbe9a8f299998785522b23c
transfer_cube,23,Old SCANA,92039,0,0,0.0,0.0,d855974e55b896631e2da984d2d6874e9e4e6abf5cbe9a8f299998785522b23c
transfer_cube,23,Old kNN,92000,0,0,0.0,0.0,840ed3cd5d47e33ae113935fbf989ca5c6212f7682f5ea88b280a0db6fb1fc78
transfer_cube,23,Old kNN,92001,0,0,0.0,0.0,840ed3cd5d47e33ae113935fbf989ca5c6212f7682f5ea88b280a0db6fb1fc78
transfer_cube,23,Old kNN,92002,0,0,0.0,0.0,840ed3cd5d47e33ae113935fbf989ca5c6212f7682f5ea88b280a0db6fb1fc78
transfer_cube,23,Old kNN,92003,0,0,0.0,0.0,840ed3cd5d47e33ae113935fbf989ca5c6212f7682f5ea88b280a0db6fb1fc78
transfer_cube,23,Old kNN,92004,0,0,0.0,0.0,840ed3cd5d47e33ae113935fbf989ca5c6212f7682f5ea88b280a0db6fb1fc78
transfer_cube,23,Old kNN,92005,0,0,0.0,0.0,840ed3cd5d47e33ae113935fbf989ca5c6212f7682f5ea88b280a0db6fb1fc78
transfer_cube,23,Old kNN,92006,0,0,0.0,0.0,840ed3cd5d47e33ae113935fbf989ca5c6212f7682f5ea88b280a0db6fb1fc78
transfer_cube,23,Old kNN,92007,0,0,0.0,0.0,840ed3cd5d47e33ae113935fbf989ca5c6212f7682f5ea88b280a0db6fb1fc78
transfer_cube,23,Old kNN,92008,0,0,0.0,0.0,840ed3cd5d47e33ae113935fbf989ca5c6212f7682f5ea88b280a0db6fb1fc78
transfer_cube,23,Old kNN,92009,0,0,0.0,0.0,840ed3cd5d47e33ae113935fbf989ca5c6212f7682f5ea88b280a0db6fb1fc78
transfer_cube,23,Old kNN,92010,0,0,0.0,0.0,840ed3cd5d47e33ae113935fbf989ca5c6212f7682f5ea88b280a0db6fb1fc78
transfer_cube,23,Old kNN,92011,0,0,0.0,0.0,840ed3cd5d47e33ae113935fbf989ca5c6212f7682f5ea88b280a0db6fb1fc78
transfer_cube,23,Old kNN,92012,0,0,0.0,0.0,840ed3cd5d47e33ae113935fbf989ca5c6212f7682f5ea88b280a0db6fb1fc78
transfer_cube,23,Old kNN,92013,0,0,0.0,0.0,840ed3cd5d47e33ae113935fbf989ca5c6212f7682f5ea88b280a0db6fb1fc78
transfer_cube,23,Old kNN,92014,0,0,0.0,0.0,840ed3cd5d47e33ae113935fbf989ca5c6212f7682f5ea88b280a0db6fb1fc78
transfer_cube,23,Old kNN,92015,0,0,0.0,0.0,840ed3cd5d47e33ae113935fbf989ca5c6212f7682f5ea88b280a0db6fb1fc78
transfer_cube,23,Old kNN,92016,0,0,0.0,0.0,840ed3cd5d47e33ae113935fbf989ca5c6212f7682f5ea88b280a0db6fb1fc78
transfer_cube,23,Old kNN,92017,0,0,0.0,0.0,840ed3cd5d47e33ae113935fbf989ca5c6212f7682f5ea88b280a0db6fb1fc78
transfer_cube,23,Old kNN,92018,0,0,0.0,0.0,840ed3cd5d47e33ae113935fbf989ca5c6212f7682f5ea88b280a0db6fb1fc78
transfer_cube,23,Old kNN,92019,0,0,0.0,0.0,840ed3cd5d47e33ae113935fbf989ca5c6212f7682f5ea88b280a0db6fb1fc78
transfer_cube,23,Old kNN,92020,0,0,0.0,0.0,840ed3cd5d47e33ae113935fbf989ca5c6212f7682f5ea88b280a0db6fb1fc78
transfer_cube,23,Old kNN,92021,0,0,0.0,0.0,840ed3cd5d47e33ae113935fbf989ca5c6212f7682f5ea88b280a0db6fb1fc78
transfer_cube,23,Old kNN,92022,0,0,0.0,0.0,840ed3cd5d47e33ae113935fbf989ca5c6212f7682f5ea88b280a0db6fb1fc78
transfer_cube,23,Old kNN,92023,0,0,0.0,0.0,840ed3cd5d47e33ae113935fbf989ca5c6212f7682f5ea88b280a0db6fb1fc78
transfer_cube,23,Old kNN,92024,0,0,0.0,0.0,840ed3cd5d47e33ae113935fbf989ca5c6212f7682f5ea88b280a0db6fb1fc78
transfer_cube,23,Old kNN,92025,0,0,0.0,0.0,840ed3cd5d47e33ae113935fbf989ca5c6212f7682f5ea88b280a0db6fb1fc78
transfer_cube,23,Old kNN,92026,0,0,0.0,0.0,840ed3cd5d47e33ae113935fbf989ca5c6212f7682f5ea88b280a0db6fb1fc78
transfer_cube,23,Old kNN,92027,0,0,0.0,0.0,840ed3cd5d47e33ae113935fbf989ca5c6212f7682f5ea88b280a0db6fb1fc78
transfer_cube,23,Old kNN,92028,0,0,0.0,0.0,840ed3cd5d47e33ae113935fbf989ca5c6212f7682f5ea88b280a0db6fb1fc78
transfer_cube,23,Old kNN,92029,0,0,0.0,0.0,840ed3cd5d47e33ae113935fbf989ca5c6212f7682f5ea88b280a0db6fb1fc78
transfer_cube,23,Old kNN,92030,0,0,0.0,0.0,840ed3cd5d47e33ae113935fbf989ca5c6212f7682f5ea88b280a0db6fb1fc78
transfer_cube,23,Old kNN,92031,0,0,0.0,0.0,840ed3cd5d47e33ae113935fbf989ca5c6212f7682f5ea88b280a0db6fb1fc78
transfer_cube,23,Old kNN,92032,0,0,0.0,0.0,840ed3cd5d47e33ae113935fbf989ca5c6212f7682f5ea88b280a0db6fb1fc78
transfer_cube,23,Old kNN,92033,0,0,0.0,0.0,840ed3cd5d47e33ae113935fbf989ca5c6212f7682f5ea88b280a0db6fb1fc78
transfer_cube,23,Old kNN,92034,0,0,0.0,0.0,840ed3cd5d47e33ae113935fbf989ca5c6212f7682f5ea88b280a0db6fb1fc78
transfer_cube,23,Old kNN,92035,0,0,0.0,0.0,840ed3cd5d47e33ae113935fbf989ca5c6212f7682f5ea88b280a0db6fb1fc78
transfer_cube,23,Old kNN,92036,0,0,0.0,0.0,840ed3cd5d47e33ae113935fbf989ca5c6212f7682f5ea88b280a0db6fb1fc78
transfer_cube,23,Old kNN,92037,0,0,0.0,0.0,840ed3cd5d47e33ae113935fbf989ca5c6212f7682f5ea88b280a0db6fb1fc78
transfer_cube,23,Old kNN,92038,0,0,0.0,0.0,840ed3cd5d47e33ae113935fbf989ca5c6212f7682f5ea88b280a0db6fb1fc78
transfer_cube,23,Old kNN,92039,0,0,0.0,0.0,840ed3cd5d47e33ae113935fbf989ca5c6212f7682f5ea88b280a0db6fb1fc78
transfer_cube,23,Old deterministic,92000,0,0,0.0,0.0,4bc18f26631f82ca89299ab0f47dca670acf475f01ada928c8c3fed1de8c8a72
transfer_cube,23,Old deterministic,92001,0,0,0.0,0.0,4bc18f26631f82ca89299ab0f47dca670acf475f01ada928c8c3fed1de8c8a72
transfer_cube,23,Old deterministic,92002,0,0,0.0,0.0,4bc18f26631f82ca89299ab0f47dca670acf475f01ada928c8c3fed1de8c8a72
transfer_cube,23,Old deterministic,92003,0,0,0.0,0.0,4bc18f26631f82ca89299ab0f47dca670acf475f01ada928c8c3fed1de8c8a72
transfer_cube,23,Old deterministic,92004,0,0,0.0,0.0,4bc18f26631f82ca89299ab0f47dca670acf475f01ada928c8c3fed1de8c8a72
transfer_cube,23,Old deterministic,92005,0,0,0.0,0.0,4bc18f26631f82ca89299ab0f47dca670acf475f01ada928c8c3fed1de8c8a72
transfer_cube,23,Old deterministic,92006,0,0,0.0,0.0,4bc18f26631f82ca89299ab0f47dca670acf475f01ada928c8c3fed1de8c8a72
transfer_cube,23,Old deterministic,92007,0,0,0.0,0.0,4bc18f26631f82ca89299ab0f47dca670acf475f01ada928c8c3fed1de8c8a72
transfer_cube,23,Old deterministic,92008,0,0,0.0,0.0,4bc18f26631f82ca89299ab0f47dca670acf475f01ada928c8c3fed1de8c8a72
transfer_cube,23,Old deterministic,92009,0,0,0.0,0.0,4bc18f26631f82ca89299ab0f47dca670acf475f01ada928c8c3fed1de8c8a72
transfer_cube,23,Old deterministic,92010,0,0,0.0,0.0,4bc18f26631f82ca89299ab0f47dca670acf475f01ada928c8c3fed1de8c8a72
transfer_cube,23,Old deterministic,92011,0,0,0.0,0.0,4bc18f26631f82ca89299ab0f47dca670acf475f01ada928c8c3fed1de8c8a72
transfer_cube,23,Old deterministic,92012,0,0,0.0,0.0,4bc18f26631f82ca89299ab0f47dca670acf475f01ada928c8c3fed1de8c8a72
transfer_cube,23,Old deterministic,92013,0,0,0.0,0.0,4bc18f26631f82ca89299ab0f47dca670acf475f01ada928c8c3fed1de8c8a72
transfer_cube,23,Old deterministic,92014,0,0,0.0,0.0,4bc18f26631f82ca89299ab0f47dca670acf475f01ada928c8c3fed1de8c8a72
transfer_cube,23,Old deterministic,92015,0,0,0.0,0.0,4bc18f26631f82ca89299ab0f47dca670acf475f01ada928c8c3fed1de8c8a72
transfer_cube,23,Old deterministic,92016,0,0,0.0,0.0,4bc18f26631f82ca89299ab0f47dca670acf475f01ada928c8c3fed1de8c8a72
transfer_cube,23,Old deterministic,92017,0,0,0.0,0.0,4bc18f26631f82ca89299ab0f47dca670acf475f01ada928c8c3fed1de8c8a72
transfer_cube,23,Old deterministic,92018,0,0,0.0,0.0,4bc18f26631f82ca89299ab0f47dca670acf475f01ada928c8c3fed1de8c8a72
transfer_cube,23,Old deterministic,92019,0,0,0.0,0.0,4bc18f26631f82ca89299ab0f47dca670acf475f01ada928c8c3fed1de8c8a72
transfer_cube,23,Old deterministic,92020,0,0,0.0,0.0,4bc18f26631f82ca89299ab0f47dca670acf475f01ada928c8c3fed1de8c8a72
transfer_cube,23,Old deterministic,92021,0,0,0.0,0.0,4bc18f26631f82ca89299ab0f47dca670acf475f01ada928c8c3fed1de8c8a72
transfer_cube,23,Old deterministic,92022,0,0,0.0,0.0,4bc18f26631f82ca89299ab0f47dca670acf475f01ada928c8c3fed1de8c8a72
transfer_cube,23,Old deterministic,92023,0,0,0.0,0.0,4bc18f26631f82ca89299ab0f47dca670acf475f01ada928c8c3fed1de8c8a72
transfer_cube,23,Old deterministic,92024,0,0,0.0,0.0,4bc18f26631f82ca89299ab0f47dca670acf475f01ada928c8c3fed1de8c8a72
transfer_cube,23,Old deterministic,92025,0,0,0.0,0.0,4bc18f26631f82ca89299ab0f47dca670acf475f01ada928c8c3fed1de8c8a72
transfer_cube,23,Old deterministic,92026,0,0,0.0,0.0,4bc18f26631f82ca89299ab0f47dca670acf475f01ada928c8c3fed1de8c8a72
transfer_cube,23,Old deterministic,92027,0,0,0.0,0.0,4bc18f26631f82ca89299ab0f47dca670acf475f01ada928c8c3fed1de8c8a72
transfer_cube,23,Old deterministic,92028,0,0,0.0,0.0,4bc18f26631f82ca89299ab0f47dca670acf475f01ada928c8c3fed1de8c8a72
transfer_cube,23,Old deterministic,92029,0,0,0.0,0.0,4bc18f26631f82ca89299ab0f47dca670acf475f01ada928c8c3fed1de8c8a72
transfer_cube,23,Old deterministic,92030,0,0,0.0,0.0,4bc18f26631f82ca89299ab0f47dca670acf475f01ada928c8c3fed1de8c8a72
transfer_cube,23,Old deterministic,92031,0,0,0.0,0.0,4bc18f26631f82ca89299ab0f47dca670acf475f01ada928c8c3fed1de8c8a72
transfer_cube,23,Old deterministic,92032,0,0,0.0,0.0,4bc18f26631f82ca89299ab0f47dca670acf475f01ada928c8c3fed1de8c8a72
transfer_cube,23,Old deterministic,92033,0,0,0.0,0.0,4bc18f26631f82ca89299ab0f47dca670acf475f01ada928c8c3fed1de8c8a72
transfer_cube,23,Old deterministic,92034,0,0,0.0,0.0,4bc18f26631f82ca89299ab0f47dca670acf475f01ada928c8c3fed1de8c8a72
transfer_cube,23,Old deterministic,92035,0,0,0.0,0.0,4bc18f26631f82ca89299ab0f47dca670acf475f01ada928c8c3fed1de8c8a72
transfer_cube,23,Old deterministic,92036,0,0,0.0,0.0,4bc18f26631f82ca89299ab0f47dca670acf475f01ada928c8c3fed1de8c8a72
transfer_cube,23,Old deterministic,92037,0,0,0.0,0.0,4bc18f26631f82ca89299ab0f47dca670acf475f01ada928c8c3fed1de8c8a72
transfer_cube,23,Old deterministic,92038,0,0,0.0,0.0,4bc18f26631f82ca89299ab0f47dca670acf475f01ada928c8c3fed1de8c8a72
transfer_cube,23,Old deterministic,92039,0,0,0.0,0.0,4bc18f26631f82ca89299ab0f47dca670acf475f01ada928c8c3fed1de8c8a72
transfer_cube,23,Clip only,92000,1,1,4.0,651.0,0720892372194168943263761c7918b806e471c528efd77a0bfc91daa1bbb8d2
transfer_cube,23,Clip only,92001,0,0,1.0,6.0,0720892372194168943263761c7918b806e471c528efd77a0bfc91daa1bbb8d2
transfer_cube,23,Clip only,92002,1,1,4.0,715.0,0720892372194168943263761c7918b806e471c528efd77a0bfc91daa1bbb8d2
transfer_cube,23,Clip only,92003,1,1,4.0,638.0,0720892372194168943263761c7918b806e471c528efd77a0bfc91daa1bbb8d2
transfer_cube,23,Clip only,92004,1,1,4.0,643.0,0720892372194168943263761c7918b806e471c528efd77a0bfc91daa1bbb8d2
transfer_cube,23,Clip only,92005,1,1,4.0,647.0,0720892372194168943263761c7918b806e471c528efd77a0bfc91daa1bbb8d2
transfer_cube,23,Clip only,92006,1,1,4.0,703.0,0720892372194168943263761c7918b806e471c528efd77a0bfc91daa1bbb8d2
transfer_cube,23,Clip only,92007,1,1,4.0,664.0,0720892372194168943263761c7918b806e471c528efd77a0bfc91daa1bbb8d2
transfer_cube,23,Clip only,92008,1,1,4.0,655.0,0720892372194168943263761c7918b806e471c528efd77a0bfc91daa1bbb8d2
transfer_cube,23,Clip only,92009,1,1,4.0,618.0,0720892372194168943263761c7918b806e471c528efd77a0bfc91daa1bbb8d2
transfer_cube,23,Clip only,92010,1,1,4.0,660.0,0720892372194168943263761c7918b806e471c528efd77a0bfc91daa1bbb8d2
transfer_cube,23,Clip only,92011,1,1,4.0,632.0,0720892372194168943263761c7918b806e471c528efd77a0bfc91daa1bbb8d2
transfer_cube,23,Clip only,92012,0,0,1.0,4.0,0720892372194168943263761c7918b806e471c528efd77a0bfc91daa1bbb8d2
transfer_cube,23,Clip only,92013,0,0,0.0,0.0,0720892372194168943263761c7918b806e471c528efd77a0bfc91daa1bbb8d2
transfer_cube,23,Clip only,92014,1,1,4.0,642.0,0720892372194168943263761c7918b806e471c528efd77a0bfc91daa1bbb8d2
transfer_cube,23,Clip only,92015,1,1,4.0,670.0,0720892372194168943263761c7918b806e471c528efd77a0bfc91daa1bbb8d2
transfer_cube,23,Clip only,92016,1,1,4.0,674.0,0720892372194168943263761c7918b806e471c528efd77a0bfc91daa1bbb8d2
transfer_cube,23,Clip only,92017,1,1,4.0,708.0,0720892372194168943263761c7918b806e471c528efd77a0bfc91daa1bbb8d2
transfer_cube,23,Clip only,92018,0,0,2.0,8.0,0720892372194168943263761c7918b806e471c528efd77a0bfc91daa1bbb8d2
transfer_cube,23,Clip only,92019,0,0,1.0,1.0,0720892372194168943263761c7918b806e471c528efd77a0bfc91daa1bbb8d2
transfer_cube,23,Clip only,92020,1,1,4.0,718.0,0720892372194168943263761c7918b806e471c528efd77a0bfc91daa1bbb8d2
transfer_cube,23,Clip only,92021,0,0,2.0,113.0,0720892372194168943263761c7918b806e471c528efd77a0bfc91daa1bbb8d2
transfer_cube,23,Clip only,92022,1,1,4.0,680.0,0720892372194168943263761c7918b806e471c528efd77a0bfc91daa1bbb8d2
transfer_cube,23,Clip only,92023,1,1,4.0,650.0,0720892372194168943263761c7918b806e471c528efd77a0bfc91daa1bbb8d2
transfer_cube,23,Clip only,92024,1,0,4.0,165.0,0720892372194168943263761c7918b806e471c528efd77a0bfc91daa1bbb8d2
transfer_cube,23,Clip only,92025,1,1,4.0,700.0,0720892372194168943263761c7918b806e471c528efd77a0bfc91daa1bbb8d2
transfer_cube,23,Clip only,92026,1,1,4.0,642.0,0720892372194168943263761c7918b806e471c528efd77a0bfc91daa1bbb8d2
transfer_cube,23,Clip only,92027,1,0,4.0,158.0,0720892372194168943263761c7918b806e471c528efd77a0bfc91daa1bbb8d2
transfer_cube,23,Clip only,92028,1,1,4.0,721.0,0720892372194168943263761c7918b806e471c528efd77a0bfc91daa1bbb8d2
transfer_cube,23,Clip only,92029,1,1,4.0,644.0,0720892372194168943263761c7918b806e471c528efd77a0bfc91daa1bbb8d2
transfer_cube,23,Clip only,92030,1,1,4.0,651.0,0720892372194168943263761c7918b806e471c528efd77a0bfc91daa1bbb8d2
transfer_cube,23,Clip only,92031,1,1,4.0,657.0,0720892372194168943263761c7918b806e471c528efd77a0bfc91daa1bbb8d2
transfer_cube,23,Clip only,92032,1,1,4.0,661.0,0720892372194168943263761c7918b806e471c528efd77a0bfc91daa1bbb8d2
transfer_cube,23,Clip only,92033,1,1,4.0,662.0,0720892372194168943263761c7918b806e471c528efd77a0bfc91daa1bbb8d2
transfer_cube,23,Clip only,92034,1,1,4.0,707.0,0720892372194168943263761c7918b806e471c528efd77a0bfc91daa1bbb8d2
transfer_cube,23,Clip only,92035,1,1,4.0,656.0,0720892372194168943263761c7918b806e471c528efd77a0bfc91daa1bbb8d2
transfer_cube,23,Clip only,92036,1,1,4.0,659.0,0720892372194168943263761c7918b806e471c528efd77a0bfc91daa1bbb8d2
transfer_cube,23,Clip only,92037,1,1,4.0,615.0,0720892372194168943263761c7918b806e471c528efd77a0bfc91daa1bbb8d2
transfer_cube,23,Clip only,92038,1,1,4.0,700.0,0720892372194168943263761c7918b806e471c528efd77a0bfc91daa1bbb8d2
transfer_cube,23,Clip only,92039,1,1,4.0,651.0,0720892372194168943263761c7918b806e471c528efd77a0bfc91daa1bbb8d2
transfer_cube,31,Clean repeat,92000,0,0,2.0,43.0,73462f460d85a973041e35873e3d00a7f3b9f10cec65ed5bf075f75c8eb00880
transfer_cube,31,Clean repeat,92001,0,0,2.0,7.0,73462f460d85a973041e35873e3d00a7f3b9f10cec65ed5bf075f75c8eb00880
transfer_cube,31,Clean repeat,92002,1,0,4.0,175.0,73462f460d85a973041e35873e3d00a7f3b9f10cec65ed5bf075f75c8eb00880
transfer_cube,31,Clean repeat,92003,0,0,2.0,43.0,73462f460d85a973041e35873e3d00a7f3b9f10cec65ed5bf075f75c8eb00880
transfer_cube,31,Clean repeat,92004,1,1,4.0,641.0,73462f460d85a973041e35873e3d00a7f3b9f10cec65ed5bf075f75c8eb00880
transfer_cube,31,Clean repeat,92005,1,1,4.0,665.0,73462f460d85a973041e35873e3d00a7f3b9f10cec65ed5bf075f75c8eb00880
transfer_cube,31,Clean repeat,92006,1,1,4.0,654.0,73462f460d85a973041e35873e3d00a7f3b9f10cec65ed5bf075f75c8eb00880
transfer_cube,31,Clean repeat,92007,1,1,4.0,698.0,73462f460d85a973041e35873e3d00a7f3b9f10cec65ed5bf075f75c8eb00880
transfer_cube,31,Clean repeat,92008,1,1,4.0,654.0,73462f460d85a973041e35873e3d00a7f3b9f10cec65ed5bf075f75c8eb00880
transfer_cube,31,Clean repeat,92009,1,0,4.0,186.0,73462f460d85a973041e35873e3d00a7f3b9f10cec65ed5bf075f75c8eb00880
transfer_cube,31,Clean repeat,92010,1,1,4.0,700.0,73462f460d85a973041e35873e3d00a7f3b9f10cec65ed5bf075f75c8eb00880
transfer_cube,31,Clean repeat,92011,1,0,4.0,125.0,73462f460d85a973041e35873e3d00a7f3b9f10cec65ed5bf075f75c8eb00880
transfer_cube,31,Clean repeat,92012,0,0,2.0,6.0,73462f460d85a973041e35873e3d00a7f3b9f10cec65ed5bf075f75c8eb00880
transfer_cube,31,Clean repeat,92013,0,0,0.0,0.0,73462f460d85a973041e35873e3d00a7f3b9f10cec65ed5bf075f75c8eb00880
transfer_cube,31,Clean repeat,92014,1,1,4.0,704.0,73462f460d85a973041e35873e3d00a7f3b9f10cec65ed5bf075f75c8eb00880
transfer_cube,31,Clean repeat,92015,1,0,4.0,513.0,73462f460d85a973041e35873e3d00a7f3b9f10cec65ed5bf075f75c8eb00880
transfer_cube,31,Clean repeat,92016,1,1,4.0,716.0,73462f460d85a973041e35873e3d00a7f3b9f10cec65ed5bf075f75c8eb00880
transfer_cube,31,Clean repeat,92017,1,1,4.0,688.0,73462f460d85a973041e35873e3d00a7f3b9f10cec65ed5bf075f75c8eb00880
transfer_cube,31,Clean repeat,92018,0,0,0.0,0.0,73462f460d85a973041e35873e3d00a7f3b9f10cec65ed5bf075f75c8eb00880
transfer_cube,31,Clean repeat,92019,0,0,2.0,54.0,73462f460d85a973041e35873e3d00a7f3b9f10cec65ed5bf075f75c8eb00880
transfer_cube,31,Clean repeat,92020,1,1,4.0,712.0,73462f460d85a973041e35873e3d00a7f3b9f10cec65ed5bf075f75c8eb00880
transfer_cube,31,Clean repeat,92021,0,0,0.0,0.0,73462f460d85a973041e35873e3d00a7f3b9f10cec65ed5bf075f75c8eb00880
transfer_cube,31,Clean repeat,92022,1,0,4.0,676.0,73462f460d85a973041e35873e3d00a7f3b9f10cec65ed5bf075f75c8eb00880
transfer_cube,31,Clean repeat,92023,0,0,2.0,13.0,73462f460d85a973041e35873e3d00a7f3b9f10cec65ed5bf075f75c8eb00880
transfer_cube,31,Clean repeat,92024,1,1,4.0,662.0,73462f460d85a973041e35873e3d00a7f3b9f10cec65ed5bf075f75c8eb00880
transfer_cube,31,Clean repeat,92025,0,0,2.0,34.0,73462f460d85a973041e35873e3d00a7f3b9f10cec65ed5bf075f75c8eb00880
transfer_cube,31,Clean repeat,92026,1,1,4.0,629.0,73462f460d85a973041e35873e3d00a7f3b9f10cec65ed5bf075f75c8eb00880
transfer_cube,31,Clean repeat,92027,1,1,4.0,677.0,73462f460d85a973041e35873e3d00a7f3b9f10cec65ed5bf075f75c8eb00880
transfer_cube,31,Clean repeat,92028,1,1,4.0,661.0,73462f460d85a973041e35873e3d00a7f3b9f10cec65ed5bf075f75c8eb00880
transfer_cube,31,Clean repeat,92029,0,0,2.0,61.0,73462f460d85a973041e35873e3d00a7f3b9f10cec65ed5bf075f75c8eb00880
transfer_cube,31,Clean repeat,92030,1,1,4.0,677.0,73462f460d85a973041e35873e3d00a7f3b9f10cec65ed5bf075f75c8eb00880
transfer_cube,31,Clean repeat,92031,1,1,4.0,720.0,73462f460d85a973041e35873e3d00a7f3b9f10cec65ed5bf075f75c8eb00880
transfer_cube,31,Clean repeat,92032,1,1,4.0,630.0,73462f460d85a973041e35873e3d00a7f3b9f10cec65ed5bf075f75c8eb00880
transfer_cube,31,Clean repeat,92033,1,1,4.0,679.0,73462f460d85a973041e35873e3d00a7f3b9f10cec65ed5bf075f75c8eb00880
transfer_cube,31,Clean repeat,92034,1,1,4.0,683.0,73462f460d85a973041e35873e3d00a7f3b9f10cec65ed5bf075f75c8eb00880
transfer_cube,31,Clean repeat,92035,0,0,2.0,4.0,73462f460d85a973041e35873e3d00a7f3b9f10cec65ed5bf075f75c8eb00880
transfer_cube,31,Clean repeat,92036,1,1,4.0,658.0,73462f460d85a973041e35873e3d00a7f3b9f10cec65ed5bf075f75c8eb00880
transfer_cube,31,Clean repeat,92037,1,1,4.0,641.0,73462f460d85a973041e35873e3d00a7f3b9f10cec65ed5bf075f75c8eb00880
transfer_cube,31,Clean repeat,92038,1,1,4.0,691.0,73462f460d85a973041e35873e3d00a7f3b9f10cec65ed5bf075f75c8eb00880
transfer_cube,31,Clean repeat,92039,1,1,4.0,651.0,73462f460d85a973041e35873e3d00a7f3b9f10cec65ed5bf075f75c8eb00880
transfer_cube,31,Calibrated recovery,92000,1,1,4.0,699.0,fe539fc53faf8a4d9f0565de74277dbc2a3d21c53a0a44c28df54d7f4bd40d7b
transfer_cube,31,Calibrated recovery,92001,1,1,4.0,670.0,fe539fc53faf8a4d9f0565de74277dbc2a3d21c53a0a44c28df54d7f4bd40d7b
transfer_cube,31,Calibrated recovery,92002,1,1,4.0,621.0,fe539fc53faf8a4d9f0565de74277dbc2a3d21c53a0a44c28df54d7f4bd40d7b
transfer_cube,31,Calibrated recovery,92003,1,1,4.0,698.0,fe539fc53faf8a4d9f0565de74277dbc2a3d21c53a0a44c28df54d7f4bd40d7b
transfer_cube,31,Calibrated recovery,92004,1,1,4.0,694.0,fe539fc53faf8a4d9f0565de74277dbc2a3d21c53a0a44c28df54d7f4bd40d7b
transfer_cube,31,Calibrated recovery,92005,1,1,4.0,643.0,fe539fc53faf8a4d9f0565de74277dbc2a3d21c53a0a44c28df54d7f4bd40d7b
transfer_cube,31,Calibrated recovery,92006,1,1,4.0,620.0,fe539fc53faf8a4d9f0565de74277dbc2a3d21c53a0a44c28df54d7f4bd40d7b
transfer_cube,31,Calibrated recovery,92007,1,1,4.0,636.0,fe539fc53faf8a4d9f0565de74277dbc2a3d21c53a0a44c28df54d7f4bd40d7b
transfer_cube,31,Calibrated recovery,92008,1,1,4.0,634.0,fe539fc53faf8a4d9f0565de74277dbc2a3d21c53a0a44c28df54d7f4bd40d7b
transfer_cube,31,Calibrated recovery,92009,1,1,4.0,693.0,fe539fc53faf8a4d9f0565de74277dbc2a3d21c53a0a44c28df54d7f4bd40d7b
transfer_cube,31,Calibrated recovery,92010,1,1,4.0,646.0,fe539fc53faf8a4d9f0565de74277dbc2a3d21c53a0a44c28df54d7f4bd40d7b
transfer_cube,31,Calibrated recovery,92011,1,1,4.0,700.0,fe539fc53faf8a4d9f0565de74277dbc2a3d21c53a0a44c28df54d7f4bd40d7b
transfer_cube,31,Calibrated recovery,92012,0,0,2.0,56.0,fe539fc53faf8a4d9f0565de74277dbc2a3d21c53a0a44c28df54d7f4bd40d7b
transfer_cube,31,Calibrated recovery,92013,1,1,4.0,631.0,fe539fc53faf8a4d9f0565de74277dbc2a3d21c53a0a44c28df54d7f4bd40d7b
transfer_cube,31,Calibrated recovery,92014,1,1,4.0,633.0,fe539fc53faf8a4d9f0565de74277dbc2a3d21c53a0a44c28df54d7f4bd40d7b
transfer_cube,31,Calibrated recovery,92015,1,1,4.0,635.0,fe539fc53faf8a4d9f0565de74277dbc2a3d21c53a0a44c28df54d7f4bd40d7b
transfer_cube,31,Calibrated recovery,92016,1,1,4.0,626.0,fe539fc53faf8a4d9f0565de74277dbc2a3d21c53a0a44c28df54d7f4bd40d7b
transfer_cube,31,Calibrated recovery,92017,1,1,4.0,629.0,fe539fc53faf8a4d9f0565de74277dbc2a3d21c53a0a44c28df54d7f4bd40d7b
transfer_cube,31,Calibrated recovery,92018,1,1,4.0,625.0,fe539fc53faf8a4d9f0565de74277dbc2a3d21c53a0a44c28df54d7f4bd40d7b
transfer_cube,31,Calibrated recovery,92019,0,0,1.0,19.0,fe539fc53faf8a4d9f0565de74277dbc2a3d21c53a0a44c28df54d7f4bd40d7b
transfer_cube,31,Calibrated recovery,92020,1,1,4.0,641.0,fe539fc53faf8a4d9f0565de74277dbc2a3d21c53a0a44c28df54d7f4bd40d7b
transfer_cube,31,Calibrated recovery,92021,1,1,4.0,689.0,fe539fc53faf8a4d9f0565de74277dbc2a3d21c53a0a44c28df54d7f4bd40d7b
transfer_cube,31,Calibrated recovery,92022,1,1,4.0,626.0,fe539fc53faf8a4d9f0565de74277dbc2a3d21c53a0a44c28df54d7f4bd40d7b
transfer_cube,31,Calibrated recovery,92023,1,1,4.0,686.0,fe539fc53faf8a4d9f0565de74277dbc2a3d21c53a0a44c28df54d7f4bd40d7b
transfer_cube,31,Calibrated recovery,92024,1,1,4.0,658.0,fe539fc53faf8a4d9f0565de74277dbc2a3d21c53a0a44c28df54d7f4bd40d7b
transfer_cube,31,Calibrated recovery,92025,1,1,4.0,698.0,fe539fc53faf8a4d9f0565de74277dbc2a3d21c53a0a44c28df54d7f4bd40d7b
transfer_cube,31,Calibrated recovery,92026,1,1,4.0,621.0,fe539fc53faf8a4d9f0565de74277dbc2a3d21c53a0a44c28df54d7f4bd40d7b
transfer_cube,31,Calibrated recovery,92027,1,1,4.0,637.0,fe539fc53faf8a4d9f0565de74277dbc2a3d21c53a0a44c28df54d7f4bd40d7b
transfer_cube,31,Calibrated recovery,92028,1,1,4.0,628.0,fe539fc53faf8a4d9f0565de74277dbc2a3d21c53a0a44c28df54d7f4bd40d7b
transfer_cube,31,Calibrated recovery,92029,1,1,4.0,642.0,fe539fc53faf8a4d9f0565de74277dbc2a3d21c53a0a44c28df54d7f4bd40d7b
transfer_cube,31,Calibrated recovery,92030,1,1,4.0,619.0,fe539fc53faf8a4d9f0565de74277dbc2a3d21c53a0a44c28df54d7f4bd40d7b
transfer_cube,31,Calibrated recovery,92031,1,1,4.0,633.0,fe539fc53faf8a4d9f0565de74277dbc2a3d21c53a0a44c28df54d7f4bd40d7b
transfer_cube,31,Calibrated recovery,92032,1,1,4.0,626.0,fe539fc53faf8a4d9f0565de74277dbc2a3d21c53a0a44c28df54d7f4bd40d7b
transfer_cube,31,Calibrated recovery,92033,1,1,4.0,634.0,fe539fc53faf8a4d9f0565de74277dbc2a3d21c53a0a44c28df54d7f4bd40d7b
transfer_cube,31,Calibrated recovery,92034,1,1,4.0,665.0,fe539fc53faf8a4d9f0565de74277dbc2a3d21c53a0a44c28df54d7f4bd40d7b
transfer_cube,31,Calibrated recovery,92035,1,1,4.0,695.0,fe539fc53faf8a4d9f0565de74277dbc2a3d21c53a0a44c28df54d7f4bd40d7b
transfer_cube,31,Calibrated recovery,92036,1,1,4.0,711.0,fe539fc53faf8a4d9f0565de74277dbc2a3d21c53a0a44c28df54d7f4bd40d7b
transfer_cube,31,Calibrated recovery,92037,1,1,4.0,692.0,fe539fc53faf8a4d9f0565de74277dbc2a3d21c53a0a44c28df54d7f4bd40d7b
transfer_cube,31,Calibrated recovery,92038,1,1,4.0,618.0,fe539fc53faf8a4d9f0565de74277dbc2a3d21c53a0a44c28df54d7f4bd40d7b
transfer_cube,31,Calibrated recovery,92039,1,1,4.0,618.0,fe539fc53faf8a4d9f0565de74277dbc2a3d21c53a0a44c28df54d7f4bd40d7b
transfer_cube,31,Gaussian recovery,92000,1,1,4.0,612.0,7ba04ca1a93a8035d9d77b34ab0b366b7c7cdf10e8fb00b95f4282511e860627
transfer_cube,31,Gaussian recovery,92001,0,0,2.0,35.0,7ba04ca1a93a8035d9d77b34ab0b366b7c7cdf10e8fb00b95f4282511e860627
transfer_cube,31,Gaussian recovery,92002,1,1,4.0,627.0,7ba04ca1a93a8035d9d77b34ab0b366b7c7cdf10e8fb00b95f4282511e860627
transfer_cube,31,Gaussian recovery,92003,1,1,4.0,610.0,7ba04ca1a93a8035d9d77b34ab0b366b7c7cdf10e8fb00b95f4282511e860627
transfer_cube,31,Gaussian recovery,92004,1,1,4.0,719.0,7ba04ca1a93a8035d9d77b34ab0b366b7c7cdf10e8fb00b95f4282511e860627
transfer_cube,31,Gaussian recovery,92005,1,1,4.0,610.0,7ba04ca1a93a8035d9d77b34ab0b366b7c7cdf10e8fb00b95f4282511e860627
transfer_cube,31,Gaussian recovery,92006,1,1,4.0,702.0,7ba04ca1a93a8035d9d77b34ab0b366b7c7cdf10e8fb00b95f4282511e860627
transfer_cube,31,Gaussian recovery,92007,0,0,2.0,5.0,7ba04ca1a93a8035d9d77b34ab0b366b7c7cdf10e8fb00b95f4282511e860627
transfer_cube,31,Gaussian recovery,92008,1,1,4.0,633.0,7ba04ca1a93a8035d9d77b34ab0b366b7c7cdf10e8fb00b95f4282511e860627
transfer_cube,31,Gaussian recovery,92009,1,1,4.0,735.0,7ba04ca1a93a8035d9d77b34ab0b366b7c7cdf10e8fb00b95f4282511e860627
transfer_cube,31,Gaussian recovery,92010,1,1,4.0,626.0,7ba04ca1a93a8035d9d77b34ab0b366b7c7cdf10e8fb00b95f4282511e860627
transfer_cube,31,Gaussian recovery,92011,1,1,4.0,714.0,7ba04ca1a93a8035d9d77b34ab0b366b7c7cdf10e8fb00b95f4282511e860627
transfer_cube,31,Gaussian recovery,92012,0,0,2.0,45.0,7ba04ca1a93a8035d9d77b34ab0b366b7c7cdf10e8fb00b95f4282511e860627
transfer_cube,31,Gaussian recovery,92013,1,1,4.0,730.0,7ba04ca1a93a8035d9d77b34ab0b366b7c7cdf10e8fb00b95f4282511e860627
transfer_cube,31,Gaussian recovery,92014,0,0,2.0,10.0,7ba04ca1a93a8035d9d77b34ab0b366b7c7cdf10e8fb00b95f4282511e860627
transfer_cube,31,Gaussian recovery,92015,1,1,4.0,639.0,7ba04ca1a93a8035d9d77b34ab0b366b7c7cdf10e8fb00b95f4282511e860627
transfer_cube,31,Gaussian recovery,92016,1,1,4.0,643.0,7ba04ca1a93a8035d9d77b34ab0b366b7c7cdf10e8fb00b95f4282511e860627
transfer_cube,31,Gaussian recovery,92017,1,1,4.0,634.0,7ba04ca1a93a8035d9d77b34ab0b366b7c7cdf10e8fb00b95f4282511e860627
transfer_cube,31,Gaussian recovery,92018,0,0,2.0,27.0,7ba04ca1a93a8035d9d77b34ab0b366b7c7cdf10e8fb00b95f4282511e860627
transfer_cube,31,Gaussian recovery,92019,0,0,1.0,13.0,7ba04ca1a93a8035d9d77b34ab0b366b7c7cdf10e8fb00b95f4282511e860627
transfer_cube,31,Gaussian recovery,92020,1,1,4.0,625.0,7ba04ca1a93a8035d9d77b34ab0b366b7c7cdf10e8fb00b95f4282511e860627
transfer_cube,31,Gaussian recovery,92021,0,0,2.0,29.0,7ba04ca1a93a8035d9d77b34ab0b366b7c7cdf10e8fb00b95f4282511e860627
transfer_cube,31,Gaussian recovery,92022,1,1,4.0,631.0,7ba04ca1a93a8035d9d77b34ab0b366b7c7cdf10e8fb00b95f4282511e860627
transfer_cube,31,Gaussian recovery,92023,0,0,2.0,54.0,7ba04ca1a93a8035d9d77b34ab0b366b7c7cdf10e8fb00b95f4282511e860627
transfer_cube,31,Gaussian recovery,92024,1,1,4.0,644.0,7ba04ca1a93a8035d9d77b34ab0b366b7c7cdf10e8fb00b95f4282511e860627
transfer_cube,31,Gaussian recovery,92025,1,1,4.0,623.0,7ba04ca1a93a8035d9d77b34ab0b366b7c7cdf10e8fb00b95f4282511e860627
transfer_cube,31,Gaussian recovery,92026,1,1,4.0,642.0,7ba04ca1a93a8035d9d77b34ab0b366b7c7cdf10e8fb00b95f4282511e860627
transfer_cube,31,Gaussian recovery,92027,1,1,4.0,639.0,7ba04ca1a93a8035d9d77b34ab0b366b7c7cdf10e8fb00b95f4282511e860627
transfer_cube,31,Gaussian recovery,92028,1,1,4.0,641.0,7ba04ca1a93a8035d9d77b34ab0b366b7c7cdf10e8fb00b95f4282511e860627
transfer_cube,31,Gaussian recovery,92029,0,0,2.0,12.0,7ba04ca1a93a8035d9d77b34ab0b366b7c7cdf10e8fb00b95f4282511e860627
transfer_cube,31,Gaussian recovery,92030,1,1,4.0,630.0,7ba04ca1a93a8035d9d77b34ab0b366b7c7cdf10e8fb00b95f4282511e860627
transfer_cube,31,Gaussian recovery,92031,1,1,4.0,612.0,7ba04ca1a93a8035d9d77b34ab0b366b7c7cdf10e8fb00b95f4282511e860627
transfer_cube,31,Gaussian recovery,92032,0,0,2.0,12.0,7ba04ca1a93a8035d9d77b34ab0b366b7c7cdf10e8fb00b95f4282511e860627
transfer_cube,31,Gaussian recovery,92033,1,1,4.0,635.0,7ba04ca1a93a8035d9d77b34ab0b366b7c7cdf10e8fb00b95f4282511e860627
transfer_cube,31,Gaussian recovery,92034,1,1,4.0,619.0,7ba04ca1a93a8035d9d77b34ab0b366b7c7cdf10e8fb00b95f4282511e860627
transfer_cube,31,Gaussian recovery,92035,0,0,2.0,26.0,7ba04ca1a93a8035d9d77b34ab0b366b7c7cdf10e8fb00b95f4282511e860627
transfer_cube,31,Gaussian recovery,92036,1,1,4.0,708.0,7ba04ca1a93a8035d9d77b34ab0b366b7c7cdf10e8fb00b95f4282511e860627
transfer_cube,31,Gaussian recovery,92037,1,1,4.0,753.0,7ba04ca1a93a8035d9d77b34ab0b366b7c7cdf10e8fb00b95f4282511e860627
transfer_cube,31,Gaussian recovery,92038,1,1,4.0,635.0,7ba04ca1a93a8035d9d77b34ab0b366b7c7cdf10e8fb00b95f4282511e860627
transfer_cube,31,Gaussian recovery,92039,1,1,4.0,617.0,7ba04ca1a93a8035d9d77b34ab0b366b7c7cdf10e8fb00b95f4282511e860627
transfer_cube,31,Frozen context,92000,1,1,4.0,597.0,c9295985a90ef58e6c014d77bfb6e09e81e59a3f9b3cd634e56a3bb921c233b9
transfer_cube,31,Frozen context,92001,0,0,2.0,52.0,c9295985a90ef58e6c014d77bfb6e09e81e59a3f9b3cd634e56a3bb921c233b9
transfer_cube,31,Frozen context,92002,1,1,4.0,716.0,c9295985a90ef58e6c014d77bfb6e09e81e59a3f9b3cd634e56a3bb921c233b9
transfer_cube,31,Frozen context,92003,1,1,4.0,615.0,c9295985a90ef58e6c014d77bfb6e09e81e59a3f9b3cd634e56a3bb921c233b9
transfer_cube,31,Frozen context,92004,1,0,4.0,654.0,c9295985a90ef58e6c014d77bfb6e09e81e59a3f9b3cd634e56a3bb921c233b9
transfer_cube,31,Frozen context,92005,0,0,2.0,46.0,c9295985a90ef58e6c014d77bfb6e09e81e59a3f9b3cd634e56a3bb921c233b9
transfer_cube,31,Frozen context,92006,1,1,4.0,616.0,c9295985a90ef58e6c014d77bfb6e09e81e59a3f9b3cd634e56a3bb921c233b9
transfer_cube,31,Frozen context,92007,1,1,4.0,626.0,c9295985a90ef58e6c014d77bfb6e09e81e59a3f9b3cd634e56a3bb921c233b9
transfer_cube,31,Frozen context,92008,1,0,4.0,633.0,c9295985a90ef58e6c014d77bfb6e09e81e59a3f9b3cd634e56a3bb921c233b9
transfer_cube,31,Frozen context,92009,1,0,4.0,265.0,c9295985a90ef58e6c014d77bfb6e09e81e59a3f9b3cd634e56a3bb921c233b9
transfer_cube,31,Frozen context,92010,0,0,2.0,75.0,c9295985a90ef58e6c014d77bfb6e09e81e59a3f9b3cd634e56a3bb921c233b9
transfer_cube,31,Frozen context,92011,1,0,4.0,268.0,c9295985a90ef58e6c014d77bfb6e09e81e59a3f9b3cd634e56a3bb921c233b9
transfer_cube,31,Frozen context,92012,0,0,2.0,36.0,c9295985a90ef58e6c014d77bfb6e09e81e59a3f9b3cd634e56a3bb921c233b9
transfer_cube,31,Frozen context,92013,1,1,4.0,609.0,c9295985a90ef58e6c014d77bfb6e09e81e59a3f9b3cd634e56a3bb921c233b9
transfer_cube,31,Frozen context,92014,1,1,4.0,657.0,c9295985a90ef58e6c014d77bfb6e09e81e59a3f9b3cd634e56a3bb921c233b9
transfer_cube,31,Frozen context,92015,1,1,4.0,654.0,c9295985a90ef58e6c014d77bfb6e09e81e59a3f9b3cd634e56a3bb921c233b9
transfer_cube,31,Frozen context,92016,1,1,4.0,655.0,c9295985a90ef58e6c014d77bfb6e09e81e59a3f9b3cd634e56a3bb921c233b9
transfer_cube,31,Frozen context,92017,1,0,4.0,151.0,c9295985a90ef58e6c014d77bfb6e09e81e59a3f9b3cd634e56a3bb921c233b9
transfer_cube,31,Frozen context,92018,1,1,4.0,629.0,c9295985a90ef58e6c014d77bfb6e09e81e59a3f9b3cd634e56a3bb921c233b9
transfer_cube,31,Frozen context,92019,0,0,1.0,15.0,c9295985a90ef58e6c014d77bfb6e09e81e59a3f9b3cd634e56a3bb921c233b9
transfer_cube,31,Frozen context,92020,1,1,4.0,711.0,c9295985a90ef58e6c014d77bfb6e09e81e59a3f9b3cd634e56a3bb921c233b9
transfer_cube,31,Frozen context,92021,1,1,4.0,596.0,c9295985a90ef58e6c014d77bfb6e09e81e59a3f9b3cd634e56a3bb921c233b9
transfer_cube,31,Frozen context,92022,1,0,4.0,690.0,c9295985a90ef58e6c014d77bfb6e09e81e59a3f9b3cd634e56a3bb921c233b9
transfer_cube,31,Frozen context,92023,1,0,4.0,196.0,c9295985a90ef58e6c014d77bfb6e09e81e59a3f9b3cd634e56a3bb921c233b9
transfer_cube,31,Frozen context,92024,0,0,2.0,65.0,c9295985a90ef58e6c014d77bfb6e09e81e59a3f9b3cd634e56a3bb921c233b9
transfer_cube,31,Frozen context,92025,1,0,4.0,192.0,c9295985a90ef58e6c014d77bfb6e09e81e59a3f9b3cd634e56a3bb921c233b9
transfer_cube,31,Frozen context,92026,1,1,4.0,607.0,c9295985a90ef58e6c014d77bfb6e09e81e59a3f9b3cd634e56a3bb921c233b9
transfer_cube,31,Frozen context,92027,0,0,2.0,168.0,c9295985a90ef58e6c014d77bfb6e09e81e59a3f9b3cd634e56a3bb921c233b9
transfer_cube,31,Frozen context,92028,1,0,4.0,280.0,c9295985a90ef58e6c014d77bfb6e09e81e59a3f9b3cd634e56a3bb921c233b9
transfer_cube,31,Frozen context,92029,0,0,2.0,39.0,c9295985a90ef58e6c014d77bfb6e09e81e59a3f9b3cd634e56a3bb921c233b9
transfer_cube,31,Frozen context,92030,1,1,4.0,629.0,c9295985a90ef58e6c014d77bfb6e09e81e59a3f9b3cd634e56a3bb921c233b9
transfer_cube,31,Frozen context,92031,0,0,2.0,67.0,c9295985a90ef58e6c014d77bfb6e09e81e59a3f9b3cd634e56a3bb921c233b9
transfer_cube,31,Frozen context,92032,1,1,4.0,638.0,c9295985a90ef58e6c014d77bfb6e09e81e59a3f9b3cd634e56a3bb921c233b9
transfer_cube,31,Frozen context,92033,1,1,4.0,648.0,c9295985a90ef58e6c014d77bfb6e09e81e59a3f9b3cd634e56a3bb921c233b9
transfer_cube,31,Frozen context,92034,1,0,4.0,296.0,c9295985a90ef58e6c014d77bfb6e09e81e59a3f9b3cd634e56a3bb921c233b9
transfer_cube,31,Frozen context,92035,1,1,4.0,657.0,c9295985a90ef58e6c014d77bfb6e09e81e59a3f9b3cd634e56a3bb921c233b9
transfer_cube,31,Frozen context,92036,1,1,4.0,615.0,c9295985a90ef58e6c014d77bfb6e09e81e59a3f9b3cd634e56a3bb921c233b9
transfer_cube,31,Frozen context,92037,1,1,4.0,640.0,c9295985a90ef58e6c014d77bfb6e09e81e59a3f9b3cd634e56a3bb921c233b9
transfer_cube,31,Frozen context,92038,1,0,4.0,159.0,c9295985a90ef58e6c014d77bfb6e09e81e59a3f9b3cd634e56a3bb921c233b9
transfer_cube,31,Frozen context,92039,1,1,4.0,653.0,c9295985a90ef58e6c014d77bfb6e09e81e59a3f9b3cd634e56a3bb921c233b9
transfer_cube,31,Old SCANA,92000,0,0,0.0,0.0,59aa6179337980eaa2d71b46684ab109b41c3731272eac36fafc65a9565d55e6
transfer_cube,31,Old SCANA,92001,0,0,0.0,0.0,59aa6179337980eaa2d71b46684ab109b41c3731272eac36fafc65a9565d55e6
transfer_cube,31,Old SCANA,92002,0,0,0.0,0.0,59aa6179337980eaa2d71b46684ab109b41c3731272eac36fafc65a9565d55e6
transfer_cube,31,Old SCANA,92003,0,0,0.0,0.0,59aa6179337980eaa2d71b46684ab109b41c3731272eac36fafc65a9565d55e6
transfer_cube,31,Old SCANA,92004,0,0,0.0,0.0,59aa6179337980eaa2d71b46684ab109b41c3731272eac36fafc65a9565d55e6
transfer_cube,31,Old SCANA,92005,0,0,0.0,0.0,59aa6179337980eaa2d71b46684ab109b41c3731272eac36fafc65a9565d55e6
transfer_cube,31,Old SCANA,92006,0,0,0.0,0.0,59aa6179337980eaa2d71b46684ab109b41c3731272eac36fafc65a9565d55e6
transfer_cube,31,Old SCANA,92007,0,0,0.0,0.0,59aa6179337980eaa2d71b46684ab109b41c3731272eac36fafc65a9565d55e6
transfer_cube,31,Old SCANA,92008,0,0,0.0,0.0,59aa6179337980eaa2d71b46684ab109b41c3731272eac36fafc65a9565d55e6
transfer_cube,31,Old SCANA,92009,0,0,0.0,0.0,59aa6179337980eaa2d71b46684ab109b41c3731272eac36fafc65a9565d55e6
transfer_cube,31,Old SCANA,92010,0,0,0.0,0.0,59aa6179337980eaa2d71b46684ab109b41c3731272eac36fafc65a9565d55e6
transfer_cube,31,Old SCANA,92011,0,0,0.0,0.0,59aa6179337980eaa2d71b46684ab109b41c3731272eac36fafc65a9565d55e6
transfer_cube,31,Old SCANA,92012,0,0,0.0,0.0,59aa6179337980eaa2d71b46684ab109b41c3731272eac36fafc65a9565d55e6
transfer_cube,31,Old SCANA,92013,0,0,0.0,0.0,59aa6179337980eaa2d71b46684ab109b41c3731272eac36fafc65a9565d55e6
transfer_cube,31,Old SCANA,92014,0,0,0.0,0.0,59aa6179337980eaa2d71b46684ab109b41c3731272eac36fafc65a9565d55e6
transfer_cube,31,Old SCANA,92015,0,0,0.0,0.0,59aa6179337980eaa2d71b46684ab109b41c3731272eac36fafc65a9565d55e6
transfer_cube,31,Old SCANA,92016,0,0,0.0,0.0,59aa6179337980eaa2d71b46684ab109b41c3731272eac36fafc65a9565d55e6
transfer_cube,31,Old SCANA,92017,0,0,0.0,0.0,59aa6179337980eaa2d71b46684ab109b41c3731272eac36fafc65a9565d55e6
transfer_cube,31,Old SCANA,92018,0,0,0.0,0.0,59aa6179337980eaa2d71b46684ab109b41c3731272eac36fafc65a9565d55e6
transfer_cube,31,Old SCANA,92019,0,0,0.0,0.0,59aa6179337980eaa2d71b46684ab109b41c3731272eac36fafc65a9565d55e6
transfer_cube,31,Old SCANA,92020,0,0,0.0,0.0,59aa6179337980eaa2d71b46684ab109b41c3731272eac36fafc65a9565d55e6
transfer_cube,31,Old SCANA,92021,0,0,0.0,0.0,59aa6179337980eaa2d71b46684ab109b41c3731272eac36fafc65a9565d55e6
transfer_cube,31,Old SCANA,92022,0,0,0.0,0.0,59aa6179337980eaa2d71b46684ab109b41c3731272eac36fafc65a9565d55e6
transfer_cube,31,Old SCANA,92023,0,0,0.0,0.0,59aa6179337980eaa2d71b46684ab109b41c3731272eac36fafc65a9565d55e6
transfer_cube,31,Old SCANA,92024,0,0,0.0,0.0,59aa6179337980eaa2d71b46684ab109b41c3731272eac36fafc65a9565d55e6
transfer_cube,31,Old SCANA,92025,0,0,0.0,0.0,59aa6179337980eaa2d71b46684ab109b41c3731272eac36fafc65a9565d55e6
transfer_cube,31,Old SCANA,92026,0,0,0.0,0.0,59aa6179337980eaa2d71b46684ab109b41c3731272eac36fafc65a9565d55e6
transfer_cube,31,Old SCANA,92027,0,0,0.0,0.0,59aa6179337980eaa2d71b46684ab109b41c3731272eac36fafc65a9565d55e6
transfer_cube,31,Old SCANA,92028,0,0,0.0,0.0,59aa6179337980eaa2d71b46684ab109b41c3731272eac36fafc65a9565d55e6
transfer_cube,31,Old SCANA,92029,0,0,0.0,0.0,59aa6179337980eaa2d71b46684ab109b41c3731272eac36fafc65a9565d55e6
transfer_cube,31,Old SCANA,92030,0,0,0.0,0.0,59aa6179337980eaa2d71b46684ab109b41c3731272eac36fafc65a9565d55e6
transfer_cube,31,Old SCANA,92031,0,0,0.0,0.0,59aa6179337980eaa2d71b46684ab109b41c3731272eac36fafc65a9565d55e6
transfer_cube,31,Old SCANA,92032,0,0,0.0,0.0,59aa6179337980eaa2d71b46684ab109b41c3731272eac36fafc65a9565d55e6
transfer_cube,31,Old SCANA,92033,0,0,0.0,0.0,59aa6179337980eaa2d71b46684ab109b41c3731272eac36fafc65a9565d55e6
transfer_cube,31,Old SCANA,92034,0,0,0.0,0.0,59aa6179337980eaa2d71b46684ab109b41c3731272eac36fafc65a9565d55e6
transfer_cube,31,Old SCANA,92035,0,0,0.0,0.0,59aa6179337980eaa2d71b46684ab109b41c3731272eac36fafc65a9565d55e6
transfer_cube,31,Old SCANA,92036,0,0,0.0,0.0,59aa6179337980eaa2d71b46684ab109b41c3731272eac36fafc65a9565d55e6
transfer_cube,31,Old SCANA,92037,0,0,0.0,0.0,59aa6179337980eaa2d71b46684ab109b41c3731272eac36fafc65a9565d55e6
transfer_cube,31,Old SCANA,92038,0,0,0.0,0.0,59aa6179337980eaa2d71b46684ab109b41c3731272eac36fafc65a9565d55e6
transfer_cube,31,Old SCANA,92039,0,0,0.0,0.0,59aa6179337980eaa2d71b46684ab109b41c3731272eac36fafc65a9565d55e6
transfer_cube,31,Old kNN,92000,0,0,0.0,0.0,4999b11129b0bc049f2ad47a227d46e0f381ee9e49e4af1793d1f287025f0fab
transfer_cube,31,Old kNN,92001,0,0,0.0,0.0,4999b11129b0bc049f2ad47a227d46e0f381ee9e49e4af1793d1f287025f0fab
transfer_cube,31,Old kNN,92002,0,0,0.0,0.0,4999b11129b0bc049f2ad47a227d46e0f381ee9e49e4af1793d1f287025f0fab
transfer_cube,31,Old kNN,92003,0,0,0.0,0.0,4999b11129b0bc049f2ad47a227d46e0f381ee9e49e4af1793d1f287025f0fab
transfer_cube,31,Old kNN,92004,0,0,0.0,0.0,4999b11129b0bc049f2ad47a227d46e0f381ee9e49e4af1793d1f287025f0fab
transfer_cube,31,Old kNN,92005,0,0,0.0,0.0,4999b11129b0bc049f2ad47a227d46e0f381ee9e49e4af1793d1f287025f0fab
transfer_cube,31,Old kNN,92006,0,0,0.0,0.0,4999b11129b0bc049f2ad47a227d46e0f381ee9e49e4af1793d1f287025f0fab
transfer_cube,31,Old kNN,92007,0,0,0.0,0.0,4999b11129b0bc049f2ad47a227d46e0f381ee9e49e4af1793d1f287025f0fab
transfer_cube,31,Old kNN,92008,0,0,0.0,0.0,4999b11129b0bc049f2ad47a227d46e0f381ee9e49e4af1793d1f287025f0fab
transfer_cube,31,Old kNN,92009,0,0,0.0,0.0,4999b11129b0bc049f2ad47a227d46e0f381ee9e49e4af1793d1f287025f0fab
transfer_cube,31,Old kNN,92010,0,0,0.0,0.0,4999b11129b0bc049f2ad47a227d46e0f381ee9e49e4af1793d1f287025f0fab
transfer_cube,31,Old kNN,92011,0,0,0.0,0.0,4999b11129b0bc049f2ad47a227d46e0f381ee9e49e4af1793d1f287025f0fab
transfer_cube,31,Old kNN,92012,0,0,0.0,0.0,4999b11129b0bc049f2ad47a227d46e0f381ee9e49e4af1793d1f287025f0fab
transfer_cube,31,Old kNN,92013,0,0,0.0,0.0,4999b11129b0bc049f2ad47a227d46e0f381ee9e49e4af1793d1f287025f0fab
transfer_cube,31,Old kNN,92014,0,0,0.0,0.0,4999b11129b0bc049f2ad47a227d46e0f381ee9e49e4af1793d1f287025f0fab
transfer_cube,31,Old kNN,92015,0,0,0.0,0.0,4999b11129b0bc049f2ad47a227d46e0f381ee9e49e4af1793d1f287025f0fab
transfer_cube,31,Old kNN,92016,0,0,0.0,0.0,4999b11129b0bc049f2ad47a227d46e0f381ee9e49e4af1793d1f287025f0fab
transfer_cube,31,Old kNN,92017,0,0,0.0,0.0,4999b11129b0bc049f2ad47a227d46e0f381ee9e49e4af1793d1f287025f0fab
transfer_cube,31,Old kNN,92018,0,0,0.0,0.0,4999b11129b0bc049f2ad47a227d46e0f381ee9e49e4af1793d1f287025f0fab
transfer_cube,31,Old kNN,92019,0,0,0.0,0.0,4999b11129b0bc049f2ad47a227d46e0f381ee9e49e4af1793d1f287025f0fab
transfer_cube,31,Old kNN,92020,0,0,0.0,0.0,4999b11129b0bc049f2ad47a227d46e0f381ee9e49e4af1793d1f287025f0fab
transfer_cube,31,Old kNN,92021,0,0,0.0,0.0,4999b11129b0bc049f2ad47a227d46e0f381ee9e49e4af1793d1f287025f0fab
transfer_cube,31,Old kNN,92022,0,0,0.0,0.0,4999b11129b0bc049f2ad47a227d46e0f381ee9e49e4af1793d1f287025f0fab
transfer_cube,31,Old kNN,92023,0,0,0.0,0.0,4999b11129b0bc049f2ad47a227d46e0f381ee9e49e4af1793d1f287025f0fab
transfer_cube,31,Old kNN,92024,0,0,0.0,0.0,4999b11129b0bc049f2ad47a227d46e0f381ee9e49e4af1793d1f287025f0fab
transfer_cube,31,Old kNN,92025,0,0,0.0,0.0,4999b11129b0bc049f2ad47a227d46e0f381ee9e49e4af1793d1f287025f0fab
transfer_cube,31,Old kNN,92026,0,0,0.0,0.0,4999b11129b0bc049f2ad47a227d46e0f381ee9e49e4af1793d1f287025f0fab
transfer_cube,31,Old kNN,92027,0,0,0.0,0.0,4999b11129b0bc049f2ad47a227d46e0f381ee9e49e4af1793d1f287025f0fab
transfer_cube,31,Old kNN,92028,0,0,0.0,0.0,4999b11129b0bc049f2ad47a227d46e0f381ee9e49e4af1793d1f287025f0fab
transfer_cube,31,Old kNN,92029,0,0,0.0,0.0,4999b11129b0bc049f2ad47a227d46e0f381ee9e49e4af1793d1f287025f0fab
transfer_cube,31,Old kNN,92030,0,0,0.0,0.0,4999b11129b0bc049f2ad47a227d46e0f381ee9e49e4af1793d1f287025f0fab
transfer_cube,31,Old kNN,92031,0,0,0.0,0.0,4999b11129b0bc049f2ad47a227d46e0f381ee9e49e4af1793d1f287025f0fab
transfer_cube,31,Old kNN,92032,0,0,0.0,0.0,4999b11129b0bc049f2ad47a227d46e0f381ee9e49e4af1793d1f287025f0fab
transfer_cube,31,Old kNN,92033,0,0,0.0,0.0,4999b11129b0bc049f2ad47a227d46e0f381ee9e49e4af1793d1f287025f0fab
transfer_cube,31,Old kNN,92034,0,0,0.0,0.0,4999b11129b0bc049f2ad47a227d46e0f381ee9e49e4af1793d1f287025f0fab
transfer_cube,31,Old kNN,92035,0,0,0.0,0.0,4999b11129b0bc049f2ad47a227d46e0f381ee9e49e4af1793d1f287025f0fab
transfer_cube,31,Old kNN,92036,0,0,0.0,0.0,4999b11129b0bc049f2ad47a227d46e0f381ee9e49e4af1793d1f287025f0fab
transfer_cube,31,Old kNN,92037,0,0,0.0,0.0,4999b11129b0bc049f2ad47a227d46e0f381ee9e49e4af1793d1f287025f0fab
transfer_cube,31,Old kNN,92038,0,0,0.0,0.0,4999b11129b0bc049f2ad47a227d46e0f381ee9e49e4af1793d1f287025f0fab
transfer_cube,31,Old kNN,92039,0,0,0.0,0.0,4999b11129b0bc049f2ad47a227d46e0f381ee9e49e4af1793d1f287025f0fab
transfer_cube,31,Old deterministic,92000,0,0,0.0,0.0,2a6c61b658966045760c3a461f2f1c0d0ec4cae3b086db4866f7d0d01cfadf0f
transfer_cube,31,Old deterministic,92001,0,0,0.0,0.0,2a6c61b658966045760c3a461f2f1c0d0ec4cae3b086db4866f7d0d01cfadf0f
transfer_cube,31,Old deterministic,92002,0,0,0.0,0.0,2a6c61b658966045760c3a461f2f1c0d0ec4cae3b086db4866f7d0d01cfadf0f
transfer_cube,31,Old deterministic,92003,0,0,0.0,0.0,2a6c61b658966045760c3a461f2f1c0d0ec4cae3b086db4866f7d0d01cfadf0f
transfer_cube,31,Old deterministic,92004,0,0,0.0,0.0,2a6c61b658966045760c3a461f2f1c0d0ec4cae3b086db4866f7d0d01cfadf0f
transfer_cube,31,Old deterministic,92005,0,0,0.0,0.0,2a6c61b658966045760c3a461f2f1c0d0ec4cae3b086db4866f7d0d01cfadf0f
transfer_cube,31,Old deterministic,92006,0,0,0.0,0.0,2a6c61b658966045760c3a461f2f1c0d0ec4cae3b086db4866f7d0d01cfadf0f
transfer_cube,31,Old deterministic,92007,0,0,0.0,0.0,2a6c61b658966045760c3a461f2f1c0d0ec4cae3b086db4866f7d0d01cfadf0f
transfer_cube,31,Old deterministic,92008,0,0,0.0,0.0,2a6c61b658966045760c3a461f2f1c0d0ec4cae3b086db4866f7d0d01cfadf0f
transfer_cube,31,Old deterministic,92009,0,0,0.0,0.0,2a6c61b658966045760c3a461f2f1c0d0ec4cae3b086db4866f7d0d01cfadf0f
transfer_cube,31,Old deterministic,92010,0,0,0.0,0.0,2a6c61b658966045760c3a461f2f1c0d0ec4cae3b086db4866f7d0d01cfadf0f
transfer_cube,31,Old deterministic,92011,0,0,0.0,0.0,2a6c61b658966045760c3a461f2f1c0d0ec4cae3b086db4866f7d0d01cfadf0f
transfer_cube,31,Old deterministic,92012,0,0,0.0,0.0,2a6c61b658966045760c3a461f2f1c0d0ec4cae3b086db4866f7d0d01cfadf0f
transfer_cube,31,Old deterministic,92013,0,0,0.0,0.0,2a6c61b658966045760c3a461f2f1c0d0ec4cae3b086db4866f7d0d01cfadf0f
transfer_cube,31,Old deterministic,92014,0,0,0.0,0.0,2a6c61b658966045760c3a461f2f1c0d0ec4cae3b086db4866f7d0d01cfadf0f
transfer_cube,31,Old deterministic,92015,0,0,0.0,0.0,2a6c61b658966045760c3a461f2f1c0d0ec4cae3b086db4866f7d0d01cfadf0f
transfer_cube,31,Old deterministic,92016,0,0,0.0,0.0,2a6c61b658966045760c3a461f2f1c0d0ec4cae3b086db4866f7d0d01cfadf0f
transfer_cube,31,Old deterministic,92017,0,0,0.0,0.0,2a6c61b658966045760c3a461f2f1c0d0ec4cae3b086db4866f7d0d01cfadf0f
transfer_cube,31,Old deterministic,92018,0,0,0.0,0.0,2a6c61b658966045760c3a461f2f1c0d0ec4cae3b086db4866f7d0d01cfadf0f
transfer_cube,31,Old deterministic,92019,0,0,0.0,0.0,2a6c61b658966045760c3a461f2f1c0d0ec4cae3b086db4866f7d0d01cfadf0f
transfer_cube,31,Old deterministic,92020,0,0,0.0,0.0,2a6c61b658966045760c3a461f2f1c0d0ec4cae3b086db4866f7d0d01cfadf0f
transfer_cube,31,Old deterministic,92021,0,0,0.0,0.0,2a6c61b658966045760c3a461f2f1c0d0ec4cae3b086db4866f7d0d01cfadf0f
transfer_cube,31,Old deterministic,92022,0,0,0.0,0.0,2a6c61b658966045760c3a461f2f1c0d0ec4cae3b086db4866f7d0d01cfadf0f
transfer_cube,31,Old deterministic,92023,0,0,0.0,0.0,2a6c61b658966045760c3a461f2f1c0d0ec4cae3b086db4866f7d0d01cfadf0f
transfer_cube,31,Old deterministic,92024,0,0,0.0,0.0,2a6c61b658966045760c3a461f2f1c0d0ec4cae3b086db4866f7d0d01cfadf0f
transfer_cube,31,Old deterministic,92025,0,0,0.0,0.0,2a6c61b658966045760c3a461f2f1c0d0ec4cae3b086db4866f7d0d01cfadf0f
transfer_cube,31,Old deterministic,92026,0,0,0.0,0.0,2a6c61b658966045760c3a461f2f1c0d0ec4cae3b086db4866f7d0d01cfadf0f
transfer_cube,31,Old deterministic,92027,0,0,0.0,0.0,2a6c61b658966045760c3a461f2f1c0d0ec4cae3b086db4866f7d0d01cfadf0f
transfer_cube,31,Old deterministic,92028,0,0,0.0,0.0,2a6c61b658966045760c3a461f2f1c0d0ec4cae3b086db4866f7d0d01cfadf0f
transfer_cube,31,Old deterministic,92029,0,0,0.0,0.0,2a6c61b658966045760c3a461f2f1c0d0ec4cae3b086db4866f7d0d01cfadf0f
transfer_cube,31,Old deterministic,92030,0,0,0.0,0.0,2a6c61b658966045760c3a461f2f1c0d0ec4cae3b086db4866f7d0d01cfadf0f
transfer_cube,31,Old deterministic,92031,0,0,0.0,0.0,2a6c61b658966045760c3a461f2f1c0d0ec4cae3b086db4866f7d0d01cfadf0f
transfer_cube,31,Old deterministic,92032,0,0,0.0,0.0,2a6c61b658966045760c3a461f2f1c0d0ec4cae3b086db4866f7d0d01cfadf0f
transfer_cube,31,Old deterministic,92033,0,0,0.0,0.0,2a6c61b658966045760c3a461f2f1c0d0ec4cae3b086db4866f7d0d01cfadf0f
transfer_cube,31,Old deterministic,92034,0,0,0.0,0.0,2a6c61b658966045760c3a461f2f1c0d0ec4cae3b086db4866f7d0d01cfadf0f
transfer_cube,31,Old deterministic,92035,0,0,0.0,0.0,2a6c61b658966045760c3a461f2f1c0d0ec4cae3b086db4866f7d0d01cfadf0f
transfer_cube,31,Old deterministic,92036,0,0,0.0,0.0,2a6c61b658966045760c3a461f2f1c0d0ec4cae3b086db4866f7d0d01cfadf0f
transfer_cube,31,Old deterministic,92037,0,0,0.0,0.0,2a6c61b658966045760c3a461f2f1c0d0ec4cae3b086db4866f7d0d01cfadf0f
transfer_cube,31,Old deterministic,92038,0,0,0.0,0.0,2a6c61b658966045760c3a461f2f1c0d0ec4cae3b086db4866f7d0d01cfadf0f
transfer_cube,31,Old deterministic,92039,0,0,0.0,0.0,2a6c61b658966045760c3a461f2f1c0d0ec4cae3b086db4866f7d0d01cfadf0f
transfer_cube,31,Clip only,92000,1,1,4.0,614.0,22146889b5f072d2691c7d5a221732491e11c84f5907294e47228fb7d712b301
transfer_cube,31,Clip only,92001,0,0,2.0,20.0,22146889b5f072d2691c7d5a221732491e11c84f5907294e47228fb7d712b301
transfer_cube,31,Clip only,92002,0,0,2.0,75.0,22146889b5f072d2691c7d5a221732491e11c84f5907294e47228fb7d712b301
transfer_cube,31,Clip only,92003,1,0,4.0,192.0,22146889b5f072d2691c7d5a221732491e11c84f5907294e47228fb7d712b301
transfer_cube,31,Clip only,92004,1,1,4.0,633.0,22146889b5f072d2691c7d5a221732491e11c84f5907294e47228fb7d712b301
transfer_cube,31,Clip only,92005,0,0,2.0,44.0,22146889b5f072d2691c7d5a221732491e11c84f5907294e47228fb7d712b301
transfer_cube,31,Clip only,92006,1,1,4.0,644.0,22146889b5f072d2691c7d5a221732491e11c84f5907294e47228fb7d712b301
transfer_cube,31,Clip only,92007,1,1,4.0,667.0,22146889b5f072d2691c7d5a221732491e11c84f5907294e47228fb7d712b301
transfer_cube,31,Clip only,92008,1,1,4.0,678.0,22146889b5f072d2691c7d5a221732491e11c84f5907294e47228fb7d712b301
transfer_cube,31,Clip only,92009,1,1,4.0,619.0,22146889b5f072d2691c7d5a221732491e11c84f5907294e47228fb7d712b301
transfer_cube,31,Clip only,92010,1,0,4.0,177.0,22146889b5f072d2691c7d5a221732491e11c84f5907294e47228fb7d712b301
transfer_cube,31,Clip only,92011,1,1,4.0,568.0,22146889b5f072d2691c7d5a221732491e11c84f5907294e47228fb7d712b301
transfer_cube,31,Clip only,92012,0,0,2.0,22.0,22146889b5f072d2691c7d5a221732491e11c84f5907294e47228fb7d712b301
transfer_cube,31,Clip only,92013,0,0,0.0,0.0,22146889b5f072d2691c7d5a221732491e11c84f5907294e47228fb7d712b301
transfer_cube,31,Clip only,92014,1,1,4.0,645.0,22146889b5f072d2691c7d5a221732491e11c84f5907294e47228fb7d712b301
transfer_cube,31,Clip only,92015,1,1,4.0,677.0,22146889b5f072d2691c7d5a221732491e11c84f5907294e47228fb7d712b301
transfer_cube,31,Clip only,92016,1,1,4.0,686.0,22146889b5f072d2691c7d5a221732491e11c84f5907294e47228fb7d712b301
transfer_cube,31,Clip only,92017,1,1,4.0,689.0,22146889b5f072d2691c7d5a221732491e11c84f5907294e47228fb7d712b301
transfer_cube,31,Clip only,92018,0,0,2.0,8.0,22146889b5f072d2691c7d5a221732491e11c84f5907294e47228fb7d712b301
transfer_cube,31,Clip only,92019,0,0,2.0,15.0,22146889b5f072d2691c7d5a221732491e11c84f5907294e47228fb7d712b301
transfer_cube,31,Clip only,92020,0,0,2.0,79.0,22146889b5f072d2691c7d5a221732491e11c84f5907294e47228fb7d712b301
transfer_cube,31,Clip only,92021,0,0,0.0,0.0,22146889b5f072d2691c7d5a221732491e11c84f5907294e47228fb7d712b301
transfer_cube,31,Clip only,92022,1,1,4.0,671.0,22146889b5f072d2691c7d5a221732491e11c84f5907294e47228fb7d712b301
transfer_cube,31,Clip only,92023,0,0,2.0,6.0,22146889b5f072d2691c7d5a221732491e11c84f5907294e47228fb7d712b301
transfer_cube,31,Clip only,92024,1,1,4.0,657.0,22146889b5f072d2691c7d5a221732491e11c84f5907294e47228fb7d712b301
transfer_cube,31,Clip only,92025,0,0,2.0,20.0,22146889b5f072d2691c7d5a221732491e11c84f5907294e47228fb7d712b301
transfer_cube,31,Clip only,92026,1,1,4.0,622.0,22146889b5f072d2691c7d5a221732491e11c84f5907294e47228fb7d712b301
transfer_cube,31,Clip only,92027,1,1,4.0,693.0,22146889b5f072d2691c7d5a221732491e11c84f5907294e47228fb7d712b301
transfer_cube,31,Clip only,92028,1,1,4.0,666.0,22146889b5f072d2691c7d5a221732491e11c84f5907294e47228fb7d712b301
transfer_cube,31,Clip only,92029,1,1,4.0,643.0,22146889b5f072d2691c7d5a221732491e11c84f5907294e47228fb7d712b301
transfer_cube,31,Clip only,92030,1,1,4.0,652.0,22146889b5f072d2691c7d5a221732491e11c84f5907294e47228fb7d712b301
transfer_cube,31,Clip only,92031,1,1,4.0,643.0,22146889b5f072d2691c7d5a221732491e11c84f5907294e47228fb7d712b301
transfer_cube,31,Clip only,92032,1,1,4.0,611.0,22146889b5f072d2691c7d5a221732491e11c84f5907294e47228fb7d712b301
transfer_cube,31,Clip only,92033,0,0,2.0,112.0,22146889b5f072d2691c7d5a221732491e11c84f5907294e47228fb7d712b301
transfer_cube,31,Clip only,92034,1,1,4.0,675.0,22146889b5f072d2691c7d5a221732491e11c84f5907294e47228fb7d712b301
transfer_cube,31,Clip only,92035,0,0,2.0,14.0,22146889b5f072d2691c7d5a221732491e11c84f5907294e47228fb7d712b301
transfer_cube,31,Clip only,92036,1,1,4.0,675.0,22146889b5f072d2691c7d5a221732491e11c84f5907294e47228fb7d712b301
transfer_cube,31,Clip only,92037,1,1,4.0,623.0,22146889b5f072d2691c7d5a221732491e11c84f5907294e47228fb7d712b301
transfer_cube,31,Clip only,92038,1,1,4.0,657.0,22146889b5f072d2691c7d5a221732491e11c84f5907294e47228fb7d712b301
transfer_cube,31,Clip only,92039,1,1,4.0,631.0,22146889b5f072d2691c7d5a221732491e11c84f5907294e47228fb7d712b301
transfer_cube,47,Clean repeat,92000,1,1,4.0,671.0,c992b2d781278e4258d56517cc84f91782c101fec620984cfc2450263c3a1f7e
transfer_cube,47,Clean repeat,92001,0,0,2.0,38.0,c992b2d781278e4258d56517cc84f91782c101fec620984cfc2450263c3a1f7e
transfer_cube,47,Clean repeat,92002,1,1,4.0,641.0,c992b2d781278e4258d56517cc84f91782c101fec620984cfc2450263c3a1f7e
transfer_cube,47,Clean repeat,92003,1,1,4.0,651.0,c992b2d781278e4258d56517cc84f91782c101fec620984cfc2450263c3a1f7e
transfer_cube,47,Clean repeat,92004,1,1,4.0,658.0,c992b2d781278e4258d56517cc84f91782c101fec620984cfc2450263c3a1f7e
transfer_cube,47,Clean repeat,92005,1,1,4.0,641.0,c992b2d781278e4258d56517cc84f91782c101fec620984cfc2450263c3a1f7e
transfer_cube,47,Clean repeat,92006,1,1,4.0,671.0,c992b2d781278e4258d56517cc84f91782c101fec620984cfc2450263c3a1f7e
transfer_cube,47,Clean repeat,92007,1,1,4.0,643.0,c992b2d781278e4258d56517cc84f91782c101fec620984cfc2450263c3a1f7e
transfer_cube,47,Clean repeat,92008,1,1,4.0,674.0,c992b2d781278e4258d56517cc84f91782c101fec620984cfc2450263c3a1f7e
transfer_cube,47,Clean repeat,92009,1,1,4.0,668.0,c992b2d781278e4258d56517cc84f91782c101fec620984cfc2450263c3a1f7e
transfer_cube,47,Clean repeat,92010,1,1,4.0,637.0,c992b2d781278e4258d56517cc84f91782c101fec620984cfc2450263c3a1f7e
transfer_cube,47,Clean repeat,92011,1,1,4.0,656.0,c992b2d781278e4258d56517cc84f91782c101fec620984cfc2450263c3a1f7e
transfer_cube,47,Clean repeat,92012,0,0,2.0,29.0,c992b2d781278e4258d56517cc84f91782c101fec620984cfc2450263c3a1f7e
transfer_cube,47,Clean repeat,92013,0,0,2.0,13.0,c992b2d781278e4258d56517cc84f91782c101fec620984cfc2450263c3a1f7e
transfer_cube,47,Clean repeat,92014,1,1,4.0,638.0,c992b2d781278e4258d56517cc84f91782c101fec620984cfc2450263c3a1f7e
transfer_cube,47,Clean repeat,92015,1,1,4.0,660.0,c992b2d781278e4258d56517cc84f91782c101fec620984cfc2450263c3a1f7e
transfer_cube,47,Clean repeat,92016,1,1,4.0,649.0,c992b2d781278e4258d56517cc84f91782c101fec620984cfc2450263c3a1f7e
transfer_cube,47,Clean repeat,92017,1,1,4.0,680.0,c992b2d781278e4258d56517cc84f91782c101fec620984cfc2450263c3a1f7e
transfer_cube,47,Clean repeat,92018,0,0,2.0,41.0,c992b2d781278e4258d56517cc84f91782c101fec620984cfc2450263c3a1f7e
transfer_cube,47,Clean repeat,92019,0,0,1.0,2.0,c992b2d781278e4258d56517cc84f91782c101fec620984cfc2450263c3a1f7e
transfer_cube,47,Clean repeat,92020,1,1,4.0,646.0,c992b2d781278e4258d56517cc84f91782c101fec620984cfc2450263c3a1f7e
transfer_cube,47,Clean repeat,92021,1,1,4.0,655.0,c992b2d781278e4258d56517cc84f91782c101fec620984cfc2450263c3a1f7e
transfer_cube,47,Clean repeat,92022,1,1,4.0,660.0,c992b2d781278e4258d56517cc84f91782c101fec620984cfc2450263c3a1f7e
transfer_cube,47,Clean repeat,92023,1,1,4.0,661.0,c992b2d781278e4258d56517cc84f91782c101fec620984cfc2450263c3a1f7e
transfer_cube,47,Clean repeat,92024,1,1,4.0,649.0,c992b2d781278e4258d56517cc84f91782c101fec620984cfc2450263c3a1f7e
transfer_cube,47,Clean repeat,92025,1,1,4.0,660.0,c992b2d781278e4258d56517cc84f91782c101fec620984cfc2450263c3a1f7e
transfer_cube,47,Clean repeat,92026,1,1,4.0,668.0,c992b2d781278e4258d56517cc84f91782c101fec620984cfc2450263c3a1f7e
transfer_cube,47,Clean repeat,92027,1,1,4.0,652.0,c992b2d781278e4258d56517cc84f91782c101fec620984cfc2450263c3a1f7e
transfer_cube,47,Clean repeat,92028,1,1,4.0,681.0,c992b2d781278e4258d56517cc84f91782c101fec620984cfc2450263c3a1f7e
transfer_cube,47,Clean repeat,92029,1,1,4.0,625.0,c992b2d781278e4258d56517cc84f91782c101fec620984cfc2450263c3a1f7e
transfer_cube,47,Clean repeat,92030,1,1,4.0,649.0,c992b2d781278e4258d56517cc84f91782c101fec620984cfc2450263c3a1f7e
transfer_cube,47,Clean repeat,92031,1,1,4.0,650.0,c992b2d781278e4258d56517cc84f91782c101fec620984cfc2450263c3a1f7e
transfer_cube,47,Clean repeat,92032,1,1,4.0,651.0,c992b2d781278e4258d56517cc84f91782c101fec620984cfc2450263c3a1f7e
transfer_cube,47,Clean repeat,92033,1,1,4.0,631.0,c992b2d781278e4258d56517cc84f91782c101fec620984cfc2450263c3a1f7e
transfer_cube,47,Clean repeat,92034,1,1,4.0,676.0,c992b2d781278e4258d56517cc84f91782c101fec620984cfc2450263c3a1f7e
transfer_cube,47,Clean repeat,92035,1,1,4.0,621.0,c992b2d781278e4258d56517cc84f91782c101fec620984cfc2450263c3a1f7e
transfer_cube,47,Clean repeat,92036,1,1,4.0,652.0,c992b2d781278e4258d56517cc84f91782c101fec620984cfc2450263c3a1f7e
transfer_cube,47,Clean repeat,92037,1,1,4.0,669.0,c992b2d781278e4258d56517cc84f91782c101fec620984cfc2450263c3a1f7e
transfer_cube,47,Clean repeat,92038,1,1,4.0,672.0,c992b2d781278e4258d56517cc84f91782c101fec620984cfc2450263c3a1f7e
transfer_cube,47,Clean repeat,92039,1,1,4.0,665.0,c992b2d781278e4258d56517cc84f91782c101fec620984cfc2450263c3a1f7e
transfer_cube,47,Calibrated recovery,92000,1,1,4.0,643.0,ca16771856a10229d6f212cca0c1ab91fefa2a3104e1a4745e0c3b1e86976cfa
transfer_cube,47,Calibrated recovery,92001,1,1,4.0,631.0,ca16771856a10229d6f212cca0c1ab91fefa2a3104e1a4745e0c3b1e86976cfa
transfer_cube,47,Calibrated recovery,92002,1,1,4.0,660.0,ca16771856a10229d6f212cca0c1ab91fefa2a3104e1a4745e0c3b1e86976cfa
transfer_cube,47,Calibrated recovery,92003,1,1,4.0,676.0,ca16771856a10229d6f212cca0c1ab91fefa2a3104e1a4745e0c3b1e86976cfa
transfer_cube,47,Calibrated recovery,92004,1,1,4.0,695.0,ca16771856a10229d6f212cca0c1ab91fefa2a3104e1a4745e0c3b1e86976cfa
transfer_cube,47,Calibrated recovery,92005,1,1,4.0,632.0,ca16771856a10229d6f212cca0c1ab91fefa2a3104e1a4745e0c3b1e86976cfa
transfer_cube,47,Calibrated recovery,92006,1,1,4.0,697.0,ca16771856a10229d6f212cca0c1ab91fefa2a3104e1a4745e0c3b1e86976cfa
transfer_cube,47,Calibrated recovery,92007,0,0,2.0,43.0,ca16771856a10229d6f212cca0c1ab91fefa2a3104e1a4745e0c3b1e86976cfa
transfer_cube,47,Calibrated recovery,92008,1,1,4.0,697.0,ca16771856a10229d6f212cca0c1ab91fefa2a3104e1a4745e0c3b1e86976cfa
transfer_cube,47,Calibrated recovery,92009,1,1,4.0,698.0,ca16771856a10229d6f212cca0c1ab91fefa2a3104e1a4745e0c3b1e86976cfa
transfer_cube,47,Calibrated recovery,92010,1,1,4.0,632.0,ca16771856a10229d6f212cca0c1ab91fefa2a3104e1a4745e0c3b1e86976cfa
transfer_cube,47,Calibrated recovery,92011,1,1,4.0,710.0,ca16771856a10229d6f212cca0c1ab91fefa2a3104e1a4745e0c3b1e86976cfa
transfer_cube,47,Calibrated recovery,92012,1,1,4.0,641.0,ca16771856a10229d6f212cca0c1ab91fefa2a3104e1a4745e0c3b1e86976cfa
transfer_cube,47,Calibrated recovery,92013,1,1,4.0,630.0,ca16771856a10229d6f212cca0c1ab91fefa2a3104e1a4745e0c3b1e86976cfa
transfer_cube,47,Calibrated recovery,92014,0,0,2.0,38.0,ca16771856a10229d6f212cca0c1ab91fefa2a3104e1a4745e0c3b1e86976cfa
transfer_cube,47,Calibrated recovery,92015,1,1,4.0,649.0,ca16771856a10229d6f212cca0c1ab91fefa2a3104e1a4745e0c3b1e86976cfa
transfer_cube,47,Calibrated recovery,92016,1,1,4.0,643.0,ca16771856a10229d6f212cca0c1ab91fefa2a3104e1a4745e0c3b1e86976cfa
transfer_cube,47,Calibrated recovery,92017,1,1,4.0,642.0,ca16771856a10229d6f212cca0c1ab91fefa2a3104e1a4745e0c3b1e86976cfa
transfer_cube,47,Calibrated recovery,92018,1,1,4.0,627.0,ca16771856a10229d6f212cca0c1ab91fefa2a3104e1a4745e0c3b1e86976cfa
transfer_cube,47,Calibrated recovery,92019,0,0,1.0,27.0,ca16771856a10229d6f212cca0c1ab91fefa2a3104e1a4745e0c3b1e86976cfa
transfer_cube,47,Calibrated recovery,92020,1,1,4.0,668.0,ca16771856a10229d6f212cca0c1ab91fefa2a3104e1a4745e0c3b1e86976cfa
transfer_cube,47,Calibrated recovery,92021,1,1,4.0,638.0,ca16771856a10229d6f212cca0c1ab91fefa2a3104e1a4745e0c3b1e86976cfa
transfer_cube,47,Calibrated recovery,92022,1,1,4.0,622.0,ca16771856a10229d6f212cca0c1ab91fefa2a3104e1a4745e0c3b1e86976cfa
transfer_cube,47,Calibrated recovery,92023,1,1,4.0,634.0,ca16771856a10229d6f212cca0c1ab91fefa2a3104e1a4745e0c3b1e86976cfa
transfer_cube,47,Calibrated recovery,92024,1,1,4.0,644.0,ca16771856a10229d6f212cca0c1ab91fefa2a3104e1a4745e0c3b1e86976cfa
transfer_cube,47,Calibrated recovery,92025,1,1,4.0,685.0,ca16771856a10229d6f212cca0c1ab91fefa2a3104e1a4745e0c3b1e86976cfa
transfer_cube,47,Calibrated recovery,92026,1,1,4.0,668.0,ca16771856a10229d6f212cca0c1ab91fefa2a3104e1a4745e0c3b1e86976cfa
transfer_cube,47,Calibrated recovery,92027,1,1,4.0,645.0,ca16771856a10229d6f212cca0c1ab91fefa2a3104e1a4745e0c3b1e86976cfa
transfer_cube,47,Calibrated recovery,92028,1,1,4.0,684.0,ca16771856a10229d6f212cca0c1ab91fefa2a3104e1a4745e0c3b1e86976cfa
transfer_cube,47,Calibrated recovery,92029,0,0,2.0,49.0,ca16771856a10229d6f212cca0c1ab91fefa2a3104e1a4745e0c3b1e86976cfa
transfer_cube,47,Calibrated recovery,92030,1,1,4.0,651.0,ca16771856a10229d6f212cca0c1ab91fefa2a3104e1a4745e0c3b1e86976cfa
transfer_cube,47,Calibrated recovery,92031,0,0,2.0,41.0,ca16771856a10229d6f212cca0c1ab91fefa2a3104e1a4745e0c3b1e86976cfa
transfer_cube,47,Calibrated recovery,92032,1,1,4.0,646.0,ca16771856a10229d6f212cca0c1ab91fefa2a3104e1a4745e0c3b1e86976cfa
transfer_cube,47,Calibrated recovery,92033,1,1,4.0,623.0,ca16771856a10229d6f212cca0c1ab91fefa2a3104e1a4745e0c3b1e86976cfa
transfer_cube,47,Calibrated recovery,92034,1,1,4.0,650.0,ca16771856a10229d6f212cca0c1ab91fefa2a3104e1a4745e0c3b1e86976cfa
transfer_cube,47,Calibrated recovery,92035,1,1,4.0,696.0,ca16771856a10229d6f212cca0c1ab91fefa2a3104e1a4745e0c3b1e86976cfa
transfer_cube,47,Calibrated recovery,92036,1,1,4.0,699.0,ca16771856a10229d6f212cca0c1ab91fefa2a3104e1a4745e0c3b1e86976cfa
transfer_cube,47,Calibrated recovery,92037,1,1,4.0,715.0,ca16771856a10229d6f212cca0c1ab91fefa2a3104e1a4745e0c3b1e86976cfa
transfer_cube,47,Calibrated recovery,92038,1,1,4.0,638.0,ca16771856a10229d6f212cca0c1ab91fefa2a3104e1a4745e0c3b1e86976cfa
transfer_cube,47,Calibrated recovery,92039,1,1,4.0,649.0,ca16771856a10229d6f212cca0c1ab91fefa2a3104e1a4745e0c3b1e86976cfa
transfer_cube,47,Gaussian recovery,92000,1,1,4.0,715.0,55872580bf6ff4d749641c211eb2c65a709b7a11a28f1fcad8ae1dcc26e7b8f8
transfer_cube,47,Gaussian recovery,92001,1,1,4.0,652.0,55872580bf6ff4d749641c211eb2c65a709b7a11a28f1fcad8ae1dcc26e7b8f8
transfer_cube,47,Gaussian recovery,92002,1,1,4.0,639.0,55872580bf6ff4d749641c211eb2c65a709b7a11a28f1fcad8ae1dcc26e7b8f8
transfer_cube,47,Gaussian recovery,92003,0,0,2.0,34.0,55872580bf6ff4d749641c211eb2c65a709b7a11a28f1fcad8ae1dcc26e7b8f8
transfer_cube,47,Gaussian recovery,92004,1,1,4.0,622.0,55872580bf6ff4d749641c211eb2c65a709b7a11a28f1fcad8ae1dcc26e7b8f8
transfer_cube,47,Gaussian recovery,92005,1,1,4.0,629.0,55872580bf6ff4d749641c211eb2c65a709b7a11a28f1fcad8ae1dcc26e7b8f8
transfer_cube,47,Gaussian recovery,92006,1,1,4.0,629.0,55872580bf6ff4d749641c211eb2c65a709b7a11a28f1fcad8ae1dcc26e7b8f8
transfer_cube,47,Gaussian recovery,92007,0,0,2.0,4.0,55872580bf6ff4d749641c211eb2c65a709b7a11a28f1fcad8ae1dcc26e7b8f8
transfer_cube,47,Gaussian recovery,92008,1,1,4.0,624.0,55872580bf6ff4d749641c211eb2c65a709b7a11a28f1fcad8ae1dcc26e7b8f8
transfer_cube,47,Gaussian recovery,92009,1,1,4.0,655.0,55872580bf6ff4d749641c211eb2c65a709b7a11a28f1fcad8ae1dcc26e7b8f8
transfer_cube,47,Gaussian recovery,92010,1,1,4.0,627.0,55872580bf6ff4d749641c211eb2c65a709b7a11a28f1fcad8ae1dcc26e7b8f8
transfer_cube,47,Gaussian recovery,92011,1,1,4.0,715.0,55872580bf6ff4d749641c211eb2c65a709b7a11a28f1fcad8ae1dcc26e7b8f8
transfer_cube,47,Gaussian recovery,92012,1,1,4.0,655.0,55872580bf6ff4d749641c211eb2c65a709b7a11a28f1fcad8ae1dcc26e7b8f8
transfer_cube,47,Gaussian recovery,92013,1,1,4.0,604.0,55872580bf6ff4d749641c211eb2c65a709b7a11a28f1fcad8ae1dcc26e7b8f8
transfer_cube,47,Gaussian recovery,92014,1,1,4.0,620.0,55872580bf6ff4d749641c211eb2c65a709b7a11a28f1fcad8ae1dcc26e7b8f8
transfer_cube,47,Gaussian recovery,92015,1,1,4.0,630.0,55872580bf6ff4d749641c211eb2c65a709b7a11a28f1fcad8ae1dcc26e7b8f8
transfer_cube,47,Gaussian recovery,92016,1,1,4.0,656.0,55872580bf6ff4d749641c211eb2c65a709b7a11a28f1fcad8ae1dcc26e7b8f8
transfer_cube,47,Gaussian recovery,92017,1,1,4.0,643.0,55872580bf6ff4d749641c211eb2c65a709b7a11a28f1fcad8ae1dcc26e7b8f8
transfer_cube,47,Gaussian recovery,92018,0,0,1.0,4.0,55872580bf6ff4d749641c211eb2c65a709b7a11a28f1fcad8ae1dcc26e7b8f8
transfer_cube,47,Gaussian recovery,92019,0,0,1.0,36.0,55872580bf6ff4d749641c211eb2c65a709b7a11a28f1fcad8ae1dcc26e7b8f8
transfer_cube,47,Gaussian recovery,92020,1,1,4.0,630.0,55872580bf6ff4d749641c211eb2c65a709b7a11a28f1fcad8ae1dcc26e7b8f8
transfer_cube,47,Gaussian recovery,92021,0,0,0.0,0.0,55872580bf6ff4d749641c211eb2c65a709b7a11a28f1fcad8ae1dcc26e7b8f8
transfer_cube,47,Gaussian recovery,92022,1,1,4.0,639.0,55872580bf6ff4d749641c211eb2c65a709b7a11a28f1fcad8ae1dcc26e7b8f8
transfer_cube,47,Gaussian recovery,92023,0,0,2.0,8.0,55872580bf6ff4d749641c211eb2c65a709b7a11a28f1fcad8ae1dcc26e7b8f8
transfer_cube,47,Gaussian recovery,92024,1,1,4.0,630.0,55872580bf6ff4d749641c211eb2c65a709b7a11a28f1fcad8ae1dcc26e7b8f8
transfer_cube,47,Gaussian recovery,92025,0,0,2.0,28.0,55872580bf6ff4d749641c211eb2c65a709b7a11a28f1fcad8ae1dcc26e7b8f8
transfer_cube,47,Gaussian recovery,92026,1,1,4.0,624.0,55872580bf6ff4d749641c211eb2c65a709b7a11a28f1fcad8ae1dcc26e7b8f8
transfer_cube,47,Gaussian recovery,92027,1,1,4.0,626.0,55872580bf6ff4d749641c211eb2c65a709b7a11a28f1fcad8ae1dcc26e7b8f8
transfer_cube,47,Gaussian recovery,92028,1,1,4.0,638.0,55872580bf6ff4d749641c211eb2c65a709b7a11a28f1fcad8ae1dcc26e7b8f8
transfer_cube,47,Gaussian recovery,92029,0,0,2.0,79.0,55872580bf6ff4d749641c211eb2c65a709b7a11a28f1fcad8ae1dcc26e7b8f8
transfer_cube,47,Gaussian recovery,92030,1,1,4.0,628.0,55872580bf6ff4d749641c211eb2c65a709b7a11a28f1fcad8ae1dcc26e7b8f8
transfer_cube,47,Gaussian recovery,92031,1,1,4.0,617.0,55872580bf6ff4d749641c211eb2c65a709b7a11a28f1fcad8ae1dcc26e7b8f8
transfer_cube,47,Gaussian recovery,92032,1,1,4.0,627.0,55872580bf6ff4d749641c211eb2c65a709b7a11a28f1fcad8ae1dcc26e7b8f8
transfer_cube,47,Gaussian recovery,92033,1,1,4.0,642.0,55872580bf6ff4d749641c211eb2c65a709b7a11a28f1fcad8ae1dcc26e7b8f8
transfer_cube,47,Gaussian recovery,92034,1,1,4.0,631.0,55872580bf6ff4d749641c211eb2c65a709b7a11a28f1fcad8ae1dcc26e7b8f8
transfer_cube,47,Gaussian recovery,92035,1,1,4.0,657.0,55872580bf6ff4d749641c211eb2c65a709b7a11a28f1fcad8ae1dcc26e7b8f8
transfer_cube,47,Gaussian recovery,92036,1,1,4.0,632.0,55872580bf6ff4d749641c211eb2c65a709b7a11a28f1fcad8ae1dcc26e7b8f8
transfer_cube,47,Gaussian recovery,92037,1,1,4.0,624.0,55872580bf6ff4d749641c211eb2c65a709b7a11a28f1fcad8ae1dcc26e7b8f8
transfer_cube,47,Gaussian recovery,92038,1,1,4.0,641.0,55872580bf6ff4d749641c211eb2c65a709b7a11a28f1fcad8ae1dcc26e7b8f8
transfer_cube,47,Gaussian recovery,92039,1,1,4.0,653.0,55872580bf6ff4d749641c211eb2c65a709b7a11a28f1fcad8ae1dcc26e7b8f8
transfer_cube,47,Frozen context,92000,1,1,4.0,660.0,55237cbbcb005beaaa403a74e944dd822d605fc54f5db95fdc5f1b3e063dec9e
transfer_cube,47,Frozen context,92001,1,1,4.0,632.0,55237cbbcb005beaaa403a74e944dd822d605fc54f5db95fdc5f1b3e063dec9e
transfer_cube,47,Frozen context,92002,1,1,4.0,662.0,55237cbbcb005beaaa403a74e944dd822d605fc54f5db95fdc5f1b3e063dec9e
transfer_cube,47,Frozen context,92003,1,1,4.0,659.0,55237cbbcb005beaaa403a74e944dd822d605fc54f5db95fdc5f1b3e063dec9e
transfer_cube,47,Frozen context,92004,1,1,4.0,671.0,55237cbbcb005beaaa403a74e944dd822d605fc54f5db95fdc5f1b3e063dec9e
transfer_cube,47,Frozen context,92005,1,1,4.0,656.0,55237cbbcb005beaaa403a74e944dd822d605fc54f5db95fdc5f1b3e063dec9e
transfer_cube,47,Frozen context,92006,1,1,4.0,657.0,55237cbbcb005beaaa403a74e944dd822d605fc54f5db95fdc5f1b3e063dec9e
transfer_cube,47,Frozen context,92007,1,1,4.0,635.0,55237cbbcb005beaaa403a74e944dd822d605fc54f5db95fdc5f1b3e063dec9e
transfer_cube,47,Frozen context,92008,1,1,4.0,671.0,55237cbbcb005beaaa403a74e944dd822d605fc54f5db95fdc5f1b3e063dec9e
transfer_cube,47,Frozen context,92009,1,1,4.0,661.0,55237cbbcb005beaaa403a74e944dd822d605fc54f5db95fdc5f1b3e063dec9e
transfer_cube,47,Frozen context,92010,1,1,4.0,648.0,55237cbbcb005beaaa403a74e944dd822d605fc54f5db95fdc5f1b3e063dec9e
transfer_cube,47,Frozen context,92011,1,1,4.0,657.0,55237cbbcb005beaaa403a74e944dd822d605fc54f5db95fdc5f1b3e063dec9e
transfer_cube,47,Frozen context,92012,0,0,2.0,31.0,55237cbbcb005beaaa403a74e944dd822d605fc54f5db95fdc5f1b3e063dec9e
transfer_cube,47,Frozen context,92013,1,1,4.0,642.0,55237cbbcb005beaaa403a74e944dd822d605fc54f5db95fdc5f1b3e063dec9e
transfer_cube,47,Frozen context,92014,1,1,4.0,628.0,55237cbbcb005beaaa403a74e944dd822d605fc54f5db95fdc5f1b3e063dec9e
transfer_cube,47,Frozen context,92015,1,1,4.0,656.0,55237cbbcb005beaaa403a74e944dd822d605fc54f5db95fdc5f1b3e063dec9e
transfer_cube,47,Frozen context,92016,1,1,4.0,647.0,55237cbbcb005beaaa403a74e944dd822d605fc54f5db95fdc5f1b3e063dec9e
transfer_cube,47,Frozen context,92017,1,1,4.0,664.0,55237cbbcb005beaaa403a74e944dd822d605fc54f5db95fdc5f1b3e063dec9e
transfer_cube,47,Frozen context,92018,1,1,4.0,652.0,55237cbbcb005beaaa403a74e944dd822d605fc54f5db95fdc5f1b3e063dec9e
transfer_cube,47,Frozen context,92019,0,0,0.0,0.0,55237cbbcb005beaaa403a74e944dd822d605fc54f5db95fdc5f1b3e063dec9e
transfer_cube,47,Frozen context,92020,1,1,4.0,636.0,55237cbbcb005beaaa403a74e944dd822d605fc54f5db95fdc5f1b3e063dec9e
transfer_cube,47,Frozen context,92021,1,1,4.0,623.0,55237cbbcb005beaaa403a74e944dd822d605fc54f5db95fdc5f1b3e063dec9e
transfer_cube,47,Frozen context,92022,1,1,4.0,651.0,55237cbbcb005beaaa403a74e944dd822d605fc54f5db95fdc5f1b3e063dec9e
transfer_cube,47,Frozen context,92023,1,1,4.0,701.0,55237cbbcb005beaaa403a74e944dd822d605fc54f5db95fdc5f1b3e063dec9e
transfer_cube,47,Frozen context,92024,1,1,4.0,647.0,55237cbbcb005beaaa403a74e944dd822d605fc54f5db95fdc5f1b3e063dec9e
transfer_cube,47,Frozen context,92025,1,1,4.0,652.0,55237cbbcb005beaaa403a74e944dd822d605fc54f5db95fdc5f1b3e063dec9e
transfer_cube,47,Frozen context,92026,1,1,4.0,670.0,55237cbbcb005beaaa403a74e944dd822d605fc54f5db95fdc5f1b3e063dec9e
transfer_cube,47,Frozen context,92027,1,1,4.0,638.0,55237cbbcb005beaaa403a74e944dd822d605fc54f5db95fdc5f1b3e063dec9e
transfer_cube,47,Frozen context,92028,1,1,4.0,659.0,55237cbbcb005beaaa403a74e944dd822d605fc54f5db95fdc5f1b3e063dec9e
transfer_cube,47,Frozen context,92029,1,1,4.0,663.0,55237cbbcb005beaaa403a74e944dd822d605fc54f5db95fdc5f1b3e063dec9e
transfer_cube,47,Frozen context,92030,1,1,4.0,657.0,55237cbbcb005beaaa403a74e944dd822d605fc54f5db95fdc5f1b3e063dec9e
transfer_cube,47,Frozen context,92031,1,1,4.0,646.0,55237cbbcb005beaaa403a74e944dd822d605fc54f5db95fdc5f1b3e063dec9e
transfer_cube,47,Frozen context,92032,1,1,4.0,656.0,55237cbbcb005beaaa403a74e944dd822d605fc54f5db95fdc5f1b3e063dec9e
transfer_cube,47,Frozen context,92033,1,1,4.0,646.0,55237cbbcb005beaaa403a74e944dd822d605fc54f5db95fdc5f1b3e063dec9e
transfer_cube,47,Frozen context,92034,1,1,4.0,670.0,55237cbbcb005beaaa403a74e944dd822d605fc54f5db95fdc5f1b3e063dec9e
transfer_cube,47,Frozen context,92035,1,1,4.0,656.0,55237cbbcb005beaaa403a74e944dd822d605fc54f5db95fdc5f1b3e063dec9e
transfer_cube,47,Frozen context,92036,1,1,4.0,668.0,55237cbbcb005beaaa403a74e944dd822d605fc54f5db95fdc5f1b3e063dec9e
transfer_cube,47,Frozen context,92037,1,1,4.0,670.0,55237cbbcb005beaaa403a74e944dd822d605fc54f5db95fdc5f1b3e063dec9e
transfer_cube,47,Frozen context,92038,1,1,4.0,648.0,55237cbbcb005beaaa403a74e944dd822d605fc54f5db95fdc5f1b3e063dec9e
transfer_cube,47,Frozen context,92039,1,1,4.0,662.0,55237cbbcb005beaaa403a74e944dd822d605fc54f5db95fdc5f1b3e063dec9e
transfer_cube,47,Old SCANA,92000,0,0,0.0,0.0,cb43c6d1fcb8fca999a30b8f0d5800c1e9f22e313bab8b12a513219257aef027
transfer_cube,47,Old SCANA,92001,0,0,0.0,0.0,cb43c6d1fcb8fca999a30b8f0d5800c1e9f22e313bab8b12a513219257aef027
transfer_cube,47,Old SCANA,92002,0,0,0.0,0.0,cb43c6d1fcb8fca999a30b8f0d5800c1e9f22e313bab8b12a513219257aef027
transfer_cube,47,Old SCANA,92003,0,0,0.0,0.0,cb43c6d1fcb8fca999a30b8f0d5800c1e9f22e313bab8b12a513219257aef027
transfer_cube,47,Old SCANA,92004,0,0,0.0,0.0,cb43c6d1fcb8fca999a30b8f0d5800c1e9f22e313bab8b12a513219257aef027
transfer_cube,47,Old SCANA,92005,0,0,0.0,0.0,cb43c6d1fcb8fca999a30b8f0d5800c1e9f22e313bab8b12a513219257aef027
transfer_cube,47,Old SCANA,92006,0,0,0.0,0.0,cb43c6d1fcb8fca999a30b8f0d5800c1e9f22e313bab8b12a513219257aef027
transfer_cube,47,Old SCANA,92007,0,0,0.0,0.0,cb43c6d1fcb8fca999a30b8f0d5800c1e9f22e313bab8b12a513219257aef027
transfer_cube,47,Old SCANA,92008,0,0,0.0,0.0,cb43c6d1fcb8fca999a30b8f0d5800c1e9f22e313bab8b12a513219257aef027
transfer_cube,47,Old SCANA,92009,0,0,0.0,0.0,cb43c6d1fcb8fca999a30b8f0d5800c1e9f22e313bab8b12a513219257aef027
transfer_cube,47,Old SCANA,92010,0,0,0.0,0.0,cb43c6d1fcb8fca999a30b8f0d5800c1e9f22e313bab8b12a513219257aef027
transfer_cube,47,Old SCANA,92011,0,0,0.0,0.0,cb43c6d1fcb8fca999a30b8f0d5800c1e9f22e313bab8b12a513219257aef027
transfer_cube,47,Old SCANA,92012,0,0,0.0,0.0,cb43c6d1fcb8fca999a30b8f0d5800c1e9f22e313bab8b12a513219257aef027
transfer_cube,47,Old SCANA,92013,0,0,0.0,0.0,cb43c6d1fcb8fca999a30b8f0d5800c1e9f22e313bab8b12a513219257aef027
transfer_cube,47,Old SCANA,92014,0,0,0.0,0.0,cb43c6d1fcb8fca999a30b8f0d5800c1e9f22e313bab8b12a513219257aef027
transfer_cube,47,Old SCANA,92015,0,0,0.0,0.0,cb43c6d1fcb8fca999a30b8f0d5800c1e9f22e313bab8b12a513219257aef027
transfer_cube,47,Old SCANA,92016,0,0,0.0,0.0,cb43c6d1fcb8fca999a30b8f0d5800c1e9f22e313bab8b12a513219257aef027
transfer_cube,47,Old SCANA,92017,0,0,0.0,0.0,cb43c6d1fcb8fca999a30b8f0d5800c1e9f22e313bab8b12a513219257aef027
transfer_cube,47,Old SCANA,92018,0,0,0.0,0.0,cb43c6d1fcb8fca999a30b8f0d5800c1e9f22e313bab8b12a513219257aef027
transfer_cube,47,Old SCANA,92019,0,0,0.0,0.0,cb43c6d1fcb8fca999a30b8f0d5800c1e9f22e313bab8b12a513219257aef027
transfer_cube,47,Old SCANA,92020,0,0,0.0,0.0,cb43c6d1fcb8fca999a30b8f0d5800c1e9f22e313bab8b12a513219257aef027
transfer_cube,47,Old SCANA,92021,0,0,0.0,0.0,cb43c6d1fcb8fca999a30b8f0d5800c1e9f22e313bab8b12a513219257aef027
transfer_cube,47,Old SCANA,92022,0,0,0.0,0.0,cb43c6d1fcb8fca999a30b8f0d5800c1e9f22e313bab8b12a513219257aef027
transfer_cube,47,Old SCANA,92023,0,0,0.0,0.0,cb43c6d1fcb8fca999a30b8f0d5800c1e9f22e313bab8b12a513219257aef027
transfer_cube,47,Old SCANA,92024,0,0,0.0,0.0,cb43c6d1fcb8fca999a30b8f0d5800c1e9f22e313bab8b12a513219257aef027
transfer_cube,47,Old SCANA,92025,0,0,0.0,0.0,cb43c6d1fcb8fca999a30b8f0d5800c1e9f22e313bab8b12a513219257aef027
transfer_cube,47,Old SCANA,92026,0,0,0.0,0.0,cb43c6d1fcb8fca999a30b8f0d5800c1e9f22e313bab8b12a513219257aef027
transfer_cube,47,Old SCANA,92027,0,0,0.0,0.0,cb43c6d1fcb8fca999a30b8f0d5800c1e9f22e313bab8b12a513219257aef027
transfer_cube,47,Old SCANA,92028,0,0,0.0,0.0,cb43c6d1fcb8fca999a30b8f0d5800c1e9f22e313bab8b12a513219257aef027
transfer_cube,47,Old SCANA,92029,0,0,0.0,0.0,cb43c6d1fcb8fca999a30b8f0d5800c1e9f22e313bab8b12a513219257aef027
transfer_cube,47,Old SCANA,92030,0,0,0.0,0.0,cb43c6d1fcb8fca999a30b8f0d5800c1e9f22e313bab8b12a513219257aef027
transfer_cube,47,Old SCANA,92031,0,0,0.0,0.0,cb43c6d1fcb8fca999a30b8f0d5800c1e9f22e313bab8b12a513219257aef027
transfer_cube,47,Old SCANA,92032,0,0,0.0,0.0,cb43c6d1fcb8fca999a30b8f0d5800c1e9f22e313bab8b12a513219257aef027
transfer_cube,47,Old SCANA,92033,0,0,0.0,0.0,cb43c6d1fcb8fca999a30b8f0d5800c1e9f22e313bab8b12a513219257aef027
transfer_cube,47,Old SCANA,92034,0,0,0.0,0.0,cb43c6d1fcb8fca999a30b8f0d5800c1e9f22e313bab8b12a513219257aef027
transfer_cube,47,Old SCANA,92035,0,0,0.0,0.0,cb43c6d1fcb8fca999a30b8f0d5800c1e9f22e313bab8b12a513219257aef027
transfer_cube,47,Old SCANA,92036,0,0,0.0,0.0,cb43c6d1fcb8fca999a30b8f0d5800c1e9f22e313bab8b12a513219257aef027
transfer_cube,47,Old SCANA,92037,0,0,0.0,0.0,cb43c6d1fcb8fca999a30b8f0d5800c1e9f22e313bab8b12a513219257aef027
transfer_cube,47,Old SCANA,92038,0,0,0.0,0.0,cb43c6d1fcb8fca999a30b8f0d5800c1e9f22e313bab8b12a513219257aef027
transfer_cube,47,Old SCANA,92039,0,0,0.0,0.0,cb43c6d1fcb8fca999a30b8f0d5800c1e9f22e313bab8b12a513219257aef027
transfer_cube,47,Old kNN,92000,0,0,0.0,0.0,d7f665c00b752f7209aa87e5b82a3485c8742d27063752dd3869a4f4bdd3d14d
transfer_cube,47,Old kNN,92001,0,0,0.0,0.0,d7f665c00b752f7209aa87e5b82a3485c8742d27063752dd3869a4f4bdd3d14d
transfer_cube,47,Old kNN,92002,0,0,0.0,0.0,d7f665c00b752f7209aa87e5b82a3485c8742d27063752dd3869a4f4bdd3d14d
transfer_cube,47,Old kNN,92003,0,0,0.0,0.0,d7f665c00b752f7209aa87e5b82a3485c8742d27063752dd3869a4f4bdd3d14d
transfer_cube,47,Old kNN,92004,0,0,0.0,0.0,d7f665c00b752f7209aa87e5b82a3485c8742d27063752dd3869a4f4bdd3d14d
transfer_cube,47,Old kNN,92005,0,0,0.0,0.0,d7f665c00b752f7209aa87e5b82a3485c8742d27063752dd3869a4f4bdd3d14d
transfer_cube,47,Old kNN,92006,0,0,0.0,0.0,d7f665c00b752f7209aa87e5b82a3485c8742d27063752dd3869a4f4bdd3d14d
transfer_cube,47,Old kNN,92007,0,0,0.0,0.0,d7f665c00b752f7209aa87e5b82a3485c8742d27063752dd3869a4f4bdd3d14d
transfer_cube,47,Old kNN,92008,0,0,0.0,0.0,d7f665c00b752f7209aa87e5b82a3485c8742d27063752dd3869a4f4bdd3d14d
transfer_cube,47,Old kNN,92009,0,0,0.0,0.0,d7f665c00b752f7209aa87e5b82a3485c8742d27063752dd3869a4f4bdd3d14d
transfer_cube,47,Old kNN,92010,0,0,0.0,0.0,d7f665c00b752f7209aa87e5b82a3485c8742d27063752dd3869a4f4bdd3d14d
transfer_cube,47,Old kNN,92011,0,0,0.0,0.0,d7f665c00b752f7209aa87e5b82a3485c8742d27063752dd3869a4f4bdd3d14d
transfer_cube,47,Old kNN,92012,0,0,0.0,0.0,d7f665c00b752f7209aa87e5b82a3485c8742d27063752dd3869a4f4bdd3d14d
transfer_cube,47,Old kNN,92013,0,0,0.0,0.0,d7f665c00b752f7209aa87e5b82a3485c8742d27063752dd3869a4f4bdd3d14d
transfer_cube,47,Old kNN,92014,0,0,0.0,0.0,d7f665c00b752f7209aa87e5b82a3485c8742d27063752dd3869a4f4bdd3d14d
transfer_cube,47,Old kNN,92015,0,0,0.0,0.0,d7f665c00b752f7209aa87e5b82a3485c8742d27063752dd3869a4f4bdd3d14d
transfer_cube,47,Old kNN,92016,0,0,0.0,0.0,d7f665c00b752f7209aa87e5b82a3485c8742d27063752dd3869a4f4bdd3d14d
transfer_cube,47,Old kNN,92017,0,0,0.0,0.0,d7f665c00b752f7209aa87e5b82a3485c8742d27063752dd3869a4f4bdd3d14d
transfer_cube,47,Old kNN,92018,0,0,0.0,0.0,d7f665c00b752f7209aa87e5b82a3485c8742d27063752dd3869a4f4bdd3d14d
transfer_cube,47,Old kNN,92019,0,0,0.0,0.0,d7f665c00b752f7209aa87e5b82a3485c8742d27063752dd3869a4f4bdd3d14d
transfer_cube,47,Old kNN,92020,0,0,0.0,0.0,d7f665c00b752f7209aa87e5b82a3485c8742d27063752dd3869a4f4bdd3d14d
transfer_cube,47,Old kNN,92021,0,0,0.0,0.0,d7f665c00b752f7209aa87e5b82a3485c8742d27063752dd3869a4f4bdd3d14d
transfer_cube,47,Old kNN,92022,0,0,0.0,0.0,d7f665c00b752f7209aa87e5b82a3485c8742d27063752dd3869a4f4bdd3d14d
transfer_cube,47,Old kNN,92023,0,0,0.0,0.0,d7f665c00b752f7209aa87e5b82a3485c8742d27063752dd3869a4f4bdd3d14d
transfer_cube,47,Old kNN,92024,0,0,0.0,0.0,d7f665c00b752f7209aa87e5b82a3485c8742d27063752dd3869a4f4bdd3d14d
transfer_cube,47,Old kNN,92025,0,0,0.0,0.0,d7f665c00b752f7209aa87e5b82a3485c8742d27063752dd3869a4f4bdd3d14d
transfer_cube,47,Old kNN,92026,0,0,0.0,0.0,d7f665c00b752f7209aa87e5b82a3485c8742d27063752dd3869a4f4bdd3d14d
transfer_cube,47,Old kNN,92027,0,0,0.0,0.0,d7f665c00b752f7209aa87e5b82a3485c8742d27063752dd3869a4f4bdd3d14d
transfer_cube,47,Old kNN,92028,0,0,0.0,0.0,d7f665c00b752f7209aa87e5b82a3485c8742d27063752dd3869a4f4bdd3d14d
transfer_cube,47,Old kNN,92029,0,0,0.0,0.0,d7f665c00b752f7209aa87e5b82a3485c8742d27063752dd3869a4f4bdd3d14d
transfer_cube,47,Old kNN,92030,0,0,0.0,0.0,d7f665c00b752f7209aa87e5b82a3485c8742d27063752dd3869a4f4bdd3d14d
transfer_cube,47,Old kNN,92031,0,0,0.0,0.0,d7f665c00b752f7209aa87e5b82a3485c8742d27063752dd3869a4f4bdd3d14d
transfer_cube,47,Old kNN,92032,0,0,0.0,0.0,d7f665c00b752f7209aa87e5b82a3485c8742d27063752dd3869a4f4bdd3d14d
transfer_cube,47,Old kNN,92033,0,0,0.0,0.0,d7f665c00b752f7209aa87e5b82a3485c8742d27063752dd3869a4f4bdd3d14d
transfer_cube,47,Old kNN,92034,0,0,0.0,0.0,d7f665c00b752f7209aa87e5b82a3485c8742d27063752dd3869a4f4bdd3d14d
transfer_cube,47,Old kNN,92035,0,0,0.0,0.0,d7f665c00b752f7209aa87e5b82a3485c8742d27063752dd3869a4f4bdd3d14d
transfer_cube,47,Old kNN,92036,0,0,0.0,0.0,d7f665c00b752f7209aa87e5b82a3485c8742d27063752dd3869a4f4bdd3d14d
transfer_cube,47,Old kNN,92037,0,0,0.0,0.0,d7f665c00b752f7209aa87e5b82a3485c8742d27063752dd3869a4f4bdd3d14d
transfer_cube,47,Old kNN,92038,0,0,0.0,0.0,d7f665c00b752f7209aa87e5b82a3485c8742d27063752dd3869a4f4bdd3d14d
transfer_cube,47,Old kNN,92039,0,0,0.0,0.0,d7f665c00b752f7209aa87e5b82a3485c8742d27063752dd3869a4f4bdd3d14d
transfer_cube,47,Old deterministic,92000,0,0,0.0,0.0,7da8a674ffa473fe18463eb6029554e0d7dddd4fe928fa52544ccd09462dcbf4
transfer_cube,47,Old deterministic,92001,0,0,0.0,0.0,7da8a674ffa473fe18463eb6029554e0d7dddd4fe928fa52544ccd09462dcbf4
transfer_cube,47,Old deterministic,92002,0,0,0.0,0.0,7da8a674ffa473fe18463eb6029554e0d7dddd4fe928fa52544ccd09462dcbf4
transfer_cube,47,Old deterministic,92003,0,0,0.0,0.0,7da8a674ffa473fe18463eb6029554e0d7dddd4fe928fa52544ccd09462dcbf4
transfer_cube,47,Old deterministic,92004,0,0,0.0,0.0,7da8a674ffa473fe18463eb6029554e0d7dddd4fe928fa52544ccd09462dcbf4
transfer_cube,47,Old deterministic,92005,0,0,0.0,0.0,7da8a674ffa473fe18463eb6029554e0d7dddd4fe928fa52544ccd09462dcbf4
transfer_cube,47,Old deterministic,92006,0,0,0.0,0.0,7da8a674ffa473fe18463eb6029554e0d7dddd4fe928fa52544ccd09462dcbf4
transfer_cube,47,Old deterministic,92007,0,0,0.0,0.0,7da8a674ffa473fe18463eb6029554e0d7dddd4fe928fa52544ccd09462dcbf4
transfer_cube,47,Old deterministic,92008,0,0,0.0,0.0,7da8a674ffa473fe18463eb6029554e0d7dddd4fe928fa52544ccd09462dcbf4
transfer_cube,47,Old deterministic,92009,0,0,0.0,0.0,7da8a674ffa473fe18463eb6029554e0d7dddd4fe928fa52544ccd09462dcbf4
transfer_cube,47,Old deterministic,92010,0,0,0.0,0.0,7da8a674ffa473fe18463eb6029554e0d7dddd4fe928fa52544ccd09462dcbf4
transfer_cube,47,Old deterministic,92011,0,0,0.0,0.0,7da8a674ffa473fe18463eb6029554e0d7dddd4fe928fa52544ccd09462dcbf4
transfer_cube,47,Old deterministic,92012,0,0,0.0,0.0,7da8a674ffa473fe18463eb6029554e0d7dddd4fe928fa52544ccd09462dcbf4
transfer_cube,47,Old deterministic,92013,0,0,0.0,0.0,7da8a674ffa473fe18463eb6029554e0d7dddd4fe928fa52544ccd09462dcbf4
transfer_cube,47,Old deterministic,92014,0,0,0.0,0.0,7da8a674ffa473fe18463eb6029554e0d7dddd4fe928fa52544ccd09462dcbf4
transfer_cube,47,Old deterministic,92015,0,0,0.0,0.0,7da8a674ffa473fe18463eb6029554e0d7dddd4fe928fa52544ccd09462dcbf4
transfer_cube,47,Old deterministic,92016,0,0,0.0,0.0,7da8a674ffa473fe18463eb6029554e0d7dddd4fe928fa52544ccd09462dcbf4
transfer_cube,47,Old deterministic,92017,0,0,0.0,0.0,7da8a674ffa473fe18463eb6029554e0d7dddd4fe928fa52544ccd09462dcbf4
transfer_cube,47,Old deterministic,92018,0,0,0.0,0.0,7da8a674ffa473fe18463eb6029554e0d7dddd4fe928fa52544ccd09462dcbf4
transfer_cube,47,Old deterministic,92019,0,0,0.0,0.0,7da8a674ffa473fe18463eb6029554e0d7dddd4fe928fa52544ccd09462dcbf4
transfer_cube,47,Old deterministic,92020,0,0,0.0,0.0,7da8a674ffa473fe18463eb6029554e0d7dddd4fe928fa52544ccd09462dcbf4
transfer_cube,47,Old deterministic,92021,0,0,0.0,0.0,7da8a674ffa473fe18463eb6029554e0d7dddd4fe928fa52544ccd09462dcbf4
transfer_cube,47,Old deterministic,92022,0,0,0.0,0.0,7da8a674ffa473fe18463eb6029554e0d7dddd4fe928fa52544ccd09462dcbf4
transfer_cube,47,Old deterministic,92023,0,0,0.0,0.0,7da8a674ffa473fe18463eb6029554e0d7dddd4fe928fa52544ccd09462dcbf4
transfer_cube,47,Old deterministic,92024,0,0,0.0,0.0,7da8a674ffa473fe18463eb6029554e0d7dddd4fe928fa52544ccd09462dcbf4
transfer_cube,47,Old deterministic,92025,0,0,0.0,0.0,7da8a674ffa473fe18463eb6029554e0d7dddd4fe928fa52544ccd09462dcbf4
transfer_cube,47,Old deterministic,92026,0,0,0.0,0.0,7da8a674ffa473fe18463eb6029554e0d7dddd4fe928fa52544ccd09462dcbf4
transfer_cube,47,Old deterministic,92027,0,0,0.0,0.0,7da8a674ffa473fe18463eb6029554e0d7dddd4fe928fa52544ccd09462dcbf4
transfer_cube,47,Old deterministic,92028,0,0,0.0,0.0,7da8a674ffa473fe18463eb6029554e0d7dddd4fe928fa52544ccd09462dcbf4
transfer_cube,47,Old deterministic,92029,0,0,0.0,0.0,7da8a674ffa473fe18463eb6029554e0d7dddd4fe928fa52544ccd09462dcbf4
transfer_cube,47,Old deterministic,92030,0,0,0.0,0.0,7da8a674ffa473fe18463eb6029554e0d7dddd4fe928fa52544ccd09462dcbf4
transfer_cube,47,Old deterministic,92031,0,0,0.0,0.0,7da8a674ffa473fe18463eb6029554e0d7dddd4fe928fa52544ccd09462dcbf4
transfer_cube,47,Old deterministic,92032,0,0,0.0,0.0,7da8a674ffa473fe18463eb6029554e0d7dddd4fe928fa52544ccd09462dcbf4
transfer_cube,47,Old deterministic,92033,0,0,0.0,0.0,7da8a674ffa473fe18463eb6029554e0d7dddd4fe928fa52544ccd09462dcbf4
transfer_cube,47,Old deterministic,92034,0,0,0.0,0.0,7da8a674ffa473fe18463eb6029554e0d7dddd4fe928fa52544ccd09462dcbf4
transfer_cube,47,Old deterministic,92035,0,0,0.0,0.0,7da8a674ffa473fe18463eb6029554e0d7dddd4fe928fa52544ccd09462dcbf4
transfer_cube,47,Old deterministic,92036,0,0,0.0,0.0,7da8a674ffa473fe18463eb6029554e0d7dddd4fe928fa52544ccd09462dcbf4
transfer_cube,47,Old deterministic,92037,0,0,0.0,0.0,7da8a674ffa473fe18463eb6029554e0d7dddd4fe928fa52544ccd09462dcbf4
transfer_cube,47,Old deterministic,92038,0,0,0.0,0.0,7da8a674ffa473fe18463eb6029554e0d7dddd4fe928fa52544ccd09462dcbf4
transfer_cube,47,Old deterministic,92039,0,0,0.0,0.0,7da8a674ffa473fe18463eb6029554e0d7dddd4fe928fa52544ccd09462dcbf4
transfer_cube,47,Clip only,92000,1,1,4.0,628.0,78b347ca7f1fc49e9bef18bb772be4775ce3295deee363ff5f752340f7dc6852
transfer_cube,47,Clip only,92001,0,0,2.0,25.0,78b347ca7f1fc49e9bef18bb772be4775ce3295deee363ff5f752340f7dc6852
transfer_cube,47,Clip only,92002,1,1,4.0,658.0,78b347ca7f1fc49e9bef18bb772be4775ce3295deee363ff5f752340f7dc6852
transfer_cube,47,Clip only,92003,1,1,4.0,632.0,78b347ca7f1fc49e9bef18bb772be4775ce3295deee363ff5f752340f7dc6852
transfer_cube,47,Clip only,92004,1,1,4.0,640.0,78b347ca7f1fc49e9bef18bb772be4775ce3295deee363ff5f752340f7dc6852
transfer_cube,47,Clip only,92005,1,1,4.0,634.0,78b347ca7f1fc49e9bef18bb772be4775ce3295deee363ff5f752340f7dc6852
transfer_cube,47,Clip only,92006,1,1,4.0,631.0,78b347ca7f1fc49e9bef18bb772be4775ce3295deee363ff5f752340f7dc6852
transfer_cube,47,Clip only,92007,1,1,4.0,612.0,78b347ca7f1fc49e9bef18bb772be4775ce3295deee363ff5f752340f7dc6852
transfer_cube,47,Clip only,92008,0,0,0.0,0.0,78b347ca7f1fc49e9bef18bb772be4775ce3295deee363ff5f752340f7dc6852
transfer_cube,47,Clip only,92009,0,0,2.0,42.0,78b347ca7f1fc49e9bef18bb772be4775ce3295deee363ff5f752340f7dc6852
transfer_cube,47,Clip only,92010,1,1,4.0,622.0,78b347ca7f1fc49e9bef18bb772be4775ce3295deee363ff5f752340f7dc6852
transfer_cube,47,Clip only,92011,0,0,2.0,18.0,78b347ca7f1fc49e9bef18bb772be4775ce3295deee363ff5f752340f7dc6852
transfer_cube,47,Clip only,92012,0,0,2.0,25.0,78b347ca7f1fc49e9bef18bb772be4775ce3295deee363ff5f752340f7dc6852
transfer_cube,47,Clip only,92013,0,0,0.0,0.0,78b347ca7f1fc49e9bef18bb772be4775ce3295deee363ff5f752340f7dc6852
transfer_cube,47,Clip only,92014,1,1,4.0,620.0,78b347ca7f1fc49e9bef18bb772be4775ce3295deee363ff5f752340f7dc6852
transfer_cube,47,Clip only,92015,1,1,4.0,642.0,78b347ca7f1fc49e9bef18bb772be4775ce3295deee363ff5f752340f7dc6852
transfer_cube,47,Clip only,92016,1,1,4.0,631.0,78b347ca7f1fc49e9bef18bb772be4775ce3295deee363ff5f752340f7dc6852
transfer_cube,47,Clip only,92017,1,1,4.0,643.0,78b347ca7f1fc49e9bef18bb772be4775ce3295deee363ff5f752340f7dc6852
transfer_cube,47,Clip only,92018,0,0,2.0,36.0,78b347ca7f1fc49e9bef18bb772be4775ce3295deee363ff5f752340f7dc6852
transfer_cube,47,Clip only,92019,0,0,0.0,0.0,78b347ca7f1fc49e9bef18bb772be4775ce3295deee363ff5f752340f7dc6852
transfer_cube,47,Clip only,92020,1,1,4.0,682.0,78b347ca7f1fc49e9bef18bb772be4775ce3295deee363ff5f752340f7dc6852
transfer_cube,47,Clip only,92021,1,1,4.0,614.0,78b347ca7f1fc49e9bef18bb772be4775ce3295deee363ff5f752340f7dc6852
transfer_cube,47,Clip only,92022,1,1,4.0,632.0,78b347ca7f1fc49e9bef18bb772be4775ce3295deee363ff5f752340f7dc6852
transfer_cube,47,Clip only,92023,0,0,2.0,16.0,78b347ca7f1fc49e9bef18bb772be4775ce3295deee363ff5f752340f7dc6852
transfer_cube,47,Clip only,92024,0,0,1.0,2.0,78b347ca7f1fc49e9bef18bb772be4775ce3295deee363ff5f752340f7dc6852
transfer_cube,47,Clip only,92025,0,0,1.0,3.0,78b347ca7f1fc49e9bef18bb772be4775ce3295deee363ff5f752340f7dc6852
transfer_cube,47,Clip only,92026,1,1,4.0,640.0,78b347ca7f1fc49e9bef18bb772be4775ce3295deee363ff5f752340f7dc6852
transfer_cube,47,Clip only,92027,0,0,1.0,6.0,78b347ca7f1fc49e9bef18bb772be4775ce3295deee363ff5f752340f7dc6852
transfer_cube,47,Clip only,92028,1,1,4.0,634.0,78b347ca7f1fc49e9bef18bb772be4775ce3295deee363ff5f752340f7dc6852
transfer_cube,47,Clip only,92029,1,1,4.0,647.0,78b347ca7f1fc49e9bef18bb772be4775ce3295deee363ff5f752340f7dc6852
transfer_cube,47,Clip only,92030,1,1,4.0,623.0,78b347ca7f1fc49e9bef18bb772be4775ce3295deee363ff5f752340f7dc6852
transfer_cube,47,Clip only,92031,1,1,4.0,613.0,78b347ca7f1fc49e9bef18bb772be4775ce3295deee363ff5f752340f7dc6852
transfer_cube,47,Clip only,92032,1,1,4.0,647.0,78b347ca7f1fc49e9bef18bb772be4775ce3295deee363ff5f752340f7dc6852
transfer_cube,47,Clip only,92033,1,1,4.0,698.0,78b347ca7f1fc49e9bef18bb772be4775ce3295deee363ff5f752340f7dc6852
transfer_cube,47,Clip only,92034,1,1,4.0,642.0,78b347ca7f1fc49e9bef18bb772be4775ce3295deee363ff5f752340f7dc6852
transfer_cube,47,Clip only,92035,0,0,2.0,31.0,78b347ca7f1fc49e9bef18bb772be4775ce3295deee363ff5f752340f7dc6852
transfer_cube,47,Clip only,92036,1,1,4.0,653.0,78b347ca7f1fc49e9bef18bb772be4775ce3295deee363ff5f752340f7dc6852
transfer_cube,47,Clip only,92037,0,0,0.0,0.0,78b347ca7f1fc49e9bef18bb772be4775ce3295deee363ff5f752340f7dc6852
transfer_cube,47,Clip only,92038,1,1,4.0,639.0,78b347ca7f1fc49e9bef18bb772be4775ce3295deee363ff5f752340f7dc6852
transfer_cube,47,Clip only,92039,1,1,4.0,657.0,78b347ca7f1fc49e9bef18bb772be4775ce3295deee363ff5f752340f7dc6852
insertion,7,Clean repeat,92000,0,0,0.0,0.0,2bd693df8a9eae21e63bde64b3e270545668eee69a9f3f96519953b4307d1892
insertion,7,Clean repeat,92001,0,0,3.0,218.0,2bd693df8a9eae21e63bde64b3e270545668eee69a9f3f96519953b4307d1892
insertion,7,Clean repeat,92002,1,0,4.0,425.0,2bd693df8a9eae21e63bde64b3e270545668eee69a9f3f96519953b4307d1892
insertion,7,Clean repeat,92003,0,0,2.0,12.0,2bd693df8a9eae21e63bde64b3e270545668eee69a9f3f96519953b4307d1892
insertion,7,Clean repeat,92004,0,0,3.0,138.0,2bd693df8a9eae21e63bde64b3e270545668eee69a9f3f96519953b4307d1892
insertion,7,Clean repeat,92005,0,0,3.0,201.0,2bd693df8a9eae21e63bde64b3e270545668eee69a9f3f96519953b4307d1892
insertion,7,Clean repeat,92006,0,0,3.0,395.0,2bd693df8a9eae21e63bde64b3e270545668eee69a9f3f96519953b4307d1892
insertion,7,Clean repeat,92007,0,0,3.0,222.0,2bd693df8a9eae21e63bde64b3e270545668eee69a9f3f96519953b4307d1892
insertion,7,Clean repeat,92008,0,0,3.0,161.0,2bd693df8a9eae21e63bde64b3e270545668eee69a9f3f96519953b4307d1892
insertion,7,Clean repeat,92009,0,0,3.0,169.0,2bd693df8a9eae21e63bde64b3e270545668eee69a9f3f96519953b4307d1892
insertion,7,Clean repeat,92010,1,0,4.0,453.0,2bd693df8a9eae21e63bde64b3e270545668eee69a9f3f96519953b4307d1892
insertion,7,Clean repeat,92011,0,0,0.0,0.0,2bd693df8a9eae21e63bde64b3e270545668eee69a9f3f96519953b4307d1892
insertion,7,Clean repeat,92012,0,0,0.0,0.0,2bd693df8a9eae21e63bde64b3e270545668eee69a9f3f96519953b4307d1892
insertion,7,Clean repeat,92013,0,0,3.0,186.0,2bd693df8a9eae21e63bde64b3e270545668eee69a9f3f96519953b4307d1892
insertion,7,Clean repeat,92014,0,0,3.0,313.0,2bd693df8a9eae21e63bde64b3e270545668eee69a9f3f96519953b4307d1892
insertion,7,Clean repeat,92015,1,0,4.0,437.0,2bd693df8a9eae21e63bde64b3e270545668eee69a9f3f96519953b4307d1892
insertion,7,Clean repeat,92016,0,0,3.0,381.0,2bd693df8a9eae21e63bde64b3e270545668eee69a9f3f96519953b4307d1892
insertion,7,Clean repeat,92017,1,0,4.0,427.0,2bd693df8a9eae21e63bde64b3e270545668eee69a9f3f96519953b4307d1892
insertion,7,Clean repeat,92018,0,0,3.0,183.0,2bd693df8a9eae21e63bde64b3e270545668eee69a9f3f96519953b4307d1892
insertion,7,Clean repeat,92019,0,0,1.0,15.0,2bd693df8a9eae21e63bde64b3e270545668eee69a9f3f96519953b4307d1892
insertion,7,Clean repeat,92020,1,1,4.0,437.0,2bd693df8a9eae21e63bde64b3e270545668eee69a9f3f96519953b4307d1892
insertion,7,Clean repeat,92021,0,0,3.0,263.0,2bd693df8a9eae21e63bde64b3e270545668eee69a9f3f96519953b4307d1892
insertion,7,Clean repeat,92022,0,0,3.0,385.0,2bd693df8a9eae21e63bde64b3e270545668eee69a9f3f96519953b4307d1892
insertion,7,Clean repeat,92023,0,0,3.0,244.0,2bd693df8a9eae21e63bde64b3e270545668eee69a9f3f96519953b4307d1892
insertion,7,Clean repeat,92024,1,0,4.0,357.0,2bd693df8a9eae21e63bde64b3e270545668eee69a9f3f96519953b4307d1892
insertion,7,Clean repeat,92025,1,0,4.0,365.0,2bd693df8a9eae21e63bde64b3e270545668eee69a9f3f96519953b4307d1892
insertion,7,Clean repeat,92026,1,0,4.0,422.0,2bd693df8a9eae21e63bde64b3e270545668eee69a9f3f96519953b4307d1892
insertion,7,Clean repeat,92027,1,0,4.0,457.0,2bd693df8a9eae21e63bde64b3e270545668eee69a9f3f96519953b4307d1892
insertion,7,Clean repeat,92028,0,0,3.0,187.0,2bd693df8a9eae21e63bde64b3e270545668eee69a9f3f96519953b4307d1892
insertion,7,Clean repeat,92029,0,0,3.0,453.0,2bd693df8a9eae21e63bde64b3e270545668eee69a9f3f96519953b4307d1892
insertion,7,Clean repeat,92030,0,0,2.0,24.0,2bd693df8a9eae21e63bde64b3e270545668eee69a9f3f96519953b4307d1892
insertion,7,Clean repeat,92031,1,0,4.0,410.0,2bd693df8a9eae21e63bde64b3e270545668eee69a9f3f96519953b4307d1892
insertion,7,Clean repeat,92032,0,0,3.0,234.0,2bd693df8a9eae21e63bde64b3e270545668eee69a9f3f96519953b4307d1892
insertion,7,Clean repeat,92033,0,0,3.0,380.0,2bd693df8a9eae21e63bde64b3e270545668eee69a9f3f96519953b4307d1892
insertion,7,Clean repeat,92034,0,0,3.0,167.0,2bd693df8a9eae21e63bde64b3e270545668eee69a9f3f96519953b4307d1892
insertion,7,Clean repeat,92035,0,0,2.0,9.0,2bd693df8a9eae21e63bde64b3e270545668eee69a9f3f96519953b4307d1892
insertion,7,Clean repeat,92036,1,0,4.0,441.0,2bd693df8a9eae21e63bde64b3e270545668eee69a9f3f96519953b4307d1892
insertion,7,Clean repeat,92037,1,0,4.0,409.0,2bd693df8a9eae21e63bde64b3e270545668eee69a9f3f96519953b4307d1892
insertion,7,Clean repeat,92038,0,0,2.0,22.0,2bd693df8a9eae21e63bde64b3e270545668eee69a9f3f96519953b4307d1892
insertion,7,Clean repeat,92039,0,0,2.0,11.0,2bd693df8a9eae21e63bde64b3e270545668eee69a9f3f96519953b4307d1892
insertion,7,Calibrated recovery,92000,0,0,3.0,427.0,30d3eb367b19df3e18a199ef8cb8fb7991f39c4789a78338ee79b7aba8a23153
insertion,7,Calibrated recovery,92001,1,1,4.0,473.0,30d3eb367b19df3e18a199ef8cb8fb7991f39c4789a78338ee79b7aba8a23153
insertion,7,Calibrated recovery,92002,1,1,4.0,453.0,30d3eb367b19df3e18a199ef8cb8fb7991f39c4789a78338ee79b7aba8a23153
insertion,7,Calibrated recovery,92003,0,0,3.0,207.0,30d3eb367b19df3e18a199ef8cb8fb7991f39c4789a78338ee79b7aba8a23153
insertion,7,Calibrated recovery,92004,0,0,3.0,396.0,30d3eb367b19df3e18a199ef8cb8fb7991f39c4789a78338ee79b7aba8a23153
insertion,7,Calibrated recovery,92005,1,1,4.0,429.0,30d3eb367b19df3e18a199ef8cb8fb7991f39c4789a78338ee79b7aba8a23153
insertion,7,Calibrated recovery,92006,1,1,4.0,469.0,30d3eb367b19df3e18a199ef8cb8fb7991f39c4789a78338ee79b7aba8a23153
insertion,7,Calibrated recovery,92007,0,0,3.0,242.0,30d3eb367b19df3e18a199ef8cb8fb7991f39c4789a78338ee79b7aba8a23153
insertion,7,Calibrated recovery,92008,0,0,3.0,417.0,30d3eb367b19df3e18a199ef8cb8fb7991f39c4789a78338ee79b7aba8a23153
insertion,7,Calibrated recovery,92009,1,1,4.0,465.0,30d3eb367b19df3e18a199ef8cb8fb7991f39c4789a78338ee79b7aba8a23153
insertion,7,Calibrated recovery,92010,1,1,4.0,422.0,30d3eb367b19df3e18a199ef8cb8fb7991f39c4789a78338ee79b7aba8a23153
insertion,7,Calibrated recovery,92011,0,0,3.0,414.0,30d3eb367b19df3e18a199ef8cb8fb7991f39c4789a78338ee79b7aba8a23153
insertion,7,Calibrated recovery,92012,1,1,4.0,460.0,30d3eb367b19df3e18a199ef8cb8fb7991f39c4789a78338ee79b7aba8a23153
insertion,7,Calibrated recovery,92013,1,1,4.0,484.0,30d3eb367b19df3e18a199ef8cb8fb7991f39c4789a78338ee79b7aba8a23153
insertion,7,Calibrated recovery,92014,1,1,4.0,422.0,30d3eb367b19df3e18a199ef8cb8fb7991f39c4789a78338ee79b7aba8a23153
insertion,7,Calibrated recovery,92015,1,1,4.0,450.0,30d3eb367b19df3e18a199ef8cb8fb7991f39c4789a78338ee79b7aba8a23153
insertion,7,Calibrated recovery,92016,1,1,4.0,371.0,30d3eb367b19df3e18a199ef8cb8fb7991f39c4789a78338ee79b7aba8a23153
insertion,7,Calibrated recovery,92017,1,1,4.0,432.0,30d3eb367b19df3e18a199ef8cb8fb7991f39c4789a78338ee79b7aba8a23153
insertion,7,Calibrated recovery,92018,1,1,4.0,473.0,30d3eb367b19df3e18a199ef8cb8fb7991f39c4789a78338ee79b7aba8a23153
insertion,7,Calibrated recovery,92019,0,0,1.0,7.0,30d3eb367b19df3e18a199ef8cb8fb7991f39c4789a78338ee79b7aba8a23153
insertion,7,Calibrated recovery,92020,1,1,4.0,487.0,30d3eb367b19df3e18a199ef8cb8fb7991f39c4789a78338ee79b7aba8a23153
insertion,7,Calibrated recovery,92021,0,0,3.0,416.0,30d3eb367b19df3e18a199ef8cb8fb7991f39c4789a78338ee79b7aba8a23153
insertion,7,Calibrated recovery,92022,0,0,2.0,351.0,30d3eb367b19df3e18a199ef8cb8fb7991f39c4789a78338ee79b7aba8a23153
insertion,7,Calibrated recovery,92023,1,1,4.0,488.0,30d3eb367b19df3e18a199ef8cb8fb7991f39c4789a78338ee79b7aba8a23153
insertion,7,Calibrated recovery,92024,0,0,2.0,330.0,30d3eb367b19df3e18a199ef8cb8fb7991f39c4789a78338ee79b7aba8a23153
insertion,7,Calibrated recovery,92025,1,1,4.0,468.0,30d3eb367b19df3e18a199ef8cb8fb7991f39c4789a78338ee79b7aba8a23153
insertion,7,Calibrated recovery,92026,0,0,3.0,439.0,30d3eb367b19df3e18a199ef8cb8fb7991f39c4789a78338ee79b7aba8a23153
insertion,7,Calibrated recovery,92027,0,0,2.0,338.0,30d3eb367b19df3e18a199ef8cb8fb7991f39c4789a78338ee79b7aba8a23153
insertion,7,Calibrated recovery,92028,1,1,4.0,478.0,30d3eb367b19df3e18a199ef8cb8fb7991f39c4789a78338ee79b7aba8a23153
insertion,7,Calibrated recovery,92029,0,0,3.0,397.0,30d3eb367b19df3e18a199ef8cb8fb7991f39c4789a78338ee79b7aba8a23153
insertion,7,Calibrated recovery,92030,1,1,4.0,463.0,30d3eb367b19df3e18a199ef8cb8fb7991f39c4789a78338ee79b7aba8a23153
insertion,7,Calibrated recovery,92031,1,1,4.0,486.0,30d3eb367b19df3e18a199ef8cb8fb7991f39c4789a78338ee79b7aba8a23153
insertion,7,Calibrated recovery,92032,0,0,3.0,420.0,30d3eb367b19df3e18a199ef8cb8fb7991f39c4789a78338ee79b7aba8a23153
insertion,7,Calibrated recovery,92033,1,1,4.0,386.0,30d3eb367b19df3e18a199ef8cb8fb7991f39c4789a78338ee79b7aba8a23153
insertion,7,Calibrated recovery,92034,0,0,3.0,417.0,30d3eb367b19df3e18a199ef8cb8fb7991f39c4789a78338ee79b7aba8a23153
insertion,7,Calibrated recovery,92035,1,1,4.0,482.0,30d3eb367b19df3e18a199ef8cb8fb7991f39c4789a78338ee79b7aba8a23153
insertion,7,Calibrated recovery,92036,1,1,4.0,449.0,30d3eb367b19df3e18a199ef8cb8fb7991f39c4789a78338ee79b7aba8a23153
insertion,7,Calibrated recovery,92037,1,1,4.0,496.0,30d3eb367b19df3e18a199ef8cb8fb7991f39c4789a78338ee79b7aba8a23153
insertion,7,Calibrated recovery,92038,0,0,2.0,26.0,30d3eb367b19df3e18a199ef8cb8fb7991f39c4789a78338ee79b7aba8a23153
insertion,7,Calibrated recovery,92039,0,0,3.0,376.0,30d3eb367b19df3e18a199ef8cb8fb7991f39c4789a78338ee79b7aba8a23153
insertion,7,Gaussian recovery,92000,0,0,3.0,370.0,ed969481cd8b4b7bbe323e48c0da319ab7e93443dc29a3b11fa05e30371f6ba2
insertion,7,Gaussian recovery,92001,0,0,3.0,399.0,ed969481cd8b4b7bbe323e48c0da319ab7e93443dc29a3b11fa05e30371f6ba2
insertion,7,Gaussian recovery,92002,1,0,4.0,454.0,ed969481cd8b4b7bbe323e48c0da319ab7e93443dc29a3b11fa05e30371f6ba2
insertion,7,Gaussian recovery,92003,0,0,3.0,227.0,ed969481cd8b4b7bbe323e48c0da319ab7e93443dc29a3b11fa05e30371f6ba2
insertion,7,Gaussian recovery,92004,1,0,4.0,405.0,ed969481cd8b4b7bbe323e48c0da319ab7e93443dc29a3b11fa05e30371f6ba2
insertion,7,Gaussian recovery,92005,0,0,2.0,365.0,ed969481cd8b4b7bbe323e48c0da319ab7e93443dc29a3b11fa05e30371f6ba2
insertion,7,Gaussian recovery,92006,1,1,4.0,411.0,ed969481cd8b4b7bbe323e48c0da319ab7e93443dc29a3b11fa05e30371f6ba2
insertion,7,Gaussian recovery,92007,0,0,3.0,372.0,ed969481cd8b4b7bbe323e48c0da319ab7e93443dc29a3b11fa05e30371f6ba2
insertion,7,Gaussian recovery,92008,0,0,3.0,399.0,ed969481cd8b4b7bbe323e48c0da319ab7e93443dc29a3b11fa05e30371f6ba2
insertion,7,Gaussian recovery,92009,1,0,4.0,462.0,ed969481cd8b4b7bbe323e48c0da319ab7e93443dc29a3b11fa05e30371f6ba2
insertion,7,Gaussian recovery,92010,1,0,4.0,458.0,ed969481cd8b4b7bbe323e48c0da319ab7e93443dc29a3b11fa05e30371f6ba2
insertion,7,Gaussian recovery,92011,1,0,4.0,464.0,ed969481cd8b4b7bbe323e48c0da319ab7e93443dc29a3b11fa05e30371f6ba2
insertion,7,Gaussian recovery,92012,0,0,3.0,400.0,ed969481cd8b4b7bbe323e48c0da319ab7e93443dc29a3b11fa05e30371f6ba2
insertion,7,Gaussian recovery,92013,1,0,4.0,448.0,ed969481cd8b4b7bbe323e48c0da319ab7e93443dc29a3b11fa05e30371f6ba2
insertion,7,Gaussian recovery,92014,0,0,2.0,360.0,ed969481cd8b4b7bbe323e48c0da319ab7e93443dc29a3b11fa05e30371f6ba2
insertion,7,Gaussian recovery,92015,0,0,2.0,355.0,ed969481cd8b4b7bbe323e48c0da319ab7e93443dc29a3b11fa05e30371f6ba2
insertion,7,Gaussian recovery,92016,1,0,4.0,422.0,ed969481cd8b4b7bbe323e48c0da319ab7e93443dc29a3b11fa05e30371f6ba2
insertion,7,Gaussian recovery,92017,1,0,4.0,466.0,ed969481cd8b4b7bbe323e48c0da319ab7e93443dc29a3b11fa05e30371f6ba2
insertion,7,Gaussian recovery,92018,1,0,4.0,445.0,ed969481cd8b4b7bbe323e48c0da319ab7e93443dc29a3b11fa05e30371f6ba2
insertion,7,Gaussian recovery,92019,0,0,1.0,15.0,ed969481cd8b4b7bbe323e48c0da319ab7e93443dc29a3b11fa05e30371f6ba2
insertion,7,Gaussian recovery,92020,1,1,4.0,458.0,ed969481cd8b4b7bbe323e48c0da319ab7e93443dc29a3b11fa05e30371f6ba2
insertion,7,Gaussian recovery,92021,0,0,3.0,221.0,ed969481cd8b4b7bbe323e48c0da319ab7e93443dc29a3b11fa05e30371f6ba2
insertion,7,Gaussian recovery,92022,0,0,3.0,379.0,ed969481cd8b4b7bbe323e48c0da319ab7e93443dc29a3b11fa05e30371f6ba2
insertion,7,Gaussian recovery,92023,1,1,4.0,459.0,ed969481cd8b4b7bbe323e48c0da319ab7e93443dc29a3b11fa05e30371f6ba2
insertion,7,Gaussian recovery,92024,0,0,2.0,339.0,ed969481cd8b4b7bbe323e48c0da319ab7e93443dc29a3b11fa05e30371f6ba2
insertion,7,Gaussian recovery,92025,1,0,4.0,434.0,ed969481cd8b4b7bbe323e48c0da319ab7e93443dc29a3b11fa05e30371f6ba2
insertion,7,Gaussian recovery,92026,1,0,4.0,435.0,ed969481cd8b4b7bbe323e48c0da319ab7e93443dc29a3b11fa05e30371f6ba2
insertion,7,Gaussian recovery,92027,0,0,3.0,58.0,ed969481cd8b4b7bbe323e48c0da319ab7e93443dc29a3b11fa05e30371f6ba2
insertion,7,Gaussian recovery,92028,1,0,4.0,437.0,ed969481cd8b4b7bbe323e48c0da319ab7e93443dc29a3b11fa05e30371f6ba2
insertion,7,Gaussian recovery,92029,1,1,4.0,437.0,ed969481cd8b4b7bbe323e48c0da319ab7e93443dc29a3b11fa05e30371f6ba2
insertion,7,Gaussian recovery,92030,1,0,4.0,459.0,ed969481cd8b4b7bbe323e48c0da319ab7e93443dc29a3b11fa05e30371f6ba2
insertion,7,Gaussian recovery,92031,1,1,4.0,470.0,ed969481cd8b4b7bbe323e48c0da319ab7e93443dc29a3b11fa05e30371f6ba2
insertion,7,Gaussian recovery,92032,0,0,3.0,386.0,ed969481cd8b4b7bbe323e48c0da319ab7e93443dc29a3b11fa05e30371f6ba2
insertion,7,Gaussian recovery,92033,0,0,2.0,361.0,ed969481cd8b4b7bbe323e48c0da319ab7e93443dc29a3b11fa05e30371f6ba2
insertion,7,Gaussian recovery,92034,1,0,4.0,462.0,ed969481cd8b4b7bbe323e48c0da319ab7e93443dc29a3b11fa05e30371f6ba2
insertion,7,Gaussian recovery,92035,1,1,4.0,462.0,ed969481cd8b4b7bbe323e48c0da319ab7e93443dc29a3b11fa05e30371f6ba2
insertion,7,Gaussian recovery,92036,0,0,2.0,360.0,ed969481cd8b4b7bbe323e48c0da319ab7e93443dc29a3b11fa05e30371f6ba2
insertion,7,Gaussian recovery,92037,1,1,4.0,460.0,ed969481cd8b4b7bbe323e48c0da319ab7e93443dc29a3b11fa05e30371f6ba2
insertion,7,Gaussian recovery,92038,1,1,4.0,444.0,ed969481cd8b4b7bbe323e48c0da319ab7e93443dc29a3b11fa05e30371f6ba2
insertion,7,Gaussian recovery,92039,0,0,2.0,5.0,ed969481cd8b4b7bbe323e48c0da319ab7e93443dc29a3b11fa05e30371f6ba2
insertion,7,Frozen context,92000,0,0,2.0,28.0,b287ba3fb1ad8b755e7ab00d54b7be68fff7b81952a35cbe68b9611e0b4e8a1b
insertion,7,Frozen context,92001,0,0,2.0,72.0,b287ba3fb1ad8b755e7ab00d54b7be68fff7b81952a35cbe68b9611e0b4e8a1b
insertion,7,Frozen context,92002,1,0,4.0,433.0,b287ba3fb1ad8b755e7ab00d54b7be68fff7b81952a35cbe68b9611e0b4e8a1b
insertion,7,Frozen context,92003,0,0,2.0,85.0,b287ba3fb1ad8b755e7ab00d54b7be68fff7b81952a35cbe68b9611e0b4e8a1b
insertion,7,Frozen context,92004,0,0,3.0,150.0,b287ba3fb1ad8b755e7ab00d54b7be68fff7b81952a35cbe68b9611e0b4e8a1b
insertion,7,Frozen context,92005,1,1,4.0,456.0,b287ba3fb1ad8b755e7ab00d54b7be68fff7b81952a35cbe68b9611e0b4e8a1b
insertion,7,Frozen context,92006,1,0,4.0,438.0,b287ba3fb1ad8b755e7ab00d54b7be68fff7b81952a35cbe68b9611e0b4e8a1b
insertion,7,Frozen context,92007,1,0,4.0,453.0,b287ba3fb1ad8b755e7ab00d54b7be68fff7b81952a35cbe68b9611e0b4e8a1b
insertion,7,Frozen context,92008,0,0,3.0,191.0,b287ba3fb1ad8b755e7ab00d54b7be68fff7b81952a35cbe68b9611e0b4e8a1b
insertion,7,Frozen context,92009,0,0,2.0,108.0,b287ba3fb1ad8b755e7ab00d54b7be68fff7b81952a35cbe68b9611e0b4e8a1b
insertion,7,Frozen context,92010,1,0,4.0,428.0,b287ba3fb1ad8b755e7ab00d54b7be68fff7b81952a35cbe68b9611e0b4e8a1b
insertion,7,Frozen context,92011,0,0,3.0,132.0,b287ba3fb1ad8b755e7ab00d54b7be68fff7b81952a35cbe68b9611e0b4e8a1b
insertion,7,Frozen context,92012,0,0,3.0,116.0,b287ba3fb1ad8b755e7ab00d54b7be68fff7b81952a35cbe68b9611e0b4e8a1b
insertion,7,Frozen context,92013,0,0,3.0,362.0,b287ba3fb1ad8b755e7ab00d54b7be68fff7b81952a35cbe68b9611e0b4e8a1b
insertion,7,Frozen context,92014,0,0,2.0,310.0,b287ba3fb1ad8b755e7ab00d54b7be68fff7b81952a35cbe68b9611e0b4e8a1b
insertion,7,Frozen context,92015,0,0,2.0,366.0,b287ba3fb1ad8b755e7ab00d54b7be68fff7b81952a35cbe68b9611e0b4e8a1b
insertion,7,Frozen context,92016,0,0,2.0,340.0,b287ba3fb1ad8b755e7ab00d54b7be68fff7b81952a35cbe68b9611e0b4e8a1b
insertion,7,Frozen context,92017,1,1,4.0,376.0,b287ba3fb1ad8b755e7ab00d54b7be68fff7b81952a35cbe68b9611e0b4e8a1b
insertion,7,Frozen context,92018,0,0,3.0,380.0,b287ba3fb1ad8b755e7ab00d54b7be68fff7b81952a35cbe68b9611e0b4e8a1b
insertion,7,Frozen context,92019,0,0,1.0,12.0,b287ba3fb1ad8b755e7ab00d54b7be68fff7b81952a35cbe68b9611e0b4e8a1b
insertion,7,Frozen context,92020,1,0,4.0,459.0,b287ba3fb1ad8b755e7ab00d54b7be68fff7b81952a35cbe68b9611e0b4e8a1b
insertion,7,Frozen context,92021,0,0,3.0,385.0,b287ba3fb1ad8b755e7ab00d54b7be68fff7b81952a35cbe68b9611e0b4e8a1b
insertion,7,Frozen context,92022,1,0,4.0,405.0,b287ba3fb1ad8b755e7ab00d54b7be68fff7b81952a35cbe68b9611e0b4e8a1b
insertion,7,Frozen context,92023,0,0,3.0,366.0,b287ba3fb1ad8b755e7ab00d54b7be68fff7b81952a35cbe68b9611e0b4e8a1b
insertion,7,Frozen context,92024,0,0,2.0,339.0,b287ba3fb1ad8b755e7ab00d54b7be68fff7b81952a35cbe68b9611e0b4e8a1b
insertion,7,Frozen context,92025,1,0,4.0,441.0,b287ba3fb1ad8b755e7ab00d54b7be68fff7b81952a35cbe68b9611e0b4e8a1b
insertion,7,Frozen context,92026,0,0,3.0,411.0,b287ba3fb1ad8b755e7ab00d54b7be68fff7b81952a35cbe68b9611e0b4e8a1b
insertion,7,Frozen context,92027,0,0,2.0,29.0,b287ba3fb1ad8b755e7ab00d54b7be68fff7b81952a35cbe68b9611e0b4e8a1b
insertion,7,Frozen context,92028,0,0,3.0,315.0,b287ba3fb1ad8b755e7ab00d54b7be68fff7b81952a35cbe68b9611e0b4e8a1b
insertion,7,Frozen context,92029,1,1,4.0,439.0,b287ba3fb1ad8b755e7ab00d54b7be68fff7b81952a35cbe68b9611e0b4e8a1b
insertion,7,Frozen context,92030,0,0,2.0,10.0,b287ba3fb1ad8b755e7ab00d54b7be68fff7b81952a35cbe68b9611e0b4e8a1b
insertion,7,Frozen context,92031,1,1,4.0,449.0,b287ba3fb1ad8b755e7ab00d54b7be68fff7b81952a35cbe68b9611e0b4e8a1b
insertion,7,Frozen context,92032,1,0,4.0,429.0,b287ba3fb1ad8b755e7ab00d54b7be68fff7b81952a35cbe68b9611e0b4e8a1b
insertion,7,Frozen context,92033,0,0,3.0,380.0,b287ba3fb1ad8b755e7ab00d54b7be68fff7b81952a35cbe68b9611e0b4e8a1b
insertion,7,Frozen context,92034,1,0,4.0,454.0,b287ba3fb1ad8b755e7ab00d54b7be68fff7b81952a35cbe68b9611e0b4e8a1b
insertion,7,Frozen context,92035,0,0,1.0,1.0,b287ba3fb1ad8b755e7ab00d54b7be68fff7b81952a35cbe68b9611e0b4e8a1b
insertion,7,Frozen context,92036,0,0,2.0,358.0,b287ba3fb1ad8b755e7ab00d54b7be68fff7b81952a35cbe68b9611e0b4e8a1b
insertion,7,Frozen context,92037,1,0,4.0,199.0,b287ba3fb1ad8b755e7ab00d54b7be68fff7b81952a35cbe68b9611e0b4e8a1b
insertion,7,Frozen context,92038,0,0,3.0,409.0,b287ba3fb1ad8b755e7ab00d54b7be68fff7b81952a35cbe68b9611e0b4e8a1b
insertion,7,Frozen context,92039,0,0,3.0,368.0,b287ba3fb1ad8b755e7ab00d54b7be68fff7b81952a35cbe68b9611e0b4e8a1b
insertion,7,Old SCANA,92000,0,0,0.0,0.0,27aa50a961199ec4c8e5703067b521599c446c4a130f6b120868932804e8f64d
insertion,7,Old SCANA,92001,0,0,0.0,0.0,27aa50a961199ec4c8e5703067b521599c446c4a130f6b120868932804e8f64d
insertion,7,Old SCANA,92002,0,0,0.0,0.0,27aa50a961199ec4c8e5703067b521599c446c4a130f6b120868932804e8f64d
insertion,7,Old SCANA,92003,0,0,0.0,0.0,27aa50a961199ec4c8e5703067b521599c446c4a130f6b120868932804e8f64d
insertion,7,Old SCANA,92004,0,0,0.0,0.0,27aa50a961199ec4c8e5703067b521599c446c4a130f6b120868932804e8f64d
insertion,7,Old SCANA,92005,0,0,0.0,0.0,27aa50a961199ec4c8e5703067b521599c446c4a130f6b120868932804e8f64d
insertion,7,Old SCANA,92006,0,0,0.0,0.0,27aa50a961199ec4c8e5703067b521599c446c4a130f6b120868932804e8f64d
insertion,7,Old SCANA,92007,0,0,0.0,0.0,27aa50a961199ec4c8e5703067b521599c446c4a130f6b120868932804e8f64d
insertion,7,Old SCANA,92008,0,0,0.0,0.0,27aa50a961199ec4c8e5703067b521599c446c4a130f6b120868932804e8f64d
insertion,7,Old SCANA,92009,0,0,0.0,0.0,27aa50a961199ec4c8e5703067b521599c446c4a130f6b120868932804e8f64d
insertion,7,Old SCANA,92010,0,0,0.0,0.0,27aa50a961199ec4c8e5703067b521599c446c4a130f6b120868932804e8f64d
insertion,7,Old SCANA,92011,0,0,0.0,0.0,27aa50a961199ec4c8e5703067b521599c446c4a130f6b120868932804e8f64d
insertion,7,Old SCANA,92012,0,0,0.0,0.0,27aa50a961199ec4c8e5703067b521599c446c4a130f6b120868932804e8f64d
insertion,7,Old SCANA,92013,0,0,0.0,0.0,27aa50a961199ec4c8e5703067b521599c446c4a130f6b120868932804e8f64d
insertion,7,Old SCANA,92014,0,0,0.0,0.0,27aa50a961199ec4c8e5703067b521599c446c4a130f6b120868932804e8f64d
insertion,7,Old SCANA,92015,0,0,0.0,0.0,27aa50a961199ec4c8e5703067b521599c446c4a130f6b120868932804e8f64d
insertion,7,Old SCANA,92016,0,0,0.0,0.0,27aa50a961199ec4c8e5703067b521599c446c4a130f6b120868932804e8f64d
insertion,7,Old SCANA,92017,0,0,0.0,0.0,27aa50a961199ec4c8e5703067b521599c446c4a130f6b120868932804e8f64d
insertion,7,Old SCANA,92018,0,0,0.0,0.0,27aa50a961199ec4c8e5703067b521599c446c4a130f6b120868932804e8f64d
insertion,7,Old SCANA,92019,0,0,0.0,0.0,27aa50a961199ec4c8e5703067b521599c446c4a130f6b120868932804e8f64d
insertion,7,Old SCANA,92020,0,0,0.0,0.0,27aa50a961199ec4c8e5703067b521599c446c4a130f6b120868932804e8f64d
insertion,7,Old SCANA,92021,0,0,0.0,0.0,27aa50a961199ec4c8e5703067b521599c446c4a130f6b120868932804e8f64d
insertion,7,Old SCANA,92022,0,0,0.0,0.0,27aa50a961199ec4c8e5703067b521599c446c4a130f6b120868932804e8f64d
insertion,7,Old SCANA,92023,0,0,0.0,0.0,27aa50a961199ec4c8e5703067b521599c446c4a130f6b120868932804e8f64d
insertion,7,Old SCANA,92024,0,0,0.0,0.0,27aa50a961199ec4c8e5703067b521599c446c4a130f6b120868932804e8f64d
insertion,7,Old SCANA,92025,0,0,0.0,0.0,27aa50a961199ec4c8e5703067b521599c446c4a130f6b120868932804e8f64d
insertion,7,Old SCANA,92026,0,0,0.0,0.0,27aa50a961199ec4c8e5703067b521599c446c4a130f6b120868932804e8f64d
insertion,7,Old SCANA,92027,0,0,0.0,0.0,27aa50a961199ec4c8e5703067b521599c446c4a130f6b120868932804e8f64d
insertion,7,Old SCANA,92028,0,0,0.0,0.0,27aa50a961199ec4c8e5703067b521599c446c4a130f6b120868932804e8f64d
insertion,7,Old SCANA,92029,0,0,0.0,0.0,27aa50a961199ec4c8e5703067b521599c446c4a130f6b120868932804e8f64d
insertion,7,Old SCANA,92030,0,0,0.0,0.0,27aa50a961199ec4c8e5703067b521599c446c4a130f6b120868932804e8f64d
insertion,7,Old SCANA,92031,0,0,0.0,0.0,27aa50a961199ec4c8e5703067b521599c446c4a130f6b120868932804e8f64d
insertion,7,Old SCANA,92032,0,0,0.0,0.0,27aa50a961199ec4c8e5703067b521599c446c4a130f6b120868932804e8f64d
insertion,7,Old SCANA,92033,0,0,0.0,0.0,27aa50a961199ec4c8e5703067b521599c446c4a130f6b120868932804e8f64d
insertion,7,Old SCANA,92034,0,0,0.0,0.0,27aa50a961199ec4c8e5703067b521599c446c4a130f6b120868932804e8f64d
insertion,7,Old SCANA,92035,0,0,0.0,0.0,27aa50a961199ec4c8e5703067b521599c446c4a130f6b120868932804e8f64d
insertion,7,Old SCANA,92036,0,0,0.0,0.0,27aa50a961199ec4c8e5703067b521599c446c4a130f6b120868932804e8f64d
insertion,7,Old SCANA,92037,0,0,0.0,0.0,27aa50a961199ec4c8e5703067b521599c446c4a130f6b120868932804e8f64d
insertion,7,Old SCANA,92038,0,0,0.0,0.0,27aa50a961199ec4c8e5703067b521599c446c4a130f6b120868932804e8f64d
insertion,7,Old SCANA,92039,0,0,0.0,0.0,27aa50a961199ec4c8e5703067b521599c446c4a130f6b120868932804e8f64d
insertion,7,Old kNN,92000,0,0,0.0,0.0,160f6d2e7e68b37f774a53196af02938c7c20f0afee825ee76fc021ae0f3a1e9
insertion,7,Old kNN,92001,0,0,0.0,0.0,160f6d2e7e68b37f774a53196af02938c7c20f0afee825ee76fc021ae0f3a1e9
insertion,7,Old kNN,92002,0,0,0.0,0.0,160f6d2e7e68b37f774a53196af02938c7c20f0afee825ee76fc021ae0f3a1e9
insertion,7,Old kNN,92003,0,0,0.0,0.0,160f6d2e7e68b37f774a53196af02938c7c20f0afee825ee76fc021ae0f3a1e9
insertion,7,Old kNN,92004,0,0,0.0,0.0,160f6d2e7e68b37f774a53196af02938c7c20f0afee825ee76fc021ae0f3a1e9
insertion,7,Old kNN,92005,0,0,0.0,0.0,160f6d2e7e68b37f774a53196af02938c7c20f0afee825ee76fc021ae0f3a1e9
insertion,7,Old kNN,92006,0,0,0.0,0.0,160f6d2e7e68b37f774a53196af02938c7c20f0afee825ee76fc021ae0f3a1e9
insertion,7,Old kNN,92007,0,0,0.0,0.0,160f6d2e7e68b37f774a53196af02938c7c20f0afee825ee76fc021ae0f3a1e9
insertion,7,Old kNN,92008,0,0,0.0,0.0,160f6d2e7e68b37f774a53196af02938c7c20f0afee825ee76fc021ae0f3a1e9
insertion,7,Old kNN,92009,0,0,0.0,0.0,160f6d2e7e68b37f774a53196af02938c7c20f0afee825ee76fc021ae0f3a1e9
insertion,7,Old kNN,92010,0,0,0.0,0.0,160f6d2e7e68b37f774a53196af02938c7c20f0afee825ee76fc021ae0f3a1e9
insertion,7,Old kNN,92011,0,0,0.0,0.0,160f6d2e7e68b37f774a53196af02938c7c20f0afee825ee76fc021ae0f3a1e9
insertion,7,Old kNN,92012,0,0,0.0,0.0,160f6d2e7e68b37f774a53196af02938c7c20f0afee825ee76fc021ae0f3a1e9
insertion,7,Old kNN,92013,0,0,0.0,0.0,160f6d2e7e68b37f774a53196af02938c7c20f0afee825ee76fc021ae0f3a1e9
insertion,7,Old kNN,92014,0,0,0.0,0.0,160f6d2e7e68b37f774a53196af02938c7c20f0afee825ee76fc021ae0f3a1e9
insertion,7,Old kNN,92015,0,0,0.0,0.0,160f6d2e7e68b37f774a53196af02938c7c20f0afee825ee76fc021ae0f3a1e9
insertion,7,Old kNN,92016,0,0,0.0,0.0,160f6d2e7e68b37f774a53196af02938c7c20f0afee825ee76fc021ae0f3a1e9
insertion,7,Old kNN,92017,0,0,0.0,0.0,160f6d2e7e68b37f774a53196af02938c7c20f0afee825ee76fc021ae0f3a1e9
insertion,7,Old kNN,92018,0,0,0.0,0.0,160f6d2e7e68b37f774a53196af02938c7c20f0afee825ee76fc021ae0f3a1e9
insertion,7,Old kNN,92019,0,0,0.0,0.0,160f6d2e7e68b37f774a53196af02938c7c20f0afee825ee76fc021ae0f3a1e9
insertion,7,Old kNN,92020,0,0,0.0,0.0,160f6d2e7e68b37f774a53196af02938c7c20f0afee825ee76fc021ae0f3a1e9
insertion,7,Old kNN,92021,0,0,0.0,0.0,160f6d2e7e68b37f774a53196af02938c7c20f0afee825ee76fc021ae0f3a1e9
insertion,7,Old kNN,92022,0,0,0.0,0.0,160f6d2e7e68b37f774a53196af02938c7c20f0afee825ee76fc021ae0f3a1e9
insertion,7,Old kNN,92023,0,0,0.0,0.0,160f6d2e7e68b37f774a53196af02938c7c20f0afee825ee76fc021ae0f3a1e9
insertion,7,Old kNN,92024,0,0,0.0,0.0,160f6d2e7e68b37f774a53196af02938c7c20f0afee825ee76fc021ae0f3a1e9
insertion,7,Old kNN,92025,0,0,0.0,0.0,160f6d2e7e68b37f774a53196af02938c7c20f0afee825ee76fc021ae0f3a1e9
insertion,7,Old kNN,92026,0,0,0.0,0.0,160f6d2e7e68b37f774a53196af02938c7c20f0afee825ee76fc021ae0f3a1e9
insertion,7,Old kNN,92027,0,0,0.0,0.0,160f6d2e7e68b37f774a53196af02938c7c20f0afee825ee76fc021ae0f3a1e9
insertion,7,Old kNN,92028,0,0,0.0,0.0,160f6d2e7e68b37f774a53196af02938c7c20f0afee825ee76fc021ae0f3a1e9
insertion,7,Old kNN,92029,0,0,0.0,0.0,160f6d2e7e68b37f774a53196af02938c7c20f0afee825ee76fc021ae0f3a1e9
insertion,7,Old kNN,92030,0,0,0.0,0.0,160f6d2e7e68b37f774a53196af02938c7c20f0afee825ee76fc021ae0f3a1e9
insertion,7,Old kNN,92031,0,0,0.0,0.0,160f6d2e7e68b37f774a53196af02938c7c20f0afee825ee76fc021ae0f3a1e9
insertion,7,Old kNN,92032,0,0,0.0,0.0,160f6d2e7e68b37f774a53196af02938c7c20f0afee825ee76fc021ae0f3a1e9
insertion,7,Old kNN,92033,0,0,0.0,0.0,160f6d2e7e68b37f774a53196af02938c7c20f0afee825ee76fc021ae0f3a1e9
insertion,7,Old kNN,92034,0,0,0.0,0.0,160f6d2e7e68b37f774a53196af02938c7c20f0afee825ee76fc021ae0f3a1e9
insertion,7,Old kNN,92035,0,0,0.0,0.0,160f6d2e7e68b37f774a53196af02938c7c20f0afee825ee76fc021ae0f3a1e9
insertion,7,Old kNN,92036,0,0,0.0,0.0,160f6d2e7e68b37f774a53196af02938c7c20f0afee825ee76fc021ae0f3a1e9
insertion,7,Old kNN,92037,0,0,0.0,0.0,160f6d2e7e68b37f774a53196af02938c7c20f0afee825ee76fc021ae0f3a1e9
insertion,7,Old kNN,92038,0,0,0.0,0.0,160f6d2e7e68b37f774a53196af02938c7c20f0afee825ee76fc021ae0f3a1e9
insertion,7,Old kNN,92039,0,0,0.0,0.0,160f6d2e7e68b37f774a53196af02938c7c20f0afee825ee76fc021ae0f3a1e9
insertion,7,Old deterministic,92000,0,0,0.0,0.0,f18d1afea45404610d3d2f9eac54e8417a62763977debfd25907ee61a663ae19
insertion,7,Old deterministic,92001,0,0,0.0,0.0,f18d1afea45404610d3d2f9eac54e8417a62763977debfd25907ee61a663ae19
insertion,7,Old deterministic,92002,0,0,0.0,0.0,f18d1afea45404610d3d2f9eac54e8417a62763977debfd25907ee61a663ae19
insertion,7,Old deterministic,92003,0,0,0.0,0.0,f18d1afea45404610d3d2f9eac54e8417a62763977debfd25907ee61a663ae19
insertion,7,Old deterministic,92004,0,0,0.0,0.0,f18d1afea45404610d3d2f9eac54e8417a62763977debfd25907ee61a663ae19
insertion,7,Old deterministic,92005,0,0,0.0,0.0,f18d1afea45404610d3d2f9eac54e8417a62763977debfd25907ee61a663ae19
insertion,7,Old deterministic,92006,0,0,0.0,0.0,f18d1afea45404610d3d2f9eac54e8417a62763977debfd25907ee61a663ae19
insertion,7,Old deterministic,92007,0,0,0.0,0.0,f18d1afea45404610d3d2f9eac54e8417a62763977debfd25907ee61a663ae19
insertion,7,Old deterministic,92008,0,0,0.0,0.0,f18d1afea45404610d3d2f9eac54e8417a62763977debfd25907ee61a663ae19
insertion,7,Old deterministic,92009,0,0,0.0,0.0,f18d1afea45404610d3d2f9eac54e8417a62763977debfd25907ee61a663ae19
insertion,7,Old deterministic,92010,0,0,0.0,0.0,f18d1afea45404610d3d2f9eac54e8417a62763977debfd25907ee61a663ae19
insertion,7,Old deterministic,92011,0,0,0.0,0.0,f18d1afea45404610d3d2f9eac54e8417a62763977debfd25907ee61a663ae19
insertion,7,Old deterministic,92012,0,0,0.0,0.0,f18d1afea45404610d3d2f9eac54e8417a62763977debfd25907ee61a663ae19
insertion,7,Old deterministic,92013,0,0,0.0,0.0,f18d1afea45404610d3d2f9eac54e8417a62763977debfd25907ee61a663ae19
insertion,7,Old deterministic,92014,0,0,0.0,0.0,f18d1afea45404610d3d2f9eac54e8417a62763977debfd25907ee61a663ae19
insertion,7,Old deterministic,92015,0,0,0.0,0.0,f18d1afea45404610d3d2f9eac54e8417a62763977debfd25907ee61a663ae19
insertion,7,Old deterministic,92016,0,0,0.0,0.0,f18d1afea45404610d3d2f9eac54e8417a62763977debfd25907ee61a663ae19
insertion,7,Old deterministic,92017,0,0,0.0,0.0,f18d1afea45404610d3d2f9eac54e8417a62763977debfd25907ee61a663ae19
insertion,7,Old deterministic,92018,0,0,0.0,0.0,f18d1afea45404610d3d2f9eac54e8417a62763977debfd25907ee61a663ae19
insertion,7,Old deterministic,92019,0,0,0.0,0.0,f18d1afea45404610d3d2f9eac54e8417a62763977debfd25907ee61a663ae19
insertion,7,Old deterministic,92020,0,0,0.0,0.0,f18d1afea45404610d3d2f9eac54e8417a62763977debfd25907ee61a663ae19
insertion,7,Old deterministic,92021,0,0,0.0,0.0,f18d1afea45404610d3d2f9eac54e8417a62763977debfd25907ee61a663ae19
insertion,7,Old deterministic,92022,0,0,0.0,0.0,f18d1afea45404610d3d2f9eac54e8417a62763977debfd25907ee61a663ae19
insertion,7,Old deterministic,92023,0,0,0.0,0.0,f18d1afea45404610d3d2f9eac54e8417a62763977debfd25907ee61a663ae19
insertion,7,Old deterministic,92024,0,0,0.0,0.0,f18d1afea45404610d3d2f9eac54e8417a62763977debfd25907ee61a663ae19
insertion,7,Old deterministic,92025,0,0,0.0,0.0,f18d1afea45404610d3d2f9eac54e8417a62763977debfd25907ee61a663ae19
insertion,7,Old deterministic,92026,0,0,0.0,0.0,f18d1afea45404610d3d2f9eac54e8417a62763977debfd25907ee61a663ae19
insertion,7,Old deterministic,92027,0,0,0.0,0.0,f18d1afea45404610d3d2f9eac54e8417a62763977debfd25907ee61a663ae19
insertion,7,Old deterministic,92028,0,0,0.0,0.0,f18d1afea45404610d3d2f9eac54e8417a62763977debfd25907ee61a663ae19
insertion,7,Old deterministic,92029,0,0,0.0,0.0,f18d1afea45404610d3d2f9eac54e8417a62763977debfd25907ee61a663ae19
insertion,7,Old deterministic,92030,0,0,0.0,0.0,f18d1afea45404610d3d2f9eac54e8417a62763977debfd25907ee61a663ae19
insertion,7,Old deterministic,92031,0,0,0.0,0.0,f18d1afea45404610d3d2f9eac54e8417a62763977debfd25907ee61a663ae19
insertion,7,Old deterministic,92032,0,0,0.0,0.0,f18d1afea45404610d3d2f9eac54e8417a62763977debfd25907ee61a663ae19
insertion,7,Old deterministic,92033,0,0,0.0,0.0,f18d1afea45404610d3d2f9eac54e8417a62763977debfd25907ee61a663ae19
insertion,7,Old deterministic,92034,0,0,0.0,0.0,f18d1afea45404610d3d2f9eac54e8417a62763977debfd25907ee61a663ae19
insertion,7,Old deterministic,92035,0,0,0.0,0.0,f18d1afea45404610d3d2f9eac54e8417a62763977debfd25907ee61a663ae19
insertion,7,Old deterministic,92036,0,0,0.0,0.0,f18d1afea45404610d3d2f9eac54e8417a62763977debfd25907ee61a663ae19
insertion,7,Old deterministic,92037,0,0,0.0,0.0,f18d1afea45404610d3d2f9eac54e8417a62763977debfd25907ee61a663ae19
insertion,7,Old deterministic,92038,0,0,0.0,0.0,f18d1afea45404610d3d2f9eac54e8417a62763977debfd25907ee61a663ae19
insertion,7,Old deterministic,92039,0,0,0.0,0.0,f18d1afea45404610d3d2f9eac54e8417a62763977debfd25907ee61a663ae19
insertion,7,Clip only,92000,0,0,1.0,2.0,fe1ac75be5ca238eeaa75e4c9d23dd8505b3ed91da898b2cd0b621dcc1bb63ee
insertion,7,Clip only,92001,0,0,3.0,398.0,fe1ac75be5ca238eeaa75e4c9d23dd8505b3ed91da898b2cd0b621dcc1bb63ee
insertion,7,Clip only,92002,0,0,2.0,346.0,fe1ac75be5ca238eeaa75e4c9d23dd8505b3ed91da898b2cd0b621dcc1bb63ee
insertion,7,Clip only,92003,0,0,2.0,98.0,fe1ac75be5ca238eeaa75e4c9d23dd8505b3ed91da898b2cd0b621dcc1bb63ee
insertion,7,Clip only,92004,0,0,3.0,384.0,fe1ac75be5ca238eeaa75e4c9d23dd8505b3ed91da898b2cd0b621dcc1bb63ee
insertion,7,Clip only,92005,0,0,2.0,326.0,fe1ac75be5ca238eeaa75e4c9d23dd8505b3ed91da898b2cd0b621dcc1bb63ee
insertion,7,Clip only,92006,0,0,2.0,23.0,fe1ac75be5ca238eeaa75e4c9d23dd8505b3ed91da898b2cd0b621dcc1bb63ee
insertion,7,Clip only,92007,0,0,2.0,20.0,fe1ac75be5ca238eeaa75e4c9d23dd8505b3ed91da898b2cd0b621dcc1bb63ee
insertion,7,Clip only,92008,0,0,3.0,189.0,fe1ac75be5ca238eeaa75e4c9d23dd8505b3ed91da898b2cd0b621dcc1bb63ee
insertion,7,Clip only,92009,1,0,4.0,446.0,fe1ac75be5ca238eeaa75e4c9d23dd8505b3ed91da898b2cd0b621dcc1bb63ee
insertion,7,Clip only,92010,0,0,2.0,336.0,fe1ac75be5ca238eeaa75e4c9d23dd8505b3ed91da898b2cd0b621dcc1bb63ee
insertion,7,Clip only,92011,1,1,4.0,485.0,fe1ac75be5ca238eeaa75e4c9d23dd8505b3ed91da898b2cd0b621dcc1bb63ee
insertion,7,Clip only,92012,0,0,2.0,79.0,fe1ac75be5ca238eeaa75e4c9d23dd8505b3ed91da898b2cd0b621dcc1bb63ee
insertion,7,Clip only,92013,1,1,4.0,364.0,fe1ac75be5ca238eeaa75e4c9d23dd8505b3ed91da898b2cd0b621dcc1bb63ee
insertion,7,Clip only,92014,0,0,2.0,20.0,fe1ac75be5ca238eeaa75e4c9d23dd8505b3ed91da898b2cd0b621dcc1bb63ee
insertion,7,Clip only,92015,0,0,2.0,359.0,fe1ac75be5ca238eeaa75e4c9d23dd8505b3ed91da898b2cd0b621dcc1bb63ee
insertion,7,Clip only,92016,0,0,2.0,12.0,fe1ac75be5ca238eeaa75e4c9d23dd8505b3ed91da898b2cd0b621dcc1bb63ee
insertion,7,Clip only,92017,0,0,2.0,360.0,fe1ac75be5ca238eeaa75e4c9d23dd8505b3ed91da898b2cd0b621dcc1bb63ee
insertion,7,Clip only,92018,0,0,2.0,347.0,fe1ac75be5ca238eeaa75e4c9d23dd8505b3ed91da898b2cd0b621dcc1bb63ee
insertion,7,Clip only,92019,0,0,1.0,2.0,fe1ac75be5ca238eeaa75e4c9d23dd8505b3ed91da898b2cd0b621dcc1bb63ee
insertion,7,Clip only,92020,1,1,4.0,457.0,fe1ac75be5ca238eeaa75e4c9d23dd8505b3ed91da898b2cd0b621dcc1bb63ee
insertion,7,Clip only,92021,1,1,4.0,429.0,fe1ac75be5ca238eeaa75e4c9d23dd8505b3ed91da898b2cd0b621dcc1bb63ee
insertion,7,Clip only,92022,0,0,2.0,363.0,fe1ac75be5ca238eeaa75e4c9d23dd8505b3ed91da898b2cd0b621dcc1bb63ee
insertion,7,Clip only,92023,1,1,4.0,393.0,fe1ac75be5ca238eeaa75e4c9d23dd8505b3ed91da898b2cd0b621dcc1bb63ee
insertion,7,Clip only,92024,0,0,2.0,25.0,fe1ac75be5ca238eeaa75e4c9d23dd8505b3ed91da898b2cd0b621dcc1bb63ee
insertion,7,Clip only,92025,0,0,2.0,359.0,fe1ac75be5ca238eeaa75e4c9d23dd8505b3ed91da898b2cd0b621dcc1bb63ee
insertion,7,Clip only,92026,0,0,3.0,379.0,fe1ac75be5ca238eeaa75e4c9d23dd8505b3ed91da898b2cd0b621dcc1bb63ee
insertion,7,Clip only,92027,0,0,2.0,60.0,fe1ac75be5ca238eeaa75e4c9d23dd8505b3ed91da898b2cd0b621dcc1bb63ee
insertion,7,Clip only,92028,0,0,3.0,383.0,fe1ac75be5ca238eeaa75e4c9d23dd8505b3ed91da898b2cd0b621dcc1bb63ee
insertion,7,Clip only,92029,0,0,2.0,9.0,fe1ac75be5ca238eeaa75e4c9d23dd8505b3ed91da898b2cd0b621dcc1bb63ee
insertion,7,Clip only,92030,0,0,3.0,368.0,fe1ac75be5ca238eeaa75e4c9d23dd8505b3ed91da898b2cd0b621dcc1bb63ee
insertion,7,Clip only,92031,0,0,2.0,24.0,fe1ac75be5ca238eeaa75e4c9d23dd8505b3ed91da898b2cd0b621dcc1bb63ee
insertion,7,Clip only,92032,0,0,3.0,398.0,fe1ac75be5ca238eeaa75e4c9d23dd8505b3ed91da898b2cd0b621dcc1bb63ee
insertion,7,Clip only,92033,0,0,0.0,0.0,fe1ac75be5ca238eeaa75e4c9d23dd8505b3ed91da898b2cd0b621dcc1bb63ee
insertion,7,Clip only,92034,0,0,2.0,3.0,fe1ac75be5ca238eeaa75e4c9d23dd8505b3ed91da898b2cd0b621dcc1bb63ee
insertion,7,Clip only,92035,0,0,1.0,1.0,fe1ac75be5ca238eeaa75e4c9d23dd8505b3ed91da898b2cd0b621dcc1bb63ee
insertion,7,Clip only,92036,0,0,2.0,353.0,fe1ac75be5ca238eeaa75e4c9d23dd8505b3ed91da898b2cd0b621dcc1bb63ee
insertion,7,Clip only,92037,1,0,4.0,436.0,fe1ac75be5ca238eeaa75e4c9d23dd8505b3ed91da898b2cd0b621dcc1bb63ee
insertion,7,Clip only,92038,0,0,2.0,9.0,fe1ac75be5ca238eeaa75e4c9d23dd8505b3ed91da898b2cd0b621dcc1bb63ee
insertion,7,Clip only,92039,0,0,3.0,384.0,fe1ac75be5ca238eeaa75e4c9d23dd8505b3ed91da898b2cd0b621dcc1bb63ee
insertion,11,Clean repeat,92000,1,0,4.0,383.0,a442c9148127b9648955f6191a9c82cef7ac1f44e86b984ae0f103cf19cf0af5
insertion,11,Clean repeat,92001,0,0,3.0,331.0,a442c9148127b9648955f6191a9c82cef7ac1f44e86b984ae0f103cf19cf0af5
insertion,11,Clean repeat,92002,1,1,4.0,408.0,a442c9148127b9648955f6191a9c82cef7ac1f44e86b984ae0f103cf19cf0af5
insertion,11,Clean repeat,92003,0,0,2.0,12.0,a442c9148127b9648955f6191a9c82cef7ac1f44e86b984ae0f103cf19cf0af5
insertion,11,Clean repeat,92004,0,0,3.0,214.0,a442c9148127b9648955f6191a9c82cef7ac1f44e86b984ae0f103cf19cf0af5
insertion,11,Clean repeat,92005,0,0,2.0,122.0,a442c9148127b9648955f6191a9c82cef7ac1f44e86b984ae0f103cf19cf0af5
insertion,11,Clean repeat,92006,1,0,4.0,454.0,a442c9148127b9648955f6191a9c82cef7ac1f44e86b984ae0f103cf19cf0af5
insertion,11,Clean repeat,92007,0,0,2.0,89.0,a442c9148127b9648955f6191a9c82cef7ac1f44e86b984ae0f103cf19cf0af5
insertion,11,Clean repeat,92008,0,0,2.0,117.0,a442c9148127b9648955f6191a9c82cef7ac1f44e86b984ae0f103cf19cf0af5
insertion,11,Clean repeat,92009,0,0,3.0,309.0,a442c9148127b9648955f6191a9c82cef7ac1f44e86b984ae0f103cf19cf0af5
insertion,11,Clean repeat,92010,0,0,2.0,354.0,a442c9148127b9648955f6191a9c82cef7ac1f44e86b984ae0f103cf19cf0af5
insertion,11,Clean repeat,92011,1,0,4.0,465.0,a442c9148127b9648955f6191a9c82cef7ac1f44e86b984ae0f103cf19cf0af5
insertion,11,Clean repeat,92012,1,1,4.0,432.0,a442c9148127b9648955f6191a9c82cef7ac1f44e86b984ae0f103cf19cf0af5
insertion,11,Clean repeat,92013,0,0,3.0,351.0,a442c9148127b9648955f6191a9c82cef7ac1f44e86b984ae0f103cf19cf0af5
insertion,11,Clean repeat,92014,0,0,3.0,381.0,a442c9148127b9648955f6191a9c82cef7ac1f44e86b984ae0f103cf19cf0af5
insertion,11,Clean repeat,92015,1,0,4.0,423.0,a442c9148127b9648955f6191a9c82cef7ac1f44e86b984ae0f103cf19cf0af5
insertion,11,Clean repeat,92016,1,1,4.0,442.0,a442c9148127b9648955f6191a9c82cef7ac1f44e86b984ae0f103cf19cf0af5
insertion,11,Clean repeat,92017,1,0,4.0,404.0,a442c9148127b9648955f6191a9c82cef7ac1f44e86b984ae0f103cf19cf0af5
insertion,11,Clean repeat,92018,1,1,4.0,427.0,a442c9148127b9648955f6191a9c82cef7ac1f44e86b984ae0f103cf19cf0af5
insertion,11,Clean repeat,92019,0,0,1.0,16.0,a442c9148127b9648955f6191a9c82cef7ac1f44e86b984ae0f103cf19cf0af5
insertion,11,Clean repeat,92020,0,0,3.0,457.0,a442c9148127b9648955f6191a9c82cef7ac1f44e86b984ae0f103cf19cf0af5
insertion,11,Clean repeat,92021,0,0,3.0,375.0,a442c9148127b9648955f6191a9c82cef7ac1f44e86b984ae0f103cf19cf0af5
insertion,11,Clean repeat,92022,1,0,4.0,439.0,a442c9148127b9648955f6191a9c82cef7ac1f44e86b984ae0f103cf19cf0af5
insertion,11,Clean repeat,92023,0,0,3.0,371.0,a442c9148127b9648955f6191a9c82cef7ac1f44e86b984ae0f103cf19cf0af5
insertion,11,Clean repeat,92024,0,0,3.0,237.0,a442c9148127b9648955f6191a9c82cef7ac1f44e86b984ae0f103cf19cf0af5
insertion,11,Clean repeat,92025,1,0,4.0,406.0,a442c9148127b9648955f6191a9c82cef7ac1f44e86b984ae0f103cf19cf0af5
insertion,11,Clean repeat,92026,1,0,4.0,432.0,a442c9148127b9648955f6191a9c82cef7ac1f44e86b984ae0f103cf19cf0af5
insertion,11,Clean repeat,92027,0,0,2.0,29.0,a442c9148127b9648955f6191a9c82cef7ac1f44e86b984ae0f103cf19cf0af5
insertion,11,Clean repeat,92028,0,0,3.0,272.0,a442c9148127b9648955f6191a9c82cef7ac1f44e86b984ae0f103cf19cf0af5
insertion,11,Clean repeat,92029,1,0,4.0,432.0,a442c9148127b9648955f6191a9c82cef7ac1f44e86b984ae0f103cf19cf0af5
insertion,11,Clean repeat,92030,1,0,4.0,358.0,a442c9148127b9648955f6191a9c82cef7ac1f44e86b984ae0f103cf19cf0af5
insertion,11,Clean repeat,92031,1,1,4.0,434.0,a442c9148127b9648955f6191a9c82cef7ac1f44e86b984ae0f103cf19cf0af5
insertion,11,Clean repeat,92032,0,0,3.0,254.0,a442c9148127b9648955f6191a9c82cef7ac1f44e86b984ae0f103cf19cf0af5
insertion,11,Clean repeat,92033,0,0,3.0,437.0,a442c9148127b9648955f6191a9c82cef7ac1f44e86b984ae0f103cf19cf0af5
insertion,11,Clean repeat,92034,0,0,3.0,401.0,a442c9148127b9648955f6191a9c82cef7ac1f44e86b984ae0f103cf19cf0af5
insertion,11,Clean repeat,92035,0,0,3.0,432.0,a442c9148127b9648955f6191a9c82cef7ac1f44e86b984ae0f103cf19cf0af5
insertion,11,Clean repeat,92036,1,1,4.0,413.0,a442c9148127b9648955f6191a9c82cef7ac1f44e86b984ae0f103cf19cf0af5
insertion,11,Clean repeat,92037,1,1,4.0,396.0,a442c9148127b9648955f6191a9c82cef7ac1f44e86b984ae0f103cf19cf0af5
insertion,11,Clean repeat,92038,0,0,3.0,466.0,a442c9148127b9648955f6191a9c82cef7ac1f44e86b984ae0f103cf19cf0af5
insertion,11,Clean repeat,92039,0,0,2.0,21.0,a442c9148127b9648955f6191a9c82cef7ac1f44e86b984ae0f103cf19cf0af5
insertion,11,Calibrated recovery,92000,0,0,3.0,379.0,a0c80b55bffed8152a84a30611c8a9e5cef978324fafc7538777610de3e035cf
insertion,11,Calibrated recovery,92001,1,1,4.0,480.0,a0c80b55bffed8152a84a30611c8a9e5cef978324fafc7538777610de3e035cf
insertion,11,Calibrated recovery,92002,1,1,4.0,424.0,a0c80b55bffed8152a84a30611c8a9e5cef978324fafc7538777610de3e035cf
insertion,11,Calibrated recovery,92003,0,0,3.0,238.0,a0c80b55bffed8152a84a30611c8a9e5cef978324fafc7538777610de3e035cf
insertion,11,Calibrated recovery,92004,1,1,4.0,482.0,a0c80b55bffed8152a84a30611c8a9e5cef978324fafc7538777610de3e035cf
insertion,11,Calibrated recovery,92005,1,1,4.0,454.0,a0c80b55bffed8152a84a30611c8a9e5cef978324fafc7538777610de3e035cf
insertion,11,Calibrated recovery,92006,1,1,4.0,422.0,a0c80b55bffed8152a84a30611c8a9e5cef978324fafc7538777610de3e035cf
insertion,11,Calibrated recovery,92007,1,1,4.0,452.0,a0c80b55bffed8152a84a30611c8a9e5cef978324fafc7538777610de3e035cf
insertion,11,Calibrated recovery,92008,0,0,3.0,236.0,a0c80b55bffed8152a84a30611c8a9e5cef978324fafc7538777610de3e035cf
insertion,11,Calibrated recovery,92009,1,0,4.0,404.0,a0c80b55bffed8152a84a30611c8a9e5cef978324fafc7538777610de3e035cf
insertion,11,Calibrated recovery,92010,1,1,4.0,479.0,a0c80b55bffed8152a84a30611c8a9e5cef978324fafc7538777610de3e035cf
insertion,11,Calibrated recovery,92011,1,1,4.0,420.0,a0c80b55bffed8152a84a30611c8a9e5cef978324fafc7538777610de3e035cf
insertion,11,Calibrated recovery,92012,0,0,3.0,375.0,a0c80b55bffed8152a84a30611c8a9e5cef978324fafc7538777610de3e035cf
insertion,11,Calibrated recovery,92013,1,1,4.0,353.0,a0c80b55bffed8152a84a30611c8a9e5cef978324fafc7538777610de3e035cf
insertion,11,Calibrated recovery,92014,1,1,4.0,385.0,a0c80b55bffed8152a84a30611c8a9e5cef978324fafc7538777610de3e035cf
insertion,11,Calibrated recovery,92015,1,1,4.0,472.0,a0c80b55bffed8152a84a30611c8a9e5cef978324fafc7538777610de3e035cf
insertion,11,Calibrated recovery,92016,1,1,4.0,366.0,a0c80b55bffed8152a84a30611c8a9e5cef978324fafc7538777610de3e035cf
insertion,11,Calibrated recovery,92017,0,0,3.0,271.0,a0c80b55bffed8152a84a30611c8a9e5cef978324fafc7538777610de3e035cf
insertion,11,Calibrated recovery,92018,1,1,4.0,466.0,a0c80b55bffed8152a84a30611c8a9e5cef978324fafc7538777610de3e035cf
insertion,11,Calibrated recovery,92019,0,0,1.0,22.0,a0c80b55bffed8152a84a30611c8a9e5cef978324fafc7538777610de3e035cf
insertion,11,Calibrated recovery,92020,1,0,4.0,460.0,a0c80b55bffed8152a84a30611c8a9e5cef978324fafc7538777610de3e035cf
insertion,11,Calibrated recovery,92021,0,0,3.0,406.0,a0c80b55bffed8152a84a30611c8a9e5cef978324fafc7538777610de3e035cf
insertion,11,Calibrated recovery,92022,1,1,4.0,420.0,a0c80b55bffed8152a84a30611c8a9e5cef978324fafc7538777610de3e035cf
insertion,11,Calibrated recovery,92023,1,1,4.0,458.0,a0c80b55bffed8152a84a30611c8a9e5cef978324fafc7538777610de3e035cf
insertion,11,Calibrated recovery,92024,0,0,3.0,257.0,a0c80b55bffed8152a84a30611c8a9e5cef978324fafc7538777610de3e035cf
insertion,11,Calibrated recovery,92025,1,1,4.0,382.0,a0c80b55bffed8152a84a30611c8a9e5cef978324fafc7538777610de3e035cf
insertion,11,Calibrated recovery,92026,1,1,4.0,480.0,a0c80b55bffed8152a84a30611c8a9e5cef978324fafc7538777610de3e035cf
insertion,11,Calibrated recovery,92027,1,1,4.0,485.0,a0c80b55bffed8152a84a30611c8a9e5cef978324fafc7538777610de3e035cf
insertion,11,Calibrated recovery,92028,0,0,3.0,398.0,a0c80b55bffed8152a84a30611c8a9e5cef978324fafc7538777610de3e035cf
insertion,11,Calibrated recovery,92029,1,1,4.0,482.0,a0c80b55bffed8152a84a30611c8a9e5cef978324fafc7538777610de3e035cf
insertion,11,Calibrated recovery,92030,1,0,4.0,452.0,a0c80b55bffed8152a84a30611c8a9e5cef978324fafc7538777610de3e035cf
insertion,11,Calibrated recovery,92031,1,1,4.0,493.0,a0c80b55bffed8152a84a30611c8a9e5cef978324fafc7538777610de3e035cf
insertion,11,Calibrated recovery,92032,0,0,3.0,250.0,a0c80b55bffed8152a84a30611c8a9e5cef978324fafc7538777610de3e035cf
insertion,11,Calibrated recovery,92033,1,1,4.0,398.0,a0c80b55bffed8152a84a30611c8a9e5cef978324fafc7538777610de3e035cf
insertion,11,Calibrated recovery,92034,1,1,4.0,444.0,a0c80b55bffed8152a84a30611c8a9e5cef978324fafc7538777610de3e035cf
insertion,11,Calibrated recovery,92035,1,1,4.0,467.0,a0c80b55bffed8152a84a30611c8a9e5cef978324fafc7538777610de3e035cf
insertion,11,Calibrated recovery,92036,1,1,4.0,422.0,a0c80b55bffed8152a84a30611c8a9e5cef978324fafc7538777610de3e035cf
insertion,11,Calibrated recovery,92037,1,1,4.0,390.0,a0c80b55bffed8152a84a30611c8a9e5cef978324fafc7538777610de3e035cf
insertion,11,Calibrated recovery,92038,1,1,4.0,405.0,a0c80b55bffed8152a84a30611c8a9e5cef978324fafc7538777610de3e035cf
insertion,11,Calibrated recovery,92039,1,1,4.0,471.0,a0c80b55bffed8152a84a30611c8a9e5cef978324fafc7538777610de3e035cf
insertion,11,Gaussian recovery,92000,1,0,4.0,462.0,b9a00c72b0cfeb9a88d40990a2065af96e58264f93b2dfb53f1dcfc49bc08eaf
insertion,11,Gaussian recovery,92001,0,0,2.0,104.0,b9a00c72b0cfeb9a88d40990a2065af96e58264f93b2dfb53f1dcfc49bc08eaf
insertion,11,Gaussian recovery,92002,1,1,4.0,454.0,b9a00c72b0cfeb9a88d40990a2065af96e58264f93b2dfb53f1dcfc49bc08eaf
insertion,11,Gaussian recovery,92003,0,0,2.0,123.0,b9a00c72b0cfeb9a88d40990a2065af96e58264f93b2dfb53f1dcfc49bc08eaf
insertion,11,Gaussian recovery,92004,0,0,3.0,297.0,b9a00c72b0cfeb9a88d40990a2065af96e58264f93b2dfb53f1dcfc49bc08eaf
insertion,11,Gaussian recovery,92005,0,0,3.0,226.0,b9a00c72b0cfeb9a88d40990a2065af96e58264f93b2dfb53f1dcfc49bc08eaf
insertion,11,Gaussian recovery,92006,1,1,4.0,465.0,b9a00c72b0cfeb9a88d40990a2065af96e58264f93b2dfb53f1dcfc49bc08eaf
insertion,11,Gaussian recovery,92007,0,0,3.0,339.0,b9a00c72b0cfeb9a88d40990a2065af96e58264f93b2dfb53f1dcfc49bc08eaf
insertion,11,Gaussian recovery,92008,0,0,3.0,164.0,b9a00c72b0cfeb9a88d40990a2065af96e58264f93b2dfb53f1dcfc49bc08eaf
insertion,11,Gaussian recovery,92009,1,1,4.0,374.0,b9a00c72b0cfeb9a88d40990a2065af96e58264f93b2dfb53f1dcfc49bc08eaf
insertion,11,Gaussian recovery,92010,1,0,4.0,463.0,b9a00c72b0cfeb9a88d40990a2065af96e58264f93b2dfb53f1dcfc49bc08eaf
insertion,11,Gaussian recovery,92011,1,1,4.0,377.0,b9a00c72b0cfeb9a88d40990a2065af96e58264f93b2dfb53f1dcfc49bc08eaf
insertion,11,Gaussian recovery,92012,1,0,4.0,442.0,b9a00c72b0cfeb9a88d40990a2065af96e58264f93b2dfb53f1dcfc49bc08eaf
insertion,11,Gaussian recovery,92013,1,1,4.0,432.0,b9a00c72b0cfeb9a88d40990a2065af96e58264f93b2dfb53f1dcfc49bc08eaf
insertion,11,Gaussian recovery,92014,0,0,2.0,363.0,b9a00c72b0cfeb9a88d40990a2065af96e58264f93b2dfb53f1dcfc49bc08eaf
insertion,11,Gaussian recovery,92015,1,0,4.0,441.0,b9a00c72b0cfeb9a88d40990a2065af96e58264f93b2dfb53f1dcfc49bc08eaf
insertion,11,Gaussian recovery,92016,1,1,4.0,426.0,b9a00c72b0cfeb9a88d40990a2065af96e58264f93b2dfb53f1dcfc49bc08eaf
insertion,11,Gaussian recovery,92017,1,0,4.0,416.0,b9a00c72b0cfeb9a88d40990a2065af96e58264f93b2dfb53f1dcfc49bc08eaf
insertion,11,Gaussian recovery,92018,1,1,4.0,433.0,b9a00c72b0cfeb9a88d40990a2065af96e58264f93b2dfb53f1dcfc49bc08eaf
insertion,11,Gaussian recovery,92019,0,0,1.0,20.0,b9a00c72b0cfeb9a88d40990a2065af96e58264f93b2dfb53f1dcfc49bc08eaf
insertion,11,Gaussian recovery,92020,0,0,3.0,417.0,b9a00c72b0cfeb9a88d40990a2065af96e58264f93b2dfb53f1dcfc49bc08eaf
insertion,11,Gaussian recovery,92021,0,0,3.0,269.0,b9a00c72b0cfeb9a88d40990a2065af96e58264f93b2dfb53f1dcfc49bc08eaf
insertion,11,Gaussian recovery,92022,0,0,3.0,400.0,b9a00c72b0cfeb9a88d40990a2065af96e58264f93b2dfb53f1dcfc49bc08eaf
insertion,11,Gaussian recovery,92023,0,0,3.0,391.0,b9a00c72b0cfeb9a88d40990a2065af96e58264f93b2dfb53f1dcfc49bc08eaf
insertion,11,Gaussian recovery,92024,0,0,3.0,234.0,b9a00c72b0cfeb9a88d40990a2065af96e58264f93b2dfb53f1dcfc49bc08eaf
insertion,11,Gaussian recovery,92025,1,1,4.0,381.0,b9a00c72b0cfeb9a88d40990a2065af96e58264f93b2dfb53f1dcfc49bc08eaf
insertion,11,Gaussian recovery,92026,1,0,4.0,464.0,b9a00c72b0cfeb9a88d40990a2065af96e58264f93b2dfb53f1dcfc49bc08eaf
insertion,11,Gaussian recovery,92027,0,0,2.0,9.0,b9a00c72b0cfeb9a88d40990a2065af96e58264f93b2dfb53f1dcfc49bc08eaf
insertion,11,Gaussian recovery,92028,0,0,3.0,404.0,b9a00c72b0cfeb9a88d40990a2065af96e58264f93b2dfb53f1dcfc49bc08eaf
insertion,11,Gaussian recovery,92029,0,0,3.0,430.0,b9a00c72b0cfeb9a88d40990a2065af96e58264f93b2dfb53f1dcfc49bc08eaf
insertion,11,Gaussian recovery,92030,0,0,2.0,122.0,b9a00c72b0cfeb9a88d40990a2065af96e58264f93b2dfb53f1dcfc49bc08eaf
insertion,11,Gaussian recovery,92031,1,1,4.0,462.0,b9a00c72b0cfeb9a88d40990a2065af96e58264f93b2dfb53f1dcfc49bc08eaf
insertion,11,Gaussian recovery,92032,0,0,3.0,387.0,b9a00c72b0cfeb9a88d40990a2065af96e58264f93b2dfb53f1dcfc49bc08eaf
insertion,11,Gaussian recovery,92033,1,1,4.0,459.0,b9a00c72b0cfeb9a88d40990a2065af96e58264f93b2dfb53f1dcfc49bc08eaf
insertion,11,Gaussian recovery,92034,1,1,4.0,455.0,b9a00c72b0cfeb9a88d40990a2065af96e58264f93b2dfb53f1dcfc49bc08eaf
insertion,11,Gaussian recovery,92035,1,1,4.0,434.0,b9a00c72b0cfeb9a88d40990a2065af96e58264f93b2dfb53f1dcfc49bc08eaf
insertion,11,Gaussian recovery,92036,1,1,4.0,415.0,b9a00c72b0cfeb9a88d40990a2065af96e58264f93b2dfb53f1dcfc49bc08eaf
insertion,11,Gaussian recovery,92037,1,1,4.0,374.0,b9a00c72b0cfeb9a88d40990a2065af96e58264f93b2dfb53f1dcfc49bc08eaf
insertion,11,Gaussian recovery,92038,1,1,4.0,438.0,b9a00c72b0cfeb9a88d40990a2065af96e58264f93b2dfb53f1dcfc49bc08eaf
insertion,11,Gaussian recovery,92039,0,0,3.0,352.0,b9a00c72b0cfeb9a88d40990a2065af96e58264f93b2dfb53f1dcfc49bc08eaf
insertion,11,Frozen context,92000,1,0,4.0,421.0,b3f012867b81beda370eb2fad1df12ca6dd9402cbc5979dc36e2d47e40cace3c
insertion,11,Frozen context,92001,0,0,2.0,148.0,b3f012867b81beda370eb2fad1df12ca6dd9402cbc5979dc36e2d47e40cace3c
insertion,11,Frozen context,92002,1,1,4.0,356.0,b3f012867b81beda370eb2fad1df12ca6dd9402cbc5979dc36e2d47e40cace3c
insertion,11,Frozen context,92003,0,0,2.0,7.0,b3f012867b81beda370eb2fad1df12ca6dd9402cbc5979dc36e2d47e40cace3c
insertion,11,Frozen context,92004,1,0,4.0,426.0,b3f012867b81beda370eb2fad1df12ca6dd9402cbc5979dc36e2d47e40cace3c
insertion,11,Frozen context,92005,0,0,2.0,201.0,b3f012867b81beda370eb2fad1df12ca6dd9402cbc5979dc36e2d47e40cace3c
insertion,11,Frozen context,92006,1,0,4.0,408.0,b3f012867b81beda370eb2fad1df12ca6dd9402cbc5979dc36e2d47e40cace3c
insertion,11,Frozen context,92007,0,0,2.0,135.0,b3f012867b81beda370eb2fad1df12ca6dd9402cbc5979dc36e2d47e40cace3c
insertion,11,Frozen context,92008,0,0,2.0,179.0,b3f012867b81beda370eb2fad1df12ca6dd9402cbc5979dc36e2d47e40cace3c
insertion,11,Frozen context,92009,0,0,2.0,338.0,b3f012867b81beda370eb2fad1df12ca6dd9402cbc5979dc36e2d47e40cace3c
insertion,11,Frozen context,92010,1,0,4.0,421.0,b3f012867b81beda370eb2fad1df12ca6dd9402cbc5979dc36e2d47e40cace3c
insertion,11,Frozen context,92011,0,0,3.0,347.0,b3f012867b81beda370eb2fad1df12ca6dd9402cbc5979dc36e2d47e40cace3c
insertion,11,Frozen context,92012,0,0,2.0,344.0,b3f012867b81beda370eb2fad1df12ca6dd9402cbc5979dc36e2d47e40cace3c
insertion,11,Frozen context,92013,1,0,4.0,344.0,b3f012867b81beda370eb2fad1df12ca6dd9402cbc5979dc36e2d47e40cace3c
insertion,11,Frozen context,92014,0,0,3.0,367.0,b3f012867b81beda370eb2fad1df12ca6dd9402cbc5979dc36e2d47e40cace3c
insertion,11,Frozen context,92015,1,0,4.0,365.0,b3f012867b81beda370eb2fad1df12ca6dd9402cbc5979dc36e2d47e40cace3c
insertion,11,Frozen context,92016,1,1,4.0,422.0,b3f012867b81beda370eb2fad1df12ca6dd9402cbc5979dc36e2d47e40cace3c
insertion,11,Frozen context,92017,1,0,4.0,376.0,b3f012867b81beda370eb2fad1df12ca6dd9402cbc5979dc36e2d47e40cace3c
insertion,11,Frozen context,92018,0,0,2.0,359.0,b3f012867b81beda370eb2fad1df12ca6dd9402cbc5979dc36e2d47e40cace3c
insertion,11,Frozen context,92019,0,0,1.0,20.0,b3f012867b81beda370eb2fad1df12ca6dd9402cbc5979dc36e2d47e40cace3c
insertion,11,Frozen context,92020,0,0,3.0,439.0,b3f012867b81beda370eb2fad1df12ca6dd9402cbc5979dc36e2d47e40cace3c
insertion,11,Frozen context,92021,0,0,3.0,321.0,b3f012867b81beda370eb2fad1df12ca6dd9402cbc5979dc36e2d47e40cace3c
insertion,11,Frozen context,92022,1,0,4.0,400.0,b3f012867b81beda370eb2fad1df12ca6dd9402cbc5979dc36e2d47e40cace3c
insertion,11,Frozen context,92023,0,0,3.0,384.0,b3f012867b81beda370eb2fad1df12ca6dd9402cbc5979dc36e2d47e40cace3c
insertion,11,Frozen context,92024,0,0,2.0,162.0,b3f012867b81beda370eb2fad1df12ca6dd9402cbc5979dc36e2d47e40cace3c
insertion,11,Frozen context,92025,0,0,2.0,325.0,b3f012867b81beda370eb2fad1df12ca6dd9402cbc5979dc36e2d47e40cace3c
insertion,11,Frozen context,92026,1,0,4.0,433.0,b3f012867b81beda370eb2fad1df12ca6dd9402cbc5979dc36e2d47e40cace3c
insertion,11,Frozen context,92027,0,0,2.0,61.0,b3f012867b81beda370eb2fad1df12ca6dd9402cbc5979dc36e2d47e40cace3c
insertion,11,Frozen context,92028,0,0,3.0,389.0,b3f012867b81beda370eb2fad1df12ca6dd9402cbc5979dc36e2d47e40cace3c
insertion,11,Frozen context,92029,1,1,4.0,404.0,b3f012867b81beda370eb2fad1df12ca6dd9402cbc5979dc36e2d47e40cace3c
insertion,11,Frozen context,92030,1,0,4.0,390.0,b3f012867b81beda370eb2fad1df12ca6dd9402cbc5979dc36e2d47e40cace3c
insertion,11,Frozen context,92031,1,1,4.0,423.0,b3f012867b81beda370eb2fad1df12ca6dd9402cbc5979dc36e2d47e40cace3c
insertion,11,Frozen context,92032,1,0,4.0,438.0,b3f012867b81beda370eb2fad1df12ca6dd9402cbc5979dc36e2d47e40cace3c
insertion,11,Frozen context,92033,0,0,3.0,379.0,b3f012867b81beda370eb2fad1df12ca6dd9402cbc5979dc36e2d47e40cace3c
insertion,11,Frozen context,92034,1,0,4.0,353.0,b3f012867b81beda370eb2fad1df12ca6dd9402cbc5979dc36e2d47e40cace3c
insertion,11,Frozen context,92035,0,0,2.0,5.0,b3f012867b81beda370eb2fad1df12ca6dd9402cbc5979dc36e2d47e40cace3c
insertion,11,Frozen context,92036,0,0,2.0,350.0,b3f012867b81beda370eb2fad1df12ca6dd9402cbc5979dc36e2d47e40cace3c
insertion,11,Frozen context,92037,0,0,2.0,351.0,b3f012867b81beda370eb2fad1df12ca6dd9402cbc5979dc36e2d47e40cace3c
insertion,11,Frozen context,92038,1,1,4.0,427.0,b3f012867b81beda370eb2fad1df12ca6dd9402cbc5979dc36e2d47e40cace3c
insertion,11,Frozen context,92039,0,0,3.0,141.0,b3f012867b81beda370eb2fad1df12ca6dd9402cbc5979dc36e2d47e40cace3c
insertion,11,Old SCANA,92000,0,0,0.0,0.0,a334f62f590720c7ea82f36a610b7d0c00ef6d2cf6f2a0764f9d2b809508c456
insertion,11,Old SCANA,92001,0,0,0.0,0.0,a334f62f590720c7ea82f36a610b7d0c00ef6d2cf6f2a0764f9d2b809508c456
insertion,11,Old SCANA,92002,0,0,0.0,0.0,a334f62f590720c7ea82f36a610b7d0c00ef6d2cf6f2a0764f9d2b809508c456
insertion,11,Old SCANA,92003,0,0,0.0,0.0,a334f62f590720c7ea82f36a610b7d0c00ef6d2cf6f2a0764f9d2b809508c456
insertion,11,Old SCANA,92004,0,0,0.0,0.0,a334f62f590720c7ea82f36a610b7d0c00ef6d2cf6f2a0764f9d2b809508c456
insertion,11,Old SCANA,92005,0,0,0.0,0.0,a334f62f590720c7ea82f36a610b7d0c00ef6d2cf6f2a0764f9d2b809508c456
insertion,11,Old SCANA,92006,0,0,0.0,0.0,a334f62f590720c7ea82f36a610b7d0c00ef6d2cf6f2a0764f9d2b809508c456
insertion,11,Old SCANA,92007,0,0,0.0,0.0,a334f62f590720c7ea82f36a610b7d0c00ef6d2cf6f2a0764f9d2b809508c456
insertion,11,Old SCANA,92008,0,0,0.0,0.0,a334f62f590720c7ea82f36a610b7d0c00ef6d2cf6f2a0764f9d2b809508c456
insertion,11,Old SCANA,92009,0,0,0.0,0.0,a334f62f590720c7ea82f36a610b7d0c00ef6d2cf6f2a0764f9d2b809508c456
insertion,11,Old SCANA,92010,0,0,0.0,0.0,a334f62f590720c7ea82f36a610b7d0c00ef6d2cf6f2a0764f9d2b809508c456
insertion,11,Old SCANA,92011,0,0,0.0,0.0,a334f62f590720c7ea82f36a610b7d0c00ef6d2cf6f2a0764f9d2b809508c456
insertion,11,Old SCANA,92012,0,0,0.0,0.0,a334f62f590720c7ea82f36a610b7d0c00ef6d2cf6f2a0764f9d2b809508c456
insertion,11,Old SCANA,92013,0,0,0.0,0.0,a334f62f590720c7ea82f36a610b7d0c00ef6d2cf6f2a0764f9d2b809508c456
insertion,11,Old SCANA,92014,0,0,0.0,0.0,a334f62f590720c7ea82f36a610b7d0c00ef6d2cf6f2a0764f9d2b809508c456
insertion,11,Old SCANA,92015,0,0,0.0,0.0,a334f62f590720c7ea82f36a610b7d0c00ef6d2cf6f2a0764f9d2b809508c456
insertion,11,Old SCANA,92016,0,0,0.0,0.0,a334f62f590720c7ea82f36a610b7d0c00ef6d2cf6f2a0764f9d2b809508c456
insertion,11,Old SCANA,92017,0,0,0.0,0.0,a334f62f590720c7ea82f36a610b7d0c00ef6d2cf6f2a0764f9d2b809508c456
insertion,11,Old SCANA,92018,0,0,0.0,0.0,a334f62f590720c7ea82f36a610b7d0c00ef6d2cf6f2a0764f9d2b809508c456
insertion,11,Old SCANA,92019,0,0,0.0,0.0,a334f62f590720c7ea82f36a610b7d0c00ef6d2cf6f2a0764f9d2b809508c456
insertion,11,Old SCANA,92020,0,0,0.0,0.0,a334f62f590720c7ea82f36a610b7d0c00ef6d2cf6f2a0764f9d2b809508c456
insertion,11,Old SCANA,92021,0,0,0.0,0.0,a334f62f590720c7ea82f36a610b7d0c00ef6d2cf6f2a0764f9d2b809508c456
insertion,11,Old SCANA,92022,0,0,0.0,0.0,a334f62f590720c7ea82f36a610b7d0c00ef6d2cf6f2a0764f9d2b809508c456
insertion,11,Old SCANA,92023,0,0,0.0,0.0,a334f62f590720c7ea82f36a610b7d0c00ef6d2cf6f2a0764f9d2b809508c456
insertion,11,Old SCANA,92024,0,0,0.0,0.0,a334f62f590720c7ea82f36a610b7d0c00ef6d2cf6f2a0764f9d2b809508c456
insertion,11,Old SCANA,92025,0,0,0.0,0.0,a334f62f590720c7ea82f36a610b7d0c00ef6d2cf6f2a0764f9d2b809508c456
insertion,11,Old SCANA,92026,0,0,0.0,0.0,a334f62f590720c7ea82f36a610b7d0c00ef6d2cf6f2a0764f9d2b809508c456
insertion,11,Old SCANA,92027,0,0,0.0,0.0,a334f62f590720c7ea82f36a610b7d0c00ef6d2cf6f2a0764f9d2b809508c456
insertion,11,Old SCANA,92028,0,0,0.0,0.0,a334f62f590720c7ea82f36a610b7d0c00ef6d2cf6f2a0764f9d2b809508c456
insertion,11,Old SCANA,92029,0,0,0.0,0.0,a334f62f590720c7ea82f36a610b7d0c00ef6d2cf6f2a0764f9d2b809508c456
insertion,11,Old SCANA,92030,0,0,0.0,0.0,a334f62f590720c7ea82f36a610b7d0c00ef6d2cf6f2a0764f9d2b809508c456
insertion,11,Old SCANA,92031,0,0,0.0,0.0,a334f62f590720c7ea82f36a610b7d0c00ef6d2cf6f2a0764f9d2b809508c456
insertion,11,Old SCANA,92032,0,0,0.0,0.0,a334f62f590720c7ea82f36a610b7d0c00ef6d2cf6f2a0764f9d2b809508c456
insertion,11,Old SCANA,92033,0,0,0.0,0.0,a334f62f590720c7ea82f36a610b7d0c00ef6d2cf6f2a0764f9d2b809508c456
insertion,11,Old SCANA,92034,0,0,0.0,0.0,a334f62f590720c7ea82f36a610b7d0c00ef6d2cf6f2a0764f9d2b809508c456
insertion,11,Old SCANA,92035,0,0,0.0,0.0,a334f62f590720c7ea82f36a610b7d0c00ef6d2cf6f2a0764f9d2b809508c456
insertion,11,Old SCANA,92036,0,0,0.0,0.0,a334f62f590720c7ea82f36a610b7d0c00ef6d2cf6f2a0764f9d2b809508c456
insertion,11,Old SCANA,92037,0,0,0.0,0.0,a334f62f590720c7ea82f36a610b7d0c00ef6d2cf6f2a0764f9d2b809508c456
insertion,11,Old SCANA,92038,0,0,0.0,0.0,a334f62f590720c7ea82f36a610b7d0c00ef6d2cf6f2a0764f9d2b809508c456
insertion,11,Old SCANA,92039,0,0,0.0,0.0,a334f62f590720c7ea82f36a610b7d0c00ef6d2cf6f2a0764f9d2b809508c456
insertion,11,Old kNN,92000,0,0,0.0,0.0,99f158165912b1c7984c1342677bc7150234b684c320352b185059a843e976f3
insertion,11,Old kNN,92001,0,0,0.0,0.0,99f158165912b1c7984c1342677bc7150234b684c320352b185059a843e976f3
insertion,11,Old kNN,92002,0,0,0.0,0.0,99f158165912b1c7984c1342677bc7150234b684c320352b185059a843e976f3
insertion,11,Old kNN,92003,0,0,0.0,0.0,99f158165912b1c7984c1342677bc7150234b684c320352b185059a843e976f3
insertion,11,Old kNN,92004,0,0,0.0,0.0,99f158165912b1c7984c1342677bc7150234b684c320352b185059a843e976f3
insertion,11,Old kNN,92005,0,0,0.0,0.0,99f158165912b1c7984c1342677bc7150234b684c320352b185059a843e976f3
insertion,11,Old kNN,92006,0,0,0.0,0.0,99f158165912b1c7984c1342677bc7150234b684c320352b185059a843e976f3
insertion,11,Old kNN,92007,0,0,0.0,0.0,99f158165912b1c7984c1342677bc7150234b684c320352b185059a843e976f3
insertion,11,Old kNN,92008,0,0,0.0,0.0,99f158165912b1c7984c1342677bc7150234b684c320352b185059a843e976f3
insertion,11,Old kNN,92009,0,0,0.0,0.0,99f158165912b1c7984c1342677bc7150234b684c320352b185059a843e976f3
insertion,11,Old kNN,92010,0,0,0.0,0.0,99f158165912b1c7984c1342677bc7150234b684c320352b185059a843e976f3
insertion,11,Old kNN,92011,0,0,0.0,0.0,99f158165912b1c7984c1342677bc7150234b684c320352b185059a843e976f3
insertion,11,Old kNN,92012,0,0,0.0,0.0,99f158165912b1c7984c1342677bc7150234b684c320352b185059a843e976f3
insertion,11,Old kNN,92013,0,0,0.0,0.0,99f158165912b1c7984c1342677bc7150234b684c320352b185059a843e976f3
insertion,11,Old kNN,92014,0,0,0.0,0.0,99f158165912b1c7984c1342677bc7150234b684c320352b185059a843e976f3
insertion,11,Old kNN,92015,0,0,0.0,0.0,99f158165912b1c7984c1342677bc7150234b684c320352b185059a843e976f3
insertion,11,Old kNN,92016,0,0,0.0,0.0,99f158165912b1c7984c1342677bc7150234b684c320352b185059a843e976f3
insertion,11,Old kNN,92017,0,0,0.0,0.0,99f158165912b1c7984c1342677bc7150234b684c320352b185059a843e976f3
insertion,11,Old kNN,92018,0,0,0.0,0.0,99f158165912b1c7984c1342677bc7150234b684c320352b185059a843e976f3
insertion,11,Old kNN,92019,0,0,0.0,0.0,99f158165912b1c7984c1342677bc7150234b684c320352b185059a843e976f3
insertion,11,Old kNN,92020,0,0,0.0,0.0,99f158165912b1c7984c1342677bc7150234b684c320352b185059a843e976f3
insertion,11,Old kNN,92021,0,0,0.0,0.0,99f158165912b1c7984c1342677bc7150234b684c320352b185059a843e976f3
insertion,11,Old kNN,92022,0,0,0.0,0.0,99f158165912b1c7984c1342677bc7150234b684c320352b185059a843e976f3
insertion,11,Old kNN,92023,0,0,0.0,0.0,99f158165912b1c7984c1342677bc7150234b684c320352b185059a843e976f3
insertion,11,Old kNN,92024,0,0,0.0,0.0,99f158165912b1c7984c1342677bc7150234b684c320352b185059a843e976f3
insertion,11,Old kNN,92025,0,0,0.0,0.0,99f158165912b1c7984c1342677bc7150234b684c320352b185059a843e976f3
insertion,11,Old kNN,92026,0,0,0.0,0.0,99f158165912b1c7984c1342677bc7150234b684c320352b185059a843e976f3
insertion,11,Old kNN,92027,0,0,0.0,0.0,99f158165912b1c7984c1342677bc7150234b684c320352b185059a843e976f3
insertion,11,Old kNN,92028,0,0,0.0,0.0,99f158165912b1c7984c1342677bc7150234b684c320352b185059a843e976f3
insertion,11,Old kNN,92029,0,0,0.0,0.0,99f158165912b1c7984c1342677bc7150234b684c320352b185059a843e976f3
insertion,11,Old kNN,92030,0,0,0.0,0.0,99f158165912b1c7984c1342677bc7150234b684c320352b185059a843e976f3
insertion,11,Old kNN,92031,0,0,0.0,0.0,99f158165912b1c7984c1342677bc7150234b684c320352b185059a843e976f3
insertion,11,Old kNN,92032,0,0,0.0,0.0,99f158165912b1c7984c1342677bc7150234b684c320352b185059a843e976f3
insertion,11,Old kNN,92033,0,0,0.0,0.0,99f158165912b1c7984c1342677bc7150234b684c320352b185059a843e976f3
insertion,11,Old kNN,92034,0,0,0.0,0.0,99f158165912b1c7984c1342677bc7150234b684c320352b185059a843e976f3
insertion,11,Old kNN,92035,0,0,0.0,0.0,99f158165912b1c7984c1342677bc7150234b684c320352b185059a843e976f3
insertion,11,Old kNN,92036,0,0,0.0,0.0,99f158165912b1c7984c1342677bc7150234b684c320352b185059a843e976f3
insertion,11,Old kNN,92037,0,0,0.0,0.0,99f158165912b1c7984c1342677bc7150234b684c320352b185059a843e976f3
insertion,11,Old kNN,92038,0,0,0.0,0.0,99f158165912b1c7984c1342677bc7150234b684c320352b185059a843e976f3
insertion,11,Old kNN,92039,0,0,0.0,0.0,99f158165912b1c7984c1342677bc7150234b684c320352b185059a843e976f3
insertion,11,Old deterministic,92000,0,0,0.0,0.0,cb0e5c203db38bde9b4e93841db7e71789e05f76aedcec7652c8668e1bdee88f
insertion,11,Old deterministic,92001,0,0,0.0,0.0,cb0e5c203db38bde9b4e93841db7e71789e05f76aedcec7652c8668e1bdee88f
insertion,11,Old deterministic,92002,0,0,0.0,0.0,cb0e5c203db38bde9b4e93841db7e71789e05f76aedcec7652c8668e1bdee88f
insertion,11,Old deterministic,92003,0,0,0.0,0.0,cb0e5c203db38bde9b4e93841db7e71789e05f76aedcec7652c8668e1bdee88f
insertion,11,Old deterministic,92004,0,0,0.0,0.0,cb0e5c203db38bde9b4e93841db7e71789e05f76aedcec7652c8668e1bdee88f
insertion,11,Old deterministic,92005,0,0,0.0,0.0,cb0e5c203db38bde9b4e93841db7e71789e05f76aedcec7652c8668e1bdee88f
insertion,11,Old deterministic,92006,0,0,0.0,0.0,cb0e5c203db38bde9b4e93841db7e71789e05f76aedcec7652c8668e1bdee88f
insertion,11,Old deterministic,92007,0,0,0.0,0.0,cb0e5c203db38bde9b4e93841db7e71789e05f76aedcec7652c8668e1bdee88f
insertion,11,Old deterministic,92008,0,0,0.0,0.0,cb0e5c203db38bde9b4e93841db7e71789e05f76aedcec7652c8668e1bdee88f
insertion,11,Old deterministic,92009,0,0,0.0,0.0,cb0e5c203db38bde9b4e93841db7e71789e05f76aedcec7652c8668e1bdee88f
insertion,11,Old deterministic,92010,0,0,0.0,0.0,cb0e5c203db38bde9b4e93841db7e71789e05f76aedcec7652c8668e1bdee88f
insertion,11,Old deterministic,92011,0,0,0.0,0.0,cb0e5c203db38bde9b4e93841db7e71789e05f76aedcec7652c8668e1bdee88f
insertion,11,Old deterministic,92012,0,0,0.0,0.0,cb0e5c203db38bde9b4e93841db7e71789e05f76aedcec7652c8668e1bdee88f
insertion,11,Old deterministic,92013,0,0,0.0,0.0,cb0e5c203db38bde9b4e93841db7e71789e05f76aedcec7652c8668e1bdee88f
insertion,11,Old deterministic,92014,0,0,0.0,0.0,cb0e5c203db38bde9b4e93841db7e71789e05f76aedcec7652c8668e1bdee88f
insertion,11,Old deterministic,92015,0,0,0.0,0.0,cb0e5c203db38bde9b4e93841db7e71789e05f76aedcec7652c8668e1bdee88f
insertion,11,Old deterministic,92016,0,0,0.0,0.0,cb0e5c203db38bde9b4e93841db7e71789e05f76aedcec7652c8668e1bdee88f
insertion,11,Old deterministic,92017,0,0,0.0,0.0,cb0e5c203db38bde9b4e93841db7e71789e05f76aedcec7652c8668e1bdee88f
insertion,11,Old deterministic,92018,0,0,0.0,0.0,cb0e5c203db38bde9b4e93841db7e71789e05f76aedcec7652c8668e1bdee88f
insertion,11,Old deterministic,92019,0,0,0.0,0.0,cb0e5c203db38bde9b4e93841db7e71789e05f76aedcec7652c8668e1bdee88f
insertion,11,Old deterministic,92020,0,0,0.0,0.0,cb0e5c203db38bde9b4e93841db7e71789e05f76aedcec7652c8668e1bdee88f
insertion,11,Old deterministic,92021,0,0,0.0,0.0,cb0e5c203db38bde9b4e93841db7e71789e05f76aedcec7652c8668e1bdee88f
insertion,11,Old deterministic,92022,0,0,0.0,0.0,cb0e5c203db38bde9b4e93841db7e71789e05f76aedcec7652c8668e1bdee88f
insertion,11,Old deterministic,92023,0,0,0.0,0.0,cb0e5c203db38bde9b4e93841db7e71789e05f76aedcec7652c8668e1bdee88f
insertion,11,Old deterministic,92024,0,0,0.0,0.0,cb0e5c203db38bde9b4e93841db7e71789e05f76aedcec7652c8668e1bdee88f
insertion,11,Old deterministic,92025,0,0,0.0,0.0,cb0e5c203db38bde9b4e93841db7e71789e05f76aedcec7652c8668e1bdee88f
insertion,11,Old deterministic,92026,0,0,0.0,0.0,cb0e5c203db38bde9b4e93841db7e71789e05f76aedcec7652c8668e1bdee88f
insertion,11,Old deterministic,92027,0,0,0.0,0.0,cb0e5c203db38bde9b4e93841db7e71789e05f76aedcec7652c8668e1bdee88f
insertion,11,Old deterministic,92028,0,0,0.0,0.0,cb0e5c203db38bde9b4e93841db7e71789e05f76aedcec7652c8668e1bdee88f
insertion,11,Old deterministic,92029,0,0,0.0,0.0,cb0e5c203db38bde9b4e93841db7e71789e05f76aedcec7652c8668e1bdee88f
insertion,11,Old deterministic,92030,0,0,0.0,0.0,cb0e5c203db38bde9b4e93841db7e71789e05f76aedcec7652c8668e1bdee88f
insertion,11,Old deterministic,92031,0,0,0.0,0.0,cb0e5c203db38bde9b4e93841db7e71789e05f76aedcec7652c8668e1bdee88f
insertion,11,Old deterministic,92032,0,0,0.0,0.0,cb0e5c203db38bde9b4e93841db7e71789e05f76aedcec7652c8668e1bdee88f
insertion,11,Old deterministic,92033,0,0,0.0,0.0,cb0e5c203db38bde9b4e93841db7e71789e05f76aedcec7652c8668e1bdee88f
insertion,11,Old deterministic,92034,0,0,0.0,0.0,cb0e5c203db38bde9b4e93841db7e71789e05f76aedcec7652c8668e1bdee88f
insertion,11,Old deterministic,92035,0,0,0.0,0.0,cb0e5c203db38bde9b4e93841db7e71789e05f76aedcec7652c8668e1bdee88f
insertion,11,Old deterministic,92036,0,0,0.0,0.0,cb0e5c203db38bde9b4e93841db7e71789e05f76aedcec7652c8668e1bdee88f
insertion,11,Old deterministic,92037,0,0,0.0,0.0,cb0e5c203db38bde9b4e93841db7e71789e05f76aedcec7652c8668e1bdee88f
insertion,11,Old deterministic,92038,0,0,0.0,0.0,cb0e5c203db38bde9b4e93841db7e71789e05f76aedcec7652c8668e1bdee88f
insertion,11,Old deterministic,92039,0,0,0.0,0.0,cb0e5c203db38bde9b4e93841db7e71789e05f76aedcec7652c8668e1bdee88f
insertion,11,Clip only,92000,1,0,4.0,251.0,1de428a81293aafd73f9d7b4359b01f6a7780bba792e54c6cb093aebcf53019b
insertion,11,Clip only,92001,0,0,2.0,50.0,1de428a81293aafd73f9d7b4359b01f6a7780bba792e54c6cb093aebcf53019b
insertion,11,Clip only,92002,1,1,4.0,443.0,1de428a81293aafd73f9d7b4359b01f6a7780bba792e54c6cb093aebcf53019b
insertion,11,Clip only,92003,0,0,1.0,11.0,1de428a81293aafd73f9d7b4359b01f6a7780bba792e54c6cb093aebcf53019b
insertion,11,Clip only,92004,0,0,3.0,196.0,1de428a81293aafd73f9d7b4359b01f6a7780bba792e54c6cb093aebcf53019b
insertion,11,Clip only,92005,0,0,3.0,196.0,1de428a81293aafd73f9d7b4359b01f6a7780bba792e54c6cb093aebcf53019b
insertion,11,Clip only,92006,1,0,4.0,432.0,1de428a81293aafd73f9d7b4359b01f6a7780bba792e54c6cb093aebcf53019b
insertion,11,Clip only,92007,0,0,3.0,399.0,1de428a81293aafd73f9d7b4359b01f6a7780bba792e54c6cb093aebcf53019b
insertion,11,Clip only,92008,0,0,1.0,6.0,1de428a81293aafd73f9d7b4359b01f6a7780bba792e54c6cb093aebcf53019b
insertion,11,Clip only,92009,1,0,4.0,465.0,1de428a81293aafd73f9d7b4359b01f6a7780bba792e54c6cb093aebcf53019b
insertion,11,Clip only,92010,1,1,4.0,429.0,1de428a81293aafd73f9d7b4359b01f6a7780bba792e54c6cb093aebcf53019b
insertion,11,Clip only,92011,1,0,4.0,467.0,1de428a81293aafd73f9d7b4359b01f6a7780bba792e54c6cb093aebcf53019b
insertion,11,Clip only,92012,1,0,4.0,444.0,1de428a81293aafd73f9d7b4359b01f6a7780bba792e54c6cb093aebcf53019b
insertion,11,Clip only,92013,0,0,3.0,368.0,1de428a81293aafd73f9d7b4359b01f6a7780bba792e54c6cb093aebcf53019b
insertion,11,Clip only,92014,1,0,4.0,425.0,1de428a81293aafd73f9d7b4359b01f6a7780bba792e54c6cb093aebcf53019b
insertion,11,Clip only,92015,1,0,4.0,421.0,1de428a81293aafd73f9d7b4359b01f6a7780bba792e54c6cb093aebcf53019b
insertion,11,Clip only,92016,1,0,4.0,447.0,1de428a81293aafd73f9d7b4359b01f6a7780bba792e54c6cb093aebcf53019b
insertion,11,Clip only,92017,0,0,2.0,206.0,1de428a81293aafd73f9d7b4359b01f6a7780bba792e54c6cb093aebcf53019b
insertion,11,Clip only,92018,1,1,4.0,451.0,1de428a81293aafd73f9d7b4359b01f6a7780bba792e54c6cb093aebcf53019b
insertion,11,Clip only,92019,0,0,0.0,0.0,1de428a81293aafd73f9d7b4359b01f6a7780bba792e54c6cb093aebcf53019b
insertion,11,Clip only,92020,0,0,3.0,420.0,1de428a81293aafd73f9d7b4359b01f6a7780bba792e54c6cb093aebcf53019b
insertion,11,Clip only,92021,0,0,3.0,251.0,1de428a81293aafd73f9d7b4359b01f6a7780bba792e54c6cb093aebcf53019b
insertion,11,Clip only,92022,1,0,4.0,463.0,1de428a81293aafd73f9d7b4359b01f6a7780bba792e54c6cb093aebcf53019b
insertion,11,Clip only,92023,0,0,3.0,385.0,1de428a81293aafd73f9d7b4359b01f6a7780bba792e54c6cb093aebcf53019b
insertion,11,Clip only,92024,0,0,2.0,119.0,1de428a81293aafd73f9d7b4359b01f6a7780bba792e54c6cb093aebcf53019b
insertion,11,Clip only,92025,1,0,4.0,455.0,1de428a81293aafd73f9d7b4359b01f6a7780bba792e54c6cb093aebcf53019b
insertion,11,Clip only,92026,1,0,4.0,418.0,1de428a81293aafd73f9d7b4359b01f6a7780bba792e54c6cb093aebcf53019b
insertion,11,Clip only,92027,0,0,2.0,53.0,1de428a81293aafd73f9d7b4359b01f6a7780bba792e54c6cb093aebcf53019b
insertion,11,Clip only,92028,0,0,3.0,179.0,1de428a81293aafd73f9d7b4359b01f6a7780bba792e54c6cb093aebcf53019b
insertion,11,Clip only,92029,1,1,4.0,441.0,1de428a81293aafd73f9d7b4359b01f6a7780bba792e54c6cb093aebcf53019b
insertion,11,Clip only,92030,0,0,3.0,214.0,1de428a81293aafd73f9d7b4359b01f6a7780bba792e54c6cb093aebcf53019b
insertion,11,Clip only,92031,1,0,4.0,432.0,1de428a81293aafd73f9d7b4359b01f6a7780bba792e54c6cb093aebcf53019b
insertion,11,Clip only,92032,0,0,3.0,185.0,1de428a81293aafd73f9d7b4359b01f6a7780bba792e54c6cb093aebcf53019b
insertion,11,Clip only,92033,0,0,3.0,224.0,1de428a81293aafd73f9d7b4359b01f6a7780bba792e54c6cb093aebcf53019b
insertion,11,Clip only,92034,0,0,3.0,370.0,1de428a81293aafd73f9d7b4359b01f6a7780bba792e54c6cb093aebcf53019b
insertion,11,Clip only,92035,1,0,4.0,476.0,1de428a81293aafd73f9d7b4359b01f6a7780bba792e54c6cb093aebcf53019b
insertion,11,Clip only,92036,0,0,2.0,354.0,1de428a81293aafd73f9d7b4359b01f6a7780bba792e54c6cb093aebcf53019b
insertion,11,Clip only,92037,1,0,4.0,469.0,1de428a81293aafd73f9d7b4359b01f6a7780bba792e54c6cb093aebcf53019b
insertion,11,Clip only,92038,0,0,3.0,440.0,1de428a81293aafd73f9d7b4359b01f6a7780bba792e54c6cb093aebcf53019b
insertion,11,Clip only,92039,0,0,1.0,10.0,1de428a81293aafd73f9d7b4359b01f6a7780bba792e54c6cb093aebcf53019b
insertion,23,Clean repeat,92000,0,0,2.0,37.0,59cbfa4484f87b526966b19ba29b834e5126739e3bb023df29bba83b587d8762
insertion,23,Clean repeat,92001,0,0,3.0,252.0,59cbfa4484f87b526966b19ba29b834e5126739e3bb023df29bba83b587d8762
insertion,23,Clean repeat,92002,1,0,4.0,458.0,59cbfa4484f87b526966b19ba29b834e5126739e3bb023df29bba83b587d8762
insertion,23,Clean repeat,92003,0,0,2.0,41.0,59cbfa4484f87b526966b19ba29b834e5126739e3bb023df29bba83b587d8762
insertion,23,Clean repeat,92004,0,0,3.0,165.0,59cbfa4484f87b526966b19ba29b834e5126739e3bb023df29bba83b587d8762
insertion,23,Clean repeat,92005,1,0,4.0,439.0,59cbfa4484f87b526966b19ba29b834e5126739e3bb023df29bba83b587d8762
insertion,23,Clean repeat,92006,1,0,4.0,445.0,59cbfa4484f87b526966b19ba29b834e5126739e3bb023df29bba83b587d8762
insertion,23,Clean repeat,92007,0,0,3.0,308.0,59cbfa4484f87b526966b19ba29b834e5126739e3bb023df29bba83b587d8762
insertion,23,Clean repeat,92008,0,0,3.0,220.0,59cbfa4484f87b526966b19ba29b834e5126739e3bb023df29bba83b587d8762
insertion,23,Clean repeat,92009,1,0,4.0,461.0,59cbfa4484f87b526966b19ba29b834e5126739e3bb023df29bba83b587d8762
insertion,23,Clean repeat,92010,0,0,3.0,269.0,59cbfa4484f87b526966b19ba29b834e5126739e3bb023df29bba83b587d8762
insertion,23,Clean repeat,92011,1,0,4.0,471.0,59cbfa4484f87b526966b19ba29b834e5126739e3bb023df29bba83b587d8762
insertion,23,Clean repeat,92012,0,0,3.0,152.0,59cbfa4484f87b526966b19ba29b834e5126739e3bb023df29bba83b587d8762
insertion,23,Clean repeat,92013,1,0,4.0,454.0,59cbfa4484f87b526966b19ba29b834e5126739e3bb023df29bba83b587d8762
insertion,23,Clean repeat,92014,0,0,2.0,55.0,59cbfa4484f87b526966b19ba29b834e5126739e3bb023df29bba83b587d8762
insertion,23,Clean repeat,92015,1,0,4.0,424.0,59cbfa4484f87b526966b19ba29b834e5126739e3bb023df29bba83b587d8762
insertion,23,Clean repeat,92016,1,0,4.0,443.0,59cbfa4484f87b526966b19ba29b834e5126739e3bb023df29bba83b587d8762
insertion,23,Clean repeat,92017,1,1,4.0,430.0,59cbfa4484f87b526966b19ba29b834e5126739e3bb023df29bba83b587d8762
insertion,23,Clean repeat,92018,1,0,4.0,462.0,59cbfa4484f87b526966b19ba29b834e5126739e3bb023df29bba83b587d8762
insertion,23,Clean repeat,92019,0,0,2.0,23.0,59cbfa4484f87b526966b19ba29b834e5126739e3bb023df29bba83b587d8762
insertion,23,Clean repeat,92020,1,0,4.0,466.0,59cbfa4484f87b526966b19ba29b834e5126739e3bb023df29bba83b587d8762
insertion,23,Clean repeat,92021,0,0,3.0,337.0,59cbfa4484f87b526966b19ba29b834e5126739e3bb023df29bba83b587d8762
insertion,23,Clean repeat,92022,0,0,3.0,117.0,59cbfa4484f87b526966b19ba29b834e5126739e3bb023df29bba83b587d8762
insertion,23,Clean repeat,92023,1,0,4.0,460.0,59cbfa4484f87b526966b19ba29b834e5126739e3bb023df29bba83b587d8762
insertion,23,Clean repeat,92024,0,0,3.0,229.0,59cbfa4484f87b526966b19ba29b834e5126739e3bb023df29bba83b587d8762
insertion,23,Clean repeat,92025,1,0,4.0,434.0,59cbfa4484f87b526966b19ba29b834e5126739e3bb023df29bba83b587d8762
insertion,23,Clean repeat,92026,1,1,4.0,455.0,59cbfa4484f87b526966b19ba29b834e5126739e3bb023df29bba83b587d8762
insertion,23,Clean repeat,92027,1,0,4.0,333.0,59cbfa4484f87b526966b19ba29b834e5126739e3bb023df29bba83b587d8762
insertion,23,Clean repeat,92028,0,0,3.0,243.0,59cbfa4484f87b526966b19ba29b834e5126739e3bb023df29bba83b587d8762
insertion,23,Clean repeat,92029,0,0,3.0,166.0,59cbfa4484f87b526966b19ba29b834e5126739e3bb023df29bba83b587d8762
insertion,23,Clean repeat,92030,1,0,4.0,469.0,59cbfa4484f87b526966b19ba29b834e5126739e3bb023df29bba83b587d8762
insertion,23,Clean repeat,92031,1,0,4.0,432.0,59cbfa4484f87b526966b19ba29b834e5126739e3bb023df29bba83b587d8762
insertion,23,Clean repeat,92032,1,0,4.0,466.0,59cbfa4484f87b526966b19ba29b834e5126739e3bb023df29bba83b587d8762
insertion,23,Clean repeat,92033,1,0,4.0,422.0,59cbfa4484f87b526966b19ba29b834e5126739e3bb023df29bba83b587d8762
insertion,23,Clean repeat,92034,0,0,3.0,237.0,59cbfa4484f87b526966b19ba29b834e5126739e3bb023df29bba83b587d8762
insertion,23,Clean repeat,92035,1,0,4.0,468.0,59cbfa4484f87b526966b19ba29b834e5126739e3bb023df29bba83b587d8762
insertion,23,Clean repeat,92036,1,1,4.0,451.0,59cbfa4484f87b526966b19ba29b834e5126739e3bb023df29bba83b587d8762
insertion,23,Clean repeat,92037,1,0,4.0,474.0,59cbfa4484f87b526966b19ba29b834e5126739e3bb023df29bba83b587d8762
insertion,23,Clean repeat,92038,1,0,4.0,444.0,59cbfa4484f87b526966b19ba29b834e5126739e3bb023df29bba83b587d8762
insertion,23,Clean repeat,92039,0,0,2.0,67.0,59cbfa4484f87b526966b19ba29b834e5126739e3bb023df29bba83b587d8762
insertion,23,Calibrated recovery,92000,0,0,3.0,169.0,5ea2ef22a0beaac38014c66b308dd228766799010f1a88372569807b50cfd6a3
insertion,23,Calibrated recovery,92001,0,0,3.0,388.0,5ea2ef22a0beaac38014c66b308dd228766799010f1a88372569807b50cfd6a3
insertion,23,Calibrated recovery,92002,1,0,4.0,452.0,5ea2ef22a0beaac38014c66b308dd228766799010f1a88372569807b50cfd6a3
insertion,23,Calibrated recovery,92003,1,1,4.0,388.0,5ea2ef22a0beaac38014c66b308dd228766799010f1a88372569807b50cfd6a3
insertion,23,Calibrated recovery,92004,0,0,3.0,244.0,5ea2ef22a0beaac38014c66b308dd228766799010f1a88372569807b50cfd6a3
insertion,23,Calibrated recovery,92005,1,1,4.0,492.0,5ea2ef22a0beaac38014c66b308dd228766799010f1a88372569807b50cfd6a3
insertion,23,Calibrated recovery,92006,1,1,4.0,396.0,5ea2ef22a0beaac38014c66b308dd228766799010f1a88372569807b50cfd6a3
insertion,23,Calibrated recovery,92007,1,0,4.0,498.0,5ea2ef22a0beaac38014c66b308dd228766799010f1a88372569807b50cfd6a3
insertion,23,Calibrated recovery,92008,1,1,4.0,375.0,5ea2ef22a0beaac38014c66b308dd228766799010f1a88372569807b50cfd6a3
insertion,23,Calibrated recovery,92009,0,0,3.0,464.0,5ea2ef22a0beaac38014c66b308dd228766799010f1a88372569807b50cfd6a3
insertion,23,Calibrated recovery,92010,0,0,3.0,420.0,5ea2ef22a0beaac38014c66b308dd228766799010f1a88372569807b50cfd6a3
insertion,23,Calibrated recovery,92011,0,0,3.0,181.0,5ea2ef22a0beaac38014c66b308dd228766799010f1a88372569807b50cfd6a3
insertion,23,Calibrated recovery,92012,1,1,4.0,403.0,5ea2ef22a0beaac38014c66b308dd228766799010f1a88372569807b50cfd6a3
insertion,23,Calibrated recovery,92013,1,1,4.0,422.0,5ea2ef22a0beaac38014c66b308dd228766799010f1a88372569807b50cfd6a3
insertion,23,Calibrated recovery,92014,1,1,4.0,447.0,5ea2ef22a0beaac38014c66b308dd228766799010f1a88372569807b50cfd6a3
insertion,23,Calibrated recovery,92015,1,1,4.0,432.0,5ea2ef22a0beaac38014c66b308dd228766799010f1a88372569807b50cfd6a3
insertion,23,Calibrated recovery,92016,1,1,4.0,459.0,5ea2ef22a0beaac38014c66b308dd228766799010f1a88372569807b50cfd6a3
insertion,23,Calibrated recovery,92017,1,1,4.0,467.0,5ea2ef22a0beaac38014c66b308dd228766799010f1a88372569807b50cfd6a3
insertion,23,Calibrated recovery,92018,1,1,4.0,468.0,5ea2ef22a0beaac38014c66b308dd228766799010f1a88372569807b50cfd6a3
insertion,23,Calibrated recovery,92019,0,0,1.0,25.0,5ea2ef22a0beaac38014c66b308dd228766799010f1a88372569807b50cfd6a3
insertion,23,Calibrated recovery,92020,1,1,4.0,444.0,5ea2ef22a0beaac38014c66b308dd228766799010f1a88372569807b50cfd6a3
insertion,23,Calibrated recovery,92021,0,0,3.0,293.0,5ea2ef22a0beaac38014c66b308dd228766799010f1a88372569807b50cfd6a3
insertion,23,Calibrated recovery,92022,1,1,4.0,470.0,5ea2ef22a0beaac38014c66b308dd228766799010f1a88372569807b50cfd6a3
insertion,23,Calibrated recovery,92023,1,1,4.0,449.0,5ea2ef22a0beaac38014c66b308dd228766799010f1a88372569807b50cfd6a3
insertion,23,Calibrated recovery,92024,0,0,3.0,399.0,5ea2ef22a0beaac38014c66b308dd228766799010f1a88372569807b50cfd6a3
insertion,23,Calibrated recovery,92025,1,1,4.0,450.0,5ea2ef22a0beaac38014c66b308dd228766799010f1a88372569807b50cfd6a3
insertion,23,Calibrated recovery,92026,1,1,4.0,477.0,5ea2ef22a0beaac38014c66b308dd228766799010f1a88372569807b50cfd6a3
insertion,23,Calibrated recovery,92027,1,1,4.0,462.0,5ea2ef22a0beaac38014c66b308dd228766799010f1a88372569807b50cfd6a3
insertion,23,Calibrated recovery,92028,1,1,4.0,393.0,5ea2ef22a0beaac38014c66b308dd228766799010f1a88372569807b50cfd6a3
insertion,23,Calibrated recovery,92029,1,0,4.0,478.0,5ea2ef22a0beaac38014c66b308dd228766799010f1a88372569807b50cfd6a3
insertion,23,Calibrated recovery,92030,1,0,4.0,464.0,5ea2ef22a0beaac38014c66b308dd228766799010f1a88372569807b50cfd6a3
insertion,23,Calibrated recovery,92031,1,0,4.0,468.0,5ea2ef22a0beaac38014c66b308dd228766799010f1a88372569807b50cfd6a3
insertion,23,Calibrated recovery,92032,1,1,4.0,465.0,5ea2ef22a0beaac38014c66b308dd228766799010f1a88372569807b50cfd6a3
insertion,23,Calibrated recovery,92033,1,1,4.0,472.0,5ea2ef22a0beaac38014c66b308dd228766799010f1a88372569807b50cfd6a3
insertion,23,Calibrated recovery,92034,1,1,4.0,455.0,5ea2ef22a0beaac38014c66b308dd228766799010f1a88372569807b50cfd6a3
insertion,23,Calibrated recovery,92035,0,0,3.0,459.0,5ea2ef22a0beaac38014c66b308dd228766799010f1a88372569807b50cfd6a3
insertion,23,Calibrated recovery,92036,1,1,4.0,458.0,5ea2ef22a0beaac38014c66b308dd228766799010f1a88372569807b50cfd6a3
insertion,23,Calibrated recovery,92037,1,1,4.0,482.0,5ea2ef22a0beaac38014c66b308dd228766799010f1a88372569807b50cfd6a3
insertion,23,Calibrated recovery,92038,1,1,4.0,453.0,5ea2ef22a0beaac38014c66b308dd228766799010f1a88372569807b50cfd6a3
insertion,23,Calibrated recovery,92039,1,1,4.0,354.0,5ea2ef22a0beaac38014c66b308dd228766799010f1a88372569807b50cfd6a3
insertion,23,Gaussian recovery,92000,0,0,3.0,405.0,3c39ed515720614fd88d4dd626f2cc71779bae488f584df07aabc251ba6c77c6
insertion,23,Gaussian recovery,92001,0,0,3.0,382.0,3c39ed515720614fd88d4dd626f2cc71779bae488f584df07aabc251ba6c77c6
insertion,23,Gaussian recovery,92002,1,0,4.0,438.0,3c39ed515720614fd88d4dd626f2cc71779bae488f584df07aabc251ba6c77c6
insertion,23,Gaussian recovery,92003,0,0,2.0,118.0,3c39ed515720614fd88d4dd626f2cc71779bae488f584df07aabc251ba6c77c6
insertion,23,Gaussian recovery,92004,0,0,3.0,206.0,3c39ed515720614fd88d4dd626f2cc71779bae488f584df07aabc251ba6c77c6
insertion,23,Gaussian recovery,92005,0,0,2.0,377.0,3c39ed515720614fd88d4dd626f2cc71779bae488f584df07aabc251ba6c77c6
insertion,23,Gaussian recovery,92006,1,0,4.0,435.0,3c39ed515720614fd88d4dd626f2cc71779bae488f584df07aabc251ba6c77c6
insertion,23,Gaussian recovery,92007,1,0,4.0,413.0,3c39ed515720614fd88d4dd626f2cc71779bae488f584df07aabc251ba6c77c6
insertion,23,Gaussian recovery,92008,0,0,3.0,231.0,3c39ed515720614fd88d4dd626f2cc71779bae488f584df07aabc251ba6c77c6
insertion,23,Gaussian recovery,92009,1,0,4.0,453.0,3c39ed515720614fd88d4dd626f2cc71779bae488f584df07aabc251ba6c77c6
insertion,23,Gaussian recovery,92010,1,0,4.0,419.0,3c39ed515720614fd88d4dd626f2cc71779bae488f584df07aabc251ba6c77c6
insertion,23,Gaussian recovery,92011,1,0,4.0,446.0,3c39ed515720614fd88d4dd626f2cc71779bae488f584df07aabc251ba6c77c6
insertion,23,Gaussian recovery,92012,1,0,4.0,448.0,3c39ed515720614fd88d4dd626f2cc71779bae488f584df07aabc251ba6c77c6
insertion,23,Gaussian recovery,92013,1,0,4.0,439.0,3c39ed515720614fd88d4dd626f2cc71779bae488f584df07aabc251ba6c77c6
insertion,23,Gaussian recovery,92014,1,0,4.0,415.0,3c39ed515720614fd88d4dd626f2cc71779bae488f584df07aabc251ba6c77c6
insertion,23,Gaussian recovery,92015,1,0,4.0,451.0,3c39ed515720614fd88d4dd626f2cc71779bae488f584df07aabc251ba6c77c6
insertion,23,Gaussian recovery,92016,1,0,4.0,442.0,3c39ed515720614fd88d4dd626f2cc71779bae488f584df07aabc251ba6c77c6
insertion,23,Gaussian recovery,92017,1,0,4.0,440.0,3c39ed515720614fd88d4dd626f2cc71779bae488f584df07aabc251ba6c77c6
insertion,23,Gaussian recovery,92018,0,0,3.0,260.0,3c39ed515720614fd88d4dd626f2cc71779bae488f584df07aabc251ba6c77c6
insertion,23,Gaussian recovery,92019,0,0,3.0,202.0,3c39ed515720614fd88d4dd626f2cc71779bae488f584df07aabc251ba6c77c6
insertion,23,Gaussian recovery,92020,1,0,4.0,410.0,3c39ed515720614fd88d4dd626f2cc71779bae488f584df07aabc251ba6c77c6
insertion,23,Gaussian recovery,92021,0,0,3.0,370.0,3c39ed515720614fd88d4dd626f2cc71779bae488f584df07aabc251ba6c77c6
insertion,23,Gaussian recovery,92022,0,0,3.0,111.0,3c39ed515720614fd88d4dd626f2cc71779bae488f584df07aabc251ba6c77c6
insertion,23,Gaussian recovery,92023,0,0,3.0,299.0,3c39ed515720614fd88d4dd626f2cc71779bae488f584df07aabc251ba6c77c6
insertion,23,Gaussian recovery,92024,0,0,2.0,351.0,3c39ed515720614fd88d4dd626f2cc71779bae488f584df07aabc251ba6c77c6
insertion,23,Gaussian recovery,92025,1,0,4.0,435.0,3c39ed515720614fd88d4dd626f2cc71779bae488f584df07aabc251ba6c77c6
insertion,23,Gaussian recovery,92026,1,0,4.0,455.0,3c39ed515720614fd88d4dd626f2cc71779bae488f584df07aabc251ba6c77c6
insertion,23,Gaussian recovery,92027,0,0,3.0,47.0,3c39ed515720614fd88d4dd626f2cc71779bae488f584df07aabc251ba6c77c6
insertion,23,Gaussian recovery,92028,0,0,3.0,361.0,3c39ed515720614fd88d4dd626f2cc71779bae488f584df07aabc251ba6c77c6
insertion,23,Gaussian recovery,92029,0,0,3.0,377.0,3c39ed515720614fd88d4dd626f2cc71779bae488f584df07aabc251ba6c77c6
insertion,23,Gaussian recovery,92030,1,1,4.0,428.0,3c39ed515720614fd88d4dd626f2cc71779bae488f584df07aabc251ba6c77c6
insertion,23,Gaussian recovery,92031,1,0,4.0,427.0,3c39ed515720614fd88d4dd626f2cc71779bae488f584df07aabc251ba6c77c6
insertion,23,Gaussian recovery,92032,1,0,4.0,449.0,3c39ed515720614fd88d4dd626f2cc71779bae488f584df07aabc251ba6c77c6
insertion,23,Gaussian recovery,92033,1,1,4.0,384.0,3c39ed515720614fd88d4dd626f2cc71779bae488f584df07aabc251ba6c77c6
insertion,23,Gaussian recovery,92034,0,0,3.0,385.0,3c39ed515720614fd88d4dd626f2cc71779bae488f584df07aabc251ba6c77c6
insertion,23,Gaussian recovery,92035,1,0,4.0,444.0,3c39ed515720614fd88d4dd626f2cc71779bae488f584df07aabc251ba6c77c6
insertion,23,Gaussian recovery,92036,1,0,4.0,458.0,3c39ed515720614fd88d4dd626f2cc71779bae488f584df07aabc251ba6c77c6
insertion,23,Gaussian recovery,92037,1,0,4.0,435.0,3c39ed515720614fd88d4dd626f2cc71779bae488f584df07aabc251ba6c77c6
insertion,23,Gaussian recovery,92038,1,0,4.0,405.0,3c39ed515720614fd88d4dd626f2cc71779bae488f584df07aabc251ba6c77c6
insertion,23,Gaussian recovery,92039,0,0,3.0,118.0,3c39ed515720614fd88d4dd626f2cc71779bae488f584df07aabc251ba6c77c6
insertion,23,Frozen context,92000,0,0,2.0,17.0,a2f740b48a0f1cd87eab739dc0bdf787c69e47edd9a9c24e5f38f83c139ecfd5
insertion,23,Frozen context,92001,0,0,3.0,203.0,a2f740b48a0f1cd87eab739dc0bdf787c69e47edd9a9c24e5f38f83c139ecfd5
insertion,23,Frozen context,92002,1,0,4.0,429.0,a2f740b48a0f1cd87eab739dc0bdf787c69e47edd9a9c24e5f38f83c139ecfd5
insertion,23,Frozen context,92003,0,0,2.0,149.0,a2f740b48a0f1cd87eab739dc0bdf787c69e47edd9a9c24e5f38f83c139ecfd5
insertion,23,Frozen context,92004,0,0,2.0,170.0,a2f740b48a0f1cd87eab739dc0bdf787c69e47edd9a9c24e5f38f83c139ecfd5
insertion,23,Frozen context,92005,0,0,2.0,360.0,a2f740b48a0f1cd87eab739dc0bdf787c69e47edd9a9c24e5f38f83c139ecfd5
insertion,23,Frozen context,92006,1,0,4.0,432.0,a2f740b48a0f1cd87eab739dc0bdf787c69e47edd9a9c24e5f38f83c139ecfd5
insertion,23,Frozen context,92007,0,0,2.0,359.0,a2f740b48a0f1cd87eab739dc0bdf787c69e47edd9a9c24e5f38f83c139ecfd5
insertion,23,Frozen context,92008,0,0,2.0,147.0,a2f740b48a0f1cd87eab739dc0bdf787c69e47edd9a9c24e5f38f83c139ecfd5
insertion,23,Frozen context,92009,1,0,4.0,353.0,a2f740b48a0f1cd87eab739dc0bdf787c69e47edd9a9c24e5f38f83c139ecfd5
insertion,23,Frozen context,92010,0,0,3.0,337.0,a2f740b48a0f1cd87eab739dc0bdf787c69e47edd9a9c24e5f38f83c139ecfd5
insertion,23,Frozen context,92011,0,0,3.0,163.0,a2f740b48a0f1cd87eab739dc0bdf787c69e47edd9a9c24e5f38f83c139ecfd5
insertion,23,Frozen context,92012,0,0,3.0,186.0,a2f740b48a0f1cd87eab739dc0bdf787c69e47edd9a9c24e5f38f83c139ecfd5
insertion,23,Frozen context,92013,1,0,4.0,420.0,a2f740b48a0f1cd87eab739dc0bdf787c69e47edd9a9c24e5f38f83c139ecfd5
insertion,23,Frozen context,92014,0,0,3.0,298.0,a2f740b48a0f1cd87eab739dc0bdf787c69e47edd9a9c24e5f38f83c139ecfd5
insertion,23,Frozen context,92015,1,0,4.0,427.0,a2f740b48a0f1cd87eab739dc0bdf787c69e47edd9a9c24e5f38f83c139ecfd5
insertion,23,Frozen context,92016,1,0,4.0,424.0,a2f740b48a0f1cd87eab739dc0bdf787c69e47edd9a9c24e5f38f83c139ecfd5
insertion,23,Frozen context,92017,1,1,4.0,435.0,a2f740b48a0f1cd87eab739dc0bdf787c69e47edd9a9c24e5f38f83c139ecfd5
insertion,23,Frozen context,92018,0,0,3.0,207.0,a2f740b48a0f1cd87eab739dc0bdf787c69e47edd9a9c24e5f38f83c139ecfd5
insertion,23,Frozen context,92019,0,0,2.0,23.0,a2f740b48a0f1cd87eab739dc0bdf787c69e47edd9a9c24e5f38f83c139ecfd5
insertion,23,Frozen context,92020,1,0,4.0,446.0,a2f740b48a0f1cd87eab739dc0bdf787c69e47edd9a9c24e5f38f83c139ecfd5
insertion,23,Frozen context,92021,0,0,3.0,383.0,a2f740b48a0f1cd87eab739dc0bdf787c69e47edd9a9c24e5f38f83c139ecfd5
insertion,23,Frozen context,92022,0,0,3.0,221.0,a2f740b48a0f1cd87eab739dc0bdf787c69e47edd9a9c24e5f38f83c139ecfd5
insertion,23,Frozen context,92023,0,0,3.0,248.0,a2f740b48a0f1cd87eab739dc0bdf787c69e47edd9a9c24e5f38f83c139ecfd5
insertion,23,Frozen context,92024,1,0,4.0,417.0,a2f740b48a0f1cd87eab739dc0bdf787c69e47edd9a9c24e5f38f83c139ecfd5
insertion,23,Frozen context,92025,1,0,4.0,417.0,a2f740b48a0f1cd87eab739dc0bdf787c69e47edd9a9c24e5f38f83c139ecfd5
insertion,23,Frozen context,92026,1,0,4.0,463.0,a2f740b48a0f1cd87eab739dc0bdf787c69e47edd9a9c24e5f38f83c139ecfd5
insertion,23,Frozen context,92027,1,0,4.0,374.0,a2f740b48a0f1cd87eab739dc0bdf787c69e47edd9a9c24e5f38f83c139ecfd5
insertion,23,Frozen context,92028,0,0,3.0,205.0,a2f740b48a0f1cd87eab739dc0bdf787c69e47edd9a9c24e5f38f83c139ecfd5
insertion,23,Frozen context,92029,0,0,3.0,307.0,a2f740b48a0f1cd87eab739dc0bdf787c69e47edd9a9c24e5f38f83c139ecfd5
insertion,23,Frozen context,92030,1,0,4.0,466.0,a2f740b48a0f1cd87eab739dc0bdf787c69e47edd9a9c24e5f38f83c139ecfd5
insertion,23,Frozen context,92031,1,0,4.0,448.0,a2f740b48a0f1cd87eab739dc0bdf787c69e47edd9a9c24e5f38f83c139ecfd5
insertion,23,Frozen context,92032,1,0,4.0,443.0,a2f740b48a0f1cd87eab739dc0bdf787c69e47edd9a9c24e5f38f83c139ecfd5
insertion,23,Frozen context,92033,0,0,2.0,363.0,a2f740b48a0f1cd87eab739dc0bdf787c69e47edd9a9c24e5f38f83c139ecfd5
insertion,23,Frozen context,92034,1,0,4.0,417.0,a2f740b48a0f1cd87eab739dc0bdf787c69e47edd9a9c24e5f38f83c139ecfd5
insertion,23,Frozen context,92035,0,0,3.0,147.0,a2f740b48a0f1cd87eab739dc0bdf787c69e47edd9a9c24e5f38f83c139ecfd5
insertion,23,Frozen context,92036,1,0,4.0,445.0,a2f740b48a0f1cd87eab739dc0bdf787c69e47edd9a9c24e5f38f83c139ecfd5
insertion,23,Frozen context,92037,1,0,4.0,418.0,a2f740b48a0f1cd87eab739dc0bdf787c69e47edd9a9c24e5f38f83c139ecfd5
insertion,23,Frozen context,92038,0,0,3.0,425.0,a2f740b48a0f1cd87eab739dc0bdf787c69e47edd9a9c24e5f38f83c139ecfd5
insertion,23,Frozen context,92039,0,0,3.0,170.0,a2f740b48a0f1cd87eab739dc0bdf787c69e47edd9a9c24e5f38f83c139ecfd5
insertion,23,Old SCANA,92000,0,0,0.0,0.0,26cf8ee1cae95c7db3523df24b1eeda9f69d77b7c63af9ec149905c7f2559039
insertion,23,Old SCANA,92001,0,0,0.0,0.0,26cf8ee1cae95c7db3523df24b1eeda9f69d77b7c63af9ec149905c7f2559039
insertion,23,Old SCANA,92002,0,0,0.0,0.0,26cf8ee1cae95c7db3523df24b1eeda9f69d77b7c63af9ec149905c7f2559039
insertion,23,Old SCANA,92003,0,0,0.0,0.0,26cf8ee1cae95c7db3523df24b1eeda9f69d77b7c63af9ec149905c7f2559039
insertion,23,Old SCANA,92004,0,0,0.0,0.0,26cf8ee1cae95c7db3523df24b1eeda9f69d77b7c63af9ec149905c7f2559039
insertion,23,Old SCANA,92005,0,0,0.0,0.0,26cf8ee1cae95c7db3523df24b1eeda9f69d77b7c63af9ec149905c7f2559039
insertion,23,Old SCANA,92006,0,0,0.0,0.0,26cf8ee1cae95c7db3523df24b1eeda9f69d77b7c63af9ec149905c7f2559039
insertion,23,Old SCANA,92007,0,0,0.0,0.0,26cf8ee1cae95c7db3523df24b1eeda9f69d77b7c63af9ec149905c7f2559039
insertion,23,Old SCANA,92008,0,0,0.0,0.0,26cf8ee1cae95c7db3523df24b1eeda9f69d77b7c63af9ec149905c7f2559039
insertion,23,Old SCANA,92009,0,0,0.0,0.0,26cf8ee1cae95c7db3523df24b1eeda9f69d77b7c63af9ec149905c7f2559039
insertion,23,Old SCANA,92010,0,0,0.0,0.0,26cf8ee1cae95c7db3523df24b1eeda9f69d77b7c63af9ec149905c7f2559039
insertion,23,Old SCANA,92011,0,0,0.0,0.0,26cf8ee1cae95c7db3523df24b1eeda9f69d77b7c63af9ec149905c7f2559039
insertion,23,Old SCANA,92012,0,0,0.0,0.0,26cf8ee1cae95c7db3523df24b1eeda9f69d77b7c63af9ec149905c7f2559039
insertion,23,Old SCANA,92013,0,0,0.0,0.0,26cf8ee1cae95c7db3523df24b1eeda9f69d77b7c63af9ec149905c7f2559039
insertion,23,Old SCANA,92014,0,0,0.0,0.0,26cf8ee1cae95c7db3523df24b1eeda9f69d77b7c63af9ec149905c7f2559039
insertion,23,Old SCANA,92015,0,0,0.0,0.0,26cf8ee1cae95c7db3523df24b1eeda9f69d77b7c63af9ec149905c7f2559039
insertion,23,Old SCANA,92016,0,0,0.0,0.0,26cf8ee1cae95c7db3523df24b1eeda9f69d77b7c63af9ec149905c7f2559039
insertion,23,Old SCANA,92017,0,0,0.0,0.0,26cf8ee1cae95c7db3523df24b1eeda9f69d77b7c63af9ec149905c7f2559039
insertion,23,Old SCANA,92018,0,0,0.0,0.0,26cf8ee1cae95c7db3523df24b1eeda9f69d77b7c63af9ec149905c7f2559039
insertion,23,Old SCANA,92019,0,0,0.0,0.0,26cf8ee1cae95c7db3523df24b1eeda9f69d77b7c63af9ec149905c7f2559039
insertion,23,Old SCANA,92020,0,0,0.0,0.0,26cf8ee1cae95c7db3523df24b1eeda9f69d77b7c63af9ec149905c7f2559039
insertion,23,Old SCANA,92021,0,0,0.0,0.0,26cf8ee1cae95c7db3523df24b1eeda9f69d77b7c63af9ec149905c7f2559039
insertion,23,Old SCANA,92022,0,0,0.0,0.0,26cf8ee1cae95c7db3523df24b1eeda9f69d77b7c63af9ec149905c7f2559039
insertion,23,Old SCANA,92023,0,0,0.0,0.0,26cf8ee1cae95c7db3523df24b1eeda9f69d77b7c63af9ec149905c7f2559039
insertion,23,Old SCANA,92024,0,0,0.0,0.0,26cf8ee1cae95c7db3523df24b1eeda9f69d77b7c63af9ec149905c7f2559039
insertion,23,Old SCANA,92025,0,0,0.0,0.0,26cf8ee1cae95c7db3523df24b1eeda9f69d77b7c63af9ec149905c7f2559039
insertion,23,Old SCANA,92026,0,0,0.0,0.0,26cf8ee1cae95c7db3523df24b1eeda9f69d77b7c63af9ec149905c7f2559039
insertion,23,Old SCANA,92027,0,0,0.0,0.0,26cf8ee1cae95c7db3523df24b1eeda9f69d77b7c63af9ec149905c7f2559039
insertion,23,Old SCANA,92028,0,0,0.0,0.0,26cf8ee1cae95c7db3523df24b1eeda9f69d77b7c63af9ec149905c7f2559039
insertion,23,Old SCANA,92029,0,0,0.0,0.0,26cf8ee1cae95c7db3523df24b1eeda9f69d77b7c63af9ec149905c7f2559039
insertion,23,Old SCANA,92030,0,0,0.0,0.0,26cf8ee1cae95c7db3523df24b1eeda9f69d77b7c63af9ec149905c7f2559039
insertion,23,Old SCANA,92031,0,0,0.0,0.0,26cf8ee1cae95c7db3523df24b1eeda9f69d77b7c63af9ec149905c7f2559039
insertion,23,Old SCANA,92032,0,0,0.0,0.0,26cf8ee1cae95c7db3523df24b1eeda9f69d77b7c63af9ec149905c7f2559039
insertion,23,Old SCANA,92033,0,0,0.0,0.0,26cf8ee1cae95c7db3523df24b1eeda9f69d77b7c63af9ec149905c7f2559039
insertion,23,Old SCANA,92034,0,0,0.0,0.0,26cf8ee1cae95c7db3523df24b1eeda9f69d77b7c63af9ec149905c7f2559039
insertion,23,Old SCANA,92035,0,0,0.0,0.0,26cf8ee1cae95c7db3523df24b1eeda9f69d77b7c63af9ec149905c7f2559039
insertion,23,Old SCANA,92036,0,0,0.0,0.0,26cf8ee1cae95c7db3523df24b1eeda9f69d77b7c63af9ec149905c7f2559039
insertion,23,Old SCANA,92037,0,0,0.0,0.0,26cf8ee1cae95c7db3523df24b1eeda9f69d77b7c63af9ec149905c7f2559039
insertion,23,Old SCANA,92038,0,0,0.0,0.0,26cf8ee1cae95c7db3523df24b1eeda9f69d77b7c63af9ec149905c7f2559039
insertion,23,Old SCANA,92039,0,0,0.0,0.0,26cf8ee1cae95c7db3523df24b1eeda9f69d77b7c63af9ec149905c7f2559039
insertion,23,Old kNN,92000,0,0,0.0,0.0,93ebffd58e055c71e125d488c954f50a60275b90b28f0078aad327c410a2a324
insertion,23,Old kNN,92001,0,0,0.0,0.0,93ebffd58e055c71e125d488c954f50a60275b90b28f0078aad327c410a2a324
insertion,23,Old kNN,92002,0,0,0.0,0.0,93ebffd58e055c71e125d488c954f50a60275b90b28f0078aad327c410a2a324
insertion,23,Old kNN,92003,0,0,0.0,0.0,93ebffd58e055c71e125d488c954f50a60275b90b28f0078aad327c410a2a324
insertion,23,Old kNN,92004,0,0,0.0,0.0,93ebffd58e055c71e125d488c954f50a60275b90b28f0078aad327c410a2a324
insertion,23,Old kNN,92005,0,0,0.0,0.0,93ebffd58e055c71e125d488c954f50a60275b90b28f0078aad327c410a2a324
insertion,23,Old kNN,92006,0,0,0.0,0.0,93ebffd58e055c71e125d488c954f50a60275b90b28f0078aad327c410a2a324
insertion,23,Old kNN,92007,0,0,0.0,0.0,93ebffd58e055c71e125d488c954f50a60275b90b28f0078aad327c410a2a324
insertion,23,Old kNN,92008,0,0,0.0,0.0,93ebffd58e055c71e125d488c954f50a60275b90b28f0078aad327c410a2a324
insertion,23,Old kNN,92009,0,0,0.0,0.0,93ebffd58e055c71e125d488c954f50a60275b90b28f0078aad327c410a2a324
insertion,23,Old kNN,92010,0,0,0.0,0.0,93ebffd58e055c71e125d488c954f50a60275b90b28f0078aad327c410a2a324
insertion,23,Old kNN,92011,0,0,0.0,0.0,93ebffd58e055c71e125d488c954f50a60275b90b28f0078aad327c410a2a324
insertion,23,Old kNN,92012,0,0,1.0,2.0,93ebffd58e055c71e125d488c954f50a60275b90b28f0078aad327c410a2a324
insertion,23,Old kNN,92013,0,0,0.0,0.0,93ebffd58e055c71e125d488c954f50a60275b90b28f0078aad327c410a2a324
insertion,23,Old kNN,92014,0,0,0.0,0.0,93ebffd58e055c71e125d488c954f50a60275b90b28f0078aad327c410a2a324
insertion,23,Old kNN,92015,0,0,0.0,0.0,93ebffd58e055c71e125d488c954f50a60275b90b28f0078aad327c410a2a324
insertion,23,Old kNN,92016,0,0,0.0,0.0,93ebffd58e055c71e125d488c954f50a60275b90b28f0078aad327c410a2a324
insertion,23,Old kNN,92017,0,0,1.0,26.0,93ebffd58e055c71e125d488c954f50a60275b90b28f0078aad327c410a2a324
insertion,23,Old kNN,92018,0,0,0.0,0.0,93ebffd58e055c71e125d488c954f50a60275b90b28f0078aad327c410a2a324
insertion,23,Old kNN,92019,0,0,0.0,0.0,93ebffd58e055c71e125d488c954f50a60275b90b28f0078aad327c410a2a324
insertion,23,Old kNN,92020,0,0,0.0,0.0,93ebffd58e055c71e125d488c954f50a60275b90b28f0078aad327c410a2a324
insertion,23,Old kNN,92021,0,0,0.0,0.0,93ebffd58e055c71e125d488c954f50a60275b90b28f0078aad327c410a2a324
insertion,23,Old kNN,92022,0,0,0.0,0.0,93ebffd58e055c71e125d488c954f50a60275b90b28f0078aad327c410a2a324
insertion,23,Old kNN,92023,0,0,0.0,0.0,93ebffd58e055c71e125d488c954f50a60275b90b28f0078aad327c410a2a324
insertion,23,Old kNN,92024,0,0,0.0,0.0,93ebffd58e055c71e125d488c954f50a60275b90b28f0078aad327c410a2a324
insertion,23,Old kNN,92025,0,0,0.0,0.0,93ebffd58e055c71e125d488c954f50a60275b90b28f0078aad327c410a2a324
insertion,23,Old kNN,92026,0,0,0.0,0.0,93ebffd58e055c71e125d488c954f50a60275b90b28f0078aad327c410a2a324
insertion,23,Old kNN,92027,0,0,0.0,0.0,93ebffd58e055c71e125d488c954f50a60275b90b28f0078aad327c410a2a324
insertion,23,Old kNN,92028,0,0,0.0,0.0,93ebffd58e055c71e125d488c954f50a60275b90b28f0078aad327c410a2a324
insertion,23,Old kNN,92029,0,0,0.0,0.0,93ebffd58e055c71e125d488c954f50a60275b90b28f0078aad327c410a2a324
insertion,23,Old kNN,92030,0,0,0.0,0.0,93ebffd58e055c71e125d488c954f50a60275b90b28f0078aad327c410a2a324
insertion,23,Old kNN,92031,0,0,0.0,0.0,93ebffd58e055c71e125d488c954f50a60275b90b28f0078aad327c410a2a324
insertion,23,Old kNN,92032,0,0,0.0,0.0,93ebffd58e055c71e125d488c954f50a60275b90b28f0078aad327c410a2a324
insertion,23,Old kNN,92033,0,0,0.0,0.0,93ebffd58e055c71e125d488c954f50a60275b90b28f0078aad327c410a2a324
insertion,23,Old kNN,92034,0,0,0.0,0.0,93ebffd58e055c71e125d488c954f50a60275b90b28f0078aad327c410a2a324
insertion,23,Old kNN,92035,0,0,0.0,0.0,93ebffd58e055c71e125d488c954f50a60275b90b28f0078aad327c410a2a324
insertion,23,Old kNN,92036,0,0,2.0,29.0,93ebffd58e055c71e125d488c954f50a60275b90b28f0078aad327c410a2a324
insertion,23,Old kNN,92037,0,0,0.0,0.0,93ebffd58e055c71e125d488c954f50a60275b90b28f0078aad327c410a2a324
insertion,23,Old kNN,92038,0,0,0.0,0.0,93ebffd58e055c71e125d488c954f50a60275b90b28f0078aad327c410a2a324
insertion,23,Old kNN,92039,0,0,0.0,0.0,93ebffd58e055c71e125d488c954f50a60275b90b28f0078aad327c410a2a324
insertion,23,Old deterministic,92000,0,0,0.0,0.0,bda2863a895520a986b84131bdc204459c5abd543a72c1b46d9efe7cb4ff437f
insertion,23,Old deterministic,92001,0,0,0.0,0.0,bda2863a895520a986b84131bdc204459c5abd543a72c1b46d9efe7cb4ff437f
insertion,23,Old deterministic,92002,0,0,0.0,0.0,bda2863a895520a986b84131bdc204459c5abd543a72c1b46d9efe7cb4ff437f
insertion,23,Old deterministic,92003,0,0,0.0,0.0,bda2863a895520a986b84131bdc204459c5abd543a72c1b46d9efe7cb4ff437f
insertion,23,Old deterministic,92004,0,0,0.0,0.0,bda2863a895520a986b84131bdc204459c5abd543a72c1b46d9efe7cb4ff437f
insertion,23,Old deterministic,92005,0,0,0.0,0.0,bda2863a895520a986b84131bdc204459c5abd543a72c1b46d9efe7cb4ff437f
insertion,23,Old deterministic,92006,0,0,0.0,0.0,bda2863a895520a986b84131bdc204459c5abd543a72c1b46d9efe7cb4ff437f
insertion,23,Old deterministic,92007,0,0,0.0,0.0,bda2863a895520a986b84131bdc204459c5abd543a72c1b46d9efe7cb4ff437f
insertion,23,Old deterministic,92008,0,0,0.0,0.0,bda2863a895520a986b84131bdc204459c5abd543a72c1b46d9efe7cb4ff437f
insertion,23,Old deterministic,92009,0,0,0.0,0.0,bda2863a895520a986b84131bdc204459c5abd543a72c1b46d9efe7cb4ff437f
insertion,23,Old deterministic,92010,0,0,0.0,0.0,bda2863a895520a986b84131bdc204459c5abd543a72c1b46d9efe7cb4ff437f
insertion,23,Old deterministic,92011,0,0,0.0,0.0,bda2863a895520a986b84131bdc204459c5abd543a72c1b46d9efe7cb4ff437f
insertion,23,Old deterministic,92012,0,0,0.0,0.0,bda2863a895520a986b84131bdc204459c5abd543a72c1b46d9efe7cb4ff437f
insertion,23,Old deterministic,92013,0,0,0.0,0.0,bda2863a895520a986b84131bdc204459c5abd543a72c1b46d9efe7cb4ff437f
insertion,23,Old deterministic,92014,0,0,0.0,0.0,bda2863a895520a986b84131bdc204459c5abd543a72c1b46d9efe7cb4ff437f
insertion,23,Old deterministic,92015,0,0,0.0,0.0,bda2863a895520a986b84131bdc204459c5abd543a72c1b46d9efe7cb4ff437f
insertion,23,Old deterministic,92016,0,0,0.0,0.0,bda2863a895520a986b84131bdc204459c5abd543a72c1b46d9efe7cb4ff437f
insertion,23,Old deterministic,92017,0,0,0.0,0.0,bda2863a895520a986b84131bdc204459c5abd543a72c1b46d9efe7cb4ff437f
insertion,23,Old deterministic,92018,0,0,0.0,0.0,bda2863a895520a986b84131bdc204459c5abd543a72c1b46d9efe7cb4ff437f
insertion,23,Old deterministic,92019,0,0,0.0,0.0,bda2863a895520a986b84131bdc204459c5abd543a72c1b46d9efe7cb4ff437f
insertion,23,Old deterministic,92020,0,0,0.0,0.0,bda2863a895520a986b84131bdc204459c5abd543a72c1b46d9efe7cb4ff437f
insertion,23,Old deterministic,92021,0,0,0.0,0.0,bda2863a895520a986b84131bdc204459c5abd543a72c1b46d9efe7cb4ff437f
insertion,23,Old deterministic,92022,0,0,0.0,0.0,bda2863a895520a986b84131bdc204459c5abd543a72c1b46d9efe7cb4ff437f
insertion,23,Old deterministic,92023,0,0,0.0,0.0,bda2863a895520a986b84131bdc204459c5abd543a72c1b46d9efe7cb4ff437f
insertion,23,Old deterministic,92024,0,0,0.0,0.0,bda2863a895520a986b84131bdc204459c5abd543a72c1b46d9efe7cb4ff437f
insertion,23,Old deterministic,92025,0,0,0.0,0.0,bda2863a895520a986b84131bdc204459c5abd543a72c1b46d9efe7cb4ff437f
insertion,23,Old deterministic,92026,0,0,0.0,0.0,bda2863a895520a986b84131bdc204459c5abd543a72c1b46d9efe7cb4ff437f
insertion,23,Old deterministic,92027,0,0,0.0,0.0,bda2863a895520a986b84131bdc204459c5abd543a72c1b46d9efe7cb4ff437f
insertion,23,Old deterministic,92028,0,0,0.0,0.0,bda2863a895520a986b84131bdc204459c5abd543a72c1b46d9efe7cb4ff437f
insertion,23,Old deterministic,92029,0,0,0.0,0.0,bda2863a895520a986b84131bdc204459c5abd543a72c1b46d9efe7cb4ff437f
insertion,23,Old deterministic,92030,0,0,0.0,0.0,bda2863a895520a986b84131bdc204459c5abd543a72c1b46d9efe7cb4ff437f
insertion,23,Old deterministic,92031,0,0,0.0,0.0,bda2863a895520a986b84131bdc204459c5abd543a72c1b46d9efe7cb4ff437f
insertion,23,Old deterministic,92032,0,0,0.0,0.0,bda2863a895520a986b84131bdc204459c5abd543a72c1b46d9efe7cb4ff437f
insertion,23,Old deterministic,92033,0,0,0.0,0.0,bda2863a895520a986b84131bdc204459c5abd543a72c1b46d9efe7cb4ff437f
insertion,23,Old deterministic,92034,0,0,0.0,0.0,bda2863a895520a986b84131bdc204459c5abd543a72c1b46d9efe7cb4ff437f
insertion,23,Old deterministic,92035,0,0,0.0,0.0,bda2863a895520a986b84131bdc204459c5abd543a72c1b46d9efe7cb4ff437f
insertion,23,Old deterministic,92036,0,0,0.0,0.0,bda2863a895520a986b84131bdc204459c5abd543a72c1b46d9efe7cb4ff437f
insertion,23,Old deterministic,92037,0,0,0.0,0.0,bda2863a895520a986b84131bdc204459c5abd543a72c1b46d9efe7cb4ff437f
insertion,23,Old deterministic,92038,0,0,0.0,0.0,bda2863a895520a986b84131bdc204459c5abd543a72c1b46d9efe7cb4ff437f
insertion,23,Old deterministic,92039,0,0,0.0,0.0,bda2863a895520a986b84131bdc204459c5abd543a72c1b46d9efe7cb4ff437f
insertion,23,Clip only,92000,0,0,2.0,20.0,a2b83efb69c4c1bce3a76e5d95514e1d8bcda5145ae63fbb134d8d6388eca241
insertion,23,Clip only,92001,1,0,4.0,422.0,a2b83efb69c4c1bce3a76e5d95514e1d8bcda5145ae63fbb134d8d6388eca241
insertion,23,Clip only,92002,1,0,4.0,371.0,a2b83efb69c4c1bce3a76e5d95514e1d8bcda5145ae63fbb134d8d6388eca241
insertion,23,Clip only,92003,0,0,2.0,54.0,a2b83efb69c4c1bce3a76e5d95514e1d8bcda5145ae63fbb134d8d6388eca241
insertion,23,Clip only,92004,0,0,2.0,32.0,a2b83efb69c4c1bce3a76e5d95514e1d8bcda5145ae63fbb134d8d6388eca241
insertion,23,Clip only,92005,1,0,4.0,360.0,a2b83efb69c4c1bce3a76e5d95514e1d8bcda5145ae63fbb134d8d6388eca241
insertion,23,Clip only,92006,1,0,4.0,455.0,a2b83efb69c4c1bce3a76e5d95514e1d8bcda5145ae63fbb134d8d6388eca241
insertion,23,Clip only,92007,1,0,4.0,335.0,a2b83efb69c4c1bce3a76e5d95514e1d8bcda5145ae63fbb134d8d6388eca241
insertion,23,Clip only,92008,0,0,2.0,223.0,a2b83efb69c4c1bce3a76e5d95514e1d8bcda5145ae63fbb134d8d6388eca241
insertion,23,Clip only,92009,1,0,4.0,482.0,a2b83efb69c4c1bce3a76e5d95514e1d8bcda5145ae63fbb134d8d6388eca241
insertion,23,Clip only,92010,1,0,4.0,370.0,a2b83efb69c4c1bce3a76e5d95514e1d8bcda5145ae63fbb134d8d6388eca241
insertion,23,Clip only,92011,1,0,4.0,410.0,a2b83efb69c4c1bce3a76e5d95514e1d8bcda5145ae63fbb134d8d6388eca241
insertion,23,Clip only,92012,0,0,3.0,128.0,a2b83efb69c4c1bce3a76e5d95514e1d8bcda5145ae63fbb134d8d6388eca241
insertion,23,Clip only,92013,0,0,2.0,324.0,a2b83efb69c4c1bce3a76e5d95514e1d8bcda5145ae63fbb134d8d6388eca241
insertion,23,Clip only,92014,0,0,2.0,173.0,a2b83efb69c4c1bce3a76e5d95514e1d8bcda5145ae63fbb134d8d6388eca241
insertion,23,Clip only,92015,0,0,3.0,328.0,a2b83efb69c4c1bce3a76e5d95514e1d8bcda5145ae63fbb134d8d6388eca241
insertion,23,Clip only,92016,1,0,4.0,424.0,a2b83efb69c4c1bce3a76e5d95514e1d8bcda5145ae63fbb134d8d6388eca241
insertion,23,Clip only,92017,1,0,4.0,477.0,a2b83efb69c4c1bce3a76e5d95514e1d8bcda5145ae63fbb134d8d6388eca241
insertion,23,Clip only,92018,0,0,3.0,185.0,a2b83efb69c4c1bce3a76e5d95514e1d8bcda5145ae63fbb134d8d6388eca241
insertion,23,Clip only,92019,0,0,1.0,19.0,a2b83efb69c4c1bce3a76e5d95514e1d8bcda5145ae63fbb134d8d6388eca241
insertion,23,Clip only,92020,1,0,4.0,370.0,a2b83efb69c4c1bce3a76e5d95514e1d8bcda5145ae63fbb134d8d6388eca241
insertion,23,Clip only,92021,0,0,2.0,216.0,a2b83efb69c4c1bce3a76e5d95514e1d8bcda5145ae63fbb134d8d6388eca241
insertion,23,Clip only,92022,0,0,2.0,112.0,a2b83efb69c4c1bce3a76e5d95514e1d8bcda5145ae63fbb134d8d6388eca241
insertion,23,Clip only,92023,0,0,3.0,357.0,a2b83efb69c4c1bce3a76e5d95514e1d8bcda5145ae63fbb134d8d6388eca241
insertion,23,Clip only,92024,0,0,2.0,143.0,a2b83efb69c4c1bce3a76e5d95514e1d8bcda5145ae63fbb134d8d6388eca241
insertion,23,Clip only,92025,0,0,2.0,337.0,a2b83efb69c4c1bce3a76e5d95514e1d8bcda5145ae63fbb134d8d6388eca241
insertion,23,Clip only,92026,0,0,3.0,396.0,a2b83efb69c4c1bce3a76e5d95514e1d8bcda5145ae63fbb134d8d6388eca241
insertion,23,Clip only,92027,0,0,3.0,88.0,a2b83efb69c4c1bce3a76e5d95514e1d8bcda5145ae63fbb134d8d6388eca241
insertion,23,Clip only,92028,0,0,3.0,267.0,a2b83efb69c4c1bce3a76e5d95514e1d8bcda5145ae63fbb134d8d6388eca241
insertion,23,Clip only,92029,0,0,3.0,277.0,a2b83efb69c4c1bce3a76e5d95514e1d8bcda5145ae63fbb134d8d6388eca241
insertion,23,Clip only,92030,1,0,4.0,359.0,a2b83efb69c4c1bce3a76e5d95514e1d8bcda5145ae63fbb134d8d6388eca241
insertion,23,Clip only,92031,1,0,4.0,260.0,a2b83efb69c4c1bce3a76e5d95514e1d8bcda5145ae63fbb134d8d6388eca241
insertion,23,Clip only,92032,1,0,4.0,464.0,a2b83efb69c4c1bce3a76e5d95514e1d8bcda5145ae63fbb134d8d6388eca241
insertion,23,Clip only,92033,1,1,4.0,461.0,a2b83efb69c4c1bce3a76e5d95514e1d8bcda5145ae63fbb134d8d6388eca241
insertion,23,Clip only,92034,0,0,2.0,42.0,a2b83efb69c4c1bce3a76e5d95514e1d8bcda5145ae63fbb134d8d6388eca241
insertion,23,Clip only,92035,1,0,4.0,490.0,a2b83efb69c4c1bce3a76e5d95514e1d8bcda5145ae63fbb134d8d6388eca241
insertion,23,Clip only,92036,1,0,4.0,477.0,a2b83efb69c4c1bce3a76e5d95514e1d8bcda5145ae63fbb134d8d6388eca241
insertion,23,Clip only,92037,1,0,4.0,460.0,a2b83efb69c4c1bce3a76e5d95514e1d8bcda5145ae63fbb134d8d6388eca241
insertion,23,Clip only,92038,1,0,4.0,476.0,a2b83efb69c4c1bce3a76e5d95514e1d8bcda5145ae63fbb134d8d6388eca241
insertion,23,Clip only,92039,0,0,2.0,68.0,a2b83efb69c4c1bce3a76e5d95514e1d8bcda5145ae63fbb134d8d6388eca241
insertion,31,Clean repeat,92000,0,0,0.0,0.0,7d3842f25845f0f835de9d5fecfc288e433dd61233ed9bef6258179fd914eb6b
insertion,31,Clean repeat,92001,1,1,4.0,460.0,7d3842f25845f0f835de9d5fecfc288e433dd61233ed9bef6258179fd914eb6b
insertion,31,Clean repeat,92002,1,0,4.0,434.0,7d3842f25845f0f835de9d5fecfc288e433dd61233ed9bef6258179fd914eb6b
insertion,31,Clean repeat,92003,0,0,3.0,325.0,7d3842f25845f0f835de9d5fecfc288e433dd61233ed9bef6258179fd914eb6b
insertion,31,Clean repeat,92004,0,0,3.0,319.0,7d3842f25845f0f835de9d5fecfc288e433dd61233ed9bef6258179fd914eb6b
insertion,31,Clean repeat,92005,1,1,4.0,410.0,7d3842f25845f0f835de9d5fecfc288e433dd61233ed9bef6258179fd914eb6b
insertion,31,Clean repeat,92006,0,0,2.0,310.0,7d3842f25845f0f835de9d5fecfc288e433dd61233ed9bef6258179fd914eb6b
insertion,31,Clean repeat,92007,0,0,2.0,35.0,7d3842f25845f0f835de9d5fecfc288e433dd61233ed9bef6258179fd914eb6b
insertion,31,Clean repeat,92008,0,0,2.0,346.0,7d3842f25845f0f835de9d5fecfc288e433dd61233ed9bef6258179fd914eb6b
insertion,31,Clean repeat,92009,0,0,3.0,391.0,7d3842f25845f0f835de9d5fecfc288e433dd61233ed9bef6258179fd914eb6b
insertion,31,Clean repeat,92010,1,1,4.0,454.0,7d3842f25845f0f835de9d5fecfc288e433dd61233ed9bef6258179fd914eb6b
insertion,31,Clean repeat,92011,0,0,3.0,416.0,7d3842f25845f0f835de9d5fecfc288e433dd61233ed9bef6258179fd914eb6b
insertion,31,Clean repeat,92012,0,0,0.0,0.0,7d3842f25845f0f835de9d5fecfc288e433dd61233ed9bef6258179fd914eb6b
insertion,31,Clean repeat,92013,1,0,4.0,409.0,7d3842f25845f0f835de9d5fecfc288e433dd61233ed9bef6258179fd914eb6b
insertion,31,Clean repeat,92014,1,0,4.0,355.0,7d3842f25845f0f835de9d5fecfc288e433dd61233ed9bef6258179fd914eb6b
insertion,31,Clean repeat,92015,1,1,4.0,446.0,7d3842f25845f0f835de9d5fecfc288e433dd61233ed9bef6258179fd914eb6b
insertion,31,Clean repeat,92016,1,1,4.0,406.0,7d3842f25845f0f835de9d5fecfc288e433dd61233ed9bef6258179fd914eb6b
insertion,31,Clean repeat,92017,1,1,4.0,416.0,7d3842f25845f0f835de9d5fecfc288e433dd61233ed9bef6258179fd914eb6b
insertion,31,Clean repeat,92018,0,0,2.0,348.0,7d3842f25845f0f835de9d5fecfc288e433dd61233ed9bef6258179fd914eb6b
insertion,31,Clean repeat,92019,0,0,2.0,76.0,7d3842f25845f0f835de9d5fecfc288e433dd61233ed9bef6258179fd914eb6b
insertion,31,Clean repeat,92020,1,1,4.0,400.0,7d3842f25845f0f835de9d5fecfc288e433dd61233ed9bef6258179fd914eb6b
insertion,31,Clean repeat,92021,0,0,3.0,305.0,7d3842f25845f0f835de9d5fecfc288e433dd61233ed9bef6258179fd914eb6b
insertion,31,Clean repeat,92022,0,0,3.0,389.0,7d3842f25845f0f835de9d5fecfc288e433dd61233ed9bef6258179fd914eb6b
insertion,31,Clean repeat,92023,0,0,3.0,336.0,7d3842f25845f0f835de9d5fecfc288e433dd61233ed9bef6258179fd914eb6b
insertion,31,Clean repeat,92024,0,0,3.0,365.0,7d3842f25845f0f835de9d5fecfc288e433dd61233ed9bef6258179fd914eb6b
insertion,31,Clean repeat,92025,1,1,4.0,432.0,7d3842f25845f0f835de9d5fecfc288e433dd61233ed9bef6258179fd914eb6b
insertion,31,Clean repeat,92026,1,1,4.0,493.0,7d3842f25845f0f835de9d5fecfc288e433dd61233ed9bef6258179fd914eb6b
insertion,31,Clean repeat,92027,0,0,1.0,7.0,7d3842f25845f0f835de9d5fecfc288e433dd61233ed9bef6258179fd914eb6b
insertion,31,Clean repeat,92028,0,0,2.0,340.0,7d3842f25845f0f835de9d5fecfc288e433dd61233ed9bef6258179fd914eb6b
insertion,31,Clean repeat,92029,1,1,4.0,427.0,7d3842f25845f0f835de9d5fecfc288e433dd61233ed9bef6258179fd914eb6b
insertion,31,Clean repeat,92030,0,0,2.0,146.0,7d3842f25845f0f835de9d5fecfc288e433dd61233ed9bef6258179fd914eb6b
insertion,31,Clean repeat,92031,1,0,4.0,358.0,7d3842f25845f0f835de9d5fecfc288e433dd61233ed9bef6258179fd914eb6b
insertion,31,Clean repeat,92032,1,1,4.0,466.0,7d3842f25845f0f835de9d5fecfc288e433dd61233ed9bef6258179fd914eb6b
insertion,31,Clean repeat,92033,1,1,4.0,459.0,7d3842f25845f0f835de9d5fecfc288e433dd61233ed9bef6258179fd914eb6b
insertion,31,Clean repeat,92034,1,1,4.0,380.0,7d3842f25845f0f835de9d5fecfc288e433dd61233ed9bef6258179fd914eb6b
insertion,31,Clean repeat,92035,0,0,2.0,154.0,7d3842f25845f0f835de9d5fecfc288e433dd61233ed9bef6258179fd914eb6b
insertion,31,Clean repeat,92036,1,1,4.0,465.0,7d3842f25845f0f835de9d5fecfc288e433dd61233ed9bef6258179fd914eb6b
insertion,31,Clean repeat,92037,1,1,4.0,465.0,7d3842f25845f0f835de9d5fecfc288e433dd61233ed9bef6258179fd914eb6b
insertion,31,Clean repeat,92038,1,1,4.0,445.0,7d3842f25845f0f835de9d5fecfc288e433dd61233ed9bef6258179fd914eb6b
insertion,31,Clean repeat,92039,0,0,2.0,23.0,7d3842f25845f0f835de9d5fecfc288e433dd61233ed9bef6258179fd914eb6b
insertion,31,Calibrated recovery,92000,1,1,4.0,397.0,01e59d6b37222bbf2147804d477ee575aaddf56e97f79b6d7d1349d2a69945d6
insertion,31,Calibrated recovery,92001,1,1,4.0,413.0,01e59d6b37222bbf2147804d477ee575aaddf56e97f79b6d7d1349d2a69945d6
insertion,31,Calibrated recovery,92002,1,1,4.0,418.0,01e59d6b37222bbf2147804d477ee575aaddf56e97f79b6d7d1349d2a69945d6
insertion,31,Calibrated recovery,92003,1,1,4.0,409.0,01e59d6b37222bbf2147804d477ee575aaddf56e97f79b6d7d1349d2a69945d6
insertion,31,Calibrated recovery,92004,1,0,4.0,381.0,01e59d6b37222bbf2147804d477ee575aaddf56e97f79b6d7d1349d2a69945d6
insertion,31,Calibrated recovery,92005,1,0,4.0,460.0,01e59d6b37222bbf2147804d477ee575aaddf56e97f79b6d7d1349d2a69945d6
insertion,31,Calibrated recovery,92006,1,1,4.0,431.0,01e59d6b37222bbf2147804d477ee575aaddf56e97f79b6d7d1349d2a69945d6
insertion,31,Calibrated recovery,92007,0,0,3.0,339.0,01e59d6b37222bbf2147804d477ee575aaddf56e97f79b6d7d1349d2a69945d6
insertion,31,Calibrated recovery,92008,0,0,2.0,362.0,01e59d6b37222bbf2147804d477ee575aaddf56e97f79b6d7d1349d2a69945d6
insertion,31,Calibrated recovery,92009,1,1,4.0,467.0,01e59d6b37222bbf2147804d477ee575aaddf56e97f79b6d7d1349d2a69945d6
insertion,31,Calibrated recovery,92010,1,1,4.0,433.0,01e59d6b37222bbf2147804d477ee575aaddf56e97f79b6d7d1349d2a69945d6
insertion,31,Calibrated recovery,92011,1,1,4.0,479.0,01e59d6b37222bbf2147804d477ee575aaddf56e97f79b6d7d1349d2a69945d6
insertion,31,Calibrated recovery,92012,1,1,4.0,376.0,01e59d6b37222bbf2147804d477ee575aaddf56e97f79b6d7d1349d2a69945d6
insertion,31,Calibrated recovery,92013,1,1,4.0,446.0,01e59d6b37222bbf2147804d477ee575aaddf56e97f79b6d7d1349d2a69945d6
insertion,31,Calibrated recovery,92014,0,0,3.0,431.0,01e59d6b37222bbf2147804d477ee575aaddf56e97f79b6d7d1349d2a69945d6
insertion,31,Calibrated recovery,92015,1,1,4.0,440.0,01e59d6b37222bbf2147804d477ee575aaddf56e97f79b6d7d1349d2a69945d6
insertion,31,Calibrated recovery,92016,1,1,4.0,409.0,01e59d6b37222bbf2147804d477ee575aaddf56e97f79b6d7d1349d2a69945d6
insertion,31,Calibrated recovery,92017,1,1,4.0,384.0,01e59d6b37222bbf2147804d477ee575aaddf56e97f79b6d7d1349d2a69945d6
insertion,31,Calibrated recovery,92018,1,1,4.0,414.0,01e59d6b37222bbf2147804d477ee575aaddf56e97f79b6d7d1349d2a69945d6
insertion,31,Calibrated recovery,92019,0,0,1.0,28.0,01e59d6b37222bbf2147804d477ee575aaddf56e97f79b6d7d1349d2a69945d6
insertion,31,Calibrated recovery,92020,1,1,4.0,464.0,01e59d6b37222bbf2147804d477ee575aaddf56e97f79b6d7d1349d2a69945d6
insertion,31,Calibrated recovery,92021,0,0,3.0,384.0,01e59d6b37222bbf2147804d477ee575aaddf56e97f79b6d7d1349d2a69945d6
insertion,31,Calibrated recovery,92022,1,1,4.0,369.0,01e59d6b37222bbf2147804d477ee575aaddf56e97f79b6d7d1349d2a69945d6
insertion,31,Calibrated recovery,92023,0,0,3.0,394.0,01e59d6b37222bbf2147804d477ee575aaddf56e97f79b6d7d1349d2a69945d6
insertion,31,Calibrated recovery,92024,0,0,3.0,361.0,01e59d6b37222bbf2147804d477ee575aaddf56e97f79b6d7d1349d2a69945d6
insertion,31,Calibrated recovery,92025,1,1,4.0,437.0,01e59d6b37222bbf2147804d477ee575aaddf56e97f79b6d7d1349d2a69945d6
insertion,31,Calibrated recovery,92026,1,1,4.0,448.0,01e59d6b37222bbf2147804d477ee575aaddf56e97f79b6d7d1349d2a69945d6
insertion,31,Calibrated recovery,92027,1,1,4.0,439.0,01e59d6b37222bbf2147804d477ee575aaddf56e97f79b6d7d1349d2a69945d6
insertion,31,Calibrated recovery,92028,1,1,4.0,382.0,01e59d6b37222bbf2147804d477ee575aaddf56e97f79b6d7d1349d2a69945d6
insertion,31,Calibrated recovery,92029,0,0,3.0,422.0,01e59d6b37222bbf2147804d477ee575aaddf56e97f79b6d7d1349d2a69945d6
insertion,31,Calibrated recovery,92030,0,0,3.0,398.0,01e59d6b37222bbf2147804d477ee575aaddf56e97f79b6d7d1349d2a69945d6
insertion,31,Calibrated recovery,92031,1,1,4.0,456.0,01e59d6b37222bbf2147804d477ee575aaddf56e97f79b6d7d1349d2a69945d6
insertion,31,Calibrated recovery,92032,1,1,4.0,449.0,01e59d6b37222bbf2147804d477ee575aaddf56e97f79b6d7d1349d2a69945d6
insertion,31,Calibrated recovery,92033,0,0,3.0,446.0,01e59d6b37222bbf2147804d477ee575aaddf56e97f79b6d7d1349d2a69945d6
insertion,31,Calibrated recovery,92034,1,1,4.0,444.0,01e59d6b37222bbf2147804d477ee575aaddf56e97f79b6d7d1349d2a69945d6
insertion,31,Calibrated recovery,92035,0,0,3.0,445.0,01e59d6b37222bbf2147804d477ee575aaddf56e97f79b6d7d1349d2a69945d6
insertion,31,Calibrated recovery,92036,1,1,4.0,432.0,01e59d6b37222bbf2147804d477ee575aaddf56e97f79b6d7d1349d2a69945d6
insertion,31,Calibrated recovery,92037,1,1,4.0,452.0,01e59d6b37222bbf2147804d477ee575aaddf56e97f79b6d7d1349d2a69945d6
insertion,31,Calibrated recovery,92038,0,0,3.0,423.0,01e59d6b37222bbf2147804d477ee575aaddf56e97f79b6d7d1349d2a69945d6
insertion,31,Calibrated recovery,92039,0,0,3.0,404.0,01e59d6b37222bbf2147804d477ee575aaddf56e97f79b6d7d1349d2a69945d6
insertion,31,Gaussian recovery,92000,1,1,4.0,396.0,b156f3d5b06bfc7442dffe36cf81cbc09ea6725fe999b85c60555e52bdeed383
insertion,31,Gaussian recovery,92001,1,0,4.0,470.0,b156f3d5b06bfc7442dffe36cf81cbc09ea6725fe999b85c60555e52bdeed383
insertion,31,Gaussian recovery,92002,1,1,4.0,450.0,b156f3d5b06bfc7442dffe36cf81cbc09ea6725fe999b85c60555e52bdeed383
insertion,31,Gaussian recovery,92003,1,1,4.0,458.0,b156f3d5b06bfc7442dffe36cf81cbc09ea6725fe999b85c60555e52bdeed383
insertion,31,Gaussian recovery,92004,0,0,2.0,355.0,b156f3d5b06bfc7442dffe36cf81cbc09ea6725fe999b85c60555e52bdeed383
insertion,31,Gaussian recovery,92005,0,0,2.0,349.0,b156f3d5b06bfc7442dffe36cf81cbc09ea6725fe999b85c60555e52bdeed383
insertion,31,Gaussian recovery,92006,0,0,2.0,352.0,b156f3d5b06bfc7442dffe36cf81cbc09ea6725fe999b85c60555e52bdeed383
insertion,31,Gaussian recovery,92007,0,0,2.0,355.0,b156f3d5b06bfc7442dffe36cf81cbc09ea6725fe999b85c60555e52bdeed383
insertion,31,Gaussian recovery,92008,0,0,2.0,358.0,b156f3d5b06bfc7442dffe36cf81cbc09ea6725fe999b85c60555e52bdeed383
insertion,31,Gaussian recovery,92009,1,1,4.0,477.0,b156f3d5b06bfc7442dffe36cf81cbc09ea6725fe999b85c60555e52bdeed383
insertion,31,Gaussian recovery,92010,1,1,4.0,462.0,b156f3d5b06bfc7442dffe36cf81cbc09ea6725fe999b85c60555e52bdeed383
insertion,31,Gaussian recovery,92011,1,1,4.0,464.0,b156f3d5b06bfc7442dffe36cf81cbc09ea6725fe999b85c60555e52bdeed383
insertion,31,Gaussian recovery,92012,1,1,4.0,391.0,b156f3d5b06bfc7442dffe36cf81cbc09ea6725fe999b85c60555e52bdeed383
insertion,31,Gaussian recovery,92013,1,1,4.0,457.0,b156f3d5b06bfc7442dffe36cf81cbc09ea6725fe999b85c60555e52bdeed383
insertion,31,Gaussian recovery,92014,0,0,2.0,349.0,b156f3d5b06bfc7442dffe36cf81cbc09ea6725fe999b85c60555e52bdeed383
insertion,31,Gaussian recovery,92015,1,1,4.0,481.0,b156f3d5b06bfc7442dffe36cf81cbc09ea6725fe999b85c60555e52bdeed383
insertion,31,Gaussian recovery,92016,0,0,2.0,338.0,b156f3d5b06bfc7442dffe36cf81cbc09ea6725fe999b85c60555e52bdeed383
insertion,31,Gaussian recovery,92017,1,1,4.0,454.0,b156f3d5b06bfc7442dffe36cf81cbc09ea6725fe999b85c60555e52bdeed383
insertion,31,Gaussian recovery,92018,1,0,4.0,363.0,b156f3d5b06bfc7442dffe36cf81cbc09ea6725fe999b85c60555e52bdeed383
insertion,31,Gaussian recovery,92019,0,0,1.0,24.0,b156f3d5b06bfc7442dffe36cf81cbc09ea6725fe999b85c60555e52bdeed383
insertion,31,Gaussian recovery,92020,1,1,4.0,385.0,b156f3d5b06bfc7442dffe36cf81cbc09ea6725fe999b85c60555e52bdeed383
insertion,31,Gaussian recovery,92021,0,0,3.0,397.0,b156f3d5b06bfc7442dffe36cf81cbc09ea6725fe999b85c60555e52bdeed383
insertion,31,Gaussian recovery,92022,1,1,4.0,432.0,b156f3d5b06bfc7442dffe36cf81cbc09ea6725fe999b85c60555e52bdeed383
insertion,31,Gaussian recovery,92023,1,1,4.0,390.0,b156f3d5b06bfc7442dffe36cf81cbc09ea6725fe999b85c60555e52bdeed383
insertion,31,Gaussian recovery,92024,0,0,2.0,329.0,b156f3d5b06bfc7442dffe36cf81cbc09ea6725fe999b85c60555e52bdeed383
insertion,31,Gaussian recovery,92025,1,1,4.0,423.0,b156f3d5b06bfc7442dffe36cf81cbc09ea6725fe999b85c60555e52bdeed383
insertion,31,Gaussian recovery,92026,0,0,2.0,351.0,b156f3d5b06bfc7442dffe36cf81cbc09ea6725fe999b85c60555e52bdeed383
insertion,31,Gaussian recovery,92027,0,0,3.0,201.0,b156f3d5b06bfc7442dffe36cf81cbc09ea6725fe999b85c60555e52bdeed383
insertion,31,Gaussian recovery,92028,0,0,2.0,362.0,b156f3d5b06bfc7442dffe36cf81cbc09ea6725fe999b85c60555e52bdeed383
insertion,31,Gaussian recovery,92029,0,0,3.0,435.0,b156f3d5b06bfc7442dffe36cf81cbc09ea6725fe999b85c60555e52bdeed383
insertion,31,Gaussian recovery,92030,0,0,3.0,173.0,b156f3d5b06bfc7442dffe36cf81cbc09ea6725fe999b85c60555e52bdeed383
insertion,31,Gaussian recovery,92031,1,1,4.0,430.0,b156f3d5b06bfc7442dffe36cf81cbc09ea6725fe999b85c60555e52bdeed383
insertion,31,Gaussian recovery,92032,0,0,3.0,420.0,b156f3d5b06bfc7442dffe36cf81cbc09ea6725fe999b85c60555e52bdeed383
insertion,31,Gaussian recovery,92033,0,0,2.0,349.0,b156f3d5b06bfc7442dffe36cf81cbc09ea6725fe999b85c60555e52bdeed383
insertion,31,Gaussian recovery,92034,0,0,2.0,362.0,b156f3d5b06bfc7442dffe36cf81cbc09ea6725fe999b85c60555e52bdeed383
insertion,31,Gaussian recovery,92035,1,1,4.0,454.0,b156f3d5b06bfc7442dffe36cf81cbc09ea6725fe999b85c60555e52bdeed383
insertion,31,Gaussian recovery,92036,0,0,2.0,365.0,b156f3d5b06bfc7442dffe36cf81cbc09ea6725fe999b85c60555e52bdeed383
insertion,31,Gaussian recovery,92037,1,1,4.0,451.0,b156f3d5b06bfc7442dffe36cf81cbc09ea6725fe999b85c60555e52bdeed383
insertion,31,Gaussian recovery,92038,1,1,4.0,478.0,b156f3d5b06bfc7442dffe36cf81cbc09ea6725fe999b85c60555e52bdeed383
insertion,31,Gaussian recovery,92039,0,0,3.0,408.0,b156f3d5b06bfc7442dffe36cf81cbc09ea6725fe999b85c60555e52bdeed383
insertion,31,Frozen context,92000,0,0,2.0,3.0,36df5cd950d33c2b91ef3c3ee249a549c564d92da46bca6682f7fd2e875d3f24
insertion,31,Frozen context,92001,1,1,4.0,459.0,36df5cd950d33c2b91ef3c3ee249a549c564d92da46bca6682f7fd2e875d3f24
insertion,31,Frozen context,92002,1,1,4.0,463.0,36df5cd950d33c2b91ef3c3ee249a549c564d92da46bca6682f7fd2e875d3f24
insertion,31,Frozen context,92003,0,0,3.0,367.0,36df5cd950d33c2b91ef3c3ee249a549c564d92da46bca6682f7fd2e875d3f24
insertion,31,Frozen context,92004,0,0,2.0,333.0,36df5cd950d33c2b91ef3c3ee249a549c564d92da46bca6682f7fd2e875d3f24
insertion,31,Frozen context,92005,1,1,4.0,444.0,36df5cd950d33c2b91ef3c3ee249a549c564d92da46bca6682f7fd2e875d3f24
insertion,31,Frozen context,92006,0,0,3.0,341.0,36df5cd950d33c2b91ef3c3ee249a549c564d92da46bca6682f7fd2e875d3f24
insertion,31,Frozen context,92007,0,0,2.0,111.0,36df5cd950d33c2b91ef3c3ee249a549c564d92da46bca6682f7fd2e875d3f24
insertion,31,Frozen context,92008,0,0,2.0,366.0,36df5cd950d33c2b91ef3c3ee249a549c564d92da46bca6682f7fd2e875d3f24
insertion,31,Frozen context,92009,1,1,4.0,413.0,36df5cd950d33c2b91ef3c3ee249a549c564d92da46bca6682f7fd2e875d3f24
insertion,31,Frozen context,92010,1,1,4.0,417.0,36df5cd950d33c2b91ef3c3ee249a549c564d92da46bca6682f7fd2e875d3f24
insertion,31,Frozen context,92011,1,1,4.0,452.0,36df5cd950d33c2b91ef3c3ee249a549c564d92da46bca6682f7fd2e875d3f24
insertion,31,Frozen context,92012,0,0,3.0,195.0,36df5cd950d33c2b91ef3c3ee249a549c564d92da46bca6682f7fd2e875d3f24
insertion,31,Frozen context,92013,1,1,4.0,414.0,36df5cd950d33c2b91ef3c3ee249a549c564d92da46bca6682f7fd2e875d3f24
insertion,31,Frozen context,92014,0,0,3.0,235.0,36df5cd950d33c2b91ef3c3ee249a549c564d92da46bca6682f7fd2e875d3f24
insertion,31,Frozen context,92015,0,0,3.0,419.0,36df5cd950d33c2b91ef3c3ee249a549c564d92da46bca6682f7fd2e875d3f24
insertion,31,Frozen context,92016,1,1,4.0,453.0,36df5cd950d33c2b91ef3c3ee249a549c564d92da46bca6682f7fd2e875d3f24
insertion,31,Frozen context,92017,1,1,4.0,471.0,36df5cd950d33c2b91ef3c3ee249a549c564d92da46bca6682f7fd2e875d3f24
insertion,31,Frozen context,92018,0,0,2.0,338.0,36df5cd950d33c2b91ef3c3ee249a549c564d92da46bca6682f7fd2e875d3f24
insertion,31,Frozen context,92019,0,0,3.0,238.0,36df5cd950d33c2b91ef3c3ee249a549c564d92da46bca6682f7fd2e875d3f24
insertion,31,Frozen context,92020,0,0,3.0,400.0,36df5cd950d33c2b91ef3c3ee249a549c564d92da46bca6682f7fd2e875d3f24
insertion,31,Frozen context,92021,1,1,4.0,487.0,36df5cd950d33c2b91ef3c3ee249a549c564d92da46bca6682f7fd2e875d3f24
insertion,31,Frozen context,92022,1,1,4.0,382.0,36df5cd950d33c2b91ef3c3ee249a549c564d92da46bca6682f7fd2e875d3f24
insertion,31,Frozen context,92023,1,1,4.0,447.0,36df5cd950d33c2b91ef3c3ee249a549c564d92da46bca6682f7fd2e875d3f24
insertion,31,Frozen context,92024,0,0,3.0,453.0,36df5cd950d33c2b91ef3c3ee249a549c564d92da46bca6682f7fd2e875d3f24
insertion,31,Frozen context,92025,1,1,4.0,397.0,36df5cd950d33c2b91ef3c3ee249a549c564d92da46bca6682f7fd2e875d3f24
insertion,31,Frozen context,92026,1,0,4.0,333.0,36df5cd950d33c2b91ef3c3ee249a549c564d92da46bca6682f7fd2e875d3f24
insertion,31,Frozen context,92027,1,0,4.0,392.0,36df5cd950d33c2b91ef3c3ee249a549c564d92da46bca6682f7fd2e875d3f24
insertion,31,Frozen context,92028,1,0,4.0,367.0,36df5cd950d33c2b91ef3c3ee249a549c564d92da46bca6682f7fd2e875d3f24
insertion,31,Frozen context,92029,1,1,4.0,456.0,36df5cd950d33c2b91ef3c3ee249a549c564d92da46bca6682f7fd2e875d3f24
insertion,31,Frozen context,92030,0,0,0.0,0.0,36df5cd950d33c2b91ef3c3ee249a549c564d92da46bca6682f7fd2e875d3f24
insertion,31,Frozen context,92031,0,0,3.0,404.0,36df5cd950d33c2b91ef3c3ee249a549c564d92da46bca6682f7fd2e875d3f24
insertion,31,Frozen context,92032,0,0,3.0,419.0,36df5cd950d33c2b91ef3c3ee249a549c564d92da46bca6682f7fd2e875d3f24
insertion,31,Frozen context,92033,0,0,3.0,436.0,36df5cd950d33c2b91ef3c3ee249a549c564d92da46bca6682f7fd2e875d3f24
insertion,31,Frozen context,92034,0,0,2.0,341.0,36df5cd950d33c2b91ef3c3ee249a549c564d92da46bca6682f7fd2e875d3f24
insertion,31,Frozen context,92035,0,0,3.0,397.0,36df5cd950d33c2b91ef3c3ee249a549c564d92da46bca6682f7fd2e875d3f24
insertion,31,Frozen context,92036,1,1,4.0,465.0,36df5cd950d33c2b91ef3c3ee249a549c564d92da46bca6682f7fd2e875d3f24
insertion,31,Frozen context,92037,1,1,4.0,438.0,36df5cd950d33c2b91ef3c3ee249a549c564d92da46bca6682f7fd2e875d3f24
insertion,31,Frozen context,92038,1,1,4.0,435.0,36df5cd950d33c2b91ef3c3ee249a549c564d92da46bca6682f7fd2e875d3f24
insertion,31,Frozen context,92039,0,0,3.0,348.0,36df5cd950d33c2b91ef3c3ee249a549c564d92da46bca6682f7fd2e875d3f24
insertion,31,Old SCANA,92000,0,0,0.0,0.0,68acf4926777d9fa8b9dd6c9310f06b53bc9cb0ace1854e2aa7af930a581b6f6
insertion,31,Old SCANA,92001,0,0,0.0,0.0,68acf4926777d9fa8b9dd6c9310f06b53bc9cb0ace1854e2aa7af930a581b6f6
insertion,31,Old SCANA,92002,0,0,0.0,0.0,68acf4926777d9fa8b9dd6c9310f06b53bc9cb0ace1854e2aa7af930a581b6f6
insertion,31,Old SCANA,92003,0,0,0.0,0.0,68acf4926777d9fa8b9dd6c9310f06b53bc9cb0ace1854e2aa7af930a581b6f6
insertion,31,Old SCANA,92004,0,0,0.0,0.0,68acf4926777d9fa8b9dd6c9310f06b53bc9cb0ace1854e2aa7af930a581b6f6
insertion,31,Old SCANA,92005,0,0,0.0,0.0,68acf4926777d9fa8b9dd6c9310f06b53bc9cb0ace1854e2aa7af930a581b6f6
insertion,31,Old SCANA,92006,0,0,0.0,0.0,68acf4926777d9fa8b9dd6c9310f06b53bc9cb0ace1854e2aa7af930a581b6f6
insertion,31,Old SCANA,92007,0,0,0.0,0.0,68acf4926777d9fa8b9dd6c9310f06b53bc9cb0ace1854e2aa7af930a581b6f6
insertion,31,Old SCANA,92008,0,0,0.0,0.0,68acf4926777d9fa8b9dd6c9310f06b53bc9cb0ace1854e2aa7af930a581b6f6
insertion,31,Old SCANA,92009,0,0,0.0,0.0,68acf4926777d9fa8b9dd6c9310f06b53bc9cb0ace1854e2aa7af930a581b6f6
insertion,31,Old SCANA,92010,0,0,0.0,0.0,68acf4926777d9fa8b9dd6c9310f06b53bc9cb0ace1854e2aa7af930a581b6f6
insertion,31,Old SCANA,92011,0,0,0.0,0.0,68acf4926777d9fa8b9dd6c9310f06b53bc9cb0ace1854e2aa7af930a581b6f6
insertion,31,Old SCANA,92012,0,0,0.0,0.0,68acf4926777d9fa8b9dd6c9310f06b53bc9cb0ace1854e2aa7af930a581b6f6
insertion,31,Old SCANA,92013,0,0,0.0,0.0,68acf4926777d9fa8b9dd6c9310f06b53bc9cb0ace1854e2aa7af930a581b6f6
insertion,31,Old SCANA,92014,0,0,0.0,0.0,68acf4926777d9fa8b9dd6c9310f06b53bc9cb0ace1854e2aa7af930a581b6f6
insertion,31,Old SCANA,92015,0,0,0.0,0.0,68acf4926777d9fa8b9dd6c9310f06b53bc9cb0ace1854e2aa7af930a581b6f6
insertion,31,Old SCANA,92016,0,0,0.0,0.0,68acf4926777d9fa8b9dd6c9310f06b53bc9cb0ace1854e2aa7af930a581b6f6
insertion,31,Old SCANA,92017,0,0,1.0,5.0,68acf4926777d9fa8b9dd6c9310f06b53bc9cb0ace1854e2aa7af930a581b6f6
insertion,31,Old SCANA,92018,0,0,0.0,0.0,68acf4926777d9fa8b9dd6c9310f06b53bc9cb0ace1854e2aa7af930a581b6f6
insertion,31,Old SCANA,92019,0,0,0.0,0.0,68acf4926777d9fa8b9dd6c9310f06b53bc9cb0ace1854e2aa7af930a581b6f6
insertion,31,Old SCANA,92020,0,0,0.0,0.0,68acf4926777d9fa8b9dd6c9310f06b53bc9cb0ace1854e2aa7af930a581b6f6
insertion,31,Old SCANA,92021,0,0,0.0,0.0,68acf4926777d9fa8b9dd6c9310f06b53bc9cb0ace1854e2aa7af930a581b6f6
insertion,31,Old SCANA,92022,0,0,0.0,0.0,68acf4926777d9fa8b9dd6c9310f06b53bc9cb0ace1854e2aa7af930a581b6f6
insertion,31,Old SCANA,92023,0,0,0.0,0.0,68acf4926777d9fa8b9dd6c9310f06b53bc9cb0ace1854e2aa7af930a581b6f6
insertion,31,Old SCANA,92024,0,0,0.0,0.0,68acf4926777d9fa8b9dd6c9310f06b53bc9cb0ace1854e2aa7af930a581b6f6
insertion,31,Old SCANA,92025,0,0,0.0,0.0,68acf4926777d9fa8b9dd6c9310f06b53bc9cb0ace1854e2aa7af930a581b6f6
insertion,31,Old SCANA,92026,0,0,0.0,0.0,68acf4926777d9fa8b9dd6c9310f06b53bc9cb0ace1854e2aa7af930a581b6f6
insertion,31,Old SCANA,92027,0,0,0.0,0.0,68acf4926777d9fa8b9dd6c9310f06b53bc9cb0ace1854e2aa7af930a581b6f6
insertion,31,Old SCANA,92028,0,0,0.0,0.0,68acf4926777d9fa8b9dd6c9310f06b53bc9cb0ace1854e2aa7af930a581b6f6
insertion,31,Old SCANA,92029,0,0,0.0,0.0,68acf4926777d9fa8b9dd6c9310f06b53bc9cb0ace1854e2aa7af930a581b6f6
insertion,31,Old SCANA,92030,0,0,1.0,1.0,68acf4926777d9fa8b9dd6c9310f06b53bc9cb0ace1854e2aa7af930a581b6f6
insertion,31,Old SCANA,92031,0,0,0.0,0.0,68acf4926777d9fa8b9dd6c9310f06b53bc9cb0ace1854e2aa7af930a581b6f6
insertion,31,Old SCANA,92032,0,0,0.0,0.0,68acf4926777d9fa8b9dd6c9310f06b53bc9cb0ace1854e2aa7af930a581b6f6
insertion,31,Old SCANA,92033,0,0,0.0,0.0,68acf4926777d9fa8b9dd6c9310f06b53bc9cb0ace1854e2aa7af930a581b6f6
insertion,31,Old SCANA,92034,0,0,0.0,0.0,68acf4926777d9fa8b9dd6c9310f06b53bc9cb0ace1854e2aa7af930a581b6f6
insertion,31,Old SCANA,92035,0,0,0.0,0.0,68acf4926777d9fa8b9dd6c9310f06b53bc9cb0ace1854e2aa7af930a581b6f6
insertion,31,Old SCANA,92036,0,0,0.0,0.0,68acf4926777d9fa8b9dd6c9310f06b53bc9cb0ace1854e2aa7af930a581b6f6
insertion,31,Old SCANA,92037,0,0,0.0,0.0,68acf4926777d9fa8b9dd6c9310f06b53bc9cb0ace1854e2aa7af930a581b6f6
insertion,31,Old SCANA,92038,0,0,0.0,0.0,68acf4926777d9fa8b9dd6c9310f06b53bc9cb0ace1854e2aa7af930a581b6f6
insertion,31,Old SCANA,92039,0,0,0.0,0.0,68acf4926777d9fa8b9dd6c9310f06b53bc9cb0ace1854e2aa7af930a581b6f6
insertion,31,Old kNN,92000,0,0,0.0,0.0,0721ac2433f9312460813daa64b3030635a501f5173a69d78730101ce556f8db
insertion,31,Old kNN,92001,0,0,0.0,0.0,0721ac2433f9312460813daa64b3030635a501f5173a69d78730101ce556f8db
insertion,31,Old kNN,92002,0,0,0.0,0.0,0721ac2433f9312460813daa64b3030635a501f5173a69d78730101ce556f8db
insertion,31,Old kNN,92003,0,0,0.0,0.0,0721ac2433f9312460813daa64b3030635a501f5173a69d78730101ce556f8db
insertion,31,Old kNN,92004,0,0,0.0,0.0,0721ac2433f9312460813daa64b3030635a501f5173a69d78730101ce556f8db
insertion,31,Old kNN,92005,0,0,0.0,0.0,0721ac2433f9312460813daa64b3030635a501f5173a69d78730101ce556f8db
insertion,31,Old kNN,92006,0,0,0.0,0.0,0721ac2433f9312460813daa64b3030635a501f5173a69d78730101ce556f8db
insertion,31,Old kNN,92007,0,0,0.0,0.0,0721ac2433f9312460813daa64b3030635a501f5173a69d78730101ce556f8db
insertion,31,Old kNN,92008,0,0,0.0,0.0,0721ac2433f9312460813daa64b3030635a501f5173a69d78730101ce556f8db
insertion,31,Old kNN,92009,0,0,0.0,0.0,0721ac2433f9312460813daa64b3030635a501f5173a69d78730101ce556f8db
insertion,31,Old kNN,92010,0,0,0.0,0.0,0721ac2433f9312460813daa64b3030635a501f5173a69d78730101ce556f8db
insertion,31,Old kNN,92011,0,0,0.0,0.0,0721ac2433f9312460813daa64b3030635a501f5173a69d78730101ce556f8db
insertion,31,Old kNN,92012,0,0,1.0,3.0,0721ac2433f9312460813daa64b3030635a501f5173a69d78730101ce556f8db
insertion,31,Old kNN,92013,0,0,0.0,0.0,0721ac2433f9312460813daa64b3030635a501f5173a69d78730101ce556f8db
insertion,31,Old kNN,92014,0,0,0.0,0.0,0721ac2433f9312460813daa64b3030635a501f5173a69d78730101ce556f8db
insertion,31,Old kNN,92015,0,0,0.0,0.0,0721ac2433f9312460813daa64b3030635a501f5173a69d78730101ce556f8db
insertion,31,Old kNN,92016,0,0,0.0,0.0,0721ac2433f9312460813daa64b3030635a501f5173a69d78730101ce556f8db
insertion,31,Old kNN,92017,0,0,0.0,0.0,0721ac2433f9312460813daa64b3030635a501f5173a69d78730101ce556f8db
insertion,31,Old kNN,92018,0,0,1.0,1.0,0721ac2433f9312460813daa64b3030635a501f5173a69d78730101ce556f8db
insertion,31,Old kNN,92019,0,0,0.0,0.0,0721ac2433f9312460813daa64b3030635a501f5173a69d78730101ce556f8db
insertion,31,Old kNN,92020,0,0,0.0,0.0,0721ac2433f9312460813daa64b3030635a501f5173a69d78730101ce556f8db
insertion,31,Old kNN,92021,0,0,0.0,0.0,0721ac2433f9312460813daa64b3030635a501f5173a69d78730101ce556f8db
insertion,31,Old kNN,92022,0,0,0.0,0.0,0721ac2433f9312460813daa64b3030635a501f5173a69d78730101ce556f8db
insertion,31,Old kNN,92023,0,0,0.0,0.0,0721ac2433f9312460813daa64b3030635a501f5173a69d78730101ce556f8db
insertion,31,Old kNN,92024,0,0,0.0,0.0,0721ac2433f9312460813daa64b3030635a501f5173a69d78730101ce556f8db
insertion,31,Old kNN,92025,0,0,0.0,0.0,0721ac2433f9312460813daa64b3030635a501f5173a69d78730101ce556f8db
insertion,31,Old kNN,92026,0,0,0.0,0.0,0721ac2433f9312460813daa64b3030635a501f5173a69d78730101ce556f8db
insertion,31,Old kNN,92027,0,0,0.0,0.0,0721ac2433f9312460813daa64b3030635a501f5173a69d78730101ce556f8db
insertion,31,Old kNN,92028,0,0,0.0,0.0,0721ac2433f9312460813daa64b3030635a501f5173a69d78730101ce556f8db
insertion,31,Old kNN,92029,0,0,0.0,0.0,0721ac2433f9312460813daa64b3030635a501f5173a69d78730101ce556f8db
insertion,31,Old kNN,92030,0,0,0.0,0.0,0721ac2433f9312460813daa64b3030635a501f5173a69d78730101ce556f8db
insertion,31,Old kNN,92031,0,0,0.0,0.0,0721ac2433f9312460813daa64b3030635a501f5173a69d78730101ce556f8db
insertion,31,Old kNN,92032,0,0,0.0,0.0,0721ac2433f9312460813daa64b3030635a501f5173a69d78730101ce556f8db
insertion,31,Old kNN,92033,0,0,0.0,0.0,0721ac2433f9312460813daa64b3030635a501f5173a69d78730101ce556f8db
insertion,31,Old kNN,92034,0,0,0.0,0.0,0721ac2433f9312460813daa64b3030635a501f5173a69d78730101ce556f8db
insertion,31,Old kNN,92035,0,0,0.0,0.0,0721ac2433f9312460813daa64b3030635a501f5173a69d78730101ce556f8db
insertion,31,Old kNN,92036,0,0,3.0,123.0,0721ac2433f9312460813daa64b3030635a501f5173a69d78730101ce556f8db
insertion,31,Old kNN,92037,0,0,2.0,29.0,0721ac2433f9312460813daa64b3030635a501f5173a69d78730101ce556f8db
insertion,31,Old kNN,92038,0,0,0.0,0.0,0721ac2433f9312460813daa64b3030635a501f5173a69d78730101ce556f8db
insertion,31,Old kNN,92039,0,0,0.0,0.0,0721ac2433f9312460813daa64b3030635a501f5173a69d78730101ce556f8db
insertion,31,Old deterministic,92000,0,0,0.0,0.0,c9b3d0735244d916fc4e2ac94181869c8637444d6c6e180818cc2bcedcfba5f3
insertion,31,Old deterministic,92001,0,0,0.0,0.0,c9b3d0735244d916fc4e2ac94181869c8637444d6c6e180818cc2bcedcfba5f3
insertion,31,Old deterministic,92002,0,0,1.0,1.0,c9b3d0735244d916fc4e2ac94181869c8637444d6c6e180818cc2bcedcfba5f3
insertion,31,Old deterministic,92003,0,0,0.0,0.0,c9b3d0735244d916fc4e2ac94181869c8637444d6c6e180818cc2bcedcfba5f3
insertion,31,Old deterministic,92004,0,0,0.0,0.0,c9b3d0735244d916fc4e2ac94181869c8637444d6c6e180818cc2bcedcfba5f3
insertion,31,Old deterministic,92005,0,0,0.0,0.0,c9b3d0735244d916fc4e2ac94181869c8637444d6c6e180818cc2bcedcfba5f3
insertion,31,Old deterministic,92006,0,0,0.0,0.0,c9b3d0735244d916fc4e2ac94181869c8637444d6c6e180818cc2bcedcfba5f3
insertion,31,Old deterministic,92007,0,0,0.0,0.0,c9b3d0735244d916fc4e2ac94181869c8637444d6c6e180818cc2bcedcfba5f3
insertion,31,Old deterministic,92008,0,0,0.0,0.0,c9b3d0735244d916fc4e2ac94181869c8637444d6c6e180818cc2bcedcfba5f3
insertion,31,Old deterministic,92009,0,0,0.0,0.0,c9b3d0735244d916fc4e2ac94181869c8637444d6c6e180818cc2bcedcfba5f3
insertion,31,Old deterministic,92010,0,0,0.0,0.0,c9b3d0735244d916fc4e2ac94181869c8637444d6c6e180818cc2bcedcfba5f3
insertion,31,Old deterministic,92011,0,0,0.0,0.0,c9b3d0735244d916fc4e2ac94181869c8637444d6c6e180818cc2bcedcfba5f3
insertion,31,Old deterministic,92012,0,0,0.0,0.0,c9b3d0735244d916fc4e2ac94181869c8637444d6c6e180818cc2bcedcfba5f3
insertion,31,Old deterministic,92013,0,0,0.0,0.0,c9b3d0735244d916fc4e2ac94181869c8637444d6c6e180818cc2bcedcfba5f3
insertion,31,Old deterministic,92014,0,0,0.0,0.0,c9b3d0735244d916fc4e2ac94181869c8637444d6c6e180818cc2bcedcfba5f3
insertion,31,Old deterministic,92015,0,0,1.0,4.0,c9b3d0735244d916fc4e2ac94181869c8637444d6c6e180818cc2bcedcfba5f3
insertion,31,Old deterministic,92016,0,0,0.0,0.0,c9b3d0735244d916fc4e2ac94181869c8637444d6c6e180818cc2bcedcfba5f3
insertion,31,Old deterministic,92017,0,0,0.0,0.0,c9b3d0735244d916fc4e2ac94181869c8637444d6c6e180818cc2bcedcfba5f3
insertion,31,Old deterministic,92018,0,0,0.0,0.0,c9b3d0735244d916fc4e2ac94181869c8637444d6c6e180818cc2bcedcfba5f3
insertion,31,Old deterministic,92019,0,0,0.0,0.0,c9b3d0735244d916fc4e2ac94181869c8637444d6c6e180818cc2bcedcfba5f3
insertion,31,Old deterministic,92020,0,0,0.0,0.0,c9b3d0735244d916fc4e2ac94181869c8637444d6c6e180818cc2bcedcfba5f3
insertion,31,Old deterministic,92021,0,0,0.0,0.0,c9b3d0735244d916fc4e2ac94181869c8637444d6c6e180818cc2bcedcfba5f3
insertion,31,Old deterministic,92022,0,0,0.0,0.0,c9b3d0735244d916fc4e2ac94181869c8637444d6c6e180818cc2bcedcfba5f3
insertion,31,Old deterministic,92023,0,0,0.0,0.0,c9b3d0735244d916fc4e2ac94181869c8637444d6c6e180818cc2bcedcfba5f3
insertion,31,Old deterministic,92024,0,0,0.0,0.0,c9b3d0735244d916fc4e2ac94181869c8637444d6c6e180818cc2bcedcfba5f3
insertion,31,Old deterministic,92025,0,0,0.0,0.0,c9b3d0735244d916fc4e2ac94181869c8637444d6c6e180818cc2bcedcfba5f3
insertion,31,Old deterministic,92026,0,0,0.0,0.0,c9b3d0735244d916fc4e2ac94181869c8637444d6c6e180818cc2bcedcfba5f3
insertion,31,Old deterministic,92027,0,0,0.0,0.0,c9b3d0735244d916fc4e2ac94181869c8637444d6c6e180818cc2bcedcfba5f3
insertion,31,Old deterministic,92028,0,0,0.0,0.0,c9b3d0735244d916fc4e2ac94181869c8637444d6c6e180818cc2bcedcfba5f3
insertion,31,Old deterministic,92029,0,0,0.0,0.0,c9b3d0735244d916fc4e2ac94181869c8637444d6c6e180818cc2bcedcfba5f3
insertion,31,Old deterministic,92030,0,0,1.0,2.0,c9b3d0735244d916fc4e2ac94181869c8637444d6c6e180818cc2bcedcfba5f3
insertion,31,Old deterministic,92031,0,0,0.0,0.0,c9b3d0735244d916fc4e2ac94181869c8637444d6c6e180818cc2bcedcfba5f3
insertion,31,Old deterministic,92032,0,0,0.0,0.0,c9b3d0735244d916fc4e2ac94181869c8637444d6c6e180818cc2bcedcfba5f3
insertion,31,Old deterministic,92033,0,0,0.0,0.0,c9b3d0735244d916fc4e2ac94181869c8637444d6c6e180818cc2bcedcfba5f3
insertion,31,Old deterministic,92034,0,0,0.0,0.0,c9b3d0735244d916fc4e2ac94181869c8637444d6c6e180818cc2bcedcfba5f3
insertion,31,Old deterministic,92035,0,0,0.0,0.0,c9b3d0735244d916fc4e2ac94181869c8637444d6c6e180818cc2bcedcfba5f3
insertion,31,Old deterministic,92036,0,0,0.0,0.0,c9b3d0735244d916fc4e2ac94181869c8637444d6c6e180818cc2bcedcfba5f3
insertion,31,Old deterministic,92037,0,0,0.0,0.0,c9b3d0735244d916fc4e2ac94181869c8637444d6c6e180818cc2bcedcfba5f3
insertion,31,Old deterministic,92038,0,0,0.0,0.0,c9b3d0735244d916fc4e2ac94181869c8637444d6c6e180818cc2bcedcfba5f3
insertion,31,Old deterministic,92039,0,0,0.0,0.0,c9b3d0735244d916fc4e2ac94181869c8637444d6c6e180818cc2bcedcfba5f3
insertion,31,Clip only,92000,0,0,2.0,304.0,c299e1cb8eaafae7529ed9135388e499d4a77994d76a8fe5ea82fb407fd651f9
insertion,31,Clip only,92001,0,0,3.0,351.0,c299e1cb8eaafae7529ed9135388e499d4a77994d76a8fe5ea82fb407fd651f9
insertion,31,Clip only,92002,1,1,4.0,425.0,c299e1cb8eaafae7529ed9135388e499d4a77994d76a8fe5ea82fb407fd651f9
insertion,31,Clip only,92003,0,0,3.0,377.0,c299e1cb8eaafae7529ed9135388e499d4a77994d76a8fe5ea82fb407fd651f9
insertion,31,Clip only,92004,0,0,2.0,345.0,c299e1cb8eaafae7529ed9135388e499d4a77994d76a8fe5ea82fb407fd651f9
insertion,31,Clip only,92005,0,0,2.0,290.0,c299e1cb8eaafae7529ed9135388e499d4a77994d76a8fe5ea82fb407fd651f9
insertion,31,Clip only,92006,0,0,1.0,6.0,c299e1cb8eaafae7529ed9135388e499d4a77994d76a8fe5ea82fb407fd651f9
insertion,31,Clip only,92007,0,0,0.0,0.0,c299e1cb8eaafae7529ed9135388e499d4a77994d76a8fe5ea82fb407fd651f9
insertion,31,Clip only,92008,0,0,2.0,360.0,c299e1cb8eaafae7529ed9135388e499d4a77994d76a8fe5ea82fb407fd651f9
insertion,31,Clip only,92009,1,1,4.0,400.0,c299e1cb8eaafae7529ed9135388e499d4a77994d76a8fe5ea82fb407fd651f9
insertion,31,Clip only,92010,1,1,4.0,517.0,c299e1cb8eaafae7529ed9135388e499d4a77994d76a8fe5ea82fb407fd651f9
insertion,31,Clip only,92011,1,1,4.0,415.0,c299e1cb8eaafae7529ed9135388e499d4a77994d76a8fe5ea82fb407fd651f9
insertion,31,Clip only,92012,0,0,3.0,398.0,c299e1cb8eaafae7529ed9135388e499d4a77994d76a8fe5ea82fb407fd651f9
insertion,31,Clip only,92013,1,1,4.0,420.0,c299e1cb8eaafae7529ed9135388e499d4a77994d76a8fe5ea82fb407fd651f9
insertion,31,Clip only,92014,0,0,3.0,215.0,c299e1cb8eaafae7529ed9135388e499d4a77994d76a8fe5ea82fb407fd651f9
insertion,31,Clip only,92015,1,0,4.0,293.0,c299e1cb8eaafae7529ed9135388e499d4a77994d76a8fe5ea82fb407fd651f9
insertion,31,Clip only,92016,1,1,4.0,376.0,c299e1cb8eaafae7529ed9135388e499d4a77994d76a8fe5ea82fb407fd651f9
insertion,31,Clip only,92017,1,0,4.0,392.0,c299e1cb8eaafae7529ed9135388e499d4a77994d76a8fe5ea82fb407fd651f9
insertion,31,Clip only,92018,0,0,2.0,355.0,c299e1cb8eaafae7529ed9135388e499d4a77994d76a8fe5ea82fb407fd651f9
insertion,31,Clip only,92019,0,0,0.0,0.0,c299e1cb8eaafae7529ed9135388e499d4a77994d76a8fe5ea82fb407fd651f9
insertion,31,Clip only,92020,0,0,2.0,316.0,c299e1cb8eaafae7529ed9135388e499d4a77994d76a8fe5ea82fb407fd651f9
insertion,31,Clip only,92021,0,0,3.0,203.0,c299e1cb8eaafae7529ed9135388e499d4a77994d76a8fe5ea82fb407fd651f9
insertion,31,Clip only,92022,1,1,4.0,433.0,c299e1cb8eaafae7529ed9135388e499d4a77994d76a8fe5ea82fb407fd651f9
insertion,31,Clip only,92023,1,1,4.0,426.0,c299e1cb8eaafae7529ed9135388e499d4a77994d76a8fe5ea82fb407fd651f9
insertion,31,Clip only,92024,0,0,3.0,416.0,c299e1cb8eaafae7529ed9135388e499d4a77994d76a8fe5ea82fb407fd651f9
insertion,31,Clip only,92025,1,1,4.0,408.0,c299e1cb8eaafae7529ed9135388e499d4a77994d76a8fe5ea82fb407fd651f9
insertion,31,Clip only,92026,0,0,3.0,398.0,c299e1cb8eaafae7529ed9135388e499d4a77994d76a8fe5ea82fb407fd651f9
insertion,31,Clip only,92027,1,0,4.0,433.0,c299e1cb8eaafae7529ed9135388e499d4a77994d76a8fe5ea82fb407fd651f9
insertion,31,Clip only,92028,0,0,2.0,343.0,c299e1cb8eaafae7529ed9135388e499d4a77994d76a8fe5ea82fb407fd651f9
insertion,31,Clip only,92029,0,0,3.0,435.0,c299e1cb8eaafae7529ed9135388e499d4a77994d76a8fe5ea82fb407fd651f9
insertion,31,Clip only,92030,0,0,0.0,0.0,c299e1cb8eaafae7529ed9135388e499d4a77994d76a8fe5ea82fb407fd651f9
insertion,31,Clip only,92031,1,1,4.0,430.0,c299e1cb8eaafae7529ed9135388e499d4a77994d76a8fe5ea82fb407fd651f9
insertion,31,Clip only,92032,0,0,3.0,420.0,c299e1cb8eaafae7529ed9135388e499d4a77994d76a8fe5ea82fb407fd651f9
insertion,31,Clip only,92033,0,0,3.0,236.0,c299e1cb8eaafae7529ed9135388e499d4a77994d76a8fe5ea82fb407fd651f9
insertion,31,Clip only,92034,0,0,2.0,360.0,c299e1cb8eaafae7529ed9135388e499d4a77994d76a8fe5ea82fb407fd651f9
insertion,31,Clip only,92035,0,0,3.0,429.0,c299e1cb8eaafae7529ed9135388e499d4a77994d76a8fe5ea82fb407fd651f9
insertion,31,Clip only,92036,1,1,4.0,437.0,c299e1cb8eaafae7529ed9135388e499d4a77994d76a8fe5ea82fb407fd651f9
insertion,31,Clip only,92037,0,0,3.0,395.0,c299e1cb8eaafae7529ed9135388e499d4a77994d76a8fe5ea82fb407fd651f9
insertion,31,Clip only,92038,1,1,4.0,413.0,c299e1cb8eaafae7529ed9135388e499d4a77994d76a8fe5ea82fb407fd651f9
insertion,31,Clip only,92039,0,0,3.0,371.0,c299e1cb8eaafae7529ed9135388e499d4a77994d76a8fe5ea82fb407fd651f9
insertion,47,Clean repeat,92000,0,0,3.0,300.0,a277f4dac2c56877140590616179b7b78db4101fcdc22ca54d189a88fda80700
insertion,47,Clean repeat,92001,0,0,3.0,321.0,a277f4dac2c56877140590616179b7b78db4101fcdc22ca54d189a88fda80700
insertion,47,Clean repeat,92002,0,0,2.0,363.0,a277f4dac2c56877140590616179b7b78db4101fcdc22ca54d189a88fda80700
insertion,47,Clean repeat,92003,0,0,2.0,26.0,a277f4dac2c56877140590616179b7b78db4101fcdc22ca54d189a88fda80700
insertion,47,Clean repeat,92004,1,0,4.0,469.0,a277f4dac2c56877140590616179b7b78db4101fcdc22ca54d189a88fda80700
insertion,47,Clean repeat,92005,1,1,4.0,452.0,a277f4dac2c56877140590616179b7b78db4101fcdc22ca54d189a88fda80700
insertion,47,Clean repeat,92006,1,0,4.0,462.0,a277f4dac2c56877140590616179b7b78db4101fcdc22ca54d189a88fda80700
insertion,47,Clean repeat,92007,1,0,4.0,413.0,a277f4dac2c56877140590616179b7b78db4101fcdc22ca54d189a88fda80700
insertion,47,Clean repeat,92008,0,0,3.0,193.0,a277f4dac2c56877140590616179b7b78db4101fcdc22ca54d189a88fda80700
insertion,47,Clean repeat,92009,1,0,4.0,470.0,a277f4dac2c56877140590616179b7b78db4101fcdc22ca54d189a88fda80700
insertion,47,Clean repeat,92010,0,0,3.0,333.0,a277f4dac2c56877140590616179b7b78db4101fcdc22ca54d189a88fda80700
insertion,47,Clean repeat,92011,0,0,3.0,417.0,a277f4dac2c56877140590616179b7b78db4101fcdc22ca54d189a88fda80700
insertion,47,Clean repeat,92012,0,0,2.0,4.0,a277f4dac2c56877140590616179b7b78db4101fcdc22ca54d189a88fda80700
insertion,47,Clean repeat,92013,1,1,4.0,357.0,a277f4dac2c56877140590616179b7b78db4101fcdc22ca54d189a88fda80700
insertion,47,Clean repeat,92014,1,1,4.0,427.0,a277f4dac2c56877140590616179b7b78db4101fcdc22ca54d189a88fda80700
insertion,47,Clean repeat,92015,0,0,2.0,366.0,a277f4dac2c56877140590616179b7b78db4101fcdc22ca54d189a88fda80700
insertion,47,Clean repeat,92016,1,0,4.0,462.0,a277f4dac2c56877140590616179b7b78db4101fcdc22ca54d189a88fda80700
insertion,47,Clean repeat,92017,0,0,2.0,360.0,a277f4dac2c56877140590616179b7b78db4101fcdc22ca54d189a88fda80700
insertion,47,Clean repeat,92018,0,0,2.0,3.0,a277f4dac2c56877140590616179b7b78db4101fcdc22ca54d189a88fda80700
insertion,47,Clean repeat,92019,0,0,2.0,8.0,a277f4dac2c56877140590616179b7b78db4101fcdc22ca54d189a88fda80700
insertion,47,Clean repeat,92020,1,1,4.0,463.0,a277f4dac2c56877140590616179b7b78db4101fcdc22ca54d189a88fda80700
insertion,47,Clean repeat,92021,1,1,4.0,371.0,a277f4dac2c56877140590616179b7b78db4101fcdc22ca54d189a88fda80700
insertion,47,Clean repeat,92022,0,0,3.0,349.0,a277f4dac2c56877140590616179b7b78db4101fcdc22ca54d189a88fda80700
insertion,47,Clean repeat,92023,0,0,2.0,345.0,a277f4dac2c56877140590616179b7b78db4101fcdc22ca54d189a88fda80700
insertion,47,Clean repeat,92024,0,0,3.0,194.0,a277f4dac2c56877140590616179b7b78db4101fcdc22ca54d189a88fda80700
insertion,47,Clean repeat,92025,0,0,3.0,376.0,a277f4dac2c56877140590616179b7b78db4101fcdc22ca54d189a88fda80700
insertion,47,Clean repeat,92026,1,0,4.0,457.0,a277f4dac2c56877140590616179b7b78db4101fcdc22ca54d189a88fda80700
insertion,47,Clean repeat,92027,0,0,2.0,29.0,a277f4dac2c56877140590616179b7b78db4101fcdc22ca54d189a88fda80700
insertion,47,Clean repeat,92028,1,1,4.0,444.0,a277f4dac2c56877140590616179b7b78db4101fcdc22ca54d189a88fda80700
insertion,47,Clean repeat,92029,0,0,2.0,281.0,a277f4dac2c56877140590616179b7b78db4101fcdc22ca54d189a88fda80700
insertion,47,Clean repeat,92030,0,0,2.0,361.0,a277f4dac2c56877140590616179b7b78db4101fcdc22ca54d189a88fda80700
insertion,47,Clean repeat,92031,1,0,4.0,460.0,a277f4dac2c56877140590616179b7b78db4101fcdc22ca54d189a88fda80700
insertion,47,Clean repeat,92032,0,0,3.0,408.0,a277f4dac2c56877140590616179b7b78db4101fcdc22ca54d189a88fda80700
insertion,47,Clean repeat,92033,0,0,2.0,368.0,a277f4dac2c56877140590616179b7b78db4101fcdc22ca54d189a88fda80700
insertion,47,Clean repeat,92034,0,0,1.0,7.0,a277f4dac2c56877140590616179b7b78db4101fcdc22ca54d189a88fda80700
insertion,47,Clean repeat,92035,0,0,3.0,203.0,a277f4dac2c56877140590616179b7b78db4101fcdc22ca54d189a88fda80700
insertion,47,Clean repeat,92036,0,0,2.0,371.0,a277f4dac2c56877140590616179b7b78db4101fcdc22ca54d189a88fda80700
insertion,47,Clean repeat,92037,1,0,4.0,459.0,a277f4dac2c56877140590616179b7b78db4101fcdc22ca54d189a88fda80700
insertion,47,Clean repeat,92038,0,0,2.0,16.0,a277f4dac2c56877140590616179b7b78db4101fcdc22ca54d189a88fda80700
insertion,47,Clean repeat,92039,0,0,2.0,278.0,a277f4dac2c56877140590616179b7b78db4101fcdc22ca54d189a88fda80700
insertion,47,Calibrated recovery,92000,0,0,2.0,306.0,8d60909cfe4c0bef2eaeab9d8be367a78028b69037740d95623aa93179492fc5
insertion,47,Calibrated recovery,92001,1,1,4.0,452.0,8d60909cfe4c0bef2eaeab9d8be367a78028b69037740d95623aa93179492fc5
insertion,47,Calibrated recovery,92002,1,1,4.0,448.0,8d60909cfe4c0bef2eaeab9d8be367a78028b69037740d95623aa93179492fc5
insertion,47,Calibrated recovery,92003,0,0,3.0,278.0,8d60909cfe4c0bef2eaeab9d8be367a78028b69037740d95623aa93179492fc5
insertion,47,Calibrated recovery,92004,0,0,3.0,387.0,8d60909cfe4c0bef2eaeab9d8be367a78028b69037740d95623aa93179492fc5
insertion,47,Calibrated recovery,92005,0,0,2.0,12.0,8d60909cfe4c0bef2eaeab9d8be367a78028b69037740d95623aa93179492fc5
insertion,47,Calibrated recovery,92006,1,1,4.0,367.0,8d60909cfe4c0bef2eaeab9d8be367a78028b69037740d95623aa93179492fc5
insertion,47,Calibrated recovery,92007,1,1,4.0,428.0,8d60909cfe4c0bef2eaeab9d8be367a78028b69037740d95623aa93179492fc5
insertion,47,Calibrated recovery,92008,1,1,4.0,409.0,8d60909cfe4c0bef2eaeab9d8be367a78028b69037740d95623aa93179492fc5
insertion,47,Calibrated recovery,92009,0,0,3.0,428.0,8d60909cfe4c0bef2eaeab9d8be367a78028b69037740d95623aa93179492fc5
insertion,47,Calibrated recovery,92010,0,0,2.0,341.0,8d60909cfe4c0bef2eaeab9d8be367a78028b69037740d95623aa93179492fc5
insertion,47,Calibrated recovery,92011,0,0,3.0,351.0,8d60909cfe4c0bef2eaeab9d8be367a78028b69037740d95623aa93179492fc5
insertion,47,Calibrated recovery,92012,0,0,2.0,6.0,8d60909cfe4c0bef2eaeab9d8be367a78028b69037740d95623aa93179492fc5
insertion,47,Calibrated recovery,92013,1,1,4.0,422.0,8d60909cfe4c0bef2eaeab9d8be367a78028b69037740d95623aa93179492fc5
insertion,47,Calibrated recovery,92014,1,1,4.0,401.0,8d60909cfe4c0bef2eaeab9d8be367a78028b69037740d95623aa93179492fc5
insertion,47,Calibrated recovery,92015,1,1,4.0,424.0,8d60909cfe4c0bef2eaeab9d8be367a78028b69037740d95623aa93179492fc5
insertion,47,Calibrated recovery,92016,1,1,4.0,400.0,8d60909cfe4c0bef2eaeab9d8be367a78028b69037740d95623aa93179492fc5
insertion,47,Calibrated recovery,92017,1,1,4.0,417.0,8d60909cfe4c0bef2eaeab9d8be367a78028b69037740d95623aa93179492fc5
insertion,47,Calibrated recovery,92018,1,1,4.0,411.0,8d60909cfe4c0bef2eaeab9d8be367a78028b69037740d95623aa93179492fc5
insertion,47,Calibrated recovery,92019,0,0,1.0,25.0,8d60909cfe4c0bef2eaeab9d8be367a78028b69037740d95623aa93179492fc5
insertion,47,Calibrated recovery,92020,1,1,4.0,473.0,8d60909cfe4c0bef2eaeab9d8be367a78028b69037740d95623aa93179492fc5
insertion,47,Calibrated recovery,92021,0,0,3.0,411.0,8d60909cfe4c0bef2eaeab9d8be367a78028b69037740d95623aa93179492fc5
insertion,47,Calibrated recovery,92022,0,0,2.0,368.0,8d60909cfe4c0bef2eaeab9d8be367a78028b69037740d95623aa93179492fc5
insertion,47,Calibrated recovery,92023,1,1,4.0,445.0,8d60909cfe4c0bef2eaeab9d8be367a78028b69037740d95623aa93179492fc5
insertion,47,Calibrated recovery,92024,0,0,2.0,328.0,8d60909cfe4c0bef2eaeab9d8be367a78028b69037740d95623aa93179492fc5
insertion,47,Calibrated recovery,92025,0,0,3.0,238.0,8d60909cfe4c0bef2eaeab9d8be367a78028b69037740d95623aa93179492fc5
insertion,47,Calibrated recovery,92026,1,1,4.0,457.0,8d60909cfe4c0bef2eaeab9d8be367a78028b69037740d95623aa93179492fc5
insertion,47,Calibrated recovery,92027,1,1,4.0,429.0,8d60909cfe4c0bef2eaeab9d8be367a78028b69037740d95623aa93179492fc5
insertion,47,Calibrated recovery,92028,1,1,4.0,415.0,8d60909cfe4c0bef2eaeab9d8be367a78028b69037740d95623aa93179492fc5
insertion,47,Calibrated recovery,92029,1,1,4.0,424.0,8d60909cfe4c0bef2eaeab9d8be367a78028b69037740d95623aa93179492fc5
insertion,47,Calibrated recovery,92030,0,0,3.0,396.0,8d60909cfe4c0bef2eaeab9d8be367a78028b69037740d95623aa93179492fc5
insertion,47,Calibrated recovery,92031,1,1,4.0,457.0,8d60909cfe4c0bef2eaeab9d8be367a78028b69037740d95623aa93179492fc5
insertion,47,Calibrated recovery,92032,0,0,3.0,432.0,8d60909cfe4c0bef2eaeab9d8be367a78028b69037740d95623aa93179492fc5
insertion,47,Calibrated recovery,92033,1,0,4.0,366.0,8d60909cfe4c0bef2eaeab9d8be367a78028b69037740d95623aa93179492fc5
insertion,47,Calibrated recovery,92034,1,1,4.0,482.0,8d60909cfe4c0bef2eaeab9d8be367a78028b69037740d95623aa93179492fc5
insertion,47,Calibrated recovery,92035,1,1,4.0,486.0,8d60909cfe4c0bef2eaeab9d8be367a78028b69037740d95623aa93179492fc5
insertion,47,Calibrated recovery,92036,1,1,4.0,469.0,8d60909cfe4c0bef2eaeab9d8be367a78028b69037740d95623aa93179492fc5
insertion,47,Calibrated recovery,92037,1,1,4.0,458.0,8d60909cfe4c0bef2eaeab9d8be367a78028b69037740d95623aa93179492fc5
insertion,47,Calibrated recovery,92038,1,1,4.0,486.0,8d60909cfe4c0bef2eaeab9d8be367a78028b69037740d95623aa93179492fc5
insertion,47,Calibrated recovery,92039,0,0,3.0,390.0,8d60909cfe4c0bef2eaeab9d8be367a78028b69037740d95623aa93179492fc5
insertion,47,Gaussian recovery,92000,0,0,2.0,335.0,213782c703ed36901e67716ddb52e51ef83da5d530bc8d664d9ef1e356436c37
insertion,47,Gaussian recovery,92001,0,0,3.0,282.0,213782c703ed36901e67716ddb52e51ef83da5d530bc8d664d9ef1e356436c37
insertion,47,Gaussian recovery,92002,0,0,2.0,363.0,213782c703ed36901e67716ddb52e51ef83da5d530bc8d664d9ef1e356436c37
insertion,47,Gaussian recovery,92003,0,0,3.0,365.0,213782c703ed36901e67716ddb52e51ef83da5d530bc8d664d9ef1e356436c37
insertion,47,Gaussian recovery,92004,0,0,2.0,329.0,213782c703ed36901e67716ddb52e51ef83da5d530bc8d664d9ef1e356436c37
insertion,47,Gaussian recovery,92005,0,0,2.0,360.0,213782c703ed36901e67716ddb52e51ef83da5d530bc8d664d9ef1e356436c37
insertion,47,Gaussian recovery,92006,0,0,2.0,346.0,213782c703ed36901e67716ddb52e51ef83da5d530bc8d664d9ef1e356436c37
insertion,47,Gaussian recovery,92007,0,0,3.0,419.0,213782c703ed36901e67716ddb52e51ef83da5d530bc8d664d9ef1e356436c37
insertion,47,Gaussian recovery,92008,0,0,2.0,356.0,213782c703ed36901e67716ddb52e51ef83da5d530bc8d664d9ef1e356436c37
insertion,47,Gaussian recovery,92009,0,0,3.0,423.0,213782c703ed36901e67716ddb52e51ef83da5d530bc8d664d9ef1e356436c37
insertion,47,Gaussian recovery,92010,0,0,2.0,352.0,213782c703ed36901e67716ddb52e51ef83da5d530bc8d664d9ef1e356436c37
insertion,47,Gaussian recovery,92011,0,0,3.0,418.0,213782c703ed36901e67716ddb52e51ef83da5d530bc8d664d9ef1e356436c37
insertion,47,Gaussian recovery,92012,0,0,3.0,382.0,213782c703ed36901e67716ddb52e51ef83da5d530bc8d664d9ef1e356436c37
insertion,47,Gaussian recovery,92013,1,1,4.0,430.0,213782c703ed36901e67716ddb52e51ef83da5d530bc8d664d9ef1e356436c37
insertion,47,Gaussian recovery,92014,0,0,2.0,355.0,213782c703ed36901e67716ddb52e51ef83da5d530bc8d664d9ef1e356436c37
insertion,47,Gaussian recovery,92015,0,0,2.0,354.0,213782c703ed36901e67716ddb52e51ef83da5d530bc8d664d9ef1e356436c37
insertion,47,Gaussian recovery,92016,0,0,2.0,367.0,213782c703ed36901e67716ddb52e51ef83da5d530bc8d664d9ef1e356436c37
insertion,47,Gaussian recovery,92017,0,0,2.0,365.0,213782c703ed36901e67716ddb52e51ef83da5d530bc8d664d9ef1e356436c37
insertion,47,Gaussian recovery,92018,1,1,4.0,418.0,213782c703ed36901e67716ddb52e51ef83da5d530bc8d664d9ef1e356436c37
insertion,47,Gaussian recovery,92019,0,0,1.0,1.0,213782c703ed36901e67716ddb52e51ef83da5d530bc8d664d9ef1e356436c37
insertion,47,Gaussian recovery,92020,0,0,3.0,407.0,213782c703ed36901e67716ddb52e51ef83da5d530bc8d664d9ef1e356436c37
insertion,47,Gaussian recovery,92021,0,0,2.0,362.0,213782c703ed36901e67716ddb52e51ef83da5d530bc8d664d9ef1e356436c37
insertion,47,Gaussian recovery,92022,0,0,2.0,353.0,213782c703ed36901e67716ddb52e51ef83da5d530bc8d664d9ef1e356436c37
insertion,47,Gaussian recovery,92023,0,0,2.0,366.0,213782c703ed36901e67716ddb52e51ef83da5d530bc8d664d9ef1e356436c37
insertion,47,Gaussian recovery,92024,0,0,2.0,365.0,213782c703ed36901e67716ddb52e51ef83da5d530bc8d664d9ef1e356436c37
insertion,47,Gaussian recovery,92025,0,0,2.0,352.0,213782c703ed36901e67716ddb52e51ef83da5d530bc8d664d9ef1e356436c37
insertion,47,Gaussian recovery,92026,0,0,3.0,369.0,213782c703ed36901e67716ddb52e51ef83da5d530bc8d664d9ef1e356436c37
insertion,47,Gaussian recovery,92027,0,0,2.0,253.0,213782c703ed36901e67716ddb52e51ef83da5d530bc8d664d9ef1e356436c37
insertion,47,Gaussian recovery,92028,0,0,2.0,366.0,213782c703ed36901e67716ddb52e51ef83da5d530bc8d664d9ef1e356436c37
insertion,47,Gaussian recovery,92029,0,0,2.0,353.0,213782c703ed36901e67716ddb52e51ef83da5d530bc8d664d9ef1e356436c37
insertion,47,Gaussian recovery,92030,0,0,2.0,140.0,213782c703ed36901e67716ddb52e51ef83da5d530bc8d664d9ef1e356436c37
insertion,47,Gaussian recovery,92031,0,0,2.0,366.0,213782c703ed36901e67716ddb52e51ef83da5d530bc8d664d9ef1e356436c37
insertion,47,Gaussian recovery,92032,0,0,2.0,360.0,213782c703ed36901e67716ddb52e51ef83da5d530bc8d664d9ef1e356436c37
insertion,47,Gaussian recovery,92033,0,0,2.0,354.0,213782c703ed36901e67716ddb52e51ef83da5d530bc8d664d9ef1e356436c37
insertion,47,Gaussian recovery,92034,0,0,3.0,436.0,213782c703ed36901e67716ddb52e51ef83da5d530bc8d664d9ef1e356436c37
insertion,47,Gaussian recovery,92035,0,0,3.0,451.0,213782c703ed36901e67716ddb52e51ef83da5d530bc8d664d9ef1e356436c37
insertion,47,Gaussian recovery,92036,0,0,2.0,355.0,213782c703ed36901e67716ddb52e51ef83da5d530bc8d664d9ef1e356436c37
insertion,47,Gaussian recovery,92037,1,1,4.0,450.0,213782c703ed36901e67716ddb52e51ef83da5d530bc8d664d9ef1e356436c37
insertion,47,Gaussian recovery,92038,1,1,4.0,505.0,213782c703ed36901e67716ddb52e51ef83da5d530bc8d664d9ef1e356436c37
insertion,47,Gaussian recovery,92039,0,0,3.0,370.0,213782c703ed36901e67716ddb52e51ef83da5d530bc8d664d9ef1e356436c37
insertion,47,Frozen context,92000,0,0,2.0,76.0,1e35b27a5e05325f0587692df68882c4258d5511a9ce4be9a30388fd8ca13b86
insertion,47,Frozen context,92001,0,0,3.0,257.0,1e35b27a5e05325f0587692df68882c4258d5511a9ce4be9a30388fd8ca13b86
insertion,47,Frozen context,92002,0,0,3.0,343.0,1e35b27a5e05325f0587692df68882c4258d5511a9ce4be9a30388fd8ca13b86
insertion,47,Frozen context,92003,0,0,3.0,150.0,1e35b27a5e05325f0587692df68882c4258d5511a9ce4be9a30388fd8ca13b86
insertion,47,Frozen context,92004,0,0,3.0,377.0,1e35b27a5e05325f0587692df68882c4258d5511a9ce4be9a30388fd8ca13b86
insertion,47,Frozen context,92005,1,0,4.0,454.0,1e35b27a5e05325f0587692df68882c4258d5511a9ce4be9a30388fd8ca13b86
insertion,47,Frozen context,92006,1,0,4.0,443.0,1e35b27a5e05325f0587692df68882c4258d5511a9ce4be9a30388fd8ca13b86
insertion,47,Frozen context,92007,1,0,4.0,435.0,1e35b27a5e05325f0587692df68882c4258d5511a9ce4be9a30388fd8ca13b86
insertion,47,Frozen context,92008,0,0,2.0,79.0,1e35b27a5e05325f0587692df68882c4258d5511a9ce4be9a30388fd8ca13b86
insertion,47,Frozen context,92009,1,0,4.0,455.0,1e35b27a5e05325f0587692df68882c4258d5511a9ce4be9a30388fd8ca13b86
insertion,47,Frozen context,92010,0,0,3.0,371.0,1e35b27a5e05325f0587692df68882c4258d5511a9ce4be9a30388fd8ca13b86
insertion,47,Frozen context,92011,1,0,4.0,440.0,1e35b27a5e05325f0587692df68882c4258d5511a9ce4be9a30388fd8ca13b86
insertion,47,Frozen context,92012,0,0,0.0,0.0,1e35b27a5e05325f0587692df68882c4258d5511a9ce4be9a30388fd8ca13b86
insertion,47,Frozen context,92013,0,0,2.0,339.0,1e35b27a5e05325f0587692df68882c4258d5511a9ce4be9a30388fd8ca13b86
insertion,47,Frozen context,92014,1,0,4.0,408.0,1e35b27a5e05325f0587692df68882c4258d5511a9ce4be9a30388fd8ca13b86
insertion,47,Frozen context,92015,0,0,2.0,359.0,1e35b27a5e05325f0587692df68882c4258d5511a9ce4be9a30388fd8ca13b86
insertion,47,Frozen context,92016,1,1,4.0,447.0,1e35b27a5e05325f0587692df68882c4258d5511a9ce4be9a30388fd8ca13b86
insertion,47,Frozen context,92017,1,1,4.0,395.0,1e35b27a5e05325f0587692df68882c4258d5511a9ce4be9a30388fd8ca13b86
insertion,47,Frozen context,92018,1,1,4.0,441.0,1e35b27a5e05325f0587692df68882c4258d5511a9ce4be9a30388fd8ca13b86
insertion,47,Frozen context,92019,0,0,1.0,2.0,1e35b27a5e05325f0587692df68882c4258d5511a9ce4be9a30388fd8ca13b86
insertion,47,Frozen context,92020,0,0,1.0,5.0,1e35b27a5e05325f0587692df68882c4258d5511a9ce4be9a30388fd8ca13b86
insertion,47,Frozen context,92021,0,0,2.0,342.0,1e35b27a5e05325f0587692df68882c4258d5511a9ce4be9a30388fd8ca13b86
insertion,47,Frozen context,92022,0,0,2.0,362.0,1e35b27a5e05325f0587692df68882c4258d5511a9ce4be9a30388fd8ca13b86
insertion,47,Frozen context,92023,1,0,4.0,458.0,1e35b27a5e05325f0587692df68882c4258d5511a9ce4be9a30388fd8ca13b86
insertion,47,Frozen context,92024,0,0,3.0,260.0,1e35b27a5e05325f0587692df68882c4258d5511a9ce4be9a30388fd8ca13b86
insertion,47,Frozen context,92025,0,0,2.0,307.0,1e35b27a5e05325f0587692df68882c4258d5511a9ce4be9a30388fd8ca13b86
insertion,47,Frozen context,92026,1,1,4.0,460.0,1e35b27a5e05325f0587692df68882c4258d5511a9ce4be9a30388fd8ca13b86
insertion,47,Frozen context,92027,0,0,3.0,349.0,1e35b27a5e05325f0587692df68882c4258d5511a9ce4be9a30388fd8ca13b86
insertion,47,Frozen context,92028,1,0,4.0,448.0,1e35b27a5e05325f0587692df68882c4258d5511a9ce4be9a30388fd8ca13b86
insertion,47,Frozen context,92029,0,0,2.0,13.0,1e35b27a5e05325f0587692df68882c4258d5511a9ce4be9a30388fd8ca13b86
insertion,47,Frozen context,92030,0,0,2.0,360.0,1e35b27a5e05325f0587692df68882c4258d5511a9ce4be9a30388fd8ca13b86
insertion,47,Frozen context,92031,1,0,4.0,440.0,1e35b27a5e05325f0587692df68882c4258d5511a9ce4be9a30388fd8ca13b86
insertion,47,Frozen context,92032,0,0,3.0,417.0,1e35b27a5e05325f0587692df68882c4258d5511a9ce4be9a30388fd8ca13b86
insertion,47,Frozen context,92033,1,1,4.0,424.0,1e35b27a5e05325f0587692df68882c4258d5511a9ce4be9a30388fd8ca13b86
insertion,47,Frozen context,92034,1,0,4.0,350.0,1e35b27a5e05325f0587692df68882c4258d5511a9ce4be9a30388fd8ca13b86
insertion,47,Frozen context,92035,1,0,4.0,434.0,1e35b27a5e05325f0587692df68882c4258d5511a9ce4be9a30388fd8ca13b86
insertion,47,Frozen context,92036,0,0,3.0,362.0,1e35b27a5e05325f0587692df68882c4258d5511a9ce4be9a30388fd8ca13b86
insertion,47,Frozen context,92037,1,0,4.0,455.0,1e35b27a5e05325f0587692df68882c4258d5511a9ce4be9a30388fd8ca13b86
insertion,47,Frozen context,92038,1,0,4.0,360.0,1e35b27a5e05325f0587692df68882c4258d5511a9ce4be9a30388fd8ca13b86
insertion,47,Frozen context,92039,0,0,2.0,16.0,1e35b27a5e05325f0587692df68882c4258d5511a9ce4be9a30388fd8ca13b86
insertion,47,Old SCANA,92000,0,0,0.0,0.0,a58ea25efc34f2022d5b3773c3fd6559a239ac8e5686565835f66839010c1608
insertion,47,Old SCANA,92001,0,0,0.0,0.0,a58ea25efc34f2022d5b3773c3fd6559a239ac8e5686565835f66839010c1608
insertion,47,Old SCANA,92002,0,0,0.0,0.0,a58ea25efc34f2022d5b3773c3fd6559a239ac8e5686565835f66839010c1608
insertion,47,Old SCANA,92003,0,0,0.0,0.0,a58ea25efc34f2022d5b3773c3fd6559a239ac8e5686565835f66839010c1608
insertion,47,Old SCANA,92004,0,0,0.0,0.0,a58ea25efc34f2022d5b3773c3fd6559a239ac8e5686565835f66839010c1608
insertion,47,Old SCANA,92005,0,0,0.0,0.0,a58ea25efc34f2022d5b3773c3fd6559a239ac8e5686565835f66839010c1608
insertion,47,Old SCANA,92006,0,0,0.0,0.0,a58ea25efc34f2022d5b3773c3fd6559a239ac8e5686565835f66839010c1608
insertion,47,Old SCANA,92007,0,0,0.0,0.0,a58ea25efc34f2022d5b3773c3fd6559a239ac8e5686565835f66839010c1608
insertion,47,Old SCANA,92008,0,0,0.0,0.0,a58ea25efc34f2022d5b3773c3fd6559a239ac8e5686565835f66839010c1608
insertion,47,Old SCANA,92009,0,0,0.0,0.0,a58ea25efc34f2022d5b3773c3fd6559a239ac8e5686565835f66839010c1608
insertion,47,Old SCANA,92010,0,0,0.0,0.0,a58ea25efc34f2022d5b3773c3fd6559a239ac8e5686565835f66839010c1608
insertion,47,Old SCANA,92011,0,0,0.0,0.0,a58ea25efc34f2022d5b3773c3fd6559a239ac8e5686565835f66839010c1608
insertion,47,Old SCANA,92012,0,0,0.0,0.0,a58ea25efc34f2022d5b3773c3fd6559a239ac8e5686565835f66839010c1608
insertion,47,Old SCANA,92013,0,0,0.0,0.0,a58ea25efc34f2022d5b3773c3fd6559a239ac8e5686565835f66839010c1608
insertion,47,Old SCANA,92014,0,0,0.0,0.0,a58ea25efc34f2022d5b3773c3fd6559a239ac8e5686565835f66839010c1608
insertion,47,Old SCANA,92015,0,0,0.0,0.0,a58ea25efc34f2022d5b3773c3fd6559a239ac8e5686565835f66839010c1608
insertion,47,Old SCANA,92016,0,0,0.0,0.0,a58ea25efc34f2022d5b3773c3fd6559a239ac8e5686565835f66839010c1608
insertion,47,Old SCANA,92017,0,0,0.0,0.0,a58ea25efc34f2022d5b3773c3fd6559a239ac8e5686565835f66839010c1608
insertion,47,Old SCANA,92018,0,0,0.0,0.0,a58ea25efc34f2022d5b3773c3fd6559a239ac8e5686565835f66839010c1608
insertion,47,Old SCANA,92019,0,0,0.0,0.0,a58ea25efc34f2022d5b3773c3fd6559a239ac8e5686565835f66839010c1608
insertion,47,Old SCANA,92020,0,0,0.0,0.0,a58ea25efc34f2022d5b3773c3fd6559a239ac8e5686565835f66839010c1608
insertion,47,Old SCANA,92021,0,0,0.0,0.0,a58ea25efc34f2022d5b3773c3fd6559a239ac8e5686565835f66839010c1608
insertion,47,Old SCANA,92022,0,0,0.0,0.0,a58ea25efc34f2022d5b3773c3fd6559a239ac8e5686565835f66839010c1608
insertion,47,Old SCANA,92023,0,0,0.0,0.0,a58ea25efc34f2022d5b3773c3fd6559a239ac8e5686565835f66839010c1608
insertion,47,Old SCANA,92024,0,0,0.0,0.0,a58ea25efc34f2022d5b3773c3fd6559a239ac8e5686565835f66839010c1608
insertion,47,Old SCANA,92025,0,0,0.0,0.0,a58ea25efc34f2022d5b3773c3fd6559a239ac8e5686565835f66839010c1608
insertion,47,Old SCANA,92026,0,0,0.0,0.0,a58ea25efc34f2022d5b3773c3fd6559a239ac8e5686565835f66839010c1608
insertion,47,Old SCANA,92027,0,0,0.0,0.0,a58ea25efc34f2022d5b3773c3fd6559a239ac8e5686565835f66839010c1608
insertion,47,Old SCANA,92028,0,0,0.0,0.0,a58ea25efc34f2022d5b3773c3fd6559a239ac8e5686565835f66839010c1608
insertion,47,Old SCANA,92029,0,0,0.0,0.0,a58ea25efc34f2022d5b3773c3fd6559a239ac8e5686565835f66839010c1608
insertion,47,Old SCANA,92030,0,0,0.0,0.0,a58ea25efc34f2022d5b3773c3fd6559a239ac8e5686565835f66839010c1608
insertion,47,Old SCANA,92031,0,0,0.0,0.0,a58ea25efc34f2022d5b3773c3fd6559a239ac8e5686565835f66839010c1608
insertion,47,Old SCANA,92032,0,0,0.0,0.0,a58ea25efc34f2022d5b3773c3fd6559a239ac8e5686565835f66839010c1608
insertion,47,Old SCANA,92033,0,0,0.0,0.0,a58ea25efc34f2022d5b3773c3fd6559a239ac8e5686565835f66839010c1608
insertion,47,Old SCANA,92034,0,0,0.0,0.0,a58ea25efc34f2022d5b3773c3fd6559a239ac8e5686565835f66839010c1608
insertion,47,Old SCANA,92035,0,0,0.0,0.0,a58ea25efc34f2022d5b3773c3fd6559a239ac8e5686565835f66839010c1608
insertion,47,Old SCANA,92036,0,0,0.0,0.0,a58ea25efc34f2022d5b3773c3fd6559a239ac8e5686565835f66839010c1608
insertion,47,Old SCANA,92037,0,0,0.0,0.0,a58ea25efc34f2022d5b3773c3fd6559a239ac8e5686565835f66839010c1608
insertion,47,Old SCANA,92038,0,0,0.0,0.0,a58ea25efc34f2022d5b3773c3fd6559a239ac8e5686565835f66839010c1608
insertion,47,Old SCANA,92039,0,0,0.0,0.0,a58ea25efc34f2022d5b3773c3fd6559a239ac8e5686565835f66839010c1608
insertion,47,Old kNN,92000,0,0,0.0,0.0,c1be448278b28ac7a7576bee5ca3cc1b613c6013999559c485fc794f5379d285
insertion,47,Old kNN,92001,0,0,0.0,0.0,c1be448278b28ac7a7576bee5ca3cc1b613c6013999559c485fc794f5379d285
insertion,47,Old kNN,92002,0,0,0.0,0.0,c1be448278b28ac7a7576bee5ca3cc1b613c6013999559c485fc794f5379d285
insertion,47,Old kNN,92003,0,0,0.0,0.0,c1be448278b28ac7a7576bee5ca3cc1b613c6013999559c485fc794f5379d285
insertion,47,Old kNN,92004,0,0,0.0,0.0,c1be448278b28ac7a7576bee5ca3cc1b613c6013999559c485fc794f5379d285
insertion,47,Old kNN,92005,0,0,0.0,0.0,c1be448278b28ac7a7576bee5ca3cc1b613c6013999559c485fc794f5379d285
insertion,47,Old kNN,92006,0,0,0.0,0.0,c1be448278b28ac7a7576bee5ca3cc1b613c6013999559c485fc794f5379d285
insertion,47,Old kNN,92007,0,0,0.0,0.0,c1be448278b28ac7a7576bee5ca3cc1b613c6013999559c485fc794f5379d285
insertion,47,Old kNN,92008,0,0,0.0,0.0,c1be448278b28ac7a7576bee5ca3cc1b613c6013999559c485fc794f5379d285
insertion,47,Old kNN,92009,0,0,0.0,0.0,c1be448278b28ac7a7576bee5ca3cc1b613c6013999559c485fc794f5379d285
insertion,47,Old kNN,92010,0,0,0.0,0.0,c1be448278b28ac7a7576bee5ca3cc1b613c6013999559c485fc794f5379d285
insertion,47,Old kNN,92011,0,0,0.0,0.0,c1be448278b28ac7a7576bee5ca3cc1b613c6013999559c485fc794f5379d285
insertion,47,Old kNN,92012,0,0,0.0,0.0,c1be448278b28ac7a7576bee5ca3cc1b613c6013999559c485fc794f5379d285
insertion,47,Old kNN,92013,0,0,0.0,0.0,c1be448278b28ac7a7576bee5ca3cc1b613c6013999559c485fc794f5379d285
insertion,47,Old kNN,92014,0,0,0.0,0.0,c1be448278b28ac7a7576bee5ca3cc1b613c6013999559c485fc794f5379d285
insertion,47,Old kNN,92015,0,0,0.0,0.0,c1be448278b28ac7a7576bee5ca3cc1b613c6013999559c485fc794f5379d285
insertion,47,Old kNN,92016,0,0,0.0,0.0,c1be448278b28ac7a7576bee5ca3cc1b613c6013999559c485fc794f5379d285
insertion,47,Old kNN,92017,0,0,0.0,0.0,c1be448278b28ac7a7576bee5ca3cc1b613c6013999559c485fc794f5379d285
insertion,47,Old kNN,92018,0,0,0.0,0.0,c1be448278b28ac7a7576bee5ca3cc1b613c6013999559c485fc794f5379d285
insertion,47,Old kNN,92019,0,0,0.0,0.0,c1be448278b28ac7a7576bee5ca3cc1b613c6013999559c485fc794f5379d285
insertion,47,Old kNN,92020,0,0,0.0,0.0,c1be448278b28ac7a7576bee5ca3cc1b613c6013999559c485fc794f5379d285
insertion,47,Old kNN,92021,0,0,0.0,0.0,c1be448278b28ac7a7576bee5ca3cc1b613c6013999559c485fc794f5379d285
insertion,47,Old kNN,92022,0,0,0.0,0.0,c1be448278b28ac7a7576bee5ca3cc1b613c6013999559c485fc794f5379d285
insertion,47,Old kNN,92023,0,0,0.0,0.0,c1be448278b28ac7a7576bee5ca3cc1b613c6013999559c485fc794f5379d285
insertion,47,Old kNN,92024,0,0,0.0,0.0,c1be448278b28ac7a7576bee5ca3cc1b613c6013999559c485fc794f5379d285
insertion,47,Old kNN,92025,0,0,0.0,0.0,c1be448278b28ac7a7576bee5ca3cc1b613c6013999559c485fc794f5379d285
insertion,47,Old kNN,92026,0,0,0.0,0.0,c1be448278b28ac7a7576bee5ca3cc1b613c6013999559c485fc794f5379d285
insertion,47,Old kNN,92027,0,0,0.0,0.0,c1be448278b28ac7a7576bee5ca3cc1b613c6013999559c485fc794f5379d285
insertion,47,Old kNN,92028,0,0,0.0,0.0,c1be448278b28ac7a7576bee5ca3cc1b613c6013999559c485fc794f5379d285
insertion,47,Old kNN,92029,0,0,0.0,0.0,c1be448278b28ac7a7576bee5ca3cc1b613c6013999559c485fc794f5379d285
insertion,47,Old kNN,92030,0,0,0.0,0.0,c1be448278b28ac7a7576bee5ca3cc1b613c6013999559c485fc794f5379d285
insertion,47,Old kNN,92031,0,0,0.0,0.0,c1be448278b28ac7a7576bee5ca3cc1b613c6013999559c485fc794f5379d285
insertion,47,Old kNN,92032,0,0,0.0,0.0,c1be448278b28ac7a7576bee5ca3cc1b613c6013999559c485fc794f5379d285
insertion,47,Old kNN,92033,0,0,0.0,0.0,c1be448278b28ac7a7576bee5ca3cc1b613c6013999559c485fc794f5379d285
insertion,47,Old kNN,92034,0,0,0.0,0.0,c1be448278b28ac7a7576bee5ca3cc1b613c6013999559c485fc794f5379d285
insertion,47,Old kNN,92035,0,0,0.0,0.0,c1be448278b28ac7a7576bee5ca3cc1b613c6013999559c485fc794f5379d285
insertion,47,Old kNN,92036,0,0,0.0,0.0,c1be448278b28ac7a7576bee5ca3cc1b613c6013999559c485fc794f5379d285
insertion,47,Old kNN,92037,0,0,0.0,0.0,c1be448278b28ac7a7576bee5ca3cc1b613c6013999559c485fc794f5379d285
insertion,47,Old kNN,92038,0,0,0.0,0.0,c1be448278b28ac7a7576bee5ca3cc1b613c6013999559c485fc794f5379d285
insertion,47,Old kNN,92039,0,0,0.0,0.0,c1be448278b28ac7a7576bee5ca3cc1b613c6013999559c485fc794f5379d285
insertion,47,Old deterministic,92000,0,0,0.0,0.0,f6d6ed1db10b728831c58291119316e764b6a218b476d4bb6f4ca6acc9ec303e
insertion,47,Old deterministic,92001,0,0,0.0,0.0,f6d6ed1db10b728831c58291119316e764b6a218b476d4bb6f4ca6acc9ec303e
insertion,47,Old deterministic,92002,0,0,0.0,0.0,f6d6ed1db10b728831c58291119316e764b6a218b476d4bb6f4ca6acc9ec303e
insertion,47,Old deterministic,92003,0,0,0.0,0.0,f6d6ed1db10b728831c58291119316e764b6a218b476d4bb6f4ca6acc9ec303e
insertion,47,Old deterministic,92004,0,0,0.0,0.0,f6d6ed1db10b728831c58291119316e764b6a218b476d4bb6f4ca6acc9ec303e
insertion,47,Old deterministic,92005,0,0,0.0,0.0,f6d6ed1db10b728831c58291119316e764b6a218b476d4bb6f4ca6acc9ec303e
insertion,47,Old deterministic,92006,0,0,0.0,0.0,f6d6ed1db10b728831c58291119316e764b6a218b476d4bb6f4ca6acc9ec303e
insertion,47,Old deterministic,92007,0,0,0.0,0.0,f6d6ed1db10b728831c58291119316e764b6a218b476d4bb6f4ca6acc9ec303e
insertion,47,Old deterministic,92008,0,0,0.0,0.0,f6d6ed1db10b728831c58291119316e764b6a218b476d4bb6f4ca6acc9ec303e
insertion,47,Old deterministic,92009,0,0,0.0,0.0,f6d6ed1db10b728831c58291119316e764b6a218b476d4bb6f4ca6acc9ec303e
insertion,47,Old deterministic,92010,0,0,0.0,0.0,f6d6ed1db10b728831c58291119316e764b6a218b476d4bb6f4ca6acc9ec303e
insertion,47,Old deterministic,92011,0,0,0.0,0.0,f6d6ed1db10b728831c58291119316e764b6a218b476d4bb6f4ca6acc9ec303e
insertion,47,Old deterministic,92012,0,0,0.0,0.0,f6d6ed1db10b728831c58291119316e764b6a218b476d4bb6f4ca6acc9ec303e
insertion,47,Old deterministic,92013,0,0,0.0,0.0,f6d6ed1db10b728831c58291119316e764b6a218b476d4bb6f4ca6acc9ec303e
insertion,47,Old deterministic,92014,0,0,0.0,0.0,f6d6ed1db10b728831c58291119316e764b6a218b476d4bb6f4ca6acc9ec303e
insertion,47,Old deterministic,92015,0,0,0.0,0.0,f6d6ed1db10b728831c58291119316e764b6a218b476d4bb6f4ca6acc9ec303e
insertion,47,Old deterministic,92016,0,0,0.0,0.0,f6d6ed1db10b728831c58291119316e764b6a218b476d4bb6f4ca6acc9ec303e
insertion,47,Old deterministic,92017,0,0,0.0,0.0,f6d6ed1db10b728831c58291119316e764b6a218b476d4bb6f4ca6acc9ec303e
insertion,47,Old deterministic,92018,0,0,0.0,0.0,f6d6ed1db10b728831c58291119316e764b6a218b476d4bb6f4ca6acc9ec303e
insertion,47,Old deterministic,92019,0,0,0.0,0.0,f6d6ed1db10b728831c58291119316e764b6a218b476d4bb6f4ca6acc9ec303e
insertion,47,Old deterministic,92020,0,0,0.0,0.0,f6d6ed1db10b728831c58291119316e764b6a218b476d4bb6f4ca6acc9ec303e
insertion,47,Old deterministic,92021,0,0,0.0,0.0,f6d6ed1db10b728831c58291119316e764b6a218b476d4bb6f4ca6acc9ec303e
insertion,47,Old deterministic,92022,0,0,0.0,0.0,f6d6ed1db10b728831c58291119316e764b6a218b476d4bb6f4ca6acc9ec303e
insertion,47,Old deterministic,92023,0,0,0.0,0.0,f6d6ed1db10b728831c58291119316e764b6a218b476d4bb6f4ca6acc9ec303e
insertion,47,Old deterministic,92024,0,0,0.0,0.0,f6d6ed1db10b728831c58291119316e764b6a218b476d4bb6f4ca6acc9ec303e
insertion,47,Old deterministic,92025,0,0,0.0,0.0,f6d6ed1db10b728831c58291119316e764b6a218b476d4bb6f4ca6acc9ec303e
insertion,47,Old deterministic,92026,0,0,0.0,0.0,f6d6ed1db10b728831c58291119316e764b6a218b476d4bb6f4ca6acc9ec303e
insertion,47,Old deterministic,92027,0,0,0.0,0.0,f6d6ed1db10b728831c58291119316e764b6a218b476d4bb6f4ca6acc9ec303e
insertion,47,Old deterministic,92028,0,0,0.0,0.0,f6d6ed1db10b728831c58291119316e764b6a218b476d4bb6f4ca6acc9ec303e
insertion,47,Old deterministic,92029,0,0,0.0,0.0,f6d6ed1db10b728831c58291119316e764b6a218b476d4bb6f4ca6acc9ec303e
insertion,47,Old deterministic,92030,0,0,0.0,0.0,f6d6ed1db10b728831c58291119316e764b6a218b476d4bb6f4ca6acc9ec303e
insertion,47,Old deterministic,92031,0,0,0.0,0.0,f6d6ed1db10b728831c58291119316e764b6a218b476d4bb6f4ca6acc9ec303e
insertion,47,Old deterministic,92032,0,0,0.0,0.0,f6d6ed1db10b728831c58291119316e764b6a218b476d4bb6f4ca6acc9ec303e
insertion,47,Old deterministic,92033,0,0,0.0,0.0,f6d6ed1db10b728831c58291119316e764b6a218b476d4bb6f4ca6acc9ec303e
insertion,47,Old deterministic,92034,0,0,0.0,0.0,f6d6ed1db10b728831c58291119316e764b6a218b476d4bb6f4ca6acc9ec303e
insertion,47,Old deterministic,92035,0,0,0.0,0.0,f6d6ed1db10b728831c58291119316e764b6a218b476d4bb6f4ca6acc9ec303e
insertion,47,Old deterministic,92036,0,0,0.0,0.0,f6d6ed1db10b728831c58291119316e764b6a218b476d4bb6f4ca6acc9ec303e
insertion,47,Old deterministic,92037,0,0,0.0,0.0,f6d6ed1db10b728831c58291119316e764b6a218b476d4bb6f4ca6acc9ec303e
insertion,47,Old deterministic,92038,0,0,0.0,0.0,f6d6ed1db10b728831c58291119316e764b6a218b476d4bb6f4ca6acc9ec303e
insertion,47,Old deterministic,92039,0,0,0.0,0.0,f6d6ed1db10b728831c58291119316e764b6a218b476d4bb6f4ca6acc9ec303e
insertion,47,Clip only,92000,0,0,3.0,290.0,aa8268a87e6b8d38dda621408bfcbbab99989c91a19644ee95e833e387618f49
insertion,47,Clip only,92001,0,0,3.0,218.0,aa8268a87e6b8d38dda621408bfcbbab99989c91a19644ee95e833e387618f49
insertion,47,Clip only,92002,0,0,2.0,272.0,aa8268a87e6b8d38dda621408bfcbbab99989c91a19644ee95e833e387618f49
insertion,47,Clip only,92003,0,0,2.0,62.0,aa8268a87e6b8d38dda621408bfcbbab99989c91a19644ee95e833e387618f49
insertion,47,Clip only,92004,0,0,2.0,271.0,aa8268a87e6b8d38dda621408bfcbbab99989c91a19644ee95e833e387618f49
insertion,47,Clip only,92005,0,0,2.0,12.0,aa8268a87e6b8d38dda621408bfcbbab99989c91a19644ee95e833e387618f49
insertion,47,Clip only,92006,0,0,2.0,215.0,aa8268a87e6b8d38dda621408bfcbbab99989c91a19644ee95e833e387618f49
insertion,47,Clip only,92007,0,0,0.0,0.0,aa8268a87e6b8d38dda621408bfcbbab99989c91a19644ee95e833e387618f49
insertion,47,Clip only,92008,0,0,3.0,397.0,aa8268a87e6b8d38dda621408bfcbbab99989c91a19644ee95e833e387618f49
insertion,47,Clip only,92009,0,0,0.0,0.0,aa8268a87e6b8d38dda621408bfcbbab99989c91a19644ee95e833e387618f49
insertion,47,Clip only,92010,1,0,4.0,354.0,aa8268a87e6b8d38dda621408bfcbbab99989c91a19644ee95e833e387618f49
insertion,47,Clip only,92011,0,0,3.0,373.0,aa8268a87e6b8d38dda621408bfcbbab99989c91a19644ee95e833e387618f49
insertion,47,Clip only,92012,0,0,0.0,0.0,aa8268a87e6b8d38dda621408bfcbbab99989c91a19644ee95e833e387618f49
insertion,47,Clip only,92013,0,0,0.0,0.0,aa8268a87e6b8d38dda621408bfcbbab99989c91a19644ee95e833e387618f49
insertion,47,Clip only,92014,0,0,2.0,109.0,aa8268a87e6b8d38dda621408bfcbbab99989c91a19644ee95e833e387618f49
insertion,47,Clip only,92015,0,0,0.0,0.0,aa8268a87e6b8d38dda621408bfcbbab99989c91a19644ee95e833e387618f49
insertion,47,Clip only,92016,0,0,2.0,345.0,aa8268a87e6b8d38dda621408bfcbbab99989c91a19644ee95e833e387618f49
insertion,47,Clip only,92017,0,0,2.0,340.0,aa8268a87e6b8d38dda621408bfcbbab99989c91a19644ee95e833e387618f49
insertion,47,Clip only,92018,0,0,0.0,0.0,aa8268a87e6b8d38dda621408bfcbbab99989c91a19644ee95e833e387618f49
insertion,47,Clip only,92019,0,0,2.0,68.0,aa8268a87e6b8d38dda621408bfcbbab99989c91a19644ee95e833e387618f49
insertion,47,Clip only,92020,0,0,2.0,19.0,aa8268a87e6b8d38dda621408bfcbbab99989c91a19644ee95e833e387618f49
insertion,47,Clip only,92021,0,0,2.0,329.0,aa8268a87e6b8d38dda621408bfcbbab99989c91a19644ee95e833e387618f49
insertion,47,Clip only,92022,1,1,4.0,440.0,aa8268a87e6b8d38dda621408bfcbbab99989c91a19644ee95e833e387618f49
insertion,47,Clip only,92023,0,0,2.0,283.0,aa8268a87e6b8d38dda621408bfcbbab99989c91a19644ee95e833e387618f49
insertion,47,Clip only,92024,0,0,2.0,299.0,aa8268a87e6b8d38dda621408bfcbbab99989c91a19644ee95e833e387618f49
insertion,47,Clip only,92025,0,0,0.0,0.0,aa8268a87e6b8d38dda621408bfcbbab99989c91a19644ee95e833e387618f49
insertion,47,Clip only,92026,0,0,2.0,13.0,aa8268a87e6b8d38dda621408bfcbbab99989c91a19644ee95e833e387618f49
insertion,47,Clip only,92027,0,0,3.0,361.0,aa8268a87e6b8d38dda621408bfcbbab99989c91a19644ee95e833e387618f49
insertion,47,Clip only,92028,0,0,2.0,340.0,aa8268a87e6b8d38dda621408bfcbbab99989c91a19644ee95e833e387618f49
insertion,47,Clip only,92029,0,0,2.0,290.0,aa8268a87e6b8d38dda621408bfcbbab99989c91a19644ee95e833e387618f49
insertion,47,Clip only,92030,0,0,2.0,33.0,aa8268a87e6b8d38dda621408bfcbbab99989c91a19644ee95e833e387618f49
insertion,47,Clip only,92031,1,1,4.0,425.0,aa8268a87e6b8d38dda621408bfcbbab99989c91a19644ee95e833e387618f49
insertion,47,Clip only,92032,0,0,3.0,403.0,aa8268a87e6b8d38dda621408bfcbbab99989c91a19644ee95e833e387618f49
insertion,47,Clip only,92033,0,0,2.0,354.0,aa8268a87e6b8d38dda621408bfcbbab99989c91a19644ee95e833e387618f49
insertion,47,Clip only,92034,0,0,2.0,12.0,aa8268a87e6b8d38dda621408bfcbbab99989c91a19644ee95e833e387618f49
insertion,47,Clip only,92035,0,0,3.0,423.0,aa8268a87e6b8d38dda621408bfcbbab99989c91a19644ee95e833e387618f49
insertion,47,Clip only,92036,0,0,2.0,266.0,aa8268a87e6b8d38dda621408bfcbbab99989c91a19644ee95e833e387618f49
insertion,47,Clip only,92037,0,0,0.0,0.0,aa8268a87e6b8d38dda621408bfcbbab99989c91a19644ee95e833e387618f49
insertion,47,Clip only,92038,0,0,2.0,262.0,aa8268a87e6b8d38dda621408bfcbbab99989c91a19644ee95e833e387618f49
insertion,47,Clip only,92039,0,0,3.0,159.0,aa8268a87e6b8d38dda621408bfcbbab99989c91a19644ee95e833e387618f49
